station_id,num_bikes,num_ebikes,num_classics,num_docks,status,last_reported,timestamp
41495491-5d89-4e14-aab9-c3db04aad399,0,0,0,0,0,86400,2026-01-26 00:27:08
1905837242740508940,0,0,0,0,0,86400,2026-01-26 00:27:08
b9720921-8170-43ea-a5ae-b61b9161eb49,0,0,0,0,0,86400,2026-01-26 00:27:08
2171903488884523500,0,0,0,0,0,86400,2026-01-26 00:27:08
2171903608969565866,0,0,0,0,0,86400,2026-01-26 00:27:08
2171904223419888148,0,0,0,0,0,86400,2026-01-26 00:27:08
2177014969129222184,0,0,0,0,0,86400,2026-01-26 00:27:08
2177016530523622712,0,0,0,0,0,86400,2026-01-26 00:27:08
2177016940364559212,0,0,0,0,0,86400,2026-01-26 00:27:08
2124036994734951288,5,0,5,2,0,1769404981,2026-01-26 00:27:08
6fd61eee-d0ef-4580-9704-bd06b82bcb61,5,4,1,26,0,1769405042,2026-01-26 00:27:08
66dc840f-0aca-11e7-82f6-3863bb44ef7c,20,12,8,37,0,1769405043,2026-01-26 00:27:08
66db9c2e-0aca-11e7-82f6-3863bb44ef7c,13,4,9,28,0,1769405039,2026-01-26 00:27:08
324e93c8-4f3d-4a5f-becd-00e6f49fe4dd,13,0,13,6,0,1769405040,2026-01-26 00:27:08
1898751402035634700,9,1,8,8,0,1769405040,2026-01-26 00:27:08
180b83a0-329c-4069-87be-df862cb1baed,18,14,4,0,0,1769405040,2026-01-26 00:27:08
f3140fb8-347b-4dca-96df-eeef2d1bfc50,6,1,5,9,0,1769405041,2026-01-26 00:27:08
66dc6a86-0aca-11e7-82f6-3863bb44ef7c,7,6,1,68,0,1769405041,2026-01-26 00:27:08
1882824287789509296,16,12,4,29,0,1769405041,2026-01-26 00:27:08
66dbcd6c-0aca-11e7-82f6-3863bb44ef7c,6,5,1,26,0,1769405042,2026-01-26 00:27:08
1786698321265653818,10,7,3,27,0,1769405039,2026-01-26 00:27:08
cb9840a3-4ae2-420d-865c-9ac45e2f5485,11,7,4,4,0,1769405038,2026-01-26 00:27:08
b4a320d6-2611-4940-96ca-17fb297ec826,11,0,11,6,0,1769405038,2026-01-26 00:27:08
66db76a1-0aca-11e7-82f6-3863bb44ef7c,13,1,12,80,0,1769405038,2026-01-26 00:27:08
1862002854876824190,6,0,6,14,0,1769405041,2026-01-26 00:27:08
66de1516-0aca-11e7-82f6-3863bb44ef7c,11,2,9,21,0,1769405043,2026-01-26 00:27:08
579e583e-60ab-4f2a-83d0-fabebddfcd0f,14,14,0,1,0,1769405043,2026-01-26 00:27:08
66dc686c-0aca-11e7-82f6-3863bb44ef7c,65,49,16,28,0,1769405043,2026-01-26 00:27:08
549b5bc4-b949-4eeb-8ffb-2215e1e49892,39,12,27,13,0,1769405037,2026-01-26 00:27:08
66dc80b4-0aca-11e7-82f6-3863bb44ef7c,8,4,4,51,0,1769405047,2026-01-26 00:27:08
66de0a78-0aca-11e7-82f6-3863bb44ef7c,16,0,16,3,0,1769405048,2026-01-26 00:27:08
59af018a-2ee9-489a-b445-bb6fba9c1119,3,0,3,10,0,1769405048,2026-01-26 00:27:08
66dbe68e-0aca-11e7-82f6-3863bb44ef7c,48,39,9,6,0,1769405049,2026-01-26 00:27:08
1814907423052790164,17,0,17,3,0,1769405047,2026-01-26 00:27:08
66dc2995-0aca-11e7-82f6-3863bb44ef7c,11,9,2,39,0,1769405047,2026-01-26 00:27:08
4e9a1c3a-20e2-4fd5-b8de-fbf8d43e7bcc,7,0,7,12,0,1769405045,2026-01-26 00:27:08
66dc0f8a-0aca-11e7-82f6-3863bb44ef7c,37,11,26,14,0,1769405045,2026-01-26 00:27:08
59b747c1-fbfb-4a3d-9394-8d06834d7c98,20,10,10,0,0,1769405046,2026-01-26 00:27:08
1851674198082642572,19,2,17,1,0,1769405044,2026-01-26 00:27:08
754ac5df-f2b5-4636-8c58-ed84ea262bde,4,4,0,16,0,1769405044,2026-01-26 00:27:08
66dde76a-0aca-11e7-82f6-3863bb44ef7c,6,6,0,19,0,1769405045,2026-01-26 00:27:08
1869753654337059182,11,8,3,7,0,1769405045,2026-01-26 00:27:08
66dd1f44-0aca-11e7-82f6-3863bb44ef7c,19,19,0,5,0,1769405045,2026-01-26 00:27:08
92fc1ad7-0867-4655-b02f-ede65d336b14,9,6,3,8,0,1769405046,2026-01-26 00:27:08
66de2707-0aca-11e7-82f6-3863bb44ef7c,11,3,8,36,0,1769405046,2026-01-26 00:27:08
d11b9869-8964-4b79-aafc-4b60ad1b44c4,20,19,1,0,0,1769405050,2026-01-26 00:27:08
ffae66ec-7c16-436f-bd0a-eedf81d580e7,7,4,3,13,0,1769405050,2026-01-26 00:27:08
1880643645302280466,21,21,0,9,0,1769405052,2026-01-26 00:27:08
7aa86431-bbc5-4d9c-8198-9630c9d32a22,7,1,6,12,0,1769405052,2026-01-26 00:27:08
66dc3e89-0aca-11e7-82f6-3863bb44ef7c,6,1,5,57,0,1769405054,2026-01-26 00:27:08
20ff5447-eac3-43b7-820f-f6fa3a2e12a8,11,3,8,10,0,1769405050,2026-01-26 00:27:08
292ad4f3-9fb0-44ec-9e61-613c711f73c1,2,1,1,19,0,1769405052,2026-01-26 00:27:08
1851254468343716806,17,2,15,1,0,1769405052,2026-01-26 00:27:08
901ad0c4-383e-490a-8b54-0656ce2358d6,2,0,2,15,0,1769405054,2026-01-26 00:27:08
ca843847-923a-40b7-80ca-c1c3fff6e818,0,0,0,18,0,1769405057,2026-01-26 00:27:08
1815967442754883940,26,0,26,4,0,1769405057,2026-01-26 00:27:08
66db408f-0aca-11e7-82f6-3863bb44ef7c,33,5,28,5,0,1769405059,2026-01-26 00:27:08
66de2274-0aca-11e7-82f6-3863bb44ef7c,12,6,6,9,0,1769405057,2026-01-26 00:27:08
fbaffdbd-dab5-4127-9bd5-36bf58093ea8,12,9,3,11,0,1769405056,2026-01-26 00:27:08
d5cabb43-6c78-4022-964e-a8b02470509e,13,1,12,9,0,1769405057,2026-01-26 00:27:08
807e9f5a-49b6-4b7e-847b-4a60cff330ed,3,2,1,15,0,1769405057,2026-01-26 00:27:08
1934749166596673908,31,10,21,10,0,1769405055,2026-01-26 00:27:08
8aad788d-c7eb-4fca-a426-c39f47741a6f,23,6,17,1,0,1769405055,2026-01-26 00:27:08
1bb1af93-b433-4da7-8054-009c85f7755a,4,1,3,15,0,1769405055,2026-01-26 00:27:08
1835246937517543544,13,2,11,6,0,1769405056,2026-01-26 00:27:08
8caf71df-76c3-43fb-be98-d555d2291460,9,9,0,14,0,1769405059,2026-01-26 00:27:08
61f2ffd4-159a-42b3-a4d9-3fdfc3349074,2,0,2,18,0,1769405059,2026-01-26 00:27:08
16e70b05-5b73-4930-9dcf-f79e5ce9eaf5,16,1,15,7,0,1769405056,2026-01-26 00:27:08
2171919049376995084,2,2,0,31,0,1769405056,2026-01-26 00:27:08
2100948436010992354,10,9,1,5,0,1769405063,2026-01-26 00:27:08
1786697771181570266,37,5,32,5,0,1769405062,2026-01-26 00:27:08
ebae0b66-e463-4ded-9b7a-43c0aca9b37a,13,3,10,6,0,1769405063,2026-01-26 00:27:08
66dcc0b2-0aca-11e7-82f6-3863bb44ef7c,13,6,7,9,0,1769405064,2026-01-26 00:27:08
66de6346-0aca-11e7-82f6-3863bb44ef7c,15,1,14,14,0,1769405065,2026-01-26 00:27:08
ff745407-c087-4c0d-a965-98baf078f292,19,18,1,3,0,1769405065,2026-01-26 00:27:08
c2d549f8-f54c-4a0d-9ecd-6e6f79118279,12,4,8,10,0,1769405065,2026-01-26 00:27:08
24509e46-a0de-47e8-ba40-9441da68952a,1,1,0,17,0,1769405061,2026-01-26 00:27:08
26b3a82b-3487-44c2-85f1-eddb5a8a3a9d,18,0,18,2,0,1769405061,2026-01-26 00:27:08
1826348248869574940,5,0,5,22,0,1769405062,2026-01-26 00:27:08
29ced315-14b5-4edc-bef2-665316dfe3dd,39,32,7,0,0,1769405061,2026-01-26 00:27:08
66ddb66e-0aca-11e7-82f6-3863bb44ef7c,9,4,5,19,0,1769405060,2026-01-26 00:27:08
1804892772559499512,17,3,14,15,0,1769405070,2026-01-26 00:27:08
7f4753d7-8d58-48bd-a881-de5bff08b27d,3,1,2,23,0,1769405070,2026-01-26 00:27:08
6542d952-ca19-410e-9290-ee6b7a6e14cf,0,0,0,20,0,1769405070,2026-01-26 00:27:08
66db447a-0aca-11e7-82f6-3863bb44ef7c,45,28,17,1,0,1769405070,2026-01-26 00:27:08
66dd1d0f-0aca-11e7-82f6-3863bb44ef7c,21,15,6,10,0,1769405070,2026-01-26 00:27:08
837b7db3-55c6-4595-a497-834972631752,3,3,0,12,0,1769405071,2026-01-26 00:27:08
66de17f7-0aca-11e7-82f6-3863bb44ef7c,4,3,1,34,0,1769405066,2026-01-26 00:27:08
1d32e684-602b-46b6-8c96-ab47b57a03f3,1,1,0,21,0,1769405066,2026-01-26 00:27:08
162d5859-b735-4ff7-9613-01b21f22c1cd,29,17,12,4,0,1769405066,2026-01-26 00:27:08
faf98f78-51ab-4248-b7e7-f402902385a6,4,2,2,14,0,1769405067,2026-01-26 00:27:08
bacfe3c2-7946-45ed-91f9-f5b91791de75,3,0,3,25,0,1769405067,2026-01-26 00:27:08
b35ba3c0-d3e8-4b1a-b63b-73a7bb518c9e,6,4,2,11,0,1769405068,2026-01-26 00:27:08
1965202298784063998,7,0,7,18,0,1769405069,2026-01-26 00:27:08
053312f2-e77e-4674-b28b-ad357fbcb4ee,24,20,4,38,0,1769405069,2026-01-26 00:27:08
37a37e5b-f975-4f92-a897-dca8e4670631,5,5,0,11,0,1769405071,2026-01-26 00:27:08
66db93a1-0aca-11e7-82f6-3863bb44ef7c,5,1,4,28,0,1769405068,2026-01-26 00:27:08
fda18503-7488-4b91-b74c-949a90401e83,8,2,6,10,0,1769405068,2026-01-26 00:27:08
c71cca54-17f6-42bc-ba94-3f5bd9c70197,36,0,36,7,0,1769405068,2026-01-26 00:27:08
9635affa-8b18-42d5-84c4-7f67ad5ef9d0,3,1,2,10,0,1769405068,2026-01-26 00:27:08
5f63411c-91ce-4788-a567-d388cc812a15,3,0,3,26,0,1769405073,2026-01-26 00:27:08
06439006-11b6-44f0-8545-c9d39035f32a,64,60,4,13,0,1769405073,2026-01-26 00:27:08
4568f854-1268-45cf-bac8-82286ef40ae6,13,2,11,8,0,1769405072,2026-01-26 00:27:08
66dced76-0aca-11e7-82f6-3863bb44ef7c,6,2,4,19,0,1769405073,2026-01-26 00:27:08
c3062f44-c5b9-4650-a4ec-cc66cbf5b944,0,0,0,17,0,1769392040,2026-01-26 00:27:08
a3d72b5b-9587-4f33-9722-c01e20a9b358,0,0,0,26,0,1769388341,2026-01-26 00:27:08
ad57266c-34da-43da-8b48-2ba856002fbf,11,0,11,15,0,1769405077,2026-01-26 00:27:08
59df3823-0369-4a10-8132-05df34a170af,24,4,20,20,0,1769405077,2026-01-26 00:27:08
29a41b09-698f-43e2-82ff-f94f73e74841,16,1,15,2,0,1769405078,2026-01-26 00:27:08
dccaeeb5-c53a-4f48-80e6-05675b71a8c8,21,5,16,8,0,1769405078,2026-01-26 00:27:08
66dba303-0aca-11e7-82f6-3863bb44ef7c,9,0,9,4,0,1769405079,2026-01-26 00:27:08
f681f980-185d-45b9-8490-bb2606624dd4,1,1,0,16,0,1769405077,2026-01-26 00:27:08
66db2a71-0aca-11e7-82f6-3863bb44ef7c,40,13,27,1,0,1769405077,2026-01-26 00:27:08
66de205d-0aca-11e7-82f6-3863bb44ef7c,14,13,1,10,0,1769405077,2026-01-26 00:27:08
bcb08532-f0d5-4c0e-ad8a-4ddacc204791,6,4,2,10,0,1769405073,2026-01-26 00:27:08
481624f3-9377-4dfd-a5dd-de05a7fef760,3,0,3,16,0,1769405073,2026-01-26 00:27:08
1848241684520917882,9,2,7,2,0,1769405074,2026-01-26 00:27:08
068b919c-f649-4091-8e12-ccf37191cad5,3,2,1,15,0,1769405074,2026-01-26 00:27:08
1950648049868542106,9,4,5,15,0,1769405079,2026-01-26 00:27:08
7f402242-dc1b-4a48-ba21-58c4fa7216b4,17,6,11,0,0,1769405074,2026-01-26 00:27:08
ed279ef2-52ee-4ff2-9a52-edd8137ea034,7,2,4,18,0,1769405074,2026-01-26 00:27:08
1986707977001495180,7,1,6,12,0,1769405075,2026-01-26 00:27:08
2104286315955915532,4,3,1,63,0,1769405073,2026-01-26 00:27:08
ab6aadd8-fa45-43aa-abea-c8e01ec5a0c8,0,0,0,2,0,1769401472,2026-01-26 00:27:08
b442a648-e9f4-4893-951a-64d258bc0e55,3,3,0,25,0,1769405076,2026-01-26 00:27:08
6969d756-33a6-4a0b-83d0-3db38bc382d1,25,2,23,4,0,1769405075,2026-01-26 00:27:08
943a1a27-1328-4823-8945-28d845280383,21,19,2,1,0,1769405082,2026-01-26 00:27:08
c7604869-5b55-40cf-812e-fc97901bdf14,35,12,23,2,0,1769405082,2026-01-26 00:27:08
1962547377975794462,19,8,11,3,0,1769405084,2026-01-26 00:27:08
66de19ab-0aca-11e7-82f6-3863bb44ef7c,6,6,0,24,0,1769405084,2026-01-26 00:27:08
66dd2060-0aca-11e7-82f6-3863bb44ef7c,25,9,16,22,0,1769405084,2026-01-26 00:27:08
1862008701134683118,3,0,3,20,0,1769405084,2026-01-26 00:27:08
2ebbe93b-a013-464a-b4a5-0eba96f89676,10,10,0,7,0,1769405085,2026-01-26 00:27:08
d470e82e-d109-4e2e-b66a-f5e944cbfe97,17,4,13,1,0,1769405085,2026-01-26 00:27:08
66dd5407-0aca-11e7-82f6-3863bb44ef7c,12,6,6,65,0,1769405084,2026-01-26 00:27:08
f5393bc2-36d4-4508-bf51-fa48d121f751,16,4,12,9,0,1769405084,2026-01-26 00:27:08
1862008939006380034,9,3,6,9,0,1769405084,2026-01-26 00:27:08
66dbe571-0aca-11e7-82f6-3863bb44ef7c,33,14,19,18,0,1769405081,2026-01-26 00:27:08
1871698348432996504,9,3,6,14,0,1769405082,2026-01-26 00:27:08
1831178352265562334,13,2,11,12,0,1769405082,2026-01-26 00:27:08
6fb81fda-f0b5-4242-90f9-88d0214feb8d,1,0,1,17,0,1769405080,2026-01-26 00:27:08
66dd217d-0aca-11e7-82f6-3863bb44ef7c,4,3,1,20,0,1769405080,2026-01-26 00:27:08
023cf549-bd85-4f9a-abd8-70ba29d7e86b,10,0,10,10,0,1769405087,2026-01-26 00:27:08
1875415144760576328,19,19,0,2,0,1769405087,2026-01-26 00:27:08
69f84045-48f9-4c6c-90d3-0503e5ed39e9,2,2,0,17,0,1769405088,2026-01-26 00:27:08
c2bb1874-bcb7-47c5-aa7d-05423b9087e8,1,1,0,18,0,1769405088,2026-01-26 00:27:08
81bec993-29a5-4e70-8f60-eecdf16c7be4,19,11,8,10,0,1769405089,2026-01-26 00:27:08
abc1311e-e000-4211-af9e-0cf92242711e,1,0,1,20,0,1769405090,2026-01-26 00:27:08
66dc3782-0aca-11e7-82f6-3863bb44ef7c,27,24,3,2,0,1769405090,2026-01-26 00:27:08
66dc292c-0aca-11e7-82f6-3863bb44ef7c,14,12,2,33,0,1769405086,2026-01-26 00:27:08
66dc8a3d-0aca-11e7-82f6-3863bb44ef7c,21,1,20,50,0,1769405086,2026-01-26 00:27:08
26217b73-7bb5-46e6-8094-1db05becd617,18,17,1,7,0,1769405087,2026-01-26 00:27:08
3d68a3fd-91da-49e8-9cd5-69b333863789,13,3,10,4,0,1769405087,2026-01-26 00:27:08
823ef531-40e6-4397-b973-86bf5b032076,9,3,6,12,0,1769405090,2026-01-26 00:27:08
cc5f0e68-dd5f-4db1-81c7-04a4d6674fba,14,1,13,2,0,1769405090,2026-01-26 00:27:08
22ab59a8-0af4-4101-9350-a7af88e37c2e,9,0,9,10,0,1769405091,2026-01-26 00:27:08
d18512f9-52c8-4175-92b9-b6258dc30748,1,1,0,18,0,1769405091,2026-01-26 00:27:08
cf1a96a7-f695-4ba2-bcf2-899552e21e47,9,3,6,8,0,1769405089,2026-01-26 00:27:08
66dc2c78-0aca-11e7-82f6-3863bb44ef7c,13,5,8,69,0,1769405089,2026-01-26 00:27:08
576abdc1-986e-48b0-bde2-051a13d3ff59,11,7,4,9,0,1769405089,2026-01-26 00:27:08
66de1ea2-0aca-11e7-82f6-3863bb44ef7c,11,8,3,11,0,1769405085,2026-01-26 00:27:08
595cf79f-7783-4373-b3d5-775bcf76033b,0,0,0,17,0,1769405085,2026-01-26 00:27:08
1871698223344654662,8,0,8,16,0,1769405086,2026-01-26 00:27:08
dad39e68-53f5-47c2-87e2-b1cc0e34f90f,5,4,1,13,0,1769405091,2026-01-26 00:27:08
66dd1c7f-0aca-11e7-82f6-3863bb44ef7c,22,9,13,25,0,1769405087,2026-01-26 00:27:08
1834145589124844432,0,0,0,18,0,1769405096,2026-01-26 00:27:08
0f98907a-d4cc-45e0-b174-7d9dfda74106,4,0,4,26,0,1769405096,2026-01-26 00:27:08
63a838a8-9acf-4ba1-91f5-c676f6ef2f7d,10,0,10,9,0,1769405096,2026-01-26 00:27:08
0fa27bd7-b182-4e7a-b5bb-90f4249cb368,18,8,10,5,0,1769405096,2026-01-26 00:27:08
66de2199-0aca-11e7-82f6-3863bb44ef7c,16,2,14,11,0,1769405096,2026-01-26 00:27:08
66ddea99-0aca-11e7-82f6-3863bb44ef7c,6,5,1,14,0,1769405096,2026-01-26 00:27:08
3f05490b-a3d8-4d15-bd25-0212555b5dff,17,1,16,2,0,1769405092,2026-01-26 00:27:08
c3189056-8eda-4278-891f-e8e15c2d759a,15,0,15,10,0,1769405092,2026-01-26 00:27:08
66de0cab-0aca-11e7-82f6-3863bb44ef7c,15,1,14,21,0,1769405094,2026-01-26 00:27:08
d73e26de-8534-4b46-a321-3cae295ef9b2,12,0,12,16,0,1769405094,2026-01-26 00:27:08
525535e3-dde3-47b4-9c2e-0174eaa4f2bb,17,6,11,2,0,1769405093,2026-01-26 00:27:08
528ed1e0-75aa-45be-8afe-c3f1c950782f,8,1,7,12,0,1769405093,2026-01-26 00:27:08
0ddb965d-95ef-4ce3-bde6-81a56ac1fbd2,5,1,4,25,0,1769405094,2026-01-26 00:27:08
1869753057823626206,11,1,10,14,0,1769405093,2026-01-26 00:27:08
633fbc4c-7617-47ba-a393-aad7a8d26a3e,21,3,18,0,0,1769405093,2026-01-26 00:27:08
9af90faf-0b9b-451b-9cb0-20ff421ca1d9,3,2,1,21,0,1769405093,2026-01-26 00:27:08
66de73fd-0aca-11e7-82f6-3863bb44ef7c,4,1,3,20,0,1769405096,2026-01-26 00:27:08
b4f990dd-36bb-46b3-9eea-4b980bd43c2d,7,7,0,16,0,1769405097,2026-01-26 00:27:08
cb05443c-e68e-48f7-8d17-35353fa19d4d,26,11,15,24,0,1769405097,2026-01-26 00:27:08
b713367c-3572-4225-b74a-9319ab537838,1,0,1,17,0,1769405097,2026-01-26 00:27:08
1859808514684217788,1,0,1,18,0,1769405098,2026-01-26 00:27:08
bc5235a5-7f10-4a27-806e-9c25fa700959,9,1,8,27,0,1769405102,2026-01-26 00:27:08
6476c5fd-611e-436c-9736-e0f43bb7774e,14,1,13,3,0,1769405102,2026-01-26 00:27:08
66dbe96d-0aca-11e7-82f6-3863bb44ef7c,20,3,17,25,0,1769405102,2026-01-26 00:27:08
66dde630-0aca-11e7-82f6-3863bb44ef7c,58,17,41,10,0,1769405102,2026-01-26 00:27:08
69717638-5c4a-47a7-bccb-3b42c81eb09f,6,1,5,9,0,1769405102,2026-01-26 00:27:08
640a9a95-194f-42f5-8d88-1df67129f388,12,5,7,8,0,1769405102,2026-01-26 00:27:08
1854538387432581604,18,1,17,3,0,1769405103,2026-01-26 00:27:08
1838070843306263244,7,3,4,11,0,1769405100,2026-01-26 00:27:08
62b97c1e-9d06-4c5e-b9c3-d76099e37fe4,10,5,5,10,0,1769405100,2026-01-26 00:27:08
7938263e-e5b8-4ca7-b8bf-1adbaae5fead,12,3,9,14,0,1769405101,2026-01-26 00:27:08
d265dbc7-ef55-4f5b-8a2b-f2015dc71fb8,16,1,15,8,0,1769405100,2026-01-26 00:27:08
2126623007192357636,9,1,8,1,0,1769405101,2026-01-26 00:27:08
0687075b-cf2d-4130-a859-fe841aafbd3f,17,1,16,3,0,1769405101,2026-01-26 00:27:08
66dd01c5-0aca-11e7-82f6-3863bb44ef7c,11,0,11,14,0,1769405103,2026-01-26 00:27:08
2637fed8-1e2a-460b-83eb-3eb32ace0f4e,13,4,9,33,0,1769405103,2026-01-26 00:27:08
3134c2d4-b090-4eb8-ab44-6f9622098f72,10,9,1,8,0,1769405102,2026-01-26 00:27:08
1860188747953293684,9,1,8,7,0,1769405103,2026-01-26 00:27:08
0de1f95f-8b1b-4e5e-9eff-73c63265b0ab,18,8,10,9,0,1769405103,2026-01-26 00:27:08
18a2cbb6-91f2-4393-82fb-b40a8ba90f20,4,2,2,16,0,1769405098,2026-01-26 00:27:08
1861678548643203686,0,0,0,25,0,1769405098,2026-01-26 00:27:08
2124035976827702128,2,1,1,12,0,1769405098,2026-01-26 00:27:08
1860189327773878824,16,2,14,8,0,1769405104,2026-01-26 00:27:08
1869753484503987044,1,0,1,18,0,1769405098,2026-01-26 00:27:08
66db277a-0aca-11e7-82f6-3863bb44ef7c,16,3,13,7,0,1769405099,2026-01-26 00:27:08
0138452a-b9f4-4aee-80b0-7fae9a122ffe,3,2,1,36,0,1769405099,2026-01-26 00:27:08
78aabb95-6195-4aa7-ab0d-5748eeb26bd1,21,11,10,8,0,1769405107,2026-01-26 00:27:08
eb07bdfc-3a6f-40eb-96d2-0b92ac371619,6,3,3,9,0,1769405107,2026-01-26 00:27:08
499e10ad-c008-461e-8cf7-20757218a9cc,1,1,0,20,0,1769405107,2026-01-26 00:27:08
93da4d1b-d574-45b0-85d7-5b82e2887267,16,0,16,3,0,1769405107,2026-01-26 00:27:08
372c592e-09d8-400c-9595-2aa3510f39b0,6,5,1,15,0,1769405107,2026-01-26 00:27:08
1860189650739626488,2,2,0,17,0,1769405107,2026-01-26 00:27:08
457ea5d7-d643-4028-87db-46dee0b81555,17,10,7,8,0,1769405107,2026-01-26 00:27:08
66dcc37f-0aca-11e7-82f6-3863bb44ef7c,10,3,7,11,0,1769405107,2026-01-26 00:27:08
1d3a8670-09b3-4127-b750-af5311e565f0,8,1,7,10,0,1769405107,2026-01-26 00:27:08
1814548067447122618,23,15,8,6,0,1769405109,2026-01-26 00:27:08
f8c242cd-da59-4f0e-afd6-832bbdd7d328,12,3,9,4,0,1769405109,2026-01-26 00:27:08
4efda436-cd19-4ec3-acc7-1a622f723264,0,0,0,18,0,1769405109,2026-01-26 00:27:08
922763d6-d73c-4678-8bcd-f42ee3a236db,9,0,9,11,0,1769405110,2026-01-26 00:27:08
66dc0dab-0aca-11e7-82f6-3863bb44ef7c,3,2,1,107,0,1769405111,2026-01-26 00:27:08
66db6f2e-0aca-11e7-82f6-3863bb44ef7c,27,23,4,12,0,1769405111,2026-01-26 00:27:08
912813fc-fde4-4430-8443-a4fa21477e7f,1,1,0,21,0,1769405105,2026-01-26 00:27:08
66dc7f02-0aca-11e7-82f6-3863bb44ef7c,90,82,8,13,0,1769405106,2026-01-26 00:27:08
f3782e27-c49a-4ee9-b188-0c13cad54688,2,0,2,16,0,1769405106,2026-01-26 00:27:08
3db799ba-b574-4e5f-95e5-c767bec2acb6,14,6,8,12,0,1769405106,2026-01-26 00:27:08
9394fb49-583f-4426-8d2f-a2b0ffb584d2,35,23,12,12,0,1769405106,2026-01-26 00:27:08
7a6fc75f-a605-4dd6-b567-b2bbbfb862f3,17,17,0,0,0,1769405106,2026-01-26 00:27:08
1817432434869846072,13,1,12,7,0,1769405113,2026-01-26 00:27:08
1960019951675478680,7,6,1,21,0,1769405113,2026-01-26 00:27:08
1f088432-0460-421e-a1d9-36890fa5396d,10,6,4,6,0,1769405113,2026-01-26 00:27:08
66dbcbbc-0aca-11e7-82f6-3863bb44ef7c,44,9,35,22,0,1769405114,2026-01-26 00:27:08
1848241791125254746,15,2,13,0,0,1769405114,2026-01-26 00:27:08
18eccc71-66be-4e4c-8335-095a9bf0df94,9,3,6,20,0,1769405114,2026-01-26 00:27:08
c602146e-d69d-43b6-9e8f-054c4df5377e,14,3,11,4,0,1769405114,2026-01-26 00:27:08
765ee572-6c7a-4ed3-a2d4-f1496ea53996,23,1,22,0,0,1769405114,2026-01-26 00:27:08
66dd24ca-0aca-11e7-82f6-3863bb44ef7c,28,16,12,18,0,1769405111,2026-01-26 00:27:08
66de71af-0aca-11e7-82f6-3863bb44ef7c,25,1,24,9,0,1769405111,2026-01-26 00:27:08
3a89411a-0bc6-4ba3-bc56-fab950c8eba1,20,1,19,0,0,1769405111,2026-01-26 00:27:08
66dd9fa6-0aca-11e7-82f6-3863bb44ef7c,12,10,2,48,0,1769405111,2026-01-26 00:27:08
1846086362824884662,19,0,19,0,0,1769405111,2026-01-26 00:27:08
26cae473-0e59-4af7-bad5-bb6fec85c8bc,3,0,3,18,0,1769405111,2026-01-26 00:27:08
6d766daf-9298-4059-a329-1818582d495f,12,11,1,5,0,1769405112,2026-01-26 00:27:08
66dc1d80-0aca-11e7-82f6-3863bb44ef7c,6,3,3,31,0,1769405112,2026-01-26 00:27:08
66dce9b5-0aca-11e7-82f6-3863bb44ef7c,4,1,3,27,0,1769405112,2026-01-26 00:27:08
ceb179f3-89c3-4c3e-8a0a-3415406a9463,9,9,0,13,0,1769405112,2026-01-26 00:27:08
66dbe15d-0aca-11e7-82f6-3863bb44ef7c,6,5,1,19,0,1769405112,2026-01-26 00:27:08
66dbc37a-0aca-11e7-82f6-3863bb44ef7c,7,5,2,48,0,1769405116,2026-01-26 00:27:08
96e72113-3681-4d19-88bb-032e76720093,28,25,3,15,0,1769405116,2026-01-26 00:27:08
66dd4ec7-0aca-11e7-82f6-3863bb44ef7c,20,16,4,52,0,1769405116,2026-01-26 00:27:08
66dde103-0aca-11e7-82f6-3863bb44ef7c,28,26,2,6,0,1769405115,2026-01-26 00:27:08
2546c9b9-5b1a-4e9f-a9cc-f8b986b79748,11,3,8,8,0,1769405115,2026-01-26 00:27:08
1794852638057746848,21,1,20,0,0,1769405114,2026-01-26 00:27:08
66dbec40-0aca-11e7-82f6-3863bb44ef7c,22,15,7,33,0,1769405114,2026-01-26 00:27:08
7d5fa1f0-4069-4d5d-b735-5d500597394a,40,25,15,7,0,1769405115,2026-01-26 00:27:08
1859088223746072684,8,0,8,7,0,1769405120,2026-01-26 00:27:08
09dfc0e3-a448-477c-bb3c-9467dc51ef8d,47,17,30,25,0,1769405121,2026-01-26 00:27:08
1dacb0f6-29f5-4d1b-b910-92ffa5b4ca5d,13,0,13,26,0,1769405122,2026-01-26 00:27:08
1828966626550010820,16,2,14,0,0,1769405122,2026-01-26 00:27:08
3eb10c63-ea4c-4161-b07d-a29034f7367a,7,1,6,8,0,1769405121,2026-01-26 00:27:08
d040a7b3-85b5-4c0d-9c92-3f4ad0082143,3,2,1,27,0,1769405116,2026-01-26 00:27:08
1828967979464708718,0,0,0,21,0,1769405117,2026-01-26 00:27:08
b896d83d-5524-4c9c-a2aa-c1b0edaadc22,1,0,1,18,0,1769405118,2026-01-26 00:27:08
82c85f05-4722-48ae-9f64-0522012eb3c8,5,2,3,17,0,1769405118,2026-01-26 00:27:08
66db4549-0aca-11e7-82f6-3863bb44ef7c,10,2,8,12,0,1769405118,2026-01-26 00:27:08
f34ea09d-32f9-492c-9124-99059bc0b5dd,13,0,13,6,0,1769405119,2026-01-26 00:27:08
66dc120f-0aca-11e7-82f6-3863bb44ef7c,26,17,9,46,0,1769405120,2026-01-26 00:27:08
1937777808143497236,0,0,0,27,0,1769405128,2026-01-26 00:27:08
038b7369-9c6e-4eb2-8569-f7461443302f,12,0,12,4,0,1769405129,2026-01-26 00:27:08
d2b23c87-b7c3-48c2-a634-db4b76ecbcf7,6,3,3,12,0,1769405129,2026-01-26 00:27:08
66dd45c7-0aca-11e7-82f6-3863bb44ef7c,19,14,5,7,0,1769405129,2026-01-26 00:27:08
0bd9bd58-42e6-4680-9d19-83943372221f,8,8,0,9,0,1769405129,2026-01-26 00:27:08
517409d3-a94a-4140-a6de-ff0de9221ed2,3,1,2,18,0,1769405129,2026-01-26 00:27:08
74723006-b32f-4590-8cc7-f15eec3808fe,18,14,4,9,0,1769405128,2026-01-26 00:27:08
66de677e-0aca-11e7-82f6-3863bb44ef7c,19,3,16,6,0,1769405126,2026-01-26 00:27:08
66dde4ef-0aca-11e7-82f6-3863bb44ef7c,8,6,2,14,0,1769405127,2026-01-26 00:27:08
6fab98b7-b06a-49d8-a4d1-087ffce0ebcf,2,2,0,16,0,1769405127,2026-01-26 00:27:08
1929504694747056164,3,2,1,38,0,1769405127,2026-01-26 00:27:08
66dc81ce-0aca-11e7-82f6-3863bb44ef7c,12,6,6,63,0,1769405127,2026-01-26 00:27:08
1835618878584115330,21,2,19,2,0,1769405130,2026-01-26 00:27:08
66dc1687-0aca-11e7-82f6-3863bb44ef7c,9,6,3,1,0,1769405115,2026-01-26 00:27:08
1888015107269225164,14,13,1,23,0,1769405130,2026-01-26 00:27:08
66de4959-0aca-11e7-82f6-3863bb44ef7c,2,2,0,22,0,1769405131,2026-01-26 00:27:08
1828965347681089818,15,3,12,4,0,1769405124,2026-01-26 00:27:08
0b613329-b8c8-4b8c-ad40-79952aa41157,7,4,3,17,0,1769405124,2026-01-26 00:27:08
66de43a5-0aca-11e7-82f6-3863bb44ef7c,17,7,10,8,0,1769405125,2026-01-26 00:27:08
66dce8db-0aca-11e7-82f6-3863bb44ef7c,24,9,15,13,0,1769405125,2026-01-26 00:27:08
ca7ec509-cefc-4ac6-b729-08999d191051,17,3,14,4,0,1769405125,2026-01-26 00:27:08
62f8f806-bd04-4282-9c5d-ad4293644e3c,9,2,7,10,0,1769405126,2026-01-26 00:27:08
b79c8433-9dd1-4d68-9156-7f2c2162bafe,7,3,4,18,0,1769405125,2026-01-26 00:27:08
54df610f-0e47-4958-98ca-37bb1b1c4dca,6,5,1,16,0,1769405119,2026-01-26 00:27:08
66de5005-0aca-11e7-82f6-3863bb44ef7c,15,5,10,10,0,1769405119,2026-01-26 00:27:08
8a89684b-40a5-49fe-b75d-fdf32ffa8102,17,2,15,0,0,1769405119,2026-01-26 00:27:08
66de12ff-0aca-11e7-82f6-3863bb44ef7c,10,9,1,11,0,1769405119,2026-01-26 00:27:08
bfe5e69d-89ff-48b3-bf20-80cbdfa443e0,17,8,9,35,0,1769405120,2026-01-26 00:27:08
bf880f45-422c-4e0b-b3b0-2b1f5ba94da4,5,3,2,13,0,1769405121,2026-01-26 00:27:08
c63a83a0-bda1-40a6-835b-f82c363543b9,4,2,2,16,0,1769405117,2026-01-26 00:27:08
00967b8f-1a4d-4131-a65a-17fa8ca89e28,3,2,1,13,0,1769405132,2026-01-26 00:27:08
66de0d91-0aca-11e7-82f6-3863bb44ef7c,26,1,25,0,0,1769405132,2026-01-26 00:27:08
1f8f6714-42a7-45d5-86cd-a093c940b2c9,2,2,0,22,0,1769405132,2026-01-26 00:27:08
191d5d54-de64-4312-99c7-eee141efa4ef,2,1,1,19,0,1769405132,2026-01-26 00:27:08
2124426307973079924,2,0,2,8,0,1769405128,2026-01-26 00:27:08
7dda8844-60ba-4449-b05c-54c1d14ab5fb,59,47,12,4,0,1769405122,2026-01-26 00:27:08
b4b5824b-3c23-44b7-92a3-cec6a54583a0,8,1,7,10,0,1769405122,2026-01-26 00:27:08
f833d403-2cf5-424a-a3b3-0314a44b4a67,17,0,17,16,0,1769405122,2026-01-26 00:27:08
ff9581d3-3e1a-463a-bdab-d8150c468be2,9,4,5,22,0,1769405122,2026-01-26 00:27:08
66dd4c5f-0aca-11e7-82f6-3863bb44ef7c,5,3,2,57,0,1769405122,2026-01-26 00:27:08
32cc1603-a4b5-4099-b7bf-681de451b04a,23,3,20,21,0,1769405123,2026-01-26 00:27:08
6cd10426-b4e9-40e1-9b35-61f609190ac0,29,17,12,4,0,1769405130,2026-01-26 00:27:08
a45a712c-1e3d-4fee-bef8-adafafd80670,6,3,3,11,0,1769405130,2026-01-26 00:27:08
dd482585-3028-453f-a98d-55019db9b26c,38,0,38,5,0,1769405130,2026-01-26 00:27:08
c4e9905f-457b-4be0-a878-2aa53fa0b09b,20,0,20,2,0,1769405130,2026-01-26 00:27:08
19b61564-7629-41b4-80c8-1756135a5442,2,1,1,15,0,1769405131,2026-01-26 00:27:08
75352ab4-8a31-4926-8b59-048a9e506452,12,3,9,1,0,1769405131,2026-01-26 00:27:08
66db3053-0aca-11e7-82f6-3863bb44ef7c,55,45,10,15,0,1769405134,2026-01-26 00:27:08
5145ad1c-241f-4448-a742-739bd5c518c2,6,2,4,10,0,1769405134,2026-01-26 00:27:08
f401cd5f-cb41-41f8-a857-4a4dfe778f94,21,13,8,0,0,1769405135,2026-01-26 00:27:08
66de2b2f-0aca-11e7-82f6-3863bb44ef7c,47,7,40,3,0,1769405135,2026-01-26 00:27:08
2124036103510616644,2,1,1,8,0,1769405133,2026-01-26 00:27:08
1828965172312150882,11,2,9,10,0,1769405133,2026-01-26 00:27:08
66de0861-0aca-11e7-82f6-3863bb44ef7c,16,15,1,9,0,1769405133,2026-01-26 00:27:08
2126623765785393224,5,3,2,13,0,1769405133,2026-01-26 00:27:08
1876800925490112950,5,2,3,10,0,1769405132,2026-01-26 00:27:08
66dde69c-0aca-11e7-82f6-3863bb44ef7c,2,1,1,14,0,1769405134,2026-01-26 00:27:08
66dbef15-0aca-11e7-82f6-3863bb44ef7c,33,13,20,16,0,1769405134,2026-01-26 00:27:08
7779e057-b33e-46a7-8a1e-8c28bcd9a558,8,0,8,11,0,1769405130,2026-01-26 00:27:08
c638ec67-9ac0-416f-944f-619926144931,69,67,2,51,0,1769405135,2026-01-26 00:27:08
1b00fb53-da32-4b14-9a9a-84a391c8951c,5,5,0,21,0,1769405146,2026-01-26 00:27:08
493e046c-5d62-4772-90c4-b6a9f4afcd39,6,2,4,10,0,1769405145,2026-01-26 00:27:08
19d17911-1e4a-41fa-b62b-719aa0a6182e,0,0,0,8,0,1769343541,2026-01-26 00:27:08
d80c274e-d17d-4a00-9b76-274c9fe4d0e1,12,10,2,21,0,1769405146,2026-01-26 00:27:08
66dd056e-0aca-11e7-82f6-3863bb44ef7c,10,3,7,4,0,1769405146,2026-01-26 00:27:08
66dea7b5-0aca-11e7-82f6-3863bb44ef7c,6,3,3,33,0,1769405146,2026-01-26 00:27:08
66de13dc-0aca-11e7-82f6-3863bb44ef7c,0,0,0,0,0,1769405146,2026-01-26 00:27:08
90b141b9-c39f-4a26-a32d-08c7d1474d52,1,1,0,16,0,1769405147,2026-01-26 00:27:08
1840504138040045682,9,0,9,11,0,1769405150,2026-01-26 00:27:08
8d650b03-920d-4d44-a48f-8d9a1a0ba264,18,8,10,2,0,1769405150,2026-01-26 00:27:08
99614ecb-2329-49fa-a13a-fa1ef2bb32d6,5,1,4,13,0,1769405150,2026-01-26 00:27:08
1960020234227886806,4,4,0,44,0,1769405148,2026-01-26 00:27:08
66db41bf-0aca-11e7-82f6-3863bb44ef7c,32,16,16,1,0,1769405151,2026-01-26 00:27:08
66dd17a5-0aca-11e7-82f6-3863bb44ef7c,27,15,12,18,0,1769405151,2026-01-26 00:27:08
1096fc76-794e-4343-8eb0-0dd6c9a48266,3,2,1,13,0,1769405150,2026-01-26 00:27:08
f9ed9a6b-097e-48b9-a9d1-79d084dcd2d9,2,0,2,14,0,1769405151,2026-01-26 00:27:08
83a5d761-57d0-4cd6-aa2b-7eb350120d99,2,1,1,16,0,1769405150,2026-01-26 00:27:08
38af3d1a-9916-46cf-b22e-86fc8648bf30,13,2,11,7,0,1769405151,2026-01-26 00:27:08
81a98b0b-cfd6-48b4-90bd-806ebbc264a0,10,2,8,8,0,1769405148,2026-01-26 00:27:08
66dc17df-0aca-11e7-82f6-3863bb44ef7c,11,2,9,19,0,1769405148,2026-01-26 00:27:08
12279d2b-29f6-4e02-a7f0-244970f7edd5,9,4,5,17,0,1769405148,2026-01-26 00:27:08
a2cf5872-bd4c-4311-832e-d62fd779ecc3,9,0,9,13,0,1769405148,2026-01-26 00:27:08
44c23eaa-7ddf-40b3-8373-6f3880c5e1b1,5,4,1,14,0,1769405149,2026-01-26 00:27:08
d45b62b9-7d6b-43b2-bf1e-2c898c55dfd2,4,2,2,11,0,1769405147,2026-01-26 00:27:08
1869743938848725856,82,58,24,0,0,1769405147,2026-01-26 00:27:08
1838071008881986168,11,1,10,14,0,1769405147,2026-01-26 00:27:08
66dc7773-0aca-11e7-82f6-3863bb44ef7c,22,16,6,22,0,1769405147,2026-01-26 00:27:08
655ad2f2-6bcc-4eee-95a9-4f528c0b81cd,6,1,5,8,0,1769405147,2026-01-26 00:27:08
66dd515d-0aca-11e7-82f6-3863bb44ef7c,6,5,1,15,0,1769405147,2026-01-26 00:27:08
5645b05e-85be-460d-8506-cacd20bff233,27,3,24,1,0,1769405149,2026-01-26 00:27:08
eb217a2c-1dd0-4690-a34e-ecc1a708f883,2,1,1,17,0,1769405149,2026-01-26 00:27:08
66dd3d7f-0aca-11e7-82f6-3863bb44ef7c,13,10,3,18,0,1769405149,2026-01-26 00:27:08
0f45bcf6-7028-4584-a51e-4129847dbebc,24,16,8,13,0,1769405150,2026-01-26 00:27:08
66dc3ab9-0aca-11e7-82f6-3863bb44ef7c,47,38,9,14,0,1769405149,2026-01-26 00:27:08
66de85d2-0aca-11e7-82f6-3863bb44ef7c,21,16,5,19,0,1769405150,2026-01-26 00:27:08
2124037125711300644,16,12,4,5,0,1769405152,2026-01-26 00:27:08
66ddec3e-0aca-11e7-82f6-3863bb44ef7c,5,4,1,15,0,1769405152,2026-01-26 00:27:08
84a7baff-415b-4ab9-a859-74c2801483ce,8,5,3,10,0,1769405152,2026-01-26 00:27:08
0dd71c6d-11ee-4ad4-ba99-36b9ad36112c,15,9,6,6,0,1769405151,2026-01-26 00:27:08
1849010133527040242,5,1,4,11,0,1769405152,2026-01-26 00:27:08
1835246658344669972,3,2,1,15,0,1769405152,2026-01-26 00:27:08
6b60bf55-3da4-439a-bde1-fc80be8623ba,6,5,1,16,0,1769405152,2026-01-26 00:27:08
581bc4fe-cf14-4767-8377-6fa156ff8a29,8,4,4,10,0,1769405152,2026-01-26 00:27:08
1864605386632012480,1,0,1,17,0,1769405147,2026-01-26 00:27:08
66ddeaff-0aca-11e7-82f6-3863bb44ef7c,8,3,5,19,0,1769405148,2026-01-26 00:27:08
3e1bdcec-e762-4e83-b447-007f05923cce,6,5,1,15,0,1769405150,2026-01-26 00:27:08
1822663031356509142,11,1,10,8,0,1769405150,2026-01-26 00:27:08
1849009654626746672,12,0,12,3,0,1769405150,2026-01-26 00:27:08
b371c432-b682-412f-9b85-8df84ce7a9f3,6,0,6,14,0,1769405150,2026-01-26 00:27:08
66dd26f9-0aca-11e7-82f6-3863bb44ef7c,20,5,15,11,0,1769405151,2026-01-26 00:27:08
566a6389-5c22-49ca-8c24-4d9eea135170,19,4,15,9,0,1769405152,2026-01-26 00:27:08
4c03fa2d-89da-4f0b-8f19-c7de5edbe256,16,0,16,7,0,1769405152,2026-01-26 00:27:08
2124381939991318658,4,3,1,8,0,1769405123,2026-01-26 00:27:08
2121032386733337206,11,3,8,0,0,1769405124,2026-01-26 00:27:08
1815968237323833702,17,1,16,4,0,1769405123,2026-01-26 00:27:08
ef6216aa-d3c8-46bb-8c6b-b62f8ba51b16,7,0,7,12,0,1769405124,2026-01-26 00:27:08
66dcc8b3-0aca-11e7-82f6-3863bb44ef7c,8,8,0,9,0,1769405136,2026-01-26 00:27:08
44fa161f-eb62-459b-b53e-da83788cfa2a,0,0,0,26,0,1769405136,2026-01-26 00:27:08
1835250442210857240,18,4,14,0,0,1769405136,2026-01-26 00:27:08
18415ea7-efce-408d-bcb9-4693fb088dda,28,22,6,4,0,1769405136,2026-01-26 00:27:08
c80c55c4-d623-42d7-8acf-6bfa68a84ecb,6,5,1,12,0,1769405136,2026-01-26 00:27:08
66dd4a52-0aca-11e7-82f6-3863bb44ef7c,5,3,2,25,0,1769405137,2026-01-26 00:27:08
c606bae0-889c-47c3-8202-9463ef147655,14,0,14,8,0,1769405137,2026-01-26 00:27:08
d979131e-0b9f-4aa2-88c5-46d4ff94abc8,6,2,4,9,0,1769405140,2026-01-26 00:27:08
66db75cc-0aca-11e7-82f6-3863bb44ef7c,41,24,17,1,0,1769405139,2026-01-26 00:27:08
b4974d89-932c-4a9f-a264-2ea0cf70613e,8,7,1,10,0,1769405140,2026-01-26 00:27:08
c00ef46d-fcde-48e2-afbd-0fb595fe3fa7,24,12,11,3,0,1769405140,2026-01-26 00:27:08
0fde06c2-632c-46a9-8866-f4e855604f74,21,13,8,44,0,1769405140,2026-01-26 00:27:08
66dc10d1-0aca-11e7-82f6-3863bb44ef7c,16,4,12,26,0,1769405138,2026-01-26 00:27:08
ec42fb3a-af54-46aa-a8b3-b17d72ed4475,12,1,11,6,0,1769405138,2026-01-26 00:27:08
bc9c9006-3d40-400d-8b5c-17f56e6dfcee,0,0,0,26,0,1769405138,2026-01-26 00:27:08
d89dc10f-9be3-45a5-9c3c-06c04c963436,16,1,15,1,0,1769405138,2026-01-26 00:27:08
1846085439406916338,7,3,4,15,0,1769405138,2026-01-26 00:27:08
d8778570-f7f2-458d-82f5-9ad39210a501,37,28,9,9,0,1769405138,2026-01-26 00:27:08
1795146692060860976,14,1,13,5,0,1769405138,2026-01-26 00:27:08
66dd46a2-0aca-11e7-82f6-3863bb44ef7c,12,2,10,33,0,1769405137,2026-01-26 00:27:08
1814906692908349788,10,0,10,11,0,1769405137,2026-01-26 00:27:08
b0bac4ef-bb57-4598-a433-75c281170d5b,9,1,8,11,0,1769405137,2026-01-26 00:27:08
1840540852548303628,1,0,1,17,0,1769405140,2026-01-26 00:27:08
1786700154621508184,10,3,7,18,0,1769405140,2026-01-26 00:27:08
55a4dc76-d839-4e06-9bf4-2f343391343c,3,1,2,16,0,1769405140,2026-01-26 00:27:08
2a66ed0a-5e6d-4893-a1d1-876bb2bac4be,5,2,3,22,0,1769405141,2026-01-26 00:27:08
e85c3165-ad0a-44a3-9683-d8cf7575f465,16,5,11,11,0,1769405141,2026-01-26 00:27:08
4f814d78-5d8d-458b-877e-2ca449b865be,1,0,1,19,0,1769405141,2026-01-26 00:27:08
1799624430022654108,6,2,4,13,0,1769405128,2026-01-26 00:27:08
6e5a8cab-cf1a-4584-8133-01835b56ad71,6,0,6,17,0,1769405128,2026-01-26 00:27:08
545a32d3-b74c-4dc2-b82c-a6d185dd4666,4,4,0,15,0,1769405128,2026-01-26 00:27:08
1786698974100683436,20,12,8,33,0,1769405135,2026-01-26 00:27:08
1862788202397235246,0,0,0,0,0,1769385032,2026-01-26 00:27:08
a4d041fd-c5fa-4f52-800c-25d7a661a875,4,0,4,16,0,1769405136,2026-01-26 00:27:08
1817822909864556798,8,4,4,17,0,1769405135,2026-01-26 00:27:08
1828968883163894358,11,0,11,9,0,1769405141,2026-01-26 00:27:08
b96507c5-7c90-499d-9c45-58f25d6f636a,2,1,1,15,0,1769405142,2026-01-26 00:27:08
cd2d9dab-7708-4685-a56f-9412c738de7e,17,0,17,6,0,1769405142,2026-01-26 00:27:08
66db9e99-0aca-11e7-82f6-3863bb44ef7c,3,3,0,15,0,1769405142,2026-01-26 00:27:08
498d7e8e-5164-4f26-9ce6-399947d73b1a,13,7,6,1,0,1769405142,2026-01-26 00:27:08
66db6963-0aca-11e7-82f6-3863bb44ef7c,54,12,42,19,0,1769405142,2026-01-26 00:27:08
2137775326353803668,13,1,12,2,0,1769405145,2026-01-26 00:27:08
1854538962214948918,17,1,16,0,0,1769405145,2026-01-26 00:27:08
66de4bbb-0aca-11e7-82f6-3863bb44ef7c,11,1,10,10,0,1769405145,2026-01-26 00:27:08
bbc3c1df-f7db-4f54-8d5c-b8f4269ecb48,19,15,4,0,0,1769405145,2026-01-26 00:27:08
56b3ca32-104a-4920-a879-a97a820858c4,18,0,18,7,0,1769405144,2026-01-26 00:27:08
2126224996973581072,5,3,2,4,0,1769404999,2026-01-26 00:27:08
475c44e1-31e3-4c60-b071-af2ca3f7618c,2,2,0,17,0,1769405144,2026-01-26 00:27:08
2126622241630343402,11,8,3,7,0,1769405143,2026-01-26 00:27:08
1846085734612252774,2,0,2,20,0,1769405143,2026-01-26 00:27:08
5526b855-dc09-4159-a20a-99651861a481,18,18,0,7,0,1769405143,2026-01-26 00:27:08
f62526d4-9c6a-4c76-be76-c64b5be669d2,2,1,1,19,0,1769405143,2026-01-26 00:27:08
66880044-5411-4143-af39-eaa0a0fd0528,14,7,7,14,0,1769405143,2026-01-26 00:27:08
66de63cd-0aca-11e7-82f6-3863bb44ef7c,13,2,11,5,0,1769405144,2026-01-26 00:27:08
66dcbac5-0aca-11e7-82f6-3863bb44ef7c,10,2,8,9,0,1769405143,2026-01-26 00:27:08
2124037250266884686,8,2,6,1,0,1769405145,2026-01-26 00:27:08
66dbee85-0aca-11e7-82f6-3863bb44ef7c,13,6,7,61,0,1769405152,2026-01-26 00:27:08
47da6ab2-c841-4f2d-97ef-dd8d441c96b1,1,1,0,16,0,1769405153,2026-01-26 00:27:08
66dd4ccc-0aca-11e7-82f6-3863bb44ef7c,25,18,7,21,0,1769405153,2026-01-26 00:27:08
66de25bd-0aca-11e7-82f6-3863bb44ef7c,68,1,67,3,0,1769405153,2026-01-26 00:27:08
1927314940904608224,5,1,4,19,0,1769405153,2026-01-26 00:27:08
c8c39d85-4ce7-46c5-b709-998067200780,0,0,0,21,0,1769405155,2026-01-26 00:27:08
0630217a-3913-47d9-9540-cf85688296a5,1,1,0,15,0,1769405155,2026-01-26 00:27:08
33840944-aa92-4d91-9de8-d29e5cd0b2d9,11,0,11,18,0,1769405156,2026-01-26 00:27:08
2124426077519611940,1,0,1,13,0,1769405155,2026-01-26 00:27:08
e35c42c6-8b73-4528-b08d-c94b75624b40,11,1,10,9,0,1769405155,2026-01-26 00:27:08
66db3687-0aca-11e7-82f6-3863bb44ef7c,13,10,3,23,0,1769405155,2026-01-26 00:27:08
77e31650-e86a-4b06-b2de-b92df2a7a7f5,27,8,19,1,0,1769405155,2026-01-26 00:27:08
1975518133370609774,65,60,5,34,0,1769405157,2026-01-26 00:27:08
7a1ad7c0-4958-4354-91a1-11bf13348abd,12,0,12,6,0,1769405157,2026-01-26 00:27:08
66de1fe7-0aca-11e7-82f6-3863bb44ef7c,16,1,15,4,0,1769405157,2026-01-26 00:27:08
af72ab76-c6cb-4994-af96-51fa8846ecdc,1,0,1,18,0,1769405157,2026-01-26 00:27:08
1b038e21-e199-4c47-bef0-f4bcdc06b73b,25,25,0,18,0,1769405156,2026-01-26 00:27:08
ca5cc034-a95d-446e-8314-6691589886b1,15,13,2,2,0,1769405156,2026-01-26 00:27:08
cbf76774-1276-4cf8-9442-f00571f1451c,22,22,0,9,0,1769405157,2026-01-26 00:27:08
42c3bb6e-0478-4e4a-af10-151f5f4dffb9,14,3,11,5,0,1769405158,2026-01-26 00:27:08
2c8b263e-952c-4941-a671-ef0ebb062632,18,2,16,1,0,1769405158,2026-01-26 00:27:08
64f0f28c-bedc-42d5-b107-ecdd48fc30cd,0,0,0,79,0,1769336792,2026-01-26 00:27:08
ba33c334-e17d-4478-ae3c-9c2f4dbfbb51,1,1,0,14,0,1769405154,2026-01-26 00:27:08
645e4365-653f-48ce-bc15-5fcc287be56f,7,3,4,58,0,1769405154,2026-01-26 00:27:08
98ebf9c6-1d94-4e21-9007-c623875fdb5e,12,1,11,4,0,1769405155,2026-01-26 00:27:08
1814901062206225038,7,0,7,12,0,1769405154,2026-01-26 00:27:08
66dd4d70-0aca-11e7-82f6-3863bb44ef7c,8,7,1,27,0,1769405155,2026-01-26 00:27:08
4e747443-d481-4aea-a6d1-cf20204af4ba,15,2,13,4,0,1769405153,2026-01-26 00:27:08
f523c481-ba41-44ba-96e1-0c431fbea558,8,6,2,15,0,1769405154,2026-01-26 00:27:08
1859438049977968878,19,4,15,8,0,1769405154,2026-01-26 00:27:08
4d24ab76-2f4a-4004-9fc5-09c00c1d9aa4,25,2,23,3,0,1769405154,2026-01-26 00:27:08
1814907590556515014,16,3,13,4,0,1769405154,2026-01-26 00:27:08
2138075988152462096,12,0,12,4,0,1769405155,2026-01-26 00:27:08
493850bd-125b-49f5-932b-bf999504fb06,1,0,1,17,0,1769405156,2026-01-26 00:27:08
a2ef8ed2-6031-4049-b7dc-9838ef39889b,12,0,12,6,0,1769405156,2026-01-26 00:27:08
563389a0-d90f-4155-9c50-528459df26aa,13,5,8,10,0,1769405156,2026-01-26 00:27:08
1917312704757770810,13,9,4,25,0,1769405156,2026-01-26 00:27:08
5a24acbb-94ef-4cb5-9db8-f6073ac26a2b,3,3,0,17,0,1769405156,2026-01-26 00:27:08
e9575102-1081-4c30-8d15-ea95913579e2,3,3,0,13,0,1769405156,2026-01-26 00:27:08
2124425439157234232,5,3,2,8,0,1769405159,2026-01-26 00:27:08
e9b3a725-6963-4151-8f7f-9beeb51fa20f,2,2,0,13,0,1769405158,2026-01-26 00:27:08
66dd1d9c-0aca-11e7-82f6-3863bb44ef7c,24,4,20,3,0,1769405158,2026-01-26 00:27:08
816e50eb-dc4b-47dc-b773-154e2020cb0d,0,0,0,19,0,1769405158,2026-01-26 00:27:08
c190f78c-77ad-469e-aecc-e2af7bb6d92a,20,2,18,0,0,1769405158,2026-01-26 00:27:08
e152a2e1-c510-404e-a100-24246bb6cc95,5,2,3,11,0,1769405158,2026-01-26 00:27:08
53ef19c6-eaa7-47f7-807e-f51b574b1be0,10,0,10,7,0,1769405158,2026-01-26 00:27:08
66dbc420-0aca-11e7-82f6-3863bb44ef7c,29,12,17,21,0,1769405158,2026-01-26 00:27:08
66dc7ba2-0aca-11e7-82f6-3863bb44ef7c,14,5,9,13,0,1769405159,2026-01-26 00:27:08
66dc8db1-0aca-11e7-82f6-3863bb44ef7c,47,5,42,8,0,1769405158,2026-01-26 00:27:08
ab5c5ee6-9c4e-4aaa-a14e-d236d3e01d9a,0,0,0,0,0,86400,2026-01-26 00:27:08
a93cb1ec-fb37-4faf-a7e7-d1e5a9e9af95,0,0,0,0,0,86400,2026-01-26 00:27:08
32c60668-a192-4d06-aa7c-6d6f7aed6b45,0,0,0,0,0,86400,2026-01-26 00:27:08
fd0e86e3-079d-40aa-8231-ec2cbdbd9e7f,0,0,0,0,0,86400,2026-01-26 00:27:08
d67375ea-3f93-4996-b0dc-f542341f2e6a,0,0,0,0,0,86400,2026-01-26 00:27:08
2171903221356328154,0,0,0,0,0,86400,2026-01-26 00:27:08
2171903733697659376,0,0,0,0,0,86400,2026-01-26 00:27:08
2171903845366809074,0,0,0,0,0,86400,2026-01-26 00:27:08
2177015593774932282,0,0,0,0,0,86400,2026-01-26 00:27:08
2177016792070807878,0,0,0,0,0,86400,2026-01-26 00:27:08
d2024260-cc58-451b-9417-3a695f8a1b34,0,0,0,0,0,1767211364,2026-01-26 00:27:08
e666a344-1afb-4512-b2e9-2fc5ed71be2b,7,6,1,15,0,1769405059,2026-01-26 00:27:08
66dde3b1-0aca-11e7-82f6-3863bb44ef7c,20,9,11,13,0,1769405060,2026-01-26 00:27:08
66dc48ef-0aca-11e7-82f6-3863bb44ef7c,23,21,2,40,0,1769405058,2026-01-26 00:27:08
4168e5a4-c7ec-4045-bfc8-84ac5edbe845,39,32,7,3,0,1769405058,2026-01-26 00:27:08
40914c6b-293d-49ac-b83a-d9d4af998aea,2,0,2,15,0,1769405055,2026-01-26 00:27:08
4775fd25-2240-44d7-884a-d777d15a9b5e,5,4,1,14,0,1769405056,2026-01-26 00:27:08
8f672aa7-08a1-4fe2-a471-06f219c0eb1b,4,1,3,10,0,1769405056,2026-01-26 00:27:08
a70b26b7-fbad-4787-bf15-29f7b13a19ab,6,3,3,13,0,1769405058,2026-01-26 00:27:08
1898455214498195676,0,0,0,20,0,1769405060,2026-01-26 00:27:08
0cde9bcd-0dcb-45dc-9c9a-3e5485b5452e,1,0,1,19,0,1769405060,2026-01-26 00:27:08
06f0d251-e1e3-435c-8c5f-9b991a14ca4a,1,1,0,22,0,1769405061,2026-01-26 00:27:08
dadd2084-d844-46f5-b7a4-128d31eeba8e,1,1,0,16,0,1769405061,2026-01-26 00:27:08
a23a40c3-6da5-4b0f-bb6b-8bfc01ec2261,7,0,7,11,0,1769405061,2026-01-26 00:27:08
40eaa69a-d3ab-48fc-b395-b5bdc6a1aa85,13,8,5,5,0,1769405062,2026-01-26 00:27:08
d0b87aa7-7e19-40d2-8f7d-6a622e6ac391,7,1,6,14,0,1769405062,2026-01-26 00:27:08
1843486597735840252,14,1,13,8,0,1769405061,2026-01-26 00:27:08
36025f2c-ee4d-4c1a-832d-733cf37f98ef,2,1,1,27,0,1769405062,2026-01-26 00:27:08
e982e1cb-7e7b-4769-85b8-565925200654,6,0,6,14,0,1769405062,2026-01-26 00:27:08
1828967346753327602,9,4,5,9,0,1769405062,2026-01-26 00:27:08
ecbfcdb7-fffc-4d45-bed2-1510fd45834d,6,1,5,10,0,1769405062,2026-01-26 00:27:08
2b33334b-243c-4a16-a6d2-32304c8884f1,2,2,0,16,0,1769405061,2026-01-26 00:27:08
9d23b0e9-a478-407c-a0e0-0aff1b0398fc,0,0,0,20,0,1769405051,2026-01-26 00:27:08
a958a8af-a0cc-4bca-9114-93c74ce3c693,5,5,0,17,0,1769405051,2026-01-26 00:27:08
66de1bc3-0aca-11e7-82f6-3863bb44ef7c,6,4,2,50,0,1769405051,2026-01-26 00:27:08
66de3fde-0aca-11e7-82f6-3863bb44ef7c,11,11,0,10,0,1769405051,2026-01-26 00:27:08
afd76a0e-ceb8-4d18-a427-b378c4d07a75,21,2,19,6,0,1769405053,2026-01-26 00:27:08
2cd651e7-1e3a-4cd9-8fd1-a2416e032f6e,0,0,0,23,0,1769405053,2026-01-26 00:27:08
cf284d60-23e7-49ec-91dc-8bfedb59cb6a,17,1,16,1,0,1769405053,2026-01-26 00:27:08
4d674595-187c-417c-a691-676c4446c9fc,14,8,6,2,0,1769405053,2026-01-26 00:27:08
2111353842893366258,3,2,1,30,0,1769405054,2026-01-26 00:27:08
66dc9143-0aca-11e7-82f6-3863bb44ef7c,24,7,17,10,0,1769405055,2026-01-26 00:27:08
1817431953833509324,5,2,3,15,0,1769405050,2026-01-26 00:27:08
8a13182a-4823-4fe7-afcd-a4ef0b134ed9,2,0,2,17,0,1769405050,2026-01-26 00:27:08
66db631c-0aca-11e7-82f6-3863bb44ef7c,65,58,7,7,0,1769405049,2026-01-26 00:27:08
46dca5c6-7bd3-4a4f-aa1e-33aa66652294,17,3,14,11,0,1769405049,2026-01-26 00:27:08
7f8cb36a-2bf4-4d57-afbd-331310f25355,16,1,15,17,0,1769405049,2026-01-26 00:27:08
1947001743402778700,5,2,3,16,0,1769405052,2026-01-26 00:27:08
e73cf71b-db05-44f9-b57a-689d65320d68,3,0,3,26,0,1769405052,2026-01-26 00:27:08
eb8fcff2-6f58-4724-b564-ebc9a8d374d8,16,0,16,3,0,1769405052,2026-01-26 00:27:08
66db89a3-0aca-11e7-82f6-3863bb44ef7c,67,1,66,3,0,1769405053,2026-01-26 00:27:08
54782566-697b-497e-a503-dc1f39963eb2,11,9,2,12,0,1769405064,2026-01-26 00:27:08
0927e331-866f-4d99-99b4-04edde99117a,10,9,1,29,0,1769405064,2026-01-26 00:27:08
760ebaea-f7c7-45ad-aa3b-395d97adcf8f,10,7,3,12,0,1769405064,2026-01-26 00:27:08
3db2fa34-0b56-4644-9ae9-bbee1583e717,10,3,7,14,0,1769405065,2026-01-26 00:27:08
2018303498843153278,17,11,6,10,0,1769405065,2026-01-26 00:27:08
66dd4f31-0aca-11e7-82f6-3863bb44ef7c,29,14,15,5,0,1769405065,2026-01-26 00:27:08
398aa734-3893-4dba-a704-57ae8632c4f9,7,2,5,7,0,1769405065,2026-01-26 00:27:08
1813395029173762108,35,32,3,4,0,1769405066,2026-01-26 00:27:08
1838685618105506490,0,0,0,18,0,1769405067,2026-01-26 00:27:08
66dcf023-0aca-11e7-82f6-3863bb44ef7c,7,2,5,10,0,1769405067,2026-01-26 00:27:08
1198e739-787c-4ce4-aa63-ffaf98506e9c,0,0,0,62,0,1769405063,2026-01-26 00:27:08
8f72fe26-98aa-4e87-a612-9ae0eb1d9a38,16,3,13,5,0,1769405063,2026-01-26 00:27:08
1854538793462575652,10,5,5,5,0,1769405063,2026-01-26 00:27:08
66dd455e-0aca-11e7-82f6-3863bb44ef7c,28,26,2,9,0,1769405075,2026-01-26 00:27:08
3f031133-ec95-4a92-9d63-2ae28183f498,10,10,0,8,0,1769405076,2026-01-26 00:27:08
66dbca0f-0aca-11e7-82f6-3863bb44ef7c,41,34,7,14,0,1769405076,2026-01-26 00:27:08
9b7e3b8b-97ef-4038-820c-7cd1c1a34fc7,15,7,8,9,0,1769405076,2026-01-26 00:27:08
1869753340438110380,6,1,5,11,0,1769405077,2026-01-26 00:27:08
66db9cc4-0aca-11e7-82f6-3863bb44ef7c,13,1,12,26,0,1769405077,2026-01-26 00:27:08
1834145868297717964,8,2,6,11,0,1769405077,2026-01-26 00:27:08
1833865926273309136,13,11,2,46,0,1769405073,2026-01-26 00:27:08
1828964993433043090,13,0,13,5,0,1769405073,2026-01-26 00:27:08
2121032507515216178,7,0,7,2,0,1769405073,2026-01-26 00:27:08
77463580-6421-403d-b170-f2660c216175,5,5,0,18,0,1769405074,2026-01-26 00:27:08
1834145468418707676,12,1,11,6,0,1769405075,2026-01-26 00:27:08
66db4282-0aca-11e7-82f6-3863bb44ef7c,67,25,42,8,0,1769405075,2026-01-26 00:27:08
e4980fd0-e540-40ca-acba-c2a74f3294fc,0,0,0,23,0,1769405075,2026-01-26 00:27:08
1908785111291682996,8,1,7,10,0,1769405075,2026-01-26 00:27:08
1815967674683118258,20,0,20,3,0,1769405078,2026-01-26 00:27:08
66de1c33-0aca-11e7-82f6-3863bb44ef7c,29,28,1,9,0,1769405078,2026-01-26 00:27:08
52dd11f4-bbd0-49ab-912b-06fac40d275d,21,12,9,7,0,1769405077,2026-01-26 00:27:08
bc512527-7863-48d5-aea8-3de470abc1ee,3,1,2,13,0,1769405078,2026-01-26 00:27:08
1828965887815635862,8,5,3,13,0,1769405037,2026-01-26 00:27:08
66dbf062-0aca-11e7-82f6-3863bb44ef7c,23,9,14,16,0,1769405041,2026-01-26 00:27:08
fea72f55-d296-47af-9446-149688dcccbd,2,1,1,17,0,1769405041,2026-01-26 00:27:08
66dcf640-0aca-11e7-82f6-3863bb44ef7c,21,7,14,1,0,1769405038,2026-01-26 00:27:08
868586b3-ddc7-4b4b-9bed-a1e487033aaa,27,0,27,18,0,1769405038,2026-01-26 00:27:08
66dcbf69-0aca-11e7-82f6-3863bb44ef7c,6,5,1,14,0,1769405039,2026-01-26 00:27:08
c02864f0-2611-440b-98f4-45fddfd545fe,18,3,15,1,0,1769405039,2026-01-26 00:27:08
85ba92ab-8d0a-4d17-9d07-0173e16d3b6d,1,0,1,18,0,1769405040,2026-01-26 00:27:08
c0a3b8fe-ba64-4cbb-b010-f760998d6c3a,4,3,1,13,0,1769405042,2026-01-26 00:27:08
1864606193814670106,6,1,5,19,0,1769405043,2026-01-26 00:27:08
1864605659096685518,2,2,0,17,0,1769405043,2026-01-26 00:27:08
66de88d7-0aca-11e7-82f6-3863bb44ef7c,18,13,5,29,0,1769405044,2026-01-26 00:27:08
66db5e6a-0aca-11e7-82f6-3863bb44ef7c,9,8,1,10,0,1769405047,2026-01-26 00:27:08
1854255035042870020,15,4,11,3,0,1769405047,2026-01-26 00:27:08
a90e9ad3-4347-4fa4-b031-9bf1f69ce049,0,0,0,18,0,1769405047,2026-01-26 00:27:08
66db8ca4-0aca-11e7-82f6-3863bb44ef7c,42,35,7,19,0,1769405043,2026-01-26 00:27:08
35b8b636-18d3-4860-b0a9-39c0bce96a10,8,1,7,19,0,1769405044,2026-01-26 00:27:08
bde94a25-6089-4490-af3a-8cc5702230b8,88,78,10,9,0,1769405046,2026-01-26 00:27:08
29223935-a682-411c-9f25-577bbb9804fc,20,1,19,0,0,1769405045,2026-01-26 00:27:08
e10a6e12-d98c-4625-940a-9f83d9b2f6c4,19,5,14,0,0,1769405042,2026-01-26 00:27:08
f72a253f-3cef-4da8-9591-0cbd3a692162,11,7,4,29,0,1769405068,2026-01-26 00:27:08
a82cc641-0926-4a63-b488-7060ab7dcd74,3,1,2,28,0,1769405069,2026-01-26 00:27:08
1848241425697670086,34,2,32,1,0,1769405069,2026-01-26 00:27:08
1893519215751496610,30,1,29,0,0,1769405071,2026-01-26 00:27:08
514afe43-84d4-4941-8281-75a93c5cd365,4,0,4,11,0,1769405071,2026-01-26 00:27:08
1945126257666675246,7,4,3,12,0,1769405072,2026-01-26 00:27:08
66db79a3-0aca-11e7-82f6-3863bb44ef7c,0,0,0,1,0,1769378794,2026-01-26 00:27:08
b47e5ffd-4215-4476-a89b-ebe52111f763,0,0,0,2,0,1769358716,2026-01-26 00:27:08
1819720453019329398,7,2,5,14,0,1769405070,2026-01-26 00:27:08
9ac5758f-0419-4e28-8387-6bcd28db17fa,9,1,8,8,0,1769405070,2026-01-26 00:27:08
189f573b-a2d0-40d2-af15-83c5015d93e2,1,1,0,21,0,1769405069,2026-01-26 00:27:08
9a37d8a1-990b-484c-9603-262dbd1165cc,3,2,1,15,0,1769405073,2026-01-26 00:27:08
66db3997-0aca-11e7-82f6-3863bb44ef7c,26,10,16,50,0,1769405069,2026-01-26 00:27:08
923a60f7-2a0e-4a31-8dd5-66c8518c929e,5,2,3,12,0,1769405080,2026-01-26 00:27:08
66db269c-0aca-11e7-82f6-3863bb44ef7c,25,20,5,8,0,1769405079,2026-01-26 00:27:08
cd72b9da-b7c6-4785-92b5-0fb2130f0d7b,20,19,1,2,0,1769405083,2026-01-26 00:27:08
2098359443836787630,5,4,1,67,0,1769405083,2026-01-26 00:27:08
66dd18dd-0aca-11e7-82f6-3863bb44ef7c,21,13,8,4,0,1769405084,2026-01-26 00:27:08
66db479e-0aca-11e7-82f6-3863bb44ef7c,23,6,17,15,0,1769405084,2026-01-26 00:27:08
7380e377-936d-47d7-8abe-0f666d47465e,1,1,0,19,0,1769405081,2026-01-26 00:27:08
ebce9ecb-9678-4c42-89d7-08e54bc6fe90,1,1,0,17,0,1769405081,2026-01-26 00:27:08
94bcf812-5cff-460c-841f-54876ed1e7a4,1,1,0,17,0,1769405082,2026-01-26 00:27:08
66db3f62-0aca-11e7-82f6-3863bb44ef7c,17,3,14,35,0,1769405083,2026-01-26 00:27:08
bb0ce308-e5d9-48c7-9f4b-cf0120f2c39a,2,2,0,20,0,1769405080,2026-01-26 00:27:08
f54ad1f8-fe58-49ac-82ae-b742aec66829,41,39,2,33,0,1769405080,2026-01-26 00:27:08
ea9a19a6-acea-4286-a723-b5481c90a3c0,18,1,17,0,0,1769405086,2026-01-26 00:27:08
80969478-8dbc-42e1-8e16-ac0132a431c2,23,2,21,1,0,1769405086,2026-01-26 00:27:08
9991b75b-a9ba-4abc-bf84-0108291be05a,16,9,7,8,0,1769405086,2026-01-26 00:27:08
66de4f9c-0aca-11e7-82f6-3863bb44ef7c,13,2,11,9,0,1769405086,2026-01-26 00:27:08
1786687245202023014,30,13,17,1,0,1769405084,2026-01-26 00:27:08
a37bd0e0-d1e9-4302-9ff7-286e415aff1c,13,2,11,3,0,1769405085,2026-01-26 00:27:08
1835247745828931742,0,0,0,20,0,1769405088,2026-01-26 00:27:08
66dd266a-0aca-11e7-82f6-3863bb44ef7c,22,12,10,12,0,1769405088,2026-01-26 00:27:08
55146e49-9bc4-4f13-bdf7-25422342b638,0,0,0,17,0,1769405088,2026-01-26 00:27:08
f882ccc8-45aa-426b-aef6-514fe1d3d9cc,19,1,18,9,0,1769405089,2026-01-26 00:27:08
7f3aa940-18ef-4900-89dc-cdb05f693f31,7,1,6,12,0,1769405089,2026-01-26 00:27:08
330ee4e3-29cb-48e5-845f-a8ccf1aa2ce6,3,3,0,21,0,1769405089,2026-01-26 00:27:08
4543214c-c9d4-4f20-9cd9-dd05cc365931,19,19,0,26,0,1769405089,2026-01-26 00:27:08
66de269c-0aca-11e7-82f6-3863bb44ef7c,18,16,2,16,0,1769405089,2026-01-26 00:27:08
2132211694027383298,12,6,6,2,0,1769405085,2026-01-26 00:27:08
199ea9dd-8f7e-4e05-a730-55edaacd8787,11,7,4,46,0,1769405085,2026-01-26 00:27:08
9b4a92ae-cefe-467a-8e35-5ce02d4f3a45,8,1,7,9,0,1769405088,2026-01-26 00:27:08
66ddef96-0aca-11e7-82f6-3863bb44ef7c,0,0,0,9,0,1769351316,2026-01-26 00:27:08
66dd243c-0aca-11e7-82f6-3863bb44ef7c,28,4,24,40,0,1769405091,2026-01-26 00:27:08
2121032708855884414,7,0,7,8,0,1769405092,2026-01-26 00:27:08
2bf9addc-038b-48fe-8794-dde085c5e5dc,15,7,8,34,0,1769405091,2026-01-26 00:27:08
fe65853e-b20a-4250-9677-2aa177283b72,12,4,8,7,0,1769405092,2026-01-26 00:27:08
66db3708-0aca-11e7-82f6-3863bb44ef7c,27,8,19,9,0,1769405092,2026-01-26 00:27:08
5600446d-a00a-45e6-9dc3-550adfd63e39,1,1,0,17,0,1769405092,2026-01-26 00:27:08
6651fc84-09d1-4cdb-a8d5-7d6345fb3466,7,0,7,9,0,1769405092,2026-01-26 00:27:08
1827839088308194240,99,92,7,13,0,1769405093,2026-01-26 00:27:08
66dc8bfd-0aca-11e7-82f6-3863bb44ef7c,9,0,9,45,0,1769405093,2026-01-26 00:27:08
1865017865553426604,12,2,10,4,0,1769405090,2026-01-26 00:27:08
1845677022981917240,11,0,11,8,0,1769405090,2026-01-26 00:27:08
1851674088959433552,6,2,4,13,0,1769405090,2026-01-26 00:27:08
7f6674c4-5568-4766-b172-0385348ae184,1,1,0,16,0,1769405090,2026-01-26 00:27:08
66db33fc-0aca-11e7-82f6-3863bb44ef7c,8,7,1,60,0,1769405090,2026-01-26 00:27:08
efa2a82f-eb4a-4b82-a602-6c42cb984101,6,0,6,10,0,1769405090,2026-01-26 00:27:08
b7d7543b-74ac-4a48-a3c4-412f9ffbc727,8,2,6,16,0,1769405093,2026-01-26 00:27:08
c9cd8c29-7f0b-4979-9a0e-bec4613d2600,0,0,0,20,0,1769405093,2026-01-26 00:27:08
1880643497376459348,13,13,0,11,0,1769405093,2026-01-26 00:27:08
1861683747231494964,3,2,1,13,0,1769405094,2026-01-26 00:27:08
1860188069348460678,17,2,15,1,0,1769405094,2026-01-26 00:27:08
1885718199416500650,9,0,9,12,0,1769405094,2026-01-26 00:27:08
c29c9178-bcb1-4c0c-b789-f4a89512a4e4,3,0,3,15,0,1769405095,2026-01-26 00:27:08
5f7ac86c-1a98-4603-8749-4bb83ac84acd,0,0,0,17,0,1769382644,2026-01-26 00:27:08
1854537815365165328,0,0,0,18,0,1769405097,2026-01-26 00:27:08
66de103b-0aca-11e7-82f6-3863bb44ef7c,8,0,8,13,0,1769405097,2026-01-26 00:27:08
66dc24b8-0aca-11e7-82f6-3863bb44ef7c,52,17,35,18,0,1769405097,2026-01-26 00:27:08
956de8aa-9e06-4efb-8eb0-35fe9b274a48,12,12,0,5,0,1769405097,2026-01-26 00:27:08
2009671276352543716,8,8,0,10,0,1769405098,2026-01-26 00:27:08
7cb65297-c880-459a-b054-4e059576c02a,4,2,2,15,0,1769405098,2026-01-26 00:27:08
d9bc0b3e-1af8-4cb6-a082-8ef1245ef329,7,2,5,20,0,1769405098,2026-01-26 00:27:08
66dd51e6-0aca-11e7-82f6-3863bb44ef7c,5,3,2,72,0,1769405098,2026-01-26 00:27:08
8d2eff37-be09-4b46-a95d-abff89e16d56,9,1,8,9,0,1769405099,2026-01-26 00:27:08
d7f55e1b-12db-49d1-9cd8-4fb464745841,16,2,14,11,0,1769405095,2026-01-26 00:27:08
81640d04-c36a-4fb1-98b0-85be10be516c,5,0,5,13,0,1769405096,2026-01-26 00:27:08
68827e5f-ed28-45de-99bf-66093a8c504f,2,1,1,18,0,1769405096,2026-01-26 00:27:08
1815968422007427668,8,3,5,11,0,1769405096,2026-01-26 00:27:08
514f3dda-4d08-464c-b2d4-5706d400065a,5,2,3,8,0,1769405096,2026-01-26 00:27:08
79399e32-a6c6-4732-8ad4-9f9140a86b21,10,5,5,11,0,1769405097,2026-01-26 00:27:08
c530a1cb-7c60-4651-be8a-9bfa5eb43f8a,14,5,9,15,0,1769405096,2026-01-26 00:27:08
66dd20eb-0aca-11e7-82f6-3863bb44ef7c,6,2,4,24,0,1769405097,2026-01-26 00:27:08
1843486390605672640,7,1,6,16,0,1769405097,2026-01-26 00:27:08
ed5c92f1-3293-4385-9e2b-9b716a096a19,23,20,3,38,0,1769405099,2026-01-26 00:27:08
66dd43bd-0aca-11e7-82f6-3863bb44ef7c,7,7,0,37,0,1769405100,2026-01-26 00:27:08
cc7b86cf-a2fb-4738-b967-de7b197dc930,3,1,2,33,0,1769405100,2026-01-26 00:27:08
1849008925260421550,18,6,12,1,0,1769405100,2026-01-26 00:27:08
66dc481a-0aca-11e7-82f6-3863bb44ef7c,56,31,25,14,0,1769405100,2026-01-26 00:27:08
c56739c2-b310-4d73-ab0e-b6036abd9561,22,4,18,3,0,1769405102,2026-01-26 00:27:08
1849009244468810224,16,2,14,0,0,1769405102,2026-01-26 00:27:08
66dd2786-0aca-11e7-82f6-3863bb44ef7c,20,3,17,3,0,1769405103,2026-01-26 00:27:08
d52d4171-fd60-4a28-b7e2-89f3693e0591,10,0,10,7,0,1769405103,2026-01-26 00:27:08
1815967051912860522,24,1,23,4,0,1769405110,2026-01-26 00:27:08
2121032193446634360,3,0,3,7,0,1769405110,2026-01-26 00:27:08
66dc1d0c-0aca-11e7-82f6-3863bb44ef7c,17,17,0,9,0,1769405111,2026-01-26 00:27:08
b319c797-71ff-490c-b965-ba2ac0f50da0,1,1,0,17,0,1769405103,2026-01-26 00:27:08
1786697528321024934,28,2,26,14,0,1769405103,2026-01-26 00:27:08
d8e02e7b-632b-4fbe-95b9-80efa47473e3,4,3,1,17,0,1769405104,2026-01-26 00:27:08
5eac53d0-5510-441a-9dbb-76bd38acf4ef,3,0,3,13,0,1769405103,2026-01-26 00:27:08
6a52ceae-3b97-487a-9438-de844bfbf1c2,9,9,0,9,0,1769405104,2026-01-26 00:27:08
ddc8ca6c-dceb-4603-ab1e-4bd972ca2a3d,8,1,7,6,0,1769405100,2026-01-26 00:27:08
e72f0aec-2293-4636-988c-b9d30df092f8,15,11,4,25,0,1769405101,2026-01-26 00:27:08
a76299eb-73f7-401c-aa8b-edff9ef003bd,5,0,5,32,0,1769405101,2026-01-26 00:27:08
5d994b32-b7a5-450d-9bbb-93bf3b03e6d5,1,0,1,16,0,1769405102,2026-01-26 00:27:08
d837d1b0-8f80-4f6c-ae45-5dd0deec6977,19,8,11,3,0,1769405102,2026-01-26 00:27:08
f06c01c3-fd7f-443c-a0c7-fc9233d77f6a,0,0,0,21,0,1769405102,2026-01-26 00:27:08
1851254360969534132,0,0,0,22,0,1769405109,2026-01-26 00:27:08
1880643915885220532,3,0,3,25,0,1769405109,2026-01-26 00:27:08
1846085533896197012,17,1,16,0,0,1769405107,2026-01-26 00:27:08
66de110b-0aca-11e7-82f6-3863bb44ef7c,34,21,13,2,0,1769405108,2026-01-26 00:27:08
87091002-cc25-452a-b5d9-f8d0c3fce422,12,12,0,10,0,1769405095,2026-01-26 00:27:08
1945125910957847430,13,4,9,5,0,1769405107,2026-01-26 00:27:08
94624d6e-4150-4ab1-92ff-bf55cb58ab61,0,0,0,18,0,1769405137,2026-01-26 00:27:08
2124425670552673214,2,1,1,11,0,1769405137,2026-01-26 00:27:08
d08be53f-9691-4d6f-81f3-7d052abb7dd6,3,3,0,15,0,1769405138,2026-01-26 00:27:08
66dc9223-0aca-11e7-82f6-3863bb44ef7c,13,6,7,73,0,1769405137,2026-01-26 00:27:08
66ddea2a-0aca-11e7-82f6-3863bb44ef7c,35,5,30,34,0,1769405136,2026-01-26 00:27:08
1882735457106787122,15,10,5,10,0,1769405136,2026-01-26 00:27:08
1875023224873448258,13,3,10,5,0,1769405136,2026-01-26 00:27:08
fec4aa1b-9fc1-4dd9-ab39-c1d7370a6e54,7,2,5,13,0,1769405136,2026-01-26 00:27:08
2142879839954225698,8,0,8,8,0,1769405136,2026-01-26 00:27:08
1786699974232881542,3,1,2,16,0,1769405136,2026-01-26 00:27:08
785b3e6b-dab5-4d25-afab-e2a1ef918669,19,17,2,6,0,1769405140,2026-01-26 00:27:08
1856847127505992556,1,0,1,2,0,1769405141,2026-01-26 00:27:08
3f878b81-324e-4673-9221-43d34647e76f,9,2,7,9,0,1769405138,2026-01-26 00:27:08
2142879485385917038,16,13,3,11,0,1769405138,2026-01-26 00:27:08
17ba4945-b202-4667-965f-211d80622646,5,4,1,17,0,1769405138,2026-01-26 00:27:08
0e5be726-2452-42a0-9be8-ea85c8408e4c,6,3,3,16,0,1769405139,2026-01-26 00:27:08
6ca15d94-897a-4c81-ab47-366829afb7c4,10,6,4,10,0,1769405139,2026-01-26 00:27:08
1820420022433309054,17,4,13,3,0,1769405139,2026-01-26 00:27:08
66ddbd20-0aca-11e7-82f6-3863bb44ef7c,81,71,10,12,0,1769405139,2026-01-26 00:27:08
989fdf95-cfb9-475c-ba0c-3152fd3a16e0,16,15,1,0,0,1769405139,2026-01-26 00:27:08
50575cba-95ac-4134-9da1-3eec8253afc4,3,3,0,35,0,1769405140,2026-01-26 00:27:08
bb6bba3f-19a0-4ebb-a454-4ac678d9d62d,3,0,3,15,0,1769405140,2026-01-26 00:27:08
fac701fb-c433-496e-933b-ea137dbe7fe1,1,0,1,16,0,1769405135,2026-01-26 00:27:08
1817432954560889524,5,0,5,12,0,1769405135,2026-01-26 00:27:08
1804894168423871442,15,2,13,10,0,1769405135,2026-01-26 00:27:08
1871972060496771504,1,1,0,14,0,1769405140,2026-01-26 00:27:08
02fb0f6a-b1dc-4e1c-97f8-fe70462670a3,25,3,22,0,0,1769405141,2026-01-26 00:27:08
2436e886-dc53-47cb-8733-d663f9dcd922,4,2,2,17,0,1769405141,2026-01-26 00:27:08
66dbcdfc-0aca-11e7-82f6-3863bb44ef7c,2,2,0,55,0,1769405141,2026-01-26 00:27:08
2126623199408050430,6,0,6,9,0,1769405139,2026-01-26 00:27:08
9b721468-3b28-429d-9e13-580cdf00a6a4,19,1,18,3,0,1769405145,2026-01-26 00:27:08
66db46d7-0aca-11e7-82f6-3863bb44ef7c,18,13,5,12,0,1769405145,2026-01-26 00:27:08
1860188607062574024,0,0,0,18,0,1769405146,2026-01-26 00:27:08
66dc79e6-0aca-11e7-82f6-3863bb44ef7c,3,0,3,16,0,1769405146,2026-01-26 00:27:08
77b21502-a7a2-40b4-8f3e-f9c6c6ef0939,11,0,11,14,0,1769405144,2026-01-26 00:27:08
2124426189188761638,10,7,3,0,0,1769405144,2026-01-26 00:27:08
5e93b806-08e1-4ef9-98ae-d3dda20e0469,4,2,2,15,0,1769405145,2026-01-26 00:27:08
66dc82ef-0aca-11e7-82f6-3863bb44ef7c,3,0,3,59,0,1769405145,2026-01-26 00:27:08
66dc22a7-0aca-11e7-82f6-3863bb44ef7c,11,3,8,29,0,1769405145,2026-01-26 00:27:08
0eacb768-c7d5-4499-9182-9a1331d9280c,29,1,28,1,0,1769405145,2026-01-26 00:27:08
1814900752968579218,12,4,8,9,0,1769405145,2026-01-26 00:27:08
b9c209b2-6284-4f5a-a32a-680ef9da1c1f,0,0,0,18,0,1769405143,2026-01-26 00:27:08
6ae35aa8-644e-4b2c-b6a4-6570192f78ab,16,0,16,13,0,1769405143,2026-01-26 00:27:08
66dcca0d-0aca-11e7-82f6-3863bb44ef7c,6,0,6,14,0,1769405144,2026-01-26 00:27:08
64de0666-b9ab-404e-a16b-03e449bb5b4d,2,2,0,14,0,1769405144,2026-01-26 00:27:08
7a771842-c090-4da1-8c13-72b7f4f50a87,29,10,19,5,0,1769405144,2026-01-26 00:27:08
1814900898997467540,13,2,11,8,0,1769405146,2026-01-26 00:27:08
2127386600787000162,0,0,0,25,0,1769405146,2026-01-26 00:27:08
1838070626762830158,4,2,2,15,0,1769405114,2026-01-26 00:27:08
66dc85bb-0aca-11e7-82f6-3863bb44ef7c,33,22,11,2,0,1769405114,2026-01-26 00:27:08
2121032035614514006,7,0,7,1,0,1769405115,2026-01-26 00:27:08
0c923abb-298a-4a47-b132-9fae73cc59e6,0,0,0,3,0,1769365296,2026-01-26 00:27:08
1975559886658995034,0,0,0,23,0,1769405118,2026-01-26 00:27:08
66db7a0d-0aca-11e7-82f6-3863bb44ef7c,43,22,21,9,0,1769405119,2026-01-26 00:27:08
4a4c7548-2466-48ef-8d7e-0aa4d6acb69e,2,2,0,15,0,1769405119,2026-01-26 00:27:08
c37931bb-8571-4671-a9a8-f3cf23897680,60,20,40,32,0,1769405119,2026-01-26 00:27:08
b1e496f1-43cf-48d0-be49-ab0d760c00bf,2,1,1,23,0,1769405121,2026-01-26 00:27:08
0197e9da-ae03-40a7-8270-fe500bfc9e18,3,2,1,13,0,1769405121,2026-01-26 00:27:08
1860189190334925058,5,3,2,16,0,1769405121,2026-01-26 00:27:08
679dcf08-d88c-4d1b-b81d-fe9f4aabbff7,10,2,8,14,0,1769405121,2026-01-26 00:27:08
1843486189591985058,4,0,4,18,0,1769405117,2026-01-26 00:27:08
66db6889-0aca-11e7-82f6-3863bb44ef7c,17,11,6,15,0,1769405117,2026-01-26 00:27:08
66dc7de9-0aca-11e7-82f6-3863bb44ef7c,76,37,39,36,0,1769405122,2026-01-26 00:27:08
1876864480506022446,14,0,14,6,0,1769405121,2026-01-26 00:27:08
99142ec8-c0e7-47ca-916c-c1097d48e133,22,9,13,19,0,1769405122,2026-01-26 00:27:08
ccaadb70-6c87-4ccc-9914-a3167bd1bc0e,6,1,5,25,0,1769405117,2026-01-26 00:27:08
92a51669-deec-45a9-8494-fafdf6356c51,15,0,15,17,0,1769405118,2026-01-26 00:27:08
66db2e3a-0aca-11e7-82f6-3863bb44ef7c,28,17,11,26,0,1769405121,2026-01-26 00:27:08
1814906873296976512,2,1,1,17,0,1769405120,2026-01-26 00:27:08
1861680889400379678,10,7,3,5,0,1769405104,2026-01-26 00:27:08
c45aa693-fedd-478f-ade9-bf176c4e32ff,6,4,2,13,0,1769405105,2026-01-26 00:27:08
d946ce73-5487-4ab7-b429-cf873e9af5b5,16,2,14,2,0,1769405105,2026-01-26 00:27:08
94771406-6712-4508-9392-11e9d90e1185,17,12,5,2,0,1769405129,2026-01-26 00:27:08
c7ffe3fa-9cd6-4d35-9060-7d5822381442,8,5,3,67,0,1769405129,2026-01-26 00:27:08
3299ff79-36aa-42ef-b7f1-c40e95c8f570,20,3,17,22,0,1769405130,2026-01-26 00:27:08
52e81f02-b1f9-45d6-9e5c-e15277de1268,4,0,4,19,0,1769405130,2026-01-26 00:27:08
66de44ba-0aca-11e7-82f6-3863bb44ef7c,20,5,15,18,0,1769405129,2026-01-26 00:27:08
e6f3c665-0c87-4f34-a5e8-69baeed7b7bf,6,1,5,15,0,1769405130,2026-01-26 00:27:08
4753c893-e4bd-4d6a-bc4d-42209a19ebeb,3,3,0,14,0,1769405129,2026-01-26 00:27:08
db91c9e0-d80b-4cb4-9cc2-9453ec8fbeac,4,1,3,14,0,1769405130,2026-01-26 00:27:08
55ccb271-7035-422e-bee1-20e84caa0217,25,0,25,18,0,1769405131,2026-01-26 00:27:08
f3b359e2-7983-4aaf-b6b0-e3b7d30816a4,15,4,11,3,0,1769405131,2026-01-26 00:27:08
b30815c0-99b6-451b-be15-902992cb8abb,51,39,12,9,0,1769405132,2026-01-26 00:27:08
66dc741f-0aca-11e7-82f6-3863bb44ef7c,46,42,4,19,0,1769405132,2026-01-26 00:27:08
66dc8768-0aca-11e7-82f6-3863bb44ef7c,20,12,8,23,0,1769405132,2026-01-26 00:27:08
03872f6b-a522-4c41-a4f2-5d0c41779e7b,1,0,1,18,0,1769405132,2026-01-26 00:27:08
ace80a8c-6196-484e-8dd0-061e3c90389b,1,0,1,27,0,1769405132,2026-01-26 00:27:08
1786697166576476490,23,16,7,18,0,1769405130,2026-01-26 00:27:08
1877653505745721834,3,2,1,16,0,1769405131,2026-01-26 00:27:08
1906951766876655628,1,1,0,26,0,1769405130,2026-01-26 00:27:08
bf317efc-13f1-42be-8243-373a29354033,3,1,2,22,0,1769405130,2026-01-26 00:27:08
d11db4cd-f9bf-430b-ac19-104fef323b24,13,13,0,7,0,1769405131,2026-01-26 00:27:08
7d9a1b9e-0123-4561-a111-b3735fada687,5,0,5,19,0,1769405134,2026-01-26 00:27:08
be435dfd-e859-487c-ae32-3d2b76d49a49,13,2,11,4,0,1769405134,2026-01-26 00:27:08
852218fc-5e5b-4153-bc3f-03760b57e68a,3,1,2,19,0,1769405134,2026-01-26 00:27:08
c8060816-b4aa-4fd9-bc66-af28bf61dc87,6,5,1,15,0,1769405133,2026-01-26 00:27:08
8456b63c-37c6-49a6-8c02-bb6dcfc35041,12,6,6,8,0,1769405133,2026-01-26 00:27:08
62e2b1dd-ca52-4e1c-a112-1d8846b9d9b5,14,3,11,2,0,1769405128,2026-01-26 00:27:08
66dd3fc3-0aca-11e7-82f6-3863bb44ef7c,15,7,8,23,0,1769405128,2026-01-26 00:27:08
1817432233006383832,18,3,15,4,0,1769405128,2026-01-26 00:27:08
467e1de6-73a6-480f-9e83-fd1b03b71047,12,3,9,12,0,1769405129,2026-01-26 00:27:08
a6a132f9-89bf-42a4-afe6-1ca449b7f570,12,9,3,6,0,1769405129,2026-01-26 00:27:08
1838071090619298218,14,8,6,11,0,1769405129,2026-01-26 00:27:08
66dea52b-0aca-11e7-82f6-3863bb44ef7c,11,1,10,5,0,1769405116,2026-01-26 00:27:08
2010065065442370322,1,1,0,26,0,1769405116,2026-01-26 00:27:08
66de59bd-0aca-11e7-82f6-3863bb44ef7c,18,1,17,2,0,1769405117,2026-01-26 00:27:08
66dd4ac1-0aca-11e7-82f6-3863bb44ef7c,12,9,3,21,0,1769405117,2026-01-26 00:27:08
22e38a04-e70d-4484-bbf3-f6e8c64fdbd4,13,3,10,8,0,1769405117,2026-01-26 00:27:08
48b19cc8-bf45-4602-89ac-a8c0a0560c43,15,4,11,2,0,1769405115,2026-01-26 00:27:08
0ebdda6a-37e4-4ff4-94e8-3947f49d8e24,7,5,2,13,0,1769405116,2026-01-26 00:27:08
8e631be4-1e0c-4627-a261-18f0003d0ba2,12,11,1,30,0,1769405116,2026-01-26 00:27:08
1846086463217404850,21,9,12,4,0,1769405111,2026-01-26 00:27:08
1860187430946456420,2,1,1,16,0,1769405111,2026-01-26 00:27:08
66dbcf18-0aca-11e7-82f6-3863bb44ef7c,61,8,53,11,0,1769405106,2026-01-26 00:27:08
b930dd82-92d0-4d86-b896-7d8b827c2d5f,5,4,1,12,0,1769405106,2026-01-26 00:27:08
b9deb521-41b6-4f8a-ac78-0e58e3977f2c,11,5,6,15,0,1769405106,2026-01-26 00:27:08
66dc1e55-0aca-11e7-82f6-3863bb44ef7c,4,2,2,58,0,1769405106,2026-01-26 00:27:08
1934770108420609000,1,0,1,15,0,1769405108,2026-01-26 00:27:08
999865d2-0735-4e85-a9d4-00810231530e,7,2,5,16,0,1769405108,2026-01-26 00:27:08
16a4effc-282e-4053-b47b-31f734d50c08,14,5,9,10,0,1769405108,2026-01-26 00:27:08
31f340f3-3201-449e-b017-a26813aa448f,3,3,0,17,0,1769405109,2026-01-26 00:27:08
1836581441921155232,6,5,1,13,0,1769405113,2026-01-26 00:27:08
66dce4fc-0aca-11e7-82f6-3863bb44ef7c,12,0,12,13,0,1769405114,2026-01-26 00:27:08
66db3ba0-0aca-11e7-82f6-3863bb44ef7c,60,56,4,10,0,1769405114,2026-01-26 00:27:08
81a34754-ae08-47a6-964d-4733849a8fab,1,1,0,27,0,1769405112,2026-01-26 00:27:08
3bf69f3e-23f6-4abe-b5fe-dabe6b0ea066,5,3,2,18,0,1769405112,2026-01-26 00:27:08
33c533cd-5f0e-4c15-a00a-6a2bf1e2d077,22,12,10,35,0,1769405112,2026-01-26 00:27:08
66dd4bf7-0aca-11e7-82f6-3863bb44ef7c,11,4,7,27,0,1769405112,2026-01-26 00:27:08
c0a2d591-4eed-488b-b88b-0b23990e3756,17,2,15,3,0,1769405112,2026-01-26 00:27:08
5f2766b0-362e-49e5-ab09-05e2c4b6f626,1,1,0,17,0,1769405117,2026-01-26 00:27:08
66dbebad-0aca-11e7-82f6-3863bb44ef7c,36,33,3,16,0,1769405113,2026-01-26 00:27:08
66dc9068-0aca-11e7-82f6-3863bb44ef7c,9,8,1,60,0,1769405153,2026-01-26 00:27:08
1887292564377354448,9,7,2,20,0,1769405153,2026-01-26 00:27:08
426862de-f8f2-4967-ba41-76680a4b460c,2,2,0,17,0,1769405153,2026-01-26 00:27:08
9c2a741d-7f3e-4aa1-b58b-db5c3e6bcb20,2,1,1,25,0,1769405154,2026-01-26 00:27:08
66ddb6d9-0aca-11e7-82f6-3863bb44ef7c,49,9,40,16,0,1769405154,2026-01-26 00:27:08
1838618090943186984,20,0,20,2,0,1769405154,2026-01-26 00:27:08
a724eb92-55ca-4b9f-9a87-c2e87b3cbd40,1,1,0,19,0,1769405154,2026-01-26 00:27:08
66dc3f08-0aca-11e7-82f6-3863bb44ef7c,100,70,30,1,0,1769405154,2026-01-26 00:27:08
2104278402820534724,24,3,21,15,0,1769405152,2026-01-26 00:27:08
8f1fdf4b-ecca-4f03-b04c-e10fe596e2c7,9,3,6,17,0,1769405152,2026-01-26 00:27:08
6908ae75-b9a1-4f20-b192-95dc43e858a8,5,1,4,11,0,1769405152,2026-01-26 00:27:08
1877920686883352866,17,8,9,0,0,1769405153,2026-01-26 00:27:08
1835247469495105628,0,0,0,20,0,1769405152,2026-01-26 00:27:08
66de1368-0aca-11e7-82f6-3863bb44ef7c,37,18,19,0,0,1769405153,2026-01-26 00:27:08
dccab832-b4a2-4105-927d-b52ec0d92c92,16,6,10,1,0,1769405153,2026-01-26 00:27:08
66de542a-0aca-11e7-82f6-3863bb44ef7c,31,7,24,13,0,1769405155,2026-01-26 00:27:08
0cc38ba1-4625-4821-9a6f-e490525cbce2,6,5,1,11,0,1769405156,2026-01-26 00:27:08
e2fc6d90-8deb-4e21-961d-9d5208c1f986,29,15,14,1,0,1769405156,2026-01-26 00:27:08
14f928c6-9a51-40a2-b7e6-a74e8b351dbf,8,1,7,16,0,1769405154,2026-01-26 00:27:08
66db6d40-0aca-11e7-82f6-3863bb44ef7c,51,49,2,11,0,1769405154,2026-01-26 00:27:08
9719498d-bd5c-4424-86ac-dfe0795c57d1,1,0,1,22,0,1769405154,2026-01-26 00:27:08
5f968a1b-ee60-43a0-ad25-05211e09e436,2,1,1,19,0,1769405155,2026-01-26 00:27:08
a1112e04-bc50-4782-b3d6-bb5902c0e8db,2,0,2,15,0,1769405155,2026-01-26 00:27:08
66dc7659-0aca-11e7-82f6-3863bb44ef7c,34,5,29,82,0,1769405150,2026-01-26 00:27:08
2123939077451327830,12,8,4,1,0,1769405151,2026-01-26 00:27:08
1848241963446241866,14,10,4,1,0,1769405151,2026-01-26 00:27:08
e6c2a46e-431a-4101-af84-870f660ff4cb,10,6,4,58,0,1769405151,2026-01-26 00:27:08
c042a307-2d7d-4ee9-95b7-a7505a3428c2,8,5,3,28,0,1769405151,2026-01-26 00:27:08
bdcbd89b-9ae0-461b-aa1d-7db7ead07400,24,7,17,0,0,1769405151,2026-01-26 00:27:08
d1c204d7-d575-417d-b134-6ebdf7e99f98,4,1,3,15,0,1769405151,2026-01-26 00:27:08
1786697932047949952,14,2,12,8,0,1769405151,2026-01-26 00:27:08
b7c6ce96-a24d-4c1e-93ee-6f49c1adf119,5,1,4,10,0,1769405152,2026-01-26 00:27:08
b03adb87-2bd9-43a5-a822-7d06a9ee2d81,23,1,22,5,0,1769405152,2026-01-26 00:27:08
01839a78-f228-4706-8f7f-147b857492f2,13,10,3,8,0,1769405152,2026-01-26 00:27:08
1843486667668726558,19,0,19,2,0,1769405119,2026-01-26 00:27:08
15e1568b-f502-47a2-9d3d-b5aaa1edc239,18,17,1,3,0,1769405120,2026-01-26 00:27:08
380394f7-64fa-4a65-a4d1-7bcaddd41fab,8,4,4,13,0,1769405120,2026-01-26 00:27:08
39f756c2-3904-463e-95a8-8d8e3540e845,46,18,28,16,0,1769405124,2026-01-26 00:27:08
daefc84c-1b16-4220-8e1f-10ea4866fdc7,39,37,2,69,0,1769405124,2026-01-26 00:27:08
e6b6c6e2-5fcb-47cd-8f2d-4324b7c977c8,10,7,3,8,0,1769405124,2026-01-26 00:27:08
1828969726487003714,5,1,4,11,0,1769405124,2026-01-26 00:27:08
1786375597504305174,32,15,17,11,0,1769405123,2026-01-26 00:27:08
aa0e6301-4162-428d-8943-7b684089b0d1,8,1,7,10,0,1769405123,2026-01-26 00:27:08
66dde208-0aca-11e7-82f6-3863bb44ef7c,23,22,1,14,0,1769405123,2026-01-26 00:27:08
1202a491-9f76-4609-9b5c-eb7723ab5b45,9,3,6,8,0,1769405123,2026-01-26 00:27:08
01b7973e-c92e-4fbe-890e-2c24de33ce0e,2,0,2,16,0,1769405125,2026-01-26 00:27:08
774c5443-d463-42b3-bfc5-b0ab3c56fe35,17,14,3,14,0,1769405125,2026-01-26 00:27:08
1786696564295760054,5,2,3,20,0,1769405125,2026-01-26 00:27:08
1835249317786962140,0,0,0,26,0,1769405126,2026-01-26 00:27:08
8ef6ec7d-e898-4edc-8f3f-af888f8c5ef4,3,0,3,18,0,1769405127,2026-01-26 00:27:08
145bbc0d-8976-45ae-9565-158ba564d3d1,23,1,22,1,0,1769405128,2026-01-26 00:27:08
66de0bcb-0aca-11e7-82f6-3863bb44ef7c,9,4,5,46,0,1769405128,2026-01-26 00:27:08
753591ba-36f7-4ded-ab7d-40df9994a05f,0,0,0,8,0,1769393352,2026-01-26 00:27:08
ffaa8f6a-a4ea-4d3a-a57c-f42f77cd4581,3,3,0,20,0,1769405128,2026-01-26 00:27:08
e1a3f2f9-618f-4727-b2d6-676e02aadf17,8,3,5,10,0,1769405126,2026-01-26 00:27:08
66dcccfe-0aca-11e7-82f6-3863bb44ef7c,4,1,3,13,0,1769405126,2026-01-26 00:27:08
2007842506069575758,18,5,13,1,0,1769405126,2026-01-26 00:27:08
18326827-dcae-47e0-8518-c4bb9e21eef6,30,2,28,0,0,1769405126,2026-01-26 00:27:08
65a1b09d-560d-46bf-8f5d-7f59471a587e,2,0,2,20,0,1769405126,2026-01-26 00:27:08
1820420224296772166,10,4,6,7,0,1769405127,2026-01-26 00:27:08
66dc90d5-0aca-11e7-82f6-3863bb44ef7c,18,8,10,11,0,1769405127,2026-01-26 00:27:08
66db6da2-0aca-11e7-82f6-3863bb44ef7c,40,27,13,12,0,1769405127,2026-01-26 00:27:08
2121033322026834516,7,1,6,4,0,1769405125,2026-01-26 00:27:08
66db65aa-0aca-11e7-82f6-3863bb44ef7c,76,67,9,24,0,1769405147,2026-01-26 00:27:08
9e0b3452-ef6d-4e94-8c05-7bef199cdb74,11,10,1,9,0,1769405147,2026-01-26 00:27:08
4f57360d-a4cb-4568-b74a-f3086ccaee2e,5,4,1,13,0,1769405147,2026-01-26 00:27:08
66dca682-0aca-11e7-82f6-3863bb44ef7c,34,15,19,27,0,1769405147,2026-01-26 00:27:08
c4d6b123-df5a-446d-b0ae-d3c4846565d5,4,3,1,19,0,1769405147,2026-01-26 00:27:08
101c813e-02a8-4b6b-bd5d-981c1ea62019,10,8,2,10,0,1769405147,2026-01-26 00:27:08
66dd23a9-0aca-11e7-82f6-3863bb44ef7c,6,5,1,20,0,1769405147,2026-01-26 00:27:08
9e014047-d675-418b-a03c-84d974a25134,0,0,0,30,0,1769405147,2026-01-26 00:27:08
711ccb32-e1bc-4577-ac7b-50592cc9b8a0,15,0,15,7,0,1769405147,2026-01-26 00:27:08
1958457675193833900,14,2,12,9,0,1769405149,2026-01-26 00:27:08
2868db5b-df51-4c36-8515-ef77a5b092c2,13,0,13,3,0,1769405149,2026-01-26 00:27:08
bb07a569-cc74-439e-b424-916c0304f136,12,3,9,16,0,1769405149,2026-01-26 00:27:08
1859811213834095332,17,4,13,6,0,1769405149,2026-01-26 00:27:08
4d4a3e7b-1005-4bfd-8680-340a20cacbee,18,5,13,0,0,1769405147,2026-01-26 00:27:08
66dccad8-0aca-11e7-82f6-3863bb44ef7c,6,2,4,15,0,1769405148,2026-01-26 00:27:08
66de1f7f-0aca-11e7-82f6-3863bb44ef7c,13,0,13,18,0,1769405150,2026-01-26 00:27:08
1841926579628419438,1,1,0,16,0,1769405150,2026-01-26 00:27:08
1a083890-e22b-4f81-8d98-567784034916,20,5,15,2,0,1769405151,2026-01-26 00:27:08
7a15d81b-357e-42e0-b208-93ffd562fd63,4,2,2,21,0,1769405148,2026-01-26 00:27:08
ffef95fa-600b-4f08-b2ce-e8eb034ebfd8,24,22,2,7,0,1769405147,2026-01-26 00:27:08
2123939659270367896,7,2,5,9,0,1769405148,2026-01-26 00:27:08
66dc0bbd-0aca-11e7-82f6-3863bb44ef7c,23,6,17,9,0,1769405148,2026-01-26 00:27:08
1849009534951225816,3,1,2,13,0,1769405149,2026-01-26 00:27:08
48e7e465-f861-452a-9bf7-7eacd0b2bcac,18,1,17,1,0,1769405149,2026-01-26 00:27:08
bd30f2a1-38ec-474d-9e36-07f688e87427,13,3,10,5,0,1769405148,2026-01-26 00:27:08
f752c376-3a6f-4cd3-b9fd-3c049d45a9a6,6,2,4,14,0,1769405148,2026-01-26 00:27:08
324af152-33ea-48a7-8bb0-ad8b6f31571f,31,6,25,4,0,1769405156,2026-01-26 00:27:08
1814907062275537820,15,3,12,13,0,1769405157,2026-01-26 00:27:08
fb180cce-96ee-4e66-b3ce-000f3db6e670,22,1,21,5,0,1769405157,2026-01-26 00:27:08
2e5cde21-f0a2-4396-899e-6df275e99212,2,2,0,17,0,1769405156,2026-01-26 00:27:08
17aba164-9d41-4336-9767-2218b8994ded,11,0,11,11,0,1769405156,2026-01-26 00:27:08
b7df61c0-8ead-46cb-9d6e-a6a3011ffb71,9,6,3,16,0,1769405157,2026-01-26 00:27:08
2121032973750651666,6,2,4,8,0,1769405157,2026-01-26 00:27:08
2126579619522812246,10,5,5,1,0,1769405157,2026-01-26 00:27:08
1862759079900600428,2,2,0,15,0,1769405158,2026-01-26 00:27:08
3ff00115-e8da-4326-97d3-7bf4fe4df7a5,1,0,1,19,0,1769405157,2026-01-26 00:27:08
7f1b4c40-d9fa-4182-be0e-a993655cfb6f,16,13,3,0,0,1769405158,2026-01-26 00:27:08
b64eb0a5-d6d4-4f45-8c9a-e2d004819c99,4,4,0,13,0,1769405158,2026-01-26 00:27:08
2124037656159914878,3,0,3,7,0,1769405031,2026-01-26 00:27:08
66dc864c-0aca-11e7-82f6-3863bb44ef7c,17,3,14,9,0,1769405158,2026-01-26 00:27:08
1a5eae13-8f27-4875-8330-a796c95f8ad6,3,3,0,16,0,1769405158,2026-01-26 00:27:08
dc8223ad-4108-40a8-9ff5-35e8490b4077,0,0,0,0,0,86400,2026-01-26 00:27:08
2004153375425087884,0,0,0,0,0,86400,2026-01-26 00:27:08
2171904090179944948,0,0,0,0,0,86400,2026-01-26 00:27:08
2171902875345687974,0,0,0,0,0,86400,2026-01-26 00:27:08
2171902770580328596,0,0,0,0,0,86400,2026-01-26 00:27:08
2177017749848514898,0,0,0,0,0,86400,2026-01-26 00:27:08
2177016064191230822,0,0,0,0,0,86400,2026-01-26 00:27:08
2177016343889563330,0,0,0,0,0,86400,2026-01-26 00:27:08
2177013822218302292,0,0,0,0,0,86400,2026-01-26 00:27:08
2177013981286744096,0,0,0,0,0,86400,2026-01-26 00:27:08
66dc7a7d-0aca-11e7-82f6-3863bb44ef7c,0,0,0,0,0,1760532172,2026-01-26 00:27:08
66db473c-0aca-11e7-82f6-3863bb44ef7c,0,0,0,3,0,1768246235,2026-01-26 00:27:08
b506be9e-45d3-43d1-a262-27d8fa91e974,0,0,0,20,0,1769366618,2026-01-26 00:27:08
66dde8ac-0aca-11e7-82f6-3863bb44ef7c,3,2,1,34,0,1769405039,2026-01-26 00:27:08
1796642668661690940,16,0,16,3,0,1769405041,2026-01-26 00:27:08
1d130e43-0408-4423-bb52-77a08372cefa,3,1,2,24,0,1769405038,2026-01-26 00:27:08
1860188194745712748,16,1,15,5,0,1769405038,2026-01-26 00:27:08
66ddd369-0aca-11e7-82f6-3863bb44ef7c,54,43,11,10,0,1769405044,2026-01-26 00:27:08
fda0c217-9504-4b26-8a25-e40b603ee5fa,1,1,0,15,0,1769405040,2026-01-26 00:27:08
547cdccc-7864-4898-97c9-8798d924ef54,50,39,11,15,0,1769405042,2026-01-26 00:27:08
5c3c345d-1975-400d-a9d8-18815816886e,31,31,0,22,0,1769405043,2026-01-26 00:27:08
a2f71eea-05a2-4fe7-99ab-f74535c880ae,4,4,0,16,0,1769405043,2026-01-26 00:27:08
632b140c-65de-4f50-9cc2-c001ae011aea,15,6,9,44,0,1769405045,2026-01-26 00:27:08
625711ba-3b5d-46a7-a8f9-7f4eb17ec1be,7,3,4,16,0,1769405046,2026-01-26 00:27:08
66db63f4-0aca-11e7-82f6-3863bb44ef7c,3,1,2,12,0,1769405046,2026-01-26 00:27:08
648e09b6-95c2-40d3-9dac-a43f22eccf38,6,0,6,16,0,1769405049,2026-01-26 00:27:08
1b985e4b-88de-42a8-95be-dce37dbbc5c5,13,5,8,10,0,1769405046,2026-01-26 00:27:08
821b19c1-ab13-4482-9580-770288a377a7,4,2,2,37,0,1769405047,2026-01-26 00:27:08
1932126716328112534,20,1,19,3,0,1769405044,2026-01-26 00:27:08
647a2a80-9630-41b0-9b91-1f464b0bf3cc,52,52,0,26,0,1769405045,2026-01-26 00:27:08
ecc52c52-e2d9-4e73-8f9c-18ad8e9b0606,3,0,3,19,0,1769405047,2026-01-26 00:27:08
66dc7cc3-0aca-11e7-82f6-3863bb44ef7c,27,14,13,12,0,1769405048,2026-01-26 00:27:08
d6834194-029d-4e2d-83b0-ee78ab5acda2,10,1,9,5,0,1769405049,2026-01-26 00:27:08
1885439359712500016,1,1,0,22,0,1769405050,2026-01-26 00:27:08
d1138533-504c-4d29-b71c-299e1d31f159,21,8,13,14,0,1769405050,2026-01-26 00:27:08
9b70cbe2-25fc-42f8-b6e6-ac21ef248e4b,2,0,2,16,0,1769405050,2026-01-26 00:27:08
66dc1c5c-0aca-11e7-82f6-3863bb44ef7c,66,56,10,8,0,1769405050,2026-01-26 00:27:08
c63e9937-cadb-4813-aee3-5fd3fcc93767,1,0,1,18,0,1769405053,2026-01-26 00:27:08
d7bdc3d7-6e6d-4899-9cc7-f4238a86c695,1,0,1,22,0,1769405053,2026-01-26 00:27:08
66dd1585-0aca-11e7-82f6-3863bb44ef7c,38,7,31,0,0,1769405054,2026-01-26 00:27:08
f91170e6-a33c-4870-94da-9d51510515d2,3,1,2,13,0,1769405052,2026-01-26 00:27:08
66dbe8d6-0aca-11e7-82f6-3863bb44ef7c,20,19,1,30,0,1769405052,2026-01-26 00:27:08
66dc259a-0aca-11e7-82f6-3863bb44ef7c,12,4,8,68,0,1769405063,2026-01-26 00:27:08
d9ea5210-50b3-4342-9801-f896bd21f4a1,1,1,0,22,0,1769405054,2026-01-26 00:27:08
66dc0cc7-0aca-11e7-82f6-3863bb44ef7c,19,15,4,30,0,1769405054,2026-01-26 00:27:08
66db64d1-0aca-11e7-82f6-3863bb44ef7c,10,0,10,10,0,1769405052,2026-01-26 00:27:08
158e7752-27e2-4912-be0b-eb15405aa096,11,6,5,7,0,1769405051,2026-01-26 00:27:08
2026068766494475116,15,14,1,21,0,1769405086,2026-01-26 00:27:08
b55f9b55-7fa7-4f0f-9732-78cbe07452e1,9,1,8,19,0,1769405086,2026-01-26 00:27:08
66db7637-0aca-11e7-82f6-3863bb44ef7c,15,1,14,26,0,1769405086,2026-01-26 00:27:08
66de5613-0aca-11e7-82f6-3863bb44ef7c,58,9,49,16,0,1769405086,2026-01-26 00:27:08
3e9e50cc-f336-439f-bd0b-dec5499c038d,35,32,3,10,0,1769405086,2026-01-26 00:27:08
bc346753-b68a-4cb3-b93f-b0be68227eae,2,1,1,19,0,1769405086,2026-01-26 00:27:08
1815968026870435892,10,6,4,12,0,1769405103,2026-01-26 00:27:08
1875672501601550456,8,3,5,9,0,1769405103,2026-01-26 00:27:08
e1886e7a-62b1-4359-9835-8ab5a16371ae,3,0,3,18,0,1769405103,2026-01-26 00:27:08
1845676816555735590,11,1,10,11,0,1769405103,2026-01-26 00:27:08
9ea2afff-a146-4824-89b6-39d5bdfac795,19,17,2,1,0,1769405100,2026-01-26 00:27:08
cc834d78-6eca-450a-ae00-a5ffc6f1a7a6,14,0,14,0,0,1769405100,2026-01-26 00:27:08
66de4594-0aca-11e7-82f6-3863bb44ef7c,17,6,11,6,0,1769405102,2026-01-26 00:27:08
47bcbcc1-9241-4e65-99f1-07c15543be1b,9,3,6,18,0,1769405098,2026-01-26 00:27:08
2f656bc4-7743-4326-8330-a22bd41d9d17,15,1,14,19,0,1769405098,2026-01-26 00:27:08
67f60e7e-397a-4e47-b7f9-d10bd67133b3,2,1,1,48,0,1769405101,2026-01-26 00:27:08
1828969112306680612,0,0,0,19,0,1769405101,2026-01-26 00:27:08
1828969515711812276,16,11,5,0,0,1769405101,2026-01-26 00:27:08
305c221f-4e0b-4a5a-902c-3d1043dfe606,8,3,5,9,0,1769405097,2026-01-26 00:27:08
6a9b19e3-cd69-4e0c-9b28-1889db936c7c,2,0,2,16,0,1769405097,2026-01-26 00:27:08
66db2db5-0aca-11e7-82f6-3863bb44ef7c,43,1,42,11,0,1769405100,2026-01-26 00:27:08
66dce5c9-0aca-11e7-82f6-3863bb44ef7c,9,0,9,8,0,1769405108,2026-01-26 00:27:08
1869439561831725810,12,12,0,11,0,1769405109,2026-01-26 00:27:08
66dc2172-0aca-11e7-82f6-3863bb44ef7c,1,1,0,84,0,1769405109,2026-01-26 00:27:08
1814900632709495794,16,1,15,4,0,1769405106,2026-01-26 00:27:08
901cab1a-a77e-424e-b602-16883e792f93,1,0,1,18,0,1769405106,2026-01-26 00:27:08
1828966363527611286,14,0,14,2,0,1769405107,2026-01-26 00:27:08
66dcc30b-0aca-11e7-82f6-3863bb44ef7c,6,0,6,11,0,1769405107,2026-01-26 00:27:08
66dd4b91-0aca-11e7-82f6-3863bb44ef7c,30,18,12,9,0,1769405107,2026-01-26 00:27:08
1843486464469891376,2,2,0,16,0,1769405107,2026-01-26 00:27:08
1893622839585237496,2,2,0,72,0,1769405108,2026-01-26 00:27:08
66dc8f1f-0aca-11e7-82f6-3863bb44ef7c,19,11,8,32,0,1769405108,2026-01-26 00:27:08
1860187181307969634,19,1,18,2,0,1769405108,2026-01-26 00:27:08
d5d589e6-457f-4cd4-bf78-59165dce28b2,25,15,10,2,0,1769405105,2026-01-26 00:27:08
66de65a4-0aca-11e7-82f6-3863bb44ef7c,0,0,0,24,0,1769405106,2026-01-26 00:27:08
ca4e4962-2169-4559-8f60-b05ab7809750,20,3,17,10,0,1769405106,2026-01-26 00:27:08
9c147c77-11da-4d0b-8a21-a8042ec8031b,7,3,4,11,0,1769405104,2026-01-26 00:27:08
66db74a5-0aca-11e7-82f6-3863bb44ef7c,38,9,29,13,0,1769405110,2026-01-26 00:27:08
a4bb6fac-b795-4aa7-a266-613419019290,2,1,1,16,0,1769405104,2026-01-26 00:27:08
1862008413697896912,3,1,2,17,0,1769405109,2026-01-26 00:27:08
956e9f8d-d23a-4a0e-bf28-84180e818af7,3,2,1,23,0,1769405109,2026-01-26 00:27:08
e34bb92f-6911-449a-999b-5bc80e0322fe,2,1,1,15,0,1769405109,2026-01-26 00:27:08
6f21be51-6fde-4cde-b1db-b102a5f67300,18,2,16,1,0,1769405109,2026-01-26 00:27:08
66dcc047-0aca-11e7-82f6-3863bb44ef7c,3,0,3,18,0,1769405110,2026-01-26 00:27:08
e5b2a7ce-d867-465b-8446-743e00617068,2,1,1,18,0,1769405059,2026-01-26 00:27:08
1854538169357726138,0,0,0,17,0,1769405060,2026-01-26 00:27:08
66dc41bb-0aca-11e7-82f6-3863bb44ef7c,22,15,7,30,0,1769405061,2026-01-26 00:27:08
66db2fd0-0aca-11e7-82f6-3863bb44ef7c,18,6,12,13,0,1769405057,2026-01-26 00:27:08
1838999521825487230,19,0,19,0,0,1769405057,2026-01-26 00:27:08
66dded7a-0aca-11e7-82f6-3863bb44ef7c,5,2,3,23,0,1769405057,2026-01-26 00:27:08
1846085626867634660,1,1,0,17,0,1769405061,2026-01-26 00:27:08
55fda28d-56a8-4db2-b42a-072714f18471,16,1,15,1,0,1769405062,2026-01-26 00:27:08
66dc2bc5-0aca-11e7-82f6-3863bb44ef7c,7,4,3,102,0,1769405066,2026-01-26 00:27:08
eafa19ed-88c2-4efc-bd73-3961f85b6063,25,23,2,16,0,1769405067,2026-01-26 00:27:08
96878d29-481d-48dc-bcdc-a5f1ce88c76d,10,1,9,8,0,1769405067,2026-01-26 00:27:08
36b55a0f-e55d-4849-859a-09b3273fb782,12,1,11,8,0,1769405056,2026-01-26 00:27:08
23bc4d9b-1ec2-45fb-9228-e41517346b24,12,6,6,1,0,1769405065,2026-01-26 00:27:08
1846085927885781554,7,0,7,12,0,1769405065,2026-01-26 00:27:08
a1acdab2-29c7-4956-8b2e-24b39dc2ff13,23,7,16,36,0,1769405124,2026-01-26 00:27:08
e3e6105e-eaa2-43c5-badb-fb8592ad7227,12,10,2,11,0,1769405124,2026-01-26 00:27:08
1848242216849312578,10,2,8,8,0,1769405124,2026-01-26 00:27:08
063e7e78-b810-4a2f-8045-a82a0d69d752,40,34,6,4,0,1769405124,2026-01-26 00:27:08
b0cc08dc-e7dd-48d1-8901-ba496f3ff2f5,8,6,2,35,0,1769405124,2026-01-26 00:27:08
122111c9-9a61-4372-a756-fb2495611cb6,10,6,4,8,0,1769405124,2026-01-26 00:27:08
66dde197-0aca-11e7-82f6-3863bb44ef7c,10,10,0,29,0,1769405124,2026-01-26 00:27:08
d34f2271-10ee-40c3-a93a-09df58860512,6,5,1,11,0,1769405124,2026-01-26 00:27:08
fd081854-3f37-420a-9785-ea63c09c12ad,10,5,5,8,0,1769405124,2026-01-26 00:27:08
4c3b6e25-b0c2-4a3f-b07e-cd60cd1b0ac0,1,1,0,17,0,1769405123,2026-01-26 00:27:08
c3d5f47f-cfc3-4c1f-86bb-bcf770d2949b,20,6,14,3,0,1769405126,2026-01-26 00:27:08
66db3273-0aca-11e7-82f6-3863bb44ef7c,42,36,6,4,0,1769405127,2026-01-26 00:27:08
1954806962718223342,37,24,13,1,0,1769405125,2026-01-26 00:27:08
d7d297fd-36dc-42f2-8e3b-24b1003be874,15,7,8,1,0,1769405125,2026-01-26 00:27:08
f4f9a09c-010c-430c-a766-3390c44b4962,2,2,0,14,0,1769405125,2026-01-26 00:27:08
341730d7-a61d-499d-8c07-fa015f644e54,56,45,11,28,0,1769405125,2026-01-26 00:27:08
1064b4b0-e9c8-4139-ac48-f118305dbe69,5,3,2,17,0,1769405125,2026-01-26 00:27:08
9c1c3499-1b11-471f-b59a-87d9e27e15c5,21,3,18,1,0,1769405125,2026-01-26 00:27:08
66dd546c-0aca-11e7-82f6-3863bb44ef7c,12,3,9,10,0,1769405125,2026-01-26 00:27:08
1840540966407039246,17,0,17,2,0,1769405122,2026-01-26 00:27:08
2104275164415193448,31,4,27,34,0,1769405124,2026-01-26 00:27:08
66db5c14-0aca-11e7-82f6-3863bb44ef7c,4,2,2,17,0,1769405126,2026-01-26 00:27:08
90c35466-db3c-4b0d-993e-6e92883773b4,43,27,16,22,0,1769405070,2026-01-26 00:27:08
44a80c48-c1a9-4ff1-92eb-6bf8be492f5e,13,10,3,7,0,1769405070,2026-01-26 00:27:08
5db1fefa-0f10-4c58-a7ce-113f3164ced8,13,5,8,2,0,1769405076,2026-01-26 00:27:08
88ee054e-bdeb-4305-8f3b-76eb964f2c84,4,3,1,10,0,1769405073,2026-01-26 00:27:08
b516fedb-3ced-4683-8c17-7e5f6dadf04d,17,1,16,14,0,1769405073,2026-01-26 00:27:08
18846fd4-877c-4971-9b6f-1bd8fbc10346,3,1,2,17,0,1769405074,2026-01-26 00:27:08
66dea6e1-0aca-11e7-82f6-3863bb44ef7c,6,4,2,59,0,1769405074,2026-01-26 00:27:08
66dd2208-0aca-11e7-82f6-3863bb44ef7c,17,4,13,23,0,1769405075,2026-01-26 00:27:08
dad3b7df-ec40-4d54-bfdb-5e82be84d742,21,21,0,0,0,1769405075,2026-01-26 00:27:08
66db34fc-0aca-11e7-82f6-3863bb44ef7c,2,0,2,29,0,1769405073,2026-01-26 00:27:08
66dc21d4-0aca-11e7-82f6-3863bb44ef7c,2,2,0,45,0,1769405112,2026-01-26 00:27:08
66de2b97-0aca-11e7-82f6-3863bb44ef7c,27,27,0,12,0,1769405113,2026-01-26 00:27:08
c066c90a-efb1-4f8b-aa15-38ba4edd4ebc,13,2,11,7,0,1769405110,2026-01-26 00:27:08
2119506830683992262,39,26,13,5,0,1769405113,2026-01-26 00:27:08
1848242058183072050,13,2,11,6,0,1769405113,2026-01-26 00:27:08
3863f086-ae35-4d0e-8c91-2b6e3e5827a1,13,3,10,23,0,1769405115,2026-01-26 00:27:08
66db4671-0aca-11e7-82f6-3863bb44ef7c,44,36,8,1,0,1769405115,2026-01-26 00:27:08
66db7152-0aca-11e7-82f6-3863bb44ef7c,40,14,26,3,0,1769405115,2026-01-26 00:27:08
83d1ff16-ba56-4eae-aa6a-b37b6439db82,3,1,2,26,0,1769405116,2026-01-26 00:27:08
2022386456542683974,28,3,25,4,0,1769405114,2026-01-26 00:27:08
1869439368558197224,7,4,3,16,0,1769405115,2026-01-26 00:27:08
66dbf518-0aca-11e7-82f6-3863bb44ef7c,14,6,8,9,0,1769405115,2026-01-26 00:27:08
be2bdee1-e3e9-45cc-94f0-2ba81a722ba3,7,4,3,9,0,1769405115,2026-01-26 00:27:08
1828968794479100296,9,3,6,8,0,1769405115,2026-01-26 00:27:08
82dd89f6-1e5a-4a8f-8660-13cb64349e94,8,3,5,10,0,1769405114,2026-01-26 00:27:08
1860188907884823208,4,1,3,16,0,1769405111,2026-01-26 00:27:08
b62bcd96-c2db-447c-bdd5-d3c18f174858,8,0,8,9,0,1769405111,2026-01-26 00:27:08
1861682444178541220,21,1,20,4,0,1769405152,2026-01-26 00:27:08
2098714441479661752,4,2,2,11,0,1769405152,2026-01-26 00:27:08
8d097a6d-f17c-4195-9dd4-42527b371c71,40,39,1,21,0,1769405152,2026-01-26 00:27:08
1834145330979754058,0,0,0,27,0,1769405152,2026-01-26 00:27:08
85b77b8d-32b8-4049-a407-64319916e2c5,0,0,0,18,0,1769405153,2026-01-26 00:27:08
66dd491c-0aca-11e7-82f6-3863bb44ef7c,10,7,3,24,0,1769405153,2026-01-26 00:27:08
66db2afe-0aca-11e7-82f6-3863bb44ef7c,0,0,0,0,0,1769366833,2026-01-26 00:27:08
8ea09819-cd88-4732-b047-c0549f0b370f,21,13,8,8,0,1769405153,2026-01-26 00:27:08
1851674145014649512,8,3,5,15,0,1769405150,2026-01-26 00:27:08
66de48f9-0aca-11e7-82f6-3863bb44ef7c,15,0,15,3,0,1769405151,2026-01-26 00:27:08
1869753812884512816,2,1,1,18,0,1769405151,2026-01-26 00:27:08
2126274308236524392,3,1,2,8,0,1769405151,2026-01-26 00:27:08
d7632897-a6eb-4f8f-9ab2-c66426620fbf,8,0,8,6,0,1769405151,2026-01-26 00:27:08
1318e05a-2506-43c6-b49d-4c1f7f69a267,11,9,2,4,0,1769405148,2026-01-26 00:27:08
66dcac42-0aca-11e7-82f6-3863bb44ef7c,38,4,34,13,0,1769405148,2026-01-26 00:27:08
387e2863-83ad-4589-8004-794a7b624801,10,4,6,7,0,1769405149,2026-01-26 00:27:08
ca4795a2-6ab3-4597-bf59-f0155ac1637c,31,3,28,37,0,1769405147,2026-01-26 00:27:08
1786697003367719132,31,28,3,6,0,1769405148,2026-01-26 00:27:08
66dd039b-0aca-11e7-82f6-3863bb44ef7c,18,17,1,10,0,1769405147,2026-01-26 00:27:08
9092515e-eef6-478f-910f-1cd19d06bebb,28,10,18,5,0,1769405148,2026-01-26 00:27:08
0e003543-3656-448f-8a93-029d265f2e26,19,4,15,14,0,1769405147,2026-01-26 00:27:08
7a8b474b-7577-4316-a192-d57576d194a3,10,6,4,10,0,1769405149,2026-01-26 00:27:08
6076e321-85d8-4e0e-ae18-86bb8cbbda1b,15,0,15,2,0,1769405149,2026-01-26 00:27:08
c0e0e578-8ce8-4c9d-be47-b902d8a41050,2,1,1,16,0,1769405150,2026-01-26 00:27:08
1861271680294357158,8,0,8,13,0,1769405150,2026-01-26 00:27:08
c809158b-ca8f-4a77-a800-8ee9d287c056,2,1,1,16,0,1769405150,2026-01-26 00:27:08
5736cd70-be41-483e-8d82-721874f40e6e,6,1,5,11,0,1769405150,2026-01-26 00:27:08
b4063b76-1abd-465c-96a4-45f6ee016bc5,4,3,1,11,0,1769405151,2026-01-26 00:27:08
a0eec052-257a-4c79-8171-6e2ad9864ad0,24,10,14,5,0,1769405151,2026-01-26 00:27:08
d3433b47-99a7-4b21-9fa7-d7052bb5c23b,2,2,0,15,0,1769405151,2026-01-26 00:27:08
66dce567-0aca-11e7-82f6-3863bb44ef7c,5,0,5,15,0,1769405152,2026-01-26 00:27:08
1947367330341251364,2,1,1,19,0,1769405151,2026-01-26 00:27:08
66dc1beb-0aca-11e7-82f6-3863bb44ef7c,44,25,19,61,0,1769405151,2026-01-26 00:27:08
66dc4b4c-0aca-11e7-82f6-3863bb44ef7c,17,14,3,39,0,1769405151,2026-01-26 00:27:08
e58234a3-5b23-427e-948f-c1e4571b2bfa,23,4,19,35,0,1769405152,2026-01-26 00:27:08
45865207-8700-4ef2-99ed-b08889ef0250,10,1,9,9,0,1769405152,2026-01-26 00:27:08
66db402c-0aca-11e7-82f6-3863bb44ef7c,64,28,36,20,0,1769405152,2026-01-26 00:27:08
1828965671716082498,13,3,10,5,0,1769405153,2026-01-26 00:27:08
594b4656-9d83-4301-8967-3b92c126531c,12,7,5,9,0,1769405154,2026-01-26 00:27:08
2144768975813378884,2,2,0,17,0,1769405154,2026-01-26 00:27:08
141eb0e0-e78d-411a-a0be-202a6424cc93,14,0,14,10,0,1769405153,2026-01-26 00:27:08
1880644160834607498,19,12,7,3,0,1769405154,2026-01-26 00:27:08
002e6e9f-ced2-47b0-bc7e-ccf38c3b4b0f,4,0,4,14,0,1769405071,2026-01-26 00:27:08
344b52b0-73a9-4fe3-9132-23d0502dc0ae,10,6,4,11,0,1769405072,2026-01-26 00:27:08
66de4078-0aca-11e7-82f6-3863bb44ef7c,4,3,1,17,0,1769405077,2026-01-26 00:27:08
55f6b830-e43e-4227-bfc7-683465236d94,18,2,16,28,0,1769405077,2026-01-26 00:27:08
1875433315773395778,7,3,4,23,0,1769405077,2026-01-26 00:27:08
66db8d89-0aca-11e7-82f6-3863bb44ef7c,49,41,8,6,0,1769405077,2026-01-26 00:27:08
062ffe5a-aa91-412d-8210-23d562c7e7f8,2,2,0,17,0,1769405077,2026-01-26 00:27:08
1856766912456610780,2,1,1,20,0,1769405080,2026-01-26 00:27:08
085da8d4-9465-46f0-82d1-10c9c9177d64,1,0,1,17,0,1769405081,2026-01-26 00:27:08
66ddeffd-0aca-11e7-82f6-3863bb44ef7c,9,4,5,10,0,1769405081,2026-01-26 00:27:08
724aeecc-8c91-4afc-b97c-72a98de452c9,0,0,0,17,0,1769405066,2026-01-26 00:27:08
361dd964-db79-47dd-b044-eac88c735249,0,0,0,18,0,1769405066,2026-01-26 00:27:08
ba0a4ada-c9f6-48b4-a7b3-7220f6fb88c2,4,2,2,20,0,1769405067,2026-01-26 00:27:08
a8560d28-9ee1-4af4-9180-7e9c4dd0d147,13,4,9,4,0,1769405079,2026-01-26 00:27:08
fe93b3ae-1d86-4ee9-9eb6-9e11808966aa,0,0,0,20,0,1769405079,2026-01-26 00:27:08
668ef22c-4665-4f42-bf6a-ab9e8a2899b1,4,2,2,22,0,1769405079,2026-01-26 00:27:08
c46a2889-258b-4fc5-a452-1d4e7dfe683a,2,0,2,15,0,1769405080,2026-01-26 00:27:08
dd351a72-4241-4275-843d-0fffa8a1f414,3,2,1,20,0,1769405079,2026-01-26 00:27:08
e0b80983-c520-47e3-9c8d-a17fff5e5582,16,2,14,2,0,1769405081,2026-01-26 00:27:08
8fa2fafb-fa07-48b2-b159-bffbea7176d4,0,0,0,19,0,1769405088,2026-01-26 00:27:08
66db88f5-0aca-11e7-82f6-3863bb44ef7c,14,5,9,24,0,1769405089,2026-01-26 00:27:08
1846086138339179502,13,7,6,5,0,1769405089,2026-01-26 00:27:08
c2800791-1911-4f2b-8fc7-bed280c557c0,35,26,9,7,0,1769405089,2026-01-26 00:27:08
787fe4b2-6029-4f71-917e-892479d8d64e,5,0,5,13,0,1769405089,2026-01-26 00:27:08
66de482a-0aca-11e7-82f6-3863bb44ef7c,12,8,4,4,0,1769405082,2026-01-26 00:27:08
04d557d6-6bc3-4244-b0f1-81ed1449ccd6,16,13,3,0,0,1769405082,2026-01-26 00:27:08
993fc83f-52c6-43f4-bb49-4abe4ad48150,0,0,0,20,0,1769405082,2026-01-26 00:27:08
66dbe848-0aca-11e7-82f6-3863bb44ef7c,95,66,29,23,0,1769405083,2026-01-26 00:27:08
d47c856e-8cda-4da0-b8eb-1ccf0e6ef7ab,4,1,3,26,0,1769405083,2026-01-26 00:27:08
78b4aa30-e4e9-4447-9419-c89f8527892e,5,4,1,14,0,1769405083,2026-01-26 00:27:08
df243d7f-e6ae-435c-9895-aecbcff9cada,23,15,8,5,0,1769405083,2026-01-26 00:27:08
f3c68cfb-52fd-48c8-b6e5-85c179fee0b3,8,2,6,13,0,1769405069,2026-01-26 00:27:08
66db69d0-0aca-11e7-82f6-3863bb44ef7c,24,14,10,9,0,1769405069,2026-01-26 00:27:08
59ad8f95-32a4-43de-b1c3-79c667b2d2df,1,1,0,26,0,1769405090,2026-01-26 00:27:08
a3e2b360-f050-48ea-b8c8-57d897b8f7fc,5,5,0,12,0,1769405090,2026-01-26 00:27:08
66dcfaf6-0aca-11e7-82f6-3863bb44ef7c,11,0,11,7,0,1769405090,2026-01-26 00:27:08
66dde914-0aca-11e7-82f6-3863bb44ef7c,16,8,8,19,0,1769405084,2026-01-26 00:27:08
36edabac-a0c2-471b-abaf-73fdb53a4e5f,4,2,2,15,0,1769405085,2026-01-26 00:27:08
18fcd2c1-dc8b-4a52-9f18-e9b9003bbea5,28,26,2,23,0,1769405088,2026-01-26 00:27:08
1861682702044957494,5,4,1,13,0,1769405088,2026-01-26 00:27:08
3c8847a6-c12a-40fd-9b22-4582ac1a0d9d,21,19,2,1,0,1769405088,2026-01-26 00:27:08
1938139112487078732,14,12,2,18,0,1769405088,2026-01-26 00:27:08
1841240663447542046,13,13,0,6,0,1769405086,2026-01-26 00:27:08
bb32aad7-8308-4ff8-b073-d5b518ffdd09,7,7,0,29,0,1769405086,2026-01-26 00:27:08
35a5b4d6-2d90-4b60-b68b-03bb60fb1afc,3,3,0,16,0,1769405087,2026-01-26 00:27:08
afc79a38-e26d-48f7-94e4-d0aca8fd1c49,1,0,1,15,0,1769405089,2026-01-26 00:27:08
66dbe7b6-0aca-11e7-82f6-3863bb44ef7c,9,9,0,19,0,1769405084,2026-01-26 00:27:08
61647ec6-dfd6-4d1c-8800-d488d390c627,25,14,11,9,0,1769405144,2026-01-26 00:27:08
844c68cc-19f0-474a-86d3-4af170117aae,13,13,0,8,0,1769405144,2026-01-26 00:27:08
66de5095-0aca-11e7-82f6-3863bb44ef7c,4,2,2,14,0,1769405144,2026-01-26 00:27:08
2743a950-3a1f-4a58-8fe0-f4105033e0e3,7,6,1,13,0,1769405144,2026-01-26 00:27:08
ebfafca3-5818-4e6f-8374-98f44a0ca0c6,2,2,0,23,0,1769405144,2026-01-26 00:27:08
b94d0241-bce7-44a9-ab1c-ece0740a4134,10,5,5,8,0,1769405144,2026-01-26 00:27:08
62089e99-7f73-4f59-816d-57f9793484a1,12,1,11,7,0,1769405145,2026-01-26 00:27:08
1d167807-0aa8-413a-b7a0-01c2ca8a6a60,15,4,11,2,0,1769405144,2026-01-26 00:27:08
2687f2e1-3529-464d-82eb-e4f61440c563,0,0,0,15,0,1769405145,2026-01-26 00:27:08
623c9658-5544-4254-847e-738763cf45a3,6,2,4,13,0,1769405144,2026-01-26 00:27:08
2366d8a4-7a49-42f3-9afe-efd2b200336b,8,8,0,13,0,1769405145,2026-01-26 00:27:08
4d79bdb9-7c35-4d35-9f6e-3c1b849c453a,11,9,2,32,0,1769405145,2026-01-26 00:27:08
66de5e5b-0aca-11e7-82f6-3863bb44ef7c,7,4,3,35,0,1769405145,2026-01-26 00:27:08
8b1222da-612f-4482-ab34-9467c4ed28e3,8,2,6,13,0,1769405145,2026-01-26 00:27:08
66de2556-0aca-11e7-82f6-3863bb44ef7c,49,42,7,27,0,1769405145,2026-01-26 00:27:08
66dea596-0aca-11e7-82f6-3863bb44ef7c,11,4,7,12,0,1769405142,2026-01-26 00:27:08
2124037775602344266,3,0,3,10,0,1769405142,2026-01-26 00:27:08
3c6c0d12-80dd-4c49-b7c5-e3549588b8cf,9,1,8,15,0,1769405142,2026-01-26 00:27:08
ccfa8b82-07a7-4a08-88fc-be261c30a4ca,5,3,2,16,0,1769405143,2026-01-26 00:27:08
b0239a13-649a-4d31-aa04-56b8aaeba4d4,4,3,1,14,0,1769405143,2026-01-26 00:27:08
1869851741257474316,25,0,25,1,0,1769405143,2026-01-26 00:27:08
66ddede1-0aca-11e7-82f6-3863bb44ef7c,23,20,3,4,0,1769405143,2026-01-26 00:27:08
5dc8ddac-979e-4ae5-b879-3670cca7482d,2,0,2,18,0,1769405143,2026-01-26 00:27:08
1885442082749874736,1,1,0,18,0,1769405143,2026-01-26 00:27:08
66dc252e-0aca-11e7-82f6-3863bb44ef7c,27,3,24,7,0,1769405143,2026-01-26 00:27:08
38bb1218-0a9e-41d9-b2ef-25c8626dac29,14,0,14,6,0,1769405143,2026-01-26 00:27:08
79c4a612-a5df-4814-9e6b-6305da61ebc4,18,0,18,0,0,1769405146,2026-01-26 00:27:08
2126579471787670468,8,1,7,10,0,1769405146,2026-01-26 00:27:08
74feba30-26a5-4949-b3a0-d6e13ba1a20c,4,0,4,15,0,1769405146,2026-01-26 00:27:08
66de8a86-0aca-11e7-82f6-3863bb44ef7c,7,2,5,52,0,1769405146,2026-01-26 00:27:08
66dcbbfe-0aca-11e7-82f6-3863bb44ef7c,5,3,2,10,0,1769405147,2026-01-26 00:27:08
cad68b8c-6d68-4c5f-88fe-b1aa3e40727a,8,0,8,13,0,1769405141,2026-01-26 00:27:08
66dd4b2b-0aca-11e7-82f6-3863bb44ef7c,33,28,5,14,0,1769405141,2026-01-26 00:27:08
1903998756008763590,2,0,2,49,0,1769405141,2026-01-26 00:27:08
0c106e83-c47a-4233-b5e4-62bbb75d0bed,1,1,0,17,0,1769405141,2026-01-26 00:27:08
1817432104157364846,17,1,16,1,0,1769405140,2026-01-26 00:27:08
582cd775-0178-47f5-b707-6d5869f077ba,13,2,11,15,0,1769405140,2026-01-26 00:27:08
1836581534415880440,1,0,1,25,0,1769405140,2026-01-26 00:27:08
3d339282-d5c7-41ec-b634-6a988aefd440,3,1,2,14,0,1769405140,2026-01-26 00:27:08
66de08c9-0aca-11e7-82f6-3863bb44ef7c,8,1,7,12,0,1769405145,2026-01-26 00:27:08
66dbbc4a-0aca-11e7-82f6-3863bb44ef7c,21,7,14,3,0,1769405094,2026-01-26 00:27:08
66db44e5-0aca-11e7-82f6-3863bb44ef7c,12,3,9,26,0,1769405094,2026-01-26 00:27:08
e612122d-e0fd-4ebf-8d51-0f48f9d1b580,16,0,16,4,0,1769405094,2026-01-26 00:27:08
e4645d0d-8b76-4c46-b2b9-be25592e0659,6,3,3,15,0,1769405091,2026-01-26 00:27:08
0dc63044-e19c-474d-9df1-c3e504d03b07,13,6,7,35,0,1769405091,2026-01-26 00:27:08
2b54cb2c-31be-4620-a13c-0fa72b58c90a,18,18,0,8,0,1769405097,2026-01-26 00:27:08
b608193c-46ae-4b61-9e7a-4671e7c3b96e,3,0,3,14,0,1769405097,2026-01-26 00:27:08
66db2d2b-0aca-11e7-82f6-3863bb44ef7c,24,22,2,24,0,1769405093,2026-01-26 00:27:08
1786696384892428996,5,4,1,16,0,1769405093,2026-01-26 00:27:08
53e30d38-a110-42b4-a8f9-ca801a847ac7,0,0,0,3,0,1769347731,2026-01-26 00:27:08
66de10a8-0aca-11e7-82f6-3863bb44ef7c,18,5,13,10,0,1769405094,2026-01-26 00:27:08
bd1760ad-3af3-4ede-9bd7-c8fbf46d7192,3,0,3,16,0,1769405094,2026-01-26 00:27:08
eb41a103-0196-4f19-a440-256167191a7d,1,1,0,15,0,1769405096,2026-01-26 00:27:08
1860190006584693708,3,1,2,13,0,1769405092,2026-01-26 00:27:08
1838070776953752336,4,3,1,18,0,1769405092,2026-01-26 00:27:08
1835247196073118026,9,1,8,7,0,1769405093,2026-01-26 00:27:08
4b67c6e0-d603-4fbc-afbe-0b8952f4f7af,20,1,19,14,0,1769405093,2026-01-26 00:27:08
e8a6c13b-1f6e-4e6b-bdf8-9b0e597e4a62,24,11,13,12,0,1769405096,2026-01-26 00:27:08
d9ec5589-c872-46f2-88cd-e54f9c596721,7,1,6,13,0,1769405096,2026-01-26 00:27:08
e8df73bd-5d3d-47c9-b04d-bcec4db5540f,42,7,35,21,0,1769405097,2026-01-26 00:27:08
1964061627836181486,5,0,5,78,0,1769405119,2026-01-26 00:27:08
66db7a71-0aca-11e7-82f6-3863bb44ef7c,4,4,0,35,0,1769405119,2026-01-26 00:27:08
66de2a00-0aca-11e7-82f6-3863bb44ef7c,19,4,15,11,0,1769405119,2026-01-26 00:27:08
2f580cf9-14e2-4300-ba22-f6d88d0312a5,4,1,3,21,0,1769405119,2026-01-26 00:27:08
66dbc551-0aca-11e7-82f6-3863bb44ef7c,32,20,12,22,0,1769405120,2026-01-26 00:27:08
0f536c08-dde3-40af-a66d-1fe1e7edecd2,3,1,2,17,0,1769405117,2026-01-26 00:27:08
66dea894-0aca-11e7-82f6-3863bb44ef7c,44,28,16,1,0,1769405117,2026-01-26 00:27:08
28be450b-7878-4495-add2-61afd94f375a,11,3,8,5,0,1769405117,2026-01-26 00:27:08
1828969323789472168,10,2,8,4,0,1769405118,2026-01-26 00:27:08
de6f4206-3aa9-4cb9-aae0-8547d2cd6854,20,1,19,0,0,1769405118,2026-01-26 00:27:08
1893542109140147108,8,1,7,9,0,1769405118,2026-01-26 00:27:08
66de5ace-0aca-11e7-82f6-3863bb44ef7c,12,3,9,10,0,1769405116,2026-01-26 00:27:08
9a52fbc1-d87a-4a65-941d-12fd55dbcdde,0,0,0,1,0,1769367207,2026-01-26 00:27:08
2143247416766638978,4,1,3,38,0,1769405118,2026-01-26 00:27:08
66db40ef-0aca-11e7-82f6-3863bb44ef7c,42,25,17,10,0,1769405118,2026-01-26 00:27:08
66dd41ef-0aca-11e7-82f6-3863bb44ef7c,10,9,1,33,0,1769405118,2026-01-26 00:27:08
bfbd1f09-afd2-49d2-8674-3a07b3c929a4,20,14,6,1,0,1769405118,2026-01-26 00:27:08
66dbc60f-0aca-11e7-82f6-3863bb44ef7c,7,5,1,0,0,1769405119,2026-01-26 00:27:08
66dd0808-0aca-11e7-82f6-3863bb44ef7c,11,2,9,14,0,1769405119,2026-01-26 00:27:08
3eed817a-63e5-424b-8ed3-c809db5488f7,49,18,31,0,0,1769405122,2026-01-26 00:27:08
40fd82d6-c0e9-4876-adfb-816140ecfc39,4,3,1,13,0,1769405122,2026-01-26 00:27:08
2137774972219769002,7,1,6,2,0,1769405121,2026-01-26 00:27:08
ce95fbdd-b7d2-46fc-910d-5c170e4b7610,3,3,0,15,0,1769405121,2026-01-26 00:27:08
d33261e6-600e-4756-ad03-a9facbd8ace1,12,2,10,7,0,1769405121,2026-01-26 00:27:08
bbb48e80-7d2f-4b3c-bb8c-591bc931945a,14,5,9,5,0,1769405121,2026-01-26 00:27:08
66dbb869-0aca-11e7-82f6-3863bb44ef7c,6,2,4,13,0,1769405122,2026-01-26 00:27:08
1846086665080867236,9,1,8,10,0,1769405122,2026-01-26 00:27:08
66dbeded-0aca-11e7-82f6-3863bb44ef7c,13,5,8,6,0,1769405120,2026-01-26 00:27:08
43f3d3c7-46b0-4812-879d-15afe8804c5f,24,12,12,0,0,1769405116,2026-01-26 00:27:08
1f872052-38c4-4701-96c4-c363de51c2b5,27,7,20,30,0,1769405131,2026-01-26 00:27:08
f15ccc6e-5a7c-46e7-b505-0bfc9cae3d83,7,3,4,22,0,1769405131,2026-01-26 00:27:08
1836581807397045112,3,1,2,20,0,1769405131,2026-01-26 00:27:08
cac843c2-8b21-47bb-a3b9-712f95d7f7aa,15,4,11,1,0,1769405131,2026-01-26 00:27:08
1828967607558607844,2,1,1,14,0,1769405131,2026-01-26 00:27:08
e780c290-0c52-4ab1-9719-a581be789df3,6,4,2,12,0,1769405131,2026-01-26 00:27:08
1815968147129520346,1,1,0,19,0,1769405128,2026-01-26 00:27:08
2124382079594320876,5,1,4,7,0,1769405107,2026-01-26 00:27:08
d8673258-9513-4ed2-86bf-bef62e7e4e30,4,3,1,10,0,1769405129,2026-01-26 00:27:08
66dda55f-0aca-11e7-82f6-3863bb44ef7c,14,9,5,17,0,1769405129,2026-01-26 00:27:08
1851999409149780880,15,4,11,7,0,1769405127,2026-01-26 00:27:08
2c321ea3-e1dd-4d32-be70-bd158fe1f568,20,3,17,59,0,1769405127,2026-01-26 00:27:08
4bbf50a9-47c2-4a32-97c2-1f6bc4f9d401,19,3,16,12,0,1769405128,2026-01-26 00:27:08
5780ae63-54e5-48e3-a00c-9c403cb75401,9,0,9,11,0,1769405128,2026-01-26 00:27:08
1e6c5d0c-f406-4b60-88f6-6284a38d3930,2,0,2,15,0,1769405133,2026-01-26 00:27:08
7bdd60e9-c0fd-40f6-aa9a-d5fa004d4fe3,17,2,15,3,0,1769405134,2026-01-26 00:27:08
66de5773-0aca-11e7-82f6-3863bb44ef7c,5,1,4,8,0,1769405134,2026-01-26 00:27:08
1e3a16ff-65ba-4d34-b3c6-37aff44e085a,17,7,10,19,0,1769405131,2026-01-26 00:27:08
94f77501-32e5-4539-90c6-82d4198f7991,11,8,3,8,0,1769405131,2026-01-26 00:27:08
285ad3c2-3ffe-45bb-8765-9c20a69641a6,6,0,6,8,0,1769405132,2026-01-26 00:27:08
66dc4599-0aca-11e7-82f6-3863bb44ef7c,15,10,5,9,0,1769405134,2026-01-26 00:27:08
2126621966735272262,8,0,8,3,0,1769405134,2026-01-26 00:27:08
2123940148896639644,5,3,2,1,0,1769405134,2026-01-26 00:27:08
9a40cb60-6ede-4c9e-9d64-dc55cae57f31,5,2,3,20,0,1769405134,2026-01-26 00:27:08
7a725e59-49be-4c1d-9c3d-3b3a8ed1232f,8,8,0,12,0,1769405130,2026-01-26 00:27:08
550153a5-2ea1-4c76-b1cd-77667005f55d,16,2,14,10,0,1769405130,2026-01-26 00:27:08
ad17bd9a-735b-4a11-8ad3-dc7800e342af,22,8,14,10,0,1769405130,2026-01-26 00:27:08
88e64257-298c-4b8d-8886-77b9b66dcec1,10,4,6,41,0,1769405133,2026-01-26 00:27:08
61bc2467-aa8c-4386-ba9e-3f01120bd6b8,16,5,11,6,0,1769405133,2026-01-26 00:27:08
66de099d-0aca-11e7-82f6-3863bb44ef7c,5,1,4,31,0,1769405134,2026-01-26 00:27:08
66dde845-0aca-11e7-82f6-3863bb44ef7c,26,24,2,11,0,1769405128,2026-01-26 00:27:08
1e83ffdc-8e72-45c0-8210-4f37e60505c9,7,0,7,25,0,1769405136,2026-01-26 00:27:08
59e3766c-0629-4ff1-a1d9-bc0514a55487,9,4,5,13,0,1769405136,2026-01-26 00:27:08
66dd1846-0aca-11e7-82f6-3863bb44ef7c,42,20,22,5,0,1769405136,2026-01-26 00:27:08
b9d3134b-697f-4a0f-b90f-d95f6c69ffda,5,1,4,13,0,1769405136,2026-01-26 00:27:08
db29242d-6ff3-4e22-85fe-45fa3d03ec39,1,1,0,18,0,1769405136,2026-01-26 00:27:08
66dea674-0aca-11e7-82f6-3863bb44ef7c,11,0,11,10,0,1769405136,2026-01-26 00:27:08
1815967159287043052,7,1,6,15,0,1769405136,2026-01-26 00:27:08
a58ff2e3-a5ae-4070-a26d-ddfe8cc6fc58,19,15,4,1,0,1769405136,2026-01-26 00:27:08
42032bf9-4599-4035-bc01-c80bec1a7122,2,1,1,17,0,1769405138,2026-01-26 00:27:08
7603028c-8b04-4918-8a25-a087ce57aea4,14,0,14,18,0,1769405138,2026-01-26 00:27:08
66de186f-0aca-11e7-82f6-3863bb44ef7c,10,1,9,13,0,1769405138,2026-01-26 00:27:08
e2b28abd-07a4-4552-ad17-abf155aff28a,6,6,0,17,0,1769405139,2026-01-26 00:27:08
1828966104320053340,12,4,8,5,0,1769405138,2026-01-26 00:27:08
d3f51f51-7e51-4c75-8600-d76916608707,8,1,7,18,0,1769405139,2026-01-26 00:27:08
66dc76cd-0aca-11e7-82f6-3863bb44ef7c,23,18,5,10,0,1769405139,2026-01-26 00:27:08
0b94cc1e-2327-4679-99d9-3b21ddc02051,22,9,13,7,0,1769405139,2026-01-26 00:27:08
d7904cd0-4b1b-47d0-8103-937bcf5ff845,11,5,6,2,0,1769405137,2026-01-26 00:27:08
1b22c037-207d-454a-90aa-8f22d0a8a7e3,14,1,13,7,0,1769405137,2026-01-26 00:27:08
dfad8e49-7e1b-4376-90b4-7a449319f294,1,1,0,20,0,1769405137,2026-01-26 00:27:08
1057229c-f8f8-4014-80cd-f40421c61cf0,8,7,1,10,0,1769405135,2026-01-26 00:27:08
bbaae5d3-7e2b-46a8-872e-152404c664f7,20,1,19,6,0,1769405135,2026-01-26 00:27:08
96a0b676-e966-4d96-b04b-ceb8149cedcd,4,3,1,17,0,1769405135,2026-01-26 00:27:08
26176e86-8362-4c91-a693-6aa3f9ce0b73,5,3,2,12,0,1769405137,2026-01-26 00:27:08
66de867e-0aca-11e7-82f6-3863bb44ef7c,1,1,0,33,0,1769405138,2026-01-26 00:27:08
328d778a-7e71-4240-acae-b84f0fdaa5c5,4,2,2,21,0,1769405138,2026-01-26 00:27:08
93c28953-7e65-436e-9c5a-9d7ca0e3729f,0,0,0,23,0,1769405139,2026-01-26 00:27:08
66dc2238-0aca-11e7-82f6-3863bb44ef7c,25,21,4,52,0,1769405140,2026-01-26 00:27:08
1884688942632618210,12,12,0,13,0,1769405140,2026-01-26 00:27:08
1860189813948384088,20,12,8,1,0,1769405135,2026-01-26 00:27:08
a33a2d11-33a5-46ad-a086-5698ac17b7b4,29,11,18,0,0,1769405135,2026-01-26 00:27:08
66db3606-0aca-11e7-82f6-3863bb44ef7c,14,9,5,44,0,1769405139,2026-01-26 00:27:08
db41cc62-86ea-4421-bfaf-9b6511cfee10,2,2,0,28,0,1769405139,2026-01-26 00:27:08
1828967830172187422,0,0,0,26,0,1769405139,2026-01-26 00:27:08
dc34ba4c-d8e5-4674-a02e-210c950c05c1,4,3,1,20,0,1769405139,2026-01-26 00:27:08
be8e6f1c-e8b5-40bd-896d-423052ba3bbc,3,3,0,13,0,1769405139,2026-01-26 00:27:08
2576805f-9732-4c74-8f1d-57715e8cdfa2,10,4,6,18,0,1769405140,2026-01-26 00:27:08
2127386446510160022,0,0,0,18,0,1769405155,2026-01-26 00:27:08
66dcc5ca-0aca-11e7-82f6-3863bb44ef7c,0,0,0,0,0,1769405155,2026-01-26 00:27:08
1899178885660253096,24,20,4,0,0,1769405155,2026-01-26 00:27:08
4dcff9e7-7cb6-4d3d-ad67-c2e4c05933d3,6,0,6,15,0,1769405155,2026-01-26 00:27:08
ad41e353-033e-484f-8d76-78014e11e9d7,2,1,1,15,0,1769405155,2026-01-26 00:27:08
c0c6a931-c1d3-4202-a433-c4127a4cd846,0,0,0,19,0,1769405155,2026-01-26 00:27:08
66dd2811-0aca-11e7-82f6-3863bb44ef7c,3,0,3,39,0,1769405156,2026-01-26 00:27:08
1869753195262578852,5,1,4,12,0,1769405156,2026-01-26 00:27:08
284b08f2-3d26-4f52-9463-25e4a07c16f7,13,2,11,12,0,1769405156,2026-01-26 00:27:08
45e8c326-b12d-4be6-b040-bb6de9986d25,18,5,13,0,0,1769405156,2026-01-26 00:27:08
fa14408f-6e88-4668-86ee-ce10ea707f36,56,16,40,13,0,1769405156,2026-01-26 00:27:08
cc758f1a-8b28-4ff5-bc75-fbe62c453378,6,0,6,14,0,1769405156,2026-01-26 00:27:08
1786375069262703476,20,8,12,9,0,1769405156,2026-01-26 00:27:08
66de0933-0aca-11e7-82f6-3863bb44ef7c,23,1,22,4,0,1769405156,2026-01-26 00:27:08
66dd448f-0aca-11e7-82f6-3863bb44ef7c,23,23,0,20,0,1769405156,2026-01-26 00:27:08
4eb6d6a8-ecc1-4e89-a586-4f96ed3d83e1,1,1,0,25,0,1769405157,2026-01-26 00:27:08
15cb007b-bfca-4ad7-bfc6-44bf3d36785a,25,0,25,3,0,1769405157,2026-01-26 00:27:08
66dbf4ac-0aca-11e7-82f6-3863bb44ef7c,9,3,6,32,0,1769405157,2026-01-26 00:27:08
f001fac9-5f19-451e-a752-afde574a8c81,0,0,0,15,0,1769405157,2026-01-26 00:27:08
0109f17a-2378-4500-9648-88bdb31ec612,30,2,28,2,0,1769405157,2026-01-26 00:27:08
9d95a4a9-bcfe-4189-bb7d-abd9992ecbaf,5,0,5,10,0,1769405157,2026-01-26 00:27:08
3c135a2e-eeea-4e81-9c0a-8d14a6049198,9,2,7,11,0,1769405157,2026-01-26 00:27:08
4034789e-b70d-4aae-bf18-3ed37a4d751f,11,2,9,8,0,1769405157,2026-01-26 00:27:08
66dc8b6a-0aca-11e7-82f6-3863bb44ef7c,49,6,42,3,0,1769405157,2026-01-26 00:27:08
1861681121800951962,19,9,10,4,0,1769405157,2026-01-26 00:27:08
66dc192f-0aca-11e7-82f6-3863bb44ef7c,11,0,11,11,0,1769405157,2026-01-26 00:27:08
203d7b9a-8666-4af1-81c7-f9fc36aa0952,1,1,0,17,0,1769405158,2026-01-26 00:27:08
9e5fd5b6-c5f2-4694-9406-a44b7d0146d9,25,20,5,11,0,1769405155,2026-01-26 00:27:08
1828967027013302842,6,0,6,11,0,1769405158,2026-01-26 00:27:08
66dcf0b3-0aca-11e7-82f6-3863bb44ef7c,16,11,5,9,0,1769405158,2026-01-26 00:27:08
66ddee56-0aca-11e7-82f6-3863bb44ef7c,12,9,3,6,0,1769405158,2026-01-26 00:27:08
66dcbe7c-0aca-11e7-82f6-3863bb44ef7c,9,4,5,9,0,1769405159,2026-01-26 00:27:08
cd118a8f-a7d1-4b7a-a6d3-d9e875cb29df,18,14,4,6,0,1769405158,2026-01-26 00:27:08
bdefa3e3-aa5a-40eb-b7f8-542de55063e9,9,1,8,9,0,1769405038,2026-01-26 00:27:08
42bf7170-61ab-44a0-aafe-1b89d7271718,12,10,2,15,0,1769405039,2026-01-26 00:27:08
66dd40dd-0aca-11e7-82f6-3863bb44ef7c,15,12,3,17,0,1769405038,2026-01-26 00:27:08
66de6100-0aca-11e7-82f6-3863bb44ef7c,31,1,30,0,0,1769405094,2026-01-26 00:27:08
b9970fb5-176c-4a66-8772-6d76c4b6245a,2,0,2,16,0,1769405094,2026-01-26 00:27:08
9e99abca-c679-4788-9a4e-39066660bd6a,2,1,1,14,0,1769405094,2026-01-26 00:27:08
1828966882896859944,2,1,1,16,0,1769405095,2026-01-26 00:27:08
308e055a-b8aa-447d-8803-8677c88af0ba,10,3,7,8,0,1769405095,2026-01-26 00:27:08
27c71510-d515-4add-b660-6efd6f225cd1,16,8,8,10,0,1769405096,2026-01-26 00:27:08
66dcf897-0aca-11e7-82f6-3863bb44ef7c,13,6,7,16,0,1769405097,2026-01-26 00:27:08
66ddb41c-0aca-11e7-82f6-3863bb44ef7c,25,23,2,8,0,1769405097,2026-01-26 00:27:08
a6287af0-9a9e-4708-b61f-8e758be4b914,5,0,5,13,0,1769405097,2026-01-26 00:27:08
66db3cab-0aca-11e7-82f6-3863bb44ef7c,10,3,7,16,0,1769405097,2026-01-26 00:27:08
18267c09-1916-48d8-951c-caf88c89edd1,2,2,0,17,0,1769405097,2026-01-26 00:27:08
66dd4981-0aca-11e7-82f6-3863bb44ef7c,11,2,9,11,0,1769405097,2026-01-26 00:27:08
66dd4051-0aca-11e7-82f6-3863bb44ef7c,16,9,7,32,0,1769405095,2026-01-26 00:27:08
66db30e0-0aca-11e7-82f6-3863bb44ef7c,13,12,1,79,0,1769405095,2026-01-26 00:27:08
09b00240-4c2a-4900-9d09-f13344461c02,11,8,3,5,0,1769405095,2026-01-26 00:27:08
f6c33f22-d650-4935-a928-fb693a828b5f,4,1,3,17,0,1769405092,2026-01-26 00:27:08
08b9c491-a589-4e75-996c-2455c26fb356,2,0,2,17,0,1769405092,2026-01-26 00:27:08
5d049d4b-0736-4323-834a-1b2454bd6551,5,4,1,18,0,1769405092,2026-01-26 00:27:08
2126624466406238560,10,5,5,3,0,1769405054,2026-01-26 00:27:08
138094a0-cd7d-4014-9b21-4fb2afd3980e,13,3,10,13,0,1769405091,2026-01-26 00:27:08
1822663143025657920,17,1,16,4,0,1769405093,2026-01-26 00:27:08
1960020817312746312,47,24,23,66,0,1769405093,2026-01-26 00:27:08
66db6cd4-0aca-11e7-82f6-3863bb44ef7c,23,10,13,29,0,1769405093,2026-01-26 00:27:08
aba6e644-3ac8-4cdc-9bc6-763e9d82dee9,11,1,10,9,0,1769405094,2026-01-26 00:27:08
add829db-2feb-4e81-af61-056791a6e53b,0,0,0,28,0,1769405091,2026-01-26 00:27:08
0579ff13-5d5b-4cbd-bc6e-3e9396591aef,1,0,1,16,0,1769405098,2026-01-26 00:27:08
4cd5a87d-7618-4a15-892d-8cf29eec865c,13,1,12,1,0,1769405099,2026-01-26 00:27:08
d473f31f-68f2-4777-a364-ed127db04345,5,0,5,9,0,1769405099,2026-01-26 00:27:08
1846086768160082632,8,4,4,16,0,1769405099,2026-01-26 00:27:08
a35d03cf-bd72-4da4-a4ac-bd25b3f8dce3,12,6,6,6,0,1769405098,2026-01-26 00:27:08
1836581714456697424,8,1,7,15,0,1769405098,2026-01-26 00:27:08
7dcc5a03-5997-4250-9207-fa8b6f027c86,15,3,12,13,0,1769405098,2026-01-26 00:27:08
96a4da57-107a-43d1-8828-4749d5555461,5,2,3,24,0,1769405100,2026-01-26 00:27:08
b3a9057e-7ff6-4117-b96e-e71c173cf1e9,10,1,9,8,0,1769405100,2026-01-26 00:27:08
6bc5598a-9eb8-44d2-adc0-d93b93af1924,0,0,0,2,0,1769396147,2026-01-26 00:27:08
cd5e7c3e-c618-416a-ae99-b509bd56e1b2,23,12,11,7,0,1769405101,2026-01-26 00:27:08
4223f276-a4d4-45e0-b914-67f5ef1e81ba,15,0,15,10,0,1769405097,2026-01-26 00:27:08
98af0e1d-ea33-4c6e-95fe-97846e81081e,15,11,4,6,0,1769405101,2026-01-26 00:27:08
05969d95-8a64-4007-abf1-afb847f2d426,6,1,5,16,0,1769405049,2026-01-26 00:27:08
72796825-88b1-43a0-bb6d-2b41d337b1fc,25,7,18,0,0,1769405049,2026-01-26 00:27:08
66dbf667-0aca-11e7-82f6-3863bb44ef7c,59,25,34,5,0,1769405050,2026-01-26 00:27:08
943be327-0320-4ae1-8eb0-8a56f86a4fb6,7,3,4,19,0,1769405048,2026-01-26 00:27:08
1860187692409078310,10,2,8,13,0,1769405048,2026-01-26 00:27:08
403c310e-26d5-4db5-9928-13c38b25053d,4,4,0,21,0,1769405049,2026-01-26 00:27:08
74e104fb-1ddc-4f3e-a60b-220b6c4f300b,11,8,3,3,0,1769405051,2026-01-26 00:27:08
1835249964093653018,2,0,2,21,0,1769405051,2026-01-26 00:27:08
6db97fde-68ae-4d2b-b121-b7c17838bbe7,1,1,0,16,0,1769405051,2026-01-26 00:27:08
66db9845-0aca-11e7-82f6-3863bb44ef7c,52,44,8,2,0,1769405052,2026-01-26 00:27:08
fdf21800-6106-4739-b7d5-b379b19e5732,5,1,4,12,0,1769405054,2026-01-26 00:27:08
1931758629658304788,6,1,5,18,0,1769405053,2026-01-26 00:27:08
10c13fe2-34cb-4aff-bea1-4f5ce877769b,9,1,8,9,0,1769405054,2026-01-26 00:27:08
1860187301567054286,3,1,2,14,0,1769405054,2026-01-26 00:27:08
66dbf442-0aca-11e7-82f6-3863bb44ef7c,30,21,9,45,0,1769405053,2026-01-26 00:27:08
faf021ad-9de5-44bd-b7f5-48127e8d5fea,19,2,17,2,0,1769405055,2026-01-26 00:27:08
66dd8bd9-0aca-11e7-82f6-3863bb44ef7c,21,10,11,6,0,1769405052,2026-01-26 00:27:08
66de27da-0aca-11e7-82f6-3863bb44ef7c,6,5,1,20,0,1769405053,2026-01-26 00:27:08
66dc209c-0aca-11e7-82f6-3863bb44ef7c,45,11,34,21,0,1769405057,2026-01-26 00:27:08
581d8683-c217-4f96-89cb-b5a94d780b83,7,1,6,67,0,1769405057,2026-01-26 00:27:08
b90574d1-e9e7-45be-8adb-e38cb285fea5,3,3,0,12,0,1769405057,2026-01-26 00:27:08
6067af3d-f7ed-4149-a394-2fc2eb295872,41,21,20,13,0,1769405073,2026-01-26 00:27:08
7e7d974c-a6ec-4d9a-b4ed-01a4d2056d8b,2,1,1,17,0,1769405073,2026-01-26 00:27:08
66dd4841-0aca-11e7-82f6-3863bb44ef7c,14,11,3,26,0,1769405074,2026-01-26 00:27:08
ab79da3d-f92a-42de-a76d-e05b5d7e724c,1,0,1,15,0,1769405074,2026-01-26 00:27:08
66de1448-0aca-11e7-82f6-3863bb44ef7c,11,5,6,14,0,1769405072,2026-01-26 00:27:08
66db8c10-0aca-11e7-82f6-3863bb44ef7c,2,1,1,30,0,1769405072,2026-01-26 00:27:08
91ca68bd-5ac1-470b-a26d-1ec98ea9cca4,14,2,12,11,0,1769405073,2026-01-26 00:27:08
311269f4-53dc-4f83-b26b-ecb6e8e160ed,5,3,2,15,0,1769405073,2026-01-26 00:27:08
b200a8bf-2d79-4511-9a16-ac41e7245622,8,1,7,17,0,1769405076,2026-01-26 00:27:08
9bd28b11-cf11-4938-abb2-dfa5ec800e32,24,1,23,1,0,1769405072,2026-01-26 00:27:08
ab40ffde-f331-4194-adab-cb8c60b63f28,8,6,2,17,0,1769405075,2026-01-26 00:27:08
66de2131-0aca-11e7-82f6-3863bb44ef7c,5,2,3,29,0,1769405076,2026-01-26 00:27:08
e71d152c-c2df-4d3e-a9af-139f2529bac6,12,0,12,5,0,1769405076,2026-01-26 00:27:08
66dde559-0aca-11e7-82f6-3863bb44ef7c,28,22,6,0,0,1769405077,2026-01-26 00:27:08
2c2cdc55-52a3-4140-b4d3-8409a98f130f,14,7,7,9,0,1769405077,2026-01-26 00:27:08
1834145064843958330,13,5,8,6,0,1769405077,2026-01-26 00:27:08
2170352212111402482,27,24,3,44,0,1769405076,2026-01-26 00:27:08
ad037fe2-4a28-4b55-863c-229aada0b43a,4,0,4,14,0,1769405074,2026-01-26 00:27:08
e35494b4-5811-4d2a-87de-4430e56bce2d,0,0,0,19,0,1769405075,2026-01-26 00:27:08
1882735162923150168,18,1,17,6,0,1769405075,2026-01-26 00:27:08
9f702c67-b591-4492-ba90-eb3c7e793dad,11,2,9,8,0,1769405061,2026-01-26 00:27:08
66dc0d3a-0aca-11e7-82f6-3863bb44ef7c,5,2,3,12,0,1769405061,2026-01-26 00:27:08
66de871c-0aca-11e7-82f6-3863bb44ef7c,0,0,0,57,0,1769405062,2026-01-26 00:27:08
66de1580-0aca-11e7-82f6-3863bb44ef7c,18,16,2,19,0,1769405063,2026-01-26 00:27:08
66de2625-0aca-11e7-82f6-3863bb44ef7c,22,7,15,12,0,1769405059,2026-01-26 00:27:08
66dcf394-0aca-11e7-82f6-3863bb44ef7c,4,3,1,25,0,1769405058,2026-01-26 00:27:08
9157a3bc-43fa-4221-8bb8-17273fc09540,22,13,9,2,0,1769405058,2026-01-26 00:27:08
26568d39-db49-4354-a5c1-c81a3c856285,4,1,3,13,0,1769405060,2026-01-26 00:27:08
c1144380-c1ac-4315-9b1a-4b4e870ac688,0,0,0,9,0,1769391270,2026-01-26 00:27:08
d5ca6311-7471-480f-9c79-38baaafe34ba,0,0,0,24,0,1769372133,2026-01-26 00:27:08
29b21bd8-2459-4727-b1f0-d73592db3321,0,0,0,16,0,1769366284,2026-01-26 00:27:08
c0df5c09-2c07-4689-9fe8-36ed81301d7d,1,0,1,22,0,1769405040,2026-01-26 00:27:08
cd4b8e12-b2c7-479b-900d-59cf7d8c4276,15,7,8,0,0,1769405040,2026-01-26 00:27:08
2a47ef14-1cbe-4ec6-841d-cc277627fe20,13,11,2,15,0,1769405047,2026-01-26 00:27:08
4e1a13af-1c3b-48f2-8586-5edceea97d61,1,1,0,17,0,1769405047,2026-01-26 00:27:08
18d980e5-ba08-4bc3-832e-03eb71865768,10,3,7,11,0,1769405047,2026-01-26 00:27:08
66db29e6-0aca-11e7-82f6-3863bb44ef7c,9,2,7,7,0,1769405048,2026-01-26 00:27:08
a04bf523-3c76-4fad-88bf-e99037f9b796,16,3,13,4,0,1769405042,2026-01-26 00:27:08
1786698815186893280,17,1,16,18,0,1769405042,2026-01-26 00:27:08
5cb3a92d-f284-477c-bf63-ea72d24e8a7d,14,3,11,3,0,1769405044,2026-01-26 00:27:08
b636a06c-c10e-417a-ac22-14cadb8f8993,14,7,7,1,0,1769405044,2026-01-26 00:27:08
66dc4bd9-0aca-11e7-82f6-3863bb44ef7c,82,73,9,9,0,1769405044,2026-01-26 00:27:08
bfea6c5b-2e1a-42c5-8199-2ded6042d57b,4,0,4,21,0,1769405045,2026-01-26 00:27:08
9dde927d-9984-4f97-bcd0-fbcb59e6ca66,11,0,11,5,0,1769405045,2026-01-26 00:27:08
97bcf094-ad77-4743-9c94-832c7300c090,10,10,0,3,0,1769405046,2026-01-26 00:27:08
66db6e49-0aca-11e7-82f6-3863bb44ef7c,9,9,0,35,0,1769405047,2026-01-26 00:27:08
88c1303b-3349-4591-bf08-c7e40cf3537a,22,7,15,21,0,1769405106,2026-01-26 00:27:08
1875413335585534272,0,0,0,21,0,1769405106,2026-01-26 00:27:08
72196024-6f2b-45cb-9764-609911c7dc0b,22,11,10,25,0,1769405106,2026-01-26 00:27:08
66dc78c4-0aca-11e7-82f6-3863bb44ef7c,49,41,8,10,0,1769405106,2026-01-26 00:27:08
1945126147213275898,4,2,2,14,0,1769405107,2026-01-26 00:27:08
2a9e2320-083d-4044-aedf-0c15ecfefe61,17,13,4,5,0,1769405107,2026-01-26 00:27:08
30d6520e-b612-4240-a9ff-eec12b02b263,6,1,5,12,0,1769405107,2026-01-26 00:27:08
66dccd65-0aca-11e7-82f6-3863bb44ef7c,13,4,9,10,0,1769405108,2026-01-26 00:27:08
66dc1545-0aca-11e7-82f6-3863bb44ef7c,7,4,3,16,0,1769405111,2026-01-26 00:27:08
1836581628905160976,5,2,3,15,0,1769405111,2026-01-26 00:27:08
833bc8bc-3c32-4481-9c14-9a88aa7accec,27,21,6,11,0,1769405110,2026-01-26 00:27:08
66ddeca9-0aca-11e7-82f6-3863bb44ef7c,14,5,9,2,0,1769405111,2026-01-26 00:27:08
c5861c24-5ac1-41df-82f1-31748d03e868,59,47,12,5,0,1769405111,2026-01-26 00:27:08
4780d9d1-b886-4e72-9d18-cb152f73e10a,2,0,2,18,0,1769405110,2026-01-26 00:27:08
1861680103893703034,1,1,0,19,0,1769405110,2026-01-26 00:27:08
897e8739-ee1d-4b2e-b151-ad7e64e87697,12,3,9,16,0,1769405108,2026-01-26 00:27:08
c702c094-b08f-449d-a41d-b3724f147491,13,5,8,6,0,1769405108,2026-01-26 00:27:08
66db3a1e-0aca-11e7-82f6-3863bb44ef7c,9,9,0,10,0,1769405109,2026-01-26 00:27:08
66db3d2a-0aca-11e7-82f6-3863bb44ef7c,0,0,0,40,0,1769347727,2026-01-26 00:27:08
1879859065051787718,18,15,3,0,0,1769405109,2026-01-26 00:27:08
66dbef85-0aca-11e7-82f6-3863bb44ef7c,22,20,2,12,0,1769405111,2026-01-26 00:27:08
66dc86d9-0aca-11e7-82f6-3863bb44ef7c,55,19,36,3,0,1769405108,2026-01-26 00:27:08
1947313784686131504,13,1,12,4,0,1769405109,2026-01-26 00:27:08
348c5e65-cbc3-4da6-9856-fc253a0ba546,38,26,12,10,0,1769405109,2026-01-26 00:27:08
1861681435029604706,12,5,7,11,0,1769405114,2026-01-26 00:27:08
66dbc8f5-0aca-11e7-82f6-3863bb44ef7c,52,33,18,20,0,1769405114,2026-01-26 00:27:08
9505c2b7-0c3a-4791-8471-d2092a86291f,20,0,20,1,0,1769405114,2026-01-26 00:27:08
0096fecb-3a56-4585-9204-aa9554f7bc49,40,16,24,8,0,1769405115,2026-01-26 00:27:08
d55dd622-0ced-4e4d-9ea5-2ef2cb6481a9,0,0,0,27,0,1769357020,2026-01-26 00:27:08
77a498ea-5693-46cc-a4b1-6e428f574797,20,2,17,2,0,1769405112,2026-01-26 00:27:08
66dde2d9-0aca-11e7-82f6-3863bb44ef7c,23,17,6,11,0,1769405112,2026-01-26 00:27:08
4dde902d-512c-4e9e-8899-a68424ed87c0,14,3,11,19,0,1769405112,2026-01-26 00:27:08
344064f8-e82f-40fb-b235-aff506b77ae5,7,2,5,22,0,1769405112,2026-01-26 00:27:08
24f431ca-c2a5-46be-966b-b8d4c3e4b346,3,3,0,11,0,1769405112,2026-01-26 00:27:08
e15a5c77-70b0-4b9d-9eae-f10ddda7d994,3,3,0,19,0,1769405112,2026-01-26 00:27:08
d319629d-63cf-4765-9f69-5569f35d6469,3,0,3,15,0,1769405113,2026-01-26 00:27:08
c01a9c97-6c04-4e3f-ad0b-958801d94ca1,14,0,14,1,0,1769405114,2026-01-26 00:27:08
2e74ea1d-02a0-47bf-9665-dce2d65de8d7,6,4,2,9,0,1769405113,2026-01-26 00:27:08
3bdd81c8-3112-45e6-ae72-11a3f4fa5921,6,3,3,16,0,1769405115,2026-01-26 00:27:08
95a52ce4-3597-47d1-8d6f-427cb3b8ca6a,22,19,3,4,0,1769405115,2026-01-26 00:27:08
1823008917260927616,17,5,12,7,0,1769405115,2026-01-26 00:27:08
058ee86d-ce2a-4597-99f7-f78f082b33e3,2,1,1,16,0,1769405115,2026-01-26 00:27:08
2123940513700131194,9,4,5,5,0,1769405116,2026-01-26 00:27:08
a1cf7115-8e38-4300-aac8-3a2fddca0e23,21,3,18,9,0,1769405116,2026-01-26 00:27:08
66dde9af-0aca-11e7-82f6-3863bb44ef7c,0,0,0,27,0,1769405116,2026-01-26 00:27:08
1975518396279321266,36,33,3,38,0,1769405117,2026-01-26 00:27:08
9790606b-a00d-4d5e-b6ec-abd11c9d25b3,0,0,0,18,0,1769405116,2026-01-26 00:27:08
062f0ac2-b3b6-4c15-b470-92ce9b592635,12,0,12,6,0,1769405117,2026-01-26 00:27:08
01f01352-50d4-484e-a611-576b18ac373a,20,1,19,9,0,1769405117,2026-01-26 00:27:08
141ba25c-f4ea-4cec-ae7e-022401e23087,10,6,4,0,0,1769405117,2026-01-26 00:27:08
66db237e-0aca-11e7-82f6-3863bb44ef7c,5,2,3,48,0,1769405117,2026-01-26 00:27:08
0f9423bd-98dd-4919-b6e3-28880ff7ecca,3,2,1,15,0,1769405118,2026-01-26 00:27:08
5f0aa684-a1c5-4119-827f-7860f1cd4ccd,0,0,0,24,0,1769405119,2026-01-26 00:27:08
66dbce8a-0aca-11e7-82f6-3863bb44ef7c,55,39,16,6,0,1769405119,2026-01-26 00:27:08
7d455e9a-20b4-4b03-8248-0d982fdfa21b,2,1,1,20,0,1769405119,2026-01-26 00:27:08
16280b32-7e5b-4a18-930b-212eac10faaa,0,0,0,19,0,1769405119,2026-01-26 00:27:08
a11a0000-19cf-4053-b3a1-3a5886d7446c,14,1,13,24,0,1769405119,2026-01-26 00:27:08
1835247352748090208,12,7,5,9,0,1769405121,2026-01-26 00:27:08
16cbe771-8fca-4437-b9d2-374e00da6c3a,12,5,7,10,0,1769405121,2026-01-26 00:27:08
ed1199e4-d9a6-4d9e-8c81-62bcd7510a11,13,2,11,15,0,1769405121,2026-01-26 00:27:08
1817433126359581672,7,0,7,14,0,1769405120,2026-01-26 00:27:08
2126621026154598618,11,3,8,3,0,1769405120,2026-01-26 00:27:08
66db95e5-0aca-11e7-82f6-3863bb44ef7c,18,10,8,24,0,1769405119,2026-01-26 00:27:08
9e3603ee-2b7d-4147-a7b5-48bbd778902c,29,26,3,30,0,1769405067,2026-01-26 00:27:08
9341ee1c-d456-4858-a451-70cbbd73d084,12,6,6,15,0,1769405067,2026-01-26 00:27:08
dba67615-a7e0-4c44-ab1b-b464033ec9b9,10,3,7,9,0,1769405067,2026-01-26 00:27:08
1814900353536621062,14,2,12,11,0,1769405067,2026-01-26 00:27:08
66dcbdc2-0aca-11e7-82f6-3863bb44ef7c,8,4,4,11,0,1769405068,2026-01-26 00:27:08
0183d7d4-9e11-4429-94db-666a31239871,13,0,13,11,0,1769405064,2026-01-26 00:27:08
1815967313905864892,7,2,5,10,0,1769405065,2026-01-26 00:27:08
66dca6f4-0aca-11e7-82f6-3863bb44ef7c,11,7,4,22,0,1769405065,2026-01-26 00:27:08
40042fb4-6ddd-4f74-bb52-5af3e4e08c8d,0,0,0,24,0,1769405065,2026-01-26 00:27:08
2b848257-dc2e-4dd0-b840-d5e046972789,7,0,7,10,0,1769405066,2026-01-26 00:27:08
89171660-8cef-443f-8f75-67503532d1ce,8,0,8,8,0,1769405070,2026-01-26 00:27:08
079b5a90-1d2b-40b2-b1e9-71c075f16b89,5,3,2,14,0,1769405070,2026-01-26 00:27:08
1989279523593928720,103,81,22,8,0,1769405071,2026-01-26 00:27:08
8fc95e31-b025-4d2b-b5aa-240465366480,14,11,3,4,0,1769405069,2026-01-26 00:27:08
160e21da-6dd2-47ff-8385-e13c8cdce4fa,23,0,23,3,0,1769405066,2026-01-26 00:27:08
1828968199249922252,1,0,1,19,0,1769405066,2026-01-26 00:27:08
e6a32ec8-fc8b-4ed6-93a2-3ace3921b89d,17,13,4,5,0,1769405069,2026-01-26 00:27:08
aa8270ec-4441-47d2-854b-5852e65fae66,0,0,0,18,0,1769405104,2026-01-26 00:27:08
cb04be8e-8edc-4c9d-bfc0-76f94e3a3d9b,20,0,20,23,0,1769405104,2026-01-26 00:27:08
6853d09a-cbd8-4378-bc23-02e8bba0b4da,4,2,2,17,0,1769405104,2026-01-26 00:27:08
60a061d5-d984-4573-af3c-2054f4f59e94,5,4,1,14,0,1769405104,2026-01-26 00:27:08
412c1416-d15b-4e6a-9691-da4c3cc0d0d2,56,42,14,4,0,1769405105,2026-01-26 00:27:08
66db4158-0aca-11e7-82f6-3863bb44ef7c,26,22,4,9,0,1769405102,2026-01-26 00:27:08
1828969417249358046,4,1,3,15,0,1769405102,2026-01-26 00:27:08
21361381-fd4a-44a4-bfa7-61f075192ce9,5,4,1,19,0,1769405102,2026-01-26 00:27:08
66de20c8-0aca-11e7-82f6-3863bb44ef7c,5,4,1,21,0,1769405102,2026-01-26 00:27:08
66db8fde-0aca-11e7-82f6-3863bb44ef7c,35,25,10,16,0,1769405102,2026-01-26 00:27:08
1838070703178521596,1,1,0,18,0,1769405102,2026-01-26 00:27:08
1794096976946852066,50,38,12,9,0,1769405101,2026-01-26 00:27:08
9e9acfaf-0bbf-4bc2-a825-b2befb6bee55,20,13,7,12,0,1769405101,2026-01-26 00:27:08
c83e1ef5-776e-417e-8ee2-d08ca121f884,12,12,0,10,0,1769405101,2026-01-26 00:27:08
66f68197-4897-4576-896a-48e0312104c5,21,8,13,6,0,1769405101,2026-01-26 00:27:08
66dc7957-0aca-11e7-82f6-3863bb44ef7c,12,10,2,63,0,1769405101,2026-01-26 00:27:08
66dbc982-0aca-11e7-82f6-3863bb44ef7c,32,28,4,75,0,1769405102,2026-01-26 00:27:08
66de06ef-0aca-11e7-82f6-3863bb44ef7c,15,3,12,6,0,1769405105,2026-01-26 00:27:08
1828968691399885056,9,0,9,6,0,1769405105,2026-01-26 00:27:08
17aeb1e3-fd18-4cf9-9473-17dfa5b0a312,7,7,0,15,0,1769405105,2026-01-26 00:27:08
3134bce7-0bb9-4a45-9c87-60a8cb681d72,1,1,0,16,0,1769405105,2026-01-26 00:27:08
720c0d64-7828-4dba-bff9-4d99f4e3a9fc,4,3,1,16,0,1769405084,2026-01-26 00:27:08
05b9e7cd-f3a2-4d48-b7c4-f5fbe09d9de3,15,2,13,10,0,1769405085,2026-01-26 00:27:08
01a1343d-9c7b-4a83-8a5a-a600187f19c4,9,1,8,18,0,1769405079,2026-01-26 00:27:08
1862787990429630662,4,2,2,15,0,1769405079,2026-01-26 00:27:08
facb0195-8daa-46e3-95e1-6f22fb678e8a,0,0,0,19,0,1769405080,2026-01-26 00:27:08
43eac213-4603-4bc2-b6d6-b45013396282,22,10,12,13,0,1769405080,2026-01-26 00:27:08
1884599469785421928,19,18,1,19,0,1769405080,2026-01-26 00:27:08
3bfc859b-5c5f-43bc-b2e7-b64ed8ea9ede,4,1,3,14,0,1769405080,2026-01-26 00:27:08
904930bd-2671-4695-9c1a-8a894b041129,28,22,6,34,0,1769405081,2026-01-26 00:27:08
1b28836b-29fd-47a7-9a98-44cd792918fb,48,29,19,0,0,1769405081,2026-01-26 00:27:08
66db32fb-0aca-11e7-82f6-3863bb44ef7c,8,2,6,92,0,1769405081,2026-01-26 00:27:08
daaa3ac1-594c-48d2-9431-a8ced305ed5a,1,0,1,17,0,1769405082,2026-01-26 00:27:08
66dc28bd-0aca-11e7-82f6-3863bb44ef7c,7,4,3,48,0,1769405081,2026-01-26 00:27:08
918af7b2-e05c-477a-a8c0-7dcff984c566,9,2,7,29,0,1769405083,2026-01-26 00:27:08
b6a4770e-9077-4a0e-a0fb-b45b1d457559,52,37,15,6,0,1769405082,2026-01-26 00:27:08
8ce7325e-d5c7-46f9-9b73-95356e48c3eb,20,14,6,2,0,1769405082,2026-01-26 00:27:08
4753c1ba-a86e-431e-94fb-06403cdee4d7,14,14,0,14,0,1769405082,2026-01-26 00:27:08
36ddce8f-bd83-4a05-b601-b526fb4d8628,1,0,1,17,0,1769405080,2026-01-26 00:27:08
1835246815877178358,6,1,5,13,0,1769405079,2026-01-26 00:27:08
d873e463-2dc9-4bf8-86c7-fea8ddaa3a9f,3,2,1,12,0,1769405078,2026-01-26 00:27:08
2133952475068346460,33,7,26,17,0,1769405079,2026-01-26 00:27:08
1e226f22-034f-4b99-8184-a8eaa591fbd8,23,21,2,25,0,1769405085,2026-01-26 00:27:08
1d8e51b0-8131-4c1f-93fb-f04952c157c0,4,3,1,25,0,1769405081,2026-01-26 00:27:08
1789e458-c466-4d77-aba6-365f5c3823ed,8,1,7,12,0,1769405089,2026-01-26 00:27:08
1791472201147965920,11,10,1,51,0,1769405089,2026-01-26 00:27:08
1862788101231526152,15,5,10,15,0,1769405088,2026-01-26 00:27:08
35915f48-31c5-499a-b845-2ca2fb541904,14,1,13,25,0,1769405089,2026-01-26 00:27:08
1828969851041055492,18,16,2,4,0,1769405089,2026-01-26 00:27:08
66db6aae-0aca-11e7-82f6-3863bb44ef7c,23,8,15,59,0,1769405089,2026-01-26 00:27:08
bf093f72-1d8d-44ae-91b5-e36958a27976,20,19,1,1,0,1769405089,2026-01-26 00:27:08
5b0b689f-9bd2-4743-b4cc-d4629a9a709b,21,4,17,1,0,1769405089,2026-01-26 00:27:08
66dbe4db-0aca-11e7-82f6-3863bb44ef7c,61,54,7,20,0,1769405089,2026-01-26 00:27:08
026fd07d-d810-45dc-9237-a3d84dce4fa9,13,2,11,10,0,1769405086,2026-01-26 00:27:08
1835250318514342456,11,3,8,16,0,1769405086,2026-01-26 00:27:08
1860189426558126796,10,1,9,11,0,1769405086,2026-01-26 00:27:08
3bf91ca1-14fd-4e51-858e-36a203f1af2a,3,3,0,15,0,1769405086,2026-01-26 00:27:08
16e17ca1-b2dc-47d0-8c8b-199cb4736fe7,6,2,4,13,0,1769405087,2026-01-26 00:27:08
88bf1344-354f-4699-bdbd-1c2584fc41ee,20,7,13,11,0,1769405087,2026-01-26 00:27:08
1900647078394106472,8,1,7,11,0,1769405088,2026-01-26 00:27:08
17c45d34-0d8d-46ba-9078-e9a2a7c5867c,7,1,6,22,0,1769405088,2026-01-26 00:27:08
454b4a83-d0b1-42a2-8163-261e2a9d6ab9,7,5,2,72,0,1769405087,2026-01-26 00:27:08
74a1dc19-f894-4246-99f1-476a92452995,3,2,1,22,0,1769405085,2026-01-26 00:27:08
968d40e0-2a5b-4f6c-a161-fad1631b609b,2,1,1,12,0,1769405086,2026-01-26 00:27:08
66dd2556-0aca-11e7-82f6-3863bb44ef7c,32,25,7,10,0,1769405086,2026-01-26 00:27:08
1817432787057164808,11,2,9,8,0,1769405086,2026-01-26 00:27:08
bca594e5-779f-4866-bd6b-818871f97d38,24,1,23,1,0,1769405086,2026-01-26 00:27:08
61be9a4a-737c-413a-9b72-d47b28a366d5,4,2,2,18,0,1769405086,2026-01-26 00:27:08
e51c8b72-460f-41c2-a5ca-de85d3f46a30,19,9,10,32,0,1769405087,2026-01-26 00:27:08
2177015913867375458,0,0,0,0,0,86400,2026-01-26 00:27:08
1954778813955578360,0,0,0,0,0,86400,2026-01-26 00:27:08
067d5007-bda5-4697-b0a2-ccc2837f295c,0,0,0,0,0,86400,2026-01-26 00:27:08
1906248765431831024,0,0,0,0,0,86400,2026-01-26 00:27:08
aa8fc8b7-b66c-41d9-9885-30b8af599378,0,0,0,0,0,86400,2026-01-26 00:27:08
2171904301452603832,0,0,0,0,0,86400,2026-01-26 00:27:08
2124037384760320326,0,0,0,0,0,86400,2026-01-26 00:27:08
2176731427905421244,0,0,0,0,0,86400,2026-01-26 00:27:08
2177016650782707004,0,0,0,0,0,86400,2026-01-26 00:27:08
2177017636303913026,0,0,0,0,0,86400,2026-01-26 00:27:08
2177017052188360762,0,0,0,0,0,86400,2026-01-26 00:27:08
2177017859487560566,0,0,0,0,0,86400,2026-01-26 00:27:08
cbcbd880-9662-4ab1-b530-781bb101ed1f,0,0,0,15,0,1769405126,2026-01-26 00:27:08
cdb6e2aa-4da3-4ed7-9b13-ce626addf6b0,10,7,3,44,0,1769405126,2026-01-26 00:27:08
db02e1ea-acc1-4f45-8e3c-d37468b0b5a6,5,2,3,13,0,1769405126,2026-01-26 00:27:08
d5788cfa-817e-4b65-b43f-edda222a3c3c,11,4,7,14,0,1769405126,2026-01-26 00:27:08
c2291f8e-3b07-4671-82af-2b947825de4a,41,28,13,23,0,1769405126,2026-01-26 00:27:08
de0c1800-f7cc-41b4-ab7a-c9d219180d06,22,6,16,40,0,1769405122,2026-01-26 00:27:08
1828968994833044184,6,1,5,13,0,1769405122,2026-01-26 00:27:08
30a75e12-5327-48f0-8155-3925aa934054,3,2,1,13,0,1769405123,2026-01-26 00:27:08
b3c8aaaf-6e1c-4f56-9391-b79e883b8009,3,1,2,20,0,1769405123,2026-01-26 00:27:08
66dcbefb-0aca-11e7-82f6-3863bb44ef7c,8,8,0,9,0,1769405123,2026-01-26 00:27:08
1828968611856235508,1,0,1,16,0,1769405123,2026-01-26 00:27:08
2126225134412534550,11,5,6,4,0,1769405123,2026-01-26 00:27:08
66dc3a1a-0aca-11e7-82f6-3863bb44ef7c,6,1,5,47,0,1769405125,2026-01-26 00:27:08
1ddadf67-ae08-4e86-bdda-236629b9eabd,20,5,15,3,0,1769405125,2026-01-26 00:27:08
1843486757863039016,16,1,15,0,0,1769405126,2026-01-26 00:27:08
65e7908a-a73e-4f8e-9967-0d0677f62bc4,19,10,9,2,0,1769405127,2026-01-26 00:27:08
1817432606668538118,11,10,1,12,0,1769405127,2026-01-26 00:27:08
2126624772423916318,4,0,4,5,0,1769405057,2026-01-26 00:27:08
66de5a47-0aca-11e7-82f6-3863bb44ef7c,22,4,18,6,0,1769405122,2026-01-26 00:27:08
66dea4bf-0aca-11e7-82f6-3863bb44ef7c,30,11,19,10,0,1769405122,2026-01-26 00:27:08
1857217122161783302,23,3,20,5,0,1769405122,2026-01-26 00:27:08
eb6c2359-4825-4bf4-8f2d-8b6dd2bf4212,10,9,1,23,0,1769405124,2026-01-26 00:27:08
876683ce-9bce-4fad-8d1c-6b331fa07b5c,26,3,23,20,0,1769405124,2026-01-26 00:27:08
c1c33a35-751f-4dd6-baef-82db46f7ab46,11,2,9,20,0,1769405125,2026-01-26 00:27:08
e7739b9e-7cc6-4cbb-98d3-669b8e2ae98b,7,0,7,13,0,1769405125,2026-01-26 00:27:08
1960020540642077008,26,25,1,21,0,1769405125,2026-01-26 00:27:08
2053867202510006310,19,0,19,3,0,1769405124,2026-01-26 00:27:08
490ca6cc-c2a2-4838-acf0-4704ed60dc51,15,9,6,33,0,1769405133,2026-01-26 00:27:08
b1f3eb8c-07f9-479f-a8ab-f04e094bc7d0,7,0,7,12,0,1769405133,2026-01-26 00:27:08
1843486301383097150,2,1,1,23,0,1769405133,2026-01-26 00:27:08
c38e2cfc-04e6-419c-8bf8-d8713ccf6ea7,46,7,39,3,0,1769405129,2026-01-26 00:27:08
50e05a9f-dce6-4315-a10d-1fa786fc18ee,27,20,7,21,0,1769405129,2026-01-26 00:27:08
1820420129807491554,16,1,15,2,0,1769405129,2026-01-26 00:27:08
dfe2c398-ff5c-4a8d-83c8-fa18801540d8,14,1,13,14,0,1769405129,2026-01-26 00:27:08
66dc7b10-0aca-11e7-82f6-3863bb44ef7c,1,1,0,76,0,1769405129,2026-01-26 00:27:08
1914337145288845316,14,0,14,6,0,1769405128,2026-01-26 00:27:08
1882736039096477712,23,14,9,12,0,1769405129,2026-01-26 00:27:08
1817627670084542818,1,0,1,20,0,1769405129,2026-01-26 00:27:08
8603535e-0d7a-4c5b-ae77-27b9f5770bfa,2,0,2,23,0,1769405131,2026-01-26 00:27:08
febf420f-bbec-4044-a3af-69959e018ccb,6,6,0,14,0,1769405131,2026-01-26 00:27:08
66db316a-0aca-11e7-82f6-3863bb44ef7c,18,10,8,4,0,1769405132,2026-01-26 00:27:08
2af3ecc3-4f43-468a-a7cc-bb4804ee3e7a,16,11,5,39,0,1769405131,2026-01-26 00:27:08
1835249854657874848,3,1,2,13,0,1769405131,2026-01-26 00:27:08
66de2201-0aca-11e7-82f6-3863bb44ef7c,13,7,6,18,0,1769405130,2026-01-26 00:27:08
99d149f9-ad40-461e-beea-fcbf086f9b5a,21,6,15,42,0,1769405131,2026-01-26 00:27:08
fbb2d76c-1d47-4fb1-9c07-622fcace38a5,18,0,18,10,0,1769405130,2026-01-26 00:27:08
22ac9559-d7f1-4dcd-ae3e-f6caf586a455,18,14,4,6,0,1769405131,2026-01-26 00:27:08
2126224759932600578,4,4,0,4,0,1769405112,2026-01-26 00:27:08
a381b37a-a928-4834-87ee-da9922cb3b3d,28,20,8,2,0,1769405130,2026-01-26 00:27:08
c0b541ae-9e66-4739-babb-483180747dc2,6,5,1,12,0,1769405135,2026-01-26 00:27:08
1929513834381415014,9,3,6,11,0,1769405136,2026-01-26 00:27:08
3c21925c-d68e-497c-b501-982d3eb3e852,19,15,4,1,0,1769405136,2026-01-26 00:27:08
66de5d57-0aca-11e7-82f6-3863bb44ef7c,4,3,1,20,0,1769405136,2026-01-26 00:27:08
59f0cb81-e31b-4ba9-9159-3437c52f7505,0,0,0,17,0,1769405139,2026-01-26 00:27:08
66dcbb2c-0aca-11e7-82f6-3863bb44ef7c,6,2,4,20,0,1769405139,2026-01-26 00:27:08
20f3a578-4dfa-45ca-a917-b394d77ee08e,18,4,14,11,0,1769405139,2026-01-26 00:27:08
66de4408-0aca-11e7-82f6-3863bb44ef7c,13,8,5,10,0,1769405139,2026-01-26 00:27:08
6f484a9d-c535-451e-a18f-f3afdc0a27af,19,7,12,20,0,1769405139,2026-01-26 00:27:08
d56a8542-048a-4aca-ac7f-f27a9e6c908b,14,12,2,11,0,1769405133,2026-01-26 00:27:08
8dc8c0b3-4d70-40fe-a75a-86e30ecb676b,14,3,11,1,0,1769405133,2026-01-26 00:27:08
66de56e5-0aca-11e7-82f6-3863bb44ef7c,17,4,13,5,0,1769405134,2026-01-26 00:27:08
b1f67e5c-7c26-4bf3-a90e-1500a3160d60,5,1,4,18,0,1769405133,2026-01-26 00:27:08
fbee1143-e93f-418d-b6bc-8fde4a9a8746,18,5,13,31,0,1769405133,2026-01-26 00:27:08
1846449740982645546,13,1,12,3,0,1769405134,2026-01-26 00:27:08
66dc8c90-0aca-11e7-82f6-3863bb44ef7c,14,6,8,10,0,1769405134,2026-01-26 00:27:08
8cb0375d-bcb2-4c90-9773-41c3c8fdf8d8,6,5,1,74,0,1769405135,2026-01-26 00:27:08
1786698158713921798,27,9,18,14,0,1769405135,2026-01-26 00:27:08
66de1af4-0aca-11e7-82f6-3863bb44ef7c,8,8,0,22,0,1769405135,2026-01-26 00:27:08
672d71ab-2c23-4bd2-9ed2-34e54aa4b5b5,9,6,3,8,0,1769405135,2026-01-26 00:27:08
66dd4de9-0aca-11e7-82f6-3863bb44ef7c,30,11,19,21,0,1769405137,2026-01-26 00:27:08
6fcad2af-c3e2-47a4-8942-023ae4047e67,12,8,4,4,0,1769405137,2026-01-26 00:27:08
1d977221-b2b5-4fa2-bba0-b00136834fb3,1,0,1,17,0,1769405136,2026-01-26 00:27:08
0f51cb84-e386-44ac-947f-a969f7617d17,10,4,6,10,0,1769405136,2026-01-26 00:27:08
66de1b5b-0aca-11e7-82f6-3863bb44ef7c,3,3,0,16,0,1769405137,2026-01-26 00:27:08
66dde079-0aca-11e7-82f6-3863bb44ef7c,26,23,3,20,0,1769405137,2026-01-26 00:27:08
66ddb7bf-0aca-11e7-82f6-3863bb44ef7c,27,25,2,20,0,1769405138,2026-01-26 00:27:08
66dba0ba-0aca-11e7-82f6-3863bb44ef7c,11,3,8,30,0,1769405138,2026-01-26 00:27:08
6661108f-28eb-4671-ad0c-36a311d325aa,7,1,6,8,0,1769405138,2026-01-26 00:27:08
09a0c507-7cda-4f3f-9988-78de0baa28e4,4,2,2,16,0,1769405137,2026-01-26 00:27:08
7a701539-2c10-4abe-803f-525785ebb7fb,6,1,5,12,0,1769405137,2026-01-26 00:27:08
66dc36c3-0aca-11e7-82f6-3863bb44ef7c,74,44,30,6,0,1769405138,2026-01-26 00:27:08
016ee47a-4871-4209-91cb-bf3ceeddc991,1,1,0,17,0,1769405138,2026-01-26 00:27:08
653ba606-f397-41e6-adc4-f775bf2d0c9f,11,0,11,11,0,1769405136,2026-01-26 00:27:08
acfeadeb-73bb-4ec3-b809-78675b01af74,6,3,3,10,0,1769405136,2026-01-26 00:27:08
1913995167022829826,19,2,17,0,0,1769405136,2026-01-26 00:27:08
1431ec5c-242d-401b-b672-dbf95155999b,2,1,1,16,0,1769405136,2026-01-26 00:27:08
1ec7ef9f-ab60-4a64-821d-883ba547273a,5,0,5,13,0,1769405137,2026-01-26 00:27:08
2121033124458338894,9,1,8,5,0,1769405132,2026-01-26 00:27:08
de449a58-0edf-4d36-91b4-4b313576e945,8,0,8,8,0,1769405132,2026-01-26 00:27:08
66db2953-0aca-11e7-82f6-3863bb44ef7c,45,1,44,3,0,1769405145,2026-01-26 00:27:08
66de07ec-0aca-11e7-82f6-3863bb44ef7c,20,2,18,1,0,1769405145,2026-01-26 00:27:08
66dbc6ae-0aca-11e7-82f6-3863bb44ef7c,34,14,20,26,0,1769405145,2026-01-26 00:27:08
66dcec6b-0aca-11e7-82f6-3863bb44ef7c,1,0,1,31,0,1769405136,2026-01-26 00:27:08
2126622876727162948,5,0,5,5,0,1769405145,2026-01-26 00:27:08
a4368364-fa79-493c-8478-1d3471a6077f,32,25,7,43,0,1769405143,2026-01-26 00:27:08
1869754328201607270,4,2,2,11,0,1769405144,2026-01-26 00:27:08
8f9ce302-2a6d-443c-8fe0-625b20021ea2,7,3,4,14,0,1769405144,2026-01-26 00:27:08
39112ced-337f-4b71-9df6-291cd4265cc9,14,0,14,8,0,1769405144,2026-01-26 00:27:08
66de47bf-0aca-11e7-82f6-3863bb44ef7c,15,8,7,2,0,1769405144,2026-01-26 00:27:08
66de4c32-0aca-11e7-82f6-3863bb44ef7c,15,0,15,7,0,1769405144,2026-01-26 00:27:08
1861682960046954694,19,16,3,1,0,1769405144,2026-01-26 00:27:08
66dd9213-0aca-11e7-82f6-3863bb44ef7c,5,5,0,36,0,1769405144,2026-01-26 00:27:08
b5010362-af16-4357-8fb7-5958576954c0,12,2,10,11,0,1769405144,2026-01-26 00:27:08
2126274178538511162,8,0,8,3,0,1769405145,2026-01-26 00:27:08
531e6d94-5f4c-4ef0-9c83-47191be9d8f9,1,1,0,18,0,1769405141,2026-01-26 00:27:08
66dc73b0-0aca-11e7-82f6-3863bb44ef7c,21,17,4,12,0,1769405141,2026-01-26 00:27:08
66de1295-0aca-11e7-82f6-3863bb44ef7c,19,9,10,4,0,1769405141,2026-01-26 00:27:08
0e82ab9f-8c93-4302-b9df-342f8135a05c,18,0,18,0,0,1769405141,2026-01-26 00:27:08
66dd49eb-0aca-11e7-82f6-3863bb44ef7c,26,26,0,3,0,1769405141,2026-01-26 00:27:08
1597ea95-0b6b-425a-8d13-ed86ee0754b5,2,1,1,18,0,1769405141,2026-01-26 00:27:08
05c5e17c-7aa9-49b7-9da3-9db4858ec1fc,20,14,6,11,0,1769405146,2026-01-26 00:27:08
2039088532741595744,36,9,27,14,0,1769405146,2026-01-26 00:27:08
2053884382031338034,4,1,3,39,0,1769405146,2026-01-26 00:27:08
66ddb595-0aca-11e7-82f6-3863bb44ef7c,4,3,1,14,0,1769405146,2026-01-26 00:27:08
38975061-0d90-43a3-87c1-8905b374d5d9,16,1,15,6,0,1769405139,2026-01-26 00:27:08
66dd52c8-0aca-11e7-82f6-3863bb44ef7c,25,24,1,11,0,1769405140,2026-01-26 00:27:08
2122552934440059494,0,0,0,17,0,1769405132,2026-01-26 00:27:08
5adcaaaf-5386-441d-827c-8d65c4f4405e,5,5,0,15,0,1769405140,2026-01-26 00:27:08
e24cb64d-10c2-48db-9440-59e63c0f1c95,15,1,14,8,0,1769405142,2026-01-26 00:27:08
6fd84197-56e2-47df-849f-701aca0e7cc3,4,4,0,12,0,1769405142,2026-01-26 00:27:08
bd318c15-5c3d-4e72-9837-3b4bd37707e0,0,0,0,18,0,1769405142,2026-01-26 00:27:08
19002a4c-3229-450b-ad69-76948696e60d,1,1,0,17,0,1769405142,2026-01-26 00:27:08
84b30f68-5404-453a-ae86-a2baff03a2c9,1,0,1,17,0,1769405143,2026-01-26 00:27:08
1838617691511229014,6,4,2,17,0,1769405142,2026-01-26 00:27:08
1786696251091417274,8,8,0,26,0,1769405143,2026-01-26 00:27:08
1851955603137491568,25,4,21,5,0,1769405143,2026-01-26 00:27:08
46a1ff6c-6131-414a-9ef6-65a8db7d305f,0,0,0,22,0,1769405143,2026-01-26 00:27:08
30985a9c-afe4-4b98-a72c-2c72bb35603e,9,7,2,5,0,1769405143,2026-01-26 00:27:08
66dd1ad8-0aca-11e7-82f6-3863bb44ef7c,16,0,16,7,0,1769405143,2026-01-26 00:27:08
8df41833-c7bf-4171-bdab-58d64f6ade54,15,1,14,1,0,1769405143,2026-01-26 00:27:08
66dcc65c-0aca-11e7-82f6-3863bb44ef7c,6,4,2,9,0,1769405144,2026-01-26 00:27:08
9459fca8-b044-4ed1-8f2c-c5db11ba868f,5,1,4,21,0,1769405143,2026-01-26 00:27:08
8a24490d-d5c5-4bac-9e36-56967834fc10,0,0,0,19,0,1769405143,2026-01-26 00:27:08
c7be2714-14db-421f-a19e-f6a7bf6e8d26,2,0,2,18,0,1769405149,2026-01-26 00:27:08
78ec2f0d-c309-46d4-8808-7eb1a0674e38,9,7,2,19,0,1769405149,2026-01-26 00:27:08
dd8627c8-4190-4a30-8758-e77a7b010437,15,13,2,28,0,1769405149,2026-01-26 00:27:08
66dbf73d-0aca-11e7-82f6-3863bb44ef7c,25,18,7,11,0,1769405149,2026-01-26 00:27:08
557f8d40-dec1-4c61-bd03-a0d1a6ea0e4b,22,4,18,5,0,1769405150,2026-01-26 00:27:08
d07790cd-1acd-4f74-b5f1-3d70f8a8a526,5,5,0,18,0,1769405147,2026-01-26 00:27:08
1848241332086049696,0,0,0,21,0,1769405147,2026-01-26 00:27:08
6a671276-d345-4a4c-a7df-98f5dbb19e4c,2,0,2,17,0,1769405147,2026-01-26 00:27:08
96cf4c1a-db2c-4d4b-af34-c31281b5904b,11,2,9,7,0,1769405147,2026-01-26 00:27:08
66dd1b65-0aca-11e7-82f6-3863bb44ef7c,4,1,3,53,0,1769405147,2026-01-26 00:27:08
56e18295-f760-4bf3-8aa3-5a1e4ebf606f,13,3,10,6,0,1769405147,2026-01-26 00:27:08
1978170169761096104,21,7,14,12,0,1769405147,2026-01-26 00:27:08
1869754004195029842,0,0,0,22,0,1769405148,2026-01-26 00:27:08
1828967717120678322,6,0,6,15,0,1769405151,2026-01-26 00:27:08
c04cef84-3fcd-4fd9-9e40-8e07453dbe19,4,0,4,14,0,1769405152,2026-01-26 00:27:08
af626e61-9f83-4602-a9b1-038b1c1430e6,15,0,15,4,0,1769405148,2026-01-26 00:27:08
1286480d-5d6d-4a47-9fac-e156dba2b6fc,51,33,18,2,0,1769405148,2026-01-26 00:27:08
66db3f01-0aca-11e7-82f6-3863bb44ef7c,16,12,4,31,0,1769405148,2026-01-26 00:27:08
66dbea8d-0aca-11e7-82f6-3863bb44ef7c,0,0,0,0,0,1769405149,2026-01-26 00:27:08
49d2cd03-f508-483f-a7c9-7fd450e5e6db,9,0,9,6,0,1769405149,2026-01-26 00:27:08
cae4f2f4-9642-474c-95cc-6cc07592f120,4,2,2,31,0,1769405152,2026-01-26 00:27:08
66dc91b5-0aca-11e7-82f6-3863bb44ef7c,18,13,5,22,0,1769405152,2026-01-26 00:27:08
78e93937-53d1-4c9b-99ad-0460f908ed2d,15,14,1,7,0,1769405152,2026-01-26 00:27:08
eef98eb6-f550-49f9-a910-4d2863e6a591,4,4,0,16,0,1769405152,2026-01-26 00:27:08
8c700e85-cfdb-4eef-ba49-53bd69c004ed,19,4,15,0,0,1769405152,2026-01-26 00:27:08
1945125793810207148,9,6,3,9,0,1769405153,2026-01-26 00:27:08
dcdaa64b-4d2c-4017-bfb9-da25924f851d,9,5,4,10,0,1769405153,2026-01-26 00:27:08
ab5585c8-c2cf-4bab-96cf-d02eced4f6e3,8,8,0,38,0,1769405153,2026-01-26 00:27:08
c05cd2e2-74e8-4526-a62b-d631e005fdd8,18,4,14,11,0,1769405153,2026-01-26 00:27:08
9789dc0f-1eb6-4830-bda9-1ce5f1413e19,2,0,2,16,0,1769405153,2026-01-26 00:27:08
1877651952425321214,5,0,5,10,0,1769405154,2026-01-26 00:27:08
533f25a0-514f-456f-9d87-5fdcb4ee42f4,9,7,2,8,0,1769405154,2026-01-26 00:27:08
66dded11-0aca-11e7-82f6-3863bb44ef7c,19,7,12,16,0,1769405154,2026-01-26 00:27:08
66db3aa3-0aca-11e7-82f6-3863bb44ef7c,35,35,0,14,0,1769405154,2026-01-26 00:27:08
66dcca76-0aca-11e7-82f6-3863bb44ef7c,0,0,0,20,0,1769405151,2026-01-26 00:27:08
66db6387-0aca-11e7-82f6-3863bb44ef7c,95,70,25,16,0,1769405151,2026-01-26 00:27:08
66dc51e9-0aca-11e7-82f6-3863bb44ef7c,17,9,8,30,0,1769405151,2026-01-26 00:27:08
66dbe250-0aca-11e7-82f6-3863bb44ef7c,4,2,2,14,0,1769405151,2026-01-26 00:27:08
1e590819-53fd-415c-bc28-aed605ad3bcb,4,3,1,12,0,1769405154,2026-01-26 00:27:08
b94cc90e-9ca2-4471-8371-23be051e0157,15,13,2,59,0,1769405154,2026-01-26 00:27:08
66db4351-0aca-11e7-82f6-3863bb44ef7c,74,49,25,4,0,1769405155,2026-01-26 00:27:08
aa120a3a-9f2b-4dfc-a88b-384bbb66838a,12,4,8,7,0,1769405155,2026-01-26 00:27:08
bf5a9ad8-6725-4ade-967d-aba612d423bf,11,1,10,12,0,1769405156,2026-01-26 00:27:08
c9c09ed0-0a52-4d6a-a999-b0848874e51f,17,16,1,4,0,1769405155,2026-01-26 00:27:08
66dd42eb-0aca-11e7-82f6-3863bb44ef7c,17,17,0,42,0,1769405156,2026-01-26 00:27:08
2c366f4b-8319-41bf-ab8e-2fba3a952feb,15,8,7,37,0,1769405156,2026-01-26 00:27:08
66de1f17-0aca-11e7-82f6-3863bb44ef7c,26,26,0,6,0,1769405156,2026-01-26 00:27:08
ab692d1f-5a4a-4fff-b929-013c3a7e8a98,0,0,0,18,0,1769405157,2026-01-26 00:27:08
1c82b223-42ba-4d15-8e8a-bd8ae2a57cde,9,7,2,9,0,1769405157,2026-01-26 00:27:08
ff2869f0-4381-4cf3-863e-a0d776ec53b4,77,37,40,14,0,1769405157,2026-01-26 00:27:08
1823008749757202820,11,0,11,11,0,1769405158,2026-01-26 00:27:08
66dd470b-0aca-11e7-82f6-3863bb44ef7c,29,17,12,18,0,1769405158,2026-01-26 00:27:08
66dd25e0-0aca-11e7-82f6-3863bb44ef7c,17,11,6,5,0,1769405157,2026-01-26 00:27:08
66dc0c53-0aca-11e7-82f6-3863bb44ef7c,7,1,6,12,0,1769405158,2026-01-26 00:27:08
66de1a8a-0aca-11e7-82f6-3863bb44ef7c,2,1,1,18,0,1769405158,2026-01-26 00:27:08
6c3b486e-603c-4158-91ac-adc06ac01535,14,8,6,8,0,1769405158,2026-01-26 00:27:08
7efcb97f-6c8f-4445-86a9-3f758a822f17,18,18,0,24,0,1769405158,2026-01-26 00:27:08
ecb2eebe-67c0-43b8-baae-71abb1a0ec6a,2,1,1,26,0,1769405158,2026-01-26 00:27:08
1835250080052323168,0,0,0,0,0,86400,2026-01-26 00:27:08
2171902607371571344,0,0,0,0,0,86400,2026-01-26 00:27:08
2171903032377767128,0,0,0,0,0,86400,2026-01-26 00:27:08
2171903385631266470,0,0,0,0,0,86400,2026-01-26 00:27:08
2171903970740122034,0,0,0,0,0,86400,2026-01-26 00:27:08
2177015115528916668,0,0,0,0,0,86400,2026-01-26 00:27:08
2177015776583073844,0,0,0,0,0,86400,2026-01-26 00:27:08
2177017159407891310,0,0,0,0,0,86400,2026-01-26 00:27:08
2177015450536365760,0,0,0,0,0,86400,2026-01-26 00:27:08
2177015274071900204,0,0,0,0,0,86400,2026-01-26 00:27:08
2177016197335217002,0,0,0,0,0,86400,2026-01-26 00:27:08
a6492ad5-d13e-48b0-a0d5-08e60ad93e53,0,0,0,2,0,1769364626,2026-01-26 00:27:08
7af717b9-99ce-4cce-94b4-b445a40537a1,18,0,18,1,0,1769405064,2026-01-26 00:27:08
66dc11a7-0aca-11e7-82f6-3863bb44ef7c,75,38,37,5,0,1769405064,2026-01-26 00:27:08
0f6fd186-656a-41b3-ba4a-456d22da177c,17,17,0,14,0,1769405065,2026-01-26 00:27:08
a4c9faeb-2234-457d-ad56-1ab14104b538,2,0,2,15,0,1769405062,2026-01-26 00:27:08
cb4926e6-0a79-4902-80ee-d365fbf42aec,2,2,0,22,0,1769405067,2026-01-26 00:27:08
1891277309535701686,2,2,0,20,0,1769405068,2026-01-26 00:27:08
1797078913880883846,3,2,1,15,0,1769405063,2026-01-26 00:27:08
5ffde991-1125-443e-bc97-6827b2b9c97b,21,0,21,3,0,1769405063,2026-01-26 00:27:08
66db930d-0aca-11e7-82f6-3863bb44ef7c,8,3,5,15,0,1769405066,2026-01-26 00:27:08
66ddef2d-0aca-11e7-82f6-3863bb44ef7c,4,0,4,17,0,1769405065,2026-01-26 00:27:08
b7af52d2-fd23-4970-8513-be7c681480c4,47,31,16,7,0,1769405063,2026-01-26 00:27:08
1828969634783171152,16,0,16,3,0,1769405065,2026-01-26 00:27:08
a7c09fde-76e8-4a56-b61d-8ca940432efd,1,0,1,19,0,1769405065,2026-01-26 00:27:08
66dccc99-0aca-11e7-82f6-3863bb44ef7c,11,0,11,19,0,1769405065,2026-01-26 00:27:08
dfb8b9c8-3006-4b76-963a-95f7471dc0a8,14,0,14,4,0,1769405066,2026-01-26 00:27:08
d7c56fef-1bf9-4315-85af-8638c534b402,12,6,6,24,0,1769405071,2026-01-26 00:27:08
66db4417-0aca-11e7-82f6-3863bb44ef7c,51,38,13,3,0,1769405072,2026-01-26 00:27:08
66dc7e75-0aca-11e7-82f6-3863bb44ef7c,7,0,7,61,0,1769405070,2026-01-26 00:27:08
8f3a6711-fd05-4ce1-acf8-9d72b4a1bf97,1,0,1,19,0,1769405070,2026-01-26 00:27:08
1860188331547447938,6,6,0,14,0,1769405071,2026-01-26 00:27:08
8066575c-f8e9-4e14-95ea-8d25ceeae2ca,9,3,6,23,0,1769405071,2026-01-26 00:27:08
1849010295160437584,17,9,8,0,0,1769405069,2026-01-26 00:27:08
cda60c6d-80f3-41b7-8ece-fe997f6dafb5,8,3,5,12,0,1769405073,2026-01-26 00:27:08
66de18d7-0aca-11e7-82f6-3863bb44ef7c,14,0,14,4,0,1769405068,2026-01-26 00:27:08
298d4e45-c6d2-45f1-a07a-11606026a6e4,9,6,3,14,0,1769405068,2026-01-26 00:27:08
b5861c2d-d687-4308-bf2d-5f69fc28cc4a,18,0,18,3,0,1769405068,2026-01-26 00:27:08
1dba415a-2c46-419e-838d-7e068b8d7d6f,8,0,8,11,0,1769405068,2026-01-26 00:27:08
0efa08a3-1c38-48fe-ab37-8c9b72b20126,15,2,13,2,0,1769405068,2026-01-26 00:27:08
d4c34830-972f-4cd1-81bb-071df209d065,0,0,0,20,0,1769405069,2026-01-26 00:27:08
f47e1ce9-ff3f-49e9-9a2f-aa5be45d70da,10,1,9,11,0,1769405053,2026-01-26 00:27:08
b43ecf62-4c9d-4b06-ac9a-5837084f769f,2,0,2,19,0,1769405048,2026-01-26 00:27:08
bb58e953-4953-4fbe-9ef2-367488dfef9b,4,2,2,16,0,1769405048,2026-01-26 00:27:08
1828966227118051662,15,4,11,2,0,1769405050,2026-01-26 00:27:08
5864d88d-a0fd-40ad-beee-896118d9360d,15,0,15,3,0,1769405050,2026-01-26 00:27:08
2fe3e166-2d2f-41c8-b522-fdf8ee3ae16f,14,11,3,3,0,1769405053,2026-01-26 00:27:08
1861680383828308814,4,4,0,9,0,1769405052,2026-01-26 00:27:08
3d340fc5-8c86-4d5e-974d-ae28958e61e8,50,32,18,1,0,1769405052,2026-01-26 00:27:08
66dd4356-0aca-11e7-82f6-3863bb44ef7c,14,9,5,29,0,1769405049,2026-01-26 00:27:08
1786686999403592506,5,5,0,23,0,1769405058,2026-01-26 00:27:08
1860189075388547142,2,2,0,18,0,1769405060,2026-01-26 00:27:08
0b857ee5-3d10-4152-952e-95fbaf06677a,7,7,0,21,0,1769405059,2026-01-26 00:27:08
1835244925191295588,1,0,1,22,0,1769405060,2026-01-26 00:27:08
2ec1235f-a043-4e3a-9ba1-56f7dd4624b7,14,11,3,5,0,1769405060,2026-01-26 00:27:08
fc5ee04d-710b-45ba-aae0-303b8e95ea89,6,4,2,12,0,1769405060,2026-01-26 00:27:08
3893eeef-06a8-47b1-95f2-a85454f7d5c9,4,0,4,17,0,1769405054,2026-01-26 00:27:08
66dbc745-0aca-11e7-82f6-3863bb44ef7c,24,22,2,16,0,1769405055,2026-01-26 00:27:08
324e55da-fec0-43a2-b622-27774381ab7f,3,1,2,14,0,1769405056,2026-01-26 00:27:08
1b962833-d769-418e-b1ef-5a183bb5eb1a,13,8,5,0,0,1769405056,2026-01-26 00:27:08
1838070940162509196,6,2,4,16,0,1769405061,2026-01-26 00:27:08
1861681740276243358,16,13,3,3,0,1769405059,2026-01-26 00:27:08
bdc116cd-4d63-4693-846c-ec5073314007,9,6,3,9,0,1769405059,2026-01-26 00:27:08
f42b3158-3f78-4a62-964a-8cc554d69c35,12,1,11,2,0,1769405056,2026-01-26 00:27:08
0e3dedfb-df10-4900-a67b-95349a81bc5c,20,3,17,3,0,1769405059,2026-01-26 00:27:08
66dcecfa-0aca-11e7-82f6-3863bb44ef7c,7,6,1,25,0,1769405059,2026-01-26 00:27:08
b976906e-81c4-44c5-a160-e17815c0d47b,13,3,10,16,0,1769405059,2026-01-26 00:27:08
70634bc4-4d90-42d4-8f6a-3f29fa8f7f77,23,20,3,9,0,1769405075,2026-01-26 00:27:08
66dde7dc-0aca-11e7-82f6-3863bb44ef7c,0,0,0,20,0,1769405075,2026-01-26 00:27:08
66db72f1-0aca-11e7-82f6-3863bb44ef7c,37,24,13,8,0,1769405075,2026-01-26 00:27:08
1d440638-ec50-4ccb-9a82-0e3247a87c63,30,16,14,5,0,1769405075,2026-01-26 00:27:08
1846086027713733188,7,4,3,5,0,1769405073,2026-01-26 00:27:08
11a8d465-b4eb-466b-a6ca-055f73994231,14,5,9,7,0,1769405077,2026-01-26 00:27:08
de97a7d0-fbb3-4c13-ba6a-2bbd441751fe,9,5,4,9,0,1769405077,2026-01-26 00:27:08
89ff4db3-8a29-4565-a366-6fea4b3afc39,12,4,8,4,0,1769405077,2026-01-26 00:27:08
99b7c9a5-9679-417f-b884-21c4b240aa99,5,1,4,10,0,1769405078,2026-01-26 00:27:08
1794096824496960148,35,25,10,5,0,1769405076,2026-01-26 00:27:08
ff1e98d3-ae7d-4c53-a531-1845bee1d346,3,3,0,33,0,1769405077,2026-01-26 00:27:08
0e240143-2f86-4754-8345-4994750d99f1,13,1,12,5,0,1769405076,2026-01-26 00:27:08
1963272613486484230,46,24,22,22,0,1769405076,2026-01-26 00:27:08
1a92d2d3-ddf1-4f34-b28c-ce7a064b9a3e,15,8,7,6,0,1769405076,2026-01-26 00:27:08
1fba77e2-66ab-4e9c-9f9a-4ec4f11fd80b,25,21,4,1,0,1769405076,2026-01-26 00:27:08
1945126022626996350,15,4,11,10,0,1769405076,2026-01-26 00:27:08
1846085836152179090,4,0,4,15,0,1769405074,2026-01-26 00:27:08
66dcc44a-0aca-11e7-82f6-3863bb44ef7c,7,2,5,10,0,1769405100,2026-01-26 00:27:08
23539f3b-fb83-4f34-b8b8-9f1f37b5e646,26,4,22,4,0,1769405100,2026-01-26 00:27:08
66de4897-0aca-11e7-82f6-3863bb44ef7c,15,1,14,4,0,1769405100,2026-01-26 00:27:08
ce700c09-6095-4b20-ab65-07defdd1a7d7,12,2,10,5,0,1769405100,2026-01-26 00:27:08
66dce660-0aca-11e7-82f6-3863bb44ef7c,6,2,4,17,0,1769405100,2026-01-26 00:27:08
4cfd4097-0aee-4f11-9aea-55f99397bf33,7,4,3,9,0,1769405097,2026-01-26 00:27:08
814dd1a9-100c-4b1b-8110-6319bbd464e9,6,1,5,14,0,1769405098,2026-01-26 00:27:08
3edec530-4791-4872-8912-2a2397a903a4,42,30,12,22,0,1769405098,2026-01-26 00:27:08
16c54bf4-194b-4f26-9c49-a42901b4748d,6,0,6,17,0,1769405097,2026-01-26 00:27:08
66db3816-0aca-11e7-82f6-3863bb44ef7c,42,11,31,2,0,1769405097,2026-01-26 00:27:08
90fca941-2212-43bf-b104-ce32c4270d4d,1,1,0,18,0,1769405099,2026-01-26 00:27:08
7b0227aa-bbf5-4731-a49a-765b4afac483,17,17,0,55,0,1769405098,2026-01-26 00:27:08
66db90f1-0aca-11e7-82f6-3863bb44ef7c,45,44,1,15,0,1769405099,2026-01-26 00:27:08
66de4b0b-0aca-11e7-82f6-3863bb44ef7c,15,2,13,14,0,1769405099,2026-01-26 00:27:08
c72970e7-7f1a-4671-bf55-fc34be7c9413,11,1,10,6,0,1769405102,2026-01-26 00:27:08
66dea8ff-0aca-11e7-82f6-3863bb44ef7c,8,0,8,30,0,1769405102,2026-01-26 00:27:08
92ffa9d6-8cb1-44cf-8059-391b03d58071,0,0,0,25,0,1769405101,2026-01-26 00:27:08
66ddebce-0aca-11e7-82f6-3863bb44ef7c,19,17,2,8,0,1769405099,2026-01-26 00:27:08
66dd4423-0aca-11e7-82f6-3863bb44ef7c,19,18,1,24,0,1769405099,2026-01-26 00:27:08
1786696780996714874,20,17,3,6,0,1769405102,2026-01-26 00:27:08
49703a2d-15e9-4af4-b80e-cca664d7ea18,7,2,5,11,0,1769405039,2026-01-26 00:27:08
66db5d92-0aca-11e7-82f6-3863bb44ef7c,4,3,1,14,0,1769405040,2026-01-26 00:27:08
66de1a1f-0aca-11e7-82f6-3863bb44ef7c,7,3,4,29,0,1769405039,2026-01-26 00:27:08
66dc462a-0aca-11e7-82f6-3863bb44ef7c,70,62,8,5,0,1769405038,2026-01-26 00:27:08
44a43ebf-cacf-4251-9ceb-e1c331ef1673,1,0,1,15,0,1769405040,2026-01-26 00:27:08
c7dbc7b5-240b-494d-8663-dbee4103a20c,2,1,1,16,0,1769405039,2026-01-26 00:27:08
1861683217585879154,21,3,18,12,0,1769405040,2026-01-26 00:27:08
bda1fab4-5065-42df-a8ff-514e6064ab6e,18,0,18,0,0,1769405040,2026-01-26 00:27:08
023127f2-a6e0-4fae-ba34-178acccb993e,2,0,2,15,0,1769405048,2026-01-26 00:27:08
edc9b877-c311-46b4-a780-59ee7e692324,9,1,8,24,0,1769405045,2026-01-26 00:27:08
067b53bd-33bf-4698-8103-3931a5f32a37,3,2,1,15,0,1769405045,2026-01-26 00:27:08
1828967499459705054,11,0,11,6,0,1769405045,2026-01-26 00:27:08
1791188268875152272,37,15,22,6,0,1769405046,2026-01-26 00:27:08
d5cb6e67-addb-46d4-93e7-832371736d45,21,3,18,13,0,1769405046,2026-01-26 00:27:08
f8c1c90f-4ec0-44bd-b097-cfafc887744d,38,1,37,5,0,1769405044,2026-01-26 00:27:08
66db3fc9-0aca-11e7-82f6-3863bb44ef7c,32,26,6,8,0,1769405044,2026-01-26 00:27:08
ee1ba75f-baf5-4852-929c-8b7ad310f55a,15,10,5,8,0,1769405044,2026-01-26 00:27:08
1792225684155730482,16,15,1,7,0,1769405043,2026-01-26 00:27:08
f47c7f15-1c30-4199-a09f-134f0f0f684b,2,0,2,21,0,1769405080,2026-01-26 00:27:08
08bf2fe0-219d-48cd-87c5-6163b3a2eafd,4,4,0,17,0,1769405080,2026-01-26 00:27:08
e3470e29-934c-41f1-8fe7-82135ed2d620,12,2,10,46,0,1769405080,2026-01-26 00:27:08
36d80620-9774-487e-8eb0-cf5f18a39321,6,6,0,22,0,1769405080,2026-01-26 00:27:08
7cd61426-ed98-434e-9235-56ed856fead6,14,9,5,6,0,1769405080,2026-01-26 00:27:08
1815968345907104578,12,0,12,12,0,1769405081,2026-01-26 00:27:08
b53b5e8f-9503-48d1-b3e3-9347ecef38e2,24,8,16,8,0,1769405081,2026-01-26 00:27:08
2527619f-ef89-425c-bf3b-60cc0ec519bf,24,9,15,32,0,1769405082,2026-01-26 00:27:08
2126621627432855870,5,0,5,4,0,1769405081,2026-01-26 00:27:08
66db2f4c-0aca-11e7-82f6-3863bb44ef7c,14,8,6,62,0,1769405081,2026-01-26 00:27:08
66dbbeda-0aca-11e7-82f6-3863bb44ef7c,14,14,0,63,0,1769405082,2026-01-26 00:27:08
66dbf6d2-0aca-11e7-82f6-3863bb44ef7c,14,13,1,12,0,1769405082,2026-01-26 00:27:08
66dcf30d-0aca-11e7-82f6-3863bb44ef7c,14,4,10,9,0,1769405083,2026-01-26 00:27:08
8ea3301f-6940-4e0f-80f0-7a3e54b2eaa5,6,6,0,11,0,1769405083,2026-01-26 00:27:08
bcd3ee0f-21d7-4cc8-ac45-ccea48b6fc1b,15,10,5,6,0,1769405078,2026-01-26 00:27:08
66dbefee-0aca-11e7-82f6-3863bb44ef7c,6,0,6,7,0,1769405078,2026-01-26 00:27:08
b83b2a73-af8e-4b82-b61e-aeaaf075fbe2,3,3,0,22,0,1769405079,2026-01-26 00:27:08
1835250199411134468,7,1,6,16,0,1769405079,2026-01-26 00:27:08
1826348745879909352,14,2,12,1,0,1769405079,2026-01-26 00:27:08
c229f0ca-bdd1-4aa0-8906-a3e809e12889,9,0,9,12,0,1769405080,2026-01-26 00:27:08
66dc8382-0aca-11e7-82f6-3863bb44ef7c,8,6,2,68,0,1769405079,2026-01-26 00:27:08
3a51a25f-3e9b-4aea-84ee-39e9a3acc7fd,9,2,7,12,0,1769405082,2026-01-26 00:27:08
b79bb851-130f-473d-83fc-f602aa0a4ca9,3,0,3,16,0,1769405083,2026-01-26 00:27:08
f365afa3-e8a5-439d-975d-6c2b064f30df,6,0,6,19,0,1769405083,2026-01-26 00:27:08
66dd3cb4-0aca-11e7-82f6-3863bb44ef7c,21,1,20,9,0,1769405083,2026-01-26 00:27:08
699d3378-6ea8-465f-888b-c49c60089ce8,0,0,0,18,0,1769405083,2026-01-26 00:27:08
b471c112-1770-4dfe-9e13-fe7479dcb5a5,22,0,22,1,0,1769405084,2026-01-26 00:27:08
b9b58379-b29a-4fa8-ba72-c647728e1686,14,6,8,5,0,1769405088,2026-01-26 00:27:08
627c77c0-0088-4ba8-ba66-73e0e3d3fe77,3,0,3,20,0,1769405088,2026-01-26 00:27:08
186092d1-a431-45db-8198-d5ba13334d79,13,2,11,5,0,1769405088,2026-01-26 00:27:08
1828968462257099768,0,0,0,19,0,1769405088,2026-01-26 00:27:08
c0ce2a38-04f5-4333-8818-2a3faa84f214,21,3,18,5,0,1769405087,2026-01-26 00:27:08
7155b0a6-2545-4b02-ae8c-9c0c4220f8c3,0,0,0,20,0,1769405087,2026-01-26 00:27:08
fe6f022b-7fdb-44fe-80bb-cbfc500959bf,6,4,2,15,0,1769405087,2026-01-26 00:27:08
1851947582840610924,3,0,3,17,0,1769405086,2026-01-26 00:27:08
b16e9f3f-9b07-486f-a1ca-c76030f5ea64,9,1,8,8,0,1769405086,2026-01-26 00:27:08
1828968082192898522,1,1,0,20,0,1769405086,2026-01-26 00:27:08
174bf571-e597-463d-84bc-611c4a13d85e,13,12,1,12,0,1769405085,2026-01-26 00:27:08
61c82689-3f4c-495d-8f44-e71de8f04088,17,7,10,62,0,1769405085,2026-01-26 00:27:08
5a5a38d1-f28d-4e51-bf85-27bb384135c7,27,0,27,5,0,1769405085,2026-01-26 00:27:08
89d4a926-f1ae-4bf2-bf2d-59cff3881579,0,0,0,11,0,1769389491,2026-01-26 00:27:08
0575e356-72f4-4251-8e15-574cf60bd190,6,1,5,13,0,1769405089,2026-01-26 00:27:08
3fed8016-0be0-47f5-8663-2e850ec47288,20,3,17,1,0,1769405085,2026-01-26 00:27:08
66db460d-0aca-11e7-82f6-3863bb44ef7c,26,4,22,1,0,1769405085,2026-01-26 00:27:08
1856767555236917834,19,3,16,4,0,1769405089,2026-01-26 00:27:08
46bdd925-fb6c-4654-85d8-e0db4da62abf,22,8,14,13,0,1769405093,2026-01-26 00:27:08
1856767203049599002,11,1,10,8,0,1769405093,2026-01-26 00:27:08
8ec47777-852d-4059-a5ea-12eef71a9606,32,1,31,2,0,1769405093,2026-01-26 00:27:08
d7a7789b-a052-4a69-a4ec-59436b0f8d75,8,1,7,9,0,1769405090,2026-01-26 00:27:08
1808184356986544410,2,1,1,27,0,1769405091,2026-01-26 00:27:08
4956ad8b-06d6-4af4-bcc8-735c45439608,7,6,1,12,0,1769405092,2026-01-26 00:27:08
c4377169-c19e-47e1-90a4-c4e14bb41601,6,0,6,16,0,1769405091,2026-01-26 00:27:08
66dcba5e-0aca-11e7-82f6-3863bb44ef7c,6,1,5,11,0,1769405094,2026-01-26 00:27:08
f0115d11-c678-4274-8bb7-d486dbb63361,13,2,11,1,0,1769405095,2026-01-26 00:27:08
039d4cc9-8560-4d22-88c3-20753c54a50f,10,1,9,14,0,1769405095,2026-01-26 00:27:08
57f144cb-375d-4eee-b458-e288116cb8f7,15,2,13,5,0,1769405096,2026-01-26 00:27:08
14391923-6727-4359-92e9-03e0b5094753,28,16,12,23,0,1769405096,2026-01-26 00:27:08
8b830188-101e-44bf-a755-5e6c611e3edc,26,0,26,0,0,1769405092,2026-01-26 00:27:08
66dd9b0f-0aca-11e7-82f6-3863bb44ef7c,3,1,2,34,0,1769405093,2026-01-26 00:27:08
eab2749b-2f79-4797-a0a6-0579b27e6929,15,0,15,22,0,1769405094,2026-01-26 00:27:08
c0f952d9-538e-4836-b936-fa97123cbf13,5,3,2,14,0,1769405155,2026-01-26 00:27:08
66dbecd0-0aca-11e7-82f6-3863bb44ef7c,15,6,9,32,0,1769405155,2026-01-26 00:27:08
2088792249063596144,20,13,7,6,0,1769405155,2026-01-26 00:27:08
66dbc7d2-0aca-11e7-82f6-3863bb44ef7c,10,4,6,23,0,1769405155,2026-01-26 00:27:08
26599393-b967-44a6-a998-cb72ca53cd9e,8,0,8,10,0,1769405156,2026-01-26 00:27:08
66dd4f9b-0aca-11e7-82f6-3863bb44ef7c,20,17,3,15,0,1769405156,2026-01-26 00:27:08
66db3583-0aca-11e7-82f6-3863bb44ef7c,0,0,0,23,0,1769383171,2026-01-26 00:27:08
66dc4fb5-0aca-11e7-82f6-3863bb44ef7c,27,14,13,11,0,1769405156,2026-01-26 00:27:08
66dd2292-0aca-11e7-82f6-3863bb44ef7c,18,16,2,23,0,1769405157,2026-01-26 00:27:08
36aaebb9-ef10-41a5-b20b-753bf8a3fed8,0,0,0,17,0,1769405157,2026-01-26 00:27:08
ba7bf20d-b6bc-43dd-bf30-acb940eaeec8,1,1,0,14,0,1769405156,2026-01-26 00:27:08
1864605926072998676,3,2,1,15,0,1769405157,2026-01-26 00:27:08
66ddbdb1-0aca-11e7-82f6-3863bb44ef7c,4,2,2,17,0,1769405154,2026-01-26 00:27:08
66dcb9f7-0aca-11e7-82f6-3863bb44ef7c,2,0,2,21,0,1769405154,2026-01-26 00:27:08
1835246516012366338,1,1,0,19,0,1769405154,2026-01-26 00:27:08
66db728c-0aca-11e7-82f6-3863bb44ef7c,49,49,0,8,0,1769405152,2026-01-26 00:27:08
06109e92-4363-445a-9743-0457f6799530,9,6,3,65,0,1769405152,2026-01-26 00:27:08
1890927910885612334,23,4,19,1,0,1769405153,2026-01-26 00:27:08
5b4a90b8-426d-4a40-a7ca-87e51d690883,12,12,0,23,0,1769405153,2026-01-26 00:27:08
266c8621-fdea-4a7e-9d35-18ca1684d526,3,0,3,17,0,1769405153,2026-01-26 00:27:08
f3f46097-54cf-4c30-805a-6b2a4851eed7,1,1,0,22,0,1769405154,2026-01-26 00:27:08
0cb63737-64c9-42a9-9479-280d49ed015a,7,1,6,15,0,1769405154,2026-01-26 00:27:08
3d6b7c84-7e5a-454d-aa9d-c66eb92383be,3,2,1,18,0,1769405154,2026-01-26 00:27:08
66dcc920-0aca-11e7-82f6-3863bb44ef7c,5,1,4,13,0,1769405155,2026-01-26 00:27:08
66de602e-0aca-11e7-82f6-3863bb44ef7c,45,4,41,0,0,1769405104,2026-01-26 00:27:08
272c0389-5e4a-41a9-ad6c-2dccdfa55af9,9,9,0,16,0,1769405108,2026-01-26 00:27:08
66de0a0a-0aca-11e7-82f6-3863bb44ef7c,19,10,9,3,0,1769405108,2026-01-26 00:27:08
c6c10756-ef41-491a-8e6c-ee0aa27b8cbe,2,2,0,16,0,1769405109,2026-01-26 00:27:08
9d56294e-61fc-4176-bb9c-4692f45bb374,21,8,13,0,0,1769405109,2026-01-26 00:27:08
66dcc3e5-0aca-11e7-82f6-3863bb44ef7c,5,1,4,16,0,1769405109,2026-01-26 00:27:08
49f86083-851b-475d-b9ab-64e01b81f725,3,1,2,19,0,1769405109,2026-01-26 00:27:08
6ff2eec8-2b72-490a-b1c3-f9892ab3a724,28,17,11,21,0,1769405109,2026-01-26 00:27:08
b4ae292d-5e89-4c58-8154-0496893394b5,0,0,0,20,0,1769405109,2026-01-26 00:27:08
1828966747840428256,7,0,7,8,0,1769405110,2026-01-26 00:27:08
66db3898-0aca-11e7-82f6-3863bb44ef7c,0,0,0,5,0,1769378955,2026-01-26 00:27:08
c9e76fa9-54e2-4161-9798-4787bf04217a,9,1,8,7,0,1769405105,2026-01-26 00:27:08
66de0dfd-0aca-11e7-82f6-3863bb44ef7c,23,22,1,18,0,1769405105,2026-01-26 00:27:08
00284700-9d22-42ce-8485-113fed9879c1,2,1,1,14,0,1769405107,2026-01-26 00:27:08
66ddd545-0aca-11e7-82f6-3863bb44ef7c,73,59,14,9,0,1769405107,2026-01-26 00:27:08
c829b6af-002b-4d04-af56-6924d4ad0aa2,6,0,6,20,0,1769405107,2026-01-26 00:27:08
66dc7d58-0aca-11e7-82f6-3863bb44ef7c,59,34,25,15,0,1769405107,2026-01-26 00:27:08
66dc42a0-0aca-11e7-82f6-3863bb44ef7c,1,1,0,28,0,1769405107,2026-01-26 00:27:08
676b7b4d-b1c0-4c97-8ac3-5fe665e51108,0,0,0,22,0,1769405107,2026-01-26 00:27:08
c36cfa58-29fe-4c0c-a14f-41c3463487fd,3,0,3,19,0,1769405108,2026-01-26 00:27:08
66ddeb67-0aca-11e7-82f6-3863bb44ef7c,12,3,9,9,0,1769405106,2026-01-26 00:27:08
7b56cbab-9d93-4043-bfa5-63eb6b3e5281,15,9,6,0,0,1769405106,2026-01-26 00:27:08
c8197f4b-02b0-4cc3-96af-df5fec27a279,2,1,1,15,0,1769405107,2026-01-26 00:27:08
1817432709747753390,10,3,7,12,0,1769405106,2026-01-26 00:27:08
1817432346178415570,7,0,7,13,0,1769405125,2026-01-26 00:27:08
66dc8d1d-0aca-11e7-82f6-3863bb44ef7c,3,2,1,57,0,1769405125,2026-01-26 00:27:08
6fefe1b3-5f0d-47aa-b1dd-cec211239950,3,0,3,19,0,1769405125,2026-01-26 00:27:08
66dc4334-0aca-11e7-82f6-3863bb44ef7c,15,11,4,12,0,1769405123,2026-01-26 00:27:08
1835247598942507168,3,1,2,15,0,1769405123,2026-01-26 00:27:08
fc774664-3c9b-4a8f-a79e-f6907db00a1d,8,5,3,24,0,1769405123,2026-01-26 00:27:08
014a931b-8e1c-438a-8a22-f267ddd1e0d2,40,15,25,4,0,1769405123,2026-01-26 00:27:08
c1e24edf-7192-433f-8d38-be5b6b3647c5,12,6,6,16,0,1769405123,2026-01-26 00:27:08
5b4a4b20-539b-47c1-9228-1f1f124b3ec9,16,3,13,8,0,1769405121,2026-01-26 00:27:08
1861681959015615218,0,0,0,25,0,1769405121,2026-01-26 00:27:08
914e3e7c-87da-4f52-aa03-5449c6361fa2,4,0,4,10,0,1769405122,2026-01-26 00:27:08
3c5a8531-4eec-4695-b4f8-8a1158890e78,3,2,1,11,0,1769405125,2026-01-26 00:27:08
66dc210e-0aca-11e7-82f6-3863bb44ef7c,0,0,0,34,0,1769405125,2026-01-26 00:27:08
82b97827-1801-4b7b-b3de-16447a8dd025,1,1,0,17,0,1769405126,2026-01-26 00:27:08
66dc7c31-0aca-11e7-82f6-3863bb44ef7c,23,20,3,18,0,1769405126,2026-01-26 00:27:08
0e405c35-322f-4705-8ea7-769eb3fd028a,8,6,2,7,0,1769405126,2026-01-26 00:27:08
66dc8025-0aca-11e7-82f6-3863bb44ef7c,34,26,8,43,0,1769405124,2026-01-26 00:27:08
1828968327357059242,0,0,0,14,0,1769376522,2026-01-26 00:27:08
1817803079955479336,13,3,10,7,0,1769405121,2026-01-26 00:27:08
ee70b21e-4a95-4bdf-802c-50f83a76971d,9,1,8,15,0,1769405127,2026-01-26 00:27:08
72719900-dd61-40bd-9f4a-40d70c47590c,22,15,7,5,0,1769405128,2026-01-26 00:27:08
3e4a2c26-7527-469c-b4f4-1ef8d40fd20d,4,1,3,11,0,1769405124,2026-01-26 00:27:08
2ec2f95c-675c-4c59-856f-1fb38df59fa2,1,1,0,16,0,1769405124,2026-01-26 00:27:08
0258da92-f770-4acc-b20b-91b78aff791e,16,1,15,3,0,1769405126,2026-01-26 00:27:08
5782a158-b596-4936-a451-32ccc131a57d,2,2,0,16,0,1769405127,2026-01-26 00:27:08
66dc0f1b-0aca-11e7-82f6-3863bb44ef7c,68,52,16,0,0,1769405116,2026-01-26 00:27:08
13b82a41-c25b-428f-a07b-5f5d8340c6f2,1,0,1,17,0,1769405116,2026-01-26 00:27:08
1875395639434791520,1,1,0,18,0,1769405113,2026-01-26 00:27:08
1882736243099681438,30,3,27,4,0,1769405112,2026-01-26 00:27:08
a68acb0c-4244-416a-bf59-ca55d3120cdd,17,14,3,0,0,1769405113,2026-01-26 00:27:08
32d3adc3-c3dd-4a97-a4db-95d467f3c3aa,6,6,0,21,0,1769405113,2026-01-26 00:27:08
8c6cba48-d803-4a90-99f7-e06edcdbbf92,3,3,0,17,0,1769405110,2026-01-26 00:27:08
66dde703-0aca-11e7-82f6-3863bb44ef7c,4,2,2,19,0,1769405111,2026-01-26 00:27:08
1913988158376585970,19,4,15,5,0,1769405110,2026-01-26 00:27:08
7a8bf573-275f-41d5-ad8b-1ff9ee7c2dce,8,0,8,19,0,1769405111,2026-01-26 00:27:08
66dd1bf3-0aca-11e7-82f6-3863bb44ef7c,33,0,33,12,0,1769405111,2026-01-26 00:27:08
9206af28-03bf-43e3-a8b0-354792921466,7,1,6,12,0,1769405112,2026-01-26 00:27:08
66dd9dba-0aca-11e7-82f6-3863bb44ef7c,26,24,2,18,0,1769405112,2026-01-26 00:27:08
5d101095-011e-4541-ae64-bed8b52807b3,0,0,0,23,0,1769405112,2026-01-26 00:27:08
201edb67-d071-4b67-bafd-131e5c273e9f,15,0,15,5,0,1769405114,2026-01-26 00:27:08
454fe70c-1d53-4af2-a9ea-1d4bd9f59799,5,5,0,14,0,1769405114,2026-01-26 00:27:08
116dbc02-a3c1-4b65-9f73-2a09a2aa1379,61,32,29,16,0,1769405115,2026-01-26 00:27:08
ab29ce96-c2e8-4929-b27b-e0fe4aae17d5,10,2,8,8,0,1769405114,2026-01-26 00:27:08
66ddf310-0aca-11e7-82f6-3863bb44ef7c,14,7,7,21,0,1769405114,2026-01-26 00:27:08
d5d2aebc-158c-43ec-9105-2a779d0245d8,0,0,0,18,0,1769405114,2026-01-26 00:27:08
1abd4668-ed6b-4930-8177-17239ae75a9e,0,0,0,19,0,1769405115,2026-01-26 00:27:08
d7c12bf1-1ec8-496a-beca-90ba76c53241,3,1,2,14,0,1769405115,2026-01-26 00:27:08
3ac7b47b-2253-4a0b-bf7d-8a2eb6b78a38,20,6,14,19,0,1769405114,2026-01-26 00:27:08
74f913d2-6eac-49ce-bd6d-53a06fa855a6,16,6,10,2,0,1769405115,2026-01-26 00:27:08
66dca5f3-0aca-11e7-82f6-3863bb44ef7c,2,1,1,42,0,1769405115,2026-01-26 00:27:08
566935d6-4d66-4b42-9822-f2a816e357b9,8,4,4,17,0,1769405115,2026-01-26 00:27:08
2124425954553309758,9,4,5,3,0,1769405115,2026-01-26 00:27:08
7c7cb750-6613-48a4-bfae-9240968f1fad,7,2,5,29,0,1769405115,2026-01-26 00:27:08
340036c3-2787-4998-9a77-fe54f352d619,17,14,3,6,0,1769405116,2026-01-26 00:27:08
1ecc9936-ee0c-44b2-baa8-237564c8e4fd,34,9,25,12,0,1769405119,2026-01-26 00:27:08
a5bd1f58-7df8-4df6-9636-372f1bc194be,30,9,21,2,0,1769405119,2026-01-26 00:27:08
66dc1702-0aca-11e7-82f6-3863bb44ef7c,61,44,17,8,0,1769405120,2026-01-26 00:27:08
d9160982-2d9b-4f08-9469-a559a7b62809,7,1,6,78,0,1769405117,2026-01-26 00:27:08
66dbf215-0aca-11e7-82f6-3863bb44ef7c,43,19,24,7,0,1769405117,2026-01-26 00:27:08
2126623405008140358,7,6,1,2,0,1769405117,2026-01-26 00:27:08
1856767361963389606,19,4,15,0,0,1769405117,2026-01-26 00:27:08
66db28b5-0aca-11e7-82f6-3863bb44ef7c,49,5,44,25,0,1769405117,2026-01-26 00:27:08
1845676917264180046,8,0,8,9,0,1769405117,2026-01-26 00:27:08
4fb1ee23-4511-47c4-8698-0c46673dc86c,0,0,0,19,0,1769405120,2026-01-26 00:27:08
93e2e1a5-49c5-41f8-a6bf-b399b6a5140d,25,1,24,42,0,1769405120,2026-01-26 00:27:08
fcb1c3a3-04b6-45cf-bc9a-deb71198804e,2,0,2,17,0,1769405120,2026-01-26 00:27:08
9b0c2c99-214f-4e15-b476-1626c03a9e4e,53,31,22,8,0,1769405121,2026-01-26 00:27:08
e63c8dac-ab44-48c8-83a0-92c53a00f12e,1,1,0,27,0,1769405121,2026-01-26 00:27:08
3d835eaa-a102-42c5-b6c0-2c693b1d0677,45,37,8,11,0,1769405118,2026-01-26 00:27:08
66dbf362-0aca-11e7-82f6-3863bb44ef7c,20,3,17,24,0,1769405118,2026-01-26 00:27:08
e36b5913-8e46-4c2a-b9be-73bdf8ee548b,25,13,12,28,0,1769405118,2026-01-26 00:27:08
66dde271-0aca-11e7-82f6-3863bb44ef7c,22,18,4,21,0,1769405117,2026-01-26 00:27:08
4bc6f4d0-edd5-4eb0-a704-f7ce0d693aac,3,2,1,19,0,1769405117,2026-01-26 00:27:08
9eb98b3b-ea35-483f-91f6-d90c506152db,9,2,7,14,0,1769405117,2026-01-26 00:27:08
0df3a035-5a38-4ec2-826a-0a5376e8d8a0,4,3,1,19,0,1769405117,2026-01-26 00:27:08
2123939242997647892,7,3,4,8,0,1769405117,2026-01-26 00:27:08
5fdf435f-6080-4b1d-966c-3b9d08450c4d,12,3,9,4,0,1769405118,2026-01-26 00:27:08
1885440410432338078,0,0,0,21,0,1769405119,2026-01-26 00:27:08
3c73cc9f-3c09-4ac4-a4ea-22b4f027bf23,12,1,11,10,0,1769405118,2026-01-26 00:27:08
f3525aa7-9d69-4ea2-9278-4df92db1afa1,11,4,7,9,0,1769405129,2026-01-26 00:27:08
60c5a043-1367-4a27-96ee-394ba60e2154,14,8,6,15,0,1769405129,2026-01-26 00:27:08
66dc2606-0aca-11e7-82f6-3863bb44ef7c,5,1,4,69,0,1769405129,2026-01-26 00:27:08
1967778612889039234,8,3,5,29,0,1769405129,2026-01-26 00:27:08
06e5447e-35b8-45cb-b3bb-937791a6f8ae,14,1,13,6,0,1769405131,2026-01-26 00:27:08
66de0c43-0aca-11e7-82f6-3863bb44ef7c,11,5,6,14,0,1769405131,2026-01-26 00:27:08
1861682182353914188,9,0,9,9,0,1769405132,2026-01-26 00:27:08
66db43b5-0aca-11e7-82f6-3863bb44ef7c,6,3,3,12,0,1769405131,2026-01-26 00:27:08
2126224876714496782,3,0,3,2,0,1769405118,2026-01-26 00:27:08
8d8a381c-21df-4095-837e-65924d85a06d,2,2,0,17,0,1769405129,2026-01-26 00:27:08
606c7384-75e9-4988-858a-07b88b3a9413,27,4,23,8,0,1769405130,2026-01-26 00:27:08
1835246381185208614,0,0,0,21,0,1769405131,2026-01-26 00:27:08
034f7f3d-e632-475a-aa01-894480d153df,7,4,3,9,0,1769405130,2026-01-26 00:27:08
66db9675-0aca-11e7-82f6-3863bb44ef7c,21,13,8,4,0,1769405130,2026-01-26 00:27:08
1846086562569586930,15,6,9,5,0,1769405130,2026-01-26 00:27:08
941ea42c-47fe-4d63-a6f5-e0e200f01633,5,3,2,13,0,1769405131,2026-01-26 00:27:08
2025623258130320038,20,5,15,11,0,1769405132,2026-01-26 00:27:08
66dbf140-0aca-11e7-82f6-3863bb44ef7c,78,55,23,2,0,1769405132,2026-01-26 00:27:08
d29ea280-8b64-4a35-b12b-245525ae2a3a,6,3,3,47,0,1769405132,2026-01-26 00:27:08
f6143531-4a16-4aac-9b55-573ef7ef162e,5,2,3,14,0,1769405133,2026-01-26 00:27:08
66dbcb2f-0aca-11e7-82f6-3863bb44ef7c,8,1,7,47,0,1769405130,2026-01-26 00:27:08
00d3e65e-b614-4408-aaa9-939ed96ce645,51,48,3,0,0,1769405130,2026-01-26 00:27:08
081d243e-d75e-4e2a-bdae-a990b2397532,21,14,7,0,0,1769405130,2026-01-26 00:27:08
1828966490867110420,4,0,4,11,0,1769405130,2026-01-26 00:27:08
28a2436d-a52b-4fa4-874c-e096012a926d,12,11,1,5,0,1769405131,2026-01-26 00:27:08
66dcf922-0aca-11e7-82f6-3863bb44ef7c,17,1,16,8,0,1769405133,2026-01-26 00:27:08
1814907277023901890,19,0,19,1,0,1769405133,2026-01-26 00:27:08
9be6c750-85b6-4e81-bace-1a8ffe941d7b,16,13,3,3,0,1769405134,2026-01-26 00:27:08
66db5f40-0aca-11e7-82f6-3863bb44ef7c,29,29,0,12,0,1769405133,2026-01-26 00:27:08
66dc7802-0aca-11e7-82f6-3863bb44ef7c,23,18,5,25,0,1769405134,2026-01-26 00:27:08
66db3e32-0aca-11e7-82f6-3863bb44ef7c,30,1,29,13,0,1769405134,2026-01-26 00:27:08
6cb5fac5-f7e8-4ec9-94cf-816771d91ecd,15,1,14,11,0,1769405134,2026-01-26 00:27:08
66dc176f-0aca-11e7-82f6-3863bb44ef7c,69,56,13,7,0,1769405135,2026-01-26 00:27:08
1879828885264130640,11,2,9,6,0,1769405135,2026-01-26 00:27:08
f6cf3ecc-b3ad-4291-8c24-277f28f64ba1,18,2,16,2,0,1769405136,2026-01-26 00:27:08
dee5a590-7cda-465e-8351-b0622a5e2ad3,6,0,6,10,0,1769405137,2026-01-26 00:27:08
0e8bfd72-c494-4d3e-85e2-4f98b801fe3b,0,0,0,19,0,1769405137,2026-01-26 00:27:08
ee1d39c5-47c8-4527-9456-3719c50b7be5,15,3,12,3,0,1769405134,2026-01-26 00:27:08
1862787688044743624,14,2,12,8,0,1769405134,2026-01-26 00:27:08
4aa6bb27-b76b-444e-a3ce-6fb25b822494,3,1,2,17,0,1769405135,2026-01-26 00:27:08
e0a9ed84-55f9-40f5-90fa-87db17d2f933,14,1,13,4,0,1769405139,2026-01-26 00:27:08
7d41ac98-df88-497a-aef9-968660e6da0f,17,1,16,19,0,1769405139,2026-01-26 00:27:08
18b19467-28ac-4496-b3e4-f6028b1c5105,6,4,2,22,0,1769405139,2026-01-26 00:27:08
1869439170989701358,16,0,16,3,0,1769405139,2026-01-26 00:27:08
1838999304404452058,14,1,13,4,0,1769405137,2026-01-26 00:27:08
a7a175ff-8ffb-477c-a40b-6d47ce92305d,8,0,8,12,0,1769405137,2026-01-26 00:27:08
1849009794224623642,18,1,17,0,0,1769405138,2026-01-26 00:27:08
971cddfa-695e-4b44-ba8b-26154ab4a83b,2,0,2,15,0,1769405138,2026-01-26 00:27:08
66db281e-0aca-11e7-82f6-3863bb44ef7c,47,1,46,11,0,1769405138,2026-01-26 00:27:08
00d94dfc-3695-47e1-aba6-7f319dd2eb08,7,1,6,15,0,1769405138,2026-01-26 00:27:08
7e70b65e-00c1-40d5-984d-17232a4ee05e,21,8,13,21,0,1769405138,2026-01-26 00:27:08
822d96e8-fb6c-463a-b866-aec9e408ad5e,13,5,8,3,0,1769405139,2026-01-26 00:27:08
2163290511399492946,4,3,1,5,0,1769405108,2026-01-26 00:27:08
1828967208126648828,4,0,4,15,0,1769405142,2026-01-26 00:27:08
66dc89ae-0aca-11e7-82f6-3863bb44ef7c,11,6,5,23,0,1769405140,2026-01-26 00:27:08
66de077f-0aca-11e7-82f6-3863bb44ef7c,19,8,11,34,0,1769405140,2026-01-26 00:27:08
c3b255d8-b690-4825-b1e9-a1d1680e5542,11,2,9,4,0,1769405140,2026-01-26 00:27:08
398ebef6-dcc2-4305-b1d2-47efafdaa85c,14,11,3,6,0,1769405140,2026-01-26 00:27:08
981f1311-004f-41c3-ba5b-3679f78aeb70,13,1,12,3,0,1769405141,2026-01-26 00:27:08
1905394575114219798,25,23,2,6,0,1769405142,2026-01-26 00:27:08
16836c76-c412-4ec3-bac8-3c6a5a3d9745,3,2,1,17,0,1769405141,2026-01-26 00:27:08
e25f8dee-c110-489f-a978-464ac5c84ca2,7,1,6,17,0,1769405143,2026-01-26 00:27:08
1880644037244334512,11,10,1,12,0,1769405143,2026-01-26 00:27:08
1913990214925537808,27,14,13,3,0,1769405143,2026-01-26 00:27:08
1835249197527877718,2,0,2,16,0,1769405143,2026-01-26 00:27:08
a82599ce-99ca-4670-8053-baada198034a,52,0,52,4,0,1769405144,2026-01-26 00:27:08
1984510483573713186,19,2,17,41,0,1769405144,2026-01-26 00:27:08
c466f15e-715f-411e-904e-1a71fb574cdd,79,54,25,5,0,1769405144,2026-01-26 00:27:08
3b530cff-dd26-4cfd-b570-a85fd53354fe,18,10,8,30,0,1769405144,2026-01-26 00:27:08
adb67652-c20d-4dd2-8e89-d6015b801c1a,0,0,0,18,0,1769405140,2026-01-26 00:27:08
2123938400844950144,3,0,3,13,0,1769405118,2026-01-26 00:27:08
fffb18be-14b3-412f-a808-107a98cd9e58,2,2,0,15,0,1769405148,2026-01-26 00:27:08
1960021358478625244,43,24,19,32,0,1769405149,2026-01-26 00:27:08
b1cdec34-d4f9-4313-be82-729bb9f7bb18,4,3,1,14,0,1769405149,2026-01-26 00:27:08
66de14af-0aca-11e7-82f6-3863bb44ef7c,10,8,2,21,0,1769405145,2026-01-26 00:27:08
3ac37967-e174-421a-bfeb-d02249fb1266,9,8,1,15,0,1769405146,2026-01-26 00:27:08
66dd1eb2-0aca-11e7-82f6-3863bb44ef7c,25,19,6,3,0,1769405146,2026-01-26 00:27:08
1857515306802639416,21,3,18,1,0,1769405145,2026-01-26 00:27:08
2124037510131026812,15,11,4,6,0,1769405146,2026-01-26 00:27:08
66de4336-0aca-11e7-82f6-3863bb44ef7c,5,4,1,25,0,1769405146,2026-01-26 00:27:08
8dfff4bd-0f3c-43af-bc55-a63850f66c6b,13,1,12,0,0,1769405146,2026-01-26 00:27:08
1848241879913802606,14,7,7,3,0,1769405149,2026-01-26 00:27:08
1857217349795049790,2,1,1,12,0,1769405150,2026-01-26 00:27:08
6dec8948-44c7-4085-9682-446a891feb42,11,4,7,4,0,1769405150,2026-01-26 00:27:08
1846086263936934630,17,1,16,1,0,1769405150,2026-01-26 00:27:08
2ad41c1f-5636-4a63-ad52-761e2613061a,4,0,4,19,0,1769405150,2026-01-26 00:27:08
7e36cd9b-b271-42e5-b344-b7a3771c795e,13,9,4,32,0,1769405150,2026-01-26 00:27:08
1869754143518014264,20,1,19,17,0,1769405151,2026-01-26 00:27:08
1960021056359127624,9,2,7,10,0,1769405147,2026-01-26 00:27:08
178bad16-1b02-4264-94c0-a8fd0faa60fe,6,5,1,25,0,1769405148,2026-01-26 00:27:08
af72781c-fe0b-4b73-a7df-201f9780ea9c,47,26,21,1,0,1769405147,2026-01-26 00:27:08
3575749f-123a-4a80-870d-7ca7c7f9c8a9,11,10,1,13,0,1769405148,2026-01-26 00:27:08
1835249448692130546,9,4,5,10,0,1769405146,2026-01-26 00:27:08
5a6218aa-c5b7-4436-93c1-dee7cb5322d9,13,6,7,10,0,1769405146,2026-01-26 00:27:08
4e862dc1-0652-4f29-a26f-315d763df67d,16,9,7,39,0,1769405147,2026-01-26 00:27:08
33af8810-cda5-4b61-9c38-0235f9d59aaa,26,2,24,3,0,1769405147,2026-01-26 00:27:08
05d03a63-b5f2-40d9-9a3d-d2fe666a307f,7,0,7,16,0,1769405157,2026-01-26 00:27:08
2126624118513887578,11,10,1,0,0,1769405158,2026-01-26 00:27:08
7c42f9fc-d280-4841-ad96-e3cc53ee3759,8,0,8,14,0,1769405157,2026-01-26 00:27:08
66dbeb1b-0aca-11e7-82f6-3863bb44ef7c,10,6,4,30,0,1769405158,2026-01-26 00:27:08
76c1ef9c-3984-4b4e-bff4-5c398e2395bd,6,5,1,17,0,1769405158,2026-01-26 00:27:08
f3eb962c-314a-4431-bac7-2eb2ffbe2fd2,3,0,3,14,0,1769405158,2026-01-26 00:27:08
1848242143834868452,14,2,12,3,0,1769405159,2026-01-26 00:27:08
8c2ed08f-1660-4db8-9168-4709427c23ed,8,8,0,8,0,1769405158,2026-01-26 00:27:08
1834145204469569922,13,2,11,9,0,1769405158,2026-01-26 00:27:08
2126965369631090816,7,3,4,6,0,1769405121,2026-01-26 00:27:08
1839334257267825432,0,0,0,10,0,1769307052,2026-01-26 00:27:08
66dd8479-0aca-11e7-82f6-3863bb44ef7c,0,0,0,12,0,1769314906,2026-01-26 00:27:08
66dd5960-0aca-11e7-82f6-3863bb44ef7c,12,6,6,10,0,1769405050,2026-01-26 00:27:08
681a8bdb-65ff-4078-a5de-74927502da4e,15,4,11,3,0,1769405050,2026-01-26 00:27:08
66dd5e69-0aca-11e7-82f6-3863bb44ef7c,10,3,7,8,0,1769405078,2026-01-26 00:27:08
e163ce54-4c39-43c5-9831-e10a2603527d,16,6,10,4,0,1769405057,2026-01-26 00:27:08
3d1db3fa-1df5-46c8-baf3-619b729f5bda,17,3,14,0,0,1769405063,2026-01-26 00:27:08
66ddda59-0aca-11e7-82f6-3863bb44ef7c,9,1,8,4,0,1769405064,2026-01-26 00:27:08
66dd6721-0aca-11e7-82f6-3863bb44ef7c,9,6,3,8,0,1769405107,2026-01-26 00:27:08
d09709d2-e119-48c4-aa22-29432a13a35a,9,8,1,2,0,1769405093,2026-01-26 00:27:08
4a48175b-c239-4d5e-b1b8-03eda4239678,24,5,19,6,0,1769405089,2026-01-26 00:27:08
2116636101124803154,11,1,10,3,0,1769405131,2026-01-26 00:27:08
2108372562172578194,11,11,0,7,0,1769405145,2026-01-26 00:27:08
6107e75a-2493-4e3d-a3e0-d4886d3416e5,6,1,5,7,0,1769405115,2026-01-26 00:27:08
2116635307734817684,4,2,2,11,0,1769405125,2026-01-26 00:27:08
7478be11-37d8-49b1-a253-f0810045f6ff,19,15,4,0,0,1769405129,2026-01-26 00:27:08
f417d8da-0f15-49b0-9e3c-3c3e55c2691d,19,9,10,1,0,1769405126,2026-01-26 00:27:08
537a2f47-26a3-4776-ba9d-e2acd2ffbee1,5,4,1,2,0,1769405155,2026-01-26 00:27:08
2116635993049651742,5,1,4,7,0,1769405143,2026-01-26 00:27:08
2de92329-48d0-4cf7-85df-172f91bbb320,18,18,0,12,0,1769405158,2026-01-26 00:27:08
66dd7cab-0aca-11e7-82f6-3863bb44ef7c,8,5,3,18,0,1769405042,2026-01-26 00:27:08
2036428272250118978,18,8,10,1,0,1769405048,2026-01-26 00:27:08
3742e2ab-6cd0-40cf-846a-72cbe637afe1,0,0,0,10,0,1769371415,2026-01-26 00:27:08
0bb12c94-efdb-40ac-98fe-9521ba373b57,5,5,0,25,0,1769405109,2026-01-26 00:27:08
66dd8043-0aca-11e7-82f6-3863bb44ef7c,8,8,0,9,0,1769405112,2026-01-26 00:27:08
f841ae52-0bbb-49db-b6eb-f898fbce6108,0,0,0,13,0,1769369230,2026-01-26 00:27:08
66dddc98-0aca-11e7-82f6-3863bb44ef7c,19,10,9,6,0,1769405119,2026-01-26 00:27:08
66dd9183-0aca-11e7-82f6-3863bb44ef7c,0,0,0,5,0,1769343344,2026-01-26 00:27:08
a59f4f11-5d52-43a2-8a32-ae71137a6af8,5,3,2,9,0,1769405118,2026-01-26 00:27:08
66ddded0-0aca-11e7-82f6-3863bb44ef7c,13,9,4,1,0,1769405124,2026-01-26 00:27:08
e2c00264-9eea-446d-a1b7-27cef3aed403,5,5,0,7,0,1769405123,2026-01-26 00:27:08
915057d4-edbc-4c73-8d81-dda33d600d58,11,6,5,6,0,1769405121,2026-01-26 00:27:08
66dd836d-0aca-11e7-82f6-3863bb44ef7c,4,1,3,16,0,1769405130,2026-01-26 00:27:08
43318169-d1ae-4a1a-9578-23cfa3fdbac9,0,0,0,12,0,1769328882,2026-01-26 00:27:08
ded4386f-9f69-43c6-a566-4511920c3e39,0,0,0,0,0,1769405090,2026-01-26 00:27:08
66dd650d-0aca-11e7-82f6-3863bb44ef7c,11,9,2,5,0,1769405137,2026-01-26 00:27:08
66ddde40-0aca-11e7-82f6-3863bb44ef7c,0,0,0,8,0,1769320933,2026-01-26 00:27:08
2108372790290481846,3,3,0,11,0,1769405151,2026-01-26 00:27:08
21c4a77d-b1ae-4262-b143-087fd14a07b8,5,2,3,12,0,1769405151,2026-01-26 00:27:08
66dddae7-0aca-11e7-82f6-3863bb44ef7c,9,4,5,8,0,1769405153,2026-01-26 00:27:08
c32d6965-4fae-4f1f-a5f2-7f2ef5f439fc,4,3,1,14,0,1769405157,2026-01-26 00:27:08
66dd83fc-0aca-11e7-82f6-3863bb44ef7c,12,2,10,10,0,1769405157,2026-01-26 00:27:08
823c0615-2832-4e76-85f0-7cf527151aba,0,0,0,0,0,86400,2026-01-26 00:27:08
66dd630c-0aca-11e7-82f6-3863bb44ef7c,11,6,5,6,0,1769405047,2026-01-26 00:27:08
655b0878-c22b-4f8c-8675-21bf30d1eebf,13,8,5,1,0,1769405047,2026-01-26 00:27:08
5f798c51-5d8b-4add-9f81-341f54a82ffa,3,0,3,14,0,1769405064,2026-01-26 00:27:08
66dd63de-0aca-11e7-82f6-3863bb44ef7c,12,8,4,5,0,1769405059,2026-01-26 00:27:08
66dd5f99-0aca-11e7-82f6-3863bb44ef7c,0,0,0,3,0,1769299859,2026-01-26 00:27:08
fadf00cf-d84a-49e8-9607-c67154915412,18,9,9,7,0,1769405086,2026-01-26 00:27:08
66ddd78e-0aca-11e7-82f6-3863bb44ef7c,7,1,6,4,0,1769405082,2026-01-26 00:27:08
1ec24ce3-2b69-4f3a-a153-c73e583d11f3,3,3,0,15,0,1769405080,2026-01-26 00:27:08
2290031f-e7d8-40a3-9ad6-566df493bbbc,15,3,12,24,0,1769405143,2026-01-26 00:27:08
2116635417524034072,4,3,1,9,0,1769405063,2026-01-26 00:27:08
66dd58f2-0aca-11e7-82f6-3863bb44ef7c,0,0,0,2,0,1769331227,2026-01-26 00:27:08
2116635185595800086,7,4,3,6,0,1769405141,2026-01-26 00:27:08
2108373096850688302,1,1,0,12,0,1769405147,2026-01-26 00:27:08
33a797e8-6be2-4868-b9f6-1be157eaa0a5,1,0,1,18,0,1769405097,2026-01-26 00:27:08
66dd7f10-0aca-11e7-82f6-3863bb44ef7c,19,18,1,7,0,1769405098,2026-01-26 00:27:08
8ae0bf30-9979-461e-a947-2dd89f293b40,8,0,8,4,0,1769405094,2026-01-26 00:27:08
dd8b2f53-8b94-4082-9576-994a4962f9d5,0,0,0,13,0,1769392558,2026-01-26 00:27:08
1849747691035224144,14,6,8,0,0,1769405108,2026-01-26 00:27:08
2108372139456801688,15,9,6,2,0,1769405111,2026-01-26 00:27:08
2058728861810389252,13,10,3,7,0,1769405116,2026-01-26 00:27:08
22cd02a2-228f-4eeb-b249-cbea51a0e219,9,2,7,9,0,1769405125,2026-01-26 00:27:08
ccfa1f8f-f930-45f2-9cda-375c01596ca2,2,2,0,16,0,1769405133,2026-01-26 00:27:08
2157737368545384190,2,2,0,14,0,1769405128,2026-01-26 00:27:08
2116635868495600156,7,5,2,5,0,1769405155,2026-01-26 00:27:08
2108373197827738014,8,1,7,12,0,1769405039,2026-01-26 00:27:08
66dddf5f-0aca-11e7-82f6-3863bb44ef7c,7,7,0,6,0,1769405051,2026-01-26 00:27:08
4aecd6f2-8a84-4bed-a528-dc6870877292,1,1,0,15,0,1769405088,2026-01-26 00:27:08
1844599666569400604,16,9,7,7,0,1769405087,2026-01-26 00:27:08
66dd7b37-0aca-11e7-82f6-3863bb44ef7c,16,5,11,9,0,1769405094,2026-01-26 00:27:08
2165507807810224012,0,0,0,16,0,1769405100,2026-01-26 00:27:08
66dd80ac-0aca-11e7-82f6-3863bb44ef7c,8,4,4,13,0,1769405103,2026-01-26 00:27:08
66dd7fe2-0aca-11e7-82f6-3863bb44ef7c,17,3,14,4,0,1769405106,2026-01-26 00:27:08
2157736614125310040,8,7,1,7,0,1769405113,2026-01-26 00:27:08
66dd8b48-0aca-11e7-82f6-3863bb44ef7c,0,0,0,16,0,1769333090,2026-01-26 00:27:08
66dd6000-0aca-11e7-82f6-3863bb44ef7c,12,1,11,9,0,1769405149,2026-01-26 00:27:08
66ddd81a-0aca-11e7-82f6-3863bb44ef7c,10,8,2,4,0,1769405133,2026-01-26 00:27:08
3371df76-39db-43ab-b3d6-fac0be55311f,7,1,6,7,0,1769405141,2026-01-26 00:27:08
66dd6441-0aca-11e7-82f6-3863bb44ef7c,0,0,0,7,0,1769358236,2026-01-26 00:27:08
2116885281736356212,6,1,5,6,0,1769405102,2026-01-26 00:27:08
2108372029596633484,10,3,7,2,0,1769405156,2026-01-26 00:27:08
2158919319277979600,4,2,2,9,0,1769405156,2026-01-26 00:27:08
46813ecf-8df4-4c8f-9579-0179e0b36ba6,6,2,4,9,0,1769405076,2026-01-26 00:27:08
66ddddb4-0aca-11e7-82f6-3863bb44ef7c,13,6,7,1,0,1769405085,2026-01-26 00:27:08
66ddd8a8-0aca-11e7-82f6-3863bb44ef7c,9,9,0,5,0,1769405086,2026-01-26 00:27:08
5aa81a37-ea1d-4bf6-ab40-4751c6b4fb08,9,4,5,9,0,1769405088,2026-01-26 00:27:08
2108372903577159978,4,3,1,10,0,1769405079,2026-01-26 00:27:08
5faf99b8-9046-450f-9d2a-d13279b3d016,0,0,0,19,0,1769327515,2026-01-26 00:27:08
2116636221383887448,15,0,15,3,0,1769405120,2026-01-26 00:27:08
66dd5a42-0aca-11e7-82f6-3863bb44ef7c,6,6,0,14,0,1769405122,2026-01-26 00:27:08
2108373961268485100,4,0,4,10,0,1769405099,2026-01-26 00:27:08
2108372356498784942,9,2,7,5,0,1769405117,2026-01-26 00:27:08
cbc48689-7805-49dd-9669-5471f4b7b6fb,11,7,4,9,0,1769405113,2026-01-26 00:27:08
9d344652-976b-4c2d-bede-2ef19b0fbf13,10,0,10,8,0,1769405115,2026-01-26 00:27:08
2116635527663355916,1,1,0,12,0,1769405131,2026-01-26 00:27:08
2116634708854430228,11,3,8,7,0,1769405130,2026-01-26 00:27:08
66dd5f24-0aca-11e7-82f6-3863bb44ef7c,19,6,13,3,0,1769405129,2026-01-26 00:27:08
66dddc08-0aca-11e7-82f6-3863bb44ef7c,6,4,2,7,0,1769405107,2026-01-26 00:27:08
581211b2-4e42-48f2-8a8f-5f968cb1c5df,21,14,7,8,0,1769405139,2026-01-26 00:27:08
bd6f422b-d7ae-4d7e-9261-653fdd8e6888,0,0,0,9,0,1769376205,2026-01-26 00:27:08
519824e4-69ba-4270-a395-17c204f328f8,1,1,0,19,0,1769405124,2026-01-26 00:27:08
66ddd93e-0aca-11e7-82f6-3863bb44ef7c,6,0,6,8,0,1769405146,2026-01-26 00:27:08
b6a13f2b-deb4-4f4d-9d67-7d23bee27c88,2,1,1,12,0,1769405148,2026-01-26 00:27:08
66dddd28-0aca-11e7-82f6-3863bb44ef7c,5,4,1,8,0,1769405150,2026-01-26 00:27:08
2088688422524183306,10,2,8,27,0,1769405152,2026-01-26 00:27:08
1905837242740508940,0,0,0,0,0,86400,2026-01-26 00:53:27
41495491-5d89-4e14-aab9-c3db04aad399,0,0,0,0,0,86400,2026-01-26 00:53:27
b9720921-8170-43ea-a5ae-b61b9161eb49,0,0,0,0,0,86400,2026-01-26 00:53:27
2171903488884523500,0,0,0,0,0,86400,2026-01-26 00:53:27
2171903608969565866,0,0,0,0,0,86400,2026-01-26 00:53:27
2171904223419888148,0,0,0,0,0,86400,2026-01-26 00:53:27
2177014969129222184,0,0,0,0,0,86400,2026-01-26 00:53:27
2177016530523622712,0,0,0,0,0,86400,2026-01-26 00:53:27
2177016940364559212,0,0,0,0,0,86400,2026-01-26 00:53:27
c3062f44-c5b9-4650-a4ec-cc66cbf5b944,0,0,0,17,0,1769392040,2026-01-26 00:53:27
62b97c1e-9d06-4c5e-b9c3-d76099e37fe4,10,5,5,10,0,1769406675,2026-01-26 00:53:27
12279d2b-29f6-4e02-a7f0-244970f7edd5,9,4,5,17,0,1769406675,2026-01-26 00:53:27
b4f990dd-36bb-46b3-9eea-4b980bd43c2d,7,7,0,16,0,1769406672,2026-01-26 00:53:27
1859808514684217788,1,0,1,18,0,1769406672,2026-01-26 00:53:27
b713367c-3572-4225-b74a-9319ab537838,1,0,1,17,0,1769406672,2026-01-26 00:53:27
1861678548643203686,0,0,0,25,0,1769406673,2026-01-26 00:53:27
66de1fe7-0aca-11e7-82f6-3863bb44ef7c,16,1,15,4,0,1769406672,2026-01-26 00:53:27
66db277a-0aca-11e7-82f6-3863bb44ef7c,16,3,13,7,0,1769406673,2026-01-26 00:53:27
66db75cc-0aca-11e7-82f6-3863bb44ef7c,41,24,17,1,0,1769406676,2026-01-26 00:53:27
3134c2d4-b090-4eb8-ab44-6f9622098f72,10,9,1,8,0,1769406676,2026-01-26 00:53:27
66dde630-0aca-11e7-82f6-3863bb44ef7c,58,17,41,10,0,1769406677,2026-01-26 00:53:27
ceb179f3-89c3-4c3e-8a0a-3415406a9463,9,9,0,13,0,1769406672,2026-01-26 00:53:27
ab6aadd8-fa45-43aa-abea-c8e01ec5a0c8,0,0,0,2,0,1769401472,2026-01-26 00:53:27
1871698223344654662,8,0,8,16,0,1769406661,2026-01-26 00:53:27
00967b8f-1a4d-4131-a65a-17fa8ca89e28,3,2,1,13,0,1769406661,2026-01-26 00:53:27
9394fb49-583f-4426-8d2f-a2b0ffb584d2,35,23,12,12,0,1769406659,2026-01-26 00:53:27
66de1ea2-0aca-11e7-82f6-3863bb44ef7c,11,8,3,11,0,1769406659,2026-01-26 00:53:27
1875415144760576328,19,19,0,2,0,1769406662,2026-01-26 00:53:27
66dd1c7f-0aca-11e7-82f6-3863bb44ef7c,22,9,13,25,0,1769406662,2026-01-26 00:53:27
1862008701134683118,3,0,3,20,0,1769406659,2026-01-26 00:53:27
66dbcbbc-0aca-11e7-82f6-3863bb44ef7c,44,9,35,22,0,1769406662,2026-01-26 00:53:27
0687075b-cf2d-4130-a859-fe841aafbd3f,17,1,16,3,0,1769406663,2026-01-26 00:53:27
cf1a96a7-f695-4ba2-bcf2-899552e21e47,9,3,6,8,0,1769406663,2026-01-26 00:53:27
2a66ed0a-5e6d-4893-a1d1-876bb2bac4be,5,2,3,22,0,1769406659,2026-01-26 00:53:27
0bd9bd58-42e6-4680-9d19-83943372221f,8,8,0,9,0,1769406663,2026-01-26 00:53:27
66dd01c5-0aca-11e7-82f6-3863bb44ef7c,11,0,11,14,0,1769406670,2026-01-26 00:53:27
66de73fd-0aca-11e7-82f6-3863bb44ef7c,4,1,3,20,0,1769406670,2026-01-26 00:53:27
1834145589124844432,0,0,0,18,0,1769406671,2026-01-26 00:53:27
0fa27bd7-b182-4e7a-b5bb-90f4249cb368,18,8,10,5,0,1769406671,2026-01-26 00:53:27
66ddea99-0aca-11e7-82f6-3863bb44ef7c,6,5,1,14,0,1769406671,2026-01-26 00:53:27
66de4959-0aca-11e7-82f6-3863bb44ef7c,2,2,0,22,0,1769406671,2026-01-26 00:53:27
cc5f0e68-dd5f-4db1-81c7-04a4d6674fba,14,1,13,2,0,1769406665,2026-01-26 00:53:27
dad39e68-53f5-47c2-87e2-b1cc0e34f90f,5,4,1,13,0,1769406665,2026-01-26 00:53:27
66dc3782-0aca-11e7-82f6-3863bb44ef7c,26,23,3,2,0,1769406665,2026-01-26 00:53:27
1864605386632012480,1,0,1,17,0,1769406667,2026-01-26 00:53:27
1849010133527040242,5,1,4,11,0,1769406667,2026-01-26 00:53:27
633fbc4c-7617-47ba-a393-aad7a8d26a3e,21,3,18,0,0,1769406668,2026-01-26 00:53:27
66de0cab-0aca-11e7-82f6-3863bb44ef7c,15,1,14,21,0,1769406668,2026-01-26 00:53:27
528ed1e0-75aa-45be-8afe-c3f1c950782f,8,1,7,12,0,1769406668,2026-01-26 00:53:27
d73e26de-8534-4b46-a321-3cae295ef9b2,12,0,12,16,0,1769406668,2026-01-26 00:53:27
0ddb965d-95ef-4ce3-bde6-81a56ac1fbd2,5,1,4,25,0,1769406669,2026-01-26 00:53:27
bbc3c1df-f7db-4f54-8d5c-b8f4269ecb48,19,15,4,0,0,1769406668,2026-01-26 00:53:27
d979131e-0b9f-4aa2-88c5-46d4ff94abc8,6,2,4,9,0,1769406669,2026-01-26 00:53:27
66dcc8b3-0aca-11e7-82f6-3863bb44ef7c,8,8,0,9,0,1769406668,2026-01-26 00:53:27
d80c274e-d17d-4a00-9b76-274c9fe4d0e1,12,10,2,21,0,1769406665,2026-01-26 00:53:27
d18512f9-52c8-4175-92b9-b6258dc30748,1,1,0,18,0,1769406666,2026-01-26 00:53:27
2637fed8-1e2a-460b-83eb-3eb32ace0f4e,13,4,9,33,0,1769406666,2026-01-26 00:53:27
0f98907a-d4cc-45e0-b174-7d9dfda74106,4,0,4,26,0,1769406670,2026-01-26 00:53:27
3db799ba-b574-4e5f-95e5-c767bec2acb6,14,6,8,12,0,1769406681,2026-01-26 00:53:27
eb07bdfc-3a6f-40eb-96d2-0b92ac371619,6,3,3,9,0,1769406681,2026-01-26 00:53:27
1d3a8670-09b3-4127-b750-af5311e565f0,8,1,7,10,0,1769406682,2026-01-26 00:53:27
66dcc37f-0aca-11e7-82f6-3863bb44ef7c,9,2,7,11,0,1769406682,2026-01-26 00:53:27
1814548067447122618,23,15,8,6,0,1769406683,2026-01-26 00:53:27
922763d6-d73c-4678-8bcd-f42ee3a236db,9,0,9,11,0,1769406684,2026-01-26 00:53:27
4efda436-cd19-4ec3-acc7-1a622f723264,0,0,0,18,0,1769406684,2026-01-26 00:53:27
372c592e-09d8-400c-9595-2aa3510f39b0,6,5,1,15,0,1769406682,2026-01-26 00:53:27
66de71af-0aca-11e7-82f6-3863bb44ef7c,25,1,24,9,0,1769406686,2026-01-26 00:53:27
66dce9b5-0aca-11e7-82f6-3863bb44ef7c,4,1,3,27,0,1769406687,2026-01-26 00:53:27
66dd24ca-0aca-11e7-82f6-3863bb44ef7c,28,16,12,18,0,1769406686,2026-01-26 00:53:27
66dc0dab-0aca-11e7-82f6-3863bb44ef7c,3,2,1,107,0,1769406686,2026-01-26 00:53:27
1846086362824884662,19,0,19,0,0,1769406686,2026-01-26 00:53:27
3d68a3fd-91da-49e8-9cd5-69b333863789,13,3,10,4,0,1769406679,2026-01-26 00:53:27
66dd4ec7-0aca-11e7-82f6-3863bb44ef7c,20,16,4,52,0,1769406678,2026-01-26 00:53:27
1876800925490112950,5,2,3,10,0,1769406678,2026-01-26 00:53:27
1814906692908349788,10,0,10,11,0,1769406680,2026-01-26 00:53:27
66dc7f02-0aca-11e7-82f6-3863bb44ef7c,90,82,8,13,0,1769406680,2026-01-26 00:53:27
7a6fc75f-a605-4dd6-b567-b2bbbfb862f3,17,17,0,0,0,1769406680,2026-01-26 00:53:27
1860188747953293684,9,1,8,7,0,1769406677,2026-01-26 00:53:27
66dbe96d-0aca-11e7-82f6-3863bb44ef7c,20,3,17,25,0,1769406677,2026-01-26 00:53:27
6476c5fd-611e-436c-9736-e0f43bb7774e,14,1,13,3,0,1769406677,2026-01-26 00:53:27
69717638-5c4a-47a7-bccb-3b42c81eb09f,6,1,5,9,0,1769406677,2026-01-26 00:53:27
1854538387432581604,18,1,17,3,0,1769406677,2026-01-26 00:53:27
93da4d1b-d574-45b0-85d7-5b82e2887267,16,0,16,3,0,1769406678,2026-01-26 00:53:27
823ef531-40e6-4397-b973-86bf5b032076,9,3,6,12,0,1769406678,2026-01-26 00:53:27
525535e3-dde3-47b4-9c2e-0174eaa4f2bb,17,6,11,2,0,1769406680,2026-01-26 00:53:27
66dde103-0aca-11e7-82f6-3863bb44ef7c,28,26,2,6,0,1769406690,2026-01-26 00:53:27
2546c9b9-5b1a-4e9f-a9cc-f8b986b79748,11,3,8,8,0,1769406690,2026-01-26 00:53:27
1f088432-0460-421e-a1d9-36890fa5396d,10,6,4,6,0,1769406688,2026-01-26 00:53:27
1848241791125254746,15,2,13,0,0,1769406688,2026-01-26 00:53:27
18eccc71-66be-4e4c-8335-095a9bf0df94,9,3,6,20,0,1769406689,2026-01-26 00:53:27
1794852638057746848,21,1,20,0,0,1769406689,2026-01-26 00:53:27
66de5005-0aca-11e7-82f6-3863bb44ef7c,15,5,10,10,0,1769406689,2026-01-26 00:53:27
96e72113-3681-4d19-88bb-032e76720093,28,25,3,15,0,1769406691,2026-01-26 00:53:27
6d766daf-9298-4059-a329-1818582d495f,12,11,1,5,0,1769406686,2026-01-26 00:53:27
1817432434869846072,13,1,12,7,0,1769406687,2026-01-26 00:53:27
1960019951675478680,7,6,1,21,0,1769406688,2026-01-26 00:53:27
66dbec40-0aca-11e7-82f6-3863bb44ef7c,22,15,7,33,0,1769406690,2026-01-26 00:53:27
c63a83a0-bda1-40a6-835b-f82c363543b9,4,2,2,16,0,1769406691,2026-01-26 00:53:27
1828967979464708718,0,0,0,21,0,1769406692,2026-01-26 00:53:27
5645b05e-85be-460d-8506-cacd20bff233,27,3,24,1,0,1769406694,2026-01-26 00:53:27
1859088223746072684,8,0,8,7,0,1769406695,2026-01-26 00:53:27
66dc120f-0aca-11e7-82f6-3863bb44ef7c,25,16,9,46,0,1769406695,2026-01-26 00:53:27
66dcbac5-0aca-11e7-82f6-3863bb44ef7c,10,2,8,9,0,1769406695,2026-01-26 00:53:27
82c85f05-4722-48ae-9f64-0522012eb3c8,5,2,3,17,0,1769406692,2026-01-26 00:53:27
b896d83d-5524-4c9c-a2aa-c1b0edaadc22,1,0,1,18,0,1769406693,2026-01-26 00:53:27
c602146e-d69d-43b6-9e8f-054c4df5377e,14,3,11,4,0,1769406694,2026-01-26 00:53:27
66de12ff-0aca-11e7-82f6-3863bb44ef7c,10,9,1,11,0,1769406694,2026-01-26 00:53:27
c4e9905f-457b-4be0-a878-2aa53fa0b09b,20,0,20,2,0,1769406694,2026-01-26 00:53:27
1828966626550010820,16,2,14,0,0,1769406696,2026-01-26 00:53:27
9af90faf-0b9b-451b-9cb0-20ff421ca1d9,3,2,1,21,0,1769406693,2026-01-26 00:53:27
ef6216aa-d3c8-46bb-8c6b-b62f8ba51b16,7,0,7,12,0,1769406695,2026-01-26 00:53:27
f833d403-2cf5-424a-a3b3-0314a44b4a67,17,0,17,16,0,1769406697,2026-01-26 00:53:27
66dd4c5f-0aca-11e7-82f6-3863bb44ef7c,5,3,2,57,0,1769406697,2026-01-26 00:53:27
09dfc0e3-a448-477c-bb3c-9467dc51ef8d,47,17,30,25,0,1769406697,2026-01-26 00:53:27
7dda8844-60ba-4449-b05c-54c1d14ab5fb,59,47,12,4,0,1769406697,2026-01-26 00:53:27
ff9581d3-3e1a-463a-bdab-d8150c468be2,9,4,5,22,0,1769406697,2026-01-26 00:53:27
ca7ec509-cefc-4ac6-b729-08999d191051,17,3,14,4,0,1769406700,2026-01-26 00:53:27
b79c8433-9dd1-4d68-9156-7f2c2162bafe,7,3,4,18,0,1769406700,2026-01-26 00:53:27
1815968237323833702,17,1,16,4,0,1769406698,2026-01-26 00:53:27
1828965347681089818,15,3,12,4,0,1769406698,2026-01-26 00:53:27
c8c39d85-4ce7-46c5-b709-998067200780,0,0,0,21,0,1769406697,2026-01-26 00:53:27
023cf549-bd85-4f9a-abd8-70ba29d7e86b,10,0,10,10,0,1769406699,2026-01-26 00:53:27
b4b5824b-3c23-44b7-92a3-cec6a54583a0,8,1,7,10,0,1769406696,2026-01-26 00:53:27
517409d3-a94a-4140-a6de-ff0de9221ed2,3,1,2,18,0,1769406699,2026-01-26 00:53:27
66db4549-0aca-11e7-82f6-3863bb44ef7c,10,2,8,12,0,1769406697,2026-01-26 00:53:27
6cd10426-b4e9-40e1-9b35-61f609190ac0,29,17,12,4,0,1769406706,2026-01-26 00:53:27
191d5d54-de64-4312-99c7-eee141efa4ef,2,1,1,19,0,1769406706,2026-01-26 00:53:27
66de677e-0aca-11e7-82f6-3863bb44ef7c,19,3,16,6,0,1769406702,2026-01-26 00:53:27
1929504694747056164,3,2,1,38,0,1769406702,2026-01-26 00:53:27
545a32d3-b74c-4dc2-b82c-a6d185dd4666,4,4,0,15,0,1769406702,2026-01-26 00:53:27
2126623007192357636,9,1,8,1,0,1769406703,2026-01-26 00:53:27
1799624430022654108,6,2,4,13,0,1769406703,2026-01-26 00:53:27
6e5a8cab-cf1a-4584-8133-01835b56ad71,6,0,6,17,0,1769406703,2026-01-26 00:53:27
1882824287789509296,16,12,4,29,0,1769406703,2026-01-26 00:53:27
d2b23c87-b7c3-48c2-a634-db4b76ecbcf7,6,3,3,12,0,1769406703,2026-01-26 00:53:27
038b7369-9c6e-4eb2-8569-f7461443302f,12,0,12,4,0,1769406703,2026-01-26 00:53:27
566a6389-5c22-49ca-8c24-4d9eea135170,19,4,15,9,0,1769406703,2026-01-26 00:53:27
cb05443c-e68e-48f7-8d17-35353fa19d4d,26,11,15,24,0,1769406703,2026-01-26 00:53:27
2ebbe93b-a013-464a-b4a5-0eba96f89676,10,10,0,7,0,1769406704,2026-01-26 00:53:27
1937777808143497236,0,0,0,27,0,1769406703,2026-01-26 00:53:27
2121032386733337206,11,3,8,0,0,1769406704,2026-01-26 00:53:27
816e50eb-dc4b-47dc-b773-154e2020cb0d,0,0,0,19,0,1769406704,2026-01-26 00:53:27
7779e057-b33e-46a7-8a1e-8c28bcd9a558,8,0,8,11,0,1769406705,2026-01-26 00:53:27
1835618878584115330,21,2,19,2,0,1769406704,2026-01-26 00:53:27
f401cd5f-cb41-41f8-a857-4a4dfe778f94,21,13,8,0,0,1769406705,2026-01-26 00:53:27
a45a712c-1e3d-4fee-bef8-adafafd80670,6,3,3,11,0,1769406705,2026-01-26 00:53:27
75352ab4-8a31-4926-8b59-048a9e506452,12,3,9,1,0,1769406705,2026-01-26 00:53:27
dd482585-3028-453f-a98d-55019db9b26c,38,0,38,5,0,1769406705,2026-01-26 00:53:27
66dde4ef-0aca-11e7-82f6-3863bb44ef7c,8,6,2,14,0,1769406702,2026-01-26 00:53:27
1795146692060860976,14,1,13,5,0,1769406713,2026-01-26 00:53:27
bc9c9006-3d40-400d-8b5c-17f56e6dfcee,0,0,0,26,0,1769406712,2026-01-26 00:53:27
66dc10d1-0aca-11e7-82f6-3863bb44ef7c,16,4,12,26,0,1769406713,2026-01-26 00:53:27
ec42fb3a-af54-46aa-a8b3-b17d72ed4475,12,1,11,6,0,1769406713,2026-01-26 00:53:27
66dde69c-0aca-11e7-82f6-3863bb44ef7c,2,1,1,14,0,1769406708,2026-01-26 00:53:27
18a2cbb6-91f2-4393-82fb-b40a8ba90f20,4,2,2,16,0,1769406709,2026-01-26 00:53:27
b4974d89-932c-4a9f-a264-2ea0cf70613e,8,7,1,10,0,1769406709,2026-01-26 00:53:27
1869753484503987044,1,0,1,18,0,1769406709,2026-01-26 00:53:27
c606bae0-889c-47c3-8202-9463ef147655,14,0,14,8,0,1769406711,2026-01-26 00:53:27
912813fc-fde4-4430-8443-a4fa21477e7f,1,1,0,21,0,1769406711,2026-01-26 00:53:27
1838070843306263244,7,3,4,11,0,1769406711,2026-01-26 00:53:27
c80c55c4-d623-42d7-8acf-6bfa68a84ecb,6,5,1,12,0,1769406711,2026-01-26 00:53:27
3a89411a-0bc6-4ba3-bc56-fab950c8eba1,20,1,19,0,0,1769406712,2026-01-26 00:53:27
2124037125711300644,16,12,4,5,0,1769406690,2026-01-26 00:53:27
66db3053-0aca-11e7-82f6-3863bb44ef7c,55,45,10,15,0,1769406709,2026-01-26 00:53:27
66de43a5-0aca-11e7-82f6-3863bb44ef7c,17,7,10,8,0,1769406709,2026-01-26 00:53:27
66de2b2f-0aca-11e7-82f6-3863bb44ef7c,47,7,40,3,0,1769406709,2026-01-26 00:53:27
a4d041fd-c5fa-4f52-800c-25d7a661a875,4,0,4,16,0,1769406710,2026-01-26 00:53:27
1817822909864556798,8,4,4,17,0,1769406710,2026-01-26 00:53:27
1835250442210857240,18,4,14,0,0,1769406711,2026-01-26 00:53:27
66dd4a52-0aca-11e7-82f6-3863bb44ef7c,5,3,2,25,0,1769406712,2026-01-26 00:53:27
66dbef15-0aca-11e7-82f6-3863bb44ef7c,33,13,20,16,0,1769406708,2026-01-26 00:53:27
c638ec67-9ac0-416f-944f-619926144931,69,67,2,51,0,1769406711,2026-01-26 00:53:27
1786698974100683436,20,12,8,33,0,1769406710,2026-01-26 00:53:27
068b919c-f649-4091-8e12-ccf37191cad5,3,2,1,15,0,1769406738,2026-01-26 00:53:27
6fd61eee-d0ef-4580-9704-bd06b82bcb61,5,4,1,26,0,1769406738,2026-01-26 00:53:27
66db6f2e-0aca-11e7-82f6-3863bb44ef7c,27,23,4,12,0,1769406738,2026-01-26 00:53:27
1986707977001495180,7,1,6,12,0,1769406738,2026-01-26 00:53:27
579e583e-60ab-4f2a-83d0-fabebddfcd0f,14,14,0,1,0,1769406738,2026-01-26 00:53:27
1786698321265653818,10,7,3,27,0,1769406738,2026-01-26 00:53:27
66dc686c-0aca-11e7-82f6-3863bb44ef7c,65,49,16,28,0,1769406740,2026-01-26 00:53:27
1869753654337059182,11,8,3,7,0,1769406740,2026-01-26 00:53:27
66de1516-0aca-11e7-82f6-3863bb44ef7c,11,2,9,21,0,1769406741,2026-01-26 00:53:27
549b5bc4-b949-4eeb-8ffb-2215e1e49892,39,12,27,13,0,1769406741,2026-01-26 00:53:27
66dde76a-0aca-11e7-82f6-3863bb44ef7c,6,6,0,19,0,1769406741,2026-01-26 00:53:27
66dc81ce-0aca-11e7-82f6-3863bb44ef7c,12,6,6,63,0,1769406741,2026-01-26 00:53:27
66dd1f44-0aca-11e7-82f6-3863bb44ef7c,19,19,0,5,0,1769406741,2026-01-26 00:53:27
4e9a1c3a-20e2-4fd5-b8de-fbf8d43e7bcc,7,0,7,12,0,1769406741,2026-01-26 00:53:27
92fc1ad7-0867-4655-b02f-ede65d336b14,9,6,3,8,0,1769406742,2026-01-26 00:53:27
fbaffdbd-dab5-4127-9bd5-36bf58093ea8,12,9,3,11,0,1769406742,2026-01-26 00:53:27
59b747c1-fbfb-4a3d-9394-8d06834d7c98,20,10,10,0,0,1769406742,2026-01-26 00:53:27
66dc2995-0aca-11e7-82f6-3863bb44ef7c,11,9,2,39,0,1769406742,2026-01-26 00:53:27
1835246658344669972,3,2,1,15,0,1769406739,2026-01-26 00:53:27
1965202298784063998,7,0,7,18,0,1769406739,2026-01-26 00:53:27
765ee572-6c7a-4ed3-a2d4-f1496ea53996,23,1,22,0,0,1769406739,2026-01-26 00:53:27
ba33c334-e17d-4478-ae3c-9c2f4dbfbb51,1,1,0,14,0,1769406742,2026-01-26 00:53:27
66de2707-0aca-11e7-82f6-3863bb44ef7c,11,3,8,36,0,1769406742,2026-01-26 00:53:27
1814907423052790164,17,0,17,3,0,1769406743,2026-01-26 00:53:27
1880643645302280466,21,21,0,9,0,1769406740,2026-01-26 00:53:27
66dd45c7-0aca-11e7-82f6-3863bb44ef7c,19,14,5,7,0,1769406760,2026-01-26 00:53:27
ff745407-c087-4c0d-a965-98baf078f292,19,18,1,3,0,1769406760,2026-01-26 00:53:27
56b3ca32-104a-4920-a879-a97a820858c4,18,0,18,7,0,1769406760,2026-01-26 00:53:27
7d5fa1f0-4069-4d5d-b735-5d500597394a,40,25,15,7,0,1769406760,2026-01-26 00:53:27
c2d549f8-f54c-4a0d-9ecd-6e6f79118279,12,4,8,10,0,1769406760,2026-01-26 00:53:27
74723006-b32f-4590-8cc7-f15eec3808fe,18,14,4,9,0,1769406760,2026-01-26 00:53:27
32cc1603-a4b5-4099-b7bf-681de451b04a,23,3,20,21,0,1769406757,2026-01-26 00:53:27
29ced315-14b5-4edc-bef2-665316dfe3dd,39,32,7,0,0,1769406758,2026-01-26 00:53:27
c3189056-8eda-4278-891f-e8e15c2d759a,15,0,15,10,0,1769406758,2026-01-26 00:53:27
1826348248869574940,5,0,5,22,0,1769406758,2026-01-26 00:53:27
1786697771181570266,37,5,32,5,0,1769406758,2026-01-26 00:53:27
ebae0b66-e463-4ded-9b7a-43c0aca9b37a,13,3,10,6,0,1769406758,2026-01-26 00:53:27
f3782e27-c49a-4ee9-b188-0c13cad54688,2,0,2,16,0,1769406756,2026-01-26 00:53:27
24509e46-a0de-47e8-ba40-9441da68952a,1,1,0,17,0,1769406757,2026-01-26 00:53:27
26b3a82b-3487-44c2-85f1-eddb5a8a3a9d,18,0,18,2,0,1769406757,2026-01-26 00:53:27
d8778570-f7f2-458d-82f5-9ad39210a501,37,28,9,9,0,1769406757,2026-01-26 00:53:27
66ddb66e-0aca-11e7-82f6-3863bb44ef7c,9,4,5,19,0,1769406756,2026-01-26 00:53:27
1962547377975794462,19,8,11,3,0,1769406756,2026-01-26 00:53:27
26cae473-0e59-4af7-bad5-bb6fec85c8bc,3,0,3,18,0,1769406759,2026-01-26 00:53:27
b0bac4ef-bb57-4598-a433-75c281170d5b,9,1,8,11,0,1769406759,2026-01-26 00:53:27
bcb08532-f0d5-4c0e-ad8a-4ddacc204791,6,4,2,10,0,1769406758,2026-01-26 00:53:27
84a7baff-415b-4ab9-a859-74c2801483ce,8,5,3,10,0,1769406758,2026-01-26 00:53:27
66db93a1-0aca-11e7-82f6-3863bb44ef7c,5,1,4,28,0,1769406755,2026-01-26 00:53:27
d470e82e-d109-4e2e-b66a-f5e944cbfe97,17,4,13,1,0,1769406758,2026-01-26 00:53:27
2100948436010992354,10,9,1,5,0,1769406759,2026-01-26 00:53:27
c2bb1874-bcb7-47c5-aa7d-05423b9087e8,1,1,0,18,0,1769406759,2026-01-26 00:53:27
cd2d9dab-7708-4685-a56f-9412c738de7e,17,0,17,6,0,1769406761,2026-01-26 00:53:27
1960020234227886806,4,4,0,45,0,1769406762,2026-01-26 00:53:27
66de17f7-0aca-11e7-82f6-3863bb44ef7c,4,3,1,34,0,1769406762,2026-01-26 00:53:27
2124381939991318658,4,3,1,8,0,1769406762,2026-01-26 00:53:27
162d5859-b735-4ff7-9613-01b21f22c1cd,29,17,12,4,0,1769406762,2026-01-26 00:53:27
2126623765785393224,5,3,2,13,0,1769406762,2026-01-26 00:53:27
faf98f78-51ab-4248-b7e7-f402902385a6,4,2,2,14,0,1769406762,2026-01-26 00:53:27
2124035976827702128,2,1,1,12,0,1769406760,2026-01-26 00:53:27
66de6346-0aca-11e7-82f6-3863bb44ef7c,15,1,14,14,0,1769406761,2026-01-26 00:53:27
b96507c5-7c90-499d-9c45-58f25d6f636a,2,1,1,15,0,1769406763,2026-01-26 00:53:27
b35ba3c0-d3e8-4b1a-b63b-73a7bb518c9e,6,4,2,11,0,1769406763,2026-01-26 00:53:27
81a98b0b-cfd6-48b4-90bd-806ebbc264a0,10,2,8,8,0,1769406763,2026-01-26 00:53:27
9635affa-8b18-42d5-84c4-7f67ad5ef9d0,3,1,2,10,0,1769406764,2026-01-26 00:53:27
640a9a95-194f-42f5-8d88-1df67129f388,12,5,7,8,0,1769406763,2026-01-26 00:53:27
fda18503-7488-4b91-b74c-949a90401e83,8,2,6,10,0,1769406764,2026-01-26 00:53:27
66dea7b5-0aca-11e7-82f6-3863bb44ef7c,6,3,3,33,0,1769406764,2026-01-26 00:53:27
c71cca54-17f6-42bc-ba94-3f5bd9c70197,36,0,36,7,0,1769406764,2026-01-26 00:53:27
66dc2c78-0aca-11e7-82f6-3863bb44ef7c,13,5,8,69,0,1769406765,2026-01-26 00:53:27
66dcc0b2-0aca-11e7-82f6-3863bb44ef7c,13,6,7,9,0,1769406765,2026-01-26 00:53:27
66de25bd-0aca-11e7-82f6-3863bb44ef7c,68,1,67,3,0,1769406764,2026-01-26 00:53:27
62f8f806-bd04-4282-9c5d-ad4293644e3c,9,2,7,10,0,1769406761,2026-01-26 00:53:27
66dd3d7f-0aca-11e7-82f6-3863bb44ef7c,13,10,3,18,0,1769406760,2026-01-26 00:53:27
bf880f45-422c-4e0b-b3b0-2b1f5ba94da4,5,3,2,13,0,1769406761,2026-01-26 00:53:27
66dc1d80-0aca-11e7-82f6-3863bb44ef7c,6,3,3,31,0,1769406765,2026-01-26 00:53:27
69f84045-48f9-4c6c-90d3-0503e5ed39e9,2,2,0,17,0,1769406766,2026-01-26 00:53:27
1804892772559499512,17,3,14,15,0,1769406766,2026-01-26 00:53:27
f9ed9a6b-097e-48b9-a9d1-79d084dcd2d9,2,0,2,14,0,1769406766,2026-01-26 00:53:27
7f4753d7-8d58-48bd-a881-de5bff08b27d,3,1,2,23,0,1769406766,2026-01-26 00:53:27
a2ef8ed2-6031-4049-b7dc-9838ef39889b,12,0,12,6,0,1769406765,2026-01-26 00:53:27
053312f2-e77e-4674-b28b-ad357fbcb4ee,24,20,4,38,0,1769406765,2026-01-26 00:53:27
66dc0f8a-0aca-11e7-82f6-3863bb44ef7c,37,11,26,14,0,1769406765,2026-01-26 00:53:27
2126622241630343402,11,8,3,7,0,1769406720,2026-01-26 00:53:27
5526b855-dc09-4159-a20a-99651861a481,18,18,0,7,0,1769406764,2026-01-26 00:53:27
6542d952-ca19-410e-9290-ee6b7a6e14cf,0,0,0,20,0,1769406766,2026-01-26 00:53:27
66dd1d0f-0aca-11e7-82f6-3863bb44ef7c,21,15,6,10,0,1769406766,2026-01-26 00:53:27
44c23eaa-7ddf-40b3-8373-6f3880c5e1b1,5,4,1,14,0,1769406766,2026-01-26 00:53:27
66db447a-0aca-11e7-82f6-3863bb44ef7c,45,28,17,1,0,1769406766,2026-01-26 00:53:27
66dbcd6c-0aca-11e7-82f6-3863bb44ef7c,6,5,1,26,0,1769406766,2026-01-26 00:53:27
2124425439157234232,5,3,2,8,0,1769406766,2026-01-26 00:53:27
a3d72b5b-9587-4f33-9722-c01e20a9b358,0,0,0,26,0,1769388341,2026-01-26 00:53:27
66dd9fa6-0aca-11e7-82f6-3863bb44ef7c,12,10,2,48,0,1769406767,2026-01-26 00:53:27
837b7db3-55c6-4595-a497-834972631752,3,3,0,12,0,1769406767,2026-01-26 00:53:27
ed279ef2-52ee-4ff2-9a52-edd8137ea034,7,2,4,18,0,1769406770,2026-01-26 00:53:27
2104286315955915532,4,3,1,63,0,1769406771,2026-01-26 00:53:27
66de85d2-0aca-11e7-82f6-3863bb44ef7c,21,16,5,19,0,1769406771,2026-01-26 00:53:27
0dd71c6d-11ee-4ad4-ba99-36b9ad36112c,15,9,6,6,0,1769406771,2026-01-26 00:53:27
0b613329-b8c8-4b8c-ad40-79952aa41157,7,4,3,17,0,1769406768,2026-01-26 00:53:27
0630217a-3913-47d9-9540-cf85688296a5,1,1,0,15,0,1769406770,2026-01-26 00:53:27
1871698348432996504,9,3,6,14,0,1769406770,2026-01-26 00:53:27
dccaeeb5-c53a-4f48-80e6-05675b71a8c8,21,5,16,8,0,1769406768,2026-01-26 00:53:27
5f63411c-91ce-4788-a567-d388cc812a15,3,0,3,26,0,1769406768,2026-01-26 00:53:27
481624f3-9377-4dfd-a5dd-de05a7fef760,3,0,3,16,0,1769406768,2026-01-26 00:53:27
1888015107269225164,14,13,1,23,0,1769406768,2026-01-26 00:53:27
66dced76-0aca-11e7-82f6-3863bb44ef7c,6,2,4,19,0,1769406769,2026-01-26 00:53:27
7f402242-dc1b-4a48-ba21-58c4fa7216b4,17,6,11,0,0,1769406769,2026-01-26 00:53:27
37a37e5b-f975-4f92-a897-dca8e4670631,5,5,0,11,0,1769406767,2026-01-26 00:53:27
1848241684520917882,9,2,7,2,0,1769406769,2026-01-26 00:53:27
2126224996973581072,5,3,2,4,0,1769406767,2026-01-26 00:53:27
7938263e-e5b8-4ca7-b8bf-1adbaae5fead,12,3,9,14,0,1769406771,2026-01-26 00:53:27
66de0d91-0aca-11e7-82f6-3863bb44ef7c,26,1,25,0,0,1769406772,2026-01-26 00:53:27
18415ea7-efce-408d-bcb9-4693fb088dda,27,21,6,4,0,1769406772,2026-01-26 00:53:27
b442a648-e9f4-4893-951a-64d258bc0e55,3,3,0,25,0,1769406772,2026-01-26 00:53:27
66dba303-0aca-11e7-82f6-3863bb44ef7c,9,0,9,4,0,1769406774,2026-01-26 00:53:27
19b61564-7629-41b4-80c8-1756135a5442,2,1,1,15,0,1769406774,2026-01-26 00:53:27
1d32e684-602b-46b6-8c96-ab47b57a03f3,1,1,0,21,0,1769406774,2026-01-26 00:53:27
66de205d-0aca-11e7-82f6-3863bb44ef7c,14,13,1,10,0,1769406773,2026-01-26 00:53:27
66dd46a2-0aca-11e7-82f6-3863bb44ef7c,12,2,10,33,0,1769406773,2026-01-26 00:53:27
66db2a71-0aca-11e7-82f6-3863bb44ef7c,40,13,27,1,0,1769406773,2026-01-26 00:53:27
59df3823-0369-4a10-8132-05df34a170af,24,4,20,20,0,1769406773,2026-01-26 00:53:27
ffae66ec-7c16-436f-bd0a-eedf81d580e7,7,4,3,13,0,1769406774,2026-01-26 00:53:27
1862002854876824190,6,0,6,14,0,1769406774,2026-01-26 00:53:27
4c03fa2d-89da-4f0b-8f19-c7de5edbe256,16,0,16,7,0,1769406775,2026-01-26 00:53:27
26217b73-7bb5-46e6-8094-1db05becd617,18,17,1,7,0,1769406775,2026-01-26 00:53:27
bfe5e69d-89ff-48b3-bf20-80cbdfa443e0,17,8,9,35,0,1769406775,2026-01-26 00:53:27
e9575102-1081-4c30-8d15-ea95913579e2,3,3,0,13,0,1769406775,2026-01-26 00:53:27
66db3687-0aca-11e7-82f6-3863bb44ef7c,13,10,3,23,0,1769406775,2026-01-26 00:53:27
1950648049868542106,9,4,5,15,0,1769406775,2026-01-26 00:53:27
66dc3e89-0aca-11e7-82f6-3863bb44ef7c,6,1,5,57,0,1769406775,2026-01-26 00:53:27
66db41bf-0aca-11e7-82f6-3863bb44ef7c,32,16,16,1,0,1769406775,2026-01-26 00:53:27
754ac5df-f2b5-4636-8c58-ed84ea262bde,4,4,0,16,0,1769406775,2026-01-26 00:53:27
6969d756-33a6-4a0b-83d0-3db38bc382d1,25,2,23,4,0,1769406772,2026-01-26 00:53:27
f681f980-185d-45b9-8490-bb2606624dd4,1,1,0,16,0,1769406772,2026-01-26 00:53:27
0138452a-b9f4-4aee-80b0-7fae9a122ffe,3,2,1,36,0,1769406772,2026-01-26 00:53:27
ad57266c-34da-43da-8b48-2ba856002fbf,11,0,11,15,0,1769406772,2026-01-26 00:53:27
1854538962214948918,17,1,16,0,0,1769406714,2026-01-26 00:53:27
66de4bbb-0aca-11e7-82f6-3863bb44ef7c,11,1,10,10,0,1769406714,2026-01-26 00:53:27
1840540852548303628,1,0,1,17,0,1769406714,2026-01-26 00:53:27
44fa161f-eb62-459b-b53e-da83788cfa2a,0,0,0,26,0,1769406714,2026-01-26 00:53:27
1860189650739626488,2,2,0,17,0,1769406714,2026-01-26 00:53:27
0fde06c2-632c-46a9-8866-f4e855604f74,21,13,8,44,0,1769406715,2026-01-26 00:53:27
66de63cd-0aca-11e7-82f6-3863bb44ef7c,13,2,11,5,0,1769406718,2026-01-26 00:53:27
493850bd-125b-49f5-932b-bf999504fb06,1,0,1,17,0,1769406718,2026-01-26 00:53:27
22ab59a8-0af4-4101-9350-a7af88e37c2e,9,0,9,10,0,1769406718,2026-01-26 00:53:27
1862008939006380034,9,3,6,9,0,1769406719,2026-01-26 00:53:27
475c44e1-31e3-4c60-b071-af2ca3f7618c,2,2,0,17,0,1769406719,2026-01-26 00:53:27
0de1f95f-8b1b-4e5e-9eff-73c63265b0ab,18,8,10,9,0,1769406715,2026-01-26 00:53:27
1786700154621508184,10,3,7,18,0,1769406715,2026-01-26 00:53:27
4f814d78-5d8d-458b-877e-2ca449b865be,1,0,1,19,0,1769406716,2026-01-26 00:53:27
66db9e99-0aca-11e7-82f6-3863bb44ef7c,3,3,0,15,0,1769406716,2026-01-26 00:53:27
498d7e8e-5164-4f26-9ce6-399947d73b1a,13,7,6,1,0,1769406716,2026-01-26 00:53:27
2124036103510616644,2,1,1,8,0,1769406678,2026-01-26 00:53:27
66db6963-0aca-11e7-82f6-3863bb44ef7c,54,12,42,19,0,1769406717,2026-01-26 00:53:27
63a838a8-9acf-4ba1-91f5-c676f6ef2f7d,10,0,10,9,0,1769406715,2026-01-26 00:53:27
66880044-5411-4143-af39-eaa0a0fd0528,14,7,7,14,0,1769406718,2026-01-26 00:53:27
5145ad1c-241f-4448-a742-739bd5c518c2,6,2,4,10,0,1769406718,2026-01-26 00:53:27
2137775326353803668,13,1,12,2,0,1769406681,2026-01-26 00:53:27
1860189327773878824,16,2,14,8,0,1769406719,2026-01-26 00:53:27
d89dc10f-9be3-45a5-9c3c-06c04c963436,16,1,15,1,0,1769406717,2026-01-26 00:53:27
7a1ad7c0-4958-4354-91a1-11bf13348abd,12,0,12,6,0,1769406731,2026-01-26 00:53:27
2124426307973079924,2,0,2,8,0,1769406713,2026-01-26 00:53:27
e9b3a725-6963-4151-8f7f-9beeb51fa20f,2,2,0,13,0,1769406732,2026-01-26 00:53:27
1975518133370609774,65,60,5,34,0,1769406732,2026-01-26 00:53:27
f523c481-ba41-44ba-96e1-0c431fbea558,8,6,2,15,0,1769406728,2026-01-26 00:53:27
1814907590556515014,16,3,13,4,0,1769406729,2026-01-26 00:53:27
1927314940904608224,5,1,4,19,0,1769406728,2026-01-26 00:53:27
98ebf9c6-1d94-4e21-9007-c623875fdb5e,12,1,11,4,0,1769406729,2026-01-26 00:53:27
1814901062206225038,7,0,7,12,0,1769406729,2026-01-26 00:53:27
78aabb95-6195-4aa7-ab0d-5748eeb26bd1,21,11,10,8,0,1769406730,2026-01-26 00:53:27
66dd5407-0aca-11e7-82f6-3863bb44ef7c,12,6,6,65,0,1769406730,2026-01-26 00:53:27
ca5cc034-a95d-446e-8314-6691589886b1,15,13,2,2,0,1769406731,2026-01-26 00:53:27
4d24ab76-2f4a-4004-9fc5-09c00c1d9aa4,25,2,23,3,0,1769406729,2026-01-26 00:53:27
e35c42c6-8b73-4528-b08d-c94b75624b40,11,1,10,9,0,1769406729,2026-01-26 00:53:27
66dd4d70-0aca-11e7-82f6-3863bb44ef7c,8,7,1,27,0,1769406729,2026-01-26 00:53:27
77e31650-e86a-4b06-b2de-b92df2a7a7f5,27,8,19,1,0,1769406730,2026-01-26 00:53:27
563389a0-d90f-4155-9c50-528459df26aa,12,4,8,10,0,1769406730,2026-01-26 00:53:27
581bc4fe-cf14-4767-8377-6fa156ff8a29,8,4,4,10,0,1769406727,2026-01-26 00:53:27
66de19ab-0aca-11e7-82f6-3863bb44ef7c,6,6,0,24,0,1769406727,2026-01-26 00:53:27
66dbee85-0aca-11e7-82f6-3863bb44ef7c,13,6,7,61,0,1769406727,2026-01-26 00:53:27
4e747443-d481-4aea-a6d1-cf20204af4ba,15,2,13,4,0,1769406728,2026-01-26 00:53:27
1859438049977968878,19,4,15,8,0,1769406728,2026-01-26 00:53:27
53ef19c6-eaa7-47f7-807e-f51b574b1be0,10,0,10,7,0,1769406732,2026-01-26 00:53:27
d040a7b3-85b5-4c0d-9c92-3f4ad0082143,3,2,1,27,0,1769406732,2026-01-26 00:53:27
b4a320d6-2611-4940-96ca-17fb297ec826,11,0,11,6,0,1769406733,2026-01-26 00:53:27
1b038e21-e199-4c47-bef0-f4bcdc06b73b,25,25,0,18,0,1769406731,2026-01-26 00:53:27
5a24acbb-94ef-4cb5-9db8-f6073ac26a2b,3,3,0,17,0,1769406730,2026-01-26 00:53:27
645e4365-653f-48ce-bc15-5fcc287be56f,7,3,4,58,0,1769406730,2026-01-26 00:53:27
1822663031356509142,11,1,10,8,0,1769406724,2026-01-26 00:53:27
1840504138040045682,9,0,9,11,0,1769406724,2026-01-26 00:53:27
99614ecb-2329-49fa-a13a-fa1ef2bb32d6,5,1,4,13,0,1769406724,2026-01-26 00:53:27
66dc3ab9-0aca-11e7-82f6-3863bb44ef7c,47,38,9,14,0,1769406724,2026-01-26 00:53:27
3e1bdcec-e762-4e83-b447-007f05923cce,6,5,1,15,0,1769406724,2026-01-26 00:53:27
d45b62b9-7d6b-43b2-bf1e-2c898c55dfd2,4,2,2,11,0,1769406721,2026-01-26 00:53:27
1838071008881986168,11,1,10,14,0,1769406722,2026-01-26 00:53:27
1869743938848725856,82,58,24,0,0,1769406722,2026-01-26 00:53:27
655ad2f2-6bcc-4eee-95a9-4f528c0b81cd,6,1,5,8,0,1769406722,2026-01-26 00:53:27
66dd515d-0aca-11e7-82f6-3863bb44ef7c,6,5,1,15,0,1769406722,2026-01-26 00:53:27
66dc17df-0aca-11e7-82f6-3863bb44ef7c,11,2,9,19,0,1769406723,2026-01-26 00:53:27
1828968883163894358,11,0,11,9,0,1769406723,2026-01-26 00:53:27
66ddeaff-0aca-11e7-82f6-3863bb44ef7c,8,3,5,19,0,1769406723,2026-01-26 00:53:27
a2cf5872-bd4c-4311-832e-d62fd779ecc3,9,0,9,13,0,1769406723,2026-01-26 00:53:27
2124036994734951288,5,0,5,2,0,1769406723,2026-01-26 00:53:27
47da6ab2-c841-4f2d-97ef-dd8d441c96b1,1,1,0,16,0,1769406723,2026-01-26 00:53:27
1b00fb53-da32-4b14-9a9a-84a391c8951c,5,5,0,21,0,1769406721,2026-01-26 00:53:27
f62526d4-9c6a-4c76-be76-c64b5be669d2,2,1,1,19,0,1769406720,2026-01-26 00:53:27
38af3d1a-9916-46cf-b22e-86fc8648bf30,13,2,11,7,0,1769406725,2026-01-26 00:53:27
0f45bcf6-7028-4584-a51e-4129847dbebc,24,16,8,13,0,1769406725,2026-01-26 00:53:27
66dd17a5-0aca-11e7-82f6-3863bb44ef7c,27,15,12,18,0,1769406725,2026-01-26 00:53:27
90b141b9-c39f-4a26-a32d-08c7d1474d52,1,1,0,16,0,1769406725,2026-01-26 00:53:27
33840944-aa92-4d91-9de8-d29e5cd0b2d9,11,0,11,18,0,1769406725,2026-01-26 00:53:27
66ddec3e-0aca-11e7-82f6-3863bb44ef7c,5,4,1,15,0,1769406726,2026-01-26 00:53:27
6b60bf55-3da4-439a-bde1-fc80be8623ba,6,5,1,16,0,1769406727,2026-01-26 00:53:27
b371c432-b682-412f-9b85-8df84ce7a9f3,6,0,6,14,0,1769406724,2026-01-26 00:53:27
83a5d761-57d0-4cd6-aa2b-7eb350120d99,2,1,1,16,0,1769406725,2026-01-26 00:53:27
8d650b03-920d-4d44-a48f-8d9a1a0ba264,18,8,10,2,0,1769406725,2026-01-26 00:53:27
66de13dc-0aca-11e7-82f6-3863bb44ef7c,0,0,0,0,0,1769406721,2026-01-26 00:53:27
66dd26f9-0aca-11e7-82f6-3863bb44ef7c,20,5,15,11,0,1769406726,2026-01-26 00:53:27
66dc7773-0aca-11e7-82f6-3863bb44ef7c,22,16,6,22,0,1769406722,2026-01-26 00:53:27
c190f78c-77ad-469e-aecc-e2af7bb6d92a,20,2,18,0,0,1769406733,2026-01-26 00:53:27
4568f854-1268-45cf-bac8-82286ef40ae6,13,2,11,8,0,1769406733,2026-01-26 00:53:27
cb9840a3-4ae2-420d-865c-9ac45e2f5485,11,7,4,4,0,1769406733,2026-01-26 00:53:27
e152a2e1-c510-404e-a100-24246bb6cc95,5,2,3,11,0,1769406733,2026-01-26 00:53:27
1917312704757770810,13,9,4,25,0,1769406733,2026-01-26 00:53:27
1862788202397235246,0,0,0,0,0,1769385032,2026-01-26 00:53:27
2c8b263e-952c-4941-a671-ef0ebb062632,18,2,16,1,0,1769406735,2026-01-26 00:53:27
66dc292c-0aca-11e7-82f6-3863bb44ef7c,14,12,2,33,0,1769406734,2026-01-26 00:53:27
66dbe68e-0aca-11e7-82f6-3863bb44ef7c,47,38,9,6,0,1769406735,2026-01-26 00:53:27
1898751402035634700,9,1,8,8,0,1769406735,2026-01-26 00:53:27
324e93c8-4f3d-4a5f-becd-00e6f49fe4dd,13,0,13,6,0,1769406735,2026-01-26 00:53:27
66de2199-0aca-11e7-82f6-3863bb44ef7c,16,2,14,11,0,1769406736,2026-01-26 00:53:27
66dc6a86-0aca-11e7-82f6-3863bb44ef7c,7,6,1,68,0,1769406737,2026-01-26 00:53:27
eb217a2c-1dd0-4690-a34e-ecc1a708f883,2,1,1,17,0,1769406737,2026-01-26 00:53:27
2124426077519611940,1,0,1,13,0,1769406737,2026-01-26 00:53:27
8aad788d-c7eb-4fca-a426-c39f47741a6f,23,6,17,1,0,1769406736,2026-01-26 00:53:27
66db9c2e-0aca-11e7-82f6-3863bb44ef7c,13,4,9,28,0,1769406736,2026-01-26 00:53:27
d265dbc7-ef55-4f5b-8a2b-f2015dc71fb8,16,1,15,8,0,1769406737,2026-01-26 00:53:27
1dacb0f6-29f5-4d1b-b910-92ffa5b4ca5d,13,0,13,26,0,1769406737,2026-01-26 00:53:27
f3140fb8-347b-4dca-96df-eeef2d1bfc50,6,1,5,9,0,1769406736,2026-01-26 00:53:27
493e046c-5d62-4772-90c4-b6a9f4afcd39,6,2,4,10,0,1769406736,2026-01-26 00:53:27
180b83a0-329c-4069-87be-df862cb1baed,18,14,4,0,0,1769406736,2026-01-26 00:53:27
66db76a1-0aca-11e7-82f6-3863bb44ef7c,13,1,12,80,0,1769406734,2026-01-26 00:53:27
f34ea09d-32f9-492c-9124-99059bc0b5dd,13,0,13,6,0,1769406735,2026-01-26 00:53:27
457ea5d7-d643-4028-87db-46dee0b81555,17,10,7,8,0,1769406745,2026-01-26 00:53:27
16e70b05-5b73-4930-9dcf-f79e5ce9eaf5,16,1,15,7,0,1769406746,2026-01-26 00:53:27
d11b9869-8964-4b79-aafc-4b60ad1b44c4,20,19,1,0,0,1769406746,2026-01-26 00:53:27
1828965172312150882,11,2,9,10,0,1769406748,2026-01-26 00:53:27
66dd217d-0aca-11e7-82f6-3863bb44ef7c,4,3,1,20,0,1769406748,2026-01-26 00:53:27
06439006-11b6-44f0-8545-c9d39035f32a,64,60,4,13,0,1769406748,2026-01-26 00:53:27
1846085439406916338,7,3,4,15,0,1769406748,2026-01-26 00:53:27
55a4dc76-d839-4e06-9bf4-2f343391343c,3,1,2,16,0,1769406748,2026-01-26 00:53:27
66dce8db-0aca-11e7-82f6-3863bb44ef7c,24,9,15,13,0,1769406748,2026-01-26 00:53:27
59af018a-2ee9-489a-b445-bb6fba9c1119,3,0,3,10,0,1769406744,2026-01-26 00:53:27
1869753057823626206,11,1,10,14,0,1769406744,2026-01-26 00:53:27
bacfe3c2-7946-45ed-91f9-f5b91791de75,3,0,3,25,0,1769406744,2026-01-26 00:53:27
66dbe15d-0aca-11e7-82f6-3863bb44ef7c,6,5,1,19,0,1769406745,2026-01-26 00:53:27
19d17911-1e4a-41fa-b62b-719aa0a6182e,0,0,0,8,0,1769343541,2026-01-26 00:53:27
1096fc76-794e-4343-8eb0-0dd6c9a48266,3,2,1,13,0,1769406743,2026-01-26 00:53:27
1846085734612252774,2,0,2,20,0,1769406743,2026-01-26 00:53:27
66dc80b4-0aca-11e7-82f6-3863bb44ef7c,8,4,4,51,0,1769406743,2026-01-26 00:53:27
6fab98b7-b06a-49d8-a4d1-087ffce0ebcf,2,2,0,16,0,1769406744,2026-01-26 00:53:27
8a89684b-40a5-49fe-b75d-fdf32ffa8102,17,2,15,0,0,1769406744,2026-01-26 00:53:27
66de0a78-0aca-11e7-82f6-3863bb44ef7c,16,0,16,3,0,1769406744,2026-01-26 00:53:27
499e10ad-c008-461e-8cf7-20757218a9cc,1,1,0,20,0,1769406744,2026-01-26 00:53:27
54df610f-0e47-4958-98ca-37bb1b1c4dca,6,5,1,16,0,1769406747,2026-01-26 00:53:27
3f05490b-a3d8-4d15-bd25-0212555b5dff,17,1,16,2,0,1769406747,2026-01-26 00:53:27
66dbc37a-0aca-11e7-82f6-3863bb44ef7c,7,5,2,48,0,1769406747,2026-01-26 00:53:27
7aa86431-bbc5-4d9c-8198-9630c9d32a22,7,1,6,12,0,1769406747,2026-01-26 00:53:27
66dc7ba2-0aca-11e7-82f6-3863bb44ef7c,14,5,9,13,0,1769406748,2026-01-26 00:53:27
292ad4f3-9fb0-44ec-9e61-613c711f73c1,2,1,1,19,0,1769406748,2026-01-26 00:53:27
20ff5447-eac3-43b7-820f-f6fa3a2e12a8,11,3,8,10,0,1769406745,2026-01-26 00:53:27
d5cabb43-6c78-4022-964e-a8b02470509e,13,1,12,9,0,1769406753,2026-01-26 00:53:27
1815967442754883940,26,0,26,4,0,1769406753,2026-01-26 00:53:27
901ad0c4-383e-490a-8b54-0656ce2358d6,2,0,2,15,0,1769406753,2026-01-26 00:53:27
1851254468343716806,17,2,15,1,0,1769406753,2026-01-26 00:53:27
61f2ffd4-159a-42b3-a4d9-3fdfc3349074,2,0,2,18,0,1769406754,2026-01-26 00:53:27
66db408f-0aca-11e7-82f6-3863bb44ef7c,33,5,28,5,0,1769406754,2026-01-26 00:53:27
807e9f5a-49b6-4b7e-847b-4a60cff330ed,3,2,1,15,0,1769406754,2026-01-26 00:53:27
42c3bb6e-0478-4e4a-af10-151f5f4dffb9,14,3,11,5,0,1769406755,2026-01-26 00:53:27
8caf71df-76c3-43fb-be98-d555d2291460,9,9,0,14,0,1769406754,2026-01-26 00:53:27
1849009654626746672,12,0,12,3,0,1769406755,2026-01-26 00:53:27
576abdc1-986e-48b0-bde2-051a13d3ff59,11,7,4,9,0,1769406755,2026-01-26 00:53:27
66dd056e-0aca-11e7-82f6-3863bb44ef7c,10,3,7,4,0,1769406755,2026-01-26 00:53:27
f8c242cd-da59-4f0e-afd6-832bbdd7d328,12,3,9,4,0,1769406749,2026-01-26 00:53:27
af72ab76-c6cb-4994-af96-51fa8846ecdc,1,0,1,18,0,1769406750,2026-01-26 00:53:27
29a41b09-698f-43e2-82ff-f94f73e74841,16,1,15,2,0,1769406750,2026-01-26 00:53:27
66dd2060-0aca-11e7-82f6-3863bb44ef7c,25,9,16,22,0,1769406750,2026-01-26 00:53:27
1934749166596673908,31,10,21,10,0,1769406750,2026-01-26 00:53:27
abc1311e-e000-4211-af9e-0cf92242711e,1,0,1,20,0,1769406752,2026-01-26 00:53:27
2171919049376995084,2,2,0,31,0,1769406752,2026-01-26 00:53:27
66de2274-0aca-11e7-82f6-3863bb44ef7c,12,6,6,9,0,1769406752,2026-01-26 00:53:27
ca843847-923a-40b7-80ca-c1c3fff6e818,0,0,0,18,0,1769406752,2026-01-26 00:53:27
66dc1687-0aca-11e7-82f6-3863bb44ef7c,9,6,3,1,0,1769406751,2026-01-26 00:53:27
64f0f28c-bedc-42d5-b107-ecdd48fc30cd,0,0,0,79,0,1769336792,2026-01-26 00:53:27
1851674198082642572,19,2,17,1,0,1769406751,2026-01-26 00:53:27
1bb1af93-b433-4da7-8054-009c85f7755a,4,1,3,15,0,1769406751,2026-01-26 00:53:27
1835246937517543544,13,2,11,6,0,1769406751,2026-01-26 00:53:27
66dbe571-0aca-11e7-82f6-3863bb44ef7c,33,14,19,18,0,1769406751,2026-01-26 00:53:27
66de0861-0aca-11e7-82f6-3863bb44ef7c,17,16,1,8,0,1769406750,2026-01-26 00:53:27
bc5235a5-7f10-4a27-806e-9c25fa700959,9,1,8,27,0,1769406775,2026-01-26 00:53:27
81bec993-29a5-4e70-8f60-eecdf16c7be4,19,11,8,10,0,1769406776,2026-01-26 00:53:27
c00ef46d-fcde-48e2-afbd-0fb595fe3fa7,24,12,11,3,0,1769406776,2026-01-26 00:53:27
1f8f6714-42a7-45d5-86cd-a093c940b2c9,2,2,0,22,0,1769406776,2026-01-26 00:53:27
6fb81fda-f0b5-4242-90f9-88d0214feb8d,1,0,1,17,0,1769406776,2026-01-26 00:53:27
66dd4ccc-0aca-11e7-82f6-3863bb44ef7c,25,18,7,21,0,1769406777,2026-01-26 00:53:27
66dc8db1-0aca-11e7-82f6-3863bb44ef7c,46,4,42,8,0,1769406777,2026-01-26 00:53:27
595cf79f-7783-4373-b3d5-775bcf76033b,0,0,0,17,0,1769406777,2026-01-26 00:53:27
2138075988152462096,12,0,12,4,0,1769406776,2026-01-26 00:53:27
66dc8a3d-0aca-11e7-82f6-3863bb44ef7c,21,1,20,50,0,1769406777,2026-01-26 00:53:27
3eb10c63-ea4c-4161-b07d-a29034f7367a,7,1,6,8,0,1769406777,2026-01-26 00:53:27
943a1a27-1328-4823-8945-28d845280383,21,19,2,1,0,1769406777,2026-01-26 00:53:27
66dc840f-0aca-11e7-82f6-3863bb44ef7c,20,12,8,37,0,1769406777,2026-01-26 00:53:27
e85c3165-ad0a-44a3-9683-d8cf7575f465,16,5,11,11,0,1769406777,2026-01-26 00:53:27
2124037250266884686,8,2,6,1,0,1769406712,2026-01-26 00:53:27
1831178352265562334,13,2,11,12,0,1769406778,2026-01-26 00:53:27
66dd1d9c-0aca-11e7-82f6-3863bb44ef7c,24,4,20,3,0,1769406778,2026-01-26 00:53:27
f5393bc2-36d4-4508-bf51-fa48d121f751,16,4,12,9,0,1769406779,2026-01-26 00:53:27
66dbc420-0aca-11e7-82f6-3863bb44ef7c,29,12,17,21,0,1769406779,2026-01-26 00:53:27
cbf76774-1276-4cf8-9442-f00571f1451c,22,22,0,9,0,1769406779,2026-01-26 00:53:27
c7604869-5b55-40cf-812e-fc97901bdf14,35,12,23,2,0,1769406779,2026-01-26 00:53:27
2171903221356328154,0,0,0,0,0,86400,2026-01-26 00:53:27
2171903733697659376,0,0,0,0,0,86400,2026-01-26 00:53:27
2171903845366809074,0,0,0,0,0,86400,2026-01-26 00:53:27
d67375ea-3f93-4996-b0dc-f542341f2e6a,0,0,0,0,0,86400,2026-01-26 00:53:27
a93cb1ec-fb37-4faf-a7e7-d1e5a9e9af95,0,0,0,0,0,86400,2026-01-26 00:53:27
ab5c5ee6-9c4e-4aaa-a14e-d236d3e01d9a,0,0,0,0,0,86400,2026-01-26 00:53:27
32c60668-a192-4d06-aa7c-6d6f7aed6b45,0,0,0,0,0,86400,2026-01-26 00:53:27
fd0e86e3-079d-40aa-8231-ec2cbdbd9e7f,0,0,0,0,0,86400,2026-01-26 00:53:27
2177016792070807878,0,0,0,0,0,86400,2026-01-26 00:53:27
2177015593774932282,0,0,0,0,0,86400,2026-01-26 00:53:27
d2024260-cc58-451b-9417-3a695f8a1b34,0,0,0,0,0,1767211364,2026-01-26 00:53:27
1786375597504305174,32,15,17,11,0,1769406688,2026-01-26 00:53:27
66dc1d0c-0aca-11e7-82f6-3863bb44ef7c,17,17,0,9,0,1769406685,2026-01-26 00:53:27
1843486667668726558,19,0,19,2,0,1769406685,2026-01-26 00:53:27
1836581441921155232,6,5,1,13,0,1769406687,2026-01-26 00:53:27
c0a2d591-4eed-488b-b88b-0b23990e3756,17,2,15,3,0,1769406687,2026-01-26 00:53:27
1838070626762830158,4,2,2,15,0,1769406689,2026-01-26 00:53:27
66dd2786-0aca-11e7-82f6-3863bb44ef7c,20,3,17,3,0,1769406689,2026-01-26 00:53:27
15e1568b-f502-47a2-9d3d-b5aaa1edc239,18,17,1,3,0,1769406686,2026-01-26 00:53:27
2010065065442370322,1,1,0,26,0,1769406691,2026-01-26 00:53:27
66de59bd-0aca-11e7-82f6-3863bb44ef7c,18,1,17,2,0,1769406691,2026-01-26 00:53:27
ccaadb70-6c87-4ccc-9914-a3167bd1bc0e,6,1,5,25,0,1769406692,2026-01-26 00:53:27
81a34754-ae08-47a6-964d-4733849a8fab,1,1,0,27,0,1769406690,2026-01-26 00:53:27
5f7ac86c-1a98-4603-8749-4bb83ac84acd,0,0,0,17,0,1769382644,2026-01-26 00:53:27
66ddef96-0aca-11e7-82f6-3863bb44ef7c,0,0,0,9,0,1769351316,2026-01-26 00:53:27
0ebdda6a-37e4-4ff4-94e8-3947f49d8e24,7,5,2,13,0,1769406690,2026-01-26 00:53:27
92a51669-deec-45a9-8494-fafdf6356c51,15,0,15,17,0,1769406693,2026-01-26 00:53:27
4a4c7548-2466-48ef-8d7e-0aa4d6acb69e,2,2,0,15,0,1769406693,2026-01-26 00:53:27
66db7a0d-0aca-11e7-82f6-3863bb44ef7c,43,22,21,9,0,1769406694,2026-01-26 00:53:27
1814906873296976512,2,1,1,17,0,1769406694,2026-01-26 00:53:27
1860187430946456420,2,1,1,16,0,1769406695,2026-01-26 00:53:27
380394f7-64fa-4a65-a4d1-7bcaddd41fab,8,4,4,13,0,1769406695,2026-01-26 00:53:27
1975559886658995034,0,0,0,23,0,1769406693,2026-01-26 00:53:27
31f340f3-3201-449e-b017-a26813aa448f,3,3,0,17,0,1769406697,2026-01-26 00:53:27
6908ae75-b9a1-4f20-b192-95dc43e858a8,5,1,4,11,0,1769406697,2026-01-26 00:53:27
b03adb87-2bd9-43a5-a822-7d06a9ee2d81,23,1,22,5,0,1769406698,2026-01-26 00:53:27
66dcccfe-0aca-11e7-82f6-3863bb44ef7c,4,1,3,13,0,1769406701,2026-01-26 00:53:27
66db6da2-0aca-11e7-82f6-3863bb44ef7c,40,27,13,12,0,1769406701,2026-01-26 00:53:27
94771406-6712-4508-9392-11e9d90e1185,17,12,5,2,0,1769406701,2026-01-26 00:53:27
1820420224296772166,10,4,6,7,0,1769406701,2026-01-26 00:53:27
1828969726487003714,5,1,4,11,0,1769406699,2026-01-26 00:53:27
daefc84c-1b16-4220-8e1f-10ea4866fdc7,39,37,2,69,0,1769406699,2026-01-26 00:53:27
01b7973e-c92e-4fbe-890e-2c24de33ce0e,2,0,2,16,0,1769406699,2026-01-26 00:53:27
1786696564295760054,5,2,3,20,0,1769406700,2026-01-26 00:53:27
1860189190334925058,5,3,2,16,0,1769406696,2026-01-26 00:53:27
2007842506069575758,18,5,13,1,0,1769406696,2026-01-26 00:53:27
66db2e3a-0aca-11e7-82f6-3863bb44ef7c,28,17,11,26,0,1769406696,2026-01-26 00:53:27
b9c209b2-6284-4f5a-a32a-680ef9da1c1f,0,0,0,18,0,1769406696,2026-01-26 00:53:27
aa0e6301-4162-428d-8943-7b684089b0d1,8,1,7,10,0,1769406697,2026-01-26 00:53:27
1835249317786962140,0,0,0,26,0,1769406700,2026-01-26 00:53:27
0197e9da-ae03-40a7-8270-fe500bfc9e18,3,2,1,13,0,1769406696,2026-01-26 00:53:27
55ccb271-7035-422e-bee1-20e84caa0217,25,0,25,18,0,1769406706,2026-01-26 00:53:27
66dc741f-0aca-11e7-82f6-3863bb44ef7c,45,41,4,19,0,1769406706,2026-01-26 00:53:27
b30815c0-99b6-451b-be15-902992cb8abb,51,39,12,9,0,1769406706,2026-01-26 00:53:27
66dd3fc3-0aca-11e7-82f6-3863bb44ef7c,14,6,8,23,0,1769406703,2026-01-26 00:53:27
1817432233006383832,18,3,15,4,0,1769406704,2026-01-26 00:53:27
2868db5b-df51-4c36-8515-ef77a5b092c2,13,0,13,3,0,1769406703,2026-01-26 00:53:27
62e2b1dd-ca52-4e1c-a112-1d8846b9d9b5,14,3,11,2,0,1769406702,2026-01-26 00:53:27
8ef6ec7d-e898-4edc-8f3f-af888f8c5ef4,3,0,3,18,0,1769406702,2026-01-26 00:53:27
79399e32-a6c6-4732-8ad4-9f9140a86b21,10,5,5,11,0,1769406702,2026-01-26 00:53:27
1877653505745721834,3,2,1,16,0,1769406705,2026-01-26 00:53:27
bf317efc-13f1-42be-8243-373a29354033,3,1,2,22,0,1769406705,2026-01-26 00:53:27
f3b359e2-7983-4aaf-b6b0-e3b7d30816a4,15,4,11,3,0,1769406706,2026-01-26 00:53:27
1845677022981917240,11,0,11,8,0,1769406706,2026-01-26 00:53:27
a6a132f9-89bf-42a4-afe6-1ca449b7f570,12,9,3,6,0,1769406704,2026-01-26 00:53:27
c7ffe3fa-9cd6-4d35-9060-7d5822381442,8,5,3,67,0,1769406704,2026-01-26 00:53:27
4753c893-e4bd-4d6a-bc4d-42209a19ebeb,3,3,0,14,0,1769406704,2026-01-26 00:53:27
66de44ba-0aca-11e7-82f6-3863bb44ef7c,20,5,15,18,0,1769406704,2026-01-26 00:53:27
e6f3c665-0c87-4f34-a5e8-69baeed7b7bf,6,1,5,15,0,1769406704,2026-01-26 00:53:27
db91c9e0-d80b-4cb4-9cc2-9453ec8fbeac,4,1,3,14,0,1769406704,2026-01-26 00:53:27
1906951766876655628,1,1,0,26,0,1769406705,2026-01-26 00:53:27
66dce4fc-0aca-11e7-82f6-3863bb44ef7c,12,0,12,13,0,1769406705,2026-01-26 00:53:27
3299ff79-36aa-42ef-b7f1-c40e95c8f570,20,3,17,22,0,1769406705,2026-01-26 00:53:27
b9deb521-41b6-4f8a-ac78-0e58e3977f2c,11,5,6,15,0,1769406677,2026-01-26 00:53:27
c56739c2-b310-4d73-ab0e-b6036abd9561,22,4,18,3,0,1769406677,2026-01-26 00:53:27
7cb65297-c880-459a-b054-4e059576c02a,4,2,2,15,0,1769406673,2026-01-26 00:53:27
1876864480506022446,14,0,14,6,0,1769406674,2026-01-26 00:53:27
1786697528321024934,28,2,26,14,0,1769406678,2026-01-26 00:53:27
5eac53d0-5510-441a-9dbb-76bd38acf4ef,3,0,3,13,0,1769406678,2026-01-26 00:53:27
6a52ceae-3b97-487a-9438-de844bfbf1c2,9,9,0,9,0,1769406678,2026-01-26 00:53:27
b319c797-71ff-490c-b965-ba2ac0f50da0,1,1,0,17,0,1769406678,2026-01-26 00:53:27
66dde208-0aca-11e7-82f6-3863bb44ef7c,23,22,1,14,0,1769406676,2026-01-26 00:53:27
66dd43bd-0aca-11e7-82f6-3863bb44ef7c,7,7,0,37,0,1769406676,2026-01-26 00:53:27
66db79a3-0aca-11e7-82f6-3863bb44ef7c,0,0,0,1,0,1769378794,2026-01-26 00:53:27
8d2eff37-be09-4b46-a95d-abff89e16d56,9,1,8,9,0,1769406673,2026-01-26 00:53:27
2127386600787000162,0,0,0,25,0,1769406669,2026-01-26 00:53:27
ed5c92f1-3293-4385-9e2b-9b716a096a19,23,20,3,38,0,1769406669,2026-01-26 00:53:27
a76299eb-73f7-401c-aa8b-edff9ef003bd,5,0,5,32,0,1769406669,2026-01-26 00:53:27
1885718199416500650,9,0,9,12,0,1769406668,2026-01-26 00:53:27
c29c9178-bcb1-4c0c-b789-f4a89512a4e4,3,0,3,15,0,1769406669,2026-01-26 00:53:27
68827e5f-ed28-45de-99bf-66093a8c504f,2,1,1,18,0,1769406670,2026-01-26 00:53:27
66dd20eb-0aca-11e7-82f6-3863bb44ef7c,6,2,4,24,0,1769406671,2026-01-26 00:53:27
39f756c2-3904-463e-95a8-8d8e3540e845,46,18,28,16,0,1769406671,2026-01-26 00:53:27
c530a1cb-7c60-4651-be8a-9bfa5eb43f8a,14,5,9,15,0,1769406671,2026-01-26 00:53:27
b47e5ffd-4215-4476-a89b-ebe52111f763,0,0,0,2,0,1769358716,2026-01-26 00:53:27
b7d7543b-74ac-4a48-a3c4-412f9ffbc727,8,2,6,16,0,1769406668,2026-01-26 00:53:27
956de8aa-9e06-4efb-8eb0-35fe9b274a48,12,12,0,5,0,1769406672,2026-01-26 00:53:27
d9bc0b3e-1af8-4cb6-a082-8ef1245ef329,7,2,5,20,0,1769406672,2026-01-26 00:53:27
852218fc-5e5b-4153-bc3f-03760b57e68a,3,1,2,19,0,1769406667,2026-01-26 00:53:27
66db3708-0aca-11e7-82f6-3863bb44ef7c,27,8,19,9,0,1769406667,2026-01-26 00:53:27
1861683747231494964,3,2,1,13,0,1769406668,2026-01-26 00:53:27
66de103b-0aca-11e7-82f6-3863bb44ef7c,8,0,8,13,0,1769406672,2026-01-26 00:53:27
514f3dda-4d08-464c-b2d4-5706d400065a,5,2,3,8,0,1769406670,2026-01-26 00:53:27
d52d4171-fd60-4a28-b7e2-89f3693e0591,10,0,10,7,0,1769406679,2026-01-26 00:53:27
c45aa693-fedd-478f-ade9-bf176c4e32ff,6,4,2,13,0,1769406679,2026-01-26 00:53:27
5d994b32-b7a5-450d-9bbb-93bf3b03e6d5,1,0,1,16,0,1769406681,2026-01-26 00:53:27
66de110b-0aca-11e7-82f6-3863bb44ef7c,34,21,13,2,0,1769406682,2026-01-26 00:53:27
1934770108420609000,1,0,1,15,0,1769406682,2026-01-26 00:53:27
999865d2-0735-4e85-a9d4-00810231530e,7,2,5,16,0,1769406683,2026-01-26 00:53:27
1786699974232881542,3,1,2,16,0,1769406683,2026-01-26 00:53:27
1880643915885220532,3,0,3,25,0,1769406683,2026-01-26 00:53:27
785b3e6b-dab5-4d25-afab-e2a1ef918669,19,17,2,6,0,1769406684,2026-01-26 00:53:27
1945125910957847430,13,4,9,5,0,1769406681,2026-01-26 00:53:27
d08be53f-9691-4d6f-81f3-7d052abb7dd6,3,3,0,15,0,1769406682,2026-01-26 00:53:27
1202a491-9f76-4609-9b5c-eb7723ab5b45,9,3,6,8,0,1769406680,2026-01-26 00:53:27
1804894168423871442,15,2,13,10,0,1769406709,2026-01-26 00:53:27
66dc7659-0aca-11e7-82f6-3863bb44ef7c,34,5,29,82,0,1769406709,2026-01-26 00:53:27
5f968a1b-ee60-43a0-ad25-05211e09e436,2,1,1,19,0,1769406709,2026-01-26 00:53:27
fac701fb-c433-496e-933b-ea137dbe7fe1,1,0,1,16,0,1769406709,2026-01-26 00:53:27
1817432954560889524,5,0,5,12,0,1769406709,2026-01-26 00:53:27
66dc481a-0aca-11e7-82f6-3863bb44ef7c,56,31,25,14,0,1769406710,2026-01-26 00:53:27
94624d6e-4150-4ab1-92ff-bf55cb58ab61,0,0,0,18,0,1769406711,2026-01-26 00:53:27
fec4aa1b-9fc1-4dd9-ab39-c1d7370a6e54,7,2,5,13,0,1769406711,2026-01-26 00:53:27
66ddea2a-0aca-11e7-82f6-3863bb44ef7c,35,5,30,34,0,1769406711,2026-01-26 00:53:27
8456b63c-37c6-49a6-8c02-bb6dcfc35041,12,6,6,8,0,1769406708,2026-01-26 00:53:27
c8060816-b4aa-4fd9-bc66-af28bf61dc87,6,5,1,15,0,1769406708,2026-01-26 00:53:27
be435dfd-e859-487c-ae32-3d2b76d49a49,13,2,11,4,0,1769406709,2026-01-26 00:53:27
02fb0f6a-b1dc-4e1c-97f8-fe70462670a3,25,3,22,0,0,1769406712,2026-01-26 00:53:27
2121032973750651666,6,2,4,8,0,1769406712,2026-01-26 00:53:27
1882735457106787122,15,10,5,10,0,1769406710,2026-01-26 00:53:27
16a4effc-282e-4053-b47b-31f734d50c08,14,5,9,10,0,1769406710,2026-01-26 00:53:27
66dd51e6-0aca-11e7-82f6-3863bb44ef7c,5,3,2,72,0,1769406716,2026-01-26 00:53:27
ddc8ca6c-dceb-4603-ab1e-4bd972ca2a3d,8,1,7,6,0,1769406717,2026-01-26 00:53:27
66dbcdfc-0aca-11e7-82f6-3863bb44ef7c,2,2,0,55,0,1769406717,2026-01-26 00:53:27
52e81f02-b1f9-45d6-9e5c-e15277de1268,4,0,4,19,0,1769406717,2026-01-26 00:53:27
2436e886-dc53-47cb-8733-d663f9dcd922,4,2,2,17,0,1769406716,2026-01-26 00:53:27
1849008925260421550,18,6,12,1,0,1769406716,2026-01-26 00:53:27
7a771842-c090-4da1-8c13-72b7f4f50a87,29,10,19,5,0,1769406718,2026-01-26 00:53:27
77b21502-a7a2-40b4-8f3e-f9c6c6ef0939,11,0,11,14,0,1769406718,2026-01-26 00:53:27
64de0666-b9ab-404e-a16b-03e449bb5b4d,2,2,0,14,0,1769406718,2026-01-26 00:53:27
f752c376-3a6f-4cd3-b9fd-3c049d45a9a6,6,2,4,14,0,1769406719,2026-01-26 00:53:27
2142879485385917038,16,13,3,11,0,1769406713,2026-01-26 00:53:27
8e631be4-1e0c-4627-a261-18f0003d0ba2,12,11,1,30,0,1769406713,2026-01-26 00:53:27
1871972060496771504,1,1,0,14,0,1769406714,2026-01-26 00:53:27
989fdf95-cfb9-475c-ba0c-3152fd3a16e0,16,15,1,0,0,1769406714,2026-01-26 00:53:27
467e1de6-73a6-480f-9e83-fd1b03b71047,12,3,9,12,0,1769406713,2026-01-26 00:53:27
bb6bba3f-19a0-4ebb-a454-4ac678d9d62d,3,0,3,15,0,1769406714,2026-01-26 00:53:27
1856847127505992556,1,0,1,2,0,1769406715,2026-01-26 00:53:27
9e0b3452-ef6d-4e94-8c05-7bef199cdb74,11,10,1,9,0,1769406715,2026-01-26 00:53:27
dccab832-b4a2-4105-927d-b52ec0d92c92,16,6,10,1,0,1769406715,2026-01-26 00:53:27
0c923abb-298a-4a47-b132-9fae73cc59e6,0,0,0,3,0,1769365296,2026-01-26 00:53:27
679dcf08-d88c-4d1b-b81d-fe9f4aabbff7,10,2,8,14,0,1769406718,2026-01-26 00:53:27
1814900898997467540,13,2,11,8,0,1769406721,2026-01-26 00:53:27
ffef95fa-600b-4f08-b2ce-e8eb034ebfd8,24,22,2,7,0,1769406723,2026-01-26 00:53:27
1958457675193833900,14,2,12,9,0,1769406723,2026-01-26 00:53:27
48e7e465-f861-452a-9bf7-7eacd0b2bcac,18,1,17,1,0,1769406723,2026-01-26 00:53:27
03872f6b-a522-4c41-a4f2-5d0c41779e7b,1,0,1,18,0,1769406724,2026-01-26 00:53:27
bb07a569-cc74-439e-b424-916c0304f136,12,3,9,16,0,1769406724,2026-01-26 00:53:27
1859811213834095332,17,4,13,6,0,1769406724,2026-01-26 00:53:27
66de1f7f-0aca-11e7-82f6-3863bb44ef7c,13,0,13,18,0,1769406724,2026-01-26 00:53:27
66dc82ef-0aca-11e7-82f6-3863bb44ef7c,3,0,3,59,0,1769406721,2026-01-26 00:53:27
9e014047-d675-418b-a03c-84d974a25134,0,0,0,30,0,1769406721,2026-01-26 00:53:27
c4d6b123-df5a-446d-b0ae-d3c4846565d5,4,3,1,19,0,1769406722,2026-01-26 00:53:27
1851254360969534132,0,0,0,22,0,1769406722,2026-01-26 00:53:27
101c813e-02a8-4b6b-bd5d-981c1ea62019,10,8,2,10,0,1769406721,2026-01-26 00:53:27
711ccb32-e1bc-4577-ac7b-50592cc9b8a0,15,0,15,7,0,1769406722,2026-01-26 00:53:27
66dd23a9-0aca-11e7-82f6-3863bb44ef7c,6,5,1,20,0,1769406721,2026-01-26 00:53:27
66dca682-0aca-11e7-82f6-3863bb44ef7c,34,15,19,27,0,1769406722,2026-01-26 00:53:27
4f57360d-a4cb-4568-b74a-f3086ccaee2e,5,4,1,13,0,1769406722,2026-01-26 00:53:27
66dc0bbd-0aca-11e7-82f6-3863bb44ef7c,23,6,17,9,0,1769406722,2026-01-26 00:53:27
66dbcf18-0aca-11e7-82f6-3863bb44ef7c,61,8,53,11,0,1769406722,2026-01-26 00:53:27
7a15d81b-357e-42e0-b208-93ffd562fd63,4,2,2,21,0,1769406723,2026-01-26 00:53:27
bd30f2a1-38ec-474d-9e36-07f688e87427,13,3,10,5,0,1769406723,2026-01-26 00:53:27
66dc22a7-0aca-11e7-82f6-3863bb44ef7c,11,3,8,29,0,1769406720,2026-01-26 00:53:27
0eacb768-c7d5-4499-9182-9a1331d9280c,29,1,28,1,0,1769406719,2026-01-26 00:53:27
1814900752968579218,12,4,8,9,0,1769406719,2026-01-26 00:53:27
1860188607062574024,0,0,0,18,0,1769406720,2026-01-26 00:53:27
66db46d7-0aca-11e7-82f6-3863bb44ef7c,18,13,5,12,0,1769406720,2026-01-26 00:53:27
66de4f9c-0aca-11e7-82f6-3863bb44ef7c,13,2,11,9,0,1769406661,2026-01-26 00:53:27
55146e49-9bc4-4f13-bdf7-25422342b638,0,0,0,17,0,1769406662,2026-01-26 00:53:27
1835247745828931742,0,0,0,20,0,1769406662,2026-01-26 00:53:27
1820420022433309054,17,4,13,3,0,1769406662,2026-01-26 00:53:27
66dd18dd-0aca-11e7-82f6-3863bb44ef7c,21,13,8,4,0,1769406658,2026-01-26 00:53:27
66db479e-0aca-11e7-82f6-3863bb44ef7c,23,6,17,15,0,1769406659,2026-01-26 00:53:27
a37bd0e0-d1e9-4302-9ff7-286e415aff1c,13,2,11,3,0,1769406659,2026-01-26 00:53:27
199ea9dd-8f7e-4e05-a730-55edaacd8787,11,7,4,46,0,1769406660,2026-01-26 00:53:27
1861680889400379678,10,7,3,5,0,1769406665,2026-01-26 00:53:27
66db33fc-0aca-11e7-82f6-3863bb44ef7c,8,7,1,60,0,1769406665,2026-01-26 00:53:27
c9cd8c29-7f0b-4979-9a0e-bec4613d2600,0,0,0,20,0,1769406665,2026-01-26 00:53:27
7f6674c4-5568-4766-b172-0385348ae184,1,1,0,16,0,1769406665,2026-01-26 00:53:27
2121032193446634360,3,0,3,7,0,1769406660,2026-01-26 00:53:27
f882ccc8-45aa-426b-aef6-514fe1d3d9cc,19,1,18,9,0,1769406664,2026-01-26 00:53:27
1865017865553426604,12,2,10,4,0,1769406664,2026-01-26 00:53:27
2bf9addc-038b-48fe-8794-dde085c5e5dc,15,7,8,34,0,1769406666,2026-01-26 00:53:27
6651fc84-09d1-4cdb-a8d5-7d6345fb3466,7,0,7,9,0,1769406667,2026-01-26 00:53:27
d837d1b0-8f80-4f6c-ae45-5dd0deec6977,19,8,11,3,0,1769406667,2026-01-26 00:53:27
66dd266a-0aca-11e7-82f6-3863bb44ef7c,22,12,10,12,0,1769406663,2026-01-26 00:53:27
330ee4e3-29cb-48e5-845f-a8ccf1aa2ce6,3,3,0,21,0,1769406663,2026-01-26 00:53:27
5e93b806-08e1-4ef9-98ae-d3dda20e0469,4,2,2,15,0,1769406666,2026-01-26 00:53:27
66de269c-0aca-11e7-82f6-3863bb44ef7c,18,16,2,16,0,1769406664,2026-01-26 00:53:27
a724eb92-55ca-4b9f-9a87-c2e87b3cbd40,1,1,0,19,0,1769406726,2026-01-26 00:53:27
e6c2a46e-431a-4101-af84-870f660ff4cb,10,6,4,58,0,1769406726,2026-01-26 00:53:27
1887292564377354448,9,7,2,20,0,1769406726,2026-01-26 00:53:27
66dd4bf7-0aca-11e7-82f6-3863bb44ef7c,11,4,7,27,0,1769406726,2026-01-26 00:53:27
1786697932047949952,14,2,12,8,0,1769406726,2026-01-26 00:53:27
1786687245202023014,30,13,17,1,0,1769406726,2026-01-26 00:53:27
1838618090943186984,20,0,20,2,0,1769406728,2026-01-26 00:53:27
66dc3f08-0aca-11e7-82f6-3863bb44ef7c,100,70,30,1,0,1769406729,2026-01-26 00:53:27
fe65853e-b20a-4250-9677-2aa177283b72,12,4,8,7,0,1769406729,2026-01-26 00:53:27
66db6d40-0aca-11e7-82f6-3863bb44ef7c,51,49,2,11,0,1769406729,2026-01-26 00:53:27
66de0bcb-0aca-11e7-82f6-3863bb44ef7c,9,4,5,46,0,1769406729,2026-01-26 00:53:27
9719498d-bd5c-4424-86ac-dfe0795c57d1,1,0,1,22,0,1769406729,2026-01-26 00:53:27
1841926579628419438,1,1,0,16,0,1769406725,2026-01-26 00:53:27
d1c204d7-d575-417d-b134-6ebdf7e99f98,4,1,3,15,0,1769406725,2026-01-26 00:53:27
8f1fdf4b-ecca-4f03-b04c-e10fe596e2c7,9,3,6,17,0,1769406726,2026-01-26 00:53:27
426862de-f8f2-4967-ba41-76680a4b460c,2,2,0,17,0,1769406727,2026-01-26 00:53:27
753591ba-36f7-4ded-ab7d-40df9994a05f,0,0,0,8,0,1769393352,2026-01-26 00:53:27
4d4a3e7b-1005-4bfd-8680-340a20cacbee,18,5,13,0,0,1769406728,2026-01-26 00:53:27
66de542a-0aca-11e7-82f6-3863bb44ef7c,31,7,24,13,0,1769406730,2026-01-26 00:53:27
0cc38ba1-4625-4821-9a6f-e490525cbce2,6,5,1,11,0,1769406730,2026-01-26 00:53:27
2126623199408050430,6,0,6,9,0,1769406739,2026-01-26 00:53:27
d946ce73-5487-4ab7-b429-cf873e9af5b5,16,2,14,2,0,1769406742,2026-01-26 00:53:27
1854255035042870020,15,4,11,3,0,1769406742,2026-01-26 00:53:27
66de88d7-0aca-11e7-82f6-3863bb44ef7c,18,13,5,29,0,1769406740,2026-01-26 00:53:27
1854538793462575652,10,5,5,5,0,1769406741,2026-01-26 00:53:27
35b8b636-18d3-4860-b0a9-39c0bce96a10,8,1,7,19,0,1769406741,2026-01-26 00:53:27
0927e331-866f-4d99-99b4-04edde99117a,10,9,1,29,0,1769406741,2026-01-26 00:53:27
48b19cc8-bf45-4602-89ac-a8c0a0560c43,15,4,11,2,0,1769406739,2026-01-26 00:53:27
e6b6c6e2-5fcb-47cd-8f2d-4324b7c977c8,10,7,3,8,0,1769406740,2026-01-26 00:53:27
fea72f55-d296-47af-9446-149688dcccbd,2,1,1,17,0,1769406737,2026-01-26 00:53:27
e1a3f2f9-618f-4727-b2d6-676e02aadf17,8,3,5,10,0,1769406737,2026-01-26 00:53:27
2123939077451327830,12,8,4,1,0,1769406737,2026-01-26 00:53:27
66dcbf69-0aca-11e7-82f6-3863bb44ef7c,6,5,1,14,0,1769406738,2026-01-26 00:53:27
c0a3b8fe-ba64-4cbb-b010-f760998d6c3a,4,3,1,13,0,1769406737,2026-01-26 00:53:27
ea9a19a6-acea-4286-a723-b5481c90a3c0,18,1,17,0,0,1769406738,2026-01-26 00:53:27
1864606193814670106,6,1,5,19,0,1769406738,2026-01-26 00:53:27
99142ec8-c0e7-47ca-916c-c1097d48e133,22,9,13,19,0,1769406738,2026-01-26 00:53:27
22e38a04-e70d-4484-bbf3-f6e8c64fdbd4,13,3,10,8,0,1769406738,2026-01-26 00:53:27
e10a6e12-d98c-4625-940a-9f83d9b2f6c4,19,5,14,0,0,1769406738,2026-01-26 00:53:27
1843486390605672640,7,1,6,16,0,1769406741,2026-01-26 00:53:27
29223935-a682-411c-9f25-577bbb9804fc,20,1,19,0,0,1769406741,2026-01-26 00:53:27
36025f2c-ee4d-4c1a-832d-733cf37f98ef,2,1,1,27,0,1769406758,2026-01-26 00:53:27
1828967346753327602,9,4,5,9,0,1769406758,2026-01-26 00:53:27
4543214c-c9d4-4f20-9cd9-dd05cc365931,19,19,0,26,0,1769406758,2026-01-26 00:53:27
66dbf062-0aca-11e7-82f6-3863bb44ef7c,23,9,14,16,0,1769406758,2026-01-26 00:53:27
a70b26b7-fbad-4787-bf15-29f7b13a19ab,6,3,3,13,0,1769406755,2026-01-26 00:53:27
66db6889-0aca-11e7-82f6-3863bb44ef7c,17,11,6,15,0,1769406756,2026-01-26 00:53:27
66dde3b1-0aca-11e7-82f6-3863bb44ef7c,20,9,11,13,0,1769406756,2026-01-26 00:53:27
efa2a82f-eb4a-4b82-a602-6c42cb984101,6,0,6,10,0,1769406756,2026-01-26 00:53:27
81640d04-c36a-4fb1-98b0-85be10be516c,5,0,5,13,0,1769406756,2026-01-26 00:53:27
66dd4ac1-0aca-11e7-82f6-3863bb44ef7c,12,9,3,21,0,1769406756,2026-01-26 00:53:27
1815968422007427668,8,3,5,11,0,1769406756,2026-01-26 00:53:27
06f0d251-e1e3-435c-8c5f-9b991a14ca4a,1,1,0,22,0,1769406756,2026-01-26 00:53:27
d0b87aa7-7e19-40d2-8f7d-6a622e6ac391,7,1,6,14,0,1769406756,2026-01-26 00:53:27
40eaa69a-d3ab-48fc-b395-b5bdc6a1aa85,13,8,5,5,0,1769406757,2026-01-26 00:53:27
2b33334b-243c-4a16-a6d2-32304c8884f1,2,2,0,16,0,1769406757,2026-01-26 00:53:27
a1112e04-bc50-4782-b3d6-bb5902c0e8db,2,0,2,15,0,1769406757,2026-01-26 00:53:27
a23a40c3-6da5-4b0f-bb6b-8bfc01ec2261,7,0,7,11,0,1769406757,2026-01-26 00:53:27
66dc79e6-0aca-11e7-82f6-3863bb44ef7c,3,0,3,16,0,1769406757,2026-01-26 00:53:27
ecbfcdb7-fffc-4d45-bed2-1510fd45834d,6,1,5,10,0,1769406757,2026-01-26 00:53:27
1843486597735840252,14,1,13,8,0,1769406757,2026-01-26 00:53:27
9991b75b-a9ba-4abc-bf84-0108291be05a,16,9,7,8,0,1769406759,2026-01-26 00:53:27
e982e1cb-7e7b-4769-85b8-565925200654,6,0,6,14,0,1769406759,2026-01-26 00:53:27
2142879839954225698,8,0,8,8,0,1769406759,2026-01-26 00:53:27
66dd4f31-0aca-11e7-82f6-3863bb44ef7c,29,14,15,5,0,1769406759,2026-01-26 00:53:27
33c533cd-5f0e-4c15-a00a-6a2bf1e2d077,22,12,10,35,0,1769406760,2026-01-26 00:53:27
5600446d-a00a-45e6-9dc3-550adfd63e39,1,1,0,17,0,1769406760,2026-01-26 00:53:27
1a5eae13-8f27-4875-8330-a796c95f8ad6,3,3,0,16,0,1769406760,2026-01-26 00:53:27
3db2fa34-0b56-4644-9ae9-bbee1583e717,10,3,7,14,0,1769406760,2026-01-26 00:53:27
2018303498843153278,17,11,6,10,0,1769406761,2026-01-26 00:53:27
66dc48ef-0aca-11e7-82f6-3863bb44ef7c,23,21,2,40,0,1769406754,2026-01-26 00:53:27
4168e5a4-c7ec-4045-bfc8-84ac5edbe845,39,32,7,3,0,1769406753,2026-01-26 00:53:27
ffaa8f6a-a4ea-4d3a-a57c-f42f77cd4581,3,3,0,20,0,1769406754,2026-01-26 00:53:27
1198e739-787c-4ce4-aa63-ffaf98506e9c,0,0,0,62,0,1769406754,2026-01-26 00:53:27
e666a344-1afb-4512-b2e9-2fc5ed71be2b,7,6,1,15,0,1769406754,2026-01-26 00:53:27
b1e496f1-43cf-48d0-be49-ab0d760c00bf,2,1,1,23,0,1769406755,2026-01-26 00:53:27
1838071090619298218,14,8,6,11,0,1769406755,2026-01-26 00:53:27
cc7b86cf-a2fb-4738-b967-de7b197dc930,3,1,2,33,0,1769406755,2026-01-26 00:53:27
1898455214498195676,0,0,0,20,0,1769406755,2026-01-26 00:53:27
2124037656159914878,3,0,3,7,0,1769406737,2026-01-26 00:53:27
0cde9bcd-0dcb-45dc-9c9a-3e5485b5452e,1,0,1,19,0,1769406755,2026-01-26 00:53:27
54782566-697b-497e-a503-dc1f39963eb2,11,9,2,12,0,1769406755,2026-01-26 00:53:27
f72a253f-3cef-4da8-9591-0cbd3a692162,11,7,4,29,0,1769406764,2026-01-26 00:53:27
1848241425697670086,34,2,32,1,0,1769406764,2026-01-26 00:53:27
66dc1e55-0aca-11e7-82f6-3863bb44ef7c,4,2,2,58,0,1769406764,2026-01-26 00:53:27
189f573b-a2d0-40d2-af15-83c5015d93e2,1,1,0,21,0,1769406765,2026-01-26 00:53:27
66db3997-0aca-11e7-82f6-3863bb44ef7c,26,10,16,50,0,1769406765,2026-01-26 00:53:27
9b721468-3b28-429d-9e13-580cdf00a6a4,19,1,18,3,0,1769406765,2026-01-26 00:53:27
2132211694027383298,12,6,6,2,0,1769406765,2026-01-26 00:53:27
760ebaea-f7c7-45ad-aa3b-395d97adcf8f,10,7,3,12,0,1769406765,2026-01-26 00:53:27
1819720453019329398,7,2,5,14,0,1769406766,2026-01-26 00:53:27
17ba4945-b202-4667-965f-211d80622646,5,4,1,17,0,1769406766,2026-01-26 00:53:27
145bbc0d-8976-45ae-9565-158ba564d3d1,23,1,22,1,0,1769406767,2026-01-26 00:53:27
514afe43-84d4-4941-8281-75a93c5cd365,4,0,4,11,0,1769406767,2026-01-26 00:53:27
2009671276352543716,8,8,0,10,0,1769406767,2026-01-26 00:53:27
66db8ca4-0aca-11e7-82f6-3863bb44ef7c,42,35,7,19,0,1769406762,2026-01-26 00:53:27
1838685618105506490,0,0,0,18,0,1769406762,2026-01-26 00:53:27
1813395029173762108,35,32,3,4,0,1769406762,2026-01-26 00:53:27
14f928c6-9a51-40a2-b7e6-a74e8b351dbf,8,1,7,16,0,1769406762,2026-01-26 00:53:27
66dd455e-0aca-11e7-82f6-3863bb44ef7c,28,26,2,9,0,1769406763,2026-01-26 00:53:27
17aba164-9d41-4336-9767-2218b8994ded,11,0,11,11,0,1769406763,2026-01-26 00:53:27
66dcf023-0aca-11e7-82f6-3863bb44ef7c,7,2,5,10,0,1769406764,2026-01-26 00:53:27
18326827-dcae-47e0-8518-c4bb9e21eef6,30,2,28,0,0,1769406762,2026-01-26 00:53:27
7d9a1b9e-0123-4561-a111-b3735fada687,5,0,5,19,0,1769406762,2026-01-26 00:53:27
398aa734-3893-4dba-a704-57ae8632c4f9,7,2,5,7,0,1769406761,2026-01-26 00:53:27
d11db4cd-f9bf-430b-ac19-104fef323b24,13,13,0,7,0,1769406766,2026-01-26 00:53:27
b7c6ce96-a24d-4c1e-93ee-6f49c1adf119,5,1,4,10,0,1769406726,2026-01-26 00:53:27
1835247469495105628,0,0,0,20,0,1769406727,2026-01-26 00:53:27
01839a78-f228-4706-8f7f-147b857492f2,13,10,3,8,0,1769406726,2026-01-26 00:53:27
2104278402820534724,24,3,21,15,0,1769406727,2026-01-26 00:53:27
1877920686883352866,17,8,9,0,0,1769406727,2026-01-26 00:53:27
66de1368-0aca-11e7-82f6-3863bb44ef7c,37,18,19,0,0,1769406727,2026-01-26 00:53:27
66db3ba0-0aca-11e7-82f6-3863bb44ef7c,59,55,4,10,0,1769406730,2026-01-26 00:53:27
85ba92ab-8d0a-4d17-9d07-0173e16d3b6d,1,0,1,18,0,1769406736,2026-01-26 00:53:27
66dbebad-0aca-11e7-82f6-3863bb44ef7c,36,33,3,16,0,1769406735,2026-01-26 00:53:27
774c5443-d463-42b3-bfc5-b0ab3c56fe35,17,14,3,14,0,1769406735,2026-01-26 00:53:27
1a083890-e22b-4f81-8d98-567784034916,20,5,15,2,0,1769406735,2026-01-26 00:53:27
1846085533896197012,17,1,16,0,0,1769406735,2026-01-26 00:53:27
2e5cde21-f0a2-4396-899e-6df275e99212,2,2,0,17,0,1769406735,2026-01-26 00:53:27
2126579619522812246,10,5,5,1,0,1769406736,2026-01-26 00:53:27
1828965887815635862,8,5,3,13,0,1769406732,2026-01-26 00:53:27
1833865926273309136,13,11,2,46,0,1769406733,2026-01-26 00:53:27
7f1b4c40-d9fa-4182-be0e-a993655cfb6f,16,13,3,0,0,1769406733,2026-01-26 00:53:27
1786697166576476490,23,16,7,18,0,1769406733,2026-01-26 00:53:27
1880643497376459348,13,13,0,11,0,1769406733,2026-01-26 00:53:27
66dcf640-0aca-11e7-82f6-3863bb44ef7c,21,7,14,1,0,1769406734,2026-01-26 00:53:27
d8e02e7b-632b-4fbe-95b9-80efa47473e3,4,3,1,17,0,1769406734,2026-01-26 00:53:27
868586b3-ddc7-4b4b-9bed-a1e487033aaa,27,0,27,18,0,1769406734,2026-01-26 00:53:27
fb180cce-96ee-4e66-b3ce-000f3db6e670,22,1,21,5,0,1769406732,2026-01-26 00:53:27
b64eb0a5-d6d4-4f45-8c9a-e2d004819c99,4,4,0,13,0,1769406731,2026-01-26 00:53:27
1862759079900600428,2,2,0,15,0,1769406732,2026-01-26 00:53:27
3ff00115-e8da-4326-97d3-7bf4fe4df7a5,1,0,1,19,0,1769406732,2026-01-26 00:53:27
2121032507515216178,7,0,7,2,0,1769406732,2026-01-26 00:53:27
1848241963446241866,14,10,4,1,0,1769406744,2026-01-26 00:53:27
c02864f0-2611-440b-98f4-45fddfd545fe,18,3,15,1,0,1769406744,2026-01-26 00:53:27
f06c01c3-fd7f-443c-a0c7-fc9233d77f6a,0,0,0,21,0,1769406745,2026-01-26 00:53:27
46dca5c6-7bd3-4a4f-aa1e-33aa66652294,17,3,14,11,0,1769406745,2026-01-26 00:53:27
7f8cb36a-2bf4-4d57-afbd-331310f25355,16,1,15,17,0,1769406745,2026-01-26 00:53:27
87091002-cc25-452a-b5d9-f8d0c3fce422,12,12,0,10,0,1769406745,2026-01-26 00:53:27
66db631c-0aca-11e7-82f6-3863bb44ef7c,65,58,7,7,0,1769406745,2026-01-26 00:53:27
a90e9ad3-4347-4fa4-b031-9bf1f69ce049,0,0,0,18,0,1769406743,2026-01-26 00:53:27
1849009244468810224,16,2,14,0,0,1769406743,2026-01-26 00:53:27
bde94a25-6089-4490-af3a-8cc5702230b8,88,78,10,9,0,1769406743,2026-01-26 00:53:27
a958a8af-a0cc-4bca-9114-93c74ce3c693,5,5,0,17,0,1769406746,2026-01-26 00:53:27
66db5e6a-0aca-11e7-82f6-3863bb44ef7c,9,8,1,10,0,1769406746,2026-01-26 00:53:27
9d23b0e9-a478-407c-a0e0-0aff1b0398fc,0,0,0,20,0,1769406746,2026-01-26 00:53:27
cf284d60-23e7-49ec-91dc-8bfedb59cb6a,17,1,16,1,0,1769406747,2026-01-26 00:53:27
0e5be726-2452-42a0-9be8-ea85c8408e4c,6,3,3,16,0,1769406746,2026-01-26 00:53:27
1817431953833509324,5,2,3,15,0,1769406746,2026-01-26 00:53:27
8a13182a-4823-4fe7-afcd-a4ef0b134ed9,2,0,2,17,0,1769406746,2026-01-26 00:53:27
66dea52b-0aca-11e7-82f6-3863bb44ef7c,11,1,10,5,0,1769406746,2026-01-26 00:53:27
c37931bb-8571-4671-a9a8-f3cf23897680,60,20,40,32,0,1769406747,2026-01-26 00:53:27
66de3fde-0aca-11e7-82f6-3863bb44ef7c,11,11,0,10,0,1769406747,2026-01-26 00:53:27
66de1bc3-0aca-11e7-82f6-3863bb44ef7c,6,4,2,50,0,1769406747,2026-01-26 00:53:27
8f72fe26-98aa-4e87-a612-9ae0eb1d9a38,16,3,13,5,0,1769406743,2026-01-26 00:53:27
1947001743402778700,5,2,3,16,0,1769406748,2026-01-26 00:53:27
66de1c33-0aca-11e7-82f6-3863bb44ef7c,29,28,1,9,0,1769406748,2026-01-26 00:53:27
e73cf71b-db05-44f9-b57a-689d65320d68,3,0,3,26,0,1769406748,2026-01-26 00:53:27
66dc7de9-0aca-11e7-82f6-3863bb44ef7c,76,37,39,36,0,1769406748,2026-01-26 00:53:27
2cd651e7-1e3a-4cd9-8fd1-a2416e032f6e,0,0,0,23,0,1769406748,2026-01-26 00:53:27
eb8fcff2-6f58-4724-b564-ebc9a8d374d8,16,0,16,3,0,1769406748,2026-01-26 00:53:27
1843486189591985058,4,0,4,18,0,1769406748,2026-01-26 00:53:27
4d674595-187c-417c-a691-676c4446c9fc,14,8,6,2,0,1769406749,2026-01-26 00:53:27
5f2766b0-362e-49e5-ab09-05e2c4b6f626,1,1,0,17,0,1769406749,2026-01-26 00:53:27
1851674088959433552,6,2,4,13,0,1769406749,2026-01-26 00:53:27
a82cc641-0926-4a63-b488-7060ab7dcd74,3,1,2,28,0,1769406751,2026-01-26 00:53:27
3bf69f3e-23f6-4abe-b5fe-dabe6b0ea066,5,3,2,18,0,1769406751,2026-01-26 00:53:27
d7f55e1b-12db-49d1-9cd8-4fb464745841,16,2,14,11,0,1769406751,2026-01-26 00:53:27
8f672aa7-08a1-4fe2-a471-06f219c0eb1b,4,1,3,10,0,1769406752,2026-01-26 00:53:27
4775fd25-2240-44d7-884a-d777d15a9b5e,5,4,1,14,0,1769406751,2026-01-26 00:53:27
6ae35aa8-644e-4b2c-b6a4-6570192f78ab,16,0,16,13,0,1769406752,2026-01-26 00:53:27
1854537815365165328,0,0,0,18,0,1769406752,2026-01-26 00:53:27
66dcca0d-0aca-11e7-82f6-3863bb44ef7c,6,0,6,14,0,1769406752,2026-01-26 00:53:27
e72f0aec-2293-4636-988c-b9d30df092f8,15,11,4,25,0,1769406749,2026-01-26 00:53:27
2111353842893366258,3,2,1,30,0,1769406749,2026-01-26 00:53:27
66db89a3-0aca-11e7-82f6-3863bb44ef7c,67,1,66,3,0,1769406749,2026-01-26 00:53:27
b7df61c0-8ead-46cb-9d6e-a6a3011ffb71,9,6,3,16,0,1769406749,2026-01-26 00:53:27
afd76a0e-ceb8-4d18-a427-b378c4d07a75,21,2,19,6,0,1769406749,2026-01-26 00:53:27
ace80a8c-6196-484e-8dd0-061e3c90389b,1,0,1,27,0,1769406771,2026-01-26 00:53:27
e4980fd0-e540-40ca-acba-c2a74f3294fc,0,0,0,23,0,1769406771,2026-01-26 00:53:27
9c2a741d-7f3e-4aa1-b58b-db5c3e6bcb20,2,1,1,25,0,1769406772,2026-01-26 00:53:27
9b7e3b8b-97ef-4038-820c-7cd1c1a34fc7,15,7,8,9,0,1769406772,2026-01-26 00:53:27
80969478-8dbc-42e1-8e16-ac0132a431c2,23,2,21,1,0,1769406772,2026-01-26 00:53:27
66dbca0f-0aca-11e7-82f6-3863bb44ef7c,41,34,7,14,0,1769406773,2026-01-26 00:53:27
1834145868297717964,8,2,6,11,0,1769406773,2026-01-26 00:53:27
66ddb6d9-0aca-11e7-82f6-3863bb44ef7c,49,9,40,16,0,1769406773,2026-01-26 00:53:27
1869753340438110380,6,1,5,11,0,1769406772,2026-01-26 00:53:27
324af152-33ea-48a7-8bb0-ad8b6f31571f,31,6,25,4,0,1769406768,2026-01-26 00:53:27
9b4a92ae-cefe-467a-8e35-5ce02d4f3a45,8,1,7,9,0,1769406769,2026-01-26 00:53:27
66dc24b8-0aca-11e7-82f6-3863bb44ef7c,52,17,35,18,0,1769406769,2026-01-26 00:53:27
1827839088308194240,99,92,7,13,0,1769406769,2026-01-26 00:53:27
9a37d8a1-990b-484c-9603-262dbd1165cc,3,2,1,15,0,1769406769,2026-01-26 00:53:27
2124425670552673214,2,1,1,11,0,1769406767,2026-01-26 00:53:27
66ddbd20-0aca-11e7-82f6-3863bb44ef7c,81,71,10,12,0,1769406767,2026-01-26 00:53:27
1893519215751496610,30,1,29,0,0,1769406767,2026-01-26 00:53:27
bc512527-7863-48d5-aea8-3de470abc1ee,3,1,2,13,0,1769406767,2026-01-26 00:53:27
1945126257666675246,7,4,3,12,0,1769406767,2026-01-26 00:53:27
1846086463217404850,21,9,12,4,0,1769406767,2026-01-26 00:53:27
66db4282-0aca-11e7-82f6-3863bb44ef7c,67,25,42,8,0,1769406768,2026-01-26 00:53:27
1908785111291682996,8,1,7,10,0,1769406771,2026-01-26 00:53:27
b930dd82-92d0-4d86-b896-7d8b827c2d5f,5,4,1,12,0,1769406771,2026-01-26 00:53:27
2121032035614514006,7,0,7,1,0,1769406771,2026-01-26 00:53:27
1814907062275537820,15,3,12,13,0,1769406770,2026-01-26 00:53:27
1834145468418707676,12,1,11,6,0,1769406770,2026-01-26 00:53:27
9ac5758f-0419-4e28-8387-6bcd28db17fa,9,1,8,8,0,1769406768,2026-01-26 00:53:27
1864605659096685518,2,2,0,17,0,1769406768,2026-01-26 00:53:27
66dccad8-0aca-11e7-82f6-3863bb44ef7c,6,2,4,15,0,1769406743,2026-01-26 00:53:27
2124426189188761638,10,7,3,0,0,1769406768,2026-01-26 00:53:27
1828964993433043090,13,0,13,5,0,1769406769,2026-01-26 00:53:27
77463580-6421-403d-b170-f2660c216175,5,5,0,18,0,1769406770,2026-01-26 00:53:27
7f3aa940-18ef-4900-89dc-cdb05f693f31,7,1,6,12,0,1769406771,2026-01-26 00:53:27
3f031133-ec95-4a92-9d63-2ae28183f498,10,10,0,8,0,1769406771,2026-01-26 00:53:27
bdcbd89b-9ae0-461b-aa1d-7db7ead07400,24,7,17,0,0,1769406776,2026-01-26 00:53:27
66db65aa-0aca-11e7-82f6-3863bb44ef7c,76,67,9,24,0,1769406776,2026-01-26 00:53:27
66dc9143-0aca-11e7-82f6-3863bb44ef7c,24,7,17,10,0,1769406776,2026-01-26 00:53:27
1860188069348460678,17,2,15,1,0,1769406776,2026-01-26 00:53:27
66dc85bb-0aca-11e7-82f6-3863bb44ef7c,33,22,11,2,0,1769406776,2026-01-26 00:53:27
66dd243c-0aca-11e7-82f6-3863bb44ef7c,28,4,24,40,0,1769406777,2026-01-26 00:53:27
dadd2084-d844-46f5-b7a4-128d31eeba8e,1,1,0,16,0,1769406776,2026-01-26 00:53:27
66dc8768-0aca-11e7-82f6-3863bb44ef7c,20,12,8,23,0,1769406777,2026-01-26 00:53:27
66dc8bfd-0aca-11e7-82f6-3863bb44ef7c,9,0,9,45,0,1769406777,2026-01-26 00:53:27
66dc90d5-0aca-11e7-82f6-3863bb44ef7c,18,8,10,11,0,1769406776,2026-01-26 00:53:27
66dc864c-0aca-11e7-82f6-3863bb44ef7c,17,3,14,9,0,1769406777,2026-01-26 00:53:27
66db269c-0aca-11e7-82f6-3863bb44ef7c,25,20,5,8,0,1769406775,2026-01-26 00:53:27
923a60f7-2a0e-4a31-8dd5-66c8518c929e,5,2,3,12,0,1769406775,2026-01-26 00:53:27
c042a307-2d7d-4ee9-95b7-a7505a3428c2,8,5,3,28,0,1769406775,2026-01-26 00:53:27
bb0ce308-e5d9-48c7-9f4b-cf0120f2c39a,2,2,0,20,0,1769406776,2026-01-26 00:53:27
2121032708855884414,7,0,7,8,0,1769406773,2026-01-26 00:53:27
50575cba-95ac-4134-9da1-3eec8253afc4,3,3,0,35,0,1769406773,2026-01-26 00:53:27
52dd11f4-bbd0-49ab-912b-06fac40d275d,21,12,9,7,0,1769406773,2026-01-26 00:53:27
40914c6b-293d-49ac-b83a-d9d4af998aea,2,0,2,15,0,1769406777,2026-01-26 00:53:27
66dc9068-0aca-11e7-82f6-3863bb44ef7c,9,8,1,60,0,1769406777,2026-01-26 00:53:27
2121033322026834516,7,1,6,4,0,1769406777,2026-01-26 00:53:27
7380e377-936d-47d7-8abe-0f666d47465e,1,1,0,19,0,1769406777,2026-01-26 00:53:27
ebce9ecb-9678-4c42-89d7-08e54bc6fe90,1,1,0,17,0,1769406777,2026-01-26 00:53:27
66dc9223-0aca-11e7-82f6-3863bb44ef7c,13,6,7,73,0,1769406777,2026-01-26 00:53:27
1875023224873448258,13,3,10,5,0,1769406778,2026-01-26 00:53:27
66db9cc4-0aca-11e7-82f6-3863bb44ef7c,13,1,12,26,0,1769406774,2026-01-26 00:53:27
6ca15d94-897a-4c81-ab47-366829afb7c4,10,6,4,10,0,1769406774,2026-01-26 00:53:27
1849009534951225816,3,1,2,13,0,1769406774,2026-01-26 00:53:27
1815967674683118258,20,0,20,3,0,1769406774,2026-01-26 00:53:27
f54ad1f8-fe58-49ac-82ae-b742aec66829,41,39,2,33,0,1769406775,2026-01-26 00:53:27
2123939659270367896,7,2,5,9,0,1769406773,2026-01-26 00:53:27
1815967051912860522,24,1,23,4,0,1769406773,2026-01-26 00:53:27
3f878b81-324e-4673-9221-43d34647e76f,9,2,7,9,0,1769406778,2026-01-26 00:53:27
65a1b09d-560d-46bf-8f5d-7f59471a587e,2,0,2,20,0,1769406778,2026-01-26 00:53:27
66db3f62-0aca-11e7-82f6-3863bb44ef7c,17,3,14,35,0,1769406779,2026-01-26 00:53:27
2098359443836787630,5,4,1,67,0,1769406779,2026-01-26 00:53:27
94bcf812-5cff-460c-841f-54876ed1e7a4,1,1,0,17,0,1769406778,2026-01-26 00:53:27
e2fc6d90-8deb-4e21-961d-9d5208c1f986,29,15,14,1,0,1769406778,2026-01-26 00:53:27
cd72b9da-b7c6-4785-92b5-0fb2130f0d7b,20,19,1,2,0,1769406778,2026-01-26 00:53:27
7bdd60e9-c0fd-40f6-aa9a-d5fa004d4fe3,17,2,15,3,0,1769406604,2026-01-26 00:53:27
b506be9e-45d3-43d1-a262-27d8fa91e974,0,0,0,20,0,1769366618,2026-01-26 00:53:27
dc8223ad-4108-40a8-9ff5-35e8490b4077,0,0,0,0,0,86400,2026-01-26 00:53:27
2004153375425087884,0,0,0,0,0,86400,2026-01-26 00:53:27
2171902770580328596,0,0,0,0,0,86400,2026-01-26 00:53:27
2171902875345687974,0,0,0,0,0,86400,2026-01-26 00:53:27
2171904090179944948,0,0,0,0,0,86400,2026-01-26 00:53:27
2177013822218302292,0,0,0,0,0,86400,2026-01-26 00:53:27
2177013981286744096,0,0,0,0,0,86400,2026-01-26 00:53:27
2177017749848514898,0,0,0,0,0,86400,2026-01-26 00:53:27
2177016343889563330,0,0,0,0,0,86400,2026-01-26 00:53:27
2177016064191230822,0,0,0,0,0,86400,2026-01-26 00:53:27
66dc7a7d-0aca-11e7-82f6-3863bb44ef7c,0,0,0,0,0,1760532172,2026-01-26 00:53:27
66db473c-0aca-11e7-82f6-3863bb44ef7c,0,0,0,3,0,1768246235,2026-01-26 00:53:27
2098714441479661752,4,2,2,11,0,1769406445,2026-01-26 00:53:27
afc79a38-e26d-48f7-94e4-d0aca8fd1c49,1,0,1,15,0,1769406664,2026-01-26 00:53:27
787fe4b2-6029-4f71-917e-892479d8d64e,5,0,5,13,0,1769406664,2026-01-26 00:53:27
66de8a86-0aca-11e7-82f6-3863bb44ef7c,7,2,5,52,0,1769406663,2026-01-26 00:53:27
1938139112487078732,14,12,2,18,0,1769406663,2026-01-26 00:53:27
d47c856e-8cda-4da0-b8eb-1ccf0e6ef7ab,4,1,3,26,0,1769406658,2026-01-26 00:53:27
66dbe848-0aca-11e7-82f6-3863bb44ef7c,95,66,29,23,0,1769406658,2026-01-26 00:53:27
1786696384892428996,5,4,1,16,0,1769406668,2026-01-26 00:53:27
e2b28abd-07a4-4552-ad17-abf155aff28a,6,6,0,17,0,1769406669,2026-01-26 00:53:27
bd1760ad-3af3-4ede-9bd7-c8fbf46d7192,3,0,3,16,0,1769406670,2026-01-26 00:53:27
4dcff9e7-7cb6-4d3d-ad67-c2e4c05933d3,6,0,6,15,0,1769406670,2026-01-26 00:53:27
e8a6c13b-1f6e-4e6b-bdf8-9b0e597e4a62,24,11,13,12,0,1769406670,2026-01-26 00:53:27
d9ec5589-c872-46f2-88cd-e54f9c596721,7,1,6,13,0,1769406670,2026-01-26 00:53:27
1861682444178541220,21,1,20,4,0,1769406668,2026-01-26 00:53:27
e8df73bd-5d3d-47c9-b04d-bcec4db5540f,42,7,35,21,0,1769406671,2026-01-26 00:53:27
1860190006584693708,3,1,2,13,0,1769406667,2026-01-26 00:53:27
1838070776953752336,4,3,1,18,0,1769406667,2026-01-26 00:53:27
0dc63044-e19c-474d-9df1-c3e504d03b07,13,6,7,35,0,1769406666,2026-01-26 00:53:27
66dcfaf6-0aca-11e7-82f6-3863bb44ef7c,11,0,11,7,0,1769406665,2026-01-26 00:53:27
e4645d0d-8b76-4c46-b2b9-be25592e0659,6,3,3,15,0,1769406665,2026-01-26 00:53:27
6a9b19e3-cd69-4e0c-9b28-1889db936c7c,2,0,2,16,0,1769406672,2026-01-26 00:53:27
5dc8ddac-979e-4ae5-b879-3670cca7482d,2,0,2,18,0,1769406677,2026-01-26 00:53:27
1875672501601550456,8,3,5,9,0,1769406677,2026-01-26 00:53:27
e1886e7a-62b1-4359-9835-8ab5a16371ae,3,0,3,18,0,1769406677,2026-01-26 00:53:27
b0239a13-649a-4d31-aa04-56b8aaeba4d4,4,3,1,14,0,1769406678,2026-01-26 00:53:27
1828969112306680612,0,0,0,19,0,1769406675,2026-01-26 00:53:27
1884688942632618210,12,12,0,13,0,1769406676,2026-01-26 00:53:27
1e3a16ff-65ba-4d34-b3c6-37aff44e085a,17,7,10,19,0,1769406675,2026-01-26 00:53:27
9ea2afff-a146-4824-89b6-39d5bdfac795,19,17,2,1,0,1769406675,2026-01-26 00:53:27
66de186f-0aca-11e7-82f6-3863bb44ef7c,10,1,9,13,0,1769406681,2026-01-26 00:53:27
66dd4b91-0aca-11e7-82f6-3863bb44ef7c,30,18,12,9,0,1769406681,2026-01-26 00:53:27
fd081854-3f37-420a-9785-ea63c09c12ad,10,5,5,8,0,1769406682,2026-01-26 00:53:27
1843486464469891376,2,2,0,16,0,1769406682,2026-01-26 00:53:27
47bcbcc1-9241-4e65-99f1-07c15543be1b,9,3,6,18,0,1769406682,2026-01-26 00:53:27
66dbbc4a-0aca-11e7-82f6-3863bb44ef7c,21,7,14,3,0,1769406679,2026-01-26 00:53:27
66de65a4-0aca-11e7-82f6-3863bb44ef7c,0,0,0,24,0,1769406680,2026-01-26 00:53:27
1828969323789472168,10,2,8,4,0,1769406681,2026-01-26 00:53:27
1860187181307969634,19,1,18,2,0,1769406682,2026-01-26 00:53:27
956e9f8d-d23a-4a0e-bf28-84180e818af7,3,2,1,23,0,1769406682,2026-01-26 00:53:27
1885442082749874736,1,1,0,18,0,1769406683,2026-01-26 00:53:27
1893622839585237496,2,2,0,72,0,1769406683,2026-01-26 00:53:27
e34bb92f-6911-449a-999b-5bc80e0322fe,2,1,1,15,0,1769406683,2026-01-26 00:53:27
6f21be51-6fde-4cde-b1db-b102a5f67300,18,2,16,1,0,1769406683,2026-01-26 00:53:27
66dd41ef-0aca-11e7-82f6-3863bb44ef7c,10,9,1,33,0,1769406679,2026-01-26 00:53:27
305c221f-4e0b-4a5a-902c-3d1043dfe606,8,3,5,9,0,1769406683,2026-01-26 00:53:27
66dcc047-0aca-11e7-82f6-3863bb44ef7c,3,0,3,18,0,1769406684,2026-01-26 00:53:27
1e83ffdc-8e72-45c0-8210-4f37e60505c9,7,0,7,25,0,1769406683,2026-01-26 00:53:27
1862008413697896912,3,1,2,17,0,1769406683,2026-01-26 00:53:27
2143247416766638978,4,1,3,38,0,1769406685,2026-01-26 00:53:27
1860188907884823208,4,1,3,16,0,1769406686,2026-01-26 00:53:27
5736cd70-be41-483e-8d82-721874f40e6e,6,1,5,11,0,1769406686,2026-01-26 00:53:27
b0cc08dc-e7dd-48d1-8901-ba496f3ff2f5,8,6,2,35,0,1769406686,2026-01-26 00:53:27
1828966104320053340,12,4,8,5,0,1769406684,2026-01-26 00:53:27
66dc2172-0aca-11e7-82f6-3863bb44ef7c,1,1,0,84,0,1769406684,2026-01-26 00:53:27
66db7152-0aca-11e7-82f6-3863bb44ef7c,40,14,26,3,0,1769406689,2026-01-26 00:53:27
82dd89f6-1e5a-4a8f-8660-13cb64349e94,8,3,5,10,0,1769406689,2026-01-26 00:53:27
0c106e83-c47a-4233-b5e4-62bbb75d0bed,1,1,0,17,0,1769406689,2026-01-26 00:53:27
2022386456542683974,28,3,25,4,0,1769406689,2026-01-26 00:53:27
66dc76cd-0aca-11e7-82f6-3863bb44ef7c,23,18,5,10,0,1769406689,2026-01-26 00:53:27
2119506830683992262,39,26,13,5,0,1769406687,2026-01-26 00:53:27
66db5c14-0aca-11e7-82f6-3863bb44ef7c,4,2,2,17,0,1769406687,2026-01-26 00:53:27
66dbf518-0aca-11e7-82f6-3863bb44ef7c,14,6,8,9,0,1769406689,2026-01-26 00:53:27
1869439368558197224,7,4,3,16,0,1769406690,2026-01-26 00:53:27
063e7e78-b810-4a2f-8045-a82a0d69d752,40,34,6,4,0,1769406690,2026-01-26 00:53:27
9c147c77-11da-4d0b-8a21-a8042ec8031b,7,3,4,11,0,1769406691,2026-01-26 00:53:27
1964061627836181486,5,0,5,78,0,1769406686,2026-01-26 00:53:27
1848242058183072050,13,2,11,6,0,1769406687,2026-01-26 00:53:27
1893542109140147108,8,1,7,9,0,1769406687,2026-01-26 00:53:27
66de5ace-0aca-11e7-82f6-3863bb44ef7c,12,3,9,10,0,1769406691,2026-01-26 00:53:27
ca4e4962-2169-4559-8f60-b05ab7809750,20,3,17,10,0,1769406691,2026-01-26 00:53:27
1057229c-f8f8-4014-80cd-f40421c61cf0,8,7,1,10,0,1769406691,2026-01-26 00:53:27
8fa2fafb-fa07-48b2-b159-bffbea7176d4,0,0,0,19,0,1769406694,2026-01-26 00:53:27
66dbeded-0aca-11e7-82f6-3863bb44ef7c,13,5,8,6,0,1769406694,2026-01-26 00:53:27
53e30d38-a110-42b4-a8f9-ca801a847ac7,0,0,0,3,0,1769347731,2026-01-26 00:53:27
bfbd1f09-afd2-49d2-8674-3a07b3c929a4,20,14,6,1,0,1769406693,2026-01-26 00:53:27
2f580cf9-14e2-4300-ba22-f6d88d0312a5,4,1,3,21,0,1769406693,2026-01-26 00:53:27
1846086665080867236,9,1,8,10,0,1769406696,2026-01-26 00:53:27
ce95fbdd-b7d2-46fc-910d-5c170e4b7610,3,3,0,15,0,1769406695,2026-01-26 00:53:27
c066c90a-efb1-4f8b-aa15-38ba4edd4ebc,13,2,11,7,0,1769406695,2026-01-26 00:53:27
1845676816555735590,11,1,10,11,0,1769406695,2026-01-26 00:53:27
28be450b-7878-4495-add2-61afd94f375a,11,3,8,5,0,1769406692,2026-01-26 00:53:27
9092515e-eef6-478f-910f-1cd19d06bebb,28,10,18,5,0,1769406692,2026-01-26 00:53:27
a1acdab2-29c7-4956-8b2e-24b39dc2ff13,23,7,16,36,0,1769406699,2026-01-26 00:53:27
66dde197-0aca-11e7-82f6-3863bb44ef7c,10,10,0,29,0,1769406699,2026-01-26 00:53:27
66dc21d4-0aca-11e7-82f6-3863bb44ef7c,2,2,0,45,0,1769406699,2026-01-26 00:53:27
d7d297fd-36dc-42f2-8e3b-24b1003be874,15,7,8,1,0,1769406700,2026-01-26 00:53:27
341730d7-a61d-499d-8c07-fa015f644e54,56,45,11,28,0,1769406700,2026-01-26 00:53:27
9c1c3499-1b11-471f-b59a-87d9e27e15c5,21,3,18,1,0,1769406700,2026-01-26 00:53:27
4c3b6e25-b0c2-4a3f-b07e-cd60cd1b0ac0,1,1,0,17,0,1769406698,2026-01-26 00:53:27
2127386446510160022,0,0,0,18,0,1769406698,2026-01-26 00:53:27
1848242216849312578,10,2,8,8,0,1769406698,2026-01-26 00:53:27
66de5613-0aca-11e7-82f6-3863bb44ef7c,58,9,49,16,0,1769406698,2026-01-26 00:53:27
122111c9-9a61-4372-a756-fb2495611cb6,10,6,4,8,0,1769406699,2026-01-26 00:53:27
d34f2271-10ee-40c3-a93a-09df58860512,6,5,1,11,0,1769406699,2026-01-26 00:53:27
2026068766494475116,15,14,1,21,0,1769406699,2026-01-26 00:53:27
1851999409149780880,15,4,11,7,0,1769406701,2026-01-26 00:53:27
5780ae63-54e5-48e3-a00c-9c403cb75401,9,0,9,11,0,1769406702,2026-01-26 00:53:27
66db3273-0aca-11e7-82f6-3863bb44ef7c,42,36,6,4,0,1769406702,2026-01-26 00:53:27
1828967607558607844,2,1,1,14,0,1769406697,2026-01-26 00:53:27
66dbb869-0aca-11e7-82f6-3863bb44ef7c,6,2,4,13,0,1769406697,2026-01-26 00:53:27
1840540966407039246,17,0,17,2,0,1769406697,2026-01-26 00:53:27
1954806962718223342,37,24,13,1,0,1769406700,2026-01-26 00:53:27
c3d5f47f-cfc3-4c1f-86bb-bcf770d2949b,20,6,14,3,0,1769406701,2026-01-26 00:53:27
2c321ea3-e1dd-4d32-be70-bd158fe1f568,20,3,17,59,0,1769406702,2026-01-26 00:53:27
e3e6105e-eaa2-43c5-badb-fb8592ad7227,12,10,2,11,0,1769406703,2026-01-26 00:53:27
7a725e59-49be-4c1d-9c3d-3b3a8ed1232f,8,8,0,12,0,1769406704,2026-01-26 00:53:27
66dde845-0aca-11e7-82f6-3863bb44ef7c,26,24,2,11,0,1769406705,2026-01-26 00:53:27
1836581807397045112,3,1,2,20,0,1769406706,2026-01-26 00:53:27
1815968147129520346,1,1,0,19,0,1769406703,2026-01-26 00:53:27
bbb48e80-7d2f-4b3c-bb8c-591bc931945a,14,5,9,5,0,1769406703,2026-01-26 00:53:27
61bc2467-aa8c-4386-ba9e-3f01120bd6b8,16,5,11,6,0,1769406707,2026-01-26 00:53:27
88e64257-298c-4b8d-8886-77b9b66dcec1,10,4,6,41,0,1769406707,2026-01-26 00:53:27
2b54cb2c-31be-4620-a13c-0fa72b58c90a,18,18,0,8,0,1769406704,2026-01-26 00:53:27
66dda55f-0aca-11e7-82f6-3863bb44ef7c,14,9,5,17,0,1769406704,2026-01-26 00:53:27
35a5b4d6-2d90-4b60-b68b-03bb60fb1afc,3,3,0,16,0,1769406704,2026-01-26 00:53:27
bbaae5d3-7e2b-46a8-872e-152404c664f7,20,1,19,6,0,1769406710,2026-01-26 00:53:27
be2bdee1-e3e9-45cc-94f0-2ba81a722ba3,7,4,3,9,0,1769406710,2026-01-26 00:53:27
96a0b676-e966-4d96-b04b-ceb8149cedcd,4,3,1,17,0,1769406710,2026-01-26 00:53:27
b55f9b55-7fa7-4f0f-9732-78cbe07452e1,9,1,8,19,0,1769406710,2026-01-26 00:53:27
66dd1846-0aca-11e7-82f6-3863bb44ef7c,42,20,22,5,0,1769406711,2026-01-26 00:53:27
b9d3134b-697f-4a0f-b90f-d95f6c69ffda,5,1,4,13,0,1769406711,2026-01-26 00:53:27
db29242d-6ff3-4e22-85fe-45fa3d03ec39,1,1,0,18,0,1769406711,2026-01-26 00:53:27
1b22c037-207d-454a-90aa-8f22d0a8a7e3,14,1,13,7,0,1769406711,2026-01-26 00:53:27
66dcc30b-0aca-11e7-82f6-3863bb44ef7c,6,0,6,11,0,1769406706,2026-01-26 00:53:27
e780c290-0c52-4ab1-9719-a581be789df3,6,4,2,12,0,1769406706,2026-01-26 00:53:27
94f77501-32e5-4539-90c6-82d4198f7991,11,8,3,8,0,1769406706,2026-01-26 00:53:27
dfad8e49-7e1b-4376-90b4-7a449319f294,1,1,0,20,0,1769406708,2026-01-26 00:53:27
66dc4599-0aca-11e7-82f6-3863bb44ef7c,15,10,5,9,0,1769406708,2026-01-26 00:53:27
2126621966735272262,8,0,8,3,0,1769406708,2026-01-26 00:53:27
9a40cb60-6ede-4c9e-9d64-dc55cae57f31,5,2,3,20,0,1769406709,2026-01-26 00:53:27
1860189813948384088,20,12,8,1,0,1769406709,2026-01-26 00:53:27
1835247196073118026,9,1,8,7,0,1769406710,2026-01-26 00:53:27
66de099d-0aca-11e7-82f6-3863bb44ef7c,5,1,4,31,0,1769406709,2026-01-26 00:53:27
26176e86-8362-4c91-a693-6aa3f9ce0b73,5,3,2,12,0,1769406711,2026-01-26 00:53:27
a58ff2e3-a5ae-4070-a26d-ddfe8cc6fc58,19,15,4,1,0,1769406711,2026-01-26 00:53:27
d7904cd0-4b1b-47d0-8103-937bcf5ff845,11,5,6,2,0,1769406711,2026-01-26 00:53:27
328d778a-7e71-4240-acae-b84f0fdaa5c5,4,2,2,21,0,1769406712,2026-01-26 00:53:27
45e8c326-b12d-4be6-b040-bb6de9986d25,18,5,13,0,0,1769406712,2026-01-26 00:53:27
1064b4b0-e9c8-4139-ac48-f118305dbe69,5,3,2,17,0,1769406708,2026-01-26 00:53:27
1e6c5d0c-f406-4b60-88f6-6284a38d3930,2,0,2,15,0,1769406708,2026-01-26 00:53:27
66dbc60f-0aca-11e7-82f6-3863bb44ef7c,6,4,2,0,0,1769406465,2026-01-26 00:53:27
2366d8a4-7a49-42f3-9afe-efd2b200336b,8,8,0,13,0,1769406711,2026-01-26 00:53:27
42032bf9-4599-4035-bc01-c80bec1a7122,2,1,1,17,0,1769406712,2026-01-26 00:53:27
2144768975813378884,2,2,0,17,0,1769406713,2026-01-26 00:53:27
d3f51f51-7e51-4c75-8600-d76916608707,8,1,7,18,0,1769406713,2026-01-26 00:53:27
1817432104157364846,17,1,16,1,0,1769406714,2026-01-26 00:53:27
2576805f-9732-4c74-8f1d-57715e8cdfa2,10,4,6,18,0,1769406714,2026-01-26 00:53:27
66dc2238-0aca-11e7-82f6-3863bb44ef7c,25,21,4,52,0,1769406714,2026-01-26 00:53:27
1836581534415880440,1,0,1,25,0,1769406715,2026-01-26 00:53:27
dc34ba4c-d8e5-4674-a02e-210c950c05c1,4,3,1,20,0,1769406714,2026-01-26 00:53:27
62089e99-7f73-4f59-816d-57f9793484a1,12,1,11,7,0,1769406714,2026-01-26 00:53:27
7603028c-8b04-4918-8a25-a087ce57aea4,14,0,14,18,0,1769406713,2026-01-26 00:53:27
f4f9a09c-010c-430c-a766-3390c44b4962,2,2,0,14,0,1769406714,2026-01-26 00:53:27
66db3606-0aca-11e7-82f6-3863bb44ef7c,14,9,5,44,0,1769406714,2026-01-26 00:53:27
66ddede1-0aca-11e7-82f6-3863bb44ef7c,23,20,3,4,0,1769406717,2026-01-26 00:53:27
38bb1218-0a9e-41d9-b2ef-25c8626dac29,14,0,14,6,0,1769406717,2026-01-26 00:53:27
844c68cc-19f0-474a-86d3-4af170117aae,13,13,0,8,0,1769406718,2026-01-26 00:53:27
66de5095-0aca-11e7-82f6-3863bb44ef7c,4,2,2,14,0,1769406718,2026-01-26 00:53:27
2743a950-3a1f-4a58-8fe0-f4105033e0e3,7,6,1,13,0,1769406718,2026-01-26 00:53:27
3d339282-d5c7-41ec-b634-6a988aefd440,3,1,2,14,0,1769406715,2026-01-26 00:53:27
2687f2e1-3529-464d-82eb-e4f61440c563,0,0,0,15,0,1769406718,2026-01-26 00:53:27
b94d0241-bce7-44a9-ab1c-ece0740a4134,10,5,5,8,0,1769406718,2026-01-26 00:53:27
0b94cc1e-2327-4679-99d9-3b21ddc02051,22,9,13,7,0,1769406713,2026-01-26 00:53:27
582cd775-0178-47f5-b707-6d5869f077ba,13,2,11,15,0,1769406715,2026-01-26 00:53:27
3c6c0d12-80dd-4c49-b7c5-e3549588b8cf,9,1,8,15,0,1769406716,2026-01-26 00:53:27
9a52fbc1-d87a-4a65-941d-12fd55dbcdde,0,0,0,1,0,1769367207,2026-01-26 00:53:27
4d79bdb9-7c35-4d35-9f6e-3c1b849c453a,11,9,2,32,0,1769406720,2026-01-26 00:53:27
79c4a612-a5df-4814-9e6b-6305da61ebc4,18,0,18,0,0,1769406720,2026-01-26 00:53:27
1d167807-0aa8-413a-b7a0-01c2ca8a6a60,15,4,11,2,0,1769406718,2026-01-26 00:53:27
61647ec6-dfd6-4d1c-8800-d488d390c627,25,14,11,9,0,1769406719,2026-01-26 00:53:27
623c9658-5544-4254-847e-738763cf45a3,6,2,4,13,0,1769406719,2026-01-26 00:53:27
ca4795a2-6ab3-4597-bf59-f0155ac1637c,31,3,28,37,0,1769406722,2026-01-26 00:53:27
2123940148896639644,5,3,2,1,0,1769406682,2026-01-26 00:53:27
1947367330341251364,2,1,1,19,0,1769406723,2026-01-26 00:53:27
66dcac42-0aca-11e7-82f6-3863bb44ef7c,38,4,34,13,0,1769406723,2026-01-26 00:53:27
74feba30-26a5-4949-b3a0-d6e13ba1a20c,4,0,4,15,0,1769406721,2026-01-26 00:53:27
66dcbbfe-0aca-11e7-82f6-3863bb44ef7c,5,3,2,10,0,1769406721,2026-01-26 00:53:27
66dd039b-0aca-11e7-82f6-3863bb44ef7c,18,17,1,10,0,1769406721,2026-01-26 00:53:27
387e2863-83ad-4589-8004-794a7b624801,10,4,6,7,0,1769406723,2026-01-26 00:53:27
1786697003367719132,30,27,3,6,0,1769406723,2026-01-26 00:53:27
7a8b474b-7577-4316-a192-d57576d194a3,10,6,4,10,0,1769406723,2026-01-26 00:53:27
66dce567-0aca-11e7-82f6-3863bb44ef7c,5,0,5,15,0,1769406726,2026-01-26 00:53:27
66dc4b4c-0aca-11e7-82f6-3863bb44ef7c,17,14,3,39,0,1769406726,2026-01-26 00:53:27
66db402c-0aca-11e7-82f6-3863bb44ef7c,64,28,36,20,0,1769406727,2026-01-26 00:53:27
66dc1beb-0aca-11e7-82f6-3863bb44ef7c,44,25,19,61,0,1769406727,2026-01-26 00:53:27
1869753812884512816,2,1,1,18,0,1769406725,2026-01-26 00:53:27
66dde914-0aca-11e7-82f6-3863bb44ef7c,16,8,8,19,0,1769406725,2026-01-26 00:53:27
c809158b-ca8f-4a77-a800-8ee9d287c056,2,1,1,16,0,1769406726,2026-01-26 00:53:27
45865207-8700-4ef2-99ed-b08889ef0250,10,1,9,9,0,1769406726,2026-01-26 00:53:27
8d097a6d-f17c-4195-9dd4-42527b371c71,40,39,1,21,0,1769406727,2026-01-26 00:53:27
2124382079594320876,5,1,4,7,0,1769406727,2026-01-26 00:53:27
85b77b8d-32b8-4049-a407-64319916e2c5,0,0,0,18,0,1769406727,2026-01-26 00:53:27
141eb0e0-e78d-411a-a0be-202a6424cc93,14,0,14,10,0,1769406728,2026-01-26 00:53:27
594b4656-9d83-4301-8967-3b92c126531c,12,7,5,9,0,1769406728,2026-01-26 00:53:27
1851674145014649512,8,3,5,15,0,1769406724,2026-01-26 00:53:27
1861271680294357158,8,0,8,13,0,1769406724,2026-01-26 00:53:27
8ea09819-cd88-4732-b047-c0549f0b370f,21,13,8,8,0,1769406728,2026-01-26 00:53:27
66dcc5ca-0aca-11e7-82f6-3863bb44ef7c,0,0,0,0,0,1769406729,2026-01-26 00:53:27
2f656bc4-7743-4326-8330-a22bd41d9d17,15,1,14,19,0,1769406732,2026-01-26 00:53:27
9d95a4a9-bcfe-4189-bb7d-abd9992ecbaf,5,0,5,10,0,1769406731,2026-01-26 00:53:27
f001fac9-5f19-451e-a752-afde574a8c81,0,0,0,15,0,1769406732,2026-01-26 00:53:27
1880644160834607498,19,12,7,3,0,1769406729,2026-01-26 00:53:27
d3433b47-99a7-4b21-9fa7-d7052bb5c23b,2,2,0,15,0,1769406730,2026-01-26 00:53:27
ad41e353-033e-484f-8d76-78014e11e9d7,2,1,1,15,0,1769406730,2026-01-26 00:53:27
284b08f2-3d26-4f52-9463-25e4a07c16f7,13,2,11,12,0,1769406730,2026-01-26 00:53:27
66de10a8-0aca-11e7-82f6-3863bb44ef7c,18,5,13,10,0,1769406730,2026-01-26 00:53:27
66dd2811-0aca-11e7-82f6-3863bb44ef7c,3,0,3,39,0,1769406731,2026-01-26 00:53:27
66dd448f-0aca-11e7-82f6-3863bb44ef7c,23,23,0,20,0,1769406731,2026-01-26 00:53:27
4034789e-b70d-4aae-bf18-3ed37a4d751f,11,2,9,8,0,1769406731,2026-01-26 00:53:27
1861681121800951962,19,9,10,4,0,1769406731,2026-01-26 00:53:27
fa14408f-6e88-4668-86ee-ce10ea707f36,56,16,40,13,0,1769406731,2026-01-26 00:53:27
66dcbe7c-0aca-11e7-82f6-3863bb44ef7c,9,4,5,9,0,1769406730,2026-01-26 00:53:27
285ad3c2-3ffe-45bb-8765-9c20a69641a6,6,0,6,8,0,1769406731,2026-01-26 00:53:27
cc758f1a-8b28-4ff5-bc75-fbe62c453378,6,0,6,14,0,1769406730,2026-01-26 00:53:27
0109f17a-2378-4500-9648-88bdb31ec612,30,2,28,2,0,1769406732,2026-01-26 00:53:27
15cb007b-bfca-4ad7-bfc6-44bf3d36785a,25,0,25,3,0,1769406732,2026-01-26 00:53:27
2124037775602344266,3,0,3,10,0,1769406714,2026-01-26 00:53:27
66ddee56-0aca-11e7-82f6-3863bb44ef7c,12,9,3,6,0,1769406733,2026-01-26 00:53:27
cd118a8f-a7d1-4b7a-a6d3-d9e875cb29df,18,14,4,6,0,1769406733,2026-01-26 00:53:27
203d7b9a-8666-4af1-81c7-f9fc36aa0952,1,1,0,17,0,1769406733,2026-01-26 00:53:27
df243d7f-e6ae-435c-9895-aecbcff9cada,23,15,8,5,0,1769406733,2026-01-26 00:53:27
1860188194745712748,16,1,15,5,0,1769406734,2026-01-26 00:53:27
66de2a00-0aca-11e7-82f6-3863bb44ef7c,19,4,15,11,0,1769406734,2026-01-26 00:53:27
36edabac-a0c2-471b-abaf-73fdb53a4e5f,4,2,2,15,0,1769406734,2026-01-26 00:53:27
66dea894-0aca-11e7-82f6-3863bb44ef7c,44,28,16,1,0,1769406734,2026-01-26 00:53:27
66dde8ac-0aca-11e7-82f6-3863bb44ef7c,3,2,1,34,0,1769406734,2026-01-26 00:53:27
1796642668661690940,16,0,16,3,0,1769406737,2026-01-26 00:53:27
83d1ff16-ba56-4eae-aa6a-b37b6439db82,3,1,2,26,0,1769406737,2026-01-26 00:53:27
de6f4206-3aa9-4cb9-aae0-8547d2cd6854,20,1,19,0,0,1769406737,2026-01-26 00:53:27
59ad8f95-32a4-43de-b1c3-79c667b2d2df,1,1,0,26,0,1769406735,2026-01-26 00:53:27
fda0c217-9504-4b26-8a25-e40b603ee5fa,1,1,0,15,0,1769406736,2026-01-26 00:53:27
901cab1a-a77e-424e-b602-16883e792f93,1,0,1,18,0,1769406736,2026-01-26 00:53:27
1899178885660253096,24,20,4,0,0,1769406736,2026-01-26 00:53:27
0f536c08-dde3-40af-a66d-1fe1e7edecd2,3,1,2,17,0,1769406734,2026-01-26 00:53:27
66dea674-0aca-11e7-82f6-3863bb44ef7c,11,0,11,10,0,1769406739,2026-01-26 00:53:27
66db40ef-0aca-11e7-82f6-3863bb44ef7c,42,25,17,10,0,1769406739,2026-01-26 00:53:27
1846086138339179502,13,7,6,5,0,1769406739,2026-01-26 00:53:27
66dd0808-0aca-11e7-82f6-3863bb44ef7c,11,2,9,14,0,1769406740,2026-01-26 00:53:27
1932126716328112534,20,1,19,3,0,1769406740,2026-01-26 00:53:27
547cdccc-7864-4898-97c9-8798d924ef54,50,39,11,15,0,1769406741,2026-01-26 00:53:27
66de4594-0aca-11e7-82f6-3863bb44ef7c,17,6,11,6,0,1769406741,2026-01-26 00:53:27
66db63f4-0aca-11e7-82f6-3863bb44ef7c,3,1,2,12,0,1769406741,2026-01-26 00:53:27
632b140c-65de-4f50-9cc2-c001ae011aea,15,6,9,44,0,1769406741,2026-01-26 00:53:27
625711ba-3b5d-46a7-a8f9-7f4eb17ec1be,7,3,4,16,0,1769406741,2026-01-26 00:53:27
647a2a80-9630-41b0-9b91-1f464b0bf3cc,52,52,0,26,0,1769406741,2026-01-26 00:53:27
66dbe7b6-0aca-11e7-82f6-3863bb44ef7c,9,9,0,19,0,1769406738,2026-01-26 00:53:27
c0e0e578-8ce8-4c9d-be47-b902d8a41050,2,1,1,16,0,1769406739,2026-01-26 00:53:27
2126579471787670468,8,1,7,10,0,1769406734,2026-01-26 00:53:27
5c3c345d-1975-400d-a9d8-18815816886e,31,31,0,22,0,1769406739,2026-01-26 00:53:27
40fd82d6-c0e9-4876-adfb-816140ecfc39,4,3,1,13,0,1769406742,2026-01-26 00:53:27
1828969515711812276,16,11,5,0,0,1769406742,2026-01-26 00:53:27
821b19c1-ab13-4482-9580-770288a377a7,4,2,2,37,0,1769406743,2026-01-26 00:53:27
66ddd369-0aca-11e7-82f6-3863bb44ef7c,54,43,11,10,0,1769406740,2026-01-26 00:53:27
66dc259a-0aca-11e7-82f6-3863bb44ef7c,12,4,8,68,0,1769406741,2026-01-26 00:53:27
66db2fd0-0aca-11e7-82f6-3863bb44ef7c,18,6,12,13,0,1769406741,2026-01-26 00:53:27
a2f71eea-05a2-4fe7-99ab-f74535c880ae,4,4,0,16,0,1769406742,2026-01-26 00:53:27
cac843c2-8b21-47bb-a3b9-712f95d7f7aa,15,4,11,1,0,1769406740,2026-01-26 00:53:27
66db2d2b-0aca-11e7-82f6-3863bb44ef7c,24,22,2,24,0,1769406743,2026-01-26 00:53:27
3eed817a-63e5-424b-8ed3-c809db5488f7,49,18,31,0,0,1769406746,2026-01-26 00:53:27
9b70cbe2-25fc-42f8-b6e6-ac21ef248e4b,2,0,2,16,0,1769406746,2026-01-26 00:53:27
66dc1c5c-0aca-11e7-82f6-3863bb44ef7c,66,56,10,8,0,1769406747,2026-01-26 00:53:27
eb41a103-0196-4f19-a440-256167191a7d,1,1,0,15,0,1769406746,2026-01-26 00:53:27
66dc41bb-0aca-11e7-82f6-3863bb44ef7c,22,15,7,30,0,1769406747,2026-01-26 00:53:27
158e7752-27e2-4912-be0b-eb15405aa096,11,6,5,7,0,1769406747,2026-01-26 00:53:27
66dc7cc3-0aca-11e7-82f6-3863bb44ef7c,27,14,13,12,0,1769406745,2026-01-26 00:53:27
1834145330979754058,0,0,0,27,0,1769406745,2026-01-26 00:53:27
d6834194-029d-4e2d-83b0-ee78ab5acda2,10,1,9,5,0,1769406745,2026-01-26 00:53:27
66db64d1-0aca-11e7-82f6-3863bb44ef7c,10,0,10,10,0,1769406748,2026-01-26 00:53:27
a4bb6fac-b795-4aa7-a266-613419019290,2,1,1,16,0,1769406748,2026-01-26 00:53:27
1869851741257474316,25,0,25,1,0,1769406748,2026-01-26 00:53:27
1869753195262578852,5,1,4,12,0,1769406746,2026-01-26 00:53:27
b608193c-46ae-4b61-9e7a-4671e7c3b96e,3,0,3,14,0,1769406745,2026-01-26 00:53:27
d1138533-504c-4d29-b71c-299e1d31f159,21,8,13,14,0,1769406746,2026-01-26 00:53:27
66de2556-0aca-11e7-82f6-3863bb44ef7c,49,42,7,27,0,1769406746,2026-01-26 00:53:27
59e3766c-0629-4ff1-a1d9-bc0514a55487,9,4,5,13,0,1769406743,2026-01-26 00:53:27
648e09b6-95c2-40d3-9dac-a43f22eccf38,6,0,6,16,0,1769406744,2026-01-26 00:53:27
66db8d89-0aca-11e7-82f6-3863bb44ef7c,49,41,8,6,0,1769406744,2026-01-26 00:53:27
66dea596-0aca-11e7-82f6-3863bb44ef7c,11,4,7,12,0,1769406745,2026-01-26 00:53:27
f91170e6-a33c-4870-94da-9d51510515d2,3,1,2,13,0,1769406747,2026-01-26 00:53:27
66dc0cc7-0aca-11e7-82f6-3863bb44ef7c,19,15,4,30,0,1769406750,2026-01-26 00:53:27
4b67c6e0-d603-4fbc-afbe-0b8952f4f7af,20,1,19,14,0,1769406750,2026-01-26 00:53:27
66dd1585-0aca-11e7-82f6-3863bb44ef7c,38,7,31,0,0,1769406750,2026-01-26 00:53:27
d7632897-a6eb-4f8f-9ab2-c66426620fbf,8,0,8,6,0,1769406750,2026-01-26 00:53:27
d9ea5210-50b3-4342-9801-f896bd21f4a1,1,1,0,22,0,1769406750,2026-01-26 00:53:27
e0b80983-c520-47e3-9c8d-a17fff5e5582,16,2,14,2,0,1769406749,2026-01-26 00:53:27
c63e9937-cadb-4813-aee3-5fd3fcc93767,1,0,1,18,0,1769406749,2026-01-26 00:53:27
66dbe8d6-0aca-11e7-82f6-3863bb44ef7c,20,19,1,30,0,1769406749,2026-01-26 00:53:27
1815967159287043052,7,1,6,15,0,1769406749,2026-01-26 00:53:27
d7bdc3d7-6e6d-4899-9cc7-f4238a86c695,1,0,1,22,0,1769406749,2026-01-26 00:53:27
1828968794479100296,9,3,6,8,0,1769406753,2026-01-26 00:53:27
e612122d-e0fd-4ebf-8d51-0f48f9d1b580,16,0,16,4,0,1769406753,2026-01-26 00:53:27
1903998756008763590,2,0,2,49,0,1769406753,2026-01-26 00:53:27
1838999521825487230,19,0,19,0,0,1769406753,2026-01-26 00:53:27
66db7637-0aca-11e7-82f6-3863bb44ef7c,15,1,14,26,0,1769406753,2026-01-26 00:53:27
66dded7a-0aca-11e7-82f6-3863bb44ef7c,5,2,3,23,0,1769406753,2026-01-26 00:53:27
66de0933-0aca-11e7-82f6-3863bb44ef7c,23,1,22,4,0,1769406753,2026-01-26 00:53:27
66db2afe-0aca-11e7-82f6-3863bb44ef7c,0,0,0,0,0,1769366833,2026-01-26 00:53:27
b62bcd96-c2db-447c-bdd5-d3c18f174858,8,0,8,9,0,1769406751,2026-01-26 00:53:27
1815968026870435892,10,6,4,12,0,1769406751,2026-01-26 00:53:27
2104275164415193448,31,4,27,34,0,1769406751,2026-01-26 00:53:27
36b55a0f-e55d-4849-859a-09b3273fb782,12,1,11,8,0,1769406751,2026-01-26 00:53:27
93c28953-7e65-436e-9c5a-9d7ca0e3729f,0,0,0,23,0,1769406752,2026-01-26 00:53:27
ad17bd9a-735b-4a11-8ad3-dc7800e342af,22,8,14,10,0,1769406751,2026-01-26 00:53:27
1854538169357726138,0,0,0,17,0,1769406756,2026-01-26 00:53:27
1786375069262703476,19,7,12,9,0,1769406735,2026-01-26 00:53:27
c0c6a931-c1d3-4202-a433-c4127a4cd846,0,0,0,19,0,1769406756,2026-01-26 00:53:27
66dd4b2b-0aca-11e7-82f6-3863bb44ef7c,33,28,5,14,0,1769406756,2026-01-26 00:53:27
1841240663447542046,13,13,0,6,0,1769406757,2026-01-26 00:53:27
66de48f9-0aca-11e7-82f6-3863bb44ef7c,15,0,15,3,0,1769406757,2026-01-26 00:53:27
66de5773-0aca-11e7-82f6-3863bb44ef7c,5,1,4,8,0,1769406758,2026-01-26 00:53:27
8b1222da-612f-4482-ab34-9467c4ed28e3,8,2,6,13,0,1769406759,2026-01-26 00:53:27
67f60e7e-397a-4e47-b7f9-d10bd67133b3,2,1,1,48,0,1769406755,2026-01-26 00:53:27
2126274308236524392,3,1,2,8,0,1769406755,2026-01-26 00:53:27
55fda28d-56a8-4db2-b42a-072714f18471,16,1,15,1,0,1769406757,2026-01-26 00:53:27
a33a2d11-33a5-46ad-a086-5698ac17b7b4,29,11,18,0,0,1769406757,2026-01-26 00:53:27
b4063b76-1abd-465c-96a4-45f6ee016bc5,4,3,1,11,0,1769406757,2026-01-26 00:53:27
1828965671716082498,13,3,10,5,0,1769406758,2026-01-26 00:53:27
cad68b8c-6d68-4c5f-88fe-b1aa3e40727a,8,0,8,13,0,1769406755,2026-01-26 00:53:27
a3e2b360-f050-48ea-b8c8-57d897b8f7fc,5,5,0,12,0,1769406755,2026-01-26 00:53:27
dd351a72-4241-4275-843d-0fffa8a1f414,3,2,1,20,0,1769406758,2026-01-26 00:53:27
1861682702044957494,5,4,1,13,0,1769406754,2026-01-26 00:53:27
3c135a2e-eeea-4e81-9c0a-8d14a6049198,9,2,7,11,0,1769406754,2026-01-26 00:53:27
e5b2a7ce-d867-465b-8446-743e00617068,2,1,1,18,0,1769406754,2026-01-26 00:53:27
eafa19ed-88c2-4efc-bd73-3961f85b6063,25,23,2,16,0,1769406763,2026-01-26 00:53:27
4bbf50a9-47c2-4a32-97c2-1f6bc4f9d401,19,3,16,12,0,1769406762,2026-01-26 00:53:27
ba0a4ada-c9f6-48b4-a7b3-7220f6fb88c2,4,2,2,20,0,1769406762,2026-01-26 00:53:27
3c8847a6-c12a-40fd-9b22-4582ac1a0d9d,22,20,2,1,0,1769406763,2026-01-26 00:53:27
96878d29-481d-48dc-bcdc-a5f1ce88c76d,10,1,9,8,0,1769406763,2026-01-26 00:53:27
be8e6f1c-e8b5-40bd-896d-423052ba3bbc,3,3,0,13,0,1769406764,2026-01-26 00:53:27
1d130e43-0408-4423-bb52-77a08372cefa,3,1,2,24,0,1769406764,2026-01-26 00:53:27
6076e321-85d8-4e0e-ae18-86bb8cbbda1b,15,0,15,2,0,1769406764,2026-01-26 00:53:27
f3c68cfb-52fd-48c8-b6e5-85c179fee0b3,8,2,6,13,0,1769406764,2026-01-26 00:53:27
66db69d0-0aca-11e7-82f6-3863bb44ef7c,24,14,10,9,0,1769406764,2026-01-26 00:53:27
1318e05a-2506-43c6-b49d-4c1f7f69a267,11,9,2,4,0,1769406761,2026-01-26 00:53:27
23bc4d9b-1ec2-45fb-9228-e41517346b24,12,6,6,1,0,1769406761,2026-01-26 00:53:27
1846085927885781554,7,0,7,12,0,1769406761,2026-01-26 00:53:27
1885439359712500016,1,1,0,22,0,1769406762,2026-01-26 00:53:27
1846085626867634660,1,1,0,17,0,1769406757,2026-01-26 00:53:27
4eb6d6a8-ecc1-4e89-a586-4f96ed3d83e1,1,1,0,25,0,1769406757,2026-01-26 00:53:27
66dd546c-0aca-11e7-82f6-3863bb44ef7c,12,3,9,10,0,1769406766,2026-01-26 00:53:27
d8673258-9513-4ed2-86bf-bef62e7e4e30,4,3,1,10,0,1769406766,2026-01-26 00:53:27
a0eec052-257a-4c79-8171-6e2ad9864ad0,24,10,14,5,0,1769406766,2026-01-26 00:53:27
44a80c48-c1a9-4ff1-92eb-6bf8be492f5e,13,10,3,7,0,1769406766,2026-01-26 00:53:27
66de08c9-0aca-11e7-82f6-3863bb44ef7c,8,1,7,12,0,1769406766,2026-01-26 00:53:27
002e6e9f-ced2-47b0-bc7e-ccf38c3b4b0f,4,0,4,14,0,1769406766,2026-01-26 00:53:27
90c35466-db3c-4b0d-993e-6e92883773b4,43,27,16,22,0,1769406767,2026-01-26 00:53:27
66de867e-0aca-11e7-82f6-3863bb44ef7c,1,1,0,33,0,1769406769,2026-01-26 00:53:27
bb32aad7-8308-4ff8-b073-d5b518ffdd09,7,7,0,29,0,1769406769,2026-01-26 00:53:27
66db34fc-0aca-11e7-82f6-3863bb44ef7c,2,0,2,29,0,1769406769,2026-01-26 00:53:27
66db88f5-0aca-11e7-82f6-3863bb44ef7c,14,5,9,24,0,1769406761,2026-01-26 00:53:27
724aeecc-8c91-4afc-b97c-72a98de452c9,0,0,0,17,0,1769406762,2026-01-26 00:53:27
361dd964-db79-47dd-b044-eac88c735249,0,0,0,18,0,1769406762,2026-01-26 00:53:27
d5d589e6-457f-4cd4-bf78-59165dce28b2,25,15,10,2,0,1769406762,2026-01-26 00:53:27
66dc2bc5-0aca-11e7-82f6-3863bb44ef7c,7,4,3,102,0,1769406762,2026-01-26 00:53:27
ecc52c52-e2d9-4e73-8f9c-18ad8e9b0606,3,0,3,19,0,1769406765,2026-01-26 00:53:27
ebfafca3-5818-4e6f-8374-98f44a0ca0c6,2,2,0,23,0,1769406766,2026-01-26 00:53:27
0e003543-3656-448f-8a93-029d265f2e26,19,4,15,14,0,1769406765,2026-01-26 00:53:27
1828967027013302842,6,0,6,11,0,1769406767,2026-01-26 00:53:27
344b52b0-73a9-4fe3-9132-23d0502dc0ae,10,6,4,11,0,1769406768,2026-01-26 00:53:27
66db7a71-0aca-11e7-82f6-3863bb44ef7c,4,4,0,35,0,1769406767,2026-01-26 00:53:27
66db74a5-0aca-11e7-82f6-3863bb44ef7c,38,9,29,13,0,1769406768,2026-01-26 00:53:27
88ee054e-bdeb-4305-8f3b-76eb964f2c84,4,3,1,10,0,1769406768,2026-01-26 00:53:27
66db2db5-0aca-11e7-82f6-3863bb44ef7c,43,1,42,11,0,1769406768,2026-01-26 00:53:27
66dbc551-0aca-11e7-82f6-3863bb44ef7c,32,20,12,22,0,1769406765,2026-01-26 00:53:27
66dce5c9-0aca-11e7-82f6-3863bb44ef7c,9,0,9,8,0,1769406765,2026-01-26 00:53:27
5db1fefa-0f10-4c58-a7ce-113f3164ced8,13,5,8,2,0,1769406765,2026-01-26 00:53:27
b516fedb-3ced-4683-8c17-7e5f6dadf04d,17,1,16,14,0,1769406769,2026-01-26 00:53:27
f15ccc6e-5a7c-46e7-b505-0bfc9cae3d83,7,3,4,22,0,1769406767,2026-01-26 00:53:27
66dc192f-0aca-11e7-82f6-3863bb44ef7c,11,0,11,11,0,1769406771,2026-01-26 00:53:27
66dd491c-0aca-11e7-82f6-3863bb44ef7c,10,7,3,24,0,1769406771,2026-01-26 00:53:27
66dea6e1-0aca-11e7-82f6-3863bb44ef7c,6,4,2,59,0,1769406771,2026-01-26 00:53:27
3e9e50cc-f336-439f-bd0b-dec5499c038d,35,32,3,10,0,1769406771,2026-01-26 00:53:27
66dd2208-0aca-11e7-82f6-3863bb44ef7c,17,4,13,23,0,1769406771,2026-01-26 00:53:27
66db44e5-0aca-11e7-82f6-3863bb44ef7c,12,3,9,26,0,1769406771,2026-01-26 00:53:27
db41cc62-86ea-4421-bfaf-9b6511cfee10,2,2,0,28,0,1769406772,2026-01-26 00:53:27
1869439561831725810,12,12,0,11,0,1769406771,2026-01-26 00:53:27
66de2b97-0aca-11e7-82f6-3863bb44ef7c,27,27,0,12,0,1769406772,2026-01-26 00:53:27
66dc252e-0aca-11e7-82f6-3863bb44ef7c,27,3,24,7,0,1769406772,2026-01-26 00:53:27
3863f086-ae35-4d0e-8c91-2b6e3e5827a1,13,3,10,23,0,1769406772,2026-01-26 00:53:27
550153a5-2ea1-4c76-b1cd-77667005f55d,16,2,14,10,0,1769406772,2026-01-26 00:53:27
66de4078-0aca-11e7-82f6-3863bb44ef7c,4,3,1,17,0,1769406772,2026-01-26 00:53:27
cc834d78-6eca-450a-ae00-a5ffc6f1a7a6,14,0,14,0,0,1769406773,2026-01-26 00:53:27
55f6b830-e43e-4227-bfc7-683465236d94,18,2,16,28,0,1769406773,2026-01-26 00:53:27
1875433315773395778,7,3,4,23,0,1769406773,2026-01-26 00:53:27
d33261e6-600e-4756-ad03-a9facbd8ace1,12,2,10,7,0,1769406773,2026-01-26 00:53:27
668ef22c-4665-4f42-bf6a-ab9e8a2899b1,4,2,2,22,0,1769406775,2026-01-26 00:53:27
1856766912456610780,2,1,1,20,0,1769406775,2026-01-26 00:53:27
e58234a3-5b23-427e-948f-c1e4571b2bfa,23,4,19,35,0,1769406775,2026-01-26 00:53:27
9e5fd5b6-c5f2-4694-9406-a44b7d0146d9,25,20,5,11,0,1769406776,2026-01-26 00:53:27
66db4671-0aca-11e7-82f6-3863bb44ef7c,44,36,8,1,0,1769406776,2026-01-26 00:53:27
c2800791-1911-4f2b-8fc7-bed280c557c0,35,26,9,7,0,1769406776,2026-01-26 00:53:27
a8560d28-9ee1-4af4-9180-7e9c4dd0d147,13,4,9,4,0,1769406774,2026-01-26 00:53:27
ccfa8b82-07a7-4a08-88fc-be261c30a4ca,5,3,2,16,0,1769406774,2026-01-26 00:53:27
1828967830172187422,0,0,0,26,0,1769406774,2026-01-26 00:53:27
66de5e5b-0aca-11e7-82f6-3863bb44ef7c,7,4,3,35,0,1769406775,2026-01-26 00:53:27
fe93b3ae-1d86-4ee9-9eb6-9e11808966aa,0,0,0,20,0,1769406775,2026-01-26 00:53:27
1814900632709495794,16,1,15,4,0,1769406775,2026-01-26 00:53:27
062ffe5a-aa91-412d-8210-23d562c7e7f8,2,2,0,17,0,1769406773,2026-01-26 00:53:27
18fcd2c1-dc8b-4a52-9f18-e9b9003bbea5,28,26,2,23,0,1769406774,2026-01-26 00:53:27
18846fd4-877c-4971-9b6f-1bd8fbc10346,3,1,2,17,0,1769406770,2026-01-26 00:53:27
dad3b7df-ec40-4d54-bfdb-5e82be84d742,21,21,0,0,0,1769406770,2026-01-26 00:53:27
1828966363527611286,14,0,14,2,0,1769406772,2026-01-26 00:53:27
2137774972219769002,7,1,6,2,0,1769406776,2026-01-26 00:53:27
66dbf4ac-0aca-11e7-82f6-3863bb44ef7c,9,3,6,32,0,1769406776,2026-01-26 00:53:27
43f3d3c7-46b0-4812-879d-15afe8804c5f,24,12,12,0,0,1769406776,2026-01-26 00:53:27
66ddeffd-0aca-11e7-82f6-3863bb44ef7c,9,4,5,10,0,1769406777,2026-01-26 00:53:27
085da8d4-9465-46f0-82d1-10c9c9177d64,1,0,1,17,0,1769406777,2026-01-26 00:53:27
66dc8f1f-0aca-11e7-82f6-3863bb44ef7c,19,11,8,32,0,1769406777,2026-01-26 00:53:27
c46a2889-258b-4fc5-a452-1d4e7dfe683a,2,0,2,15,0,1769406777,2026-01-26 00:53:27
1b985e4b-88de-42a8-95be-dce37dbbc5c5,13,5,8,10,0,1769406777,2026-01-26 00:53:27
66de482a-0aca-11e7-82f6-3863bb44ef7c,12,8,4,4,0,1769406777,2026-01-26 00:53:27
66dc8b6a-0aca-11e7-82f6-3863bb44ef7c,49,6,42,3,0,1769406778,2026-01-26 00:53:27
04d557d6-6bc3-4244-b0f1-81ed1449ccd6,16,13,3,0,0,1769406778,2026-01-26 00:53:27
993fc83f-52c6-43f4-bb49-4abe4ad48150,0,0,0,20,0,1769406777,2026-01-26 00:53:27
78b4aa30-e4e9-4447-9419-c89f8527892e,5,4,1,14,0,1769406778,2026-01-26 00:53:27
1f872052-38c4-4701-96c4-c363de51c2b5,27,7,20,30,0,1769406778,2026-01-26 00:53:27
66dcf0b3-0aca-11e7-82f6-3863bb44ef7c,16,11,5,9,0,1769406778,2026-01-26 00:53:27
bc346753-b68a-4cb3-b93f-b0be68227eae,2,1,1,19,0,1769406778,2026-01-26 00:53:27
aa8fc8b7-b66c-41d9-9885-30b8af599378,0,0,0,0,0,86400,2026-01-26 00:53:27
1906248765431831024,0,0,0,0,0,86400,2026-01-26 00:53:27
067d5007-bda5-4697-b0a2-ccc2837f295c,0,0,0,0,0,86400,2026-01-26 00:53:27
1954778813955578360,0,0,0,0,0,86400,2026-01-26 00:53:27
2171904301452603832,0,0,0,0,0,86400,2026-01-26 00:53:27
2124037384760320326,0,0,0,0,0,86400,2026-01-26 00:53:27
2177017859487560566,0,0,0,0,0,86400,2026-01-26 00:53:27
2177015913867375458,0,0,0,0,0,86400,2026-01-26 00:53:27
2176731427905421244,0,0,0,0,0,86400,2026-01-26 00:53:27
2177016650782707004,0,0,0,0,0,86400,2026-01-26 00:53:27
2177017052188360762,0,0,0,0,0,86400,2026-01-26 00:53:27
2177017636303913026,0,0,0,0,0,86400,2026-01-26 00:53:27
66dc0c53-0aca-11e7-82f6-3863bb44ef7c,0,0,0,12,0,1769405885,2026-01-26 00:53:27
29b21bd8-2459-4727-b1f0-d73592db3321,0,0,0,16,0,1769366284,2026-01-26 00:53:27
66db3cab-0aca-11e7-82f6-3863bb44ef7c,10,3,7,16,0,1769406672,2026-01-26 00:53:27
66dba0ba-0aca-11e7-82f6-3863bb44ef7c,11,3,8,30,0,1769406672,2026-01-26 00:53:27
66dd4051-0aca-11e7-82f6-3863bb44ef7c,16,9,7,32,0,1769406673,2026-01-26 00:53:27
1960020817312746312,47,24,23,66,0,1769406671,2026-01-26 00:53:27
18267c09-1916-48d8-951c-caf88c89edd1,2,2,0,17,0,1769406671,2026-01-26 00:53:27
4cd5a87d-7618-4a15-892d-8cf29eec865c,13,1,12,1,0,1769406673,2026-01-26 00:53:27
d473f31f-68f2-4777-a364-ed127db04345,5,0,5,9,0,1769406673,2026-01-26 00:53:27
9e99abca-c679-4788-9a4e-39066660bd6a,2,1,1,14,0,1769406669,2026-01-26 00:53:27
1828967717120678322,6,0,6,15,0,1769406669,2026-01-26 00:53:27
b3a9057e-7ff6-4117-b96e-e71c173cf1e9,10,1,9,8,0,1769406675,2026-01-26 00:53:27
a35d03cf-bd72-4da4-a4ac-bd25b3f8dce3,12,6,6,6,0,1769406672,2026-01-26 00:53:27
66dcf897-0aca-11e7-82f6-3863bb44ef7c,13,6,7,16,0,1769406671,2026-01-26 00:53:27
1828966882896859944,2,1,1,16,0,1769406670,2026-01-26 00:53:27
66db30e0-0aca-11e7-82f6-3863bb44ef7c,13,12,1,79,0,1769406670,2026-01-26 00:53:27
8a24490d-d5c5-4bac-9e36-56967834fc10,0,0,0,19,0,1769406679,2026-01-26 00:53:27
412c1416-d15b-4e6a-9691-da4c3cc0d0d2,56,42,14,4,0,1769406679,2026-01-26 00:53:27
66de06ef-0aca-11e7-82f6-3863bb44ef7c,15,3,12,6,0,1769406679,2026-01-26 00:53:27
1828968691399885056,9,0,9,6,0,1769406680,2026-01-26 00:53:27
b3c8aaaf-6e1c-4f56-9391-b79e883b8009,3,1,2,20,0,1769406680,2026-01-26 00:53:27
98af0e1d-ea33-4c6e-95fe-97846e81081e,15,11,4,6,0,1769406675,2026-01-26 00:53:27
1794096976946852066,50,38,12,9,0,1769406676,2026-01-26 00:53:27
a1cf7115-8e38-4300-aac8-3a2fddca0e23,21,3,18,9,0,1769406675,2026-01-26 00:53:27
21361381-fd4a-44a4-bfa7-61f075192ce9,5,4,1,19,0,1769406677,2026-01-26 00:53:27
6853d09a-cbd8-4378-bc23-02e8bba0b4da,4,2,2,17,0,1769406679,2026-01-26 00:53:27
66dbc982-0aca-11e7-82f6-3863bb44ef7c,32,28,4,75,0,1769406677,2026-01-26 00:53:27
1838070703178521596,1,1,0,18,0,1769406676,2026-01-26 00:53:27
c83e1ef5-776e-417e-8ee2-d08ca121f884,12,12,0,10,0,1769406676,2026-01-26 00:53:27
720c0d64-7828-4dba-bff9-4d99f4e3a9fc,4,3,1,16,0,1769406658,2026-01-26 00:53:27
6fd84197-56e2-47df-849f-701aca0e7cc3,4,4,0,12,0,1769406658,2026-01-26 00:53:27
56e18295-f760-4bf3-8aa3-5a1e4ebf606f,13,3,10,6,0,1769406658,2026-01-26 00:53:27
0f9423bd-98dd-4919-b6e3-28880ff7ecca,3,2,1,15,0,1769406659,2026-01-26 00:53:27
05b9e7cd-f3a2-4d48-b7c4-f5fbe09d9de3,15,2,13,10,0,1769406659,2026-01-26 00:53:27
1e226f22-034f-4b99-8184-a8eaa591fbd8,23,21,2,25,0,1769406660,2026-01-26 00:53:27
74a1dc19-f894-4246-99f1-476a92452995,3,2,1,22,0,1769406660,2026-01-26 00:53:27
968d40e0-2a5b-4f6c-a161-fad1631b609b,2,1,1,12,0,1769406660,2026-01-26 00:53:27
1835250318514342456,11,3,8,16,0,1769406660,2026-01-26 00:53:27
17c45d34-0d8d-46ba-9078-e9a2a7c5867c,7,1,6,22,0,1769406663,2026-01-26 00:53:27
66de07ec-0aca-11e7-82f6-3863bb44ef7c,20,2,18,1,0,1769406661,2026-01-26 00:53:27
bca594e5-779f-4866-bd6b-818871f97d38,24,1,23,1,0,1769406661,2026-01-26 00:53:27
454b4a83-d0b1-42a2-8163-261e2a9d6ab9,7,5,2,72,0,1769406662,2026-01-26 00:53:27
1817432787057164808,11,2,9,8,0,1769406661,2026-01-26 00:53:27
1860189426558126796,10,1,9,11,0,1769406660,2026-01-26 00:53:27
3bf91ca1-14fd-4e51-858e-36a203f1af2a,3,3,0,15,0,1769406661,2026-01-26 00:53:27
66de1b5b-0aca-11e7-82f6-3863bb44ef7c,3,3,0,16,0,1769406707,2026-01-26 00:53:27
1843486301383097150,2,1,1,23,0,1769406707,2026-01-26 00:53:27
897e8739-ee1d-4b2e-b151-ad7e64e87697,12,3,9,16,0,1769406707,2026-01-26 00:53:27
1817627670084542818,1,0,1,20,0,1769406703,2026-01-26 00:53:27
50e05a9f-dce6-4315-a10d-1fa786fc18ee,27,20,7,21,0,1769406704,2026-01-26 00:53:27
66ddb41c-0aca-11e7-82f6-3863bb44ef7c,25,23,2,8,0,1769406702,2026-01-26 00:53:27
1817432606668538118,11,10,1,12,0,1769406702,2026-01-26 00:53:27
1914337145288845316,14,0,14,6,0,1769406703,2026-01-26 00:53:27
2039088532741595744,36,9,27,14,0,1769406703,2026-01-26 00:53:27
66dde9af-0aca-11e7-82f6-3863bb44ef7c,0,0,0,27,0,1769406703,2026-01-26 00:53:27
66dd4981-0aca-11e7-82f6-3863bb44ef7c,11,2,9,11,0,1769406705,2026-01-26 00:53:27
fbb2d76c-1d47-4fb1-9c07-622fcace38a5,18,0,18,10,0,1769406705,2026-01-26 00:53:27
99d149f9-ad40-461e-beea-fcbf086f9b5a,21,6,15,42,0,1769406705,2026-01-26 00:53:27
b1f67e5c-7c26-4bf3-a90e-1500a3160d60,5,1,4,18,0,1769406707,2026-01-26 00:53:27
490ca6cc-c2a2-4838-acf0-4704ed60dc51,15,9,6,33,0,1769406707,2026-01-26 00:53:27
d56a8542-048a-4aca-ac7f-f27a9e6c908b,14,12,2,11,0,1769406708,2026-01-26 00:53:27
8dc8c0b3-4d70-40fe-a75a-86e30ecb676b,14,3,11,1,0,1769406708,2026-01-26 00:53:27
fbee1143-e93f-418d-b6bc-8fde4a9a8746,18,5,13,31,0,1769406708,2026-01-26 00:53:27
8603535e-0d7a-4c5b-ae77-27b9f5770bfa,2,0,2,23,0,1769406705,2026-01-26 00:53:27
1786696251091417274,8,8,0,26,0,1769406705,2026-01-26 00:53:27
dfe2c398-ff5c-4a8d-83c8-fa18801540d8,14,1,13,14,0,1769406704,2026-01-26 00:53:27
66de2201-0aca-11e7-82f6-3863bb44ef7c,13,7,6,18,0,1769406705,2026-01-26 00:53:27
2af3ecc3-4f43-468a-a7cc-bb4804ee3e7a,16,11,5,39,0,1769406706,2026-01-26 00:53:27
22ac9559-d7f1-4dcd-ae3e-f6caf586a455,18,14,4,6,0,1769406705,2026-01-26 00:53:27
138094a0-cd7d-4014-9b21-4fb2afd3980e,13,3,10,13,0,1769406705,2026-01-26 00:53:27
66db316a-0aca-11e7-82f6-3863bb44ef7c,18,10,8,4,0,1769406706,2026-01-26 00:53:27
1929513834381415014,9,3,6,11,0,1769406711,2026-01-26 00:53:27
66de5d57-0aca-11e7-82f6-3863bb44ef7c,4,3,1,20,0,1769406711,2026-01-26 00:53:27
1d977221-b2b5-4fa2-bba0-b00136834fb3,1,0,1,17,0,1769406711,2026-01-26 00:53:27
09a0c507-7cda-4f3f-9988-78de0baa28e4,4,2,2,16,0,1769406711,2026-01-26 00:53:27
1431ec5c-242d-401b-b672-dbf95155999b,2,1,1,16,0,1769406711,2026-01-26 00:53:27
1ec7ef9f-ab60-4a64-821d-883ba547273a,5,0,5,13,0,1769406710,2026-01-26 00:53:27
acfeadeb-73bb-4ec3-b809-78675b01af74,6,3,3,10,0,1769406710,2026-01-26 00:53:27
c7be2714-14db-421f-a19e-f6a7bf6e8d26,2,0,2,18,0,1769406710,2026-01-26 00:53:27
1846449740982645546,13,1,12,3,0,1769406709,2026-01-26 00:53:27
66db3d2a-0aca-11e7-82f6-3863bb44ef7c,0,0,0,40,0,1769347727,2026-01-26 00:53:27
672d71ab-2c23-4bd2-9ed2-34e54aa4b5b5,9,6,3,8,0,1769406709,2026-01-26 00:53:27
1828969417249358046,4,1,3,15,0,1769406709,2026-01-26 00:53:27
66de56e5-0aca-11e7-82f6-3863bb44ef7c,17,4,13,5,0,1769406709,2026-01-26 00:53:27
c0b541ae-9e66-4739-babb-483180747dc2,6,5,1,12,0,1769406709,2026-01-26 00:53:27
6661108f-28eb-4671-ad0c-36a311d325aa,7,1,6,8,0,1769406712,2026-01-26 00:53:27
66de1af4-0aca-11e7-82f6-3863bb44ef7c,8,8,0,22,0,1769406710,2026-01-26 00:53:27
3c21925c-d68e-497c-b501-982d3eb3e852,19,15,4,1,0,1769406710,2026-01-26 00:53:27
66dd4de9-0aca-11e7-82f6-3863bb44ef7c,30,11,19,21,0,1769406712,2026-01-26 00:53:27
7a701539-2c10-4abe-803f-525785ebb7fb,6,1,5,12,0,1769406712,2026-01-26 00:53:27
59f0cb81-e31b-4ba9-9159-3437c52f7505,0,0,0,17,0,1769406713,2026-01-26 00:53:27
66db6cd4-0aca-11e7-82f6-3863bb44ef7c,23,10,13,29,0,1769406668,2026-01-26 00:53:27
aa8270ec-4441-47d2-854b-5852e65fae66,0,0,0,18,0,1769406668,2026-01-26 00:53:27
ab5585c8-c2cf-4bab-96cf-d02eced4f6e3,8,8,0,38,0,1769406669,2026-01-26 00:53:27
5d049d4b-0736-4323-834a-1b2454bd6551,5,4,1,18,0,1769406667,2026-01-26 00:53:27
f6c33f22-d650-4935-a928-fb693a828b5f,4,1,3,17,0,1769406666,2026-01-26 00:53:27
1c82b223-42ba-4d15-8e8a-bd8ae2a57cde,9,7,2,9,0,1769406667,2026-01-26 00:53:27
aba6e644-3ac8-4cdc-9bc6-763e9d82dee9,11,1,10,9,0,1769406668,2026-01-26 00:53:27
35915f48-31c5-499a-b845-2ca2fb541904,14,1,13,25,0,1769406664,2026-01-26 00:53:27
08b9c491-a589-4e75-996c-2455c26fb356,2,0,2,17,0,1769406666,2026-01-26 00:53:27
5b0b689f-9bd2-4743-b4cc-d4629a9a709b,21,4,17,1,0,1769406666,2026-01-26 00:53:27
b9970fb5-176c-4a66-8772-6d76c4b6245a,2,0,2,16,0,1769406669,2026-01-26 00:53:27
1945126147213275898,4,2,2,14,0,1769406681,2026-01-26 00:53:27
72196024-6f2b-45cb-9764-609911c7dc0b,22,11,10,25,0,1769406681,2026-01-26 00:53:27
1836581714456697424,8,1,7,15,0,1769406682,2026-01-26 00:53:27
348c5e65-cbc3-4da6-9856-fc253a0ba546,38,26,12,10,0,1769406684,2026-01-26 00:53:27
60a061d5-d984-4573-af3c-2054f4f59e94,5,4,1,14,0,1769406684,2026-01-26 00:53:27
c9c09ed0-0a52-4d6a-a999-b0848874e51f,17,16,1,4,0,1769406684,2026-01-26 00:53:27
1861680103893703034,1,1,0,19,0,1769406684,2026-01-26 00:53:27
66dc78c4-0aca-11e7-82f6-3863bb44ef7c,49,41,8,10,0,1769406681,2026-01-26 00:53:27
1978170169761096104,21,7,14,12,0,1769406681,2026-01-26 00:53:27
30d6520e-b612-4240-a9ff-eec12b02b263,6,1,5,12,0,1769406682,2026-01-26 00:53:27
1ddadf67-ae08-4e86-bdda-236629b9eabd,20,5,15,3,0,1769406682,2026-01-26 00:53:27
1879859065051787718,18,15,3,0,0,1769406683,2026-01-26 00:53:27
66dc1545-0aca-11e7-82f6-3863bb44ef7c,7,4,3,16,0,1769406685,2026-01-26 00:53:27
1875413335585534272,0,0,0,21,0,1769406681,2026-01-26 00:53:27
c5861c24-5ac1-41df-82f1-31748d03e868,59,47,12,5,0,1769406686,2026-01-26 00:53:27
66dde2d9-0aca-11e7-82f6-3863bb44ef7c,23,17,6,11,0,1769406686,2026-01-26 00:53:27
344064f8-e82f-40fb-b235-aff506b77ae5,7,2,5,22,0,1769406687,2026-01-26 00:53:27
16e17ca1-b2dc-47d0-8c8b-199cb4736fe7,6,2,4,13,0,1769406687,2026-01-26 00:53:27
e15a5c77-70b0-4b9d-9eae-f10ddda7d994,3,3,0,19,0,1769406687,2026-01-26 00:53:27
876683ce-9bce-4fad-8d1c-6b331fa07b5c,27,4,23,20,0,1769406687,2026-01-26 00:53:27
d319629d-63cf-4765-9f69-5569f35d6469,3,0,3,15,0,1769406688,2026-01-26 00:53:27
66db8fde-0aca-11e7-82f6-3863bb44ef7c,35,25,10,16,0,1769406688,2026-01-26 00:53:27
141ba25c-f4ea-4cec-ae7e-022401e23087,10,6,4,0,0,1769406688,2026-01-26 00:53:27
6fcad2af-c3e2-47a4-8942-023ae4047e67,12,8,4,4,0,1769406689,2026-01-26 00:53:27
2a9e2320-083d-4044-aedf-0c15ecfefe61,17,13,4,5,0,1769406688,2026-01-26 00:53:27
2e74ea1d-02a0-47bf-9665-dce2d65de8d7,6,4,2,9,0,1769406688,2026-01-26 00:53:27
88c1303b-3349-4591-bf08-c7e40cf3537a,22,7,15,21,0,1769406690,2026-01-26 00:53:27
1828968994833044184,6,1,5,13,0,1769406690,2026-01-26 00:53:27
db02e1ea-acc1-4f45-8e3c-d37468b0b5a6,5,2,3,13,0,1769406691,2026-01-26 00:53:27
5f0aa684-a1c5-4119-827f-7860f1cd4ccd,0,0,0,24,0,1769406691,2026-01-26 00:53:27
1861681435029604706,12,5,7,11,0,1769406689,2026-01-26 00:53:27
9505c2b7-0c3a-4791-8471-d2092a86291f,20,0,20,1,0,1769406689,2026-01-26 00:53:27
cbcbd880-9662-4ab1-b530-781bb101ed1f,0,0,0,15,0,1769406689,2026-01-26 00:53:27
66dbc8f5-0aca-11e7-82f6-3863bb44ef7c,52,33,18,20,0,1769406689,2026-01-26 00:53:27
1823008917260927616,17,5,12,7,0,1769406690,2026-01-26 00:53:27
66db95e5-0aca-11e7-82f6-3863bb44ef7c,18,10,8,24,0,1769406695,2026-01-26 00:53:27
16cbe771-8fca-4437-b9d2-374e00da6c3a,12,5,7,10,0,1769406695,2026-01-26 00:53:27
062f0ac2-b3b6-4c15-b470-92ce9b592635,12,0,12,6,0,1769406691,2026-01-26 00:53:27
9790606b-a00d-4d5e-b6ec-abd11c9d25b3,0,0,0,18,0,1769406691,2026-01-26 00:53:27
01f01352-50d4-484e-a611-576b18ac373a,19,1,18,9,0,1769406691,2026-01-26 00:53:27
66ddeca9-0aca-11e7-82f6-3863bb44ef7c,14,5,9,2,0,1769406691,2026-01-26 00:53:27
1975518396279321266,36,33,3,38,0,1769406692,2026-01-26 00:53:27
ed1199e4-d9a6-4d9e-8c81-62bcd7510a11,13,2,11,15,0,1769406692,2026-01-26 00:53:27
2126225134412534550,11,5,6,4,0,1769406692,2026-01-26 00:53:27
4223f276-a4d4-45e0-b914-67f5ef1e81ba,15,0,15,10,0,1769406693,2026-01-26 00:53:27
16280b32-7e5b-4a18-930b-212eac10faaa,0,0,0,19,0,1769406693,2026-01-26 00:53:27
a11a0000-19cf-4053-b3a1-3a5886d7446c,14,1,13,24,0,1769406694,2026-01-26 00:53:27
66dbce8a-0aca-11e7-82f6-3863bb44ef7c,55,39,16,6,0,1769406693,2026-01-26 00:53:27
1846086768160082632,8,4,4,16,0,1769406693,2026-01-26 00:53:27
8f9ce302-2a6d-443c-8fe0-625b20021ea2,7,3,4,14,0,1769406695,2026-01-26 00:53:27
66dea4bf-0aca-11e7-82f6-3863bb44ef7c,30,11,19,10,0,1769406697,2026-01-26 00:53:27
6bc5598a-9eb8-44d2-adc0-d93b93af1924,0,0,0,2,0,1769396147,2026-01-26 00:53:27
d5788cfa-817e-4b65-b43f-edda222a3c3c,11,4,7,14,0,1769406700,2026-01-26 00:53:27
1843486757863039016,16,1,15,0,0,1769406700,2026-01-26 00:53:27
7dcc5a03-5997-4250-9207-fa8b6f027c86,15,3,12,13,0,1769406698,2026-01-26 00:53:27
de449a58-0edf-4d36-91b4-4b313576e945,8,0,8,8,0,1769406698,2026-01-26 00:53:27
2053867202510006310,19,0,19,3,0,1769406698,2026-01-26 00:53:27
1828968611856235508,1,0,1,16,0,1769406698,2026-01-26 00:53:27
66dcbefb-0aca-11e7-82f6-3863bb44ef7c,8,8,0,9,0,1769406697,2026-01-26 00:53:27
66dc3a1a-0aca-11e7-82f6-3863bb44ef7c,6,1,5,47,0,1769406700,2026-01-26 00:53:27
eb6c2359-4825-4bf4-8f2d-8b6dd2bf4212,10,9,1,23,0,1769406699,2026-01-26 00:53:27
cdb6e2aa-4da3-4ed7-9b13-ce626addf6b0,10,7,3,44,0,1769406701,2026-01-26 00:53:27
27c71510-d515-4add-b660-6efd6f225cd1,16,8,8,10,0,1769406701,2026-01-26 00:53:27
66dded11-0aca-11e7-82f6-3863bb44ef7c,19,7,12,16,0,1769406702,2026-01-26 00:53:27
1817433126359581672,7,0,7,14,0,1769406697,2026-01-26 00:53:27
1857217122161783302,23,3,20,5,0,1769406697,2026-01-26 00:53:27
bd318c15-5c3d-4e72-9837-3b4bd37707e0,0,0,0,18,0,1769406716,2026-01-26 00:53:27
1838617691511229014,6,4,2,17,0,1769406717,2026-01-26 00:53:27
9e9acfaf-0bbf-4bc2-a825-b2befb6bee55,20,13,7,12,0,1769406717,2026-01-26 00:53:27
30985a9c-afe4-4b98-a72c-2c72bb35603e,9,7,2,5,0,1769406717,2026-01-26 00:53:27
84b30f68-5404-453a-ae86-a2baff03a2c9,1,0,1,17,0,1769406717,2026-01-26 00:53:27
66dd49eb-0aca-11e7-82f6-3863bb44ef7c,26,26,0,3,0,1769406715,2026-01-26 00:53:27
1597ea95-0b6b-425a-8d13-ed86ee0754b5,2,1,1,18,0,1769406716,2026-01-26 00:53:27
531e6d94-5f4c-4ef0-9c83-47191be9d8f9,1,1,0,18,0,1769406715,2026-01-26 00:53:27
66dc73b0-0aca-11e7-82f6-3863bb44ef7c,21,17,4,12,0,1769406716,2026-01-26 00:53:27
66de1295-0aca-11e7-82f6-3863bb44ef7c,19,9,10,4,0,1769406716,2026-01-26 00:53:27
9459fca8-b044-4ed1-8f2c-c5db11ba868f,5,1,4,21,0,1769406718,2026-01-26 00:53:27
66dd1ad8-0aca-11e7-82f6-3863bb44ef7c,16,0,16,7,0,1769406718,2026-01-26 00:53:27
66dcc65c-0aca-11e7-82f6-3863bb44ef7c,6,4,2,9,0,1769406718,2026-01-26 00:53:27
66de47bf-0aca-11e7-82f6-3863bb44ef7c,15,8,7,2,0,1769406718,2026-01-26 00:53:27
b5010362-af16-4357-8fb7-5958576954c0,12,2,10,11,0,1769406718,2026-01-26 00:53:27
1869754328201607270,4,2,2,11,0,1769406718,2026-01-26 00:53:27
66db4158-0aca-11e7-82f6-3863bb44ef7c,26,22,4,9,0,1769406719,2026-01-26 00:53:27
66de4c32-0aca-11e7-82f6-3863bb44ef7c,15,0,15,7,0,1769406718,2026-01-26 00:53:27
d55dd622-0ced-4e4d-9ea5-2ef2cb6481a9,0,0,0,27,0,1769357020,2026-01-26 00:53:27
66dd52c8-0aca-11e7-82f6-3863bb44ef7c,25,24,1,11,0,1769406714,2026-01-26 00:53:27
0579ff13-5d5b-4cbd-bc6e-3e9396591aef,1,0,1,16,0,1769406715,2026-01-26 00:53:27
a381b37a-a928-4834-87ee-da9922cb3b3d,28,20,8,2,0,1769406714,2026-01-26 00:53:27
5adcaaaf-5386-441d-827c-8d65c4f4405e,5,5,0,15,0,1769406715,2026-01-26 00:53:27
8df41833-c7bf-4171-bdab-58d64f6ade54,15,1,14,1,0,1769406717,2026-01-26 00:53:27
66db2953-0aca-11e7-82f6-3863bb44ef7c,45,1,44,3,0,1769406719,2026-01-26 00:53:27
66dcca76-0aca-11e7-82f6-3863bb44ef7c,0,0,0,20,0,1769406724,2026-01-26 00:53:27
77a498ea-5693-46cc-a4b1-6e428f574797,20,2,17,2,0,1769406725,2026-01-26 00:53:27
61be9a4a-737c-413a-9b72-d47b28a366d5,4,2,2,18,0,1769406725,2026-01-26 00:53:27
b94cc90e-9ca2-4471-8371-23be051e0157,15,13,2,59,0,1769406725,2026-01-26 00:53:27
66db4351-0aca-11e7-82f6-3863bb44ef7c,74,49,25,4,0,1769406725,2026-01-26 00:53:27
46a1ff6c-6131-414a-9ef6-65a8db7d305f,0,0,0,22,0,1769406726,2026-01-26 00:53:27
c04cef84-3fcd-4fd9-9e40-8e07453dbe19,4,0,4,14,0,1769406726,2026-01-26 00:53:27
653ba606-f397-41e6-adc4-f775bf2d0c9f,11,0,11,11,0,1769406726,2026-01-26 00:53:27
eef98eb6-f550-49f9-a910-4d2863e6a591,4,4,0,16,0,1769406726,2026-01-26 00:53:27
cae4f2f4-9642-474c-95cc-6cc07592f120,4,2,2,31,0,1769406727,2026-01-26 00:53:27
1835247352748090208,12,7,5,9,0,1769406727,2026-01-26 00:53:27
78e93937-53d1-4c9b-99ad-0460f908ed2d,15,14,1,7,0,1769406727,2026-01-26 00:53:27
1945125793810207148,9,6,3,9,0,1769406727,2026-01-26 00:53:27
dcdaa64b-4d2c-4017-bfb9-da25924f851d,9,5,4,10,0,1769406727,2026-01-26 00:53:27
1835249854657874848,3,1,2,13,0,1769406727,2026-01-26 00:53:27
a4368364-fa79-493c-8478-1d3471a6077f,32,25,7,43,0,1769406728,2026-01-26 00:53:27
66dbe250-0aca-11e7-82f6-3863bb44ef7c,4,2,2,14,0,1769406725,2026-01-26 00:53:27
af626e61-9f83-4602-a9b1-038b1c1430e6,15,0,15,4,0,1769406723,2026-01-26 00:53:27
66dc51e9-0aca-11e7-82f6-3863bb44ef7c,17,9,8,30,0,1769406725,2026-01-26 00:53:27
8cb0375d-bcb2-4c90-9773-41c3c8fdf8d8,6,5,1,74,0,1769406724,2026-01-26 00:53:27
66de6100-0aca-11e7-82f6-3863bb44ef7c,31,1,30,0,0,1769406728,2026-01-26 00:53:27
c05cd2e2-74e8-4526-a62b-d631e005fdd8,18,4,14,11,0,1769406728,2026-01-26 00:53:27
09b00240-4c2a-4900-9d09-f13344461c02,11,8,3,5,0,1769406726,2026-01-26 00:53:27
2122552934440059494,0,0,0,17,0,1769406690,2026-01-26 00:53:27
20f3a578-4dfa-45ca-a917-b394d77ee08e,18,4,14,11,0,1769406739,2026-01-26 00:53:27
160e21da-6dd2-47ff-8385-e13c8cdce4fa,23,0,23,3,0,1769406739,2026-01-26 00:53:27
5cb3a92d-f284-477c-bf63-ea72d24e8a7d,14,3,11,3,0,1769406739,2026-01-26 00:53:27
bfea6c5b-2e1a-42c5-8199-2ded6042d57b,4,0,4,21,0,1769406740,2026-01-26 00:53:27
cd4b8e12-b2c7-479b-900d-59cf7d8c4276,15,7,8,0,0,1769406740,2026-01-26 00:53:27
9dde927d-9984-4f97-bcd0-fbcb59e6ca66,11,0,11,5,0,1769406740,2026-01-26 00:53:27
96a4da57-107a-43d1-8828-4749d5555461,5,2,3,24,0,1769406736,2026-01-26 00:53:27
c0df5c09-2c07-4689-9fe8-36ed81301d7d,1,0,1,22,0,1769406736,2026-01-26 00:53:27
1828968199249922252,1,0,1,19,0,1769406736,2026-01-26 00:53:27
b636a06c-c10e-417a-ac22-14cadb8f8993,14,7,7,1,0,1769406740,2026-01-26 00:53:27
88bf1344-354f-4699-bdbd-1c2584fc41ee,20,7,13,11,0,1769406739,2026-01-26 00:53:27
2123940513700131194,9,4,5,5,0,1769406738,2026-01-26 00:53:27
026fd07d-d810-45dc-9237-a3d84dce4fa9,13,2,11,10,0,1769406739,2026-01-26 00:53:27
18d980e5-ba08-4bc3-832e-03eb71865768,10,3,7,11,0,1769406743,2026-01-26 00:53:27
308e055a-b8aa-447d-8803-8677c88af0ba,10,3,7,8,0,1769406743,2026-01-26 00:53:27
943be327-0320-4ae1-8eb0-8a56f86a4fb6,7,3,4,19,0,1769406744,2026-01-26 00:53:27
1860187692409078310,10,2,8,13,0,1769406744,2026-01-26 00:53:27
05969d95-8a64-4007-abf1-afb847f2d426,6,1,5,16,0,1769406744,2026-01-26 00:53:27
66dc4bd9-0aca-11e7-82f6-3863bb44ef7c,82,73,9,9,0,1769406741,2026-01-26 00:53:27
918af7b2-e05c-477a-a8c0-7dcff984c566,9,2,7,29,0,1769406741,2026-01-26 00:53:27
1828969851041055492,18,16,2,4,0,1769406742,2026-01-26 00:53:27
66db6aae-0aca-11e7-82f6-3863bb44ef7c,23,8,15,59,0,1769406737,2026-01-26 00:53:27
66dbc6ae-0aca-11e7-82f6-3863bb44ef7c,34,14,20,26,0,1769406737,2026-01-26 00:53:27
66dd2556-0aca-11e7-82f6-3863bb44ef7c,32,25,7,10,0,1769406737,2026-01-26 00:53:27
b90574d1-e9e7-45be-8adb-e38cb285fea5,3,3,0,12,0,1769406738,2026-01-26 00:53:27
1786698815186893280,17,1,16,18,0,1769406737,2026-01-26 00:53:27
2a47ef14-1cbe-4ec6-841d-cc277627fe20,13,11,2,15,0,1769406743,2026-01-26 00:53:27
c2291f8e-3b07-4671-82af-2b947825de4a,41,28,13,23,0,1769406743,2026-01-26 00:53:27
66db6e49-0aca-11e7-82f6-3863bb44ef7c,9,9,0,35,0,1769406743,2026-01-26 00:53:27
66db29e6-0aca-11e7-82f6-3863bb44ef7c,9,2,7,7,0,1769406743,2026-01-26 00:53:27
cb04be8e-8edc-4c9d-bfc0-76f94e3a3d9b,20,0,20,23,0,1769406745,2026-01-26 00:53:27
95a52ce4-3597-47d1-8d6f-427cb3b8ca6a,22,19,3,4,0,1769406741,2026-01-26 00:53:27
403c310e-26d5-4db5-9928-13c38b25053d,4,4,0,21,0,1769406744,2026-01-26 00:53:27
66de5a47-0aca-11e7-82f6-3863bb44ef7c,22,4,18,6,0,1769406745,2026-01-26 00:53:27
66dc0d3a-0aca-11e7-82f6-3863bb44ef7c,5,2,3,12,0,1769406762,2026-01-26 00:53:27
febf420f-bbec-4044-a3af-69959e018ccb,6,6,0,14,0,1769406762,2026-01-26 00:53:27
904930bd-2671-4695-9c1a-8a894b041129,28,22,6,34,0,1769406763,2026-01-26 00:53:27
9341ee1c-d456-4858-a451-70cbbd73d084,12,6,6,15,0,1769406763,2026-01-26 00:53:27
1814900353536621062,14,2,12,11,0,1769406763,2026-01-26 00:53:27
66dca6f4-0aca-11e7-82f6-3863bb44ef7c,11,7,4,22,0,1769406761,2026-01-26 00:53:27
2b848257-dc2e-4dd0-b840-d5e046972789,7,0,7,10,0,1769406761,2026-01-26 00:53:27
1882736039096477712,23,14,9,12,0,1769406761,2026-01-26 00:53:27
40042fb4-6ddd-4f74-bb52-5af3e4e08c8d,0,0,0,24,0,1769406761,2026-01-26 00:53:27
0183d7d4-9e11-4429-94db-666a31239871,13,0,13,11,0,1769406760,2026-01-26 00:53:27
6c3b486e-603c-4158-91ac-adc06ac01535,14,8,6,8,0,1769406760,2026-01-26 00:53:27
2126274178538511162,8,0,8,3,0,1769406760,2026-01-26 00:53:27
97bcf094-ad77-4743-9c94-832c7300c090,10,10,0,3,0,1769406760,2026-01-26 00:53:27
66de1580-0aca-11e7-82f6-3863bb44ef7c,18,16,2,19,0,1769406760,2026-01-26 00:53:27
c1144380-c1ac-4315-9b1a-4b4e870ac688,0,0,0,9,0,1769391270,2026-01-26 00:53:27
1815967313905864892,7,2,5,10,0,1769406760,2026-01-26 00:53:27
2126624466406238560,10,5,5,3,0,1769406759,2026-01-26 00:53:27
9e3603ee-2b7d-4147-a7b5-48bbd778902c,29,26,3,30,0,1769406764,2026-01-26 00:53:27
66db237e-0aca-11e7-82f6-3863bb44ef7c,5,2,3,48,0,1769406763,2026-01-26 00:53:27
66dcbdc2-0aca-11e7-82f6-3863bb44ef7c,8,4,4,11,0,1769406764,2026-01-26 00:53:27
c702c094-b08f-449d-a41d-b3724f147491,13,5,8,6,0,1769406761,2026-01-26 00:53:27
b1f3eb8c-07f9-479f-a8ab-f04e094bc7d0,7,0,7,12,0,1769406760,2026-01-26 00:53:27
0096fecb-3a56-4585-9204-aa9554f7bc49,40,16,24,8,0,1769406713,2026-01-26 00:53:27
66ddb7bf-0aca-11e7-82f6-3863bb44ef7c,27,25,2,20,0,1769406713,2026-01-26 00:53:27
3bfc859b-5c5f-43bc-b2e7-b64ed8ea9ede,4,1,3,14,0,1769406713,2026-01-26 00:53:27
66de4408-0aca-11e7-82f6-3863bb44ef7c,13,8,5,10,0,1769406713,2026-01-26 00:53:27
66dc36c3-0aca-11e7-82f6-3863bb44ef7c,74,44,30,6,0,1769406713,2026-01-26 00:53:27
38975061-0d90-43a3-87c1-8905b374d5d9,16,1,15,6,0,1769406713,2026-01-26 00:53:27
66ddb595-0aca-11e7-82f6-3863bb44ef7c,4,3,1,14,0,1769406721,2026-01-26 00:53:27
1848241332086049696,0,0,0,21,0,1769406721,2026-01-26 00:53:27
6a671276-d345-4a4c-a7df-98f5dbb19e4c,2,0,2,17,0,1769406721,2026-01-26 00:53:27
d07790cd-1acd-4f74-b5f1-3d70f8a8a526,5,5,0,18,0,1769406721,2026-01-26 00:53:27
8c700e85-cfdb-4eef-ba49-53bd69c004ed,19,4,15,0,0,1769406721,2026-01-26 00:53:27
66dd1b65-0aca-11e7-82f6-3863bb44ef7c,4,1,3,53,0,1769406722,2026-01-26 00:53:27
49d2cd03-f508-483f-a7c9-7fd450e5e6db,9,0,9,6,0,1769406723,2026-01-26 00:53:27
66db3f01-0aca-11e7-82f6-3863bb44ef7c,16,12,4,31,0,1769406723,2026-01-26 00:53:27
78ec2f0d-c309-46d4-8808-7eb1a0674e38,9,7,2,19,0,1769406724,2026-01-26 00:53:27
1861682960046954694,19,16,3,1,0,1769406720,2026-01-26 00:53:27
66dbef85-0aca-11e7-82f6-3863bb44ef7c,22,20,2,12,0,1769406720,2026-01-26 00:53:27
1823008749757202820,11,0,11,11,0,1769406732,2026-01-26 00:53:27
2126224759932600578,4,4,0,4,0,1769406645,2026-01-26 00:53:27
aa120a3a-9f2b-4dfc-a88b-384bbb66838a,12,4,8,7,0,1769406730,2026-01-26 00:53:27
1960020540642077008,26,25,1,21,0,1769406733,2026-01-26 00:53:27
058ee86d-ce2a-4597-99f7-f78f082b33e3,2,1,1,16,0,1769406733,2026-01-26 00:53:27
e24cb64d-10c2-48db-9440-59e63c0f1c95,15,1,14,8,0,1769406733,2026-01-26 00:53:27
1791472201147965920,11,10,1,51,0,1769406733,2026-01-26 00:53:27
bdefa3e3-aa5a-40eb-b7f8-542de55063e9,9,1,8,9,0,1769406734,2026-01-26 00:53:27
2053884382031338034,4,1,3,39,0,1769406734,2026-01-26 00:53:27
66dc7b10-0aca-11e7-82f6-3863bb44ef7c,1,1,0,76,0,1769406734,2026-01-26 00:53:27
66de20c8-0aca-11e7-82f6-3863bb44ef7c,5,4,1,21,0,1769406734,2026-01-26 00:53:27
65e7908a-a73e-4f8e-9967-0d0677f62bc4,19,10,9,2,0,1769406734,2026-01-26 00:53:27
66dd40dd-0aca-11e7-82f6-3863bb44ef7c,15,12,3,17,0,1769406734,2026-01-26 00:53:27
66db3aa3-0aca-11e7-82f6-3863bb44ef7c,35,35,0,14,0,1769406728,2026-01-26 00:53:27
9789dc0f-1eb6-4830-bda9-1ce5f1413e19,2,0,2,16,0,1769406728,2026-01-26 00:53:27
533f25a0-514f-456f-9d87-5fdcb4ee42f4,9,7,2,8,0,1769406729,2026-01-26 00:53:27
66dd42eb-0aca-11e7-82f6-3863bb44ef7c,17,17,0,42,0,1769406730,2026-01-26 00:53:27
bf5a9ad8-6725-4ade-967d-aba612d423bf,11,1,10,12,0,1769406731,2026-01-26 00:53:27
66de1f17-0aca-11e7-82f6-3863bb44ef7c,26,26,0,6,0,1769406731,2026-01-26 00:53:27
42bf7170-61ab-44a0-aafe-1b89d7271718,12,10,2,15,0,1769406735,2026-01-26 00:53:27
016ee47a-4871-4209-91cb-bf3ceeddc991,1,1,0,17,0,1769406736,2026-01-26 00:53:27
19002a4c-3229-450b-ad69-76948696e60d,1,1,0,17,0,1769406735,2026-01-26 00:53:27
dd8627c8-4190-4a30-8758-e77a7b010437,15,13,2,28,0,1769406727,2026-01-26 00:53:27
66de27da-0aca-11e7-82f6-3863bb44ef7c,6,5,1,20,0,1769406749,2026-01-26 00:53:27
66db32fb-0aca-11e7-82f6-3863bb44ef7c,8,2,6,92,0,1769406749,2026-01-26 00:53:27
1931758629658304788,6,1,5,18,0,1769406749,2026-01-26 00:53:27
10c13fe2-34cb-4aff-bea1-4f5ce877769b,9,1,8,9,0,1769406749,2026-01-26 00:53:27
833bc8bc-3c32-4481-9c14-9a88aa7accec,27,21,6,11,0,1769406749,2026-01-26 00:53:27
66dc7957-0aca-11e7-82f6-3863bb44ef7c,12,10,2,63,0,1769406749,2026-01-26 00:53:27
1860187301567054286,3,1,2,14,0,1769406749,2026-01-26 00:53:27
66dbf442-0aca-11e7-82f6-3863bb44ef7c,30,21,9,45,0,1769406749,2026-01-26 00:53:27
66dc209c-0aca-11e7-82f6-3863bb44ef7c,45,11,34,21,0,1769406746,2026-01-26 00:53:27
66dcbb2c-0aca-11e7-82f6-3863bb44ef7c,6,2,4,20,0,1769406746,2026-01-26 00:53:27
1835249964093653018,2,0,2,21,0,1769406747,2026-01-26 00:53:27
66dbf73d-0aca-11e7-82f6-3863bb44ef7c,25,18,7,11,0,1769406747,2026-01-26 00:53:27
fdf21800-6106-4739-b7d5-b379b19e5732,5,1,4,12,0,1769406749,2026-01-26 00:53:27
1913995167022829826,19,2,17,0,0,1769406750,2026-01-26 00:53:27
e51c8b72-460f-41c2-a5ca-de85d3f46a30,19,9,10,32,0,1769406750,2026-01-26 00:53:27
557f8d40-dec1-4c61-bd03-a0d1a6ea0e4b,22,4,18,5,0,1769406751,2026-01-26 00:53:27
ecb2eebe-67c0-43b8-baae-71abb1a0ec6a,2,1,1,26,0,1769406751,2026-01-26 00:53:27
bf093f72-1d8d-44ae-91b5-e36958a27976,20,19,1,1,0,1769406745,2026-01-26 00:53:27
66dbe4db-0aca-11e7-82f6-3863bb44ef7c,60,53,7,20,0,1769406745,2026-01-26 00:53:27
66dbf667-0aca-11e7-82f6-3863bb44ef7c,59,25,34,5,0,1769406746,2026-01-26 00:53:27
74e104fb-1ddc-4f3e-a60b-220b6c4f300b,11,8,3,3,0,1769406746,2026-01-26 00:53:27
faf021ad-9de5-44bd-b7f5-48127e8d5fea,19,2,17,2,0,1769406751,2026-01-26 00:53:27
a6287af0-9a9e-4708-b61f-8e758be4b914,5,0,5,13,0,1769406752,2026-01-26 00:53:27
66dd8bd9-0aca-11e7-82f6-3863bb44ef7c,21,10,11,6,0,1769406748,2026-01-26 00:53:27
17aeb1e3-fd18-4cf9-9473-17dfa5b0a312,7,7,0,15,0,1769406752,2026-01-26 00:53:27
66db9845-0aca-11e7-82f6-3863bb44ef7c,52,44,8,2,0,1769406752,2026-01-26 00:53:27
66dbea8d-0aca-11e7-82f6-3863bb44ef7c,0,0,0,0,0,1769406753,2026-01-26 00:53:27
581d8683-c217-4f96-89cb-b5a94d780b83,7,1,6,67,0,1769406753,2026-01-26 00:53:27
c01a9c97-6c04-4e3f-ad0b-958801d94ca1,14,0,14,1,0,1769406749,2026-01-26 00:53:27
0f51cb84-e386-44ac-947f-a969f7617d17,10,4,6,10,0,1769406754,2026-01-26 00:53:27
0e82ab9f-8c93-4302-b9df-342f8135a05c,18,0,18,0,0,1769406754,2026-01-26 00:53:27
add829db-2feb-4e81-af61-056791a6e53b,0,0,0,28,0,1769406755,2026-01-26 00:53:27
96cf4c1a-db2c-4d4b-af34-c31281b5904b,11,2,9,7,0,1769406755,2026-01-26 00:53:27
1877651952425321214,5,0,5,10,0,1769406757,2026-01-26 00:53:27
6db97fde-68ae-4d2b-b121-b7c17838bbe7,1,1,0,16,0,1769406758,2026-01-26 00:53:27
66dcf394-0aca-11e7-82f6-3863bb44ef7c,4,3,1,25,0,1769406753,2026-01-26 00:53:27
1820420129807491554,16,1,15,2,0,1769406753,2026-01-26 00:53:27
9157a3bc-43fa-4221-8bb8-17273fc09540,22,13,9,2,0,1769406754,2026-01-26 00:53:27
66dccd65-0aca-11e7-82f6-3863bb44ef7c,13,4,9,10,0,1769406755,2026-01-26 00:53:27
66dc86d9-0aca-11e7-82f6-3863bb44ef7c,54,18,36,3,0,1769406756,2026-01-26 00:53:27
b6a4770e-9077-4a0e-a0fb-b45b1d457559,52,37,15,6,0,1769406756,2026-01-26 00:53:27
e7739b9e-7cc6-4cbb-98d3-669b8e2ae98b,7,0,7,13,0,1769406755,2026-01-26 00:53:27
26568d39-db49-4354-a5c1-c81a3c856285,4,1,3,13,0,1769406756,2026-01-26 00:53:27
9f702c67-b591-4492-ba90-eb3c7e793dad,11,2,9,8,0,1769406757,2026-01-26 00:53:27
7d455e9a-20b4-4b03-8248-0d982fdfa21b,2,1,1,20,0,1769406757,2026-01-26 00:53:27
1786698158713921798,27,9,18,14,0,1769406757,2026-01-26 00:53:27
66db3a1e-0aca-11e7-82f6-3863bb44ef7c,9,9,0,10,0,1769406757,2026-01-26 00:53:27
66de2625-0aca-11e7-82f6-3863bb44ef7c,22,7,15,12,0,1769406757,2026-01-26 00:53:27
66de871c-0aca-11e7-82f6-3863bb44ef7c,0,0,0,57,0,1769406754,2026-01-26 00:53:27
1900647078394106472,8,1,7,11,0,1769406754,2026-01-26 00:53:27
4dde902d-512c-4e9e-8899-a68424ed87c0,14,3,11,19,0,1769406766,2026-01-26 00:53:27
d873e463-2dc9-4bf8-86c7-fea8ddaa3a9f,3,2,1,12,0,1769406766,2026-01-26 00:53:27
72796825-88b1-43a0-bb6d-2b41d337b1fc,25,7,18,0,0,1769406766,2026-01-26 00:53:27
1989279523593928720,103,81,22,8,0,1769406767,2026-01-26 00:53:27
66dd25e0-0aca-11e7-82f6-3863bb44ef7c,17,11,6,5,0,1769406767,2026-01-26 00:53:27
39112ced-337f-4b71-9df6-291cd4265cc9,14,0,14,8,0,1769406767,2026-01-26 00:53:27
1869754004195029842,0,0,0,22,0,1769406767,2026-01-26 00:53:27
2126624772423916318,4,0,4,5,0,1769406767,2026-01-26 00:53:27
66db8c10-0aca-11e7-82f6-3863bb44ef7c,2,1,1,30,0,1769406768,2026-01-26 00:53:27
1822663143025657920,17,1,16,4,0,1769406768,2026-01-26 00:53:27
7e7d974c-a6ec-4d9a-b4ed-01a4d2056d8b,2,1,1,17,0,1769406769,2026-01-26 00:53:27
91ca68bd-5ac1-470b-a26d-1ec98ea9cca4,14,2,12,11,0,1769406768,2026-01-26 00:53:27
ab79da3d-f92a-42de-a76d-e05b5d7e724c,1,0,1,15,0,1769406769,2026-01-26 00:53:27
66dcec6b-0aca-11e7-82f6-3863bb44ef7c,1,0,1,31,0,1769406769,2026-01-26 00:53:27
c38e2cfc-04e6-419c-8bf8-d8713ccf6ea7,46,7,39,3,0,1769406769,2026-01-26 00:53:27
ab692d1f-5a4a-4fff-b929-013c3a7e8a98,0,0,0,18,0,1769406765,2026-01-26 00:53:27
dba67615-a7e0-4c44-ab1b-b464033ec9b9,10,3,7,9,0,1769406765,2026-01-26 00:53:27
de0c1800-f7cc-41b4-ab7a-c9d219180d06,22,6,16,40,0,1769406765,2026-01-26 00:53:27
4e1a13af-1c3b-48f2-8586-5edceea97d61,1,1,0,17,0,1769406765,2026-01-26 00:53:27
66dde079-0aca-11e7-82f6-3863bb44ef7c,26,23,3,20,0,1769406766,2026-01-26 00:53:27
30a75e12-5327-48f0-8155-3925aa934054,3,2,1,13,0,1769406769,2026-01-26 00:53:27
6067af3d-f7ed-4149-a394-2fc2eb295872,41,21,20,13,0,1769406769,2026-01-26 00:53:27
3134bce7-0bb9-4a45-9c87-60a8cb681d72,1,1,0,16,0,1769406769,2026-01-26 00:53:27
1e590819-53fd-415c-bc28-aed605ad3bcb,4,3,1,12,0,1769406769,2026-01-26 00:53:27
ad037fe2-4a28-4b55-863c-229aada0b43a,4,0,4,14,0,1769406770,2026-01-26 00:53:27
66dd4841-0aca-11e7-82f6-3863bb44ef7c,14,11,3,26,0,1769406770,2026-01-26 00:53:27
6f484a9d-c535-451e-a18f-f3afdc0a27af,19,7,12,20,0,1769406767,2026-01-26 00:53:27
c1c33a35-751f-4dd6-baef-82db46f7ab46,11,2,9,20,0,1769406767,2026-01-26 00:53:27
2126622876727162948,5,0,5,5,0,1769406767,2026-01-26 00:53:27
66de1448-0aca-11e7-82f6-3863bb44ef7c,11,5,6,14,0,1769406768,2026-01-26 00:53:27
66db6387-0aca-11e7-82f6-3863bb44ef7c,95,70,25,16,0,1769406768,2026-01-26 00:53:27
311269f4-53dc-4f83-b26b-ecb6e8e160ed,5,3,2,15,0,1769406768,2026-01-26 00:53:27
89171660-8cef-443f-8f75-67503532d1ce,8,0,8,8,0,1769406765,2026-01-26 00:53:27
079b5a90-1d2b-40b2-b1e9-71c075f16b89,5,3,2,14,0,1769406766,2026-01-26 00:53:27
e6a32ec8-fc8b-4ed6-93a2-3ace3921b89d,17,13,4,5,0,1769406765,2026-01-26 00:53:27
1862788101231526152,15,5,10,15,0,1769406770,2026-01-26 00:53:27
1947313784686131504,13,1,12,4,0,1769406764,2026-01-26 00:53:27
8fc95e31-b025-4d2b-b5aa-240465366480,14,11,3,4,0,1769406764,2026-01-26 00:53:27
ff2869f0-4381-4cf3-863e-a0d776ec53b4,77,37,40,14,0,1769406765,2026-01-26 00:53:27
9bd28b11-cf11-4938-abb2-dfa5ec800e32,24,1,23,1,0,1769406764,2026-01-26 00:53:27
66dd9213-0aca-11e7-82f6-3863bb44ef7c,5,5,0,36,0,1769406765,2026-01-26 00:53:27
e35494b4-5811-4d2a-87de-4430e56bce2d,0,0,0,19,0,1769406771,2026-01-26 00:53:27
ab40ffde-f331-4194-adab-cb8c60b63f28,8,6,2,17,0,1769406771,2026-01-26 00:53:27
24f431ca-c2a5-46be-966b-b8d4c3e4b346,3,3,0,11,0,1769406771,2026-01-26 00:53:27
1882735162923150168,18,1,17,6,0,1769406771,2026-01-26 00:53:27
e71d152c-c2df-4d3e-a9af-139f2529bac6,12,0,12,5,0,1769406771,2026-01-26 00:53:27
1836581628905160976,5,2,3,15,0,1769406774,2026-01-26 00:53:27
1286480d-5d6d-4a47-9fac-e156dba2b6fc,51,33,18,3,0,1769406754,2026-01-26 00:53:27
3bdd81c8-3112-45e6-ae72-11a3f4fa5921,6,3,3,16,0,1769406774,2026-01-26 00:53:27
66de1a8a-0aca-11e7-82f6-3863bb44ef7c,2,1,1,18,0,1769406774,2026-01-26 00:53:27
1835246815877178358,6,1,5,13,0,1769406775,2026-01-26 00:53:27
2133952475068346460,33,7,26,17,0,1769406775,2026-01-26 00:53:27
4780d9d1-b886-4e72-9d18-cb152f73e10a,2,0,2,18,0,1769406772,2026-01-26 00:53:27
b200a8bf-2d79-4511-9a16-ac41e7245622,8,1,7,17,0,1769406773,2026-01-26 00:53:27
2c2cdc55-52a3-4140-b4d3-8409a98f130f,14,7,7,9,0,1769406773,2026-01-26 00:53:27
66dde559-0aca-11e7-82f6-3863bb44ef7c,28,22,6,0,0,1769406773,2026-01-26 00:53:27
2121033124458338894,9,1,8,5,0,1769406775,2026-01-26 00:53:27
2126621026154598618,11,3,8,3,0,1769406775,2026-01-26 00:53:27
36ddce8f-bd83-4a05-b601-b526fb4d8628,1,0,1,17,0,1769406775,2026-01-26 00:53:27
1884599469785421928,19,18,1,19,0,1769406776,2026-01-26 00:53:27
2c366f4b-8319-41bf-ab8e-2fba3a952feb,15,8,7,37,0,1769406776,2026-01-26 00:53:27
facb0195-8daa-46e3-95e1-6f22fb678e8a,0,0,0,19,0,1769406776,2026-01-26 00:53:27
2170352212111402482,27,24,3,44,0,1769406772,2026-01-26 00:53:27
66de2131-0aca-11e7-82f6-3863bb44ef7c,5,2,3,29,0,1769406772,2026-01-26 00:53:27
01a1343d-9c7b-4a83-8a5a-a600187f19c4,9,1,8,18,0,1769406772,2026-01-26 00:53:27
43eac213-4603-4bc2-b6d6-b45013396282,22,10,12,13,0,1769406772,2026-01-26 00:53:27
1834145064843958330,13,5,8,6,0,1769406773,2026-01-26 00:53:27
cd5e7c3e-c618-416a-ae99-b509bd56e1b2,23,12,11,7,0,1769406774,2026-01-26 00:53:27
66f68197-4897-4576-896a-48e0312104c5,21,8,13,6,0,1769406775,2026-01-26 00:53:27
1862787990429630662,4,2,2,15,0,1769406775,2026-01-26 00:53:27
66dc8c90-0aca-11e7-82f6-3863bb44ef7c,14,6,8,10,0,1769406776,2026-01-26 00:53:27
1851955603137491568,25,4,21,5,0,1769406776,2026-01-26 00:53:27
66dc91b5-0aca-11e7-82f6-3863bb44ef7c,18,13,5,22,0,1769406777,2026-01-26 00:53:27
1d8e51b0-8131-4c1f-93fb-f04952c157c0,4,3,1,25,0,1769406776,2026-01-26 00:53:27
05c5e17c-7aa9-49b7-9da3-9db4858ec1fc,21,14,7,11,0,1769406776,2026-01-26 00:53:27
7efcb97f-6c8f-4445-86a9-3f758a822f17,18,18,0,24,0,1769406777,2026-01-26 00:53:27
1789e458-c466-4d77-aba6-365f5c3823ed,8,1,7,12,0,1769406776,2026-01-26 00:53:27
4753c1ba-a86e-431e-94fb-06403cdee4d7,14,14,0,14,0,1769406777,2026-01-26 00:53:27
1b28836b-29fd-47a7-9a98-44cd792918fb,48,29,19,0,0,1769406777,2026-01-26 00:53:27
daaa3ac1-594c-48d2-9431-a8ced305ed5a,1,0,1,17,0,1769406777,2026-01-26 00:53:27
a04bf523-3c76-4fad-88bf-e99037f9b796,16,3,13,4,0,1769406777,2026-01-26 00:53:27
66dc28bd-0aca-11e7-82f6-3863bb44ef7c,7,4,3,48,0,1769406777,2026-01-26 00:53:27
66dd470b-0aca-11e7-82f6-3863bb44ef7c,29,17,12,18,0,1769406777,2026-01-26 00:53:27
8ce7325e-d5c7-46f9-9b73-95356e48c3eb,20,14,6,2,0,1769406777,2026-01-26 00:53:27
d5ca6311-7471-480f-9c79-38baaafe34ba,0,0,0,24,0,1769372133,2026-01-26 00:53:27
1835250080052323168,0,0,0,0,0,86400,2026-01-26 00:53:27
2171902607371571344,0,0,0,0,0,86400,2026-01-26 00:53:27
2171903032377767128,0,0,0,0,0,86400,2026-01-26 00:53:27
2171903385631266470,0,0,0,0,0,86400,2026-01-26 00:53:27
2171903970740122034,0,0,0,0,0,86400,2026-01-26 00:53:27
2177015115528916668,0,0,0,0,0,86400,2026-01-26 00:53:27
2177015776583073844,0,0,0,0,0,86400,2026-01-26 00:53:27
2177017159407891310,0,0,0,0,0,86400,2026-01-26 00:53:27
2177015450536365760,0,0,0,0,0,86400,2026-01-26 00:53:27
2177015274071900204,0,0,0,0,0,86400,2026-01-26 00:53:27
2177016197335217002,0,0,0,0,0,86400,2026-01-26 00:53:27
c829b6af-002b-4d04-af56-6924d4ad0aa2,6,0,6,20,0,1769406661,2026-01-26 00:53:27
c0ce2a38-04f5-4333-8818-2a3faa84f214,21,3,18,5,0,1769406662,2026-01-26 00:53:27
66db5f40-0aca-11e7-82f6-3863bb44ef7c,29,29,0,12,0,1769406662,2026-01-26 00:53:27
b9b58379-b29a-4fa8-ba72-c647728e1686,14,6,8,5,0,1769406662,2026-01-26 00:53:27
fe6f022b-7fdb-44fe-80bb-cbfc500959bf,6,4,2,15,0,1769406662,2026-01-26 00:53:27
66dd3cb4-0aca-11e7-82f6-3863bb44ef7c,21,1,20,9,0,1769406658,2026-01-26 00:53:27
66db460d-0aca-11e7-82f6-3863bb44ef7c,25,3,22,1,0,1769406659,2026-01-26 00:53:27
00d94dfc-3695-47e1-aba6-7f319dd2eb08,7,1,6,15,0,1769406663,2026-01-26 00:53:27
174bf571-e597-463d-84bc-611c4a13d85e,13,12,1,12,0,1769406659,2026-01-26 00:53:27
66de4897-0aca-11e7-82f6-3863bb44ef7c,15,1,14,4,0,1769406659,2026-01-26 00:53:27
3fed8016-0be0-47f5-8663-2e850ec47288,20,3,17,1,0,1769406660,2026-01-26 00:53:27
61c82689-3f4c-495d-8f44-e71de8f04088,17,7,10,62,0,1769406660,2026-01-26 00:53:27
66dcf30d-0aca-11e7-82f6-3863bb44ef7c,14,4,10,9,0,1769406660,2026-01-26 00:53:27
66dbf6d2-0aca-11e7-82f6-3863bb44ef7c,14,13,1,12,0,1769406658,2026-01-26 00:53:27
b16e9f3f-9b07-486f-a1ca-c76030f5ea64,9,1,8,8,0,1769406660,2026-01-26 00:53:27
1828968082192898522,1,1,0,20,0,1769406661,2026-01-26 00:53:27
93e2e1a5-49c5-41f8-a6bf-b399b6a5140d,25,1,24,42,0,1769406695,2026-01-26 00:53:27
66dc4334-0aca-11e7-82f6-3863bb44ef7c,15,11,4,12,0,1769406697,2026-01-26 00:53:27
2ec2f95c-675c-4c59-856f-1fb38df59fa2,1,1,0,16,0,1769406698,2026-01-26 00:53:27
3e4a2c26-7527-469c-b4f4-1ef8d40fd20d,4,1,3,11,0,1769406699,2026-01-26 00:53:27
b471c112-1770-4dfe-9e13-fe7479dcb5a5,22,0,22,1,0,1769406695,2026-01-26 00:53:27
5b4a4b20-539b-47c1-9228-1f1f124b3ec9,16,3,13,8,0,1769406696,2026-01-26 00:53:27
914e3e7c-87da-4f52-aa03-5449c6361fa2,4,0,4,10,0,1769406696,2026-01-26 00:53:27
6fefe1b3-5f0d-47aa-b1dd-cec211239950,3,0,3,19,0,1769406696,2026-01-26 00:53:27
1ecc9936-ee0c-44b2-baa8-237564c8e4fd,34,9,25,12,0,1769406694,2026-01-26 00:53:27
9b0c2c99-214f-4e15-b476-1626c03a9e4e,53,31,22,8,0,1769406696,2026-01-26 00:53:27
66dca5f3-0aca-11e7-82f6-3863bb44ef7c,2,1,1,42,0,1769406696,2026-01-26 00:53:27
1848241879913802606,14,7,7,3,0,1769406724,2026-01-26 00:53:27
2088792249063596144,20,13,7,6,0,1769406724,2026-01-26 00:53:27
1960021358478625244,42,23,19,32,0,1769406724,2026-01-26 00:53:27
1857217349795049790,2,1,1,12,0,1769406725,2026-01-26 00:53:27
c36cfa58-29fe-4c0c-a14f-41c3463487fd,3,0,3,19,0,1769406720,2026-01-26 00:53:27
3ac37967-e174-421a-bfeb-d02249fb1266,9,8,1,15,0,1769406720,2026-01-26 00:53:27
1828968327357059242,0,0,0,14,0,1769376522,2026-01-26 00:53:27
66dd1eb2-0aca-11e7-82f6-3863bb44ef7c,25,19,6,3,0,1769406720,2026-01-26 00:53:27
1835249448692130546,9,4,5,10,0,1769406720,2026-01-26 00:53:27
66de14af-0aca-11e7-82f6-3863bb44ef7c,10,8,2,21,0,1769406721,2026-01-26 00:53:27
66de4336-0aca-11e7-82f6-3863bb44ef7c,5,4,1,25,0,1769406721,2026-01-26 00:53:27
5a6218aa-c5b7-4436-93c1-dee7cb5322d9,13,6,7,10,0,1769406721,2026-01-26 00:53:27
66dbf140-0aca-11e7-82f6-3863bb44ef7c,78,55,23,2,0,1769406723,2026-01-26 00:53:27
3575749f-123a-4a80-870d-7ca7c7f9c8a9,11,10,1,13,0,1769406723,2026-01-26 00:53:27
b1cdec34-d4f9-4313-be82-729bb9f7bb18,4,3,1,14,0,1769406724,2026-01-26 00:53:27
178bad16-1b02-4264-94c0-a8fd0faa60fe,6,5,1,25,0,1769406722,2026-01-26 00:53:27
e63c8dac-ab44-48c8-83a0-92c53a00f12e,1,1,0,27,0,1769406721,2026-01-26 00:53:27
fffb18be-14b3-412f-a808-107a98cd9e58,2,2,0,15,0,1769406723,2026-01-26 00:53:27
201edb67-d071-4b67-bafd-131e5c273e9f,15,0,15,5,0,1769406721,2026-01-26 00:53:27
4e862dc1-0652-4f29-a26f-315d763df67d,16,9,7,39,0,1769406721,2026-01-26 00:53:27
72719900-dd61-40bd-9f4a-40d70c47590c,22,15,7,5,0,1769406723,2026-01-26 00:53:27
1846086562569586930,15,6,9,5,0,1769406664,2026-01-26 00:53:27
66dde703-0aca-11e7-82f6-3863bb44ef7c,4,2,2,19,0,1769406664,2026-01-26 00:53:27
1856767555236917834,19,3,16,4,0,1769406664,2026-01-26 00:53:27
d7a7789b-a052-4a69-a4ec-59436b0f8d75,8,1,7,9,0,1769406664,2026-01-26 00:53:27
4956ad8b-06d6-4af4-bcc8-735c45439608,7,6,1,12,0,1769406666,2026-01-26 00:53:27
c4377169-c19e-47e1-90a4-c4e14bb41601,6,0,6,16,0,1769406666,2026-01-26 00:53:27
66dd9b0f-0aca-11e7-82f6-3863bb44ef7c,3,1,2,34,0,1769406667,2026-01-26 00:53:27
1856767203049599002,11,1,10,8,0,1769406668,2026-01-26 00:53:27
46bdd925-fb6c-4654-85d8-e0db4da62abf,22,8,14,13,0,1769406668,2026-01-26 00:53:27
57f144cb-375d-4eee-b458-e288116cb8f7,15,2,13,5,0,1769406666,2026-01-26 00:53:27
0575e356-72f4-4251-8e15-574cf60bd190,6,1,5,13,0,1769406664,2026-01-26 00:53:27
5fdf435f-6080-4b1d-966c-3b9d08450c4d,12,3,9,4,0,1769406692,2026-01-26 00:53:27
0df3a035-5a38-4ec2-826a-0a5376e8d8a0,4,3,1,19,0,1769406692,2026-01-26 00:53:27
74f913d2-6eac-49ce-bd6d-53a06fa855a6,16,6,10,2,0,1769406692,2026-01-26 00:53:27
3d835eaa-a102-42c5-b6c0-2c693b1d0677,44,36,8,11,0,1769406693,2026-01-26 00:53:27
3ac7b47b-2253-4a0b-bf7d-8a2eb6b78a38,20,6,14,19,0,1769406689,2026-01-26 00:53:27
66ddf310-0aca-11e7-82f6-3863bb44ef7c,14,7,7,21,0,1769406688,2026-01-26 00:53:27
66ddd545-0aca-11e7-82f6-3863bb44ef7c,73,59,14,9,0,1769406689,2026-01-26 00:53:27
116dbc02-a3c1-4b65-9f73-2a09a2aa1379,61,32,29,16,0,1769406690,2026-01-26 00:53:27
1abd4668-ed6b-4930-8177-17239ae75a9e,0,0,0,19,0,1769406689,2026-01-26 00:53:27
66dcc920-0aca-11e7-82f6-3863bb44ef7c,5,1,4,13,0,1769406690,2026-01-26 00:53:27
13b82a41-c25b-428f-a07b-5f5d8340c6f2,1,0,1,17,0,1769406691,2026-01-26 00:53:27
d9160982-2d9b-4f08-9469-a559a7b62809,7,1,6,78,0,1769406691,2026-01-26 00:53:27
1845676917264180046,8,0,8,9,0,1769406692,2026-01-26 00:53:27
1856767361963389606,19,4,15,0,0,1769406692,2026-01-26 00:53:27
66dde271-0aca-11e7-82f6-3863bb44ef7c,22,18,4,21,0,1769406692,2026-01-26 00:53:27
2124425954553309758,9,4,5,3,0,1769406692,2026-01-26 00:53:27
566935d6-4d66-4b42-9822-f2a816e357b9,8,4,4,17,0,1769406690,2026-01-26 00:53:27
7c7cb750-6613-48a4-bfae-9240968f1fad,7,2,5,29,0,1769406690,2026-01-26 00:53:27
66dc4fb5-0aca-11e7-82f6-3863bb44ef7c,27,14,13,11,0,1769406731,2026-01-26 00:53:27
05d03a63-b5f2-40d9-9a3d-d2fe666a307f,7,0,7,16,0,1769406731,2026-01-26 00:53:27
32d3adc3-c3dd-4a97-a4db-95d467f3c3aa,6,6,0,21,0,1769406732,2026-01-26 00:53:27
c1e24edf-7192-433f-8d38-be5b6b3647c5,12,6,6,16,0,1769406732,2026-01-26 00:53:27
76c1ef9c-3984-4b4e-bff4-5c398e2395bd,6,5,1,17,0,1769406732,2026-01-26 00:53:27
1834145204469569922,13,2,11,9,0,1769406733,2026-01-26 00:53:27
7b0227aa-bbf5-4731-a49a-765b4afac483,17,17,0,55,0,1769406733,2026-01-26 00:53:27
0efa08a3-1c38-48fe-ab37-8c9b72b20126,15,2,13,2,0,1769406735,2026-01-26 00:53:27
66de1a1f-0aca-11e7-82f6-3863bb44ef7c,7,3,4,29,0,1769406735,2026-01-26 00:53:27
66dbf215-0aca-11e7-82f6-3863bb44ef7c,43,19,24,7,0,1769406736,2026-01-26 00:53:27
66dc7d58-0aca-11e7-82f6-3863bb44ef7c,59,34,25,15,0,1769406736,2026-01-26 00:53:27
2126224876714496782,3,0,3,2,0,1769406718,2026-01-26 00:53:27
36aaebb9-ef10-41a5-b20b-753bf8a3fed8,0,0,0,17,0,1769406731,2026-01-26 00:53:27
66dc462a-0aca-11e7-82f6-3863bb44ef7c,70,62,8,5,0,1769406734,2026-01-26 00:53:27
9d56294e-61fc-4176-bb9c-4692f45bb374,21,8,13,0,0,1769406734,2026-01-26 00:53:27
c7dbc7b5-240b-494d-8663-dbee4103a20c,2,1,1,16,0,1769406734,2026-01-26 00:53:27
941ea42c-47fe-4d63-a6f5-e0e200f01633,5,3,2,13,0,1769406734,2026-01-26 00:53:27
00d3e65e-b614-4408-aaa9-939ed96ce645,51,48,3,0,0,1769406737,2026-01-26 00:53:27
a68acb0c-4244-416a-bf59-ca55d3120cdd,17,14,3,0,0,1769406737,2026-01-26 00:53:27
66db5d92-0aca-11e7-82f6-3863bb44ef7c,4,3,1,14,0,1769406735,2026-01-26 00:53:27
92ffa9d6-8cb1-44cf-8059-391b03d58071,0,0,0,25,0,1769406733,2026-01-26 00:53:27
1882736243099681438,30,3,27,4,0,1769406733,2026-01-26 00:53:27
f365afa3-e8a5-439d-975d-6c2b064f30df,6,0,6,19,0,1769406735,2026-01-26 00:53:27
bda1fab4-5065-42df-a8ff-514e6064ab6e,18,0,18,0,0,1769406735,2026-01-26 00:53:27
49703a2d-15e9-4af4-b80e-cca664d7ea18,7,2,5,11,0,1769406735,2026-01-26 00:53:27
66ddeb67-0aca-11e7-82f6-3863bb44ef7c,12,3,9,9,0,1769406736,2026-01-26 00:53:27
f6cf3ecc-b3ad-4291-8c24-277f28f64ba1,18,2,16,2,0,1769406741,2026-01-26 00:53:27
627c77c0-0088-4ba8-ba66-73e0e3d3fe77,3,0,3,20,0,1769406741,2026-01-26 00:53:27
1861682182353914188,9,0,9,9,0,1769406741,2026-01-26 00:53:27
a4c9faeb-2234-457d-ad56-1ab14104b538,2,0,2,15,0,1769406742,2026-01-26 00:53:27
edc9b877-c311-46b4-a780-59ee7e692324,9,1,8,24,0,1769406741,2026-01-26 00:53:27
1791188268875152272,37,15,22,6,0,1769406742,2026-01-26 00:53:27
66db3fc9-0aca-11e7-82f6-3863bb44ef7c,32,26,6,8,0,1769406740,2026-01-26 00:53:27
f8c1c90f-4ec0-44bd-b097-cfafc887744d,38,1,37,5,0,1769406740,2026-01-26 00:53:27
067b53bd-33bf-4698-8103-3931a5f32a37,3,2,1,15,0,1769406740,2026-01-26 00:53:27
2163290511399492946,4,3,1,5,0,1769406613,2026-01-26 00:53:27
1828967499459705054,11,0,11,6,0,1769406740,2026-01-26 00:53:27
ee1ba75f-baf5-4852-929c-8b7ad310f55a,15,10,5,8,0,1769406739,2026-01-26 00:53:27
ff1e98d3-ae7d-4c53-a531-1845bee1d346,3,3,0,33,0,1769406740,2026-01-26 00:53:27
1879828885264130640,11,2,9,6,0,1769406742,2026-01-26 00:53:27
1861681959015615218,0,0,0,25,0,1769406742,2026-01-26 00:53:27
d5cb6e67-addb-46d4-93e7-832371736d45,21,3,18,13,0,1769406742,2026-01-26 00:53:27
66db4417-0aca-11e7-82f6-3863bb44ef7c,51,38,13,3,0,1769406742,2026-01-26 00:53:27
d5d2aebc-158c-43ec-9105-2a779d0245d8,0,0,0,18,0,1769406743,2026-01-26 00:53:27
1792225684155730482,16,15,1,7,0,1769406739,2026-01-26 00:53:27
66de4b0b-0aca-11e7-82f6-3863bb44ef7c,15,2,13,14,0,1769406674,2026-01-26 00:53:27
66dcba5e-0aca-11e7-82f6-3863bb44ef7c,6,1,5,11,0,1769406668,2026-01-26 00:53:27
eab2749b-2f79-4797-a0a6-0579b27e6929,15,0,15,22,0,1769406669,2026-01-26 00:53:27
f0115d11-c678-4274-8bb7-d486dbb63361,13,2,11,1,0,1769406669,2026-01-26 00:53:27
66dea8ff-0aca-11e7-82f6-3863bb44ef7c,8,0,8,30,0,1769406670,2026-01-26 00:53:27
14391923-6727-4359-92e9-03e0b5094753,28,16,12,23,0,1769406671,2026-01-26 00:53:27
66db3816-0aca-11e7-82f6-3863bb44ef7c,42,11,31,2,0,1769406672,2026-01-26 00:53:27
7d41ac98-df88-497a-aef9-968660e6da0f,17,1,16,19,0,1769406671,2026-01-26 00:53:27
3c5a8531-4eec-4695-b4f8-8a1158890e78,3,2,1,11,0,1769406699,2026-01-26 00:53:27
1817432346178415570,7,0,7,13,0,1769406699,2026-01-26 00:53:27
398ebef6-dcc2-4305-b1d2-47efafdaa85c,14,11,3,6,0,1769406699,2026-01-26 00:53:27
ee1d39c5-47c8-4527-9456-3719c50b7be5,15,3,12,3,0,1769406704,2026-01-26 00:53:27
66dbcb2f-0aca-11e7-82f6-3863bb44ef7c,8,1,7,47,0,1769406705,2026-01-26 00:53:27
0e405c35-322f-4705-8ea7-769eb3fd028a,8,6,2,7,0,1769406701,2026-01-26 00:53:27
66dc2606-0aca-11e7-82f6-3863bb44ef7c,5,1,4,69,0,1769406703,2026-01-26 00:53:27
f3525aa7-9d69-4ea2-9278-4df92db1afa1,11,4,7,9,0,1769406703,2026-01-26 00:53:27
081d243e-d75e-4e2a-bdae-a990b2397532,21,14,7,0,0,1769406704,2026-01-26 00:53:27
60c5a043-1367-4a27-96ee-394ba60e2154,14,8,6,15,0,1769406704,2026-01-26 00:53:27
90fca941-2212-43bf-b104-ce32c4270d4d,1,1,0,18,0,1769406701,2026-01-26 00:53:27
2126621627432855870,5,0,5,4,0,1769406704,2026-01-26 00:53:27
f3f46097-54cf-4c30-805a-6b2a4851eed7,1,1,0,22,0,1769406728,2026-01-26 00:53:27
66db28b5-0aca-11e7-82f6-3863bb44ef7c,49,5,44,25,0,1769406728,2026-01-26 00:53:27
1967778612889039234,8,3,5,29,0,1769406728,2026-01-26 00:53:27
66dd4f9b-0aca-11e7-82f6-3863bb44ef7c,20,17,3,15,0,1769406728,2026-01-26 00:53:27
06109e92-4363-445a-9743-0457f6799530,9,6,3,65,0,1769406729,2026-01-26 00:53:27
1835246516012366338,1,1,0,19,0,1769406729,2026-01-26 00:53:27
66ddbdb1-0aca-11e7-82f6-3863bb44ef7c,4,2,2,17,0,1769406729,2026-01-26 00:53:27
3d6b7c84-7e5a-454d-aa9d-c66eb92383be,3,2,1,18,0,1769406729,2026-01-26 00:53:27
66dcb9f7-0aca-11e7-82f6-3863bb44ef7c,2,0,2,21,0,1769406729,2026-01-26 00:53:27
1846086263936934630,17,1,16,1,0,1769406725,2026-01-26 00:53:27
2ad41c1f-5636-4a63-ad52-761e2613061a,4,0,4,19,0,1769406725,2026-01-26 00:53:27
d7c12bf1-1ec8-496a-beca-90ba76c53241,3,1,2,14,0,1769406726,2026-01-26 00:53:27
26599393-b967-44a6-a998-cb72ca53cd9e,8,0,8,10,0,1769406730,2026-01-26 00:53:27
66dbc7d2-0aca-11e7-82f6-3863bb44ef7c,10,4,6,23,0,1769406730,2026-01-26 00:53:27
5b4a90b8-426d-4a40-a7ca-87e51d690883,12,12,0,23,0,1769406728,2026-01-26 00:53:27
66db728c-0aca-11e7-82f6-3863bb44ef7c,49,49,0,8,0,1769406727,2026-01-26 00:53:27
8dfff4bd-0f3c-43af-bc55-a63850f66c6b,13,1,12,0,0,1769406726,2026-01-26 00:53:27
66dc7c31-0aca-11e7-82f6-3863bb44ef7c,23,20,3,18,0,1769406726,2026-01-26 00:53:27
1869754143518014264,20,1,19,17,0,1769406726,2026-01-26 00:53:27
fc774664-3c9b-4a8f-a79e-f6907db00a1d,8,5,3,24,0,1769406726,2026-01-26 00:53:27
66dcf922-0aca-11e7-82f6-3863bb44ef7c,17,1,16,8,0,1769406774,2026-01-26 00:53:27
66dbefee-0aca-11e7-82f6-3863bb44ef7c,6,0,6,7,0,1769406774,2026-01-26 00:53:27
a5bd1f58-7df8-4df6-9636-372f1bc194be,30,9,21,2,0,1769406774,2026-01-26 00:53:27
9206af28-03bf-43e3-a8b0-354792921466,7,1,6,12,0,1769406774,2026-01-26 00:53:27
bcd3ee0f-21d7-4cc8-ac45-ccea48b6fc1b,15,10,5,6,0,1769406774,2026-01-26 00:53:27
8066575c-f8e9-4e14-95ea-8d25ceeae2ca,9,3,6,23,0,1769406774,2026-01-26 00:53:27
b83b2a73-af8e-4b82-b61e-aeaaf075fbe2,3,3,0,22,0,1769406774,2026-01-26 00:53:27
2126624118513887578,11,10,1,0,0,1769406774,2026-01-26 00:53:27
a6492ad5-d13e-48b0-a0d5-08e60ad93e53,0,0,0,2,0,1769364626,2026-01-26 00:53:27
2124037510131026812,15,11,4,6,0,1769406771,2026-01-26 00:53:27
70634bc4-4d90-42d4-8f6a-3f29fa8f7f77,23,20,3,9,0,1769406770,2026-01-26 00:53:27
66dde7dc-0aca-11e7-82f6-3863bb44ef7c,0,0,0,20,0,1769406770,2026-01-26 00:53:27
fcb1c3a3-04b6-45cf-bc9a-deb71198804e,2,0,2,17,0,1769406771,2026-01-26 00:53:27
1a92d2d3-ddf1-4f34-b28c-ce7a064b9a3e,15,8,7,6,0,1769406771,2026-01-26 00:53:27
1945126022626996350,15,4,11,10,0,1769406771,2026-01-26 00:53:27
66dbecd0-0aca-11e7-82f6-3863bb44ef7c,15,6,9,32,0,1769406768,2026-01-26 00:53:27
1890927910885612334,23,4,19,1,0,1769406769,2026-01-26 00:53:27
1857515306802639416,21,3,18,1,0,1769406769,2026-01-26 00:53:27
1846086027713733188,7,4,3,5,0,1769406769,2026-01-26 00:53:27
2ec1235f-a043-4e3a-9ba1-56f7dd4624b7,14,11,3,5,0,1769406769,2026-01-26 00:53:27
66db72f1-0aca-11e7-82f6-3863bb44ef7c,37,24,13,8,0,1769406771,2026-01-26 00:53:27
de97a7d0-fbb3-4c13-ba6a-2bbd441751fe,9,5,4,9,0,1769406771,2026-01-26 00:53:27
1fba77e2-66ab-4e9c-9f9a-4ec4f11fd80b,25,21,4,1,0,1769406771,2026-01-26 00:53:27
0e240143-2f86-4754-8345-4994750d99f1,13,1,12,5,0,1769406771,2026-01-26 00:53:27
0258da92-f770-4acc-b20b-91b78aff791e,16,1,15,3,0,1769406772,2026-01-26 00:53:27
44a43ebf-cacf-4251-9ceb-e1c331ef1673,1,0,1,15,0,1769406772,2026-01-26 00:53:27
bdc116cd-4d63-4693-846c-ec5073314007,9,6,3,9,0,1769406772,2026-01-26 00:53:27
3c73cc9f-3c09-4ac4-a4ea-22b4f027bf23,12,1,11,10,0,1769406772,2026-01-26 00:53:27
11a8d465-b4eb-466b-a6ca-055f73994231,14,5,9,7,0,1769406772,2026-01-26 00:53:27
1794096824496960148,35,25,10,5,0,1769406772,2026-01-26 00:53:27
1963272613486484230,46,24,22,22,0,1769406772,2026-01-26 00:53:27
454fe70c-1d53-4af2-a9ea-1d4bd9f59799,5,5,0,14,0,1769406772,2026-01-26 00:53:27
23539f3b-fb83-4f34-b8b8-9f1f37b5e646,26,4,22,4,0,1769406769,2026-01-26 00:53:27
cda60c6d-80f3-41b7-8ece-fe997f6dafb5,8,3,5,12,0,1769406769,2026-01-26 00:53:27
1891277309535701686,2,2,0,20,0,1769406769,2026-01-26 00:53:27
7c42f9fc-d280-4841-ad96-e3cc53ee3759,8,0,8,14,0,1769406769,2026-01-26 00:53:27
66dc42a0-0aca-11e7-82f6-3863bb44ef7c,1,1,0,28,0,1769406770,2026-01-26 00:53:27
b79bb851-130f-473d-83fc-f602aa0a4ca9,3,0,3,16,0,1769406773,2026-01-26 00:53:27
1786696780996714874,20,17,3,6,0,1769406773,2026-01-26 00:53:27
99b7c9a5-9679-417f-b884-21c4b240aa99,5,1,4,10,0,1769406773,2026-01-26 00:53:27
340036c3-2787-4998-9a77-fe54f352d619,17,14,3,6,0,1769406767,2026-01-26 00:53:27
7155b0a6-2545-4b02-ae8c-9c0c4220f8c3,0,0,0,20,0,1769406767,2026-01-26 00:53:27
186092d1-a431-45db-8198-d5ba13334d79,13,2,11,5,0,1769406768,2026-01-26 00:53:27
1846085836152179090,4,0,4,15,0,1769406770,2026-01-26 00:53:27
16c54bf4-194b-4f26-9c49-a42901b4748d,6,0,6,17,0,1769406677,2026-01-26 00:53:27
ab29ce96-c2e8-4929-b27b-e0fe4aae17d5,10,2,8,8,0,1769406678,2026-01-26 00:53:27
66de602e-0aca-11e7-82f6-3863bb44ef7c,45,4,41,0,0,1769406679,2026-01-26 00:53:27
66de0dfd-0aca-11e7-82f6-3863bb44ef7c,23,22,1,18,0,1769406679,2026-01-26 00:53:27
ce700c09-6095-4b20-ab65-07defdd1a7d7,12,2,10,5,0,1769406674,2026-01-26 00:53:27
66dce660-0aca-11e7-82f6-3863bb44ef7c,6,2,4,17,0,1769406675,2026-01-26 00:53:27
c9e76fa9-54e2-4161-9798-4787bf04217a,9,1,8,7,0,1769406680,2026-01-26 00:53:27
1828967208126648828,4,0,4,15,0,1769406678,2026-01-26 00:53:27
c8197f4b-02b0-4cc3-96af-df5fec27a279,2,1,1,15,0,1769406681,2026-01-26 00:53:27
66db9675-0aca-11e7-82f6-3863bb44ef7c,21,13,8,4,0,1769406630,2026-01-26 00:53:27
1817432709747753390,10,3,7,12,0,1769406681,2026-01-26 00:53:27
66dcc44a-0aca-11e7-82f6-3863bb44ef7c,7,2,5,10,0,1769406674,2026-01-26 00:53:27
c72970e7-7f1a-4671-bf55-fc34be7c9413,11,1,10,6,0,1769406676,2026-01-26 00:53:27
a82599ce-99ca-4670-8053-baada198034a,52,0,52,4,0,1769406681,2026-01-26 00:53:27
676b7b4d-b1c0-4c97-8ac3-5fe665e51108,0,0,0,22,0,1769406682,2026-01-26 00:53:27
1913988158376585970,19,4,15,5,0,1769406685,2026-01-26 00:53:27
7a8bf573-275f-41d5-ad8b-1ff9ee7c2dce,8,0,8,19,0,1769406686,2026-01-26 00:53:27
89d4a926-f1ae-4bf2-bf2d-59cff3881579,0,0,0,11,0,1769389491,2026-01-26 00:53:27
66dcc3e5-0aca-11e7-82f6-3863bb44ef7c,5,1,4,16,0,1769406683,2026-01-26 00:53:27
49f86083-851b-475d-b9ab-64e01b81f725,3,1,2,19,0,1769406683,2026-01-26 00:53:27
66de0a0a-0aca-11e7-82f6-3863bb44ef7c,19,10,9,3,0,1769406684,2026-01-26 00:53:27
b4ae292d-5e89-4c58-8154-0496893394b5,0,0,0,20,0,1769406684,2026-01-26 00:53:27
66dd9dba-0aca-11e7-82f6-3863bb44ef7c,26,24,2,18,0,1769406684,2026-01-26 00:53:27
28a2436d-a52b-4fa4-874c-e096012a926d,12,11,1,5,0,1769406705,2026-01-26 00:53:27
06e5447e-35b8-45cb-b3bb-937791a6f8ae,14,1,13,6,0,1769406705,2026-01-26 00:53:27
66de0c43-0aca-11e7-82f6-3863bb44ef7c,11,5,6,14,0,1769406706,2026-01-26 00:53:27
66db43b5-0aca-11e7-82f6-3863bb44ef7c,6,3,3,12,0,1769406706,2026-01-26 00:53:27
66dc176f-0aca-11e7-82f6-3863bb44ef7c,69,56,13,7,0,1769406711,2026-01-26 00:53:27
dee5a590-7cda-465e-8351-b0622a5e2ad3,6,0,6,10,0,1769406711,2026-01-26 00:53:27
0e8bfd72-c494-4d3e-85e2-4f98b801fe3b,0,0,0,19,0,1769406711,2026-01-26 00:53:27
66db90f1-0aca-11e7-82f6-3863bb44ef7c,45,44,1,15,0,1769406712,2026-01-26 00:53:27
1814907277023901890,19,0,19,1,0,1769406708,2026-01-26 00:53:27
8d8a381c-21df-4095-837e-65924d85a06d,2,2,0,17,0,1769406708,2026-01-26 00:53:27
9be6c750-85b6-4e81-bace-1a8ffe941d7b,16,13,3,3,0,1769406708,2026-01-26 00:53:27
2025623258130320038,20,5,15,11,0,1769406706,2026-01-26 00:53:27
66dc1702-0aca-11e7-82f6-3863bb44ef7c,60,43,17,8,0,1769406707,2026-01-26 00:53:27
f6143531-4a16-4aac-9b55-573ef7ef162e,5,2,3,14,0,1769406707,2026-01-26 00:53:27
66db3e32-0aca-11e7-82f6-3863bb44ef7c,30,1,29,13,0,1769406708,2026-01-26 00:53:27
1862787688044743624,14,2,12,8,0,1769406708,2026-01-26 00:53:27
4aa6bb27-b76b-444e-a3ce-6fb25b822494,3,1,2,17,0,1769406709,2026-01-26 00:53:27
3edec530-4791-4872-8912-2a2397a903a4,42,30,12,22,0,1769406709,2026-01-26 00:53:27
66dc7802-0aca-11e7-82f6-3863bb44ef7c,23,18,5,25,0,1769406709,2026-01-26 00:53:27
af72781c-fe0b-4b73-a7df-201f9780ea9c,46,25,21,1,0,1769406709,2026-01-26 00:53:27
8ec47777-852d-4059-a5ea-12eef71a9606,32,1,31,2,0,1769406709,2026-01-26 00:53:27
1849009794224623642,18,1,17,0,0,1769406712,2026-01-26 00:53:27
66db281e-0aca-11e7-82f6-3863bb44ef7c,47,1,46,11,0,1769406713,2026-01-26 00:53:27
66db3898-0aca-11e7-82f6-3863bb44ef7c,0,0,0,5,0,1769378955,2026-01-26 00:53:27
6cb5fac5-f7e8-4ec9-94cf-816771d91ecd,15,1,14,11,0,1769406709,2026-01-26 00:53:27
66ddebce-0aca-11e7-82f6-3863bb44ef7c,19,17,2,8,0,1769406719,2026-01-26 00:53:27
1984510483573713186,19,2,17,41,0,1769406719,2026-01-26 00:53:27
8c2ed08f-1660-4db8-9168-4709427c23ed,8,8,0,8,0,1769406717,2026-01-26 00:53:27
1880644037244334512,11,10,1,12,0,1769406717,2026-01-26 00:53:27
1913990214925537808,27,14,13,3,0,1769406718,2026-01-26 00:53:27
1835249197527877718,2,0,2,16,0,1769406718,2026-01-26 00:53:27
66dbf362-0aca-11e7-82f6-3863bb44ef7c,20,3,17,24,0,1769406718,2026-01-26 00:53:27
4fb1ee23-4511-47c4-8698-0c46673dc86c,0,0,0,19,0,1769406714,2026-01-26 00:53:27
1835247598942507168,3,1,2,15,0,1769406714,2026-01-26 00:53:27
66de077f-0aca-11e7-82f6-3863bb44ef7c,19,8,11,34,0,1769406714,2026-01-26 00:53:27
981f1311-004f-41c3-ba5b-3679f78aeb70,13,1,12,3,0,1769406715,2026-01-26 00:53:27
1960021056359127624,9,2,7,10,0,1769406716,2026-01-26 00:53:27
c3b255d8-b690-4825-b1e9-a1d1680e5542,11,2,9,4,0,1769406716,2026-01-26 00:53:27
16836c76-c412-4ec3-bac8-3c6a5a3d9745,3,2,1,17,0,1769406716,2026-01-26 00:53:27
039d4cc9-8560-4d22-88c3-20753c54a50f,10,1,9,14,0,1769406717,2026-01-26 00:53:27
822d96e8-fb6c-463a-b866-aec9e408ad5e,13,5,8,3,0,1769406713,2026-01-26 00:53:27
e0a9ed84-55f9-40f5-90fa-87db17d2f933,14,1,13,4,0,1769406713,2026-01-26 00:53:27
7e70b65e-00c1-40d5-984d-17232a4ee05e,21,8,13,21,0,1769406713,2026-01-26 00:53:27
1869439170989701358,16,0,16,3,0,1769406714,2026-01-26 00:53:27
023127f2-a6e0-4fae-ba34-178acccb993e,2,0,2,15,0,1769406743,2026-01-26 00:53:27
1848242143834868452,14,2,12,3,0,1769406744,2026-01-26 00:53:27
1797078913880883846,3,2,1,15,0,1769406744,2026-01-26 00:53:27
66dbeb1b-0aca-11e7-82f6-3863bb44ef7c,10,6,4,30,0,1769406744,2026-01-26 00:53:27
7b56cbab-9d93-4043-bfa5-63eb6b3e5281,15,9,6,0,0,1769406744,2026-01-26 00:53:27
9eb98b3b-ea35-483f-91f6-d90c506152db,9,2,7,14,0,1769406744,2026-01-26 00:53:27
66dd4356-0aca-11e7-82f6-3863bb44ef7c,13,8,5,29,0,1769406745,2026-01-26 00:53:27
1828966227118051662,15,4,11,2,0,1769406746,2026-01-26 00:53:27
1835246381185208614,0,0,0,21,0,1769406746,2026-01-26 00:53:27
1861683217585879154,21,3,18,12,0,1769406747,2026-01-26 00:53:27
66dd1bf3-0aca-11e7-82f6-3863bb44ef7c,33,0,33,12,0,1769406747,2026-01-26 00:53:27
dfb8b9c8-3006-4b76-963a-95f7471dc0a8,14,0,14,4,0,1769406747,2026-01-26 00:53:27
b43ecf62-4c9d-4b06-ac9a-5837084f769f,2,0,2,19,0,1769406748,2026-01-26 00:53:27
1860188331547447938,6,6,0,14,0,1769406747,2026-01-26 00:53:27
1861680383828308814,4,4,0,9,0,1769406748,2026-01-26 00:53:27
606c7384-75e9-4988-858a-07b88b3a9413,27,4,23,8,0,1769406745,2026-01-26 00:53:27
bb58e953-4953-4fbe-9ef2-367488dfef9b,4,2,2,16,0,1769406744,2026-01-26 00:53:27
1828966490867110420,4,0,4,11,0,1769406751,2026-01-26 00:53:27
f47e1ce9-ff3f-49e9-9a2f-aa5be45d70da,10,1,9,11,0,1769406752,2026-01-26 00:53:27
89ff4db3-8a29-4565-a366-6fea4b3afc39,12,4,8,4,0,1769406751,2026-01-26 00:53:27
5a5a38d1-f28d-4e51-bf85-27bb384135c7,27,0,27,5,0,1769406751,2026-01-26 00:53:27
3893eeef-06a8-47b1-95f2-a85454f7d5c9,4,0,4,17,0,1769406750,2026-01-26 00:53:27
2fe3e166-2d2f-41c8-b522-fdf8ee3ae16f,14,11,3,3,0,1769406750,2026-01-26 00:53:27
266c8621-fdea-4a7e-9d35-18ca1684d526,3,0,3,17,0,1769406750,2026-01-26 00:53:27
1885440410432338078,0,0,0,21,0,1769406750,2026-01-26 00:53:27
1b962833-d769-418e-b1ef-5a183bb5eb1a,13,8,5,0,0,1769406750,2026-01-26 00:53:27
66dbc745-0aca-11e7-82f6-3863bb44ef7c,24,22,2,16,0,1769406750,2026-01-26 00:53:27
f42b3158-3f78-4a62-964a-8cc554d69c35,12,1,11,2,0,1769406752,2026-01-26 00:53:27
3d340fc5-8c86-4d5e-974d-ae28958e61e8,50,32,18,1,0,1769406752,2026-01-26 00:53:27
ee70b21e-4a95-4bdf-802c-50f83a76971d,9,1,8,15,0,1769406749,2026-01-26 00:53:27
2527619f-ef89-425c-bf3b-60cc0ec519bf,24,9,15,32,0,1769406749,2026-01-26 00:53:27
324e55da-fec0-43a2-b622-27774381ab7f,3,1,2,14,0,1769406749,2026-01-26 00:53:27
c0f952d9-538e-4836-b936-fa97123cbf13,4,2,2,14,0,1769406753,2026-01-26 00:53:27
1786686999403592506,5,5,0,23,0,1769406754,2026-01-26 00:53:27
1d440638-ec50-4ccb-9a82-0e3247a87c63,30,16,14,5,0,1769406754,2026-01-26 00:53:27
1905394575114219798,25,23,2,6,0,1769406751,2026-01-26 00:53:27
3b530cff-dd26-4cfd-b570-a85fd53354fe,18,10,8,30,0,1769406751,2026-01-26 00:53:27
1838070940162509196,6,2,4,16,0,1769406753,2026-01-26 00:53:27
8c6cba48-d803-4a90-99f7-e06edcdbbf92,3,3,0,17,0,1769406750,2026-01-26 00:53:27
66db3583-0aca-11e7-82f6-3863bb44ef7c,0,0,0,23,0,1769383171,2026-01-26 00:53:27
1808184356986544410,2,1,1,27,0,1769406757,2026-01-26 00:53:27
2126623405008140358,7,6,1,2,0,1769406594,2026-01-26 00:53:27
5ffde991-1125-443e-bc97-6827b2b9c97b,21,0,21,3,0,1769406758,2026-01-26 00:53:27
00284700-9d22-42ce-8485-113fed9879c1,2,1,1,14,0,1769406758,2026-01-26 00:53:27
b976906e-81c4-44c5-a160-e17815c0d47b,13,3,10,16,0,1769406755,2026-01-26 00:53:27
d29ea280-8b64-4a35-b12b-245525ae2a3a,6,3,3,47,0,1769406755,2026-01-26 00:53:27
fc5ee04d-710b-45ba-aae0-303b8e95ea89,6,4,2,12,0,1769406755,2026-01-26 00:53:27
0b857ee5-3d10-4152-952e-95fbaf06677a,7,7,0,21,0,1769406755,2026-01-26 00:53:27
1838999304404452058,14,1,13,4,0,1769406756,2026-01-26 00:53:27
1875395639434791520,1,1,0,18,0,1769406756,2026-01-26 00:53:27
2126965369631090816,7,3,4,6,0,1769406729,2026-01-26 00:53:27
1861681740276243358,16,13,3,3,0,1769406754,2026-01-26 00:53:27
b7af52d2-fd23-4970-8513-be7c681480c4,47,31,16,7,0,1769406754,2026-01-26 00:53:27
1815968345907104578,12,0,12,12,0,1769406754,2026-01-26 00:53:27
66dcecfa-0aca-11e7-82f6-3863bb44ef7c,7,6,1,25,0,1769406755,2026-01-26 00:53:27
e36b5913-8e46-4c2a-b9be-73bdf8ee548b,25,13,12,28,0,1769406755,2026-01-26 00:53:27
1835244925191295588,1,0,1,22,0,1769406755,2026-01-26 00:53:27
0e3dedfb-df10-4900-a67b-95349a81bc5c,20,3,17,3,0,1769406755,2026-01-26 00:53:27
66dbbeda-0aca-11e7-82f6-3863bb44ef7c,14,14,0,63,0,1769406759,2026-01-26 00:53:27
f3eb962c-314a-4431-bac7-2eb2ffbe2fd2,3,0,3,14,0,1769406759,2026-01-26 00:53:27
0cb63737-64c9-42a9-9479-280d49ed015a,7,1,6,15,0,1769406759,2026-01-26 00:53:27
66de18d7-0aca-11e7-82f6-3863bb44ef7c,14,0,14,4,0,1769406757,2026-01-26 00:53:27
814dd1a9-100c-4b1b-8110-6319bbd464e9,6,1,5,14,0,1769406757,2026-01-26 00:53:27
1828968462257099768,0,0,0,19,0,1769406757,2026-01-26 00:53:27
4cfd4097-0aee-4f11-9aea-55f99397bf33,7,4,3,9,0,1769406755,2026-01-26 00:53:27
1860189075388547142,2,2,0,18,0,1769406755,2026-01-26 00:53:27
5864d88d-a0fd-40ad-beee-896118d9360d,15,0,15,3,0,1769406764,2026-01-26 00:53:27
b5861c2d-d687-4308-bf2d-5f69fc28cc4a,18,0,18,3,0,1769406764,2026-01-26 00:53:27
1dba415a-2c46-419e-838d-7e068b8d7d6f,8,0,8,11,0,1769406764,2026-01-26 00:53:27
034f7f3d-e632-475a-aa01-894480d153df,7,4,3,9,0,1769406764,2026-01-26 00:53:27
298d4e45-c6d2-45f1-a07a-11606026a6e4,9,6,3,14,0,1769406764,2026-01-26 00:53:27
014a931b-8e1c-438a-8a22-f267ddd1e0d2,39,14,25,4,0,1769406764,2026-01-26 00:53:27
1849010295160437584,17,9,8,0,0,1769406764,2026-01-26 00:53:27
33af8810-cda5-4b61-9c38-0235f9d59aaa,26,2,24,3,0,1769406765,2026-01-26 00:53:27
adb67652-c20d-4dd2-8e89-d6015b801c1a,0,0,0,18,0,1769406765,2026-01-26 00:53:27
1864605926072998676,3,2,1,15,0,1769406765,2026-01-26 00:53:27
ba7bf20d-b6bc-43dd-bf30-acb940eaeec8,1,1,0,14,0,1769406766,2026-01-26 00:53:27
66dc8025-0aca-11e7-82f6-3863bb44ef7c,34,26,8,43,0,1769406767,2026-01-26 00:53:27
1851947582840610924,3,0,3,17,0,1769406767,2026-01-26 00:53:27
d7c56fef-1bf9-4315-85af-8638c534b402,12,6,6,24,0,1769406767,2026-01-26 00:53:27
3a51a25f-3e9b-4aea-84ee-39e9a3acc7fd,9,2,7,12,0,1769406760,2026-01-26 00:53:27
66dd2292-0aca-11e7-82f6-3863bb44ef7c,18,16,2,23,0,1769406760,2026-01-26 00:53:27
6ff2eec8-2b72-490a-b1c3-f9892ab3a724,28,17,11,21,0,1769406760,2026-01-26 00:53:27
7af717b9-99ce-4cce-94b4-b445a40537a1,18,0,18,1,0,1769406760,2026-01-26 00:53:27
1828969634783171152,16,0,16,3,0,1769406760,2026-01-26 00:53:27
66dccc99-0aca-11e7-82f6-3863bb44ef7c,11,0,11,19,0,1769406760,2026-01-26 00:53:27
66dc210e-0aca-11e7-82f6-3863bb44ef7c,0,0,0,34,0,1769406760,2026-01-26 00:53:27
d4c34830-972f-4cd1-81bb-071df209d065,0,0,0,20,0,1769406765,2026-01-26 00:53:27
66dc7e75-0aca-11e7-82f6-3863bb44ef7c,7,0,7,61,0,1769406766,2026-01-26 00:53:27
8f3a6711-fd05-4ce1-acf8-9d72b4a1bf97,1,0,1,19,0,1769406766,2026-01-26 00:53:27
66dc89ae-0aca-11e7-82f6-3863bb44ef7c,11,6,5,23,0,1769406762,2026-01-26 00:53:27
cb4926e6-0a79-4902-80ee-d365fbf42aec,2,2,0,22,0,1769406763,2026-01-26 00:53:27
6dec8948-44c7-4085-9682-446a891feb42,11,4,7,4,0,1769406763,2026-01-26 00:53:27
a7a175ff-8ffb-477c-a40b-6d47ce92305d,8,0,8,12,0,1769406763,2026-01-26 00:53:27
a7c09fde-76e8-4a56-b61d-8ca940432efd,1,0,1,19,0,1769406761,2026-01-26 00:53:27
18b19467-28ac-4496-b3e4-f6028b1c5105,6,4,2,22,0,1769406761,2026-01-26 00:53:27
66dc0f1b-0aca-11e7-82f6-3863bb44ef7c,68,52,16,0,0,1769406761,2026-01-26 00:53:27
c6c10756-ef41-491a-8e6c-ee0aa27b8cbe,2,2,0,16,0,1769406761,2026-01-26 00:53:27
66db930d-0aca-11e7-82f6-3863bb44ef7c,8,3,5,15,0,1769406761,2026-01-26 00:53:27
0f6fd186-656a-41b3-ba4a-456d22da177c,17,17,0,14,0,1769406761,2026-01-26 00:53:27
66ddef2d-0aca-11e7-82f6-3863bb44ef7c,4,0,4,17,0,1769406761,2026-01-26 00:53:27
66dc11a7-0aca-11e7-82f6-3863bb44ef7c,75,38,37,5,0,1769406761,2026-01-26 00:53:27
1835250199411134468,7,1,6,16,0,1769406775,2026-01-26 00:53:27
1826348745879909352,14,2,12,1,0,1769406775,2026-01-26 00:53:27
e25f8dee-c110-489f-a978-464ac5c84ca2,7,1,6,17,0,1769406775,2026-01-26 00:53:27
c229f0ca-bdd1-4aa0-8906-a3e809e12889,9,0,9,12,0,1769406775,2026-01-26 00:53:27
7e36cd9b-b271-42e5-b344-b7a3771c795e,14,10,4,32,0,1769406775,2026-01-26 00:53:27
66dd4423-0aca-11e7-82f6-3863bb44ef7c,19,18,1,24,0,1769406776,2026-01-26 00:53:27
7cd61426-ed98-434e-9235-56ed856fead6,14,9,5,6,0,1769406776,2026-01-26 00:53:27
1817803079955479336,13,3,10,7,0,1769406776,2026-01-26 00:53:27
5d101095-011e-4541-ae64-bed8b52807b3,0,0,0,23,0,1769406776,2026-01-26 00:53:27
4bc6f4d0-edd5-4eb0-a704-f7ce0d693aac,3,2,1,19,0,1769406776,2026-01-26 00:53:27
971cddfa-695e-4b44-ba8b-26154ab4a83b,2,0,2,15,0,1769406775,2026-01-26 00:53:27
f47c7f15-1c30-4199-a09f-134f0f0f684b,2,0,2,21,0,1769406776,2026-01-26 00:53:27
08bf2fe0-219d-48cd-87c5-6163b3a2eafd,4,4,0,17,0,1769406776,2026-01-26 00:53:27
36d80620-9774-487e-8eb0-cf5f18a39321,6,6,0,22,0,1769406776,2026-01-26 00:53:27
e3470e29-934c-41f1-8fe7-82135ed2d620,12,2,10,46,0,1769406776,2026-01-26 00:53:27
c466f15e-715f-411e-904e-1a71fb574cdd,79,54,25,5,0,1769406776,2026-01-26 00:53:27
2123938400844950144,3,0,3,13,0,1769406776,2026-01-26 00:53:27
1828966747840428256,7,0,7,8,0,1769406777,2026-01-26 00:53:27
66dc8382-0aca-11e7-82f6-3863bb44ef7c,8,6,2,68,0,1769406777,2026-01-26 00:53:27
66db2f4c-0aca-11e7-82f6-3863bb44ef7c,14,8,6,62,0,1769406778,2026-01-26 00:53:27
b53b5e8f-9503-48d1-b3e3-9347ecef38e2,24,8,16,8,0,1769406777,2026-01-26 00:53:27
82b97827-1801-4b7b-b3de-16447a8dd025,1,1,0,17,0,1769406778,2026-01-26 00:53:27
2123939242997647892,7,3,4,8,0,1769406771,2026-01-26 00:53:27
5782a158-b596-4936-a451-32ccc131a57d,2,2,0,16,0,1769406778,2026-01-26 00:53:27
66dc8d1d-0aca-11e7-82f6-3863bb44ef7c,3,2,1,57,0,1769406778,2026-01-26 00:53:27
8ea3301f-6940-4e0f-80f0-7a3e54b2eaa5,6,6,0,11,0,1769406778,2026-01-26 00:53:27
8b830188-101e-44bf-a755-5e6c611e3edc,26,0,26,0,0,1769406779,2026-01-26 00:53:27
272c0389-5e4a-41a9-ad6c-2dccdfa55af9,9,9,0,16,0,1769406779,2026-01-26 00:53:27
699d3378-6ea8-465f-888b-c49c60089ce8,0,0,0,18,0,1769406779,2026-01-26 00:53:27
66dd8479-0aca-11e7-82f6-3863bb44ef7c,0,0,0,12,0,1769314906,2026-01-26 00:53:27
7478be11-37d8-49b1-a253-f0810045f6ff,19,15,4,0,0,1769406663,2026-01-26 00:53:27
d09709d2-e119-48c4-aa22-29432a13a35a,9,8,1,2,0,1769406667,2026-01-26 00:53:27
6107e75a-2493-4e3d-a3e0-d4886d3416e5,6,1,5,7,0,1769406689,2026-01-26 00:53:27
f417d8da-0f15-49b0-9e3c-3c3e55c2691d,19,9,10,1,0,1769406701,2026-01-26 00:53:27
2116636101124803154,11,1,10,3,0,1769406702,2026-01-26 00:53:27
66dd6721-0aca-11e7-82f6-3863bb44ef7c,9,6,3,8,0,1769406710,2026-01-26 00:53:27
66ddda59-0aca-11e7-82f6-3863bb44ef7c,9,1,8,4,0,1769406760,2026-01-26 00:53:27
3d1db3fa-1df5-46c8-baf3-619b729f5bda,17,3,14,0,0,1769406758,2026-01-26 00:53:27
2108372562172578194,11,11,0,7,0,1769406765,2026-01-26 00:53:27
1839334257267825432,0,0,0,10,0,1769307052,2026-01-26 00:53:27
4a48175b-c239-4d5e-b1b8-03eda4239678,24,5,19,6,0,1769406720,2026-01-26 00:53:27
2de92329-48d0-4cf7-85df-172f91bbb320,18,18,0,12,0,1769406732,2026-01-26 00:53:27
2116635307734817684,4,2,2,11,0,1769406724,2026-01-26 00:53:27
66dd5960-0aca-11e7-82f6-3863bb44ef7c,12,6,6,10,0,1769406746,2026-01-26 00:53:27
537a2f47-26a3-4776-ba9d-e2acd2ffbee1,5,4,1,2,0,1769406746,2026-01-26 00:53:27
681a8bdb-65ff-4078-a5de-74927502da4e,15,4,11,3,0,1769406746,2026-01-26 00:53:27
66dd5e69-0aca-11e7-82f6-3863bb44ef7c,10,3,7,8,0,1769406747,2026-01-26 00:53:27
2116635993049651742,5,1,4,7,0,1769406582,2026-01-26 00:53:27
e163ce54-4c39-43c5-9831-e10a2603527d,16,6,10,4,0,1769406752,2026-01-26 00:53:27
3742e2ab-6cd0-40cf-846a-72cbe637afe1,0,0,0,10,0,1769371415,2026-01-26 00:53:27
c32d6965-4fae-4f1f-a5f2-7f2ef5f439fc,4,3,1,14,0,1769406688,2026-01-26 00:53:27
0bb12c94-efdb-40ac-98fe-9521ba373b57,5,5,0,25,0,1769406684,2026-01-26 00:53:27
a59f4f11-5d52-43a2-8a32-ae71137a6af8,5,3,2,9,0,1769406691,2026-01-26 00:53:27
66dddc98-0aca-11e7-82f6-3863bb44ef7c,19,10,9,6,0,1769406693,2026-01-26 00:53:27
66ddded0-0aca-11e7-82f6-3863bb44ef7c,13,9,4,1,0,1769406698,2026-01-26 00:53:27
66dd650d-0aca-11e7-82f6-3863bb44ef7c,11,9,2,5,0,1769406701,2026-01-26 00:53:27
e2c00264-9eea-446d-a1b7-27cef3aed403,5,5,0,7,0,1769406669,2026-01-26 00:53:27
f841ae52-0bbb-49db-b6eb-f898fbce6108,0,0,0,13,0,1769369230,2026-01-26 00:53:27
66dd8043-0aca-11e7-82f6-3863bb44ef7c,8,8,0,9,0,1769406682,2026-01-26 00:53:27
66dd9183-0aca-11e7-82f6-3863bb44ef7c,0,0,0,5,0,1769343344,2026-01-26 00:53:27
66dd836d-0aca-11e7-82f6-3863bb44ef7c,4,1,3,16,0,1769406715,2026-01-26 00:53:27
66dd83fc-0aca-11e7-82f6-3863bb44ef7c,12,2,10,10,0,1769406715,2026-01-26 00:53:27
ded4386f-9f69-43c6-a566-4511920c3e39,0,0,0,0,0,1769406665,2026-01-26 00:53:27
43318169-d1ae-4a1a-9578-23cfa3fdbac9,0,0,0,12,0,1769328882,2026-01-26 00:53:27
21c4a77d-b1ae-4262-b143-087fd14a07b8,5,2,3,12,0,1769406726,2026-01-26 00:53:27
66dd7cab-0aca-11e7-82f6-3863bb44ef7c,8,5,3,18,0,1769406738,2026-01-26 00:53:27
66dddae7-0aca-11e7-82f6-3863bb44ef7c,9,4,5,8,0,1769406727,2026-01-26 00:53:27
915057d4-edbc-4c73-8d81-dda33d600d58,11,6,5,6,0,1769406734,2026-01-26 00:53:27
2036428272250118978,18,8,10,1,0,1769406744,2026-01-26 00:53:27
66ddde40-0aca-11e7-82f6-3863bb44ef7c,0,0,0,8,0,1769320933,2026-01-26 00:53:27
2108372790290481846,3,3,0,11,0,1769406712,2026-01-26 00:53:27
823c0615-2832-4e76-85f0-7cf527151aba,0,0,0,0,0,86400,2026-01-26 00:53:27
33a797e8-6be2-4868-b9f6-1be157eaa0a5,1,0,1,18,0,1769406672,2026-01-26 00:53:27
1849747691035224144,14,6,8,0,0,1769406673,2026-01-26 00:53:27
2058728861810389252,13,10,3,7,0,1769406691,2026-01-26 00:53:27
66dd5f99-0aca-11e7-82f6-3863bb44ef7c,0,0,0,3,0,1769299859,2026-01-26 00:53:27
dd8b2f53-8b94-4082-9576-994a4962f9d5,0,0,0,13,0,1769392558,2026-01-26 00:53:27
ccfa1f8f-f930-45f2-9cda-375c01596ca2,2,2,0,16,0,1769406707,2026-01-26 00:53:27
fadf00cf-d84a-49e8-9607-c67154915412,18,9,9,7,0,1769406714,2026-01-26 00:53:27
2290031f-e7d8-40a3-9ad6-566df493bbbc,15,3,12,24,0,1769406718,2026-01-26 00:53:27
66dd58f2-0aca-11e7-82f6-3863bb44ef7c,0,0,0,2,0,1769331227,2026-01-26 00:53:27
66dd630c-0aca-11e7-82f6-3863bb44ef7c,11,6,5,6,0,1769406737,2026-01-26 00:53:27
2116635185595800086,7,4,3,6,0,1769406625,2026-01-26 00:53:27
655b0878-c22b-4f8c-8675-21bf30d1eebf,13,8,5,1,0,1769406743,2026-01-26 00:53:27
2108373096850688302,1,1,0,12,0,1769406749,2026-01-26 00:53:27
5f798c51-5d8b-4add-9f81-341f54a82ffa,3,0,3,14,0,1769406759,2026-01-26 00:53:27
2116635417524034072,4,3,1,8,0,1769406759,2026-01-26 00:53:27
66dd63de-0aca-11e7-82f6-3863bb44ef7c,12,8,4,5,0,1769406755,2026-01-26 00:53:27
2157737368545384190,2,2,0,14,0,1769406763,2026-01-26 00:53:27
22cd02a2-228f-4eeb-b249-cbea51a0e219,9,2,7,9,0,1769406766,2026-01-26 00:53:27
66dd7f10-0aca-11e7-82f6-3863bb44ef7c,19,18,1,7,0,1769406761,2026-01-26 00:53:27
2108372139456801688,15,9,6,2,0,1769406740,2026-01-26 00:53:27
1ec24ce3-2b69-4f3a-a153-c73e583d11f3,3,3,0,15,0,1769406775,2026-01-26 00:53:27
8ae0bf30-9979-461e-a947-2dd89f293b40,8,0,8,4,0,1769406774,2026-01-26 00:53:27
2116635868495600156,7,5,2,5,0,1769406774,2026-01-26 00:53:27
66ddd78e-0aca-11e7-82f6-3863bb44ef7c,7,1,6,4,0,1769406777,2026-01-26 00:53:27
66dd80ac-0aca-11e7-82f6-3863bb44ef7c,7,3,4,13,0,1769406677,2026-01-26 00:53:27
1844599666569400604,16,9,7,7,0,1769406662,2026-01-26 00:53:27
66ddd81a-0aca-11e7-82f6-3863bb44ef7c,10,8,2,4,0,1769406707,2026-01-26 00:53:27
66dd7b37-0aca-11e7-82f6-3863bb44ef7c,16,5,11,9,0,1769406669,2026-01-26 00:53:27
66dd7fe2-0aca-11e7-82f6-3863bb44ef7c,17,3,14,4,0,1769406680,2026-01-26 00:53:27
2158919319277979600,4,2,2,9,0,1769406681,2026-01-26 00:53:27
2157736614125310040,8,7,1,7,0,1769406679,2026-01-26 00:53:27
66dd8b48-0aca-11e7-82f6-3863bb44ef7c,0,0,0,16,0,1769333090,2026-01-26 00:53:27
66dd6441-0aca-11e7-82f6-3863bb44ef7c,0,0,0,7,0,1769358236,2026-01-26 00:53:27
66dddf5f-0aca-11e7-82f6-3863bb44ef7c,7,7,0,6,0,1769406744,2026-01-26 00:53:27
66dd6000-0aca-11e7-82f6-3863bb44ef7c,12,1,11,9,0,1769406742,2026-01-26 00:53:27
2116885281736356212,6,1,5,6,0,1769406687,2026-01-26 00:53:27
4aecd6f2-8a84-4bed-a528-dc6870877292,1,1,0,15,0,1769406750,2026-01-26 00:53:27
2108372029596633484,10,3,7,2,0,1769406747,2026-01-26 00:53:27
3371df76-39db-43ab-b3d6-fac0be55311f,7,1,6,7,0,1769406758,2026-01-26 00:53:27
2165507807810224012,0,0,0,16,0,1769406720,2026-01-26 00:53:27
2108373197827738014,8,1,7,12,0,1769406774,2026-01-26 00:53:27
66ddd8a8-0aca-11e7-82f6-3863bb44ef7c,9,9,0,5,0,1769406660,2026-01-26 00:53:27
519824e4-69ba-4270-a395-17c204f328f8,1,1,0,19,0,1769406699,2026-01-26 00:53:27
66dd5a42-0aca-11e7-82f6-3863bb44ef7c,6,6,0,14,0,1769406697,2026-01-26 00:53:27
66ddd93e-0aca-11e7-82f6-3863bb44ef7c,6,0,6,8,0,1769406720,2026-01-26 00:53:27
5aa81a37-ea1d-4bf6-ab40-4751c6b4fb08,9,4,5,9,0,1769406689,2026-01-26 00:53:27
5faf99b8-9046-450f-9d2a-d13279b3d016,0,0,0,19,0,1769327515,2026-01-26 00:53:27
bd6f422b-d7ae-4d7e-9261-653fdd8e6888,0,0,0,9,0,1769376205,2026-01-26 00:53:27
9d344652-976b-4c2d-bede-2ef19b0fbf13,10,0,10,8,0,1769406728,2026-01-26 00:53:27
2116634708854430228,11,3,8,7,0,1769406729,2026-01-26 00:53:27
581211b2-4e42-48f2-8a8f-5f968cb1c5df,21,14,7,8,0,1769406726,2026-01-26 00:53:27
2088688422524183306,10,2,8,27,0,1769406727,2026-01-26 00:53:27
2108372903577159978,4,3,1,10,0,1769406767,2026-01-26 00:53:27
2116636221383887448,15,0,15,3,0,1769406770,2026-01-26 00:53:27
cbc48689-7805-49dd-9669-5471f4b7b6fb,11,7,4,9,0,1769406688,2026-01-26 00:53:27
2108373961268485100,4,0,4,10,0,1769406709,2026-01-26 00:53:27
66dddc08-0aca-11e7-82f6-3863bb44ef7c,6,4,2,7,0,1769406713,2026-01-26 00:53:27
b6a13f2b-deb4-4f4d-9d67-7d23bee27c88,2,1,1,12,0,1769406746,2026-01-26 00:53:27
66ddddb4-0aca-11e7-82f6-3863bb44ef7c,13,6,7,1,0,1769406748,2026-01-26 00:53:27
66dd5f24-0aca-11e7-82f6-3863bb44ef7c,0,0,0,3,0,1769406099,2026-01-26 00:53:27
2108372356498784942,9,2,7,5,0,1769406758,2026-01-26 00:53:27
66dddd28-0aca-11e7-82f6-3863bb44ef7c,5,4,1,8,0,1769406767,2026-01-26 00:53:27
2116635527663355916,1,1,0,12,0,1769406752,2026-01-26 00:53:27
46813ecf-8df4-4c8f-9579-0179e0b36ba6,6,2,4,9,0,1769406761,2026-01-26 00:53:27
1905837242740508940,0,0,0,0,0,86400,2026-01-26 01:24:16
41495491-5d89-4e14-aab9-c3db04aad399,0,0,0,0,0,86400,2026-01-26 01:24:16
b9720921-8170-43ea-a5ae-b61b9161eb49,0,0,0,0,0,86400,2026-01-26 01:24:16
2171903488884523500,0,0,0,0,0,86400,2026-01-26 01:24:16
2171903608969565866,0,0,0,0,0,86400,2026-01-26 01:24:16
2171904223419888148,0,0,0,0,0,86400,2026-01-26 01:24:16
2177014969129222184,0,0,0,0,0,86400,2026-01-26 01:24:16
2177016530523622712,0,0,0,0,0,86400,2026-01-26 01:24:16
2177016940364559212,0,0,0,0,0,86400,2026-01-26 01:24:16
1848241791125254746,15,2,13,0,0,1769408141,2026-01-26 01:24:16
64f0f28c-bedc-42d5-b107-ecdd48fc30cd,0,0,0,79,0,1769336792,2026-01-26 01:24:16
1862788202397235246,0,0,0,0,0,1769385032,2026-01-26 01:24:16
19d17911-1e4a-41fa-b62b-719aa0a6182e,0,0,0,8,0,1769343541,2026-01-26 01:24:16
a3d72b5b-9587-4f33-9722-c01e20a9b358,0,0,0,26,0,1769388341,2026-01-26 01:24:16
c3062f44-c5b9-4650-a4ec-cc66cbf5b944,0,0,0,17,0,1769392040,2026-01-26 01:24:16
2137775326353803668,13,1,12,2,0,1769408441,2026-01-26 01:24:16
6542d952-ca19-410e-9290-ee6b7a6e14cf,0,0,0,20,0,1769408462,2026-01-26 01:24:16
66dc1d80-0aca-11e7-82f6-3863bb44ef7c,6,3,3,31,0,1769408462,2026-01-26 01:24:16
640a9a95-194f-42f5-8d88-1df67129f388,12,5,7,8,0,1769408459,2026-01-26 01:24:16
9635affa-8b18-42d5-84c4-7f67ad5ef9d0,3,1,2,10,0,1769408459,2026-01-26 01:24:16
c71cca54-17f6-42bc-ba94-3f5bd9c70197,36,0,36,7,0,1769408461,2026-01-26 01:24:16
66dc2c78-0aca-11e7-82f6-3863bb44ef7c,13,5,8,69,0,1769408460,2026-01-26 01:24:16
66dd9fa6-0aca-11e7-82f6-3863bb44ef7c,12,10,2,48,0,1769408463,2026-01-26 01:24:16
66dd1d0f-0aca-11e7-82f6-3863bb44ef7c,21,15,6,10,0,1769408462,2026-01-26 01:24:16
dccaeeb5-c53a-4f48-80e6-05675b71a8c8,21,5,16,8,0,1769408464,2026-01-26 01:24:16
5f63411c-91ce-4788-a567-d388cc812a15,3,0,3,26,0,1769408464,2026-01-26 01:24:16
2104286315955915532,4,3,1,63,0,1769408465,2026-01-26 01:24:16
1871698348432996504,9,3,6,14,0,1769408465,2026-01-26 01:24:16
66db2a71-0aca-11e7-82f6-3863bb44ef7c,40,13,27,1,0,1769408470,2026-01-26 01:24:16
ad57266c-34da-43da-8b48-2ba856002fbf,11,0,11,15,0,1769408468,2026-01-26 01:24:16
66de205d-0aca-11e7-82f6-3863bb44ef7c,14,13,1,10,0,1769408468,2026-01-26 01:24:16
7938263e-e5b8-4ca7-b8bf-1adbaae5fead,12,3,9,14,0,1769408467,2026-01-26 01:24:16
19b61564-7629-41b4-80c8-1756135a5442,2,1,1,15,0,1769408469,2026-01-26 01:24:16
26217b73-7bb5-46e6-8094-1db05becd617,18,17,1,7,0,1769408471,2026-01-26 01:24:16
f681f980-185d-45b9-8490-bb2606624dd4,1,1,0,16,0,1769408468,2026-01-26 01:24:16
1862008701134683118,3,0,3,20,0,1769408475,2026-01-26 01:24:16
e85c3165-ad0a-44a3-9683-d8cf7575f465,16,5,11,11,0,1769408476,2026-01-26 01:24:16
1831178352265562334,13,2,11,12,0,1769408474,2026-01-26 01:24:16
f5393bc2-36d4-4508-bf51-fa48d121f751,16,4,12,9,0,1769408473,2026-01-26 01:24:16
1950648049868542106,9,4,5,15,0,1769408471,2026-01-26 01:24:16
bc5235a5-7f10-4a27-806e-9c25fa700959,9,1,8,27,0,1769408471,2026-01-26 01:24:16
81bec993-29a5-4e70-8f60-eecdf16c7be4,19,11,8,10,0,1769408472,2026-01-26 01:24:16
9394fb49-583f-4426-8d2f-a2b0ffb584d2,35,23,12,12,0,1769408476,2026-01-26 01:24:16
66de1ea2-0aca-11e7-82f6-3863bb44ef7c,11,8,3,11,0,1769408476,2026-01-26 01:24:16
d80c274e-d17d-4a00-9b76-274c9fe4d0e1,12,10,2,21,0,1769408481,2026-01-26 01:24:16
cc5f0e68-dd5f-4db1-81c7-04a4d6674fba,14,1,13,2,0,1769408481,2026-01-26 01:24:16
dad39e68-53f5-47c2-87e2-b1cc0e34f90f,5,4,1,13,0,1769408481,2026-01-26 01:24:16
1875415144760576328,19,19,0,2,0,1769408478,2026-01-26 01:24:16
69f84045-48f9-4c6c-90d3-0503e5ed39e9,2,2,0,17,0,1769408479,2026-01-26 01:24:16
0bd9bd58-42e6-4680-9d19-83943372221f,8,8,0,9,0,1769408479,2026-01-26 01:24:16
0687075b-cf2d-4130-a859-fe841aafbd3f,17,1,16,3,0,1769408479,2026-01-26 01:24:16
66dd1c7f-0aca-11e7-82f6-3863bb44ef7c,22,9,13,25,0,1769408479,2026-01-26 01:24:16
81a98b0b-cfd6-48b4-90bd-806ebbc264a0,10,2,8,8,0,1769408483,2026-01-26 01:24:16
d979131e-0b9f-4aa2-88c5-46d4ff94abc8,6,2,4,9,0,1769408483,2026-01-26 01:24:16
1864605386632012480,1,0,1,17,0,1769408484,2026-01-26 01:24:16
2637fed8-1e2a-460b-83eb-3eb32ace0f4e,13,4,9,33,0,1769408483,2026-01-26 01:24:16
d18512f9-52c8-4175-92b9-b6258dc30748,1,1,0,18,0,1769408482,2026-01-26 01:24:16
00967b8f-1a4d-4131-a65a-17fa8ca89e28,3,2,1,13,0,1769408478,2026-01-26 01:24:16
1871698223344654662,8,0,8,16,0,1769408478,2026-01-26 01:24:16
66dbcbbc-0aca-11e7-82f6-3863bb44ef7c,44,9,35,22,0,1769408480,2026-01-26 01:24:16
cf1a96a7-f695-4ba2-bcf2-899552e21e47,9,3,6,8,0,1769408480,2026-01-26 01:24:16
2124036103510616644,2,1,1,8,0,1769408480,2026-01-26 01:24:16
66dc3782-0aca-11e7-82f6-3863bb44ef7c,26,23,3,2,0,1769408482,2026-01-26 01:24:16
66dde630-0aca-11e7-82f6-3863bb44ef7c,58,17,41,10,0,1769408494,2026-01-26 01:24:16
69717638-5c4a-47a7-bccb-3b42c81eb09f,6,1,5,9,0,1769408494,2026-01-26 01:24:16
1854538387432581604,18,1,17,3,0,1769408494,2026-01-26 01:24:16
93da4d1b-d574-45b0-85d7-5b82e2887267,16,0,16,3,0,1769408495,2026-01-26 01:24:16
0138452a-b9f4-4aee-80b0-7fae9a122ffe,3,2,1,36,0,1769408491,2026-01-26 01:24:16
a2ef8ed2-6031-4049-b7dc-9838ef39889b,12,0,12,6,0,1769408491,2026-01-26 01:24:16
66db75cc-0aca-11e7-82f6-3863bb44ef7c,41,24,17,1,0,1769408493,2026-01-26 01:24:16
e9575102-1081-4c30-8d15-ea95913579e2,3,3,0,13,0,1769408492,2026-01-26 01:24:16
6476c5fd-611e-436c-9736-e0f43bb7774e,14,1,13,3,0,1769408493,2026-01-26 01:24:16
3134c2d4-b090-4eb8-ab44-6f9622098f72,10,9,1,8,0,1769408493,2026-01-26 01:24:16
62b97c1e-9d06-4c5e-b9c3-d76099e37fe4,10,5,5,10,0,1769408492,2026-01-26 01:24:16
66de1fe7-0aca-11e7-82f6-3863bb44ef7c,16,1,15,4,0,1769408492,2026-01-26 01:24:16
2124037125711300644,16,12,4,5,0,1769408492,2026-01-26 01:24:16
12279d2b-29f6-4e02-a7f0-244970f7edd5,9,4,5,17,0,1769408492,2026-01-26 01:24:16
66dbe96d-0aca-11e7-82f6-3863bb44ef7c,20,3,17,25,0,1769408496,2026-01-26 01:24:16
7a6fc75f-a605-4dd6-b567-b2bbbfb862f3,17,17,0,0,0,1769408496,2026-01-26 01:24:16
1876800925490112950,5,2,3,10,0,1769408495,2026-01-26 01:24:16
162d5859-b735-4ff7-9613-01b21f22c1cd,29,17,12,4,0,1769408495,2026-01-26 01:24:16
823ef531-40e6-4397-b973-86bf5b032076,9,3,6,12,0,1769408497,2026-01-26 01:24:16
1814906692908349788,10,0,10,11,0,1769408497,2026-01-26 01:24:16
66dc7f02-0aca-11e7-82f6-3863bb44ef7c,90,82,8,13,0,1769408497,2026-01-26 01:24:16
372c592e-09d8-400c-9595-2aa3510f39b0,6,5,1,15,0,1769408499,2026-01-26 01:24:16
525535e3-dde3-47b4-9c2e-0174eaa4f2bb,17,6,11,2,0,1769408500,2026-01-26 01:24:16
66dd4ec7-0aca-11e7-82f6-3863bb44ef7c,20,16,4,52,0,1769408500,2026-01-26 01:24:16
f8c242cd-da59-4f0e-afd6-832bbdd7d328,12,3,9,4,0,1769408501,2026-01-26 01:24:16
922763d6-d73c-4678-8bcd-f42ee3a236db,9,0,9,11,0,1769408501,2026-01-26 01:24:16
7f402242-dc1b-4a48-ba21-58c4fa7216b4,17,6,11,0,0,1769408501,2026-01-26 01:24:16
18415ea7-efce-408d-bcb9-4693fb088dda,27,21,6,4,0,1769408500,2026-01-26 01:24:16
1814548067447122618,23,15,8,6,0,1769408501,2026-01-26 01:24:16
4efda436-cd19-4ec3-acc7-1a622f723264,0,0,0,18,0,1769408501,2026-01-26 01:24:16
6969d756-33a6-4a0b-83d0-3db38bc382d1,25,2,23,4,0,1769408501,2026-01-26 01:24:16
1846086362824884662,19,0,19,0,0,1769408502,2026-01-26 01:24:16
66de71af-0aca-11e7-82f6-3863bb44ef7c,25,1,24,9,0,1769408503,2026-01-26 01:24:16
6d766daf-9298-4059-a329-1818582d495f,12,11,1,5,0,1769408503,2026-01-26 01:24:16
66dd24ca-0aca-11e7-82f6-3863bb44ef7c,28,16,12,18,0,1769408503,2026-01-26 01:24:16
66dc0dab-0aca-11e7-82f6-3863bb44ef7c,3,2,1,107,0,1769408503,2026-01-26 01:24:16
053312f2-e77e-4674-b28b-ad357fbcb4ee,24,20,4,38,0,1769408501,2026-01-26 01:24:16
3db799ba-b574-4e5f-95e5-c767bec2acb6,14,6,8,12,0,1769408498,2026-01-26 01:24:16
1d3a8670-09b3-4127-b750-af5311e565f0,8,1,7,10,0,1769408498,2026-01-26 01:24:16
eb07bdfc-3a6f-40eb-96d2-0b92ac371619,6,3,3,9,0,1769408499,2026-01-26 01:24:16
66dcc37f-0aca-11e7-82f6-3863bb44ef7c,9,2,7,11,0,1769408499,2026-01-26 01:24:16
3d68a3fd-91da-49e8-9cd5-69b333863789,13,3,10,4,0,1769408498,2026-01-26 01:24:16
66dc120f-0aca-11e7-82f6-3863bb44ef7c,25,16,9,46,0,1769408513,2026-01-26 01:24:16
09dfc0e3-a448-477c-bb3c-9467dc51ef8d,47,17,30,25,0,1769408513,2026-01-26 01:24:16
f833d403-2cf5-424a-a3b3-0314a44b4a67,17,0,17,16,0,1769408514,2026-01-26 01:24:16
66dd4c5f-0aca-11e7-82f6-3863bb44ef7c,5,3,2,57,0,1769408514,2026-01-26 01:24:16
c4e9905f-457b-4be0-a878-2aa53fa0b09b,20,0,20,2,0,1769408510,2026-01-26 01:24:16
66de12ff-0aca-11e7-82f6-3863bb44ef7c,10,9,1,11,0,1769408510,2026-01-26 01:24:16
b896d83d-5524-4c9c-a2aa-c1b0edaadc22,1,0,1,18,0,1769408510,2026-01-26 01:24:16
66dcbac5-0aca-11e7-82f6-3863bb44ef7c,10,2,8,9,0,1769408512,2026-01-26 01:24:16
5645b05e-85be-460d-8506-cacd20bff233,27,3,24,1,0,1769408512,2026-01-26 01:24:16
1859088223746072684,8,0,8,7,0,1769408512,2026-01-26 01:24:16
1828965347681089818,15,3,12,4,0,1769408515,2026-01-26 01:24:16
2124037250266884686,8,2,6,1,0,1769408515,2026-01-26 01:24:16
66db4549-0aca-11e7-82f6-3863bb44ef7c,10,2,8,12,0,1769408515,2026-01-26 01:24:16
517409d3-a94a-4140-a6de-ff0de9221ed2,3,1,2,18,0,1769408516,2026-01-26 01:24:16
82c85f05-4722-48ae-9f64-0522012eb3c8,5,2,3,17,0,1769408509,2026-01-26 01:24:16
1815968237323833702,17,1,16,4,0,1769408514,2026-01-26 01:24:16
c8c39d85-4ce7-46c5-b709-998067200780,0,0,0,21,0,1769408515,2026-01-26 01:24:16
7dda8844-60ba-4449-b05c-54c1d14ab5fb,59,47,12,4,0,1769408514,2026-01-26 01:24:16
ff9581d3-3e1a-463a-bdab-d8150c468be2,9,4,5,22,0,1769408515,2026-01-26 01:24:16
8a89684b-40a5-49fe-b75d-fdf32ffa8102,17,2,15,0,0,1769408515,2026-01-26 01:24:16
ef6216aa-d3c8-46bb-8c6b-b62f8ba51b16,7,0,7,12,0,1769408512,2026-01-26 01:24:16
3eb10c63-ea4c-4161-b07d-a29034f7367a,7,1,6,8,0,1769408512,2026-01-26 01:24:16
9af90faf-0b9b-451b-9cb0-20ff421ca1d9,3,2,1,21,0,1769408512,2026-01-26 01:24:16
b4b5824b-3c23-44b7-92a3-cec6a54583a0,8,1,7,10,0,1769408513,2026-01-26 01:24:16
1828966626550010820,16,2,14,0,0,1769408512,2026-01-26 01:24:16
c602146e-d69d-43b6-9e8f-054c4df5377e,14,3,11,4,0,1769408513,2026-01-26 01:24:16
1834145589124844432,0,0,0,18,0,1769408487,2026-01-26 01:24:16
66de4959-0aca-11e7-82f6-3863bb44ef7c,2,2,0,22,0,1769408487,2026-01-26 01:24:16
0fa27bd7-b182-4e7a-b5bb-90f4249cb368,18,8,10,5,0,1769408488,2026-01-26 01:24:16
66ddea99-0aca-11e7-82f6-3863bb44ef7c,6,5,1,14,0,1769408488,2026-01-26 01:24:16
66dcc8b3-0aca-11e7-82f6-3863bb44ef7c,8,8,0,9,0,1769408485,2026-01-26 01:24:16
633fbc4c-7617-47ba-a393-aad7a8d26a3e,21,3,18,0,0,1769408485,2026-01-26 01:24:16
66de0cab-0aca-11e7-82f6-3863bb44ef7c,15,1,14,21,0,1769408485,2026-01-26 01:24:16
44c23eaa-7ddf-40b3-8373-6f3880c5e1b1,5,4,1,14,0,1769408484,2026-01-26 01:24:16
528ed1e0-75aa-45be-8afe-c3f1c950782f,8,1,7,12,0,1769408485,2026-01-26 01:24:16
1849010133527040242,5,1,4,11,0,1769408486,2026-01-26 01:24:16
0f98907a-d4cc-45e0-b174-7d9dfda74106,4,0,4,26,0,1769408487,2026-01-26 01:24:16
4c03fa2d-89da-4f0b-8f19-c7de5edbe256,16,0,16,7,0,1769408487,2026-01-26 01:24:16
66de73fd-0aca-11e7-82f6-3863bb44ef7c,4,1,3,20,0,1769408487,2026-01-26 01:24:16
b4f990dd-36bb-46b3-9eea-4b980bd43c2d,7,7,0,16,0,1769408488,2026-01-26 01:24:16
ceb179f3-89c3-4c3e-8a0a-3415406a9463,9,9,0,13,0,1769408488,2026-01-26 01:24:16
b713367c-3572-4225-b74a-9319ab537838,1,0,1,17,0,1769408489,2026-01-26 01:24:16
1859808514684217788,1,0,1,18,0,1769408489,2026-01-26 01:24:16
18a2cbb6-91f2-4393-82fb-b40a8ba90f20,4,2,2,16,0,1769408489,2026-01-26 01:24:16
66db277a-0aca-11e7-82f6-3863bb44ef7c,16,3,13,7,0,1769408490,2026-01-26 01:24:16
d73e26de-8534-4b46-a321-3cae295ef9b2,12,0,12,16,0,1769408485,2026-01-26 01:24:16
0ddb965d-95ef-4ce3-bde6-81a56ac1fbd2,5,1,4,25,0,1769408486,2026-01-26 01:24:16
b96507c5-7c90-499d-9c45-58f25d6f636a,2,1,1,15,0,1769408486,2026-01-26 01:24:16
63a838a8-9acf-4ba1-91f5-c676f6ef2f7d,10,0,10,9,0,1769408486,2026-01-26 01:24:16
1861678548643203686,0,0,0,25,0,1769408489,2026-01-26 01:24:16
1869753484503987044,1,0,1,18,0,1769408489,2026-01-26 01:24:16
66dd01c5-0aca-11e7-82f6-3863bb44ef7c,11,0,11,14,0,1769408487,2026-01-26 01:24:16
bbc3c1df-f7db-4f54-8d5c-b8f4269ecb48,19,15,4,0,0,1769408485,2026-01-26 01:24:16
1960019951675478680,7,6,1,21,0,1769408504,2026-01-26 01:24:16
1f088432-0460-421e-a1d9-36890fa5396d,10,6,4,6,0,1769408504,2026-01-26 01:24:16
2126623007192357636,9,1,8,1,0,1769408505,2026-01-26 01:24:16
18eccc71-66be-4e4c-8335-095a9bf0df94,9,3,6,20,0,1769408505,2026-01-26 01:24:16
7f4753d7-8d58-48bd-a881-de5bff08b27d,3,1,2,23,0,1769408505,2026-01-26 01:24:16
1794852638057746848,21,1,20,0,0,1769408505,2026-01-26 01:24:16
66dce9b5-0aca-11e7-82f6-3863bb44ef7c,4,1,3,27,0,1769408504,2026-01-26 01:24:16
1817432434869846072,13,1,12,7,0,1769408504,2026-01-26 01:24:16
96e72113-3681-4d19-88bb-032e76720093,28,25,3,15,0,1769408508,2026-01-26 01:24:16
1828967979464708718,0,0,0,21,0,1769408508,2026-01-26 01:24:16
c63a83a0-bda1-40a6-835b-f82c363543b9,4,2,2,16,0,1769408508,2026-01-26 01:24:16
b442a648-e9f4-4893-951a-64d258bc0e55,3,3,0,25,0,1769408507,2026-01-26 01:24:16
66dde103-0aca-11e7-82f6-3863bb44ef7c,28,26,2,6,0,1769408506,2026-01-26 01:24:16
7d5fa1f0-4069-4d5d-b735-5d500597394a,40,25,15,7,0,1769408507,2026-01-26 01:24:16
66dbec40-0aca-11e7-82f6-3863bb44ef7c,22,15,7,33,0,1769408507,2026-01-26 01:24:16
2546c9b9-5b1a-4e9f-a9cc-f8b986b79748,11,3,8,8,0,1769408507,2026-01-26 01:24:16
66de5005-0aca-11e7-82f6-3863bb44ef7c,15,5,10,10,0,1769408505,2026-01-26 01:24:16
66dde4ef-0aca-11e7-82f6-3863bb44ef7c,8,6,2,14,0,1769408518,2026-01-26 01:24:16
1848241684520917882,9,2,7,2,0,1769408519,2026-01-26 01:24:16
1929504694747056164,3,2,1,38,0,1769408519,2026-01-26 01:24:16
545a32d3-b74c-4dc2-b82c-a6d185dd4666,4,4,0,15,0,1769408519,2026-01-26 01:24:16
66db447a-0aca-11e7-82f6-3863bb44ef7c,45,28,17,1,0,1769408519,2026-01-26 01:24:16
b79c8433-9dd1-4d68-9156-7f2c2162bafe,7,3,4,18,0,1769408517,2026-01-26 01:24:16
023cf549-bd85-4f9a-abd8-70ba29d7e86b,10,0,10,10,0,1769408518,2026-01-26 01:24:16
ca7ec509-cefc-4ac6-b729-08999d191051,17,3,14,4,0,1769408517,2026-01-26 01:24:16
1799624430022654108,6,2,4,13,0,1769408520,2026-01-26 01:24:16
038b7369-9c6e-4eb2-8569-f7461443302f,12,0,12,4,0,1769408520,2026-01-26 01:24:16
566a6389-5c22-49ca-8c24-4d9eea135170,19,4,15,9,0,1769408520,2026-01-26 01:24:16
1937777808143497236,0,0,0,27,0,1769408520,2026-01-26 01:24:16
816e50eb-dc4b-47dc-b773-154e2020cb0d,0,0,0,19,0,1769408521,2026-01-26 01:24:16
7779e057-b33e-46a7-8a1e-8c28bcd9a558,8,0,8,11,0,1769408521,2026-01-26 01:24:16
1882824287789509296,16,12,4,29,0,1769408520,2026-01-26 01:24:16
fda18503-7488-4b91-b74c-949a90401e83,8,2,6,10,0,1769408518,2026-01-26 01:24:16
66de677e-0aca-11e7-82f6-3863bb44ef7c,19,3,16,6,0,1769408518,2026-01-26 01:24:16
1835618878584115330,21,2,19,2,0,1769408521,2026-01-26 01:24:16
75352ab4-8a31-4926-8b59-048a9e506452,12,3,9,1,0,1769408521,2026-01-26 01:24:16
66dd45c7-0aca-11e7-82f6-3863bb44ef7c,19,14,5,7,0,1769408522,2026-01-26 01:24:16
f401cd5f-cb41-41f8-a857-4a4dfe778f94,21,13,8,0,0,1769408522,2026-01-26 01:24:16
dd482585-3028-453f-a98d-55019db9b26c,38,0,38,5,0,1769408522,2026-01-26 01:24:16
191d5d54-de64-4312-99c7-eee141efa4ef,2,1,1,19,0,1769408523,2026-01-26 01:24:16
ed279ef2-52ee-4ff2-9a52-edd8137ea034,7,2,4,18,0,1769408523,2026-01-26 01:24:16
66dbef15-0aca-11e7-82f6-3863bb44ef7c,33,13,20,16,0,1769408523,2026-01-26 01:24:16
66de0d91-0aca-11e7-82f6-3863bb44ef7c,26,1,25,0,0,1769408523,2026-01-26 01:24:16
1f8f6714-42a7-45d5-86cd-a093c940b2c9,2,2,0,22,0,1769408523,2026-01-26 01:24:16
cb05443c-e68e-48f7-8d17-35353fa19d4d,26,11,15,24,0,1769408523,2026-01-26 01:24:16
2ebbe93b-a013-464a-b4a5-0eba96f89676,10,10,0,7,0,1769408523,2026-01-26 01:24:16
1888015107269225164,14,13,1,23,0,1769408523,2026-01-26 01:24:16
6cd10426-b4e9-40e1-9b35-61f609190ac0,29,17,12,4,0,1769408523,2026-01-26 01:24:16
d2b23c87-b7c3-48c2-a634-db4b76ecbcf7,6,3,3,12,0,1769408523,2026-01-26 01:24:16
66dea7b5-0aca-11e7-82f6-3863bb44ef7c,6,3,3,33,0,1769408526,2026-01-26 01:24:16
66dde69c-0aca-11e7-82f6-3863bb44ef7c,2,1,1,14,0,1769408525,2026-01-26 01:24:16
1828965172312150882,11,2,9,10,0,1769408524,2026-01-26 01:24:16
a45a712c-1e3d-4fee-bef8-adafafd80670,6,3,3,11,0,1769408522,2026-01-26 01:24:16
bc9c9006-3d40-400d-8b5c-17f56e6dfcee,0,0,0,26,0,1769408529,2026-01-26 01:24:16
1795146692060860976,14,1,13,5,0,1769408529,2026-01-26 01:24:16
66dd46a2-0aca-11e7-82f6-3863bb44ef7c,12,2,10,33,0,1769408530,2026-01-26 01:24:16
ec42fb3a-af54-46aa-a8b3-b17d72ed4475,12,1,11,6,0,1769408530,2026-01-26 01:24:16
912813fc-fde4-4430-8443-a4fa21477e7f,1,1,0,21,0,1769408530,2026-01-26 01:24:16
1838070843306263244,7,3,4,11,0,1769408530,2026-01-26 01:24:16
c606bae0-889c-47c3-8202-9463ef147655,14,0,14,8,0,1769408528,2026-01-26 01:24:16
66dd4a52-0aca-11e7-82f6-3863bb44ef7c,5,3,2,25,0,1769408529,2026-01-26 01:24:16
1840540852548303628,1,0,1,17,0,1769408531,2026-01-26 01:24:16
1786700154621508184,10,3,7,18,0,1769408532,2026-01-26 01:24:16
0fde06c2-632c-46a9-8866-f4e855604f74,21,13,8,44,0,1769408532,2026-01-26 01:24:16
4f814d78-5d8d-458b-877e-2ca449b865be,1,0,1,19,0,1769408532,2026-01-26 01:24:16
66db3053-0aca-11e7-82f6-3863bb44ef7c,55,45,10,15,0,1769408526,2026-01-26 01:24:16
c7604869-5b55-40cf-812e-fc97901bdf14,35,12,23,2,0,1769408526,2026-01-26 01:24:16
66de2b2f-0aca-11e7-82f6-3863bb44ef7c,47,7,40,3,0,1769408526,2026-01-26 01:24:16
a4d041fd-c5fa-4f52-800c-25d7a661a875,4,0,4,16,0,1769408527,2026-01-26 01:24:16
1817822909864556798,8,4,4,17,0,1769408527,2026-01-26 01:24:16
1835250442210857240,18,4,14,0,0,1769408527,2026-01-26 01:24:16
1786698974100683436,20,12,8,33,0,1769408528,2026-01-26 01:24:16
66de43a5-0aca-11e7-82f6-3863bb44ef7c,17,7,10,8,0,1769408528,2026-01-26 01:24:16
c638ec67-9ac0-416f-944f-619926144931,69,67,2,51,0,1769408528,2026-01-26 01:24:16
b4974d89-932c-4a9f-a264-2ea0cf70613e,8,7,1,10,0,1769408526,2026-01-26 01:24:16
c80c55c4-d623-42d7-8acf-6bfa68a84ecb,6,5,1,12,0,1769408527,2026-01-26 01:24:16
66dc10d1-0aca-11e7-82f6-3863bb44ef7c,16,4,12,26,0,1769408530,2026-01-26 01:24:16
1854538962214948918,17,1,16,0,0,1769408531,2026-01-26 01:24:16
66de4bbb-0aca-11e7-82f6-3863bb44ef7c,11,1,10,10,0,1769408531,2026-01-26 01:24:16
c00ef46d-fcde-48e2-afbd-0fb595fe3fa7,24,12,11,3,0,1769408531,2026-01-26 01:24:16
3a89411a-0bc6-4ba3-bc56-fab950c8eba1,20,1,19,0,0,1769408532,2026-01-26 01:24:16
595cf79f-7783-4373-b3d5-775bcf76033b,0,0,0,17,0,1769408535,2026-01-26 01:24:16
66880044-5411-4143-af39-eaa0a0fd0528,14,7,7,14,0,1769408535,2026-01-26 01:24:16
56b3ca32-104a-4920-a879-a97a820858c4,18,0,18,7,0,1769408535,2026-01-26 01:24:16
22ab59a8-0af4-4101-9350-a7af88e37c2e,9,0,9,10,0,1769408537,2026-01-26 01:24:16
1b00fb53-da32-4b14-9a9a-84a391c8951c,5,5,0,21,0,1769408537,2026-01-26 01:24:16
655ad2f2-6bcc-4eee-95a9-4f528c0b81cd,6,1,5,8,0,1769408538,2026-01-26 01:24:16
5526b855-dc09-4159-a20a-99651861a481,18,18,0,7,0,1769408534,2026-01-26 01:24:16
0de1f95f-8b1b-4e5e-9eff-73c63265b0ab,18,8,10,9,0,1769408534,2026-01-26 01:24:16
66db6963-0aca-11e7-82f6-3863bb44ef7c,54,12,42,19,0,1769408534,2026-01-26 01:24:16
475c44e1-31e3-4c60-b071-af2ca3f7618c,2,2,0,17,0,1769408536,2026-01-26 01:24:16
d89dc10f-9be3-45a5-9c3c-06c04c963436,16,1,15,1,0,1769408536,2026-01-26 01:24:16
498d7e8e-5164-4f26-9ce6-399947d73b1a,13,7,6,1,0,1769408533,2026-01-26 01:24:16
1860189650739626488,2,2,0,17,0,1769408533,2026-01-26 01:24:16
44fa161f-eb62-459b-b53e-da83788cfa2a,0,0,0,26,0,1769408534,2026-01-26 01:24:16
37a37e5b-f975-4f92-a897-dca8e4670631,5,5,0,11,0,1769408537,2026-01-26 01:24:16
0b613329-b8c8-4b8c-ad40-79952aa41157,7,4,3,17,0,1769408537,2026-01-26 01:24:16
5145ad1c-241f-4448-a742-739bd5c518c2,6,2,4,10,0,1769408537,2026-01-26 01:24:16
66db9e99-0aca-11e7-82f6-3863bb44ef7c,3,3,0,15,0,1769408532,2026-01-26 01:24:16
837b7db3-55c6-4595-a497-834972631752,3,3,0,12,0,1769408532,2026-01-26 01:24:16
66de63cd-0aca-11e7-82f6-3863bb44ef7c,13,2,11,5,0,1769408535,2026-01-26 01:24:16
99614ecb-2329-49fa-a13a-fa1ef2bb32d6,5,1,4,13,0,1769408541,2026-01-26 01:24:16
1828968883163894358,11,0,11,9,0,1769408541,2026-01-26 01:24:16
38af3d1a-9916-46cf-b22e-86fc8648bf30,13,2,11,7,0,1769408541,2026-01-26 01:24:16
66dc3ab9-0aca-11e7-82f6-3863bb44ef7c,47,38,9,14,0,1769408541,2026-01-26 01:24:16
3e1bdcec-e762-4e83-b447-007f05923cce,6,5,1,15,0,1769408541,2026-01-26 01:24:16
2124426307973079924,2,0,2,8,0,1769408541,2026-01-26 01:24:16
1822663031356509142,11,1,10,8,0,1769408541,2026-01-26 01:24:16
83a5d761-57d0-4cd6-aa2b-7eb350120d99,2,1,1,16,0,1769408542,2026-01-26 01:24:16
66dd17a5-0aca-11e7-82f6-3863bb44ef7c,27,15,12,18,0,1769408542,2026-01-26 01:24:16
d45b62b9-7d6b-43b2-bf1e-2c898c55dfd2,4,2,2,11,0,1769408538,2026-01-26 01:24:16
66de13dc-0aca-11e7-82f6-3863bb44ef7c,0,0,0,0,0,1769408538,2026-01-26 01:24:16
1862008939006380034,9,3,6,9,0,1769408538,2026-01-26 01:24:16
66dc7773-0aca-11e7-82f6-3863bb44ef7c,22,16,6,22,0,1769408539,2026-01-26 01:24:16
66dd515d-0aca-11e7-82f6-3863bb44ef7c,6,5,1,15,0,1769408538,2026-01-26 01:24:16
1860189327773878824,16,2,14,8,0,1769408539,2026-01-26 01:24:16
1869743938848725856,82,58,24,0,0,1769408539,2026-01-26 01:24:16
1838071008881986168,11,1,10,14,0,1769408539,2026-01-26 01:24:16
1860188747953293684,9,1,8,7,0,1769408539,2026-01-26 01:24:16
47da6ab2-c841-4f2d-97ef-dd8d441c96b1,1,1,0,16,0,1769408540,2026-01-26 01:24:16
f62526d4-9c6a-4c76-be76-c64b5be669d2,2,1,1,19,0,1769408541,2026-01-26 01:24:16
66dd3d7f-0aca-11e7-82f6-3863bb44ef7c,13,10,3,18,0,1769408541,2026-01-26 01:24:16
2126622241630343402,11,8,3,7,0,1769408541,2026-01-26 01:24:16
8d650b03-920d-4d44-a48f-8d9a1a0ba264,18,8,10,2,0,1769408543,2026-01-26 01:24:16
943a1a27-1328-4823-8945-28d845280383,21,19,2,1,0,1769408544,2026-01-26 01:24:16
4e747443-d481-4aea-a6d1-cf20204af4ba,15,2,13,4,0,1769408544,2026-01-26 01:24:16
0f45bcf6-7028-4584-a51e-4129847dbebc,24,16,8,13,0,1769408543,2026-01-26 01:24:16
33840944-aa92-4d91-9de8-d29e5cd0b2d9,11,0,11,18,0,1769408542,2026-01-26 01:24:16
a2cf5872-bd4c-4311-832e-d62fd779ecc3,9,0,9,13,0,1769408539,2026-01-26 01:24:16
66dced76-0aca-11e7-82f6-3863bb44ef7c,6,2,4,19,0,1769408539,2026-01-26 01:24:16
66dc17df-0aca-11e7-82f6-3863bb44ef7c,11,2,9,19,0,1769408539,2026-01-26 01:24:16
2124426077519611940,1,0,1,13,0,1769408540,2026-01-26 01:24:16
66ddeaff-0aca-11e7-82f6-3863bb44ef7c,8,3,5,19,0,1769408540,2026-01-26 01:24:16
6b60bf55-3da4-439a-bde1-fc80be8623ba,6,5,1,16,0,1769408543,2026-01-26 01:24:16
66ddec3e-0aca-11e7-82f6-3863bb44ef7c,5,4,1,15,0,1769408543,2026-01-26 01:24:16
b371c432-b682-412f-9b85-8df84ce7a9f3,6,0,6,14,0,1769408541,2026-01-26 01:24:16
1840504138040045682,9,0,9,11,0,1769408541,2026-01-26 01:24:16
581bc4fe-cf14-4767-8377-6fa156ff8a29,8,4,4,10,0,1769408543,2026-01-26 01:24:16
66dd26f9-0aca-11e7-82f6-3863bb44ef7c,20,5,15,11,0,1769408543,2026-01-26 01:24:16
563389a0-d90f-4155-9c50-528459df26aa,12,4,8,10,0,1769408546,2026-01-26 01:24:16
5a24acbb-94ef-4cb5-9db8-f6073ac26a2b,3,3,0,17,0,1769408546,2026-01-26 01:24:16
66de19ab-0aca-11e7-82f6-3863bb44ef7c,6,6,0,24,0,1769408547,2026-01-26 01:24:16
77e31650-e86a-4b06-b2de-b92df2a7a7f5,27,8,19,1,0,1769408547,2026-01-26 01:24:16
ca5cc034-a95d-446e-8314-6691589886b1,15,13,2,2,0,1769408547,2026-01-26 01:24:16
645e4365-653f-48ce-bc15-5fcc287be56f,7,3,4,58,0,1769408547,2026-01-26 01:24:16
1859438049977968878,19,4,15,8,0,1769408545,2026-01-26 01:24:16
66dbee85-0aca-11e7-82f6-3863bb44ef7c,13,6,7,61,0,1769408544,2026-01-26 01:24:16
90b141b9-c39f-4a26-a32d-08c7d1474d52,1,1,0,16,0,1769408545,2026-01-26 01:24:16
1927314940904608224,5,1,4,19,0,1769408545,2026-01-26 01:24:16
4568f854-1268-45cf-bac8-82286ef40ae6,13,2,11,8,0,1769408550,2026-01-26 01:24:16
cb9840a3-4ae2-420d-865c-9ac45e2f5485,11,7,4,4,0,1769408550,2026-01-26 01:24:16
e152a2e1-c510-404e-a100-24246bb6cc95,5,2,3,11,0,1769408550,2026-01-26 01:24:16
66dc7ba2-0aca-11e7-82f6-3863bb44ef7c,14,5,9,13,0,1769408550,2026-01-26 01:24:16
78aabb95-6195-4aa7-ab0d-5748eeb26bd1,21,11,10,8,0,1769408550,2026-01-26 01:24:16
b4a320d6-2611-4940-96ca-17fb297ec826,11,0,11,6,0,1769408550,2026-01-26 01:24:16
1814901062206225038,7,0,7,12,0,1769408546,2026-01-26 01:24:16
f523c481-ba41-44ba-96e1-0c431fbea558,8,6,2,15,0,1769408545,2026-01-26 01:24:16
4d24ab76-2f4a-4004-9fc5-09c00c1d9aa4,25,2,23,3,0,1769408546,2026-01-26 01:24:16
1814907590556515014,16,3,13,4,0,1769408545,2026-01-26 01:24:16
e35c42c6-8b73-4528-b08d-c94b75624b40,11,1,10,9,0,1769408546,2026-01-26 01:24:16
66dd4d70-0aca-11e7-82f6-3863bb44ef7c,8,7,1,27,0,1769408546,2026-01-26 01:24:16
66dd5407-0aca-11e7-82f6-3863bb44ef7c,12,6,6,65,0,1769408549,2026-01-26 01:24:16
1975518133370609774,65,60,5,34,0,1769408549,2026-01-26 01:24:16
481624f3-9377-4dfd-a5dd-de05a7fef760,3,0,3,16,0,1769408549,2026-01-26 01:24:16
53ef19c6-eaa7-47f7-807e-f51b574b1be0,10,0,10,7,0,1769408549,2026-01-26 01:24:16
7a1ad7c0-4958-4354-91a1-11bf13348abd,12,0,12,6,0,1769408548,2026-01-26 01:24:16
af72ab76-c6cb-4994-af96-51fa8846ecdc,1,0,1,18,0,1769408548,2026-01-26 01:24:16
1804892772559499512,17,3,14,15,0,1769408548,2026-01-26 01:24:16
e9b3a725-6963-4151-8f7f-9beeb51fa20f,2,2,0,13,0,1769408549,2026-01-26 01:24:16
1b038e21-e199-4c47-bef0-f4bcdc06b73b,25,25,0,18,0,1769408548,2026-01-26 01:24:16
66dbe68e-0aca-11e7-82f6-3863bb44ef7c,46,37,9,6,0,1769408552,2026-01-26 01:24:16
1898751402035634700,9,1,8,8,0,1769408552,2026-01-26 01:24:16
8aad788d-c7eb-4fca-a426-c39f47741a6f,23,6,17,1,0,1769408552,2026-01-26 01:24:16
2c8b263e-952c-4941-a671-ef0ebb062632,18,2,16,1,0,1769408553,2026-01-26 01:24:16
493e046c-5d62-4772-90c4-b6a9f4afcd39,6,2,4,10,0,1769408553,2026-01-26 01:24:16
66db9c2e-0aca-11e7-82f6-3863bb44ef7c,13,4,9,28,0,1769408553,2026-01-26 01:24:16
180b83a0-329c-4069-87be-df862cb1baed,18,14,4,0,0,1769408553,2026-01-26 01:24:16
6fd61eee-d0ef-4580-9704-bd06b82bcb61,5,4,1,26,0,1769408555,2026-01-26 01:24:16
b35ba3c0-d3e8-4b1a-b63b-73a7bb518c9e,6,4,2,11,0,1769408555,2026-01-26 01:24:16
66db6f2e-0aca-11e7-82f6-3863bb44ef7c,27,23,4,12,0,1769408556,2026-01-26 01:24:16
754ac5df-f2b5-4636-8c58-ed84ea262bde,4,4,0,16,0,1769408556,2026-01-26 01:24:16
765ee572-6c7a-4ed3-a2d4-f1496ea53996,23,1,22,0,0,1769408556,2026-01-26 01:24:16
eb217a2c-1dd0-4690-a34e-ecc1a708f883,2,1,1,17,0,1769408556,2026-01-26 01:24:16
d265dbc7-ef55-4f5b-8a2b-f2015dc71fb8,16,1,15,8,0,1769408553,2026-01-26 01:24:16
1862002854876824190,6,0,6,14,0,1769408553,2026-01-26 01:24:16
66dc1687-0aca-11e7-82f6-3863bb44ef7c,9,6,3,1,0,1769408553,2026-01-26 01:24:16
1917312704757770810,13,9,4,25,0,1769408554,2026-01-26 01:24:16
66dc292c-0aca-11e7-82f6-3863bb44ef7c,14,12,2,33,0,1769408553,2026-01-26 01:24:16
66dc6a86-0aca-11e7-82f6-3863bb44ef7c,7,6,1,68,0,1769408554,2026-01-26 01:24:16
579e583e-60ab-4f2a-83d0-fabebddfcd0f,14,14,0,1,0,1769408555,2026-01-26 01:24:16
66dbcd6c-0aca-11e7-82f6-3863bb44ef7c,6,5,1,26,0,1769408554,2026-01-26 01:24:16
d040a7b3-85b5-4c0d-9c92-3f4ad0082143,3,2,1,27,0,1769408551,2026-01-26 01:24:16
f34ea09d-32f9-492c-9124-99059bc0b5dd,13,0,13,6,0,1769408551,2026-01-26 01:24:16
66dba303-0aca-11e7-82f6-3863bb44ef7c,9,0,9,4,0,1769408551,2026-01-26 01:24:16
f9ed9a6b-097e-48b9-a9d1-79d084dcd2d9,2,0,2,14,0,1769408552,2026-01-26 01:24:16
324e93c8-4f3d-4a5f-becd-00e6f49fe4dd,13,0,13,6,0,1769408552,2026-01-26 01:24:16
2124036994734951288,5,0,5,2,0,1769408555,2026-01-26 01:24:16
1986707977001495180,7,1,6,12,0,1769408555,2026-01-26 01:24:16
1965202298784063998,7,0,7,18,0,1769408555,2026-01-26 01:24:16
66de2199-0aca-11e7-82f6-3863bb44ef7c,16,2,14,11,0,1769408555,2026-01-26 01:24:16
98ebf9c6-1d94-4e21-9007-c623875fdb5e,12,1,11,4,0,1769408545,2026-01-26 01:24:16
068b919c-f649-4091-8e12-ccf37191cad5,3,2,1,15,0,1769408554,2026-01-26 01:24:16
f3140fb8-347b-4dca-96df-eeef2d1bfc50,6,1,5,9,0,1769408553,2026-01-26 01:24:16
66db76a1-0aca-11e7-82f6-3863bb44ef7c,13,1,12,80,0,1769408551,2026-01-26 01:24:16
c190f78c-77ad-469e-aecc-e2af7bb6d92a,20,2,18,0,0,1769408551,2026-01-26 01:24:16
66de2707-0aca-11e7-82f6-3863bb44ef7c,11,3,8,36,0,1769408560,2026-01-26 01:24:16
6fab98b7-b06a-49d8-a4d1-087ffce0ebcf,2,2,0,16,0,1769408560,2026-01-26 01:24:16
66de1516-0aca-11e7-82f6-3863bb44ef7c,11,2,9,21,0,1769408560,2026-01-26 01:24:16
59af018a-2ee9-489a-b445-bb6fba9c1119,3,0,3,10,0,1769408560,2026-01-26 01:24:16
1814907423052790164,17,0,17,3,0,1769408560,2026-01-26 01:24:16
1846085734612252774,2,0,2,20,0,1769408560,2026-01-26 01:24:16
66de0a78-0aca-11e7-82f6-3863bb44ef7c,16,0,16,3,0,1769408560,2026-01-26 01:24:16
549b5bc4-b949-4eeb-8ffb-2215e1e49892,39,12,27,13,0,1769408560,2026-01-26 01:24:16
66dc80b4-0aca-11e7-82f6-3863bb44ef7c,8,4,4,51,0,1769408561,2026-01-26 01:24:16
66dd056e-0aca-11e7-82f6-3863bb44ef7c,9,3,6,4,0,1769408557,2026-01-26 01:24:16
1869753654337059182,11,8,3,7,0,1769408557,2026-01-26 01:24:16
1786698321265653818,10,7,3,27,0,1769408558,2026-01-26 01:24:16
1835246658344669972,3,2,1,15,0,1769408558,2026-01-26 01:24:16
66dd1f44-0aca-11e7-82f6-3863bb44ef7c,19,19,0,5,0,1769408558,2026-01-26 01:24:16
92fc1ad7-0867-4655-b02f-ede65d336b14,9,6,3,8,0,1769408558,2026-01-26 01:24:16
fbaffdbd-dab5-4127-9bd5-36bf58093ea8,12,9,3,11,0,1769408558,2026-01-26 01:24:16
66dc0f8a-0aca-11e7-82f6-3863bb44ef7c,37,11,26,14,0,1769408558,2026-01-26 01:24:16
59b747c1-fbfb-4a3d-9394-8d06834d7c98,20,10,10,0,0,1769408559,2026-01-26 01:24:16
66dc81ce-0aca-11e7-82f6-3863bb44ef7c,12,6,6,63,0,1769408559,2026-01-26 01:24:16
66dc2995-0aca-11e7-82f6-3863bb44ef7c,11,9,2,39,0,1769408559,2026-01-26 01:24:16
4e9a1c3a-20e2-4fd5-b8de-fbf8d43e7bcc,7,0,7,12,0,1769408559,2026-01-26 01:24:16
493850bd-125b-49f5-932b-bf999504fb06,1,0,1,17,0,1769408559,2026-01-26 01:24:16
1851674198082642572,19,2,17,1,0,1769408557,2026-01-26 01:24:16
1dacb0f6-29f5-4d1b-b910-92ffa5b4ca5d,13,0,13,26,0,1769408557,2026-01-26 01:24:16
1880643645302280466,21,21,0,9,0,1769408557,2026-01-26 01:24:16
66dc686c-0aca-11e7-82f6-3863bb44ef7c,65,49,16,28,0,1769408557,2026-01-26 01:24:16
1869753057823626206,11,1,10,14,0,1769408561,2026-01-26 01:24:16
bacfe3c2-7946-45ed-91f9-f5b91791de75,3,0,3,25,0,1769408561,2026-01-26 01:24:16
ba33c334-e17d-4478-ae3c-9c2f4dbfbb51,1,1,0,14,0,1769408562,2026-01-26 01:24:16
1096fc76-794e-4343-8eb0-0dd6c9a48266,3,2,1,13,0,1769408562,2026-01-26 01:24:16
66dc840f-0aca-11e7-82f6-3863bb44ef7c,19,11,8,37,0,1769408557,2026-01-26 01:24:16
66dde76a-0aca-11e7-82f6-3863bb44ef7c,6,6,0,19,0,1769408558,2026-01-26 01:24:16
66de0861-0aca-11e7-82f6-3863bb44ef7c,17,16,1,8,0,1769408531,2026-01-26 01:24:16
2a66ed0a-5e6d-4893-a1d1-876bb2bac4be,5,2,3,22,0,1769408562,2026-01-26 01:24:16
ffae66ec-7c16-436f-bd0a-eedf81d580e7,7,4,3,13,0,1769408562,2026-01-26 01:24:16
20ff5447-eac3-43b7-820f-f6fa3a2e12a8,11,3,8,10,0,1769408562,2026-01-26 01:24:16
457ea5d7-d643-4028-87db-46dee0b81555,17,10,7,8,0,1769408562,2026-01-26 01:24:16
2124035976827702128,2,1,1,12,0,1769408562,2026-01-26 01:24:16
7aa86431-bbc5-4d9c-8198-9630c9d32a22,7,1,6,12,0,1769408564,2026-01-26 01:24:16
2126623765785393224,5,3,2,13,0,1769408564,2026-01-26 01:24:16
d11b9869-8964-4b79-aafc-4b60ad1b44c4,20,19,1,0,0,1769408564,2026-01-26 01:24:16
66dbe15d-0aca-11e7-82f6-3863bb44ef7c,6,5,1,19,0,1769408564,2026-01-26 01:24:16
2124381939991318658,4,3,1,8,0,1769408564,2026-01-26 01:24:16
292ad4f3-9fb0-44ec-9e61-613c711f73c1,2,1,1,19,0,1769408564,2026-01-26 01:24:16
bfe5e69d-89ff-48b3-bf20-80cbdfa443e0,16,7,9,35,0,1769408564,2026-01-26 01:24:16
16e70b05-5b73-4930-9dcf-f79e5ce9eaf5,16,1,15,7,0,1769408563,2026-01-26 01:24:16
ab6aadd8-fa45-43aa-abea-c8e01ec5a0c8,0,0,0,2,0,1769401472,2026-01-26 01:24:16
66dd217d-0aca-11e7-82f6-3863bb44ef7c,4,3,1,20,0,1769408565,2026-01-26 01:24:16
06439006-11b6-44f0-8545-c9d39035f32a,64,60,4,13,0,1769408565,2026-01-26 01:24:16
3f05490b-a3d8-4d15-bd25-0212555b5dff,17,1,16,2,0,1769408566,2026-01-26 01:24:16
0630217a-3913-47d9-9540-cf85688296a5,1,1,0,15,0,1769408566,2026-01-26 01:24:16
54df610f-0e47-4958-98ca-37bb1b1c4dca,6,5,1,16,0,1769408566,2026-01-26 01:24:16
29a41b09-698f-43e2-82ff-f94f73e74841,16,1,15,2,0,1769408567,2026-01-26 01:24:16
66dc3e89-0aca-11e7-82f6-3863bb44ef7c,6,1,5,57,0,1769408567,2026-01-26 01:24:16
1846085439406916338,7,3,4,15,0,1769408567,2026-01-26 01:24:16
66dd2060-0aca-11e7-82f6-3863bb44ef7c,25,9,16,22,0,1769408568,2026-01-26 01:24:16
55a4dc76-d839-4e06-9bf4-2f343391343c,3,1,2,16,0,1769408567,2026-01-26 01:24:16
1bb1af93-b433-4da7-8054-009c85f7755a,4,1,3,15,0,1769408567,2026-01-26 01:24:16
1934749166596673908,31,10,21,10,0,1769408567,2026-01-26 01:24:16
1835246937517543544,13,2,11,6,0,1769408568,2026-01-26 01:24:16
2124425439157234232,5,3,2,8,0,1769408567,2026-01-26 01:24:16
6fb81fda-f0b5-4242-90f9-88d0214feb8d,1,0,1,17,0,1769408568,2026-01-26 01:24:16
66de25bd-0aca-11e7-82f6-3863bb44ef7c,68,1,67,3,0,1769408568,2026-01-26 01:24:16
66dbc37a-0aca-11e7-82f6-3863bb44ef7c,7,5,2,48,0,1769408567,2026-01-26 01:24:16
66dce8db-0aca-11e7-82f6-3863bb44ef7c,24,9,15,13,0,1769408568,2026-01-26 01:24:16
807e9f5a-49b6-4b7e-847b-4a60cff330ed,3,2,1,15,0,1769408570,2026-01-26 01:24:16
2171919049376995084,2,2,0,31,0,1769408569,2026-01-26 01:24:16
d5cabb43-6c78-4022-964e-a8b02470509e,13,1,12,9,0,1769408570,2026-01-26 01:24:16
b0bac4ef-bb57-4598-a433-75c281170d5b,9,1,8,11,0,1769408570,2026-01-26 01:24:16
ca843847-923a-40b7-80ca-c1c3fff6e818,0,0,0,18,0,1769408570,2026-01-26 01:24:16
2126224996973581072,5,3,2,4,0,1769408569,2026-01-26 01:24:16
66ddb66e-0aca-11e7-82f6-3863bb44ef7c,9,4,5,19,0,1769408573,2026-01-26 01:24:16
1962547377975794462,19,8,11,3,0,1769408573,2026-01-26 01:24:16
24509e46-a0de-47e8-ba40-9441da68952a,1,1,0,17,0,1769408573,2026-01-26 01:24:16
901ad0c4-383e-490a-8b54-0656ce2358d6,2,0,2,15,0,1769408573,2026-01-26 01:24:16
32cc1603-a4b5-4099-b7bf-681de451b04a,23,3,20,21,0,1769408568,2026-01-26 01:24:16
abc1311e-e000-4211-af9e-0cf92242711e,1,0,1,20,0,1769408568,2026-01-26 01:24:16
66de2274-0aca-11e7-82f6-3863bb44ef7c,12,6,6,9,0,1769408569,2026-01-26 01:24:16
59df3823-0369-4a10-8132-05df34a170af,24,4,20,20,0,1769408569,2026-01-26 01:24:16
1815967442754883940,26,0,26,4,0,1769408570,2026-01-26 01:24:16
1960020234227886806,4,4,0,45,0,1769408571,2026-01-26 01:24:16
66db408f-0aca-11e7-82f6-3863bb44ef7c,33,5,28,5,0,1769408571,2026-01-26 01:24:16
576abdc1-986e-48b0-bde2-051a13d3ff59,11,7,4,9,0,1769408571,2026-01-26 01:24:16
1851254468343716806,17,2,15,1,0,1769408571,2026-01-26 01:24:16
8caf71df-76c3-43fb-be98-d555d2291460,9,9,0,14,0,1769408571,2026-01-26 01:24:16
499e10ad-c008-461e-8cf7-20757218a9cc,1,1,0,20,0,1769408572,2026-01-26 01:24:16
66db93a1-0aca-11e7-82f6-3863bb44ef7c,5,1,4,28,0,1769408572,2026-01-26 01:24:16
61f2ffd4-159a-42b3-a4d9-3fdfc3349074,2,0,2,18,0,1769408573,2026-01-26 01:24:16
29ced315-14b5-4edc-bef2-665316dfe3dd,39,32,7,0,0,1769408575,2026-01-26 01:24:16
d470e82e-d109-4e2e-b66a-f5e944cbfe97,17,4,13,1,0,1769408575,2026-01-26 01:24:16
2100948436010992354,10,9,1,5,0,1769408576,2026-01-26 01:24:16
ebae0b66-e463-4ded-9b7a-43c0aca9b37a,13,3,10,6,0,1769408575,2026-01-26 01:24:16
66dcc0b2-0aca-11e7-82f6-3863bb44ef7c,13,6,7,9,0,1769408576,2026-01-26 01:24:16
66db41bf-0aca-11e7-82f6-3863bb44ef7c,32,16,16,1,0,1769408576,2026-01-26 01:24:16
1786697771181570266,37,5,32,5,0,1769408576,2026-01-26 01:24:16
ff745407-c087-4c0d-a965-98baf078f292,19,18,1,3,0,1769408576,2026-01-26 01:24:16
f3782e27-c49a-4ee9-b188-0c13cad54688,2,0,2,16,0,1769408576,2026-01-26 01:24:16
66dc8a3d-0aca-11e7-82f6-3863bb44ef7c,21,1,20,50,0,1769408576,2026-01-26 01:24:16
c2bb1874-bcb7-47c5-aa7d-05423b9087e8,1,1,0,18,0,1769408576,2026-01-26 01:24:16
66dbe571-0aca-11e7-82f6-3863bb44ef7c,33,14,19,18,0,1769408577,2026-01-26 01:24:16
74723006-b32f-4590-8cc7-f15eec3808fe,18,14,4,9,0,1769408577,2026-01-26 01:24:16
c2d549f8-f54c-4a0d-9ecd-6e6f79118279,12,4,8,10,0,1769408577,2026-01-26 01:24:16
66de85d2-0aca-11e7-82f6-3863bb44ef7c,21,16,5,19,0,1769408577,2026-01-26 01:24:16
66dc8db1-0aca-11e7-82f6-3863bb44ef7c,46,4,42,8,0,1769408577,2026-01-26 01:24:16
0dd71c6d-11ee-4ad4-ba99-36b9ad36112c,15,9,6,6,0,1769408577,2026-01-26 01:24:16
c3189056-8eda-4278-891f-e8e15c2d759a,15,0,15,10,0,1769408577,2026-01-26 01:24:16
26cae473-0e59-4af7-bad5-bb6fec85c8bc,3,0,3,18,0,1769408577,2026-01-26 01:24:16
62f8f806-bd04-4282-9c5d-ad4293644e3c,9,2,7,10,0,1769408577,2026-01-26 01:24:16
cd2d9dab-7708-4685-a56f-9412c738de7e,17,0,17,6,0,1769408577,2026-01-26 01:24:16
66de6346-0aca-11e7-82f6-3863bb44ef7c,15,1,14,14,0,1769408577,2026-01-26 01:24:16
66db3687-0aca-11e7-82f6-3863bb44ef7c,13,10,3,23,0,1769408578,2026-01-26 01:24:16
cbf76774-1276-4cf8-9442-f00571f1451c,22,22,0,9,0,1769408578,2026-01-26 01:24:16
2138075988152462096,12,0,12,4,0,1769408578,2026-01-26 01:24:16
66dd4ccc-0aca-11e7-82f6-3863bb44ef7c,25,18,7,21,0,1769408574,2026-01-26 01:24:16
1849009654626746672,12,0,12,3,0,1769408574,2026-01-26 01:24:16
6e5a8cab-cf1a-4584-8133-01835b56ad71,6,0,6,17,0,1769408574,2026-01-26 01:24:16
42c3bb6e-0478-4e4a-af10-151f5f4dffb9,14,3,11,5,0,1769408574,2026-01-26 01:24:16
d8778570-f7f2-458d-82f5-9ad39210a501,37,28,9,9,0,1769408574,2026-01-26 01:24:16
26b3a82b-3487-44c2-85f1-eddb5a8a3a9d,18,0,18,2,0,1769408574,2026-01-26 01:24:16
2121032386733337206,11,3,8,0,0,1769408487,2026-01-26 01:24:16
bcb08532-f0d5-4c0e-ad8a-4ddacc204791,6,4,2,10,0,1769408574,2026-01-26 01:24:16
84a7baff-415b-4ab9-a859-74c2801483ce,8,5,3,10,0,1769408575,2026-01-26 01:24:16
1826348248869574940,5,0,5,22,0,1769408576,2026-01-26 01:24:16
66dd1d9c-0aca-11e7-82f6-3863bb44ef7c,24,4,20,3,0,1769408578,2026-01-26 01:24:16
1d32e684-602b-46b6-8c96-ab47b57a03f3,1,1,0,21,0,1769408578,2026-01-26 01:24:16
faf98f78-51ab-4248-b7e7-f402902385a6,4,2,2,14,0,1769408579,2026-01-26 01:24:16
66de17f7-0aca-11e7-82f6-3863bb44ef7c,4,3,1,34,0,1769408579,2026-01-26 01:24:16
66dbc420-0aca-11e7-82f6-3863bb44ef7c,29,12,17,21,0,1769408579,2026-01-26 01:24:16
bf880f45-422c-4e0b-b3b0-2b1f5ba94da4,5,3,2,13,0,1769408579,2026-01-26 01:24:16
2171903221356328154,0,0,0,0,0,86400,2026-01-26 01:24:16
2171903733697659376,0,0,0,0,0,86400,2026-01-26 01:24:16
2171903845366809074,0,0,0,0,0,86400,2026-01-26 01:24:16
d67375ea-3f93-4996-b0dc-f542341f2e6a,0,0,0,0,0,86400,2026-01-26 01:24:16
a93cb1ec-fb37-4faf-a7e7-d1e5a9e9af95,0,0,0,0,0,86400,2026-01-26 01:24:16
ab5c5ee6-9c4e-4aaa-a14e-d236d3e01d9a,0,0,0,0,0,86400,2026-01-26 01:24:16
32c60668-a192-4d06-aa7c-6d6f7aed6b45,0,0,0,0,0,86400,2026-01-26 01:24:16
fd0e86e3-079d-40aa-8231-ec2cbdbd9e7f,0,0,0,0,0,86400,2026-01-26 01:24:16
2177016792070807878,0,0,0,0,0,86400,2026-01-26 01:24:16
2177015593774932282,0,0,0,0,0,86400,2026-01-26 01:24:16
d2024260-cc58-451b-9417-3a695f8a1b34,0,0,0,0,0,1767211364,2026-01-26 01:24:16
2121032708855884414,7,0,7,8,0,1769408410,2026-01-26 01:24:16
66dcf023-0aca-11e7-82f6-3863bb44ef7c,7,2,5,10,0,1769408459,2026-01-26 01:24:16
66dd455e-0aca-11e7-82f6-3863bb44ef7c,28,26,2,9,0,1769408458,2026-01-26 01:24:16
f72a253f-3cef-4da8-9591-0cbd3a692162,11,7,4,29,0,1769408460,2026-01-26 01:24:16
1848241425697670086,34,2,32,1,0,1769408460,2026-01-26 01:24:16
1819720453019329398,7,2,5,14,0,1769408462,2026-01-26 01:24:16
1893519215751496610,30,1,29,0,0,1769408463,2026-01-26 01:24:16
bc512527-7863-48d5-aea8-3de470abc1ee,3,1,2,13,0,1769408463,2026-01-26 01:24:16
1846086463217404850,20,8,12,4,0,1769408463,2026-01-26 01:24:16
66dc1e55-0aca-11e7-82f6-3863bb44ef7c,4,2,2,58,0,1769408460,2026-01-26 01:24:16
9a37d8a1-990b-484c-9603-262dbd1165cc,3,2,1,15,0,1769408464,2026-01-26 01:24:16
66db4282-0aca-11e7-82f6-3863bb44ef7c,67,25,42,8,0,1769408464,2026-01-26 01:24:16
1828964993433043090,13,0,13,5,0,1769408464,2026-01-26 01:24:16
b930dd82-92d0-4d86-b896-7d8b827c2d5f,5,4,1,12,0,1769408467,2026-01-26 01:24:16
80969478-8dbc-42e1-8e16-ac0132a431c2,23,2,21,1,0,1769408467,2026-01-26 01:24:16
1834145868297717964,8,2,6,11,0,1769408468,2026-01-26 01:24:16
9b7e3b8b-97ef-4038-820c-7cd1c1a34fc7,15,7,8,9,0,1769408468,2026-01-26 01:24:16
1869753340438110380,6,1,5,11,0,1769408468,2026-01-26 01:24:16
1815967051912860522,24,1,23,4,0,1769408468,2026-01-26 01:24:16
52dd11f4-bbd0-49ab-912b-06fac40d275d,21,12,9,7,0,1769408469,2026-01-26 01:24:16
1827839088308194240,99,92,7,13,0,1769408465,2026-01-26 01:24:16
1834145468418707676,12,1,11,6,0,1769408465,2026-01-26 01:24:16
7f3aa940-18ef-4900-89dc-cdb05f693f31,7,1,6,12,0,1769408466,2026-01-26 01:24:16
d11db4cd-f9bf-430b-ac19-104fef323b24,13,13,0,7,0,1769408466,2026-01-26 01:24:16
1908785111291682996,8,1,7,10,0,1769408466,2026-01-26 01:24:16
3f031133-ec95-4a92-9d63-2ae28183f498,10,10,0,8,0,1769408466,2026-01-26 01:24:16
e4980fd0-e540-40ca-acba-c2a74f3294fc,0,0,0,23,0,1769408467,2026-01-26 01:24:16
66db269c-0aca-11e7-82f6-3863bb44ef7c,25,20,5,8,0,1769408471,2026-01-26 01:24:16
f54ad1f8-fe58-49ac-82ae-b742aec66829,41,39,2,33,0,1769408471,2026-01-26 01:24:16
923a60f7-2a0e-4a31-8dd5-66c8518c929e,5,2,3,12,0,1769408470,2026-01-26 01:24:16
77463580-6421-403d-b170-f2660c216175,5,5,0,18,0,1769408465,2026-01-26 01:24:16
66db9cc4-0aca-11e7-82f6-3863bb44ef7c,13,1,12,26,0,1769408469,2026-01-26 01:24:16
94bcf812-5cff-460c-841f-54876ed1e7a4,1,1,0,17,0,1769408474,2026-01-26 01:24:16
cd72b9da-b7c6-4785-92b5-0fb2130f0d7b,20,19,1,2,0,1769408474,2026-01-26 01:24:16
2098359443836787630,5,4,1,67,0,1769408474,2026-01-26 01:24:16
ebce9ecb-9678-4c42-89d7-08e54bc6fe90,1,1,0,17,0,1769408472,2026-01-26 01:24:16
7380e377-936d-47d7-8abe-0f666d47465e,1,1,0,19,0,1769408472,2026-01-26 01:24:16
66dd18dd-0aca-11e7-82f6-3863bb44ef7c,21,13,8,4,0,1769408476,2026-01-26 01:24:16
66db479e-0aca-11e7-82f6-3863bb44ef7c,23,6,17,15,0,1769408476,2026-01-26 01:24:16
50575cba-95ac-4134-9da1-3eec8253afc4,3,3,0,35,0,1769408477,2026-01-26 01:24:16
6ca15d94-897a-4c81-ab47-366829afb7c4,10,6,4,10,0,1769408473,2026-01-26 01:24:16
66dd243c-0aca-11e7-82f6-3863bb44ef7c,28,4,24,40,0,1769408473,2026-01-26 01:24:16
a37bd0e0-d1e9-4302-9ff7-286e415aff1c,13,2,11,3,0,1769408476,2026-01-26 01:24:16
66ddbd20-0aca-11e7-82f6-3863bb44ef7c,81,71,10,12,0,1769408477,2026-01-26 01:24:16
199ea9dd-8f7e-4e05-a730-55edaacd8787,11,7,4,46,0,1769408477,2026-01-26 01:24:16
66dc7659-0aca-11e7-82f6-3863bb44ef7c,34,5,29,82,0,1769408478,2026-01-26 01:24:16
66de4f9c-0aca-11e7-82f6-3863bb44ef7c,13,2,11,9,0,1769408478,2026-01-26 01:24:16
1820420022433309054,17,4,13,3,0,1769408479,2026-01-26 01:24:16
1835247745828931742,0,0,0,20,0,1769408479,2026-01-26 01:24:16
9b4a92ae-cefe-467a-8e35-5ce02d4f3a45,8,1,7,9,0,1769408479,2026-01-26 01:24:16
330ee4e3-29cb-48e5-845f-a8ccf1aa2ce6,3,3,0,21,0,1769408480,2026-01-26 01:24:16
9b721468-3b28-429d-9e13-580cdf00a6a4,19,1,18,3,0,1769408480,2026-01-26 01:24:16
66dd266a-0aca-11e7-82f6-3863bb44ef7c,22,12,10,12,0,1769408480,2026-01-26 01:24:16
f882ccc8-45aa-426b-aef6-514fe1d3d9cc,19,1,18,9,0,1769408480,2026-01-26 01:24:16
66de269c-0aca-11e7-82f6-3863bb44ef7c,18,16,2,16,0,1769408481,2026-01-26 01:24:16
7f6674c4-5568-4766-b172-0385348ae184,1,1,0,16,0,1769408482,2026-01-26 01:24:16
66db33fc-0aca-11e7-82f6-3863bb44ef7c,8,7,1,60,0,1769408482,2026-01-26 01:24:16
1861680889400379678,10,7,3,5,0,1769408482,2026-01-26 01:24:16
5600446d-a00a-45e6-9dc3-550adfd63e39,1,1,0,17,0,1769408483,2026-01-26 01:24:16
55146e49-9bc4-4f13-bdf7-25422342b638,0,0,0,17,0,1769408478,2026-01-26 01:24:16
6651fc84-09d1-4cdb-a8d5-7d6345fb3466,7,0,7,9,0,1769408483,2026-01-26 01:24:16
2bf9addc-038b-48fe-8794-dde085c5e5dc,15,7,8,34,0,1769408483,2026-01-26 01:24:16
852218fc-5e5b-4153-bc3f-03760b57e68a,3,1,2,19,0,1769408484,2026-01-26 01:24:16
5e93b806-08e1-4ef9-98ae-d3dda20e0469,4,2,2,15,0,1769408483,2026-01-26 01:24:16
d837d1b0-8f80-4f6c-ae45-5dd0deec6977,19,8,11,3,0,1769408484,2026-01-26 01:24:16
ed5c92f1-3293-4385-9e2b-9b716a096a19,23,20,3,38,0,1769408486,2026-01-26 01:24:16
68827e5f-ed28-45de-99bf-66093a8c504f,2,1,1,18,0,1769408487,2026-01-26 01:24:16
b7d7543b-74ac-4a48-a3c4-412f9ffbc727,8,2,6,16,0,1769408485,2026-01-26 01:24:16
1885718199416500650,9,0,9,12,0,1769408485,2026-01-26 01:24:16
1861683747231494964,3,2,1,13,0,1769408485,2026-01-26 01:24:16
c29c9178-bcb1-4c0c-b789-f4a89512a4e4,3,0,3,15,0,1769408485,2026-01-26 01:24:16
66dc8bfd-0aca-11e7-82f6-3863bb44ef7c,9,0,9,45,0,1769408485,2026-01-26 01:24:16
66db3708-0aca-11e7-82f6-3863bb44ef7c,27,8,19,9,0,1769408484,2026-01-26 01:24:16
1860188069348460678,17,2,15,1,0,1769408485,2026-01-26 01:24:16
2127386600787000162,0,0,0,25,0,1769408486,2026-01-26 01:24:16
66dd20eb-0aca-11e7-82f6-3863bb44ef7c,6,2,4,24,0,1769408488,2026-01-26 01:24:16
c042a307-2d7d-4ee9-95b7-a7505a3428c2,8,5,3,28,0,1769408488,2026-01-26 01:24:16
1876864480506022446,14,0,14,6,0,1769408491,2026-01-26 01:24:16
ddc8ca6c-dceb-4603-ab1e-4bd972ca2a3d,8,1,7,6,0,1769408492,2026-01-26 01:24:16
66de103b-0aca-11e7-82f6-3863bb44ef7c,8,0,8,13,0,1769408489,2026-01-26 01:24:16
c530a1cb-7c60-4651-be8a-9bfa5eb43f8a,14,5,9,15,0,1769408489,2026-01-26 01:24:16
2009671276352543716,8,8,0,10,0,1769408489,2026-01-26 01:24:16
d9bc0b3e-1af8-4cb6-a082-8ef1245ef329,7,2,5,20,0,1769408490,2026-01-26 01:24:16
17aba164-9d41-4336-9767-2218b8994ded,11,0,11,11,0,1769408492,2026-01-26 01:24:16
8d2eff37-be09-4b46-a95d-abff89e16d56,9,1,8,9,0,1769408490,2026-01-26 01:24:16
7cb65297-c880-459a-b054-4e059576c02a,4,2,2,15,0,1769408490,2026-01-26 01:24:16
66dde208-0aca-11e7-82f6-3863bb44ef7c,23,22,1,14,0,1769408493,2026-01-26 01:24:16
2121033322026834516,7,1,6,4,0,1769408494,2026-01-26 01:24:16
c56739c2-b310-4d73-ab0e-b6036abd9561,22,4,18,3,0,1769408494,2026-01-26 01:24:16
956de8aa-9e06-4efb-8eb0-35fe9b274a48,12,12,0,5,0,1769408489,2026-01-26 01:24:16
39f756c2-3904-463e-95a8-8d8e3540e845,46,18,28,16,0,1769408488,2026-01-26 01:24:16
b319c797-71ff-490c-b965-ba2ac0f50da0,1,1,0,17,0,1769408494,2026-01-26 01:24:16
1786697528321024934,28,2,26,14,0,1769408495,2026-01-26 01:24:16
5eac53d0-5510-441a-9dbb-76bd38acf4ef,3,0,3,13,0,1769408494,2026-01-26 01:24:16
1945125910957847430,13,4,9,5,0,1769408498,2026-01-26 01:24:16
d52d4171-fd60-4a28-b7e2-89f3693e0591,10,0,10,7,0,1769408498,2026-01-26 01:24:16
d08be53f-9691-4d6f-81f3-7d052abb7dd6,3,3,0,15,0,1769408499,2026-01-26 01:24:16
b9deb521-41b6-4f8a-ac78-0e58e3977f2c,11,5,6,15,0,1769408497,2026-01-26 01:24:16
66dd43bd-0aca-11e7-82f6-3863bb44ef7c,7,7,0,37,0,1769408497,2026-01-26 01:24:16
c45aa693-fedd-478f-ade9-bf176c4e32ff,6,4,2,13,0,1769408496,2026-01-26 01:24:16
1202a491-9f76-4609-9b5c-eb7723ab5b45,9,3,6,8,0,1769408497,2026-01-26 01:24:16
6a52ceae-3b97-487a-9438-de844bfbf1c2,9,9,0,9,0,1769408495,2026-01-26 01:24:16
66de110b-0aca-11e7-82f6-3863bb44ef7c,34,21,13,2,0,1769408499,2026-01-26 01:24:16
5d994b32-b7a5-450d-9bbb-93bf3b03e6d5,1,0,1,16,0,1769408500,2026-01-26 01:24:16
1934770108420609000,1,0,1,15,0,1769408500,2026-01-26 01:24:16
999865d2-0735-4e85-a9d4-00810231530e,7,2,5,16,0,1769408500,2026-01-26 01:24:16
1836581441921155232,6,5,1,13,0,1769408504,2026-01-26 01:24:16
1880643915885220532,3,0,3,25,0,1769408500,2026-01-26 01:24:16
785b3e6b-dab5-4d25-afab-e2a1ef918669,19,17,2,6,0,1769408501,2026-01-26 01:24:16
66dc1d0c-0aca-11e7-82f6-3863bb44ef7c,17,17,0,9,0,1769408502,2026-01-26 01:24:16
1843486667668726558,19,0,19,2,0,1769408503,2026-01-26 01:24:16
15e1568b-f502-47a2-9d3d-b5aaa1edc239,18,17,1,3,0,1769408503,2026-01-26 01:24:16
c0a2d591-4eed-488b-b88b-0b23990e3756,17,2,15,3,0,1769408504,2026-01-26 01:24:16
1786699974232881542,3,1,2,16,0,1769408500,2026-01-26 01:24:16
66dc7de9-0aca-11e7-82f6-3863bb44ef7c,76,37,39,36,0,1769408502,2026-01-26 01:24:16
1838070626762830158,4,2,2,15,0,1769408506,2026-01-26 01:24:16
1786375597504305174,32,15,17,11,0,1769408505,2026-01-26 01:24:16
66de59bd-0aca-11e7-82f6-3863bb44ef7c,18,1,17,2,0,1769408508,2026-01-26 01:24:16
0e5be726-2452-42a0-9be8-ea85c8408e4c,6,3,3,16,0,1769408508,2026-01-26 01:24:16
2010065065442370322,1,1,0,26,0,1769408508,2026-01-26 01:24:16
66dc24b8-0aca-11e7-82f6-3863bb44ef7c,52,17,35,18,0,1769408509,2026-01-26 01:24:16
81a34754-ae08-47a6-964d-4733849a8fab,1,1,0,27,0,1769408508,2026-01-26 01:24:16
66dd2786-0aca-11e7-82f6-3863bb44ef7c,20,3,17,3,0,1769408509,2026-01-26 01:24:16
66db3f62-0aca-11e7-82f6-3863bb44ef7c,17,3,14,35,0,1769408506,2026-01-26 01:24:16
66dc85bb-0aca-11e7-82f6-3863bb44ef7c,33,22,11,2,0,1769408507,2026-01-26 01:24:16
0ebdda6a-37e4-4ff4-94e8-3947f49d8e24,7,5,2,13,0,1769408507,2026-01-26 01:24:16
ccaadb70-6c87-4ccc-9914-a3167bd1bc0e,6,1,5,25,0,1769408510,2026-01-26 01:24:16
4a4c7548-2466-48ef-8d7e-0aa4d6acb69e,2,2,0,15,0,1769408510,2026-01-26 01:24:16
1865017865553426604,12,2,10,4,0,1769408515,2026-01-26 01:24:16
a76299eb-73f7-401c-aa8b-edff9ef003bd,5,0,5,32,0,1769408515,2026-01-26 01:24:16
b03adb87-2bd9-43a5-a822-7d06a9ee2d81,23,1,22,5,0,1769408515,2026-01-26 01:24:16
66db3997-0aca-11e7-82f6-3863bb44ef7c,26,10,16,50,0,1769408516,2026-01-26 01:24:16
1975559886658995034,0,0,0,23,0,1769408510,2026-01-26 01:24:16
66db7a0d-0aca-11e7-82f6-3863bb44ef7c,42,21,21,9,0,1769408510,2026-01-26 01:24:16
92a51669-deec-45a9-8494-fafdf6356c51,15,0,15,17,0,1769408511,2026-01-26 01:24:16
2007842506069575758,18,5,13,1,0,1769408513,2026-01-26 01:24:16
e6b6c6e2-5fcb-47cd-8f2d-4324b7c977c8,10,7,3,8,0,1769408512,2026-01-26 01:24:16
52e81f02-b1f9-45d6-9e5c-e15277de1268,4,0,4,19,0,1769408511,2026-01-26 01:24:16
380394f7-64fa-4a65-a4d1-7bcaddd41fab,8,4,4,13,0,1769408512,2026-01-26 01:24:16
0197e9da-ae03-40a7-8270-fe500bfc9e18,3,2,1,13,0,1769408512,2026-01-26 01:24:16
1860189190334925058,5,3,2,16,0,1769408512,2026-01-26 01:24:16
01b7973e-c92e-4fbe-890e-2c24de33ce0e,2,0,2,16,0,1769408516,2026-01-26 01:24:16
1828969726487003714,5,1,4,11,0,1769408516,2026-01-26 01:24:16
6908ae75-b9a1-4f20-b192-95dc43e858a8,5,1,4,11,0,1769408514,2026-01-26 01:24:16
aa0e6301-4162-428d-8943-7b684089b0d1,8,1,7,10,0,1769408514,2026-01-26 01:24:16
1860187430946456420,2,1,1,16,0,1769408514,2026-01-26 01:24:16
2121032973750651666,6,2,4,8,0,1769408514,2026-01-26 01:24:16
0c923abb-298a-4a47-b132-9fae73cc59e6,0,0,0,3,0,1769365296,2026-01-26 01:24:16
5f7ac86c-1a98-4603-8749-4bb83ac84acd,0,0,0,17,0,1769382644,2026-01-26 01:24:16
66ddef96-0aca-11e7-82f6-3863bb44ef7c,0,0,0,9,0,1769351316,2026-01-26 01:24:16
753591ba-36f7-4ded-ab7d-40df9994a05f,0,0,0,8,0,1769393352,2026-01-26 01:24:16
66dd3fc3-0aca-11e7-82f6-3863bb44ef7c,14,6,8,23,0,1769408520,2026-01-26 01:24:16
1820420224296772166,10,4,6,7,0,1769408520,2026-01-26 01:24:16
a6a132f9-89bf-42a4-afe6-1ca449b7f570,12,9,3,6,0,1769408520,2026-01-26 01:24:16
79399e32-a6c6-4732-8ad4-9f9140a86b21,10,5,5,11,0,1769408521,2026-01-26 01:24:16
c7ffe3fa-9cd6-4d35-9060-7d5822381442,8,5,3,67,0,1769408521,2026-01-26 01:24:16
4753c893-e4bd-4d6a-bc4d-42209a19ebeb,3,3,0,14,0,1769408521,2026-01-26 01:24:16
66de44ba-0aca-11e7-82f6-3863bb44ef7c,20,5,15,18,0,1769408521,2026-01-26 01:24:16
1817432233006383832,18,3,15,4,0,1769408521,2026-01-26 01:24:16
8ef6ec7d-e898-4edc-8f3f-af888f8c5ef4,3,0,3,18,0,1769408519,2026-01-26 01:24:16
2868db5b-df51-4c36-8515-ef77a5b092c2,13,0,13,3,0,1769408520,2026-01-26 01:24:16
66dcccfe-0aca-11e7-82f6-3863bb44ef7c,4,1,3,13,0,1769408517,2026-01-26 01:24:16
1786696564295760054,5,2,3,20,0,1769408517,2026-01-26 01:24:16
94771406-6712-4508-9392-11e9d90e1185,17,12,5,2,0,1769408518,2026-01-26 01:24:16
1835249317786962140,0,0,0,26,0,1769408517,2026-01-26 01:24:16
65a1b09d-560d-46bf-8f5d-7f59471a587e,2,0,2,20,0,1769408517,2026-01-26 01:24:16
66dc9223-0aca-11e7-82f6-3863bb44ef7c,13,6,7,73,0,1769408521,2026-01-26 01:24:16
e6f3c665-0c87-4f34-a5e8-69baeed7b7bf,6,1,5,15,0,1769408521,2026-01-26 01:24:16
1906951766876655628,1,1,0,26,0,1769408522,2026-01-26 01:24:16
3299ff79-36aa-42ef-b7f1-c40e95c8f570,20,3,17,22,0,1769408522,2026-01-26 01:24:16
db91c9e0-d80b-4cb4-9cc2-9453ec8fbeac,4,1,3,14,0,1769408520,2026-01-26 01:24:16
daefc84c-1b16-4220-8e1f-10ea4866fdc7,39,37,2,69,0,1769408516,2026-01-26 01:24:16
31f340f3-3201-449e-b017-a26813aa448f,3,3,0,17,0,1769408516,2026-01-26 01:24:16
1814906873296976512,2,1,1,17,0,1769408512,2026-01-26 01:24:16
1871972060496771504,1,1,0,14,0,1769408531,2026-01-26 01:24:16
989fdf95-cfb9-475c-ba0c-3152fd3a16e0,16,15,1,0,0,1769408531,2026-01-26 01:24:16
02fb0f6a-b1dc-4e1c-97f8-fe70462670a3,25,3,22,0,0,1769408528,2026-01-26 01:24:16
3f878b81-324e-4673-9221-43d34647e76f,9,2,7,9,0,1769408528,2026-01-26 01:24:16
66ddea2a-0aca-11e7-82f6-3863bb44ef7c,35,5,30,34,0,1769408529,2026-01-26 01:24:16
17ba4945-b202-4667-965f-211d80622646,5,4,1,17,0,1769408529,2026-01-26 01:24:16
16a4effc-282e-4053-b47b-31f734d50c08,14,5,9,10,0,1769408529,2026-01-26 01:24:16
2142879485385917038,16,13,3,11,0,1769408530,2026-01-26 01:24:16
66dc481a-0aca-11e7-82f6-3863bb44ef7c,56,31,25,14,0,1769408530,2026-01-26 01:24:16
1843486189591985058,4,0,4,18,0,1769408530,2026-01-26 01:24:16
2436e886-dc53-47cb-8733-d663f9dcd922,4,2,2,17,0,1769408532,2026-01-26 01:24:16
8e631be4-1e0c-4627-a261-18f0003d0ba2,12,11,1,30,0,1769408533,2026-01-26 01:24:16
1856847127505992556,1,0,1,2,0,1769408532,2026-01-26 01:24:16
9e0b3452-ef6d-4e94-8c05-7bef199cdb74,11,10,1,9,0,1769408531,2026-01-26 01:24:16
bb6bba3f-19a0-4ebb-a454-4ac678d9d62d,3,0,3,15,0,1769408531,2026-01-26 01:24:16
dccab832-b4a2-4105-927d-b52ec0d92c92,16,6,10,1,0,1769408532,2026-01-26 01:24:16
467e1de6-73a6-480f-9e83-fd1b03b71047,12,3,9,12,0,1769408532,2026-01-26 01:24:16
2121032507515216178,7,0,7,2,0,1769408534,2026-01-26 01:24:16
66dbcdfc-0aca-11e7-82f6-3863bb44ef7c,2,2,0,55,0,1769408534,2026-01-26 01:24:16
d8e02e7b-632b-4fbe-95b9-80efa47473e3,4,3,1,17,0,1769408551,2026-01-26 01:24:16
1843486390605672640,7,1,6,16,0,1769408551,2026-01-26 01:24:16
868586b3-ddc7-4b4b-9bed-a1e487033aaa,27,0,27,18,0,1769408552,2026-01-26 01:24:16
66db3ba0-0aca-11e7-82f6-3863bb44ef7c,59,55,4,10,0,1769408550,2026-01-26 01:24:16
66dcf640-0aca-11e7-82f6-3863bb44ef7c,21,7,14,1,0,1769408550,2026-01-26 01:24:16
1877653505745721834,3,2,1,16,0,1769408550,2026-01-26 01:24:16
1833865926273309136,13,11,2,46,0,1769408551,2026-01-26 01:24:16
1786697166576476490,23,16,7,18,0,1769408550,2026-01-26 01:24:16
66de0bcb-0aca-11e7-82f6-3863bb44ef7c,9,4,5,46,0,1769408548,2026-01-26 01:24:16
b64eb0a5-d6d4-4f45-8c9a-e2d004819c99,4,4,0,13,0,1769408549,2026-01-26 01:24:16
1862759079900600428,2,2,0,15,0,1769408548,2026-01-26 01:24:16
1a5eae13-8f27-4875-8330-a796c95f8ad6,3,3,0,16,0,1769408549,2026-01-26 01:24:16
3ff00115-e8da-4326-97d3-7bf4fe4df7a5,1,0,1,19,0,1769408549,2026-01-26 01:24:16
1828965887815635862,8,5,3,13,0,1769408549,2026-01-26 01:24:16
66dd4bf7-0aca-11e7-82f6-3863bb44ef7c,11,4,7,27,0,1769408549,2026-01-26 01:24:16
66de542a-0aca-11e7-82f6-3863bb44ef7c,31,7,24,13,0,1769408548,2026-01-26 01:24:16
fe65853e-b20a-4250-9677-2aa177283b72,12,4,8,7,0,1769408547,2026-01-26 01:24:16
774c5443-d463-42b3-bfc5-b0ab3c56fe35,17,14,3,14,0,1769408552,2026-01-26 01:24:16
1a083890-e22b-4f81-8d98-567784034916,20,5,15,2,0,1769408552,2026-01-26 01:24:16
1846085533896197012,17,1,16,0,0,1769408552,2026-01-26 01:24:16
85ba92ab-8d0a-4d17-9d07-0173e16d3b6d,1,0,1,18,0,1769408553,2026-01-26 01:24:16
fb180cce-96ee-4e66-b3ce-000f3db6e670,22,1,21,5,0,1769408549,2026-01-26 01:24:16
7f1b4c40-d9fa-4182-be0e-a993655cfb6f,16,13,3,0,0,1769408550,2026-01-26 01:24:16
1880643497376459348,13,13,0,11,0,1769408549,2026-01-26 01:24:16
e1a3f2f9-618f-4727-b2d6-676e02aadf17,8,3,5,10,0,1769408555,2026-01-26 01:24:16
1864606193814670106,6,1,5,19,0,1769408555,2026-01-26 01:24:16
1864605659096685518,2,2,0,17,0,1769408556,2026-01-26 01:24:16
35b8b636-18d3-4860-b0a9-39c0bce96a10,8,1,7,19,0,1769408556,2026-01-26 01:24:16
2121032193446634360,3,0,3,7,0,1769408462,2026-01-26 01:24:16
2e5cde21-f0a2-4396-899e-6df275e99212,2,2,0,17,0,1769408554,2026-01-26 01:24:16
fea72f55-d296-47af-9446-149688dcccbd,2,1,1,17,0,1769408554,2026-01-26 01:24:16
c0a3b8fe-ba64-4cbb-b010-f760998d6c3a,4,3,1,13,0,1769408554,2026-01-26 01:24:16
1854255035042870020,15,4,11,3,0,1769408559,2026-01-26 01:24:16
99142ec8-c0e7-47ca-916c-c1097d48e133,22,9,13,19,0,1769408558,2026-01-26 01:24:16
0927e331-866f-4d99-99b4-04edde99117a,10,9,1,29,0,1769408558,2026-01-26 01:24:16
bde94a25-6089-4490-af3a-8cc5702230b8,88,78,10,9,0,1769408560,2026-01-26 01:24:16
a90e9ad3-4347-4fa4-b031-9bf1f69ce049,0,0,0,18,0,1769408559,2026-01-26 01:24:16
8f72fe26-98aa-4e87-a612-9ae0eb1d9a38,16,3,13,5,0,1769408560,2026-01-26 01:24:16
ea9a19a6-acea-4286-a723-b5481c90a3c0,18,1,17,0,0,1769408554,2026-01-26 01:24:16
1945126257666675246,7,4,3,12,0,1769408555,2026-01-26 01:24:16
14f928c6-9a51-40a2-b7e6-a74e8b351dbf,8,1,7,16,0,1769408555,2026-01-26 01:24:16
e10a6e12-d98c-4625-940a-9f83d9b2f6c4,19,5,14,0,0,1769408555,2026-01-26 01:24:16
66dbebad-0aca-11e7-82f6-3863bb44ef7c,36,33,3,16,0,1769408555,2026-01-26 01:24:16
bb0ce308-e5d9-48c7-9f4b-cf0120f2c39a,2,2,0,20,0,1769408556,2026-01-26 01:24:16
48b19cc8-bf45-4602-89ac-a8c0a0560c43,15,4,11,2,0,1769408556,2026-01-26 01:24:16
66db8ca4-0aca-11e7-82f6-3863bb44ef7c,42,35,7,19,0,1769408557,2026-01-26 01:24:16
1854538793462575652,10,5,5,5,0,1769408557,2026-01-26 01:24:16
29223935-a682-411c-9f25-577bbb9804fc,20,1,19,0,0,1769408557,2026-01-26 01:24:16
66dcbf69-0aca-11e7-82f6-3863bb44ef7c,6,5,1,14,0,1769408557,2026-01-26 01:24:16
22e38a04-e70d-4484-bbf3-f6e8c64fdbd4,13,3,10,8,0,1769408557,2026-01-26 01:24:16
66de88d7-0aca-11e7-82f6-3863bb44ef7c,18,13,5,29,0,1769408557,2026-01-26 01:24:16
46dca5c6-7bd3-4a4f-aa1e-33aa66652294,17,3,14,11,0,1769408562,2026-01-26 01:24:16
7f8cb36a-2bf4-4d57-afbd-331310f25355,16,1,15,17,0,1769408562,2026-01-26 01:24:16
8a13182a-4823-4fe7-afcd-a4ef0b134ed9,2,0,2,17,0,1769408562,2026-01-26 01:24:16
a958a8af-a0cc-4bca-9114-93c74ce3c693,5,5,0,17,0,1769408563,2026-01-26 01:24:16
1817431953833509324,5,2,3,15,0,1769408562,2026-01-26 01:24:16
9d23b0e9-a478-407c-a0e0-0aff1b0398fc,0,0,0,20,0,1769408563,2026-01-26 01:24:16
66dea52b-0aca-11e7-82f6-3863bb44ef7c,11,1,10,5,0,1769408562,2026-01-26 01:24:16
1947001743402778700,5,2,3,16,0,1769408565,2026-01-26 01:24:16
c37931bb-8571-4671-a9a8-f3cf23897680,60,20,40,32,0,1769408565,2026-01-26 01:24:16
2cd651e7-1e3a-4cd9-8fd1-a2416e032f6e,0,0,0,23,0,1769408565,2026-01-26 01:24:16
eb8fcff2-6f58-4724-b564-ebc9a8d374d8,16,0,16,3,0,1769408565,2026-01-26 01:24:16
66db89a3-0aca-11e7-82f6-3863bb44ef7c,67,1,66,3,0,1769408566,2026-01-26 01:24:16
4d674595-187c-417c-a691-676c4446c9fc,14,8,6,2,0,1769408565,2026-01-26 01:24:16
1851674088959433552,6,2,4,13,0,1769408566,2026-01-26 01:24:16
afd76a0e-ceb8-4d18-a427-b378c4d07a75,21,2,19,6,0,1769408566,2026-01-26 01:24:16
66de1c33-0aca-11e7-82f6-3863bb44ef7c,29,28,1,9,0,1769408566,2026-01-26 01:24:16
e73cf71b-db05-44f9-b57a-689d65320d68,3,0,3,26,0,1769408566,2026-01-26 01:24:16
189f573b-a2d0-40d2-af15-83c5015d93e2,1,1,0,21,0,1769408564,2026-01-26 01:24:16
c02864f0-2611-440b-98f4-45fddfd545fe,18,3,15,1,0,1769408564,2026-01-26 01:24:16
87091002-cc25-452a-b5d9-f8d0c3fce422,12,12,0,10,0,1769408564,2026-01-26 01:24:16
66de1bc3-0aca-11e7-82f6-3863bb44ef7c,6,4,2,50,0,1769408565,2026-01-26 01:24:16
66db79a3-0aca-11e7-82f6-3863bb44ef7c,0,0,0,1,0,1769378794,2026-01-26 01:24:16
cf284d60-23e7-49ec-91dc-8bfedb59cb6a,17,1,16,1,0,1769408563,2026-01-26 01:24:16
66db631c-0aca-11e7-82f6-3863bb44ef7c,65,58,7,7,0,1769408563,2026-01-26 01:24:16
b47e5ffd-4215-4476-a89b-ebe52111f763,0,0,0,2,0,1769358716,2026-01-26 01:24:16
f06c01c3-fd7f-443c-a0c7-fc9233d77f6a,0,0,0,21,0,1769408561,2026-01-26 01:24:16
d946ce73-5487-4ab7-b429-cf873e9af5b5,16,2,14,2,0,1769408561,2026-01-26 01:24:16
1848241963446241866,14,10,4,1,0,1769408561,2026-01-26 01:24:16
1849009244468810224,16,2,14,0,0,1769408561,2026-01-26 01:24:16
7a15d81b-357e-42e0-b208-93ffd562fd63,4,2,2,21,0,1769408540,2026-01-26 01:24:16
1859811213834095332,17,4,13,6,0,1769408541,2026-01-26 01:24:16
1849009534951225816,3,1,2,13,0,1769408541,2026-01-26 01:24:16
c9cd8c29-7f0b-4979-9a0e-bec4613d2600,0,0,0,20,0,1769408541,2026-01-26 01:24:16
bb07a569-cc74-439e-b424-916c0304f136,12,3,9,16,0,1769408541,2026-01-26 01:24:16
1851254360969534132,0,0,0,22,0,1769408541,2026-01-26 01:24:16
66de1f7f-0aca-11e7-82f6-3863bb44ef7c,13,0,13,18,0,1769408541,2026-01-26 01:24:16
711ccb32-e1bc-4577-ac7b-50592cc9b8a0,15,0,15,7,0,1769408539,2026-01-26 01:24:16
4f57360d-a4cb-4568-b74a-f3086ccaee2e,5,4,1,13,0,1769408539,2026-01-26 01:24:16
66dca682-0aca-11e7-82f6-3863bb44ef7c,34,15,19,27,0,1769408539,2026-01-26 01:24:16
2124037656159914878,3,0,3,7,0,1769408540,2026-01-26 01:24:16
ffef95fa-600b-4f08-b2ce-e8eb034ebfd8,24,22,2,7,0,1769408540,2026-01-26 01:24:16
66dc0bbd-0aca-11e7-82f6-3863bb44ef7c,23,6,17,9,0,1769408540,2026-01-26 01:24:16
48e7e465-f861-452a-9bf7-7eacd0b2bcac,18,1,17,1,0,1769408540,2026-01-26 01:24:16
1958457675193833900,14,2,12,9,0,1769408540,2026-01-26 01:24:16
1814900898997467540,13,2,11,8,0,1769408537,2026-01-26 01:24:16
679dcf08-d88c-4d1b-b81d-fe9f4aabbff7,10,2,8,14,0,1769408537,2026-01-26 01:24:16
101c813e-02a8-4b6b-bd5d-981c1ea62019,10,8,2,10,0,1769408538,2026-01-26 01:24:16
9e014047-d675-418b-a03c-84d974a25134,0,0,0,30,0,1769408538,2026-01-26 01:24:16
64de0666-b9ab-404e-a16b-03e449bb5b4d,2,2,0,14,0,1769408535,2026-01-26 01:24:16
7a771842-c090-4da1-8c13-72b7f4f50a87,29,10,19,5,0,1769408535,2026-01-26 01:24:16
1849008925260421550,18,6,12,1,0,1769408535,2026-01-26 01:24:16
f752c376-3a6f-4cd3-b9fd-3c049d45a9a6,6,2,4,14,0,1769408535,2026-01-26 01:24:16
c4d6b123-df5a-446d-b0ae-d3c4846565d5,4,3,1,19,0,1769408538,2026-01-26 01:24:16
66dd23a9-0aca-11e7-82f6-3863bb44ef7c,6,5,1,20,0,1769408538,2026-01-26 01:24:16
4d4a3e7b-1005-4bfd-8680-340a20cacbee,18,5,13,0,0,1769408539,2026-01-26 01:24:16
d1c204d7-d575-417d-b134-6ebdf7e99f98,4,1,3,15,0,1769408541,2026-01-26 01:24:16
66dbcf18-0aca-11e7-82f6-3863bb44ef7c,61,8,53,11,0,1769408542,2026-01-26 01:24:16
66dbca0f-0aca-11e7-82f6-3863bb44ef7c,41,34,7,14,0,1769408542,2026-01-26 01:24:16
e6c2a46e-431a-4101-af84-870f660ff4cb,10,6,4,58,0,1769408542,2026-01-26 01:24:16
66dd51e6-0aca-11e7-82f6-3863bb44ef7c,5,3,2,72,0,1769408536,2026-01-26 01:24:16
66dc22a7-0aca-11e7-82f6-3863bb44ef7c,11,3,8,29,0,1769408536,2026-01-26 01:24:16
66db46d7-0aca-11e7-82f6-3863bb44ef7c,18,13,5,12,0,1769408536,2026-01-26 01:24:16
bd30f2a1-38ec-474d-9e36-07f688e87427,13,3,10,5,0,1769408539,2026-01-26 01:24:16
77b21502-a7a2-40b4-8f3e-f9c6c6ef0939,11,0,11,14,0,1769408536,2026-01-26 01:24:16
0eacb768-c7d5-4499-9182-9a1331d9280c,29,1,28,1,0,1769408536,2026-01-26 01:24:16
1814900752968579218,12,4,8,9,0,1769408536,2026-01-26 01:24:16
1860188607062574024,0,0,0,18,0,1769408537,2026-01-26 01:24:16
1841926579628419438,1,1,0,16,0,1769408541,2026-01-26 01:24:16
66dc90d5-0aca-11e7-82f6-3863bb44ef7c,18,8,10,11,0,1769408518,2026-01-26 01:24:16
18326827-dcae-47e0-8518-c4bb9e21eef6,30,2,28,0,0,1769408518,2026-01-26 01:24:16
62e2b1dd-ca52-4e1c-a112-1d8846b9d9b5,14,3,11,2,0,1769408519,2026-01-26 01:24:16
f3b359e2-7983-4aaf-b6b0-e3b7d30816a4,15,4,11,3,0,1769408522,2026-01-26 01:24:16
ace80a8c-6196-484e-8dd0-061e3c90389b,1,0,1,27,0,1769408523,2026-01-26 01:24:16
66dc741f-0aca-11e7-82f6-3863bb44ef7c,45,41,4,19,0,1769408523,2026-01-26 01:24:16
66dc8768-0aca-11e7-82f6-3863bb44ef7c,20,12,8,23,0,1769408524,2026-01-26 01:24:16
66dce4fc-0aca-11e7-82f6-3863bb44ef7c,12,0,12,13,0,1769408524,2026-01-26 01:24:16
55ccb271-7035-422e-bee1-20e84caa0217,25,0,25,18,0,1769408524,2026-01-26 01:24:16
b30815c0-99b6-451b-be15-902992cb8abb,51,39,12,9,0,1769408524,2026-01-26 01:24:16
c8060816-b4aa-4fd9-bc66-af28bf61dc87,6,5,1,15,0,1769408524,2026-01-26 01:24:16
1804894168423871442,15,2,13,10,0,1769408526,2026-01-26 01:24:16
5f968a1b-ee60-43a0-ad25-05211e09e436,2,1,1,19,0,1769408526,2026-01-26 01:24:16
1817432954560889524,5,0,5,12,0,1769408526,2026-01-26 01:24:16
94624d6e-4150-4ab1-92ff-bf55cb58ab61,0,0,0,18,0,1769408527,2026-01-26 01:24:16
9ac5758f-0419-4e28-8387-6bcd28db17fa,9,1,8,8,0,1769408527,2026-01-26 01:24:16
1882735457106787122,15,10,5,10,0,1769408527,2026-01-26 01:24:16
1875023224873448258,13,3,10,5,0,1769408528,2026-01-26 01:24:16
8456b63c-37c6-49a6-8c02-bb6dcfc35041,12,6,6,8,0,1769408524,2026-01-26 01:24:16
1845677022981917240,11,0,11,8,0,1769408525,2026-01-26 01:24:16
be435dfd-e859-487c-ae32-3d2b76d49a49,13,2,11,4,0,1769408525,2026-01-26 01:24:16
bf317efc-13f1-42be-8243-373a29354033,3,1,2,22,0,1769408522,2026-01-26 01:24:16
fec4aa1b-9fc1-4dd9-ab39-c1d7370a6e54,7,2,5,13,0,1769408528,2026-01-26 01:24:16
fac701fb-c433-496e-933b-ea137dbe7fe1,1,0,1,16,0,1769408526,2026-01-26 01:24:16
66dc9068-0aca-11e7-82f6-3863bb44ef7c,9,8,1,60,0,1769408545,2026-01-26 01:24:16
66de1368-0aca-11e7-82f6-3863bb44ef7c,37,18,19,0,0,1769408545,2026-01-26 01:24:16
1838618090943186984,20,0,20,2,0,1769408545,2026-01-26 01:24:16
9c2a741d-7f3e-4aa1-b58b-db5c3e6bcb20,2,1,1,25,0,1769408545,2026-01-26 01:24:16
9719498d-bd5c-4424-86ac-dfe0795c57d1,1,0,1,22,0,1769408545,2026-01-26 01:24:16
1786697932047949952,14,2,12,8,0,1769408542,2026-01-26 01:24:16
a724eb92-55ca-4b9f-9a87-c2e87b3cbd40,1,1,0,19,0,1769408543,2026-01-26 01:24:16
8f1fdf4b-ecca-4f03-b04c-e10fe596e2c7,9,3,6,17,0,1769408543,2026-01-26 01:24:16
2126623199408050430,6,0,6,9,0,1769408543,2026-01-26 01:24:16
66dc82ef-0aca-11e7-82f6-3863bb44ef7c,3,0,3,59,0,1769408543,2026-01-26 01:24:16
66db6da2-0aca-11e7-82f6-3863bb44ef7c,40,27,13,12,0,1769408543,2026-01-26 01:24:16
514f3dda-4d08-464c-b2d4-5706d400065a,5,2,3,8,0,1769408543,2026-01-26 01:24:16
1887292564377354448,9,7,2,20,0,1769408543,2026-01-26 01:24:16
b7c6ce96-a24d-4c1e-93ee-6f49c1adf119,5,1,4,10,0,1769408543,2026-01-26 01:24:16
426862de-f8f2-4967-ba41-76680a4b460c,2,2,0,17,0,1769408544,2026-01-26 01:24:16
1877920686883352866,17,8,9,0,0,1769408544,2026-01-26 01:24:16
66dccad8-0aca-11e7-82f6-3863bb44ef7c,6,2,4,15,0,1769408544,2026-01-26 01:24:16
2104278402820534724,24,3,21,15,0,1769408544,2026-01-26 01:24:16
1835247469495105628,0,0,0,20,0,1769408543,2026-01-26 01:24:16
1786687245202023014,30,13,17,1,0,1769408545,2026-01-26 01:24:16
66dc3f08-0aca-11e7-82f6-3863bb44ef7c,100,70,30,1,0,1769408546,2026-01-26 01:24:16
66db6d40-0aca-11e7-82f6-3863bb44ef7c,51,49,2,11,0,1769408546,2026-01-26 01:24:16
01839a78-f228-4706-8f7f-147b857492f2,13,10,3,8,0,1769408543,2026-01-26 01:24:16
03872f6b-a522-4c41-a4f2-5d0c41779e7b,1,0,1,18,0,1769408543,2026-01-26 01:24:16
0cc38ba1-4625-4821-9a6f-e490525cbce2,6,5,1,11,0,1769408546,2026-01-26 01:24:16
4168e5a4-c7ec-4045-bfc8-84ac5edbe845,39,32,7,3,0,1769408571,2026-01-26 01:24:16
d7f55e1b-12db-49d1-9cd8-4fb464745841,16,2,14,11,0,1769408571,2026-01-26 01:24:16
ffaa8f6a-a4ea-4d3a-a57c-f42f77cd4581,3,3,0,20,0,1769408571,2026-01-26 01:24:16
8f672aa7-08a1-4fe2-a471-06f219c0eb1b,4,1,3,10,0,1769408571,2026-01-26 01:24:16
66dc48ef-0aca-11e7-82f6-3863bb44ef7c,23,21,2,40,0,1769408571,2026-01-26 01:24:16
3bf69f3e-23f6-4abe-b5fe-dabe6b0ea066,5,3,2,18,0,1769408571,2026-01-26 01:24:16
2124425670552673214,2,1,1,11,0,1769408569,2026-01-26 01:24:16
1198e739-787c-4ce4-aa63-ffaf98506e9c,0,0,0,62,0,1769408571,2026-01-26 01:24:16
e666a344-1afb-4512-b2e9-2fc5ed71be2b,7,6,1,15,0,1769408571,2026-01-26 01:24:16
2111353842893366258,3,2,1,30,0,1769408566,2026-01-26 01:24:16
66db5e6a-0aca-11e7-82f6-3863bb44ef7c,9,8,1,10,0,1769408566,2026-01-26 01:24:16
66de3fde-0aca-11e7-82f6-3863bb44ef7c,11,11,0,10,0,1769408567,2026-01-26 01:24:16
1814907062275537820,15,3,12,13,0,1769408571,2026-01-26 01:24:16
1854537815365165328,0,0,0,18,0,1769408572,2026-01-26 01:24:16
0cde9bcd-0dcb-45dc-9c9a-3e5485b5452e,1,0,1,19,0,1769408572,2026-01-26 01:24:16
b1e496f1-43cf-48d0-be49-ab0d760c00bf,2,1,1,23,0,1769408572,2026-01-26 01:24:16
cc7b86cf-a2fb-4738-b967-de7b197dc930,3,1,2,33,0,1769408572,2026-01-26 01:24:16
54782566-697b-497e-a503-dc1f39963eb2,11,9,2,12,0,1769408572,2026-01-26 01:24:16
2132211694027383298,12,6,6,2,0,1769408567,2026-01-26 01:24:16
a82cc641-0926-4a63-b488-7060ab7dcd74,3,1,2,28,0,1769408567,2026-01-26 01:24:16
66db2e3a-0aca-11e7-82f6-3863bb44ef7c,28,17,11,26,0,1769408568,2026-01-26 01:24:16
e72f0aec-2293-4636-988c-b9d30df092f8,15,11,4,25,0,1769408568,2026-01-26 01:24:16
b7df61c0-8ead-46cb-9d6e-a6a3011ffb71,9,6,3,16,0,1769408568,2026-01-26 01:24:16
6ae35aa8-644e-4b2c-b6a4-6570192f78ab,16,0,16,13,0,1769408568,2026-01-26 01:24:16
5f2766b0-362e-49e5-ab09-05e2c4b6f626,1,1,0,17,0,1769408569,2026-01-26 01:24:16
40914c6b-293d-49ac-b83a-d9d4af998aea,2,0,2,15,0,1769408569,2026-01-26 01:24:16
66db6889-0aca-11e7-82f6-3863bb44ef7c,16,11,6,15,0,1769408558,2026-01-26 01:24:16
2124426189188761638,10,7,3,0,0,1769408570,2026-01-26 01:24:16
66dd4ac1-0aca-11e7-82f6-3863bb44ef7c,12,9,3,21,0,1769408572,2026-01-26 01:24:16
1898455214498195676,0,0,0,20,0,1769408572,2026-01-26 01:24:16
2123939077451327830,12,8,4,1,0,1769408538,2026-01-26 01:24:16
4775fd25-2240-44d7-884a-d777d15a9b5e,5,4,1,14,0,1769408568,2026-01-26 01:24:16
3db2fa34-0b56-4644-9ae9-bbee1583e717,10,3,7,14,0,1769408577,2026-01-26 01:24:16
bdcbd89b-9ae0-461b-aa1d-7db7ead07400,24,7,17,0,0,1769408577,2026-01-26 01:24:16
66dc79e6-0aca-11e7-82f6-3863bb44ef7c,3,0,3,16,0,1769408577,2026-01-26 01:24:16
760ebaea-f7c7-45ad-aa3b-395d97adcf8f,10,7,3,12,0,1769408577,2026-01-26 01:24:16
66dc9143-0aca-11e7-82f6-3863bb44ef7c,24,7,17,10,0,1769408577,2026-01-26 01:24:16
66dbf062-0aca-11e7-82f6-3863bb44ef7c,23,9,14,16,0,1769408577,2026-01-26 01:24:16
66db65aa-0aca-11e7-82f6-3863bb44ef7c,76,67,9,24,0,1769408578,2026-01-26 01:24:16
398aa734-3893-4dba-a704-57ae8632c4f9,7,2,5,7,0,1769408578,2026-01-26 01:24:16
e2fc6d90-8deb-4e21-961d-9d5208c1f986,29,15,14,1,0,1769408578,2026-01-26 01:24:16
2142879839954225698,8,0,8,8,0,1769408578,2026-01-26 01:24:16
e982e1cb-7e7b-4769-85b8-565925200654,6,0,6,14,0,1769408578,2026-01-26 01:24:16
b9c209b2-6284-4f5a-a32a-680ef9da1c1f,0,0,0,18,0,1769408572,2026-01-26 01:24:16
66dde3b1-0aca-11e7-82f6-3863bb44ef7c,20,9,11,13,0,1769408573,2026-01-26 01:24:16
66dcca0d-0aca-11e7-82f6-3863bb44ef7c,6,0,6,14,0,1769408572,2026-01-26 01:24:16
efa2a82f-eb4a-4b82-a602-6c42cb984101,6,0,6,10,0,1769408573,2026-01-26 01:24:16
81640d04-c36a-4fb1-98b0-85be10be516c,5,0,5,13,0,1769408573,2026-01-26 01:24:16
2121032035614514006,7,0,7,1,0,1769408573,2026-01-26 01:24:16
d0b87aa7-7e19-40d2-8f7d-6a622e6ac391,7,1,6,14,0,1769408573,2026-01-26 01:24:16
145bbc0d-8976-45ae-9565-158ba564d3d1,23,1,22,1,0,1769408569,2026-01-26 01:24:16
1815968422007427668,8,3,5,11,0,1769408573,2026-01-26 01:24:16
06f0d251-e1e3-435c-8c5f-9b991a14ca4a,1,1,0,22,0,1769408574,2026-01-26 01:24:16
66dd4f31-0aca-11e7-82f6-3863bb44ef7c,29,14,15,5,0,1769408576,2026-01-26 01:24:16
4543214c-c9d4-4f20-9cd9-dd05cc365931,19,19,0,26,0,1769408576,2026-01-26 01:24:16
1815967674683118258,20,0,20,3,0,1769408577,2026-01-26 01:24:16
2b33334b-243c-4a16-a6d2-32304c8884f1,2,2,0,16,0,1769408573,2026-01-26 01:24:16
dadd2084-d844-46f5-b7a4-128d31eeba8e,1,1,0,16,0,1769408573,2026-01-26 01:24:16
a1112e04-bc50-4782-b3d6-bb5902c0e8db,2,0,2,15,0,1769408574,2026-01-26 01:24:16
a70b26b7-fbad-4787-bf15-29f7b13a19ab,6,3,3,13,0,1769408574,2026-01-26 01:24:16
1828967346753327602,9,4,5,9,0,1769408574,2026-01-26 01:24:16
ecbfcdb7-fffc-4d45-bed2-1510fd45834d,6,1,5,10,0,1769408574,2026-01-26 01:24:16
a23a40c3-6da5-4b0f-bb6b-8bfc01ec2261,7,0,7,11,0,1769408574,2026-01-26 01:24:16
66dc864c-0aca-11e7-82f6-3863bb44ef7c,17,3,14,9,0,1769408574,2026-01-26 01:24:16
40eaa69a-d3ab-48fc-b395-b5bdc6a1aa85,13,8,5,5,0,1769408574,2026-01-26 01:24:16
1843486597735840252,14,1,13,8,0,1769408574,2026-01-26 01:24:16
1838071090619298218,14,8,6,11,0,1769408575,2026-01-26 01:24:16
36025f2c-ee4d-4c1a-832d-733cf37f98ef,2,1,1,27,0,1769408575,2026-01-26 01:24:16
2123939659270367896,7,2,5,9,0,1769408575,2026-01-26 01:24:16
7d9a1b9e-0123-4561-a111-b3735fada687,5,0,5,19,0,1769408578,2026-01-26 01:24:16
33c533cd-5f0e-4c15-a00a-6a2bf1e2d077,22,12,10,35,0,1769408579,2026-01-26 01:24:16
9991b75b-a9ba-4abc-bf84-0108291be05a,16,9,7,8,0,1769408579,2026-01-26 01:24:16
2126579619522812246,10,5,5,1,0,1769408538,2026-01-26 01:24:16
1838685618105506490,0,0,0,18,0,1769408579,2026-01-26 01:24:16
1813395029173762108,35,32,3,4,0,1769408579,2026-01-26 01:24:16
324af152-33ea-48a7-8bb0-ad8b6f31571f,31,6,25,4,0,1769408579,2026-01-26 01:24:16
66ddb6d9-0aca-11e7-82f6-3863bb44ef7c,49,9,40,16,0,1769408578,2026-01-26 01:24:16
2018303498843153278,17,11,6,10,0,1769408578,2026-01-26 01:24:16
514afe43-84d4-4941-8281-75a93c5cd365,4,0,4,11,0,1769408578,2026-01-26 01:24:16
305c221f-4e0b-4a5a-902c-3d1043dfe606,8,3,5,9,0,1769408502,2026-01-26 01:24:16
66de2556-0aca-11e7-82f6-3863bb44ef7c,49,42,7,27,0,1769408502,2026-01-26 01:24:16
2143247416766638978,4,1,3,38,0,1769408502,2026-01-26 01:24:16
2137774972219769002,7,1,6,2,0,1769408507,2026-01-26 01:24:16
66de5ace-0aca-11e7-82f6-3863bb44ef7c,12,3,9,10,0,1769408508,2026-01-26 01:24:16
66dc2bc5-0aca-11e7-82f6-3863bb44ef7c,7,4,3,102,0,1769408508,2026-01-26 01:24:16
063e7e78-b810-4a2f-8045-a82a0d69d752,40,34,6,4,0,1769408508,2026-01-26 01:24:16
0c106e83-c47a-4233-b5e4-62bbb75d0bed,1,1,0,17,0,1769408506,2026-01-26 01:24:16
1869439368558197224,7,4,3,16,0,1769408506,2026-01-26 01:24:16
66dbf518-0aca-11e7-82f6-3863bb44ef7c,14,6,8,9,0,1769408506,2026-01-26 01:24:16
2022386456542683974,28,3,25,4,0,1769408506,2026-01-26 01:24:16
66dc76cd-0aca-11e7-82f6-3863bb44ef7c,23,18,5,10,0,1769408506,2026-01-26 01:24:16
1893542109140147108,8,1,7,9,0,1769408504,2026-01-26 01:24:16
1964061627836181486,5,0,5,78,0,1769408504,2026-01-26 01:24:16
66de4078-0aca-11e7-82f6-3863bb44ef7c,4,3,1,17,0,1769408504,2026-01-26 01:24:16
2119506830683992262,39,26,13,5,0,1769408504,2026-01-26 01:24:16
66db5c14-0aca-11e7-82f6-3863bb44ef7c,4,2,2,17,0,1769408504,2026-01-26 01:24:16
1860188907884823208,4,1,3,16,0,1769408503,2026-01-26 01:24:16
5736cd70-be41-483e-8d82-721874f40e6e,6,1,5,11,0,1769408503,2026-01-26 01:24:16
b0cc08dc-e7dd-48d1-8901-ba496f3ff2f5,8,6,2,35,0,1769408503,2026-01-26 01:24:16
66db7152-0aca-11e7-82f6-3863bb44ef7c,40,14,26,3,0,1769408505,2026-01-26 01:24:16
82dd89f6-1e5a-4a8f-8660-13cb64349e94,8,3,5,10,0,1769408505,2026-01-26 01:24:16
1057229c-f8f8-4014-80cd-f40421c61cf0,8,7,1,10,0,1769408507,2026-01-26 01:24:16
1848242058183072050,13,2,11,6,0,1769408504,2026-01-26 01:24:16
9092515e-eef6-478f-910f-1cd19d06bebb,28,10,18,5,0,1769408509,2026-01-26 01:24:16
88ee054e-bdeb-4305-8f3b-76eb964f2c84,4,3,1,10,0,1769408510,2026-01-26 01:24:16
bfbd1f09-afd2-49d2-8674-3a07b3c929a4,20,14,6,1,0,1769408510,2026-01-26 01:24:16
2f580cf9-14e2-4300-ba22-f6d88d0312a5,4,1,3,21,0,1769408510,2026-01-26 01:24:16
2126621966735272262,8,0,8,3,0,1769408511,2026-01-26 01:24:16
ca4e4962-2169-4559-8f60-b05ab7809750,20,3,17,10,0,1769408511,2026-01-26 01:24:16
ce95fbdd-b7d2-46fc-910d-5c170e4b7610,3,3,0,15,0,1769408512,2026-01-26 01:24:16
66dbeded-0aca-11e7-82f6-3863bb44ef7c,13,5,8,6,0,1769408511,2026-01-26 01:24:16
28be450b-7878-4495-add2-61afd94f375a,11,3,8,5,0,1769408509,2026-01-26 01:24:16
8fa2fafb-fa07-48b2-b159-bffbea7176d4,0,0,0,19,0,1769408513,2026-01-26 01:24:16
18846fd4-877c-4971-9b6f-1bd8fbc10346,3,1,2,17,0,1769408513,2026-01-26 01:24:16
1828967607558607844,2,1,1,14,0,1769408513,2026-01-26 01:24:16
1846086665080867236,9,1,8,10,0,1769408512,2026-01-26 01:24:16
66dbe848-0aca-11e7-82f6-3863bb44ef7c,95,66,29,23,0,1769408476,2026-01-26 01:24:16
66de5613-0aca-11e7-82f6-3863bb44ef7c,58,9,49,16,0,1769408477,2026-01-26 01:24:16
1856766912456610780,2,1,1,20,0,1769408471,2026-01-26 01:24:16
c46a2889-258b-4fc5-a452-1d4e7dfe683a,2,0,2,15,0,1769408471,2026-01-26 01:24:16
66de5e5b-0aca-11e7-82f6-3863bb44ef7c,7,4,3,35,0,1769408471,2026-01-26 01:24:16
66db4671-0aca-11e7-82f6-3863bb44ef7c,44,36,8,1,0,1769408472,2026-01-26 01:24:16
ccfa8b82-07a7-4a08-88fc-be261c30a4ca,5,3,2,16,0,1769408478,2026-01-26 01:24:16
66db88f5-0aca-11e7-82f6-3863bb44ef7c,14,5,9,24,0,1769408473,2026-01-26 01:24:16
d47c856e-8cda-4da0-b8eb-1ccf0e6ef7ab,4,1,3,26,0,1769408475,2026-01-26 01:24:16
1f872052-38c4-4701-96c4-c363de51c2b5,27,7,20,30,0,1769408475,2026-01-26 01:24:16
1884688942632618210,12,12,0,13,0,1769408493,2026-01-26 01:24:16
5dc8ddac-979e-4ae5-b879-3670cca7482d,2,0,2,18,0,1769408494,2026-01-26 01:24:16
1828969112306680612,0,0,0,19,0,1769408492,2026-01-26 01:24:16
9ea2afff-a146-4824-89b6-39d5bdfac795,19,17,2,1,0,1769408492,2026-01-26 01:24:16
1e3a16ff-65ba-4d34-b3c6-37aff44e085a,17,7,10,19,0,1769408492,2026-01-26 01:24:16
9c147c77-11da-4d0b-8a21-a8042ec8031b,7,3,4,11,0,1769408495,2026-01-26 01:24:16
ba0a4ada-c9f6-48b4-a7b3-7220f6fb88c2,4,2,2,20,0,1769408496,2026-01-26 01:24:16
e1886e7a-62b1-4359-9835-8ab5a16371ae,3,0,3,18,0,1769408494,2026-01-26 01:24:16
b0239a13-649a-4d31-aa04-56b8aaeba4d4,4,3,1,14,0,1769408495,2026-01-26 01:24:16
1875672501601550456,8,3,5,9,0,1769408494,2026-01-26 01:24:16
cc834d78-6eca-450a-ae00-a5ffc6f1a7a6,14,0,14,0,0,1769408491,2026-01-26 01:24:16
66de186f-0aca-11e7-82f6-3863bb44ef7c,10,1,9,13,0,1769408498,2026-01-26 01:24:16
fd081854-3f37-420a-9785-ea63c09c12ad,10,5,5,8,0,1769408498,2026-01-26 01:24:16
1893622839585237496,2,2,0,72,0,1769408501,2026-01-26 01:24:16
1862008413697896912,3,1,2,17,0,1769408500,2026-01-26 01:24:16
1828966104320053340,12,4,8,5,0,1769408501,2026-01-26 01:24:16
66db74a5-0aca-11e7-82f6-3863bb44ef7c,38,9,29,13,0,1769408502,2026-01-26 01:24:16
66dc2172-0aca-11e7-82f6-3863bb44ef7c,1,1,0,84,0,1769408501,2026-01-26 01:24:16
66dd41ef-0aca-11e7-82f6-3863bb44ef7c,10,9,1,33,0,1769408496,2026-01-26 01:24:16
66de48f9-0aca-11e7-82f6-3863bb44ef7c,15,0,15,3,0,1769408497,2026-01-26 01:24:16
d5d589e6-457f-4cd4-bf78-59165dce28b2,25,15,10,2,0,1769408497,2026-01-26 01:24:16
66de65a4-0aca-11e7-82f6-3863bb44ef7c,0,0,0,24,0,1769408497,2026-01-26 01:24:16
1828969323789472168,10,2,8,4,0,1769408497,2026-01-26 01:24:16
66dc8f1f-0aca-11e7-82f6-3863bb44ef7c,19,11,8,32,0,1769408500,2026-01-26 01:24:16
1885442082749874736,1,1,0,18,0,1769408500,2026-01-26 01:24:16
6f21be51-6fde-4cde-b1db-b102a5f67300,18,2,16,1,0,1769408500,2026-01-26 01:24:16
66dcc047-0aca-11e7-82f6-3863bb44ef7c,3,0,3,18,0,1769408500,2026-01-26 01:24:16
1843486464469891376,2,2,0,16,0,1769408498,2026-01-26 01:24:16
66dd4b91-0aca-11e7-82f6-3863bb44ef7c,30,18,12,9,0,1769408499,2026-01-26 01:24:16
1860187181307969634,19,1,18,2,0,1769408499,2026-01-26 01:24:16
e34bb92f-6911-449a-999b-5bc80e0322fe,2,1,1,15,0,1769408499,2026-01-26 01:24:16
66dbbc4a-0aca-11e7-82f6-3863bb44ef7c,21,7,14,3,0,1769408499,2026-01-26 01:24:16
956e9f8d-d23a-4a0e-bf28-84180e818af7,3,2,1,23,0,1769408499,2026-01-26 01:24:16
1e83ffdc-8e72-45c0-8210-4f37e60505c9,7,0,7,25,0,1769408500,2026-01-26 01:24:16
2098714441479661752,4,2,2,11,0,1769408426,2026-01-26 01:24:16
b506be9e-45d3-43d1-a262-27d8fa91e974,0,0,0,20,0,1769366618,2026-01-26 01:24:16
66db69d0-0aca-11e7-82f6-3863bb44ef7c,24,14,10,9,0,1769408460,2026-01-26 01:24:16
5db1fefa-0f10-4c58-a7ce-113f3164ced8,13,5,8,2,0,1769408461,2026-01-26 01:24:16
96878d29-481d-48dc-bcdc-a5f1ce88c76d,10,1,9,8,0,1769408459,2026-01-26 01:24:16
3c8847a6-c12a-40fd-9b22-4582ac1a0d9d,22,20,2,1,0,1769408458,2026-01-26 01:24:16
7bdd60e9-c0fd-40f6-aa9a-d5fa004d4fe3,17,2,15,3,0,1769408458,2026-01-26 01:24:16
002e6e9f-ced2-47b0-bc7e-ccf38c3b4b0f,4,0,4,14,0,1769408462,2026-01-26 01:24:16
66db2afe-0aca-11e7-82f6-3863bb44ef7c,0,0,0,0,0,1769366833,2026-01-26 01:24:16
f15ccc6e-5a7c-46e7-b505-0bfc9cae3d83,7,3,4,22,0,1769408466,2026-01-26 01:24:16
66dc192f-0aca-11e7-82f6-3863bb44ef7c,11,0,11,11,0,1769408467,2026-01-26 01:24:16
3e9e50cc-f336-439f-bd0b-dec5499c038d,35,32,3,10,0,1769408467,2026-01-26 01:24:16
66dd2208-0aca-11e7-82f6-3863bb44ef7c,17,4,13,23,0,1769408467,2026-01-26 01:24:16
dad3b7df-ec40-4d54-bfdb-5e82be84d742,21,21,0,0,0,1769408466,2026-01-26 01:24:16
bb32aad7-8308-4ff8-b073-d5b518ffdd09,7,7,0,29,0,1769408467,2026-01-26 01:24:16
66db7a71-0aca-11e7-82f6-3863bb44ef7c,4,4,0,35,0,1769408463,2026-01-26 01:24:16
66db2db5-0aca-11e7-82f6-3863bb44ef7c,43,1,42,11,0,1769408464,2026-01-26 01:24:16
d8673258-9513-4ed2-86bf-bef62e7e4e30,4,3,1,10,0,1769408464,2026-01-26 01:24:16
66dcfaf6-0aca-11e7-82f6-3863bb44ef7c,11,0,11,7,0,1769408482,2026-01-26 01:24:16
66de8a86-0aca-11e7-82f6-3863bb44ef7c,7,2,5,52,0,1769408482,2026-01-26 01:24:16
afc79a38-e26d-48f7-94e4-d0aca8fd1c49,1,0,1,15,0,1769408480,2026-01-26 01:24:16
787fe4b2-6029-4f71-917e-892479d8d64e,5,0,5,13,0,1769408480,2026-01-26 01:24:16
1860190006584693708,3,1,2,13,0,1769408483,2026-01-26 01:24:16
1838070776953752336,4,3,1,18,0,1769408483,2026-01-26 01:24:16
2123940148896639644,5,3,2,1,0,1769408484,2026-01-26 01:24:16
0dc63044-e19c-474d-9df1-c3e504d03b07,13,6,7,35,0,1769408484,2026-01-26 01:24:16
1786696384892428996,5,4,1,16,0,1769408484,2026-01-26 01:24:16
e4645d0d-8b76-4c46-b2b9-be25592e0659,6,3,3,15,0,1769408482,2026-01-26 01:24:16
1938139112487078732,14,12,2,18,0,1769408480,2026-01-26 01:24:16
bc346753-b68a-4cb3-b93f-b0be68227eae,2,1,1,19,0,1769408470,2026-01-26 01:24:16
fe93b3ae-1d86-4ee9-9eb6-9e11808966aa,0,0,0,20,0,1769408470,2026-01-26 01:24:16
1828966363527611286,14,0,14,2,0,1769408468,2026-01-26 01:24:16
1875433315773395778,7,3,4,23,0,1769408468,2026-01-26 01:24:16
66de2b97-0aca-11e7-82f6-3863bb44ef7c,27,27,0,12,0,1769408469,2026-01-26 01:24:16
c2800791-1911-4f2b-8fc7-bed280c557c0,35,26,9,7,0,1769408473,2026-01-26 01:24:16
66de482a-0aca-11e7-82f6-3863bb44ef7c,12,8,4,4,0,1769408473,2026-01-26 01:24:16
04d557d6-6bc3-4244-b0f1-81ed1449ccd6,16,13,3,0,0,1769408473,2026-01-26 01:24:16
550153a5-2ea1-4c76-b1cd-77667005f55d,16,2,14,10,0,1769408468,2026-01-26 01:24:16
3863f086-ae35-4d0e-8c91-2b6e3e5827a1,13,3,10,23,0,1769408468,2026-01-26 01:24:16
062ffe5a-aa91-412d-8210-23d562c7e7f8,2,2,0,17,0,1769408468,2026-01-26 01:24:16
55f6b830-e43e-4227-bfc7-683465236d94,18,2,16,28,0,1769408469,2026-01-26 01:24:16
43f3d3c7-46b0-4812-879d-15afe8804c5f,24,12,12,0,0,1769408472,2026-01-26 01:24:16
085da8d4-9465-46f0-82d1-10c9c9177d64,1,0,1,17,0,1769408473,2026-01-26 01:24:16
1814900632709495794,16,1,15,4,0,1769408470,2026-01-26 01:24:16
18fcd2c1-dc8b-4a52-9f18-e9b9003bbea5,28,26,2,23,0,1769408470,2026-01-26 01:24:16
668ef22c-4665-4f42-bf6a-ab9e8a2899b1,4,2,2,22,0,1769408471,2026-01-26 01:24:16
e8a6c13b-1f6e-4e6b-bdf8-9b0e597e4a62,24,11,13,12,0,1769408487,2026-01-26 01:24:16
2b54cb2c-31be-4620-a13c-0fa72b58c90a,18,18,0,8,0,1769408488,2026-01-26 01:24:16
47bcbcc1-9241-4e65-99f1-07c15543be1b,9,3,6,18,0,1769408488,2026-01-26 01:24:16
bd1760ad-3af3-4ede-9bd7-c8fbf46d7192,3,0,3,16,0,1769408488,2026-01-26 01:24:16
e2b28abd-07a4-4552-ad17-abf155aff28a,6,6,0,17,0,1769408486,2026-01-26 01:24:16
d9ec5589-c872-46f2-88cd-e54f9c596721,7,1,6,13,0,1769408487,2026-01-26 01:24:16
c809158b-ca8f-4a77-a800-8ee9d287c056,2,1,1,16,0,1769408486,2026-01-26 01:24:16
66db44e5-0aca-11e7-82f6-3863bb44ef7c,12,3,9,26,0,1769408486,2026-01-26 01:24:16
e8df73bd-5d3d-47c9-b04d-bcec4db5540f,42,7,35,21,0,1769408489,2026-01-26 01:24:16
1828965671716082498,13,3,10,5,0,1769408490,2026-01-26 01:24:16
4dcff9e7-7cb6-4d3d-ad67-c2e4c05933d3,6,0,6,15,0,1769408489,2026-01-26 01:24:16
6a9b19e3-cd69-4e0c-9b28-1889db936c7c,2,0,2,16,0,1769408490,2026-01-26 01:24:16
dc8223ad-4108-40a8-9ff5-35e8490b4077,0,0,0,0,0,86400,2026-01-26 01:24:16
2004153375425087884,0,0,0,0,0,86400,2026-01-26 01:24:16
2171902770580328596,0,0,0,0,0,86400,2026-01-26 01:24:16
2171902875345687974,0,0,0,0,0,86400,2026-01-26 01:24:16
2171904090179944948,0,0,0,0,0,86400,2026-01-26 01:24:16
2177013822218302292,0,0,0,0,0,86400,2026-01-26 01:24:16
2177013981286744096,0,0,0,0,0,86400,2026-01-26 01:24:16
2177017749848514898,0,0,0,0,0,86400,2026-01-26 01:24:16
2177016343889563330,0,0,0,0,0,86400,2026-01-26 01:24:16
2177016064191230822,0,0,0,0,0,86400,2026-01-26 01:24:16
66dc7a7d-0aca-11e7-82f6-3863bb44ef7c,0,0,0,0,0,1760532172,2026-01-26 01:24:16
66db473c-0aca-11e7-82f6-3863bb44ef7c,0,0,0,3,0,1768246235,2026-01-26 01:24:16
53e30d38-a110-42b4-a8f9-ca801a847ac7,0,0,0,3,0,1769347731,2026-01-26 01:24:16
9a52fbc1-d87a-4a65-941d-12fd55dbcdde,17,1,16,1,0,1769367207,2026-01-26 01:24:16
66dbc60f-0aca-11e7-82f6-3863bb44ef7c,6,5,1,0,0,1769408388,2026-01-26 01:24:16
66dbb869-0aca-11e7-82f6-3863bb44ef7c,6,2,4,13,0,1769408514,2026-01-26 01:24:16
1840540966407039246,17,0,17,2,0,1769408514,2026-01-26 01:24:16
4c3b6e25-b0c2-4a3f-b07e-cd60cd1b0ac0,0,0,0,17,0,1769408514,2026-01-26 01:24:16
2127386446510160022,0,0,0,18,0,1769408514,2026-01-26 01:24:16
c066c90a-efb1-4f8b-aa15-38ba4edd4ebc,13,2,11,7,0,1769408515,2026-01-26 01:24:16
1845676816555735590,11,1,10,11,0,1769408515,2026-01-26 01:24:16
2124037775602344266,3,0,3,10,0,1769408515,2026-01-26 01:24:16
1848242216849312578,10,2,8,8,0,1769408515,2026-01-26 01:24:16
a1acdab2-29c7-4956-8b2e-24b39dc2ff13,23,7,16,36,0,1769408516,2026-01-26 01:24:16
122111c9-9a61-4372-a756-fb2495611cb6,10,6,4,8,0,1769408515,2026-01-26 01:24:16
d34f2271-10ee-40c3-a93a-09df58860512,6,5,1,11,0,1769408516,2026-01-26 01:24:16
d7d297fd-36dc-42f2-8e3b-24b1003be874,15,7,8,1,0,1769408516,2026-01-26 01:24:16
66dde197-0aca-11e7-82f6-3863bb44ef7c,10,10,0,29,0,1769408517,2026-01-26 01:24:16
66db34fc-0aca-11e7-82f6-3863bb44ef7c,2,0,2,29,0,1769408517,2026-01-26 01:24:16
9c1c3499-1b11-471f-b59a-87d9e27e15c5,21,3,18,1,0,1769408517,2026-01-26 01:24:16
66dd546c-0aca-11e7-82f6-3863bb44ef7c,12,3,9,10,0,1769408517,2026-01-26 01:24:16
1954806962718223342,37,24,13,1,0,1769408518,2026-01-26 01:24:16
c3d5f47f-cfc3-4c1f-86bb-bcf770d2949b,20,6,14,3,0,1769408518,2026-01-26 01:24:16
66dda55f-0aca-11e7-82f6-3863bb44ef7c,14,9,5,17,0,1769408521,2026-01-26 01:24:16
1861682444178541220,21,1,20,4,0,1769408522,2026-01-26 01:24:16
bbb48e80-7d2f-4b3c-bb8c-591bc931945a,14,5,9,5,0,1769408522,2026-01-26 01:24:16
e780c290-0c52-4ab1-9719-a581be789df3,6,4,2,12,0,1769408522,2026-01-26 01:24:16
1815968147129520346,1,1,0,19,0,1769408519,2026-01-26 01:24:16
5780ae63-54e5-48e3-a00c-9c403cb75401,9,0,9,11,0,1769408519,2026-01-26 01:24:16
66db3273-0aca-11e7-82f6-3863bb44ef7c,42,36,6,4,0,1769408519,2026-01-26 01:24:16
66dc21d4-0aca-11e7-82f6-3863bb44ef7c,2,2,0,45,0,1769408519,2026-01-26 01:24:16
2c321ea3-e1dd-4d32-be70-bd158fe1f568,20,3,17,59,0,1769408520,2026-01-26 01:24:16
66dde845-0aca-11e7-82f6-3863bb44ef7c,26,24,2,11,0,1769408520,2026-01-26 01:24:16
7a725e59-49be-4c1d-9c3d-3b3a8ed1232f,8,8,0,12,0,1769408520,2026-01-26 01:24:16
2026068766494475116,15,14,1,21,0,1769408519,2026-01-26 01:24:16
1851999409149780880,15,4,11,7,0,1769408518,2026-01-26 01:24:16
341730d7-a61d-499d-8c07-fa015f644e54,56,45,11,28,0,1769408518,2026-01-26 01:24:16
9a40cb60-6ede-4c9e-9d64-dc55cae57f31,5,2,3,20,0,1769408526,2026-01-26 01:24:16
a4bb6fac-b795-4aa7-a266-613419019290,2,1,1,16,0,1769408526,2026-01-26 01:24:16
1860189813948384088,20,12,8,1,0,1769408526,2026-01-26 01:24:16
dfad8e49-7e1b-4376-90b4-7a449319f294,1,1,0,20,0,1769408525,2026-01-26 01:24:16
66dcc30b-0aca-11e7-82f6-3863bb44ef7c,6,0,6,11,0,1769408525,2026-01-26 01:24:16
66dc4599-0aca-11e7-82f6-3863bb44ef7c,15,10,5,9,0,1769408525,2026-01-26 01:24:16
94f77501-32e5-4539-90c6-82d4198f7991,11,8,3,8,0,1769408524,2026-01-26 01:24:16
35a5b4d6-2d90-4b60-b68b-03bb60fb1afc,3,3,0,16,0,1769408524,2026-01-26 01:24:16
61bc2467-aa8c-4386-ba9e-3f01120bd6b8,16,5,11,6,0,1769408524,2026-01-26 01:24:16
1e6c5d0c-f406-4b60-88f6-6284a38d3930,2,0,2,15,0,1769408524,2026-01-26 01:24:16
88e64257-298c-4b8d-8886-77b9b66dcec1,10,4,6,41,0,1769408524,2026-01-26 01:24:16
1836581807397045112,3,1,2,20,0,1769408522,2026-01-26 01:24:16
a58ff2e3-a5ae-4070-a26d-ddfe8cc6fc58,19,15,4,1,0,1769408527,2026-01-26 01:24:16
a8560d28-9ee1-4af4-9180-7e9c4dd0d147,13,4,9,4,0,1769408527,2026-01-26 01:24:16
1b22c037-207d-454a-90aa-8f22d0a8a7e3,14,1,13,7,0,1769408528,2026-01-26 01:24:16
96a0b676-e966-4d96-b04b-ceb8149cedcd,4,3,1,17,0,1769408527,2026-01-26 01:24:16
66dea6e1-0aca-11e7-82f6-3863bb44ef7c,6,4,2,59,0,1769408531,2026-01-26 01:24:16
dc34ba4c-d8e5-4674-a02e-210c950c05c1,4,3,1,20,0,1769408530,2026-01-26 01:24:16
2576805f-9732-4c74-8f1d-57715e8cdfa2,10,4,6,18,0,1769408531,2026-01-26 01:24:16
1836581534415880440,1,0,1,25,0,1769408531,2026-01-26 01:24:16
1817432104157364846,17,1,16,1,0,1769408531,2026-01-26 01:24:16
66dc2238-0aca-11e7-82f6-3863bb44ef7c,25,21,4,52,0,1769408531,2026-01-26 01:24:16
66db3606-0aca-11e7-82f6-3863bb44ef7c,14,9,5,44,0,1769408532,2026-01-26 01:24:16
3d339282-d5c7-41ec-b634-6a988aefd440,3,1,2,14,0,1769408532,2026-01-26 01:24:16
582cd775-0178-47f5-b707-6d5869f077ba,13,2,11,15,0,1769408532,2026-01-26 01:24:16
3c6c0d12-80dd-4c49-b7c5-e3549588b8cf,9,1,8,15,0,1769408533,2026-01-26 01:24:16
26176e86-8362-4c91-a693-6aa3f9ce0b73,5,3,2,12,0,1769408528,2026-01-26 01:24:16
1064b4b0-e9c8-4139-ac48-f118305dbe69,5,3,2,17,0,1769408528,2026-01-26 01:24:16
bbaae5d3-7e2b-46a8-872e-152404c664f7,20,1,19,6,0,1769408528,2026-01-26 01:24:16
2366d8a4-7a49-42f3-9afe-efd2b200336b,8,8,0,13,0,1769408528,2026-01-26 01:24:16
db29242d-6ff3-4e22-85fe-45fa3d03ec39,1,1,0,18,0,1769408528,2026-01-26 01:24:16
d7904cd0-4b1b-47d0-8103-937bcf5ff845,11,5,6,2,0,1769408528,2026-01-26 01:24:16
66dd1846-0aca-11e7-82f6-3863bb44ef7c,42,20,22,5,0,1769408528,2026-01-26 01:24:16
e3e6105e-eaa2-43c5-badb-fb8592ad7227,12,10,2,11,0,1769408528,2026-01-26 01:24:16
b9d3134b-697f-4a0f-b90f-d95f6c69ffda,5,1,4,13,0,1769408528,2026-01-26 01:24:16
45e8c326-b12d-4be6-b040-bb6de9986d25,18,5,13,0,0,1769408528,2026-01-26 01:24:16
2144768975813378884,2,2,0,17,0,1769408529,2026-01-26 01:24:16
328d778a-7e71-4240-acae-b84f0fdaa5c5,4,2,2,21,0,1769408528,2026-01-26 01:24:16
90c35466-db3c-4b0d-993e-6e92883773b4,43,27,16,22,0,1769408529,2026-01-26 01:24:16
b55f9b55-7fa7-4f0f-9732-78cbe07452e1,9,1,8,19,0,1769408529,2026-01-26 01:24:16
42032bf9-4599-4035-bc01-c80bec1a7122,2,1,1,17,0,1769408529,2026-01-26 01:24:16
344b52b0-73a9-4fe3-9132-23d0502dc0ae,10,6,4,11,0,1769408529,2026-01-26 01:24:16
1835247196073118026,9,1,8,7,0,1769408529,2026-01-26 01:24:16
2124382079594320876,5,1,4,7,0,1769408529,2026-01-26 01:24:16
be2bdee1-e3e9-45cc-94f0-2ba81a722ba3,7,4,3,9,0,1769408529,2026-01-26 01:24:16
66de867e-0aca-11e7-82f6-3863bb44ef7c,1,1,0,33,0,1769408530,2026-01-26 01:24:16
1828967830172187422,0,0,0,26,0,1769408530,2026-01-26 01:24:16
d3f51f51-7e51-4c75-8600-d76916608707,8,1,7,18,0,1769408530,2026-01-26 01:24:16
62089e99-7f73-4f59-816d-57f9793484a1,12,1,11,7,0,1769408530,2026-01-26 01:24:16
7603028c-8b04-4918-8a25-a087ce57aea4,14,0,14,18,0,1769408530,2026-01-26 01:24:16
0b94cc1e-2327-4679-99d9-3b21ddc02051,22,9,13,7,0,1769408530,2026-01-26 01:24:16
be8e6f1c-e8b5-40bd-896d-423052ba3bbc,3,3,0,13,0,1769408530,2026-01-26 01:24:16
2126579471787670468,8,1,7,10,0,1769408536,2026-01-26 01:24:16
b94d0241-bce7-44a9-ab1c-ece0740a4134,10,5,5,8,0,1769408535,2026-01-26 01:24:16
2743a950-3a1f-4a58-8fe0-f4105033e0e3,7,6,1,13,0,1769408535,2026-01-26 01:24:16
623c9658-5544-4254-847e-738763cf45a3,6,2,4,13,0,1769408536,2026-01-26 01:24:16
ebfafca3-5818-4e6f-8374-98f44a0ca0c6,2,2,0,23,0,1769408536,2026-01-26 01:24:16
79c4a612-a5df-4814-9e6b-6305da61ebc4,18,0,18,0,0,1769408537,2026-01-26 01:24:16
61647ec6-dfd6-4d1c-8800-d488d390c627,25,14,11,9,0,1769408536,2026-01-26 01:24:16
66de08c9-0aca-11e7-82f6-3863bb44ef7c,8,1,7,12,0,1769408537,2026-01-26 01:24:16
2687f2e1-3529-464d-82eb-e4f61440c563,0,0,0,15,0,1769408537,2026-01-26 01:24:16
4d79bdb9-7c35-4d35-9f6e-3c1b849c453a,11,9,2,32,0,1769408537,2026-01-26 01:24:16
1786375069262703476,20,8,12,9,0,1769408537,2026-01-26 01:24:16
74feba30-26a5-4949-b3a0-d6e13ba1a20c,4,0,4,15,0,1769408537,2026-01-26 01:24:16
66ddeffd-0aca-11e7-82f6-3863bb44ef7c,9,4,5,10,0,1769408538,2026-01-26 01:24:16
66dcbbfe-0aca-11e7-82f6-3863bb44ef7c,5,3,2,10,0,1769408538,2026-01-26 01:24:16
66dd039b-0aca-11e7-82f6-3863bb44ef7c,18,17,1,10,0,1769408538,2026-01-26 01:24:16
1947367330341251364,2,1,1,19,0,1769408540,2026-01-26 01:24:16
387e2863-83ad-4589-8004-794a7b624801,10,4,6,7,0,1769408540,2026-01-26 01:24:16
7a8b474b-7577-4316-a192-d57576d194a3,10,6,4,10,0,1769408540,2026-01-26 01:24:16
66dcac42-0aca-11e7-82f6-3863bb44ef7c,38,4,34,13,0,1769408540,2026-01-26 01:24:16
38bb1218-0a9e-41d9-b2ef-25c8626dac29,14,0,14,6,0,1769408534,2026-01-26 01:24:16
844c68cc-19f0-474a-86d3-4af170117aae,13,13,0,8,0,1769408534,2026-01-26 01:24:16
66de5095-0aca-11e7-82f6-3863bb44ef7c,4,2,2,14,0,1769408534,2026-01-26 01:24:16
66ddede1-0aca-11e7-82f6-3863bb44ef7c,23,20,3,4,0,1769408534,2026-01-26 01:24:16
ca4795a2-6ab3-4597-bf59-f0155ac1637c,31,3,28,37,0,1769408539,2026-01-26 01:24:16
0e003543-3656-448f-8a93-029d265f2e26,19,4,15,14,0,1769408539,2026-01-26 01:24:16
1318e05a-2506-43c6-b49d-4c1f7f69a267,11,9,2,4,0,1769408539,2026-01-26 01:24:16
1d167807-0aa8-413a-b7a0-01c2ca8a6a60,15,4,11,2,0,1769408535,2026-01-26 01:24:16
eafa19ed-88c2-4efc-bd73-3961f85b6063,25,23,2,16,0,1769408544,2026-01-26 01:24:16
85b77b8d-32b8-4049-a407-64319916e2c5,0,0,0,18,0,1769408544,2026-01-26 01:24:16
66dc1beb-0aca-11e7-82f6-3863bb44ef7c,44,25,19,61,0,1769408544,2026-01-26 01:24:16
141eb0e0-e78d-411a-a0be-202a6424cc93,14,0,14,10,0,1769408544,2026-01-26 01:24:16
8ea09819-cd88-4732-b047-c0549f0b370f,21,13,8,8,0,1769408545,2026-01-26 01:24:16
66dde914-0aca-11e7-82f6-3863bb44ef7c,16,8,8,19,0,1769408545,2026-01-26 01:24:16
b516fedb-3ced-4683-8c17-7e5f6dadf04d,17,1,16,14,0,1769408545,2026-01-26 01:24:16
66dcc5ca-0aca-11e7-82f6-3863bb44ef7c,0,0,0,0,0,1769408545,2026-01-26 01:24:16
8d097a6d-f17c-4195-9dd4-42527b371c71,40,39,1,21,0,1769408545,2026-01-26 01:24:16
594b4656-9d83-4301-8967-3b92c126531c,12,7,5,9,0,1769408545,2026-01-26 01:24:16
c0c6a931-c1d3-4202-a433-c4127a4cd846,0,0,0,19,0,1769408546,2026-01-26 01:24:16
1880644160834607498,19,12,7,3,0,1769408546,2026-01-26 01:24:16
ad41e353-033e-484f-8d76-78014e11e9d7,2,1,1,15,0,1769408546,2026-01-26 01:24:16
284b08f2-3d26-4f52-9463-25e4a07c16f7,13,2,11,12,0,1769408546,2026-01-26 01:24:16
d33261e6-600e-4756-ad03-a9facbd8ace1,12,2,10,7,0,1769408542,2026-01-26 01:24:16
1869753812884512816,2,1,1,18,0,1769408542,2026-01-26 01:24:16
45865207-8700-4ef2-99ed-b08889ef0250,10,1,9,9,0,1769408542,2026-01-26 01:24:16
a0eec052-257a-4c79-8171-6e2ad9864ad0,24,10,14,5,0,1769408542,2026-01-26 01:24:16
1786697003367719132,30,27,3,6,0,1769408541,2026-01-26 01:24:16
1861271680294357158,8,0,8,13,0,1769408541,2026-01-26 01:24:16
15cb007b-bfca-4ad7-bfc6-44bf3d36785a,25,0,25,3,0,1769408543,2026-01-26 01:24:16
66dce567-0aca-11e7-82f6-3863bb44ef7c,5,0,5,15,0,1769408543,2026-01-26 01:24:16
66dc4b4c-0aca-11e7-82f6-3863bb44ef7c,17,14,3,39,0,1769408543,2026-01-26 01:24:16
66db402c-0aca-11e7-82f6-3863bb44ef7c,64,28,36,20,0,1769408544,2026-01-26 01:24:16
66dcbe7c-0aca-11e7-82f6-3863bb44ef7c,9,4,5,9,0,1769408547,2026-01-26 01:24:16
4034789e-b70d-4aae-bf18-3ed37a4d751f,11,2,9,8,0,1769408548,2026-01-26 01:24:16
1861681121800951962,19,9,10,4,0,1769408548,2026-01-26 01:24:16
b4063b76-1abd-465c-96a4-45f6ee016bc5,4,3,1,11,0,1769408546,2026-01-26 01:24:16
cc758f1a-8b28-4ff5-bc75-fbe62c453378,6,0,6,14,0,1769408547,2026-01-26 01:24:16
1851674145014649512,8,3,5,15,0,1769408541,2026-01-26 01:24:16
285ad3c2-3ffe-45bb-8765-9c20a69641a6,6,0,6,8,0,1769408549,2026-01-26 01:24:16
203d7b9a-8666-4af1-81c7-f9fc36aa0952,1,1,0,17,0,1769408549,2026-01-26 01:24:16
0109f17a-2378-4500-9648-88bdb31ec612,30,2,28,2,0,1769408549,2026-01-26 01:24:16
f001fac9-5f19-451e-a752-afde574a8c81,0,0,0,15,0,1769408549,2026-01-26 01:24:16
66ddee56-0aca-11e7-82f6-3863bb44ef7c,12,9,3,6,0,1769408549,2026-01-26 01:24:16
cd118a8f-a7d1-4b7a-a6d3-d9e875cb29df,18,14,4,6,0,1769408550,2026-01-26 01:24:16
fa14408f-6e88-4668-86ee-ce10ea707f36,56,16,40,13,0,1769408550,2026-01-26 01:24:16
1828967027013302842,6,0,6,11,0,1769408550,2026-01-26 01:24:16
d3433b47-99a7-4b21-9fa7-d7052bb5c23b,2,2,0,15,0,1769408548,2026-01-26 01:24:16
9d95a4a9-bcfe-4189-bb7d-abd9992ecbaf,5,0,5,10,0,1769408548,2026-01-26 01:24:16
66dd448f-0aca-11e7-82f6-3863bb44ef7c,23,23,0,20,0,1769408548,2026-01-26 01:24:16
66dd2811-0aca-11e7-82f6-3863bb44ef7c,3,0,3,39,0,1769408550,2026-01-26 01:24:16
78b4aa30-e4e9-4447-9419-c89f8527892e,5,4,1,14,0,1769408550,2026-01-26 01:24:16
1d130e43-0408-4423-bb52-77a08372cefa,3,1,2,24,0,1769408550,2026-01-26 01:24:16
0f536c08-dde3-40af-a66d-1fe1e7edecd2,3,1,2,17,0,1769408551,2026-01-26 01:24:16
36edabac-a0c2-471b-abaf-73fdb53a4e5f,4,2,2,15,0,1769408551,2026-01-26 01:24:16
1869439561831725810,12,12,0,11,0,1769408550,2026-01-26 01:24:16
2f656bc4-7743-4326-8330-a22bd41d9d17,15,1,14,19,0,1769408551,2026-01-26 01:24:16
1860188194745712748,16,1,15,5,0,1769408551,2026-01-26 01:24:16
66dde8ac-0aca-11e7-82f6-3863bb44ef7c,3,2,1,34,0,1769408551,2026-01-26 01:24:16
df243d7f-e6ae-435c-9895-aecbcff9cada,23,15,8,5,0,1769408552,2026-01-26 01:24:16
59ad8f95-32a4-43de-b1c3-79c667b2d2df,1,1,0,26,0,1769408552,2026-01-26 01:24:16
66de2a00-0aca-11e7-82f6-3863bb44ef7c,19,4,15,11,0,1769408553,2026-01-26 01:24:16
fda0c217-9504-4b26-8a25-e40b603ee5fa,1,1,0,15,0,1769408553,2026-01-26 01:24:16
901cab1a-a77e-424e-b602-16883e792f93,1,0,1,18,0,1769408553,2026-01-26 01:24:16
f4f9a09c-010c-430c-a766-3390c44b4962,2,2,0,14,0,1769408554,2026-01-26 01:24:16
de6f4206-3aa9-4cb9-aae0-8547d2cd6854,20,1,19,0,0,1769408554,2026-01-26 01:24:16
1796642668661690940,16,0,16,3,0,1769408553,2026-01-26 01:24:16
83d1ff16-ba56-4eae-aa6a-b37b6439db82,3,1,2,26,0,1769408554,2026-01-26 01:24:16
f3c68cfb-52fd-48c8-b6e5-85c179fee0b3,8,2,6,13,0,1769408553,2026-01-26 01:24:16
66de10a8-0aca-11e7-82f6-3863bb44ef7c,18,5,13,10,0,1769408549,2026-01-26 01:24:16
db41cc62-86ea-4421-bfaf-9b6511cfee10,2,2,0,28,0,1769408554,2026-01-26 01:24:16
6076e321-85d8-4e0e-ae18-86bb8cbbda1b,15,0,15,2,0,1769408554,2026-01-26 01:24:16
66dea894-0aca-11e7-82f6-3863bb44ef7c,44,28,16,1,0,1769408555,2026-01-26 01:24:16
44a80c48-c1a9-4ff1-92eb-6bf8be492f5e,13,10,3,7,0,1769408554,2026-01-26 01:24:16
1899178885660253096,24,20,4,0,0,1769408555,2026-01-26 01:24:16
66dbe7b6-0aca-11e7-82f6-3863bb44ef7c,9,9,0,19,0,1769408555,2026-01-26 01:24:16
c0e0e578-8ce8-4c9d-be47-b902d8a41050,2,1,1,16,0,1769408555,2026-01-26 01:24:16
66de099d-0aca-11e7-82f6-3863bb44ef7c,5,1,4,31,0,1769408557,2026-01-26 01:24:16
66db63f4-0aca-11e7-82f6-3863bb44ef7c,3,1,2,12,0,1769408557,2026-01-26 01:24:16
625711ba-3b5d-46a7-a8f9-7f4eb17ec1be,7,3,4,16,0,1769408558,2026-01-26 01:24:16
632b140c-65de-4f50-9cc2-c001ae011aea,15,6,9,44,0,1769408558,2026-01-26 01:24:16
1932126716328112534,20,1,19,3,0,1769408556,2026-01-26 01:24:16
66dd0808-0aca-11e7-82f6-3863bb44ef7c,11,2,9,14,0,1769408556,2026-01-26 01:24:16
66ddd369-0aca-11e7-82f6-3863bb44ef7c,54,43,11,10,0,1769408557,2026-01-26 01:24:16
66dea674-0aca-11e7-82f6-3863bb44ef7c,11,0,11,10,0,1769408557,2026-01-26 01:24:16
66de4594-0aca-11e7-82f6-3863bb44ef7c,17,6,11,6,0,1769408557,2026-01-26 01:24:16
1846086138339179502,13,7,6,5,0,1769408557,2026-01-26 01:24:16
547cdccc-7864-4898-97c9-8798d924ef54,50,39,11,15,0,1769408556,2026-01-26 01:24:16
66db40ef-0aca-11e7-82f6-3863bb44ef7c,42,25,17,10,0,1769408556,2026-01-26 01:24:16
5c3c345d-1975-400d-a9d8-18815816886e,31,31,0,22,0,1769408556,2026-01-26 01:24:16
66dc259a-0aca-11e7-82f6-3863bb44ef7c,12,4,8,68,0,1769408559,2026-01-26 01:24:16
40fd82d6-c0e9-4876-adfb-816140ecfc39,4,3,1,13,0,1769408559,2026-01-26 01:24:16
66db2fd0-0aca-11e7-82f6-3863bb44ef7c,18,6,12,13,0,1769408559,2026-01-26 01:24:16
1b985e4b-88de-42a8-95be-dce37dbbc5c5,13,5,8,10,0,1769408559,2026-01-26 01:24:16
1861682702044957494,5,4,1,13,0,1769408556,2026-01-26 01:24:16
cac843c2-8b21-47bb-a3b9-712f95d7f7aa,15,4,11,1,0,1769408559,2026-01-26 01:24:16
647a2a80-9630-41b0-9b91-1f464b0bf3cc,52,52,0,26,0,1769408558,2026-01-26 01:24:16
d6834194-029d-4e2d-83b0-ee78ab5acda2,10,1,9,5,0,1769408561,2026-01-26 01:24:16
648e09b6-95c2-40d3-9dac-a43f22eccf38,6,0,6,16,0,1769408561,2026-01-26 01:24:16
66db8d89-0aca-11e7-82f6-3863bb44ef7c,49,41,8,6,0,1769408561,2026-01-26 01:24:16
a2f71eea-05a2-4fe7-99ab-f74535c880ae,4,4,0,16,0,1769408561,2026-01-26 01:24:16
1828969515711812276,16,11,5,0,0,1769408562,2026-01-26 01:24:16
66dc7cc3-0aca-11e7-82f6-3863bb44ef7c,27,14,13,12,0,1769408562,2026-01-26 01:24:16
1834145330979754058,0,0,0,27,0,1769408562,2026-01-26 01:24:16
b608193c-46ae-4b61-9e7a-4671e7c3b96e,3,0,3,14,0,1769408562,2026-01-26 01:24:16
993fc83f-52c6-43f4-bb49-4abe4ad48150,0,0,0,20,0,1769408562,2026-01-26 01:24:16
66dea596-0aca-11e7-82f6-3863bb44ef7c,11,4,7,12,0,1769408562,2026-01-26 01:24:16
1869753195262578852,5,1,4,12,0,1769408562,2026-01-26 01:24:16
e0b80983-c520-47e3-9c8d-a17fff5e5582,16,2,14,2,0,1769408565,2026-01-26 01:24:16
c63e9937-cadb-4813-aee3-5fd3fcc93767,1,0,1,18,0,1769408565,2026-01-26 01:24:16
d7bdc3d7-6e6d-4899-9cc7-f4238a86c695,1,0,1,22,0,1769408566,2026-01-26 01:24:16
3eed817a-63e5-424b-8ed3-c809db5488f7,49,18,31,0,0,1769408566,2026-01-26 01:24:16
ecc52c52-e2d9-4e73-8f9c-18ad8e9b0606,3,0,3,19,0,1769408560,2026-01-26 01:24:16
821b19c1-ab13-4482-9580-770288a377a7,4,2,2,37,0,1769408560,2026-01-26 01:24:16
59e3766c-0629-4ff1-a1d9-bc0514a55487,9,4,5,13,0,1769408560,2026-01-26 01:24:16
1885439359712500016,1,1,0,22,0,1769408562,2026-01-26 01:24:16
d1138533-504c-4d29-b71c-299e1d31f159,21,8,13,14,0,1769408563,2026-01-26 01:24:16
158e7752-27e2-4912-be0b-eb15405aa096,11,6,5,7,0,1769408563,2026-01-26 01:24:16
66db2d2b-0aca-11e7-82f6-3863bb44ef7c,24,22,2,24,0,1769408563,2026-01-26 01:24:16
9b70cbe2-25fc-42f8-b6e6-ac21ef248e4b,2,0,2,16,0,1769408563,2026-01-26 01:24:16
f91170e6-a33c-4870-94da-9d51510515d2,3,1,2,13,0,1769408564,2026-01-26 01:24:16
66dc1c5c-0aca-11e7-82f6-3863bb44ef7c,66,56,10,8,0,1769408564,2026-01-26 01:24:16
66dc41bb-0aca-11e7-82f6-3863bb44ef7c,22,15,7,30,0,1769408564,2026-01-26 01:24:16
66dbc551-0aca-11e7-82f6-3863bb44ef7c,32,20,12,22,0,1769408564,2026-01-26 01:24:16
66db64d1-0aca-11e7-82f6-3863bb44ef7c,10,0,10,10,0,1769408565,2026-01-26 01:24:16
66dded7a-0aca-11e7-82f6-3863bb44ef7c,5,2,3,23,0,1769408570,2026-01-26 01:24:16
66de0933-0aca-11e7-82f6-3863bb44ef7c,23,1,22,4,0,1769408570,2026-01-26 01:24:16
e5b2a7ce-d867-465b-8446-743e00617068,2,1,1,18,0,1769408570,2026-01-26 01:24:16
3c135a2e-eeea-4e81-9c0a-8d14a6049198,9,2,7,11,0,1769408571,2026-01-26 01:24:16
1815967159287043052,7,1,6,15,0,1769408569,2026-01-26 01:24:16
66dd491c-0aca-11e7-82f6-3863bb44ef7c,10,7,3,24,0,1769408569,2026-01-26 01:24:16
1828968794479100296,9,3,6,8,0,1769408569,2026-01-26 01:24:16
b62bcd96-c2db-447c-bdd5-d3c18f174858,8,0,8,9,0,1769408570,2026-01-26 01:24:16
e612122d-e0fd-4ebf-8d51-0f48f9d1b580,16,0,16,4,0,1769408570,2026-01-26 01:24:16
2104275164415193448,31,4,27,34,0,1769408570,2026-01-26 01:24:16
1903998756008763590,2,0,2,49,0,1769408570,2026-01-26 01:24:16
1838999521825487230,19,0,19,0,0,1769408570,2026-01-26 01:24:16
1869851741257474316,25,0,25,1,0,1769408568,2026-01-26 01:24:16
ad17bd9a-735b-4a11-8ad3-dc7800e342af,22,8,14,10,0,1769408568,2026-01-26 01:24:16
2126274308236524392,3,1,2,8,0,1769408568,2026-01-26 01:24:16
93c28953-7e65-436e-9c5a-9d7ca0e3729f,0,0,0,23,0,1769408569,2026-01-26 01:24:16
a3e2b360-f050-48ea-b8c8-57d897b8f7fc,5,5,0,12,0,1769408571,2026-01-26 01:24:16
e58234a3-5b23-427e-948f-c1e4571b2bfa,23,4,19,35,0,1769408572,2026-01-26 01:24:16
67f60e7e-397a-4e47-b7f9-d10bd67133b3,2,1,1,48,0,1769408572,2026-01-26 01:24:16
66dbe8d6-0aca-11e7-82f6-3863bb44ef7c,20,19,1,30,0,1769408566,2026-01-26 01:24:16
d7632897-a6eb-4f8f-9ab2-c66426620fbf,8,0,8,6,0,1769408566,2026-01-26 01:24:16
4b67c6e0-d603-4fbc-afbe-0b8952f4f7af,20,1,19,14,0,1769408566,2026-01-26 01:24:16
66dd1585-0aca-11e7-82f6-3863bb44ef7c,38,7,31,0,0,1769408567,2026-01-26 01:24:16
eb41a103-0196-4f19-a440-256167191a7d,1,1,0,15,0,1769408566,2026-01-26 01:24:16
4bbf50a9-47c2-4a32-97c2-1f6bc4f9d401,19,3,16,12,0,1769408567,2026-01-26 01:24:16
1815968026870435892,10,6,4,12,0,1769408568,2026-01-26 01:24:16
36b55a0f-e55d-4849-859a-09b3273fb782,12,1,11,8,0,1769408568,2026-01-26 01:24:16
d9ea5210-50b3-4342-9801-f896bd21f4a1,1,1,0,22,0,1769408567,2026-01-26 01:24:16
66dc0cc7-0aca-11e7-82f6-3863bb44ef7c,19,15,4,30,0,1769408567,2026-01-26 01:24:16
1854538169357726138,0,0,0,17,0,1769408572,2026-01-26 01:24:16
66db7637-0aca-11e7-82f6-3863bb44ef7c,15,1,14,26,0,1769408573,2026-01-26 01:24:16
cad68b8c-6d68-4c5f-88fe-b1aa3e40727a,8,0,8,13,0,1769408574,2026-01-26 01:24:16
1841240663447542046,13,13,0,6,0,1769408574,2026-01-26 01:24:16
66dd4b2b-0aca-11e7-82f6-3863bb44ef7c,33,28,5,14,0,1769408574,2026-01-26 01:24:16
55fda28d-56a8-4db2-b42a-072714f18471,16,1,15,1,0,1769408574,2026-01-26 01:24:16
66dc252e-0aca-11e7-82f6-3863bb44ef7c,27,3,24,7,0,1769408574,2026-01-26 01:24:16
1846085626867634660,1,1,0,17,0,1769408574,2026-01-26 01:24:16
4eb6d6a8-ecc1-4e89-a586-4f96ed3d83e1,1,1,0,25,0,1769408574,2026-01-26 01:24:16
66de5773-0aca-11e7-82f6-3863bb44ef7c,5,1,4,8,0,1769408575,2026-01-26 01:24:16
dd351a72-4241-4275-843d-0fffa8a1f414,3,2,1,20,0,1769408575,2026-01-26 01:24:16
a33a2d11-33a5-46ad-a086-5698ac17b7b4,29,11,18,0,0,1769408575,2026-01-26 01:24:16
9e5fd5b6-c5f2-4694-9406-a44b7d0146d9,25,20,5,11,0,1769408577,2026-01-26 01:24:16
66dc8b6a-0aca-11e7-82f6-3863bb44ef7c,49,6,42,3,0,1769408577,2026-01-26 01:24:16
361dd964-db79-47dd-b044-eac88c735249,0,0,0,18,0,1769408578,2026-01-26 01:24:16
8b1222da-612f-4482-ab34-9467c4ed28e3,8,2,6,13,0,1769408578,2026-01-26 01:24:16
66dcf0b3-0aca-11e7-82f6-3863bb44ef7c,16,11,5,9,0,1769408578,2026-01-26 01:24:16
23bc4d9b-1ec2-45fb-9228-e41517346b24,12,6,6,1,0,1769408577,2026-01-26 01:24:16
66dce5c9-0aca-11e7-82f6-3863bb44ef7c,9,0,9,8,0,1769408578,2026-01-26 01:24:16
66dbf4ac-0aca-11e7-82f6-3863bb44ef7c,9,3,6,32,0,1769408578,2026-01-26 01:24:16
1846085927885781554,7,0,7,12,0,1769408578,2026-01-26 01:24:16
724aeecc-8c91-4afc-b97c-72a98de452c9,0,0,0,17,0,1769408578,2026-01-26 01:24:16
aa8fc8b7-b66c-41d9-9885-30b8af599378,0,0,0,0,0,86400,2026-01-26 01:24:16
1906248765431831024,0,0,0,0,0,86400,2026-01-26 01:24:16
067d5007-bda5-4697-b0a2-ccc2837f295c,0,0,0,0,0,86400,2026-01-26 01:24:16
1954778813955578360,0,0,0,0,0,86400,2026-01-26 01:24:16
2171904301452603832,0,0,0,0,0,86400,2026-01-26 01:24:16
2124037384760320326,0,0,0,0,0,86400,2026-01-26 01:24:16
2177017859487560566,0,0,0,0,0,86400,2026-01-26 01:24:16
2177015913867375458,0,0,0,0,0,86400,2026-01-26 01:24:16
2176731427905421244,0,0,0,0,0,86400,2026-01-26 01:24:16
2177016650782707004,0,0,0,0,0,86400,2026-01-26 01:24:16
2177017052188360762,0,0,0,0,0,86400,2026-01-26 01:24:16
2177017636303913026,0,0,0,0,0,86400,2026-01-26 01:24:16
6bc5598a-9eb8-44d2-adc0-d93b93af1924,0,0,0,2,0,1769396147,2026-01-26 01:24:16
d55dd622-0ced-4e4d-9ea5-2ef2cb6481a9,0,0,0,27,0,1769357020,2026-01-26 01:24:16
66db3d2a-0aca-11e7-82f6-3863bb44ef7c,0,0,0,40,0,1769347727,2026-01-26 01:24:16
3bfc859b-5c5f-43bc-b2e7-b64ed8ea9ede,4,1,3,14,0,1769408338,2026-01-26 01:24:16
c1144380-c1ac-4315-9b1a-4b4e870ac688,0,0,0,9,0,1769391270,2026-01-26 01:24:16
d5ca6311-7471-480f-9c79-38baaafe34ba,0,0,0,24,0,1769372133,2026-01-26 01:24:16
1814900353536621062,14,2,12,11,0,1769408459,2026-01-26 01:24:16
9341ee1c-d456-4858-a451-70cbbd73d084,12,6,6,15,0,1769408459,2026-01-26 01:24:16
66db237e-0aca-11e7-82f6-3863bb44ef7c,5,2,3,48,0,1769408459,2026-01-26 01:24:16
9e3603ee-2b7d-4147-a7b5-48bbd778902c,29,26,3,30,0,1769408459,2026-01-26 01:24:16
9bd28b11-cf11-4938-abb2-dfa5ec800e32,24,1,23,1,0,1769408460,2026-01-26 01:24:16
de0c1800-f7cc-41b4-ab7a-c9d219180d06,22,6,16,40,0,1769408461,2026-01-26 01:24:16
89171660-8cef-443f-8f75-67503532d1ce,8,0,8,8,0,1769408461,2026-01-26 01:24:16
1989279523593928720,103,81,22,8,0,1769408463,2026-01-26 01:24:16
66de1448-0aca-11e7-82f6-3863bb44ef7c,11,5,6,14,0,1769408463,2026-01-26 01:24:16
30a75e12-5327-48f0-8155-3925aa934054,3,2,1,13,0,1769408465,2026-01-26 01:24:16
ad037fe2-4a28-4b55-863c-229aada0b43a,4,0,4,14,0,1769408466,2026-01-26 01:24:16
7e7d974c-a6ec-4d9a-b4ed-01a4d2056d8b,2,1,1,17,0,1769408464,2026-01-26 01:24:16
66db8c10-0aca-11e7-82f6-3863bb44ef7c,2,1,1,30,0,1769408464,2026-01-26 01:24:16
1822663143025657920,17,1,16,4,0,1769408464,2026-01-26 01:24:16
91ca68bd-5ac1-470b-a26d-1ec98ea9cca4,14,2,12,11,0,1769408465,2026-01-26 01:24:16
ab79da3d-f92a-42de-a76d-e05b5d7e724c,1,0,1,15,0,1769408465,2026-01-26 01:24:16
66db30e0-0aca-11e7-82f6-3863bb44ef7c,13,12,1,79,0,1769408487,2026-01-26 01:24:16
1828967717120678322,6,0,6,15,0,1769408487,2026-01-26 01:24:16
66dba0ba-0aca-11e7-82f6-3863bb44ef7c,11,3,8,30,0,1769408489,2026-01-26 01:24:16
ab5585c8-c2cf-4bab-96cf-d02eced4f6e3,8,8,0,38,0,1769408489,2026-01-26 01:24:16
66db3cab-0aca-11e7-82f6-3863bb44ef7c,10,3,7,16,0,1769408489,2026-01-26 01:24:16
66dd4981-0aca-11e7-82f6-3863bb44ef7c,11,2,9,11,0,1769408489,2026-01-26 01:24:16
d473f31f-68f2-4777-a364-ed127db04345,5,0,5,9,0,1769408489,2026-01-26 01:24:16
7dcc5a03-5997-4250-9207-fa8b6f027c86,15,3,12,13,0,1769408489,2026-01-26 01:24:16
4cd5a87d-7618-4a15-892d-8cf29eec865c,13,1,12,1,0,1769408490,2026-01-26 01:24:16
ab692d1f-5a4a-4fff-b929-013c3a7e8a98,0,0,0,18,0,1769408490,2026-01-26 01:24:16
18267c09-1916-48d8-951c-caf88c89edd1,2,2,0,17,0,1769408488,2026-01-26 01:24:16
66dcf897-0aca-11e7-82f6-3863bb44ef7c,13,6,7,16,0,1769408488,2026-01-26 01:24:16
a35d03cf-bd72-4da4-a4ac-bd25b3f8dce3,12,6,6,6,0,1769408489,2026-01-26 01:24:16
1960020817312746312,47,24,23,66,0,1769408491,2026-01-26 01:24:16
98af0e1d-ea33-4c6e-95fe-97846e81081e,15,11,4,6,0,1769408492,2026-01-26 01:24:16
29b21bd8-2459-4727-b1f0-d73592db3321,0,0,0,16,0,1769366284,2026-01-26 01:24:16
01a1343d-9c7b-4a83-8a5a-a600187f19c4,9,1,8,18,0,1769408468,2026-01-26 01:24:16
43eac213-4603-4bc2-b6d6-b45013396282,22,10,12,13,0,1769408468,2026-01-26 01:24:16
b200a8bf-2d79-4511-9a16-ac41e7245622,8,1,7,17,0,1769408469,2026-01-26 01:24:16
ab40ffde-f331-4194-adab-cb8c60b63f28,8,6,2,17,0,1769408467,2026-01-26 01:24:16
66de2131-0aca-11e7-82f6-3863bb44ef7c,5,2,3,29,0,1769408468,2026-01-26 01:24:16
66dd4841-0aca-11e7-82f6-3863bb44ef7c,14,11,3,26,0,1769408466,2026-01-26 01:24:16
24f431ca-c2a5-46be-966b-b8d4c3e4b346,3,3,0,11,0,1769408467,2026-01-26 01:24:16
1882735162923150168,18,1,17,6,0,1769408467,2026-01-26 01:24:16
3bdd81c8-3112-45e6-ae72-11a3f4fa5921,6,3,3,16,0,1769408469,2026-01-26 01:24:16
2133952475068346460,33,7,26,17,0,1769408470,2026-01-26 01:24:16
1835246815877178358,6,1,5,13,0,1769408471,2026-01-26 01:24:16
facb0195-8daa-46e3-95e1-6f22fb678e8a,0,0,0,19,0,1769408471,2026-01-26 01:24:16
36ddce8f-bd83-4a05-b601-b526fb4d8628,1,0,1,17,0,1769408471,2026-01-26 01:24:16
66dde559-0aca-11e7-82f6-3863bb44ef7c,28,22,6,0,0,1769408470,2026-01-26 01:24:16
cd5e7c3e-c618-416a-ae99-b509bd56e1b2,23,12,11,7,0,1769408470,2026-01-26 01:24:16
4780d9d1-b886-4e72-9d18-cb152f73e10a,2,0,2,18,0,1769408467,2026-01-26 01:24:16
66f68197-4897-4576-896a-48e0312104c5,21,8,13,6,0,1769408471,2026-01-26 01:24:16
1884599469785421928,19,18,1,19,0,1769408472,2026-01-26 01:24:16
0f9423bd-98dd-4919-b6e3-28880ff7ecca,3,2,1,15,0,1769408476,2026-01-26 01:24:16
56e18295-f760-4bf3-8aa3-5a1e4ebf606f,13,3,10,6,0,1769408475,2026-01-26 01:24:16
4753c1ba-a86e-431e-94fb-06403cdee4d7,14,14,0,14,0,1769408473,2026-01-26 01:24:16
720c0d64-7828-4dba-bff9-4d99f4e3a9fc,4,3,1,16,0,1769408475,2026-01-26 01:24:16
6fd84197-56e2-47df-849f-701aca0e7cc3,4,4,0,12,0,1769408476,2026-01-26 01:24:16
74a1dc19-f894-4246-99f1-476a92452995,3,2,1,22,0,1769408477,2026-01-26 01:24:16
1e226f22-034f-4b99-8184-a8eaa591fbd8,23,21,2,25,0,1769408476,2026-01-26 01:24:16
968d40e0-2a5b-4f6c-a161-fad1631b609b,2,1,1,12,0,1769408476,2026-01-26 01:24:16
05b9e7cd-f3a2-4d48-b7c4-f5fbe09d9de3,15,2,13,10,0,1769408476,2026-01-26 01:24:16
1860189426558126796,10,1,9,11,0,1769408477,2026-01-26 01:24:16
61be9a4a-737c-413a-9b72-d47b28a366d5,4,2,2,18,0,1769408477,2026-01-26 01:24:16
66de07ec-0aca-11e7-82f6-3863bb44ef7c,20,2,18,1,0,1769408477,2026-01-26 01:24:16
1d8e51b0-8131-4c1f-93fb-f04952c157c0,4,3,1,25,0,1769408477,2026-01-26 01:24:16
1835250318514342456,11,3,8,16,0,1769408477,2026-01-26 01:24:16
bca594e5-779f-4866-bd6b-818871f97d38,24,1,23,1,0,1769408478,2026-01-26 01:24:16
b94cc90e-9ca2-4471-8371-23be051e0157,15,13,2,59,0,1769408479,2026-01-26 01:24:16
39112ced-337f-4b71-9df6-291cd4265cc9,14,0,14,8,0,1769408480,2026-01-26 01:24:16
454b4a83-d0b1-42a2-8163-261e2a9d6ab9,7,5,2,72,0,1769408479,2026-01-26 01:24:16
17c45d34-0d8d-46ba-9078-e9a2a7c5867c,7,1,6,22,0,1769408480,2026-01-26 01:24:16
1846086768160082632,8,4,4,16,0,1769408481,2026-01-26 01:24:16
08b9c491-a589-4e75-996c-2455c26fb356,2,0,2,17,0,1769408482,2026-01-26 01:24:16
5b0b689f-9bd2-4743-b4cc-d4629a9a709b,21,4,17,1,0,1769408480,2026-01-26 01:24:16
35915f48-31c5-499a-b845-2ca2fb541904,14,1,13,25,0,1769408481,2026-01-26 01:24:16
3bf91ca1-14fd-4e51-858e-36a203f1af2a,3,3,0,15,0,1769408477,2026-01-26 01:24:16
aba6e644-3ac8-4cdc-9bc6-763e9d82dee9,11,1,10,9,0,1769408485,2026-01-26 01:24:16
aa8270ec-4441-47d2-854b-5852e65fae66,0,0,0,18,0,1769408485,2026-01-26 01:24:16
9e99abca-c679-4788-9a4e-39066660bd6a,1,0,1,14,0,1769408485,2026-01-26 01:24:16
66db6cd4-0aca-11e7-82f6-3863bb44ef7c,23,10,13,29,0,1769408486,2026-01-26 01:24:16
66de6100-0aca-11e7-82f6-3863bb44ef7c,31,1,30,0,0,1769408486,2026-01-26 01:24:16
1828966882896859944,2,1,1,16,0,1769408486,2026-01-26 01:24:16
f6c33f22-d650-4935-a928-fb693a828b5f,4,1,3,17,0,1769408483,2026-01-26 01:24:16
1c82b223-42ba-4d15-8e8a-bd8ae2a57cde,9,7,2,9,0,1769408484,2026-01-26 01:24:16
5d049d4b-0736-4323-834a-1b2454bd6551,5,4,1,18,0,1769408484,2026-01-26 01:24:16
1869754004195029842,0,0,0,22,0,1769408483,2026-01-26 01:24:16
6853d09a-cbd8-4378-bc23-02e8bba0b4da,4,2,2,17,0,1769408496,2026-01-26 01:24:16
8a24490d-d5c5-4bac-9e36-56967834fc10,0,0,0,19,0,1769408496,2026-01-26 01:24:16
b3c8aaaf-6e1c-4f56-9391-b79e883b8009,3,1,2,20,0,1769408496,2026-01-26 01:24:16
3134bce7-0bb9-4a45-9c87-60a8cb681d72,1,1,0,16,0,1769408496,2026-01-26 01:24:16
66de06ef-0aca-11e7-82f6-3863bb44ef7c,15,3,12,6,0,1769408496,2026-01-26 01:24:16
ff2869f0-4381-4cf3-863e-a0d776ec53b4,77,37,40,14,0,1769408492,2026-01-26 01:24:16
2122552934440059494,0,0,0,17,0,1769408493,2026-01-26 01:24:16
1794096976946852066,50,38,12,9,0,1769408493,2026-01-26 01:24:16
a1cf7115-8e38-4300-aac8-3a2fddca0e23,21,3,18,9,0,1769408493,2026-01-26 01:24:16
66dbc982-0aca-11e7-82f6-3863bb44ef7c,32,28,4,75,0,1769408494,2026-01-26 01:24:16
e35494b4-5811-4d2a-87de-4430e56bce2d,0,0,0,19,0,1769408497,2026-01-26 01:24:16
72196024-6f2b-45cb-9764-609911c7dc0b,22,11,10,25,0,1769408497,2026-01-26 01:24:16
1875413335585534272,0,0,0,21,0,1769408497,2026-01-26 01:24:16
2126224759932600578,4,4,0,4,0,1769408494,2026-01-26 01:24:16
66dd4051-0aca-11e7-82f6-3863bb44ef7c,16,9,7,32,0,1769408493,2026-01-26 01:24:16
21361381-fd4a-44a4-bfa7-61f075192ce9,5,4,1,19,0,1769408493,2026-01-26 01:24:16
1838070703178521596,1,1,0,18,0,1769408493,2026-01-26 01:24:16
b3a9057e-7ff6-4117-b96e-e71c173cf1e9,10,1,9,8,0,1769408493,2026-01-26 01:24:16
412c1416-d15b-4e6a-9691-da4c3cc0d0d2,56,42,14,4,0,1769408496,2026-01-26 01:24:16
1828968691399885056,9,0,9,6,0,1769408497,2026-01-26 01:24:16
66dc78c4-0aca-11e7-82f6-3863bb44ef7c,49,41,8,10,0,1769408498,2026-01-26 01:24:16
1836581714456697424,8,1,7,15,0,1769408502,2026-01-26 01:24:16
60a061d5-d984-4573-af3c-2054f4f59e94,5,4,1,14,0,1769408503,2026-01-26 01:24:16
348c5e65-cbc3-4da6-9856-fc253a0ba546,38,26,12,10,0,1769408501,2026-01-26 01:24:16
1861680103893703034,1,1,0,19,0,1769408501,2026-01-26 01:24:16
c9c09ed0-0a52-4d6a-a999-b0848874e51f,17,16,1,4,0,1769408501,2026-01-26 01:24:16
1978170169761096104,21,7,14,12,0,1769408498,2026-01-26 01:24:16
30d6520e-b612-4240-a9ff-eec12b02b263,6,1,5,12,0,1769408499,2026-01-26 01:24:16
1ddadf67-ae08-4e86-bdda-236629b9eabd,20,5,15,3,0,1769408499,2026-01-26 01:24:16
1945126147213275898,4,2,2,14,0,1769408497,2026-01-26 01:24:16
1947313784686131504,13,1,12,4,0,1769408500,2026-01-26 01:24:16
1836581628905160976,5,2,3,15,0,1769408500,2026-01-26 01:24:16
1879859065051787718,18,15,3,0,0,1769408500,2026-01-26 01:24:16
66ddb41c-0aca-11e7-82f6-3863bb44ef7c,25,23,2,8,0,1769408521,2026-01-26 01:24:16
22ac9559-d7f1-4dcd-ae3e-f6caf586a455,18,14,4,6,0,1769408522,2026-01-26 01:24:16
99d149f9-ad40-461e-beea-fcbf086f9b5a,21,6,15,42,0,1769408522,2026-01-26 01:24:16
66de2201-0aca-11e7-82f6-3863bb44ef7c,13,7,6,18,0,1769408522,2026-01-26 01:24:16
febf420f-bbec-4044-a3af-69959e018ccb,6,6,0,14,0,1769408522,2026-01-26 01:24:16
c38e2cfc-04e6-419c-8bf8-d8713ccf6ea7,46,7,39,3,0,1769408521,2026-01-26 01:24:16
50e05a9f-dce6-4315-a10d-1fa786fc18ee,27,20,7,21,0,1769408521,2026-01-26 01:24:16
dfe2c398-ff5c-4a8d-83c8-fa18801540d8,14,1,13,14,0,1769408521,2026-01-26 01:24:16
2039088532741595744,36,9,27,14,0,1769408521,2026-01-26 01:24:16
fbb2d76c-1d47-4fb1-9c07-622fcace38a5,18,0,18,10,0,1769408521,2026-01-26 01:24:16
27c71510-d515-4add-b660-6efd6f225cd1,16,8,8,10,0,1769408521,2026-01-26 01:24:16
66de1b5b-0aca-11e7-82f6-3863bb44ef7c,3,3,0,16,0,1769408524,2026-01-26 01:24:16
490ca6cc-c2a2-4838-acf0-4704ed60dc51,15,9,6,33,0,1769408524,2026-01-26 01:24:16
d56a8542-048a-4aca-ac7f-f27a9e6c908b,14,12,2,11,0,1769408524,2026-01-26 01:24:16
8dc8c0b3-4d70-40fe-a75a-86e30ecb676b,14,3,11,1,0,1769408524,2026-01-26 01:24:16
1786696251091417274,8,8,0,26,0,1769408523,2026-01-26 01:24:16
66dde9af-0aca-11e7-82f6-3863bb44ef7c,0,0,0,27,0,1769408522,2026-01-26 01:24:16
8603535e-0d7a-4c5b-ae77-27b9f5770bfa,2,0,2,23,0,1769408523,2026-01-26 01:24:16
1843486301383097150,2,1,1,23,0,1769408523,2026-01-26 01:24:16
b1f67e5c-7c26-4bf3-a90e-1500a3160d60,5,1,4,18,0,1769408524,2026-01-26 01:24:16
2af3ecc3-4f43-468a-a7cc-bb4804ee3e7a,16,11,5,39,0,1769408524,2026-01-26 01:24:16
66db316a-0aca-11e7-82f6-3863bb44ef7c,18,10,8,4,0,1769408523,2026-01-26 01:24:16
66dc8c90-0aca-11e7-82f6-3863bb44ef7c,14,6,8,10,0,1769408525,2026-01-26 01:24:16
1846449740982645546,13,1,12,3,0,1769408525,2026-01-26 01:24:16
672d71ab-2c23-4bd2-9ed2-34e54aa4b5b5,9,6,3,8,0,1769408525,2026-01-26 01:24:16
138094a0-cd7d-4014-9b21-4fb2afd3980e,13,3,10,13,0,1769408525,2026-01-26 01:24:16
fbee1143-e93f-418d-b6bc-8fde4a9a8746,18,5,13,31,0,1769408525,2026-01-26 01:24:16
c5861c24-5ac1-41df-82f1-31748d03e868,59,47,12,5,0,1769408503,2026-01-26 01:24:16
77a498ea-5693-46cc-a4b1-6e428f574797,20,2,17,2,0,1769408503,2026-01-26 01:24:16
66dde2d9-0aca-11e7-82f6-3863bb44ef7c,23,17,6,11,0,1769408503,2026-01-26 01:24:16
66dbef85-0aca-11e7-82f6-3863bb44ef7c,22,20,2,12,0,1769408503,2026-01-26 01:24:16
344064f8-e82f-40fb-b235-aff506b77ae5,7,2,5,22,0,1769408504,2026-01-26 01:24:16
e51c8b72-460f-41c2-a5ca-de85d3f46a30,19,9,10,32,0,1769408504,2026-01-26 01:24:16
876683ce-9bce-4fad-8d1c-6b331fa07b5c,27,4,23,20,0,1769408504,2026-01-26 01:24:16
141ba25c-f4ea-4cec-ae7e-022401e23087,10,6,4,0,0,1769408505,2026-01-26 01:24:16
d319629d-63cf-4765-9f69-5569f35d6469,3,0,3,15,0,1769408504,2026-01-26 01:24:16
6fcad2af-c3e2-47a4-8942-023ae4047e67,12,8,4,4,0,1769408505,2026-01-26 01:24:16
cbcbd880-9662-4ab1-b530-781bb101ed1f,0,0,0,15,0,1769408505,2026-01-26 01:24:16
1861681435029604706,12,5,7,11,0,1769408505,2026-01-26 01:24:16
66dbc8f5-0aca-11e7-82f6-3863bb44ef7c,52,33,18,20,0,1769408506,2026-01-26 01:24:16
1823008917260927616,17,5,12,7,0,1769408506,2026-01-26 01:24:16
01f01352-50d4-484e-a611-576b18ac373a,19,1,18,9,0,1769408509,2026-01-26 01:24:16
ed1199e4-d9a6-4d9e-8c81-62bcd7510a11,13,2,11,15,0,1769408509,2026-01-26 01:24:16
1975518396279321266,36,33,3,38,0,1769408509,2026-01-26 01:24:16
66dc1545-0aca-11e7-82f6-3863bb44ef7c,7,4,3,16,0,1769408505,2026-01-26 01:24:16
16e17ca1-b2dc-47d0-8c8b-199cb4736fe7,6,2,4,13,0,1769408506,2026-01-26 01:24:16
9505c2b7-0c3a-4791-8471-d2092a86291f,20,0,20,1,0,1769408506,2026-01-26 01:24:16
2a9e2320-083d-4044-aedf-0c15ecfefe61,17,13,4,5,0,1769408508,2026-01-26 01:24:16
db02e1ea-acc1-4f45-8e3c-d37468b0b5a6,5,2,3,13,0,1769408508,2026-01-26 01:24:16
1828968994833044184,6,1,5,13,0,1769408507,2026-01-26 01:24:16
9790606b-a00d-4d5e-b6ec-abd11c9d25b3,0,0,0,18,0,1769408507,2026-01-26 01:24:16
66db8fde-0aca-11e7-82f6-3863bb44ef7c,35,25,10,16,0,1769408507,2026-01-26 01:24:16
5f0aa684-a1c5-4119-827f-7860f1cd4ccd,0,0,0,24,0,1769408508,2026-01-26 01:24:16
062f0ac2-b3b6-4c15-b470-92ce9b592635,12,0,12,6,0,1769408508,2026-01-26 01:24:16
8ce7325e-d5c7-46f9-9b73-95356e48c3eb,20,14,6,2,0,1769408504,2026-01-26 01:24:16
0579ff13-5d5b-4cbd-bc6e-3e9396591aef,1,0,1,16,0,1769408504,2026-01-26 01:24:16
e15a5c77-70b0-4b9d-9eae-f10ddda7d994,3,3,0,19,0,1769408504,2026-01-26 01:24:16
66de56e5-0aca-11e7-82f6-3863bb44ef7c,17,4,13,5,0,1769408526,2026-01-26 01:24:16
c0b541ae-9e66-4739-babb-483180747dc2,6,5,1,12,0,1769408526,2026-01-26 01:24:16
66de1af4-0aca-11e7-82f6-3863bb44ef7c,8,8,0,22,0,1769408526,2026-01-26 01:24:16
3c21925c-d68e-497c-b501-982d3eb3e852,19,15,4,1,0,1769408527,2026-01-26 01:24:16
897e8739-ee1d-4b2e-b151-ad7e64e87697,12,3,9,16,0,1769408527,2026-01-26 01:24:16
c7be2714-14db-421f-a19e-f6a7bf6e8d26,2,0,2,18,0,1769408527,2026-01-26 01:24:16
1d977221-b2b5-4fa2-bba0-b00136834fb3,1,0,1,17,0,1769408527,2026-01-26 01:24:16
acfeadeb-73bb-4ec3-b809-78675b01af74,6,3,3,10,0,1769408527,2026-01-26 01:24:16
1ec7ef9f-ab60-4a64-821d-883ba547273a,5,0,5,13,0,1769408527,2026-01-26 01:24:16
6661108f-28eb-4671-ad0c-36a311d325aa,7,1,6,8,0,1769408529,2026-01-26 01:24:16
dd8627c8-4190-4a30-8758-e77a7b010437,15,13,2,28,0,1769408529,2026-01-26 01:24:16
66dde079-0aca-11e7-82f6-3863bb44ef7c,26,23,3,20,0,1769408529,2026-01-26 01:24:16
59f0cb81-e31b-4ba9-9159-3437c52f7505,0,0,0,17,0,1769408530,2026-01-26 01:24:16
1431ec5c-242d-401b-b672-dbf95155999b,2,1,1,16,0,1769408528,2026-01-26 01:24:16
1929513834381415014,9,3,6,11,0,1769408527,2026-01-26 01:24:16
66de5d57-0aca-11e7-82f6-3863bb44ef7c,4,3,1,20,0,1769408527,2026-01-26 01:24:16
1828969417249358046,4,1,3,15,0,1769408527,2026-01-26 01:24:16
09a0c507-7cda-4f3f-9988-78de0baa28e4,4,2,2,16,0,1769408528,2026-01-26 01:24:16
66ddb7bf-0aca-11e7-82f6-3863bb44ef7c,27,25,2,20,0,1769408530,2026-01-26 01:24:16
66dd4de9-0aca-11e7-82f6-3863bb44ef7c,30,11,19,21,0,1769408530,2026-01-26 01:24:16
66de4408-0aca-11e7-82f6-3863bb44ef7c,13,8,5,10,0,1769408530,2026-01-26 01:24:16
1823008749757202820,11,0,11,11,0,1769408549,2026-01-26 01:24:16
66dd25e0-0aca-11e7-82f6-3863bb44ef7c,17,11,6,5,0,1769408549,2026-01-26 01:24:16
8cb0375d-bcb2-4c90-9773-41c3c8fdf8d8,6,5,1,74,0,1769408549,2026-01-26 01:24:16
6c3b486e-603c-4158-91ac-adc06ac01535,14,8,6,8,0,1769408549,2026-01-26 01:24:16
058ee86d-ce2a-4597-99f7-f78f082b33e3,2,1,1,16,0,1769408549,2026-01-26 01:24:16
96a4da57-107a-43d1-8828-4749d5555461,5,2,3,24,0,1769408553,2026-01-26 01:24:16
42bf7170-61ab-44a0-aafe-1b89d7271718,12,10,2,15,0,1769408553,2026-01-26 01:24:16
65e7908a-a73e-4f8e-9967-0d0677f62bc4,19,10,9,2,0,1769408553,2026-01-26 01:24:16
66dc0c53-0aca-11e7-82f6-3863bb44ef7c,7,1,6,12,0,1769408549,2026-01-26 01:24:16
1791472201147965920,11,10,1,51,0,1769408551,2026-01-26 01:24:16
66de20c8-0aca-11e7-82f6-3863bb44ef7c,5,4,1,21,0,1769408551,2026-01-26 01:24:16
66dd40dd-0aca-11e7-82f6-3863bb44ef7c,15,12,3,17,0,1769408551,2026-01-26 01:24:16
66dc7b10-0aca-11e7-82f6-3863bb44ef7c,1,1,0,76,0,1769408552,2026-01-26 01:24:16
e24cb64d-10c2-48db-9440-59e63c0f1c95,15,1,14,8,0,1769408552,2026-01-26 01:24:16
19002a4c-3229-450b-ad69-76948696e60d,1,1,0,17,0,1769408552,2026-01-26 01:24:16
c0df5c09-2c07-4689-9fe8-36ed81301d7d,1,0,1,22,0,1769408553,2026-01-26 01:24:16
1828968199249922252,1,0,1,19,0,1769408552,2026-01-26 01:24:16
016ee47a-4871-4209-91cb-bf3ceeddc991,1,1,0,17,0,1769408552,2026-01-26 01:24:16
1960020540642077008,26,25,1,21,0,1769408553,2026-01-26 01:24:16
66dd2556-0aca-11e7-82f6-3863bb44ef7c,32,25,7,10,0,1769408554,2026-01-26 01:24:16
6067af3d-f7ed-4149-a394-2fc2eb295872,41,21,20,13,0,1769408554,2026-01-26 01:24:16
66db6aae-0aca-11e7-82f6-3863bb44ef7c,23,8,15,59,0,1769408554,2026-01-26 01:24:16
2053884382031338034,4,1,3,39,0,1769408554,2026-01-26 01:24:16
b90574d1-e9e7-45be-8adb-e38cb285fea5,3,3,0,12,0,1769408554,2026-01-26 01:24:16
bdefa3e3-aa5a-40eb-b7f8-542de55063e9,9,1,8,9,0,1769408550,2026-01-26 01:24:16
a04bf523-3c76-4fad-88bf-e99037f9b796,16,3,13,4,0,1769408555,2026-01-26 01:24:16
160e21da-6dd2-47ff-8385-e13c8cdce4fa,23,0,23,3,0,1769408556,2026-01-26 01:24:16
1286480d-5d6d-4a47-9fac-e156dba2b6fc,51,33,18,2,0,1769408556,2026-01-26 01:24:16
5cb3a92d-f284-477c-bf63-ea72d24e8a7d,14,3,11,3,0,1769408556,2026-01-26 01:24:16
66dc4bd9-0aca-11e7-82f6-3863bb44ef7c,82,73,9,9,0,1769408558,2026-01-26 01:24:16
88bf1344-354f-4699-bdbd-1c2584fc41ee,20,7,13,11,0,1769408558,2026-01-26 01:24:16
4e1a13af-1c3b-48f2-8586-5edceea97d61,1,1,0,17,0,1769408559,2026-01-26 01:24:16
95a52ce4-3597-47d1-8d6f-427cb3b8ca6a,22,19,3,4,0,1769408560,2026-01-26 01:24:16
18d980e5-ba08-4bc3-832e-03eb71865768,10,3,7,11,0,1769408560,2026-01-26 01:24:16
943be327-0320-4ae1-8eb0-8a56f86a4fb6,7,3,4,19,0,1769408560,2026-01-26 01:24:16
026fd07d-d810-45dc-9237-a3d84dce4fa9,13,2,11,10,0,1769408558,2026-01-26 01:24:16
2a47ef14-1cbe-4ec6-841d-cc277627fe20,13,11,2,15,0,1769408560,2026-01-26 01:24:16
66db29e6-0aca-11e7-82f6-3863bb44ef7c,9,2,7,7,0,1769408560,2026-01-26 01:24:16
66dbc6ae-0aca-11e7-82f6-3863bb44ef7c,34,14,20,26,0,1769408556,2026-01-26 01:24:16
bfea6c5b-2e1a-42c5-8199-2ded6042d57b,4,0,4,21,0,1769408557,2026-01-26 01:24:16
9dde927d-9984-4f97-bcd0-fbcb59e6ca66,11,0,11,5,0,1769408557,2026-01-26 01:24:16
20f3a578-4dfa-45ca-a917-b394d77ee08e,18,4,14,11,0,1769408558,2026-01-26 01:24:16
1786698815186893280,17,1,16,18,0,1769408555,2026-01-26 01:24:16
b636a06c-c10e-417a-ac22-14cadb8f8993,14,7,7,1,0,1769408556,2026-01-26 01:24:16
b6a4770e-9077-4a0e-a0fb-b45b1d457559,52,37,15,6,0,1769408556,2026-01-26 01:24:16
1835249964093653018,2,0,2,21,0,1769408564,2026-01-26 01:24:16
66dbf667-0aca-11e7-82f6-3863bb44ef7c,59,25,34,5,0,1769408564,2026-01-26 01:24:16
66dbea8d-0aca-11e7-82f6-3863bb44ef7c,0,0,0,0,0,1769408564,2026-01-26 01:24:16
66dd8bd9-0aca-11e7-82f6-3863bb44ef7c,21,10,11,6,0,1769408565,2026-01-26 01:24:16
66de5a47-0aca-11e7-82f6-3863bb44ef7c,22,4,18,6,0,1769408564,2026-01-26 01:24:16
66dbe4db-0aca-11e7-82f6-3863bb44ef7c,60,53,7,20,0,1769408563,2026-01-26 01:24:16
74e104fb-1ddc-4f3e-a60b-220b6c4f300b,11,8,3,3,0,1769408563,2026-01-26 01:24:16
1e590819-53fd-415c-bc28-aed605ad3bcb,4,3,1,12,0,1769408563,2026-01-26 01:24:16
6db97fde-68ae-4d2b-b121-b7c17838bbe7,1,1,0,16,0,1769408563,2026-01-26 01:24:16
66dc209c-0aca-11e7-82f6-3863bb44ef7c,44,10,34,21,0,1769408563,2026-01-26 01:24:16
66dcbb2c-0aca-11e7-82f6-3863bb44ef7c,6,2,4,20,0,1769408563,2026-01-26 01:24:16
1860187692409078310,10,2,8,13,0,1769408561,2026-01-26 01:24:16
05969d95-8a64-4007-abf1-afb847f2d426,6,1,5,16,0,1769408561,2026-01-26 01:24:16
66dcc65c-0aca-11e7-82f6-3863bb44ef7c,6,4,2,9,0,1769408560,2026-01-26 01:24:16
308e055a-b8aa-447d-8803-8677c88af0ba,10,3,7,8,0,1769408561,2026-01-26 01:24:16
66db6e49-0aca-11e7-82f6-3863bb44ef7c,9,9,0,35,0,1769408561,2026-01-26 01:24:16
918af7b2-e05c-477a-a8c0-7dcff984c566,9,2,7,29,0,1769408561,2026-01-26 01:24:16
403c310e-26d5-4db5-9928-13c38b25053d,4,4,0,21,0,1769408561,2026-01-26 01:24:16
1828969851041055492,18,16,2,4,0,1769408561,2026-01-26 01:24:16
2126624466406238560,10,5,5,3,0,1769408561,2026-01-26 01:24:16
1851955603137491568,25,4,21,5,0,1769408561,2026-01-26 01:24:16
cd4b8e12-b2c7-479b-900d-59cf7d8c4276,15,7,8,0,0,1769408562,2026-01-26 01:24:16
2126274178538511162,8,0,8,3,0,1769408562,2026-01-26 01:24:16
c2291f8e-3b07-4671-82af-2b947825de4a,41,28,13,23,0,1769408562,2026-01-26 01:24:16
72796825-88b1-43a0-bb6d-2b41d337b1fc,25,7,18,0,0,1769408562,2026-01-26 01:24:16
bf093f72-1d8d-44ae-91b5-e36958a27976,20,19,1,1,0,1769408562,2026-01-26 01:24:16
cb04be8e-8edc-4c9d-bfc0-76f94e3a3d9b,20,0,20,23,0,1769408565,2026-01-26 01:24:16
c01a9c97-6c04-4e3f-ad0b-958801d94ca1,14,0,14,1,0,1769408565,2026-01-26 01:24:16
10c13fe2-34cb-4aff-bea1-4f5ce877769b,9,1,8,9,0,1769408566,2026-01-26 01:24:16
1b28836b-29fd-47a7-9a98-44cd792918fb,48,29,19,0,0,1769408566,2026-01-26 01:24:16
833bc8bc-3c32-4481-9c14-9a88aa7accec,27,21,6,11,0,1769408566,2026-01-26 01:24:16
1931758629658304788,6,1,5,18,0,1769408566,2026-01-26 01:24:16
66dc7957-0aca-11e7-82f6-3863bb44ef7c,12,10,2,63,0,1769408566,2026-01-26 01:24:16
1860187301567054286,3,1,2,14,0,1769408566,2026-01-26 01:24:16
66de27da-0aca-11e7-82f6-3863bb44ef7c,6,5,1,20,0,1769408566,2026-01-26 01:24:16
66db32fb-0aca-11e7-82f6-3863bb44ef7c,8,2,6,92,0,1769408566,2026-01-26 01:24:16
66dbf442-0aca-11e7-82f6-3863bb44ef7c,30,21,9,45,0,1769408567,2026-01-26 01:24:16
2126622876727162948,5,0,5,5,0,1769408570,2026-01-26 01:24:16
2126624772423916318,4,0,4,5,0,1769408570,2026-01-26 01:24:16
581d8683-c217-4f96-89cb-b5a94d780b83,7,1,6,67,0,1769408570,2026-01-26 01:24:16
9157a3bc-43fa-4221-8bb8-17273fc09540,22,13,9,2,0,1769408570,2026-01-26 01:24:16
66db6387-0aca-11e7-82f6-3863bb44ef7c,95,70,25,16,0,1769408570,2026-01-26 01:24:16
66de871c-0aca-11e7-82f6-3863bb44ef7c,0,0,0,57,0,1769408571,2026-01-26 01:24:16
66dcf394-0aca-11e7-82f6-3863bb44ef7c,4,3,1,25,0,1769408571,2026-01-26 01:24:16
1900647078394106472,8,1,7,11,0,1769408570,2026-01-26 01:24:16
0f51cb84-e386-44ac-947f-a969f7617d17,10,4,6,10,0,1769408571,2026-01-26 01:24:16
96cf4c1a-db2c-4d4b-af34-c31281b5904b,11,2,9,7,0,1769408572,2026-01-26 01:24:16
66dcec6b-0aca-11e7-82f6-3863bb44ef7c,1,0,1,31,0,1769408571,2026-01-26 01:24:16
904930bd-2671-4695-9c1a-8a894b041129,28,22,6,34,0,1769408572,2026-01-26 01:24:16
2126225134412534550,11,5,6,4,0,1769408494,2026-01-26 01:24:16
26568d39-db49-4354-a5c1-c81a3c856285,4,1,3,13,0,1769408572,2026-01-26 01:24:16
e71d152c-c2df-4d3e-a9af-139f2529bac6,12,0,12,5,0,1769408568,2026-01-26 01:24:16
1913995167022829826,19,2,17,0,0,1769408568,2026-01-26 01:24:16
d873e463-2dc9-4bf8-86c7-fea8ddaa3a9f,3,2,1,12,0,1769408568,2026-01-26 01:24:16
a6287af0-9a9e-4708-b61f-8e758be4b914,5,0,5,13,0,1769408568,2026-01-26 01:24:16
17aeb1e3-fd18-4cf9-9473-17dfa5b0a312,7,7,0,15,0,1769408569,2026-01-26 01:24:16
ecb2eebe-67c0-43b8-baae-71abb1a0ec6a,2,1,1,26,0,1769408568,2026-01-26 01:24:16
fdf21800-6106-4739-b7d5-b379b19e5732,5,1,4,12,0,1769408567,2026-01-26 01:24:16
faf021ad-9de5-44bd-b7f5-48127e8d5fea,19,2,17,2,0,1769408568,2026-01-26 01:24:16
1817433126359581672,7,0,7,14,0,1769408511,2026-01-26 01:24:16
a11a0000-19cf-4053-b3a1-3a5886d7446c,14,1,13,24,0,1769408512,2026-01-26 01:24:16
88c1303b-3349-4591-bf08-c7e40cf3537a,22,7,15,21,0,1769408510,2026-01-26 01:24:16
66dbce8a-0aca-11e7-82f6-3863bb44ef7c,55,39,16,6,0,1769408510,2026-01-26 01:24:16
4223f276-a4d4-45e0-b914-67f5ef1e81ba,15,0,15,10,0,1769408512,2026-01-26 01:24:16
8f9ce302-2a6d-443c-8fe0-625b20021ea2,7,3,4,14,0,1769408512,2026-01-26 01:24:16
1834145064843958330,13,5,8,6,0,1769408512,2026-01-26 01:24:16
66db95e5-0aca-11e7-82f6-3863bb44ef7c,18,10,8,24,0,1769408511,2026-01-26 01:24:16
16cbe771-8fca-4437-b9d2-374e00da6c3a,12,5,7,10,0,1769408512,2026-01-26 01:24:16
1857217122161783302,23,3,20,5,0,1769408514,2026-01-26 01:24:16
66dcbefb-0aca-11e7-82f6-3863bb44ef7c,8,8,0,9,0,1769408514,2026-01-26 01:24:16
de449a58-0edf-4d36-91b4-4b313576e945,8,0,8,8,0,1769408514,2026-01-26 01:24:16
66dea4bf-0aca-11e7-82f6-3863bb44ef7c,30,11,19,10,0,1769408514,2026-01-26 01:24:16
66ddeca9-0aca-11e7-82f6-3863bb44ef7c,14,5,9,2,0,1769408511,2026-01-26 01:24:16
2053867202510006310,19,0,19,3,0,1769408515,2026-01-26 01:24:16
16280b32-7e5b-4a18-930b-212eac10faaa,0,0,0,19,0,1769408510,2026-01-26 01:24:16
1914337145288845316,14,0,14,6,0,1769408519,2026-01-26 01:24:16
1817627670084542818,1,0,1,20,0,1769408520,2026-01-26 01:24:16
daaa3ac1-594c-48d2-9431-a8ced305ed5a,1,0,1,17,0,1769408520,2026-01-26 01:24:16
4dde902d-512c-4e9e-8899-a68424ed87c0,14,3,11,19,0,1769408520,2026-01-26 01:24:16
cdb6e2aa-4da3-4ed7-9b13-ce626addf6b0,10,7,3,44,0,1769408518,2026-01-26 01:24:16
1817432606668538118,11,10,1,12,0,1769408519,2026-01-26 01:24:16
079b5a90-1d2b-40b2-b1e9-71c075f16b89,5,3,2,14,0,1769408516,2026-01-26 01:24:16
eb6c2359-4825-4bf4-8f2d-8b6dd2bf4212,10,9,1,23,0,1769408516,2026-01-26 01:24:16
66dc3a1a-0aca-11e7-82f6-3863bb44ef7c,6,1,5,47,0,1769408517,2026-01-26 01:24:16
c1c33a35-751f-4dd6-baef-82db46f7ab46,11,2,9,20,0,1769408517,2026-01-26 01:24:16
66dded11-0aca-11e7-82f6-3863bb44ef7c,19,7,12,16,0,1769408518,2026-01-26 01:24:16
1828968611856235508,1,0,1,16,0,1769408515,2026-01-26 01:24:16
1843486757863039016,16,1,15,0,0,1769408517,2026-01-26 01:24:16
d5788cfa-817e-4b65-b43f-edda222a3c3c,11,4,7,14,0,1769408518,2026-01-26 01:24:16
9459fca8-b044-4ed1-8f2c-c5db11ba868f,5,1,4,21,0,1769408535,2026-01-26 01:24:16
1862788101231526152,15,5,10,15,0,1769408534,2026-01-26 01:24:16
66de47bf-0aca-11e7-82f6-3863bb44ef7c,15,8,7,2,0,1769408535,2026-01-26 01:24:16
b5010362-af16-4357-8fb7-5958576954c0,12,2,10,11,0,1769408535,2026-01-26 01:24:16
a4368364-fa79-493c-8478-1d3471a6077f,32,25,7,43,0,1769408535,2026-01-26 01:24:16
38975061-0d90-43a3-87c1-8905b374d5d9,16,1,15,6,0,1769408530,2026-01-26 01:24:16
311269f4-53dc-4f83-b26b-ecb6e8e160ed,5,3,2,15,0,1769408531,2026-01-26 01:24:16
7a701539-2c10-4abe-803f-525785ebb7fb,6,1,5,12,0,1769408531,2026-01-26 01:24:16
66dc36c3-0aca-11e7-82f6-3863bb44ef7c,74,44,30,6,0,1769408531,2026-01-26 01:24:16
0096fecb-3a56-4585-9204-aa9554f7bc49,40,16,24,8,0,1769408533,2026-01-26 01:24:16
1789e458-c466-4d77-aba6-365f5c3823ed,8,1,7,12,0,1769408533,2026-01-26 01:24:16
bd318c15-5c3d-4e72-9837-3b4bd37707e0,0,0,0,18,0,1769408533,2026-01-26 01:24:16
84b30f68-5404-453a-ae86-a2baff03a2c9,1,0,1,17,0,1769408534,2026-01-26 01:24:16
66dd1ad8-0aca-11e7-82f6-3863bb44ef7c,16,0,16,7,0,1769408534,2026-01-26 01:24:16
46a1ff6c-6131-414a-9ef6-65a8db7d305f,0,0,0,22,0,1769408534,2026-01-26 01:24:16
30985a9c-afe4-4b98-a72c-2c72bb35603e,9,7,2,5,0,1769408534,2026-01-26 01:24:16
a381b37a-a928-4834-87ee-da9922cb3b3d,28,20,8,2,0,1769408534,2026-01-26 01:24:16
1838617691511229014,6,4,2,17,0,1769408534,2026-01-26 01:24:16
8df41833-c7bf-4171-bdab-58d64f6ade54,15,1,14,1,0,1769408534,2026-01-26 01:24:16
6f484a9d-c535-451e-a18f-f3afdc0a27af,19,7,12,20,0,1769408531,2026-01-26 01:24:16
5adcaaaf-5386-441d-827c-8d65c4f4405e,5,5,0,15,0,1769408531,2026-01-26 01:24:16
66dd52c8-0aca-11e7-82f6-3863bb44ef7c,25,24,1,11,0,1769408532,2026-01-26 01:24:16
e6a32ec8-fc8b-4ed6-93a2-3ace3921b89d,17,13,4,5,0,1769408532,2026-01-26 01:24:16
531e6d94-5f4c-4ef0-9c83-47191be9d8f9,1,1,0,18,0,1769408532,2026-01-26 01:24:16
66de1295-0aca-11e7-82f6-3863bb44ef7c,19,9,10,4,0,1769408532,2026-01-26 01:24:16
66dd49eb-0aca-11e7-82f6-3863bb44ef7c,26,26,0,3,0,1769408532,2026-01-26 01:24:16
1597ea95-0b6b-425a-8d13-ed86ee0754b5,2,1,1,18,0,1769408532,2026-01-26 01:24:16
8fc95e31-b025-4d2b-b5aa-240465366480,14,11,3,4,0,1769408536,2026-01-26 01:24:16
66dd1b65-0aca-11e7-82f6-3863bb44ef7c,4,1,3,53,0,1769408540,2026-01-26 01:24:16
66dcbdc2-0aca-11e7-82f6-3863bb44ef7c,8,4,4,11,0,1769408540,2026-01-26 01:24:16
66db3f01-0aca-11e7-82f6-3863bb44ef7c,16,12,4,31,0,1769408540,2026-01-26 01:24:16
78ec2f0d-c309-46d4-8808-7eb1a0674e38,9,7,2,19,0,1769408541,2026-01-26 01:24:16
66dc51e9-0aca-11e7-82f6-3863bb44ef7c,17,9,8,30,0,1769408542,2026-01-26 01:24:16
c04cef84-3fcd-4fd9-9e40-8e07453dbe19,4,0,4,14,0,1769408543,2026-01-26 01:24:16
b9970fb5-176c-4a66-8772-6d76c4b6245a,2,0,2,16,0,1769408543,2026-01-26 01:24:16
1861682960046954694,19,16,3,1,0,1769408539,2026-01-26 01:24:16
49d2cd03-f508-483f-a7c9-7fd450e5e6db,9,0,9,6,0,1769408540,2026-01-26 01:24:16
66de4c32-0aca-11e7-82f6-3863bb44ef7c,15,0,15,7,0,1769408535,2026-01-26 01:24:16
66dc28bd-0aca-11e7-82f6-3863bb44ef7c,7,4,3,48,0,1769408536,2026-01-26 01:24:16
1869754328201607270,4,2,2,11,0,1769408536,2026-01-26 01:24:16
66db2953-0aca-11e7-82f6-3863bb44ef7c,45,1,44,3,0,1769408536,2026-01-26 01:24:16
66dbe250-0aca-11e7-82f6-3863bb44ef7c,4,2,2,14,0,1769408541,2026-01-26 01:24:16
1817432787057164808,11,2,9,8,0,1769408541,2026-01-26 01:24:16
557f8d40-dec1-4c61-bd03-a0d1a6ea0e4b,22,4,18,5,0,1769408542,2026-01-26 01:24:16
66db4351-0aca-11e7-82f6-3863bb44ef7c,74,49,25,4,0,1769408542,2026-01-26 01:24:16
66dbf73d-0aca-11e7-82f6-3863bb44ef7c,25,18,7,11,0,1769408541,2026-01-26 01:24:16
9e9acfaf-0bbf-4bc2-a825-b2befb6bee55,20,13,7,12,0,1769408536,2026-01-26 01:24:16
8c700e85-cfdb-4eef-ba49-53bd69c004ed,19,4,15,0,0,1769408537,2026-01-26 01:24:16
66db4158-0aca-11e7-82f6-3863bb44ef7c,26,22,4,9,0,1769408537,2026-01-26 01:24:16
66ddb595-0aca-11e7-82f6-3863bb44ef7c,4,3,1,14,0,1769408537,2026-01-26 01:24:16
d07790cd-1acd-4f74-b5f1-3d70f8a8a526,5,5,0,18,0,1769408538,2026-01-26 01:24:16
1848241332086049696,0,0,0,21,0,1769408538,2026-01-26 01:24:16
6a671276-d345-4a4c-a7df-98f5dbb19e4c,2,0,2,17,0,1769408538,2026-01-26 01:24:16
af626e61-9f83-4602-a9b1-038b1c1430e6,15,0,15,4,0,1769408538,2026-01-26 01:24:16
66dc73b0-0aca-11e7-82f6-3863bb44ef7c,21,17,4,12,0,1769408539,2026-01-26 01:24:16
78e93937-53d1-4c9b-99ad-0460f908ed2d,15,14,1,7,0,1769408544,2026-01-26 01:24:16
1945125793810207148,9,6,3,9,0,1769408544,2026-01-26 01:24:16
eef98eb6-f550-49f9-a910-4d2863e6a591,4,4,0,16,0,1769408543,2026-01-26 01:24:16
66dc91b5-0aca-11e7-82f6-3863bb44ef7c,18,13,5,22,0,1769408544,2026-01-26 01:24:16
dcdaa64b-4d2c-4017-bfb9-da25924f851d,9,5,4,10,0,1769408544,2026-01-26 01:24:16
c05cd2e2-74e8-4526-a62b-d631e005fdd8,18,4,14,11,0,1769408544,2026-01-26 01:24:16
cae4f2f4-9642-474c-95cc-6cc07592f120,4,2,2,31,0,1769408544,2026-01-26 01:24:16
9789dc0f-1eb6-4830-bda9-1ce5f1413e19,2,0,2,16,0,1769408545,2026-01-26 01:24:16
2e74ea1d-02a0-47bf-9665-dce2d65de8d7,6,4,2,9,0,1769408546,2026-01-26 01:24:16
1835247352748090208,12,7,5,9,0,1769408546,2026-01-26 01:24:16
533f25a0-514f-456f-9d87-5fdcb4ee42f4,9,7,2,8,0,1769408545,2026-01-26 01:24:16
1835249854657874848,3,1,2,13,0,1769408547,2026-01-26 01:24:16
aa120a3a-9f2b-4dfc-a88b-384bbb66838a,12,4,8,7,0,1769408547,2026-01-26 01:24:16
66dd42eb-0aca-11e7-82f6-3863bb44ef7c,17,17,0,42,0,1769408547,2026-01-26 01:24:16
bf5a9ad8-6725-4ade-967d-aba612d423bf,11,1,10,12,0,1769408547,2026-01-26 01:24:16
09b00240-4c2a-4900-9d09-f13344461c02,11,8,3,5,0,1769408545,2026-01-26 01:24:16
653ba606-f397-41e6-adc4-f775bf2d0c9f,11,0,11,11,0,1769408545,2026-01-26 01:24:16
66db3aa3-0aca-11e7-82f6-3863bb44ef7c,34,34,0,14,0,1769408545,2026-01-26 01:24:16
66de1f17-0aca-11e7-82f6-3863bb44ef7c,26,26,0,6,0,1769408548,2026-01-26 01:24:16
2170352212111402482,27,24,3,44,0,1769408548,2026-01-26 01:24:16
0e82ab9f-8c93-4302-b9df-342f8135a05c,18,0,18,0,0,1769408573,2026-01-26 01:24:16
66dc0d3a-0aca-11e7-82f6-3863bb44ef7c,5,2,3,12,0,1769408573,2026-01-26 01:24:16
1820420129807491554,16,1,15,2,0,1769408573,2026-01-26 01:24:16
dba67615-a7e0-4c44-ab1b-b464033ec9b9,10,3,7,9,0,1769408572,2026-01-26 01:24:16
9f702c67-b591-4492-ba90-eb3c7e793dad,11,2,9,8,0,1769408574,2026-01-26 01:24:16
1877651952425321214,5,0,5,10,0,1769408574,2026-01-26 01:24:16
e7739b9e-7cc6-4cbb-98d3-669b8e2ae98b,7,0,7,13,0,1769408575,2026-01-26 01:24:16
add829db-2feb-4e81-af61-056791a6e53b,0,0,0,28,0,1769408575,2026-01-26 01:24:16
1786698158713921798,27,9,18,14,0,1769408575,2026-01-26 01:24:16
66dd470b-0aca-11e7-82f6-3863bb44ef7c,29,17,12,18,0,1769408575,2026-01-26 01:24:16
66db9845-0aca-11e7-82f6-3863bb44ef7c,52,44,8,2,0,1769408575,2026-01-26 01:24:16
c83e1ef5-776e-417e-8ee2-d08ca121f884,12,11,0,10,0,1769408575,2026-01-26 01:24:16
66dccd65-0aca-11e7-82f6-3863bb44ef7c,13,4,9,10,0,1769408575,2026-01-26 01:24:16
66dc86d9-0aca-11e7-82f6-3863bb44ef7c,54,18,36,3,0,1769408575,2026-01-26 01:24:16
1882736039096477712,23,14,9,12,0,1769408576,2026-01-26 01:24:16
66de1a8a-0aca-11e7-82f6-3863bb44ef7c,2,1,1,18,0,1769408576,2026-01-26 01:24:16
2123940513700131194,9,4,5,5,0,1769408556,2026-01-26 01:24:16
7d455e9a-20b4-4b03-8248-0d982fdfa21b,2,1,1,20,0,1769408576,2026-01-26 01:24:16
2121033124458338894,9,1,8,5,0,1769408576,2026-01-26 01:24:16
66db3a1e-0aca-11e7-82f6-3863bb44ef7c,9,9,0,10,0,1769408576,2026-01-26 01:24:16
b1f3eb8c-07f9-479f-a8ab-f04e094bc7d0,7,0,7,12,0,1769408577,2026-01-26 01:24:16
7efcb97f-6c8f-4445-86a9-3f758a822f17,18,18,0,24,0,1769408577,2026-01-26 01:24:16
1815967313905864892,7,2,5,10,0,1769408577,2026-01-26 01:24:16
66de2625-0aca-11e7-82f6-3863bb44ef7c,22,7,15,12,0,1769408577,2026-01-26 01:24:16
0183d7d4-9e11-4429-94db-666a31239871,13,0,13,11,0,1769408577,2026-01-26 01:24:16
05c5e17c-7aa9-49b7-9da3-9db4858ec1fc,20,14,6,11,0,1769408577,2026-01-26 01:24:16
1862787990429630662,4,2,2,15,0,1769408577,2026-01-26 01:24:16
2c2cdc55-52a3-4140-b4d3-8409a98f130f,14,7,7,9,0,1769408577,2026-01-26 01:24:16
2126621026154598618,11,3,8,3,0,1769408577,2026-01-26 01:24:16
66de1580-0aca-11e7-82f6-3863bb44ef7c,18,16,2,19,0,1769408577,2026-01-26 01:24:16
66dca6f4-0aca-11e7-82f6-3863bb44ef7c,11,7,4,22,0,1769408577,2026-01-26 01:24:16
2b848257-dc2e-4dd0-b840-d5e046972789,7,0,7,10,0,1769408577,2026-01-26 01:24:16
c702c094-b08f-449d-a41d-b3724f147491,13,5,8,6,0,1769408578,2026-01-26 01:24:16
40042fb4-6ddd-4f74-bb52-5af3e4e08c8d,0,0,0,24,0,1769408578,2026-01-26 01:24:16
97bcf094-ad77-4743-9c94-832c7300c090,10,10,0,3,0,1769408579,2026-01-26 01:24:16
2c366f4b-8319-41bf-ab8e-2fba3a952feb,15,8,7,37,0,1769408578,2026-01-26 01:24:16
66dcca76-0aca-11e7-82f6-3863bb44ef7c,0,0,0,20,0,1769408579,2026-01-26 01:24:16
66dd9213-0aca-11e7-82f6-3863bb44ef7c,5,5,0,36,0,1769408579,2026-01-26 01:24:16
1835250080052323168,0,0,0,0,0,86400,2026-01-26 01:24:16
2171902607371571344,0,0,0,0,0,86400,2026-01-26 01:24:16
2171903032377767128,0,0,0,0,0,86400,2026-01-26 01:24:16
2171903385631266470,0,0,0,0,0,86400,2026-01-26 01:24:16
2171903970740122034,0,0,0,0,0,86400,2026-01-26 01:24:16
2177015115528916668,0,0,0,0,0,86400,2026-01-26 01:24:16
2177015776583073844,0,0,0,0,0,86400,2026-01-26 01:24:16
2177017159407891310,0,0,0,0,0,86400,2026-01-26 01:24:16
2177015450536365760,0,0,0,0,0,86400,2026-01-26 01:24:16
2177015274071900204,0,0,0,0,0,86400,2026-01-26 01:24:16
2177016197335217002,0,0,0,0,0,86400,2026-01-26 01:24:16
1828968327357059242,0,0,0,14,0,1769376522,2026-01-26 01:24:16
2126623405008140358,7,6,1,2,0,1769408396,2026-01-26 01:24:16
66db3583-0aca-11e7-82f6-3863bb44ef7c,0,0,0,23,0,1769383171,2026-01-26 01:24:16
66db3898-0aca-11e7-82f6-3863bb44ef7c,0,0,0,5,0,1769378955,2026-01-26 01:24:16
a6492ad5-d13e-48b0-a0d5-08e60ad93e53,0,0,0,2,0,1769364626,2026-01-26 01:24:16
971cddfa-695e-4b44-ba8b-26154ab4a83b,2,0,2,15,0,1769408471,2026-01-26 01:24:16
7cd61426-ed98-434e-9235-56ed856fead6,14,9,5,6,0,1769408471,2026-01-26 01:24:16
08bf2fe0-219d-48cd-87c5-6163b3a2eafd,4,4,0,17,0,1769408471,2026-01-26 01:24:16
66dcf922-0aca-11e7-82f6-3863bb44ef7c,17,1,16,8,0,1769408470,2026-01-26 01:24:16
b83b2a73-af8e-4b82-b61e-aeaaf075fbe2,3,3,0,22,0,1769408470,2026-01-26 01:24:16
1826348745879909352,14,2,12,1,0,1769408471,2026-01-26 01:24:16
66dd3cb4-0aca-11e7-82f6-3863bb44ef7c,21,1,20,9,0,1769408475,2026-01-26 01:24:16
5782a158-b596-4936-a451-32ccc131a57d,2,2,0,16,0,1769408474,2026-01-26 01:24:16
66db2f4c-0aca-11e7-82f6-3863bb44ef7c,14,8,6,62,0,1769408474,2026-01-26 01:24:16
b53b5e8f-9503-48d1-b3e3-9347ecef38e2,24,8,16,8,0,1769408474,2026-01-26 01:24:16
36d80620-9774-487e-8eb0-cf5f18a39321,6,6,0,22,0,1769408472,2026-01-26 01:24:16
1828966747840428256,7,0,7,8,0,1769408473,2026-01-26 01:24:16
82b97827-1801-4b7b-b3de-16447a8dd025,1,1,0,17,0,1769408473,2026-01-26 01:24:16
e3470e29-934c-41f1-8fe7-82135ed2d620,12,2,10,46,0,1769408472,2026-01-26 01:24:16
5d101095-011e-4541-ae64-bed8b52807b3,0,0,0,23,0,1769408472,2026-01-26 01:24:16
ee1d39c5-47c8-4527-9456-3719c50b7be5,15,3,12,3,0,1769408520,2026-01-26 01:24:16
60c5a043-1367-4a27-96ee-394ba60e2154,14,8,6,15,0,1769408520,2026-01-26 01:24:16
90fca941-2212-43bf-b104-ce32c4270d4d,1,1,0,18,0,1769408521,2026-01-26 01:24:16
4bc6f4d0-edd5-4eb0-a704-f7ce0d693aac,3,2,1,19,0,1769408514,2026-01-26 01:24:16
66dca5f3-0aca-11e7-82f6-3863bb44ef7c,2,1,1,42,0,1769408515,2026-01-26 01:24:16
b471c112-1770-4dfe-9e13-fe7479dcb5a5,22,0,22,1,0,1769408515,2026-01-26 01:24:16
1945126022626996350,15,4,11,10,0,1769408515,2026-01-26 01:24:16
3e4a2c26-7527-469c-b4f4-1ef8d40fd20d,4,1,3,11,0,1769408515,2026-01-26 01:24:16
3c5a8531-4eec-4695-b4f8-8a1158890e78,3,2,1,11,0,1769408516,2026-01-26 01:24:16
1817432346178415570,7,0,7,13,0,1769408516,2026-01-26 01:24:16
398ebef6-dcc2-4305-b1d2-47efafdaa85c,14,11,3,6,0,1769408516,2026-01-26 01:24:16
034f7f3d-e632-475a-aa01-894480d153df,7,4,3,9,0,1769408516,2026-01-26 01:24:16
66dc8d1d-0aca-11e7-82f6-3863bb44ef7c,3,2,1,57,0,1769408517,2026-01-26 01:24:16
0e405c35-322f-4705-8ea7-769eb3fd028a,8,6,2,7,0,1769408517,2026-01-26 01:24:16
66dc7c31-0aca-11e7-82f6-3863bb44ef7c,23,20,3,18,0,1769408517,2026-01-26 01:24:16
f3525aa7-9d69-4ea2-9278-4df92db1afa1,11,4,7,9,0,1769408520,2026-01-26 01:24:16
2126224876714496782,3,0,3,2,0,1769408520,2026-01-26 01:24:16
66dc2606-0aca-11e7-82f6-3863bb44ef7c,5,1,4,69,0,1769408520,2026-01-26 01:24:16
2ec2f95c-675c-4c59-856f-1fb38df59fa2,1,1,0,16,0,1769408515,2026-01-26 01:24:16
4fb1ee23-4511-47c4-8698-0c46673dc86c,0,0,0,19,0,1769408533,2026-01-26 01:24:16
1960021056359127624,9,2,7,10,0,1769408533,2026-01-26 01:24:16
8c2ed08f-1660-4db8-9168-4709427c23ed,8,8,0,8,0,1769408534,2026-01-26 01:24:16
1880644037244334512,11,10,1,12,0,1769408534,2026-01-26 01:24:16
981f1311-004f-41c3-ba5b-3679f78aeb70,13,1,12,3,0,1769408532,2026-01-26 01:24:16
66de077f-0aca-11e7-82f6-3863bb44ef7c,19,8,11,34,0,1769408532,2026-01-26 01:24:16
66db90f1-0aca-11e7-82f6-3863bb44ef7c,46,45,1,15,0,1769408532,2026-01-26 01:24:16
822d96e8-fb6c-463a-b866-aec9e408ad5e,13,5,8,3,0,1769408530,2026-01-26 01:24:16
adb67652-c20d-4dd2-8e89-d6015b801c1a,0,0,0,18,0,1769408530,2026-01-26 01:24:16
66db281e-0aca-11e7-82f6-3863bb44ef7c,47,1,46,11,0,1769408530,2026-01-26 01:24:16
1869439170989701358,16,0,16,3,0,1769408530,2026-01-26 01:24:16
7e70b65e-00c1-40d5-984d-17232a4ee05e,21,8,13,21,0,1769408531,2026-01-26 01:24:16
dee5a590-7cda-465e-8351-b0622a5e2ad3,6,0,6,10,0,1769408527,2026-01-26 01:24:16
3edec530-4791-4872-8912-2a2397a903a4,42,30,12,22,0,1769408528,2026-01-26 01:24:16
66dc176f-0aca-11e7-82f6-3863bb44ef7c,69,56,13,7,0,1769408528,2026-01-26 01:24:16
0e8bfd72-c494-4d3e-85e2-4f98b801fe3b,0,0,0,19,0,1769408528,2026-01-26 01:24:16
a7a175ff-8ffb-477c-a40b-6d47ce92305d,8,0,8,12,0,1769408529,2026-01-26 01:24:16
1849009794224623642,18,1,17,0,0,1769408529,2026-01-26 01:24:16
8ec47777-852d-4059-a5ea-12eef71a9606,32,1,31,2,0,1769408529,2026-01-26 01:24:16
e0a9ed84-55f9-40f5-90fa-87db17d2f933,14,1,13,4,0,1769408529,2026-01-26 01:24:16
c3b255d8-b690-4825-b1e9-a1d1680e5542,11,2,9,4,0,1769408532,2026-01-26 01:24:16
16836c76-c412-4ec3-bac8-3c6a5a3d9745,3,2,1,17,0,1769408532,2026-01-26 01:24:16
7155b0a6-2545-4b02-ae8c-9c0c4220f8c3,0,0,0,20,0,1769408463,2026-01-26 01:24:16
1851947582840610924,3,0,3,17,0,1769408463,2026-01-26 01:24:16
66dc8025-0aca-11e7-82f6-3863bb44ef7c,34,26,8,43,0,1769408463,2026-01-26 01:24:16
d7c56fef-1bf9-4315-85af-8638c534b402,12,6,6,24,0,1769408463,2026-01-26 01:24:16
66dc7e75-0aca-11e7-82f6-3863bb44ef7c,7,0,7,61,0,1769408462,2026-01-26 01:24:16
d4c34830-972f-4cd1-81bb-071df209d065,0,0,0,20,0,1769408460,2026-01-26 01:24:16
8f3a6711-fd05-4ce1-acf8-9d72b4a1bf97,1,0,1,19,0,1769408461,2026-01-26 01:24:16
8066575c-f8e9-4e14-95ea-8d25ceeae2ca,9,3,6,23,0,1769408464,2026-01-26 01:24:16
cb4926e6-0a79-4902-80ee-d365fbf42aec,2,2,0,22,0,1769408459,2026-01-26 01:24:16
1891277309535701686,2,2,0,20,0,1769408458,2026-01-26 01:24:16
298d4e45-c6d2-45f1-a07a-11606026a6e4,9,6,3,14,0,1769408460,2026-01-26 01:24:16
cda60c6d-80f3-41b7-8ece-fe997f6dafb5,8,3,5,12,0,1769408459,2026-01-26 01:24:16
1dba415a-2c46-419e-838d-7e068b8d7d6f,8,0,8,11,0,1769408459,2026-01-26 01:24:16
1849010295160437584,17,9,8,0,0,1769408460,2026-01-26 01:24:16
70634bc4-4d90-42d4-8f6a-3f29fa8f7f77,23,20,3,9,0,1769408466,2026-01-26 01:24:16
1846086027713733188,7,4,3,5,0,1769408464,2026-01-26 01:24:16
7c42f9fc-d280-4841-ad96-e3cc53ee3759,8,0,8,14,0,1769408465,2026-01-26 01:24:16
23539f3b-fb83-4f34-b8b8-9f1f37b5e646,26,4,22,4,0,1769408465,2026-01-26 01:24:16
de97a7d0-fbb3-4c13-ba6a-2bbd441751fe,9,5,4,9,0,1769408467,2026-01-26 01:24:16
66db72f1-0aca-11e7-82f6-3863bb44ef7c,37,24,13,8,0,1769408467,2026-01-26 01:24:16
1a92d2d3-ddf1-4f34-b28c-ce7a064b9a3e,15,8,7,6,0,1769408467,2026-01-26 01:24:16
0e240143-2f86-4754-8345-4994750d99f1,13,1,12,5,0,1769408467,2026-01-26 01:24:16
0258da92-f770-4acc-b20b-91b78aff791e,16,1,15,3,0,1769408467,2026-01-26 01:24:16
11a8d465-b4eb-466b-a6ca-055f73994231,14,5,9,7,0,1769408467,2026-01-26 01:24:16
454fe70c-1d53-4af2-a9ea-1d4bd9f59799,5,5,0,14,0,1769408468,2026-01-26 01:24:16
1963272613486484230,46,24,22,22,0,1769408468,2026-01-26 01:24:16
66dbefee-0aca-11e7-82f6-3863bb44ef7c,6,0,6,7,0,1769408469,2026-01-26 01:24:16
bcd3ee0f-21d7-4cc8-ac45-ccea48b6fc1b,15,10,5,6,0,1769408469,2026-01-26 01:24:16
1786696780996714874,20,17,3,6,0,1769408469,2026-01-26 01:24:16
66dde7dc-0aca-11e7-82f6-3863bb44ef7c,0,0,0,20,0,1769408466,2026-01-26 01:24:16
93e2e1a5-49c5-41f8-a6bf-b399b6a5140d,25,1,24,42,0,1769408512,2026-01-26 01:24:16
fcb1c3a3-04b6-45cf-bc9a-deb71198804e,2,0,2,17,0,1769408513,2026-01-26 01:24:16
9b0c2c99-214f-4e15-b476-1626c03a9e4e,53,31,22,8,0,1769408513,2026-01-26 01:24:16
1817803079955479336,13,3,10,7,0,1769408513,2026-01-26 01:24:16
914e3e7c-87da-4f52-aa03-5449c6361fa2,4,0,4,10,0,1769408513,2026-01-26 01:24:16
6fefe1b3-5f0d-47aa-b1dd-cec211239950,3,0,3,19,0,1769408513,2026-01-26 01:24:16
66ddd545-0aca-11e7-82f6-3863bb44ef7c,73,59,14,9,0,1769408509,2026-01-26 01:24:16
3d835eaa-a102-42c5-b6c0-2c693b1d0677,44,36,8,11,0,1769408510,2026-01-26 01:24:16
1845676917264180046,8,0,8,9,0,1769408510,2026-01-26 01:24:16
1856767361963389606,19,4,15,0,0,1769408508,2026-01-26 01:24:16
66dde271-0aca-11e7-82f6-3863bb44ef7c,22,18,4,21,0,1769408509,2026-01-26 01:24:16
0df3a035-5a38-4ec2-826a-0a5376e8d8a0,4,3,1,19,0,1769408509,2026-01-26 01:24:16
66dc4334-0aca-11e7-82f6-3863bb44ef7c,15,11,4,12,0,1769408514,2026-01-26 01:24:16
014a931b-8e1c-438a-8a22-f267ddd1e0d2,39,14,25,4,0,1769408515,2026-01-26 01:24:16
a5bd1f58-7df8-4df6-9636-372f1bc194be,30,9,21,2,0,1769408511,2026-01-26 01:24:16
1ecc9936-ee0c-44b2-baa8-237564c8e4fd,34,9,25,12,0,1769408512,2026-01-26 01:24:16
5fdf435f-6080-4b1d-966c-3b9d08450c4d,12,3,9,4,0,1769408510,2026-01-26 01:24:16
5b4a4b20-539b-47c1-9228-1f1f124b3ec9,16,3,13,8,0,1769408512,2026-01-26 01:24:16
74f913d2-6eac-49ce-bd6d-53a06fa855a6,16,6,10,2,0,1769408512,2026-01-26 01:24:16
1814907277023901890,19,0,19,1,0,1769408525,2026-01-26 01:24:16
566935d6-4d66-4b42-9822-f2a816e357b9,8,4,4,17,0,1769408521,2026-01-26 01:24:16
1862787688044743624,14,2,12,8,0,1769408525,2026-01-26 01:24:16
9be6c750-85b6-4e81-bace-1a8ffe941d7b,16,13,3,3,0,1769408525,2026-01-26 01:24:16
6cb5fac5-f7e8-4ec9-94cf-816771d91ecd,15,1,14,11,0,1769408526,2026-01-26 01:24:16
af72781c-fe0b-4b73-a7df-201f9780ea9c,46,25,21,1,0,1769408527,2026-01-26 01:24:16
99b7c9a5-9679-417f-b884-21c4b240aa99,5,1,4,10,0,1769408527,2026-01-26 01:24:16
8d8a381c-21df-4095-837e-65924d85a06d,2,2,0,17,0,1769408527,2026-01-26 01:24:16
66dc1702-0aca-11e7-82f6-3863bb44ef7c,60,43,17,8,0,1769408527,2026-01-26 01:24:16
66db3e32-0aca-11e7-82f6-3863bb44ef7c,30,1,29,13,0,1769408525,2026-01-26 01:24:16
4aa6bb27-b76b-444e-a3ce-6fb25b822494,3,1,2,17,0,1769408526,2026-01-26 01:24:16
66dc7802-0aca-11e7-82f6-3863bb44ef7c,23,18,5,25,0,1769408526,2026-01-26 01:24:16
081d243e-d75e-4e2a-bdae-a990b2397532,21,14,7,0,0,1769408521,2026-01-26 01:24:16
66dbcb2f-0aca-11e7-82f6-3863bb44ef7c,8,1,7,47,0,1769408522,2026-01-26 01:24:16
28a2436d-a52b-4fa4-874c-e096012a926d,12,11,1,5,0,1769408522,2026-01-26 01:24:16
06e5447e-35b8-45cb-b3bb-937791a6f8ae,14,1,13,6,0,1769408522,2026-01-26 01:24:16
f6143531-4a16-4aac-9b55-573ef7ef162e,5,2,3,14,0,1769408523,2026-01-26 01:24:16
2025623258130320038,20,5,15,11,0,1769408523,2026-01-26 01:24:16
699d3378-6ea8-465f-888b-c49c60089ce8,0,0,0,18,0,1769408524,2026-01-26 01:24:16
66de0c43-0aca-11e7-82f6-3863bb44ef7c,11,5,6,14,0,1769408522,2026-01-26 01:24:16
66db43b5-0aca-11e7-82f6-3863bb44ef7c,6,3,3,12,0,1769408522,2026-01-26 01:24:16
d7a7789b-a052-4a69-a4ec-59436b0f8d75,8,1,7,9,0,1769408481,2026-01-26 01:24:16
b9b58379-b29a-4fa8-ba72-c647728e1686,14,6,8,5,0,1769408483,2026-01-26 01:24:16
c4377169-c19e-47e1-90a4-c4e14bb41601,6,0,6,16,0,1769408482,2026-01-26 01:24:16
66dc7d58-0aca-11e7-82f6-3863bb44ef7c,59,34,25,15,0,1769408483,2026-01-26 01:24:16
b16e9f3f-9b07-486f-a1ca-c76030f5ea64,9,1,8,8,0,1769408477,2026-01-26 01:24:16
186092d1-a431-45db-8198-d5ba13334d79,13,2,11,5,0,1769408479,2026-01-26 01:24:16
00d94dfc-3695-47e1-aba6-7f319dd2eb08,7,1,6,15,0,1769408479,2026-01-26 01:24:16
b79bb851-130f-473d-83fc-f602aa0a4ca9,3,0,3,16,0,1769408475,2026-01-26 01:24:16
66dbf6d2-0aca-11e7-82f6-3863bb44ef7c,14,13,1,12,0,1769408475,2026-01-26 01:24:16
66de4897-0aca-11e7-82f6-3863bb44ef7c,15,1,14,4,0,1769408476,2026-01-26 01:24:16
66db460d-0aca-11e7-82f6-3863bb44ef7c,25,3,22,1,0,1769408475,2026-01-26 01:24:16
66db5f40-0aca-11e7-82f6-3863bb44ef7c,29,29,0,12,0,1769408479,2026-01-26 01:24:16
66dcf30d-0aca-11e7-82f6-3863bb44ef7c,14,4,10,9,0,1769408480,2026-01-26 01:24:16
1846086562569586930,15,6,9,5,0,1769408480,2026-01-26 01:24:16
0575e356-72f4-4251-8e15-574cf60bd190,6,1,5,13,0,1769408480,2026-01-26 01:24:16
3fed8016-0be0-47f5-8663-2e850ec47288,20,3,17,1,0,1769408476,2026-01-26 01:24:16
174bf571-e597-463d-84bc-611c4a13d85e,13,12,1,12,0,1769408476,2026-01-26 01:24:16
61c82689-3f4c-495d-8f44-e71de8f04088,17,7,10,62,0,1769408476,2026-01-26 01:24:16
fe6f022b-7fdb-44fe-80bb-cbfc500959bf,6,4,2,15,0,1769408478,2026-01-26 01:24:16
c0ce2a38-04f5-4333-8818-2a3faa84f214,21,3,18,5,0,1769408479,2026-01-26 01:24:16
c466f15e-715f-411e-904e-1a71fb574cdd,79,54,25,5,0,1769408479,2026-01-26 01:24:16
66dde703-0aca-11e7-82f6-3863bb44ef7c,4,2,2,19,0,1769408480,2026-01-26 01:24:16
1856767555236917834,19,3,16,4,0,1769408481,2026-01-26 01:24:16
1857515306802639416,21,3,18,1,0,1769408481,2026-01-26 01:24:16
3c73cc9f-3c09-4ac4-a4ea-22b4f027bf23,12,1,11,10,0,1769408487,2026-01-26 01:24:16
7d41ac98-df88-497a-aef9-968660e6da0f,17,1,16,19,0,1769408488,2026-01-26 01:24:16
f0115d11-c678-4274-8bb7-d486dbb63361,13,2,11,1,0,1769408486,2026-01-26 01:24:16
66dd9b0f-0aca-11e7-82f6-3863bb44ef7c,3,1,2,34,0,1769408484,2026-01-26 01:24:16
46bdd925-fb6c-4654-85d8-e0db4da62abf,22,8,14,13,0,1769408484,2026-01-26 01:24:16
1856767203049599002,11,1,10,8,0,1769408484,2026-01-26 01:24:16
66dcba5e-0aca-11e7-82f6-3863bb44ef7c,6,1,5,11,0,1769408485,2026-01-26 01:24:16
eab2749b-2f79-4797-a0a6-0579b27e6929,15,0,15,22,0,1769408486,2026-01-26 01:24:16
57f144cb-375d-4eee-b458-e288116cb8f7,15,2,13,5,0,1769408483,2026-01-26 01:24:16
4956ad8b-06d6-4af4-bcc8-735c45439608,7,6,1,12,0,1769408483,2026-01-26 01:24:16
66dea8ff-0aca-11e7-82f6-3863bb44ef7c,8,0,8,30,0,1769408490,2026-01-26 01:24:16
66dcc44a-0aca-11e7-82f6-3863bb44ef7c,7,2,5,10,0,1769408490,2026-01-26 01:24:16
66de4b0b-0aca-11e7-82f6-3863bb44ef7c,15,2,13,14,0,1769408491,2026-01-26 01:24:16
ce700c09-6095-4b20-ab65-07defdd1a7d7,12,2,10,5,0,1769408491,2026-01-26 01:24:16
14391923-6727-4359-92e9-03e0b5094753,28,16,12,23,0,1769408488,2026-01-26 01:24:16
66dce660-0aca-11e7-82f6-3863bb44ef7c,6,2,4,17,0,1769408492,2026-01-26 01:24:16
c72970e7-7f1a-4671-bf55-fc34be7c9413,11,1,10,6,0,1769408493,2026-01-26 01:24:16
66db3816-0aca-11e7-82f6-3863bb44ef7c,42,11,31,2,0,1769408488,2026-01-26 01:24:16
1890927910885612334,23,4,19,1,0,1769408489,2026-01-26 01:24:16
66dd4423-0aca-11e7-82f6-3863bb44ef7c,19,18,1,24,0,1769408492,2026-01-26 01:24:16
66dcc3e5-0aca-11e7-82f6-3863bb44ef7c,5,1,4,16,0,1769408500,2026-01-26 01:24:16
1828967208126648828,4,0,4,15,0,1769408500,2026-01-26 01:24:16
272c0389-5e4a-41a9-ad6c-2dccdfa55af9,9,9,0,16,0,1769408500,2026-01-26 01:24:16
b4ae292d-5e89-4c58-8154-0496893394b5,0,0,0,20,0,1769408500,2026-01-26 01:24:16
1794096824496960148,35,25,10,5,0,1769408500,2026-01-26 01:24:16
49f86083-851b-475d-b9ab-64e01b81f725,3,1,2,19,0,1769408500,2026-01-26 01:24:16
66dd9dba-0aca-11e7-82f6-3863bb44ef7c,26,24,2,18,0,1769408501,2026-01-26 01:24:16
fc774664-3c9b-4a8f-a79e-f6907db00a1d,8,5,3,24,0,1769408496,2026-01-26 01:24:16
66de0dfd-0aca-11e7-82f6-3863bb44ef7c,23,22,1,18,0,1769408496,2026-01-26 01:24:16
c9e76fa9-54e2-4161-9798-4787bf04217a,9,1,8,7,0,1769408496,2026-01-26 01:24:16
c8197f4b-02b0-4cc3-96af-df5fec27a279,2,1,1,15,0,1769408498,2026-01-26 01:24:16
676b7b4d-b1c0-4c97-8ac3-5fe665e51108,0,0,0,22,0,1769408498,2026-01-26 01:24:16
1817432709747753390,10,3,7,12,0,1769408498,2026-01-26 01:24:16
a82599ce-99ca-4670-8053-baada198034a,52,0,52,4,0,1769408499,2026-01-26 01:24:16
66de602e-0aca-11e7-82f6-3863bb44ef7c,45,4,41,0,0,1769408497,2026-01-26 01:24:16
ab29ce96-c2e8-4929-b27b-e0fe4aae17d5,10,2,8,8,0,1769408495,2026-01-26 01:24:16
16c54bf4-194b-4f26-9c49-a42901b4748d,6,0,6,17,0,1769408496,2026-01-26 01:24:16
6ff2eec8-2b72-490a-b1c3-f9892ab3a724,28,17,11,21,0,1769408501,2026-01-26 01:24:16
3ac7b47b-2253-4a0b-bf7d-8a2eb6b78a38,20,6,14,19,0,1769408505,2026-01-26 01:24:16
2126621627432855870,5,0,5,4,0,1769408506,2026-01-26 01:24:16
66ddf310-0aca-11e7-82f6-3863bb44ef7c,14,7,7,21,0,1769408506,2026-01-26 01:24:16
66de0a0a-0aca-11e7-82f6-3863bb44ef7c,19,10,9,3,0,1769408503,2026-01-26 01:24:16
c229f0ca-bdd1-4aa0-8906-a3e809e12889,9,0,9,12,0,1769408504,2026-01-26 01:24:16
9206af28-03bf-43e3-a8b0-354792921466,7,1,6,12,0,1769408503,2026-01-26 01:24:16
7a8bf573-275f-41d5-ad8b-1ff9ee7c2dce,8,0,8,19,0,1769408503,2026-01-26 01:24:16
66dcc920-0aca-11e7-82f6-3863bb44ef7c,5,1,4,13,0,1769408506,2026-01-26 01:24:16
1abd4668-ed6b-4930-8177-17239ae75a9e,0,0,0,19,0,1769408506,2026-01-26 01:24:16
13b82a41-c25b-428f-a07b-5f5d8340c6f2,1,0,1,17,0,1769408507,2026-01-26 01:24:16
116dbc02-a3c1-4b65-9f73-2a09a2aa1379,61,32,29,16,0,1769408507,2026-01-26 01:24:16
7c7cb750-6613-48a4-bfae-9240968f1fad,7,2,5,29,0,1769408507,2026-01-26 01:24:16
d9160982-2d9b-4f08-9469-a559a7b62809,7,1,6,78,0,1769408507,2026-01-26 01:24:16
1913988158376585970,19,4,15,5,0,1769408503,2026-01-26 01:24:16
1835249448692130546,9,4,5,10,0,1769408537,2026-01-26 01:24:16
66de4336-0aca-11e7-82f6-3863bb44ef7c,5,4,1,25,0,1769408537,2026-01-26 01:24:16
3ac37967-e174-421a-bfeb-d02249fb1266,9,8,1,15,0,1769408538,2026-01-26 01:24:16
5a6218aa-c5b7-4436-93c1-dee7cb5322d9,13,6,7,10,0,1769408538,2026-01-26 01:24:16
66dd1eb2-0aca-11e7-82f6-3863bb44ef7c,25,19,6,3,0,1769408537,2026-01-26 01:24:16
66de14af-0aca-11e7-82f6-3863bb44ef7c,10,8,2,21,0,1769408538,2026-01-26 01:24:16
66ddebce-0aca-11e7-82f6-3863bb44ef7c,19,17,2,8,0,1769408538,2026-01-26 01:24:16
4e862dc1-0652-4f29-a26f-315d763df67d,16,9,7,39,0,1769408538,2026-01-26 01:24:16
178bad16-1b02-4264-94c0-a8fd0faa60fe,6,5,1,25,0,1769408539,2026-01-26 01:24:16
66dbf362-0aca-11e7-82f6-3863bb44ef7c,20,3,17,24,0,1769408539,2026-01-26 01:24:16
1913990214925537808,27,14,13,3,0,1769408535,2026-01-26 01:24:16
1835247598942507168,3,1,2,15,0,1769408534,2026-01-26 01:24:16
1835249197527877718,2,0,2,16,0,1769408535,2026-01-26 01:24:16
e25f8dee-c110-489f-a978-464ac5c84ca2,7,1,6,17,0,1769408535,2026-01-26 01:24:16
039d4cc9-8560-4d22-88c3-20753c54a50f,10,1,9,14,0,1769408536,2026-01-26 01:24:16
2126965369631090816,7,3,4,6,0,1769408537,2026-01-26 01:24:16
1984510483573713186,19,2,17,41,0,1769408536,2026-01-26 01:24:16
c36cfa58-29fe-4c0c-a14f-41c3463487fd,3,0,3,19,0,1769408539,2026-01-26 01:24:16
fffb18be-14b3-412f-a808-107a98cd9e58,2,2,0,15,0,1769408540,2026-01-26 01:24:16
2088792249063596144,20,13,7,6,0,1769408540,2026-01-26 01:24:16
b1cdec34-d4f9-4313-be82-729bb9f7bb18,4,3,1,14,0,1769408540,2026-01-26 01:24:16
3575749f-123a-4a80-870d-7ca7c7f9c8a9,11,10,1,13,0,1769408540,2026-01-26 01:24:16
33af8810-cda5-4b61-9c38-0235f9d59aaa,26,2,24,3,0,1769408538,2026-01-26 01:24:16
1857217349795049790,2,1,1,12,0,1769408541,2026-01-26 01:24:16
e63c8dac-ab44-48c8-83a0-92c53a00f12e,1,1,0,27,0,1769408541,2026-01-26 01:24:16
66dbf140-0aca-11e7-82f6-3863bb44ef7c,78,55,23,2,0,1769408542,2026-01-26 01:24:16
66db728c-0aca-11e7-82f6-3863bb44ef7c,49,49,0,8,0,1769408544,2026-01-26 01:24:16
f3f46097-54cf-4c30-805a-6b2a4851eed7,1,1,0,22,0,1769408545,2026-01-26 01:24:16
66dd4f9b-0aca-11e7-82f6-3863bb44ef7c,20,17,3,15,0,1769408545,2026-01-26 01:24:16
8dfff4bd-0f3c-43af-bc55-a63850f66c6b,13,1,12,0,0,1769408545,2026-01-26 01:24:16
201edb67-d071-4b67-bafd-131e5c273e9f,15,0,15,5,0,1769408540,2026-01-26 01:24:16
1848241879913802606,14,7,7,3,0,1769408541,2026-01-26 01:24:16
1960021358478625244,42,23,19,32,0,1769408541,2026-01-26 01:24:16
1846086263936934630,17,1,16,1,0,1769408541,2026-01-26 01:24:16
72719900-dd61-40bd-9f4a-40d70c47590c,22,15,7,5,0,1769408543,2026-01-26 01:24:16
f47c7f15-1c30-4199-a09f-134f0f0f684b,2,0,2,21,0,1769408544,2026-01-26 01:24:16
1869754143518014264,20,1,19,17,0,1769408543,2026-01-26 01:24:16
d7c12bf1-1ec8-496a-beca-90ba76c53241,3,1,2,14,0,1769408544,2026-01-26 01:24:16
1835250199411134468,7,1,6,16,0,1769408545,2026-01-26 01:24:16
66ddbdb1-0aca-11e7-82f6-3863bb44ef7c,4,2,2,17,0,1769408546,2026-01-26 01:24:16
3d6b7c84-7e5a-454d-aa9d-c66eb92383be,3,2,1,18,0,1769408546,2026-01-26 01:24:16
06109e92-4363-445a-9743-0457f6799530,9,6,3,65,0,1769408546,2026-01-26 01:24:16
66dcb9f7-0aca-11e7-82f6-3863bb44ef7c,2,0,2,21,0,1769408547,2026-01-26 01:24:16
26599393-b967-44a6-a998-cb72ca53cd9e,8,0,8,10,0,1769408547,2026-01-26 01:24:16
5b4a90b8-426d-4a40-a7ca-87e51d690883,12,12,0,23,0,1769408545,2026-01-26 01:24:16
1967778612889039234,8,3,5,29,0,1769408549,2026-01-26 01:24:16
66dc4fb5-0aca-11e7-82f6-3863bb44ef7c,27,14,13,11,0,1769408549,2026-01-26 01:24:16
1834145204469569922,13,2,11,9,0,1769408549,2026-01-26 01:24:16
92ffa9d6-8cb1-44cf-8059-391b03d58071,0,0,0,25,0,1769408550,2026-01-26 01:24:16
66dbecd0-0aca-11e7-82f6-3863bb44ef7c,15,6,9,32,0,1769408547,2026-01-26 01:24:16
b5861c2d-d687-4308-bf2d-5f69fc28cc4a,18,0,18,3,0,1769408547,2026-01-26 01:24:16
66db28b5-0aca-11e7-82f6-3863bb44ef7c,49,5,44,25,0,1769408548,2026-01-26 01:24:16
66dc462a-0aca-11e7-82f6-3863bb44ef7c,70,62,8,5,0,1769408551,2026-01-26 01:24:16
c1e24edf-7192-433f-8d38-be5b6b3647c5,12,6,6,16,0,1769408551,2026-01-26 01:24:16
32d3adc3-c3dd-4a97-a4db-95d467f3c3aa,6,6,0,21,0,1769408552,2026-01-26 01:24:16
66de1a1f-0aca-11e7-82f6-3863bb44ef7c,7,3,4,29,0,1769408552,2026-01-26 01:24:16
bda1fab4-5065-42df-a8ff-514e6064ab6e,18,0,18,0,0,1769408552,2026-01-26 01:24:16
66dd2292-0aca-11e7-82f6-3863bb44ef7c,18,16,2,23,0,1769408548,2026-01-26 01:24:16
36aaebb9-ef10-41a5-b20b-753bf8a3fed8,0,0,0,17,0,1769408548,2026-01-26 01:24:16
05d03a63-b5f2-40d9-9a3d-d2fe666a307f,7,0,7,16,0,1769408548,2026-01-26 01:24:16
76c1ef9c-3984-4b4e-bff4-5c398e2395bd,6,5,1,17,0,1769408549,2026-01-26 01:24:16
1864605926072998676,3,2,1,15,0,1769408548,2026-01-26 01:24:16
ba7bf20d-b6bc-43dd-bf30-acb940eaeec8,1,1,0,14,0,1769408547,2026-01-26 01:24:16
66dbc7d2-0aca-11e7-82f6-3863bb44ef7c,10,4,6,23,0,1769408547,2026-01-26 01:24:16
9d56294e-61fc-4176-bb9c-4692f45bb374,21,8,13,0,0,1769408551,2026-01-26 01:24:16
c7dbc7b5-240b-494d-8663-dbee4103a20c,2,1,1,16,0,1769408551,2026-01-26 01:24:16
941ea42c-47fe-4d63-a6f5-e0e200f01633,5,3,2,13,0,1769408551,2026-01-26 01:24:16
0efa08a3-1c38-48fe-ab37-8c9b72b20126,15,2,13,2,0,1769408552,2026-01-26 01:24:16
66ddeb67-0aca-11e7-82f6-3863bb44ef7c,12,3,9,9,0,1769408552,2026-01-26 01:24:16
66db5d92-0aca-11e7-82f6-3863bb44ef7c,4,3,1,14,0,1769408552,2026-01-26 01:24:16
f365afa3-e8a5-439d-975d-6c2b064f30df,6,0,6,19,0,1769408552,2026-01-26 01:24:16
44a43ebf-cacf-4251-9ceb-e1c331ef1673,1,0,1,15,0,1769408552,2026-01-26 01:24:16
7b0227aa-bbf5-4731-a49a-765b4afac483,17,17,0,55,0,1769408553,2026-01-26 01:24:16
00d3e65e-b614-4408-aaa9-939ed96ce645,51,48,3,0,0,1769408553,2026-01-26 01:24:16
66dc8382-0aca-11e7-82f6-3863bb44ef7c,8,6,2,68,0,1769408553,2026-01-26 01:24:16
1828968082192898522,1,1,0,20,0,1769408554,2026-01-26 01:24:16
a68acb0c-4244-416a-bf59-ca55d3120cdd,17,14,3,0,0,1769408554,2026-01-26 01:24:16
66db3fc9-0aca-11e7-82f6-3863bb44ef7c,32,26,6,8,0,1769408557,2026-01-26 01:24:16
067b53bd-33bf-4698-8103-3931a5f32a37,3,2,1,15,0,1769408557,2026-01-26 01:24:16
1828967499459705054,11,0,11,6,0,1769408558,2026-01-26 01:24:16
f8c1c90f-4ec0-44bd-b097-cfafc887744d,38,1,37,5,0,1769408558,2026-01-26 01:24:16
a4c9faeb-2234-457d-ad56-1ab14104b538,2,0,2,15,0,1769408558,2026-01-26 01:24:16
ee1ba75f-baf5-4852-929c-8b7ad310f55a,15,10,5,8,0,1769408556,2026-01-26 01:24:16
ff1e98d3-ae7d-4c53-a531-1845bee1d346,3,3,0,33,0,1769408556,2026-01-26 01:24:16
f6cf3ecc-b3ad-4291-8c24-277f28f64ba1,18,2,16,2,0,1769408557,2026-01-26 01:24:16
1792225684155730482,16,15,1,7,0,1769408555,2026-01-26 01:24:16
1846085836152179090,4,0,4,15,0,1769408556,2026-01-26 01:24:16
1882736243099681438,30,3,27,4,0,1769408553,2026-01-26 01:24:16
66dbf215-0aca-11e7-82f6-3863bb44ef7c,43,19,24,7,0,1769408553,2026-01-26 01:24:16
f42b3158-3f78-4a62-964a-8cc554d69c35,12,1,11,2,0,1769408568,2026-01-26 01:24:16
1fba77e2-66ab-4e9c-9f9a-4ec4f11fd80b,25,21,4,1,0,1769408568,2026-01-26 01:24:16
89ff4db3-8a29-4565-a366-6fea4b3afc39,12,4,8,4,0,1769408568,2026-01-26 01:24:16
266c8621-fdea-4a7e-9d35-18ca1684d526,3,0,3,17,0,1769408569,2026-01-26 01:24:16
1838070940162509196,6,2,4,16,0,1769408569,2026-01-26 01:24:16
1885440410432338078,0,0,0,21,0,1769408567,2026-01-26 01:24:16
2124425954553309758,9,4,5,3,0,1769408475,2026-01-26 01:24:16
1905394575114219798,25,23,2,6,0,1769408568,2026-01-26 01:24:16
c0f952d9-538e-4836-b936-fa97123cbf13,4,2,2,14,0,1769408567,2026-01-26 01:24:16
66dbc745-0aca-11e7-82f6-3863bb44ef7c,24,22,2,16,0,1769408567,2026-01-26 01:24:16
340036c3-2787-4998-9a77-fe54f352d619,17,14,3,6,0,1769408569,2026-01-26 01:24:16
6dec8948-44c7-4085-9682-446a891feb42,11,4,7,4,0,1769408570,2026-01-26 01:24:16
3893eeef-06a8-47b1-95f2-a85454f7d5c9,4,0,4,17,0,1769408566,2026-01-26 01:24:16
606c7384-75e9-4988-858a-07b88b3a9413,27,4,23,8,0,1769408566,2026-01-26 01:24:16
8c6cba48-d803-4a90-99f7-e06edcdbbf92,3,3,0,17,0,1769408566,2026-01-26 01:24:16
1861683217585879154,21,3,18,12,0,1769408567,2026-01-26 01:24:16
f47e1ce9-ff3f-49e9-9a2f-aa5be45d70da,10,1,9,11,0,1769408570,2026-01-26 01:24:16
3b530cff-dd26-4cfd-b570-a85fd53354fe,18,10,8,30,0,1769408570,2026-01-26 01:24:16
1828966490867110420,4,0,4,11,0,1769408571,2026-01-26 01:24:16
1861681740276243358,16,13,3,3,0,1769408571,2026-01-26 01:24:16
1786686999403592506,5,5,0,23,0,1769408571,2026-01-26 01:24:16
66db9675-0aca-11e7-82f6-3863bb44ef7c,21,13,8,4,0,1769408432,2026-01-26 01:24:16
5a5a38d1-f28d-4e51-bf85-27bb384135c7,27,0,27,5,0,1769408571,2026-01-26 01:24:16
1d440638-ec50-4ccb-9a82-0e3247a87c63,30,16,14,5,0,1769408571,2026-01-26 01:24:16
1835244925191295588,1,0,1,22,0,1769408571,2026-01-26 01:24:16
bdc116cd-4d63-4693-846c-ec5073314007,9,6,3,9,0,1769408571,2026-01-26 01:24:16
66dc42a0-0aca-11e7-82f6-3863bb44ef7c,1,1,0,28,0,1769408566,2026-01-26 01:24:16
1b962833-d769-418e-b1ef-5a183bb5eb1a,13,8,5,0,0,1769408567,2026-01-26 01:24:16
d5d2aebc-158c-43ec-9105-2a779d0245d8,0,0,0,18,0,1769408560,2026-01-26 01:24:16
d5cb6e67-addb-46d4-93e7-832371736d45,21,3,18,13,0,1769408560,2026-01-26 01:24:16
627c77c0-0088-4ba8-ba66-73e0e3d3fe77,3,0,3,20,0,1769408560,2026-01-26 01:24:16
66db4417-0aca-11e7-82f6-3863bb44ef7c,51,38,13,3,0,1769408560,2026-01-26 01:24:16
b43ecf62-4c9d-4b06-ac9a-5837084f769f,2,0,2,19,0,1769408560,2026-01-26 01:24:16
66dd1bf3-0aca-11e7-82f6-3863bb44ef7c,33,0,33,12,0,1769408564,2026-01-26 01:24:16
dfb8b9c8-3006-4b76-963a-95f7471dc0a8,14,0,14,4,0,1769408564,2026-01-26 01:24:16
49703a2d-15e9-4af4-b80e-cca664d7ea18,0,0,0,11,0,1769407141,2026-01-26 01:24:16
1861680383828308814,4,4,0,9,0,1769408565,2026-01-26 01:24:16
023127f2-a6e0-4fae-ba34-178acccb993e,2,0,2,15,0,1769408560,2026-01-26 01:24:16
1797078913880883846,3,2,1,15,0,1769408561,2026-01-26 01:24:16
7b56cbab-9d93-4043-bfa5-63eb6b3e5281,15,9,6,0,0,1769408561,2026-01-26 01:24:16
9eb98b3b-ea35-483f-91f6-d90c506152db,9,2,7,14,0,1769408561,2026-01-26 01:24:16
bb58e953-4953-4fbe-9ef2-367488dfef9b,4,2,2,16,0,1769408561,2026-01-26 01:24:16
66dbeb1b-0aca-11e7-82f6-3863bb44ef7c,10,6,4,30,0,1769408562,2026-01-26 01:24:16
1879828885264130640,11,2,9,6,0,1769408559,2026-01-26 01:24:16
1791188268875152272,37,15,22,6,0,1769408559,2026-01-26 01:24:16
1861681959015615218,0,0,0,25,0,1769408562,2026-01-26 01:24:16
1861682182353914188,9,0,9,9,0,1769408562,2026-01-26 01:24:16
66dd4356-0aca-11e7-82f6-3863bb44ef7c,13,8,5,29,0,1769408562,2026-01-26 01:24:16
1835246381185208614,0,0,0,21,0,1769408562,2026-01-26 01:24:16
2527619f-ef89-425c-bf3b-60cc0ec519bf,24,9,15,32,0,1769408565,2026-01-26 01:24:16
324e55da-fec0-43a2-b622-27774381ab7f,3,1,2,14,0,1769408566,2026-01-26 01:24:16
2fe3e166-2d2f-41c8-b522-fdf8ee3ae16f,14,11,3,3,0,1769408566,2026-01-26 01:24:16
5864d88d-a0fd-40ad-beee-896118d9360d,15,0,15,3,0,1769408563,2026-01-26 01:24:16
1828966227118051662,15,4,11,2,0,1769408563,2026-01-26 01:24:16
1860188331547447938,6,6,0,14,0,1769408563,2026-01-26 01:24:16
1848242143834868452,14,2,12,3,0,1769408563,2026-01-26 01:24:16
66dc89ae-0aca-11e7-82f6-3863bb44ef7c,11,6,5,23,0,1769408564,2026-01-26 01:24:16
8ea3301f-6940-4e0f-80f0-7a3e54b2eaa5,6,6,0,11,0,1769408566,2026-01-26 01:24:16
ee70b21e-4a95-4bdf-802c-50f83a76971d,9,1,8,15,0,1769408565,2026-01-26 01:24:16
3d340fc5-8c86-4d5e-974d-ae28958e61e8,50,32,18,1,0,1769408566,2026-01-26 01:24:16
f3eb962c-314a-4431-bac7-2eb2ffbe2fd2,3,0,3,14,0,1769408576,2026-01-26 01:24:16
0cb63737-64c9-42a9-9479-280d49ed015a,7,1,6,15,0,1769408576,2026-01-26 01:24:16
1838999304404452058,14,1,13,4,0,1769408576,2026-01-26 01:24:16
1828968462257099768,0,0,0,19,0,1769408576,2026-01-26 01:24:16
66dbbeda-0aca-11e7-82f6-3863bb44ef7c,14,14,0,63,0,1769408576,2026-01-26 01:24:16
814dd1a9-100c-4b1b-8110-6319bbd464e9,6,1,5,14,0,1769408576,2026-01-26 01:24:16
3a51a25f-3e9b-4aea-84ee-39e9a3acc7fd,9,2,7,12,0,1769408577,2026-01-26 01:24:16
2163290511399492946,4,3,1,5,0,1769408576,2026-01-26 01:24:16
00284700-9d22-42ce-8485-113fed9879c1,2,1,1,14,0,1769408574,2026-01-26 01:24:16
e36b5913-8e46-4c2a-b9be-73bdf8ee548b,25,13,12,28,0,1769408575,2026-01-26 01:24:16
89d4a926-f1ae-4bf2-bf2d-59cff3881579,0,0,0,11,0,1769389491,2026-01-26 01:24:16
d29ea280-8b64-4a35-b12b-245525ae2a3a,6,3,3,47,0,1769408573,2026-01-26 01:24:16
1875395639434791520,1,1,0,18,0,1769408573,2026-01-26 01:24:16
1835246516012366338,1,1,0,19,0,1769408573,2026-01-26 01:24:16
5ffde991-1125-443e-bc97-6827b2b9c97b,21,0,21,3,0,1769408573,2026-01-26 01:24:16
2ad41c1f-5636-4a63-ad52-761e2613061a,4,0,4,19,0,1769408574,2026-01-26 01:24:16
66de18d7-0aca-11e7-82f6-3863bb44ef7c,14,0,14,4,0,1769408574,2026-01-26 01:24:16
0e3dedfb-df10-4900-a67b-95349a81bc5c,20,3,17,3,0,1769408572,2026-01-26 01:24:16
1815968345907104578,12,0,12,12,0,1769408571,2026-01-26 01:24:16
66dcecfa-0aca-11e7-82f6-3863bb44ef7c,7,6,1,25,0,1769408571,2026-01-26 01:24:16
1860189075388547142,2,2,0,18,0,1769408571,2026-01-26 01:24:16
b976906e-81c4-44c5-a160-e17815c0d47b,13,3,10,16,0,1769408572,2026-01-26 01:24:16
b7af52d2-fd23-4970-8513-be7c681480c4,47,31,16,7,0,1769408572,2026-01-26 01:24:16
2ec1235f-a043-4e3a-9ba1-56f7dd4624b7,14,11,3,5,0,1769408572,2026-01-26 01:24:16
fc5ee04d-710b-45ba-aae0-303b8e95ea89,6,4,2,12,0,1769408572,2026-01-26 01:24:16
0b857ee5-3d10-4152-952e-95fbaf06677a,7,7,0,21,0,1769408572,2026-01-26 01:24:16
2123939242997647892,7,3,4,8,0,1769408574,2026-01-26 01:24:16
8b830188-101e-44bf-a755-5e6c611e3edc,26,0,26,0,0,1769408574,2026-01-26 01:24:16
4cfd4097-0aee-4f11-9aea-55f99397bf33,7,4,3,9,0,1769408574,2026-01-26 01:24:16
2126624118513887578,11,10,1,0,0,1769408577,2026-01-26 01:24:16
2124037510131026812,15,11,4,6,0,1769408572,2026-01-26 01:24:16
7af717b9-99ce-4cce-94b4-b445a40537a1,18,0,18,1,0,1769408577,2026-01-26 01:24:16
1828969634783171152,16,0,16,3,0,1769408577,2026-01-26 01:24:16
66dccc99-0aca-11e7-82f6-3863bb44ef7c,11,0,11,19,0,1769408577,2026-01-26 01:24:16
66dc210e-0aca-11e7-82f6-3863bb44ef7c,0,0,0,34,0,1769408577,2026-01-26 01:24:16
1808184356986544410,2,1,1,27,0,1769408577,2026-01-26 01:24:16
66ddef2d-0aca-11e7-82f6-3863bb44ef7c,4,0,4,17,0,1769408577,2026-01-26 01:24:16
66db930d-0aca-11e7-82f6-3863bb44ef7c,8,3,5,15,0,1769408578,2026-01-26 01:24:16
a7c09fde-76e8-4a56-b61d-8ca940432efd,1,0,1,19,0,1769408578,2026-01-26 01:24:16
18b19467-28ac-4496-b3e4-f6028b1c5105,6,4,2,22,0,1769408578,2026-01-26 01:24:16
0f6fd186-656a-41b3-ba4a-456d22da177c,17,17,0,14,0,1769408578,2026-01-26 01:24:16
7e36cd9b-b271-42e5-b344-b7a3771c795e,13,9,4,32,0,1769408578,2026-01-26 01:24:16
66dc11a7-0aca-11e7-82f6-3863bb44ef7c,75,38,37,5,0,1769408578,2026-01-26 01:24:16
c829b6af-002b-4d04-af56-6924d4ad0aa2,6,0,6,20,0,1769408578,2026-01-26 01:24:16
2123938400844950144,3,0,3,13,0,1769408578,2026-01-26 01:24:16
66dc0f1b-0aca-11e7-82f6-3863bb44ef7c,68,52,16,0,0,1769408578,2026-01-26 01:24:16
edc9b877-c311-46b4-a780-59ee7e692324,8,1,8,24,0,1769408579,2026-01-26 01:24:16
c6c10756-ef41-491a-8e6c-ee0aa27b8cbe,2,2,0,16,0,1769408578,2026-01-26 01:24:16
2116635993049651742,5,1,4,7,0,1769408383,2026-01-26 01:24:16
66dd8479-0aca-11e7-82f6-3863bb44ef7c,0,0,0,12,0,1769314906,2026-01-26 01:24:16
1839334257267825432,0,0,0,10,0,1769307052,2026-01-26 01:24:16
2108372562172578194,11,11,0,7,0,1769408409,2026-01-26 01:24:16
d09709d2-e119-48c4-aa22-29432a13a35a,9,8,1,2,0,1769408484,2026-01-26 01:24:16
7478be11-37d8-49b1-a253-f0810045f6ff,19,15,4,0,0,1769408480,2026-01-26 01:24:16
2116636101124803154,11,1,10,3,0,1769408505,2026-01-26 01:24:16
6107e75a-2493-4e3d-a3e0-d4886d3416e5,6,1,5,7,0,1769408506,2026-01-26 01:24:16
4a48175b-c239-4d5e-b1b8-03eda4239678,24,5,19,6,0,1769408503,2026-01-26 01:24:16
f417d8da-0f15-49b0-9e3c-3c3e55c2691d,19,9,10,1,0,1769408517,2026-01-26 01:24:16
66dd6721-0aca-11e7-82f6-3863bb44ef7c,9,6,3,8,0,1769408529,2026-01-26 01:24:16
2116635307734817684,4,2,2,11,0,1769408525,2026-01-26 01:24:16
2de92329-48d0-4cf7-85df-172f91bbb320,18,18,0,12,0,1769408549,2026-01-26 01:24:16
537a2f47-26a3-4776-ba9d-e2acd2ffbee1,5,4,1,2,0,1769408548,2026-01-26 01:24:16
681a8bdb-65ff-4078-a5de-74927502da4e,15,4,11,3,0,1769408562,2026-01-26 01:24:16
66dd5e69-0aca-11e7-82f6-3863bb44ef7c,10,3,7,8,0,1769408563,2026-01-26 01:24:16
66dd5960-0aca-11e7-82f6-3863bb44ef7c,12,6,6,10,0,1769408563,2026-01-26 01:24:16
e163ce54-4c39-43c5-9831-e10a2603527d,16,6,10,4,0,1769408569,2026-01-26 01:24:16
66ddda59-0aca-11e7-82f6-3863bb44ef7c,9,1,8,4,0,1769408577,2026-01-26 01:24:16
3d1db3fa-1df5-46c8-baf3-619b729f5bda,17,3,14,0,0,1769408575,2026-01-26 01:24:16
66dd9183-0aca-11e7-82f6-3863bb44ef7c,0,0,0,5,0,1769343344,2026-01-26 01:24:16
66ddde40-0aca-11e7-82f6-3863bb44ef7c,0,0,0,8,0,1769320933,2026-01-26 01:24:16
3742e2ab-6cd0-40cf-846a-72cbe637afe1,0,0,0,10,0,1769371415,2026-01-26 01:24:16
ded4386f-9f69-43c6-a566-4511920c3e39,0,0,0,0,0,1769408481,2026-01-26 01:24:16
e2c00264-9eea-446d-a1b7-27cef3aed403,5,5,0,7,0,1769408485,2026-01-26 01:24:16
0bb12c94-efdb-40ac-98fe-9521ba373b57,5,5,0,25,0,1769408501,2026-01-26 01:24:16
66dd8043-0aca-11e7-82f6-3863bb44ef7c,8,8,0,9,0,1769408498,2026-01-26 01:24:16
c32d6965-4fae-4f1f-a5f2-7f2ef5f439fc,4,3,1,14,0,1769408505,2026-01-26 01:24:16
66dddc98-0aca-11e7-82f6-3863bb44ef7c,19,10,9,6,0,1769408510,2026-01-26 01:24:16
a59f4f11-5d52-43a2-8a32-ae71137a6af8,5,3,2,9,0,1769408507,2026-01-26 01:24:16
2108372790290481846,3,3,0,11,0,1769408513,2026-01-26 01:24:16
66ddded0-0aca-11e7-82f6-3863bb44ef7c,13,9,4,1,0,1769408514,2026-01-26 01:24:16
66dd650d-0aca-11e7-82f6-3863bb44ef7c,11,9,2,5,0,1769408518,2026-01-26 01:24:16
66dd83fc-0aca-11e7-82f6-3863bb44ef7c,12,2,10,10,0,1769408532,2026-01-26 01:24:16
66dd836d-0aca-11e7-82f6-3863bb44ef7c,4,1,3,16,0,1769408534,2026-01-26 01:24:16
66dddae7-0aca-11e7-82f6-3863bb44ef7c,9,4,5,8,0,1769408543,2026-01-26 01:24:16
21c4a77d-b1ae-4262-b143-087fd14a07b8,5,2,3,12,0,1769408542,2026-01-26 01:24:16
915057d4-edbc-4c73-8d81-dda33d600d58,11,6,5,6,0,1769408551,2026-01-26 01:24:16
66dd7cab-0aca-11e7-82f6-3863bb44ef7c,8,5,3,18,0,1769408554,2026-01-26 01:24:16
f841ae52-0bbb-49db-b6eb-f898fbce6108,0,0,0,13,0,1769369230,2026-01-26 01:24:16
2036428272250118978,18,8,10,1,0,1769408560,2026-01-26 01:24:16
43318169-d1ae-4a1a-9578-23cfa3fdbac9,0,0,0,12,0,1769328882,2026-01-26 01:24:16
823c0615-2832-4e76-85f0-7cf527151aba,0,0,0,0,0,86400,2026-01-26 01:24:16
dd8b2f53-8b94-4082-9576-994a4962f9d5,0,0,0,13,0,1769392558,2026-01-26 01:24:16
66dd58f2-0aca-11e7-82f6-3863bb44ef7c,0,0,0,2,0,1769331227,2026-01-26 01:24:16
22cd02a2-228f-4eeb-b249-cbea51a0e219,9,2,7,9,0,1769408462,2026-01-26 01:24:16
66ddd78e-0aca-11e7-82f6-3863bb44ef7c,7,1,6,4,0,1769408472,2026-01-26 01:24:16
1ec24ce3-2b69-4f3a-a153-c73e583d11f3,3,3,0,15,0,1769408471,2026-01-26 01:24:16
8ae0bf30-9979-461e-a947-2dd89f293b40,8,0,8,4,0,1769408469,2026-01-26 01:24:16
33a797e8-6be2-4868-b9f6-1be157eaa0a5,1,0,1,18,0,1769408488,2026-01-26 01:24:16
1849747691035224144,14,6,8,0,0,1769408489,2026-01-26 01:24:16
2058728861810389252,13,10,3,7,0,1769408507,2026-01-26 01:24:16
2116635185595800086,7,4,3,6,0,1769408505,2026-01-26 01:24:16
fadf00cf-d84a-49e8-9607-c67154915412,18,9,9,7,0,1769408533,2026-01-26 01:24:16
2108372139456801688,15,9,6,2,0,1769408542,2026-01-26 01:24:16
2108373096850688302,1,1,0,12,0,1769408551,2026-01-26 01:24:16
66dd630c-0aca-11e7-82f6-3863bb44ef7c,11,6,5,6,0,1769408554,2026-01-26 01:24:16
2116635417524034072,4,3,1,9,0,1769408561,2026-01-26 01:24:16
655b0878-c22b-4f8c-8675-21bf30d1eebf,13,8,5,1,0,1769408560,2026-01-26 01:24:16
ccfa1f8f-f930-45f2-9cda-375c01596ca2,2,2,0,16,0,1769408524,2026-01-26 01:24:16
2290031f-e7d8-40a3-9ad6-566df493bbbc,15,3,12,24,0,1769408535,2026-01-26 01:24:16
2157737368545384190,2,2,0,14,0,1769408565,2026-01-26 01:24:16
66dd63de-0aca-11e7-82f6-3863bb44ef7c,12,8,4,5,0,1769408571,2026-01-26 01:24:16
2116635868495600156,7,5,2,5,0,1769408576,2026-01-26 01:24:16
5f798c51-5d8b-4add-9f81-341f54a82ffa,3,0,3,14,0,1769408576,2026-01-26 01:24:16
66dd5f99-0aca-11e7-82f6-3863bb44ef7c,0,0,0,3,0,1769299859,2026-01-26 01:24:16
66dd7f10-0aca-11e7-82f6-3863bb44ef7c,19,18,1,7,0,1769408577,2026-01-26 01:24:16
66dd8b48-0aca-11e7-82f6-3863bb44ef7c,0,0,0,16,0,1769333090,2026-01-26 01:24:16
66dd6441-0aca-11e7-82f6-3863bb44ef7c,0,0,0,7,0,1769358236,2026-01-26 01:24:16
1844599666569400604,16,9,7,7,0,1769408478,2026-01-26 01:24:16
66dd7b37-0aca-11e7-82f6-3863bb44ef7c,16,5,11,9,0,1769408486,2026-01-26 01:24:16
66ddd81a-0aca-11e7-82f6-3863bb44ef7c,10,8,2,4,0,1769408523,2026-01-26 01:24:16
2165507807810224012,0,0,0,16,0,1769408521,2026-01-26 01:24:16
2116885281736356212,6,1,5,6,0,1769408490,2026-01-26 01:24:16
66dd80ac-0aca-11e7-82f6-3863bb44ef7c,7,3,4,13,0,1769408494,2026-01-26 01:24:16
66dd7fe2-0aca-11e7-82f6-3863bb44ef7c,17,3,14,4,0,1769408497,2026-01-26 01:24:16
2108372029596633484,10,3,7,2,0,1769408549,2026-01-26 01:24:16
66dddf5f-0aca-11e7-82f6-3863bb44ef7c,7,7,0,6,0,1769408561,2026-01-26 01:24:16
66dd6000-0aca-11e7-82f6-3863bb44ef7c,12,1,11,9,0,1769408559,2026-01-26 01:24:16
2158919319277979600,4,2,2,9,0,1769408483,2026-01-26 01:24:16
4aecd6f2-8a84-4bed-a528-dc6870877292,1,1,0,15,0,1769408569,2026-01-26 01:24:16
2108373197827738014,8,1,7,12,0,1769408576,2026-01-26 01:24:16
3371df76-39db-43ab-b3d6-fac0be55311f,7,1,6,7,0,1769408577,2026-01-26 01:24:16
2157736614125310040,8,7,1,7,0,1769408536,2026-01-26 01:24:16
5faf99b8-9046-450f-9d2a-d13279b3d016,0,0,0,19,0,1769327515,2026-01-26 01:24:16
bd6f422b-d7ae-4d7e-9261-653fdd8e6888,0,0,0,9,0,1769376205,2026-01-26 01:24:16
66dd5f24-0aca-11e7-82f6-3863bb44ef7c,0,0,0,3,0,1769406099,2026-01-26 01:24:16
66ddd8a8-0aca-11e7-82f6-3863bb44ef7c,9,9,0,5,0,1769408477,2026-01-26 01:24:16
66dddd28-0aca-11e7-82f6-3863bb44ef7c,5,4,1,8,0,1769408484,2026-01-26 01:24:16
cbc48689-7805-49dd-9669-5471f4b7b6fb,11,7,4,9,0,1769408504,2026-01-26 01:24:16
2108373961268485100,4,0,4,10,0,1769408511,2026-01-26 01:24:16
5aa81a37-ea1d-4bf6-ab40-4751c6b4fb08,9,4,5,9,0,1769408508,2026-01-26 01:24:16
519824e4-69ba-4270-a395-17c204f328f8,1,1,0,19,0,1769408515,2026-01-26 01:24:16
66dd5a42-0aca-11e7-82f6-3863bb44ef7c,6,6,0,14,0,1769408514,2026-01-26 01:24:16
2116634708854430228,11,3,8,7,0,1769408530,2026-01-26 01:24:16
66ddd93e-0aca-11e7-82f6-3863bb44ef7c,6,0,6,8,0,1769408536,2026-01-26 01:24:16
66dddc08-0aca-11e7-82f6-3863bb44ef7c,6,4,2,7,0,1769408532,2026-01-26 01:24:16
2088688422524183306,10,2,8,27,0,1769408544,2026-01-26 01:24:16
b6a13f2b-deb4-4f4d-9d67-7d23bee27c88,2,1,1,12,0,1769408565,2026-01-26 01:24:16
66ddddb4-0aca-11e7-82f6-3863bb44ef7c,13,6,7,1,0,1769408564,2026-01-26 01:24:16
2108372903577159978,4,3,1,10,0,1769408568,2026-01-26 01:24:16
2108372356498784942,9,2,7,5,0,1769408552,2026-01-26 01:24:16
9d344652-976b-4c2d-bede-2ef19b0fbf13,10,0,10,8,0,1769408548,2026-01-26 01:24:16
581211b2-4e42-48f2-8a8f-5f968cb1c5df,21,14,7,8,0,1769408545,2026-01-26 01:24:16
2116636221383887448,15,0,15,3,0,1769408572,2026-01-26 01:24:16
2116635527663355916,1,1,0,12,0,1769408571,2026-01-26 01:24:16
46813ecf-8df4-4c8f-9579-0179e0b36ba6,6,2,4,9,0,1769408578,2026-01-26 01:24:16
1905837242740508940,0,0,0,0,0,86400,2026-01-26 01:59:44
41495491-5d89-4e14-aab9-c3db04aad399,0,0,0,0,0,86400,2026-01-26 01:59:44
b9720921-8170-43ea-a5ae-b61b9161eb49,0,0,0,0,0,86400,2026-01-26 01:59:44
2171903488884523500,0,0,0,0,0,86400,2026-01-26 01:59:44
2171903608969565866,0,0,0,0,0,86400,2026-01-26 01:59:44
2171904223419888148,0,0,0,0,0,86400,2026-01-26 01:59:44
2177014969129222184,0,0,0,0,0,86400,2026-01-26 01:59:44
2177016530523622712,0,0,0,0,0,86400,2026-01-26 01:59:44
2177016940364559212,0,0,0,0,0,86400,2026-01-26 01:59:44
1862788202397235246,0,0,0,0,0,1769385032,2026-01-26 01:59:44
19d17911-1e4a-41fa-b62b-719aa0a6182e,0,0,0,8,0,1769343541,2026-01-26 01:59:44
1848241791125254746,0,0,0,0,0,1769408141,2026-01-26 01:59:44
66dd1c7f-0aca-11e7-82f6-3863bb44ef7c,22,9,13,25,0,1769410539,2026-01-26 01:59:44
2124036103510616644,2,1,1,8,0,1769410538,2026-01-26 01:59:44
64f0f28c-bedc-42d5-b107-ecdd48fc30cd,0,0,0,79,0,1769336792,2026-01-26 01:59:44
a3d72b5b-9587-4f33-9722-c01e20a9b358,0,0,0,26,0,1769388341,2026-01-26 01:59:44
c3062f44-c5b9-4650-a4ec-cc66cbf5b944,0,0,0,17,0,1769392040,2026-01-26 01:59:44
abc1311e-e000-4211-af9e-0cf92242711e,1,0,1,20,0,1769410561,2026-01-26 01:59:44
66dde103-0aca-11e7-82f6-3863bb44ef7c,28,26,2,6,0,1769410566,2026-01-26 01:59:44
faf98f78-51ab-4248-b7e7-f402902385a6,4,2,2,14,0,1769410568,2026-01-26 01:59:44
2171919049376995084,2,2,0,31,0,1769410628,2026-01-26 01:59:44
d5cabb43-6c78-4022-964e-a8b02470509e,13,1,12,9,0,1769410629,2026-01-26 01:59:44
66dbe571-0aca-11e7-82f6-3863bb44ef7c,33,14,19,18,0,1769410628,2026-01-26 01:59:44
807e9f5a-49b6-4b7e-847b-4a60cff330ed,3,2,1,15,0,1769410629,2026-01-26 01:59:44
576abdc1-986e-48b0-bde2-051a13d3ff59,11,7,4,9,0,1769410630,2026-01-26 01:59:44
ca843847-923a-40b7-80ca-c1c3fff6e818,0,0,0,18,0,1769410630,2026-01-26 01:59:44
66db408f-0aca-11e7-82f6-3863bb44ef7c,33,5,28,5,0,1769410630,2026-01-26 01:59:44
1828966626550010820,16,2,14,0,0,1769410627,2026-01-26 01:59:44
32cc1603-a4b5-4099-b7bf-681de451b04a,23,3,20,21,0,1769410628,2026-01-26 01:59:44
06439006-11b6-44f0-8545-c9d39035f32a,64,60,4,13,0,1769410628,2026-01-26 01:59:44
66dd2060-0aca-11e7-82f6-3863bb44ef7c,25,9,16,22,0,1769410627,2026-01-26 01:59:44
1835246937517543544,13,2,11,6,0,1769410626,2026-01-26 01:59:44
66de25bd-0aca-11e7-82f6-3863bb44ef7c,68,1,67,3,0,1769410627,2026-01-26 01:59:44
1815967442754883940,26,0,26,4,0,1769410630,2026-01-26 01:59:44
1962547377975794462,19,8,11,3,0,1769410632,2026-01-26 01:59:44
66ddb66e-0aca-11e7-82f6-3863bb44ef7c,9,4,5,19,0,1769410632,2026-01-26 01:59:44
ff745407-c087-4c0d-a965-98baf078f292,19,18,1,3,0,1769410634,2026-01-26 01:59:44
84a7baff-415b-4ab9-a859-74c2801483ce,8,5,3,10,0,1769410634,2026-01-26 01:59:44
d470e82e-d109-4e2e-b66a-f5e944cbfe97,17,4,13,1,0,1769410634,2026-01-26 01:59:44
d8778570-f7f2-458d-82f5-9ad39210a501,37,28,9,9,0,1769410633,2026-01-26 01:59:44
66dd1f44-0aca-11e7-82f6-3863bb44ef7c,19,19,0,5,0,1769410635,2026-01-26 01:59:44
29ced315-14b5-4edc-bef2-665316dfe3dd,39,32,7,0,0,1769410635,2026-01-26 01:59:44
66dc8a3d-0aca-11e7-82f6-3863bb44ef7c,21,1,20,50,0,1769410635,2026-01-26 01:59:44
66db93a1-0aca-11e7-82f6-3863bb44ef7c,5,1,4,28,0,1769410632,2026-01-26 01:59:44
66dc7773-0aca-11e7-82f6-3863bb44ef7c,22,16,6,22,0,1769410632,2026-01-26 01:59:44
1786697771181570266,37,5,32,5,0,1769410636,2026-01-26 01:59:44
66de2707-0aca-11e7-82f6-3863bb44ef7c,11,3,8,36,0,1769410636,2026-01-26 01:59:44
cd2d9dab-7708-4685-a56f-9412c738de7e,17,0,17,6,0,1769410636,2026-01-26 01:59:44
62f8f806-bd04-4282-9c5d-ad4293644e3c,9,2,7,10,0,1769410636,2026-01-26 01:59:44
ebae0b66-e463-4ded-9b7a-43c0aca9b37a,13,3,10,6,0,1769410638,2026-01-26 01:59:44
162d5859-b735-4ff7-9613-01b21f22c1cd,29,17,12,4,0,1769410639,2026-01-26 01:59:44
81a98b0b-cfd6-48b4-90bd-806ebbc264a0,10,2,8,8,0,1769410638,2026-01-26 01:59:44
66de2274-0aca-11e7-82f6-3863bb44ef7c,12,6,6,9,0,1769410638,2026-01-26 01:59:44
9635affa-8b18-42d5-84c4-7f67ad5ef9d0,3,1,2,10,0,1769410639,2026-01-26 01:59:44
66de6346-0aca-11e7-82f6-3863bb44ef7c,15,1,14,14,0,1769410640,2026-01-26 01:59:44
66de17f7-0aca-11e7-82f6-3863bb44ef7c,4,3,1,34,0,1769410638,2026-01-26 01:59:44
640a9a95-194f-42f5-8d88-1df67129f388,12,5,7,8,0,1769410639,2026-01-26 01:59:44
9394fb49-583f-4426-8d2f-a2b0ffb584d2,35,23,12,12,0,1769410656,2026-01-26 01:59:44
1849010133527040242,5,1,4,11,0,1769410657,2026-01-26 01:59:44
3d68a3fd-91da-49e8-9cd5-69b333863789,13,3,10,4,0,1769410657,2026-01-26 01:59:44
1871698223344654662,8,0,8,16,0,1769410658,2026-01-26 01:59:44
1875415144760576328,19,19,0,2,0,1769410659,2026-01-26 01:59:44
bc5235a5-7f10-4a27-806e-9c25fa700959,9,1,8,27,0,1769410652,2026-01-26 01:59:44
595cf79f-7783-4373-b3d5-775bcf76033b,0,0,0,17,0,1769410652,2026-01-26 01:59:44
c7604869-5b55-40cf-812e-fc97901bdf14,35,12,23,2,0,1769410655,2026-01-26 01:59:44
66de43a5-0aca-11e7-82f6-3863bb44ef7c,17,7,10,8,0,1769410655,2026-01-26 01:59:44
1862008701134683118,3,0,3,20,0,1769410655,2026-01-26 01:59:44
2ebbe93b-a013-464a-b4a5-0eba96f89676,10,10,0,7,0,1769410656,2026-01-26 01:59:44
1831178352265562334,13,2,11,12,0,1769410654,2026-01-26 01:59:44
e85c3165-ad0a-44a3-9683-d8cf7575f465,16,5,11,11,0,1769410653,2026-01-26 01:59:44
f5393bc2-36d4-4508-bf51-fa48d121f751,16,4,12,9,0,1769410653,2026-01-26 01:59:44
2124426307973079924,2,0,2,8,0,1769410601,2026-01-26 01:59:44
59b747c1-fbfb-4a3d-9394-8d06834d7c98,20,10,10,0,0,1769410618,2026-01-26 01:59:44
66dc81ce-0aca-11e7-82f6-3863bb44ef7c,12,6,6,63,0,1769410618,2026-01-26 01:59:44
6fab98b7-b06a-49d8-a4d1-087ffce0ebcf,2,2,0,16,0,1769410619,2026-01-26 01:59:44
59af018a-2ee9-489a-b445-bb6fba9c1119,3,0,3,10,0,1769410619,2026-01-26 01:59:44
1846085734612252774,2,0,2,20,0,1769410619,2026-01-26 01:59:44
bacfe3c2-7946-45ed-91f9-f5b91791de75,3,0,3,25,0,1769410620,2026-01-26 01:59:44
1869753654337059182,11,8,3,7,0,1769410617,2026-01-26 01:59:44
29a41b09-698f-43e2-82ff-f94f73e74841,16,1,15,2,0,1769410626,2026-01-26 01:59:44
1bb1af93-b433-4da7-8054-009c85f7755a,4,1,3,15,0,1769410626,2026-01-26 01:59:44
1934749166596673908,31,10,21,10,0,1769410626,2026-01-26 01:59:44
d11b9869-8964-4b79-aafc-4b60ad1b44c4,20,19,1,0,0,1769410624,2026-01-26 01:59:44
66dd217d-0aca-11e7-82f6-3863bb44ef7c,4,3,1,20,0,1769410624,2026-01-26 01:59:44
765ee572-6c7a-4ed3-a2d4-f1496ea53996,23,1,22,0,0,1769410624,2026-01-26 01:59:44
0630217a-3913-47d9-9540-cf85688296a5,1,1,0,15,0,1769410624,2026-01-26 01:59:44
2126224996973581072,5,3,2,4,0,1769410625,2026-01-26 01:59:44
2104286315955915532,4,3,1,63,0,1769410622,2026-01-26 01:59:44
7aa86431-bbc5-4d9c-8198-9630c9d32a22,7,1,6,12,0,1769410623,2026-01-26 01:59:44
457ea5d7-d643-4028-87db-46dee0b81555,17,10,7,8,0,1769410621,2026-01-26 01:59:44
1d32e684-602b-46b6-8c96-ab47b57a03f3,1,1,0,21,0,1769410622,2026-01-26 01:59:44
16e70b05-5b73-4930-9dcf-f79e5ce9eaf5,16,1,15,7,0,1769410622,2026-01-26 01:59:44
bc9c9006-3d40-400d-8b5c-17f56e6dfcee,0,0,0,26,0,1769410622,2026-01-26 01:59:44
20ff5447-eac3-43b7-820f-f6fa3a2e12a8,11,3,8,10,0,1769410621,2026-01-26 01:59:44
c71cca54-17f6-42bc-ba94-3f5bd9c70197,36,0,36,7,0,1769410642,2026-01-26 01:59:44
66dc1d80-0aca-11e7-82f6-3863bb44ef7c,6,3,3,31,0,1769410642,2026-01-26 01:59:44
37a37e5b-f975-4f92-a897-dca8e4670631,5,5,0,11,0,1769410642,2026-01-26 01:59:44
6542d952-ca19-410e-9290-ee6b7a6e14cf,0,0,0,20,0,1769410642,2026-01-26 01:59:44
66dd1d0f-0aca-11e7-82f6-3863bb44ef7c,21,15,6,10,0,1769410642,2026-01-26 01:59:44
7f4753d7-8d58-48bd-a881-de5bff08b27d,3,1,2,23,0,1769410642,2026-01-26 01:59:44
053312f2-e77e-4674-b28b-ad357fbcb4ee,24,20,4,38,0,1769410642,2026-01-26 01:59:44
66db447a-0aca-11e7-82f6-3863bb44ef7c,45,28,17,1,0,1769410644,2026-01-26 01:59:44
2126623007192357636,9,1,8,1,0,1769410644,2026-01-26 01:59:44
dccaeeb5-c53a-4f48-80e6-05675b71a8c8,21,5,16,8,0,1769410644,2026-01-26 01:59:44
1848241684520917882,9,2,7,2,0,1769410645,2026-01-26 01:59:44
1871698348432996504,9,3,6,14,0,1769410646,2026-01-26 01:59:44
ed279ef2-52ee-4ff2-9a52-edd8137ea034,7,2,4,18,0,1769410646,2026-01-26 01:59:44
a2ef8ed2-6031-4049-b7dc-9838ef39889b,12,0,12,6,0,1769410641,2026-01-26 01:59:44
fda18503-7488-4b91-b74c-949a90401e83,8,2,6,10,0,1769410640,2026-01-26 01:59:44
6969d756-33a6-4a0b-83d0-3db38bc382d1,25,2,23,4,0,1769410648,2026-01-26 01:59:44
ad57266c-34da-43da-8b48-2ba856002fbf,11,0,11,15,0,1769410648,2026-01-26 01:59:44
24509e46-a0de-47e8-ba40-9441da68952a,1,1,0,17,0,1769410649,2026-01-26 01:59:44
66de205d-0aca-11e7-82f6-3863bb44ef7c,14,13,1,10,0,1769410649,2026-01-26 01:59:44
19b61564-7629-41b4-80c8-1756135a5442,2,1,1,15,0,1769410650,2026-01-26 01:59:44
7938263e-e5b8-4ca7-b8bf-1adbaae5fead,12,3,9,14,0,1769410647,2026-01-26 01:59:44
b442a648-e9f4-4893-951a-64d258bc0e55,3,3,0,25,0,1769410647,2026-01-26 01:59:44
1814907423052790164,17,0,17,3,0,1769410650,2026-01-26 01:59:44
e9575102-1081-4c30-8d15-ea95913579e2,3,3,0,13,0,1769410650,2026-01-26 01:59:44
bfe5e69d-89ff-48b3-bf20-80cbdfa443e0,16,7,9,35,0,1769410651,2026-01-26 01:59:44
81bec993-29a5-4e70-8f60-eecdf16c7be4,19,11,8,10,0,1769410651,2026-01-26 01:59:44
1826348248869574940,5,0,5,22,0,1769410652,2026-01-26 01:59:44
66db2a71-0aca-11e7-82f6-3863bb44ef7c,40,13,27,1,0,1769410651,2026-01-26 01:59:44
1862008939006380034,9,3,6,9,0,1769410660,2026-01-26 01:59:44
2a66ed0a-5e6d-4893-a1d1-876bb2bac4be,5,2,3,22,0,1769410660,2026-01-26 01:59:44
66dbcbbc-0aca-11e7-82f6-3863bb44ef7c,44,9,35,22,0,1769410660,2026-01-26 01:59:44
cf1a96a7-f695-4ba2-bcf2-899552e21e47,9,3,6,8,0,1769410661,2026-01-26 01:59:44
66dc3782-0aca-11e7-82f6-3863bb44ef7c,26,23,3,2,0,1769410662,2026-01-26 01:59:44
9af90faf-0b9b-451b-9cb0-20ff421ca1d9,3,2,1,21,0,1769410664,2026-01-26 01:59:44
66de0cab-0aca-11e7-82f6-3863bb44ef7c,15,1,14,21,0,1769410665,2026-01-26 01:59:44
292ad4f3-9fb0-44ec-9e61-613c711f73c1,2,1,1,19,0,1769410665,2026-01-26 01:59:44
525535e3-dde3-47b4-9c2e-0174eaa4f2bb,17,6,11,2,0,1769410665,2026-01-26 01:59:44
bbc3c1df-f7db-4f54-8d5c-b8f4269ecb48,19,15,4,0,0,1769410665,2026-01-26 01:59:44
023cf549-bd85-4f9a-abd8-70ba29d7e86b,10,0,10,10,0,1769410659,2026-01-26 01:59:44
901ad0c4-383e-490a-8b54-0656ce2358d6,2,0,2,15,0,1769410659,2026-01-26 01:59:44
0bd9bd58-42e6-4680-9d19-83943372221f,8,8,0,9,0,1769410659,2026-01-26 01:59:44
823ef531-40e6-4397-b973-86bf5b032076,9,3,6,12,0,1769410661,2026-01-26 01:59:44
cc5f0e68-dd5f-4db1-81c7-04a4d6674fba,14,1,13,2,0,1769410661,2026-01-26 01:59:44
dad39e68-53f5-47c2-87e2-b1cc0e34f90f,5,4,1,13,0,1769410661,2026-01-26 01:59:44
0b613329-b8c8-4b8c-ad40-79952aa41157,7,4,3,17,0,1769410662,2026-01-26 01:59:44
66dced76-0aca-11e7-82f6-3863bb44ef7c,6,2,4,19,0,1769410661,2026-01-26 01:59:44
d80c274e-d17d-4a00-9b76-274c9fe4d0e1,12,10,2,21,0,1769410661,2026-01-26 01:59:44
2637fed8-1e2a-460b-83eb-3eb32ace0f4e,13,4,9,33,0,1769410664,2026-01-26 01:59:44
66dcc8b3-0aca-11e7-82f6-3863bb44ef7c,8,8,0,9,0,1769410665,2026-01-26 01:59:44
633fbc4c-7617-47ba-a393-aad7a8d26a3e,21,3,18,0,0,1769410665,2026-01-26 01:59:44
d979131e-0b9f-4aa2-88c5-46d4ff94abc8,6,2,4,9,0,1769410663,2026-01-26 01:59:44
1864605386632012480,1,0,1,17,0,1769410663,2026-01-26 01:59:44
22ab59a8-0af4-4101-9350-a7af88e37c2e,9,0,9,10,0,1769410662,2026-01-26 01:59:44
cb05443c-e68e-48f7-8d17-35353fa19d4d,26,11,15,24,0,1769410670,2026-01-26 01:59:44
1869753057823626206,11,1,10,14,0,1769410670,2026-01-26 01:59:44
66de19ab-0aca-11e7-82f6-3863bb44ef7c,6,6,0,24,0,1769410670,2026-01-26 01:59:44
2100948436010992354,10,9,1,5,0,1769410670,2026-01-26 01:59:44
0ddb965d-95ef-4ce3-bde6-81a56ac1fbd2,5,1,4,25,0,1769410666,2026-01-26 01:59:44
66de4959-0aca-11e7-82f6-3863bb44ef7c,2,2,0,22,0,1769410667,2026-01-26 01:59:44
0f98907a-d4cc-45e0-b174-7d9dfda74106,4,0,4,26,0,1769410667,2026-01-26 01:59:44
66ddea99-0aca-11e7-82f6-3863bb44ef7c,6,5,1,14,0,1769410668,2026-01-26 01:59:44
66dd01c5-0aca-11e7-82f6-3863bb44ef7c,11,0,11,14,0,1769410668,2026-01-26 01:59:44
1834145589124844432,0,0,0,18,0,1769410668,2026-01-26 01:59:44
66de1fe7-0aca-11e7-82f6-3863bb44ef7c,16,1,15,4,0,1769410668,2026-01-26 01:59:44
b4f990dd-36bb-46b3-9eea-4b980bd43c2d,7,7,0,16,0,1769410668,2026-01-26 01:59:44
528ed1e0-75aa-45be-8afe-c3f1c950782f,8,1,7,12,0,1769410665,2026-01-26 01:59:44
d73e26de-8534-4b46-a321-3cae295ef9b2,12,0,12,16,0,1769410665,2026-01-26 01:59:44
63a838a8-9acf-4ba1-91f5-c676f6ef2f7d,10,0,10,9,0,1769410666,2026-01-26 01:59:44
ceb179f3-89c3-4c3e-8a0a-3415406a9463,9,9,0,13,0,1769410668,2026-01-26 01:59:44
2137775326353803668,13,1,12,2,0,1769410669,2026-01-26 01:59:44
1869753484503987044,1,0,1,18,0,1769410669,2026-01-26 01:59:44
1859808514684217788,1,0,1,18,0,1769410669,2026-01-26 01:59:44
18a2cbb6-91f2-4393-82fb-b40a8ba90f20,4,2,2,16,0,1769410669,2026-01-26 01:59:44
1861678548643203686,0,0,0,25,0,1769410669,2026-01-26 01:59:44
66db277a-0aca-11e7-82f6-3863bb44ef7c,16,3,13,7,0,1769410669,2026-01-26 01:59:44
0fa27bd7-b182-4e7a-b5bb-90f4249cb368,18,8,10,5,0,1769410668,2026-01-26 01:59:44
12279d2b-29f6-4e02-a7f0-244970f7edd5,9,4,5,17,0,1769410672,2026-01-26 01:59:44
66db75cc-0aca-11e7-82f6-3863bb44ef7c,41,24,17,1,0,1769410673,2026-01-26 01:59:44
1860189327773878824,16,2,14,8,0,1769410675,2026-01-26 01:59:44
66dc2c78-0aca-11e7-82f6-3863bb44ef7c,13,5,8,69,0,1769410676,2026-01-26 01:59:44
8caf71df-76c3-43fb-be98-d555d2291460,9,9,0,14,0,1769410674,2026-01-26 01:59:44
1860188747953293684,9,1,8,7,0,1769410674,2026-01-26 01:59:44
66dba303-0aca-11e7-82f6-3863bb44ef7c,9,0,9,4,0,1769410673,2026-01-26 01:59:44
6476c5fd-611e-436c-9736-e0f43bb7774e,14,1,13,3,0,1769410673,2026-01-26 01:59:44
3134c2d4-b090-4eb8-ab44-6f9622098f72,10,9,1,8,0,1769410673,2026-01-26 01:59:44
74723006-b32f-4590-8cc7-f15eec3808fe,18,14,4,9,0,1769410675,2026-01-26 01:59:44
7a6fc75f-a605-4dd6-b567-b2bbbfb862f3,17,17,0,0,0,1769410676,2026-01-26 01:59:44
1838070843306263244,7,3,4,11,0,1769410671,2026-01-26 01:59:44
66dd5407-0aca-11e7-82f6-3863bb44ef7c,12,6,6,65,0,1769410671,2026-01-26 01:59:44
1804892772559499512,17,3,14,15,0,1769410671,2026-01-26 01:59:44
1876800925490112950,5,2,3,10,0,1769410675,2026-01-26 01:59:44
0de1f95f-8b1b-4e5e-9eff-73c63265b0ab,18,8,10,9,0,1769410674,2026-01-26 01:59:44
1854538387432581604,18,1,17,3,0,1769410674,2026-01-26 01:59:44
66dbe96d-0aca-11e7-82f6-3863bb44ef7c,20,3,17,25,0,1769410674,2026-01-26 01:59:44
66dde630-0aca-11e7-82f6-3863bb44ef7c,58,17,41,10,0,1769410675,2026-01-26 01:59:44
1814548067447122618,23,15,8,6,0,1769410681,2026-01-26 01:59:44
f8c242cd-da59-4f0e-afd6-832bbdd7d328,12,3,9,4,0,1769410681,2026-01-26 01:59:44
816e50eb-dc4b-47dc-b773-154e2020cb0d,0,0,0,19,0,1769410682,2026-01-26 01:59:44
18415ea7-efce-408d-bcb9-4693fb088dda,27,21,6,4,0,1769410681,2026-01-26 01:59:44
3db799ba-b574-4e5f-95e5-c767bec2acb6,14,6,8,12,0,1769410678,2026-01-26 01:59:44
eb07bdfc-3a6f-40eb-96d2-0b92ac371619,6,3,3,9,0,1769410679,2026-01-26 01:59:44
66dcc37f-0aca-11e7-82f6-3863bb44ef7c,9,2,7,11,0,1769410678,2026-01-26 01:59:44
1860189650739626488,2,2,0,17,0,1769410679,2026-01-26 01:59:44
66de2199-0aca-11e7-82f6-3863bb44ef7c,16,2,14,11,0,1769410679,2026-01-26 01:59:44
66dc292c-0aca-11e7-82f6-3863bb44ef7c,14,12,2,33,0,1769410680,2026-01-26 01:59:44
78aabb95-6195-4aa7-ab0d-5748eeb26bd1,21,11,10,8,0,1769410680,2026-01-26 01:59:44
372c592e-09d8-400c-9595-2aa3510f39b0,6,5,1,15,0,1769410680,2026-01-26 01:59:44
4efda436-cd19-4ec3-acc7-1a622f723264,0,0,0,18,0,1769410680,2026-01-26 01:59:44
481624f3-9377-4dfd-a5dd-de05a7fef760,3,0,3,16,0,1769410678,2026-01-26 01:59:44
66dc1687-0aca-11e7-82f6-3863bb44ef7c,9,6,3,1,0,1769410677,2026-01-26 01:59:44
b35ba3c0-d3e8-4b1a-b63b-73a7bb518c9e,6,4,2,11,0,1769410677,2026-01-26 01:59:44
1d3a8670-09b3-4127-b750-af5311e565f0,8,1,7,10,0,1769410678,2026-01-26 01:59:44
1814906692908349788,10,0,10,11,0,1769410677,2026-01-26 01:59:44
66dc7f02-0aca-11e7-82f6-3863bb44ef7c,90,82,8,13,0,1769410678,2026-01-26 01:59:44
66dd24ca-0aca-11e7-82f6-3863bb44ef7c,28,16,12,18,0,1769410683,2026-01-26 01:59:44
bcb08532-f0d5-4c0e-ad8a-4ddacc204791,6,4,2,10,0,1769410684,2026-01-26 01:59:44
66de71af-0aca-11e7-82f6-3863bb44ef7c,25,1,24,9,0,1769410683,2026-01-26 01:59:44
3a89411a-0bc6-4ba3-bc56-fab950c8eba1,20,1,19,0,0,1769410683,2026-01-26 01:59:44
b896d83d-5524-4c9c-a2aa-c1b0edaadc22,1,0,1,18,0,1769410683,2026-01-26 01:59:44
66dce9b5-0aca-11e7-82f6-3863bb44ef7c,4,1,3,27,0,1769410684,2026-01-26 01:59:44
18eccc71-66be-4e4c-8335-095a9bf0df94,9,3,6,20,0,1769410685,2026-01-26 01:59:44
66de5005-0aca-11e7-82f6-3863bb44ef7c,15,5,10,10,0,1769410685,2026-01-26 01:59:44
26217b73-7bb5-46e6-8094-1db05becd617,18,17,1,7,0,1769410685,2026-01-26 01:59:44
66dd4ec7-0aca-11e7-82f6-3863bb44ef7c,20,16,4,52,0,1769410684,2026-01-26 01:59:44
1960019951675478680,7,6,1,21,0,1769410685,2026-01-26 01:59:44
4f814d78-5d8d-458b-877e-2ca449b865be,1,0,1,19,0,1769410682,2026-01-26 01:59:44
6d766daf-9298-4059-a329-1818582d495f,12,11,1,5,0,1769410683,2026-01-26 01:59:44
1846086362824884662,19,0,19,0,0,1769410682,2026-01-26 01:59:44
c602146e-d69d-43b6-9e8f-054c4df5377e,14,3,11,4,0,1769410685,2026-01-26 01:59:44
c63a83a0-bda1-40a6-835b-f82c363543b9,4,2,2,16,0,1769410688,2026-01-26 01:59:44
66db4549-0aca-11e7-82f6-3863bb44ef7c,10,2,8,12,0,1769410689,2026-01-26 01:59:44
82c85f05-4722-48ae-9f64-0522012eb3c8,5,2,3,17,0,1769410689,2026-01-26 01:59:44
1817432434869846072,13,1,12,7,0,1769410684,2026-01-26 01:59:44
66dc0dab-0aca-11e7-82f6-3863bb44ef7c,3,2,1,107,0,1769410684,2026-01-26 01:59:44
2546c9b9-5b1a-4e9f-a9cc-f8b986b79748,11,3,8,8,0,1769410687,2026-01-26 01:59:44
3f05490b-a3d8-4d15-bd25-0212555b5dff,17,1,16,2,0,1769410687,2026-01-26 01:59:44
66dbe15d-0aca-11e7-82f6-3863bb44ef7c,6,5,1,19,0,1769410687,2026-01-26 01:59:44
66dbec40-0aca-11e7-82f6-3863bb44ef7c,22,15,7,33,0,1769410687,2026-01-26 01:59:44
1828967979464708718,0,0,0,21,0,1769410688,2026-01-26 01:59:44
1794852638057746848,21,1,20,0,0,1769410686,2026-01-26 01:59:44
c2d549f8-f54c-4a0d-9ecd-6e6f79118279,12,4,8,10,0,1769410687,2026-01-26 01:59:44
d040a7b3-85b5-4c0d-9c92-3f4ad0082143,3,2,1,27,0,1769410688,2026-01-26 01:59:44
6fb81fda-f0b5-4242-90f9-88d0214feb8d,1,0,1,17,0,1769410689,2026-01-26 01:59:44
c4e9905f-457b-4be0-a878-2aa53fa0b09b,20,0,20,2,0,1769410690,2026-01-26 01:59:44
66dbc37a-0aca-11e7-82f6-3863bb44ef7c,7,5,2,48,0,1769410690,2026-01-26 01:59:44
4e9a1c3a-20e2-4fd5-b8de-fbf8d43e7bcc,7,0,7,12,0,1769410690,2026-01-26 01:59:44
8a89684b-40a5-49fe-b75d-fdf32ffa8102,17,2,15,0,0,1769410690,2026-01-26 01:59:44
1846085439406916338,7,3,4,15,0,1769410690,2026-01-26 01:59:44
b4b5824b-3c23-44b7-92a3-cec6a54583a0,8,1,7,10,0,1769410693,2026-01-26 01:59:44
1851254468343716806,17,2,15,1,0,1769410693,2026-01-26 01:59:44
59df3823-0369-4a10-8132-05df34a170af,24,4,20,20,0,1769410693,2026-01-26 01:59:44
1dacb0f6-29f5-4d1b-b910-92ffa5b4ca5d,13,0,13,26,0,1769410693,2026-01-26 01:59:44
54df610f-0e47-4958-98ca-37bb1b1c4dca,6,5,1,16,0,1769410691,2026-01-26 01:59:44
7dda8844-60ba-4449-b05c-54c1d14ab5fb,59,47,12,4,0,1769410695,2026-01-26 01:59:44
61f2ffd4-159a-42b3-a4d9-3fdfc3349074,2,0,2,18,0,1769410696,2026-01-26 01:59:44
ff9581d3-3e1a-463a-bdab-d8150c468be2,9,4,5,22,0,1769410696,2026-01-26 01:59:44
ef6216aa-d3c8-46bb-8c6b-b62f8ba51b16,7,0,7,12,0,1769410692,2026-01-26 01:59:44
66dcbac5-0aca-11e7-82f6-3863bb44ef7c,10,2,8,9,0,1769410692,2026-01-26 01:59:44
5645b05e-85be-460d-8506-cacd20bff233,27,3,24,1,0,1769410692,2026-01-26 01:59:44
1859088223746072684,8,0,8,7,0,1769410693,2026-01-26 01:59:44
f833d403-2cf5-424a-a3b3-0314a44b4a67,17,0,17,16,0,1769410695,2026-01-26 01:59:44
1815968237323833702,17,1,16,4,0,1769410695,2026-01-26 01:59:44
c8c39d85-4ce7-46c5-b709-998067200780,0,0,0,21,0,1769410695,2026-01-26 01:59:44
09dfc0e3-a448-477c-bb3c-9467dc51ef8d,47,17,30,25,0,1769410694,2026-01-26 01:59:44
66dd4c5f-0aca-11e7-82f6-3863bb44ef7c,5,3,2,57,0,1769410694,2026-01-26 01:59:44
66dc120f-0aca-11e7-82f6-3863bb44ef7c,25,16,9,46,0,1769410694,2026-01-26 01:59:44
66de12ff-0aca-11e7-82f6-3863bb44ef7c,10,9,1,11,0,1769410690,2026-01-26 01:59:44
d2b23c87-b7c3-48c2-a634-db4b76ecbcf7,6,3,3,12,0,1769410700,2026-01-26 01:59:44
1799624430022654108,6,2,4,13,0,1769410699,2026-01-26 01:59:44
c3189056-8eda-4278-891f-e8e15c2d759a,15,0,15,10,0,1769410700,2026-01-26 01:59:44
1929504694747056164,3,2,1,38,0,1769410700,2026-01-26 01:59:44
66dde4ef-0aca-11e7-82f6-3863bb44ef7c,8,6,2,14,0,1769410698,2026-01-26 01:59:44
f3782e27-c49a-4ee9-b188-0c13cad54688,2,0,2,16,0,1769410698,2026-01-26 01:59:44
545a32d3-b74c-4dc2-b82c-a6d185dd4666,4,4,0,15,0,1769410699,2026-01-26 01:59:44
66de677e-0aca-11e7-82f6-3863bb44ef7c,19,3,16,6,0,1769410699,2026-01-26 01:59:44
1828965347681089818,15,3,12,4,0,1769410696,2026-01-26 01:59:44
517409d3-a94a-4140-a6de-ff0de9221ed2,3,1,2,18,0,1769410696,2026-01-26 01:59:44
66dd9fa6-0aca-11e7-82f6-3863bb44ef7c,12,10,2,48,0,1769410697,2026-01-26 01:59:44
2124426077519611940,1,0,1,13,0,1769410700,2026-01-26 01:59:44
566a6389-5c22-49ca-8c24-4d9eea135170,19,4,15,9,0,1769410700,2026-01-26 01:59:44
bf880f45-422c-4e0b-b3b0-2b1f5ba94da4,5,3,2,13,0,1769410700,2026-01-26 01:59:44
1937777808143497236,0,0,0,27,0,1769410701,2026-01-26 01:59:44
75352ab4-8a31-4926-8b59-048a9e506452,12,3,9,1,0,1769410701,2026-01-26 01:59:44
66dce8db-0aca-11e7-82f6-3863bb44ef7c,24,9,15,13,0,1769410698,2026-01-26 01:59:44
26cae473-0e59-4af7-bad5-bb6fec85c8bc,3,0,3,18,0,1769410699,2026-01-26 01:59:44
6e5a8cab-cf1a-4584-8133-01835b56ad71,6,0,6,17,0,1769410700,2026-01-26 01:59:44
ca7ec509-cefc-4ac6-b729-08999d191051,17,3,14,4,0,1769410698,2026-01-26 01:59:44
7779e057-b33e-46a7-8a1e-8c28bcd9a558,8,0,8,11,0,1769410701,2026-01-26 01:59:44
038b7369-9c6e-4eb2-8569-f7461443302f,12,0,12,4,0,1769410704,2026-01-26 01:59:44
ab6aadd8-fa45-43aa-abea-c8e01ec5a0c8,0,0,0,2,0,1769401472,2026-01-26 01:59:44
b96507c5-7c90-499d-9c45-58f25d6f636a,2,1,1,15,0,1769410704,2026-01-26 01:59:44
191d5d54-de64-4312-99c7-eee141efa4ef,2,1,1,19,0,1769410703,2026-01-26 01:59:44
dd482585-3028-453f-a98d-55019db9b26c,38,0,38,5,0,1769410703,2026-01-26 01:59:44
66dd45c7-0aca-11e7-82f6-3863bb44ef7c,19,14,5,7,0,1769410703,2026-01-26 01:59:44
f401cd5f-cb41-41f8-a857-4a4dfe778f94,21,13,8,0,0,1769410702,2026-01-26 01:59:44
a45a712c-1e3d-4fee-bef8-adafafd80670,6,3,3,11,0,1769410702,2026-01-26 01:59:44
66dbef15-0aca-11e7-82f6-3863bb44ef7c,33,13,20,16,0,1769410702,2026-01-26 01:59:44
6cd10426-b4e9-40e1-9b35-61f609190ac0,29,17,12,4,0,1769410703,2026-01-26 01:59:44
1835618878584115330,21,2,19,2,0,1769410702,2026-01-26 01:59:44
f681f980-185d-45b9-8490-bb2606624dd4,1,1,0,16,0,1769410706,2026-01-26 01:59:44
912813fc-fde4-4430-8443-a4fa21477e7f,1,1,0,21,0,1769410705,2026-01-26 01:59:44
1828965172312150882,11,2,9,10,0,1769410704,2026-01-26 01:59:44
7d5fa1f0-4069-4d5d-b735-5d500597394a,40,25,15,7,0,1769410704,2026-01-26 01:59:44
62b97c1e-9d06-4c5e-b9c3-d76099e37fe4,10,5,5,10,0,1769410705,2026-01-26 01:59:44
66de4bbb-0aca-11e7-82f6-3863bb44ef7c,11,1,10,10,0,1769410710,2026-01-26 01:59:44
66dc10d1-0aca-11e7-82f6-3863bb44ef7c,16,4,12,26,0,1769410711,2026-01-26 01:59:44
1786700154621508184,10,3,7,18,0,1769410711,2026-01-26 01:59:44
1795146692060860976,14,1,13,5,0,1769410709,2026-01-26 01:59:44
66dd4a52-0aca-11e7-82f6-3863bb44ef7c,5,3,2,25,0,1769410709,2026-01-26 01:59:44
c638ec67-9ac0-416f-944f-619926144931,69,67,2,51,0,1769410709,2026-01-26 01:59:44
ec42fb3a-af54-46aa-a8b3-b17d72ed4475,12,1,11,6,0,1769410710,2026-01-26 01:59:44
66de2b2f-0aca-11e7-82f6-3863bb44ef7c,47,7,40,3,0,1769410707,2026-01-26 01:59:44
1817822909864556798,8,4,4,17,0,1769410707,2026-01-26 01:59:44
44fa161f-eb62-459b-b53e-da83788cfa2a,0,0,0,26,0,1769410707,2026-01-26 01:59:44
1835250442210857240,18,4,14,0,0,1769410707,2026-01-26 01:59:44
c606bae0-889c-47c3-8202-9463ef147655,14,0,14,8,0,1769410707,2026-01-26 01:59:44
66db3053-0aca-11e7-82f6-3863bb44ef7c,55,45,10,15,0,1769410708,2026-01-26 01:59:44
44c23eaa-7ddf-40b3-8373-6f3880c5e1b1,5,4,1,14,0,1769410706,2026-01-26 01:59:44
66dcc0b2-0aca-11e7-82f6-3863bb44ef7c,13,6,7,9,0,1769410706,2026-01-26 01:59:44
5145ad1c-241f-4448-a742-739bd5c518c2,6,2,4,10,0,1769410707,2026-01-26 01:59:44
b4974d89-932c-4a9f-a264-2ea0cf70613e,8,7,1,10,0,1769410707,2026-01-26 01:59:44
a4d041fd-c5fa-4f52-800c-25d7a661a875,4,0,4,16,0,1769410707,2026-01-26 01:59:44
69f84045-48f9-4c6c-90d3-0503e5ed39e9,2,2,0,17,0,1769410707,2026-01-26 01:59:44
493850bd-125b-49f5-932b-bf999504fb06,1,0,1,17,0,1769410708,2026-01-26 01:59:44
1786698974100683436,20,12,8,33,0,1769410708,2026-01-26 01:59:44
1828968883163894358,11,0,11,9,0,1769410711,2026-01-26 01:59:44
1840540852548303628,1,0,1,17,0,1769410711,2026-01-26 01:59:44
1888015107269225164,14,13,1,23,0,1769410712,2026-01-26 01:59:44
c80c55c4-d623-42d7-8acf-6bfa68a84ecb,6,5,1,12,0,1769410707,2026-01-26 01:59:44
1854538962214948918,17,1,16,0,0,1769410711,2026-01-26 01:59:44
55a4dc76-d839-4e06-9bf4-2f343391343c,3,1,2,16,0,1769410712,2026-01-26 01:59:44
ffae66ec-7c16-436f-bd0a-eedf81d580e7,7,4,3,13,0,1769410715,2026-01-26 01:59:44
4c03fa2d-89da-4f0b-8f19-c7de5edbe256,16,0,16,7,0,1769410715,2026-01-26 01:59:44
66dd46a2-0aca-11e7-82f6-3863bb44ef7c,12,2,10,33,0,1769410716,2026-01-26 01:59:44
475c44e1-31e3-4c60-b071-af2ca3f7618c,2,2,0,17,0,1769410716,2026-01-26 01:59:44
66880044-5411-4143-af39-eaa0a0fd0528,14,7,7,14,0,1769410716,2026-01-26 01:59:44
56b3ca32-104a-4920-a879-a97a820858c4,18,0,18,7,0,1769410716,2026-01-26 01:59:44
66db6963-0aca-11e7-82f6-3863bb44ef7c,54,12,42,19,0,1769410714,2026-01-26 01:59:44
2121032386733337206,11,3,8,0,0,1769410691,2026-01-26 01:59:44
66dea7b5-0aca-11e7-82f6-3863bb44ef7c,6,3,3,33,0,1769410715,2026-01-26 01:59:44
66dc0f8a-0aca-11e7-82f6-3863bb44ef7c,37,11,26,14,0,1769410717,2026-01-26 01:59:44
2124037250266884686,8,2,6,1,0,1769410717,2026-01-26 01:59:44
c00ef46d-fcde-48e2-afbd-0fb595fe3fa7,24,12,11,3,0,1769410717,2026-01-26 01:59:44
3eb10c63-ea4c-4161-b07d-a29034f7367a,7,1,6,8,0,1769410717,2026-01-26 01:59:44
1f8f6714-42a7-45d5-86cd-a093c940b2c9,2,2,0,22,0,1769410717,2026-01-26 01:59:44
0fde06c2-632c-46a9-8866-f4e855604f74,21,13,8,44,0,1769410713,2026-01-26 01:59:44
0138452a-b9f4-4aee-80b0-7fae9a122ffe,3,2,1,36,0,1769410713,2026-01-26 01:59:44
2124381939991318658,4,3,1,8,0,1769410713,2026-01-26 01:59:44
66db9e99-0aca-11e7-82f6-3863bb44ef7c,3,3,0,15,0,1769410713,2026-01-26 01:59:44
5526b855-dc09-4159-a20a-99651861a481,18,18,0,7,0,1769410713,2026-01-26 01:59:44
837b7db3-55c6-4595-a497-834972631752,3,3,0,12,0,1769410714,2026-01-26 01:59:44
b713367c-3572-4225-b74a-9319ab537838,1,0,1,17,0,1769410713,2026-01-26 01:59:44
66de0d91-0aca-11e7-82f6-3863bb44ef7c,26,1,25,0,0,1769410713,2026-01-26 01:59:44
2138075988152462096,12,0,12,4,0,1769410658,2026-01-26 01:59:44
498d7e8e-5164-4f26-9ce6-399947d73b1a,13,7,6,1,0,1769410712,2026-01-26 01:59:44
66de13dc-0aca-11e7-82f6-3863bb44ef7c,0,0,0,0,0,1769410718,2026-01-26 01:59:44
655ad2f2-6bcc-4eee-95a9-4f528c0b81cd,6,1,5,8,0,1769410718,2026-01-26 01:59:44
66dd515d-0aca-11e7-82f6-3863bb44ef7c,6,5,1,15,0,1769410718,2026-01-26 01:59:44
d45b62b9-7d6b-43b2-bf1e-2c898c55dfd2,4,2,2,11,0,1769410718,2026-01-26 01:59:44
1b00fb53-da32-4b14-9a9a-84a391c8951c,5,5,0,21,0,1769410718,2026-01-26 01:59:44
b371c432-b682-412f-9b85-8df84ce7a9f3,6,0,6,14,0,1769410721,2026-01-26 01:59:44
47da6ab2-c841-4f2d-97ef-dd8d441c96b1,1,1,0,16,0,1769410721,2026-01-26 01:59:44
1096fc76-794e-4343-8eb0-0dd6c9a48266,3,2,1,13,0,1769410721,2026-01-26 01:59:44
38af3d1a-9916-46cf-b22e-86fc8648bf30,13,2,11,7,0,1769410721,2026-01-26 01:59:44
eb217a2c-1dd0-4690-a34e-ecc1a708f883,2,1,1,17,0,1769410721,2026-01-26 01:59:44
1869743938848725856,82,58,24,0,0,1769410721,2026-01-26 01:59:44
1822663031356509142,11,1,10,8,0,1769410722,2026-01-26 01:59:44
1849009654626746672,12,0,12,3,0,1769410721,2026-01-26 01:59:44
f9ed9a6b-097e-48b9-a9d1-79d084dcd2d9,2,0,2,14,0,1769410722,2026-01-26 01:59:44
1840504138040045682,9,0,9,11,0,1769410722,2026-01-26 01:59:44
8d650b03-920d-4d44-a48f-8d9a1a0ba264,18,8,10,2,0,1769410722,2026-01-26 01:59:44
2124037125711300644,15,11,4,5,0,1769410722,2026-01-26 01:59:44
66dc3ab9-0aca-11e7-82f6-3863bb44ef7c,47,38,9,14,0,1769410722,2026-01-26 01:59:44
2124035976827702128,2,1,1,12,0,1769410691,2026-01-26 01:59:44
66dd17a5-0aca-11e7-82f6-3863bb44ef7c,27,15,12,18,0,1769410722,2026-01-26 01:59:44
83a5d761-57d0-4cd6-aa2b-7eb350120d99,2,1,1,16,0,1769410722,2026-01-26 01:59:44
5f63411c-91ce-4788-a567-d388cc812a15,3,0,3,26,0,1769410723,2026-01-26 01:59:44
1835246658344669972,3,2,1,15,0,1769410723,2026-01-26 01:59:44
66ddec3e-0aca-11e7-82f6-3863bb44ef7c,5,4,1,15,0,1769410722,2026-01-26 01:59:44
581bc4fe-cf14-4767-8377-6fa156ff8a29,8,4,4,10,0,1769410723,2026-01-26 01:59:44
6b60bf55-3da4-439a-bde1-fc80be8623ba,6,5,1,16,0,1769410723,2026-01-26 01:59:44
0f45bcf6-7028-4584-a51e-4129847dbebc,24,16,8,13,0,1769410723,2026-01-26 01:59:44
69717638-5c4a-47a7-bccb-3b42c81eb09f,6,1,5,9,0,1769410724,2026-01-26 01:59:44
4e747443-d481-4aea-a6d1-cf20204af4ba,15,2,13,4,0,1769410723,2026-01-26 01:59:44
922763d6-d73c-4678-8bcd-f42ee3a236db,9,0,9,11,0,1769410724,2026-01-26 01:59:44
00967b8f-1a4d-4131-a65a-17fa8ca89e28,3,2,1,13,0,1769410724,2026-01-26 01:59:44
90b141b9-c39f-4a26-a32d-08c7d1474d52,1,1,0,16,0,1769410719,2026-01-26 01:59:44
1838071008881986168,11,1,10,14,0,1769410719,2026-01-26 01:59:44
d89dc10f-9be3-45a5-9c3c-06c04c963436,16,1,15,1,0,1769410719,2026-01-26 01:59:44
66dc17df-0aca-11e7-82f6-3863bb44ef7c,11,2,9,19,0,1769410720,2026-01-26 01:59:44
99614ecb-2329-49fa-a13a-fa1ef2bb32d6,5,1,4,13,0,1769410720,2026-01-26 01:59:44
66dd3d7f-0aca-11e7-82f6-3863bb44ef7c,13,10,3,18,0,1769410721,2026-01-26 01:59:44
3e1bdcec-e762-4e83-b447-007f05923cce,6,5,1,15,0,1769410721,2026-01-26 01:59:44
f62526d4-9c6a-4c76-be76-c64b5be669d2,2,1,1,19,0,1769410724,2026-01-26 01:59:44
2126622241630343402,11,8,3,7,0,1769410725,2026-01-26 01:59:44
66dc2995-0aca-11e7-82f6-3863bb44ef7c,11,9,2,39,0,1769410725,2026-01-26 01:59:44
66ddeaff-0aca-11e7-82f6-3863bb44ef7c,8,3,5,19,0,1769410721,2026-01-26 01:59:44
33840944-aa92-4d91-9de8-d29e5cd0b2d9,11,0,11,18,0,1769410723,2026-01-26 01:59:44
2124036994734951288,5,0,5,2,0,1769410722,2026-01-26 01:59:44
53ef19c6-eaa7-47f7-807e-f51b574b1be0,10,0,10,7,0,1769410730,2026-01-26 01:59:44
cb9840a3-4ae2-420d-865c-9ac45e2f5485,11,7,4,4,0,1769410730,2026-01-26 01:59:44
4568f854-1268-45cf-bac8-82286ef40ae6,13,2,11,8,0,1769410730,2026-01-26 01:59:44
66de1ea2-0aca-11e7-82f6-3863bb44ef7c,11,8,3,11,0,1769410730,2026-01-26 01:59:44
943a1a27-1328-4823-8945-28d845280383,21,19,2,1,0,1769410730,2026-01-26 01:59:44
b4a320d6-2611-4940-96ca-17fb297ec826,11,0,11,6,0,1769410730,2026-01-26 01:59:44
1950648049868542106,9,4,5,15,0,1769410730,2026-01-26 01:59:44
66dde76a-0aca-11e7-82f6-3863bb44ef7c,6,6,0,19,0,1769410730,2026-01-26 01:59:44
98ebf9c6-1d94-4e21-9007-c623875fdb5e,12,1,11,4,0,1769410725,2026-01-26 01:59:44
1859438049977968878,19,4,15,8,0,1769410725,2026-01-26 01:59:44
ba33c334-e17d-4478-ae3c-9c2f4dbfbb51,1,1,0,14,0,1769410725,2026-01-26 01:59:44
66dbee85-0aca-11e7-82f6-3863bb44ef7c,13,6,7,61,0,1769410725,2026-01-26 01:59:44
1927314940904608224,5,1,4,19,0,1769410726,2026-01-26 01:59:44
1814901062206225038,7,0,7,12,0,1769410726,2026-01-26 01:59:44
1f088432-0460-421e-a1d9-36890fa5396d,10,6,4,6,0,1769410726,2026-01-26 01:59:44
4d24ab76-2f4a-4004-9fc5-09c00c1d9aa4,25,2,23,3,0,1769410726,2026-01-26 01:59:44
f523c481-ba41-44ba-96e1-0c431fbea558,8,6,2,15,0,1769410726,2026-01-26 01:59:44
5a24acbb-94ef-4cb5-9db8-f6073ac26a2b,3,3,0,17,0,1769410726,2026-01-26 01:59:44
66dd4d70-0aca-11e7-82f6-3863bb44ef7c,8,7,1,27,0,1769410727,2026-01-26 01:59:44
96e72113-3681-4d19-88bb-032e76720093,28,25,3,15,0,1769410727,2026-01-26 01:59:44
a2cf5872-bd4c-4311-832e-d62fd779ecc3,9,0,9,13,0,1769410727,2026-01-26 01:59:44
66dc3e89-0aca-11e7-82f6-3863bb44ef7c,6,1,5,57,0,1769410727,2026-01-26 01:59:44
563389a0-d90f-4155-9c50-528459df26aa,12,4,8,10,0,1769410727,2026-01-26 01:59:44
ca5cc034-a95d-446e-8314-6691589886b1,15,13,2,2,0,1769410727,2026-01-26 01:59:44
b0bac4ef-bb57-4598-a433-75c281170d5b,9,1,8,11,0,1769410729,2026-01-26 01:59:44
66de63cd-0aca-11e7-82f6-3863bb44ef7c,13,2,11,5,0,1769410729,2026-01-26 01:59:44
77e31650-e86a-4b06-b2de-b92df2a7a7f5,27,8,19,1,0,1769410727,2026-01-26 01:59:44
7a1ad7c0-4958-4354-91a1-11bf13348abd,12,0,12,6,0,1769410728,2026-01-26 01:59:44
2c8b263e-952c-4941-a671-ef0ebb062632,18,2,16,1,0,1769410728,2026-01-26 01:59:44
1b038e21-e199-4c47-bef0-f4bcdc06b73b,24,24,0,18,0,1769410728,2026-01-26 01:59:44
af72ab76-c6cb-4994-af96-51fa8846ecdc,1,0,1,18,0,1769410728,2026-01-26 01:59:44
1814907590556515014,16,3,13,4,0,1769410728,2026-01-26 01:59:44
e9b3a725-6963-4151-8f7f-9beeb51fa20f,2,2,0,13,0,1769410729,2026-01-26 01:59:44
1975518133370609774,65,60,5,34,0,1769410730,2026-01-26 01:59:44
645e4365-653f-48ce-bc15-5fcc287be56f,7,3,4,58,0,1769410728,2026-01-26 01:59:44
e35c42c6-8b73-4528-b08d-c94b75624b40,11,1,10,9,0,1769410726,2026-01-26 01:59:44
66dc8db1-0aca-11e7-82f6-3863bb44ef7c,46,4,42,8,0,1769410730,2026-01-26 01:59:44
66dc80b4-0aca-11e7-82f6-3863bb44ef7c,8,4,4,51,0,1769410731,2026-01-26 01:59:44
93da4d1b-d574-45b0-85d7-5b82e2887267,16,0,16,3,0,1769410731,2026-01-26 01:59:44
c190f78c-77ad-469e-aecc-e2af7bb6d92a,20,2,18,0,0,1769410731,2026-01-26 01:59:44
f34ea09d-32f9-492c-9124-99059bc0b5dd,13,0,13,6,0,1769410731,2026-01-26 01:59:44
66dd056e-0aca-11e7-82f6-3863bb44ef7c,10,3,7,4,0,1769410731,2026-01-26 01:59:44
66db76a1-0aca-11e7-82f6-3863bb44ef7c,13,1,12,80,0,1769410731,2026-01-26 01:59:44
1786698321265653818,10,7,3,27,0,1769410733,2026-01-26 01:59:44
493e046c-5d62-4772-90c4-b6a9f4afcd39,6,2,4,10,0,1769410733,2026-01-26 01:59:44
66de73fd-0aca-11e7-82f6-3863bb44ef7c,4,1,3,20,0,1769410733,2026-01-26 01:59:44
180b83a0-329c-4069-87be-df862cb1baed,18,14,4,0,0,1769410733,2026-01-26 01:59:44
0dd71c6d-11ee-4ad4-ba99-36b9ad36112c,15,9,6,6,0,1769410733,2026-01-26 01:59:44
66de0a78-0aca-11e7-82f6-3863bb44ef7c,16,0,16,3,0,1769410734,2026-01-26 01:59:44
1862002854876824190,6,0,6,14,0,1769410734,2026-01-26 01:59:44
d265dbc7-ef55-4f5b-8a2b-f2015dc71fb8,16,1,15,8,0,1769410734,2026-01-26 01:59:44
66dc7ba2-0aca-11e7-82f6-3863bb44ef7c,14,5,9,13,0,1769410734,2026-01-26 01:59:44
1960020234227886806,4,4,0,45,0,1769410735,2026-01-26 01:59:44
66dd4ccc-0aca-11e7-82f6-3863bb44ef7c,25,18,7,21,0,1769410735,2026-01-26 01:59:44
66dbcd6c-0aca-11e7-82f6-3863bb44ef7c,6,5,1,26,0,1769410735,2026-01-26 01:59:44
1965202298784063998,7,0,7,18,0,1769410735,2026-01-26 01:59:44
66de0861-0aca-11e7-82f6-3863bb44ef7c,17,16,1,9,0,1769410735,2026-01-26 01:59:44
66dd26f9-0aca-11e7-82f6-3863bb44ef7c,20,5,15,11,0,1769410735,2026-01-26 01:59:44
6fd61eee-d0ef-4580-9704-bd06b82bcb61,5,4,1,26,0,1769410736,2026-01-26 01:59:44
66db3687-0aca-11e7-82f6-3863bb44ef7c,13,10,3,23,0,1769410732,2026-01-26 01:59:44
324e93c8-4f3d-4a5f-becd-00e6f49fe4dd,13,0,13,6,0,1769410732,2026-01-26 01:59:44
f3140fb8-347b-4dca-96df-eeef2d1bfc50,6,1,5,9,0,1769410732,2026-01-26 01:59:44
1898751402035634700,9,1,8,8,0,1769410733,2026-01-26 01:59:44
66dde69c-0aca-11e7-82f6-3863bb44ef7c,2,1,1,14,0,1769410732,2026-01-26 01:59:44
8aad788d-c7eb-4fca-a426-c39f47741a6f,23,6,17,1,0,1769410733,2026-01-26 01:59:44
0687075b-cf2d-4130-a859-fe841aafbd3f,17,1,16,3,0,1769410733,2026-01-26 01:59:44
66db9c2e-0aca-11e7-82f6-3863bb44ef7c,13,4,9,28,0,1769410734,2026-01-26 01:59:44
068b919c-f649-4091-8e12-ccf37191cad5,3,2,1,15,0,1769410734,2026-01-26 01:59:44
1882824287789509296,16,12,4,29,0,1769410734,2026-01-26 01:59:44
579e583e-60ab-4f2a-83d0-fabebddfcd0f,14,14,0,1,0,1769410735,2026-01-26 01:59:44
66dc6a86-0aca-11e7-82f6-3863bb44ef7c,7,6,1,68,0,1769410735,2026-01-26 01:59:44
499e10ad-c008-461e-8cf7-20757218a9cc,1,1,0,20,0,1769410731,2026-01-26 01:59:44
549b5bc4-b949-4eeb-8ffb-2215e1e49892,39,12,27,13,0,1769410732,2026-01-26 01:59:44
42c3bb6e-0478-4e4a-af10-151f5f4dffb9,14,3,11,5,0,1769410732,2026-01-26 01:59:44
66dbe68e-0aca-11e7-82f6-3863bb44ef7c,46,37,9,6,0,1769410732,2026-01-26 01:59:44
d18512f9-52c8-4175-92b9-b6258dc30748,1,1,0,18,0,1769410736,2026-01-26 01:59:44
1986707977001495180,7,1,6,12,0,1769410736,2026-01-26 01:59:44
754ac5df-f2b5-4636-8c58-ed84ea262bde,4,4,0,16,0,1769410736,2026-01-26 01:59:44
2124425439157234232,5,3,2,8,0,1769410724,2026-01-26 01:59:44
7f402242-dc1b-4a48-ba21-58c4fa7216b4,17,6,11,0,0,1769410737,2026-01-26 01:59:44
b79c8433-9dd1-4d68-9156-7f2c2162bafe,7,3,4,18,0,1769410737,2026-01-26 01:59:44
2126623765785393224,5,3,2,13,0,1769410737,2026-01-26 01:59:44
1851674198082642572,19,2,17,1,0,1769410737,2026-01-26 01:59:44
1917312704757770810,13,9,4,25,0,1769410737,2026-01-26 01:59:44
66db6f2e-0aca-11e7-82f6-3863bb44ef7c,27,23,4,12,0,1769410737,2026-01-26 01:59:44
1880643645302280466,21,21,0,9,0,1769410737,2026-01-26 01:59:44
e152a2e1-c510-404e-a100-24246bb6cc95,5,2,3,11,0,1769410738,2026-01-26 01:59:44
66de85d2-0aca-11e7-82f6-3863bb44ef7c,21,16,5,19,0,1769410738,2026-01-26 01:59:44
92fc1ad7-0867-4655-b02f-ede65d336b14,9,6,3,8,0,1769410738,2026-01-26 01:59:44
66dbc420-0aca-11e7-82f6-3863bb44ef7c,29,12,17,21,0,1769410738,2026-01-26 01:59:44
26b3a82b-3487-44c2-85f1-eddb5a8a3a9d,18,0,18,2,0,1769410737,2026-01-26 01:59:44
cbf76774-1276-4cf8-9442-f00571f1451c,22,22,0,9,0,1769410737,2026-01-26 01:59:44
66dc686c-0aca-11e7-82f6-3863bb44ef7c,65,49,16,28,0,1769410738,2026-01-26 01:59:44
c2bb1874-bcb7-47c5-aa7d-05423b9087e8,1,1,0,18,0,1769410737,2026-01-26 01:59:44
66dd1d9c-0aca-11e7-82f6-3863bb44ef7c,24,4,20,3,0,1769410738,2026-01-26 01:59:44
66de1516-0aca-11e7-82f6-3863bb44ef7c,11,2,9,21,0,1769410738,2026-01-26 01:59:44
fbaffdbd-dab5-4127-9bd5-36bf58093ea8,12,9,3,11,0,1769410738,2026-01-26 01:59:44
66dc840f-0aca-11e7-82f6-3863bb44ef7c,19,11,8,37,0,1769410738,2026-01-26 01:59:44
66db41bf-0aca-11e7-82f6-3863bb44ef7c,32,16,16,1,0,1769410738,2026-01-26 01:59:44
2171903221356328154,0,0,0,0,0,86400,2026-01-26 01:59:44
2171903733697659376,0,0,0,0,0,86400,2026-01-26 01:59:44
2171903845366809074,0,0,0,0,0,86400,2026-01-26 01:59:44
d67375ea-3f93-4996-b0dc-f542341f2e6a,0,0,0,0,0,86400,2026-01-26 01:59:44
a93cb1ec-fb37-4faf-a7e7-d1e5a9e9af95,0,0,0,0,0,86400,2026-01-26 01:59:44
ab5c5ee6-9c4e-4aaa-a14e-d236d3e01d9a,0,0,0,0,0,86400,2026-01-26 01:59:44
32c60668-a192-4d06-aa7c-6d6f7aed6b45,0,0,0,0,0,86400,2026-01-26 01:59:44
fd0e86e3-079d-40aa-8231-ec2cbdbd9e7f,0,0,0,0,0,86400,2026-01-26 01:59:44
2177016792070807878,0,0,0,0,0,86400,2026-01-26 01:59:44
2177015593774932282,0,0,0,0,0,86400,2026-01-26 01:59:44
d2024260-cc58-451b-9417-3a695f8a1b34,0,0,0,0,0,1767211364,2026-01-26 01:59:44
0c923abb-298a-4a47-b132-9fae73cc59e6,0,0,0,3,0,1769365296,2026-01-26 01:59:44
753591ba-36f7-4ded-ab7d-40df9994a05f,0,0,0,8,0,1769393352,2026-01-26 01:59:44
a70b26b7-fbad-4787-bf15-29f7b13a19ab,6,3,3,13,0,1769410508,2026-01-26 01:59:44
4543214c-c9d4-4f20-9cd9-dd05cc365931,19,19,0,26,0,1769410540,2026-01-26 01:59:44
c530a1cb-7c60-4651-be8a-9bfa5eb43f8a,14,5,9,15,0,1769410548,2026-01-26 01:59:44
1835247469495105628,0,0,0,20,0,1769410562,2026-01-26 01:59:44
6651fc84-09d1-4cdb-a8d5-7d6345fb3466,0,0,0,9,0,1769409458,2026-01-26 01:59:44
f72a253f-3cef-4da8-9591-0cbd3a692162,11,7,4,29,0,1769410570,2026-01-26 01:59:44
2132211694027383298,12,6,6,2,0,1769410583,2026-01-26 01:59:44
17ba4945-b202-4667-965f-211d80622646,5,4,1,17,0,1769410588,2026-01-26 01:59:44
8f72fe26-98aa-4e87-a612-9ae0eb1d9a38,16,3,13,5,0,1769410619,2026-01-26 01:59:44
bde94a25-6089-4490-af3a-8cc5702230b8,87,77,10,9,0,1769410619,2026-01-26 01:59:44
0927e331-866f-4d99-99b4-04edde99117a,10,9,1,29,0,1769410617,2026-01-26 01:59:44
1854255035042870020,15,4,11,3,0,1769410618,2026-01-26 01:59:44
8a13182a-4823-4fe7-afcd-a4ef0b134ed9,2,0,2,17,0,1769410621,2026-01-26 01:59:44
66dea52b-0aca-11e7-82f6-3863bb44ef7c,11,1,10,5,0,1769410621,2026-01-26 01:59:44
a958a8af-a0cc-4bca-9114-93c74ce3c693,5,5,0,17,0,1769410621,2026-01-26 01:59:44
46dca5c6-7bd3-4a4f-aa1e-33aa66652294,17,3,14,11,0,1769410621,2026-01-26 01:59:44
9d23b0e9-a478-407c-a0e0-0aff1b0398fc,0,0,0,20,0,1769410621,2026-01-26 01:59:44
1848241963446241866,14,10,4,1,0,1769410620,2026-01-26 01:59:44
f06c01c3-fd7f-443c-a0c7-fc9233d77f6a,0,0,0,21,0,1769410620,2026-01-26 01:59:44
4d674595-187c-417c-a691-676c4446c9fc,14,8,6,2,0,1769410624,2026-01-26 01:59:44
1851674088959433552,6,2,4,13,0,1769410624,2026-01-26 01:59:44
66de1bc3-0aca-11e7-82f6-3863bb44ef7c,6,4,2,50,0,1769410624,2026-01-26 01:59:44
36025f2c-ee4d-4c1a-832d-733cf37f98ef,2,1,1,27,0,1769410624,2026-01-26 01:59:44
e6f3c665-0c87-4f34-a5e8-69baeed7b7bf,6,1,5,15,0,1769410621,2026-01-26 01:59:44
66db631c-0aca-11e7-82f6-3863bb44ef7c,65,58,7,7,0,1769410622,2026-01-26 01:59:44
2010065065442370322,1,1,0,26,0,1769410622,2026-01-26 01:59:44
1875023224873448258,13,3,10,5,0,1769410623,2026-01-26 01:59:44
c37931bb-8571-4671-a9a8-f3cf23897680,60,20,40,32,0,1769410624,2026-01-26 01:59:44
afd76a0e-ceb8-4d18-a427-b378c4d07a75,21,2,19,6,0,1769410625,2026-01-26 01:59:44
2111353842893366258,3,2,1,30,0,1769410626,2026-01-26 01:59:44
66de1c33-0aca-11e7-82f6-3863bb44ef7c,29,28,1,9,0,1769410626,2026-01-26 01:59:44
66dbf062-0aca-11e7-82f6-3863bb44ef7c,23,9,14,16,0,1769410629,2026-01-26 01:59:44
ffaa8f6a-a4ea-4d3a-a57c-f42f77cd4581,3,3,0,20,0,1769410629,2026-01-26 01:59:44
1834145868297717964,8,2,6,11,0,1769410626,2026-01-26 01:59:44
6ae35aa8-644e-4b2c-b6a4-6570192f78ab,16,0,16,13,0,1769410627,2026-01-26 01:59:44
a82cc641-0926-4a63-b488-7060ab7dcd74,3,1,2,28,0,1769410627,2026-01-26 01:59:44
4168e5a4-c7ec-4045-bfc8-84ac5edbe845,39,32,7,3,0,1769410630,2026-01-26 01:59:44
efa2a82f-eb4a-4b82-a602-6c42cb984101,6,0,6,10,0,1769410632,2026-01-26 01:59:44
8f1fdf4b-ecca-4f03-b04c-e10fe596e2c7,9,3,6,17,0,1769410629,2026-01-26 01:59:44
66dd4ac1-0aca-11e7-82f6-3863bb44ef7c,12,9,3,21,0,1769410631,2026-01-26 01:59:44
1815968422007427668,8,3,5,11,0,1769410631,2026-01-26 01:59:44
d0b87aa7-7e19-40d2-8f7d-6a622e6ac391,7,1,6,14,0,1769410632,2026-01-26 01:59:44
cc7b86cf-a2fb-4738-b967-de7b197dc930,3,1,2,33,0,1769410632,2026-01-26 01:59:44
a23a40c3-6da5-4b0f-bb6b-8bfc01ec2261,7,0,7,11,0,1769410632,2026-01-26 01:59:44
2b33334b-243c-4a16-a6d2-32304c8884f1,2,2,0,16,0,1769410632,2026-01-26 01:59:44
06f0d251-e1e3-435c-8c5f-9b991a14ca4a,1,1,0,22,0,1769410633,2026-01-26 01:59:44
eb8fcff2-6f58-4724-b564-ebc9a8d374d8,16,0,16,3,0,1769410633,2026-01-26 01:59:44
1828967346753327602,9,4,5,9,0,1769410633,2026-01-26 01:59:44
66dde3b1-0aca-11e7-82f6-3863bb44ef7c,20,9,11,13,0,1769410634,2026-01-26 01:59:44
ecbfcdb7-fffc-4d45-bed2-1510fd45834d,6,1,5,10,0,1769410635,2026-01-26 01:59:44
e666a344-1afb-4512-b2e9-2fc5ed71be2b,7,6,1,15,0,1769410631,2026-01-26 01:59:44
1198e739-787c-4ce4-aa63-ffaf98506e9c,0,0,0,62,0,1769410631,2026-01-26 01:59:44
0cde9bcd-0dcb-45dc-9c9a-3e5485b5452e,1,0,1,19,0,1769410631,2026-01-26 01:59:44
b1e496f1-43cf-48d0-be49-ab0d760c00bf,2,1,1,23,0,1769410631,2026-01-26 01:59:44
54782566-697b-497e-a503-dc1f39963eb2,11,9,2,12,0,1769410631,2026-01-26 01:59:44
66dd4f31-0aca-11e7-82f6-3863bb44ef7c,29,14,15,5,0,1769410635,2026-01-26 01:59:44
99142ec8-c0e7-47ca-916c-c1097d48e133,22,9,13,19,0,1769410631,2026-01-26 01:59:44
2018303498843153278,17,11,6,10,0,1769410637,2026-01-26 01:59:44
398aa734-3893-4dba-a704-57ae8632c4f9,7,2,5,7,0,1769410637,2026-01-26 01:59:44
7d9a1b9e-0123-4561-a111-b3735fada687,5,0,5,19,0,1769410637,2026-01-26 01:59:44
1838685618105506490,0,0,0,18,0,1769410638,2026-01-26 01:59:44
40eaa69a-d3ab-48fc-b395-b5bdc6a1aa85,13,8,5,5,0,1769410638,2026-01-26 01:59:44
66dc1e55-0aca-11e7-82f6-3863bb44ef7c,4,2,2,58,0,1769410640,2026-01-26 01:59:44
17aba164-9d41-4336-9767-2218b8994ded,11,0,11,11,0,1769410639,2026-01-26 01:59:44
1813395029173762108,35,32,3,4,0,1769410639,2026-01-26 01:59:44
66dd455e-0aca-11e7-82f6-3863bb44ef7c,28,26,2,9,0,1769410639,2026-01-26 01:59:44
66dcf023-0aca-11e7-82f6-3863bb44ef7c,7,2,5,10,0,1769410639,2026-01-26 01:59:44
9b721468-3b28-429d-9e13-580cdf00a6a4,19,1,18,3,0,1769410640,2026-01-26 01:59:44
d11db4cd-f9bf-430b-ac19-104fef323b24,13,13,0,7,0,1769410641,2026-01-26 01:59:44
1828964993433043090,13,0,13,5,0,1769410644,2026-01-26 01:59:44
4775fd25-2240-44d7-884a-d777d15a9b5e,5,4,1,14,0,1769410645,2026-01-26 01:59:44
66ddbd20-0aca-11e7-82f6-3863bb44ef7c,81,71,10,12,0,1769410643,2026-01-26 01:59:44
1846086463217404850,20,8,12,4,0,1769410644,2026-01-26 01:59:44
66db4282-0aca-11e7-82f6-3863bb44ef7c,67,25,42,8,0,1769410644,2026-01-26 01:59:44
9a37d8a1-990b-484c-9603-262dbd1165cc,3,2,1,15,0,1769410645,2026-01-26 01:59:44
1908785111291682996,8,1,7,10,0,1769410646,2026-01-26 01:59:44
66dc24b8-0aca-11e7-82f6-3863bb44ef7c,52,17,35,18,0,1769410646,2026-01-26 01:59:44
1848241425697670086,34,2,32,1,0,1769410642,2026-01-26 01:59:44
1819720453019329398,7,2,5,14,0,1769410642,2026-01-26 01:59:44
66db3997-0aca-11e7-82f6-3863bb44ef7c,26,10,16,50,0,1769410643,2026-01-26 01:59:44
a90e9ad3-4347-4fa4-b031-9bf1f69ce049,0,0,0,18,0,1769410642,2026-01-26 01:59:44
1898455214498195676,0,0,0,20,0,1769410642,2026-01-26 01:59:44
1893519215751496610,30,1,29,0,0,1769410643,2026-01-26 01:59:44
1834145468418707676,12,1,11,6,0,1769410646,2026-01-26 01:59:44
2121033322026834516,7,1,6,4,0,1769410646,2026-01-26 01:59:44
1827839088308194240,99,92,7,13,0,1769410646,2026-01-26 01:59:44
b930dd82-92d0-4d86-b896-7d8b827c2d5f,5,4,1,12,0,1769410647,2026-01-26 01:59:44
9b7e3b8b-97ef-4038-820c-7cd1c1a34fc7,15,7,8,9,0,1769410648,2026-01-26 01:59:44
3f031133-ec95-4a92-9d63-2ae28183f498,10,10,0,8,0,1769410647,2026-01-26 01:59:44
c042a307-2d7d-4ee9-95b7-a7505a3428c2,8,5,3,28,0,1769410652,2026-01-26 01:59:44
1815967051912860522,24,1,23,4,0,1769410649,2026-01-26 01:59:44
80969478-8dbc-42e1-8e16-ac0132a431c2,23,2,21,1,0,1769410648,2026-01-26 01:59:44
1947001743402778700,5,2,3,16,0,1769410648,2026-01-26 01:59:44
1869753340438110380,6,1,5,11,0,1769410648,2026-01-26 01:59:44
81640d04-c36a-4fb1-98b0-85be10be516c,5,0,5,13,0,1769410650,2026-01-26 01:59:44
66db9cc4-0aca-11e7-82f6-3863bb44ef7c,13,1,12,26,0,1769410650,2026-01-26 01:59:44
50575cba-95ac-4134-9da1-3eec8253afc4,3,3,0,35,0,1769410650,2026-01-26 01:59:44
52dd11f4-bbd0-49ab-912b-06fac40d275d,21,12,9,7,0,1769410649,2026-01-26 01:59:44
66dd18dd-0aca-11e7-82f6-3863bb44ef7c,21,13,8,4,0,1769410655,2026-01-26 01:59:44
7380e377-936d-47d7-8abe-0f666d47465e,1,1,0,19,0,1769410652,2026-01-26 01:59:44
66db479e-0aca-11e7-82f6-3863bb44ef7c,23,6,17,15,0,1769410657,2026-01-26 01:59:44
ebce9ecb-9678-4c42-89d7-08e54bc6fe90,1,1,0,17,0,1769410652,2026-01-26 01:59:44
66db269c-0aca-11e7-82f6-3863bb44ef7c,25,20,5,8,0,1769410651,2026-01-26 01:59:44
a76299eb-73f7-401c-aa8b-edff9ef003bd,5,0,5,32,0,1769410666,2026-01-26 01:59:44
514f3dda-4d08-464c-b2d4-5706d400065a,5,2,3,8,0,1769410667,2026-01-26 01:59:44
2127386600787000162,0,0,0,25,0,1769410666,2026-01-26 01:59:44
ed5c92f1-3293-4385-9e2b-9b716a096a19,23,20,3,38,0,1769410667,2026-01-26 01:59:44
1885718199416500650,9,0,9,12,0,1769410665,2026-01-26 01:59:44
c29c9178-bcb1-4c0c-b789-f4a89512a4e4,3,0,3,15,0,1769410665,2026-01-26 01:59:44
66db3708-0aca-11e7-82f6-3863bb44ef7c,27,8,19,9,0,1769410666,2026-01-26 01:59:44
852218fc-5e5b-4153-bc3f-03760b57e68a,3,1,2,19,0,1769410663,2026-01-26 01:59:44
5e93b806-08e1-4ef9-98ae-d3dda20e0469,4,2,2,15,0,1769410664,2026-01-26 01:59:44
b7d7543b-74ac-4a48-a3c4-412f9ffbc727,8,2,6,16,0,1769410665,2026-01-26 01:59:44
1861683747231494964,3,2,1,13,0,1769410665,2026-01-26 01:59:44
1786687245202023014,30,13,17,1,0,1769410667,2026-01-26 01:59:44
956de8aa-9e06-4efb-8eb0-35fe9b274a48,12,12,0,5,0,1769410668,2026-01-26 01:59:44
d837d1b0-8f80-4f6c-ae45-5dd0deec6977,19,8,11,3,0,1769410664,2026-01-26 01:59:44
2bf9addc-038b-48fe-8794-dde085c5e5dc,15,7,8,34,0,1769410663,2026-01-26 01:59:44
66dbca0f-0aca-11e7-82f6-3863bb44ef7c,41,34,7,14,0,1769410664,2026-01-26 01:59:44
66dd20eb-0aca-11e7-82f6-3863bb44ef7c,6,2,4,24,0,1769410668,2026-01-26 01:59:44
c56739c2-b310-4d73-ab0e-b6036abd9561,22,4,18,3,0,1769410674,2026-01-26 01:59:44
1786697528321024934,28,2,26,14,0,1769410675,2026-01-26 01:59:44
6a52ceae-3b97-487a-9438-de844bfbf1c2,8,8,0,9,0,1769410675,2026-01-26 01:59:44
66dd2786-0aca-11e7-82f6-3863bb44ef7c,20,3,17,3,0,1769410675,2026-01-26 01:59:44
c45aa693-fedd-478f-ade9-bf176c4e32ff,6,4,2,13,0,1769410676,2026-01-26 01:59:44
1202a491-9f76-4609-9b5c-eb7723ab5b45,9,3,6,8,0,1769410676,2026-01-26 01:59:44
81a34754-ae08-47a6-964d-4733849a8fab,1,1,0,27,0,1769410678,2026-01-26 01:59:44
d08be53f-9691-4d6f-81f3-7d052abb7dd6,3,3,0,15,0,1769410678,2026-01-26 01:59:44
7f8cb36a-2bf4-4d57-afbd-331310f25355,16,1,15,17,0,1769410679,2026-01-26 01:59:44
bc512527-7863-48d5-aea8-3de470abc1ee,3,1,2,13,0,1769410677,2026-01-26 01:59:44
189f573b-a2d0-40d2-af15-83c5015d93e2,1,1,0,21,0,1769410674,2026-01-26 01:59:44
b9deb521-41b6-4f8a-ac78-0e58e3977f2c,11,5,6,15,0,1769410674,2026-01-26 01:59:44
b319c797-71ff-490c-b965-ba2ac0f50da0,1,1,0,17,0,1769410674,2026-01-26 01:59:44
1945126257666675246,7,4,3,12,0,1769410677,2026-01-26 01:59:44
66dbcf18-0aca-11e7-82f6-3863bb44ef7c,61,8,53,11,0,1769410678,2026-01-26 01:59:44
e72f0aec-2293-4636-988c-b9d30df092f8,15,11,4,25,0,1769410690,2026-01-26 01:59:44
92a51669-deec-45a9-8494-fafdf6356c51,15,0,15,17,0,1769410691,2026-01-26 01:59:44
0ebdda6a-37e4-4ff4-94e8-3947f49d8e24,7,5,2,13,0,1769410687,2026-01-26 01:59:44
66db3ba0-0aca-11e7-82f6-3863bb44ef7c,59,55,4,10,0,1769410687,2026-01-26 01:59:44
87091002-cc25-452a-b5d9-f8d0c3fce422,12,12,0,10,0,1769410687,2026-01-26 01:59:44
c0a2d591-4eed-488b-b88b-0b23990e3756,17,2,15,3,0,1769410684,2026-01-26 01:59:44
66dbebad-0aca-11e7-82f6-3863bb44ef7c,36,33,3,16,0,1769410685,2026-01-26 01:59:44
cf284d60-23e7-49ec-91dc-8bfedb59cb6a,17,1,16,1,0,1769410688,2026-01-26 01:59:44
e73cf71b-db05-44f9-b57a-689d65320d68,3,0,3,26,0,1769410688,2026-01-26 01:59:44
bb0ce308-e5d9-48c7-9f4b-cf0120f2c39a,2,2,0,20,0,1769410688,2026-01-26 01:59:44
66dc85bb-0aca-11e7-82f6-3863bb44ef7c,33,22,11,2,0,1769410688,2026-01-26 01:59:44
1843486189591985058,4,0,4,18,0,1769410689,2026-01-26 01:59:44
1814906873296976512,2,1,1,17,0,1769410691,2026-01-26 01:59:44
e6b6c6e2-5fcb-47cd-8f2d-4324b7c977c8,10,7,3,8,0,1769410691,2026-01-26 01:59:44
52e81f02-b1f9-45d6-9e5c-e15277de1268,4,0,4,19,0,1769410692,2026-01-26 01:59:44
199ea9dd-8f7e-4e05-a730-55edaacd8787,11,7,4,46,0,1769410691,2026-01-26 01:59:44
1838070626762830158,4,2,2,15,0,1769410686,2026-01-26 01:59:44
66dce4fc-0aca-11e7-82f6-3863bb44ef7c,12,0,12,13,0,1769410686,2026-01-26 01:59:44
1786375597504305174,32,15,17,11,0,1769410687,2026-01-26 01:59:44
66de59bd-0aca-11e7-82f6-3863bb44ef7c,18,1,17,2,0,1769410688,2026-01-26 01:59:44
0e5be726-2452-42a0-9be8-ea85c8408e4c,6,3,3,16,0,1769410689,2026-01-26 01:59:44
22e38a04-e70d-4484-bbf3-f6e8c64fdbd4,13,3,10,8,0,1769410688,2026-01-26 01:59:44
66db5e6a-0aca-11e7-82f6-3863bb44ef7c,9,8,1,10,0,1769410689,2026-01-26 01:59:44
ccaadb70-6c87-4ccc-9914-a3167bd1bc0e,6,1,5,25,0,1769410689,2026-01-26 01:59:44
8e631be4-1e0c-4627-a261-18f0003d0ba2,12,11,1,30,0,1769410689,2026-01-26 01:59:44
4a4c7548-2466-48ef-8d7e-0aa4d6acb69e,2,2,0,15,0,1769410690,2026-01-26 01:59:44
66de44ba-0aca-11e7-82f6-3863bb44ef7c,20,5,15,18,0,1769410701,2026-01-26 01:59:44
f3b359e2-7983-4aaf-b6b0-e3b7d30816a4,15,4,11,3,0,1769410702,2026-01-26 01:59:44
1906951766876655628,1,1,0,26,0,1769410702,2026-01-26 01:59:44
66dc9223-0aca-11e7-82f6-3863bb44ef7c,13,6,7,73,0,1769410702,2026-01-26 01:59:44
8ef6ec7d-e898-4edc-8f3f-af888f8c5ef4,3,0,3,18,0,1769410699,2026-01-26 01:59:44
2868db5b-df51-4c36-8515-ef77a5b092c2,13,0,13,3,0,1769410699,2026-01-26 01:59:44
62e2b1dd-ca52-4e1c-a112-1d8846b9d9b5,14,3,11,2,0,1769410699,2026-01-26 01:59:44
1820420224296772166,10,4,6,7,0,1769410699,2026-01-26 01:59:44
e982e1cb-7e7b-4769-85b8-565925200654,6,0,6,14,0,1769410700,2026-01-26 01:59:44
66dc9143-0aca-11e7-82f6-3863bb44ef7c,24,7,17,10,0,1769410700,2026-01-26 01:59:44
66de0bcb-0aca-11e7-82f6-3863bb44ef7c,9,4,5,46,0,1769410700,2026-01-26 01:59:44
a6a132f9-89bf-42a4-afe6-1ca449b7f570,12,9,3,6,0,1769410700,2026-01-26 01:59:44
66dcccfe-0aca-11e7-82f6-3863bb44ef7c,4,1,3,13,0,1769410698,2026-01-26 01:59:44
e1a3f2f9-618f-4727-b2d6-676e02aadf17,8,3,5,10,0,1769410697,2026-01-26 01:59:44
66de3fde-0aca-11e7-82f6-3863bb44ef7c,11,11,0,10,0,1769410698,2026-01-26 01:59:44
94771406-6712-4508-9392-11e9d90e1185,17,12,5,2,0,1769410698,2026-01-26 01:59:44
db91c9e0-d80b-4cb4-9cc2-9453ec8fbeac,4,1,3,14,0,1769410700,2026-01-26 01:59:44
4753c893-e4bd-4d6a-bc4d-42209a19ebeb,3,3,0,14,0,1769410701,2026-01-26 01:59:44
b47e5ffd-4215-4476-a89b-ebe52111f763,0,0,0,2,0,1769358716,2026-01-26 01:59:44
33c533cd-5f0e-4c15-a00a-6a2bf1e2d077,22,12,10,35,0,1769410701,2026-01-26 01:59:44
1877653505745721834,3,2,1,16,0,1769410701,2026-01-26 01:59:44
514afe43-84d4-4941-8281-75a93c5cd365,4,0,4,11,0,1769410701,2026-01-26 01:59:44
c7ffe3fa-9cd6-4d35-9060-7d5822381442,8,5,3,67,0,1769410702,2026-01-26 01:59:44
1838071090619298218,14,8,6,11,0,1769410700,2026-01-26 01:59:44
66dd3fc3-0aca-11e7-82f6-3863bb44ef7c,14,6,8,23,0,1769410700,2026-01-26 01:59:44
66dc90d5-0aca-11e7-82f6-3863bb44ef7c,18,8,10,11,0,1769410699,2026-01-26 01:59:44
9991b75b-a9ba-4abc-bf84-0108291be05a,16,9,7,8,0,1769410702,2026-01-26 01:59:44
1815967674683118258,20,0,20,3,0,1769410699,2026-01-26 01:59:44
66dcca0d-0aca-11e7-82f6-3863bb44ef7c,6,0,6,14,0,1769410715,2026-01-26 01:59:44
7a771842-c090-4da1-8c13-72b7f4f50a87,29,10,19,5,0,1769410715,2026-01-26 01:59:44
f752c376-3a6f-4cd3-b9fd-3c049d45a9a6,6,2,4,14,0,1769410716,2026-01-26 01:59:44
66db6889-0aca-11e7-82f6-3863bb44ef7c,17,11,6,15,0,1769410716,2026-01-26 01:59:44
1860188607062574024,0,0,0,18,0,1769410716,2026-01-26 01:59:44
77b21502-a7a2-40b4-8f3e-f9c6c6ef0939,11,0,11,14,0,1769410716,2026-01-26 01:59:44
66dc22a7-0aca-11e7-82f6-3863bb44ef7c,11,3,8,29,0,1769410717,2026-01-26 01:59:44
66db46d7-0aca-11e7-82f6-3863bb44ef7c,18,13,5,12,0,1769410717,2026-01-26 01:59:44
66dc79e6-0aca-11e7-82f6-3863bb44ef7c,3,0,3,16,0,1769410719,2026-01-26 01:59:44
66dd23a9-0aca-11e7-82f6-3863bb44ef7c,6,5,1,20,0,1769410718,2026-01-26 01:59:44
1860188069348460678,17,2,15,1,0,1769410719,2026-01-26 01:59:44
c4d6b123-df5a-446d-b0ae-d3c4846565d5,4,3,1,19,0,1769410719,2026-01-26 01:59:44
bd30f2a1-38ec-474d-9e36-07f688e87427,13,3,10,5,0,1769410719,2026-01-26 01:59:44
711ccb32-e1bc-4577-ac7b-50592cc9b8a0,15,0,15,7,0,1769410719,2026-01-26 01:59:44
4d4a3e7b-1005-4bfd-8680-340a20cacbee,18,5,13,0,0,1769410719,2026-01-26 01:59:44
48e7e465-f861-452a-9bf7-7eacd0b2bcac,18,1,17,1,0,1769410720,2026-01-26 01:59:44
66dc0bbd-0aca-11e7-82f6-3863bb44ef7c,23,6,17,9,0,1769410719,2026-01-26 01:59:44
3f878b81-324e-4673-9221-43d34647e76f,9,2,7,9,0,1769410720,2026-01-26 01:59:44
66dca682-0aca-11e7-82f6-3863bb44ef7c,34,15,19,27,0,1769410720,2026-01-26 01:59:44
101c813e-02a8-4b6b-bd5d-981c1ea62019,10,8,2,10,0,1769410717,2026-01-26 01:59:44
1814900898997467540,13,2,11,8,0,1769410718,2026-01-26 01:59:44
0eacb768-c7d5-4499-9182-9a1331d9280c,29,1,28,1,0,1769410717,2026-01-26 01:59:44
1814900752968579218,12,4,8,9,0,1769410717,2026-01-26 01:59:44
9e014047-d675-418b-a03c-84d974a25134,0,0,0,30,0,1769410718,2026-01-26 01:59:44
64de0666-b9ab-404e-a16b-03e449bb5b4d,2,2,0,14,0,1769410715,2026-01-26 01:59:44
b7c6ce96-a24d-4c1e-93ee-6f49c1adf119,5,1,4,10,0,1769410723,2026-01-26 01:59:44
01839a78-f228-4706-8f7f-147b857492f2,13,10,3,8,0,1769410723,2026-01-26 01:59:44
a724eb92-55ca-4b9f-9a87-c2e87b3cbd40,1,1,0,19,0,1769410723,2026-01-26 01:59:44
e6c2a46e-431a-4101-af84-870f660ff4cb,10,6,4,58,0,1769410723,2026-01-26 01:59:44
66ddef96-0aca-11e7-82f6-3863bb44ef7c,0,0,0,9,0,1769351316,2026-01-26 01:59:44
ffef95fa-600b-4f08-b2ce-e8eb034ebfd8,24,22,2,7,0,1769410720,2026-01-26 01:59:44
1841926579628419438,1,1,0,16,0,1769410721,2026-01-26 01:59:44
1849009534951225816,3,1,2,13,0,1769410721,2026-01-26 01:59:44
bb07a569-cc74-439e-b424-916c0304f136,12,3,9,16,0,1769410721,2026-01-26 01:59:44
dadd2084-d844-46f5-b7a4-128d31eeba8e,1,1,0,16,0,1769410721,2026-01-26 01:59:44
5f968a1b-ee60-43a0-ad25-05211e09e436,2,1,1,19,0,1769410723,2026-01-26 01:59:44
2126579619522812246,10,5,5,1,0,1769410725,2026-01-26 01:59:44
1786697932047949952,14,2,12,8,0,1769410723,2026-01-26 01:59:44
426862de-f8f2-4967-ba41-76680a4b460c,2,2,0,17,0,1769410723,2026-01-26 01:59:44
3db2fa34-0b56-4644-9ae9-bbee1583e717,10,3,7,14,0,1769410721,2026-01-26 01:59:44
d1c204d7-d575-417d-b134-6ebdf7e99f98,4,1,3,15,0,1769410721,2026-01-26 01:59:44
2121032973750651666,6,2,4,8,0,1769410662,2026-01-26 01:59:44
1859811213834095332,17,4,13,6,0,1769410721,2026-01-26 01:59:44
66dc8768-0aca-11e7-82f6-3863bb44ef7c,20,12,8,23,0,1769410721,2026-01-26 01:59:44
7a15d81b-357e-42e0-b208-93ffd562fd63,4,2,2,21,0,1769410721,2026-01-26 01:59:44
1958457675193833900,14,2,12,9,0,1769410721,2026-01-26 01:59:44
66de1f7f-0aca-11e7-82f6-3863bb44ef7c,13,0,13,18,0,1769410721,2026-01-26 01:59:44
5f7ac86c-1a98-4603-8749-4bb83ac84acd,0,0,0,17,0,1769382644,2026-01-26 01:59:44
66dc7659-0aca-11e7-82f6-3863bb44ef7c,34,5,29,82,0,1769410659,2026-01-26 01:59:44
55146e49-9bc4-4f13-bdf7-25422342b638,0,0,0,17,0,1769410658,2026-01-26 01:59:44
66dc48ef-0aca-11e7-82f6-3863bb44ef7c,23,21,2,40,0,1769410659,2026-01-26 01:59:44
1835247745828931742,0,0,0,20,0,1769410659,2026-01-26 01:59:44
66de4f9c-0aca-11e7-82f6-3863bb44ef7c,13,2,11,9,0,1769410659,2026-01-26 01:59:44
a1112e04-bc50-4782-b3d6-bb5902c0e8db,2,0,2,15,0,1769410659,2026-01-26 01:59:44
66dd243c-0aca-11e7-82f6-3863bb44ef7c,28,4,24,40,0,1769410654,2026-01-26 01:59:44
2123939659270367896,7,2,5,9,0,1769410655,2026-01-26 01:59:44
66db3f62-0aca-11e7-82f6-3863bb44ef7c,17,3,14,35,0,1769410655,2026-01-26 01:59:44
2098359443836787630,5,4,1,67,0,1769410655,2026-01-26 01:59:44
a37bd0e0-d1e9-4302-9ff7-286e415aff1c,13,2,11,3,0,1769410655,2026-01-26 01:59:44
9ac5758f-0419-4e28-8387-6bcd28db17fa,9,1,8,8,0,1769410654,2026-01-26 01:59:44
cd72b9da-b7c6-4785-92b5-0fb2130f0d7b,20,19,1,2,0,1769410653,2026-01-26 01:59:44
923a60f7-2a0e-4a31-8dd5-66c8518c929e,5,2,3,12,0,1769410654,2026-01-26 01:59:44
94bcf812-5cff-460c-841f-54876ed1e7a4,1,1,0,17,0,1769410654,2026-01-26 01:59:44
2121032507515216178,7,0,7,2,0,1769410659,2026-01-26 01:59:44
1820420022433309054,17,4,13,3,0,1769410660,2026-01-26 01:59:44
330ee4e3-29cb-48e5-845f-a8ccf1aa2ce6,3,3,0,21,0,1769410660,2026-01-26 01:59:44
66db33fc-0aca-11e7-82f6-3863bb44ef7c,8,7,1,60,0,1769410662,2026-01-26 01:59:44
5600446d-a00a-45e6-9dc3-550adfd63e39,1,1,0,17,0,1769410662,2026-01-26 01:59:44
c9cd8c29-7f0b-4979-9a0e-bec4613d2600,0,0,0,20,0,1769410662,2026-01-26 01:59:44
1865017865553426604,12,2,10,4,0,1769410661,2026-01-26 01:59:44
1845677022981917240,11,0,11,8,0,1769410661,2026-01-26 01:59:44
7f6674c4-5568-4766-b172-0385348ae184,1,1,0,16,0,1769410662,2026-01-26 01:59:44
1861680889400379678,10,7,3,5,0,1769410662,2026-01-26 01:59:44
39f756c2-3904-463e-95a8-8d8e3540e845,46,18,28,16,0,1769410669,2026-01-26 01:59:44
8d2eff37-be09-4b46-a95d-abff89e16d56,9,1,8,9,0,1769410670,2026-01-26 01:59:44
1876864480506022446,14,0,14,6,0,1769410670,2026-01-26 01:59:44
7cb65297-c880-459a-b054-4e059576c02a,4,2,2,15,0,1769410670,2026-01-26 01:59:44
66dd51e6-0aca-11e7-82f6-3863bb44ef7c,5,3,2,72,0,1769410671,2026-01-26 01:59:44
d9bc0b3e-1af8-4cb6-a082-8ef1245ef329,7,2,5,20,0,1769410670,2026-01-26 01:59:44
1817431953833509324,5,2,3,15,0,1769410671,2026-01-26 01:59:44
1880643497376459348,13,13,0,11,0,1769410672,2026-01-26 01:59:44
1843486597735840252,14,1,13,8,0,1769410668,2026-01-26 01:59:44
79399e32-a6c6-4732-8ad4-9f9140a86b21,10,5,5,11,0,1769410669,2026-01-26 01:59:44
66de103b-0aca-11e7-82f6-3863bb44ef7c,8,0,8,13,0,1769410669,2026-01-26 01:59:44
66dd43bd-0aca-11e7-82f6-3863bb44ef7c,7,7,0,37,0,1769410672,2026-01-26 01:59:44
1849008925260421550,18,6,12,1,0,1769410671,2026-01-26 01:59:44
ddc8ca6c-dceb-4603-ab1e-4bd972ca2a3d,8,1,7,6,0,1769410672,2026-01-26 01:59:44
5d994b32-b7a5-450d-9bbb-93bf3b03e6d5,1,0,1,16,0,1769410672,2026-01-26 01:59:44
66dc481a-0aca-11e7-82f6-3863bb44ef7c,56,31,25,14,0,1769410673,2026-01-26 01:59:44
66dde208-0aca-11e7-82f6-3863bb44ef7c,23,22,1,14,0,1769410673,2026-01-26 01:59:44
fe65853e-b20a-4250-9677-2aa177283b72,12,4,8,7,0,1769410669,2026-01-26 01:59:44
d52d4171-fd60-4a28-b7e2-89f3693e0591,10,0,10,7,0,1769410673,2026-01-26 01:59:44
467e1de6-73a6-480f-9e83-fd1b03b71047,12,3,9,12,0,1769410683,2026-01-26 01:59:44
1880643915885220532,3,0,3,25,0,1769410681,2026-01-26 01:59:44
31f340f3-3201-449e-b017-a26813aa448f,3,3,0,17,0,1769410680,2026-01-26 01:59:44
1851254360969534132,0,0,0,22,0,1769410680,2026-01-26 01:59:44
fac701fb-c433-496e-933b-ea137dbe7fe1,1,0,1,16,0,1769410681,2026-01-26 01:59:44
1934770108420609000,1,0,1,15,0,1769410680,2026-01-26 01:59:44
16a4effc-282e-4053-b47b-31f734d50c08,14,5,9,10,0,1769410680,2026-01-26 01:59:44
999865d2-0735-4e85-a9d4-00810231530e,7,2,5,16,0,1769410680,2026-01-26 01:59:44
66de110b-0aca-11e7-82f6-3863bb44ef7c,34,21,13,2,0,1769410680,2026-01-26 01:59:44
1786699974232881542,3,1,2,16,0,1769410680,2026-01-26 01:59:44
1860187430946456420,2,1,1,16,0,1769410683,2026-01-26 01:59:44
66dc7de9-0aca-11e7-82f6-3863bb44ef7c,76,37,39,36,0,1769410683,2026-01-26 01:59:44
1843486667668726558,19,0,19,2,0,1769410683,2026-01-26 01:59:44
1849009244468810224,16,2,14,0,0,1769410682,2026-01-26 01:59:44
15e1568b-f502-47a2-9d3d-b5aaa1edc239,18,17,1,3,0,1769410683,2026-01-26 01:59:44
66db6da2-0aca-11e7-82f6-3863bb44ef7c,40,27,13,12,0,1769410680,2026-01-26 01:59:44
785b3e6b-dab5-4d25-afab-e2a1ef918669,19,17,2,6,0,1769410681,2026-01-26 01:59:44
1828969726487003714,5,1,4,11,0,1769410696,2026-01-26 01:59:44
66db89a3-0aca-11e7-82f6-3863bb44ef7c,67,1,66,3,0,1769410696,2026-01-26 01:59:44
1786696564295760054,5,2,3,20,0,1769410697,2026-01-26 01:59:44
daefc84c-1b16-4220-8e1f-10ea4866fdc7,39,37,2,69,0,1769410698,2026-01-26 01:59:44
b03adb87-2bd9-43a5-a822-7d06a9ee2d81,23,1,22,5,0,1769410696,2026-01-26 01:59:44
01b7973e-c92e-4fbe-890e-2c24de33ce0e,2,0,2,16,0,1769410696,2026-01-26 01:59:44
0197e9da-ae03-40a7-8270-fe500bfc9e18,3,2,1,13,0,1769410692,2026-01-26 01:59:44
1860189190334925058,5,3,2,16,0,1769410692,2026-01-26 01:59:44
5f2766b0-362e-49e5-ab09-05e2c4b6f626,1,1,0,17,0,1769410692,2026-01-26 01:59:44
d946ce73-5487-4ab7-b429-cf873e9af5b5,16,2,14,2,0,1769410692,2026-01-26 01:59:44
2007842506069575758,18,5,13,1,0,1769410693,2026-01-26 01:59:44
d7f55e1b-12db-49d1-9cd8-4fb464745841,16,2,14,11,0,1769410693,2026-01-26 01:59:44
679dcf08-d88c-4d1b-b81d-fe9f4aabbff7,10,2,8,14,0,1769410693,2026-01-26 01:59:44
66db2e3a-0aca-11e7-82f6-3863bb44ef7c,28,17,11,26,0,1769410694,2026-01-26 01:59:44
8f672aa7-08a1-4fe2-a471-06f219c0eb1b,4,1,3,10,0,1769410693,2026-01-26 01:59:44
aa0e6301-4162-428d-8943-7b684089b0d1,8,1,7,10,0,1769410694,2026-01-26 01:59:44
3bf69f3e-23f6-4abe-b5fe-dabe6b0ea066,5,3,2,18,0,1769410694,2026-01-26 01:59:44
2126623199408050430,6,0,6,9,0,1769410694,2026-01-26 01:59:44
6908ae75-b9a1-4f20-b192-95dc43e858a8,5,1,4,11,0,1769410694,2026-01-26 01:59:44
66dd4bf7-0aca-11e7-82f6-3863bb44ef7c,11,4,7,27,0,1769410695,2026-01-26 01:59:44
2121032193446634360,3,0,3,7,0,1769410695,2026-01-26 01:59:44
b9c209b2-6284-4f5a-a32a-680ef9da1c1f,0,0,0,18,0,1769410693,2026-01-26 01:59:44
e4980fd0-e540-40ca-acba-c2a74f3294fc,0,0,0,23,0,1769410692,2026-01-26 01:59:44
1854537815365165328,0,0,0,18,0,1769410694,2026-01-26 01:59:44
bf317efc-13f1-42be-8243-373a29354033,3,1,2,22,0,1769410703,2026-01-26 01:59:44
03872f6b-a522-4c41-a4f2-5d0c41779e7b,1,0,1,18,0,1769410703,2026-01-26 01:59:44
66db79a3-0aca-11e7-82f6-3863bb44ef7c,0,0,0,1,0,1769378794,2026-01-26 01:59:44
3299ff79-36aa-42ef-b7f1-c40e95c8f570,20,3,17,22,0,1769410703,2026-01-26 01:59:44
66dc741f-0aca-11e7-82f6-3863bb44ef7c,45,41,4,19,0,1769410704,2026-01-26 01:59:44
1804894168423871442,15,2,13,10,0,1769410706,2026-01-26 01:59:44
7f3aa940-18ef-4900-89dc-cdb05f693f31,7,1,6,12,0,1769410706,2026-01-26 01:59:44
1817432954560889524,5,0,5,12,0,1769410707,2026-01-26 01:59:44
2121032035614514006,7,0,7,1,0,1769410707,2026-01-26 01:59:44
55ccb271-7035-422e-bee1-20e84caa0217,25,0,25,18,0,1769410704,2026-01-26 01:59:44
c8060816-b4aa-4fd9-bc66-af28bf61dc87,6,5,1,15,0,1769410704,2026-01-26 01:59:44
2124426189188761638,10,7,3,0,0,1769410705,2026-01-26 01:59:44
8456b63c-37c6-49a6-8c02-bb6dcfc35041,12,6,6,8,0,1769410704,2026-01-26 01:59:44
b30815c0-99b6-451b-be15-902992cb8abb,51,39,12,9,0,1769410705,2026-01-26 01:59:44
2142879839954225698,8,0,8,8,0,1769410707,2026-01-26 01:59:44
760ebaea-f7c7-45ad-aa3b-395d97adcf8f,10,7,3,12,0,1769410708,2026-01-26 01:59:44
94624d6e-4150-4ab1-92ff-bf55cb58ab61,0,0,0,18,0,1769410707,2026-01-26 01:59:44
1882735457106787122,15,10,5,10,0,1769410707,2026-01-26 01:59:44
2123939077451327830,12,8,4,1,0,1769410648,2026-01-26 01:59:44
02fb0f6a-b1dc-4e1c-97f8-fe70462670a3,25,3,22,0,0,1769410709,2026-01-26 01:59:44
77463580-6421-403d-b170-f2660c216175,5,5,0,18,0,1769410709,2026-01-26 01:59:44
40914c6b-293d-49ac-b83a-d9d4af998aea,2,0,2,15,0,1769410708,2026-01-26 01:59:44
2009671276352543716,8,8,0,10,0,1769410709,2026-01-26 01:59:44
18326827-dcae-47e0-8518-c4bb9e21eef6,30,2,28,0,0,1769410705,2026-01-26 01:59:44
be435dfd-e859-487c-ae32-3d2b76d49a49,13,2,11,4,0,1769410705,2026-01-26 01:59:44
9e0b3452-ef6d-4e94-8c05-7bef199cdb74,11,10,1,9,0,1769410712,2026-01-26 01:59:44
bb6bba3f-19a0-4ebb-a454-4ac678d9d62d,3,0,3,15,0,1769410712,2026-01-26 01:59:44
dccab832-b4a2-4105-927d-b52ec0d92c92,16,6,10,1,0,1769410712,2026-01-26 01:59:44
ace80a8c-6196-484e-8dd0-061e3c90389b,1,0,1,27,0,1769410712,2026-01-26 01:59:44
2436e886-dc53-47cb-8733-d663f9dcd922,4,2,2,17,0,1769410712,2026-01-26 01:59:44
65a1b09d-560d-46bf-8f5d-7f59471a587e,2,0,2,20,0,1769410712,2026-01-26 01:59:44
1856847127505992556,1,0,1,2,0,1769410712,2026-01-26 01:59:44
2142879485385917038,16,13,3,11,0,1769410711,2026-01-26 01:59:44
1871972060496771504,1,1,0,14,0,1769410711,2026-01-26 01:59:44
9b4a92ae-cefe-467a-8e35-5ce02d4f3a45,8,1,7,9,0,1769410711,2026-01-26 01:59:44
2124425670552673214,2,1,1,11,0,1769410651,2026-01-26 01:59:44
989fdf95-cfb9-475c-ba0c-3152fd3a16e0,16,15,1,0,0,1769410711,2026-01-26 01:59:44
66dbcdfc-0aca-11e7-82f6-3863bb44ef7c,2,2,0,55,0,1769410714,2026-01-26 01:59:44
1975559886658995034,0,0,0,23,0,1769410709,2026-01-26 01:59:44
fec4aa1b-9fc1-4dd9-ab39-c1d7370a6e54,7,2,5,13,0,1769410710,2026-01-26 01:59:44
66ddea2a-0aca-11e7-82f6-3863bb44ef7c,35,5,30,34,0,1769410710,2026-01-26 01:59:44
f54ad1f8-fe58-49ac-82ae-b742aec66829,41,39,2,33,0,1769410713,2026-01-26 01:59:44
2121032708855884414,7,0,7,8,0,1769410709,2026-01-26 01:59:44
66dc82ef-0aca-11e7-82f6-3863bb44ef7c,3,0,3,59,0,1769410724,2026-01-26 01:59:44
2104278402820534724,24,3,21,15,0,1769410725,2026-01-26 01:59:44
1877920686883352866,17,8,9,0,0,1769410724,2026-01-26 01:59:44
66de1368-0aca-11e7-82f6-3863bb44ef7c,37,18,19,0,0,1769410725,2026-01-26 01:59:44
66db7a0d-0aca-11e7-82f6-3863bb44ef7c,42,21,21,9,0,1769410725,2026-01-26 01:59:44
1838618090943186984,20,0,20,2,0,1769410725,2026-01-26 01:59:44
68827e5f-ed28-45de-99bf-66093a8c504f,2,1,1,18,0,1769410725,2026-01-26 01:59:44
66dc9068-0aca-11e7-82f6-3863bb44ef7c,9,8,1,60,0,1769410725,2026-01-26 01:59:44
66dc8bfd-0aca-11e7-82f6-3863bb44ef7c,9,0,9,45,0,1769410725,2026-01-26 01:59:44
5eac53d0-5510-441a-9dbb-76bd38acf4ef,3,0,3,13,0,1769410726,2026-01-26 01:59:44
66db65aa-0aca-11e7-82f6-3863bb44ef7c,76,67,9,24,0,1769410726,2026-01-26 01:59:44
9719498d-bd5c-4424-86ac-dfe0795c57d1,1,0,1,22,0,1769410726,2026-01-26 01:59:44
0cc38ba1-4625-4821-9a6f-e490525cbce2,6,5,1,11,0,1769410726,2026-01-26 01:59:44
1a5eae13-8f27-4875-8330-a796c95f8ad6,3,3,0,16,0,1769410729,2026-01-26 01:59:44
3ff00115-e8da-4326-97d3-7bf4fe4df7a5,1,0,1,19,0,1769410729,2026-01-26 01:59:44
1828965887815635862,8,5,3,13,0,1769410729,2026-01-26 01:59:44
66de542a-0aca-11e7-82f6-3863bb44ef7c,31,7,24,13,0,1769410728,2026-01-26 01:59:44
fb180cce-96ee-4e66-b3ce-000f3db6e670,22,1,21,5,0,1769410729,2026-01-26 01:59:44
b64eb0a5-d6d4-4f45-8c9a-e2d004819c99,4,4,0,13,0,1769410728,2026-01-26 01:59:44
1862759079900600428,2,2,0,15,0,1769410729,2026-01-26 01:59:44
324af152-33ea-48a7-8bb0-ad8b6f31571f,31,6,25,4,0,1769410730,2026-01-26 01:59:44
380394f7-64fa-4a65-a4d1-7bcaddd41fab,8,4,4,13,0,1769410730,2026-01-26 01:59:44
1835249317786962140,0,0,0,26,0,1769410730,2026-01-26 01:59:44
1833865926273309136,13,11,2,46,0,1769410731,2026-01-26 01:59:44
66dcf640-0aca-11e7-82f6-3863bb44ef7c,21,7,14,1,0,1769410731,2026-01-26 01:59:44
1836581441921155232,6,5,1,13,0,1769410730,2026-01-26 01:59:44
66dc3f08-0aca-11e7-82f6-3863bb44ef7c,100,70,30,1,0,1769410727,2026-01-26 01:59:44
1887292564377354448,8,6,2,20,0,1769410727,2026-01-26 01:59:44
9c2a741d-7f3e-4aa1-b58b-db5c3e6bcb20,2,1,1,25,0,1769410725,2026-01-26 01:59:44
66dccad8-0aca-11e7-82f6-3863bb44ef7c,6,2,4,15,0,1769410725,2026-01-26 01:59:44
66db6d40-0aca-11e7-82f6-3863bb44ef7c,51,49,2,11,0,1769410727,2026-01-26 01:59:44
b7df61c0-8ead-46cb-9d6e-a6a3011ffb71,9,6,3,16,0,1769410728,2026-01-26 01:59:44
2e5cde21-f0a2-4396-899e-6df275e99212,2,2,0,17,0,1769410728,2026-01-26 01:59:44
7f1b4c40-d9fa-4182-be0e-a993655cfb6f,16,13,3,0,0,1769410730,2026-01-26 01:59:44
1814907062275537820,15,3,12,13,0,1769410734,2026-01-26 01:59:44
ea9a19a6-acea-4286-a723-b5481c90a3c0,18,1,17,0,0,1769410735,2026-01-26 01:59:44
66dd266a-0aca-11e7-82f6-3863bb44ef7c,22,12,10,12,0,1769410735,2026-01-26 01:59:44
bdcbd89b-9ae0-461b-aa1d-7db7ead07400,24,7,17,0,0,1769410735,2026-01-26 01:59:44
e10a6e12-d98c-4625-940a-9f83d9b2f6c4,19,5,14,0,0,1769410735,2026-01-26 01:59:44
1945125910957847430,13,4,9,5,0,1769410735,2026-01-26 01:59:44
1786697166576476490,23,16,7,18,0,1769410731,2026-01-26 01:59:44
d8e02e7b-632b-4fbe-95b9-80efa47473e3,4,3,1,17,0,1769410731,2026-01-26 01:59:44
1843486390605672640,7,1,6,16,0,1769410732,2026-01-26 01:59:44
2cd651e7-1e3a-4cd9-8fd1-a2416e032f6e,0,0,0,23,0,1769410734,2026-01-26 01:59:44
14f928c6-9a51-40a2-b7e6-a74e8b351dbf,8,1,7,16,0,1769410733,2026-01-26 01:59:44
85ba92ab-8d0a-4d17-9d07-0173e16d3b6d,1,0,1,18,0,1769410734,2026-01-26 01:59:44
1817432233006383832,18,3,15,4,0,1769410734,2026-01-26 01:59:44
c0a3b8fe-ba64-4cbb-b010-f760998d6c3a,4,3,1,13,0,1769410734,2026-01-26 01:59:44
fea72f55-d296-47af-9446-149688dcccbd,2,1,1,17,0,1769410734,2026-01-26 01:59:44
66de269c-0aca-11e7-82f6-3863bb44ef7c,18,16,2,16,0,1769410734,2026-01-26 01:59:44
f882ccc8-45aa-426b-aef6-514fe1d3d9cc,19,1,18,9,0,1769410732,2026-01-26 01:59:44
c02864f0-2611-440b-98f4-45fddfd545fe,18,3,15,1,0,1769410732,2026-01-26 01:59:44
774c5443-d463-42b3-bfc5-b0ab3c56fe35,17,14,3,14,0,1769410733,2026-01-26 01:59:44
868586b3-ddc7-4b4b-9bed-a1e487033aaa,27,0,27,18,0,1769410732,2026-01-26 01:59:44
1a083890-e22b-4f81-8d98-567784034916,20,5,15,2,0,1769410733,2026-01-26 01:59:44
2124037656159914878,3,0,3,7,0,1769410733,2026-01-26 01:59:44
1846085533896197012,17,1,16,0,0,1769410733,2026-01-26 01:59:44
1864605659096685518,2,2,0,17,0,1769410735,2026-01-26 01:59:44
66dc1d0c-0aca-11e7-82f6-3863bb44ef7c,17,17,0,9,0,1769410736,2026-01-26 01:59:44
35b8b636-18d3-4860-b0a9-39c0bce96a10,8,1,7,19,0,1769410735,2026-01-26 01:59:44
1864606193814670106,6,1,5,19,0,1769410735,2026-01-26 01:59:44
e2fc6d90-8deb-4e21-961d-9d5208c1f986,29,15,14,1,0,1769410735,2026-01-26 01:59:44
48b19cc8-bf45-4602-89ac-a8c0a0560c43,15,4,11,2,0,1769410736,2026-01-26 01:59:44
66dcbf69-0aca-11e7-82f6-3863bb44ef7c,6,5,1,14,0,1769410732,2026-01-26 01:59:44
66dc864c-0aca-11e7-82f6-3863bb44ef7c,17,3,14,9,0,1769410737,2026-01-26 01:59:44
6ca15d94-897a-4c81-ab47-366829afb7c4,10,6,4,10,0,1769410737,2026-01-26 01:59:44
66db8ca4-0aca-11e7-82f6-3863bb44ef7c,42,35,7,19,0,1769410737,2026-01-26 01:59:44
4f57360d-a4cb-4568-b74a-f3086ccaee2e,5,4,1,13,0,1769410737,2026-01-26 01:59:44
29223935-a682-411c-9f25-577bbb9804fc,20,1,19,0,0,1769410737,2026-01-26 01:59:44
66ddb6d9-0aca-11e7-82f6-3863bb44ef7c,49,9,40,16,0,1769410736,2026-01-26 01:59:44
66de88d7-0aca-11e7-82f6-3863bb44ef7c,18,13,5,29,0,1769410737,2026-01-26 01:59:44
1854538793462575652,10,5,5,5,0,1769410738,2026-01-26 01:59:44
145bbc0d-8976-45ae-9565-158ba564d3d1,23,1,22,1,0,1769410738,2026-01-26 01:59:44
dc8223ad-4108-40a8-9ff5-35e8490b4077,0,0,0,0,0,86400,2026-01-26 01:59:44
2004153375425087884,0,0,0,0,0,86400,2026-01-26 01:59:44
2171902770580328596,0,0,0,0,0,86400,2026-01-26 01:59:44
2171902875345687974,0,0,0,0,0,86400,2026-01-26 01:59:44
2171904090179944948,0,0,0,0,0,86400,2026-01-26 01:59:44
2177013822218302292,0,0,0,0,0,86400,2026-01-26 01:59:44
2177013981286744096,0,0,0,0,0,86400,2026-01-26 01:59:44
2177017749848514898,0,0,0,0,0,86400,2026-01-26 01:59:44
2177016343889563330,0,0,0,0,0,86400,2026-01-26 01:59:44
2177016064191230822,0,0,0,0,0,86400,2026-01-26 01:59:44
66dc7a7d-0aca-11e7-82f6-3863bb44ef7c,0,0,0,0,0,1760532172,2026-01-26 01:59:44
66db473c-0aca-11e7-82f6-3863bb44ef7c,0,0,0,3,0,1768246235,2026-01-26 01:59:44
9a52fbc1-d87a-4a65-941d-12fd55dbcdde,0,0,0,1,0,1769367207,2026-01-26 01:59:44
66db2afe-0aca-11e7-82f6-3863bb44ef7c,0,0,0,0,0,1769366833,2026-01-26 01:59:44
66dbc60f-0aca-11e7-82f6-3863bb44ef7c,6,5,1,0,0,1769410525,2026-01-26 01:59:44
b506be9e-45d3-43d1-a262-27d8fa91e974,0,0,0,20,0,1769366618,2026-01-26 01:59:44
2576805f-9732-4c74-8f1d-57715e8cdfa2,10,4,6,18,0,1769410590,2026-01-26 01:59:44
2123940148896639644,5,3,2,1,0,1769410608,2026-01-26 01:59:44
66db8d89-0aca-11e7-82f6-3863bb44ef7c,49,41,8,6,0,1769410621,2026-01-26 01:59:44
1834145330979754058,0,0,0,27,0,1769410620,2026-01-26 01:59:44
2124037775602344266,3,0,3,10,0,1769410621,2026-01-26 01:59:44
66de5095-0aca-11e7-82f6-3863bb44ef7c,4,2,2,14,0,1769410621,2026-01-26 01:59:44
66dc259a-0aca-11e7-82f6-3863bb44ef7c,12,4,8,68,0,1769410618,2026-01-26 01:59:44
821b19c1-ab13-4482-9580-770288a377a7,4,2,2,37,0,1769410619,2026-01-26 01:59:44
66dbeded-0aca-11e7-82f6-3863bb44ef7c,13,5,8,6,0,1769410621,2026-01-26 01:59:44
66dea596-0aca-11e7-82f6-3863bb44ef7c,11,4,7,12,0,1769410621,2026-01-26 01:59:44
1869753195262578852,5,1,4,12,0,1769410621,2026-01-26 01:59:44
d6834194-029d-4e2d-83b0-ee78ab5acda2,10,1,9,5,0,1769410619,2026-01-26 01:59:44
59e3766c-0629-4ff1-a1d9-bc0514a55487,9,4,5,13,0,1769410619,2026-01-26 01:59:44
648e09b6-95c2-40d3-9dac-a43f22eccf38,6,0,6,16,0,1769410620,2026-01-26 01:59:44
f91170e6-a33c-4870-94da-9d51510515d2,3,1,2,13,0,1769410624,2026-01-26 01:59:44
66db64d1-0aca-11e7-82f6-3863bb44ef7c,10,0,10,10,0,1769410625,2026-01-26 01:59:44
66dc1c5c-0aca-11e7-82f6-3863bb44ef7c,66,56,10,8,0,1769410623,2026-01-26 01:59:44
e0b80983-c520-47e3-9c8d-a17fff5e5582,16,2,14,2,0,1769410624,2026-01-26 01:59:44
66dbc551-0aca-11e7-82f6-3863bb44ef7c,32,20,12,22,0,1769410624,2026-01-26 01:59:44
66dd1585-0aca-11e7-82f6-3863bb44ef7c,38,7,31,0,0,1769410626,2026-01-26 01:59:44
1815968026870435892,10,6,4,12,0,1769410626,2026-01-26 01:59:44
d7632897-a6eb-4f8f-9ab2-c66426620fbf,8,0,8,6,0,1769410625,2026-01-26 01:59:44
8d097a6d-f17c-4195-9dd4-42527b371c71,40,39,1,21,0,1769410623,2026-01-26 01:59:44
66dc41bb-0aca-11e7-82f6-3863bb44ef7c,22,15,7,30,0,1769410623,2026-01-26 01:59:44
66dbe8d6-0aca-11e7-82f6-3863bb44ef7c,20,19,1,30,0,1769410626,2026-01-26 01:59:44
1903998756008763590,2,0,2,49,0,1769410629,2026-01-26 01:59:44
66dded7a-0aca-11e7-82f6-3863bb44ef7c,5,2,3,23,0,1769410630,2026-01-26 01:59:44
66de0933-0aca-11e7-82f6-3863bb44ef7c,23,1,22,4,0,1769410630,2026-01-26 01:59:44
3c135a2e-eeea-4e81-9c0a-8d14a6049198,9,2,7,11,0,1769410630,2026-01-26 01:59:44
36b55a0f-e55d-4849-859a-09b3273fb782,12,1,11,8,0,1769410627,2026-01-26 01:59:44
4bbf50a9-47c2-4a32-97c2-1f6bc4f9d401,19,3,16,12,0,1769410627,2026-01-26 01:59:44
66db3273-0aca-11e7-82f6-3863bb44ef7c,42,36,6,4,0,1769410627,2026-01-26 01:59:44
61647ec6-dfd6-4d1c-8800-d488d390c627,25,14,11,9,0,1769410628,2026-01-26 01:59:44
d7bdc3d7-6e6d-4899-9cc7-f4238a86c695,1,0,1,22,0,1769410630,2026-01-26 01:59:44
a3e2b360-f050-48ea-b8c8-57d897b8f7fc,5,5,0,12,0,1769410630,2026-01-26 01:59:44
1828968794479100296,9,3,6,8,0,1769410628,2026-01-26 01:59:44
e612122d-e0fd-4ebf-8d51-0f48f9d1b580,16,0,16,4,0,1769410628,2026-01-26 01:59:44
67f60e7e-397a-4e47-b7f9-d10bd67133b3,2,1,1,48,0,1769410631,2026-01-26 01:59:44
1846085626867634660,1,1,0,17,0,1769410633,2026-01-26 01:59:44
4eb6d6a8-ecc1-4e89-a586-4f96ed3d83e1,1,1,0,25,0,1769410633,2026-01-26 01:59:44
1841240663447542046,13,13,0,6,0,1769410632,2026-01-26 01:59:44
93c28953-7e65-436e-9c5a-9d7ca0e3729f,0,0,0,23,0,1769410628,2026-01-26 01:59:44
3c8847a6-c12a-40fd-9b22-4582ac1a0d9d,22,20,2,1,0,1769410638,2026-01-26 01:59:44
ba0a4ada-c9f6-48b4-a7b3-7220f6fb88c2,4,2,2,20,0,1769410638,2026-01-26 01:59:44
a33a2d11-33a5-46ad-a086-5698ac17b7b4,29,11,18,0,0,1769410634,2026-01-26 01:59:44
dd351a72-4241-4275-843d-0fffa8a1f414,3,2,1,20,0,1769410634,2026-01-26 01:59:44
23bc4d9b-1ec2-45fb-9228-e41517346b24,12,6,6,1,0,1769410636,2026-01-26 01:59:44
647a2a80-9630-41b0-9b91-1f464b0bf3cc,52,52,0,26,0,1769410637,2026-01-26 01:59:44
361dd964-db79-47dd-b044-eac88c735249,0,0,0,18,0,1769410637,2026-01-26 01:59:44
1846085927885781554,7,0,7,12,0,1769410637,2026-01-26 01:59:44
66de5773-0aca-11e7-82f6-3863bb44ef7c,5,1,4,8,0,1769410633,2026-01-26 01:59:44
66db69d0-0aca-11e7-82f6-3863bb44ef7c,24,14,10,9,0,1769410641,2026-01-26 01:59:44
d8673258-9513-4ed2-86bf-bef62e7e4e30,4,3,1,10,0,1769410641,2026-01-26 01:59:44
5db1fefa-0f10-4c58-a7ce-113f3164ced8,13,5,8,2,0,1769410641,2026-01-26 01:59:44
002e6e9f-ced2-47b0-bc7e-ccf38c3b4b0f,4,0,4,14,0,1769410642,2026-01-26 01:59:44
f15ccc6e-5a7c-46e7-b505-0bfc9cae3d83,7,3,4,22,0,1769410643,2026-01-26 01:59:44
66dc2bc5-0aca-11e7-82f6-3863bb44ef7c,7,4,3,102,0,1769410640,2026-01-26 01:59:44
66db7a71-0aca-11e7-82f6-3863bb44ef7c,4,4,0,35,0,1769410644,2026-01-26 01:59:44
66db2db5-0aca-11e7-82f6-3863bb44ef7c,43,1,42,11,0,1769410645,2026-01-26 01:59:44
344b52b0-73a9-4fe3-9132-23d0502dc0ae,10,6,4,11,0,1769410651,2026-01-26 01:59:44
66db4671-0aca-11e7-82f6-3863bb44ef7c,44,36,8,1,0,1769410652,2026-01-26 01:59:44
66de5e5b-0aca-11e7-82f6-3863bb44ef7c,7,4,3,35,0,1769410652,2026-01-26 01:59:44
66dd2208-0aca-11e7-82f6-3863bb44ef7c,17,4,13,23,0,1769410648,2026-01-26 01:59:44
66de4078-0aca-11e7-82f6-3863bb44ef7c,4,3,1,17,0,1769410648,2026-01-26 01:59:44
3863f086-ae35-4d0e-8c91-2b6e3e5827a1,13,3,10,23,0,1769410649,2026-01-26 01:59:44
550153a5-2ea1-4c76-b1cd-77667005f55d,16,2,14,10,0,1769410649,2026-01-26 01:59:44
66dc192f-0aca-11e7-82f6-3863bb44ef7c,11,0,11,11,0,1769410647,2026-01-26 01:59:44
3e9e50cc-f336-439f-bd0b-dec5499c038d,35,32,3,10,0,1769410647,2026-01-26 01:59:44
1875433315773395778,7,3,4,23,0,1769410648,2026-01-26 01:59:44
bb32aad7-8308-4ff8-b073-d5b518ffdd09,7,7,0,29,0,1769410646,2026-01-26 01:59:44
bc346753-b68a-4cb3-b93f-b0be68227eae,2,1,1,19,0,1769410646,2026-01-26 01:59:44
dad3b7df-ec40-4d54-bfdb-5e82be84d742,21,21,0,0,0,1769410646,2026-01-26 01:59:44
66db34fc-0aca-11e7-82f6-3863bb44ef7c,2,0,2,29,0,1769410645,2026-01-26 01:59:44
18846fd4-877c-4971-9b6f-1bd8fbc10346,3,1,2,17,0,1769410646,2026-01-26 01:59:44
fe93b3ae-1d86-4ee9-9eb6-9e11808966aa,0,0,0,20,0,1769410650,2026-01-26 01:59:44
1814900632709495794,16,1,15,4,0,1769410650,2026-01-26 01:59:44
18fcd2c1-dc8b-4a52-9f18-e9b9003bbea5,28,26,2,23,0,1769410650,2026-01-26 01:59:44
a8560d28-9ee1-4af4-9180-7e9c4dd0d147,13,4,9,4,0,1769410650,2026-01-26 01:59:44
668ef22c-4665-4f42-bf6a-ab9e8a2899b1,4,2,2,22,0,1769410651,2026-01-26 01:59:44
c46a2889-258b-4fc5-a452-1d4e7dfe683a,2,0,2,15,0,1769410651,2026-01-26 01:59:44
1856766912456610780,2,1,1,20,0,1769410651,2026-01-26 01:59:44
c2800791-1911-4f2b-8fc7-bed280c557c0,35,26,9,7,0,1769410654,2026-01-26 01:59:44
66dea6e1-0aca-11e7-82f6-3863bb44ef7c,6,4,2,59,0,1769410655,2026-01-26 01:59:44
66de8a86-0aca-11e7-82f6-3863bb44ef7c,7,2,5,52,0,1769410657,2026-01-26 01:59:44
b55f9b55-7fa7-4f0f-9732-78cbe07452e1,9,1,8,19,0,1769410657,2026-01-26 01:59:44
085da8d4-9465-46f0-82d1-10c9c9177d64,1,0,1,17,0,1769410653,2026-01-26 01:59:44
43f3d3c7-46b0-4812-879d-15afe8804c5f,24,12,12,0,0,1769410653,2026-01-26 01:59:44
04d557d6-6bc3-4244-b0f1-81ed1449ccd6,16,13,3,0,0,1769410653,2026-01-26 01:59:44
90c35466-db3c-4b0d-993e-6e92883773b4,43,27,16,22,0,1769410653,2026-01-26 01:59:44
66de482a-0aca-11e7-82f6-3863bb44ef7c,12,8,4,4,0,1769410653,2026-01-26 01:59:44
d47c856e-8cda-4da0-b8eb-1ccf0e6ef7ab,4,1,3,26,0,1769410655,2026-01-26 01:59:44
1f872052-38c4-4701-96c4-c363de51c2b5,27,7,20,30,0,1769410655,2026-01-26 01:59:44
1786696384892428996,5,4,1,16,0,1769410664,2026-01-26 01:59:44
1835247196073118026,9,1,8,7,0,1769410664,2026-01-26 01:59:44
0dc63044-e19c-474d-9df1-c3e504d03b07,13,6,7,35,0,1769410665,2026-01-26 01:59:44
66dbbc4a-0aca-11e7-82f6-3863bb44ef7c,21,7,14,3,0,1769410665,2026-01-26 01:59:44
1828965671716082498,13,3,10,5,0,1769410661,2026-01-26 01:59:44
66dcfaf6-0aca-11e7-82f6-3863bb44ef7c,11,0,11,7,0,1769410662,2026-01-26 01:59:44
2026068766494475116,15,14,1,21,0,1769410658,2026-01-26 01:59:44
1861682444178541220,21,1,20,4,0,1769410658,2026-01-26 01:59:44
7bdd60e9-c0fd-40f6-aa9a-d5fa004d4fe3,17,2,15,3,0,1769410658,2026-01-26 01:59:44
66dc7cc3-0aca-11e7-82f6-3863bb44ef7c,27,14,13,12,0,1769410658,2026-01-26 01:59:44
35a5b4d6-2d90-4b60-b68b-03bb60fb1afc,3,3,0,16,0,1769410659,2026-01-26 01:59:44
8fa2fafb-fa07-48b2-b159-bffbea7176d4,0,0,0,19,0,1769410659,2026-01-26 01:59:44
1861682702044957494,5,4,1,13,0,1769410659,2026-01-26 01:59:44
66ddeffd-0aca-11e7-82f6-3863bb44ef7c,9,4,5,10,0,1769410659,2026-01-26 01:59:44
1860190006584693708,3,1,2,13,0,1769410663,2026-01-26 01:59:44
1838070776953752336,4,3,1,18,0,1769410663,2026-01-26 01:59:44
1938139112487078732,14,12,2,18,0,1769410660,2026-01-26 01:59:44
c809158b-ca8f-4a77-a800-8ee9d287c056,2,1,1,16,0,1769410660,2026-01-26 01:59:44
787fe4b2-6029-4f71-917e-892479d8d64e,5,0,5,13,0,1769410661,2026-01-26 01:59:44
9b70cbe2-25fc-42f8-b6e6-ac21ef248e4b,2,0,2,16,0,1769410667,2026-01-26 01:59:44
d9ec5589-c872-46f2-88cd-e54f9c596721,7,1,6,13,0,1769410667,2026-01-26 01:59:44
e2b28abd-07a4-4552-ad17-abf155aff28a,6,6,0,17,0,1769410666,2026-01-26 01:59:44
47bcbcc1-9241-4e65-99f1-07c15543be1b,9,3,6,18,0,1769410667,2026-01-26 01:59:44
724aeecc-8c91-4afc-b97c-72a98de452c9,0,0,0,17,0,1769410667,2026-01-26 01:59:44
b516fedb-3ced-4683-8c17-7e5f6dadf04d,17,1,16,14,0,1769410668,2026-01-26 01:59:44
66dde914-0aca-11e7-82f6-3863bb44ef7c,16,8,8,19,0,1769410668,2026-01-26 01:59:44
305c221f-4e0b-4a5a-902c-3d1043dfe606,8,3,5,9,0,1769410669,2026-01-26 01:59:44
e8df73bd-5d3d-47c9-b04d-bcec4db5540f,42,7,35,21,0,1769410669,2026-01-26 01:59:44
66de10a8-0aca-11e7-82f6-3863bb44ef7c,18,5,13,10,0,1769410670,2026-01-26 01:59:44
bd1760ad-3af3-4ede-9bd7-c8fbf46d7192,3,0,3,16,0,1769410670,2026-01-26 01:59:44
1e3a16ff-65ba-4d34-b3c6-37aff44e085a,17,7,10,19,0,1769410672,2026-01-26 01:59:44
9ea2afff-a146-4824-89b6-39d5bdfac795,19,17,2,1,0,1769410672,2026-01-26 01:59:44
4dcff9e7-7cb6-4d3d-ad67-c2e4c05933d3,6,0,6,15,0,1769410673,2026-01-26 01:59:44
eafa19ed-88c2-4efc-bd73-3961f85b6063,25,23,2,16,0,1769410668,2026-01-26 01:59:44
78b4aa30-e4e9-4447-9419-c89f8527892e,5,4,1,14,0,1769410674,2026-01-26 01:59:44
1884688942632618210,12,12,0,13,0,1769410673,2026-01-26 01:59:44
5dc8ddac-979e-4ae5-b879-3670cca7482d,2,0,2,18,0,1769410674,2026-01-26 01:59:44
96878d29-481d-48dc-bcdc-a5f1ce88c76d,10,1,9,8,0,1769410674,2026-01-26 01:59:44
2f656bc4-7743-4326-8330-a22bd41d9d17,15,1,14,19,0,1769410674,2026-01-26 01:59:44
e1886e7a-62b1-4359-9835-8ab5a16371ae,3,0,3,18,0,1769410675,2026-01-26 01:59:44
1828969112306680612,0,0,0,19,0,1769410672,2026-01-26 01:59:44
66de48f9-0aca-11e7-82f6-3863bb44ef7c,15,0,15,3,0,1769410676,2026-01-26 01:59:44
6a9b19e3-cd69-4e0c-9b28-1889db936c7c,2,0,2,16,0,1769410677,2026-01-26 01:59:44
66de65a4-0aca-11e7-82f6-3863bb44ef7c,0,0,0,24,0,1769410677,2026-01-26 01:59:44
44a80c48-c1a9-4ff1-92eb-6bf8be492f5e,13,10,3,7,0,1769410677,2026-01-26 01:59:44
66dc0cc7-0aca-11e7-82f6-3863bb44ef7c,19,15,4,30,0,1769410677,2026-01-26 01:59:44
1845676816555735590,11,1,10,11,0,1769410675,2026-01-26 01:59:44
b0239a13-649a-4d31-aa04-56b8aaeba4d4,4,3,1,14,0,1769410674,2026-01-26 01:59:44
df243d7f-e6ae-435c-9895-aecbcff9cada,23,15,8,5,0,1769410675,2026-01-26 01:59:44
1828969323789472168,10,2,8,4,0,1769410677,2026-01-26 01:59:44
fd081854-3f37-420a-9785-ea63c09c12ad,10,5,5,8,0,1769410678,2026-01-26 01:59:44
66dd41ef-0aca-11e7-82f6-3863bb44ef7c,10,9,1,33,0,1769410678,2026-01-26 01:59:44
f3c68cfb-52fd-48c8-b6e5-85c179fee0b3,8,2,6,13,0,1769410676,2026-01-26 01:59:44
1869439561831725810,12,12,0,11,0,1769410681,2026-01-26 01:59:44
66de2b97-0aca-11e7-82f6-3863bb44ef7c,27,27,0,12,0,1769410681,2026-01-26 01:59:44
1893622839585237496,2,2,0,72,0,1769410682,2026-01-26 01:59:44
e3e6105e-eaa2-43c5-badb-fb8592ad7227,12,10,2,11,0,1769410681,2026-01-26 01:59:44
66dc2172-0aca-11e7-82f6-3863bb44ef7c,1,1,0,84,0,1769410682,2026-01-26 01:59:44
66dd4b91-0aca-11e7-82f6-3863bb44ef7c,30,18,12,9,0,1769410678,2026-01-26 01:59:44
1860187181307969634,19,1,18,2,0,1769410679,2026-01-26 01:59:44
1843486464469891376,2,2,0,16,0,1769410679,2026-01-26 01:59:44
e34bb92f-6911-449a-999b-5bc80e0322fe,2,1,1,15,0,1769410679,2026-01-26 01:59:44
66dcc30b-0aca-11e7-82f6-3863bb44ef7c,6,0,6,11,0,1769410680,2026-01-26 01:59:44
1846086138339179502,13,7,6,5,0,1769410679,2026-01-26 01:59:44
1885442082749874736,1,1,0,18,0,1769410680,2026-01-26 01:59:44
1828966104320053340,12,4,8,5,0,1769410681,2026-01-26 01:59:44
d1138533-504c-4d29-b71c-299e1d31f159,21,8,13,14,0,1769410679,2026-01-26 01:59:44
956e9f8d-d23a-4a0e-bf28-84180e818af7,3,2,1,23,0,1769410680,2026-01-26 01:59:44
1862008413697896912,3,1,2,17,0,1769410680,2026-01-26 01:59:44
66dce567-0aca-11e7-82f6-3863bb44ef7c,5,0,5,15,0,1769410680,2026-01-26 01:59:44
ca4e4962-2169-4559-8f60-b05ab7809750,20,3,17,10,0,1769410678,2026-01-26 01:59:44
66de186f-0aca-11e7-82f6-3863bb44ef7c,10,1,9,13,0,1769410678,2026-01-26 01:59:44
2022386456542683974,28,3,25,4,0,1769410687,2026-01-26 01:59:44
66dc76cd-0aca-11e7-82f6-3863bb44ef7c,23,18,5,10,0,1769410687,2026-01-26 01:59:44
26176e86-8362-4c91-a693-6aa3f9ce0b73,5,3,2,12,0,1769410687,2026-01-26 01:59:44
66de2556-0aca-11e7-82f6-3863bb44ef7c,49,42,7,27,0,1769410683,2026-01-26 01:59:44
66db5c14-0aca-11e7-82f6-3863bb44ef7c,4,2,2,17,0,1769410684,2026-01-26 01:59:44
1860188907884823208,4,1,3,16,0,1769410683,2026-01-26 01:59:44
062ffe5a-aa91-412d-8210-23d562c7e7f8,2,2,0,17,0,1769410684,2026-01-26 01:59:44
1848242058183072050,13,2,11,6,0,1769410684,2026-01-26 01:59:44
b0cc08dc-e7dd-48d1-8901-ba496f3ff2f5,8,6,2,35,0,1769410684,2026-01-26 01:59:44
66dc21d4-0aca-11e7-82f6-3863bb44ef7c,2,2,0,45,0,1769410684,2026-01-26 01:59:44
28be450b-7878-4495-add2-61afd94f375a,11,3,8,5,0,1769410689,2026-01-26 01:59:44
063e7e78-b810-4a2f-8045-a82a0d69d752,40,34,6,4,0,1769410689,2026-01-26 01:59:44
bfbd1f09-afd2-49d2-8674-3a07b3c929a4,20,14,6,1,0,1769410690,2026-01-26 01:59:44
eb41a103-0196-4f19-a440-256167191a7d,1,1,0,15,0,1769410690,2026-01-26 01:59:44
e5b2a7ce-d867-465b-8446-743e00617068,2,1,1,18,0,1769410687,2026-01-26 01:59:44
66de5ace-0aca-11e7-82f6-3863bb44ef7c,12,3,9,10,0,1769410688,2026-01-26 01:59:44
be2bdee1-e3e9-45cc-94f0-2ba81a722ba3,7,4,3,9,0,1769410688,2026-01-26 01:59:44
66db7152-0aca-11e7-82f6-3863bb44ef7c,40,14,26,3,0,1769410686,2026-01-26 01:59:44
0c106e83-c47a-4233-b5e4-62bbb75d0bed,1,1,0,17,0,1769410686,2026-01-26 01:59:44
c066c90a-efb1-4f8b-aa15-38ba4edd4ebc,13,2,11,7,0,1769410683,2026-01-26 01:59:44
5736cd70-be41-483e-8d82-721874f40e6e,6,1,5,11,0,1769410683,2026-01-26 01:59:44
2143247416766638978,4,1,3,38,0,1769410683,2026-01-26 01:59:44
1893542109140147108,8,1,7,9,0,1769410684,2026-01-26 01:59:44
2119506830683992262,39,26,13,5,0,1769410685,2026-01-26 01:59:44
1828969515711812276,16,11,5,0,0,1769410685,2026-01-26 01:59:44
82dd89f6-1e5a-4a8f-8660-13cb64349e94,8,3,5,10,0,1769410685,2026-01-26 01:59:44
1964061627836181486,5,0,5,78,0,1769410685,2026-01-26 01:59:44
66db2d2b-0aca-11e7-82f6-3863bb44ef7c,24,22,2,24,0,1769410685,2026-01-26 01:59:44
993fc83f-52c6-43f4-bb49-4abe4ad48150,0,0,0,20,0,1769410685,2026-01-26 01:59:44
9092515e-eef6-478f-910f-1cd19d06bebb,28,10,18,5,0,1769410690,2026-01-26 01:59:44
66dbe848-0aca-11e7-82f6-3863bb44ef7c,95,66,29,23,0,1769410691,2026-01-26 01:59:44
b608193c-46ae-4b61-9e7a-4671e7c3b96e,3,0,3,14,0,1769410690,2026-01-26 01:59:44
66de2a00-0aca-11e7-82f6-3863bb44ef7c,19,4,15,11,0,1769410690,2026-01-26 01:59:44
ccfa8b82-07a7-4a08-88fc-be261c30a4ca,5,3,2,16,0,1769410688,2026-01-26 01:59:44
66dea894-0aca-11e7-82f6-3863bb44ef7c,44,28,16,1,0,1769410691,2026-01-26 01:59:44
4c3b6e25-b0c2-4a3f-b07e-cd60cd1b0ac0,0,0,0,17,0,1769410695,2026-01-26 01:59:44
2127386446510160022,0,0,0,18,0,1769410694,2026-01-26 01:59:44
1848242216849312578,10,2,8,8,0,1769410695,2026-01-26 01:59:44
1846086665080867236,9,1,8,10,0,1769410692,2026-01-26 01:59:44
66dbb869-0aca-11e7-82f6-3863bb44ef7c,6,2,4,13,0,1769410693,2026-01-26 01:59:44
1840540966407039246,17,0,17,2,0,1769410694,2026-01-26 01:59:44
bbb48e80-7d2f-4b3c-bb8c-591bc931945a,14,5,9,5,0,1769410693,2026-01-26 01:59:44
2f580cf9-14e2-4300-ba22-f6d88d0312a5,4,1,3,21,0,1769410690,2026-01-26 01:59:44
d33261e6-600e-4756-ad03-a9facbd8ace1,12,2,10,7,0,1769410693,2026-01-26 01:59:44
1828967607558607844,2,1,1,14,0,1769410692,2026-01-26 01:59:44
341730d7-a61d-499d-8c07-fa015f644e54,56,45,11,28,0,1769410698,2026-01-26 01:59:44
66dde197-0aca-11e7-82f6-3863bb44ef7c,10,10,0,29,0,1769410698,2026-01-26 01:59:44
2137774972219769002,7,1,6,2,0,1769410695,2026-01-26 01:59:44
3eed817a-63e5-424b-8ed3-c809db5488f7,49,18,31,0,0,1769410696,2026-01-26 01:59:44
d34f2271-10ee-40c3-a93a-09df58860512,6,5,1,11,0,1769410696,2026-01-26 01:59:44
f4f9a09c-010c-430c-a766-3390c44b4962,2,2,0,14,0,1769410696,2026-01-26 01:59:44
1815968147129520346,1,1,0,19,0,1769410699,2026-01-26 01:59:44
66dce5c9-0aca-11e7-82f6-3863bb44ef7c,9,0,9,8,0,1769410700,2026-01-26 01:59:44
1786375069262703476,20,8,12,9,0,1769410700,2026-01-26 01:59:44
a1acdab2-29c7-4956-8b2e-24b39dc2ff13,23,7,16,36,0,1769410696,2026-01-26 01:59:44
1064b4b0-e9c8-4139-ac48-f118305dbe69,5,3,2,17,0,1769410696,2026-01-26 01:59:44
122111c9-9a61-4372-a756-fb2495611cb6,10,6,4,8,0,1769410696,2026-01-26 01:59:44
66db7637-0aca-11e7-82f6-3863bb44ef7c,15,1,14,26,0,1769410697,2026-01-26 01:59:44
9c1c3499-1b11-471f-b59a-87d9e27e15c5,20,2,18,1,0,1769410697,2026-01-26 01:59:44
1851999409149780880,15,4,11,7,0,1769410698,2026-01-26 01:59:44
1954806962718223342,37,24,13,1,0,1769410698,2026-01-26 01:59:44
5780ae63-54e5-48e3-a00c-9c403cb75401,9,0,9,11,0,1769410699,2026-01-26 01:59:44
2c321ea3-e1dd-4d32-be70-bd158fe1f568,20,3,17,59,0,1769410701,2026-01-26 01:59:44
7a725e59-49be-4c1d-9c3d-3b3a8ed1232f,8,8,0,12,0,1769410700,2026-01-26 01:59:44
e4645d0d-8b76-4c46-b2b9-be25592e0659,6,3,3,15,0,1769410701,2026-01-26 01:59:44
dfad8e49-7e1b-4376-90b4-7a449319f294,1,1,0,20,0,1769410705,2026-01-26 01:59:44
66dc4599-0aca-11e7-82f6-3863bb44ef7c,15,10,5,9,0,1769410705,2026-01-26 01:59:44
1e6c5d0c-f406-4b60-88f6-6284a38d3930,2,0,2,15,0,1769410705,2026-01-26 01:59:44
d5d589e6-457f-4cd4-bf78-59165dce28b2,25,15,10,2,0,1769410705,2026-01-26 01:59:44
1885439359712500016,1,1,0,22,0,1769410704,2026-01-26 01:59:44
61bc2467-aa8c-4386-ba9e-3f01120bd6b8,16,5,11,6,0,1769410704,2026-01-26 01:59:44
88e64257-298c-4b8d-8886-77b9b66dcec1,10,4,6,41,0,1769410705,2026-01-26 01:59:44
66dde845-0aca-11e7-82f6-3863bb44ef7c,26,24,2,11,0,1769410701,2026-01-26 01:59:44
b62bcd96-c2db-447c-bdd5-d3c18f174858,8,0,8,9,0,1769410701,2026-01-26 01:59:44
2124382079594320876,5,1,4,7,0,1769410702,2026-01-26 01:59:44
66dda55f-0aca-11e7-82f6-3863bb44ef7c,14,9,5,17,0,1769410702,2026-01-26 01:59:44
cac843c2-8b21-47bb-a3b9-712f95d7f7aa,15,4,11,1,0,1769410702,2026-01-26 01:59:44
e780c290-0c52-4ab1-9719-a581be789df3,6,4,2,12,0,1769410702,2026-01-26 01:59:44
ad17bd9a-735b-4a11-8ad3-dc7800e342af,21,8,14,10,0,1769410706,2026-01-26 01:59:44
1860189813948384088,20,12,8,1,0,1769410707,2026-01-26 01:59:44
a58ff2e3-a5ae-4070-a26d-ddfe8cc6fc58,19,15,4,1,0,1769410707,2026-01-26 01:59:44
96a0b676-e966-4d96-b04b-ceb8149cedcd,4,3,1,17,0,1769410707,2026-01-26 01:59:44
94f77501-32e5-4539-90c6-82d4198f7991,11,8,3,8,0,1769410703,2026-01-26 01:59:44
66db88f5-0aca-11e7-82f6-3863bb44ef7c,14,5,9,24,0,1769410703,2026-01-26 01:59:44
2126621966735272262,8,0,8,3,0,1769410702,2026-01-26 01:59:44
9a40cb60-6ede-4c9e-9d64-dc55cae57f31,5,2,3,20,0,1769410706,2026-01-26 01:59:44
88ee054e-bdeb-4305-8f3b-76eb964f2c84,4,3,1,10,0,1769410703,2026-01-26 01:59:44
66dd546c-0aca-11e7-82f6-3863bb44ef7c,12,3,9,10,0,1769410708,2026-01-26 01:59:44
2366d8a4-7a49-42f3-9afe-efd2b200336b,8,8,0,13,0,1769410708,2026-01-26 01:59:44
db29242d-6ff3-4e22-85fe-45fa3d03ec39,1,1,0,18,0,1769410708,2026-01-26 01:59:44
d7904cd0-4b1b-47d0-8103-937bcf5ff845,11,5,6,2,0,1769410708,2026-01-26 01:59:44
66de099d-0aca-11e7-82f6-3863bb44ef7c,5,1,4,31,0,1769410708,2026-01-26 01:59:44
328d778a-7e71-4240-acae-b84f0fdaa5c5,4,2,2,21,0,1769410708,2026-01-26 01:59:44
45e8c326-b12d-4be6-b040-bb6de9986d25,18,5,13,0,0,1769410708,2026-01-26 01:59:44
bbaae5d3-7e2b-46a8-872e-152404c664f7,20,1,19,6,0,1769410708,2026-01-26 01:59:44
66db74a5-0aca-11e7-82f6-3863bb44ef7c,38,9,29,13,0,1769410711,2026-01-26 01:59:44
1817432104157364846,17,1,16,1,0,1769410712,2026-01-26 01:59:44
cad68b8c-6d68-4c5f-88fe-b1aa3e40727a,8,0,8,13,0,1769410712,2026-01-26 01:59:44
66dc2238-0aca-11e7-82f6-3863bb44ef7c,25,21,4,52,0,1769410712,2026-01-26 01:59:44
3d339282-d5c7-41ec-b634-6a988aefd440,3,1,2,14,0,1769410712,2026-01-26 01:59:44
be8e6f1c-e8b5-40bd-896d-423052ba3bbc,3,3,0,13,0,1769410711,2026-01-26 01:59:44
d3f51f51-7e51-4c75-8600-d76916608707,8,1,7,18,0,1769410710,2026-01-26 01:59:44
62089e99-7f73-4f59-816d-57f9793484a1,12,1,11,7,0,1769410711,2026-01-26 01:59:44
dc34ba4c-d8e5-4674-a02e-210c950c05c1,4,3,1,20,0,1769410711,2026-01-26 01:59:44
7603028c-8b04-4918-8a25-a087ce57aea4,14,0,14,18,0,1769410710,2026-01-26 01:59:44
0b94cc1e-2327-4679-99d9-3b21ddc02051,22,9,13,7,0,1769410710,2026-01-26 01:59:44
66de867e-0aca-11e7-82f6-3863bb44ef7c,1,1,0,33,0,1769410711,2026-01-26 01:59:44
1b22c037-207d-454a-90aa-8f22d0a8a7e3,14,1,13,7,0,1769410708,2026-01-26 01:59:44
2104275164415193448,31,4,27,34,0,1769410708,2026-01-26 01:59:44
1815967159287043052,7,1,6,15,0,1769410709,2026-01-26 01:59:44
2144768975813378884,2,2,0,17,0,1769410709,2026-01-26 01:59:44
42032bf9-4599-4035-bc01-c80bec1a7122,2,1,1,17,0,1769410709,2026-01-26 01:59:44
2098714441479661752,4,2,2,11,0,1769410707,2026-01-26 01:59:44
2126274308236524392,3,1,2,8,0,1769410567,2026-01-26 01:59:44
66dea674-0aca-11e7-82f6-3863bb44ef7c,11,0,11,10,0,1769410707,2026-01-26 01:59:44
66dd1846-0aca-11e7-82f6-3863bb44ef7c,42,20,22,5,0,1769410709,2026-01-26 01:59:44
2743a950-3a1f-4a58-8fe0-f4105033e0e3,7,6,1,13,0,1769410716,2026-01-26 01:59:44
623c9658-5544-4254-847e-738763cf45a3,6,2,4,13,0,1769410716,2026-01-26 01:59:44
ebfafca3-5818-4e6f-8374-98f44a0ca0c6,2,2,0,23,0,1769410716,2026-01-26 01:59:44
8b1222da-612f-4482-ab34-9467c4ed28e3,8,2,6,13,0,1769410716,2026-01-26 01:59:44
582cd775-0178-47f5-b707-6d5869f077ba,13,2,11,15,0,1769410712,2026-01-26 01:59:44
38bb1218-0a9e-41d9-b2ef-25c8626dac29,14,0,14,6,0,1769410713,2026-01-26 01:59:44
3c6c0d12-80dd-4c49-b7c5-e3549588b8cf,9,1,8,15,0,1769410713,2026-01-26 01:59:44
66db3606-0aca-11e7-82f6-3863bb44ef7c,14,9,5,44,0,1769410713,2026-01-26 01:59:44
66db44e5-0aca-11e7-82f6-3863bb44ef7c,12,3,9,26,0,1769410713,2026-01-26 01:59:44
1869439368558197224,7,4,3,16,0,1769410714,2026-01-26 01:59:44
cc834d78-6eca-450a-ae00-a5ffc6f1a7a6,14,0,14,0,0,1769410714,2026-01-26 01:59:44
66dcc047-0aca-11e7-82f6-3863bb44ef7c,3,0,3,18,0,1769410714,2026-01-26 01:59:44
844c68cc-19f0-474a-86d3-4af170117aae,13,13,0,8,0,1769410714,2026-01-26 01:59:44
1869851741257474316,25,0,25,1,0,1769410715,2026-01-26 01:59:44
66ddede1-0aca-11e7-82f6-3863bb44ef7c,23,20,3,4,0,1769410715,2026-01-26 01:59:44
b94d0241-bce7-44a9-ab1c-ece0740a4134,10,5,5,8,0,1769410715,2026-01-26 01:59:44
1828967830172187422,0,0,0,26,0,1769410715,2026-01-26 01:59:44
4d79bdb9-7c35-4d35-9f6e-3c1b849c453a,11,9,2,32,0,1769410718,2026-01-26 01:59:44
66dcbbfe-0aca-11e7-82f6-3863bb44ef7c,5,3,2,10,0,1769410718,2026-01-26 01:59:44
79c4a612-a5df-4814-9e6b-6305da61ebc4,18,0,18,0,0,1769410716,2026-01-26 01:59:44
74feba30-26a5-4949-b3a0-d6e13ba1a20c,4,0,4,15,0,1769410717,2026-01-26 01:59:44
1d167807-0aa8-413a-b7a0-01c2ca8a6a60,15,4,11,2,0,1769410715,2026-01-26 01:59:44
1b985e4b-88de-42a8-95be-dce37dbbc5c5,13,5,8,10,0,1769410719,2026-01-26 01:59:44
387e2863-83ad-4589-8004-794a7b624801,10,4,6,7,0,1769410719,2026-01-26 01:59:44
ca4795a2-6ab3-4597-bf59-f0155ac1637c,31,3,28,37,0,1769410719,2026-01-26 01:59:44
1851674145014649512,8,3,5,15,0,1769410722,2026-01-26 01:59:44
a0eec052-257a-4c79-8171-6e2ad9864ad0,24,10,14,5,0,1769410722,2026-01-26 01:59:44
158e7752-27e2-4912-be0b-eb15405aa096,11,6,5,7,0,1769410723,2026-01-26 01:59:44
1869753812884512816,2,1,1,18,0,1769410722,2026-01-26 01:59:44
66dd039b-0aca-11e7-82f6-3863bb44ef7c,18,17,1,10,0,1769410718,2026-01-26 01:59:44
1318e05a-2506-43c6-b49d-4c1f7f69a267,11,9,2,4,0,1769410719,2026-01-26 01:59:44
66dcac42-0aca-11e7-82f6-3863bb44ef7c,38,4,34,13,0,1769410721,2026-01-26 01:59:44
66dc4b4c-0aca-11e7-82f6-3863bb44ef7c,17,14,3,39,0,1769410723,2026-01-26 01:59:44
15cb007b-bfca-4ad7-bfc6-44bf3d36785a,25,0,25,3,0,1769410724,2026-01-26 01:59:44
1838999521825487230,19,0,19,0,0,1769410724,2026-01-26 01:59:44
a4bb6fac-b795-4aa7-a266-613419019290,2,1,1,16,0,1769410724,2026-01-26 01:59:44
66db402c-0aca-11e7-82f6-3863bb44ef7c,64,28,36,20,0,1769410724,2026-01-26 01:59:44
1860188194745712748,16,1,15,5,0,1769410731,2026-01-26 01:59:44
c3d5f47f-cfc3-4c1f-86bb-bcf770d2949b,20,6,14,3,0,1769410732,2026-01-26 01:59:44
2b54cb2c-31be-4620-a13c-0fa72b58c90a,18,18,0,8,0,1769410732,2026-01-26 01:59:44
901cab1a-a77e-424e-b602-16883e792f93,1,0,1,18,0,1769410732,2026-01-26 01:59:44
66dde8ac-0aca-11e7-82f6-3863bb44ef7c,3,2,1,34,0,1769410732,2026-01-26 01:59:44
afc79a38-e26d-48f7-94e4-d0aca8fd1c49,1,0,1,15,0,1769410732,2026-01-26 01:59:44
2687f2e1-3529-464d-82eb-e4f61440c563,0,0,0,15,0,1769410728,2026-01-26 01:59:44
203d7b9a-8666-4af1-81c7-f9fc36aa0952,1,1,0,17,0,1769410729,2026-01-26 01:59:44
f001fac9-5f19-451e-a752-afde574a8c81,0,0,0,15,0,1769410729,2026-01-26 01:59:44
fa14408f-6e88-4668-86ee-ce10ea707f36,56,16,40,13,0,1769410729,2026-01-26 01:59:44
0109f17a-2378-4500-9648-88bdb31ec612,30,2,28,2,0,1769410729,2026-01-26 01:59:44
66dd2811-0aca-11e7-82f6-3863bb44ef7c,3,0,3,39,0,1769410730,2026-01-26 01:59:44
1828967027013302842,6,0,6,11,0,1769410730,2026-01-26 01:59:44
ce95fbdd-b7d2-46fc-910d-5c170e4b7610,3,3,0,15,0,1769410730,2026-01-26 01:59:44
0f536c08-dde3-40af-a66d-1fe1e7edecd2,3,1,2,17,0,1769410731,2026-01-26 01:59:44
9c147c77-11da-4d0b-8a21-a8042ec8031b,7,3,4,11,0,1769410731,2026-01-26 01:59:44
66dd448f-0aca-11e7-82f6-3863bb44ef7c,23,23,0,20,0,1769410729,2026-01-26 01:59:44
1d130e43-0408-4423-bb52-77a08372cefa,3,1,2,24,0,1769410730,2026-01-26 01:59:44
66ddee56-0aca-11e7-82f6-3863bb44ef7c,12,9,3,6,0,1769410729,2026-01-26 01:59:44
cd118a8f-a7d1-4b7a-a6d3-d9e875cb29df,18,14,4,6,0,1769410730,2026-01-26 01:59:44
36edabac-a0c2-471b-abaf-73fdb53a4e5f,4,2,2,15,0,1769410730,2026-01-26 01:59:44
1e83ffdc-8e72-45c0-8210-4f37e60505c9,7,0,7,25,0,1769410733,2026-01-26 01:59:44
e8a6c13b-1f6e-4e6b-bdf8-9b0e597e4a62,24,11,13,12,0,1769410724,2026-01-26 01:59:44
85b77b8d-32b8-4049-a407-64319916e2c5,0,0,0,18,0,1769410724,2026-01-26 01:59:44
b9d3134b-697f-4a0f-b90f-d95f6c69ffda,5,1,4,13,0,1769410724,2026-01-26 01:59:44
141eb0e0-e78d-411a-a0be-202a6424cc93,14,0,14,10,0,1769410725,2026-01-26 01:59:44
55fda28d-56a8-4db2-b42a-072714f18471,16,1,15,1,0,1769410724,2026-01-26 01:59:44
1828966363527611286,14,0,14,2,0,1769410725,2026-01-26 01:59:44
8ea09819-cd88-4732-b047-c0549f0b370f,21,13,8,8,0,1769410725,2026-01-26 01:59:44
66dcc5ca-0aca-11e7-82f6-3863bb44ef7c,0,0,0,0,0,1769410725,2026-01-26 01:59:44
594b4656-9d83-4301-8967-3b92c126531c,12,7,5,9,0,1769410725,2026-01-26 01:59:44
66dc1beb-0aca-11e7-82f6-3863bb44ef7c,43,24,19,61,0,1769410726,2026-01-26 01:59:44
66dd4b2b-0aca-11e7-82f6-3863bb44ef7c,31,26,5,14,0,1769410725,2026-01-26 01:59:44
7a8b474b-7577-4316-a192-d57576d194a3,10,6,4,10,0,1769410721,2026-01-26 01:59:44
1786697003367719132,30,27,3,6,0,1769410721,2026-01-26 01:59:44
1057229c-f8f8-4014-80cd-f40421c61cf0,8,7,1,10,0,1769410721,2026-01-26 01:59:44
b4063b76-1abd-465c-96a4-45f6ee016bc5,4,3,1,11,0,1769410721,2026-01-26 01:59:44
45865207-8700-4ef2-99ed-b08889ef0250,10,1,9,9,0,1769410722,2026-01-26 01:59:44
d3433b47-99a7-4b21-9fa7-d7052bb5c23b,2,2,0,15,0,1769410722,2026-01-26 01:59:44
a2f71eea-05a2-4fe7-99ab-f74535c880ae,4,4,0,16,0,1769410720,2026-01-26 01:59:44
0e003543-3656-448f-8a93-029d265f2e26,19,4,15,14,0,1769410720,2026-01-26 01:59:44
1947367330341251364,2,1,1,19,0,1769410721,2026-01-26 01:59:44
1861271680294357158,8,0,8,13,0,1769410720,2026-01-26 01:59:44
ad41e353-033e-484f-8d76-78014e11e9d7,2,1,1,15,0,1769410727,2026-01-26 01:59:44
66dcbe7c-0aca-11e7-82f6-3863bb44ef7c,9,4,5,9,0,1769410727,2026-01-26 01:59:44
53e30d38-a110-42b4-a8f9-ca801a847ac7,0,0,0,3,0,1769347731,2026-01-26 01:59:44
9d95a4a9-bcfe-4189-bb7d-abd9992ecbaf,5,0,5,10,0,1769410728,2026-01-26 01:59:44
d7d297fd-36dc-42f2-8e3b-24b1003be874,15,7,8,1,0,1769410728,2026-01-26 01:59:44
4034789e-b70d-4aae-bf18-3ed37a4d751f,11,2,9,8,0,1769410728,2026-01-26 01:59:44
55f6b830-e43e-4227-bfc7-683465236d94,18,2,16,28,0,1769410723,2026-01-26 01:59:44
cc758f1a-8b28-4ff5-bc75-fbe62c453378,6,0,6,14,0,1769410727,2026-01-26 01:59:44
1899178885660253096,24,20,4,0,0,1769410727,2026-01-26 01:59:44
1836581807397045112,3,1,2,20,0,1769410727,2026-01-26 01:59:44
1861681121800951962,19,9,10,4,0,1769410728,2026-01-26 01:59:44
c0c6a931-c1d3-4202-a433-c4127a4cd846,0,0,0,19,0,1769410726,2026-01-26 01:59:44
284b08f2-3d26-4f52-9463-25e4a07c16f7,13,2,11,12,0,1769410727,2026-01-26 01:59:44
6f21be51-6fde-4cde-b1db-b102a5f67300,18,2,16,1,0,1769410726,2026-01-26 01:59:44
1880644160834607498,19,12,7,3,0,1769410727,2026-01-26 01:59:44
db41cc62-86ea-4421-bfaf-9b6511cfee10,2,2,0,28,0,1769410734,2026-01-26 01:59:44
4b67c6e0-d603-4fbc-afbe-0b8952f4f7af,20,1,19,14,0,1769410735,2026-01-26 01:59:44
de6f4206-3aa9-4cb9-aae0-8547d2cd6854,20,1,19,0,0,1769410734,2026-01-26 01:59:44
fda0c217-9504-4b26-8a25-e40b603ee5fa,1,1,0,15,0,1769410734,2026-01-26 01:59:44
66dbf518-0aca-11e7-82f6-3863bb44ef7c,14,6,8,9,0,1769410734,2026-01-26 01:59:44
66dbf4ac-0aca-11e7-82f6-3863bb44ef7c,9,3,6,32,0,1769410737,2026-01-26 01:59:44
1932126716328112534,20,1,19,3,0,1769410737,2026-01-26 01:59:44
66de08c9-0aca-11e7-82f6-3863bb44ef7c,8,1,7,12,0,1769410737,2026-01-26 01:59:44
66dd0808-0aca-11e7-82f6-3863bb44ef7c,11,2,9,14,0,1769410737,2026-01-26 01:59:44
66db63f4-0aca-11e7-82f6-3863bb44ef7c,3,1,2,12,0,1769410737,2026-01-26 01:59:44
d9ea5210-50b3-4342-9801-f896bd21f4a1,1,1,0,22,0,1769410738,2026-01-26 01:59:44
e58234a3-5b23-427e-948f-c1e4571b2bfa,23,4,19,35,0,1769410736,2026-01-26 01:59:44
1836581534415880440,1,0,1,25,0,1769410736,2026-01-26 01:59:44
9e5fd5b6-c5f2-4694-9406-a44b7d0146d9,25,20,5,11,0,1769410736,2026-01-26 01:59:44
83d1ff16-ba56-4eae-aa6a-b37b6439db82,3,1,2,26,0,1769410734,2026-01-26 01:59:44
6076e321-85d8-4e0e-ae18-86bb8cbbda1b,15,0,15,2,0,1769410735,2026-01-26 01:59:44
59ad8f95-32a4-43de-b1c3-79c667b2d2df,1,1,0,26,0,1769410733,2026-01-26 01:59:44
1875672501601550456,7,2,5,9,0,1769410733,2026-01-26 01:59:44
2126579471787670468,8,1,7,10,0,1769410733,2026-01-26 01:59:44
1796642668661690940,16,0,16,3,0,1769410733,2026-01-26 01:59:44
66dc8f1f-0aca-11e7-82f6-3863bb44ef7c,19,11,8,32,0,1769410737,2026-01-26 01:59:44
66ddd369-0aca-11e7-82f6-3863bb44ef7c,54,43,11,10,0,1769410737,2026-01-26 01:59:44
5c3c345d-1975-400d-a9d8-18815816886e,31,31,0,22,0,1769410738,2026-01-26 01:59:44
66de5613-0aca-11e7-82f6-3863bb44ef7c,58,9,49,16,0,1769410738,2026-01-26 01:59:44
625711ba-3b5d-46a7-a8f9-7f4eb17ec1be,7,3,4,16,0,1769410738,2026-01-26 01:59:44
66dcf0b3-0aca-11e7-82f6-3863bb44ef7c,16,11,5,9,0,1769410737,2026-01-26 01:59:44
66dbe7b6-0aca-11e7-82f6-3863bb44ef7c,9,9,0,19,0,1769410735,2026-01-26 01:59:44
c0e0e578-8ce8-4c9d-be47-b902d8a41050,2,1,1,16,0,1769410735,2026-01-26 01:59:44
547cdccc-7864-4898-97c9-8798d924ef54,50,39,11,15,0,1769410737,2026-01-26 01:59:44
66db40ef-0aca-11e7-82f6-3863bb44ef7c,42,25,17,10,0,1769410737,2026-01-26 01:59:44
1854538169357726138,0,0,0,17,0,1769410737,2026-01-26 01:59:44
66de4594-0aca-11e7-82f6-3863bb44ef7c,17,6,11,6,0,1769410738,2026-01-26 01:59:44
66db2fd0-0aca-11e7-82f6-3863bb44ef7c,18,6,12,13,0,1769410738,2026-01-26 01:59:44
c63e9937-cadb-4813-aee3-5fd3fcc93767,1,0,1,18,0,1769410738,2026-01-26 01:59:44
66dc252e-0aca-11e7-82f6-3863bb44ef7c,27,3,24,7,0,1769410739,2026-01-26 01:59:44
66dc8b6a-0aca-11e7-82f6-3863bb44ef7c,49,6,42,3,0,1769410738,2026-01-26 01:59:44
285ad3c2-3ffe-45bb-8765-9c20a69641a6,6,0,6,8,0,1769410739,2026-01-26 01:59:44
40fd82d6-c0e9-4876-adfb-816140ecfc39,4,3,1,13,0,1769410739,2026-01-26 01:59:44
632b140c-65de-4f50-9cc2-c001ae011aea,15,6,9,44,0,1769410739,2026-01-26 01:59:44
66dd491c-0aca-11e7-82f6-3863bb44ef7c,10,7,3,24,0,1769410739,2026-01-26 01:59:44
ecc52c52-e2d9-4e73-8f9c-18ad8e9b0606,3,0,3,19,0,1769410739,2026-01-26 01:59:44
aa8fc8b7-b66c-41d9-9885-30b8af599378,0,0,0,0,0,86400,2026-01-26 01:59:44
1906248765431831024,0,0,0,0,0,86400,2026-01-26 01:59:44
067d5007-bda5-4697-b0a2-ccc2837f295c,0,0,0,0,0,86400,2026-01-26 01:59:44
1954778813955578360,0,0,0,0,0,86400,2026-01-26 01:59:44
2171904301452603832,0,0,0,0,0,86400,2026-01-26 01:59:44
2124037384760320326,0,0,0,0,0,86400,2026-01-26 01:59:44
2177017859487560566,0,0,0,0,0,86400,2026-01-26 01:59:44
2177015913867375458,0,0,0,0,0,86400,2026-01-26 01:59:44
2176731427905421244,0,0,0,0,0,86400,2026-01-26 01:59:44
2177016650782707004,0,0,0,0,0,86400,2026-01-26 01:59:44
2177017052188360762,0,0,0,0,0,86400,2026-01-26 01:59:44
2177017636303913026,0,0,0,0,0,86400,2026-01-26 01:59:44
3bfc859b-5c5f-43bc-b2e7-b64ed8ea9ede,4,1,3,14,0,1769410469,2026-01-26 01:59:44
66db3f01-0aca-11e7-82f6-3863bb44ef7c,16,12,4,31,0,1769410501,2026-01-26 01:59:44
66db29e6-0aca-11e7-82f6-3863bb44ef7c,9,2,7,7,0,1769410618,2026-01-26 01:59:44
66dbe4db-0aca-11e7-82f6-3863bb44ef7c,60,53,7,20,0,1769410622,2026-01-26 01:59:44
1835249964093653018,2,0,2,21,0,1769410623,2026-01-26 01:59:44
1860187692409078310,10,2,8,13,0,1769410623,2026-01-26 01:59:44
2b848257-dc2e-4dd0-b840-d5e046972789,7,0,7,10,0,1769410622,2026-01-26 01:59:44
7e7d974c-a6ec-4d9a-b4ed-01a4d2056d8b,2,1,1,17,0,1769410623,2026-01-26 01:59:44
66dbf667-0aca-11e7-82f6-3863bb44ef7c,59,25,34,5,0,1769410623,2026-01-26 01:59:44
66dc209c-0aca-11e7-82f6-3863bb44ef7c,44,10,34,21,0,1769410623,2026-01-26 01:59:44
66dcbb2c-0aca-11e7-82f6-3863bb44ef7c,6,2,4,20,0,1769410623,2026-01-26 01:59:44
1848241332086049696,0,0,0,21,0,1769410623,2026-01-26 01:59:44
c01a9c97-6c04-4e3f-ad0b-958801d94ca1,14,0,14,1,0,1769410624,2026-01-26 01:59:44
3bdd81c8-3112-45e6-ae72-11a3f4fa5921,6,3,3,16,0,1769410623,2026-01-26 01:59:44
308e055a-b8aa-447d-8803-8677c88af0ba,10,3,7,8,0,1769410620,2026-01-26 01:59:44
4753c1ba-a86e-431e-94fb-06403cdee4d7,14,14,0,14,0,1769410620,2026-01-26 01:59:44
943be327-0320-4ae1-8eb0-8a56f86a4fb6,7,3,4,19,0,1769410619,2026-01-26 01:59:44
2a47ef14-1cbe-4ec6-841d-cc277627fe20,13,11,2,15,0,1769410624,2026-01-26 01:59:44
78e93937-53d1-4c9b-99ad-0460f908ed2d,15,14,1,7,0,1769410624,2026-01-26 01:59:44
ab40ffde-f331-4194-adab-cb8c60b63f28,8,6,2,17,0,1769410621,2026-01-26 01:59:44
dba67615-a7e0-4c44-ab1b-b464033ec9b9,10,3,7,9,0,1769410621,2026-01-26 01:59:44
1c82b223-42ba-4d15-8e8a-bd8ae2a57cde,9,7,2,9,0,1769410621,2026-01-26 01:59:44
bf093f72-1d8d-44ae-91b5-e36958a27976,20,19,1,1,0,1769410621,2026-01-26 01:59:44
c0b541ae-9e66-4739-babb-483180747dc2,6,5,1,12,0,1769410621,2026-01-26 01:59:44
833bc8bc-3c32-4481-9c14-9a88aa7accec,27,21,6,11,0,1769410625,2026-01-26 01:59:44
1931758629658304788,6,1,5,18,0,1769410625,2026-01-26 01:59:44
66dc7957-0aca-11e7-82f6-3863bb44ef7c,12,10,2,63,0,1769410625,2026-01-26 01:59:44
66db32fb-0aca-11e7-82f6-3863bb44ef7c,8,2,6,92,0,1769410626,2026-01-26 01:59:44
ecb2eebe-67c0-43b8-baae-71abb1a0ec6a,2,1,1,26,0,1769410627,2026-01-26 01:59:44
1860187301567054286,3,1,2,14,0,1769410627,2026-01-26 01:59:44
66dbf442-0aca-11e7-82f6-3863bb44ef7c,30,21,9,45,0,1769410627,2026-01-26 01:59:44
a6287af0-9a9e-4708-b61f-8e758be4b914,5,0,5,13,0,1769410627,2026-01-26 01:59:44
60a061d5-d984-4573-af3c-2054f4f59e94,5,4,1,14,0,1769410627,2026-01-26 01:59:44
17aeb1e3-fd18-4cf9-9473-17dfa5b0a312,7,7,0,15,0,1769410628,2026-01-26 01:59:44
96cf4c1a-db2c-4d4b-af34-c31281b5904b,11,2,9,7,0,1769410630,2026-01-26 01:59:44
0f51cb84-e386-44ac-947f-a969f7617d17,10,4,6,10,0,1769410630,2026-01-26 01:59:44
66dcf394-0aca-11e7-82f6-3863bb44ef7c,4,3,1,25,0,1769410630,2026-01-26 01:59:44
1900647078394106472,8,1,7,11,0,1769410629,2026-01-26 01:59:44
581d8683-c217-4f96-89cb-b5a94d780b83,7,1,6,67,0,1769410630,2026-01-26 01:59:44
9157a3bc-43fa-4221-8bb8-17273fc09540,22,13,9,2,0,1769410629,2026-01-26 01:59:44
66db3d2a-0aca-11e7-82f6-3863bb44ef7c,0,0,0,40,0,1769347727,2026-01-26 01:59:44
d55dd622-0ced-4e4d-9ea5-2ef2cb6481a9,0,0,0,27,0,1769357020,2026-01-26 01:59:44
66dd4841-0aca-11e7-82f6-3863bb44ef7c,14,11,3,26,0,1769410646,2026-01-26 01:59:44
24f431ca-c2a5-46be-966b-b8d4c3e4b346,3,3,0,11,0,1769410647,2026-01-26 01:59:44
e35494b4-5811-4d2a-87de-4430e56bce2d,0,0,0,19,0,1769410647,2026-01-26 01:59:44
0183d7d4-9e11-4429-94db-666a31239871,13,0,13,11,0,1769410643,2026-01-26 01:59:44
66de1448-0aca-11e7-82f6-3863bb44ef7c,11,5,6,14,0,1769410644,2026-01-26 01:59:44
1822663143025657920,17,1,16,4,0,1769410644,2026-01-26 01:59:44
1834145064843958330,13,5,8,6,0,1769410648,2026-01-26 01:59:44
01a1343d-9c7b-4a83-8a5a-a600187f19c4,9,1,8,18,0,1769410648,2026-01-26 01:59:44
43eac213-4603-4bc2-b6d6-b45013396282,22,10,12,13,0,1769410649,2026-01-26 01:59:44
ad037fe2-4a28-4b55-863c-229aada0b43a,4,0,4,14,0,1769410646,2026-01-26 01:59:44
1989279523593928720,103,81,22,8,0,1769410643,2026-01-26 01:59:44
91ca68bd-5ac1-470b-a26d-1ec98ea9cca4,14,2,12,11,0,1769410645,2026-01-26 01:59:44
66db8c10-0aca-11e7-82f6-3863bb44ef7c,2,1,1,30,0,1769410645,2026-01-26 01:59:44
30a75e12-5327-48f0-8155-3925aa934054,3,2,1,13,0,1769410645,2026-01-26 01:59:44
4dde902d-512c-4e9e-8899-a68424ed87c0,14,3,11,19,0,1769410643,2026-01-26 01:59:44
1882735162923150168,18,1,17,6,0,1769410647,2026-01-26 01:59:44
b200a8bf-2d79-4511-9a16-ac41e7245622,8,1,7,17,0,1769410650,2026-01-26 01:59:44
2133952475068346460,33,7,26,17,0,1769410651,2026-01-26 01:59:44
cd5e7c3e-c618-416a-ae99-b509bd56e1b2,23,12,11,7,0,1769410651,2026-01-26 01:59:44
66f68197-4897-4576-896a-48e0312104c5,21,8,13,6,0,1769410651,2026-01-26 01:59:44
1884599469785421928,19,18,1,19,0,1769410652,2026-01-26 01:59:44
311269f4-53dc-4f83-b26b-ecb6e8e160ed,5,3,2,15,0,1769410653,2026-01-26 01:59:44
1d8e51b0-8131-4c1f-93fb-f04952c157c0,4,3,1,25,0,1769410652,2026-01-26 01:59:44
facb0195-8daa-46e3-95e1-6f22fb678e8a,0,0,0,19,0,1769410651,2026-01-26 01:59:44
daaa3ac1-594c-48d2-9431-a8ced305ed5a,1,0,1,17,0,1769410654,2026-01-26 01:59:44
e6a32ec8-fc8b-4ed6-93a2-3ace3921b89d,17,13,4,5,0,1769410655,2026-01-26 01:59:44
56e18295-f760-4bf3-8aa3-5a1e4ebf606f,13,3,10,6,0,1769410655,2026-01-26 01:59:44
faf021ad-9de5-44bd-b7f5-48127e8d5fea,19,2,17,2,0,1769410655,2026-01-26 01:59:44
6fd84197-56e2-47df-849f-701aca0e7cc3,4,4,0,12,0,1769410655,2026-01-26 01:59:44
66dc28bd-0aca-11e7-82f6-3863bb44ef7c,7,4,3,48,0,1769410658,2026-01-26 01:59:44
bca594e5-779f-4866-bd6b-818871f97d38,24,1,23,1,0,1769410659,2026-01-26 01:59:44
05b9e7cd-f3a2-4d48-b7c4-f5fbe09d9de3,15,2,13,10,0,1769410657,2026-01-26 01:59:44
1e226f22-034f-4b99-8184-a8eaa591fbd8,23,21,2,25,0,1769410657,2026-01-26 01:59:44
1835250318514342456,11,3,8,16,0,1769410657,2026-01-26 01:59:44
1860189426558126796,10,1,9,11,0,1769410657,2026-01-26 01:59:44
61be9a4a-737c-413a-9b72-d47b28a366d5,4,2,2,18,0,1769410657,2026-01-26 01:59:44
1817432787057164808,11,2,9,8,0,1769410657,2026-01-26 01:59:44
66de07ec-0aca-11e7-82f6-3863bb44ef7c,20,2,18,1,0,1769410658,2026-01-26 01:59:44
968d40e0-2a5b-4f6c-a161-fad1631b609b,2,1,1,12,0,1769410656,2026-01-26 01:59:44
0f9423bd-98dd-4919-b6e3-28880ff7ecca,3,2,1,15,0,1769410656,2026-01-26 01:59:44
c1144380-c1ac-4315-9b1a-4b4e870ac688,0,0,0,9,0,1769391270,2026-01-26 01:59:44
d5ca6311-7471-480f-9c79-38baaafe34ba,0,0,0,24,0,1769372133,2026-01-26 01:59:44
66dc0c53-0aca-11e7-82f6-3863bb44ef7c,0,0,0,12,0,1769409365,2026-01-26 01:59:44
29b21bd8-2459-4727-b1f0-d73592db3321,0,0,0,16,0,1769366284,2026-01-26 01:59:44
b1f3eb8c-07f9-479f-a8ab-f04e094bc7d0,7,0,7,12,0,1769410636,2026-01-26 01:59:44
1786698158713921798,27,9,18,14,0,1769410634,2026-01-26 01:59:44
26568d39-db49-4354-a5c1-c81a3c856285,4,1,3,13,0,1769410631,2026-01-26 01:59:44
904930bd-2671-4695-9c1a-8a894b041129,27,21,6,34,0,1769410631,2026-01-26 01:59:44
1877651952425321214,5,0,5,10,0,1769410633,2026-01-26 01:59:44
c702c094-b08f-449d-a41d-b3724f147491,13,5,8,6,0,1769410637,2026-01-26 01:59:44
cd4b8e12-b2c7-479b-900d-59cf7d8c4276,15,7,8,0,0,1769410638,2026-01-26 01:59:44
40042fb4-6ddd-4f74-bb52-5af3e4e08c8d,0,0,0,24,0,1769410637,2026-01-26 01:59:44
9341ee1c-d456-4858-a451-70cbbd73d084,12,6,6,15,0,1769410639,2026-01-26 01:59:44
66db237e-0aca-11e7-82f6-3863bb44ef7c,5,2,3,48,0,1769410640,2026-01-26 01:59:44
9bd28b11-cf11-4938-abb2-dfa5ec800e32,24,1,23,1,0,1769410641,2026-01-26 01:59:44
ab692d1f-5a4a-4fff-b929-013c3a7e8a98,0,0,0,18,0,1769410641,2026-01-26 01:59:44
de0c1800-f7cc-41b4-ab7a-c9d219180d06,22,6,16,40,0,1769410641,2026-01-26 01:59:44
ff2869f0-4381-4cf3-863e-a0d776ec53b4,77,37,40,14,0,1769410641,2026-01-26 01:59:44
66dd9213-0aca-11e7-82f6-3863bb44ef7c,5,5,0,36,0,1769410641,2026-01-26 01:59:44
079b5a90-1d2b-40b2-b1e9-71c075f16b89,5,3,2,14,0,1769410641,2026-01-26 01:59:44
74e104fb-1ddc-4f3e-a60b-220b6c4f300b,11,8,3,3,0,1769410638,2026-01-26 01:59:44
66db9845-0aca-11e7-82f6-3863bb44ef7c,52,44,8,2,0,1769410639,2026-01-26 01:59:44
89171660-8cef-443f-8f75-67503532d1ce,8,0,8,8,0,1769410520,2026-01-26 01:59:44
4780d9d1-b886-4e72-9d18-cb152f73e10a,2,0,2,18,0,1769410562,2026-01-26 01:59:44
c9c09ed0-0a52-4d6a-a999-b0848874e51f,17,16,1,4,0,1769410561,2026-01-26 01:59:44
1838070703178521596,1,1,0,18,0,1769410673,2026-01-26 01:59:44
66de2625-0aca-11e7-82f6-3863bb44ef7c,22,7,15,12,0,1769410673,2026-01-26 01:59:44
1794096976946852066,50,38,12,9,0,1769410674,2026-01-26 01:59:44
9e9acfaf-0bbf-4bc2-a825-b2befb6bee55,20,13,7,12,0,1769410674,2026-01-26 01:59:44
4cd5a87d-7618-4a15-892d-8cf29eec865c,13,1,12,1,0,1769410670,2026-01-26 01:59:44
2170352212111402482,27,24,3,44,0,1769410671,2026-01-26 01:59:44
66dd4981-0aca-11e7-82f6-3863bb44ef7c,11,2,9,11,0,1769410670,2026-01-26 01:59:44
66de27da-0aca-11e7-82f6-3863bb44ef7c,6,5,1,20,0,1769410671,2026-01-26 01:59:44
1e590819-53fd-415c-bc28-aed605ad3bcb,4,3,1,12,0,1769410671,2026-01-26 01:59:44
98af0e1d-ea33-4c6e-95fe-97846e81081e,15,11,4,6,0,1769410672,2026-01-26 01:59:44
a1cf7115-8e38-4300-aac8-3a2fddca0e23,21,3,18,9,0,1769410673,2026-01-26 01:59:44
21361381-fd4a-44a4-bfa7-61f075192ce9,5,4,1,19,0,1769410673,2026-01-26 01:59:44
9f702c67-b591-4492-ba90-eb3c7e793dad,11,2,9,8,0,1769410675,2026-01-26 01:59:44
1960020817312746312,47,24,23,66,0,1769410675,2026-01-26 01:59:44
66db4158-0aca-11e7-82f6-3863bb44ef7c,26,22,4,9,0,1769410675,2026-01-26 01:59:44
1978170169761096104,21,7,14,12,0,1769410679,2026-01-26 01:59:44
2a9e2320-083d-4044-aedf-0c15ecfefe61,17,13,4,5,0,1769410679,2026-01-26 01:59:44
1ddadf67-ae08-4e86-bdda-236629b9eabd,20,5,15,3,0,1769410679,2026-01-26 01:59:44
66dc78c4-0aca-11e7-82f6-3863bb44ef7c,49,41,8,10,0,1769410679,2026-01-26 01:59:44
66de871c-0aca-11e7-82f6-3863bb44ef7c,0,0,0,57,0,1769410679,2026-01-26 01:59:44
66dd8bd9-0aca-11e7-82f6-3863bb44ef7c,21,10,11,6,0,1769410679,2026-01-26 01:59:44
72196024-6f2b-45cb-9764-609911c7dc0b,22,11,10,25,0,1769410680,2026-01-26 01:59:44
66db8fde-0aca-11e7-82f6-3863bb44ef7c,34,24,10,16,0,1769410676,2026-01-26 01:59:44
6853d09a-cbd8-4378-bc23-02e8bba0b4da,4,2,2,17,0,1769410676,2026-01-26 01:59:44
fdf21800-6106-4739-b7d5-b379b19e5732,5,1,4,12,0,1769410675,2026-01-26 01:59:44
b3c8aaaf-6e1c-4f56-9391-b79e883b8009,3,1,2,20,0,1769410676,2026-01-26 01:59:44
412c1416-d15b-4e6a-9691-da4c3cc0d0d2,56,42,14,4,0,1769410677,2026-01-26 01:59:44
66de06ef-0aca-11e7-82f6-3863bb44ef7c,15,3,12,6,0,1769410677,2026-01-26 01:59:44
6067af3d-f7ed-4149-a394-2fc2eb295872,41,21,20,13,0,1769410677,2026-01-26 01:59:44
1875413335585534272,0,0,0,21,0,1769410677,2026-01-26 01:59:44
1869754004195029842,0,0,0,22,0,1769410678,2026-01-26 01:59:44
1945126147213275898,4,2,2,14,0,1769410677,2026-01-26 01:59:44
1828969417249358046,4,1,3,15,0,1769410675,2026-01-26 01:59:44
66dbc982-0aca-11e7-82f6-3863bb44ef7c,32,28,4,75,0,1769410675,2026-01-26 01:59:44
8a24490d-d5c5-4bac-9e36-56967834fc10,0,0,0,19,0,1769410676,2026-01-26 01:59:44
88c1303b-3349-4591-bf08-c7e40cf3537a,22,7,15,21,0,1769410678,2026-01-26 01:59:44
026fd07d-d810-45dc-9237-a3d84dce4fa9,13,2,11,10,0,1769410680,2026-01-26 01:59:44
88bf1344-354f-4699-bdbd-1c2584fc41ee,20,7,13,11,0,1769410680,2026-01-26 01:59:44
ab5585c8-c2cf-4bab-96cf-d02eced4f6e3,8,8,0,38,0,1769410660,2026-01-26 01:59:44
5b0b689f-9bd2-4743-b4cc-d4629a9a709b,21,4,17,1,0,1769410661,2026-01-26 01:59:44
1862788101231526152,15,5,10,15,0,1769410661,2026-01-26 01:59:44
6db97fde-68ae-4d2b-b121-b7c17838bbe7,1,1,0,16,0,1769410661,2026-01-26 01:59:44
74a1dc19-f894-4246-99f1-476a92452995,3,2,1,22,0,1769410661,2026-01-26 01:59:44
08b9c491-a589-4e75-996c-2455c26fb356,2,0,2,17,0,1769410663,2026-01-26 01:59:44
138094a0-cd7d-4014-9b21-4fb2afd3980e,13,3,10,13,0,1769410663,2026-01-26 01:59:44
16e17ca1-b2dc-47d0-8c8b-199cb4736fe7,6,2,4,13,0,1769410659,2026-01-26 01:59:44
1846086768160082632,8,4,4,16,0,1769410662,2026-01-26 01:59:44
5d049d4b-0736-4323-834a-1b2454bd6551,5,4,1,18,0,1769410664,2026-01-26 01:59:44
e51c8b72-460f-41c2-a5ca-de85d3f46a30,19,9,10,32,0,1769410660,2026-01-26 01:59:44
17c45d34-0d8d-46ba-9078-e9a2a7c5867c,7,1,6,22,0,1769410660,2026-01-26 01:59:44
66dcbdc2-0aca-11e7-82f6-3863bb44ef7c,8,4,4,11,0,1769410662,2026-01-26 01:59:44
09b00240-4c2a-4900-9d09-f13344461c02,11,8,3,5,0,1769410668,2026-01-26 01:59:44
66dcf897-0aca-11e7-82f6-3863bb44ef7c,13,6,7,16,0,1769410668,2026-01-26 01:59:44
66ddb41c-0aca-11e7-82f6-3863bb44ef7c,25,23,2,8,0,1769410669,2026-01-26 01:59:44
66db3cab-0aca-11e7-82f6-3863bb44ef7c,10,3,7,16,0,1769410669,2026-01-26 01:59:44
4223f276-a4d4-45e0-b914-67f5ef1e81ba,15,0,15,10,0,1769410669,2026-01-26 01:59:44
d473f31f-68f2-4777-a364-ed127db04345,5,0,5,9,0,1769410669,2026-01-26 01:59:44
8fc95e31-b025-4d2b-b5aa-240465366480,14,11,3,4,0,1769410667,2026-01-26 01:59:44
66db30e0-0aca-11e7-82f6-3863bb44ef7c,13,12,1,79,0,1769410667,2026-01-26 01:59:44
1828967717120678322,6,0,6,15,0,1769410667,2026-01-26 01:59:44
66db6e49-0aca-11e7-82f6-3863bb44ef7c,9,9,0,35,0,1769410666,2026-01-26 01:59:44
66de6100-0aca-11e7-82f6-3863bb44ef7c,31,1,30,0,0,1769410666,2026-01-26 01:59:44
1828966882896859944,2,1,1,16,0,1769410666,2026-01-26 01:59:44
aba6e644-3ac8-4cdc-9bc6-763e9d82dee9,11,1,10,9,0,1769410665,2026-01-26 01:59:44
9e99abca-c679-4788-9a4e-39066660bd6a,1,0,1,14,0,1769410665,2026-01-26 01:59:44
aa8270ec-4441-47d2-854b-5852e65fae66,0,0,0,18,0,1769410666,2026-01-26 01:59:44
27c71510-d515-4add-b660-6efd6f225cd1,16,8,8,10,0,1769410668,2026-01-26 01:59:44
0579ff13-5d5b-4cbd-bc6e-3e9396591aef,1,0,1,16,0,1769410669,2026-01-26 01:59:44
66dba0ba-0aca-11e7-82f6-3863bb44ef7c,11,3,8,30,0,1769410670,2026-01-26 01:59:44
1879859065051787718,18,15,3,0,0,1769410680,2026-01-26 01:59:44
348c5e65-cbc3-4da6-9856-fc253a0ba546,38,26,12,10,0,1769410681,2026-01-26 01:59:44
66dd1ad8-0aca-11e7-82f6-3863bb44ef7c,16,0,16,7,0,1769410681,2026-01-26 01:59:44
897e8739-ee1d-4b2e-b151-ad7e64e87697,12,3,9,16,0,1769410682,2026-01-26 01:59:44
e15a5c77-70b0-4b9d-9eae-f10ddda7d994,3,3,0,19,0,1769410684,2026-01-26 01:59:44
6fcad2af-c3e2-47a4-8942-023ae4047e67,12,8,4,4,0,1769410684,2026-01-26 01:59:44
1836581714456697424,8,1,7,15,0,1769410685,2026-01-26 01:59:44
918af7b2-e05c-477a-a8c0-7dcff984c566,9,2,7,29,0,1769410685,2026-01-26 01:59:44
1861681435029604706,12,5,7,11,0,1769410685,2026-01-26 01:59:44
cbcbd880-9662-4ab1-b530-781bb101ed1f,0,0,0,15,0,1769410685,2026-01-26 01:59:44
18d980e5-ba08-4bc3-832e-03eb71865768,10,3,7,11,0,1769410683,2026-01-26 01:59:44
1d977221-b2b5-4fa2-bba0-b00136834fb3,1,0,1,17,0,1769410683,2026-01-26 01:59:44
66dde2d9-0aca-11e7-82f6-3863bb44ef7c,23,17,6,11,0,1769410683,2026-01-26 01:59:44
1828969851041055492,18,16,2,4,0,1769410684,2026-01-26 01:59:44
c5861c24-5ac1-41df-82f1-31748d03e868,58,46,12,5,0,1769410683,2026-01-26 01:59:44
403c310e-26d5-4db5-9928-13c38b25053d,4,4,0,21,0,1769410685,2026-01-26 01:59:44
9505c2b7-0c3a-4791-8471-d2092a86291f,20,0,20,1,0,1769410686,2026-01-26 01:59:44
876683ce-9bce-4fad-8d1c-6b331fa07b5c,27,4,23,20,0,1769410686,2026-01-26 01:59:44
77a498ea-5693-46cc-a4b1-6e428f574797,20,2,17,2,0,1769410683,2026-01-26 01:59:44
66dc1545-0aca-11e7-82f6-3863bb44ef7c,7,4,3,16,0,1769410683,2026-01-26 01:59:44
66ddeca9-0aca-11e7-82f6-3863bb44ef7c,14,5,9,2,0,1769410682,2026-01-26 01:59:44
344064f8-e82f-40fb-b235-aff506b77ae5,7,2,5,22,0,1769410684,2026-01-26 01:59:44
1823008917260927616,17,5,12,7,0,1769410687,2026-01-26 01:59:44
95a52ce4-3597-47d1-8d6f-427cb3b8ca6a,22,19,3,4,0,1769410687,2026-01-26 01:59:44
66dbc8f5-0aca-11e7-82f6-3863bb44ef7c,52,33,18,20,0,1769410687,2026-01-26 01:59:44
66dde9af-0aca-11e7-82f6-3863bb44ef7c,0,0,0,27,0,1769410687,2026-01-26 01:59:44
2e74ea1d-02a0-47bf-9665-dce2d65de8d7,6,4,2,9,0,1769410689,2026-01-26 01:59:44
16280b32-7e5b-4a18-930b-212eac10faaa,0,0,0,19,0,1769410689,2026-01-26 01:59:44
ed1199e4-d9a6-4d9e-8c81-62bcd7510a11,13,2,11,15,0,1769410689,2026-01-26 01:59:44
b3a9057e-7ff6-4117-b96e-e71c173cf1e9,10,1,9,8,0,1769410690,2026-01-26 01:59:44
8ce7325e-d5c7-46f9-9b73-95356e48c3eb,20,14,6,2,0,1769410690,2026-01-26 01:59:44
66dbce8a-0aca-11e7-82f6-3863bb44ef7c,55,39,16,6,0,1769410691,2026-01-26 01:59:44
1975518396279321266,36,33,3,38,0,1769410691,2026-01-26 01:59:44
e71d152c-c2df-4d3e-a9af-139f2529bac6,12,0,12,5,0,1769410691,2026-01-26 01:59:44
1817433126359581672,7,0,7,14,0,1769410691,2026-01-26 01:59:44
062f0ac2-b3b6-4c15-b470-92ce9b592635,12,0,12,6,0,1769410689,2026-01-26 01:59:44
8f9ce302-2a6d-443c-8fe0-625b20021ea2,7,3,4,14,0,1769410692,2026-01-26 01:59:44
db02e1ea-acc1-4f45-8e3c-d37468b0b5a6,5,2,3,13,0,1769410688,2026-01-26 01:59:44
0096fecb-3a56-4585-9204-aa9554f7bc49,40,16,24,8,0,1769410688,2026-01-26 01:59:44
cb04be8e-8edc-4c9d-bfc0-76f94e3a3d9b,20,0,20,23,0,1769410689,2026-01-26 01:59:44
1828968994833044184,6,1,5,13,0,1769410687,2026-01-26 01:59:44
9790606b-a00d-4d5e-b6ec-abd11c9d25b3,0,0,0,18,0,1769410687,2026-01-26 01:59:44
01f01352-50d4-484e-a611-576b18ac373a,19,1,18,9,0,1769410688,2026-01-26 01:59:44
141ba25c-f4ea-4cec-ae7e-022401e23087,10,6,4,0,0,1769410688,2026-01-26 01:59:44
1b28836b-29fd-47a7-9a98-44cd792918fb,48,29,19,0,0,1769410689,2026-01-26 01:59:44
5f0aa684-a1c5-4119-827f-7860f1cd4ccd,0,0,0,24,0,1769410689,2026-01-26 01:59:44
1835247352748090208,12,7,5,9,0,1769410692,2026-01-26 01:59:44
66db95e5-0aca-11e7-82f6-3863bb44ef7c,18,10,8,24,0,1769410692,2026-01-26 01:59:44
16cbe771-8fca-4437-b9d2-374e00da6c3a,12,5,7,10,0,1769410692,2026-01-26 01:59:44
66de5a47-0aca-11e7-82f6-3863bb44ef7c,22,4,18,6,0,1769410696,2026-01-26 01:59:44
eb6c2359-4825-4bf4-8f2d-8b6dd2bf4212,10,9,1,23,0,1769410697,2026-01-26 01:59:44
66dded11-0aca-11e7-82f6-3863bb44ef7c,19,7,12,16,0,1769410697,2026-01-26 01:59:44
65e7908a-a73e-4f8e-9967-0d0677f62bc4,19,10,9,2,0,1769410697,2026-01-26 01:59:44
66dc3a1a-0aca-11e7-82f6-3863bb44ef7c,6,1,5,47,0,1769410697,2026-01-26 01:59:44
1828968611856235508,1,0,1,16,0,1769410696,2026-01-26 01:59:44
d5788cfa-817e-4b65-b43f-edda222a3c3c,11,4,7,14,0,1769410698,2026-01-26 01:59:44
1843486757863039016,16,1,15,0,0,1769410698,2026-01-26 01:59:44
add829db-2feb-4e81-af61-056791a6e53b,0,0,0,28,0,1769410698,2026-01-26 01:59:44
7d455e9a-20b4-4b03-8248-0d982fdfa21b,2,1,1,20,0,1769410698,2026-01-26 01:59:44
66dea4bf-0aca-11e7-82f6-3863bb44ef7c,30,11,19,10,0,1769410694,2026-01-26 01:59:44
0e82ab9f-8c93-4302-b9df-342f8135a05c,18,0,18,0,0,1769410695,2026-01-26 01:59:44
de449a58-0edf-4d36-91b4-4b313576e945,8,0,8,8,0,1769410694,2026-01-26 01:59:44
1857217122161783302,23,3,20,5,0,1769410694,2026-01-26 01:59:44
1960020540642077008,26,25,1,21,0,1769410697,2026-01-26 01:59:44
c2291f8e-3b07-4671-82af-2b947825de4a,41,28,13,23,0,1769410698,2026-01-26 01:59:44
66dcbefb-0aca-11e7-82f6-3863bb44ef7c,8,8,0,9,0,1769410694,2026-01-26 01:59:44
66dc86d9-0aca-11e7-82f6-3863bb44ef7c,54,18,36,3,0,1769410699,2026-01-26 01:59:44
66de1580-0aca-11e7-82f6-3863bb44ef7c,18,16,2,19,0,1769410699,2026-01-26 01:59:44
66dcec6b-0aca-11e7-82f6-3863bb44ef7c,1,0,1,31,0,1769410699,2026-01-26 01:59:44
66dccd65-0aca-11e7-82f6-3863bb44ef7c,13,4,9,10,0,1769410699,2026-01-26 01:59:44
1914337145288845316,14,0,14,6,0,1769410699,2026-01-26 01:59:44
66de1b5b-0aca-11e7-82f6-3863bb44ef7c,3,3,0,16,0,1769410704,2026-01-26 01:59:44
1947313784686131504,13,1,12,4,0,1769410704,2026-01-26 01:59:44
febf420f-bbec-4044-a3af-69959e018ccb,6,6,0,14,0,1769410704,2026-01-26 01:59:44
2af3ecc3-4f43-468a-a7cc-bb4804ee3e7a,16,11,5,39,0,1769410705,2026-01-26 01:59:44
66dc8c90-0aca-11e7-82f6-3863bb44ef7c,14,6,8,10,0,1769410705,2026-01-26 01:59:44
2c2cdc55-52a3-4140-b4d3-8409a98f130f,14,7,7,9,0,1769410701,2026-01-26 01:59:44
fbb2d76c-1d47-4fb1-9c07-622fcace38a5,18,0,18,10,0,1769410701,2026-01-26 01:59:44
50e05a9f-dce6-4315-a10d-1fa786fc18ee,27,20,7,21,0,1769410701,2026-01-26 01:59:44
2039088532741595744,36,9,27,14,0,1769410701,2026-01-26 01:59:44
dfe2c398-ff5c-4a8d-83c8-fa18801540d8,14,1,13,14,0,1769410701,2026-01-26 01:59:44
1786696251091417274,8,8,0,26,0,1769410703,2026-01-26 01:59:44
99d149f9-ad40-461e-beea-fcbf086f9b5a,21,6,15,42,0,1769410703,2026-01-26 01:59:44
66de2201-0aca-11e7-82f6-3863bb44ef7c,13,7,6,18,0,1769410703,2026-01-26 01:59:44
1814900353536621062,14,2,12,11,0,1769410703,2026-01-26 01:59:44
66db316a-0aca-11e7-82f6-3863bb44ef7c,18,10,8,4,0,1769410703,2026-01-26 01:59:44
1835249854657874848,3,1,2,13,0,1769410703,2026-01-26 01:59:44
1843486301383097150,2,1,1,23,0,1769410703,2026-01-26 01:59:44
b1f67e5c-7c26-4bf3-a90e-1500a3160d60,5,1,4,18,0,1769410703,2026-01-26 01:59:44
cdb6e2aa-4da3-4ed7-9b13-ce626addf6b0,10,7,3,44,0,1769410699,2026-01-26 01:59:44
1862787990429630662,4,2,2,15,0,1769410699,2026-01-26 01:59:44
1882736039096477712,23,14,9,12,0,1769410701,2026-01-26 01:59:44
22ac9559-d7f1-4dcd-ae3e-f6caf586a455,18,14,4,6,0,1769410702,2026-01-26 01:59:44
66db3a1e-0aca-11e7-82f6-3863bb44ef7c,9,9,0,10,0,1769410700,2026-01-26 01:59:44
1817627670084542818,1,0,1,20,0,1769410701,2026-01-26 01:59:44
1820420129807491554,16,1,15,2,0,1769410700,2026-01-26 01:59:44
a381b37a-a928-4834-87ee-da9922cb3b3d,28,20,8,2,0,1769410701,2026-01-26 01:59:44
66dc0d3a-0aca-11e7-82f6-3863bb44ef7c,5,2,3,12,0,1769410704,2026-01-26 01:59:44
531e6d94-5f4c-4ef0-9c83-47191be9d8f9,1,1,0,18,0,1769410711,2026-01-26 01:59:44
5adcaaaf-5386-441d-827c-8d65c4f4405e,5,5,0,15,0,1769410711,2026-01-26 01:59:44
3134bce7-0bb9-4a45-9c87-60a8cb681d72,1,1,0,16,0,1769410711,2026-01-26 01:59:44
c38e2cfc-04e6-419c-8bf8-d8713ccf6ea7,46,7,39,3,0,1769410712,2026-01-26 01:59:44
2126225134412534550,11,5,6,4,0,1769410675,2026-01-26 01:59:44
1597ea95-0b6b-425a-8d13-ed86ee0754b5,2,1,1,18,0,1769410712,2026-01-26 01:59:44
6f484a9d-c535-451e-a18f-f3afdc0a27af,19,7,12,20,0,1769410712,2026-01-26 01:59:44
66de1295-0aca-11e7-82f6-3863bb44ef7c,19,9,10,4,0,1769410712,2026-01-26 01:59:44
1929513834381415014,9,3,6,11,0,1769410707,2026-01-26 01:59:44
1ec7ef9f-ab60-4a64-821d-883ba547273a,5,0,5,13,0,1769410707,2026-01-26 01:59:44
c7be2714-14db-421f-a19e-f6a7bf6e8d26,2,0,2,18,0,1769410708,2026-01-26 01:59:44
653ba606-f397-41e6-adc4-f775bf2d0c9f,11,0,11,11,0,1769410708,2026-01-26 01:59:44
1913995167022829826,19,2,17,0,0,1769410708,2026-01-26 01:59:44
1431ec5c-242d-401b-b672-dbf95155999b,2,1,1,16,0,1769410708,2026-01-26 01:59:44
490ca6cc-c2a2-4838-acf0-4704ed60dc51,15,9,6,33,0,1769410705,2026-01-26 01:59:44
4e1a13af-1c3b-48f2-8586-5edceea97d61,1,1,0,17,0,1769410705,2026-01-26 01:59:44
d56a8542-048a-4aca-ac7f-f27a9e6c908b,14,12,2,11,0,1769410705,2026-01-26 01:59:44
1846449740982645546,13,1,12,3,0,1769410705,2026-01-26 01:59:44
672d71ab-2c23-4bd2-9ed2-34e54aa4b5b5,9,6,3,8,0,1769410705,2026-01-26 01:59:44
66dde559-0aca-11e7-82f6-3863bb44ef7c,28,22,6,0,0,1769410706,2026-01-26 01:59:44
2122552934440059494,0,0,0,17,0,1769410706,2026-01-26 01:59:44
66de56e5-0aca-11e7-82f6-3863bb44ef7c,17,4,13,5,0,1769410706,2026-01-26 01:59:44
acfeadeb-73bb-4ec3-b809-78675b01af74,6,3,3,10,0,1769410706,2026-01-26 01:59:44
66de1af4-0aca-11e7-82f6-3863bb44ef7c,8,8,0,22,0,1769410707,2026-01-26 01:59:44
3c21925c-d68e-497c-b501-982d3eb3e852,19,15,4,1,0,1769410707,2026-01-26 01:59:44
e7739b9e-7cc6-4cbb-98d3-669b8e2ae98b,7,0,7,13,0,1769410707,2026-01-26 01:59:44
66dde079-0aca-11e7-82f6-3863bb44ef7c,26,23,3,20,0,1769410709,2026-01-26 01:59:44
c1c33a35-751f-4dd6-baef-82db46f7ab46,11,2,9,20,0,1769410710,2026-01-26 01:59:44
66ddb7bf-0aca-11e7-82f6-3863bb44ef7c,27,25,2,20,0,1769410710,2026-01-26 01:59:44
59f0cb81-e31b-4ba9-9159-3437c52f7505,0,0,0,17,0,1769410711,2026-01-26 01:59:44
66dd4de9-0aca-11e7-82f6-3863bb44ef7c,30,11,19,21,0,1769410711,2026-01-26 01:59:44
7a701539-2c10-4abe-803f-525785ebb7fb,6,1,5,12,0,1769410711,2026-01-26 01:59:44
66de5d57-0aca-11e7-82f6-3863bb44ef7c,4,3,1,20,0,1769410708,2026-01-26 01:59:44
09a0c507-7cda-4f3f-9988-78de0baa28e4,4,2,2,16,0,1769410708,2026-01-26 01:59:44
9e3603ee-2b7d-4147-a7b5-48bbd778902c,29,26,3,30,0,1769410707,2026-01-26 01:59:44
66de47bf-0aca-11e7-82f6-3863bb44ef7c,15,8,7,2,0,1769410715,2026-01-26 01:59:44
46a1ff6c-6131-414a-9ef6-65a8db7d305f,0,0,0,22,0,1769410715,2026-01-26 01:59:44
9459fca8-b044-4ed1-8f2c-c5db11ba868f,5,1,4,21,0,1769410715,2026-01-26 01:59:44
66de4c32-0aca-11e7-82f6-3863bb44ef7c,15,0,15,7,0,1769410716,2026-01-26 01:59:44
1861682960046954694,19,16,3,1,0,1769410715,2026-01-26 01:59:44
66dd49eb-0aca-11e7-82f6-3863bb44ef7c,26,26,0,3,0,1769410712,2026-01-26 01:59:44
66dd52c8-0aca-11e7-82f6-3863bb44ef7c,25,24,1,11,0,1769410713,2026-01-26 01:59:44
20f3a578-4dfa-45ca-a917-b394d77ee08e,18,4,14,11,0,1769410713,2026-01-26 01:59:44
30985a9c-afe4-4b98-a72c-2c72bb35603e,9,7,2,5,0,1769410713,2026-01-26 01:59:44
bd318c15-5c3d-4e72-9837-3b4bd37707e0,0,0,0,18,0,1769410713,2026-01-26 01:59:44
66ddb595-0aca-11e7-82f6-3863bb44ef7c,4,3,1,14,0,1769410717,2026-01-26 01:59:44
66dc36c3-0aca-11e7-82f6-3863bb44ef7c,74,44,30,6,0,1769410717,2026-01-26 01:59:44
8c700e85-cfdb-4eef-ba49-53bd69c004ed,19,4,15,0,0,1769410717,2026-01-26 01:59:44
72796825-88b1-43a0-bb6d-2b41d337b1fc,25,7,18,0,0,1769410717,2026-01-26 01:59:44
66de2131-0aca-11e7-82f6-3863bb44ef7c,5,2,3,29,0,1769410714,2026-01-26 01:59:44
6661108f-28eb-4671-ad0c-36a311d325aa,7,1,6,8,0,1769410714,2026-01-26 01:59:44
66dc73b0-0aca-11e7-82f6-3863bb44ef7c,21,17,4,12,0,1769410714,2026-01-26 01:59:44
1835246815877178358,6,1,5,13,0,1769410714,2026-01-26 01:59:44
1838617691511229014,6,4,2,17,0,1769410714,2026-01-26 01:59:44
8df41833-c7bf-4171-bdab-58d64f6ade54,15,1,14,1,0,1769410715,2026-01-26 01:59:44
b5010362-af16-4357-8fb7-5958576954c0,12,2,10,11,0,1769410715,2026-01-26 01:59:44
66db2953-0aca-11e7-82f6-3863bb44ef7c,45,1,44,3,0,1769410716,2026-01-26 01:59:44
1836581628905160976,5,2,3,15,0,1769410714,2026-01-26 01:59:44
a4368364-fa79-493c-8478-1d3471a6077f,32,25,7,43,0,1769410716,2026-01-26 01:59:44
1869754328201607270,4,2,2,11,0,1769410716,2026-01-26 01:59:44
8cb0375d-bcb2-4c90-9773-41c3c8fdf8d8,6,5,1,74,0,1769410717,2026-01-26 01:59:44
2053884382031338034,4,1,3,39,0,1769410719,2026-01-26 01:59:44
1851955603137491568,25,4,21,5,0,1769410719,2026-01-26 01:59:44
af626e61-9f83-4602-a9b1-038b1c1430e6,15,0,15,4,0,1769410719,2026-01-26 01:59:44
66dbc6ae-0aca-11e7-82f6-3863bb44ef7c,34,14,20,26,0,1769410718,2026-01-26 01:59:44
6a671276-d345-4a4c-a7df-98f5dbb19e4c,2,0,2,17,0,1769410718,2026-01-26 01:59:44
d07790cd-1acd-4f74-b5f1-3d70f8a8a526,5,5,0,18,0,1769410718,2026-01-26 01:59:44
66dd1b65-0aca-11e7-82f6-3863bb44ef7c,4,1,3,53,0,1769410721,2026-01-26 01:59:44
66dbf73d-0aca-11e7-82f6-3863bb44ef7c,25,18,7,11,0,1769410721,2026-01-26 01:59:44
2126622876727162948,5,0,5,5,0,1769410721,2026-01-26 01:59:44
c83e1ef5-776e-417e-8ee2-d08ca121f884,11,11,0,10,0,1769410723,2026-01-26 01:59:44
557f8d40-dec1-4c61-bd03-a0d1a6ea0e4b,22,4,18,5,0,1769410722,2026-01-26 01:59:44
66db4351-0aca-11e7-82f6-3863bb44ef7c,74,49,25,4,0,1769410722,2026-01-26 01:59:44
66dc51e9-0aca-11e7-82f6-3863bb44ef7c,17,9,8,30,0,1769410723,2026-01-26 01:59:44
454b4a83-d0b1-42a2-8163-261e2a9d6ab9,7,5,2,72,0,1769410723,2026-01-26 01:59:44
c04cef84-3fcd-4fd9-9e40-8e07453dbe19,4,0,4,14,0,1769410723,2026-01-26 01:59:44
eef98eb6-f550-49f9-a910-4d2863e6a591,4,4,0,16,0,1769410723,2026-01-26 01:59:44
2126624772423916318,4,0,4,5,0,1769410723,2026-01-26 01:59:44
35915f48-31c5-499a-b845-2ca2fb541904,14,1,13,25,0,1769410724,2026-01-26 01:59:44
dcdaa64b-4d2c-4017-bfb9-da25924f851d,9,5,4,10,0,1769410724,2026-01-26 01:59:44
2123940513700131194,9,4,5,5,0,1769410724,2026-01-26 01:59:44
2053867202510006310,19,0,19,3,0,1769410724,2026-01-26 01:59:44
c05cd2e2-74e8-4526-a62b-d631e005fdd8,18,4,14,11,0,1769410724,2026-01-26 01:59:44
49d2cd03-f508-483f-a7c9-7fd450e5e6db,9,0,9,6,0,1769410719,2026-01-26 01:59:44
d319629d-63cf-4765-9f69-5569f35d6469,3,0,3,15,0,1769410720,2026-01-26 01:59:44
66dbe250-0aca-11e7-82f6-3863bb44ef7c,4,2,2,14,0,1769410721,2026-01-26 01:59:44
78ec2f0d-c309-46d4-8808-7eb1a0674e38,9,7,2,19,0,1769410720,2026-01-26 01:59:44
66dcca76-0aca-11e7-82f6-3863bb44ef7c,0,0,0,20,0,1769410720,2026-01-26 01:59:44
f6c33f22-d650-4935-a928-fb693a828b5f,4,1,3,17,0,1769410723,2026-01-26 01:59:44
1861680103893703034,1,1,0,19,0,1769410724,2026-01-26 01:59:44
66dbea8d-0aca-11e7-82f6-3863bb44ef7c,0,0,0,0,0,1769410726,2026-01-26 01:59:44
39112ced-337f-4b71-9df6-291cd4265cc9,14,0,14,8,0,1769410726,2026-01-26 01:59:44
2126274178538511162,8,0,8,3,0,1769410725,2026-01-26 01:59:44
cae4f2f4-9642-474c-95cc-6cc07592f120,4,2,2,31,0,1769410725,2026-01-26 01:59:44
66dc91b5-0aca-11e7-82f6-3863bb44ef7c,18,13,5,22,0,1769410725,2026-01-26 01:59:44
533f25a0-514f-456f-9d87-5fdcb4ee42f4,9,7,2,8,0,1769410725,2026-01-26 01:59:44
66db3aa3-0aca-11e7-82f6-3863bb44ef7c,34,34,0,14,0,1769410725,2026-01-26 01:59:44
66db6cd4-0aca-11e7-82f6-3863bb44ef7c,23,10,13,29,0,1769410725,2026-01-26 01:59:44
9789dc0f-1eb6-4830-bda9-1ce5f1413e19,2,0,2,16,0,1769410725,2026-01-26 01:59:44
2126624466406238560,10,5,5,3,0,1769410715,2026-01-26 01:59:44
84b30f68-5404-453a-ae86-a2baff03a2c9,1,0,1,17,0,1769410728,2026-01-26 01:59:44
2121033124458338894,9,1,8,5,0,1769410729,2026-01-26 01:59:44
6c3b486e-603c-4158-91ac-adc06ac01535,14,8,6,8,0,1769410729,2026-01-26 01:59:44
bf5a9ad8-6725-4ade-967d-aba612d423bf,11,1,10,12,0,1769410728,2026-01-26 01:59:44
10c13fe2-34cb-4aff-bea1-4f5ce877769b,9,1,8,9,0,1769410729,2026-01-26 01:59:44
1823008749757202820,11,0,11,11,0,1769410729,2026-01-26 01:59:44
66dd25e0-0aca-11e7-82f6-3863bb44ef7c,17,11,6,5,0,1769410729,2026-01-26 01:59:44
1945125793810207148,9,6,3,9,0,1769410727,2026-01-26 01:59:44
66dd42eb-0aca-11e7-82f6-3863bb44ef7c,17,17,0,42,0,1769410728,2026-01-26 01:59:44
2126224759932600578,4,4,0,4,0,1769410727,2026-01-26 01:59:44
aa120a3a-9f2b-4dfc-a88b-384bbb66838a,12,4,8,7,0,1769410727,2026-01-26 01:59:44
7dcc5a03-5997-4250-9207-fa8b6f027c86,15,3,12,13,0,1769410726,2026-01-26 01:59:44
66de1f17-0aca-11e7-82f6-3863bb44ef7c,26,26,0,6,0,1769410729,2026-01-26 01:59:44
42bf7170-61ab-44a0-aafe-1b89d7271718,12,10,2,15,0,1769410733,2026-01-26 01:59:44
b90574d1-e9e7-45be-8adb-e38cb285fea5,3,3,0,12,0,1769410734,2026-01-26 01:59:44
2126621026154598618,11,3,8,3,0,1769410729,2026-01-26 01:59:44
058ee86d-ce2a-4597-99f7-f78f082b33e3,2,1,1,16,0,1769410729,2026-01-26 01:59:44
66de4408-0aca-11e7-82f6-3863bb44ef7c,13,8,5,10,0,1769410729,2026-01-26 01:59:44
66dc7b10-0aca-11e7-82f6-3863bb44ef7c,1,1,0,76,0,1769410732,2026-01-26 01:59:44
b94cc90e-9ca2-4471-8371-23be051e0157,15,13,2,59,0,1769410733,2026-01-26 01:59:44
c0df5c09-2c07-4689-9fe8-36ed81301d7d,1,0,1,22,0,1769410733,2026-01-26 01:59:44
6bc5598a-9eb8-44d2-adc0-d93b93af1924,0,0,0,2,0,1769396147,2026-01-26 01:59:44
1828968199249922252,1,0,1,19,0,1769410733,2026-01-26 01:59:44
05c5e17c-7aa9-49b7-9da3-9db4858ec1fc,21,14,7,11,0,1769410635,2026-01-26 01:59:44
66de20c8-0aca-11e7-82f6-3863bb44ef7c,5,4,1,21,0,1769410732,2026-01-26 01:59:44
3bf91ca1-14fd-4e51-858e-36a203f1af2a,3,3,0,15,0,1769410732,2026-01-26 01:59:44
1791472201147965920,11,10,1,51,0,1769410732,2026-01-26 01:59:44
d873e463-2dc9-4bf8-86c7-fea8ddaa3a9f,3,2,1,12,0,1769410732,2026-01-26 01:59:44
016ee47a-4871-4209-91cb-bf3ceeddc991,1,1,0,17,0,1769410732,2026-01-26 01:59:44
66dd40dd-0aca-11e7-82f6-3863bb44ef7c,15,12,3,17,0,1769410732,2026-01-26 01:59:44
dd8627c8-4190-4a30-8758-e77a7b010437,15,13,2,28,0,1769410731,2026-01-26 01:59:44
1286480d-5d6d-4a47-9fac-e156dba2b6fc,51,33,18,3,0,1769410730,2026-01-26 01:59:44
05969d95-8a64-4007-abf1-afb847f2d426,6,1,5,16,0,1769410730,2026-01-26 01:59:44
66dca6f4-0aca-11e7-82f6-3863bb44ef7c,11,7,4,22,0,1769410729,2026-01-26 01:59:44
e24cb64d-10c2-48db-9440-59e63c0f1c95,15,1,14,8,0,1769410730,2026-01-26 01:59:44
a35d03cf-bd72-4da4-a4ac-bd25b3f8dce3,12,6,6,6,0,1769410733,2026-01-26 01:59:44
96a4da57-107a-43d1-8828-4749d5555461,5,2,3,24,0,1769410733,2026-01-26 01:59:44
19002a4c-3229-450b-ad69-76948696e60d,1,1,0,17,0,1769410731,2026-01-26 01:59:44
bdefa3e3-aa5a-40eb-b7f8-542de55063e9,9,1,8,9,0,1769410731,2026-01-26 01:59:44
1817432606668538118,11,10,1,12,0,1769410734,2026-01-26 01:59:44
1786698815186893280,17,1,16,18,0,1769410735,2026-01-26 01:59:44
66dd2556-0aca-11e7-82f6-3863bb44ef7c,32,25,7,10,0,1769410735,2026-01-26 01:59:44
a04bf523-3c76-4fad-88bf-e99037f9b796,16,3,13,4,0,1769410734,2026-01-26 01:59:44
66db6aae-0aca-11e7-82f6-3863bb44ef7c,23,8,15,58,0,1769410735,2026-01-26 01:59:44
38975061-0d90-43a3-87c1-8905b374d5d9,16,1,15,6,0,1769410735,2026-01-26 01:59:44
30d6520e-b612-4240-a9ff-eec12b02b263,6,1,5,12,0,1769410736,2026-01-26 01:59:44
36ddce8f-bd83-4a05-b601-b526fb4d8628,1,0,1,17,0,1769410736,2026-01-26 01:59:44
fbee1143-e93f-418d-b6bc-8fde4a9a8746,18,5,13,31,0,1769410736,2026-01-26 01:59:44
160e21da-6dd2-47ff-8385-e13c8cdce4fa,23,0,23,3,0,1769410736,2026-01-26 01:59:44
1828968691399885056,9,0,9,6,0,1769410736,2026-01-26 01:59:44
720c0d64-7828-4dba-bff9-4d99f4e3a9fc,4,3,1,16,0,1769410736,2026-01-26 01:59:44
b636a06c-c10e-417a-ac22-14cadb8f8993,14,7,7,1,0,1769410736,2026-01-26 01:59:44
7efcb97f-6c8f-4445-86a9-3f758a822f17,18,18,0,24,0,1769410736,2026-01-26 01:59:44
5cb3a92d-f284-477c-bf63-ea72d24e8a7d,14,3,11,3,0,1769410736,2026-01-26 01:59:44
b9970fb5-176c-4a66-8772-6d76c4b6245a,2,0,2,16,0,1769410736,2026-01-26 01:59:44
bfea6c5b-2e1a-42c5-8199-2ded6042d57b,4,0,4,21,0,1769410737,2026-01-26 01:59:44
a11a0000-19cf-4053-b3a1-3a5886d7446c,14,1,13,24,0,1769410737,2026-01-26 01:59:44
9dde927d-9984-4f97-bcd0-fbcb59e6ca66,11,0,11,5,0,1769410737,2026-01-26 01:59:44
66dc4bd9-0aca-11e7-82f6-3863bb44ef7c,82,73,9,9,0,1769410737,2026-01-26 01:59:44
b6a4770e-9077-4a0e-a0fb-b45b1d457559,52,37,15,6,0,1769410737,2026-01-26 01:59:44
66dd4051-0aca-11e7-82f6-3863bb44ef7c,16,9,7,32,0,1769410737,2026-01-26 01:59:44
1815967313905864892,7,2,5,10,0,1769410737,2026-01-26 01:59:44
66dcc65c-0aca-11e7-82f6-3863bb44ef7c,6,4,2,9,0,1769410737,2026-01-26 01:59:44
66dbef85-0aca-11e7-82f6-3863bb44ef7c,22,20,2,12,0,1769410737,2026-01-26 01:59:44
66dd470b-0aca-11e7-82f6-3863bb44ef7c,29,17,12,18,0,1769410737,2026-01-26 01:59:44
97bcf094-ad77-4743-9c94-832c7300c090,10,10,0,3,0,1769410738,2026-01-26 01:59:44
2c366f4b-8319-41bf-ab8e-2fba3a952feb,15,8,7,37,0,1769410737,2026-01-26 01:59:44
ab79da3d-f92a-42de-a76d-e05b5d7e724c,1,0,1,15,0,1769410738,2026-01-26 01:59:44
66db6387-0aca-11e7-82f6-3863bb44ef7c,95,70,25,16,0,1769410736,2026-01-26 01:59:44
66de1a8a-0aca-11e7-82f6-3863bb44ef7c,2,1,1,18,0,1769410738,2026-01-26 01:59:44
8603535e-0d7a-4c5b-ae77-27b9f5770bfa,2,0,2,23,0,1769410738,2026-01-26 01:59:44
1789e458-c466-4d77-aba6-365f5c3823ed,8,1,7,12,0,1769410739,2026-01-26 01:59:44
18267c09-1916-48d8-951c-caf88c89edd1,2,2,0,17,0,1769410738,2026-01-26 01:59:44
8dc8c0b3-4d70-40fe-a75a-86e30ecb676b,14,3,11,1,0,1769410739,2026-01-26 01:59:44
1835250080052323168,0,0,0,0,0,86400,2026-01-26 01:59:44
2171902607371571344,0,0,0,0,0,86400,2026-01-26 01:59:44
2171903032377767128,0,0,0,0,0,86400,2026-01-26 01:59:44
2171903385631266470,0,0,0,0,0,86400,2026-01-26 01:59:44
2171903970740122034,0,0,0,0,0,86400,2026-01-26 01:59:44
2177015115528916668,0,0,0,0,0,86400,2026-01-26 01:59:44
2177015776583073844,0,0,0,0,0,86400,2026-01-26 01:59:44
2177017159407891310,0,0,0,0,0,86400,2026-01-26 01:59:44
2177015450536365760,0,0,0,0,0,86400,2026-01-26 01:59:44
2177015274071900204,0,0,0,0,0,86400,2026-01-26 01:59:44
2177016197335217002,0,0,0,0,0,86400,2026-01-26 01:59:44
66db3898-0aca-11e7-82f6-3863bb44ef7c,0,0,0,5,0,1769378955,2026-01-26 01:59:44
1828968327357059242,0,0,0,14,0,1769376522,2026-01-26 01:59:44
1826348745879909352,14,2,12,1,0,1769410530,2026-01-26 01:59:44
a6492ad5-d13e-48b0-a0d5-08e60ad93e53,0,0,0,2,0,1769364626,2026-01-26 01:59:44
66db3583-0aca-11e7-82f6-3863bb44ef7c,0,0,0,23,0,1769383171,2026-01-26 01:59:44
454fe70c-1d53-4af2-a9ea-1d4bd9f59799,5,5,0,14,0,1769410526,2026-01-26 01:59:44
08bf2fe0-219d-48cd-87c5-6163b3a2eafd,4,4,0,17,0,1769410565,2026-01-26 01:59:44
1828966227118051662,15,4,11,2,0,1769410622,2026-01-26 01:59:44
66de602e-0aca-11e7-82f6-3863bb44ef7c,45,4,41,0,0,1769410621,2026-01-26 01:59:44
1860188331547447938,6,6,0,14,0,1769410622,2026-01-26 01:59:44
66db4417-0aca-11e7-82f6-3863bb44ef7c,51,38,13,3,0,1769410619,2026-01-26 01:59:44
b43ecf62-4c9d-4b06-ac9a-5837084f769f,2,0,2,19,0,1769410619,2026-01-26 01:59:44
1797078913880883846,3,2,1,15,0,1769410619,2026-01-26 01:59:44
9eb98b3b-ea35-483f-91f6-d90c506152db,9,2,7,14,0,1769410620,2026-01-26 01:59:44
66dbeb1b-0aca-11e7-82f6-3863bb44ef7c,10,6,4,30,0,1769410621,2026-01-26 01:59:44
1835246381185208614,0,0,0,21,0,1769410621,2026-01-26 01:59:44
7c7cb750-6613-48a4-bfae-9240968f1fad,7,2,5,29,0,1769410621,2026-01-26 01:59:44
edc9b877-c311-46b4-a780-59ee7e692324,10,2,8,24,0,1769410618,2026-01-26 01:59:44
1879828885264130640,11,2,9,6,0,1769410618,2026-01-26 01:59:44
1791188268875152272,37,15,22,6,0,1769410618,2026-01-26 01:59:44
66dbc745-0aca-11e7-82f6-3863bb44ef7c,24,22,2,16,0,1769410627,2026-01-26 01:59:44
1905394575114219798,25,23,2,6,0,1769410627,2026-01-26 01:59:44
1885440410432338078,0,0,0,21,0,1769410627,2026-01-26 01:59:44
89ff4db3-8a29-4565-a366-6fea4b3afc39,12,4,8,4,0,1769410628,2026-01-26 01:59:44
ee1ba75f-baf5-4852-929c-8b7ad310f55a,15,10,5,8,0,1769410623,2026-01-26 01:59:44
3893eeef-06a8-47b1-95f2-a85454f7d5c9,4,0,4,17,0,1769410625,2026-01-26 01:59:44
3d340fc5-8c86-4d5e-974d-ae28958e61e8,50,32,18,1,0,1769410626,2026-01-26 01:59:44
324e55da-fec0-43a2-b622-27774381ab7f,3,1,2,14,0,1769410625,2026-01-26 01:59:44
2fe3e166-2d2f-41c8-b522-fdf8ee3ae16f,14,11,3,3,0,1769410625,2026-01-26 01:59:44
ee70b21e-4a95-4bdf-802c-50f83a76971d,9,1,8,15,0,1769410624,2026-01-26 01:59:44
8c6cba48-d803-4a90-99f7-e06edcdbbf92,3,3,0,17,0,1769410625,2026-01-26 01:59:44
f8c1c90f-4ec0-44bd-b097-cfafc887744d,38,1,37,5,0,1769410624,2026-01-26 01:59:44
66dd1bf3-0aca-11e7-82f6-3863bb44ef7c,33,0,33,12,0,1769410623,2026-01-26 01:59:44
dfb8b9c8-3006-4b76-963a-95f7471dc0a8,14,0,14,4,0,1769410624,2026-01-26 01:59:44
1861680383828308814,4,4,0,9,0,1769410623,2026-01-26 01:59:44
2527619f-ef89-425c-bf3b-60cc0ec519bf,24,9,15,32,0,1769410625,2026-01-26 01:59:44
66db930d-0aca-11e7-82f6-3863bb44ef7c,8,3,5,15,0,1769410642,2026-01-26 01:59:44
66dc7e75-0aca-11e7-82f6-3863bb44ef7c,7,0,7,61,0,1769410643,2026-01-26 01:59:44
1851947582840610924,3,0,3,17,0,1769410643,2026-01-26 01:59:44
d7c56fef-1bf9-4315-85af-8638c534b402,12,6,6,24,0,1769410643,2026-01-26 01:59:44
7155b0a6-2545-4b02-ae8c-9c0c4220f8c3,0,0,0,20,0,1769410643,2026-01-26 01:59:44
1890927910885612334,23,4,19,1,0,1769410644,2026-01-26 01:59:44
1857515306802639416,21,3,18,1,0,1769410645,2026-01-26 01:59:44
d4c34830-972f-4cd1-81bb-071df209d065,0,0,0,20,0,1769410640,2026-01-26 01:59:44
1846086027713733188,7,4,3,5,0,1769410645,2026-01-26 01:59:44
8b830188-101e-44bf-a755-5e6c611e3edc,26,0,26,0,0,1769410633,2026-01-26 01:59:44
d5d2aebc-158c-43ec-9105-2a779d0245d8,0,0,0,18,0,1769410633,2026-01-26 01:59:44
00284700-9d22-42ce-8485-113fed9879c1,2,1,1,14,0,1769410633,2026-01-26 01:59:44
1835244925191295588,1,0,1,22,0,1769410630,2026-01-26 01:59:44
0e3dedfb-df10-4900-a67b-95349a81bc5c,20,3,17,3,0,1769410630,2026-01-26 01:59:44
1d440638-ec50-4ccb-9a82-0e3247a87c63,30,16,14,5,0,1769410631,2026-01-26 01:59:44
1875395639434791520,1,1,0,18,0,1769410631,2026-01-26 01:59:44
5ffde991-1125-443e-bc97-6827b2b9c97b,21,0,21,3,0,1769410632,2026-01-26 01:59:44
d29ea280-8b64-4a35-b12b-245525ae2a3a,6,3,3,47,0,1769410632,2026-01-26 01:59:44
fc5ee04d-710b-45ba-aae0-303b8e95ea89,6,4,2,12,0,1769410631,2026-01-26 01:59:44
0b857ee5-3d10-4152-952e-95fbaf06677a,7,7,0,21,0,1769410631,2026-01-26 01:59:44
b976906e-81c4-44c5-a160-e17815c0d47b,13,3,10,16,0,1769410631,2026-01-26 01:59:44
b7af52d2-fd23-4970-8513-be7c681480c4,47,31,16,7,0,1769410631,2026-01-26 01:59:44
66de18d7-0aca-11e7-82f6-3863bb44ef7c,14,0,14,4,0,1769410632,2026-01-26 01:59:44
1838070940162509196,6,2,4,16,0,1769410628,2026-01-26 01:59:44
1815968345907104578,12,0,12,12,0,1769410630,2026-01-26 01:59:44
0cb63737-64c9-42a9-9479-280d49ed015a,7,1,6,15,0,1769410634,2026-01-26 01:59:44
3a51a25f-3e9b-4aea-84ee-39e9a3acc7fd,9,2,7,12,0,1769410636,2026-01-26 01:59:44
66dbbeda-0aca-11e7-82f6-3863bb44ef7c,14,14,0,63,0,1769410636,2026-01-26 01:59:44
7af717b9-99ce-4cce-94b4-b445a40537a1,18,0,18,1,0,1769410636,2026-01-26 01:59:44
a7c09fde-76e8-4a56-b61d-8ca940432efd,1,0,1,19,0,1769410636,2026-01-26 01:59:44
c6c10756-ef41-491a-8e6c-ee0aa27b8cbe,2,2,0,16,0,1769410636,2026-01-26 01:59:44
66ddef2d-0aca-11e7-82f6-3863bb44ef7c,4,0,4,17,0,1769410636,2026-01-26 01:59:44
1849010295160437584,17,9,8,0,0,1769410639,2026-01-26 01:59:44
298d4e45-c6d2-45f1-a07a-11606026a6e4,9,6,3,14,0,1769410640,2026-01-26 01:59:44
f3eb962c-314a-4431-bac7-2eb2ffbe2fd2,3,0,3,14,0,1769410635,2026-01-26 01:59:44
2126623405008140358,7,6,1,2,0,1769410635,2026-01-26 01:59:44
2123939242997647892,7,3,4,8,0,1769410637,2026-01-26 01:59:44
0f6fd186-656a-41b3-ba4a-456d22da177c,17,17,0,14,0,1769410638,2026-01-26 01:59:44
66dc0f1b-0aca-11e7-82f6-3863bb44ef7c,68,52,16,0,0,1769410638,2026-01-26 01:59:44
cb4926e6-0a79-4902-80ee-d365fbf42aec,2,2,0,22,0,1769410639,2026-01-26 01:59:44
1dba415a-2c46-419e-838d-7e068b8d7d6f,8,0,8,11,0,1769410639,2026-01-26 01:59:44
66dccc99-0aca-11e7-82f6-3863bb44ef7c,11,0,11,19,0,1769410637,2026-01-26 01:59:44
18b19467-28ac-4496-b3e4-f6028b1c5105,6,4,2,22,0,1769410637,2026-01-26 01:59:44
1828969634783171152,16,0,16,3,0,1769410635,2026-01-26 01:59:44
66dc210e-0aca-11e7-82f6-3863bb44ef7c,0,0,0,34,0,1769410636,2026-01-26 01:59:44
66dbefee-0aca-11e7-82f6-3863bb44ef7c,6,0,6,7,0,1769410649,2026-01-26 01:59:44
1794096824496960148,35,25,10,5,0,1769410649,2026-01-26 01:59:44
1963272613486484230,46,24,22,22,0,1769410649,2026-01-26 01:59:44
99b7c9a5-9679-417f-b884-21c4b240aa99,5,1,4,10,0,1769410649,2026-01-26 01:59:44
971cddfa-695e-4b44-ba8b-26154ab4a83b,2,0,2,15,0,1769410650,2026-01-26 01:59:44
c466f15e-715f-411e-904e-1a71fb574cdd,79,54,25,5,0,1769410652,2026-01-26 01:59:44
70634bc4-4d90-42d4-8f6a-3f29fa8f7f77,22,19,3,9,0,1769410646,2026-01-26 01:59:44
11a8d465-b4eb-466b-a6ca-055f73994231,14,5,9,7,0,1769410648,2026-01-26 01:59:44
66dcf922-0aca-11e7-82f6-3863bb44ef7c,17,1,16,8,0,1769410651,2026-01-26 01:59:44
66db72f1-0aca-11e7-82f6-3863bb44ef7c,37,24,13,8,0,1769410647,2026-01-26 01:59:44
de97a7d0-fbb3-4c13-ba6a-2bbd441751fe,9,5,4,9,0,1769410647,2026-01-26 01:59:44
0258da92-f770-4acc-b20b-91b78aff791e,16,1,15,3,0,1769410647,2026-01-26 01:59:44
bcd3ee0f-21d7-4cc8-ac45-ccea48b6fc1b,15,10,5,6,0,1769410650,2026-01-26 01:59:44
b83b2a73-af8e-4b82-b61e-aeaaf075fbe2,3,3,0,22,0,1769410650,2026-01-26 01:59:44
1786696780996714874,20,17,3,6,0,1769410650,2026-01-26 01:59:44
1a92d2d3-ddf1-4f34-b28c-ce7a064b9a3e,15,8,7,6,0,1769410646,2026-01-26 01:59:44
0e240143-2f86-4754-8345-4994750d99f1,13,1,12,5,0,1769410647,2026-01-26 01:59:44
1945126022626996350,15,4,11,10,0,1769410647,2026-01-26 01:59:44
61c82689-3f4c-495d-8f44-e71de8f04088,17,7,10,62,0,1769410657,2026-01-26 01:59:44
3fed8016-0be0-47f5-8663-2e850ec47288,20,3,17,1,0,1769410656,2026-01-26 01:59:44
82b97827-1801-4b7b-b3de-16447a8dd025,1,1,0,17,0,1769410653,2026-01-26 01:59:44
5782a158-b596-4936-a451-32ccc131a57d,2,2,0,16,0,1769410654,2026-01-26 01:59:44
699d3378-6ea8-465f-888b-c49c60089ce8,0,0,0,18,0,1769410654,2026-01-26 01:59:44
b53b5e8f-9503-48d1-b3e3-9347ecef38e2,24,8,16,8,0,1769410654,2026-01-26 01:59:44
66db2f4c-0aca-11e7-82f6-3863bb44ef7c,14,8,6,62,0,1769410655,2026-01-26 01:59:44
36d80620-9774-487e-8eb0-cf5f18a39321,6,6,0,22,0,1769410652,2026-01-26 01:59:44
23539f3b-fb83-4f34-b8b8-9f1f37b5e646,26,4,22,4,0,1769410653,2026-01-26 01:59:44
5d101095-011e-4541-ae64-bed8b52807b3,0,0,0,23,0,1769410652,2026-01-26 01:59:44
66dd4356-0aca-11e7-82f6-3863bb44ef7c,13,8,5,29,0,1769410652,2026-01-26 01:59:44
66dd3cb4-0aca-11e7-82f6-3863bb44ef7c,21,1,20,9,0,1769410655,2026-01-26 01:59:44
66db460d-0aca-11e7-82f6-3863bb44ef7c,25,3,22,1,0,1769410656,2026-01-26 01:59:44
66de4897-0aca-11e7-82f6-3863bb44ef7c,15,1,14,4,0,1769410656,2026-01-26 01:59:44
66dbf6d2-0aca-11e7-82f6-3863bb44ef7c,14,13,1,12,0,1769410656,2026-01-26 01:59:44
174bf571-e597-463d-84bc-611c4a13d85e,13,12,1,12,0,1769410657,2026-01-26 01:59:44
1828968082192898522,1,1,0,20,0,1769410658,2026-01-26 01:59:44
b9b58379-b29a-4fa8-ba72-c647728e1686,14,6,8,5,0,1769410658,2026-01-26 01:59:44
c4377169-c19e-47e1-90a4-c4e14bb41601,6,0,6,16,0,1769410663,2026-01-26 01:59:44
66dcf30d-0aca-11e7-82f6-3863bb44ef7c,14,4,10,9,0,1769410663,2026-01-26 01:59:44
66dc7d58-0aca-11e7-82f6-3863bb44ef7c,59,34,25,15,0,1769410663,2026-01-26 01:59:44
57f144cb-375d-4eee-b458-e288116cb8f7,15,2,13,5,0,1769410664,2026-01-26 01:59:44
1856767555236917834,19,3,16,4,0,1769410661,2026-01-26 01:59:44
66dde703-0aca-11e7-82f6-3863bb44ef7c,4,2,2,19,0,1769410661,2026-01-26 01:59:44
c829b6af-002b-4d04-af56-6924d4ad0aa2,6,0,6,20,0,1769410659,2026-01-26 01:59:44
c0ce2a38-04f5-4333-8818-2a3faa84f214,21,3,18,5,0,1769410659,2026-01-26 01:59:44
1846086562569586930,15,6,9,5,0,1769410660,2026-01-26 01:59:44
00d94dfc-3695-47e1-aba6-7f319dd2eb08,7,1,6,15,0,1769410659,2026-01-26 01:59:44
66db5f40-0aca-11e7-82f6-3863bb44ef7c,29,29,0,12,0,1769410660,2026-01-26 01:59:44
7d41ac98-df88-497a-aef9-968660e6da0f,17,1,16,19,0,1769410668,2026-01-26 01:59:44
1835250199411134468,7,1,6,16,0,1769410669,2026-01-26 01:59:44
66dd9b0f-0aca-11e7-82f6-3863bb44ef7c,3,1,2,34,0,1769410664,2026-01-26 01:59:44
f0115d11-c678-4274-8bb7-d486dbb63361,13,2,11,1,0,1769410666,2026-01-26 01:59:44
8ec47777-852d-4059-a5ea-12eef71a9606,32,1,31,2,0,1769410666,2026-01-26 01:59:44
039d4cc9-8560-4d22-88c3-20753c54a50f,10,1,9,14,0,1769410666,2026-01-26 01:59:44
eab2749b-2f79-4797-a0a6-0579b27e6929,15,0,15,22,0,1769410666,2026-01-26 01:59:44
66dcba5e-0aca-11e7-82f6-3863bb44ef7c,6,1,5,11,0,1769410665,2026-01-26 01:59:44
1861681740276243358,16,13,3,3,0,1769410665,2026-01-26 01:59:44
46bdd925-fb6c-4654-85d8-e0db4da62abf,22,8,14,13,0,1769410665,2026-01-26 01:59:44
f47c7f15-1c30-4199-a09f-134f0f0f684b,2,0,2,21,0,1769410667,2026-01-26 01:59:44
66db3816-0aca-11e7-82f6-3863bb44ef7c,42,11,31,2,0,1769410669,2026-01-26 01:59:44
66dcc44a-0aca-11e7-82f6-3863bb44ef7c,7,2,5,10,0,1769410671,2026-01-26 01:59:44
66dc42a0-0aca-11e7-82f6-3863bb44ef7c,1,1,0,28,0,1769410670,2026-01-26 01:59:44
ce700c09-6095-4b20-ab65-07defdd1a7d7,12,2,10,5,0,1769410671,2026-01-26 01:59:44
66de4b0b-0aca-11e7-82f6-3863bb44ef7c,15,2,13,14,0,1769410671,2026-01-26 01:59:44
66dce660-0aca-11e7-82f6-3863bb44ef7c,6,2,4,17,0,1769410672,2026-01-26 01:59:44
66db90f1-0aca-11e7-82f6-3863bb44ef7c,46,45,1,15,0,1769410672,2026-01-26 01:59:44
14391923-6727-4359-92e9-03e0b5094753,28,16,12,23,0,1769410670,2026-01-26 01:59:44
3edec530-4791-4872-8912-2a2397a903a4,42,30,12,22,0,1769410670,2026-01-26 01:59:44
66ddebce-0aca-11e7-82f6-3863bb44ef7c,19,17,2,8,0,1769410670,2026-01-26 01:59:44
b5861c2d-d687-4308-bf2d-5f69fc28cc4a,18,0,18,3,0,1769410670,2026-01-26 01:59:44
90fca941-2212-43bf-b104-ce32c4270d4d,1,1,0,18,0,1769410670,2026-01-26 01:59:44
c72970e7-7f1a-4671-bf55-fc34be7c9413,11,1,10,6,0,1769410673,2026-01-26 01:59:44
2163290511399492946,4,3,1,5,0,1769410673,2026-01-26 01:59:44
66de0dfd-0aca-11e7-82f6-3863bb44ef7c,23,22,1,18,0,1769410677,2026-01-26 01:59:44
2126965369631090816,7,3,4,6,0,1769410678,2026-01-26 01:59:44
1846085836152179090,4,0,4,15,0,1769410678,2026-01-26 01:59:44
1817432709747753390,10,3,7,12,0,1769410679,2026-01-26 01:59:44
a82599ce-99ca-4670-8053-baada198034a,52,0,52,4,0,1769410679,2026-01-26 01:59:44
66de0a0a-0aca-11e7-82f6-3863bb44ef7c,19,10,9,3,0,1769410680,2026-01-26 01:59:44
b16e9f3f-9b07-486f-a1ca-c76030f5ea64,9,1,8,8,0,1769410676,2026-01-26 01:59:44
ab29ce96-c2e8-4929-b27b-e0fe4aae17d5,10,2,8,8,0,1769410675,2026-01-26 01:59:44
fc774664-3c9b-4a8f-a79e-f6907db00a1d,8,5,3,24,0,1769410676,2026-01-26 01:59:44
1860189075388547142,2,2,0,18,0,1769410676,2026-01-26 01:59:44
1828967208126648828,4,0,4,15,0,1769410675,2026-01-26 01:59:44
7b0227aa-bbf5-4731-a49a-765b4afac483,16,16,0,55,0,1769410675,2026-01-26 01:59:44
c9e76fa9-54e2-4161-9798-4787bf04217a,9,1,8,7,0,1769410677,2026-01-26 01:59:44
c8197f4b-02b0-4cc3-96af-df5fec27a279,2,1,1,15,0,1769410677,2026-01-26 01:59:44
66dea8ff-0aca-11e7-82f6-3863bb44ef7c,8,0,8,30,0,1769410674,2026-01-26 01:59:44
676b7b4d-b1c0-4c97-8ac3-5fe665e51108,0,0,0,22,0,1769410678,2026-01-26 01:59:44
3ac7b47b-2253-4a0b-bf7d-8a2eb6b78a38,20,6,14,19,0,1769410686,2026-01-26 01:59:44
1abd4668-ed6b-4930-8177-17239ae75a9e,0,0,0,19,0,1769410686,2026-01-26 01:59:44
66ddf310-0aca-11e7-82f6-3863bb44ef7c,14,7,7,21,0,1769410686,2026-01-26 01:59:44
d7c12bf1-1ec8-496a-beca-90ba76c53241,3,1,2,14,0,1769410686,2026-01-26 01:59:44
66dcc920-0aca-11e7-82f6-3863bb44ef7c,5,1,4,13,0,1769410686,2026-01-26 01:59:44
c36cfa58-29fe-4c0c-a14f-41c3463487fd,3,0,3,19,0,1769410681,2026-01-26 01:59:44
bb58e953-4953-4fbe-9ef2-367488dfef9b,4,2,2,16,0,1769410681,2026-01-26 01:59:44
66ddd545-0aca-11e7-82f6-3863bb44ef7c,73,59,14,9,0,1769410681,2026-01-26 01:59:44
00d3e65e-b614-4408-aaa9-939ed96ce645,51,48,3,0,0,1769410682,2026-01-26 01:59:44
66dd9dba-0aca-11e7-82f6-3863bb44ef7c,26,24,2,18,0,1769410682,2026-01-26 01:59:44
66dca5f3-0aca-11e7-82f6-3863bb44ef7c,2,1,1,42,0,1769410687,2026-01-26 01:59:44
566935d6-4d66-4b42-9822-f2a816e357b9,8,4,4,17,0,1769410687,2026-01-26 01:59:44
1845676917264180046,8,0,8,9,0,1769410688,2026-01-26 01:59:44
13b82a41-c25b-428f-a07b-5f5d8340c6f2,1,0,1,17,0,1769410687,2026-01-26 01:59:44
116dbc02-a3c1-4b65-9f73-2a09a2aa1379,61,32,29,16,0,1769410688,2026-01-26 01:59:44
8ea3301f-6940-4e0f-80f0-7a3e54b2eaa5,6,6,0,11,0,1769410688,2026-01-26 01:59:44
32d3adc3-c3dd-4a97-a4db-95d467f3c3aa,6,6,0,21,0,1769410686,2026-01-26 01:59:44
66dc11a7-0aca-11e7-82f6-3863bb44ef7c,75,38,37,5,0,1769410684,2026-01-26 01:59:44
201edb67-d071-4b67-bafd-131e5c273e9f,15,0,15,5,0,1769410684,2026-01-26 01:59:44
66dd4423-0aca-11e7-82f6-3863bb44ef7c,19,18,1,24,0,1769410684,2026-01-26 01:59:44
1882736243099681438,30,3,27,4,0,1769410683,2026-01-26 01:59:44
7a8bf573-275f-41d5-ad8b-1ff9ee7c2dce,8,0,8,19,0,1769410683,2026-01-26 01:59:44
66dcecfa-0aca-11e7-82f6-3863bb44ef7c,7,6,1,25,0,1769410681,2026-01-26 01:59:44
1913988158376585970,19,4,15,5,0,1769410682,2026-01-26 01:59:44
627c77c0-0088-4ba8-ba66-73e0e3d3fe77,3,0,3,20,0,1769410682,2026-01-26 01:59:44
66dc8025-0aca-11e7-82f6-3863bb44ef7c,34,26,8,43,0,1769410682,2026-01-26 01:59:44
272c0389-5e4a-41a9-ad6c-2dccdfa55af9,8,8,0,16,0,1769410680,2026-01-26 01:59:44
66dc89ae-0aca-11e7-82f6-3863bb44ef7c,11,6,5,23,0,1769410680,2026-01-26 01:59:44
b4ae292d-5e89-4c58-8154-0496893394b5,0,0,0,20,0,1769410680,2026-01-26 01:59:44
66dcc3e5-0aca-11e7-82f6-3863bb44ef7c,5,1,4,16,0,1769410680,2026-01-26 01:59:44
9b0c2c99-214f-4e15-b476-1626c03a9e4e,53,31,22,8,0,1769410693,2026-01-26 01:59:44
1861681959015615218,0,0,0,25,0,1769410694,2026-01-26 01:59:44
c1e24edf-7192-433f-8d38-be5b6b3647c5,12,6,6,16,0,1769410694,2026-01-26 01:59:44
5a5a38d1-f28d-4e51-bf85-27bb384135c7,27,0,27,5,0,1769410694,2026-01-26 01:59:44
7e36cd9b-b271-42e5-b344-b7a3771c795e,14,10,4,32,0,1769410692,2026-01-26 01:59:44
66dbf362-0aca-11e7-82f6-3863bb44ef7c,20,3,17,24,0,1769410692,2026-01-26 01:59:44
1ecc9936-ee0c-44b2-baa8-237564c8e4fd,34,9,25,12,0,1769410693,2026-01-26 01:59:44
5b4a4b20-539b-47c1-9228-1f1f124b3ec9,16,3,13,8,0,1769410693,2026-01-26 01:59:44
66dc1702-0aca-11e7-82f6-3863bb44ef7c,60,43,17,8,0,1769410693,2026-01-26 01:59:44
914e3e7c-87da-4f52-aa03-5449c6361fa2,4,0,4,10,0,1769410693,2026-01-26 01:59:44
f47e1ce9-ff3f-49e9-9a2f-aa5be45d70da,10,1,9,11,0,1769410693,2026-01-26 01:59:44
6fefe1b3-5f0d-47aa-b1dd-cec211239950,3,0,3,19,0,1769410693,2026-01-26 01:59:44
e63c8dac-ab44-48c8-83a0-92c53a00f12e,1,1,0,27,0,1769410693,2026-01-26 01:59:44
93e2e1a5-49c5-41f8-a6bf-b399b6a5140d,25,1,24,42,0,1769410693,2026-01-26 01:59:44
fcb1c3a3-04b6-45cf-bc9a-deb71198804e,2,0,2,17,0,1769410692,2026-01-26 01:59:44
d9160982-2d9b-4f08-9469-a559a7b62809,7,1,6,78,0,1769410688,2026-01-26 01:59:44
1856767361963389606,19,4,15,0,0,1769410689,2026-01-26 01:59:44
66dde271-0aca-11e7-82f6-3863bb44ef7c,22,18,4,21,0,1769410689,2026-01-26 01:59:44
1808184356986544410,2,1,1,27,0,1769410688,2026-01-26 01:59:44
33af8810-cda5-4b61-9c38-0235f9d59aaa,26,2,24,3,0,1769410689,2026-01-26 01:59:44
4fb1ee23-4511-47c4-8698-0c46673dc86c,0,0,0,19,0,1769410690,2026-01-26 01:59:44
0df3a035-5a38-4ec2-826a-0a5376e8d8a0,4,3,1,19,0,1769410690,2026-01-26 01:59:44
66db28b5-0aca-11e7-82f6-3863bb44ef7c,49,5,44,25,0,1769410691,2026-01-26 01:59:44
3d835eaa-a102-42c5-b6c0-2c693b1d0677,44,36,8,11,0,1769410690,2026-01-26 01:59:44
023127f2-a6e0-4fae-ba34-178acccb993e,2,0,2,15,0,1769410700,2026-01-26 01:59:44
66dde7dc-0aca-11e7-82f6-3863bb44ef7c,0,0,0,20,0,1769410700,2026-01-26 01:59:44
ee1d39c5-47c8-4527-9456-3719c50b7be5,15,3,12,3,0,1769410700,2026-01-26 01:59:44
66dc2606-0aca-11e7-82f6-3863bb44ef7c,5,1,4,69,0,1769410700,2026-01-26 01:59:44
1828966490867110420,4,0,4,11,0,1769410700,2026-01-26 01:59:44
081d243e-d75e-4e2a-bdae-a990b2397532,21,14,7,0,0,1769410701,2026-01-26 01:59:44
60c5a043-1367-4a27-96ee-394ba60e2154,14,8,6,15,0,1769410701,2026-01-26 01:59:44
3c5a8531-4eec-4695-b4f8-8a1158890e78,3,2,1,11,0,1769410695,2026-01-26 01:59:44
1817432346178415570,7,0,7,13,0,1769410696,2026-01-26 01:59:44
74f913d2-6eac-49ce-bd6d-53a06fa855a6,16,6,10,2,0,1769410697,2026-01-26 01:59:44
4cfd4097-0aee-4f11-9aea-55f99397bf33,7,4,3,9,0,1769410697,2026-01-26 01:59:44
e36b5913-8e46-4c2a-b9be-73bdf8ee548b,25,13,12,28,0,1769410697,2026-01-26 01:59:44
66dc8d1d-0aca-11e7-82f6-3863bb44ef7c,3,2,1,57,0,1769410697,2026-01-26 01:59:44
398ebef6-dcc2-4305-b1d2-47efafdaa85c,14,11,3,6,0,1769410697,2026-01-26 01:59:44
d7a7789b-a052-4a69-a4ec-59436b0f8d75,8,1,7,9,0,1769410697,2026-01-26 01:59:44
66dc7c31-0aca-11e7-82f6-3863bb44ef7c,23,20,3,18,0,1769410697,2026-01-26 01:59:44
1835247598942507168,3,1,2,15,0,1769410695,2026-01-26 01:59:44
3e4a2c26-7527-469c-b4f4-1ef8d40fd20d,4,1,3,11,0,1769410695,2026-01-26 01:59:44
2ec2f95c-675c-4c59-856f-1fb38df59fa2,1,1,0,16,0,1769410695,2026-01-26 01:59:44
28a2436d-a52b-4fa4-874c-e096012a926d,12,11,1,5,0,1769410701,2026-01-26 01:59:44
7c42f9fc-d280-4841-ad96-e3cc53ee3759,8,0,8,14,0,1769410702,2026-01-26 01:59:44
606c7384-75e9-4988-858a-07b88b3a9413,27,4,23,8,0,1769410702,2026-01-26 01:59:44
66de0c43-0aca-11e7-82f6-3863bb44ef7c,11,5,6,14,0,1769410702,2026-01-26 01:59:44
1967778612889039234,8,3,5,29,0,1769410702,2026-01-26 01:59:44
66db43b5-0aca-11e7-82f6-3863bb44ef7c,6,3,3,12,0,1769410702,2026-01-26 01:59:44
06e5447e-35b8-45cb-b3bb-937791a6f8ae,14,1,13,6,0,1769410703,2026-01-26 01:59:44
814dd1a9-100c-4b1b-8110-6319bbd464e9,6,1,5,14,0,1769410699,2026-01-26 01:59:44
8d8a381c-21df-4095-837e-65924d85a06d,2,2,0,17,0,1769410699,2026-01-26 01:59:44
72719900-dd61-40bd-9f4a-40d70c47590c,22,15,7,5,0,1769410699,2026-01-26 01:59:44
f3525aa7-9d69-4ea2-9278-4df92db1afa1,11,4,7,9,0,1769410699,2026-01-26 01:59:44
1828968462257099768,0,0,0,19,0,1769410699,2026-01-26 01:59:44
0e405c35-322f-4705-8ea7-769eb3fd028a,8,6,2,7,0,1769410697,2026-01-26 01:59:44
034f7f3d-e632-475a-aa01-894480d153df,7,4,3,9,0,1769410696,2026-01-26 01:59:44
f6143531-4a16-4aac-9b55-573ef7ef162e,5,2,3,14,0,1769410703,2026-01-26 01:59:44
2025623258130320038,20,5,15,11,0,1769410704,2026-01-26 01:59:44
66db3e32-0aca-11e7-82f6-3863bb44ef7c,30,1,29,13,0,1769410706,2026-01-26 01:59:44
66dc7802-0aca-11e7-82f6-3863bb44ef7c,23,18,5,25,0,1769410707,2026-01-26 01:59:44
5864d88d-a0fd-40ad-beee-896118d9360d,15,0,15,3,0,1769410706,2026-01-26 01:59:44
014a931b-8e1c-438a-8a22-f267ddd1e0d2,39,14,25,4,0,1769410707,2026-01-26 01:59:44
af72781c-fe0b-4b73-a7df-201f9780ea9c,46,25,21,1,0,1769410707,2026-01-26 01:59:44
1814907277023901890,19,0,19,1,0,1769410705,2026-01-26 01:59:44
66dbf140-0aca-11e7-82f6-3863bb44ef7c,78,55,23,2,0,1769410705,2026-01-26 01:59:44
9be6c750-85b6-4e81-bace-1a8ffe941d7b,16,13,3,3,0,1769410705,2026-01-26 01:59:44
4aa6bb27-b76b-444e-a3ce-6fb25b822494,3,1,2,17,0,1769410705,2026-01-26 01:59:44
1862787688044743624,14,2,12,8,0,1769410706,2026-01-26 01:59:44
49703a2d-15e9-4af4-b80e-cca664d7ea18,0,0,0,11,0,1769407141,2026-01-26 01:59:44
2124425954553309758,9,4,5,3,0,1769410705,2026-01-26 01:59:44
1838999304404452058,14,1,13,4,0,1769410708,2026-01-26 01:59:44
1fba77e2-66ab-4e9c-9f9a-4ec4f11fd80b,25,21,4,1,0,1769410708,2026-01-26 01:59:44
1849009794224623642,18,1,17,0,0,1769410708,2026-01-26 01:59:44
dee5a590-7cda-465e-8351-b0622a5e2ad3,6,0,6,10,0,1769410708,2026-01-26 01:59:44
0e8bfd72-c494-4d3e-85e2-4f98b801fe3b,0,0,0,19,0,1769410708,2026-01-26 01:59:44
a7a175ff-8ffb-477c-a40b-6d47ce92305d,8,0,8,12,0,1769410709,2026-01-26 01:59:44
e0a9ed84-55f9-40f5-90fa-87db17d2f933,14,1,13,4,0,1769410709,2026-01-26 01:59:44
186092d1-a431-45db-8198-d5ba13334d79,13,2,11,5,0,1769410709,2026-01-26 01:59:44
6ff2eec8-2b72-490a-b1c3-f9892ab3a724,28,17,11,21,0,1769410704,2026-01-26 01:59:44
2123938400844950144,3,0,3,13,0,1769410714,2026-01-26 01:59:44
8c2ed08f-1660-4db8-9168-4709427c23ed,8,8,0,8,0,1769410714,2026-01-26 01:59:44
1880644037244334512,11,10,1,12,0,1769410714,2026-01-26 01:59:44
822d96e8-fb6c-463a-b866-aec9e408ad5e,13,5,8,3,0,1769410709,2026-01-26 01:59:44
2ec1235f-a043-4e3a-9ba1-56f7dd4624b7,14,11,3,5,0,1769410709,2026-01-26 01:59:44
1869439170989701358,16,0,16,3,0,1769410710,2026-01-26 01:59:44
cda60c6d-80f3-41b7-8ece-fe997f6dafb5,8,3,5,12,0,1769410710,2026-01-26 01:59:44
3c73cc9f-3c09-4ac4-a4ea-22b4f027bf23,12,1,11,10,0,1769410714,2026-01-26 01:59:44
66de077f-0aca-11e7-82f6-3863bb44ef7c,19,8,11,34,0,1769410712,2026-01-26 01:59:44
981f1311-004f-41c3-ba5b-3679f78aeb70,13,1,12,3,0,1769410711,2026-01-26 01:59:44
c3b255d8-b690-4825-b1e9-a1d1680e5542,11,2,9,4,0,1769410712,2026-01-26 01:59:44
7e70b65e-00c1-40d5-984d-17232a4ee05e,21,8,13,21,0,1769410711,2026-01-26 01:59:44
1861682182353914188,9,0,9,9,0,1769410712,2026-01-26 01:59:44
1891277309535701686,2,2,0,20,0,1769410712,2026-01-26 01:59:44
16836c76-c412-4ec3-bac8-3c6a5a3d9745,3,2,1,17,0,1769410712,2026-01-26 01:59:44
1960021056359127624,9,2,7,10,0,1769410712,2026-01-26 01:59:44
1856767203049599002,11,1,10,8,0,1769410710,2026-01-26 01:59:44
66db281e-0aca-11e7-82f6-3863bb44ef7c,47,1,46,11,0,1769410711,2026-01-26 01:59:44
b79bb851-130f-473d-83fc-f602aa0a4ca9,3,0,3,16,0,1769410715,2026-01-26 01:59:44
9206af28-03bf-43e3-a8b0-354792921466,7,1,6,12,0,1769410715,2026-01-26 01:59:44
7b56cbab-9d93-4043-bfa5-63eb6b3e5281,15,9,6,0,0,1769410716,2026-01-26 01:59:44
1835249197527877718,2,0,2,16,0,1769410715,2026-01-26 01:59:44
bdc116cd-4d63-4693-846c-ec5073314007,9,6,3,9,0,1769410711,2026-01-26 01:59:44
fffb18be-14b3-412f-a808-107a98cd9e58,2,2,0,15,0,1769410720,2026-01-26 01:59:44
3575749f-123a-4a80-870d-7ca7c7f9c8a9,11,10,1,13,0,1769410720,2026-01-26 01:59:44
1848241879913802606,14,7,7,3,0,1769410721,2026-01-26 01:59:44
66dc4334-0aca-11e7-82f6-3863bb44ef7c,15,11,4,12,0,1769410721,2026-01-26 01:59:44
66db9675-0aca-11e7-82f6-3863bb44ef7c,21,13,8,4,0,1769410719,2026-01-26 01:59:44
6dec8948-44c7-4085-9682-446a891feb42,11,4,7,4,0,1769410720,2026-01-26 01:59:44
1835249448692130546,9,4,5,10,0,1769410717,2026-01-26 01:59:44
2124037510131026812,15,11,4,6,0,1769410707,2026-01-26 01:59:44
8dfff4bd-0f3c-43af-bc55-a63850f66c6b,13,1,12,0,0,1769410717,2026-01-26 01:59:44
3ac37967-e174-421a-bfeb-d02249fb1266,9,8,1,15,0,1769410718,2026-01-26 01:59:44
5a6218aa-c5b7-4436-93c1-dee7cb5322d9,13,6,7,10,0,1769410718,2026-01-26 01:59:44
66de4336-0aca-11e7-82f6-3863bb44ef7c,5,4,1,25,0,1769410718,2026-01-26 01:59:44
66dd1eb2-0aca-11e7-82f6-3863bb44ef7c,25,19,6,3,0,1769410718,2026-01-26 01:59:44
178bad16-1b02-4264-94c0-a8fd0faa60fe,6,5,1,25,0,1769410719,2026-01-26 01:59:44
66de14af-0aca-11e7-82f6-3863bb44ef7c,10,8,2,21,0,1769410719,2026-01-26 01:59:44
4e862dc1-0652-4f29-a26f-315d763df67d,16,9,7,39,0,1769410719,2026-01-26 01:59:44
e25f8dee-c110-489f-a978-464ac5c84ca2,7,1,6,17,0,1769410716,2026-01-26 01:59:44
1913990214925537808,27,14,13,3,0,1769410716,2026-01-26 01:59:44
8066575c-f8e9-4e14-95ea-8d25ceeae2ca,9,3,6,23,0,1769410716,2026-01-26 01:59:44
3b530cff-dd26-4cfd-b570-a85fd53354fe,18,10,8,30,0,1769410716,2026-01-26 01:59:44
a5bd1f58-7df8-4df6-9636-372f1bc194be,30,9,21,2,0,1769410716,2026-01-26 01:59:44
1828966747840428256,7,0,7,8,0,1769410716,2026-01-26 01:59:44
89d4a926-f1ae-4bf2-bf2d-59cff3881579,0,0,0,11,0,1769389491,2026-01-26 01:59:44
1817803079955479336,13,3,10,7,0,1769410719,2026-01-26 01:59:44
2088792249063596144,20,13,7,6,0,1769410720,2026-01-26 01:59:44
16c54bf4-194b-4f26-9c49-a42901b4748d,6,0,6,17,0,1769410723,2026-01-26 01:59:44
7cd61426-ed98-434e-9235-56ed856fead6,14,9,5,6,0,1769410722,2026-01-26 01:59:44
1960021358478625244,42,23,19,32,0,1769410722,2026-01-26 01:59:44
c229f0ca-bdd1-4aa0-8906-a3e809e12889,9,0,9,12,0,1769410722,2026-01-26 01:59:44
5fdf435f-6080-4b1d-966c-3b9d08450c4d,12,3,9,4,0,1769410723,2026-01-26 01:59:44
e3470e29-934c-41f1-8fe7-82135ed2d620,12,2,10,46,0,1769410723,2026-01-26 01:59:44
b471c112-1770-4dfe-9e13-fe7479dcb5a5,22,0,22,1,0,1769410723,2026-01-26 01:59:44
66dc176f-0aca-11e7-82f6-3863bb44ef7c,69,56,13,7,0,1769410725,2026-01-26 01:59:44
1835246516012366338,1,1,0,19,0,1769410725,2026-01-26 01:59:44
5b4a90b8-426d-4a40-a7ca-87e51d690883,12,12,0,23,0,1769410726,2026-01-26 01:59:44
c0f952d9-538e-4836-b936-fa97123cbf13,4,2,2,14,0,1769410726,2026-01-26 01:59:44
66ddbdb1-0aca-11e7-82f6-3863bb44ef7c,4,2,2,17,0,1769410726,2026-01-26 01:59:44
3d6b7c84-7e5a-454d-aa9d-c66eb92383be,3,2,1,18,0,1769410726,2026-01-26 01:59:44
06109e92-4363-445a-9743-0457f6799530,9,6,3,65,0,1769410726,2026-01-26 01:59:44
ba7bf20d-b6bc-43dd-bf30-acb940eaeec8,1,1,0,14,0,1769410726,2026-01-26 01:59:44
1857217349795049790,2,1,1,12,0,1769410721,2026-01-26 01:59:44
4956ad8b-06d6-4af4-bcc8-735c45439608,7,6,1,12,0,1769410722,2026-01-26 01:59:44
2ad41c1f-5636-4a63-ad52-761e2613061a,4,0,4,19,0,1769410722,2026-01-26 01:59:44
66db728c-0aca-11e7-82f6-3863bb44ef7c,49,49,0,8,0,1769410725,2026-01-26 01:59:44
6cb5fac5-f7e8-4ec9-94cf-816771d91ecd,15,1,14,11,0,1769410726,2026-01-26 01:59:44
26599393-b967-44a6-a998-cb72ca53cd9e,8,0,8,10,0,1769410727,2026-01-26 01:59:44
66dbc7d2-0aca-11e7-82f6-3863bb44ef7c,10,4,6,23,0,1769410727,2026-01-26 01:59:44
66dcb9f7-0aca-11e7-82f6-3863bb44ef7c,2,0,2,21,0,1769410727,2026-01-26 01:59:44
1786686999403592506,5,5,0,23,0,1769410727,2026-01-26 01:59:44
1984510483573713186,19,2,17,41,0,1769410724,2026-01-26 01:59:44
f3f46097-54cf-4c30-805a-6b2a4851eed7,1,1,0,22,0,1769410724,2026-01-26 01:59:44
2126224876714496782,3,0,3,2,0,1769410724,2026-01-26 01:59:44
1869754143518014264,20,1,19,17,0,1769410724,2026-01-26 01:59:44
266c8621-fdea-4a7e-9d35-18ca1684d526,3,0,3,17,0,1769410725,2026-01-26 01:59:44
2126621627432855870,5,0,5,4,0,1769410730,2026-01-26 01:59:44
1848242143834868452,14,2,12,3,0,1769410730,2026-01-26 01:59:44
9d56294e-61fc-4176-bb9c-4692f45bb374,21,8,13,0,0,1769410731,2026-01-26 01:59:44
1b962833-d769-418e-b1ef-5a183bb5eb1a,13,8,5,0,0,1769410730,2026-01-26 01:59:44
c7dbc7b5-240b-494d-8663-dbee4103a20c,2,1,1,16,0,1769410731,2026-01-26 01:59:44
66dc4fb5-0aca-11e7-82f6-3863bb44ef7c,27,14,13,11,0,1769410730,2026-01-26 01:59:44
66ddeb67-0aca-11e7-82f6-3863bb44ef7c,12,3,9,9,0,1769410732,2026-01-26 01:59:44
66db5d92-0aca-11e7-82f6-3863bb44ef7c,4,3,1,14,0,1769410733,2026-01-26 01:59:44
66de1a1f-0aca-11e7-82f6-3863bb44ef7c,7,3,4,29,0,1769410732,2026-01-26 01:59:44
fe6f022b-7fdb-44fe-80bb-cbfc500959bf,6,4,2,15,0,1769410733,2026-01-26 01:59:44
f365afa3-e8a5-439d-975d-6c2b064f30df,6,0,6,19,0,1769410733,2026-01-26 01:59:44
44a43ebf-cacf-4251-9ceb-e1c331ef1673,1,0,1,15,0,1769410733,2026-01-26 01:59:44
1846086263936934630,17,1,16,1,0,1769410733,2026-01-26 01:59:44
0efa08a3-1c38-48fe-ab37-8c9b72b20126,15,2,13,2,0,1769410733,2026-01-26 01:59:44
8f3a6711-fd05-4ce1-acf8-9d72b4a1bf97,1,0,1,19,0,1769410733,2026-01-26 01:59:44
1861683217585879154,21,3,18,12,0,1769410732,2026-01-26 01:59:44
bda1fab4-5065-42df-a8ff-514e6064ab6e,18,0,18,0,0,1769410732,2026-01-26 01:59:44
66dc462a-0aca-11e7-82f6-3863bb44ef7c,70,62,8,5,0,1769410732,2026-01-26 01:59:44
66dd4f9b-0aca-11e7-82f6-3863bb44ef7c,20,17,3,15,0,1769410728,2026-01-26 01:59:44
05d03a63-b5f2-40d9-9a3d-d2fe666a307f,7,0,7,16,0,1769410728,2026-01-26 01:59:44
36aaebb9-ef10-41a5-b20b-753bf8a3fed8,0,0,0,17,0,1769410728,2026-01-26 01:59:44
66dd2292-0aca-11e7-82f6-3863bb44ef7c,18,16,2,23,0,1769410729,2026-01-26 01:59:44
1864605926072998676,3,2,1,15,0,1769410729,2026-01-26 01:59:44
1834145204469569922,13,2,11,9,0,1769410729,2026-01-26 01:59:44
2126624118513887578,11,10,1,0,0,1769410729,2026-01-26 01:59:44
92ffa9d6-8cb1-44cf-8059-391b03d58071,0,0,0,25,0,1769410730,2026-01-26 01:59:44
76c1ef9c-3984-4b4e-bff4-5c398e2395bd,6,5,1,17,0,1769410729,2026-01-26 01:59:44
66dbecd0-0aca-11e7-82f6-3863bb44ef7c,15,6,9,32,0,1769410728,2026-01-26 01:59:44
a68acb0c-4244-416a-bf59-ca55d3120cdd,17,14,3,0,0,1769410734,2026-01-26 01:59:44
941ea42c-47fe-4d63-a6f5-e0e200f01633,5,3,2,13,0,1769410734,2026-01-26 01:59:44
66dbf215-0aca-11e7-82f6-3863bb44ef7c,43,19,24,7,0,1769410734,2026-01-26 01:59:44
b1cdec34-d4f9-4313-be82-729bb9f7bb18,4,3,1,14,0,1769410734,2026-01-26 01:59:44
d5cb6e67-addb-46d4-93e7-832371736d45,21,3,18,13,0,1769410735,2026-01-26 01:59:44
66dc8382-0aca-11e7-82f6-3863bb44ef7c,8,6,2,68,0,1769410735,2026-01-26 01:59:44
66dbcb2f-0aca-11e7-82f6-3863bb44ef7c,8,1,7,47,0,1769410735,2026-01-26 01:59:44
1792225684155730482,16,15,1,7,0,1769410736,2026-01-26 01:59:44
4bc6f4d0-edd5-4eb0-a704-f7ce0d693aac,3,2,1,19,0,1769410736,2026-01-26 01:59:44
0575e356-72f4-4251-8e15-574cf60bd190,6,1,5,13,0,1769410737,2026-01-26 01:59:44
ff1e98d3-ae7d-4c53-a531-1845bee1d346,3,3,0,33,0,1769410737,2026-01-26 01:59:44
067b53bd-33bf-4698-8103-3931a5f32a37,3,2,1,15,0,1769410737,2026-01-26 01:59:44
adb67652-c20d-4dd2-8e89-d6015b801c1a,0,0,0,18,0,1769410737,2026-01-26 01:59:44
f6cf3ecc-b3ad-4291-8c24-277f28f64ba1,18,2,16,2,0,1769410737,2026-01-26 01:59:44
f42b3158-3f78-4a62-964a-8cc554d69c35,12,1,11,2,0,1769410737,2026-01-26 01:59:44
49f86083-851b-475d-b9ab-64e01b81f725,3,1,2,19,0,1769410737,2026-01-26 01:59:44
1828967499459705054,11,0,11,6,0,1769410737,2026-01-26 01:59:44
66db3fc9-0aca-11e7-82f6-3863bb44ef7c,32,26,6,8,0,1769410738,2026-01-26 01:59:44
340036c3-2787-4998-9a77-fe54f352d619,17,14,3,6,0,1769410732,2026-01-26 01:59:44
a4c9faeb-2234-457d-ad56-1ab14104b538,2,0,2,15,0,1769410738,2026-01-26 01:59:44
66dd8479-0aca-11e7-82f6-3863bb44ef7c,0,0,0,12,0,1769314906,2026-01-26 01:59:44
1839334257267825432,0,0,0,10,0,1769307052,2026-01-26 01:59:44
66dd5960-0aca-11e7-82f6-3863bb44ef7c,12,6,6,10,0,1769410622,2026-01-26 01:59:44
66dd5e69-0aca-11e7-82f6-3863bb44ef7c,10,3,7,8,0,1769410622,2026-01-26 01:59:44
681a8bdb-65ff-4078-a5de-74927502da4e,15,4,11,3,0,1769410621,2026-01-26 01:59:44
3d1db3fa-1df5-46c8-baf3-619b729f5bda,17,3,14,0,0,1769410634,2026-01-26 01:59:44
4a48175b-c239-4d5e-b1b8-03eda4239678,24,5,19,6,0,1769410662,2026-01-26 01:59:44
7478be11-37d8-49b1-a253-f0810045f6ff,19,15,4,0,0,1769410660,2026-01-26 01:59:44
d09709d2-e119-48c4-aa22-29432a13a35a,9,8,1,2,0,1769410664,2026-01-26 01:59:44
66dd6721-0aca-11e7-82f6-3863bb44ef7c,9,6,3,8,0,1769410677,2026-01-26 01:59:44
e163ce54-4c39-43c5-9831-e10a2603527d,16,6,10,4,0,1769410683,2026-01-26 01:59:44
6107e75a-2493-4e3d-a3e0-d4886d3416e5,6,1,5,7,0,1769410686,2026-01-26 01:59:44
66ddda59-0aca-11e7-82f6-3863bb44ef7c,9,1,8,4,0,1769410698,2026-01-26 01:59:44
2116635993049651742,5,1,4,7,0,1769410689,2026-01-26 01:59:44
f417d8da-0f15-49b0-9e3c-3c3e55c2691d,19,9,10,1,0,1769410697,2026-01-26 01:59:44
2108372562172578194,11,11,0,7,0,1769410697,2026-01-26 01:59:44
537a2f47-26a3-4776-ba9d-e2acd2ffbee1,5,4,1,2,0,1769410563,2026-01-26 01:59:44
2de92329-48d0-4cf7-85df-172f91bbb320,18,18,0,12,0,1769410729,2026-01-26 01:59:44
2116635307734817684,4,2,2,11,0,1769410728,2026-01-26 01:59:44
2116636101124803154,11,1,10,3,0,1769410646,2026-01-26 01:59:44
66dd9183-0aca-11e7-82f6-3863bb44ef7c,0,0,0,5,0,1769343344,2026-01-26 01:59:44
66ddde40-0aca-11e7-82f6-3863bb44ef7c,0,0,0,8,0,1769320933,2026-01-26 01:59:44
3742e2ab-6cd0-40cf-846a-72cbe637afe1,0,0,0,10,0,1769371415,2026-01-26 01:59:44
2036428272250118978,18,8,10,1,0,1769410626,2026-01-26 01:59:44
ded4386f-9f69-43c6-a566-4511920c3e39,0,0,0,0,0,1769410661,2026-01-26 01:59:44
e2c00264-9eea-446d-a1b7-27cef3aed403,5,5,0,7,0,1769410665,2026-01-26 01:59:44
66dd8043-0aca-11e7-82f6-3863bb44ef7c,8,8,0,9,0,1769410678,2026-01-26 01:59:44
0bb12c94-efdb-40ac-98fe-9521ba373b57,5,5,0,25,0,1769410682,2026-01-26 01:59:44
2108372790290481846,3,3,0,11,0,1769410686,2026-01-26 01:59:44
c32d6965-4fae-4f1f-a5f2-7f2ef5f439fc,4,3,1,14,0,1769410685,2026-01-26 01:59:44
a59f4f11-5d52-43a2-8a32-ae71137a6af8,5,3,2,9,0,1769410688,2026-01-26 01:59:44
66dddc98-0aca-11e7-82f6-3863bb44ef7c,19,10,9,6,0,1769410690,2026-01-26 01:59:44
66dd650d-0aca-11e7-82f6-3863bb44ef7c,11,9,2,5,0,1769410697,2026-01-26 01:59:44
66ddded0-0aca-11e7-82f6-3863bb44ef7c,13,9,4,1,0,1769410694,2026-01-26 01:59:44
66dd83fc-0aca-11e7-82f6-3863bb44ef7c,12,2,10,10,0,1769410713,2026-01-26 01:59:44
43318169-d1ae-4a1a-9578-23cfa3fdbac9,0,0,0,12,0,1769328882,2026-01-26 01:59:44
66dd836d-0aca-11e7-82f6-3863bb44ef7c,4,1,3,16,0,1769410702,2026-01-26 01:59:44
f841ae52-0bbb-49db-b6eb-f898fbce6108,0,0,0,13,0,1769369230,2026-01-26 01:59:44
21c4a77d-b1ae-4262-b143-087fd14a07b8,5,2,3,12,0,1769410722,2026-01-26 01:59:44
66dd7cab-0aca-11e7-82f6-3863bb44ef7c,8,5,3,18,0,1769410734,2026-01-26 01:59:44
66dddae7-0aca-11e7-82f6-3863bb44ef7c,9,4,5,8,0,1769410734,2026-01-26 01:59:44
915057d4-edbc-4c73-8d81-dda33d600d58,11,6,5,6,0,1769410731,2026-01-26 01:59:44
823c0615-2832-4e76-85f0-7cf527151aba,0,0,0,0,0,86400,2026-01-26 01:59:44
2157737368545384190,2,2,0,14,0,1769410496,2026-01-26 01:59:44
66dd58f2-0aca-11e7-82f6-3863bb44ef7c,0,0,0,2,0,1769331227,2026-01-26 01:59:44
2116635417524034072,4,3,1,8,0,1769410467,2026-01-26 01:59:44
655b0878-c22b-4f8c-8675-21bf30d1eebf,13,8,5,1,0,1769410619,2026-01-26 01:59:44
66dd63de-0aca-11e7-82f6-3863bb44ef7c,12,8,4,5,0,1769410629,2026-01-26 01:59:44
5f798c51-5d8b-4add-9f81-341f54a82ffa,3,0,3,14,0,1769410634,2026-01-26 01:59:44
22cd02a2-228f-4eeb-b249-cbea51a0e219,9,2,7,9,0,1769410641,2026-01-26 01:59:44
8ae0bf30-9979-461e-a947-2dd89f293b40,8,0,8,4,0,1769410649,2026-01-26 01:59:44
1ec24ce3-2b69-4f3a-a153-c73e583d11f3,3,3,0,15,0,1769410650,2026-01-26 01:59:44
fadf00cf-d84a-49e8-9607-c67154915412,18,9,9,7,0,1769410657,2026-01-26 01:59:44
66dd7f10-0aca-11e7-82f6-3863bb44ef7c,19,18,1,7,0,1769410681,2026-01-26 01:59:44
2058728861810389252,13,10,3,7,0,1769410687,2026-01-26 01:59:44
2116635185595800086,7,4,3,6,0,1769410689,2026-01-26 01:59:44
1849747691035224144,14,6,8,0,0,1769410669,2026-01-26 01:59:44
33a797e8-6be2-4868-b9f6-1be157eaa0a5,1,0,1,18,0,1769410668,2026-01-26 01:59:44
2116635868495600156,7,5,2,5,0,1769410710,2026-01-26 01:59:44
66ddd78e-0aca-11e7-82f6-3863bb44ef7c,7,1,6,4,0,1769410715,2026-01-26 01:59:44
2290031f-e7d8-40a3-9ad6-566df493bbbc,15,3,12,24,0,1769410716,2026-01-26 01:59:44
66dd5f99-0aca-11e7-82f6-3863bb44ef7c,0,0,0,3,0,1769299859,2026-01-26 01:59:44
2108372139456801688,15,9,6,2,0,1769410725,2026-01-26 01:59:44
dd8b2f53-8b94-4082-9576-994a4962f9d5,0,0,0,13,0,1769392558,2026-01-26 01:59:44
2108373096850688302,1,1,0,12,0,1769410733,2026-01-26 01:59:44
66dd630c-0aca-11e7-82f6-3863bb44ef7c,11,6,5,6,0,1769410734,2026-01-26 01:59:44
ccfa1f8f-f930-45f2-9cda-375c01596ca2,2,2,0,16,0,1769410738,2026-01-26 01:59:44
66dd8b48-0aca-11e7-82f6-3863bb44ef7c,0,0,0,16,0,1769333090,2026-01-26 01:59:44
66dd6441-0aca-11e7-82f6-3863bb44ef7c,0,0,0,7,0,1769358236,2026-01-26 01:59:44
66dddf5f-0aca-11e7-82f6-3863bb44ef7c,7,7,0,6,0,1769410619,2026-01-26 01:59:44
1844599666569400604,16,9,7,7,0,1769410658,2026-01-26 01:59:44
66dd7b37-0aca-11e7-82f6-3863bb44ef7c,16,5,11,9,0,1769410666,2026-01-26 01:59:44
66dd80ac-0aca-11e7-82f6-3863bb44ef7c,7,3,4,13,0,1769410673,2026-01-26 01:59:44
2108372029596633484,10,3,7,2,0,1769410671,2026-01-26 01:59:44
66dd7fe2-0aca-11e7-82f6-3863bb44ef7c,17,3,14,4,0,1769410676,2026-01-26 01:59:44
2108373197827738014,8,1,7,12,0,1769410680,2026-01-26 01:59:44
4aecd6f2-8a84-4bed-a528-dc6870877292,1,1,0,15,0,1769410691,2026-01-26 01:59:44
66ddd81a-0aca-11e7-82f6-3863bb44ef7c,10,8,2,4,0,1769410703,2026-01-26 01:59:44
2165507807810224012,0,0,0,16,0,1769410713,2026-01-26 01:59:44
3371df76-39db-43ab-b3d6-fac0be55311f,7,1,6,7,0,1769410712,2026-01-26 01:59:44
2116885281736356212,6,1,5,6,0,1769410722,2026-01-26 01:59:44
2157736614125310040,8,7,1,7,0,1769410705,2026-01-26 01:59:44
2158919319277979600,4,2,2,9,0,1769410728,2026-01-26 01:59:44
66dd6000-0aca-11e7-82f6-3863bb44ef7c,12,1,11,9,0,1769410739,2026-01-26 01:59:44
66ddddb4-0aca-11e7-82f6-3863bb44ef7c,13,6,7,1,0,1769410623,2026-01-26 01:59:44
46813ecf-8df4-4c8f-9579-0179e0b36ba6,6,2,4,9,0,1769410637,2026-01-26 01:59:44
66dddd28-0aca-11e7-82f6-3863bb44ef7c,5,4,1,8,0,1769410642,2026-01-26 01:59:44
66ddd8a8-0aca-11e7-82f6-3863bb44ef7c,9,9,0,5,0,1769410657,2026-01-26 01:59:44
5aa81a37-ea1d-4bf6-ab40-4751c6b4fb08,9,4,5,9,0,1769410660,2026-01-26 01:59:44
2116634708854430228,11,3,8,7,0,1769410666,2026-01-26 01:59:44
66dddc08-0aca-11e7-82f6-3863bb44ef7c,6,4,2,7,0,1769410677,2026-01-26 01:59:44
2116635527663355916,1,1,0,12,0,1769410609,2026-01-26 01:59:44
66dd5f24-0aca-11e7-82f6-3863bb44ef7c,0,0,0,3,0,1769406099,2026-01-26 01:59:44
66ddd93e-0aca-11e7-82f6-3863bb44ef7c,6,0,6,8,0,1769410683,2026-01-26 01:59:44
cbc48689-7805-49dd-9669-5471f4b7b6fb,11,7,4,9,0,1769410684,2026-01-26 01:59:44
66dd5a42-0aca-11e7-82f6-3863bb44ef7c,6,6,0,14,0,1769410694,2026-01-26 01:59:44
519824e4-69ba-4270-a395-17c204f328f8,1,1,0,19,0,1769410695,2026-01-26 01:59:44
581211b2-4e42-48f2-8a8f-5f968cb1c5df,21,14,7,8,0,1769410712,2026-01-26 01:59:44
b6a13f2b-deb4-4f4d-9d67-7d23bee27c88,2,1,1,12,0,1769410719,2026-01-26 01:59:44
5faf99b8-9046-450f-9d2a-d13279b3d016,0,0,0,19,0,1769327515,2026-01-26 01:59:44
2108373961268485100,4,0,4,10,0,1769410723,2026-01-26 01:59:44
9d344652-976b-4c2d-bede-2ef19b0fbf13,10,0,10,8,0,1769410725,2026-01-26 01:59:44
2088688422524183306,10,2,8,27,0,1769410725,2026-01-26 01:59:44
2108372903577159978,4,3,1,10,0,1769410731,2026-01-26 01:59:44
2116636221383887448,15,0,15,3,0,1769410731,2026-01-26 01:59:44
bd6f422b-d7ae-4d7e-9261-653fdd8e6888,0,0,0,9,0,1769376205,2026-01-26 01:59:44
2108372356498784942,9,2,7,5,0,1769410737,2026-01-26 01:59:44
