station_id,num_bikes,num_ebikes,num_classics,num_docks,status,last_reported,timestamp
66dd2060-0aca-11e7-82f6-3863bb44ef7c,35,10,25,12,1,1769058685,2026-01-22 00:21:18
96e72113-3681-4d19-88bb-032e76720093,0,0,0,0,0,86400,2026-01-22 00:21:18
41495491-5d89-4e14-aab9-c3db04aad399,0,0,0,0,0,86400,2026-01-22 00:21:18
1905837242740508940,0,0,0,0,0,86400,2026-01-22 00:21:18
b9720921-8170-43ea-a5ae-b61b9161eb49,0,0,0,0,0,86400,2026-01-22 00:21:18
2171903488884523500,0,0,0,0,0,86400,2026-01-22 00:21:18
2171903608969565866,0,0,0,0,0,86400,2026-01-22 00:21:18
2171904223419888148,0,0,0,0,0,86400,2026-01-22 00:21:18
2124036103510616644,4,0,4,6,1,1769058978,2026-01-22 00:21:18
66dd056e-0aca-11e7-82f6-3863bb44ef7c,7,4,3,9,1,1769058997,2026-01-22 00:21:18
2126623007192357636,6,0,6,4,1,1769059018,2026-01-22 00:21:18
dd482585-3028-453f-a98d-55019db9b26c,35,0,35,3,1,1769059039,2026-01-22 00:21:18
c8c39d85-4ce7-46c5-b709-998067200780,1,1,0,21,1,1769059037,2026-01-22 00:21:18
66dc0f8a-0aca-11e7-82f6-3863bb44ef7c,29,10,19,25,1,1769059038,2026-01-22 00:21:18
1869753654337059182,14,10,4,5,1,1769059038,2026-01-22 00:21:18
66dc7f02-0aca-11e7-82f6-3863bb44ef7c,100,87,13,7,1,1769059038,2026-01-22 00:21:18
1862788202397235246,16,4,12,4,1,1769059039,2026-01-22 00:21:18
3d68a3fd-91da-49e8-9cd5-69b333863789,15,4,11,2,1,1769059039,2026-01-22 00:21:18
1840504138040045682,8,2,6,12,1,1769059039,2026-01-22 00:21:18
1817432434869846072,9,1,8,11,1,1769059040,2026-01-22 00:21:18
e152a2e1-c510-404e-a100-24246bb6cc95,5,2,3,11,1,1769059040,2026-01-22 00:21:18
1880643645302280466,24,21,3,6,1,1769059040,2026-01-22 00:21:18
b4b5824b-3c23-44b7-92a3-cec6a54583a0,8,0,8,9,1,1769059043,2026-01-22 00:21:18
66de6346-0aca-11e7-82f6-3863bb44ef7c,25,16,9,8,1,1769059044,2026-01-22 00:21:18
a2cf5872-bd4c-4311-832e-d62fd779ecc3,4,2,2,17,1,1769059042,2026-01-22 00:21:18
66db9e99-0aca-11e7-82f6-3863bb44ef7c,10,8,2,8,1,1769059042,2026-01-22 00:21:18
1840540852548303628,0,0,0,16,1,1769059041,2026-01-22 00:21:18
e85c3165-ad0a-44a3-9683-d8cf7575f465,20,5,15,7,1,1769059041,2026-01-22 00:21:18
765ee572-6c7a-4ed3-a2d4-f1496ea53996,23,1,22,0,1,1769059043,2026-01-22 00:21:18
1950648049868542106,11,7,4,15,1,1769059042,2026-01-22 00:21:18
1814907590556515014,14,4,10,7,1,1769059042,2026-01-22 00:21:18
dccaeeb5-c53a-4f48-80e6-05675b71a8c8,9,1,8,19,1,1769059049,2026-01-22 00:21:18
66ddec3e-0aca-11e7-82f6-3863bb44ef7c,7,7,0,14,1,1769059049,2026-01-22 00:21:18
d5cabb43-6c78-4022-964e-a8b02470509e,17,6,11,6,1,1769059046,2026-01-22 00:21:18
1835618878584115330,22,4,18,0,1,1769059047,2026-01-22 00:21:18
8aad788d-c7eb-4fca-a426-c39f47741a6f,10,3,7,16,1,1769059050,2026-01-22 00:21:18
66dc3e89-0aca-11e7-82f6-3863bb44ef7c,26,15,11,37,1,1769059046,2026-01-22 00:21:18
bbc3c1df-f7db-4f54-8d5c-b8f4269ecb48,19,14,5,0,1,1769059045,2026-01-22 00:21:18
1934749166596673908,11,1,10,34,1,1769059045,2026-01-22 00:21:18
481624f3-9377-4dfd-a5dd-de05a7fef760,5,1,4,14,1,1769059048,2026-01-22 00:21:18
66dd4ec7-0aca-11e7-82f6-3863bb44ef7c,28,11,17,45,1,1769059048,2026-01-22 00:21:18
1815968237323833702,18,2,16,3,1,1769059046,2026-01-22 00:21:18
cb05443c-e68e-48f7-8d17-35353fa19d4d,4,0,4,49,1,1769059051,2026-01-22 00:21:18
66db93a1-0aca-11e7-82f6-3863bb44ef7c,18,12,6,17,1,1769059051,2026-01-22 00:21:18
1828967979464708718,6,4,2,16,1,1769059051,2026-01-22 00:21:18
66db277a-0aca-11e7-82f6-3863bb44ef7c,17,8,9,8,1,1769059051,2026-01-22 00:21:18
64f0f28c-bedc-42d5-b107-ecdd48fc30cd,3,2,1,93,1,1769059051,2026-01-22 00:21:18
18415ea7-efce-408d-bcb9-4693fb088dda,33,26,7,0,1,1769059052,2026-01-22 00:21:18
6b60bf55-3da4-439a-bde1-fc80be8623ba,1,1,0,21,1,1769059052,2026-01-22 00:21:18
1846086362824884662,20,0,20,0,1,1769059053,2026-01-22 00:21:18
6476c5fd-611e-436c-9736-e0f43bb7774e,16,2,14,1,1,1769059053,2026-01-22 00:21:18
bcb08532-f0d5-4c0e-ad8a-4ddacc204791,2,2,0,15,1,1769059052,2026-01-22 00:21:18
66de25bd-0aca-11e7-82f6-3863bb44ef7c,70,0,70,7,1,1769059058,2026-01-22 00:21:18
bfe5e69d-89ff-48b3-bf20-80cbdfa443e0,38,13,25,13,1,1769059059,2026-01-22 00:21:18
26b3a82b-3487-44c2-85f1-eddb5a8a3a9d,18,3,15,5,1,1769059053,2026-01-22 00:21:18
493e046c-5d62-4772-90c4-b6a9f4afcd39,8,4,4,9,1,1769059054,2026-01-22 00:21:18
1871698223344654662,5,1,4,20,1,1769059054,2026-01-22 00:21:18
ba33c334-e17d-4478-ae3c-9c2f4dbfbb51,5,1,4,11,1,1769059054,2026-01-22 00:21:18
7d5fa1f0-4069-4d5d-b735-5d500597394a,43,28,15,7,1,1769059054,2026-01-22 00:21:18
66dc840f-0aca-11e7-82f6-3863bb44ef7c,9,4,5,47,1,1769059054,2026-01-22 00:21:18
f9ed9a6b-097e-48b9-a9d1-79d084dcd2d9,3,1,2,12,1,1769059055,2026-01-22 00:21:18
3134c2d4-b090-4eb8-ab44-6f9622098f72,2,2,0,20,1,1769059055,2026-01-22 00:21:18
0ddb965d-95ef-4ce3-bde6-81a56ac1fbd2,2,1,1,28,1,1769059055,2026-01-22 00:21:18
55a4dc76-d839-4e06-9bf4-2f343391343c,3,1,2,16,1,1769059056,2026-01-22 00:21:18
1828965172312150882,15,3,12,6,1,1769059056,2026-01-22 00:21:18
191d5d54-de64-4312-99c7-eee141efa4ef,5,4,1,18,1,1769059057,2026-01-22 00:21:18
372c592e-09d8-400c-9595-2aa3510f39b0,3,1,2,19,1,1769059057,2026-01-22 00:21:18
0fde06c2-632c-46a9-8866-f4e855604f74,20,17,3,44,1,1769059057,2026-01-22 00:21:18
1831178352265562334,12,3,9,15,1,1769059057,2026-01-22 00:21:18
1814901062206225038,3,0,3,16,1,1769059063,2026-01-22 00:21:18
20ff5447-eac3-43b7-820f-f6fa3a2e12a8,15,3,12,4,1,1769059061,2026-01-22 00:21:18
1d3a8670-09b3-4127-b750-af5311e565f0,9,1,8,10,1,1769059061,2026-01-22 00:21:18
5526b855-dc09-4159-a20a-99651861a481,6,5,1,16,1,1769059064,2026-01-22 00:21:18
1854538962214948918,17,1,16,1,1,1769059064,2026-01-22 00:21:18
66db3053-0aca-11e7-82f6-3863bb44ef7c,57,41,16,12,1,1769059064,2026-01-22 00:21:18
66db9c2e-0aca-11e7-82f6-3863bb44ef7c,11,5,6,30,1,1769059064,2026-01-22 00:21:18
66de205d-0aca-11e7-82f6-3863bb44ef7c,2,1,1,22,1,1769059059,2026-01-22 00:21:18
3e1bdcec-e762-4e83-b447-007f05923cce,10,10,0,12,1,1769059060,2026-01-22 00:21:18
f5393bc2-36d4-4508-bf51-fa48d121f751,25,21,4,1,1,1769059060,2026-01-22 00:21:18
5145ad1c-241f-4448-a742-739bd5c518c2,9,3,6,9,1,1769059060,2026-01-22 00:21:18
bf880f45-422c-4e0b-b3b0-2b1f5ba94da4,5,3,2,13,1,1769059060,2026-01-22 00:21:18
16e70b05-5b73-4930-9dcf-f79e5ce9eaf5,23,2,21,0,1,1769059060,2026-01-22 00:21:18
66dbe571-0aca-11e7-82f6-3863bb44ef7c,52,37,15,7,1,1769059062,2026-01-22 00:21:18
ed279ef2-52ee-4ff2-9a52-edd8137ea034,10,5,5,16,1,1769059063,2026-01-22 00:21:18
66de677e-0aca-11e7-82f6-3863bb44ef7c,12,7,5,13,1,1769059063,2026-01-22 00:21:18
2126224996973581072,12,10,2,1,1,1769059062,2026-01-22 00:21:18
d45b62b9-7d6b-43b2-bf1e-2c898c55dfd2,9,6,3,8,1,1769059065,2026-01-22 00:21:18
59b747c1-fbfb-4a3d-9394-8d06834d7c98,18,9,9,1,1,1769059065,2026-01-22 00:21:18
19d17911-1e4a-41fa-b62b-719aa0a6182e,26,15,11,11,1,1769059065,2026-01-22 00:21:18
66de19ab-0aca-11e7-82f6-3863bb44ef7c,8,7,1,21,1,1769059066,2026-01-22 00:21:18
42c3bb6e-0478-4e4a-af10-151f5f4dffb9,15,2,13,2,1,1769059066,2026-01-22 00:21:18
5f63411c-91ce-4788-a567-d388cc812a15,1,0,1,30,1,1769059066,2026-01-22 00:21:18
b35ba3c0-d3e8-4b1a-b63b-73a7bb518c9e,5,0,5,13,1,1769059068,2026-01-22 00:21:18
c4e9905f-457b-4be0-a878-2aa53fa0b09b,19,0,19,1,1,1769059068,2026-01-22 00:21:18
ffae66ec-7c16-436f-bd0a-eedf81d580e7,4,1,3,17,1,1769059067,2026-01-22 00:21:18
1849009654626746672,15,2,13,1,1,1769059069,2026-01-22 00:21:18
77e31650-e86a-4b06-b2de-b92df2a7a7f5,26,7,19,4,1,1769059069,2026-01-22 00:21:18
b4a320d6-2611-4940-96ca-17fb297ec826,18,5,13,1,1,1769059069,2026-01-22 00:21:18
1862002854876824190,5,1,4,14,1,1769059070,2026-01-22 00:21:18
66dc3782-0aca-11e7-82f6-3863bb44ef7c,26,18,8,2,1,1769059072,2026-01-22 00:21:18
66dd217d-0aca-11e7-82f6-3863bb44ef7c,23,22,1,2,1,1769059071,2026-01-22 00:21:18
b96507c5-7c90-499d-9c45-58f25d6f636a,5,5,0,14,1,1769059072,2026-01-22 00:21:18
1851254468343716806,18,1,17,1,1,1769059069,2026-01-22 00:21:18
1848241791125254746,16,1,15,1,1,1769059073,2026-01-22 00:21:18
901ad0c4-383e-490a-8b54-0656ce2358d6,4,0,4,14,1,1769059069,2026-01-22 00:21:18
66db447a-0aca-11e7-82f6-3863bb44ef7c,32,27,5,14,1,1769059069,2026-01-22 00:21:18
1859808514684217788,2,1,1,19,1,1769059071,2026-01-22 00:21:18
3eb10c63-ea4c-4161-b07d-a29034f7367a,7,2,5,11,1,1769059070,2026-01-22 00:21:18
068b919c-f649-4091-8e12-ccf37191cad5,2,1,1,16,1,1769059073,2026-01-22 00:21:18
66dd515d-0aca-11e7-82f6-3863bb44ef7c,12,9,3,12,1,1769059072,2026-01-22 00:21:18
0687075b-cf2d-4130-a859-fe841aafbd3f,22,6,16,1,1,1769059072,2026-01-22 00:21:18
2546c9b9-5b1a-4e9f-a9cc-f8b986b79748,19,9,10,2,1,1769059073,2026-01-22 00:21:18
66dc8db1-0aca-11e7-82f6-3863bb44ef7c,46,2,44,6,1,1769059078,2026-01-22 00:21:18
81bec993-29a5-4e70-8f60-eecdf16c7be4,16,9,7,9,1,1769059078,2026-01-22 00:21:18
62b97c1e-9d06-4c5e-b9c3-d76099e37fe4,2,2,0,23,1,1769059078,2026-01-22 00:21:18
66de1fe7-0aca-11e7-82f6-3863bb44ef7c,21,14,7,3,1,1769059078,2026-01-22 00:21:18
1875415144760576328,16,16,0,5,1,1769059078,2026-01-22 00:21:18
66880044-5411-4143-af39-eaa0a0fd0528,7,3,4,25,1,1769059073,2026-01-22 00:21:18
66de1516-0aca-11e7-82f6-3863bb44ef7c,9,0,9,23,1,1769059073,2026-01-22 00:21:18
47da6ab2-c841-4f2d-97ef-dd8d441c96b1,1,1,0,16,1,1769059077,2026-01-22 00:21:18
1f088432-0460-421e-a1d9-36890fa5396d,9,6,3,9,1,1769059077,2026-01-22 00:21:18
1815967442754883940,23,3,20,6,1,1769059076,2026-01-22 00:21:18
1814906692908349788,9,0,9,11,1,1769059075,2026-01-22 00:21:18
66dd5407-0aca-11e7-82f6-3863bb44ef7c,14,8,6,63,1,1769059078,2026-01-22 00:21:18
c190f78c-77ad-469e-aecc-e2af7bb6d92a,21,3,18,0,1,1769059079,2026-01-22 00:21:18
66de2707-0aca-11e7-82f6-3863bb44ef7c,18,12,6,27,1,1769059083,2026-01-22 00:21:18
66dbee85-0aca-11e7-82f6-3863bb44ef7c,22,13,9,49,1,1769059080,2026-01-22 00:21:18
ca843847-923a-40b7-80ca-c1c3fff6e818,0,0,0,18,1,1769059080,2026-01-22 00:21:18
0dd71c6d-11ee-4ad4-ba99-36b9ad36112c,11,5,6,9,1,1769059080,2026-01-22 00:21:18
7a6fc75f-a605-4dd6-b567-b2bbbfb862f3,13,13,0,4,1,1769059080,2026-01-22 00:21:18
1888015107269225164,32,27,5,11,1,1769059080,2026-01-22 00:21:18
66dbe68e-0aca-11e7-82f6-3863bb44ef7c,44,34,10,13,1,1769059082,2026-01-22 00:21:18
66de13dc-0aca-11e7-82f6-3863bb44ef7c,0,0,0,0,0,1769059082,2026-01-22 00:21:18
1869753057823626206,10,2,8,16,1,1769059082,2026-01-22 00:21:18
2637fed8-1e2a-460b-83eb-3eb32ace0f4e,16,15,1,32,1,1769059081,2026-01-22 00:21:18
66dc81ce-0aca-11e7-82f6-3863bb44ef7c,8,2,6,63,1,1769059081,2026-01-22 00:21:18
c2bb1874-bcb7-47c5-aa7d-05423b9087e8,8,3,5,11,1,1769059081,2026-01-22 00:21:18
493850bd-125b-49f5-932b-bf999504fb06,6,4,2,12,1,1769059085,2026-01-22 00:21:18
6542d952-ca19-410e-9290-ee6b7a6e14cf,1,1,0,19,1,1769059079,2026-01-22 00:21:18
66dc686c-0aca-11e7-82f6-3863bb44ef7c,72,57,15,20,1,1769059088,2026-01-22 00:21:18
66dc7773-0aca-11e7-82f6-3863bb44ef7c,24,15,9,19,1,1769059088,2026-01-22 00:21:18
74723006-b32f-4590-8cc7-f15eec3808fe,7,3,4,19,1,1769059089,2026-01-22 00:21:18
499e10ad-c008-461e-8cf7-20757218a9cc,2,1,1,21,1,1769059089,2026-01-22 00:21:18
f34ea09d-32f9-492c-9124-99059bc0b5dd,14,0,14,7,1,1769059089,2026-01-22 00:21:18
c80c55c4-d623-42d7-8acf-6bfa68a84ecb,2,1,1,16,1,1769059085,2026-01-22 00:21:18
19b61564-7629-41b4-80c8-1756135a5442,6,6,0,12,1,1769059087,2026-01-22 00:21:18
053312f2-e77e-4674-b28b-ad357fbcb4ee,12,2,10,48,1,1769059087,2026-01-22 00:21:18
66dc10d1-0aca-11e7-82f6-3863bb44ef7c,33,24,9,9,1,1769059087,2026-01-22 00:21:18
b442a648-e9f4-4893-951a-64d258bc0e55,8,5,3,18,1,1769059086,2026-01-22 00:21:18
292ad4f3-9fb0-44ec-9e61-613c711f73c1,9,5,4,8,1,1769059090,2026-01-22 00:21:18
1871698348432996504,9,2,7,12,1,1769059090,2026-01-22 00:21:18
0138452a-b9f4-4aee-80b0-7fae9a122ffe,24,20,4,12,1,1769059090,2026-01-22 00:21:18
1828968883163894358,8,1,7,7,1,1769059089,2026-01-22 00:21:18
ca5cc034-a95d-446e-8314-6691589886b1,16,15,1,2,1,1769059091,2026-01-22 00:21:18
1962547377975794462,9,5,4,12,1,1769059091,2026-01-22 00:21:18
66de2b2f-0aca-11e7-82f6-3863bb44ef7c,47,0,47,3,1,1769059091,2026-01-22 00:21:18
2124426077519611940,4,3,1,10,1,1769059091,2026-01-22 00:21:18
66dd45c7-0aca-11e7-82f6-3863bb44ef7c,24,20,4,6,1,1769059091,2026-01-22 00:21:18
66db3687-0aca-11e7-82f6-3863bb44ef7c,24,19,5,12,1,1769059091,2026-01-22 00:21:18
640a9a95-194f-42f5-8d88-1df67129f388,8,0,8,6,1,1769059092,2026-01-22 00:21:18
1d32e684-602b-46b6-8c96-ab47b57a03f3,6,4,2,16,1,1769059092,2026-01-22 00:21:18
af72ab76-c6cb-4994-af96-51fa8846ecdc,4,4,0,15,1,1769059093,2026-01-22 00:21:18
66de2199-0aca-11e7-82f6-3863bb44ef7c,20,8,12,7,1,1769059094,2026-01-22 00:21:18
66de71af-0aca-11e7-82f6-3863bb44ef7c,15,0,15,21,1,1769059094,2026-01-22 00:21:18
525535e3-dde3-47b4-9c2e-0174eaa4f2bb,19,7,12,2,1,1769059095,2026-01-22 00:21:18
66dbe15d-0aca-11e7-82f6-3863bb44ef7c,14,2,12,10,1,1769059095,2026-01-22 00:21:18
66dc2995-0aca-11e7-82f6-3863bb44ef7c,20,19,1,25,1,1769059095,2026-01-22 00:21:18
1860189650739626488,5,4,1,16,1,1769059095,2026-01-22 00:21:18
0bd9bd58-42e6-4680-9d19-83943372221f,13,13,0,9,1,1769059094,2026-01-22 00:21:18
f3782e27-c49a-4ee9-b188-0c13cad54688,6,0,6,11,1,1769059094,2026-01-22 00:21:18
2137775326353803668,13,3,10,0,1,1769059095,2026-01-22 00:21:18
fbaffdbd-dab5-4127-9bd5-36bf58093ea8,9,6,3,14,1,1769059096,2026-01-22 00:21:18
26217b73-7bb5-46e6-8094-1db05becd617,5,0,5,21,1,1769059096,2026-01-22 00:21:18
1b038e21-e199-4c47-bef0-f4bcdc06b73b,36,32,4,6,1,1769059090,2026-01-22 00:21:18
655ad2f2-6bcc-4eee-95a9-4f528c0b81cd,6,1,5,9,1,1769059091,2026-01-22 00:21:18
66dd3d7f-0aca-11e7-82f6-3863bb44ef7c,12,9,3,23,1,1769059091,2026-01-22 00:21:18
3db799ba-b574-4e5f-95e5-c767bec2acb6,19,6,13,9,1,1769059096,2026-01-22 00:21:18
3f05490b-a3d8-4d15-bd25-0212555b5dff,18,2,16,1,1,1769059092,2026-01-22 00:21:18
4f814d78-5d8d-458b-877e-2ca449b865be,2,1,1,19,1,1769059095,2026-01-22 00:21:18
c2d549f8-f54c-4a0d-9ecd-6e6f79118279,16,10,6,6,1,1769059101,2026-01-22 00:21:18
e9b3a725-6963-4151-8f7f-9beeb51fa20f,1,0,1,14,1,1769059101,2026-01-22 00:21:18
a3d72b5b-9587-4f33-9722-c01e20a9b358,4,3,1,24,1,1769059101,2026-01-22 00:21:18
c638ec67-9ac0-416f-944f-619926144931,58,58,0,62,1,1769059102,2026-01-22 00:21:18
1835246937517543544,20,5,15,0,1,1769059097,2026-01-22 00:21:18
69717638-5c4a-47a7-bccb-3b42c81eb09f,13,6,7,6,1,1769059097,2026-01-22 00:21:18
1838070843306263244,8,5,3,10,1,1769059097,2026-01-22 00:21:18
faf98f78-51ab-4248-b7e7-f402902385a6,2,1,1,16,1,1769059098,2026-01-22 00:21:18
ec42fb3a-af54-46aa-a8b3-b17d72ed4475,13,6,7,6,1,1769059099,2026-01-22 00:21:18
1917312704757770810,33,26,7,2,1,1769059098,2026-01-22 00:21:18
5645b05e-85be-460d-8506-cacd20bff233,28,1,27,1,1,1769059099,2026-01-22 00:21:18
66dcc0b2-0aca-11e7-82f6-3863bb44ef7c,3,1,2,19,1,1769059101,2026-01-22 00:21:18
7aa86431-bbc5-4d9c-8198-9630c9d32a22,6,0,6,14,1,1769059099,2026-01-22 00:21:18
12279d2b-29f6-4e02-a7f0-244970f7edd5,10,2,8,16,1,1769059102,2026-01-22 00:21:18
29a41b09-698f-43e2-82ff-f94f73e74841,16,0,16,2,1,1769059102,2026-01-22 00:21:18
c3189056-8eda-4278-891f-e8e15c2d759a,3,3,0,21,1,1769059099,2026-01-22 00:21:18
2126623765785393224,2,0,2,17,1,1769059100,2026-01-22 00:21:18
1960019951675478680,10,6,4,19,1,1769059102,2026-01-22 00:21:18
1835246658344669972,2,1,1,17,1,1769059103,2026-01-22 00:21:18
66dc292c-0aca-11e7-82f6-3863bb44ef7c,12,11,1,40,1,1769059104,2026-01-22 00:21:18
66dd17a5-0aca-11e7-82f6-3863bb44ef7c,20,4,16,29,1,1769059104,2026-01-22 00:21:18
1834145589124844432,4,3,1,14,1,1769059105,2026-01-22 00:21:18
5a24acbb-94ef-4cb5-9db8-f6073ac26a2b,4,3,1,15,1,1769059105,2026-01-22 00:21:18
6fb81fda-f0b5-4242-90f9-88d0214feb8d,0,0,0,19,1,1769059105,2026-01-22 00:21:18
66dcbac5-0aca-11e7-82f6-3863bb44ef7c,12,2,10,6,1,1769059107,2026-01-22 00:21:18
d2b23c87-b7c3-48c2-a634-db4b76ecbcf7,5,0,5,14,1,1769059106,2026-01-22 00:21:18
66de12ff-0aca-11e7-82f6-3863bb44ef7c,12,11,1,7,1,1769059106,2026-01-22 00:21:18
1882824287789509296,6,2,4,38,1,1769059104,2026-01-22 00:21:18
66db75cc-0aca-11e7-82f6-3863bb44ef7c,42,21,21,1,1,1769059104,2026-01-22 00:21:18
0fa27bd7-b182-4e7a-b5bb-90f4249cb368,18,7,11,4,1,1769059107,2026-01-22 00:21:18
66db2a71-0aca-11e7-82f6-3863bb44ef7c,41,19,22,2,1,1769059107,2026-01-22 00:21:18
59df3823-0369-4a10-8132-05df34a170af,22,3,19,20,1,1769059108,2026-01-22 00:21:18
b4974d89-932c-4a9f-a264-2ea0cf70613e,8,7,1,10,1,1769059108,2026-01-22 00:21:18
1965202298784063998,3,2,1,24,1,1769059108,2026-01-22 00:21:18
457ea5d7-d643-4028-87db-46dee0b81555,21,18,3,3,1,1769059108,2026-01-22 00:21:18
576abdc1-986e-48b0-bde2-051a13d3ff59,5,3,2,14,1,1769059108,2026-01-22 00:21:18
1937777808143497236,5,5,0,27,1,1769059108,2026-01-22 00:21:18
22ab59a8-0af4-4101-9350-a7af88e37c2e,7,0,7,12,1,1769059108,2026-01-22 00:21:18
66dbef15-0aca-11e7-82f6-3863bb44ef7c,46,15,31,6,1,1769059106,2026-01-22 00:21:18
66de0a78-0aca-11e7-82f6-3863bb44ef7c,19,2,17,0,1,1769059106,2026-01-22 00:21:18
3a89411a-0bc6-4ba3-bc56-fab950c8eba1,17,1,16,2,1,1769059106,2026-01-22 00:21:18
66dc6a86-0aca-11e7-82f6-3863bb44ef7c,4,2,2,74,1,1769059106,2026-01-22 00:21:18
66db6963-0aca-11e7-82f6-3863bb44ef7c,50,1,49,26,1,1769059112,2026-01-22 00:21:18
99614ecb-2329-49fa-a13a-fa1ef2bb32d6,3,0,3,15,1,1769059112,2026-01-22 00:21:18
d470e82e-d109-4e2e-b66a-f5e944cbfe97,19,6,13,0,1,1769059113,2026-01-22 00:21:18
66dd4d70-0aca-11e7-82f6-3863bb44ef7c,18,10,8,22,1,1769059113,2026-01-22 00:21:18
90b141b9-c39f-4a26-a32d-08c7d1474d52,11,10,1,9,1,1769059113,2026-01-22 00:21:18
66db76a1-0aca-11e7-82f6-3863bb44ef7c,34,23,11,57,1,1769059113,2026-01-22 00:21:18
2104286315955915532,13,12,1,53,1,1769059113,2026-01-22 00:21:18
1869743938848725856,68,61,7,16,1,1769059114,2026-01-22 00:21:18
93da4d1b-d574-45b0-85d7-5b82e2887267,19,2,17,2,1,1769059114,2026-01-22 00:21:18
66dde4ef-0aca-11e7-82f6-3863bb44ef7c,15,14,1,7,1,1769059109,2026-01-22 00:21:18
1786698321265653818,11,7,4,24,1,1769059110,2026-01-22 00:21:18
66dcc8b3-0aca-11e7-82f6-3863bb44ef7c,5,1,4,11,1,1769059111,2026-01-22 00:21:18
56b3ca32-104a-4920-a879-a97a820858c4,14,3,11,10,1,1769059110,2026-01-22 00:21:18
d73e26de-8534-4b46-a321-3cae295ef9b2,3,2,1,28,1,1769059109,2026-01-22 00:21:18
566a6389-5c22-49ca-8c24-4d9eea135170,0,0,0,26,1,1769059109,2026-01-22 00:21:18
cd2d9dab-7708-4685-a56f-9412c738de7e,18,0,18,0,1,1769059109,2026-01-22 00:21:18
92fc1ad7-0867-4655-b02f-ede65d336b14,8,3,5,10,1,1769059109,2026-01-22 00:21:18
66de4bbb-0aca-11e7-82f6-3863bb44ef7c,11,0,11,11,1,1769059109,2026-01-22 00:21:18
1862008701134683118,6,1,5,17,1,1769059109,2026-01-22 00:21:18
66ddea99-0aca-11e7-82f6-3863bb44ef7c,1,1,0,19,1,1769059111,2026-01-22 00:21:18
d18512f9-52c8-4175-92b9-b6258dc30748,4,4,0,16,1,1769059111,2026-01-22 00:21:18
d8778570-f7f2-458d-82f5-9ad39210a501,41,39,2,8,1,1769059111,2026-01-22 00:21:18
579e583e-60ab-4f2a-83d0-fabebddfcd0f,10,9,1,6,1,1769059111,2026-01-22 00:21:18
0b613329-b8c8-4b8c-ad40-79952aa41157,20,15,5,0,1,1769059110,2026-01-22 00:21:18
ca7ec509-cefc-4ac6-b729-08999d191051,20,3,17,2,1,1769059111,2026-01-22 00:21:18
1096fc76-794e-4343-8eb0-0dd6c9a48266,3,3,0,14,1,1769059115,2026-01-22 00:21:18
ad57266c-34da-43da-8b48-2ba856002fbf,12,2,10,17,1,1769059115,2026-01-22 00:21:18
b713367c-3572-4225-b74a-9319ab537838,2,1,1,17,1,1769059115,2026-01-22 00:21:18
98ebf9c6-1d94-4e21-9007-c623875fdb5e,14,0,14,3,1,1769059115,2026-01-22 00:21:18
1861678548643203686,1,0,1,24,1,1769059118,2026-01-22 00:21:18
a4d041fd-c5fa-4f52-800c-25d7a661a875,3,3,1,16,1,1769059117,2026-01-22 00:21:18
66db6f2e-0aca-11e7-82f6-3863bb44ef7c,14,5,9,27,1,1769059117,2026-01-22 00:21:18
324e93c8-4f3d-4a5f-becd-00e6f49fe4dd,10,0,10,9,1,1769059118,2026-01-22 00:21:18
c71cca54-17f6-42bc-ba94-3f5bd9c70197,34,0,34,9,1,1769059118,2026-01-22 00:21:18
1838071008881986168,12,0,12,15,1,1769059119,2026-01-22 00:21:18
1849010133527040242,11,9,2,8,1,1769059119,2026-01-22 00:21:18
66dbec40-0aca-11e7-82f6-3863bb44ef7c,26,18,8,26,1,1769059116,2026-01-22 00:21:18
517409d3-a94a-4140-a6de-ff0de9221ed2,2,1,1,18,1,1769059116,2026-01-22 00:21:18
7a1ad7c0-4958-4354-91a1-11bf13348abd,17,5,12,0,1,1769059117,2026-01-22 00:21:18
1dacb0f6-29f5-4d1b-b910-92ffa5b4ca5d,14,0,14,24,1,1769059116,2026-01-22 00:21:18
33840944-aa92-4d91-9de8-d29e5cd0b2d9,24,1,23,4,1,1769059117,2026-01-22 00:21:18
1859088223746072684,7,0,7,11,1,1769059119,2026-01-22 00:21:18
ab6aadd8-fa45-43aa-abea-c8e01ec5a0c8,15,0,15,6,1,1769059119,2026-01-22 00:21:18
4e747443-d481-4aea-a6d1-cf20204af4ba,12,0,12,8,1,1769059120,2026-01-22 00:21:18
66dde69c-0aca-11e7-82f6-3863bb44ef7c,1,1,0,17,1,1769059121,2026-01-22 00:21:18
1b00fb53-da32-4b14-9a9a-84a391c8951c,14,14,0,13,1,1769059121,2026-01-22 00:21:18
24509e46-a0de-47e8-ba40-9441da68952a,4,3,1,14,1,1769059120,2026-01-22 00:21:18
6fd61eee-d0ef-4580-9704-bd06b82bcb61,0,0,0,29,1,1769059121,2026-01-22 00:21:18
66dbcbbc-0aca-11e7-82f6-3863bb44ef7c,70,28,42,2,1,1769059121,2026-01-22 00:21:18
023cf549-bd85-4f9a-abd8-70ba29d7e86b,5,4,1,14,1,1769059118,2026-01-22 00:21:18
837b7db3-55c6-4595-a497-834972631752,3,3,0,14,1,1769059127,2026-01-22 00:21:18
c7604869-5b55-40cf-812e-fc97901bdf14,41,10,31,0,1,1769059127,2026-01-22 00:21:18
2ebbe93b-a013-464a-b4a5-0eba96f89676,15,15,0,3,1,1769059126,2026-01-22 00:21:18
2124425439157234232,3,0,3,10,1,1769059127,2026-01-22 00:21:18
1814907423052790164,21,2,19,0,1,1769059127,2026-01-22 00:21:18
1986707977001495180,4,3,1,14,1,1769059123,2026-01-22 00:21:18
63a838a8-9acf-4ba1-91f5-c676f6ef2f7d,14,3,11,5,1,1769059123,2026-01-22 00:21:18
581bc4fe-cf14-4767-8377-6fa156ff8a29,8,1,7,9,1,1769059123,2026-01-22 00:21:18
84a7baff-415b-4ab9-a859-74c2801483ce,9,1,8,8,1,1769059124,2026-01-22 00:21:18
ff745407-c087-4c0d-a965-98baf078f292,14,13,1,7,1,1769059124,2026-01-22 00:21:18
66de73fd-0aca-11e7-82f6-3863bb44ef7c,11,9,2,14,1,1769059124,2026-01-22 00:21:18
498d7e8e-5164-4f26-9ce6-399947d73b1a,7,1,6,10,1,1769059124,2026-01-22 00:21:18
66dced76-0aca-11e7-82f6-3863bb44ef7c,2,1,1,23,1,1769059124,2026-01-22 00:21:18
7f4753d7-8d58-48bd-a881-de5bff08b27d,3,0,3,22,1,1769059125,2026-01-22 00:21:18
06439006-11b6-44f0-8545-c9d39035f32a,68,64,4,1,1,1769059122,2026-01-22 00:21:18
66de4959-0aca-11e7-82f6-3863bb44ef7c,19,8,11,4,1,1769059122,2026-01-22 00:21:18
6e5a8cab-cf1a-4584-8133-01835b56ad71,14,4,10,11,1,1769059123,2026-01-22 00:21:18
66dc1687-0aca-11e7-82f6-3863bb44ef7c,3,2,1,8,1,1769059126,2026-01-22 00:21:18
59af018a-2ee9-489a-b445-bb6fba9c1119,7,3,4,8,1,1769059121,2026-01-22 00:21:18
18eccc71-66be-4e4c-8335-095a9bf0df94,2,1,1,31,1,1769059122,2026-01-22 00:21:18
b79c8433-9dd1-4d68-9156-7f2c2162bafe,14,12,2,13,1,1769059122,2026-01-22 00:21:18
61f2ffd4-159a-42b3-a4d9-3fdfc3349074,4,2,2,16,1,1769059122,2026-01-22 00:21:18
69f84045-48f9-4c6c-90d3-0503e5ed39e9,17,16,1,4,1,1769059125,2026-01-22 00:21:18
66dbe96d-0aca-11e7-82f6-3863bb44ef7c,18,8,10,30,1,1769059125,2026-01-22 00:21:18
66de2274-0aca-11e7-82f6-3863bb44ef7c,16,10,6,6,1,1769059124,2026-01-22 00:21:18
66dc17df-0aca-11e7-82f6-3863bb44ef7c,0,0,0,0,0,1769059124,2026-01-22 00:21:18
81a98b0b-cfd6-48b4-90bd-806ebbc264a0,4,1,3,15,1,1769059125,2026-01-22 00:21:18
9394fb49-583f-4426-8d2f-a2b0ffb584d2,8,4,4,39,1,1769059127,2026-01-22 00:21:18
1794852638057746848,21,1,20,0,1,1769059133,2026-01-22 00:21:18
66de5005-0aca-11e7-82f6-3863bb44ef7c,17,5,12,8,1,1769059133,2026-01-22 00:21:18
1817822909864556798,5,5,0,22,1,1769059133,2026-01-22 00:21:18
cf1a96a7-f695-4ba2-bcf2-899552e21e47,12,6,6,7,1,1769059133,2026-01-22 00:21:18
66dd1c7f-0aca-11e7-82f6-3863bb44ef7c,21,10,11,28,1,1769059133,2026-01-22 00:21:18
7779e057-b33e-46a7-8a1e-8c28bcd9a558,11,2,9,8,1,1769059133,2026-01-22 00:21:18
633fbc4c-7617-47ba-a393-aad7a8d26a3e,17,0,17,4,1,1769059134,2026-01-22 00:21:18
2c8b263e-952c-4941-a671-ef0ebb062632,17,2,15,3,1,1769059134,2026-01-22 00:21:18
66dde103-0aca-11e7-82f6-3863bb44ef7c,38,34,4,0,1,1769059133,2026-01-22 00:21:18
1814548067447122618,31,19,12,0,1,1769059131,2026-01-22 00:21:18
f8c242cd-da59-4f0e-afd6-832bbdd7d328,15,4,11,4,1,1769059131,2026-01-22 00:21:18
32cc1603-a4b5-4099-b7bf-681de451b04a,39,10,29,6,1,1769059131,2026-01-22 00:21:18
66dde76a-0aca-11e7-82f6-3863bb44ef7c,4,0,4,16,1,1769059132,2026-01-22 00:21:18
1828965347681089818,10,2,8,10,1,1769059128,2026-01-22 00:21:18
6d766daf-9298-4059-a329-1818582d495f,18,16,2,0,1,1769059128,2026-01-22 00:21:18
66ddeaff-0aca-11e7-82f6-3863bb44ef7c,12,8,4,16,1,1769059128,2026-01-22 00:21:18
1846085439406916338,2,2,0,21,1,1769059129,2026-01-22 00:21:18
ef6216aa-d3c8-46bb-8c6b-b62f8ba51b16,11,5,6,11,1,1769059128,2026-01-22 00:21:18
18a2cbb6-91f2-4393-82fb-b40a8ba90f20,2,0,2,18,1,1769059129,2026-01-22 00:21:18
f833d403-2cf5-424a-a3b3-0314a44b4a67,23,14,9,8,1,1769059130,2026-01-22 00:21:18
0de1f95f-8b1b-4e5e-9eff-73c63265b0ab,8,1,7,21,1,1769059130,2026-01-22 00:21:18
dad39e68-53f5-47c2-87e2-b1cc0e34f90f,12,6,7,7,1,1769059131,2026-01-22 00:21:18
807e9f5a-49b6-4b7e-847b-4a60cff330ed,1,0,1,16,1,1769059129,2026-01-22 00:21:18
66dc120f-0aca-11e7-82f6-3863bb44ef7c,9,7,2,61,1,1769059129,2026-01-22 00:21:18
66de17f7-0aca-11e7-82f6-3863bb44ef7c,15,14,1,20,1,1769059129,2026-01-22 00:21:18
54df610f-0e47-4958-98ca-37bb1b1c4dca,4,3,1,19,1,1769059130,2026-01-22 00:21:18
44c23eaa-7ddf-40b3-8373-6f3880c5e1b1,4,3,1,15,1,1769059132,2026-01-22 00:21:18
528ed1e0-75aa-45be-8afe-c3f1c950782f,9,1,8,11,1,1769059132,2026-01-22 00:21:18
bc5235a5-7f10-4a27-806e-9c25fa700959,16,1,15,24,1,1769059132,2026-01-22 00:21:18
ff9581d3-3e1a-463a-bdab-d8150c468be2,6,2,4,26,1,1769059133,2026-01-22 00:21:18
2a66ed0a-5e6d-4893-a1d1-876bb2bac4be,5,0,5,21,1,1769059133,2026-01-22 00:21:18
66dd1d0f-0aca-11e7-82f6-3863bb44ef7c,23,12,11,4,1,1769059129,2026-01-22 00:21:18
78aabb95-6195-4aa7-ab0d-5748eeb26bd1,26,11,15,6,1,1769059129,2026-01-22 00:21:18
1826348248869574940,5,0,5,25,1,1769059131,2026-01-22 00:21:18
1851674198082642572,20,0,20,0,1,1769059131,2026-01-22 00:21:18
c3062f44-c5b9-4650-a4ec-cc66cbf5b944,3,2,1,14,1,1769059136,2026-01-22 00:21:18
d040a7b3-85b5-4c0d-9c92-3f4ad0082143,1,1,0,29,1,1769059137,2026-01-22 00:21:18
922763d6-d73c-4678-8bcd-f42ee3a236db,7,3,4,13,1,1769059137,2026-01-22 00:21:18
66dcc37f-0aca-11e7-82f6-3863bb44ef7c,9,6,3,13,1,1769059137,2026-01-22 00:21:18
66db4549-0aca-11e7-82f6-3863bb44ef7c,19,11,8,4,1,1769059138,2026-01-22 00:21:18
4e9a1c3a-20e2-4fd5-b8de-fbf8d43e7bcc,7,0,7,13,1,1769059138,2026-01-22 00:21:18
0f45bcf6-7028-4584-a51e-4129847dbebc,38,26,12,0,1,1769059138,2026-01-22 00:21:18
82c85f05-4722-48ae-9f64-0522012eb3c8,7,2,5,16,1,1769059139,2026-01-22 00:21:18
1869753484503987044,4,2,2,15,1,1769059139,2026-01-22 00:21:18
816e50eb-dc4b-47dc-b773-154e2020cb0d,2,1,1,17,1,1769059139,2026-01-22 00:21:18
f401cd5f-cb41-41f8-a857-4a4dfe778f94,17,9,8,7,1,1769059139,2026-01-22 00:21:18
6fab98b7-b06a-49d8-a4d1-087ffce0ebcf,1,1,0,16,1,1769059134,2026-01-22 00:21:18
c606bae0-889c-47c3-8202-9463ef147655,12,1,11,11,1,1769059134,2026-01-22 00:21:18
66dc80b4-0aca-11e7-82f6-3863bb44ef7c,2,1,1,56,1,1769059134,2026-01-22 00:21:18
1bb1af93-b433-4da7-8054-009c85f7755a,5,2,3,14,1,1769059135,2026-01-22 00:21:18
29ced315-14b5-4edc-bef2-665316dfe3dd,29,7,22,16,1,1769059134,2026-01-22 00:21:18
1862008939006380034,4,1,3,16,1,1769059135,2026-01-22 00:21:18
9af90faf-0b9b-451b-9cb0-20ff421ca1d9,2,0,2,23,1,1769059135,2026-01-22 00:21:18
ebae0b66-e463-4ded-9b7a-43c0aca9b37a,13,4,9,6,1,1769059135,2026-01-22 00:21:18
4d24ab76-2f4a-4004-9fc5-09c00c1d9aa4,18,1,17,11,1,1769059135,2026-01-22 00:21:18
549b5bc4-b949-4eeb-8ffb-2215e1e49892,34,29,5,17,1,1769059136,2026-01-22 00:21:18
66dea7b5-0aca-11e7-82f6-3863bb44ef7c,5,2,3,35,1,1769059136,2026-01-22 00:21:18
2124037125711300644,20,14,6,3,1,1769059137,2026-01-22 00:21:18
6cd10426-b4e9-40e1-9b35-61f609190ac0,13,3,10,20,1,1769059137,2026-01-22 00:21:18
2124037250266884686,9,2,7,2,1,1769059138,2026-01-22 00:21:18
2124426307973079924,4,0,4,6,1,1769059137,2026-01-22 00:21:18
66de0d91-0aca-11e7-82f6-3863bb44ef7c,21,0,21,6,1,1769059137,2026-01-22 00:21:18
66dc7ba2-0aca-11e7-82f6-3863bb44ef7c,21,14,7,8,1,1769059137,2026-01-22 00:21:18
9635affa-8b18-42d5-84c4-7f67ad5ef9d0,11,6,5,7,1,1769059134,2026-01-22 00:21:18
b0bac4ef-bb57-4598-a433-75c281170d5b,7,1,6,13,1,1769059135,2026-01-22 00:21:18
66de43a5-0aca-11e7-82f6-3863bb44ef7c,13,4,9,7,1,1769059135,2026-01-22 00:21:18
754ac5df-f2b5-4636-8c58-ed84ea262bde,0,0,0,20,1,1769059138,2026-01-22 00:21:18
f523c481-ba41-44ba-96e1-0c431fbea558,6,3,3,19,1,1769059138,2026-01-22 00:21:18
2171919049376995084,3,2,1,28,1,1769059138,2026-01-22 00:21:18
66de63cd-0aca-11e7-82f6-3863bb44ef7c,17,9,8,1,1,1769059138,2026-01-22 00:21:18
2124035976827702128,6,6,0,8,1,1769059138,2026-01-22 00:21:18
f681f980-185d-45b9-8490-bb2606624dd4,3,3,0,15,1,1769059139,2026-01-22 00:21:18
a2ef8ed2-6031-4049-b7dc-9838ef39889b,14,2,12,4,1,1769059139,2026-01-22 00:21:18
38af3d1a-9916-46cf-b22e-86fc8648bf30,14,4,10,5,1,1769059139,2026-01-22 00:21:18
0630217a-3913-47d9-9540-cf85688296a5,6,2,4,11,1,1769059139,2026-01-22 00:21:18
038b7369-9c6e-4eb2-8569-f7461443302f,17,2,15,1,1,1769059139,2026-01-22 00:21:18
2124381939991318658,9,9,0,5,1,1769059092,2026-01-22 00:21:18
66dd4ccc-0aca-11e7-82f6-3863bb44ef7c,24,19,5,26,1,1769059142,2026-01-22 00:21:18
d11b9869-8964-4b79-aafc-4b60ad1b44c4,12,8,4,10,1,1769059142,2026-01-22 00:21:18
1898751402035634700,10,2,8,6,1,1769059142,2026-01-22 00:21:18
1799624430022654108,5,2,3,15,1,1769059142,2026-01-22 00:21:18
823ef531-40e6-4397-b973-86bf5b032076,13,11,2,10,1,1769059145,2026-01-22 00:21:18
4c03fa2d-89da-4f0b-8f19-c7de5edbe256,23,4,19,1,1,1769059145,2026-01-22 00:21:18
1848241684520917882,11,0,11,3,1,1769059145,2026-01-22 00:21:18
8a89684b-40a5-49fe-b75d-fdf32ffa8102,16,3,13,3,1,1769059145,2026-01-22 00:21:18
162d5859-b735-4ff7-9613-01b21f22c1cd,19,8,11,16,1,1769059145,2026-01-22 00:21:18
1927314940904608224,12,4,8,12,1,1769059145,2026-01-22 00:21:18
f3140fb8-347b-4dca-96df-eeef2d1bfc50,3,1,3,13,1,1769059145,2026-01-22 00:21:18
c00ef46d-fcde-48e2-afbd-0fb595fe3fa7,27,14,13,2,1,1769059140,2026-01-22 00:21:18
7938263e-e5b8-4ca7-b8bf-1adbaae5fead,17,7,10,9,1,1769059140,2026-01-22 00:21:18
645e4365-653f-48ce-bc15-5fcc287be56f,37,21,16,31,1,1769059140,2026-01-22 00:21:18
66dba303-0aca-11e7-82f6-3863bb44ef7c,5,0,5,8,1,1769059140,2026-01-22 00:21:18
475c44e1-31e3-4c60-b071-af2ca3f7618c,9,6,3,11,1,1769059140,2026-01-22 00:21:18
66dc8a3d-0aca-11e7-82f6-3863bb44ef7c,35,7,28,37,1,1769059140,2026-01-22 00:21:18
180b83a0-329c-4069-87be-df862cb1baed,22,19,3,1,1,1769059141,2026-01-22 00:21:18
1960020234227886806,0,0,0,49,1,1769059143,2026-01-22 00:21:18
66de1ea2-0aca-11e7-82f6-3863bb44ef7c,9,4,5,10,1,1769059143,2026-01-22 00:21:18
1860188747953293684,7,1,6,9,1,1769059143,2026-01-22 00:21:18
66de0861-0aca-11e7-82f6-3863bb44ef7c,24,22,2,1,1,1769059121,2026-01-22 00:21:18
d80c274e-d17d-4a00-9b76-274c9fe4d0e1,13,8,5,22,1,1769059143,2026-01-22 00:21:18
a45a712c-1e3d-4fee-bef8-adafafd80670,5,5,0,12,1,1769059143,2026-01-22 00:21:18
00967b8f-1a4d-4131-a65a-17fa8ca89e28,8,4,4,10,1,1769059144,2026-01-22 00:21:18
66de85d2-0aca-11e7-82f6-3863bb44ef7c,24,21,3,21,1,1769059143,2026-01-22 00:21:18
bc9c9006-3d40-400d-8b5c-17f56e6dfcee,1,0,1,25,1,1769059143,2026-01-22 00:21:18
d265dbc7-ef55-4f5b-8a2b-f2015dc71fb8,14,3,11,10,1,1769059144,2026-01-22 00:21:18
2126622241630343402,11,7,4,7,1,1769059144,2026-01-22 00:21:18
2100948436010992354,8,7,1,6,1,1769059144,2026-01-22 00:21:18
1859438049977968878,23,9,14,5,1,1769059145,2026-01-22 00:21:18
1975518133370609774,62,58,4,34,1,1769059143,2026-01-22 00:21:18
912813fc-fde4-4430-8443-a4fa21477e7f,1,1,0,21,1,1769059143,2026-01-22 00:21:18
62f8f806-bd04-4282-9c5d-ad4293644e3c,7,0,7,12,1,1769059143,2026-01-22 00:21:18
1929504694747056164,4,3,1,34,1,1769059143,2026-01-22 00:21:18
bacfe3c2-7946-45ed-91f9-f5b91791de75,12,2,10,16,1,1769059146,2026-01-22 00:21:18
66dd4a52-0aca-11e7-82f6-3863bb44ef7c,11,8,3,19,1,1769059146,2026-01-22 00:21:18
1f8f6714-42a7-45d5-86cd-a093c940b2c9,0,0,0,24,1,1769059146,2026-01-22 00:21:18
2124036994734951288,5,0,5,2,1,1769059141,2026-01-22 00:21:18
c602146e-d69d-43b6-9e8f-054c4df5377e,11,0,11,7,1,1769059147,2026-01-22 00:21:18
66db408f-0aca-11e7-82f6-3863bb44ef7c,35,4,31,1,1,1769059148,2026-01-22 00:21:18
595cf79f-7783-4373-b3d5-775bcf76033b,1,1,0,16,1,1769059148,2026-01-22 00:21:18
fda18503-7488-4b91-b74c-949a90401e83,8,6,2,9,1,1769059148,2026-01-22 00:21:18
66dce9b5-0aca-11e7-82f6-3863bb44ef7c,6,1,5,26,1,1769059149,2026-01-22 00:21:18
8caf71df-76c3-43fb-be98-d555d2291460,0,0,0,26,1,1769059150,2026-01-22 00:21:18
c63a83a0-bda1-40a6-835b-f82c363543b9,5,3,2,12,1,1769059150,2026-01-22 00:21:18
66dd4c5f-0aca-11e7-82f6-3863bb44ef7c,10,10,0,50,1,1769059150,2026-01-22 00:21:18
1860189327773878824,22,6,16,2,1,1769059150,2026-01-22 00:21:18
545a32d3-b74c-4dc2-b82c-a6d185dd4666,4,4,0,17,1,1769059146,2026-01-22 00:21:18
66ddb66e-0aca-11e7-82f6-3863bb44ef7c,11,6,5,16,1,1769059146,2026-01-22 00:21:18
66dd1f44-0aca-11e7-82f6-3863bb44ef7c,5,4,1,20,1,1769059146,2026-01-22 00:21:18
0f98907a-d4cc-45e0-b174-7d9dfda74106,2,0,2,31,1,1769059146,2026-01-22 00:21:18
1854538387432581604,19,2,17,0,1,1769059147,2026-01-22 00:21:18
66dbcd6c-0aca-11e7-82f6-3863bb44ef7c,30,20,10,2,1,1769059147,2026-01-22 00:21:18
66dd26f9-0aca-11e7-82f6-3863bb44ef7c,26,10,16,4,1,1769059150,2026-01-22 00:21:18
f62526d4-9c6a-4c76-be76-c64b5be669d2,2,2,0,19,1,1769059151,2026-01-22 00:21:18
66de0cab-0aca-11e7-82f6-3863bb44ef7c,14,1,13,21,1,1769059151,2026-01-22 00:21:18
1828966626550010820,16,1,15,0,1,1769059151,2026-01-22 00:21:18
66dbc37a-0aca-11e7-82f6-3863bb44ef7c,15,9,6,40,1,1769059151,2026-01-22 00:21:18
66dc1d80-0aca-11e7-82f6-3863bb44ef7c,34,24,10,1,1,1769059148,2026-01-22 00:21:18
37a37e5b-f975-4f92-a897-dca8e4670631,14,8,6,3,1,1769059148,2026-01-22 00:21:18
66dc0dab-0aca-11e7-82f6-3863bb44ef7c,25,19,6,90,1,1769059148,2026-01-22 00:21:18
cb9840a3-4ae2-420d-865c-9ac45e2f5485,13,7,6,2,1,1769059148,2026-01-22 00:21:18
1846085734612252774,3,1,2,19,1,1769059149,2026-01-22 00:21:18
b4f990dd-36bb-46b3-9eea-4b980bd43c2d,0,0,0,21,1,1769059148,2026-01-22 00:21:18
66dc3ab9-0aca-11e7-82f6-3863bb44ef7c,30,27,4,31,1,1769059148,2026-01-22 00:21:18
7dda8844-60ba-4449-b05c-54c1d14ab5fb,64,47,17,4,1,1769059148,2026-01-22 00:21:18
6969d756-33a6-4a0b-83d0-3db38bc382d1,25,0,25,4,1,1769059156,2026-01-22 00:21:18
66dd9fa6-0aca-11e7-82f6-3863bb44ef7c,14,13,1,45,1,1769059155,2026-01-22 00:21:18
b896d83d-5524-4c9c-a2aa-c1b0edaadc22,0,0,0,19,1,1769059156,2026-01-22 00:21:18
66dd01c5-0aca-11e7-82f6-3863bb44ef7c,2,0,1,21,1,1769059156,2026-01-22 00:21:18
26cae473-0e59-4af7-bad5-bb6fec85c8bc,16,18,0,3,1,1769059156,2026-01-22 00:21:18
d979131e-0b9f-4aa2-88c5-46d4ff94abc8,10,5,5,8,1,1769059157,2026-01-22 00:21:18
75352ab4-8a31-4926-8b59-048a9e506452,15,5,10,1,1,1769059154,2026-01-22 00:21:18
66dde630-0aca-11e7-82f6-3863bb44ef7c,45,3,42,23,1,1769059154,2026-01-22 00:21:18
1876800925490112950,7,2,5,9,1,1769059154,2026-01-22 00:21:18
09dfc0e3-a448-477c-bb3c-9467dc51ef8d,57,31,26,15,1,1769059157,2026-01-22 00:21:18
1804892772559499512,28,7,21,2,1,1769059157,2026-01-22 00:21:18
2121032386733337206,12,1,11,2,1,1769059132,2026-01-22 00:21:18
2138075988152462096,15,1,14,2,1,1769059125,2026-01-22 00:21:18
eb07bdfc-3a6f-40eb-96d2-0b92ac371619,7,5,2,11,1,1769059152,2026-01-22 00:21:18
66dc2c78-0aca-11e7-82f6-3863bb44ef7c,0,0,0,83,1,1769059152,2026-01-22 00:21:18
e9575102-1081-4c30-8d15-ea95913579e2,2,1,1,16,1,1769059154,2026-01-22 00:21:18
943a1a27-1328-4823-8945-28d845280383,20,20,0,7,1,1769059155,2026-01-22 00:21:18
83a5d761-57d0-4cd6-aa2b-7eb350120d99,11,6,5,8,1,1769059154,2026-01-22 00:21:18
4efda436-cd19-4ec3-acc7-1a622f723264,7,5,2,11,1,1769059155,2026-01-22 00:21:18
1786698974100683436,7,0,7,43,1,1769059155,2026-01-22 00:21:18
53ef19c6-eaa7-47f7-807e-f51b574b1be0,11,0,11,1,1,1769059155,2026-01-22 00:21:18
66dce8db-0aca-11e7-82f6-3863bb44ef7c,24,11,14,16,1,1769059155,2026-01-22 00:21:18
abc1311e-e000-4211-af9e-0cf92242711e,2,2,0,20,1,1769059155,2026-01-22 00:21:18
44fa161f-eb62-459b-b53e-da83788cfa2a,9,5,4,18,1,1769059152,2026-01-22 00:21:18
ceb179f3-89c3-4c3e-8a0a-3415406a9463,11,11,0,12,1,1769059152,2026-01-22 00:21:18
1864605386632012480,2,0,2,16,1,1769059152,2026-01-22 00:21:18
563389a0-d90f-4155-9c50-528459df26aa,0,0,0,25,1,1769059152,2026-01-22 00:21:18
4568f854-1268-45cf-bac8-82286ef40ae6,10,0,10,9,1,1769059152,2026-01-22 00:21:18
66dd24ca-0aca-11e7-82f6-3863bb44ef7c,39,26,13,5,1,1769059156,2026-01-22 00:21:18
1786700154621508184,9,3,6,19,1,1769059156,2026-01-22 00:21:18
8d650b03-920d-4d44-a48f-8d9a1a0ba264,16,6,10,3,1,1769059157,2026-01-22 00:21:18
66dd1d9c-0aca-11e7-82f6-3863bb44ef7c,20,11,9,6,1,1769059157,2026-01-22 00:21:18
cc5f0e68-dd5f-4db1-81c7-04a4d6674fba,15,0,15,2,1,1769059151,2026-01-22 00:21:18
d89dc10f-9be3-45a5-9c3c-06c04c963436,16,0,16,4,1,1769059152,2026-01-22 00:21:18
66db41bf-0aca-11e7-82f6-3863bb44ef7c,23,0,23,8,1,1769059154,2026-01-22 00:21:18
1822663031356509142,14,3,11,5,1,1769059158,2026-01-22 00:21:18
66dbc420-0aca-11e7-82f6-3863bb44ef7c,31,27,4,19,1,1769059158,2026-01-22 00:21:18
b371c432-b682-412f-9b85-8df84ce7a9f3,8,2,5,10,1,1769059158,2026-01-22 00:21:18
66dd46a2-0aca-11e7-82f6-3863bb44ef7c,25,13,12,21,1,1769059158,2026-01-22 00:21:18
7f402242-dc1b-4a48-ba21-58c4fa7216b4,17,5,12,0,1,1769059158,2026-01-22 00:21:18
eb217a2c-1dd0-4690-a34e-ecc1a708f883,2,0,2,17,1,1769059158,2026-01-22 00:21:18
e35c42c6-8b73-4528-b08d-c94b75624b40,16,6,10,5,1,1769059158,2026-01-22 00:21:18
1795146692060860976,19,7,12,3,1,1769059158,2026-01-22 00:21:18
1835250442210857240,19,1,18,0,1,1769059158,2026-01-22 00:21:18
cbf76774-1276-4cf8-9442-f00571f1451c,31,30,1,0,1,1769059159,2026-01-22 00:21:18
1786697771181570266,16,1,15,23,1,1769059158,2026-01-22 00:21:18
ab5c5ee6-9c4e-4aaa-a14e-d236d3e01d9a,0,0,0,0,0,86400,2026-01-22 00:21:18
a93cb1ec-fb37-4faf-a7e7-d1e5a9e9af95,0,0,0,0,0,86400,2026-01-22 00:21:18
32c60668-a192-4d06-aa7c-6d6f7aed6b45,0,0,0,0,0,86400,2026-01-22 00:21:18
fd0e86e3-079d-40aa-8231-ec2cbdbd9e7f,0,0,0,0,0,86400,2026-01-22 00:21:18
d67375ea-3f93-4996-b0dc-f542341f2e6a,0,0,0,0,0,86400,2026-01-22 00:21:18
66dccad8-0aca-11e7-82f6-3863bb44ef7c,0,0,0,0,0,86400,2026-01-22 00:21:18
d2024260-cc58-451b-9417-3a695f8a1b34,0,0,0,0,0,1767211364,2026-01-22 00:21:18
2171903221356328154,0,0,0,0,0,86400,2026-01-22 00:21:18
2171903733697659376,0,0,0,0,0,86400,2026-01-22 00:21:18
2171903845366809074,0,0,0,0,0,86400,2026-01-22 00:21:18
2121032507515216178,6,1,5,4,1,1769058933,2026-01-22 00:21:18
a6a132f9-89bf-42a4-afe6-1ca449b7f570,3,1,2,15,1,1769059061,2026-01-22 00:21:18
06f0d251-e1e3-435c-8c5f-9b991a14ca4a,3,2,1,22,1,1769059061,2026-01-22 00:21:18
d946ce73-5487-4ab7-b429-cf873e9af5b5,11,2,9,8,1,1769059061,2026-01-22 00:21:18
d08be53f-9691-4d6f-81f3-7d052abb7dd6,7,2,5,10,1,1769059062,2026-01-22 00:21:18
1854538793462575652,11,3,8,6,1,1769059062,2026-01-22 00:21:18
f3b359e2-7983-4aaf-b6b0-e3b7d30816a4,17,2,15,1,1,1769059062,2026-01-22 00:21:18
1820420224296772166,10,3,7,10,1,1769059066,2026-01-22 00:21:18
fea72f55-d296-47af-9446-149688dcccbd,0,0,0,15,1,1769059064,2026-01-22 00:21:18
8e631be4-1e0c-4627-a261-18f0003d0ba2,16,16,0,25,1,1769059064,2026-01-22 00:21:18
d8e02e7b-632b-4fbe-95b9-80efa47473e3,0,0,0,21,1,1769059061,2026-01-22 00:21:18
66dc9068-0aca-11e7-82f6-3863bb44ef7c,21,7,14,49,1,1769059071,2026-01-22 00:21:18
66ddef96-0aca-11e7-82f6-3863bb44ef7c,26,6,20,17,1,1769059071,2026-01-22 00:21:18
1815968422007427668,7,1,6,12,1,1769059072,2026-01-22 00:21:18
e982e1cb-7e7b-4769-85b8-565925200654,9,2,7,15,1,1769059073,2026-01-22 00:21:18
1815967674683118258,22,1,21,1,1,1769059073,2026-01-22 00:21:18
1877653505745721834,3,2,1,16,1,1769059073,2026-01-22 00:21:18
66dd243c-0aca-11e7-82f6-3863bb44ef7c,37,3,34,40,1,1769059073,2026-01-22 00:21:18
15e1568b-f502-47a2-9d3d-b5aaa1edc239,5,2,3,16,1,1769059067,2026-01-22 00:21:18
0197e9da-ae03-40a7-8270-fe500bfc9e18,3,3,0,17,1,1769059070,2026-01-22 00:21:18
e666a344-1afb-4512-b2e9-2fc5ed71be2b,2,0,2,19,1,1769059070,2026-01-22 00:21:18
66dc1d0c-0aca-11e7-82f6-3863bb44ef7c,3,2,1,22,1,1769059070,2026-01-22 00:21:18
66db89a3-0aca-11e7-82f6-3863bb44ef7c,63,5,58,9,1,1769059072,2026-01-22 00:21:18
b7df61c0-8ead-46cb-9d6e-a6a3011ffb71,8,4,4,17,1,1769059073,2026-01-22 00:21:18
66db6da2-0aca-11e7-82f6-3863bb44ef7c,47,34,13,4,1,1769059069,2026-01-22 00:21:18
33c533cd-5f0e-4c15-a00a-6a2bf1e2d077,17,17,0,44,1,1769059069,2026-01-22 00:21:18
bde94a25-6089-4490-af3a-8cc5702230b8,90,73,17,9,1,1769059069,2026-01-22 00:21:18
b30815c0-99b6-451b-be15-902992cb8abb,40,38,2,15,1,1769059070,2026-01-22 00:21:18
c4d6b123-df5a-446d-b0ae-d3c4846565d5,2,0,2,20,1,1769059073,2026-01-22 00:21:18
ace80a8c-6196-484e-8dd0-061e3c90389b,3,3,0,26,1,1769059073,2026-01-22 00:21:18
54782566-697b-497e-a503-dc1f39963eb2,8,5,3,17,1,1769059042,2026-01-22 00:21:18
66dde208-0aca-11e7-82f6-3863bb44ef7c,33,30,3,2,1,1769059040,2026-01-22 00:21:18
66de110b-0aca-11e7-82f6-3863bb44ef7c,15,3,12,23,1,1769059040,2026-01-22 00:21:18
66dbebad-0aca-11e7-82f6-3863bb44ef7c,33,25,8,17,1,1769059040,2026-01-22 00:21:18
c56739c2-b310-4d73-ab0e-b6036abd9561,19,1,18,6,1,1769059041,2026-01-22 00:21:18
1817432954560889524,6,0,6,13,1,1769059041,2026-01-22 00:21:18
e1a3f2f9-618f-4727-b2d6-676e02aadf17,11,2,9,11,1,1769059041,2026-01-22 00:21:18
852218fc-5e5b-4153-bc3f-03760b57e68a,5,0,5,16,1,1769059041,2026-01-22 00:21:18
2018303498843153278,23,12,11,4,1,1769059041,2026-01-22 00:21:18
1846085533896197012,21,2,19,0,1,1769059045,2026-01-22 00:21:18
2098359443836787630,23,23,0,47,1,1769059045,2026-01-22 00:21:18
b7c6ce96-a24d-4c1e-93ee-6f49c1adf119,4,2,2,11,1,1769059045,2026-01-22 00:21:18
66db4282-0aca-11e7-82f6-3863bb44ef7c,37,6,31,38,1,1769059044,2026-01-22 00:21:18
1814907062275537820,19,5,14,9,1,1769059044,2026-01-22 00:21:18
2e5cde21-f0a2-4396-899e-6df275e99212,4,4,0,16,1,1769059043,2026-01-22 00:21:18
a724eb92-55ca-4b9f-9a87-c2e87b3cbd40,1,1,0,19,1,1769059043,2026-01-22 00:21:18
1945125910957847430,2,1,1,18,1,1769059045,2026-01-22 00:21:18
66db7a0d-0aca-11e7-82f6-3863bb44ef7c,45,20,25,6,1,1769059076,2026-01-22 00:21:18
999865d2-0735-4e85-a9d4-00810231530e,8,0,8,13,1,1769059077,2026-01-22 00:21:18
48e7e465-f861-452a-9bf7-7eacd0b2bcac,17,0,17,2,1,1769059077,2026-01-22 00:21:18
e4980fd0-e540-40ca-acba-c2a74f3294fc,1,1,0,22,1,1769059076,2026-01-22 00:21:18
bc512527-7863-48d5-aea8-3de470abc1ee,6,3,3,12,1,1769059077,2026-01-22 00:21:18
77463580-6421-403d-b170-f2660c216175,4,1,3,19,1,1769059077,2026-01-22 00:21:18
66de44ba-0aca-11e7-82f6-3863bb44ef7c,25,3,22,14,1,1769059074,2026-01-22 00:21:18
efa2a82f-eb4a-4b82-a602-6c42cb984101,3,2,1,14,1,1769059075,2026-01-22 00:21:18
2010065065442370322,0,0,0,23,1,1769059076,2026-01-22 00:21:18
66db3ba0-0aca-11e7-82f6-3863bb44ef7c,20,13,7,50,1,1769059080,2026-01-22 00:21:18
b7d7543b-74ac-4a48-a3c4-412f9ffbc727,7,0,7,17,1,1769059080,2026-01-22 00:21:18
868586b3-ddc7-4b4b-9bed-a1e487033aaa,42,9,33,3,1,1769059080,2026-01-22 00:21:18
22e38a04-e70d-4484-bbf3-f6e8c64fdbd4,3,3,0,18,1,1769059080,2026-01-22 00:21:18
ffef95fa-600b-4f08-b2ce-e8eb034ebfd8,21,20,1,11,1,1769059080,2026-01-22 00:21:18
aa0e6301-4162-428d-8943-7b684089b0d1,8,0,8,10,1,1769059077,2026-01-22 00:21:18
8f72fe26-98aa-4e87-a612-9ae0eb1d9a38,16,0,16,3,1,1769059078,2026-01-22 00:21:18
d52d4171-fd60-4a28-b7e2-89f3693e0591,14,5,9,1,1,1769059081,2026-01-22 00:21:18
1841926579628419438,0,0,0,17,1,1769059081,2026-01-22 00:21:18
1814900898997467540,7,1,6,11,1,1769059081,2026-01-22 00:21:18
eb8fcff2-6f58-4724-b564-ebc9a8d374d8,15,2,13,0,1,1769059079,2026-01-22 00:21:18
b930dd82-92d0-4d86-b896-7d8b827c2d5f,1,1,0,16,1,1769059079,2026-01-22 00:21:18
64de0666-b9ab-404e-a16b-03e449bb5b4d,6,4,2,11,1,1769059079,2026-01-22 00:21:18
92a51669-deec-45a9-8494-fafdf6356c51,5,2,3,26,1,1769059057,2026-01-22 00:21:18
66db3f62-0aca-11e7-82f6-3863bb44ef7c,22,6,16,34,1,1769059057,2026-01-22 00:21:18
1864605659096685518,1,1,0,16,1,1769059054,2026-01-22 00:21:18
62e2b1dd-ca52-4e1c-a112-1d8846b9d9b5,17,4,13,0,1,1769059054,2026-01-22 00:21:18
fac701fb-c433-496e-933b-ea137dbe7fe1,4,0,4,13,1,1769059056,2026-01-22 00:21:18
1893519215751496610,27,0,27,1,1,1769059059,2026-01-22 00:21:18
398aa734-3893-4dba-a704-57ae8632c4f9,10,8,2,11,1,1769059059,2026-01-22 00:21:18
0c923abb-298a-4a47-b132-9fae73cc59e6,10,7,3,30,1,1769059060,2026-01-22 00:21:18
2436e886-dc53-47cb-8733-d663f9dcd922,4,4,0,20,1,1769059059,2026-01-22 00:21:18
66de3fde-0aca-11e7-82f6-3863bb44ef7c,14,12,2,9,1,1769059059,2026-01-22 00:21:18
ffaa8f6a-a4ea-4d3a-a57c-f42f77cd4581,0,0,0,23,1,1769059060,2026-01-22 00:21:18
e6f3c665-0c87-4f34-a5e8-69baeed7b7bf,5,0,5,15,1,1769059060,2026-01-22 00:21:18
66ddb6d9-0aca-11e7-82f6-3863bb44ef7c,57,24,33,10,1,1769059055,2026-01-22 00:21:18
b319c797-71ff-490c-b965-ba2ac0f50da0,3,1,2,14,1,1769059055,2026-01-22 00:21:18
1908785111291682996,6,2,4,12,1,1769059055,2026-01-22 00:21:18
55146e49-9bc4-4f13-bdf7-25422342b638,0,0,0,17,1,1769059059,2026-01-22 00:21:18
b64eb0a5-d6d4-4f45-8c9a-e2d004819c99,6,0,6,12,1,1769059098,2026-01-22 00:21:18
99142ec8-c0e7-47ca-916c-c1097d48e133,35,23,12,7,1,1769059099,2026-01-22 00:21:18
1828967346753327602,9,2,7,9,1,1769059098,2026-01-22 00:21:18
cd72b9da-b7c6-4785-92b5-0fb2130f0d7b,1,1,0,21,1,1769059099,2026-01-22 00:21:18
1786696564295760054,13,9,4,13,1,1769059101,2026-01-22 00:21:18
40eaa69a-d3ab-48fc-b395-b5bdc6a1aa85,3,3,0,16,1,1769059101,2026-01-22 00:21:18
c02864f0-2611-440b-98f4-45fddfd545fe,20,2,18,2,1,1769059101,2026-01-22 00:21:18
1882735457106787122,20,13,7,5,1,1769059101,2026-01-22 00:21:18
d11db4cd-f9bf-430b-ac19-104fef323b24,8,7,1,12,1,1769059102,2026-01-22 00:21:18
94bcf812-5cff-460c-841f-54876ed1e7a4,2,1,1,16,1,1769059102,2026-01-22 00:21:18
48b19cc8-bf45-4602-89ac-a8c0a0560c43,18,7,11,1,1,1769059102,2026-01-22 00:21:18
66dc24b8-0aca-11e7-82f6-3863bb44ef7c,44,4,40,24,1,1769059097,2026-01-22 00:21:18
8f1fdf4b-ecca-4f03-b04c-e10fe596e2c7,0,0,0,26,1,1769059096,2026-01-22 00:21:18
ea9a19a6-acea-4286-a723-b5481c90a3c0,20,0,20,3,1,1769059096,2026-01-22 00:21:18
c45aa693-fedd-478f-ade9-bf176c4e32ff,6,5,1,13,1,1769059096,2026-01-22 00:21:18
a90e9ad3-4347-4fa4-b031-9bf1f69ce049,3,3,0,15,1,1769059099,2026-01-22 00:21:18
52e81f02-b1f9-45d6-9e5c-e15277de1268,9,4,5,14,1,1769059099,2026-01-22 00:21:18
7cb65297-c880-459a-b054-4e059576c02a,5,2,3,14,1,1769059099,2026-01-22 00:21:18
8ef6ec7d-e898-4edc-8f3f-af888f8c5ef4,4,0,4,18,1,1769059099,2026-01-22 00:21:18
3db2fa34-0b56-4644-9ae9-bbee1583e717,10,5,5,15,1,1769059101,2026-01-22 00:21:18
1869753340438110380,6,1,5,12,1,1769059100,2026-01-22 00:21:18
7f6674c4-5568-4766-b172-0385348ae184,1,0,1,19,1,1769059101,2026-01-22 00:21:18
1834145468418707676,14,0,14,4,1,1769059037,2026-01-22 00:21:18
dccab832-b4a2-4105-927d-b52ec0d92c92,17,5,12,2,1,1769059038,2026-01-22 00:21:18
c7ffe3fa-9cd6-4d35-9060-7d5822381442,72,48,24,1,1,1769059038,2026-01-22 00:21:18
6651fc84-09d1-4cdb-a8d5-7d6345fb3466,14,1,13,3,1,1769059039,2026-01-22 00:21:18
e10a6e12-d98c-4625-940a-9f83d9b2f6c4,12,0,12,8,1,1769059039,2026-01-22 00:21:18
87091002-cc25-452a-b5d9-f8d0c3fce422,2,1,1,21,1,1769059039,2026-01-22 00:21:18
199ea9dd-8f7e-4e05-a730-55edaacd8787,9,3,6,47,1,1769059040,2026-01-22 00:21:18
1958457675193833900,14,4,10,8,1,1769059047,2026-01-22 00:21:18
e72f0aec-2293-4636-988c-b9d30df092f8,26,26,0,18,1,1769059047,2026-01-22 00:21:18
c37931bb-8571-4671-a9a8-f3cf23897680,36,11,25,55,1,1769059050,2026-01-22 00:21:18
1859811213834095332,15,1,14,9,1,1769059051,2026-01-22 00:21:18
66db3997-0aca-11e7-82f6-3863bb44ef7c,21,3,18,54,1,1769059051,2026-01-22 00:21:18
0ebdda6a-37e4-4ff4-94e8-3947f49d8e24,9,6,3,13,1,1769059052,2026-01-22 00:21:18
66dca682-0aca-11e7-82f6-3863bb44ef7c,42,30,12,21,1,1769059046,2026-01-22 00:21:18
66dc7de9-0aca-11e7-82f6-3863bb44ef7c,110,70,40,0,1,1769059047,2026-01-22 00:21:18
f54ad1f8-fe58-49ac-82ae-b742aec66829,45,39,6,32,1,1769059053,2026-01-22 00:21:18
1817432233006383832,18,3,15,3,1,1769059054,2026-01-22 00:21:18
17ba4945-b202-4667-965f-211d80622646,7,0,7,15,1,1769059053,2026-01-22 00:21:18
66de269c-0aca-11e7-82f6-3863bb44ef7c,14,9,5,18,1,1769059083,2026-01-22 00:21:18
1813395029173762108,28,27,1,12,1,1769059083,2026-01-22 00:21:18
66db269c-0aca-11e7-82f6-3863bb44ef7c,19,16,3,10,1,1769059084,2026-01-22 00:21:18
66dd18dd-0aca-11e7-82f6-3863bb44ef7c,20,7,13,7,1,1769059084,2026-01-22 00:21:18
330ee4e3-29cb-48e5-845f-a8ccf1aa2ce6,8,7,1,17,1,1769059085,2026-01-22 00:21:18
79399e32-a6c6-4732-8ad4-9f9140a86b21,19,14,5,3,1,1769059085,2026-01-22 00:21:18
1861680889400379678,16,13,3,3,1,1769059085,2026-01-22 00:21:18
1843486390605672640,8,3,5,17,1,1769059085,2026-01-22 00:21:18
18326827-dcae-47e0-8518-c4bb9e21eef6,26,0,26,4,1,1769059085,2026-01-22 00:21:18
1934770108420609000,1,0,1,16,1,1769059086,2026-01-22 00:21:18
c8060816-b4aa-4fd9-bc66-af28bf61dc87,2,2,0,19,1,1769059085,2026-01-22 00:21:18
66de103b-0aca-11e7-82f6-3863bb44ef7c,9,1,8,11,1,1769059085,2026-01-22 00:21:18
a70b26b7-fbad-4787-bf15-29f7b13a19ab,3,3,0,17,1,1769059087,2026-01-22 00:21:18
1828965887815635862,2,1,1,19,1,1769059087,2026-01-22 00:21:18
66dc90d5-0aca-11e7-82f6-3863bb44ef7c,33,28,5,0,1,1769059087,2026-01-22 00:21:18
50575cba-95ac-4134-9da1-3eec8253afc4,4,0,4,34,1,1769059088,2026-01-22 00:21:18
66dd20eb-0aca-11e7-82f6-3863bb44ef7c,31,14,17,3,1,1769059088,2026-01-22 00:21:18
5e93b806-08e1-4ef9-98ae-d3dda20e0469,14,12,2,10,1,1769059082,2026-01-22 00:21:18
f882ccc8-45aa-426b-aef6-514fe1d3d9cc,12,2,10,17,1,1769059083,2026-01-22 00:21:18
1880643915885220532,0,0,0,30,1,1769059086,2026-01-22 00:21:18
1851674088959433552,6,2,4,15,1,1769059086,2026-01-22 00:21:18
1860188607062574024,1,0,1,17,1,1769059086,2026-01-22 00:21:18
16a4effc-282e-4053-b47b-31f734d50c08,17,2,15,5,1,1769059086,2026-01-22 00:21:18
1947001743402778700,5,0,5,18,1,1769059087,2026-01-22 00:21:18
514afe43-84d4-4941-8281-75a93c5cd365,4,1,3,12,1,1769059092,2026-01-22 00:21:18
66dc1e55-0aca-11e7-82f6-3863bb44ef7c,14,9,5,47,1,1769059092,2026-01-22 00:21:18
db91c9e0-d80b-4cb4-9cc2-9453ec8fbeac,2,2,0,15,1,1769059093,2026-01-22 00:21:18
1975559886658995034,9,9,0,15,1,1769059093,2026-01-22 00:21:18
01839a78-f228-4706-8f7f-147b857492f2,11,10,1,10,1,1769059093,2026-01-22 00:21:18
80969478-8dbc-42e1-8e16-ac0132a431c2,24,7,17,0,1,1769059093,2026-01-22 00:21:18
1862759079900600428,3,2,1,15,1,1769059093,2026-01-22 00:21:18
66dce4fc-0aca-11e7-82f6-3863bb44ef7c,12,4,8,12,1,1769059090,2026-01-22 00:21:18
d9bc0b3e-1af8-4cb6-a082-8ef1245ef329,8,4,4,20,1,1769059091,2026-01-22 00:21:18
467e1de6-73a6-480f-9e83-fd1b03b71047,16,2,14,8,1,1769059091,2026-01-22 00:21:18
f752c376-3a6f-4cd3-b9fd-3c049d45a9a6,2,0,2,15,1,1769059093,2026-01-22 00:21:18
66dcf023-0aca-11e7-82f6-3863bb44ef7c,11,8,3,8,1,1769059093,2026-01-22 00:21:18
66de0bcb-0aca-11e7-82f6-3863bb44ef7c,11,7,4,43,1,1769059094,2026-01-22 00:21:18
1845677022981917240,12,2,10,5,1,1769059090,2026-01-22 00:21:18
760ebaea-f7c7-45ad-aa3b-395d97adcf8f,11,5,6,10,1,1769059088,2026-01-22 00:21:18
7a15d81b-357e-42e0-b208-93ffd562fd63,1,0,1,24,1,1769059089,2026-01-22 00:21:18
66dcf640-0aca-11e7-82f6-3863bb44ef7c,21,2,19,3,1,1769059092,2026-01-22 00:21:18
66dd266a-0aca-11e7-82f6-3863bb44ef7c,28,2,26,3,1,1769059092,2026-01-22 00:21:18
2121033322026834516,11,1,10,2,1,1769059089,2026-01-22 00:21:18
b9deb521-41b6-4f8a-ac78-0e58e3977f2c,9,4,5,16,1,1769059094,2026-01-22 00:21:18
bb0ce308-e5d9-48c7-9f4b-cf0120f2c39a,0,0,0,23,1,1769059095,2026-01-22 00:21:18
1819720453019329398,8,3,5,13,1,1769059095,2026-01-22 00:21:18
0cc38ba1-4625-4821-9a6f-e490525cbce2,3,3,0,16,1,1769059095,2026-01-22 00:21:18
2cd651e7-1e3a-4cd9-8fd1-a2416e032f6e,5,4,1,18,1,1769059103,2026-01-22 00:21:18
d837d1b0-8f80-4f6c-ae45-5dd0deec6977,19,4,15,3,1,1769059103,2026-01-22 00:21:18
66dbca0f-0aca-11e7-82f6-3863bb44ef7c,48,37,11,9,1,1769059104,2026-01-22 00:21:18
66dea52b-0aca-11e7-82f6-3863bb44ef7c,0,0,0,18,1,1769059105,2026-01-22 00:21:18
1838685618105506490,1,1,0,17,1,1769059105,2026-01-22 00:21:18
1843486667668726558,18,0,18,3,1,1769059105,2026-01-22 00:21:18
1838070626762830158,5,1,4,14,1,1769059105,2026-01-22 00:21:18
e6b6c6e2-5fcb-47cd-8f2d-4324b7c977c8,0,0,0,20,1,1769059106,2026-01-22 00:21:18
66dc8bfd-0aca-11e7-82f6-3863bb44ef7c,27,13,14,22,1,1769059106,2026-01-22 00:21:18
1885718199416500650,8,1,7,15,1,1769059106,2026-01-22 00:21:18
31f340f3-3201-449e-b017-a26813aa448f,1,1,0,17,1,1769059102,2026-01-22 00:21:18
ecbfcdb7-fffc-4d45-bed2-1510fd45834d,10,1,9,8,1,1769059103,2026-01-22 00:21:18
6ae35aa8-644e-4b2c-b6a4-6570192f78ab,18,4,14,11,1,1769059103,2026-01-22 00:21:18
39f756c2-3904-463e-95a8-8d8e3540e845,60,26,34,4,1,1769059103,2026-01-22 00:21:18
3ff00115-e8da-4326-97d3-7bf4fe4df7a5,10,2,8,10,1,1769059107,2026-01-22 00:21:18
7f3aa940-18ef-4900-89dc-cdb05f693f31,7,3,4,12,1,1769059108,2026-01-22 00:21:18
46dca5c6-7bd3-4a4f-aa1e-33aa66652294,21,7,14,6,1,1769059108,2026-01-22 00:21:18
1835247745828931742,3,3,0,16,1,1769059108,2026-01-22 00:21:18
2127386600787000162,2,2,0,23,1,1769059107,2026-01-22 00:21:18
dadd2084-d844-46f5-b7a4-128d31eeba8e,0,0,0,18,1,1769059107,2026-01-22 00:21:18
2b33334b-243c-4a16-a6d2-32304c8884f1,5,5,0,15,1,1769059108,2026-01-22 00:21:18
1814906873296976512,6,2,4,14,1,1769059113,2026-01-22 00:21:18
1835249317786962140,2,2,0,24,1,1769059113,2026-01-22 00:21:18
1856847127505992556,0,0,0,0,1,1769059113,2026-01-22 00:21:18
8f672aa7-08a1-4fe2-a471-06f219c0eb1b,4,2,2,12,1,1769059113,2026-01-22 00:21:18
785b3e6b-dab5-4d25-afab-e2a1ef918669,24,16,8,1,1,1769059113,2026-01-22 00:21:18
1848241425697670086,31,8,23,5,1,1769059114,2026-01-22 00:21:18
9a37d8a1-990b-484c-9603-262dbd1165cc,5,1,4,13,1,1769059114,2026-01-22 00:21:18
0cde9bcd-0dcb-45dc-9c9a-3e5485b5452e,5,2,3,13,1,1769059111,2026-01-22 00:21:18
c9cd8c29-7f0b-4979-9a0e-bec4613d2600,1,1,0,18,1,1769059111,2026-01-22 00:21:18
1838071090619298218,18,12,6,11,1,1769059111,2026-01-22 00:21:18
a23a40c3-6da5-4b0f-bb6b-8bfc01ec2261,8,1,7,10,1,1769059111,2026-01-22 00:21:18
e6c2a46e-431a-4101-af84-870f660ff4cb,5,5,0,62,1,1769059111,2026-01-22 00:21:18
c042a307-2d7d-4ee9-95b7-a7505a3428c2,1,1,0,33,1,1769059111,2026-01-22 00:21:18
1846086463217404850,19,4,15,5,1,1769059110,2026-01-22 00:21:18
1861683747231494964,2,1,1,14,1,1769059110,2026-01-22 00:21:18
81640d04-c36a-4fb1-98b0-85be10be516c,9,0,9,11,1,1769059112,2026-01-22 00:21:18
2121032035614514006,11,0,11,1,1,1769059109,2026-01-22 00:21:18
3bf69f3e-23f6-4abe-b5fe-dabe6b0ea066,9,9,0,14,1,1769059110,2026-01-22 00:21:18
1898455214498195676,2,1,1,17,1,1769059111,2026-01-22 00:21:18
b47e5ffd-4215-4476-a89b-ebe52111f763,33,1,32,4,1,1769059111,2026-01-22 00:21:18
bb07a569-cc74-439e-b424-916c0304f136,6,4,2,22,1,1769059112,2026-01-22 00:21:18
2132211694027383298,16,9,7,0,1,1769059109,2026-01-22 00:21:18
bd30f2a1-38ec-474d-9e36-07f688e87427,11,4,7,4,1,1769059113,2026-01-22 00:21:18
1828964993433043090,12,0,12,5,1,1769059124,2026-01-22 00:21:18
1786699974232881542,5,0,5,15,1,1769059123,2026-01-22 00:21:18
2009671276352543716,15,10,5,3,1,1769059124,2026-01-22 00:21:18
66db2e3a-0aca-11e7-82f6-3863bb44ef7c,43,32,11,7,1,1769059124,2026-01-22 00:21:18
189f573b-a2d0-40d2-af15-83c5015d93e2,5,5,0,18,1,1769059124,2026-01-22 00:21:18
66db46d7-0aca-11e7-82f6-3863bb44ef7c,17,9,8,11,1,1769059124,2026-01-22 00:21:18
1864606193814670106,6,1,5,16,1,1769059126,2026-01-22 00:21:18
1860189190334925058,3,0,3,18,1,1769059126,2026-01-22 00:21:18
5eac53d0-5510-441a-9dbb-76bd38acf4ef,1,0,1,15,1,1769059126,2026-01-22 00:21:18
1876864480506022446,16,1,15,4,1,1769059126,2026-01-22 00:21:18
2104278402820534724,22,2,20,19,1,1769059123,2026-01-22 00:21:18
1854255035042870020,10,0,10,7,1,1769059123,2026-01-22 00:21:18
4d674595-187c-417c-a691-676c4446c9fc,8,2,6,12,1,1769059126,2026-01-22 00:21:18
bf317efc-13f1-42be-8243-373a29354033,10,5,5,15,1,1769059126,2026-01-22 00:21:18
66dc8768-0aca-11e7-82f6-3863bb44ef7c,20,12,8,20,1,1769059125,2026-01-22 00:21:18
fec4aa1b-9fc1-4dd9-ab39-c1d7370a6e54,6,0,6,14,1,1769059128,2026-01-22 00:21:18
1860188069348460678,19,1,18,1,1,1769059128,2026-01-22 00:21:18
66dd4bf7-0aca-11e7-82f6-3863bb44ef7c,6,4,2,34,1,1769059128,2026-01-22 00:21:18
ddc8ca6c-dceb-4603-ab1e-4bd972ca2a3d,13,3,10,4,1,1769059126,2026-01-22 00:21:18
1848241963446241866,17,11,6,2,1,1769059126,2026-01-22 00:21:18
94771406-6712-4508-9392-11e9d90e1185,16,11,5,1,1,1769059127,2026-01-22 00:21:18
66dd3fc3-0aca-11e7-82f6-3863bb44ef7c,13,3,10,25,1,1769059142,2026-01-22 00:21:18
66de1c33-0aca-11e7-82f6-3863bb44ef7c,30,29,1,18,1,1769059142,2026-01-22 00:21:18
7f1b4c40-d9fa-4182-be0e-a993655cfb6f,21,13,8,0,1,1769059142,2026-01-22 00:21:18
ccaadb70-6c87-4ccc-9914-a3167bd1bc0e,7,3,4,23,1,1769059143,2026-01-22 00:21:18
2121032708855884414,8,2,6,7,1,1769059142,2026-01-22 00:21:18
1865017865553426604,9,1,8,9,1,1769059143,2026-01-22 00:21:18
1814900752968579218,13,1,12,7,1,1769059143,2026-01-22 00:21:18
2121032973750651666,4,1,3,9,1,1769059143,2026-01-22 00:21:18
85ba92ab-8d0a-4d17-9d07-0173e16d3b6d,2,0,2,17,1,1769059141,2026-01-22 00:21:18
2124426189188761638,14,13,1,0,1,1769059063,2026-01-22 00:21:18
1815967051912860522,19,0,19,9,1,1769059139,2026-01-22 00:21:18
1786697932047949952,8,5,3,14,1,1769059138,2026-01-22 00:21:18
66de542a-0aca-11e7-82f6-3863bb44ef7c,35,0,35,7,1,1769059139,2026-01-22 00:21:18
66dcccfe-0aca-11e7-82f6-3863bb44ef7c,7,3,4,11,1,1769059140,2026-01-22 00:21:18
66dc0bbd-0aca-11e7-82f6-3863bb44ef7c,29,8,21,5,1,1769059140,2026-01-22 00:21:18
1875023224873448258,9,0,9,11,1,1769059139,2026-01-22 00:21:18
29223935-a682-411c-9f25-577bbb9804fc,18,0,18,2,1,1769059140,2026-01-22 00:21:18
1887292564377354448,6,0,6,23,1,1769059140,2026-01-22 00:21:18
66ddbd20-0aca-11e7-82f6-3863bb44ef7c,71,65,6,20,1,1769059141,2026-01-22 00:21:18
101c813e-02a8-4b6b-bd5d-981c1ea62019,0,0,0,21,1,1769059140,2026-01-22 00:21:18
711ccb32-e1bc-4577-ac7b-50592cc9b8a0,20,5,15,4,1,1769059138,2026-01-22 00:21:18
d0b87aa7-7e19-40d2-8f7d-6a622e6ac391,9,7,3,12,1,1769059138,2026-01-22 00:21:18
9e0b3452-ef6d-4e94-8c05-7bef199cdb74,8,7,0,10,1,1769059138,2026-01-22 00:21:18
4f57360d-a4cb-4568-b74a-f3086ccaee2e,9,4,5,11,1,1769059138,2026-01-22 00:21:18
0927e331-866f-4d99-99b4-04edde99117a,14,7,7,24,1,1769059138,2026-01-22 00:21:18
66dc79e6-0aca-11e7-82f6-3863bb44ef7c,9,5,5,12,1,1769059138,2026-01-22 00:21:18
66dd23a9-0aca-11e7-82f6-3863bb44ef7c,13,10,3,14,1,1769059139,2026-01-22 00:21:18
1786687245202023014,28,8,20,2,1,1769059141,2026-01-22 00:21:18
c530a1cb-7c60-4651-be8a-9bfa5eb43f8a,26,17,9,8,1,1769059141,2026-01-22 00:21:18
1880643497376459348,0,0,0,21,1,1769059116,2026-01-22 00:21:18
1843486189591985058,4,1,3,18,1,1769059116,2026-01-22 00:21:18
b03adb87-2bd9-43a5-a822-7d06a9ee2d81,28,6,22,1,1,1769059117,2026-01-22 00:21:18
40914c6b-293d-49ac-b83a-d9d4af998aea,8,6,2,9,1,1769059117,2026-01-22 00:21:18
2124037656159914878,4,2,2,8,1,1769059117,2026-01-22 00:21:18
9ac5758f-0419-4e28-8387-6bcd28db17fa,9,0,9,8,1,1769059117,2026-01-22 00:21:18
66dcca0d-0aca-11e7-82f6-3863bb44ef7c,1,0,1,19,1,1769059119,2026-01-22 00:21:18
4168e5a4-c7ec-4045-bfc8-84ac5edbe845,32,28,4,11,1,1769059119,2026-01-22 00:21:18
66db631c-0aca-11e7-82f6-3863bb44ef7c,63,49,14,12,1,1769059120,2026-01-22 00:21:18
1786375597504305174,32,0,32,11,1,1769059120,2026-01-22 00:21:18
1833865926273309136,23,13,10,38,1,1769059120,2026-01-22 00:21:18
1820420022433309054,24,9,15,0,1,1769059120,2026-01-22 00:21:18
2142879485385917038,19,11,8,11,1,1769059115,2026-01-22 00:21:18
17aba164-9d41-4336-9767-2218b8994ded,7,0,7,15,1,1769059115,2026-01-22 00:21:18
1849009244468810224,16,3,13,2,1,1769059115,2026-01-22 00:21:18
7a771842-c090-4da1-8c13-72b7f4f50a87,17,2,15,16,1,1769059116,2026-01-22 00:21:18
1827839088308194240,103,91,12,12,1,1769059115,2026-01-22 00:21:18
923a60f7-2a0e-4a31-8dd5-66c8518c929e,12,5,7,9,1,1769059115,2026-01-22 00:21:18
1843486597735840252,15,2,13,7,1,1769059115,2026-01-22 00:21:18
1849008925260421550,15,1,14,5,1,1769059115,2026-01-22 00:21:18
9d23b0e9-a478-407c-a0e0-0aff1b0398fc,1,1,0,20,1,1769059115,2026-01-22 00:21:18
2111353842893366258,2,1,1,32,1,1769059122,2026-01-22 00:21:18
be435dfd-e859-487c-ae32-3d2b76d49a49,11,0,11,7,1,1769059122,2026-01-22 00:21:18
1871972060496771504,3,3,0,14,1,1769059122,2026-01-22 00:21:18
1198e739-787c-4ce4-aa63-ffaf98506e9c,0,0,0,62,1,1769059122,2026-01-22 00:21:18
66dc22a7-0aca-11e7-82f6-3863bb44ef7c,18,5,13,25,1,1769059122,2026-01-22 00:21:18
1834145868297717964,4,1,3,14,1,1769059122,2026-01-22 00:21:18
4543214c-c9d4-4f20-9cd9-dd05cc365931,35,35,0,10,1,1769059118,2026-01-22 00:21:18
8a13182a-4823-4fe7-afcd-a4ef0b134ed9,7,5,2,12,1,1769059118,2026-01-22 00:21:18
1786697166576476490,27,23,4,18,1,1769059119,2026-01-22 00:21:18
66de1368-0aca-11e7-82f6-3863bb44ef7c,26,9,17,9,1,1769059119,2026-01-22 00:21:18
753591ba-36f7-4ded-ab7d-40df9994a05f,6,4,2,17,1,1769059120,2026-01-22 00:21:18
1828969726487003714,8,1,7,10,1,1769059121,2026-01-22 00:21:18
77b21502-a7a2-40b4-8f3e-f9c6c6ef0939,12,1,11,13,1,1769059121,2026-01-22 00:21:18
66db5e6a-0aca-11e7-82f6-3863bb44ef7c,9,6,3,9,1,1769059117,2026-01-22 00:21:18
1860187430946456420,1,0,1,17,1,1769059128,2026-01-22 00:21:18
66db479e-0aca-11e7-82f6-3863bb44ef7c,23,5,18,16,1,1769059131,2026-01-22 00:21:18
426862de-f8f2-4967-ba41-76680a4b460c,1,0,1,17,1,1769059131,2026-01-22 00:21:18
14f928c6-9a51-40a2-b7e6-a74e8b351dbf,4,1,3,20,1,1769059131,2026-01-22 00:21:18
1877920686883352866,19,9,10,1,1,1769059132,2026-01-22 00:21:18
f72a253f-3cef-4da8-9591-0cbd3a692162,22,14,8,20,1,1769059130,2026-01-22 00:21:18
9b721468-3b28-429d-9e13-580cdf00a6a4,12,1,11,11,1,1769059131,2026-01-22 00:21:18
380394f7-64fa-4a65-a4d1-7bcaddd41fab,12,7,5,7,1,1769059129,2026-01-22 00:21:18
66de4f9c-0aca-11e7-82f6-3863bb44ef7c,21,2,19,7,1,1769059129,2026-01-22 00:21:18
1854537815365165328,0,0,0,19,1,1769059129,2026-01-22 00:21:18
1851254360969534132,6,5,1,18,1,1769059129,2026-01-22 00:21:18
66dd51e6-0aca-11e7-82f6-3863bb44ef7c,40,24,16,36,1,1769059130,2026-01-22 00:21:18
68827e5f-ed28-45de-99bf-66093a8c504f,4,2,2,16,1,1769059130,2026-01-22 00:21:18
1945126257666675246,13,10,3,8,1,1769059133,2026-01-22 00:21:18
0eacb768-c7d5-4499-9182-9a1331d9280c,28,0,28,1,1,1769059133,2026-01-22 00:21:18
8456b63c-37c6-49a6-8c02-bb6dcfc35041,13,11,2,9,1,1769059133,2026-01-22 00:21:18
ebce9ecb-9678-4c42-89d7-08e54bc6fe90,1,1,0,17,1,1769059133,2026-01-22 00:21:18
66dc9223-0aca-11e7-82f6-3863bb44ef7c,8,5,3,76,1,1769059129,2026-01-22 00:21:18
1906951766876655628,6,1,5,22,1,1769059129,2026-01-22 00:21:18
cc7b86cf-a2fb-4738-b967-de7b197dc930,2,1,1,37,1,1769059134,2026-01-22 00:21:18
66dde3b1-0aca-11e7-82f6-3863bb44ef7c,19,1,18,15,1,1769059135,2026-01-22 00:21:18
7d9a1b9e-0123-4561-a111-b3735fada687,5,1,4,17,1,1769059135,2026-01-22 00:21:18
5d994b32-b7a5-450d-9bbb-93bf3b03e6d5,1,1,0,16,1,1769059135,2026-01-22 00:21:18
daefc84c-1b16-4220-8e1f-10ea4866fdc7,45,37,8,58,1,1769059135,2026-01-22 00:21:18
03872f6b-a522-4c41-a4f2-5d0c41779e7b,0,0,0,19,1,1769059135,2026-01-22 00:21:18
66dc48ef-0aca-11e7-82f6-3863bb44ef7c,26,25,1,34,1,1769059135,2026-01-22 00:21:18
cf284d60-23e7-49ec-91dc-8bfedb59cb6a,17,1,16,2,1,1769059135,2026-01-22 00:21:18
324af152-33ea-48a7-8bb0-ad8b6f31571f,39,6,33,6,1,1769059135,2026-01-22 00:21:18
66dbcf18-0aca-11e7-82f6-3863bb44ef7c,70,22,48,2,1,1769059135,2026-01-22 00:21:18
2121032193446634360,3,1,2,8,1,1769059107,2026-01-22 00:21:18
989fdf95-cfb9-475c-ba0c-3152fd3a16e0,17,15,2,1,1,1769059135,2026-01-22 00:21:18
5600446d-a00a-45e6-9dc3-550adfd63e39,1,1,0,17,1,1769059136,2026-01-22 00:21:18
a37bd0e0-d1e9-4302-9ff7-286e415aff1c,16,7,9,1,1,1769059136,2026-01-22 00:21:18
1a5eae13-8f27-4875-8330-a796c95f8ad6,2,1,1,14,1,1769059136,2026-01-22 00:21:18
66dc85bb-0aca-11e7-82f6-3863bb44ef7c,38,35,3,1,1,1769059136,2026-01-22 00:21:18
2123939659270367896,9,4,5,7,1,1769059137,2026-01-22 00:21:18
2142879839954225698,12,9,3,7,1,1769059137,2026-01-22 00:21:18
66de1f7f-0aca-11e7-82f6-3863bb44ef7c,19,7,12,10,1,1769059137,2026-01-22 00:21:18
81a34754-ae08-47a6-964d-4733849a8fab,2,0,2,26,1,1769059137,2026-01-22 00:21:18
66dc741f-0aca-11e7-82f6-3863bb44ef7c,26,19,7,38,1,1769059137,2026-01-22 00:21:18
66de59bd-0aca-11e7-82f6-3863bb44ef7c,21,3,18,1,1,1769059137,2026-01-22 00:21:18
9991b75b-a9ba-4abc-bf84-0108291be05a,16,3,13,8,1,1769059137,2026-01-22 00:21:18
c0a2d591-4eed-488b-b88b-0b23990e3756,18,1,17,2,1,1769059138,2026-01-22 00:21:18
fb180cce-96ee-4e66-b3ce-000f3db6e670,2,1,1,27,1,1769059138,2026-01-22 00:21:18
66dbcdfc-0aca-11e7-82f6-3863bb44ef7c,1,0,1,55,1,1769059137,2026-01-22 00:21:18
1817431953833509324,14,10,4,7,1,1769059134,2026-01-22 00:21:18
52dd11f4-bbd0-49ab-912b-06fac40d275d,16,10,6,10,1,1769059133,2026-01-22 00:21:18
8d2eff37-be09-4b46-a95d-abff89e16d56,9,0,9,9,1,1769059134,2026-01-22 00:21:18
66db3708-0aca-11e7-82f6-3863bb44ef7c,25,9,16,13,1,1769059134,2026-01-22 00:21:18
514f3dda-4d08-464c-b2d4-5706d400065a,6,5,1,9,1,1769059134,2026-01-22 00:21:18
66ddea2a-0aca-11e7-82f6-3863bb44ef7c,68,30,39,2,1,1769059134,2026-01-22 00:21:18
1849009534951225816,3,0,3,13,1,1769059137,2026-01-22 00:21:18
2126623199408050430,8,0,8,8,1,1769059143,2026-01-22 00:21:18
4d4a3e7b-1005-4bfd-8680-340a20cacbee,21,8,13,0,1,1769059143,2026-01-22 00:21:18
679dcf08-d88c-4d1b-b81d-fe9f4aabbff7,2,1,1,23,1,1769059143,2026-01-22 00:21:18
66dd2786-0aca-11e7-82f6-3863bb44ef7c,16,2,14,10,1,1769059143,2026-01-22 00:21:18
a82cc641-0926-4a63-b488-7060ab7dcd74,17,12,5,13,1,1769059143,2026-01-22 00:21:18
66dd43bd-0aca-11e7-82f6-3863bb44ef7c,20,15,5,25,1,1769059144,2026-01-22 00:21:18
1a083890-e22b-4f81-8d98-567784034916,22,4,18,2,1,1769059144,2026-01-22 00:21:18
02fb0f6a-b1dc-4e1c-97f8-fe70462670a3,17,3,14,6,1,1769059144,2026-01-22 00:21:18
ed5c92f1-3293-4385-9e2b-9b716a096a19,22,3,19,40,1,1769059147,2026-01-22 00:21:18
66db79a3-0aca-11e7-82f6-3863bb44ef7c,34,27,7,14,1,1769059147,2026-01-22 00:21:18
1804894168423871442,16,5,11,7,1,1769059147,2026-01-22 00:21:18
2007842506069575758,16,1,15,3,1,1769059148,2026-01-22 00:21:18
0e5be726-2452-42a0-9be8-ea85c8408e4c,4,0,4,17,1,1769059146,2026-01-22 00:21:18
1835247469495105628,3,0,3,18,1,1769059147,2026-01-22 00:21:18
7f8cb36a-2bf4-4d57-afbd-331310f25355,19,1,18,17,1,1769059147,2026-01-22 00:21:18
774c5443-d463-42b3-bfc5-b0ab3c56fe35,8,8,0,23,1,1769059147,2026-01-22 00:21:18
66dd4ac1-0aca-11e7-82f6-3863bb44ef7c,18,9,9,19,1,1769059147,2026-01-22 00:21:18
9b4a92ae-cefe-467a-8e35-5ce02d4f3a45,3,0,3,15,1,1769059147,2026-01-22 00:21:18
afd76a0e-ceb8-4d18-a427-b378c4d07a75,19,0,19,9,1,1769059147,2026-01-22 00:21:18
7380e377-936d-47d7-8abe-0f666d47465e,2,2,0,18,1,1769059146,2026-01-22 00:21:18
36025f2c-ee4d-4c1a-832d-733cf37f98ef,3,3,0,27,1,1769059145,2026-01-22 00:21:18
2126579619522812246,13,5,8,0,1,1769059145,2026-01-22 00:21:18
66dd455e-0aca-11e7-82f6-3863bb44ef7c,8,6,2,27,1,1769059146,2026-01-22 00:21:18
01b7973e-c92e-4fbe-890e-2c24de33ce0e,5,2,3,13,1,1769059149,2026-01-22 00:21:18
a76299eb-73f7-401c-aa8b-edff9ef003bd,37,10,27,2,1,1769059150,2026-01-22 00:21:18
66de1bc3-0aca-11e7-82f6-3863bb44ef7c,10,1,9,45,1,1769059150,2026-01-22 00:21:18
3299ff79-36aa-42ef-b7f1-c40e95c8f570,19,3,16,25,1,1769059150,2026-01-22 00:21:18
1836581441921155232,7,2,5,11,1,1769059150,2026-01-22 00:21:18
66dbf062-0aca-11e7-82f6-3863bb44ef7c,20,9,11,22,1,1769059151,2026-01-22 00:21:18
9b7e3b8b-97ef-4038-820c-7cd1c1a34fc7,12,2,10,13,1,1769059150,2026-01-22 00:21:18
6ca15d94-897a-4c81-ab47-366829afb7c4,1,1,0,22,1,1769059148,2026-01-22 00:21:18
66dcbf69-0aca-11e7-82f6-3863bb44ef7c,8,6,2,10,1,1769059148,2026-01-22 00:21:18
66db65aa-0aca-11e7-82f6-3863bb44ef7c,41,13,28,57,1,1769059149,2026-01-22 00:21:18
4775fd25-2240-44d7-884a-d777d15a9b5e,7,6,1,13,1,1769059149,2026-01-22 00:21:18
fe65853e-b20a-4250-9677-2aa177283b72,11,2,9,7,1,1769059144,2026-01-22 00:21:18
66db8ca4-0aca-11e7-82f6-3863bb44ef7c,43,23,19,15,1,1769059145,2026-01-22 00:21:18
66db33fc-0aca-11e7-82f6-3863bb44ef7c,6,6,0,61,1,1769059145,2026-01-22 00:21:18
66dc481a-0aca-11e7-82f6-3863bb44ef7c,68,33,35,0,1,1769059145,2026-01-22 00:21:18
2123939077451327830,5,2,3,5,1,1769059133,2026-01-22 00:21:18
1838618090943186984,22,4,18,1,1,1769059150,2026-01-22 00:21:18
5f7ac86c-1a98-4603-8749-4bb83ac84acd,20,20,0,32,1,1769059150,2026-01-22 00:21:18
1786697528321024934,38,3,35,1,1,1769059150,2026-01-22 00:21:18
66de88d7-0aca-11e7-82f6-3863bb44ef7c,16,16,0,29,1,1769059150,2026-01-22 00:21:18
4a4c7548-2466-48ef-8d7e-0aa4d6acb69e,2,2,0,18,1,1769059144,2026-01-22 00:21:18
a1112e04-bc50-4782-b3d6-bb5902c0e8db,3,3,0,18,1,1769059152,2026-01-22 00:21:18
66dd4f31-0aca-11e7-82f6-3863bb44ef7c,10,5,5,24,1,1769059152,2026-01-22 00:21:18
66db6889-0aca-11e7-82f6-3863bb44ef7c,14,7,7,17,1,1769059152,2026-01-22 00:21:18
3f878b81-324e-4673-9221-43d34647e76f,11,1,10,4,1,1769059153,2026-01-22 00:21:18
66dc9143-0aca-11e7-82f6-3863bb44ef7c,22,5,17,11,1,1769059153,2026-01-22 00:21:18
bdcbd89b-9ae0-461b-aa1d-7db7ead07400,22,4,18,4,1,1769059153,2026-01-22 00:21:18
2124425670552673214,3,2,1,10,1,1769059123,2026-01-22 00:21:18
2bf9addc-038b-48fe-8794-dde085c5e5dc,9,8,1,40,1,1769059154,2026-01-22 00:21:18
9719498d-bd5c-4424-86ac-dfe0795c57d1,5,4,1,16,1,1769059154,2026-01-22 00:21:18
d1c204d7-d575-417d-b134-6ebdf7e99f98,9,9,0,11,1,1769059155,2026-01-22 00:21:18
c0a3b8fe-ba64-4cbb-b010-f760998d6c3a,14,14,0,5,1,1769059154,2026-01-22 00:21:18
66dc82ef-0aca-11e7-82f6-3863bb44ef7c,0,0,0,59,1,1769059154,2026-01-22 00:21:18
1202a491-9f76-4609-9b5c-eb7723ab5b45,7,0,7,10,1,1769059151,2026-01-22 00:21:18
2868db5b-df51-4c36-8515-ef77a5b092c2,17,1,16,1,1,1769059151,2026-01-22 00:21:18
a958a8af-a0cc-4bca-9114-93c74ce3c693,2,2,0,20,1,1769059151,2026-01-22 00:21:18
9e014047-d675-418b-a03c-84d974a25134,3,3,0,27,1,1769059151,2026-01-22 00:21:18
5f968a1b-ee60-43a0-ad25-05211e09e436,3,0,3,16,1,1769059151,2026-01-22 00:21:18
bb6bba3f-19a0-4ebb-a454-4ac678d9d62d,9,9,0,11,1,1769059151,2026-01-22 00:21:18
4753c893-e4bd-4d6a-bc4d-42209a19ebeb,1,1,0,16,1,1769059153,2026-01-22 00:21:18
66dc3f08-0aca-11e7-82f6-3863bb44ef7c,98,72,26,2,1,1769059153,2026-01-22 00:21:18
55ccb271-7035-422e-bee1-20e84caa0217,45,14,31,2,1,1769059153,2026-01-22 00:21:18
6a52ceae-3b97-487a-9438-de844bfbf1c2,14,10,4,7,1,1769059156,2026-01-22 00:21:18
f06c01c3-fd7f-443c-a0c7-fc9233d77f6a,1,1,0,20,1,1769059155,2026-01-22 00:21:18
66db9cc4-0aca-11e7-82f6-3863bb44ef7c,12,3,9,27,1,1769059156,2026-01-22 00:21:18
d7f55e1b-12db-49d1-9cd8-4fb464745841,14,0,14,16,1,1769059156,2026-01-22 00:21:18
6908ae75-b9a1-4f20-b192-95dc43e858a8,9,4,5,7,1,1769059156,2026-01-22 00:21:18
66dc864c-0aca-11e7-82f6-3863bb44ef7c,21,15,6,6,1,1769059156,2026-01-22 00:21:18
66dc7659-0aca-11e7-82f6-3863bb44ef7c,93,63,30,21,1,1769059156,2026-01-22 00:21:18
9c2a741d-7f3e-4aa1-b58b-db5c3e6bcb20,1,1,0,27,1,1769059156,2026-01-22 00:21:18
5f2766b0-362e-49e5-ab09-05e2c4b6f626,1,1,0,17,1,1769059156,2026-01-22 00:21:18
145bbc0d-8976-45ae-9565-158ba564d3d1,23,7,16,1,1,1769059156,2026-01-22 00:21:18
b9c209b2-6284-4f5a-a32a-680ef9da1c1f,5,5,0,13,1,1769059156,2026-01-22 00:21:18
e73cf71b-db05-44f9-b57a-689d65320d68,2,1,1,28,1,1769059157,2026-01-22 00:21:18
66db6d40-0aca-11e7-82f6-3863bb44ef7c,38,37,1,24,1,1769059157,2026-01-22 00:21:18
3f031133-ec95-4a92-9d63-2ae28183f498,12,13,0,3,1,1769059157,2026-01-22 00:21:18
65a1b09d-560d-46bf-8f5d-7f59471a587e,6,3,3,15,1,1769059157,2026-01-22 00:21:18
b1e496f1-43cf-48d0-be49-ab0d760c00bf,1,1,0,26,1,1769059157,2026-01-22 00:21:18
956de8aa-9e06-4efb-8eb0-35fe9b274a48,17,17,0,2,1,1769059157,2026-01-22 00:21:18
35b8b636-18d3-4860-b0a9-39c0bce96a10,10,2,8,16,1,1769059158,2026-01-22 00:21:18
94624d6e-4150-4ab1-92ff-bf55cb58ab61,1,1,0,17,1,1769059158,2026-01-22 00:21:18
e2fc6d90-8deb-4e21-961d-9d5208c1f986,23,17,6,8,1,1769059158,2026-01-22 00:21:18
c29c9178-bcb1-4c0c-b789-f4a89512a4e4,6,4,2,13,1,1769059158,2026-01-22 00:21:18
dc8223ad-4108-40a8-9ff5-35e8490b4077,0,0,0,0,0,86400,2026-01-22 00:21:18
2004153375425087884,0,0,0,0,0,86400,2026-01-22 00:21:18
1861683496445528180,0,0,0,0,0,86400,2026-01-22 00:21:18
66dc7a7d-0aca-11e7-82f6-3863bb44ef7c,0,0,0,0,0,1760532172,2026-01-22 00:21:18
2171904090179944948,0,0,0,0,0,86400,2026-01-22 00:21:18
2171902875345687974,0,0,0,0,0,86400,2026-01-22 00:21:18
2171902770580328596,0,0,0,0,0,86400,2026-01-22 00:21:18
66db473c-0aca-11e7-82f6-3863bb44ef7c,0,0,0,3,0,1768246235,2026-01-22 00:21:18
79c4a612-a5df-4814-9e6b-6305da61ebc4,17,0,17,1,1,1769059052,2026-01-22 00:21:18
4034789e-b70d-4aae-bf18-3ed37a4d751f,17,6,11,2,1,1769059053,2026-01-22 00:21:18
bbaae5d3-7e2b-46a8-872e-152404c664f7,22,1,21,5,1,1769059053,2026-01-22 00:21:18
1828967830172187422,3,0,3,24,1,1769059053,2026-01-22 00:21:18
1893622839585237496,30,9,21,42,1,1769059053,2026-01-22 00:21:18
66dd448f-0aca-11e7-82f6-3863bb44ef7c,21,21,0,21,1,1769059054,2026-01-22 00:21:18
1861682444178541220,24,1,23,11,1,1769059054,2026-01-22 00:21:18
66db69d0-0aca-11e7-82f6-3863bb44ef7c,26,15,11,7,1,1769059054,2026-01-22 00:21:18
2687f2e1-3529-464d-82eb-e4f61440c563,0,0,0,17,1,1769059050,2026-01-22 00:21:18
66dea596-0aca-11e7-82f6-3863bb44ef7c,7,5,2,17,1,1769059051,2026-01-22 00:21:18
6f21be51-6fde-4cde-b1db-b102a5f67300,19,1,18,2,1,1769059049,2026-01-22 00:21:18
5736cd70-be41-483e-8d82-721874f40e6e,6,5,1,13,1,1769059049,2026-01-22 00:21:18
db41cc62-86ea-4421-bfaf-9b6511cfee10,0,0,0,30,1,1769059049,2026-01-22 00:21:18
1846085927885781554,10,0,10,11,1,1769059051,2026-01-22 00:21:18
66db2afe-0aca-11e7-82f6-3863bb44ef7c,39,23,16,6,1,1769059051,2026-01-22 00:21:18
4c3b6e25-b0c2-4a3f-b07e-cd60cd1b0ac0,0,0,0,16,1,1769059054,2026-01-22 00:21:18
b9d3134b-697f-4a0f-b90f-d95f6c69ffda,10,4,6,8,1,1769059063,2026-01-22 00:21:18
d1138533-504c-4d29-b71c-299e1d31f159,24,4,20,12,1,1769059063,2026-01-22 00:21:18
66dea894-0aca-11e7-82f6-3863bb44ef7c,43,29,14,6,1,1769059064,2026-01-22 00:21:18
e34bb92f-6911-449a-999b-5bc80e0322fe,4,2,2,14,1,1769059064,2026-01-22 00:21:18
ad41e353-033e-484f-8d76-78014e11e9d7,5,2,3,12,1,1769059062,2026-01-22 00:21:18
be2bdee1-e3e9-45cc-94f0-2ba81a722ba3,12,11,1,6,1,1769059062,2026-01-22 00:21:18
ce95fbdd-b7d2-46fc-910d-5c170e4b7610,3,0,3,15,1,1769059062,2026-01-22 00:21:18
1848242216849312578,11,1,10,7,1,1769059043,2026-01-22 00:21:18
d34f2271-10ee-40c3-a93a-09df58860512,9,8,1,7,1,1769059047,2026-01-22 00:21:18
66de099d-0aca-11e7-82f6-3863bb44ef7c,21,15,6,16,1,1769059047,2026-01-22 00:21:18
66db4671-0aca-11e7-82f6-3863bb44ef7c,28,26,2,17,1,1769059047,2026-01-22 00:21:18
d47c856e-8cda-4da0-b8eb-1ccf0e6ef7ab,9,2,7,21,1,1769059045,2026-01-22 00:21:18
d7632897-a6eb-4f8f-9ab2-c66426620fbf,9,0,9,6,1,1769059048,2026-01-22 00:21:18
2143247416766638978,12,11,1,32,1,1769059048,2026-01-22 00:21:18
2124037775602344266,4,0,4,11,1,1769059049,2026-01-22 00:21:18
2366d8a4-7a49-42f3-9afe-efd2b200336b,3,2,1,17,1,1769059048,2026-01-22 00:21:18
cad68b8c-6d68-4c5f-88fe-b1aa3e40727a,15,0,15,5,1,1769059045,2026-01-22 00:21:18
42032bf9-4599-4035-bc01-c80bec1a7122,11,5,6,9,1,1769059046,2026-01-22 00:21:18
647a2a80-9630-41b0-9b91-1f464b0bf3cc,43,43,0,34,1,1769059046,2026-01-22 00:21:18
328d778a-7e71-4240-acae-b84f0fdaa5c5,4,4,0,20,1,1769059045,2026-01-22 00:21:18
f15ccc6e-5a7c-46e7-b505-0bfc9cae3d83,4,2,2,23,1,1769059059,2026-01-22 00:21:18
1860190006584693708,6,3,3,13,1,1769059056,2026-01-22 00:21:18
1b985e4b-88de-42a8-95be-dce37dbbc5c5,8,0,8,15,1,1769059055,2026-01-22 00:21:18
fa14408f-6e88-4668-86ee-ce10ea707f36,52,15,37,17,1,1769059055,2026-01-22 00:21:18
1828969323789472168,7,1,6,9,1,1769059057,2026-01-22 00:21:18
668ef22c-4665-4f42-bf6a-ab9e8a2899b1,9,2,7,14,1,1769059058,2026-01-22 00:21:18
1834145330979754058,0,0,0,22,1,1769059057,2026-01-22 00:21:18
2119506830683992262,31,17,14,17,1,1769059057,2026-01-22 00:21:18
cc758f1a-8b28-4ff5-bc75-fbe62c453378,5,1,4,15,1,1769059055,2026-01-22 00:21:18
be8e6f1c-e8b5-40bd-896d-423052ba3bbc,6,4,2,10,1,1769059055,2026-01-22 00:21:18
d7904cd0-4b1b-47d0-8103-937bcf5ff845,0,0,0,5,0,1769040188,2026-01-22 00:21:18
bb32aad7-8308-4ff8-b073-d5b518ffdd09,13,13,0,25,1,1769059038,2026-01-22 00:21:18
e8a6c13b-1f6e-4e6b-bdf8-9b0e597e4a62,9,3,6,24,1,1769059039,2026-01-22 00:21:18
fda0c217-9504-4b26-8a25-e40b603ee5fa,0,0,0,16,1,1769059039,2026-01-22 00:21:18
66db7637-0aca-11e7-82f6-3863bb44ef7c,26,11,15,16,1,1769059041,2026-01-22 00:21:18
4b67c6e0-d603-4fbc-afbe-0b8952f4f7af,13,1,12,21,1,1769059041,2026-01-22 00:21:18
82dd89f6-1e5a-4a8f-8660-13cb64349e94,4,0,4,14,1,1769059041,2026-01-22 00:21:18
d7d297fd-36dc-42f2-8e3b-24b1003be874,14,6,8,2,1,1769059041,2026-01-22 00:21:18
1846086665080867236,11,2,9,9,1,1769059042,2026-01-22 00:21:18
1880644160834607498,20,13,7,3,1,1769059039,2026-01-22 00:21:18
3c6c0d12-80dd-4c49-b7c5-e3549588b8cf,12,4,8,13,1,1769059039,2026-01-22 00:21:18
66dc21d4-0aca-11e7-82f6-3863bb44ef7c,0,0,0,48,1,1769059039,2026-01-22 00:21:18
a1acdab2-29c7-4956-8b2e-24b39dc2ff13,9,3,6,47,1,1769059040,2026-01-22 00:21:18
66dd0808-0aca-11e7-82f6-3863bb44ef7c,6,0,6,20,1,1769059068,2026-01-22 00:21:18
9a52fbc1-d87a-4a65-941d-12fd55dbcdde,20,2,18,0,1,1769059068,2026-01-22 00:21:18
f4f9a09c-010c-430c-a766-3390c44b4962,2,2,0,14,1,1769059068,2026-01-22 00:21:18
387e2863-83ad-4589-8004-794a7b624801,14,10,4,4,1,1769059070,2026-01-22 00:21:18
d9ea5210-50b3-4342-9801-f896bd21f4a1,2,2,0,21,1,1769059066,2026-01-22 00:21:18
66dde8ac-0aca-11e7-82f6-3863bb44ef7c,4,3,1,34,1,1769059067,2026-01-22 00:21:18
993fc83f-52c6-43f4-bb49-4abe4ad48150,1,0,1,18,1,1769059065,2026-01-22 00:21:18
66db74a5-0aca-11e7-82f6-3863bb44ef7c,34,6,28,16,1,1769059066,2026-01-22 00:21:18
8d097a6d-f17c-4195-9dd4-42527b371c71,26,19,7,36,1,1769059069,2026-01-22 00:21:18
1d167807-0aa8-413a-b7a0-01c2ca8a6a60,11,9,2,9,1,1769059069,2026-01-22 00:21:18
b608193c-46ae-4b61-9e7a-4671e7c3b96e,5,3,2,14,1,1769059071,2026-01-22 00:21:18
15cb007b-bfca-4ad7-bfc6-44bf3d36785a,27,1,26,0,1,1769059071,2026-01-22 00:21:18
90c35466-db3c-4b0d-993e-6e92883773b4,46,29,17,23,1,1769059078,2026-01-22 00:21:18
88e64257-298c-4b8d-8886-77b9b66dcec1,35,23,12,13,1,1769059079,2026-01-22 00:21:18
66db88f5-0aca-11e7-82f6-3863bb44ef7c,5,2,3,30,1,1769059079,2026-01-22 00:21:18
66dbe848-0aca-11e7-82f6-3863bb44ef7c,92,67,25,25,1,1769059076,2026-01-22 00:21:18
4eb6d6a8-ecc1-4e89-a586-4f96ed3d83e1,6,5,1,20,1,1769059076,2026-01-22 00:21:18
1854538169357726138,4,3,1,13,1,1769059082,2026-01-22 00:21:18
c066c90a-efb1-4f8b-aa15-38ba4edd4ebc,12,6,6,8,1,1769059082,2026-01-22 00:21:18
1846085626867634660,2,0,2,18,1,1769059083,2026-01-22 00:21:18
66de4078-0aca-11e7-82f6-3863bb44ef7c,11,1,10,7,1,1769059083,2026-01-22 00:21:18
66ddee56-0aca-11e7-82f6-3863bb44ef7c,18,17,1,5,1,1769059083,2026-01-22 00:21:18
1e83ffdc-8e72-45c0-8210-4f37e60505c9,9,1,8,25,1,1769059077,2026-01-22 00:21:18
66de0933-0aca-11e7-82f6-3863bb44ef7c,26,3,23,0,1,1769059077,2026-01-22 00:21:18
66dc259a-0aca-11e7-82f6-3863bb44ef7c,33,22,11,47,1,1769059077,2026-01-22 00:21:18
1817432104157364846,20,2,18,0,1,1769059081,2026-01-22 00:21:18
1938139112487078732,25,14,11,5,1,1769059081,2026-01-22 00:21:18
632b140c-65de-4f50-9cc2-c001ae011aea,16,10,6,42,1,1769059080,2026-01-22 00:21:18
7a725e59-49be-4c1d-9c3d-3b3a8ed1232f,10,7,3,11,1,1769059077,2026-01-22 00:21:18
66dbe7b6-0aca-11e7-82f6-3863bb44ef7c,6,4,2,20,1,1769059091,2026-01-22 00:21:18
9ea2afff-a146-4824-89b6-39d5bdfac795,14,13,1,6,1,1769059091,2026-01-22 00:21:18
1964061627836181486,1,0,1,83,1,1769059091,2026-01-22 00:21:18
66ddede1-0aca-11e7-82f6-3863bb44ef7c,13,11,2,19,1,1769059091,2026-01-22 00:21:18
de6f4206-3aa9-4cb9-aae0-8547d2cd6854,23,2,21,0,1,1769059091,2026-01-22 00:21:18
74feba30-26a5-4949-b3a0-d6e13ba1a20c,10,3,7,6,1,1769059090,2026-01-22 00:21:18
1856766912456610780,5,3,2,19,1,1769059091,2026-01-22 00:21:18
a58ff2e3-a5ae-4070-a26d-ddfe8cc6fc58,11,11,0,13,1,1769059091,2026-01-22 00:21:18
dd351a72-4241-4275-843d-0fffa8a1f414,11,11,0,10,1,1769059091,2026-01-22 00:21:18
66de10a8-0aca-11e7-82f6-3863bb44ef7c,15,4,11,16,1,1769059089,2026-01-22 00:21:18
1884688942632618210,13,11,2,13,1,1769059089,2026-01-22 00:21:18
5c3c345d-1975-400d-a9d8-18815816886e,19,19,0,36,1,1769059089,2026-01-22 00:21:18
35a5b4d6-2d90-4b60-b68b-03bb60fb1afc,6,5,1,12,1,1769059089,2026-01-22 00:21:18
2104275164415193448,53,20,33,12,1,1769059090,2026-01-22 00:21:18
66dd41ef-0aca-11e7-82f6-3863bb44ef7c,15,14,1,24,1,1769059090,2026-01-22 00:21:18
1861271680294357158,21,8,13,2,1,1769059093,2026-01-22 00:21:18
a33a2d11-33a5-46ad-a086-5698ac17b7b4,30,9,21,1,1,1769059094,2026-01-22 00:21:18
d6834194-029d-4e2d-83b0-ee78ab5acda2,10,2,8,7,1,1769059094,2026-01-22 00:21:18
66dded7a-0aca-11e7-82f6-3863bb44ef7c,24,23,1,3,1,1769059093,2026-01-22 00:21:18
1d130e43-0408-4423-bb52-77a08372cefa,8,3,5,17,1,1769059093,2026-01-22 00:21:18
c809158b-ca8f-4a77-a800-8ee9d287c056,2,1,1,15,1,1769059093,2026-01-22 00:21:18
1814900632709495794,15,3,12,7,1,1769059094,2026-01-22 00:21:18
66ddd369-0aca-11e7-82f6-3863bb44ef7c,28,19,9,35,1,1769059094,2026-01-22 00:21:18
1b22c037-207d-454a-90aa-8f22d0a8a7e3,21,5,16,0,1,1769059094,2026-01-22 00:21:18
83d1ff16-ba56-4eae-aa6a-b37b6439db82,1,1,0,28,1,1769059109,2026-01-22 00:21:18
305c221f-4e0b-4a5a-902c-3d1043dfe606,2,0,2,16,1,1769059110,2026-01-22 00:21:18
66dd2811-0aca-11e7-82f6-3863bb44ef7c,19,2,17,20,1,1769059110,2026-01-22 00:21:18
203d7b9a-8666-4af1-81c7-f9fc36aa0952,2,2,0,15,1,1769059113,2026-01-22 00:21:18
66db402c-0aca-11e7-82f6-3863bb44ef7c,59,20,39,28,1,1769059113,2026-01-22 00:21:18
66de186f-0aca-11e7-82f6-3863bb44ef7c,17,8,9,6,1,1769059113,2026-01-22 00:21:18
38bb1218-0a9e-41d9-b2ef-25c8626dac29,17,0,17,4,1,1769059113,2026-01-22 00:21:18
66dc192f-0aca-11e7-82f6-3863bb44ef7c,15,13,2,5,1,1769059113,2026-01-22 00:21:18
66de5e5b-0aca-11e7-82f6-3863bb44ef7c,19,0,19,21,1,1769059113,2026-01-22 00:21:18
1845676816555735590,11,1,10,11,1,1769059113,2026-01-22 00:21:18
66de65a4-0aca-11e7-82f6-3863bb44ef7c,0,0,0,22,1,1769059112,2026-01-22 00:21:18
1899178885660253096,24,19,5,2,1,1769059112,2026-01-22 00:21:18
1786697003367719132,20,1,19,18,1,1769059112,2026-01-22 00:21:18
d7bdc3d7-6e6d-4899-9cc7-f4238a86c695,3,1,2,20,1,1769059114,2026-01-22 00:21:18
1828965671716082498,14,3,11,4,1,1769059111,2026-01-22 00:21:18
5db1fefa-0f10-4c58-a7ce-113f3164ced8,14,5,9,3,1,1769059111,2026-01-22 00:21:18
45e8c326-b12d-4be6-b040-bb6de9986d25,15,5,10,1,1,1769059111,2026-01-22 00:21:18
d3433b47-99a7-4b21-9fa7-d7052bb5c23b,7,6,1,10,1,1769059111,2026-01-22 00:21:18
66dd2208-0aca-11e7-82f6-3863bb44ef7c,23,8,15,18,1,1769059111,2026-01-22 00:21:18
158e7752-27e2-4912-be0b-eb15405aa096,7,2,5,13,1,1769059111,2026-01-22 00:21:18
66dcc047-0aca-11e7-82f6-3863bb44ef7c,17,7,10,5,1,1769059111,2026-01-22 00:21:18
66dbf518-0aca-11e7-82f6-3863bb44ef7c,7,5,2,21,1,1769059111,2026-01-22 00:21:18
66dbb869-0aca-11e7-82f6-3863bb44ef7c,10,2,8,7,1,1769059111,2026-01-22 00:21:18
2124382079594320876,6,2,4,8,1,1769059114,2026-01-22 00:21:18
66dc1c5c-0aca-11e7-82f6-3863bb44ef7c,52,38,14,27,1,1769059116,2026-01-22 00:21:18
66db7152-0aca-11e7-82f6-3863bb44ef7c,34,7,27,14,1,1769059116,2026-01-22 00:21:18
b4063b76-1abd-465c-96a4-45f6ee016bc5,3,2,1,13,1,1769059116,2026-01-22 00:21:18
1851999409149780880,12,3,9,8,1,1769059114,2026-01-22 00:21:18
e2b28abd-07a4-4552-ad17-abf155aff28a,7,5,2,15,1,1769059115,2026-01-22 00:21:18
66de2a00-0aca-11e7-82f6-3863bb44ef7c,30,3,27,4,1,1769059115,2026-01-22 00:21:18
1846086138339179502,17,10,7,6,1,1769059115,2026-01-22 00:21:18
66de2556-0aca-11e7-82f6-3863bb44ef7c,27,21,6,50,1,1769059115,2026-01-22 00:21:18
e3e6105e-eaa2-43c5-badb-fb8592ad7227,7,3,4,17,1,1769059117,2026-01-22 00:21:18
ebfafca3-5818-4e6f-8374-98f44a0ca0c6,3,1,2,23,1,1769059117,2026-01-22 00:21:18
9b70cbe2-25fc-42f8-b6e6-ac21ef248e4b,6,5,1,11,1,1769059120,2026-01-22 00:21:18
1e3a16ff-65ba-4d34-b3c6-37aff44e085a,6,4,2,34,1,1769059120,2026-01-22 00:21:18
66de48f9-0aca-11e7-82f6-3863bb44ef7c,16,0,16,0,1,1769059120,2026-01-22 00:21:18
1861682702044957494,9,8,1,9,1,1769059120,2026-01-22 00:21:18
d9ec5589-c872-46f2-88cd-e54f9c596721,7,1,6,13,1,1769059117,2026-01-22 00:21:18
66db34fc-0aca-11e7-82f6-3863bb44ef7c,11,6,5,21,1,1769059117,2026-01-22 00:21:18
582cd775-0178-47f5-b707-6d5869f077ba,18,0,18,11,1,1769059119,2026-01-22 00:21:18
002e6e9f-ced2-47b0-bc7e-ccf38c3b4b0f,8,3,5,10,1,1769059119,2026-01-22 00:21:18
66dcc30b-0aca-11e7-82f6-3863bb44ef7c,11,6,5,5,1,1769059119,2026-01-22 00:21:18
2123940148896639644,9,8,1,0,1,1769059122,2026-01-22 00:21:18
ca4e4962-2169-4559-8f60-b05ab7809750,20,6,14,12,1,1769059122,2026-01-22 00:21:18
3eed817a-63e5-424b-8ed3-c809db5488f7,48,24,24,6,1,1769059122,2026-01-22 00:21:18
66de8a86-0aca-11e7-82f6-3863bb44ef7c,0,0,0,56,1,1769059122,2026-01-22 00:21:18
45865207-8700-4ef2-99ed-b08889ef0250,18,8,10,2,1,1769059122,2026-01-22 00:21:18
a8560d28-9ee1-4af4-9180-7e9c4dd0d147,11,3,8,6,1,1769059120,2026-01-22 00:21:18
1851674145014649512,6,0,6,19,1,1769059120,2026-01-22 00:21:18
c2800791-1911-4f2b-8fc7-bed280c557c0,41,37,4,3,1,1769059121,2026-01-22 00:21:18
844c68cc-19f0-474a-86d3-4af170117aae,0,0,0,21,1,1769059123,2026-01-22 00:21:18
e780c290-0c52-4ab1-9719-a581be789df3,6,4,2,14,1,1769059124,2026-01-22 00:21:18
66db5c14-0aca-11e7-82f6-3863bb44ef7c,22,18,4,4,1,1769059124,2026-01-22 00:21:18
66dc41bb-0aca-11e7-82f6-3863bb44ef7c,47,35,12,4,1,1769059121,2026-01-22 00:21:18
40fd82d6-c0e9-4876-adfb-816140ecfc39,16,13,3,0,1,1769059122,2026-01-22 00:21:18
8ea09819-cd88-4732-b047-c0549f0b370f,23,3,20,7,1,1769059125,2026-01-22 00:21:18
66db64d1-0aca-11e7-82f6-3863bb44ef7c,16,7,9,4,1,1769059123,2026-01-22 00:21:18
1835247196073118026,11,2,9,6,1,1769059127,2026-01-22 00:21:18
66de5095-0aca-11e7-82f6-3863bb44ef7c,8,3,5,11,1,1769059127,2026-01-22 00:21:18
66db3606-0aca-11e7-82f6-3863bb44ef7c,0,0,0,0,0,1769059127,2026-01-22 00:21:18
6a9b19e3-cd69-4e0c-9b28-1889db936c7c,3,2,1,14,1,1769059127,2026-01-22 00:21:18
1318e05a-2506-43c6-b49d-4c1f7f69a267,12,11,1,6,1,1769059127,2026-01-22 00:21:18
afc79a38-e26d-48f7-94e4-d0aca8fd1c49,1,1,0,15,1,1769059127,2026-01-22 00:21:18
0e003543-3656-448f-8a93-029d265f2e26,22,3,19,8,1,1769059128,2026-01-22 00:21:18
23bc4d9b-1ec2-45fb-9228-e41517346b24,18,8,10,0,1,1769059130,2026-01-22 00:21:18
0109f17a-2378-4500-9648-88bdb31ec612,28,0,28,6,1,1769059130,2026-01-22 00:21:18
5dc8ddac-979e-4ae5-b879-3670cca7482d,7,2,5,13,1,1769059130,2026-01-22 00:21:18
66dea6e1-0aca-11e7-82f6-3863bb44ef7c,0,0,0,64,1,1769059130,2026-01-22 00:21:18
2f580cf9-14e2-4300-ba22-f6d88d0312a5,11,4,7,16,1,1769059130,2026-01-22 00:21:18
1828966363527611286,15,1,14,3,1,1769059130,2026-01-22 00:21:18
1885439359712500016,0,0,0,23,1,1769059130,2026-01-22 00:21:18
66dbc551-0aca-11e7-82f6-3863bb44ef7c,0,0,0,51,1,1769059128,2026-01-22 00:21:18
e8df73bd-5d3d-47c9-b04d-bcec4db5540f,62,17,45,0,1,1769059128,2026-01-22 00:21:18
724aeecc-8c91-4afc-b97c-72a98de452c9,3,1,2,14,1,1769059129,2026-01-22 00:21:18
53e30d38-a110-42b4-a8f9-ca801a847ac7,28,14,14,17,1,1769059126,2026-01-22 00:21:18
ca4795a2-6ab3-4597-bf59-f0155ac1637c,25,17,8,42,1,1769059126,2026-01-22 00:21:18
b55f9b55-7fa7-4f0f-9732-78cbe07452e1,18,6,12,11,1,1769059126,2026-01-22 00:21:18
8b1222da-612f-4482-ab34-9467c4ed28e3,6,1,5,17,1,1769059128,2026-01-22 00:21:18
e612122d-e0fd-4ebf-8d51-0f48f9d1b580,12,0,12,9,1,1769059073,2026-01-22 00:21:18
43f3d3c7-46b0-4812-879d-15afe8804c5f,18,13,5,7,1,1769059073,2026-01-22 00:21:18
2137774972219769002,8,2,6,2,1,1769059075,2026-01-22 00:21:18
1932126716328112534,21,1,20,0,1,1769059075,2026-01-22 00:21:18
67f60e7e-397a-4e47-b7f9-d10bd67133b3,1,1,0,47,1,1769059076,2026-01-22 00:21:18
2022386456542683974,27,2,25,5,1,1769059072,2026-01-22 00:21:18
1828966104320053340,9,0,9,9,1,1769059074,2026-01-22 00:21:18
1057229c-f8f8-4014-80cd-f40421c61cf0,0,0,0,17,1,1769059072,2026-01-22 00:21:18
61647ec6-dfd6-4d1c-8800-d488d390c627,5,4,1,30,1,1769059073,2026-01-22 00:21:18
66dea674-0aca-11e7-82f6-3863bb44ef7c,4,2,2,16,1,1769059074,2026-01-22 00:21:18
1815968026870435892,13,7,6,9,1,1769059065,2026-01-22 00:21:18
b506be9e-45d3-43d1-a262-27d8fa91e974,7,4,3,23,1,1769059083,2026-01-22 00:21:18
2c321ea3-e1dd-4d32-be70-bd158fe1f568,67,46,21,9,1,1769059085,2026-01-22 00:21:18
66dc76cd-0aca-11e7-82f6-3863bb44ef7c,31,31,0,1,1,1769059086,2026-01-22 00:21:18
66db8d89-0aca-11e7-82f6-3863bb44ef7c,47,41,6,4,1,1769059087,2026-01-22 00:21:18
1861681121800951962,15,5,10,6,1,1769059087,2026-01-22 00:21:18
e0b80983-c520-47e3-9c8d-a17fff5e5582,14,1,13,5,1,1769059088,2026-01-22 00:21:18
1869753812884512816,4,1,3,16,1,1769059088,2026-01-22 00:21:18
dfad8e49-7e1b-4376-90b4-7a449319f294,4,1,3,17,1,1769059088,2026-01-22 00:21:18
66dcac42-0aca-11e7-82f6-3863bb44ef7c,43,0,43,7,1,1769059094,2026-01-22 00:21:18
901cab1a-a77e-424e-b602-16883e792f93,2,1,1,17,1,1769059095,2026-01-22 00:21:18
66dcbbfe-0aca-11e7-82f6-3863bb44ef7c,6,2,4,12,1,1769059096,2026-01-22 00:21:18
2b54cb2c-31be-4620-a13c-0fa72b58c90a,4,2,2,22,1,1769059098,2026-01-22 00:21:18
063e7e78-b810-4a2f-8045-a82a0d69d752,8,4,4,37,1,1769059099,2026-01-22 00:21:18
36edabac-a0c2-471b-abaf-73fdb53a4e5f,0,0,0,20,1,1769059099,2026-01-22 00:21:18
1f872052-38c4-4701-96c4-c363de51c2b5,32,24,8,22,1,1769059099,2026-01-22 00:21:18
bbb48e80-7d2f-4b3c-bb8c-591bc931945a,16,11,5,2,1,1769059099,2026-01-22 00:21:18
b0cc08dc-e7dd-48d1-8901-ba496f3ff2f5,39,35,4,0,1,1769059097,2026-01-22 00:21:18
787fe4b2-6029-4f71-917e-892479d8d64e,10,0,10,7,1,1769059097,2026-01-22 00:21:18
1869753195262578852,4,1,3,14,1,1769059098,2026-01-22 00:21:18
1885442082749874736,2,2,0,19,1,1769059098,2026-01-22 00:21:18
66dc0cc7-0aca-11e7-82f6-3863bb44ef7c,17,13,4,32,1,1769059098,2026-01-22 00:21:18
1796642668661690940,13,1,12,8,1,1769059098,2026-01-22 00:21:18
96878d29-481d-48dc-bcdc-a5f1ce88c76d,2,1,1,17,1,1769059098,2026-01-22 00:21:18
66dbeded-0aca-11e7-82f6-3863bb44ef7c,15,3,12,9,1,1769059097,2026-01-22 00:21:18
d5d589e6-457f-4cd4-bf78-59165dce28b2,22,9,13,3,1,1769059098,2026-01-22 00:21:18
66dd546c-0aca-11e7-82f6-3863bb44ef7c,4,0,4,17,1,1769059098,2026-01-22 00:21:18
dad3b7df-ec40-4d54-bfdb-5e82be84d742,3,1,2,18,1,1769059097,2026-01-22 00:21:18
66dd4b91-0aca-11e7-82f6-3863bb44ef7c,23,15,8,15,1,1769059095,2026-01-22 00:21:18
66dc4b4c-0aca-11e7-82f6-3863bb44ef7c,10,8,2,48,1,1769059099,2026-01-22 00:21:18
0f536c08-dde3-40af-a66d-1fe1e7edecd2,3,0,3,17,1,1769059108,2026-01-22 00:21:18
6076e321-85d8-4e0e-ae18-86bb8cbbda1b,15,0,15,5,1,1769059108,2026-01-22 00:21:18
9c1c3499-1b11-471f-b59a-87d9e27e15c5,3,2,1,18,1,1769059108,2026-01-22 00:21:18
1869851741257474316,25,0,25,2,1,1769059103,2026-01-22 00:21:18
341730d7-a61d-499d-8c07-fa015f644e54,58,49,9,23,1,1769059103,2026-01-22 00:21:18
e58234a3-5b23-427e-948f-c1e4571b2bfa,31,13,18,25,1,1769059103,2026-01-22 00:21:18
c0e0e578-8ce8-4c9d-be47-b902d8a41050,2,2,0,16,1,1769059103,2026-01-22 00:21:18
0b94cc1e-2327-4679-99d9-3b21ddc02051,16,3,13,15,1,1769059103,2026-01-22 00:21:18
59e3766c-0629-4ff1-a1d9-bc0514a55487,10,4,6,14,1,1769059104,2026-01-22 00:21:18
085da8d4-9465-46f0-82d1-10c9c9177d64,3,2,1,16,1,1769059106,2026-01-22 00:21:18
66de5613-0aca-11e7-82f6-3863bb44ef7c,71,13,58,1,1,1769059106,2026-01-22 00:21:18
ad17bd9a-735b-4a11-8ad3-dc7800e342af,22,9,13,12,1,1769059100,2026-01-22 00:21:18
c0c6a931-c1d3-4202-a433-c4127a4cd846,4,2,2,15,1,1769059101,2026-01-22 00:21:18
2576805f-9732-4c74-8f1d-57715e8cdfa2,8,2,6,20,1,1769059101,2026-01-22 00:21:18
66dcbe7c-0aca-11e7-82f6-3863bb44ef7c,7,6,1,11,1,1769059101,2026-01-22 00:21:18
1815967159287043052,10,0,10,13,1,1769059102,2026-01-22 00:21:18
eafa19ed-88c2-4efc-bd73-3961f85b6063,24,14,10,15,1,1769059107,2026-01-22 00:21:18
bc346753-b68a-4cb3-b93f-b0be68227eae,17,7,10,4,1,1769059107,2026-01-22 00:21:18
66dd039b-0aca-11e7-82f6-3863bb44ef7c,0,0,0,23,1,1769059107,2026-01-22 00:21:18
66dcc5ca-0aca-11e7-82f6-3863bb44ef7c,0,0,0,0,0,1769059108,2026-01-22 00:21:18
956e9f8d-d23a-4a0e-bf28-84180e818af7,19,16,3,7,1,1769059108,2026-01-22 00:21:18
66dc2172-0aca-11e7-82f6-3863bb44ef7c,4,3,1,75,1,1769059101,2026-01-22 00:21:18
1875433315773395778,7,3,4,24,1,1769059101,2026-01-22 00:21:18
c63e9937-cadb-4813-aee3-5fd3fcc93767,1,0,1,18,1,1769059102,2026-01-22 00:21:18
cac843c2-8b21-47bb-a3b9-712f95d7f7aa,15,1,14,3,1,1769059103,2026-01-22 00:21:18
18846fd4-877c-4971-9b6f-1bd8fbc10346,7,5,2,13,1,1769059106,2026-01-22 00:21:18
ccfa8b82-07a7-4a08-88fc-be261c30a4ca,5,5,0,17,1,1769059106,2026-01-22 00:21:18
66dcfaf6-0aca-11e7-82f6-3863bb44ef7c,12,2,10,5,1,1769059106,2026-01-22 00:21:18
bd1760ad-3af3-4ede-9bd7-c8fbf46d7192,3,1,2,18,1,1769059104,2026-01-22 00:21:18
96a0b676-e966-4d96-b04b-ceb8149cedcd,6,5,1,16,1,1769059105,2026-01-22 00:21:18
55fda28d-56a8-4db2-b42a-072714f18471,18,1,17,0,1,1769059134,2026-01-22 00:21:18
1947367330341251364,7,5,2,13,1,1769059134,2026-01-22 00:21:18
1828969112306680612,2,1,1,15,1,1769059134,2026-01-22 00:21:18
c46a2889-258b-4fc5-a452-1d4e7dfe683a,3,1,2,15,1,1769059134,2026-01-22 00:21:18
66ddeffd-0aca-11e7-82f6-3863bb44ef7c,6,5,1,11,1,1769059134,2026-01-22 00:21:18
66de482a-0aca-11e7-82f6-3863bb44ef7c,12,10,2,6,1,1769059135,2026-01-22 00:21:18
4bbf50a9-47c2-4a32-97c2-1f6bc4f9d401,23,11,12,4,1,1769059133,2026-01-22 00:21:18
1862008413697896912,3,2,1,18,1,1769059133,2026-01-22 00:21:18
1860189813948384088,23,14,9,2,1,1769059133,2026-01-22 00:21:18
66db40ef-0aca-11e7-82f6-3863bb44ef7c,10,6,4,49,1,1769059134,2026-01-22 00:21:18
66dde845-0aca-11e7-82f6-3863bb44ef7c,24,17,7,12,1,1769059131,2026-01-22 00:21:18
821b19c1-ab13-4482-9580-770288a377a7,0,0,0,40,1,1769059131,2026-01-22 00:21:18
66dd4b2b-0aca-11e7-82f6-3863bb44ef7c,18,13,5,31,1,1769059131,2026-01-22 00:21:18
9c147c77-11da-4d0b-8a21-a8042ec8031b,7,3,4,11,1,1769059131,2026-01-22 00:21:18
36b55a0f-e55d-4849-859a-09b3273fb782,10,0,10,11,1,1769059131,2026-01-22 00:21:18
66de867e-0aca-11e7-82f6-3863bb44ef7c,3,0,3,27,1,1769059132,2026-01-22 00:21:18
55f6b830-e43e-4227-bfc7-683465236d94,18,5,13,25,1,1769059132,2026-01-22 00:21:18
df243d7f-e6ae-435c-9895-aecbcff9cada,10,6,4,18,1,1769059132,2026-01-22 00:21:18
1903998756008763590,2,1,1,47,1,1769059133,2026-01-22 00:21:18
04d557d6-6bc3-4244-b0f1-81ed1449ccd6,8,6,2,10,1,1769059135,2026-01-22 00:21:18
1869439368558197224,5,3,2,17,1,1769059135,2026-01-22 00:21:18
1e6c5d0c-f406-4b60-88f6-6284a38d3930,3,3,0,16,1,1769059131,2026-01-22 00:21:18
1828969515711812276,18,14,4,0,1,1769059133,2026-01-22 00:21:18
dc34ba4c-d8e5-4674-a02e-210c950c05c1,10,9,1,14,1,1769059133,2026-01-22 00:21:18
3c8847a6-c12a-40fd-9b22-4582ac1a0d9d,14,10,4,9,1,1769059140,2026-01-22 00:21:18
cd118a8f-a7d1-4b7a-a6d3-d9e875cb29df,18,13,5,6,1,1769059141,2026-01-22 00:21:18
e5b2a7ce-d867-465b-8446-743e00617068,1,1,0,19,1,1769059141,2026-01-22 00:21:18
1848242058183072050,15,4,11,4,1,1769059141,2026-01-22 00:21:18
2126621966735272262,8,0,8,3,1,1769059141,2026-01-22 00:21:18
66dc2238-0aca-11e7-82f6-3863bb44ef7c,6,2,4,72,1,1769059141,2026-01-22 00:21:18
66dc252e-0aca-11e7-82f6-3863bb44ef7c,34,13,21,0,1,1769059137,2026-01-22 00:21:18
fe93b3ae-1d86-4ee9-9eb6-9e11808966aa,7,4,3,13,1,1769059137,2026-01-22 00:21:18
7a8b474b-7577-4316-a192-d57576d194a3,0,0,0,21,1,1769059137,2026-01-22 00:21:18
66dbe8d6-0aca-11e7-82f6-3863bb44ef7c,21,21,0,31,1,1769059138,2026-01-22 00:21:18
47bcbcc1-9241-4e65-99f1-07c15543be1b,16,7,9,15,1,1769059138,2026-01-22 00:21:18
1836581534415880440,4,3,1,22,1,1769059139,2026-01-22 00:21:18
5780ae63-54e5-48e3-a00c-9c403cb75401,6,1,5,16,1,1769059139,2026-01-22 00:21:18
9a40cb60-6ede-4c9e-9d64-dc55cae57f31,4,0,4,22,1,1769059139,2026-01-22 00:21:18
1836581807397045112,2,1,1,22,1,1769059139,2026-01-22 00:21:18
3e9e50cc-f336-439f-bd0b-dec5499c038d,45,36,9,0,1,1769059139,2026-01-22 00:21:18
a4bb6fac-b795-4aa7-a266-613419019290,0,0,0,18,1,1769059137,2026-01-22 00:21:18
66de08c9-0aca-11e7-82f6-3863bb44ef7c,14,1,13,6,1,1769059140,2026-01-22 00:21:18
b0239a13-649a-4d31-aa04-56b8aaeba4d4,3,3,0,15,1,1769059140,2026-01-22 00:21:18
122111c9-9a61-4372-a756-fb2495611cb6,16,15,1,0,1,1769059140,2026-01-22 00:21:18
648e09b6-95c2-40d3-9dac-a43f22eccf38,2,0,2,21,1,1769059140,2026-01-22 00:21:18
66dce5c9-0aca-11e7-82f6-3863bb44ef7c,14,2,12,3,1,1769059140,2026-01-22 00:21:18
66db44e5-0aca-11e7-82f6-3863bb44ef7c,17,5,12,22,1,1769059140,2026-01-22 00:21:18
1786696384892428996,6,4,2,14,1,1769059140,2026-01-22 00:21:18
1828968794479100296,11,4,7,6,1,1769059144,2026-01-22 00:21:18
344b52b0-73a9-4fe3-9132-23d0502dc0ae,6,2,4,12,1,1769059144,2026-01-22 00:21:18
66de4594-0aca-11e7-82f6-3863bb44ef7c,16,6,10,10,1,1769059144,2026-01-22 00:21:18
b94d0241-bce7-44a9-ab1c-ece0740a4134,17,9,8,1,1,1769059144,2026-01-22 00:21:18
66dc8f1f-0aca-11e7-82f6-3863bb44ef7c,34,19,16,16,1,1769059144,2026-01-22 00:21:18
e4645d0d-8b76-4c46-b2b9-be25592e0659,15,7,8,9,1,1769059144,2026-01-22 00:21:18
62089e99-7f73-4f59-816d-57f9793484a1,10,10,0,10,1,1769059145,2026-01-22 00:21:18
66dc1beb-0aca-11e7-82f6-3863bb44ef7c,22,13,9,81,1,1769059145,2026-01-22 00:21:18
66dc4599-0aca-11e7-82f6-3863bb44ef7c,22,19,3,1,1,1769059145,2026-01-22 00:21:18
ecc52c52-e2d9-4e73-8f9c-18ad8e9b0606,8,0,8,13,1,1769059145,2026-01-22 00:21:18
b516fedb-3ced-4683-8c17-7e5f6dadf04d,28,7,21,4,1,1769059145,2026-01-22 00:21:18
1786375069262703476,24,8,16,4,1,1769059145,2026-01-22 00:21:18
66dce567-0aca-11e7-82f6-3863bb44ef7c,5,1,4,15,1,1769059145,2026-01-22 00:21:18
1893542109140147108,7,3,4,13,1,1769059146,2026-01-22 00:21:18
cc834d78-6eca-450a-ae00-a5ffc6f1a7a6,15,0,15,0,1,1769059145,2026-01-22 00:21:18
d33261e6-600e-4756-ad03-a9facbd8ace1,12,1,11,10,1,1769059145,2026-01-22 00:21:18
db29242d-6ff3-4e22-85fe-45fa3d03ec39,5,2,3,14,1,1769059147,2026-01-22 00:21:18
1838999521825487230,19,0,19,0,1,1769059148,2026-01-22 00:21:18
88ee054e-bdeb-4305-8f3b-76eb964f2c84,2,1,1,12,1,1769059147,2026-01-22 00:21:18
66de2b97-0aca-11e7-82f6-3863bb44ef7c,36,25,11,3,1,1769059142,2026-01-22 00:21:18
9d95a4a9-bcfe-4189-bb7d-abd9992ecbaf,14,5,9,2,1,1769059142,2026-01-22 00:21:18
bfbd1f09-afd2-49d2-8674-3a07b3c929a4,18,7,11,5,1,1769059142,2026-01-22 00:21:18
26176e86-8362-4c91-a693-6aa3f9ce0b73,11,9,2,8,1,1769059143,2026-01-22 00:21:18
547cdccc-7864-4898-97c9-8798d924ef54,32,6,26,32,1,1769059143,2026-01-22 00:21:18
d3f51f51-7e51-4c75-8600-d76916608707,11,9,2,17,1,1769059143,2026-01-22 00:21:18
66dbc60f-0aca-11e7-82f6-3863bb44ef7c,0,0,0,6,1,1769059143,2026-01-22 00:21:18
66dd1585-0aca-11e7-82f6-3863bb44ef7c,37,1,36,2,1,1769059142,2026-01-22 00:21:18
c3d5f47f-cfc3-4c1f-86bb-bcf770d2949b,9,1,8,16,1,1769059142,2026-01-22 00:21:18
66db7a71-0aca-11e7-82f6-3863bb44ef7c,8,6,2,30,1,1769059142,2026-01-22 00:21:18
062ffe5a-aa91-412d-8210-23d562c7e7f8,2,2,0,16,1,1769059146,2026-01-22 00:21:18
2126579471787670468,12,5,7,8,1,1769059146,2026-01-22 00:21:18
1838070776953752336,2,1,1,20,1,1769059146,2026-01-22 00:21:18
61bc2467-aa8c-4386-ba9e-3f01120bd6b8,2,2,0,22,1,1769059143,2026-01-22 00:21:18
66de5773-0aca-11e7-82f6-3863bb44ef7c,13,7,6,2,1,1769059144,2026-01-22 00:21:18
66de5ace-0aca-11e7-82f6-3863bb44ef7c,8,3,5,15,1,1769059144,2026-01-22 00:21:18
85b77b8d-32b8-4049-a407-64319916e2c5,5,5,0,14,1,1769059148,2026-01-22 00:21:18
1860187181307969634,20,2,18,1,1,1769059148,2026-01-22 00:21:18
28be450b-7878-4495-add2-61afd94f375a,17,8,9,0,1,1769059148,2026-01-22 00:21:18
59ad8f95-32a4-43de-b1c3-79c667b2d2df,1,1,0,26,1,1769059148,2026-01-22 00:21:18
2026068766494475116,31,26,5,1,1,1769059149,2026-01-22 00:21:18
2126274308236524392,2,0,2,10,1,1769059141,2026-01-22 00:21:18
1841240663447542046,15,10,5,2,1,1769059149,2026-01-22 00:21:18
66dde197-0aca-11e7-82f6-3863bb44ef7c,9,8,1,32,1,1769059149,2026-01-22 00:21:18
e1886e7a-62b1-4359-9835-8ab5a16371ae,4,1,3,18,1,1769059149,2026-01-22 00:21:18
1815968147129520346,0,0,0,22,1,1769059151,2026-01-22 00:21:18
66db2d2b-0aca-11e7-82f6-3863bb44ef7c,38,36,2,12,1,1769059152,2026-01-22 00:21:18
1860188194745712748,14,0,14,8,1,1769059151,2026-01-22 00:21:18
550153a5-2ea1-4c76-b1cd-77667005f55d,16,4,12,11,1,1769059152,2026-01-22 00:21:18
66db63f4-0aca-11e7-82f6-3863bb44ef7c,17,8,9,0,1,1769059152,2026-01-22 00:21:18
1860188907884823208,1,0,1,19,1,1769059152,2026-01-22 00:21:18
4d79bdb9-7c35-4d35-9f6e-3c1b849c453a,6,5,1,35,1,1769059152,2026-01-22 00:21:18
d8673258-9513-4ed2-86bf-bef62e7e4e30,3,3,0,14,1,1769059152,2026-01-22 00:21:18
4dcff9e7-7cb6-4d3d-ad67-c2e4c05933d3,8,3,5,14,1,1769059152,2026-01-22 00:21:18
f91170e6-a33c-4870-94da-9d51510515d2,3,2,1,14,1,1769059152,2026-01-22 00:21:18
b62bcd96-c2db-447c-bdd5-d3c18f174858,6,0,6,10,1,1769059153,2026-01-22 00:21:18
66dc7cc3-0aca-11e7-82f6-3863bb44ef7c,17,8,9,20,1,1769059153,2026-01-22 00:21:18
44a80c48-c1a9-4ff1-92eb-6bf8be492f5e,11,9,2,11,1,1769059153,2026-01-22 00:21:18
594b4656-9d83-4301-8967-3b92c126531c,20,11,9,2,1,1769059153,2026-01-22 00:21:18
2127386446510160022,2,2,0,17,1,1769059151,2026-01-22 00:21:18
fd081854-3f37-420a-9785-ea63c09c12ad,1,1,0,18,1,1769059150,2026-01-22 00:21:18
141eb0e0-e78d-411a-a0be-202a6424cc93,15,4,11,11,1,1769059150,2026-01-22 00:21:18
1828967027013302842,9,3,6,9,1,1769059151,2026-01-22 00:21:18
78b4aa30-e4e9-4447-9419-c89f8527892e,9,7,2,11,1,1769059149,2026-01-22 00:21:18
18fcd2c1-dc8b-4a52-9f18-e9b9003bbea5,42,34,8,11,1,1769059149,2026-01-22 00:21:18
625711ba-3b5d-46a7-a8f9-7f4eb17ec1be,9,5,4,15,1,1769059150,2026-01-22 00:21:18
8fa2fafb-fa07-48b2-b159-bffbea7176d4,1,0,1,17,1,1769059150,2026-01-22 00:21:18
66db2fd0-0aca-11e7-82f6-3863bb44ef7c,3,2,1,27,1,1769059150,2026-01-22 00:21:18
1875672501601550456,0,0,0,18,1,1769059150,2026-01-22 00:21:18
1869439561831725810,7,1,6,18,1,1769059150,2026-01-22 00:21:18
1828967607558607844,5,1,4,13,1,1769059151,2026-01-22 00:21:18
f001fac9-5f19-451e-a752-afde574a8c81,0,0,0,16,1,1769059153,2026-01-22 00:21:18
3d339282-d5c7-41ec-b634-6a988aefd440,2,0,2,15,1,1769059152,2026-01-22 00:21:18
2f656bc4-7743-4326-8330-a22bd41d9d17,26,18,8,13,1,1769059153,2026-01-22 00:21:18
66db2db5-0aca-11e7-82f6-3863bb44ef7c,51,0,51,5,1,1769059154,2026-01-22 00:21:18
2098714441479661752,8,6,2,6,1,1769059154,2026-01-22 00:21:18
ba0a4ada-c9f6-48b4-a7b3-7220f6fb88c2,1,1,0,23,1,1769059155,2026-01-22 00:21:18
623c9658-5544-4254-847e-738763cf45a3,6,2,4,13,1,1769059154,2026-01-22 00:21:18
66db3273-0aca-11e7-82f6-3863bb44ef7c,43,37,6,8,1,1769059154,2026-01-22 00:21:18
94f77501-32e5-4539-90c6-82d4198f7991,13,8,5,9,1,1769059155,2026-01-22 00:21:18
66dda55f-0aca-11e7-82f6-3863bb44ef7c,29,19,10,0,1,1769059155,2026-01-22 00:21:18
0dc63044-e19c-474d-9df1-c3e504d03b07,44,17,27,0,1,1769059154,2026-01-22 00:21:18
a0eec052-257a-4c79-8171-6e2ad9864ad0,18,5,13,11,1,1769059155,2026-01-22 00:21:18
a3e2b360-f050-48ea-b8c8-57d897b8f7fc,3,1,2,13,1,1769059155,2026-01-22 00:21:18
7603028c-8b04-4918-8a25-a087ce57aea4,12,0,12,18,1,1769059155,2026-01-22 00:21:18
284b08f2-3d26-4f52-9463-25e4a07c16f7,17,4,13,8,1,1769059156,2026-01-22 00:21:18
7bdd60e9-c0fd-40f6-aa9a-d5fa004d4fe3,14,3,11,4,1,1769059156,2026-01-22 00:21:18
1843486464469891376,1,0,1,17,1,1769059156,2026-01-22 00:21:18
3c135a2e-eeea-4e81-9c0a-8d14a6049198,12,6,6,7,1,1769059156,2026-01-22 00:21:18
361dd964-db79-47dd-b044-eac88c735249,0,0,0,18,1,1769059156,2026-01-22 00:21:18
66dd1846-0aca-11e7-82f6-3863bb44ef7c,34,3,30,13,1,1769059157,2026-01-22 00:21:18
9092515e-eef6-478f-910f-1cd19d06bebb,2,2,0,33,1,1769059156,2026-01-22 00:21:18
a2f71eea-05a2-4fe7-99ab-f74535c880ae,10,6,4,13,1,1769059156,2026-01-22 00:21:18
0c106e83-c47a-4233-b5e4-62bbb75d0bed,0,0,0,17,1,1769059157,2026-01-22 00:21:18
3863f086-ae35-4d0e-8c91-2b6e3e5827a1,11,0,11,25,1,1769059157,2026-01-22 00:21:18
66dc2bc5-0aca-11e7-82f6-3863bb44ef7c,5,3,2,102,1,1769059157,2026-01-22 00:21:18
1954806962718223342,41,22,19,1,1,1769059158,2026-01-22 00:21:18
66dbbc4a-0aca-11e7-82f6-3863bb44ef7c,20,8,12,6,1,1769059157,2026-01-22 00:21:18
f3c68cfb-52fd-48c8-b6e5-85c179fee0b3,15,3,12,8,1,1769059156,2026-01-22 00:21:18
1840540966407039246,18,2,16,2,1,1769059157,2026-01-22 00:21:18
eb41a103-0196-4f19-a440-256167191a7d,1,1,0,17,1,1769059158,2026-01-22 00:21:18
93c28953-7e65-436e-9c5a-9d7ca0e3729f,14,8,6,8,1,1769059158,2026-01-22 00:21:18
285ad3c2-3ffe-45bb-8765-9c20a69641a6,13,8,5,4,1,1769059158,2026-01-22 00:21:18
1064b4b0-e9c8-4139-ac48-f118305dbe69,4,4,0,18,1,1769059158,2026-01-22 00:21:18
66dd491c-0aca-11e7-82f6-3863bb44ef7c,12,9,3,22,1,1769059158,2026-01-22 00:21:18
66dde914-0aca-11e7-82f6-3863bb44ef7c,28,16,12,7,1,1769059158,2026-01-22 00:21:18
9e5fd5b6-c5f2-4694-9406-a44b7d0146d9,31,18,13,6,1,1769059158,2026-01-22 00:21:18
66dcf0b3-0aca-11e7-82f6-3863bb44ef7c,0,0,0,27,1,1769059158,2026-01-22 00:21:18
2743a950-3a1f-4a58-8fe0-f4105033e0e3,16,16,0,7,1,1769059158,2026-01-22 00:21:18
66dbf4ac-0aca-11e7-82f6-3863bb44ef7c,22,12,10,22,1,1769059159,2026-01-22 00:21:18
66dc8b6a-0aca-11e7-82f6-3863bb44ef7c,33,0,33,16,1,1769059159,2026-01-22 00:21:18
66db316a-0aca-11e7-82f6-3863bb44ef7c,0,0,0,3,0,1769021019,2026-01-22 00:21:18
1954778813955578360,0,0,0,0,0,86400,2026-01-22 00:21:18
067d5007-bda5-4697-b0a2-ccc2837f295c,0,0,0,0,0,86400,2026-01-22 00:21:18
1906248765431831024,0,0,0,0,0,86400,2026-01-22 00:21:18
aa8fc8b7-b66c-41d9-9885-30b8af599378,0,0,0,0,0,86400,2026-01-22 00:21:18
2171904301452603832,0,0,0,0,0,86400,2026-01-22 00:21:18
2124037384760320326,0,0,0,0,0,86400,2026-01-22 00:21:18
6067af3d-f7ed-4149-a394-2fc2eb295872,55,17,38,2,1,1769059092,2026-01-22 00:21:18
add829db-2feb-4e81-af61-056791a6e53b,8,8,0,22,1,1769059092,2026-01-22 00:21:18
943be327-0320-4ae1-8eb0-8a56f86a4fb6,4,0,4,20,1,1769059093,2026-01-22 00:21:18
0e82ab9f-8c93-4302-b9df-342f8135a05c,20,0,20,0,1,1769059092,2026-01-22 00:21:18
1989279523593928720,101,70,31,4,1,1769059092,2026-01-22 00:21:18
66db9845-0aca-11e7-82f6-3863bb44ef7c,52,40,12,4,1,1769059093,2026-01-22 00:21:18
1814900353536621062,25,9,16,3,1,1769059093,2026-01-22 00:21:18
1b28836b-29fd-47a7-9a98-44cd792918fb,14,0,14,34,1,1769059093,2026-01-22 00:21:18
138094a0-cd7d-4014-9b21-4fb2afd3980e,7,2,5,18,1,1769059093,2026-01-22 00:21:18
1857217122161783302,23,4,19,6,1,1769059097,2026-01-22 00:21:18
d473f31f-68f2-4777-a364-ed127db04345,8,5,3,7,1,1769059098,2026-01-22 00:21:18
1877651952425321214,5,0,5,10,1,1769059096,2026-01-22 00:21:18
0183d7d4-9e11-4429-94db-666a31239871,12,1,11,13,1,1769059097,2026-01-22 00:21:18
faf021ad-9de5-44bd-b7f5-48127e8d5fea,22,1,21,1,1,1769059097,2026-01-22 00:21:18
2053884382031338034,4,1,3,39,1,1769059096,2026-01-22 00:21:18
acfeadeb-73bb-4ec3-b809-78675b01af74,3,2,1,17,1,1769059096,2026-01-22 00:21:18
1d8e51b0-8131-4c1f-93fb-f04952c157c0,2,0,2,25,1,1769059095,2026-01-22 00:21:18
6f484a9d-c535-451e-a18f-f3afdc0a27af,29,6,23,10,1,1769059094,2026-01-22 00:21:18
66de1af4-0aca-11e7-82f6-3863bb44ef7c,23,21,2,12,1,1769059094,2026-01-22 00:21:18
581d8683-c217-4f96-89cb-b5a94d780b83,0,0,0,76,1,1769059094,2026-01-22 00:21:18
1828969417249358046,7,2,5,12,1,1769059097,2026-01-22 00:21:18
99d149f9-ad40-461e-beea-fcbf086f9b5a,25,19,6,40,1,1769059097,2026-01-22 00:21:18
b6a4770e-9077-4a0e-a0fb-b45b1d457559,50,38,12,7,1,1769059095,2026-01-22 00:21:18
1786696251091417274,27,15,12,7,1,1769059101,2026-01-22 00:21:18
2a47ef14-1cbe-4ec6-841d-cc277627fe20,17,15,2,12,1,1769059101,2026-01-22 00:21:18
ad037fe2-4a28-4b55-863c-229aada0b43a,7,1,6,12,1,1769059102,2026-01-22 00:21:18
1786698158713921798,18,2,16,23,1,1769059101,2026-01-22 00:21:18
30a75e12-5327-48f0-8155-3925aa934054,7,6,1,10,1,1769059102,2026-01-22 00:21:18
35915f48-31c5-499a-b845-2ca2fb541904,18,0,18,23,1,1769059102,2026-01-22 00:21:18
66dd1b65-0aca-11e7-82f6-3863bb44ef7c,36,26,10,20,1,1769059098,2026-01-22 00:21:18
66de5a47-0aca-11e7-82f6-3863bb44ef7c,15,2,13,14,1,1769059098,2026-01-22 00:21:18
97bcf094-ad77-4743-9c94-832c7300c090,11,3,8,5,1,1769059098,2026-01-22 00:21:18
6fcad2af-c3e2-47a4-8942-023ae4047e67,13,9,4,5,1,1769059099,2026-01-22 00:21:18
403c310e-26d5-4db5-9928-13c38b25053d,5,5,0,17,1,1769059100,2026-01-22 00:21:18
dba67615-a7e0-4c44-ab1b-b464033ec9b9,11,8,3,8,1,1769059100,2026-01-22 00:21:18
66de07ec-0aca-11e7-82f6-3863bb44ef7c,22,1,21,3,1,1769059100,2026-01-22 00:21:18
1860187692409078310,9,5,4,14,1,1769059102,2026-01-22 00:21:18
1860187301567054286,10,8,2,8,1,1769059103,2026-01-22 00:21:18
39112ced-337f-4b71-9df6-291cd4265cc9,18,0,18,4,1,1769059100,2026-01-22 00:21:18
42bf7170-61ab-44a0-aafe-1b89d7271718,13,7,6,16,1,1769059100,2026-01-22 00:21:18
66dca6f4-0aca-11e7-82f6-3863bb44ef7c,0,0,0,33,1,1769059101,2026-01-22 00:21:18
141ba25c-f4ea-4cec-ae7e-022401e23087,0,0,0,13,1,1769059099,2026-01-22 00:21:18
66de871c-0aca-11e7-82f6-3863bb44ef7c,6,5,1,52,1,1769059099,2026-01-22 00:21:18
531e6d94-5f4c-4ef0-9c83-47191be9d8f9,6,5,1,12,1,1769059099,2026-01-22 00:21:18
1884599469785421928,37,32,5,0,1,1769059099,2026-01-22 00:21:18
c04cef84-3fcd-4fd9-9e40-8e07453dbe19,7,4,3,12,1,1769059052,2026-01-22 00:21:18
720c0d64-7828-4dba-bff9-4d99f4e3a9fc,6,3,3,13,1,1769059051,2026-01-22 00:21:18
66dc3a1a-0aca-11e7-82f6-3863bb44ef7c,13,7,6,38,1,1769059052,2026-01-22 00:21:18
1828967717120678322,9,7,2,13,1,1769059055,2026-01-22 00:21:18
66dc0c53-0aca-11e7-82f6-3863bb44ef7c,16,7,9,3,1,1769059055,2026-01-22 00:21:18
2a9e2320-083d-4044-aedf-0c15ecfefe61,2,1,1,20,1,1769059055,2026-01-22 00:21:18
66db95e5-0aca-11e7-82f6-3863bb44ef7c,39,13,26,3,1,1769059055,2026-01-22 00:21:18
1879859065051787718,20,16,4,0,1,1769059055,2026-01-22 00:21:18
a6287af0-9a9e-4708-b61f-8e758be4b914,11,6,5,9,1,1769059057,2026-01-22 00:21:18
8cb0375d-bcb2-4c90-9773-41c3c8fdf8d8,43,29,14,37,1,1769059057,2026-01-22 00:21:18
66de6100-0aca-11e7-82f6-3863bb44ef7c,23,2,21,8,1,1769059057,2026-01-22 00:21:18
1835249964093653018,1,0,1,22,1,1769059058,2026-01-22 00:21:18
66db32fb-0aca-11e7-82f6-3863bb44ef7c,15,6,9,80,1,1769059054,2026-01-22 00:21:18
66dea4bf-0aca-11e7-82f6-3863bb44ef7c,30,13,17,11,1,1769059054,2026-01-22 00:21:18
1848241332086049696,3,2,1,18,1,1769059055,2026-01-22 00:21:18
d319629d-63cf-4765-9f69-5569f35d6469,5,1,4,13,1,1769059056,2026-01-22 00:21:18
1823008749757202820,15,3,12,7,1,1769059056,2026-01-22 00:21:18
1843486301383097150,3,2,1,20,1,1769059057,2026-01-22 00:21:18
348c5e65-cbc3-4da6-9856-fc253a0ba546,42,29,13,10,1,1769059050,2026-01-22 00:21:18
0579ff13-5d5b-4cbd-bc6e-3e9396591aef,2,0,2,16,1,1769059051,2026-01-22 00:21:18
1914337145288845316,22,9,13,0,1,1769059053,2026-01-22 00:21:18
ecb2eebe-67c0-43b8-baae-71abb1a0ec6a,1,1,0,23,1,1769059053,2026-01-22 00:21:18
66dc209c-0aca-11e7-82f6-3863bb44ef7c,59,35,24,1,1,1769059088,2026-01-22 00:21:18
c0b541ae-9e66-4739-babb-483180747dc2,3,0,3,15,1,1769059088,2026-01-22 00:21:18
160e21da-6dd2-47ff-8385-e13c8cdce4fa,22,0,22,2,1,1769059088,2026-01-22 00:21:18
b636a06c-c10e-417a-ac22-14cadb8f8993,17,7,10,1,1,1769059088,2026-01-22 00:21:18
079b5a90-1d2b-40b2-b1e9-71c075f16b89,7,4,3,10,1,1769059088,2026-01-22 00:21:18
3bf91ca1-14fd-4e51-858e-36a203f1af2a,5,5,0,12,1,1769059088,2026-01-22 00:21:18
66db3f01-0aca-11e7-82f6-3863bb44ef7c,41,25,16,6,1,1769059086,2026-01-22 00:21:18
1828966882896859944,0,0,0,17,1,1769059086,2026-01-22 00:21:18
66db3cab-0aca-11e7-82f6-3863bb44ef7c,24,16,8,6,1,1769059087,2026-01-22 00:21:18
40042fb4-6ddd-4f74-bb52-5af3e4e08c8d,15,0,15,7,1,1769059087,2026-01-22 00:21:18
1836581714456697424,5,0,5,18,1,1769059091,2026-01-22 00:21:18
38975061-0d90-43a3-87c1-8905b374d5d9,11,0,11,13,1,1769059086,2026-01-22 00:21:18
66dcf897-0aca-11e7-82f6-3863bb44ef7c,2,0,2,27,1,1769059086,2026-01-22 00:21:18
1869754004195029842,1,1,0,20,1,1769059090,2026-01-22 00:21:18
dfe2c398-ff5c-4a8d-83c8-fa18801540d8,11,0,11,16,1,1769059087,2026-01-22 00:21:18
66dded11-0aca-11e7-82f6-3863bb44ef7c,24,9,15,12,1,1769059060,2026-01-22 00:21:18
5cb3a92d-f284-477c-bf63-ea72d24e8a7d,13,3,10,4,1,1769059059,2026-01-22 00:21:18
1791472201147965920,0,0,0,61,1,1769059059,2026-01-22 00:21:18
c05cd2e2-74e8-4526-a62b-d631e005fdd8,26,3,23,2,1,1769059060,2026-01-22 00:21:18
fbb2d76c-1d47-4fb1-9c07-622fcace38a5,23,1,22,4,1,1769059060,2026-01-22 00:21:18
9341ee1c-d456-4858-a451-70cbbd73d084,6,0,6,20,1,1769059059,2026-01-22 00:21:18
66de1580-0aca-11e7-82f6-3863bb44ef7c,10,10,0,26,1,1769059063,2026-01-22 00:21:18
533f25a0-514f-456f-9d87-5fdcb4ee42f4,5,4,1,13,1,1769059064,2026-01-22 00:21:18
0f9423bd-98dd-4919-b6e3-28880ff7ecca,4,3,1,14,1,1769059064,2026-01-22 00:21:18
dcdaa64b-4d2c-4017-bfb9-da25924f851d,4,2,2,17,1,1769059065,2026-01-22 00:21:18
66de1448-0aca-11e7-82f6-3863bb44ef7c,1,0,1,25,1,1769059062,2026-01-22 00:21:18
66dbea8d-0aca-11e7-82f6-3863bb44ef7c,26,12,14,19,1,1769059063,2026-01-22 00:21:18
66dc73b0-0aca-11e7-82f6-3863bb44ef7c,36,31,5,0,1,1769059060,2026-01-22 00:21:18
91ca68bd-5ac1-470b-a26d-1ec98ea9cca4,19,2,17,6,1,1769059060,2026-01-22 00:21:18
66de2201-0aca-11e7-82f6-3863bb44ef7c,14,11,3,17,1,1769059066,2026-01-22 00:21:18
05b9e7cd-f3a2-4d48-b7c4-f5fbe09d9de3,8,0,8,19,1,1769059066,2026-01-22 00:21:18
9790606b-a00d-4d5e-b6ec-abd11c9d25b3,0,0,0,17,1,1769059072,2026-01-22 00:21:18
6c3b486e-603c-4158-91ac-adc06ac01535,6,0,6,19,1,1769059072,2026-01-22 00:21:18
e6a32ec8-fc8b-4ed6-93a2-3ace3921b89d,12,12,0,12,1,1769059065,2026-01-22 00:21:18
bfea6c5b-2e1a-42c5-8199-2ded6042d57b,3,0,3,22,1,1769059066,2026-01-22 00:21:18
a4368364-fa79-493c-8478-1d3471a6077f,46,28,18,30,1,1769059071,2026-01-22 00:21:18
b1f67e5c-7c26-4bf3-a90e-1500a3160d60,7,0,7,16,1,1769059071,2026-01-22 00:21:18
27c71510-d515-4add-b660-6efd6f225cd1,23,18,5,1,1,1769059071,2026-01-22 00:21:18
1882736039096477712,17,14,3,21,1,1769059070,2026-01-22 00:21:18
6a671276-d345-4a4c-a7df-98f5dbb19e4c,6,3,3,14,1,1769059070,2026-01-22 00:21:18
66ddb595-0aca-11e7-82f6-3863bb44ef7c,9,8,1,7,1,1769059070,2026-01-22 00:21:18
1862788101231526152,16,7,9,14,1,1769059070,2026-01-22 00:21:18
eef98eb6-f550-49f9-a910-4d2863e6a591,5,5,0,15,1,1769059069,2026-01-22 00:21:18
1820420129807491554,17,1,16,0,1,1769059069,2026-01-22 00:21:18
b94cc90e-9ca2-4471-8371-23be051e0157,0,0,0,75,1,1769059069,2026-01-22 00:21:18
1ec7ef9f-ab60-4a64-821d-883ba547273a,6,3,3,11,1,1769059068,2026-01-22 00:21:18
66dd8bd9-0aca-11e7-82f6-3863bb44ef7c,14,11,3,11,1,1769059068,2026-01-22 00:21:18
c702c094-b08f-449d-a41d-b3724f147491,7,3,4,14,1,1769059114,2026-01-22 00:21:18
77a498ea-5693-46cc-a4b1-6e428f574797,21,4,17,3,1,1769059113,2026-01-22 00:21:18
9e99abca-c679-4788-9a4e-39066660bd6a,2,2,0,15,1,1769059113,2026-01-22 00:21:18
0f51cb84-e386-44ac-947f-a969f7617d17,20,7,13,2,1,1769059114,2026-01-22 00:21:18
66dc91b5-0aca-11e7-82f6-3863bb44ef7c,16,2,14,27,1,1769059111,2026-01-22 00:21:18
01f01352-50d4-484e-a611-576b18ac373a,30,2,28,2,1,1769059111,2026-01-22 00:21:18
16cbe771-8fca-4437-b9d2-374e00da6c3a,16,7,9,7,1,1769059111,2026-01-22 00:21:18
b1f3eb8c-07f9-479f-a8ab-f04e094bc7d0,12,6,6,8,1,1769059111,2026-01-22 00:21:18
e15a5c77-70b0-4b9d-9eae-f10ddda7d994,2,2,0,21,1,1769059111,2026-01-22 00:21:18
66dc7957-0aca-11e7-82f6-3863bb44ef7c,21,11,10,55,1,1769059112,2026-01-22 00:21:18
66db2953-0aca-11e7-82f6-3863bb44ef7c,49,2,47,0,1,1769059112,2026-01-22 00:21:18
1869754328201607270,4,2,2,12,1,1769059112,2026-01-22 00:21:18
ab692d1f-5a4a-4fff-b929-013c3a7e8a98,3,2,1,15,1,1769059116,2026-01-22 00:21:18
7dcc5a03-5997-4250-9207-fa8b6f027c86,14,3,11,12,1,1769059116,2026-01-22 00:21:18
d56a8542-048a-4aca-ac7f-f27a9e6c908b,10,4,6,16,1,1769059117,2026-01-22 00:21:18
2121033124458338894,7,0,7,7,1,1769059117,2026-01-22 00:21:18
30985a9c-afe4-4b98-a72c-2c72bb35603e,8,6,2,9,1,1769059117,2026-01-22 00:21:18
6db97fde-68ae-4d2b-b121-b7c17838bbe7,0,0,0,17,1,1769059117,2026-01-22 00:21:18
10c13fe2-34cb-4aff-bea1-4f5ce877769b,8,2,6,8,1,1769059117,2026-01-22 00:21:18
1945125793810207148,9,4,5,8,1,1769059115,2026-01-22 00:21:18
66ddb41c-0aca-11e7-82f6-3863bb44ef7c,24,17,7,8,1,1769059115,2026-01-22 00:21:18
1900647078394106472,4,0,4,14,1,1769059115,2026-01-22 00:21:18
c1c33a35-751f-4dd6-baef-82db46f7ab46,4,2,2,29,1,1769059115,2026-01-22 00:21:18
e7739b9e-7cc6-4cbb-98d3-669b8e2ae98b,8,1,7,14,1,1769059115,2026-01-22 00:21:18
8f9ce302-2a6d-443c-8fe0-625b20021ea2,11,1,10,11,1,1769059112,2026-01-22 00:21:18
20f3a578-4dfa-45ca-a917-b394d77ee08e,12,0,12,16,1,1769059112,2026-01-22 00:21:18
6853d09a-cbd8-4378-bc23-02e8bba0b4da,1,1,0,21,1,1769059112,2026-01-22 00:21:18
66db29e6-0aca-11e7-82f6-3863bb44ef7c,14,7,7,3,1,1769059112,2026-01-22 00:21:18
5f0aa684-a1c5-4119-827f-7860f1cd4ccd,10,6,4,13,1,1769059113,2026-01-22 00:21:18
66dd2556-0aca-11e7-82f6-3863bb44ef7c,39,21,18,1,1,1769059116,2026-01-22 00:21:18
66dbc8f5-0aca-11e7-82f6-3863bb44ef7c,52,29,23,18,1,1769059116,2026-01-22 00:21:18
89171660-8cef-443f-8f75-67503532d1ce,17,7,10,1,1,1769059112,2026-01-22 00:21:18
d5788cfa-817e-4b65-b43f-edda222a3c3c,11,6,5,13,1,1769059112,2026-01-22 00:21:18
66db3a1e-0aca-11e7-82f6-3863bb44ef7c,6,4,2,12,1,1769059112,2026-01-22 00:21:18
2126224759932600578,2,2,0,7,1,1769059114,2026-01-22 00:21:18
1c82b223-42ba-4d15-8e8a-bd8ae2a57cde,7,5,2,8,1,1769059115,2026-01-22 00:21:18
4e1a13af-1c3b-48f2-8586-5edceea97d61,0,0,0,19,1,1769059113,2026-01-22 00:21:18
311269f4-53dc-4f83-b26b-ecb6e8e160ed,2,1,1,16,1,1769059117,2026-01-22 00:21:18
653ba606-f397-41e6-adc4-f775bf2d0c9f,13,1,12,9,1,1769059119,2026-01-22 00:21:18
b5010362-af16-4357-8fb7-5958576954c0,11,4,7,17,1,1769059118,2026-01-22 00:21:18
66dbe250-0aca-11e7-82f6-3863bb44ef7c,2,2,0,15,1,1769059119,2026-01-22 00:21:18
66dd42eb-0aca-11e7-82f6-3863bb44ef7c,3,3,0,57,1,1769059119,2026-01-22 00:21:18
66dbce8a-0aca-11e7-82f6-3863bb44ef7c,50,21,29,11,1,1769059119,2026-01-22 00:21:18
876683ce-9bce-4fad-8d1c-6b331fa07b5c,42,12,30,2,1,1769059119,2026-01-22 00:21:18
1846086768160082632,4,0,4,20,1,1769059118,2026-01-22 00:21:18
cd4b8e12-b2c7-479b-900d-59cf7d8c4276,11,2,9,4,1,1769059118,2026-01-22 00:21:18
c38e2cfc-04e6-419c-8bf8-d8713ccf6ea7,49,7,42,4,1,1769059118,2026-01-22 00:21:18
05c5e17c-7aa9-49b7-9da3-9db4858ec1fc,10,10,0,18,1,1769059118,2026-01-22 00:21:18
ff2869f0-4381-4cf3-863e-a0d776ec53b4,65,29,36,23,1,1769059121,2026-01-22 00:21:18
96a4da57-107a-43d1-8828-4749d5555461,8,1,7,22,1,1769059119,2026-01-22 00:21:18
2af3ecc3-4f43-468a-a7cc-bb4804ee3e7a,7,6,1,45,1,1769059119,2026-01-22 00:21:18
062f0ac2-b3b6-4c15-b470-92ce9b592635,14,3,11,4,1,1769059121,2026-01-22 00:21:18
454b4a83-d0b1-42a2-8163-261e2a9d6ab9,7,7,0,69,1,1769059122,2026-01-22 00:21:18
66db6cd4-0aca-11e7-82f6-3863bb44ef7c,31,12,19,20,1,1769059120,2026-01-22 00:21:18
66db6aae-0aca-11e7-82f6-3863bb44ef7c,32,24,8,51,1,1769059076,2026-01-22 00:21:18
bf093f72-1d8d-44ae-91b5-e36958a27976,3,0,3,16,1,1769059076,2026-01-22 00:21:18
66de20c8-0aca-11e7-82f6-3863bb44ef7c,8,8,0,22,1,1769059077,2026-01-22 00:21:18
1835250318514342456,9,1,8,18,1,1769059077,2026-01-22 00:21:18
1817432787057164808,19,11,8,0,1,1769059078,2026-01-22 00:21:18
9e3603ee-2b7d-4147-a7b5-48bbd778902c,24,22,2,37,1,1769059078,2026-01-22 00:21:18
66dde079-0aca-11e7-82f6-3863bb44ef7c,23,17,6,15,1,1769059073,2026-01-22 00:21:18
66dc1545-0aca-11e7-82f6-3863bb44ef7c,12,3,9,11,1,1769059074,2026-01-22 00:21:18
0096fecb-3a56-4585-9204-aa9554f7bc49,25,19,6,20,1,1769059075,2026-01-22 00:21:18
af626e61-9f83-4602-a9b1-038b1c1430e6,14,3,11,0,1,1769059074,2026-01-22 00:21:18
66de47bf-0aca-11e7-82f6-3863bb44ef7c,15,8,7,0,1,1769059078,2026-01-22 00:21:18
7d455e9a-20b4-4b03-8248-0d982fdfa21b,1,1,0,20,1,1769059079,2026-01-22 00:21:18
c2291f8e-3b07-4671-82af-2b947825de4a,37,22,15,25,1,1769059083,2026-01-22 00:21:18
c83e1ef5-776e-417e-8ee2-d08ca121f884,9,9,0,18,1,1769059083,2026-01-22 00:21:18
50e05a9f-dce6-4315-a10d-1fa786fc18ee,5,5,0,45,1,1769059083,2026-01-22 00:21:18
1597ea95-0b6b-425a-8d13-ed86ee0754b5,3,1,2,16,1,1769059083,2026-01-22 00:21:18
2123940513700131194,9,4,5,4,1,1769059083,2026-01-22 00:21:18
1e590819-53fd-415c-bc28-aed605ad3bcb,7,4,3,9,1,1769059083,2026-01-22 00:21:18
cdb6e2aa-4da3-4ed7-9b13-ce626addf6b0,20,13,7,30,1,1769059085,2026-01-22 00:21:18
66db3d2a-0aca-11e7-82f6-3863bb44ef7c,13,0,13,46,1,1769059086,2026-01-22 00:21:18
ed1199e4-d9a6-4d9e-8c81-62bcd7510a11,12,11,1,17,1,1769059084,2026-01-22 00:21:18
66dbf667-0aca-11e7-82f6-3863bb44ef7c,60,28,32,7,1,1769059085,2026-01-22 00:21:18
84b30f68-5404-453a-ae86-a2baff03a2c9,2,1,1,13,1,1769059085,2026-01-22 00:21:18
66dd1ad8-0aca-11e7-82f6-3863bb44ef7c,20,0,20,3,1,1769059085,2026-01-22 00:21:18
60a061d5-d984-4573-af3c-2054f4f59e94,9,7,2,9,1,1769059082,2026-01-22 00:21:18
1828968199249922252,2,2,0,18,1,1769059082,2026-01-22 00:21:18
d5ca6311-7471-480f-9c79-38baaafe34ba,19,1,18,9,1,1769059081,2026-01-22 00:21:18
1ddadf67-ae08-4e86-bdda-236629b9eabd,19,7,12,6,1,1769059081,2026-01-22 00:21:18
a35d03cf-bd72-4da4-a4ac-bd25b3f8dce3,13,10,3,5,1,1769059081,2026-01-22 00:21:18
72196024-6f2b-45cb-9764-609911c7dc0b,18,11,7,30,1,1769059080,2026-01-22 00:21:18
5d049d4b-0736-4323-834a-1b2454bd6551,10,8,2,14,1,1769059082,2026-01-22 00:21:18
66dd49eb-0aca-11e7-82f6-3863bb44ef7c,4,1,3,25,1,1769059082,2026-01-22 00:21:18
e35494b4-5811-4d2a-87de-4430e56bce2d,2,2,0,18,1,1769059080,2026-01-22 00:21:18
2122552934440059494,3,2,1,13,1,1769059032,2026-01-22 00:21:18
cbcbd880-9662-4ab1-b530-781bb101ed1f,3,1,2,12,1,1769059039,2026-01-22 00:21:18
1835249854657874848,4,0,4,13,1,1769059038,2026-01-22 00:21:18
88c1303b-3349-4591-bf08-c7e40cf3537a,14,3,11,31,1,1769059039,2026-01-22 00:21:18
1836581628905160976,9,6,3,12,1,1769059039,2026-01-22 00:21:18
66dbc6ae-0aca-11e7-82f6-3863bb44ef7c,25,18,7,37,1,1769059039,2026-01-22 00:21:18
21361381-fd4a-44a4-bfa7-61f075192ce9,5,1,4,19,1,1769059042,2026-01-22 00:21:18
1875413335585534272,2,1,1,19,1,1769059042,2026-01-22 00:21:18
17c45d34-0d8d-46ba-9078-e9a2a7c5867c,2,2,0,28,1,1769059042,2026-01-22 00:21:18
66dcbefb-0aca-11e7-82f6-3863bb44ef7c,16,9,7,1,1,1769059040,2026-01-22 00:21:18
16280b32-7e5b-4a18-930b-212eac10faaa,2,0,2,17,1,1769059043,2026-01-22 00:21:18
bca594e5-779f-4866-bd6b-818871f97d38,28,1,27,2,1,1769059048,2026-01-22 00:21:18
d55dd622-0ced-4e4d-9ea5-2ef2cb6481a9,16,9,7,19,1,1769059049,2026-01-22 00:21:18
2053867202510006310,14,1,13,8,1,1769059049,2026-01-22 00:21:18
66dde2d9-0aca-11e7-82f6-3863bb44ef7c,24,18,6,8,1,1769059046,2026-01-22 00:21:18
5adcaaaf-5386-441d-827c-8d65c4f4405e,0,0,0,20,1,1769059046,2026-01-22 00:21:18
1786698815186893280,33,25,8,0,1,1769059045,2026-01-22 00:21:18
cd5e7c3e-c618-416a-ae99-b509bd56e1b2,9,2,7,19,1,1769059046,2026-01-22 00:21:18
8dc8c0b3-4d70-40fe-a75a-86e30ecb676b,17,1,16,0,1,1769059044,2026-01-22 00:21:18
672d71ab-2c23-4bd2-9ed2-34e54aa4b5b5,7,6,1,10,1,1769059044,2026-01-22 00:21:18
1e226f22-034f-4b99-8184-a8eaa591fbd8,10,7,3,39,1,1769059045,2026-01-22 00:21:18
f6c33f22-d650-4935-a928-fb693a828b5f,1,1,0,21,1,1769059047,2026-01-22 00:21:18
412c1416-d15b-4e6a-9691-da4c3cc0d0d2,38,37,1,23,1,1769059050,2026-01-22 00:21:18
98af0e1d-ea33-4c6e-95fe-97846e81081e,13,12,1,6,1,1769059106,2026-01-22 00:21:18
8c700e85-cfdb-4eef-ba49-53bd69c004ed,10,4,6,9,1,1769059107,2026-01-22 00:21:18
9dde927d-9984-4f97-bcd0-fbcb59e6ca66,12,1,11,5,1,1769059108,2026-01-22 00:21:18
95a52ce4-3597-47d1-8d6f-427cb3b8ca6a,1,1,0,22,1,1769059107,2026-01-22 00:21:18
5b0b689f-9bd2-4743-b4cc-d4629a9a709b,17,2,15,5,1,1769059108,2026-01-22 00:21:18
3134bce7-0bb9-4a45-9c87-60a8cb681d72,9,3,6,7,1,1769059108,2026-01-22 00:21:18
7a701539-2c10-4abe-803f-525785ebb7fb,7,1,6,14,1,1769059107,2026-01-22 00:21:18
66de2625-0aca-11e7-82f6-3863bb44ef7c,28,8,20,4,1,1769059106,2026-01-22 00:21:18
66db8fde-0aca-11e7-82f6-3863bb44ef7c,32,20,12,20,1,1769059110,2026-01-22 00:21:18
1835246815877178358,8,1,7,12,1,1769059110,2026-01-22 00:21:18
16e17ca1-b2dc-47d0-8c8b-199cb4736fe7,11,7,4,8,1,1769059111,2026-01-22 00:21:18
66dc86d9-0aca-11e7-82f6-3863bb44ef7c,44,7,37,19,1,1769059108,2026-01-22 00:21:18
4cd5a87d-7618-4a15-892d-8cf29eec865c,17,4,13,1,1,1769059108,2026-01-22 00:21:18
66ddb7bf-0aca-11e7-82f6-3863bb44ef7c,14,14,0,33,1,1769059108,2026-01-22 00:21:18
56e18295-f760-4bf3-8aa3-5a1e4ebf606f,7,2,5,14,1,1769059108,2026-01-22 00:21:18
66dc78c4-0aca-11e7-82f6-3863bb44ef7c,47,24,23,15,1,1769059108,2026-01-22 00:21:18
66dcf394-0aca-11e7-82f6-3863bb44ef7c,4,4,0,27,1,1769059109,2026-01-22 00:21:18
66db3aa3-0aca-11e7-82f6-3863bb44ef7c,36,35,1,15,1,1769059108,2026-01-22 00:21:18
74a1dc19-f894-4246-99f1-476a92452995,5,5,0,21,1,1769059104,2026-01-22 00:21:18
026fd07d-d810-45dc-9237-a3d84dce4fa9,12,1,11,10,1,1769059105,2026-01-22 00:21:18
1823008917260927616,16,5,11,7,1,1769059105,2026-01-22 00:21:18
a11a0000-19cf-4053-b3a1-3a5886d7446c,24,7,17,16,1,1769059106,2026-01-22 00:21:18
65e7908a-a73e-4f8e-9967-0d0677f62bc4,14,5,9,7,1,1769059106,2026-01-22 00:21:18
2e74ea1d-02a0-47bf-9665-dce2d65de8d7,42,24,18,4,1,1769059109,2026-01-22 00:21:18
4223f276-a4d4-45e0-b914-67f5ef1e81ba,10,3,7,14,1,1769059110,2026-01-22 00:21:18
88bf1344-354f-4699-bdbd-1c2584fc41ee,26,6,20,9,1,1769059109,2026-01-22 00:21:18
016ee47a-4871-4209-91cb-bf3ceeddc991,4,3,1,14,1,1769059110,2026-01-22 00:21:18
66de5d57-0aca-11e7-82f6-3863bb44ef7c,0,0,0,22,1,1769059110,2026-01-22 00:21:18
1882735162923150168,23,6,17,2,1,1769059123,2026-01-22 00:21:18
facb0195-8daa-46e3-95e1-6f22fb678e8a,0,0,0,19,1,1769059123,2026-01-22 00:21:18
1975518396279321266,49,45,4,24,1,1769059123,2026-01-22 00:21:18
72796825-88b1-43a0-bb6d-2b41d337b1fc,24,11,13,7,1,1769059124,2026-01-22 00:21:18
66de4408-0aca-11e7-82f6-3863bb44ef7c,15,5,10,6,1,1769059124,2026-01-22 00:21:18
1862787990429630662,2,2,0,16,1,1769059125,2026-01-22 00:21:18
1838617691511229014,2,0,2,20,1,1769059125,2026-01-22 00:21:18
1861681435029604706,18,10,8,4,1,1769059126,2026-01-22 00:21:18
2126274178538511162,9,1,8,2,1,1769059126,2026-01-22 00:21:18
8ce7325e-d5c7-46f9-9b73-95356e48c3eb,18,13,5,6,1,1769059127,2026-01-22 00:21:18
cb04be8e-8edc-4c9d-bfc0-76f94e3a3d9b,31,0,31,11,1,1769059127,2026-01-22 00:21:18
1843486757863039016,16,5,11,2,1,1769059127,2026-01-22 00:21:18
66dbe4db-0aca-11e7-82f6-3863bb44ef7c,45,39,6,37,1,1769059127,2026-01-22 00:21:18
c1144380-c1ac-4315-9b1a-4b4e870ac688,4,0,4,15,1,1769059122,2026-01-22 00:21:18
78ec2f0d-c309-46d4-8808-7eb1a0674e38,10,9,1,18,1,1769059123,2026-01-22 00:21:18
05969d95-8a64-4007-abf1-afb847f2d426,6,1,5,16,1,1769059123,2026-01-22 00:21:18
66dbc982-0aca-11e7-82f6-3863bb44ef7c,8,8,0,100,1,1769059122,2026-01-22 00:21:18
09b00240-4c2a-4900-9d09-f13344461c02,16,12,4,1,1,1769059122,2026-01-22 00:21:18
8a24490d-d5c5-4bac-9e36-56967834fc10,1,1,0,19,1,1769059122,2026-01-22 00:21:18
66dbf442-0aca-11e7-82f6-3863bb44ef7c,39,20,19,39,1,1769059128,2026-01-22 00:21:18
2b848257-dc2e-4dd0-b840-d5e046972789,7,1,6,10,1,1769059124,2026-01-22 00:21:18
344064f8-e82f-40fb-b235-aff506b77ae5,4,1,3,24,1,1769059124,2026-01-22 00:21:18
18267c09-1916-48d8-951c-caf88c89edd1,3,2,1,12,1,1769059126,2026-01-22 00:21:18
66db4158-0aca-11e7-82f6-3863bb44ef7c,35,32,3,3,1,1769059126,2026-01-22 00:21:18
66de1f17-0aca-11e7-82f6-3863bb44ef7c,23,23,0,9,1,1769059125,2026-01-22 00:21:18
b90574d1-e9e7-45be-8adb-e38cb285fea5,3,3,0,14,1,1769059126,2026-01-22 00:21:18
1817627670084542818,10,3,7,12,1,1769059125,2026-01-22 00:21:18
66f68197-4897-4576-896a-48e0312104c5,14,9,5,12,1,1769059125,2026-01-22 00:21:18
66dc7b10-0aca-11e7-82f6-3863bb44ef7c,1,0,1,72,1,1769059142,2026-01-22 00:21:18
66dbf73d-0aca-11e7-82f6-3863bb44ef7c,28,20,8,7,1,1769059141,2026-01-22 00:21:18
29b21bd8-2459-4727-b1f0-d73592db3321,13,5,8,15,1,1769059142,2026-01-22 00:21:18
a381b37a-a928-4834-87ee-da9922cb3b3d,11,4,7,21,1,1769059142,2026-01-22 00:21:18
59f0cb81-e31b-4ba9-9159-3437c52f7505,0,0,0,18,1,1769059142,2026-01-22 00:21:18
66de27da-0aca-11e7-82f6-3863bb44ef7c,12,10,2,9,1,1769059142,2026-01-22 00:21:18
36ddce8f-bd83-4a05-b601-b526fb4d8628,3,2,1,16,1,1769059142,2026-01-22 00:21:18
9157a3bc-43fa-4221-8bb8-17273fc09540,23,15,8,1,1,1769059142,2026-01-22 00:21:18
1838070703178521596,1,0,1,18,1,1769059142,2026-01-22 00:21:18
66dde559-0aca-11e7-82f6-3863bb44ef7c,21,20,1,10,1,1769059143,2026-01-22 00:21:18
557f8d40-dec1-4c61-bd03-a0d1a6ea0e4b,24,10,14,3,1,1769059142,2026-01-22 00:21:18
b3c8aaaf-6e1c-4f56-9391-b79e883b8009,6,1,5,17,1,1769059143,2026-01-22 00:21:18
1931758629658304788,6,1,5,18,1,1769059144,2026-01-22 00:21:18
3c21925c-d68e-497c-b501-982d3eb3e852,15,13,2,5,1,1769059144,2026-01-22 00:21:18
9f702c67-b591-4492-ba90-eb3c7e793dad,10,0,10,11,1,1769059144,2026-01-22 00:21:18
1860189426558126796,11,2,9,10,1,1769059144,2026-01-22 00:21:18
febf420f-bbec-4044-a3af-69959e018ccb,21,21,0,0,1,1769059144,2026-01-22 00:21:18
1822663143025657920,23,6,17,1,1,1769059144,2026-01-22 00:21:18
66de1b5b-0aca-11e7-82f6-3863bb44ef7c,4,4,0,21,1,1769059144,2026-01-22 00:21:18
ab5585c8-c2cf-4bab-96cf-d02eced4f6e3,4,3,1,40,1,1769059144,2026-01-22 00:21:18
8df41833-c7bf-4171-bdab-58d64f6ade54,21,3,18,0,1,1769059146,2026-01-22 00:21:18
1846449740982645546,15,0,15,4,1,1769059145,2026-01-22 00:21:18
66ddeca9-0aca-11e7-82f6-3863bb44ef7c,15,5,10,4,1,1769059146,2026-01-22 00:21:18
6fd84197-56e2-47df-849f-701aca0e7cc3,2,0,2,15,1,1769059147,2026-01-22 00:21:18
8fc95e31-b025-4d2b-b5aa-240465366480,14,14,0,7,1,1769059146,2026-01-22 00:21:18
c9c09ed0-0a52-4d6a-a999-b0848874e51f,0,0,0,30,0,1768571529,2026-01-22 00:21:18
c5861c24-5ac1-41df-82f1-31748d03e868,64,49,15,0,1,1769059143,2026-01-22 00:21:18
9e9acfaf-0bbf-4bc2-a825-b2befb6bee55,28,14,14,2,1,1769059143,2026-01-22 00:21:18
66dc36c3-0aca-11e7-82f6-3863bb44ef7c,66,20,47,16,1,1769059143,2026-01-22 00:21:18
1913995167022829826,16,3,13,3,1,1769059143,2026-01-22 00:21:18
8603535e-0d7a-4c5b-ae77-27b9f5770bfa,16,14,2,9,1,1769059144,2026-01-22 00:21:18
66dd4de9-0aca-11e7-82f6-3863bb44ef7c,46,41,5,6,1,1769059145,2026-01-22 00:21:18
66dd4841-0aca-11e7-82f6-3863bb44ef7c,22,16,6,21,1,1769059145,2026-01-22 00:21:18
904930bd-2671-4695-9c1a-8a894b041129,9,7,2,55,1,1769059145,2026-01-22 00:21:18
490ca6cc-c2a2-4838-acf0-4704ed60dc51,37,25,12,13,1,1769059145,2026-01-22 00:21:18
bf5a9ad8-6725-4ade-967d-aba612d423bf,20,13,7,2,1,1769059145,2026-01-22 00:21:18
1828969851041055492,5,2,3,17,1,1769059141,2026-01-22 00:21:18
c01a9c97-6c04-4e3f-ad0b-958801d94ca1,10,0,10,4,1,1769059141,2026-01-22 00:21:18
1861680103893703034,8,8,0,12,1,1769059147,2026-01-22 00:21:18
ab40ffde-f331-4194-adab-cb8c60b63f28,6,3,3,19,1,1769059131,2026-01-22 00:21:18
66de2131-0aca-11e7-82f6-3863bb44ef7c,2,0,2,32,1,1769059131,2026-01-22 00:21:18
1431ec5c-242d-401b-b672-dbf95155999b,5,4,1,13,1,1769059131,2026-01-22 00:21:18
74e104fb-1ddc-4f3e-a60b-220b6c4f300b,4,2,2,12,1,1769059131,2026-01-22 00:21:18
66de56e5-0aca-11e7-82f6-3863bb44ef7c,21,8,13,1,1,1769059131,2026-01-22 00:21:18
b9970fb5-176c-4a66-8772-6d76c4b6245a,4,0,4,14,1,1769059132,2026-01-22 00:21:18
308e055a-b8aa-447d-8803-8677c88af0ba,4,0,4,16,1,1769059132,2026-01-22 00:21:18
66dba0ba-0aca-11e7-82f6-3863bb44ef7c,14,8,6,26,1,1769059132,2026-01-22 00:21:18
66de4c32-0aca-11e7-82f6-3863bb44ef7c,15,1,14,9,1,1769059132,2026-01-22 00:21:18
09a0c507-7cda-4f3f-9988-78de0baa28e4,5,2,3,13,1,1769059130,2026-01-22 00:21:18
968d40e0-2a5b-4f6c-a161-fad1631b609b,6,6,0,8,1,1769059135,2026-01-22 00:21:18
a1cf7115-8e38-4300-aac8-3a2fddca0e23,23,8,15,9,1,1769059135,2026-01-22 00:21:18
aa120a3a-9f2b-4dfc-a88b-384bbb66838a,3,1,2,19,1,1769059136,2026-01-22 00:21:18
7e7d974c-a6ec-4d9a-b4ed-01a4d2056d8b,1,0,1,18,1,1769059134,2026-01-22 00:21:18
bd318c15-5c3d-4e72-9837-3b4bd37707e0,0,0,0,18,1,1769059134,2026-01-22 00:21:18
fbee1143-e93f-418d-b6bc-8fde4a9a8746,17,3,14,32,1,1769059134,2026-01-22 00:21:18
1817432606668538118,12,9,3,13,1,1769059133,2026-01-22 00:21:18
66dcbb2c-0aca-11e7-82f6-3863bb44ef7c,4,0,4,23,1,1769059133,2026-01-22 00:21:18
18d980e5-ba08-4bc3-832e-03eb71865768,21,15,6,2,1,1769059133,2026-01-22 00:21:18
aba6e644-3ac8-4cdc-9bc6-763e9d82dee9,12,1,11,10,1,1769059134,2026-01-22 00:21:18
66db237e-0aca-11e7-82f6-3863bb44ef7c,23,13,10,30,1,1769059129,2026-01-22 00:21:18
ab79da3d-f92a-42de-a76d-e05b5d7e724c,4,3,1,10,1,1769059129,2026-01-22 00:21:18
1828968691399885056,12,2,10,1,1,1769059135,2026-01-22 00:21:18
1960020540642077008,36,30,6,11,1,1769059139,2026-01-22 00:21:18
2126624466406238560,9,3,6,4,1,1769059139,2026-01-22 00:21:18
66dde9af-0aca-11e7-82f6-3863bb44ef7c,12,3,9,13,1,1769059139,2026-01-22 00:21:18
01a1343d-9c7b-4a83-8a5a-a600187f19c4,3,1,2,26,1,1769059140,2026-01-22 00:21:18
66dc28bd-0aca-11e7-82f6-3863bb44ef7c,2,2,0,54,1,1769059140,2026-01-22 00:21:18
c7be2714-14db-421f-a19e-f6a7bf6e8d26,7,5,2,15,1,1769059140,2026-01-22 00:21:18
1835247352748090208,20,16,4,2,1,1769059138,2026-01-22 00:21:18
bdefa3e3-aa5a-40eb-b7f8-542de55063e9,12,6,6,5,1,1769059138,2026-01-22 00:21:18
66dccd65-0aca-11e7-82f6-3863bb44ef7c,18,3,15,8,1,1769059138,2026-01-22 00:21:18
c0df5c09-2c07-4689-9fe8-36ed81301d7d,1,0,1,20,1,1769059138,2026-01-22 00:21:18
66dd4051-0aca-11e7-82f6-3863bb44ef7c,13,13,0,35,1,1769059138,2026-01-22 00:21:18
2039088532741595744,40,13,27,11,1,1769059137,2026-01-22 00:21:18
833bc8bc-3c32-4481-9c14-9a88aa7accec,30,16,14,8,1,1769059137,2026-01-22 00:21:18
22ac9559-d7f1-4dcd-ae3e-f6caf586a455,3,2,1,21,1,1769059137,2026-01-22 00:21:18
66db8c10-0aca-11e7-82f6-3863bb44ef7c,25,13,12,10,1,1769059136,2026-01-22 00:21:18
3bdd81c8-3112-45e6-ae72-11a3f4fa5921,11,6,5,11,1,1769059136,2026-01-22 00:21:18
1945126147213275898,10,6,4,11,1,1769059136,2026-01-22 00:21:18
66dd9213-0aca-11e7-82f6-3863bb44ef7c,21,18,3,22,1,1769059141,2026-01-22 00:21:18
db02e1ea-acc1-4f45-8e3c-d37468b0b5a6,6,4,2,12,1,1769059141,2026-01-22 00:21:18
66dc0d3a-0aca-11e7-82f6-3863bb44ef7c,16,6,10,3,1,1769059141,2026-01-22 00:21:18
aa8270ec-4441-47d2-854b-5852e65fae66,1,0,1,17,1,1769059141,2026-01-22 00:21:18
1815967313905864892,5,1,4,10,1,1769059141,2026-01-22 00:21:18
1929513834381415014,7,3,4,13,1,1769059141,2026-01-22 00:21:18
d873e463-2dc9-4bf8-86c7-fea8ddaa3a9f,2,1,1,14,1,1769059141,2026-01-22 00:21:18
1d977221-b2b5-4fa2-bba0-b00136834fb3,5,1,4,13,1,1769059141,2026-01-22 00:21:18
1851955603137491568,31,0,31,0,1,1769059138,2026-01-22 00:21:18
9459fca8-b044-4ed1-8f2c-c5db11ba868f,6,0,6,20,1,1769059151,2026-01-22 00:21:18
fdf21800-6106-4739-b7d5-b379b19e5732,8,4,4,11,1,1769059152,2026-01-22 00:21:18
66db6e49-0aca-11e7-82f6-3863bb44ef7c,1,1,0,43,1,1769059151,2026-01-22 00:21:18
918af7b2-e05c-477a-a8c0-7dcff984c566,7,0,7,32,1,1769059151,2026-01-22 00:21:18
1834145064843958330,9,0,9,8,1,1769059152,2026-01-22 00:21:18
66dd25e0-0aca-11e7-82f6-3863bb44ef7c,15,10,5,4,1,1769059152,2026-01-22 00:21:18
6661108f-28eb-4671-ad0c-36a311d325aa,7,1,6,11,1,1769059152,2026-01-22 00:21:18
dd8627c8-4190-4a30-8758-e77a7b010437,11,4,7,34,1,1769059152,2026-01-22 00:21:18
2170352212111402482,22,14,8,49,1,1769059152,2026-01-22 00:21:18
e71d152c-c2df-4d3e-a9af-139f2529bac6,12,0,12,5,1,1769059152,2026-01-22 00:21:18
cae4f2f4-9642-474c-95cc-6cc07592f120,2,0,2,32,1,1769059149,2026-01-22 00:21:18
897e8739-ee1d-4b2e-b151-ad7e64e87697,8,0,8,21,1,1769059149,2026-01-22 00:21:18
9505c2b7-0c3a-4791-8471-d2092a86291f,22,0,21,1,1,1769059150,2026-01-22 00:21:18
2126622876727162948,7,2,5,4,1,1769059150,2026-01-22 00:21:18
1861682960046954694,21,18,3,2,1,1769059150,2026-01-22 00:21:18
78e93937-53d1-4c9b-99ad-0460f908ed2d,15,15,0,9,1,1769059150,2026-01-22 00:21:18
1978170169761096104,19,5,14,16,1,1769059150,2026-01-22 00:21:18
de0c1800-f7cc-41b4-ab7a-c9d219180d06,7,4,3,55,1,1769059151,2026-01-22 00:21:18
1947313784686131504,14,1,13,4,1,1769059151,2026-01-22 00:21:18
66db4351-0aca-11e7-82f6-3863bb44ef7c,58,31,27,20,1,1769059151,2026-01-22 00:21:18
66dc8c90-0aca-11e7-82f6-3863bb44ef7c,15,14,1,10,1,1769059147,2026-01-22 00:21:18
66dc51e9-0aca-11e7-82f6-3863bb44ef7c,23,10,13,25,1,1769059147,2026-01-22 00:21:18
2133952475068346460,28,2,26,21,1,1769059147,2026-01-22 00:21:18
24f431ca-c2a5-46be-966b-b8d4c3e4b346,2,1,1,12,1,1769059148,2026-01-22 00:21:18
66dd52c8-0aca-11e7-82f6-3863bb44ef7c,11,11,0,26,1,1769059148,2026-01-22 00:21:18
46a1ff6c-6131-414a-9ef6-65a8db7d305f,6,6,0,17,1,1769059148,2026-01-22 00:21:18
1960020817312746312,25,9,16,86,1,1769059148,2026-01-22 00:21:18
058ee86d-ce2a-4597-99f7-f78f082b33e3,0,0,0,18,1,1769059148,2026-01-22 00:21:18
66dc4bd9-0aca-11e7-82f6-3863bb44ef7c,84,72,12,12,1,1769059152,2026-01-22 00:21:18
66dcca76-0aca-11e7-82f6-3863bb44ef7c,0,0,0,22,1,1769059152,2026-01-22 00:21:18
96cf4c1a-db2c-4d4b-af34-c31281b5904b,9,5,4,7,1,1769059153,2026-01-22 00:21:18
66dbef85-0aca-11e7-82f6-3863bb44ef7c,27,14,13,6,1,1769059153,2026-01-22 00:21:18
3bfc859b-5c5f-43bc-b2e7-b64ed8ea9ede,7,0,5,12,1,1769059153,2026-01-22 00:21:18
26568d39-db49-4354-a5c1-c81a3c856285,7,1,6,10,1,1769059153,2026-01-22 00:21:18
2c2cdc55-52a3-4140-b4d3-8409a98f130f,13,8,5,11,1,1769059153,2026-01-22 00:21:18
66db30e0-0aca-11e7-82f6-3863bb44ef7c,4,3,0,87,1,1769059153,2026-01-22 00:21:18
66de06ef-0aca-11e7-82f6-3863bb44ef7c,14,1,13,10,1,1769059153,2026-01-22 00:21:18
61be9a4a-737c-413a-9b72-d47b28a366d5,12,7,5,10,1,1769059154,2026-01-22 00:21:18
4780d9d1-b886-4e72-9d18-cb152f73e10a,5,5,0,15,1,1769059154,2026-01-22 00:21:18
2126225134412534550,13,8,5,2,1,1769059070,2026-01-22 00:21:18
66dd40dd-0aca-11e7-82f6-3863bb44ef7c,3,1,2,26,1,1769059155,2026-01-22 00:21:18
08b9c491-a589-4e75-996c-2455c26fb356,4,3,1,15,1,1769059155,2026-01-22 00:21:18
a04bf523-3c76-4fad-88bf-e99037f9b796,10,2,8,9,1,1769059155,2026-01-22 00:21:18
43eac213-4603-4bc2-b6d6-b45013396282,4,0,4,29,1,1769059155,2026-01-22 00:21:18
1286480d-5d6d-4a47-9fac-e156dba2b6fc,25,11,14,30,1,1769059155,2026-01-22 00:21:18
1828968611856235508,2,2,0,17,1,1769059155,2026-01-22 00:21:18
1789e458-c466-4d77-aba6-365f5c3823ed,6,0,6,12,1,1769059155,2026-01-22 00:21:18
49d2cd03-f508-483f-a7c9-7fd450e5e6db,15,3,12,3,1,1769059155,2026-01-22 00:21:18
2126624772423916318,7,2,5,2,1,1769059155,2026-01-22 00:21:18
e51c8b72-460f-41c2-a5ca-de85d3f46a30,10,2,8,38,1,1769059155,2026-01-22 00:21:18
19002a4c-3229-450b-ad69-76948696e60d,1,1,0,17,1,1769059156,2026-01-22 00:21:18
4dde902d-512c-4e9e-8899-a68424ed87c0,12,1,11,21,1,1769059155,2026-01-22 00:21:18
66dd470b-0aca-11e7-82f6-3863bb44ef7c,30,20,10,15,1,1769059155,2026-01-22 00:21:18
1828968994833044184,8,1,7,10,1,1769059156,2026-01-22 00:21:18
4753c1ba-a86e-431e-94fb-06403cdee4d7,22,18,4,7,1,1769059155,2026-01-22 00:21:18
66dcec6b-0aca-11e7-82f6-3863bb44ef7c,22,13,9,13,1,1769059156,2026-01-22 00:21:18
de449a58-0edf-4d36-91b4-4b313576e945,8,0,8,10,1,1769059156,2026-01-22 00:21:18
66de1a8a-0aca-11e7-82f6-3863bb44ef7c,14,13,1,10,1,1769059156,2026-01-22 00:21:18
eb6c2359-4825-4bf4-8f2d-8b6dd2bf4212,32,25,6,5,1,1769059156,2026-01-22 00:21:18
d07790cd-1acd-4f74-b5f1-3d70f8a8a526,11,2,9,13,1,1769059156,2026-01-22 00:21:18
2126621026154598618,10,0,10,2,1,1769059046,2026-01-22 00:21:18
1817433126359581672,10,1,9,12,1,1769059156,2026-01-22 00:21:18
6bc5598a-9eb8-44d2-adc0-d93b93af1924,16,4,12,1,1,1769059156,2026-01-22 00:21:18
66dcbdc2-0aca-11e7-82f6-3863bb44ef7c,4,2,2,17,1,1769059157,2026-01-22 00:21:18
daaa3ac1-594c-48d2-9431-a8ced305ed5a,2,2,0,16,1,1769059157,2026-01-22 00:21:18
1794096976946852066,48,43,5,16,1,1769059157,2026-01-22 00:21:18
66de1295-0aca-11e7-82f6-3863bb44ef7c,17,8,9,5,1,1769059157,2026-01-22 00:21:18
9bd28b11-cf11-4938-abb2-dfa5ec800e32,28,5,23,1,1,1769059157,2026-01-22 00:21:18
30d6520e-b612-4240-a9ff-eec12b02b263,9,4,5,9,1,1769059157,2026-01-22 00:21:18
b200a8bf-2d79-4511-9a16-ac41e7245622,20,0,20,3,1,1769059158,2026-01-22 00:21:18
66dd4981-0aca-11e7-82f6-3863bb44ef7c,17,5,12,8,1,1769059158,2026-01-22 00:21:18
b3a9057e-7ff6-4117-b96e-e71c173cf1e9,8,1,7,9,1,1769059158,2026-01-22 00:21:18
17aeb1e3-fd18-4cf9-9473-17dfa5b0a312,15,14,1,8,1,1769059158,2026-01-22 00:21:18
7efcb97f-6c8f-4445-86a9-3f758a822f17,11,11,0,28,1,1769059158,2026-01-22 00:21:18
2c366f4b-8319-41bf-ab8e-2fba3a952feb,2,2,0,45,1,1769059158,2026-01-22 00:21:18
66db6387-0aca-11e7-82f6-3863bb44ef7c,97,79,18,10,1,1769059158,2026-01-22 00:21:18
e24cb64d-10c2-48db-9440-59e63c0f1c95,13,0,13,11,1,1769059158,2026-01-22 00:21:18
9789dc0f-1eb6-4830-bda9-1ce5f1413e19,3,3,0,14,1,1769059159,2026-01-22 00:21:18
66dcc65c-0aca-11e7-82f6-3863bb44ef7c,11,9,2,3,1,1769059159,2026-01-22 00:21:18
1835250080052323168,0,0,0,0,0,86400,2026-01-22 00:21:18
2171902607371571344,0,0,0,0,0,86400,2026-01-22 00:21:18
2171903032377767128,0,0,0,0,0,86400,2026-01-22 00:21:18
2171903385631266470,0,0,0,0,0,86400,2026-01-22 00:21:18
2171903970740122034,0,0,0,0,0,86400,2026-01-22 00:21:18
bcd3ee0f-21d7-4cc8-ac45-ccea48b6fc1b,8,5,3,14,1,1769059039,2026-01-22 00:21:18
676b7b4d-b1c0-4c97-8ac3-5fe665e51108,3,3,0,20,1,1769059041,2026-01-22 00:21:18
1815968345907104578,15,0,15,10,1,1769059041,2026-01-22 00:21:18
5d101095-011e-4541-ae64-bed8b52807b3,7,6,1,12,1,1769059041,2026-01-22 00:21:18
eab2749b-2f79-4797-a0a6-0579b27e6929,18,2,16,20,1,1769059041,2026-01-22 00:21:18
23539f3b-fb83-4f34-b8b8-9f1f37b5e646,11,1,10,24,1,1769059042,2026-01-22 00:21:18
fcb1c3a3-04b6-45cf-bc9a-deb71198804e,1,0,1,16,1,1769059038,2026-01-22 00:21:18
66dbcb2f-0aca-11e7-82f6-3863bb44ef7c,15,15,0,40,1,1769059039,2026-01-22 00:21:18
2fe3e166-2d2f-41c8-b522-fdf8ee3ae16f,3,2,1,15,1,1769059039,2026-01-22 00:21:18
1885440410432338078,0,0,0,21,1,1769059038,2026-01-22 00:21:18
1967778612889039234,4,0,4,29,1,1769059038,2026-01-22 00:21:18
66db5d92-0aca-11e7-82f6-3863bb44ef7c,13,9,4,6,1,1769059038,2026-01-22 00:21:18
82b97827-1801-4b7b-b3de-16447a8dd025,6,1,5,12,1,1769059047,2026-01-22 00:21:18
ce700c09-6095-4b20-ab65-07defdd1a7d7,15,1,14,4,1,1769059045,2026-01-22 00:21:18
d5cb6e67-addb-46d4-93e7-832371736d45,25,5,20,6,1,1769059046,2026-01-22 00:21:18
f6143531-4a16-4aac-9b55-573ef7ef162e,9,3,6,11,1,1769059051,2026-01-22 00:21:18
1869754143518014264,23,4,19,14,1,1769059049,2026-01-22 00:21:18
90fca941-2212-43bf-b104-ce32c4270d4d,0,0,0,19,1,1769059049,2026-01-22 00:21:18
7e70b65e-00c1-40d5-984d-17232a4ee05e,26,14,12,19,1,1769059048,2026-01-22 00:21:18
66dc11a7-0aca-11e7-82f6-3863bb44ef7c,76,61,15,6,1,1769059065,2026-01-22 00:21:18
3d6b7c84-7e5a-454d-aa9d-c66eb92383be,5,3,2,16,1,1769059065,2026-01-22 00:21:18
66dde271-0aca-11e7-82f6-3863bb44ef7c,20,8,12,23,1,1769059067,2026-01-22 00:21:18
66dbf215-0aca-11e7-82f6-3863bb44ef7c,28,17,11,17,1,1769059068,2026-01-22 00:21:18
1828966490867110420,10,1,9,7,1,1769059067,2026-01-22 00:21:18
0cb63737-64c9-42a9-9479-280d49ed015a,10,4,6,13,1,1769059069,2026-01-22 00:21:18
f3525aa7-9d69-4ea2-9278-4df92db1afa1,17,11,6,1,1,1769059070,2026-01-22 00:21:18
66dd9b0f-0aca-11e7-82f6-3863bb44ef7c,19,15,4,19,1,1769059070,2026-01-22 00:21:18
1834145204469569922,11,1,10,8,1,1769059070,2026-01-22 00:21:18
b976906e-81c4-44c5-a160-e17815c0d47b,7,5,2,23,1,1769059070,2026-01-22 00:21:18
66db3898-0aca-11e7-82f6-3863bb44ef7c,23,16,7,7,1,1769059068,2026-01-22 00:21:18
a5bd1f58-7df8-4df6-9636-372f1bc194be,35,9,26,1,1,1769059071,2026-01-22 00:21:18
61c82689-3f4c-495d-8f44-e71de8f04088,18,16,2,60,1,1769059069,2026-01-22 00:21:18
3edec530-4791-4872-8912-2a2397a903a4,32,16,16,37,1,1769059066,2026-01-22 00:21:18
4cfd4097-0aee-4f11-9aea-55f99397bf33,11,9,2,7,1,1769059062,2026-01-22 00:21:18
1848242143834868452,14,1,13,4,1,1769059062,2026-01-22 00:21:18
0b857ee5-3d10-4152-952e-95fbaf06677a,5,5,0,24,1,1769059062,2026-01-22 00:21:18
66de0dfd-0aca-11e7-82f6-3863bb44ef7c,14,14,0,23,1,1769059057,2026-01-22 00:21:18
7a8bf573-275f-41d5-ad8b-1ff9ee7c2dce,9,1,8,15,1,1769059057,2026-01-22 00:21:18
1838999304404452058,19,0,19,1,1,1769059058,2026-01-22 00:21:18
8b830188-101e-44bf-a755-5e6c611e3edc,26,0,26,0,1,1769059061,2026-01-22 00:21:18
66db460d-0aca-11e7-82f6-3863bb44ef7c,28,1,27,1,1,1769059064,2026-01-22 00:21:18
914e3e7c-87da-4f52-aa03-5449c6361fa2,6,3,3,8,1,1769059064,2026-01-22 00:21:18
1864605926072998676,3,2,1,15,1,1769059064,2026-01-22 00:21:18
5b4a90b8-426d-4a40-a7ca-87e51d690883,6,6,0,31,1,1769059065,2026-01-22 00:21:18
2ad41c1f-5636-4a63-ad52-761e2613061a,0,0,0,19,1,1769059058,2026-01-22 00:21:18
46bdd925-fb6c-4654-85d8-e0db4da62abf,34,13,21,2,1,1769059059,2026-01-22 00:21:18
32d3adc3-c3dd-4a97-a4db-95d467f3c3aa,8,8,0,21,1,1769059060,2026-01-22 00:21:18
1848241879913802606,16,10,6,1,1,1769059060,2026-01-22 00:21:18
66db930d-0aca-11e7-82f6-3863bb44ef7c,18,7,11,7,1,1769059063,2026-01-22 00:21:18
dfb8b9c8-3006-4b76-963a-95f7471dc0a8,16,5,11,3,1,1769059064,2026-01-22 00:21:18
3893eeef-06a8-47b1-95f2-a85454f7d5c9,4,0,4,16,1,1769059061,2026-01-22 00:21:18
9be6c750-85b6-4e81-bace-1a8ffe941d7b,3,0,3,17,1,1769059061,2026-01-22 00:21:18
1857217349795049790,5,4,1,9,1,1769059052,2026-01-22 00:21:18
c0ce2a38-04f5-4333-8818-2a3faa84f214,23,3,20,4,1,1769059053,2026-01-22 00:21:18
1835246516012366338,4,1,3,16,1,1769059052,2026-01-22 00:21:18
1879828885264130640,12,3,9,8,1,1769059057,2026-01-22 00:21:18
d7c12bf1-1ec8-496a-beca-90ba76c53241,4,1,3,13,1,1769059054,2026-01-22 00:21:18
89d4a926-f1ae-4bf2-bf2d-59cff3881579,61,15,46,12,1,1769059055,2026-01-22 00:21:18
8d8a381c-21df-4095-837e-65924d85a06d,1,1,0,19,1,1769059055,2026-01-22 00:21:18
66dccc99-0aca-11e7-82f6-3863bb44ef7c,4,0,4,26,1,1769059057,2026-01-22 00:21:18
1875395639434791520,0,0,0,18,1,1769059057,2026-01-22 00:21:18
3d340fc5-8c86-4d5e-974d-ae28958e61e8,7,5,2,47,1,1769059074,2026-01-22 00:21:18
941ea42c-47fe-4d63-a6f5-e0e200f01633,7,3,4,10,1,1769059075,2026-01-22 00:21:18
66dc210e-0aca-11e7-82f6-3863bb44ef7c,7,7,0,25,1,1769059075,2026-01-22 00:21:18
1828967499459705054,9,0,9,8,1,1769059075,2026-01-22 00:21:18
b43ecf62-4c9d-4b06-ac9a-5837084f769f,1,1,0,20,1,1769059075,2026-01-22 00:21:18
0e405c35-322f-4705-8ea7-769eb3fd028a,8,3,5,9,1,1769059075,2026-01-22 00:21:18
66de18d7-0aca-11e7-82f6-3863bb44ef7c,12,1,11,8,1,1769059071,2026-01-22 00:21:18
3e4a2c26-7527-469c-b4f4-1ef8d40fd20d,4,2,2,12,1,1769059073,2026-01-22 00:21:18
1861680383828308814,14,14,0,4,1,1769059073,2026-01-22 00:21:18
7af717b9-99ce-4cce-94b4-b445a40537a1,23,3,20,0,1,1769059074,2026-01-22 00:21:18
c72970e7-7f1a-4671-bf55-fc34be7c9413,13,2,11,5,1,1769059074,2026-01-22 00:21:18
d29ea280-8b64-4a35-b12b-245525ae2a3a,11,7,4,41,1,1769059074,2026-01-22 00:21:18
1861682182353914188,12,2,10,6,1,1769059073,2026-01-22 00:21:18
adb67652-c20d-4dd2-8e89-d6015b801c1a,0,0,0,17,1,1769059072,2026-01-22 00:21:18
e63c8dac-ab44-48c8-83a0-92c53a00f12e,1,0,1,29,1,1769059072,2026-01-22 00:21:18
1d440638-ec50-4ccb-9a82-0e3247a87c63,36,17,19,2,1,1769059081,2026-01-22 00:21:18
1984510483573713186,23,11,12,37,1,1769059081,2026-01-22 00:21:18
0efa08a3-1c38-48fe-ab37-8c9b72b20126,12,4,8,6,1,1769059081,2026-01-22 00:21:18
66db5f40-0aca-11e7-82f6-3863bb44ef7c,35,30,5,4,1,1769059081,2026-01-22 00:21:18
66dc8025-0aca-11e7-82f6-3863bb44ef7c,61,58,3,18,1,1769059082,2026-01-22 00:21:18
66dcc3e5-0aca-11e7-82f6-3863bb44ef7c,0,0,0,21,1,1769059082,2026-01-22 00:21:18
66db3fc9-0aca-11e7-82f6-3863bb44ef7c,34,20,14,9,1,1769059080,2026-01-22 00:21:18
1880644037244334512,24,13,11,0,1,1769059078,2026-01-22 00:21:18
1861683217585879154,26,9,17,19,1,1769059080,2026-01-22 00:21:18
9b0c2c99-214f-4e15-b476-1626c03a9e4e,39,32,7,21,1,1769059077,2026-01-22 00:21:18
566935d6-4d66-4b42-9822-f2a816e357b9,17,10,7,7,1,1769059076,2026-01-22 00:21:18
1869439170989701358,12,0,12,8,1,1769059075,2026-01-22 00:21:18
023127f2-a6e0-4fae-ba34-178acccb993e,3,2,1,17,1,1769059075,2026-01-22 00:21:18
66dcf922-0aca-11e7-82f6-3863bb44ef7c,9,0,9,17,1,1769059080,2026-01-22 00:21:18
05d03a63-b5f2-40d9-9a3d-d2fe666a307f,7,0,7,17,1,1769059077,2026-01-22 00:21:18
1808184356986544410,16,5,11,14,1,1769059077,2026-01-22 00:21:18
0e3dedfb-df10-4900-a67b-95349a81bc5c,23,1,22,1,1,1769059077,2026-01-22 00:21:18
66db4417-0aca-11e7-82f6-3863bb44ef7c,50,36,14,4,1,1769059082,2026-01-22 00:21:18
d7a7789b-a052-4a69-a4ec-59436b0f8d75,7,0,7,10,1,1769059085,2026-01-22 00:21:18
7b0227aa-bbf5-4731-a49a-765b4afac483,35,14,21,37,1,1769059085,2026-01-22 00:21:18
66de4b0b-0aca-11e7-82f6-3863bb44ef7c,26,1,25,6,1,1769059085,2026-01-22 00:21:18
e0a9ed84-55f9-40f5-90fa-87db17d2f933,11,1,10,7,1,1769059083,2026-01-22 00:21:18
66dd1bf3-0aca-11e7-82f6-3863bb44ef7c,42,0,42,5,1,1769059083,2026-01-22 00:21:18
66dc8d1d-0aca-11e7-82f6-3863bb44ef7c,15,8,7,42,1,1769059084,2026-01-22 00:21:18
dee5a590-7cda-465e-8351-b0622a5e2ad3,10,4,6,7,1,1769059084,2026-01-22 00:21:18
66dbbeda-0aca-11e7-82f6-3863bb44ef7c,7,1,6,69,1,1769059083,2026-01-22 00:21:18
fffb18be-14b3-412f-a808-107a98cd9e58,1,1,0,17,1,1769059088,2026-01-22 00:21:18
6cb5fac5-f7e8-4ec9-94cf-816771d91ecd,19,0,19,9,1,1769059089,2026-01-22 00:21:18
cb4926e6-0a79-4902-80ee-d365fbf42aec,1,1,0,21,1,1769059089,2026-01-22 00:21:18
2527619f-ef89-425c-bf3b-60cc0ec519bf,14,2,12,41,1,1769059086,2026-01-22 00:21:18
1828966227118051662,17,4,13,2,1,1769059087,2026-01-22 00:21:18
1856767555236917834,17,0,17,7,1,1769059087,2026-01-22 00:21:18
66dc0f1b-0aca-11e7-82f6-3863bb44ef7c,65,51,14,3,1,1769059087,2026-01-22 00:21:18
822d96e8-fb6c-463a-b866-aec9e408ad5e,15,2,13,0,1,1769059088,2026-01-22 00:21:18
2ec1235f-a043-4e3a-9ba1-56f7dd4624b7,8,6,2,12,1,1769059095,2026-01-22 00:21:18
4e862dc1-0652-4f29-a26f-315d763df67d,15,13,2,40,1,1769059095,2026-01-22 00:21:18
067b53bd-33bf-4698-8103-3931a5f32a37,6,1,5,12,1,1769059095,2026-01-22 00:21:18
1861681959015615218,0,0,0,25,1,1769059095,2026-01-22 00:21:18
8c6cba48-d803-4a90-99f7-e06edcdbbf92,12,4,8,11,1,1769059092,2026-01-22 00:21:18
c7dbc7b5-240b-494d-8663-dbee4103a20c,9,0,9,10,1,1769059092,2026-01-22 00:21:18
0e8bfd72-c494-4d3e-85e2-4f98b801fe3b,1,0,1,18,1,1769059092,2026-01-22 00:21:18
66dc7c31-0aca-11e7-82f6-3863bb44ef7c,31,26,5,9,1,1769059092,2026-01-22 00:21:18
1ecc9936-ee0c-44b2-baa8-237564c8e4fd,43,17,26,2,1,1769059096,2026-01-22 00:21:18
1846086263936934630,17,3,14,1,1,1769059096,2026-01-22 00:21:18
1838070940162509196,5,1,4,17,1,1769059096,2026-01-22 00:21:18
66dc2606-0aca-11e7-82f6-3863bb44ef7c,59,24,35,15,1,1769059096,2026-01-22 00:21:18
1fba77e2-66ab-4e9c-9f9a-4ec4f11fd80b,4,0,4,20,1,1769059096,2026-01-22 00:21:18
66dc462a-0aca-11e7-82f6-3863bb44ef7c,74,56,18,3,1,1769059090,2026-01-22 00:21:18
49703a2d-15e9-4af4-b80e-cca664d7ea18,8,2,6,11,1,1769059090,2026-01-22 00:21:18
298d4e45-c6d2-45f1-a07a-11606026a6e4,5,3,2,11,1,1769059090,2026-01-22 00:21:18
92ffa9d6-8cb1-44cf-8059-391b03d58071,0,0,0,26,1,1769059090,2026-01-22 00:21:18
1814907277023901890,20,2,18,1,1,1769059091,2026-01-22 00:21:18
66ddef2d-0aca-11e7-82f6-3863bb44ef7c,7,0,7,13,1,1769059093,2026-01-22 00:21:18
9eb98b3b-ea35-483f-91f6-d90c506152db,14,8,6,6,1,1769059093,2026-01-22 00:21:18
1861681740276243358,13,11,2,7,1,1769059094,2026-01-22 00:21:18
ee1ba75f-baf5-4852-929c-8b7ad310f55a,10,9,1,16,1,1769059093,2026-01-22 00:21:18
b83b2a73-af8e-4b82-b61e-aeaaf075fbe2,2,2,0,23,1,1769059095,2026-01-22 00:21:18
66ddbdb1-0aca-11e7-82f6-3863bb44ef7c,5,1,4,18,1,1769059090,2026-01-22 00:21:18
1791188268875152272,35,9,26,10,1,1769059094,2026-01-22 00:21:18
66ddeb67-0aca-11e7-82f6-3863bb44ef7c,26,19,7,0,1,1769059094,2026-01-22 00:21:18
7b56cbab-9d93-4043-bfa5-63eb6b3e5281,13,5,8,4,1,1769059095,2026-01-22 00:21:18
ab29ce96-c2e8-4929-b27b-e0fe4aae17d5,8,1,7,9,1,1769059096,2026-01-22 00:21:18
57f144cb-375d-4eee-b458-e288116cb8f7,12,6,6,2,1,1769059097,2026-01-22 00:21:18
66db2f4c-0aca-11e7-82f6-3863bb44ef7c,26,15,11,50,1,1769059097,2026-01-22 00:21:18
2025623258130320038,16,2,14,16,1,1769059100,2026-01-22 00:21:18
a68acb0c-4244-416a-bf59-ca55d3120cdd,18,12,6,3,1,1769059101,2026-01-22 00:21:18
a7c09fde-76e8-4a56-b61d-8ca940432efd,2,2,0,20,1,1769059099,2026-01-22 00:21:18
16836c76-c412-4ec3-bac8-3c6a5a3d9745,1,0,1,17,1,1769059100,2026-01-22 00:21:18
4fb1ee23-4511-47c4-8698-0c46673dc86c,0,0,0,19,1,1769059100,2026-01-22 00:21:18
1835249448692130546,3,1,2,17,1,1769059099,2026-01-22 00:21:18
6fefe1b3-5f0d-47aa-b1dd-cec211239950,3,1,2,19,1,1769059099,2026-01-22 00:21:18
66dd4356-0aca-11e7-82f6-3863bb44ef7c,19,15,4,24,1,1769059101,2026-01-22 00:21:18
201edb67-d071-4b67-bafd-131e5c273e9f,16,3,13,2,1,1769059102,2026-01-22 00:21:18
66dc4334-0aca-11e7-82f6-3863bb44ef7c,22,22,0,0,1,1769059102,2026-01-22 00:21:18
f47e1ce9-ff3f-49e9-9a2f-aa5be45d70da,12,2,10,10,1,1769059098,2026-01-22 00:21:18
66dbecd0-0aca-11e7-82f6-3863bb44ef7c,40,27,13,6,1,1769059098,2026-01-22 00:21:18
1891277309535701686,0,0,0,22,1,1769059098,2026-01-22 00:21:18
66de0a0a-0aca-11e7-82f6-3863bb44ef7c,14,8,6,11,1,1769059104,2026-01-22 00:21:18
66db90f1-0aca-11e7-82f6-3863bb44ef7c,41,36,5,21,1,1769059104,2026-01-22 00:21:18
3fed8016-0be0-47f5-8663-2e850ec47288,20,2,18,1,1,1769059107,2026-01-22 00:21:18
99b7c9a5-9679-417f-b884-21c4b240aa99,10,4,6,8,1,1769059106,2026-01-22 00:21:18
06109e92-4363-445a-9743-0457f6799530,15,14,1,58,1,1769059106,2026-01-22 00:21:18
4956ad8b-06d6-4af4-bcc8-735c45439608,4,4,0,15,1,1769059105,2026-01-22 00:21:18
c466f15e-715f-411e-904e-1a71fb574cdd,76,47,29,7,1,1769059107,2026-01-22 00:21:18
3b530cff-dd26-4cfd-b570-a85fd53354fe,27,7,20,16,1,1769059108,2026-01-22 00:21:18
b1cdec34-d4f9-4313-be82-729bb9f7bb18,6,1,5,14,1,1769059108,2026-01-22 00:21:18
66dc42a0-0aca-11e7-82f6-3863bb44ef7c,23,23,0,3,1,1769059108,2026-01-22 00:21:18
66db3816-0aca-11e7-82f6-3863bb44ef7c,37,12,25,7,1,1769059104,2026-01-22 00:21:18
bdc116cd-4d63-4693-846c-ec5073314007,6,5,1,14,1,1769059104,2026-01-22 00:21:18
00284700-9d22-42ce-8485-113fed9879c1,15,11,4,3,1,1769059102,2026-01-22 00:21:18
3ac7b47b-2253-4a0b-bf7d-8a2eb6b78a38,14,8,6,26,1,1769059102,2026-01-22 00:21:18
c829b6af-002b-4d04-af56-6924d4ad0aa2,12,2,10,14,1,1769059103,2026-01-22 00:21:18
b471c112-1770-4dfe-9e13-fe7479dcb5a5,24,1,23,0,1,1769059108,2026-01-22 00:21:18
cda60c6d-80f3-41b7-8ece-fe997f6dafb5,3,2,1,17,1,1769059109,2026-01-22 00:21:18
66ddebce-0aca-11e7-82f6-3863bb44ef7c,26,19,7,2,1,1769059109,2026-01-22 00:21:18
66dbf140-0aca-11e7-82f6-3863bb44ef7c,77,59,18,7,1,1769059109,2026-01-22 00:21:18
1828968462257099768,0,0,0,19,1,1769059110,2026-01-22 00:21:18
33af8810-cda5-4b61-9c38-0235f9d59aaa,19,0,19,9,1,1769059107,2026-01-22 00:21:18
1890927910885612334,24,0,24,0,1,1769059112,2026-01-22 00:21:18
1905394575114219798,1,0,1,27,1,1769059112,2026-01-22 00:21:18
b5861c2d-d687-4308-bf2d-5f69fc28cc4a,15,0,15,8,1,1769059113,2026-01-22 00:21:18
b16e9f3f-9b07-486f-a1ca-c76030f5ea64,10,3,7,9,1,1769059113,2026-01-22 00:21:18
9d56294e-61fc-4176-bb9c-4692f45bb374,14,2,12,8,1,1769059113,2026-01-22 00:21:18
5ffde991-1125-443e-bc97-6827b2b9c97b,15,4,11,9,1,1769059113,2026-01-22 00:21:18
1860189075388547142,2,1,1,17,1,1769059113,2026-01-22 00:21:18
699d3378-6ea8-465f-888b-c49c60089ce8,0,0,0,19,1,1769059114,2026-01-22 00:21:18
2123938400844950144,3,0,3,13,1,1769059115,2026-01-22 00:21:18
2163290511399492946,2,1,1,8,1,1769059115,2026-01-22 00:21:18
1856767203049599002,12,1,11,8,1,1769059115,2026-01-22 00:21:18
1835250199411134468,9,3,6,12,1,1769059115,2026-01-22 00:21:18
f0115d11-c678-4274-8bb7-d486dbb63361,14,2,12,3,1,1769059115,2026-01-22 00:21:18
66db3e32-0aca-11e7-82f6-3863bb44ef7c,9,2,7,33,1,1769059115,2026-01-22 00:21:18
66de4336-0aca-11e7-82f6-3863bb44ef7c,16,6,10,16,1,1769059115,2026-01-22 00:21:18
1828968082192898522,1,0,1,20,1,1769059115,2026-01-22 00:21:18
66db728c-0aca-11e7-82f6-3863bb44ef7c,3,0,3,52,1,1769059116,2026-01-22 00:21:18
a82599ce-99ca-4670-8053-baada198034a,49,8,41,6,1,1769059111,2026-01-22 00:21:18
e25f8dee-c110-489f-a978-464ac5c84ca2,11,7,4,13,1,1769059111,2026-01-22 00:21:18
bb58e953-4953-4fbe-9ef2-367488dfef9b,9,9,0,14,1,1769059111,2026-01-22 00:21:18
c3b255d8-b690-4825-b1e9-a1d1680e5542,11,2,9,8,1,1769059111,2026-01-22 00:21:18
1817432709747753390,10,2,8,13,1,1769059110,2026-01-22 00:21:18
1797078913880883846,2,2,0,16,1,1769059110,2026-01-22 00:21:18
7155b0a6-2545-4b02-ae8c-9c0c4220f8c3,3,2,1,17,1,1769059116,2026-01-22 00:21:18
1794096824496960148,38,26,12,3,1,1769059116,2026-01-22 00:21:18
627c77c0-0088-4ba8-ba66-73e0e3d3fe77,4,1,3,19,1,1769059116,2026-01-22 00:21:18
981f1311-004f-41c3-ba5b-3679f78aeb70,13,0,13,4,1,1769059116,2026-01-22 00:21:18
0e240143-2f86-4754-8345-4994750d99f1,14,2,12,4,1,1769059116,2026-01-22 00:21:18
c6c10756-ef41-491a-8e6c-ee0aa27b8cbe,1,1,0,18,1,1769059119,2026-01-22 00:21:18
66db281e-0aca-11e7-82f6-3863bb44ef7c,49,13,36,9,1,1769059120,2026-01-22 00:21:18
66dbc745-0aca-11e7-82f6-3863bb44ef7c,31,21,10,7,1,1769059117,2026-01-22 00:21:18
b53b5e8f-9503-48d1-b3e3-9347ecef38e2,0,0,0,34,1,1769059118,2026-01-22 00:21:18
1abd4668-ed6b-4930-8177-17239ae75a9e,3,2,1,16,1,1769059118,2026-01-22 00:21:18
1913990214925537808,33,17,16,1,1,1769059118,2026-01-22 00:21:18
66dc1702-0aca-11e7-82f6-3863bb44ef7c,43,37,6,22,1,1769059118,2026-01-22 00:21:18
edc9b877-c311-46b4-a780-59ee7e692324,25,14,11,10,1,1769059117,2026-01-22 00:21:18
1882736243099681438,22,9,13,12,1,1769059118,2026-01-22 00:21:18
1828966747840428256,6,0,6,11,1,1769059117,2026-01-22 00:21:18
340036c3-2787-4998-9a77-fe54f352d619,9,7,2,9,1,1769059119,2026-01-22 00:21:18
8c2ed08f-1660-4db8-9168-4709427c23ed,4,0,4,13,1,1769059117,2026-01-22 00:21:18
1817803079955479336,14,3,11,6,1,1769059121,2026-01-22 00:21:18
c229f0ca-bdd1-4aa0-8906-a3e809e12889,8,3,5,13,1,1769059122,2026-01-22 00:21:18
fc774664-3c9b-4a8f-a79e-f6907db00a1d,16,8,8,16,1,1769059122,2026-01-22 00:21:18
c4377169-c19e-47e1-90a4-c4e14bb41601,4,1,3,17,1,1769059122,2026-01-22 00:21:18
18b19467-28ac-4496-b3e4-f6028b1c5105,16,13,3,12,1,1769059122,2026-01-22 00:21:18
0f6fd186-656a-41b3-ba4a-456d22da177c,32,17,15,5,1,1769059122,2026-01-22 00:21:18
66dc7d58-0aca-11e7-82f6-3863bb44ef7c,71,46,25,2,1,1769059126,2026-01-22 00:21:18
06e5447e-35b8-45cb-b3bb-937791a6f8ae,13,1,12,8,1,1769059126,2026-01-22 00:21:18
174bf571-e597-463d-84bc-611c4a13d85e,20,5,15,6,1,1769059126,2026-01-22 00:21:18
d5d2aebc-158c-43ec-9105-2a779d0245d8,2,2,0,16,1,1769059126,2026-01-22 00:21:18
66dd4423-0aca-11e7-82f6-3863bb44ef7c,24,24,0,19,1,1769059126,2026-01-22 00:21:18
ee70b21e-4a95-4bdf-802c-50f83a76971d,6,2,4,19,1,1769059126,2026-01-22 00:21:18
f42b3158-3f78-4a62-964a-8cc554d69c35,16,3,13,0,1,1769059123,2026-01-22 00:21:18
fc5ee04d-710b-45ba-aae0-303b8e95ea89,8,2,6,11,1,1769059123,2026-01-22 00:21:18
66de602e-0aca-11e7-82f6-3863bb44ef7c,44,4,40,3,1,1769059120,2026-01-22 00:21:18
66de14af-0aca-11e7-82f6-3863bb44ef7c,17,2,15,17,1,1769059120,2026-01-22 00:21:18
c9e76fa9-54e2-4161-9798-4787bf04217a,11,1,10,8,1,1769059120,2026-01-22 00:21:18
66db72f1-0aca-11e7-82f6-3863bb44ef7c,43,15,28,3,1,1769059121,2026-01-22 00:21:18
14391923-6727-4359-92e9-03e0b5094753,46,33,13,4,1,1769059121,2026-01-22 00:21:18
5b4a4b20-539b-47c1-9228-1f1f124b3ec9,10,0,10,11,1,1769059124,2026-01-22 00:21:18
1851947582840610924,7,3,4,14,1,1769059124,2026-01-22 00:21:18
f47c7f15-1c30-4199-a09f-134f0f0f684b,8,6,2,15,1,1769059124,2026-01-22 00:21:18
08bf2fe0-219d-48cd-87c5-6163b3a2eafd,13,10,3,11,1,1769059124,2026-01-22 00:21:18
1960021056359127624,22,10,12,1,1,1769059127,2026-01-22 00:21:18
3c5a8531-4eec-4695-b4f8-8a1158890e78,12,10,2,3,1,1769059127,2026-01-22 00:21:18
606c7384-75e9-4988-858a-07b88b3a9413,25,2,23,12,1,1769059127,2026-01-22 00:21:18
66dd4f9b-0aca-11e7-82f6-3863bb44ef7c,7,7,0,27,1,1769059127,2026-01-22 00:21:18
66dcb9f7-0aca-11e7-82f6-3863bb44ef7c,5,1,4,18,1,1769059127,2026-01-22 00:21:18
2124037510131026812,21,14,7,0,1,1769059125,2026-01-22 00:21:18
66ddd545-0aca-11e7-82f6-3863bb44ef7c,42,39,3,40,1,1769059125,2026-01-22 00:21:18
00d94dfc-3695-47e1-aba6-7f319dd2eb08,6,3,3,16,1,1769059125,2026-01-22 00:21:18
28a2436d-a52b-4fa4-874c-e096012a926d,13,13,0,5,1,1769059125,2026-01-22 00:21:18
1846086027713733188,9,2,7,5,1,1769059125,2026-01-22 00:21:18
9206af28-03bf-43e3-a8b0-354792921466,9,2,7,11,1,1769059125,2026-01-22 00:21:18
66db28b5-0aca-11e7-82f6-3863bb44ef7c,64,7,57,10,1,1769059126,2026-01-22 00:21:18
034f7f3d-e632-475a-aa01-894480d153df,6,3,3,12,1,1769059128,2026-01-22 00:21:18
1817432346178415570,6,2,4,14,1,1769059128,2026-01-22 00:21:18
5a6218aa-c5b7-4436-93c1-dee7cb5322d9,12,4,8,12,1,1769059128,2026-01-22 00:21:18
4aa6bb27-b76b-444e-a3ce-6fb25b822494,3,1,2,16,1,1769059128,2026-01-22 00:21:18
6ff2eec8-2b72-490a-b1c3-f9892ab3a724,15,11,4,31,1,1769059128,2026-01-22 00:21:18
1913988158376585970,23,8,15,4,1,1769059129,2026-01-22 00:21:18
1dba415a-2c46-419e-838d-7e068b8d7d6f,9,1,8,10,1,1769059129,2026-01-22 00:21:18
66de1a1f-0aca-11e7-82f6-3863bb44ef7c,12,11,1,21,1,1769059130,2026-01-22 00:21:18
ff1e98d3-ae7d-4c53-a531-1845bee1d346,4,4,0,32,1,1769059130,2026-01-22 00:21:18
d9160982-2d9b-4f08-9469-a559a7b62809,13,10,3,73,1,1769059130,2026-01-22 00:21:18
66dde7dc-0aca-11e7-82f6-3863bb44ef7c,4,2,2,15,1,1769059130,2026-01-22 00:21:18
66dce660-0aca-11e7-82f6-3863bb44ef7c,8,4,4,16,1,1769059130,2026-01-22 00:21:18
2123939242997647892,8,1,7,6,1,1769059130,2026-01-22 00:21:18
6dec8948-44c7-4085-9682-446a891feb42,15,2,13,1,1,1769059130,2026-01-22 00:21:18
3d835eaa-a102-42c5-b6c0-2c693b1d0677,46,43,3,10,1,1769059133,2026-01-22 00:21:18
2126621627432855870,9,1,8,2,1,1769059134,2026-01-22 00:21:18
49f86083-851b-475d-b9ab-64e01b81f725,5,4,1,17,1,1769059131,2026-01-22 00:21:18
66dc7e75-0aca-11e7-82f6-3863bb44ef7c,9,4,5,60,1,1769059131,2026-01-22 00:21:18
b4ae292d-5e89-4c58-8154-0496893394b5,0,0,0,22,1,1769059131,2026-01-22 00:21:18
a4c9faeb-2234-457d-ad56-1ab14104b538,0,0,0,19,1,1769059132,2026-01-22 00:21:18
de97a7d0-fbb3-4c13-ba6a-2bbd441751fe,9,3,6,9,1,1769059132,2026-01-22 00:21:18
971cddfa-695e-4b44-ba8b-26154ab4a83b,6,6,0,10,1,1769059133,2026-01-22 00:21:18
1845676917264180046,7,0,7,10,1,1769059132,2026-01-22 00:21:18
398ebef6-dcc2-4305-b1d2-47efafdaa85c,0,0,0,20,1,1769059132,2026-01-22 00:21:18
081d243e-d75e-4e2a-bdae-a990b2397532,9,7,2,13,1,1769059138,2026-01-22 00:21:18
76c1ef9c-3984-4b4e-bff4-5c398e2395bd,13,13,0,10,1,1769059138,2026-01-22 00:21:18
66dbf362-0aca-11e7-82f6-3863bb44ef7c,28,7,21,14,1,1769059138,2026-01-22 00:21:18
af72781c-fe0b-4b73-a7df-201f9780ea9c,46,32,14,2,1,1769059137,2026-01-22 00:21:18
66dde703-0aca-11e7-82f6-3863bb44ef7c,28,20,8,1,1,1769059136,2026-01-22 00:21:18
1828968327357059242,7,5,2,14,1,1769059137,2026-01-22 00:21:18
1a92d2d3-ddf1-4f34-b28c-ce7a064b9a3e,13,6,7,7,1,1769059137,2026-01-22 00:21:18
1856767361963389606,19,2,17,0,1,1769059137,2026-01-22 00:21:18
1792225684155730482,5,5,0,19,1,1769059137,2026-01-22 00:21:18
66de4897-0aca-11e7-82f6-3863bb44ef7c,18,0,18,1,1,1769059134,2026-01-22 00:21:18
1960021358478625244,19,14,5,56,1,1769059135,2026-01-22 00:21:18
74f913d2-6eac-49ce-bd6d-53a06fa855a6,10,7,3,9,1,1769059135,2026-01-22 00:21:18
1786686999403592506,25,20,5,4,1,1769059135,2026-01-22 00:21:18
3575749f-123a-4a80-870d-7ca7c7f9c8a9,0,0,0,24,1,1769059136,2026-01-22 00:21:18
7d41ac98-df88-497a-aef9-968660e6da0f,14,5,9,22,1,1769059136,2026-01-22 00:21:18
014a931b-8e1c-438a-8a22-f267ddd1e0d2,36,10,26,4,1,1769059136,2026-01-22 00:21:18
66de077f-0aca-11e7-82f6-3863bb44ef7c,22,13,9,35,1,1769059134,2026-01-22 00:21:18
8066575c-f8e9-4e14-95ea-8d25ceeae2ca,3,3,0,28,1,1769059134,2026-01-22 00:21:18
66dd9dba-0aca-11e7-82f6-3863bb44ef7c,24,16,8,20,1,1769059139,2026-01-22 00:21:18
186092d1-a431-45db-8198-d5ba13334d79,15,3,12,4,1,1769059139,2026-01-22 00:21:18
d4c34830-972f-4cd1-81bb-071df209d065,5,3,2,12,1,1769059144,2026-01-22 00:21:18
1826348745879909352,15,0,15,1,1,1769059144,2026-01-22 00:21:18
0258da92-f770-4acc-b20b-91b78aff791e,16,1,15,4,1,1769059144,2026-01-22 00:21:18
7c42f9fc-d280-4841-ad96-e3cc53ee3759,12,0,12,10,1,1769059144,2026-01-22 00:21:18
266c8621-fdea-4a7e-9d35-18ca1684d526,8,5,3,13,1,1769059144,2026-01-22 00:21:18
2ec2f95c-675c-4c59-856f-1fb38df59fa2,0,0,0,18,1,1769059144,2026-01-22 00:21:18
66dca5f3-0aca-11e7-82f6-3863bb44ef7c,6,2,4,40,1,1769059145,2026-01-22 00:21:18
e36b5913-8e46-4c2a-b9be-73bdf8ee548b,32,10,22,21,1,1769059141,2026-01-22 00:21:18
1849010295160437584,17,9,8,0,1,1769059141,2026-01-22 00:21:18
1835246381185208614,1,1,0,21,1,1769059141,2026-01-22 00:21:18
1835244925191295588,7,7,0,16,1,1769059141,2026-01-22 00:21:18
66dc176f-0aca-11e7-82f6-3863bb44ef7c,61,48,13,12,1,1769059141,2026-01-22 00:21:18
324e55da-fec0-43a2-b622-27774381ab7f,2,0,2,15,1,1769059140,2026-01-22 00:21:18
5864d88d-a0fd-40ad-beee-896118d9360d,16,0,16,3,1,1769059139,2026-01-22 00:21:18
5782a158-b596-4936-a451-32ccc131a57d,1,0,1,18,1,1769059140,2026-01-22 00:21:18
1860188331547447938,1,0,1,19,1,1769059140,2026-01-22 00:21:18
66dc8382-0aca-11e7-82f6-3863bb44ef7c,6,3,3,71,1,1769059140,2026-01-22 00:21:18
ba7bf20d-b6bc-43dd-bf30-acb940eaeec8,1,1,0,15,1,1769059140,2026-01-22 00:21:18
116dbc02-a3c1-4b65-9f73-2a09a2aa1379,42,8,34,35,1,1769059143,2026-01-22 00:21:18
66dbeb1b-0aca-11e7-82f6-3863bb44ef7c,29,25,4,13,1,1769059143,2026-01-22 00:21:18
1857515306802639416,19,1,18,4,1,1769059143,2026-01-22 00:21:18
60c5a043-1367-4a27-96ee-394ba60e2154,20,15,5,8,1,1769059143,2026-01-22 00:21:18
c8197f4b-02b0-4cc3-96af-df5fec27a279,3,1,2,12,1,1769059142,2026-01-22 00:21:18
8f3a6711-fd05-4ce1-acf8-9d72b4a1bf97,3,2,1,17,1,1769059142,2026-01-22 00:21:18
f3f46097-54cf-4c30-805a-6b2a4851eed7,5,5,0,19,1,1769059142,2026-01-22 00:21:18
039d4cc9-8560-4d22-88c3-20753c54a50f,11,1,10,14,1,1769059143,2026-01-22 00:21:18
44a43ebf-cacf-4251-9ceb-e1c331ef1673,1,1,0,16,1,1769059143,2026-01-22 00:21:18
2126624118513887578,11,7,4,3,1,1769059045,2026-01-22 00:21:18
66dc89ae-0aca-11e7-82f6-3863bb44ef7c,16,13,3,19,1,1769059142,2026-01-22 00:21:18
b7af52d2-fd23-4970-8513-be7c681480c4,48,33,15,6,1,1769059143,2026-01-22 00:21:18
66dbc7d2-0aca-11e7-82f6-3863bb44ef7c,16,9,7,15,1,1769059142,2026-01-22 00:21:18
66dd1eb2-0aca-11e7-82f6-3863bb44ef7c,26,11,15,4,1,1769059141,2026-01-22 00:21:18
f365afa3-e8a5-439d-975d-6c2b064f30df,0,0,0,27,1,1769059142,2026-01-22 00:21:18
7cd61426-ed98-434e-9235-56ed856fead6,8,3,5,13,1,1769059142,2026-01-22 00:21:18
66dea8ff-0aca-11e7-82f6-3863bb44ef7c,15,6,9,19,1,1769059145,2026-01-22 00:21:18
16c54bf4-194b-4f26-9c49-a42901b4748d,11,8,3,11,1,1769059146,2026-01-22 00:21:18
1835249197527877718,2,2,0,16,1,1769059147,2026-01-22 00:21:18
66dcc44a-0aca-11e7-82f6-3863bb44ef7c,9,6,3,8,1,1769059147,2026-01-22 00:21:18
72719900-dd61-40bd-9f4a-40d70c47590c,7,0,7,20,1,1769059148,2026-01-22 00:21:18
ee1d39c5-47c8-4527-9456-3719c50b7be5,13,2,11,4,1,1769059148,2026-01-22 00:21:18
1835247598942507168,3,0,3,15,1,1769059148,2026-01-22 00:21:18
4bc6f4d0-edd5-4eb0-a704-f7ce0d693aac,0,0,0,21,1,1769059148,2026-01-22 00:21:18
b9b58379-b29a-4fa8-ba72-c647728e1686,15,11,4,3,1,1769059148,2026-01-22 00:21:18
2126965369631090816,8,3,5,7,1,1769059152,2026-01-22 00:21:18
8dfff4bd-0f3c-43af-bc55-a63850f66c6b,0,0,0,13,1,1769059152,2026-01-22 00:21:18
f3eb962c-314a-4431-bac7-2eb2ffbe2fd2,5,2,3,12,1,1769059146,2026-01-22 00:21:18
5a5a38d1-f28d-4e51-bf85-27bb384135c7,27,0,27,5,1,1769059146,2026-01-22 00:21:18
66dcf30d-0aca-11e7-82f6-3863bb44ef7c,6,3,3,18,1,1769059147,2026-01-22 00:21:18
13b82a41-c25b-428f-a07b-5f5d8340c6f2,3,1,2,15,1,1769059147,2026-01-22 00:21:18
3ac37967-e174-421a-bfeb-d02249fb1266,5,4,1,18,1,1769059148,2026-01-22 00:21:18
00d3e65e-b614-4408-aaa9-939ed96ce645,39,33,6,14,1,1769059149,2026-01-22 00:21:18
2126224876714496782,5,2,3,2,1,1769059149,2026-01-22 00:21:18
454fe70c-1d53-4af2-a9ea-1d4bd9f59799,4,4,0,15,1,1769059149,2026-01-22 00:21:18
2088792249063596144,22,16,6,7,1,1769059149,2026-01-22 00:21:18
c0f952d9-538e-4836-b936-fa97123cbf13,5,1,5,12,1,1769059151,2026-01-22 00:21:18
5fdf435f-6080-4b1d-966c-3b9d08450c4d,12,1,11,5,1,1769059151,2026-01-22 00:21:18
36d80620-9774-487e-8eb0-cf5f18a39321,8,7,1,19,1,1769059151,2026-01-22 00:21:18
1862787688044743624,15,1,14,5,1,1769059151,2026-01-22 00:21:18
b79bb851-130f-473d-83fc-f602aa0a4ca9,14,5,9,6,1,1769059149,2026-01-22 00:21:18
f8c1c90f-4ec0-44bd-b097-cfafc887744d,45,7,38,7,1,1769059149,2026-01-22 00:21:18
2124425954553309758,8,6,2,4,1,1769059123,2026-01-22 00:21:18
1828969634783171152,16,0,16,3,1,1769059150,2026-01-22 00:21:18
fe6f022b-7fdb-44fe-80bb-cbfc500959bf,2,1,1,19,1,1769059149,2026-01-22 00:21:18
c1e24edf-7192-433f-8d38-be5b6b3647c5,3,2,0,25,1,1769059152,2026-01-22 00:21:18
d7c56fef-1bf9-4315-85af-8638c534b402,25,22,3,12,1,1769059152,2026-01-22 00:21:18
814dd1a9-100c-4b1b-8110-6319bbd464e9,18,13,5,2,1,1769059153,2026-01-22 00:21:18
1828967208126648828,8,3,5,11,1,1769059153,2026-01-22 00:21:18
66dc4fb5-0aca-11e7-82f6-3863bb44ef7c,37,16,21,3,1,1769059153,2026-01-22 00:21:18
8ea3301f-6940-4e0f-80f0-7a3e54b2eaa5,4,4,0,13,1,1769059153,2026-01-22 00:21:18
3c73cc9f-3c09-4ac4-a4ea-22b4f027bf23,13,0,13,8,1,1769059153,2026-01-22 00:21:18
c36cfa58-29fe-4c0c-a14f-41c3463487fd,3,2,1,17,1,1769059153,2026-01-22 00:21:18
66db9675-0aca-11e7-82f6-3863bb44ef7c,2,1,1,24,1,1769059144,2026-01-22 00:21:18
89ff4db3-8a29-4565-a366-6fea4b3afc39,11,2,9,7,1,1769059154,2026-01-22 00:21:18
66ddf310-0aca-11e7-82f6-3863bb44ef7c,17,7,10,20,1,1769059154,2026-01-22 00:21:18
66db43b5-0aca-11e7-82f6-3863bb44ef7c,13,10,3,6,1,1769059153,2026-01-22 00:21:18
7c7cb750-6613-48a4-bfae-9240968f1fad,25,17,8,11,1,1769059154,2026-01-22 00:21:18
93e2e1a5-49c5-41f8-a6bf-b399b6a5140d,48,27,21,18,1,1769059154,2026-01-22 00:21:18
a7a175ff-8ffb-477c-a40b-6d47ce92305d,13,4,9,8,1,1769059154,2026-01-22 00:21:18
a6492ad5-d13e-48b0-a0d5-08e60ad93e53,64,28,36,0,1,1769059155,2026-01-22 00:21:18
11a8d465-b4eb-466b-a6ca-055f73994231,13,3,10,12,1,1769059155,2026-01-22 00:21:18
7e36cd9b-b271-42e5-b344-b7a3771c795e,9,6,3,34,1,1769059155,2026-01-22 00:21:18
66dbefee-0aca-11e7-82f6-3863bb44ef7c,4,2,2,10,1,1769059155,2026-01-22 00:21:18
1846085836152179090,5,0,5,16,1,1769059155,2026-01-22 00:21:18
e3470e29-934c-41f1-8fe7-82135ed2d620,0,0,0,60,1,1769059156,2026-01-22 00:21:18
8ec47777-852d-4059-a5ea-12eef71a9606,36,5,31,0,1,1769059155,2026-01-22 00:21:18
2126623405008140358,6,5,1,4,1,1769059156,2026-01-22 00:21:18
3a51a25f-3e9b-4aea-84ee-39e9a3acc7fd,9,2,7,12,1,1769059156,2026-01-22 00:21:18
66dcecfa-0aca-11e7-82f6-3863bb44ef7c,17,12,5,12,1,1769059156,2026-01-22 00:21:18
178bad16-1b02-4264-94c0-a8fd0faa60fe,3,2,1,30,1,1769059155,2026-01-22 00:21:18
36aaebb9-ef10-41a5-b20b-753bf8a3fed8,1,1,0,16,1,1769059155,2026-01-22 00:21:18
66dd3cb4-0aca-11e7-82f6-3863bb44ef7c,21,1,20,11,1,1769059156,2026-01-22 00:21:18
1849009794224623642,18,1,17,0,1,1769059156,2026-01-22 00:21:18
66dbf6d2-0aca-11e7-82f6-3863bb44ef7c,8,6,2,21,1,1769059157,2026-01-22 00:21:18
0575e356-72f4-4251-8e15-574cf60bd190,7,4,3,12,1,1769059156,2026-01-22 00:21:18
0df3a035-5a38-4ec2-826a-0a5376e8d8a0,7,5,2,14,1,1769059157,2026-01-22 00:21:18
66dd2292-0aca-11e7-82f6-3863bb44ef7c,0,0,0,44,1,1769059157,2026-01-22 00:21:18
66dcba5e-0aca-11e7-82f6-3863bb44ef7c,0,0,0,17,1,1769059157,2026-01-22 00:21:18
1b962833-d769-418e-b1ef-5a183bb5eb1a,9,1,8,5,1,1769059157,2026-01-22 00:21:18
1963272613486484230,54,40,14,14,1,1769059158,2026-01-22 00:21:18
70634bc4-4d90-42d4-8f6a-3f29fa8f7f77,0,0,0,33,1,1769059158,2026-01-22 00:21:18
bda1fab4-5065-42df-a8ff-514e6064ab6e,20,1,19,0,1,1769059158,2026-01-22 00:21:18
66dc7802-0aca-11e7-82f6-3863bb44ef7c,18,15,3,33,1,1769059158,2026-01-22 00:21:18
66db3583-0aca-11e7-82f6-3863bb44ef7c,20,15,5,43,1,1769059158,2026-01-22 00:21:18
66dcc920-0aca-11e7-82f6-3863bb44ef7c,1,1,0,16,1,1769059159,2026-01-22 00:21:18
1786696780996714874,11,4,7,17,1,1769059159,2026-01-22 00:21:18
272c0389-5e4a-41a9-ad6c-2dccdfa55af9,14,13,1,9,1,1769059159,2026-01-22 00:21:18
66de0c43-0aca-11e7-82f6-3863bb44ef7c,25,3,22,1,1,1769059159,2026-01-22 00:21:18
26599393-b967-44a6-a998-cb72ca53cd9e,0,0,0,20,1,1769059159,2026-01-22 00:21:18
1846086562569586930,18,8,10,2,1,1769059159,2026-01-22 00:21:18
f6cf3ecc-b3ad-4291-8c24-277f28f64ba1,13,1,12,8,1,1769059159,2026-01-22 00:21:18
1945126022626996350,20,7,13,6,1,1769059158,2026-01-22 00:21:18
66dd5e69-0aca-11e7-82f6-3863bb44ef7c,0,0,0,9,0,1769049974,2026-01-22 00:21:18
66ddda59-0aca-11e7-82f6-3863bb44ef7c,0,0,0,10,0,1769002745,2026-01-22 00:21:18
66dd5960-0aca-11e7-82f6-3863bb44ef7c,0,0,0,17,0,1768981537,2026-01-22 00:21:18
537a2f47-26a3-4776-ba9d-e2acd2ffbee1,0,0,0,8,1,1769058926,2026-01-22 00:21:18
2de92329-48d0-4cf7-85df-172f91bbb320,10,10,0,19,1,1769059048,2026-01-22 00:21:18
2116635993049651742,3,0,3,9,1,1769059060,2026-01-22 00:21:18
66dd6721-0aca-11e7-82f6-3863bb44ef7c,4,0,4,14,1,1769059088,2026-01-22 00:21:18
2116636101124803154,10,0,10,4,1,1769059091,2026-01-22 00:21:18
f417d8da-0f15-49b0-9e3c-3c3e55c2691d,19,8,11,3,1,1769059100,2026-01-22 00:21:18
e163ce54-4c39-43c5-9831-e10a2603527d,17,2,15,4,1,1769059109,2026-01-22 00:21:18
2108372562172578194,16,15,1,2,1,1769059134,2026-01-22 00:21:18
3d1db3fa-1df5-46c8-baf3-619b729f5bda,9,2,7,8,1,1769059131,2026-01-22 00:21:18
2116635307734817684,4,2,2,11,1,1769059145,2026-01-22 00:21:18
66dd8479-0aca-11e7-82f6-3863bb44ef7c,11,1,10,11,1,1769059140,2026-01-22 00:21:18
681a8bdb-65ff-4078-a5de-74927502da4e,17,10,7,1,1,1769059141,2026-01-22 00:21:18
7478be11-37d8-49b1-a253-f0810045f6ff,0,0,0,2,0,1769031918,2026-01-22 00:21:18
1839334257267825432,0,0,0,13,1,1769059148,2026-01-22 00:21:18
4a48175b-c239-4d5e-b1b8-03eda4239678,23,2,21,7,1,1769059148,2026-01-22 00:21:18
d09709d2-e119-48c4-aa22-29432a13a35a,0,0,0,6,0,1769013015,2026-01-22 00:21:18
6107e75a-2493-4e3d-a3e0-d4886d3416e5,13,2,11,0,1,1769059157,2026-01-22 00:21:18
a59f4f11-5d52-43a2-8a32-ae71137a6af8,0,0,0,6,0,1768903723,2026-01-22 00:21:18
f841ae52-0bbb-49db-b6eb-f898fbce6108,3,1,2,14,1,1769059073,2026-01-22 00:21:18
915057d4-edbc-4c73-8d81-dda33d600d58,14,8,6,4,1,1769059040,2026-01-22 00:21:18
21c4a77d-b1ae-4262-b143-087fd14a07b8,12,3,9,4,1,1769059054,2026-01-22 00:21:18
c32d6965-4fae-4f1f-a5f2-7f2ef5f439fc,20,5,15,0,1,1769059100,2026-01-22 00:21:18
2036428272250118978,15,11,4,5,1,1769059101,2026-01-22 00:21:18
3742e2ab-6cd0-40cf-846a-72cbe637afe1,0,0,0,0,0,1769009407,2026-01-22 00:21:18
66dd7cab-0aca-11e7-82f6-3863bb44ef7c,14,10,4,12,1,1769059051,2026-01-22 00:21:18
66dd9183-0aca-11e7-82f6-3863bb44ef7c,12,9,3,1,1,1769059083,2026-01-22 00:21:18
66dd83fc-0aca-11e7-82f6-3863bb44ef7c,13,1,12,9,1,1769059111,2026-01-22 00:21:18
0bb12c94-efdb-40ac-98fe-9521ba373b57,0,0,0,30,1,1769059123,2026-01-22 00:21:18
43318169-d1ae-4a1a-9578-23cfa3fdbac9,0,0,0,21,1,1769059127,2026-01-22 00:21:18
66dddc98-0aca-11e7-82f6-3863bb44ef7c,12,8,4,13,1,1769059141,2026-01-22 00:21:18
66ddded0-0aca-11e7-82f6-3863bb44ef7c,9,7,2,4,1,1769059139,2026-01-22 00:21:18
66ddde40-0aca-11e7-82f6-3863bb44ef7c,12,4,8,5,1,1769059140,2026-01-22 00:21:18
e2c00264-9eea-446d-a1b7-27cef3aed403,12,7,5,1,1,1769059132,2026-01-22 00:21:18
ded4386f-9f69-43c6-a566-4511920c3e39,16,9,7,6,1,1769059132,2026-01-22 00:21:18
66dd836d-0aca-11e7-82f6-3863bb44ef7c,9,3,6,13,1,1769059132,2026-01-22 00:21:18
66dddae7-0aca-11e7-82f6-3863bb44ef7c,2,0,2,16,1,1769059136,2026-01-22 00:21:18
66dd8043-0aca-11e7-82f6-3863bb44ef7c,9,9,0,8,1,1769059137,2026-01-22 00:21:18
2108372790290481846,3,3,0,11,1,1769059149,2026-01-22 00:21:18
66dd650d-0aca-11e7-82f6-3863bb44ef7c,6,5,1,8,1,1769059153,2026-01-22 00:21:18
823c0615-2832-4e76-85f0-7cf527151aba,0,0,0,0,0,86400,2026-01-22 00:21:18
2058728861810389252,0,0,0,16,0,1768997527,2026-01-22 00:21:18
22cd02a2-228f-4eeb-b249-cbea51a0e219,7,1,6,11,1,1769059049,2026-01-22 00:21:18
1ec24ce3-2b69-4f3a-a153-c73e583d11f3,2,2,0,16,1,1769059040,2026-01-22 00:21:18
2157737368545384190,2,2,0,14,1,1769059069,2026-01-22 00:21:18
2116635417524034072,7,6,1,8,1,1769059081,2026-01-22 00:21:18
8ae0bf30-9979-461e-a947-2dd89f293b40,5,0,5,8,1,1769059090,2026-01-22 00:21:18
66dd630c-0aca-11e7-82f6-3863bb44ef7c,17,11,6,1,1,1769059109,2026-01-22 00:21:18
66ddd78e-0aca-11e7-82f6-3863bb44ef7c,11,9,2,1,1,1769059110,2026-01-22 00:21:18
655b0878-c22b-4f8c-8675-21bf30d1eebf,9,1,8,6,1,1769059114,2026-01-22 00:21:18
66dd58f2-0aca-11e7-82f6-3863bb44ef7c,6,1,5,7,1,1769059127,2026-01-22 00:21:18
66dd63de-0aca-11e7-82f6-3863bb44ef7c,13,10,3,4,1,1769059127,2026-01-22 00:21:18
2116635185595800086,10,7,3,5,1,1769059130,2026-01-22 00:21:18
dd8b2f53-8b94-4082-9576-994a4962f9d5,0,0,0,17,1,1769059102,2026-01-22 00:21:18
2108373096850688302,2,2,0,12,1,1769059107,2026-01-22 00:21:18
66dd7f10-0aca-11e7-82f6-3863bb44ef7c,7,4,3,19,1,1769059134,2026-01-22 00:21:18
1849747691035224144,10,3,7,4,1,1769059135,2026-01-22 00:21:18
2290031f-e7d8-40a3-9ad6-566df493bbbc,4,0,4,37,1,1769059144,2026-01-22 00:21:18
33a797e8-6be2-4868-b9f6-1be157eaa0a5,1,0,1,18,1,1769059145,2026-01-22 00:21:18
2116635868495600156,3,1,2,11,1,1769059140,2026-01-22 00:21:18
ccfa1f8f-f930-45f2-9cda-375c01596ca2,2,2,0,16,1,1769059153,2026-01-22 00:21:18
fadf00cf-d84a-49e8-9607-c67154915412,20,11,9,5,1,1769059154,2026-01-22 00:21:18
5f798c51-5d8b-4add-9f81-341f54a82ffa,18,8,10,1,1,1769059156,2026-01-22 00:21:18
2108372139456801688,16,7,9,2,1,1769059156,2026-01-22 00:21:18
66dd5f99-0aca-11e7-82f6-3863bb44ef7c,0,0,0,3,0,1768987808,2026-01-22 00:21:18
66ddd81a-0aca-11e7-82f6-3863bb44ef7c,11,6,5,3,1,1769059097,2026-01-22 00:21:18
3371df76-39db-43ab-b3d6-fac0be55311f,10,6,4,4,1,1769059097,2026-01-22 00:21:18
66dddf5f-0aca-11e7-82f6-3863bb44ef7c,4,4,0,9,1,1769059102,2026-01-22 00:21:18
1844599666569400604,0,0,0,23,1,1769059057,2026-01-22 00:21:18
66dd6000-0aca-11e7-82f6-3863bb44ef7c,16,16,0,6,1,1769059054,2026-01-22 00:21:18
66dd6441-0aca-11e7-82f6-3863bb44ef7c,5,1,4,9,1,1769059070,2026-01-22 00:21:18
2157736614125310040,6,4,2,10,1,1769059119,2026-01-22 00:21:18
66dd8b48-0aca-11e7-82f6-3863bb44ef7c,15,11,4,3,1,1769059074,2026-01-22 00:21:18
66dd7fe2-0aca-11e7-82f6-3863bb44ef7c,14,4,10,7,1,1769059107,2026-01-22 00:21:18
2116885281736356212,6,2,4,7,1,1769059104,2026-01-22 00:21:18
66dd7b37-0aca-11e7-82f6-3863bb44ef7c,16,13,3,8,1,1769059125,2026-01-22 00:21:18
66dd80ac-0aca-11e7-82f6-3863bb44ef7c,9,0,9,12,1,1769059129,2026-01-22 00:21:18
2108372029596633484,2,0,2,10,1,1769059136,2026-01-22 00:21:18
2165507807810224012,0,0,0,11,1,1769059147,2026-01-22 00:21:18
2108373197827738014,12,5,7,9,1,1769059148,2026-01-22 00:21:18
4aecd6f2-8a84-4bed-a528-dc6870877292,0,0,0,18,1,1769059155,2026-01-22 00:21:18
2158919319277979600,7,4,3,7,1,1769059160,2026-01-22 00:21:18
66dddc08-0aca-11e7-82f6-3863bb44ef7c,0,0,0,1,0,1768955549,2026-01-22 00:21:18
bd6f422b-d7ae-4d7e-9261-653fdd8e6888,22,14,8,3,1,1769059058,2026-01-22 00:21:18
66dd5a42-0aca-11e7-82f6-3863bb44ef7c,13,12,1,9,1,1769059087,2026-01-22 00:21:18
5faf99b8-9046-450f-9d2a-d13279b3d016,13,5,8,18,1,1769059088,2026-01-22 00:21:18
9d344652-976b-4c2d-bede-2ef19b0fbf13,15,4,11,3,1,1769059098,2026-01-22 00:21:18
2088688422524183306,0,0,0,39,1,1769059106,2026-01-22 00:21:18
5aa81a37-ea1d-4bf6-ab40-4751c6b4fb08,14,13,1,2,1,1769059105,2026-01-22 00:21:18
2108372356498784942,6,1,5,4,1,1769059102,2026-01-22 00:21:18
66ddd8a8-0aca-11e7-82f6-3863bb44ef7c,12,11,1,2,1,1769059113,2026-01-22 00:21:18
519824e4-69ba-4270-a395-17c204f328f8,6,1,5,15,1,1769059114,2026-01-22 00:21:18
cbc48689-7805-49dd-9669-5471f4b7b6fb,0,0,0,21,1,1769059116,2026-01-22 00:21:18
b6a13f2b-deb4-4f4d-9d67-7d23bee27c88,6,0,6,8,1,1769059119,2026-01-22 00:21:18
2116634708854430228,9,1,8,9,1,1769059122,2026-01-22 00:21:18
2108373961268485100,5,1,4,9,1,1769059127,2026-01-22 00:21:18
66ddddb4-0aca-11e7-82f6-3863bb44ef7c,10,8,2,4,1,1769059158,2026-01-22 00:21:18
66ddd93e-0aca-11e7-82f6-3863bb44ef7c,7,3,4,7,1,1769059156,2026-01-22 00:21:18
46813ecf-8df4-4c8f-9579-0179e0b36ba6,9,6,3,7,1,1769059139,2026-01-22 00:21:18
2116635527663355916,0,0,0,11,1,1769059139,2026-01-22 00:21:18
581211b2-4e42-48f2-8a8f-5f968cb1c5df,1,0,1,29,1,1769059139,2026-01-22 00:21:18
66dd5f24-0aca-11e7-82f6-3863bb44ef7c,4,2,2,18,1,1769059143,2026-01-22 00:21:18
66dddd28-0aca-11e7-82f6-3863bb44ef7c,8,6,2,6,1,1769059143,2026-01-22 00:21:18
2116636221383887448,15,0,15,3,1,1769059104,2026-01-22 00:21:18
2108372903577159978,4,4,0,10,1,1769059150,2026-01-22 00:21:18
96e72113-3681-4d19-88bb-032e76720093,0,0,0,0,0,86400,2026-01-22 00:50:15
1905837242740508940,0,0,0,0,0,86400,2026-01-22 00:50:15
41495491-5d89-4e14-aab9-c3db04aad399,0,0,0,0,0,86400,2026-01-22 00:50:15
b9720921-8170-43ea-a5ae-b61b9161eb49,0,0,0,0,0,86400,2026-01-22 00:50:15
2171903488884523500,0,0,0,0,0,86400,2026-01-22 00:50:15
2171903608969565866,0,0,0,0,0,86400,2026-01-22 00:50:15
2171904223419888148,0,0,0,0,0,86400,2026-01-22 00:50:15
1828968883163894358,8,1,7,7,1,1769060788,2026-01-22 00:50:15
fda18503-7488-4b91-b74c-949a90401e83,8,6,2,9,1,1769060788,2026-01-22 00:50:15
f34ea09d-32f9-492c-9124-99059bc0b5dd,14,0,14,7,1,1769060788,2026-01-22 00:50:15
66dc686c-0aca-11e7-82f6-3863bb44ef7c,73,58,15,20,1,1769060788,2026-01-22 00:50:15
1869743938848725856,68,61,7,16,1,1769060790,2026-01-22 00:50:15
ca5cc034-a95d-446e-8314-6691589886b1,16,15,1,2,1,1769060790,2026-01-22 00:50:15
66dc10d1-0aca-11e7-82f6-3863bb44ef7c,32,23,9,9,1,1769060787,2026-01-22 00:50:15
7a1ad7c0-4958-4354-91a1-11bf13348abd,17,5,12,0,1,1769060787,2026-01-22 00:50:15
19b61564-7629-41b4-80c8-1756135a5442,6,6,0,12,1,1769060786,2026-01-22 00:50:15
b896d83d-5524-4c9c-a2aa-c1b0edaadc22,1,1,0,19,1,1769060787,2026-01-22 00:50:15
1962547377975794462,10,6,4,11,1,1769060790,2026-01-22 00:50:15
74723006-b32f-4590-8cc7-f15eec3808fe,7,3,4,19,1,1769060789,2026-01-22 00:50:15
4f814d78-5d8d-458b-877e-2ca449b865be,2,1,1,19,1,1769060792,2026-01-22 00:50:15
66dbef15-0aca-11e7-82f6-3863bb44ef7c,46,15,31,6,1,1769060792,2026-01-22 00:50:15
1d32e684-602b-46b6-8c96-ab47b57a03f3,7,4,3,15,1,1769060791,2026-01-22 00:50:15
0138452a-b9f4-4aee-80b0-7fae9a122ffe,23,19,4,12,1,1769060792,2026-01-22 00:50:15
66dd45c7-0aca-11e7-82f6-3863bb44ef7c,24,20,4,6,1,1769060792,2026-01-22 00:50:15
3db799ba-b574-4e5f-95e5-c767bec2acb6,19,6,13,9,1,1769060796,2026-01-22 00:50:15
66dc2995-0aca-11e7-82f6-3863bb44ef7c,22,19,3,23,1,1769060795,2026-01-22 00:50:15
66dbe15d-0aca-11e7-82f6-3863bb44ef7c,14,2,12,10,1,1769060795,2026-01-22 00:50:15
66de73fd-0aca-11e7-82f6-3863bb44ef7c,11,9,2,14,1,1769060795,2026-01-22 00:50:15
1862008939006380034,4,1,3,16,1,1769060796,2026-01-22 00:50:15
0bd9bd58-42e6-4680-9d19-83943372221f,13,13,0,9,1,1769060794,2026-01-22 00:50:15
1860189650739626488,5,4,1,16,1,1769060794,2026-01-22 00:50:15
1838070843306263244,8,5,3,10,1,1769060797,2026-01-22 00:50:15
66dc292c-0aca-11e7-82f6-3863bb44ef7c,14,13,1,37,1,1769060794,2026-01-22 00:50:15
e9b3a725-6963-4151-8f7f-9beeb51fa20f,2,0,2,13,1,1769060800,2026-01-22 00:50:15
0f98907a-d4cc-45e0-b174-7d9dfda74106,2,1,1,30,1,1769060801,2026-01-22 00:50:15
1dacb0f6-29f5-4d1b-b910-92ffa5b4ca5d,14,0,14,24,1,1769060801,2026-01-22 00:50:15
633fbc4c-7617-47ba-a393-aad7a8d26a3e,17,0,17,4,1,1769060801,2026-01-22 00:50:15
84a7baff-415b-4ab9-a859-74c2801483ce,9,1,8,8,1,1769060799,2026-01-22 00:50:15
1917312704757770810,34,27,7,1,1,1769060799,2026-01-22 00:50:15
c2d549f8-f54c-4a0d-9ecd-6e6f79118279,16,10,6,6,1,1769060799,2026-01-22 00:50:15
66dcc0b2-0aca-11e7-82f6-3863bb44ef7c,5,3,2,17,1,1769060800,2026-01-22 00:50:15
5645b05e-85be-460d-8506-cacd20bff233,28,1,27,1,1,1769060798,2026-01-22 00:50:15
66de4bbb-0aca-11e7-82f6-3863bb44ef7c,11,0,11,11,1,1769060798,2026-01-22 00:50:15
cf1a96a7-f695-4ba2-bcf2-899552e21e47,12,6,6,7,1,1769060799,2026-01-22 00:50:15
7aa86431-bbc5-4d9c-8198-9630c9d32a22,6,0,6,14,1,1769060798,2026-01-22 00:50:15
69717638-5c4a-47a7-bccb-3b42c81eb09f,13,6,7,6,1,1769060797,2026-01-22 00:50:15
faf98f78-51ab-4248-b7e7-f402902385a6,2,1,1,16,1,1769060797,2026-01-22 00:50:15
66dc6a86-0aca-11e7-82f6-3863bb44ef7c,1,0,1,77,1,1769060802,2026-01-22 00:50:15
c3189056-8eda-4278-891f-e8e15c2d759a,3,3,0,21,1,1769060799,2026-01-22 00:50:15
2124425439157234232,3,0,3,10,1,1769060759,2026-01-22 00:50:15
66dbcbbc-0aca-11e7-82f6-3863bb44ef7c,70,28,42,2,1,1769060821,2026-01-22 00:50:15
f3140fb8-347b-4dca-96df-eeef2d1bfc50,4,1,3,13,1,1769060821,2026-01-22 00:50:15
ca7ec509-cefc-4ac6-b729-08999d191051,20,3,17,2,1,1769060821,2026-01-22 00:50:15
18eccc71-66be-4e4c-8335-095a9bf0df94,1,1,0,32,1,1769060821,2026-01-22 00:50:15
24509e46-a0de-47e8-ba40-9441da68952a,4,3,1,14,1,1769060820,2026-01-22 00:50:15
59af018a-2ee9-489a-b445-bb6fba9c1119,7,3,4,8,1,1769060820,2026-01-22 00:50:15
63a838a8-9acf-4ba1-91f5-c676f6ef2f7d,14,3,11,5,1,1769060823,2026-01-22 00:50:15
6e5a8cab-cf1a-4584-8133-01835b56ad71,14,4,10,11,1,1769060823,2026-01-22 00:50:15
6fd61eee-d0ef-4580-9704-bd06b82bcb61,0,0,0,29,1,1769060822,2026-01-22 00:50:15
61f2ffd4-159a-42b3-a4d9-3fdfc3349074,4,2,2,16,1,1769060822,2026-01-22 00:50:15
581bc4fe-cf14-4767-8377-6fa156ff8a29,8,1,7,9,1,1769060823,2026-01-22 00:50:15
1869753484503987044,4,2,2,15,1,1769060824,2026-01-22 00:50:15
81a98b0b-cfd6-48b4-90bd-806ebbc264a0,4,1,3,15,1,1769060824,2026-01-22 00:50:15
4c03fa2d-89da-4f0b-8f19-c7de5edbe256,23,4,19,1,1,1769060824,2026-01-22 00:50:15
69f84045-48f9-4c6c-90d3-0503e5ed39e9,17,16,1,4,1,1769060825,2026-01-22 00:50:15
498d7e8e-5164-4f26-9ce6-399947d73b1a,6,1,5,11,1,1769060825,2026-01-22 00:50:15
1986707977001495180,4,3,1,14,1,1769060823,2026-01-22 00:50:15
66dd26f9-0aca-11e7-82f6-3863bb44ef7c,26,10,16,4,1,1769060805,2026-01-22 00:50:15
566a6389-5c22-49ca-8c24-4d9eea135170,0,0,0,26,1,1769060802,2026-01-22 00:50:15
7779e057-b33e-46a7-8a1e-8c28bcd9a558,11,2,9,8,1,1769060802,2026-01-22 00:50:15
c63a83a0-bda1-40a6-835b-f82c363543b9,5,3,2,12,1,1769060802,2026-01-22 00:50:15
1882824287789509296,6,2,4,38,1,1769060803,2026-01-22 00:50:15
66db75cc-0aca-11e7-82f6-3863bb44ef7c,42,21,21,1,1,1769060803,2026-01-22 00:50:15
1937777808143497236,6,6,0,26,1,1769060808,2026-01-22 00:50:15
22ab59a8-0af4-4101-9350-a7af88e37c2e,7,0,7,12,1,1769060808,2026-01-22 00:50:15
cd2d9dab-7708-4685-a56f-9412c738de7e,18,0,18,0,1,1769060808,2026-01-22 00:50:15
81bec993-29a5-4e70-8f60-eecdf16c7be4,16,9,7,9,1,1769060807,2026-01-22 00:50:15
66de71af-0aca-11e7-82f6-3863bb44ef7c,14,0,14,22,1,1769060804,2026-01-22 00:50:15
3a89411a-0bc6-4ba3-bc56-fab950c8eba1,17,1,16,2,1,1769060806,2026-01-22 00:50:15
d73e26de-8534-4b46-a321-3cae295ef9b2,3,2,1,28,1,1769060808,2026-01-22 00:50:15
457ea5d7-d643-4028-87db-46dee0b81555,22,18,4,2,1,1769060808,2026-01-22 00:50:15
62f8f806-bd04-4282-9c5d-ad4293644e3c,7,0,7,12,1,1769060808,2026-01-22 00:50:15
66db2a71-0aca-11e7-82f6-3863bb44ef7c,41,19,22,2,1,1769060808,2026-01-22 00:50:15
92fc1ad7-0867-4655-b02f-ede65d336b14,8,3,5,10,1,1769060808,2026-01-22 00:50:15
cb9840a3-4ae2-420d-865c-9ac45e2f5485,13,7,6,2,1,1769060813,2026-01-22 00:50:15
66dd4d70-0aca-11e7-82f6-3863bb44ef7c,18,10,8,22,1,1769060812,2026-01-22 00:50:15
90b141b9-c39f-4a26-a32d-08c7d1474d52,11,10,1,9,1,1769060813,2026-01-22 00:50:15
053312f2-e77e-4674-b28b-ad357fbcb4ee,11,1,10,49,1,1769060813,2026-01-22 00:50:15
93da4d1b-d574-45b0-85d7-5b82e2887267,19,2,17,2,1,1769060814,2026-01-22 00:50:15
b4974d89-932c-4a9f-a264-2ea0cf70613e,8,7,1,10,1,1769060814,2026-01-22 00:50:15
d8778570-f7f2-458d-82f5-9ad39210a501,40,38,2,9,1,1769060811,2026-01-22 00:50:15
66db6963-0aca-11e7-82f6-3863bb44ef7c,51,2,49,25,1,1769060811,2026-01-22 00:50:15
66dde69c-0aca-11e7-82f6-3863bb44ef7c,1,1,0,17,1,1769060811,2026-01-22 00:50:15
d18512f9-52c8-4175-92b9-b6258dc30748,4,4,0,16,1,1769060811,2026-01-22 00:50:15
579e583e-60ab-4f2a-83d0-fabebddfcd0f,10,9,1,6,1,1769060810,2026-01-22 00:50:15
66ddea99-0aca-11e7-82f6-3863bb44ef7c,2,2,0,18,1,1769060810,2026-01-22 00:50:15
66dcc8b3-0aca-11e7-82f6-3863bb44ef7c,5,1,4,11,1,1769060810,2026-01-22 00:50:15
0dd71c6d-11ee-4ad4-ba99-36b9ad36112c,11,5,6,9,1,1769060817,2026-01-22 00:50:15
1861678548643203686,1,0,1,24,1,1769060818,2026-01-22 00:50:15
66db6f2e-0aca-11e7-82f6-3863bb44ef7c,12,4,8,28,1,1769060818,2026-01-22 00:50:15
d040a7b3-85b5-4c0d-9c92-3f4ad0082143,0,0,0,30,1,1769060818,2026-01-22 00:50:15
1838071008881986168,12,0,12,15,1,1769060818,2026-01-22 00:50:15
1849010133527040242,11,9,2,8,1,1769060818,2026-01-22 00:50:15
66dc1687-0aca-11e7-82f6-3863bb44ef7c,4,3,1,7,1,1769060818,2026-01-22 00:50:15
ab6aadd8-fa45-43aa-abea-c8e01ec5a0c8,15,0,15,6,1,1769060819,2026-01-22 00:50:15
4e747443-d481-4aea-a6d1-cf20204af4ba,12,0,12,8,1,1769060819,2026-01-22 00:50:15
2121032386733337206,12,1,11,2,1,1769060819,2026-01-22 00:50:15
1096fc76-794e-4343-8eb0-0dd6c9a48266,3,3,0,14,1,1769060814,2026-01-22 00:50:15
66dc81ce-0aca-11e7-82f6-3863bb44ef7c,8,2,6,63,1,1769060815,2026-01-22 00:50:15
023cf549-bd85-4f9a-abd8-70ba29d7e86b,4,3,1,15,1,1769060817,2026-01-22 00:50:15
a2ef8ed2-6031-4049-b7dc-9838ef39889b,14,2,12,4,1,1769060817,2026-01-22 00:50:15
2104286315955915532,14,13,1,52,1,1769060815,2026-01-22 00:50:15
66dd2060-0aca-11e7-82f6-3863bb44ef7c,36,10,26,12,1,1769060819,2026-01-22 00:50:15
9394fb49-583f-4426-8d2f-a2b0ffb584d2,6,2,4,41,1,1769060827,2026-01-22 00:50:15
e9575102-1081-4c30-8d15-ea95913579e2,2,1,1,16,1,1769060827,2026-01-22 00:50:15
66de63cd-0aca-11e7-82f6-3863bb44ef7c,17,9,8,1,1,1769060828,2026-01-22 00:50:15
0b613329-b8c8-4b8c-ad40-79952aa41157,20,15,5,0,1,1769060828,2026-01-22 00:50:15
2ebbe93b-a013-464a-b4a5-0eba96f89676,15,15,0,3,1,1769060826,2026-01-22 00:50:15
324e93c8-4f3d-4a5f-becd-00e6f49fe4dd,10,0,10,9,1,1769060826,2026-01-22 00:50:15
1828965347681089818,10,2,8,10,1,1769060827,2026-01-22 00:50:15
1860189327773878824,22,6,16,2,1,1769060827,2026-01-22 00:50:15
837b7db3-55c6-4595-a497-834972631752,3,3,0,14,1,1769060827,2026-01-22 00:50:15
66dd4c5f-0aca-11e7-82f6-3863bb44ef7c,11,10,1,54,1,1769060826,2026-01-22 00:50:15
af72ab76-c6cb-4994-af96-51fa8846ecdc,4,4,0,15,1,1769060829,2026-01-22 00:50:15
f3782e27-c49a-4ee9-b188-0c13cad54688,6,0,6,11,1,1769060829,2026-01-22 00:50:15
c71cca54-17f6-42bc-ba94-3f5bd9c70197,34,0,34,9,1,1769060830,2026-01-22 00:50:15
2124037250266884686,9,2,7,2,1,1769060766,2026-01-22 00:50:15
66ddeaff-0aca-11e7-82f6-3863bb44ef7c,11,7,4,17,1,1769060828,2026-01-22 00:50:15
ad57266c-34da-43da-8b48-2ba856002fbf,11,1,10,18,1,1769060829,2026-01-22 00:50:15
54df610f-0e47-4958-98ca-37bb1b1c4dca,4,3,1,19,1,1769060829,2026-01-22 00:50:15
0de1f95f-8b1b-4e5e-9eff-73c63265b0ab,7,0,7,22,1,1769060829,2026-01-22 00:50:15
66de17f7-0aca-11e7-82f6-3863bb44ef7c,15,14,1,20,1,1769060829,2026-01-22 00:50:15
66dbee85-0aca-11e7-82f6-3863bb44ef7c,22,13,9,49,1,1769060830,2026-01-22 00:50:15
1834145589124844432,4,3,1,14,1,1769060830,2026-01-22 00:50:15
44c23eaa-7ddf-40b3-8373-6f3880c5e1b1,4,3,1,15,1,1769060831,2026-01-22 00:50:15
66de2b2f-0aca-11e7-82f6-3863bb44ef7c,47,0,47,3,1,1769060831,2026-01-22 00:50:15
1826348248869574940,5,0,5,25,1,1769060831,2026-01-22 00:50:15
66dc17df-0aca-11e7-82f6-3863bb44ef7c,0,0,0,0,0,1769060831,2026-01-22 00:50:15
66dde76a-0aca-11e7-82f6-3863bb44ef7c,4,0,4,16,1,1769060831,2026-01-22 00:50:15
2124036994734951288,5,0,5,2,1,1769060654,2026-01-22 00:50:15
66dc120f-0aca-11e7-82f6-3863bb44ef7c,9,7,2,61,1,1769060828,2026-01-22 00:50:15
4d24ab76-2f4a-4004-9fc5-09c00c1d9aa4,17,0,17,12,1,1769060835,2026-01-22 00:50:15
b0bac4ef-bb57-4598-a433-75c281170d5b,8,2,6,12,1,1769060835,2026-01-22 00:50:15
c3062f44-c5b9-4650-a4ec-cc66cbf5b944,4,3,1,13,1,1769060835,2026-01-22 00:50:15
823ef531-40e6-4397-b973-86bf5b032076,12,11,1,11,1,1769060835,2026-01-22 00:50:15
66de0d91-0aca-11e7-82f6-3863bb44ef7c,21,0,21,6,1,1769060837,2026-01-22 00:50:15
66db4549-0aca-11e7-82f6-3863bb44ef7c,19,11,8,4,1,1769060837,2026-01-22 00:50:15
f681f980-185d-45b9-8490-bb2606624dd4,2,2,0,16,1,1769060837,2026-01-22 00:50:15
2171919049376995084,3,2,1,28,1,1769060837,2026-01-22 00:50:15
2126623765785393224,2,0,2,17,1,1769060802,2026-01-22 00:50:15
b713367c-3572-4225-b74a-9319ab537838,2,1,1,17,1,1769060838,2026-01-22 00:50:15
528ed1e0-75aa-45be-8afe-c3f1c950782f,9,1,8,11,1,1769060831,2026-01-22 00:50:15
66dd4ccc-0aca-11e7-82f6-3863bb44ef7c,25,20,5,25,1,1769060832,2026-01-22 00:50:15
38af3d1a-9916-46cf-b22e-86fc8648bf30,14,4,10,5,1,1769060834,2026-01-22 00:50:15
1bb1af93-b433-4da7-8054-009c85f7755a,5,2,3,14,1,1769060834,2026-01-22 00:50:15
9635affa-8b18-42d5-84c4-7f67ad5ef9d0,11,6,5,7,1,1769060833,2026-01-22 00:50:15
9af90faf-0b9b-451b-9cb0-20ff421ca1d9,2,0,2,23,1,1769060834,2026-01-22 00:50:15
922763d6-d73c-4678-8bcd-f42ee3a236db,7,3,4,13,1,1769060836,2026-01-22 00:50:15
549b5bc4-b949-4eeb-8ffb-2215e1e49892,35,30,5,18,1,1769060836,2026-01-22 00:50:15
66db41bf-0aca-11e7-82f6-3863bb44ef7c,23,0,23,9,1,1769060836,2026-01-22 00:50:15
6fb81fda-f0b5-4242-90f9-88d0214feb8d,1,1,0,18,1,1769060837,2026-01-22 00:50:15
29ced315-14b5-4edc-bef2-665316dfe3dd,29,7,22,16,1,1769060834,2026-01-22 00:50:15
1f8f6714-42a7-45d5-86cd-a093c940b2c9,0,0,0,24,1,1769060834,2026-01-22 00:50:15
2a66ed0a-5e6d-4893-a1d1-876bb2bac4be,5,0,5,21,1,1769060834,2026-01-22 00:50:15
1817822909864556798,5,5,0,22,1,1769060832,2026-01-22 00:50:15
82c85f05-4722-48ae-9f64-0522012eb3c8,7,2,5,16,1,1769060833,2026-01-22 00:50:15
ff9581d3-3e1a-463a-bdab-d8150c468be2,6,2,4,26,1,1769060833,2026-01-22 00:50:15
66de5005-0aca-11e7-82f6-3863bb44ef7c,17,5,12,8,1,1769060832,2026-01-22 00:50:15
32cc1603-a4b5-4099-b7bf-681de451b04a,42,13,29,3,1,1769060833,2026-01-22 00:50:15
1794852638057746848,21,1,20,0,1,1769060832,2026-01-22 00:50:15
66dde103-0aca-11e7-82f6-3863bb44ef7c,38,34,4,0,1,1769060833,2026-01-22 00:50:15
6fab98b7-b06a-49d8-a4d1-087ffce0ebcf,0,0,0,17,1,1769060833,2026-01-22 00:50:15
66dbcd6c-0aca-11e7-82f6-3863bb44ef7c,30,20,10,2,1,1769060840,2026-01-22 00:50:15
66dba303-0aca-11e7-82f6-3863bb44ef7c,5,0,5,8,1,1769060839,2026-01-22 00:50:15
66dc8a3d-0aca-11e7-82f6-3863bb44ef7c,34,6,28,38,1,1769060840,2026-01-22 00:50:15
c00ef46d-fcde-48e2-afbd-0fb595fe3fa7,27,14,13,2,1,1769060838,2026-01-22 00:50:15
f523c481-ba41-44ba-96e1-0c431fbea558,6,3,3,19,1,1769060838,2026-01-22 00:50:15
4e9a1c3a-20e2-4fd5-b8de-fbf8d43e7bcc,7,0,7,13,1,1769060838,2026-01-22 00:50:15
f401cd5f-cb41-41f8-a857-4a4dfe778f94,17,9,8,7,1,1769060838,2026-01-22 00:50:15
2126622241630343402,11,7,4,7,1,1769060839,2026-01-22 00:50:15
038b7369-9c6e-4eb2-8569-f7461443302f,17,2,15,1,1,1769060839,2026-01-22 00:50:15
a45a712c-1e3d-4fee-bef8-adafafd80670,5,5,0,12,1,1769060843,2026-01-22 00:50:15
66de85d2-0aca-11e7-82f6-3863bb44ef7c,25,22,3,20,1,1769060843,2026-01-22 00:50:15
66dc0dab-0aca-11e7-82f6-3863bb44ef7c,25,19,6,90,1,1769060844,2026-01-22 00:50:15
1848241684520917882,11,0,11,3,1,1769060844,2026-01-22 00:50:15
1859438049977968878,23,9,14,5,1,1769060844,2026-01-22 00:50:15
1814907423052790164,21,2,19,0,1,1769060841,2026-01-22 00:50:15
912813fc-fde4-4430-8443-a4fa21477e7f,2,2,0,20,1,1769060841,2026-01-22 00:50:15
1960019951675478680,10,6,4,19,1,1769060842,2026-01-22 00:50:15
1854538387432581604,19,2,17,0,1,1769060842,2026-01-22 00:50:15
1799624430022654108,5,2,3,15,1,1769060842,2026-01-22 00:50:15
66dc7773-0aca-11e7-82f6-3863bb44ef7c,23,14,9,20,1,1769060842,2026-01-22 00:50:15
bc9c9006-3d40-400d-8b5c-17f56e6dfcee,1,0,1,25,1,1769060843,2026-01-22 00:50:15
1929504694747056164,3,2,1,35,1,1769060843,2026-01-22 00:50:15
ebae0b66-e463-4ded-9b7a-43c0aca9b37a,13,4,9,6,1,1769060843,2026-01-22 00:50:15
d11b9869-8964-4b79-aafc-4b60ad1b44c4,12,8,4,10,1,1769060842,2026-01-22 00:50:15
00967b8f-1a4d-4131-a65a-17fa8ca89e28,8,4,4,10,1,1769060843,2026-01-22 00:50:15
180b83a0-329c-4069-87be-df862cb1baed,22,19,3,1,1,1769060840,2026-01-22 00:50:15
56b3ca32-104a-4920-a879-a97a820858c4,14,3,11,10,1,1769060840,2026-01-22 00:50:15
1b00fb53-da32-4b14-9a9a-84a391c8951c,15,15,0,12,1,1769060841,2026-01-22 00:50:15
7a6fc75f-a605-4dd6-b567-b2bbbfb862f3,13,13,0,4,1,1769060778,2026-01-22 00:50:15
c190f78c-77ad-469e-aecc-e2af7bb6d92a,21,3,18,0,1,1769060779,2026-01-22 00:50:15
4568f854-1268-45cf-bac8-82286ef40ae6,10,0,10,9,1,1769060778,2026-01-22 00:50:15
66dd5407-0aca-11e7-82f6-3863bb44ef7c,14,8,6,63,1,1769060778,2026-01-22 00:50:15
a4d041fd-c5fa-4f52-800c-25d7a661a875,4,3,1,16,1,1769060779,2026-01-22 00:50:15
66dc3ab9-0aca-11e7-82f6-3863bb44ef7c,31,27,4,31,1,1769060779,2026-01-22 00:50:15
ca843847-923a-40b7-80ca-c1c3fff6e818,0,0,0,18,1,1769060779,2026-01-22 00:50:15
1875415144760576328,16,16,0,5,1,1769060778,2026-01-22 00:50:15
6542d952-ca19-410e-9290-ee6b7a6e14cf,1,1,0,19,1,1769060778,2026-01-22 00:50:15
66de1fe7-0aca-11e7-82f6-3863bb44ef7c,21,14,7,3,1,1769060778,2026-01-22 00:50:15
66de13dc-0aca-11e7-82f6-3863bb44ef7c,0,0,0,0,0,1769060778,2026-01-22 00:50:15
62b97c1e-9d06-4c5e-b9c3-d76099e37fe4,3,3,0,22,1,1769060777,2026-01-22 00:50:15
d80c274e-d17d-4a00-9b76-274c9fe4d0e1,13,8,5,22,1,1769060779,2026-01-22 00:50:15
66db76a1-0aca-11e7-82f6-3863bb44ef7c,33,22,11,58,1,1769060780,2026-01-22 00:50:15
2124036103510616644,4,0,4,6,1,1769060780,2026-01-22 00:50:15
c2bb1874-bcb7-47c5-aa7d-05423b9087e8,8,3,5,11,1,1769060781,2026-01-22 00:50:15
2637fed8-1e2a-460b-83eb-3eb32ace0f4e,16,15,1,32,1,1769060780,2026-01-22 00:50:15
abc1311e-e000-4211-af9e-0cf92242711e,2,2,0,20,1,1769060784,2026-01-22 00:50:15
66dbe68e-0aca-11e7-82f6-3863bb44ef7c,42,32,10,15,1,1769060784,2026-01-22 00:50:15
525535e3-dde3-47b4-9c2e-0174eaa4f2bb,19,7,12,2,1,1769060783,2026-01-22 00:50:15
c606bae0-889c-47c3-8202-9463ef147655,12,1,11,11,1,1769060783,2026-01-22 00:50:15
c80c55c4-d623-42d7-8acf-6bfa68a84ecb,2,1,1,16,1,1769060784,2026-01-22 00:50:15
7938263e-e5b8-4ca7-b8bf-1adbaae5fead,16,6,10,10,1,1769060784,2026-01-22 00:50:15
66dced76-0aca-11e7-82f6-3863bb44ef7c,2,1,1,23,1,1769060781,2026-01-22 00:50:15
1888015107269225164,34,29,5,9,1,1769060781,2026-01-22 00:50:15
26217b73-7bb5-46e6-8094-1db05becd617,5,0,5,21,1,1769060849,2026-01-22 00:50:15
1846085734612252774,3,1,2,19,1,1769060849,2026-01-22 00:50:15
2124037125711300644,20,14,6,3,1,1769060849,2026-01-22 00:50:15
b4f990dd-36bb-46b3-9eea-4b980bd43c2d,0,0,0,21,1,1769060849,2026-01-22 00:50:15
c602146e-d69d-43b6-9e8f-054c4df5377e,11,0,11,7,1,1769060846,2026-01-22 00:50:15
66de12ff-0aca-11e7-82f6-3863bb44ef7c,13,12,1,6,1,1769060847,2026-01-22 00:50:15
66dce9b5-0aca-11e7-82f6-3863bb44ef7c,6,1,5,26,1,1769060849,2026-01-22 00:50:15
c638ec67-9ac0-416f-944f-619926144931,57,57,0,63,1,1769060848,2026-01-22 00:50:15
66ddb66e-0aca-11e7-82f6-3863bb44ef7c,11,6,5,16,1,1769060845,2026-01-22 00:50:15
98ebf9c6-1d94-4e21-9007-c623875fdb5e,14,0,14,3,1,1769060846,2026-01-22 00:50:15
1860188747953293684,7,1,6,9,1,1769060844,2026-01-22 00:50:15
a3d72b5b-9587-4f33-9722-c01e20a9b358,5,4,1,23,1,1769060845,2026-01-22 00:50:15
bacfe3c2-7946-45ed-91f9-f5b91791de75,12,2,10,16,1,1769060845,2026-01-22 00:50:15
1927314940904608224,12,4,8,12,1,1769060845,2026-01-22 00:50:15
37a37e5b-f975-4f92-a897-dca8e4670631,14,8,6,3,1,1769060846,2026-01-22 00:50:15
44fa161f-eb62-459b-b53e-da83788cfa2a,9,5,4,18,1,1769060851,2026-01-22 00:50:15
1864605386632012480,2,0,2,16,1,1769060851,2026-01-22 00:50:15
563389a0-d90f-4155-9c50-528459df26aa,0,0,0,25,1,1769060851,2026-01-22 00:50:15
ceb179f3-89c3-4c3e-8a0a-3415406a9463,11,11,0,12,1,1769060851,2026-01-22 00:50:15
eb07bdfc-3a6f-40eb-96d2-0b92ac371619,8,5,3,10,1,1769060852,2026-01-22 00:50:15
66dc80b4-0aca-11e7-82f6-3863bb44ef7c,2,1,1,56,1,1769060852,2026-01-22 00:50:15
2124035976827702128,6,6,0,8,1,1769060853,2026-01-22 00:50:15
66dcc37f-0aca-11e7-82f6-3863bb44ef7c,9,6,3,13,1,1769060853,2026-01-22 00:50:15
66dc2c78-0aca-11e7-82f6-3863bb44ef7c,0,0,0,83,1,1769060852,2026-01-22 00:50:15
1876800925490112950,7,2,5,9,1,1769060853,2026-01-22 00:50:15
66de0a78-0aca-11e7-82f6-3863bb44ef7c,19,2,17,0,1,1769060854,2026-01-22 00:50:15
66dea7b5-0aca-11e7-82f6-3863bb44ef7c,4,2,2,36,1,1769060854,2026-01-22 00:50:15
75352ab4-8a31-4926-8b59-048a9e506452,15,5,10,1,1,1769060854,2026-01-22 00:50:15
1828966626550010820,16,1,15,0,1,1769060850,2026-01-22 00:50:15
66dce8db-0aca-11e7-82f6-3863bb44ef7c,26,11,15,15,1,1769060850,2026-01-22 00:50:15
f62526d4-9c6a-4c76-be76-c64b5be669d2,2,2,0,19,1,1769060850,2026-01-22 00:50:15
cc5f0e68-dd5f-4db1-81c7-04a4d6674fba,15,0,15,2,1,1769060850,2026-01-22 00:50:15
66de1ea2-0aca-11e7-82f6-3863bb44ef7c,9,4,5,10,1,1769060851,2026-01-22 00:50:15
595cf79f-7783-4373-b3d5-775bcf76033b,1,1,0,16,1,1769060847,2026-01-22 00:50:15
66db408f-0aca-11e7-82f6-3863bb44ef7c,35,4,31,1,1,1769060847,2026-01-22 00:50:15
ff745407-c087-4c0d-a965-98baf078f292,14,13,1,7,1,1769060859,2026-01-22 00:50:15
3d68a3fd-91da-49e8-9cd5-69b333863789,15,4,11,2,1,1769060860,2026-01-22 00:50:15
1840504138040045682,8,2,6,12,1,1769060860,2026-01-22 00:50:15
1817432434869846072,9,1,8,11,1,1769060860,2026-01-22 00:50:15
1862788202397235246,16,4,12,4,1,1769060860,2026-01-22 00:50:15
1880643645302280466,23,20,3,7,1,1769060860,2026-01-22 00:50:15
c7604869-5b55-40cf-812e-fc97901bdf14,41,10,31,0,1,1769060861,2026-01-22 00:50:15
e85c3165-ad0a-44a3-9683-d8cf7575f465,20,5,15,7,1,1769060861,2026-01-22 00:50:15
29a41b09-698f-43e2-82ff-f94f73e74841,16,0,16,2,1,1769060862,2026-01-22 00:50:15
a2cf5872-bd4c-4311-832e-d62fd779ecc3,5,3,2,16,1,1769060863,2026-01-22 00:50:15
1846085439406916338,2,2,0,21,1,1769060863,2026-01-22 00:50:15
765ee572-6c7a-4ed3-a2d4-f1496ea53996,23,1,22,0,1,1769060864,2026-01-22 00:50:15
1840540852548303628,0,0,0,16,1,1769060861,2026-01-22 00:50:15
66dcbac5-0aca-11e7-82f6-3863bb44ef7c,12,2,10,6,1,1769060862,2026-01-22 00:50:15
66db9e99-0aca-11e7-82f6-3863bb44ef7c,10,8,2,8,1,1769060864,2026-01-22 00:50:15
2126224996973581072,12,10,2,1,1,1769060864,2026-01-22 00:50:15
83a5d761-57d0-4cd6-aa2b-7eb350120d99,11,6,5,8,1,1769060864,2026-01-22 00:50:15
e152a2e1-c510-404e-a100-24246bb6cc95,5,2,3,11,1,1769060861,2026-01-22 00:50:15
b4b5824b-3c23-44b7-92a3-cec6a54583a0,8,0,8,9,1,1769060865,2026-01-22 00:50:15
66de6346-0aca-11e7-82f6-3863bb44ef7c,25,16,9,8,1,1769060865,2026-01-22 00:50:15
7f402242-dc1b-4a48-ba21-58c4fa7216b4,17,5,12,0,1,1769060857,2026-01-22 00:50:15
eb217a2c-1dd0-4690-a34e-ecc1a708f883,2,0,2,17,1,1769060857,2026-01-22 00:50:15
c8c39d85-4ce7-46c5-b709-998067200780,1,1,0,21,1,1769060858,2026-01-22 00:50:15
66dd24ca-0aca-11e7-82f6-3863bb44ef7c,39,26,13,5,1,1769060856,2026-01-22 00:50:15
f8c242cd-da59-4f0e-afd6-832bbdd7d328,15,4,11,4,1,1769060856,2026-01-22 00:50:15
1804892772559499512,29,8,21,2,1,1769060857,2026-01-22 00:50:15
8d650b03-920d-4d44-a48f-8d9a1a0ba264,16,6,10,3,1,1769060857,2026-01-22 00:50:15
7dda8844-60ba-4449-b05c-54c1d14ab5fb,64,47,17,4,1,1769060857,2026-01-22 00:50:15
1822663031356509142,14,3,11,5,1,1769060857,2026-01-22 00:50:15
66dde630-0aca-11e7-82f6-3863bb44ef7c,45,3,42,23,1,1769060854,2026-01-22 00:50:15
2126623007192357636,6,0,6,4,1,1769060819,2026-01-22 00:50:15
66dd01c5-0aca-11e7-82f6-3863bb44ef7c,1,0,1,22,1,1769060854,2026-01-22 00:50:15
66dd9fa6-0aca-11e7-82f6-3863bb44ef7c,14,13,1,45,1,1769060855,2026-01-22 00:50:15
53ef19c6-eaa7-47f7-807e-f51b574b1be0,11,0,11,1,1,1769060855,2026-01-22 00:50:15
4efda436-cd19-4ec3-acc7-1a622f723264,8,6,2,10,1,1769060859,2026-01-22 00:50:15
66dc8db1-0aca-11e7-82f6-3863bb44ef7c,45,1,44,7,1,1769060859,2026-01-22 00:50:15
1869753654337059182,14,10,4,5,1,1769060859,2026-01-22 00:50:15
d979131e-0b9f-4aa2-88c5-46d4ff94abc8,10,5,5,8,1,1769060856,2026-01-22 00:50:15
1786698974100683436,5,0,5,45,1,1769060855,2026-01-22 00:50:15
09dfc0e3-a448-477c-bb3c-9467dc51ef8d,55,29,26,17,1,1769060856,2026-01-22 00:50:15
1786700154621508184,9,3,6,19,1,1769060856,2026-01-22 00:50:15
66dc0f8a-0aca-11e7-82f6-3863bb44ef7c,30,11,19,24,1,1769060858,2026-01-22 00:50:15
66dc7f02-0aca-11e7-82f6-3863bb44ef7c,100,87,13,7,1,1769060859,2026-01-22 00:50:15
dd482585-3028-453f-a98d-55019db9b26c,35,0,35,3,1,1769060859,2026-01-22 00:50:15
16e70b05-5b73-4930-9dcf-f79e5ce9eaf5,23,2,21,0,1,1769060881,2026-01-22 00:50:15
f5393bc2-36d4-4508-bf51-fa48d121f751,25,21,4,1,1,1769060881,2026-01-22 00:50:15
66dd46a2-0aca-11e7-82f6-3863bb44ef7c,25,13,12,21,1,1769060881,2026-01-22 00:50:15
517409d3-a94a-4140-a6de-ff0de9221ed2,2,1,1,18,1,1769060881,2026-01-22 00:50:15
493850bd-125b-49f5-932b-bf999504fb06,6,4,2,12,1,1769060881,2026-01-22 00:50:15
fbaffdbd-dab5-4127-9bd5-36bf58093ea8,9,6,3,14,1,1769060882,2026-01-22 00:50:15
5a24acbb-94ef-4cb5-9db8-f6073ac26a2b,4,3,1,15,1,1769060882,2026-01-22 00:50:15
66de4959-0aca-11e7-82f6-3863bb44ef7c,19,8,11,4,1,1769060879,2026-01-22 00:50:15
66de2274-0aca-11e7-82f6-3863bb44ef7c,15,9,6,7,1,1769060879,2026-01-22 00:50:15
0630217a-3913-47d9-9540-cf85688296a5,6,2,4,11,1,1769060879,2026-01-22 00:50:15
1960020234227886806,1,1,0,49,1,1769060879,2026-01-22 00:50:15
2c8b263e-952c-4941-a671-ef0ebb062632,17,2,15,3,1,1769060878,2026-01-22 00:50:15
1795146692060860976,19,7,12,3,1,1769060878,2026-01-22 00:50:15
372c592e-09d8-400c-9595-2aa3510f39b0,4,2,2,18,1,1769060878,2026-01-22 00:50:15
0fde06c2-632c-46a9-8866-f4e855604f74,20,17,3,44,1,1769060878,2026-01-22 00:50:15
7d5fa1f0-4069-4d5d-b735-5d500597394a,42,27,15,8,1,1769060878,2026-01-22 00:50:15
1831178352265562334,12,3,9,15,1,1769060878,2026-01-22 00:50:15
66de25bd-0aca-11e7-82f6-3863bb44ef7c,71,0,71,6,1,1769060880,2026-01-22 00:50:15
3e1bdcec-e762-4e83-b447-007f05923cce,10,10,0,12,1,1769060880,2026-01-22 00:50:15
bf880f45-422c-4e0b-b3b0-2b1f5ba94da4,5,3,2,13,1,1769060880,2026-01-22 00:50:15
66de205d-0aca-11e7-82f6-3863bb44ef7c,2,1,1,22,1,1769060880,2026-01-22 00:50:15
1898751402035634700,10,2,8,5,1,1769060877,2026-01-22 00:50:15
8a89684b-40a5-49fe-b75d-fdf32ffa8102,16,3,13,3,1,1769060877,2026-01-22 00:50:15
f9ed9a6b-097e-48b9-a9d1-79d084dcd2d9,3,1,2,12,1,1769060876,2026-01-22 00:50:15
191d5d54-de64-4312-99c7-eee141efa4ef,5,4,1,18,1,1769060877,2026-01-22 00:50:15
1828965172312150882,15,3,12,6,1,1769060877,2026-01-22 00:50:15
1786698321265653818,12,8,4,23,1,1769060876,2026-01-22 00:50:15
5145ad1c-241f-4448-a742-739bd5c518c2,9,3,6,9,1,1769060881,2026-01-22 00:50:15
8caf71df-76c3-43fb-be98-d555d2291460,0,0,0,26,1,1769060868,2026-01-22 00:50:15
1835618878584115330,22,4,18,0,1,1769060868,2026-01-22 00:50:15
0fa27bd7-b182-4e7a-b5bb-90f4249cb368,18,7,11,4,1,1769060869,2026-01-22 00:50:15
481624f3-9377-4dfd-a5dd-de05a7fef760,5,1,4,14,1,1769060869,2026-01-22 00:50:15
1786697771181570266,16,1,15,23,1,1769060869,2026-01-22 00:50:15
66dd17a5-0aca-11e7-82f6-3863bb44ef7c,21,3,18,28,1,1769060869,2026-01-22 00:50:15
1835250442210857240,19,1,18,0,1,1769060865,2026-01-22 00:50:15
1950648049868542106,11,7,4,15,1,1769060865,2026-01-22 00:50:15
bc5235a5-7f10-4a27-806e-9c25fa700959,16,1,15,24,1,1769060865,2026-01-22 00:50:15
bbc3c1df-f7db-4f54-8d5c-b8f4269ecb48,19,14,5,0,1,1769060865,2026-01-22 00:50:15
1871698348432996504,9,2,7,12,1,1769060866,2026-01-22 00:50:15
f833d403-2cf5-424a-a3b3-0314a44b4a67,23,14,9,8,1,1769060870,2026-01-22 00:50:15
66ddec3e-0aca-11e7-82f6-3863bb44ef7c,7,7,0,14,1,1769060870,2026-01-22 00:50:15
66dd4ec7-0aca-11e7-82f6-3863bb44ef7c,28,11,17,45,1,1769060870,2026-01-22 00:50:15
1851674198082642572,20,0,20,0,1,1769060870,2026-01-22 00:50:15
2124426307973079924,4,0,4,6,1,1769060870,2026-01-22 00:50:15
66dbec40-0aca-11e7-82f6-3863bb44ef7c,26,19,8,25,1,1769060869,2026-01-22 00:50:15
66de2707-0aca-11e7-82f6-3863bb44ef7c,18,12,6,27,1,1769060869,2026-01-22 00:50:15
640a9a95-194f-42f5-8d88-1df67129f388,8,0,8,6,1,1769060867,2026-01-22 00:50:15
d5cabb43-6c78-4022-964e-a8b02470509e,17,5,12,6,1,1769060867,2026-01-22 00:50:15
1814548067447122618,31,19,12,0,1,1769060866,2026-01-22 00:50:15
1934749166596673908,11,1,10,35,1,1769060866,2026-01-22 00:50:15
66dc3e89-0aca-11e7-82f6-3863bb44ef7c,28,16,12,35,1,1769060867,2026-01-22 00:50:15
3f05490b-a3d8-4d15-bd25-0212555b5dff,18,2,16,1,1,1769060866,2026-01-22 00:50:15
1815968237323833702,18,2,16,3,1,1769060867,2026-01-22 00:50:15
645e4365-653f-48ce-bc15-5fcc287be56f,35,19,16,33,1,1769060872,2026-01-22 00:50:15
66db93a1-0aca-11e7-82f6-3863bb44ef7c,20,14,6,15,1,1769060873,2026-01-22 00:50:15
475c44e1-31e3-4c60-b071-af2ca3f7618c,9,6,3,11,1,1769060873,2026-01-22 00:50:15
18415ea7-efce-408d-bcb9-4693fb088dda,32,25,7,1,1,1769060873,2026-01-22 00:50:15
1862008701134683118,6,1,5,17,1,1769060873,2026-01-22 00:50:15
ef6216aa-d3c8-46bb-8c6b-b62f8ba51b16,11,5,6,11,1,1769060873,2026-01-22 00:50:15
754ac5df-f2b5-4636-8c58-ed84ea262bde,0,0,0,20,1,1769060873,2026-01-22 00:50:15
6476c5fd-611e-436c-9736-e0f43bb7774e,16,2,14,1,1,1769060873,2026-01-22 00:50:15
26b3a82b-3487-44c2-85f1-eddb5a8a3a9d,18,3,15,5,1,1769060873,2026-01-22 00:50:15
cb05443c-e68e-48f7-8d17-35353fa19d4d,4,0,4,49,1,1769060874,2026-01-22 00:50:15
ba33c334-e17d-4478-ae3c-9c2f4dbfbb51,5,1,4,11,1,1769060875,2026-01-22 00:50:15
2100948436010992354,8,7,1,6,1,1769060875,2026-01-22 00:50:15
66dc840f-0aca-11e7-82f6-3863bb44ef7c,9,4,5,47,1,1769060875,2026-01-22 00:50:15
1859088223746072684,7,0,7,11,1,1769060872,2026-01-22 00:50:15
6d766daf-9298-4059-a329-1818582d495f,18,16,2,0,1,1769060872,2026-01-22 00:50:15
0f45bcf6-7028-4584-a51e-4129847dbebc,36,24,12,2,1,1769060872,2026-01-22 00:50:15
ec42fb3a-af54-46aa-a8b3-b17d72ed4475,13,6,7,6,1,1769060872,2026-01-22 00:50:15
66de0cab-0aca-11e7-82f6-3863bb44ef7c,14,1,13,21,1,1769060871,2026-01-22 00:50:15
66db277a-0aca-11e7-82f6-3863bb44ef7c,17,8,9,8,1,1769060872,2026-01-22 00:50:15
943a1a27-1328-4823-8945-28d845280383,20,20,0,7,1,1769060872,2026-01-22 00:50:15
6b60bf55-3da4-439a-bde1-fc80be8623ba,1,1,0,21,1,1769060873,2026-01-22 00:50:15
18a2cbb6-91f2-4393-82fb-b40a8ba90f20,2,0,2,18,1,1769060874,2026-01-22 00:50:15
bcb08532-f0d5-4c0e-ad8a-4ddacc204791,3,3,0,14,1,1769060874,2026-01-22 00:50:15
1871698223344654662,5,1,4,20,1,1769060875,2026-01-22 00:50:15
dccaeeb5-c53a-4f48-80e6-05675b71a8c8,9,1,8,19,1,1769060870,2026-01-22 00:50:15
66dd1f44-0aca-11e7-82f6-3863bb44ef7c,5,4,1,20,1,1769060871,2026-01-22 00:50:15
1b038e21-e199-4c47-bef0-f4bcdc06b73b,36,32,4,6,1,1769060871,2026-01-22 00:50:15
8aad788d-c7eb-4fca-a426-c39f47741a6f,9,2,7,17,1,1769060871,2026-01-22 00:50:15
b371c432-b682-412f-9b85-8df84ce7a9f3,6,1,5,11,1,1769060871,2026-01-22 00:50:15
1828967979464708718,6,4,2,16,1,1769060872,2026-01-22 00:50:15
816e50eb-dc4b-47dc-b773-154e2020cb0d,2,1,1,17,1,1769060872,2026-01-22 00:50:15
64f0f28c-bedc-42d5-b107-ecdd48fc30cd,3,2,1,93,1,1769060872,2026-01-22 00:50:15
1975518133370609774,62,58,4,34,1,1769060876,2026-01-22 00:50:15
0ddb965d-95ef-4ce3-bde6-81a56ac1fbd2,3,2,1,27,1,1769060876,2026-01-22 00:50:15
55a4dc76-d839-4e06-9bf4-2f343391343c,3,1,2,16,1,1769060876,2026-01-22 00:50:15
6cd10426-b4e9-40e1-9b35-61f609190ac0,13,3,10,20,1,1769060876,2026-01-22 00:50:15
d45b62b9-7d6b-43b2-bf1e-2c898c55dfd2,9,6,3,8,1,1769060876,2026-01-22 00:50:15
1846086362824884662,20,0,20,0,1,1769060875,2026-01-22 00:50:15
3134c2d4-b090-4eb8-ab44-6f9622098f72,2,2,0,20,1,1769060876,2026-01-22 00:50:15
20ff5447-eac3-43b7-820f-f6fa3a2e12a8,15,3,12,4,1,1769060882,2026-01-22 00:50:15
2138075988152462096,15,1,14,2,1,1769060882,2026-01-22 00:50:15
99614ecb-2329-49fa-a13a-fa1ef2bb32d6,3,0,3,15,1,1769060882,2026-01-22 00:50:15
66dd3d7f-0aca-11e7-82f6-3863bb44ef7c,12,9,3,23,1,1769060883,2026-01-22 00:50:15
66de43a5-0aca-11e7-82f6-3863bb44ef7c,13,4,9,7,1,1769060883,2026-01-22 00:50:15
66de0861-0aca-11e7-82f6-3863bb44ef7c,23,21,2,3,1,1769060883,2026-01-22 00:50:15
42c3bb6e-0478-4e4a-af10-151f5f4dffb9,15,2,13,2,1,1769060886,2026-01-22 00:50:15
dad39e68-53f5-47c2-87e2-b1cc0e34f90f,13,6,7,7,1,1769060887,2026-01-22 00:50:15
ed279ef2-52ee-4ff2-9a52-edd8137ea034,11,6,5,15,1,1769060886,2026-01-22 00:50:15
5f63411c-91ce-4788-a567-d388cc812a15,1,0,1,30,1,1769060887,2026-01-22 00:50:15
1835246658344669972,2,1,1,17,1,1769060887,2026-01-22 00:50:15
b442a648-e9f4-4893-951a-64d258bc0e55,8,5,3,18,1,1769060887,2026-01-22 00:50:15
d265dbc7-ef55-4f5b-8a2b-f2015dc71fb8,15,4,11,9,1,1769060887,2026-01-22 00:50:15
66db3687-0aca-11e7-82f6-3863bb44ef7c,24,19,5,12,1,1769060885,2026-01-22 00:50:15
1854538962214948918,17,1,16,1,1,1769060884,2026-01-22 00:50:15
655ad2f2-6bcc-4eee-95a9-4f528c0b81cd,6,1,5,9,1,1769060884,2026-01-22 00:50:15
66db3053-0aca-11e7-82f6-3863bb44ef7c,56,41,15,13,1,1769060884,2026-01-22 00:50:15
59b747c1-fbfb-4a3d-9394-8d06834d7c98,18,10,9,1,1,1769060885,2026-01-22 00:50:15
d2b23c87-b7c3-48c2-a634-db4b76ecbcf7,4,0,4,15,1,1769060885,2026-01-22 00:50:15
66de677e-0aca-11e7-82f6-3863bb44ef7c,12,7,5,13,1,1769060885,2026-01-22 00:50:15
1814901062206225038,3,0,3,16,1,1769060885,2026-01-22 00:50:15
66db9c2e-0aca-11e7-82f6-3863bb44ef7c,12,5,7,29,1,1769060885,2026-01-22 00:50:15
78aabb95-6195-4aa7-ab0d-5748eeb26bd1,26,11,15,6,1,1769060885,2026-01-22 00:50:15
7f4753d7-8d58-48bd-a881-de5bff08b27d,3,0,3,22,1,1769060883,2026-01-22 00:50:15
d470e82e-d109-4e2e-b66a-f5e944cbfe97,19,6,13,0,1,1769060884,2026-01-22 00:50:15
66dbe571-0aca-11e7-82f6-3863bb44ef7c,50,35,15,9,1,1769060883,2026-01-22 00:50:15
1d3a8670-09b3-4127-b750-af5311e565f0,9,1,8,10,1,1769060884,2026-01-22 00:50:15
19d17911-1e4a-41fa-b62b-719aa0a6182e,26,15,11,11,1,1769060886,2026-01-22 00:50:15
5526b855-dc09-4159-a20a-99651861a481,6,5,1,16,1,1769060884,2026-01-22 00:50:15
66dbe96d-0aca-11e7-82f6-3863bb44ef7c,18,8,10,30,1,1769060886,2026-01-22 00:50:15
6969d756-33a6-4a0b-83d0-3db38bc382d1,25,0,25,4,1,1769060886,2026-01-22 00:50:15
576abdc1-986e-48b0-bde2-051a13d3ff59,5,3,2,14,1,1769060886,2026-01-22 00:50:15
545a32d3-b74c-4dc2-b82c-a6d185dd4666,4,4,0,17,1,1769060884,2026-01-22 00:50:15
1835246937517543544,20,5,15,0,1,1769060884,2026-01-22 00:50:15
292ad4f3-9fb0-44ec-9e61-613c711f73c1,9,5,4,8,1,1769060882,2026-01-22 00:50:15
bfe5e69d-89ff-48b3-bf20-80cbdfa443e0,38,13,25,13,1,1769060882,2026-01-22 00:50:15
b4a320d6-2611-4940-96ca-17fb297ec826,18,5,13,1,1,1769060890,2026-01-22 00:50:15
901ad0c4-383e-490a-8b54-0656ce2358d6,4,0,4,14,1,1769060890,2026-01-22 00:50:15
1851254468343716806,18,1,17,1,1,1769060890,2026-01-22 00:50:15
3eb10c63-ea4c-4161-b07d-a29034f7367a,6,1,5,12,1,1769060890,2026-01-22 00:50:15
77e31650-e86a-4b06-b2de-b92df2a7a7f5,27,8,19,3,1,1769060891,2026-01-22 00:50:15
26cae473-0e59-4af7-bad5-bb6fec85c8bc,20,20,0,1,1,1769060890,2026-01-22 00:50:15
66de2199-0aca-11e7-82f6-3863bb44ef7c,20,8,12,7,1,1769060890,2026-01-22 00:50:15
499e10ad-c008-461e-8cf7-20757218a9cc,2,1,1,21,1,1769060891,2026-01-22 00:50:15
1862002854876824190,5,1,4,14,1,1769060891,2026-01-22 00:50:15
66db447a-0aca-11e7-82f6-3863bb44ef7c,32,27,5,14,1,1769060891,2026-01-22 00:50:15
66dd1d0f-0aca-11e7-82f6-3863bb44ef7c,25,13,12,2,1,1769060891,2026-01-22 00:50:15
66dd056e-0aca-11e7-82f6-3863bb44ef7c,7,4,3,9,1,1769060891,2026-01-22 00:50:15
1848241791125254746,16,1,15,1,1,1769060893,2026-01-22 00:50:15
66dc3782-0aca-11e7-82f6-3863bb44ef7c,26,18,8,2,1,1769060893,2026-01-22 00:50:15
068b919c-f649-4091-8e12-ccf37191cad5,2,1,1,16,1,1769060893,2026-01-22 00:50:15
2124426077519611940,4,3,1,10,1,1769060893,2026-01-22 00:50:15
2124381939991318658,9,9,0,5,1,1769060894,2026-01-22 00:50:15
162d5859-b735-4ff7-9613-01b21f22c1cd,19,8,11,16,1,1769060888,2026-01-22 00:50:15
ffae66ec-7c16-436f-bd0a-eedf81d580e7,4,1,3,17,1,1769060888,2026-01-22 00:50:15
b35ba3c0-d3e8-4b1a-b63b-73a7bb518c9e,4,0,4,14,1,1769060889,2026-01-22 00:50:15
493e046c-5d62-4772-90c4-b6a9f4afcd39,9,5,4,8,1,1769060889,2026-01-22 00:50:15
66de19ab-0aca-11e7-82f6-3863bb44ef7c,8,7,1,21,1,1769060889,2026-01-22 00:50:15
66dd217d-0aca-11e7-82f6-3863bb44ef7c,25,24,1,0,1,1769060892,2026-01-22 00:50:15
06439006-11b6-44f0-8545-c9d39035f32a,69,65,4,0,1,1769060892,2026-01-22 00:50:15
1859808514684217788,2,1,1,19,1,1769060892,2026-01-22 00:50:15
b79c8433-9dd1-4d68-9156-7f2c2162bafe,14,12,2,13,1,1769060893,2026-01-22 00:50:15
66dd515d-0aca-11e7-82f6-3863bb44ef7c,12,9,3,12,1,1769060893,2026-01-22 00:50:15
b96507c5-7c90-499d-9c45-58f25d6f636a,6,6,0,13,1,1769060893,2026-01-22 00:50:15
c4e9905f-457b-4be0-a878-2aa53fa0b09b,21,2,19,0,1,1769060889,2026-01-22 00:50:15
1814907590556515014,14,4,10,7,1,1769060888,2026-01-22 00:50:15
12279d2b-29f6-4e02-a7f0-244970f7edd5,10,2,8,16,1,1769060889,2026-01-22 00:50:15
1849009654626746672,15,2,13,1,1,1769060890,2026-01-22 00:50:15
66dd4a52-0aca-11e7-82f6-3863bb44ef7c,11,8,3,19,1,1769060889,2026-01-22 00:50:15
2137775326353803668,13,3,10,0,1,1769060895,2026-01-22 00:50:15
33840944-aa92-4d91-9de8-d29e5cd0b2d9,25,2,23,3,1,1769060895,2026-01-22 00:50:15
66dbc37a-0aca-11e7-82f6-3863bb44ef7c,15,9,6,40,1,1769060895,2026-01-22 00:50:15
1965202298784063998,3,2,1,24,1,1769060894,2026-01-22 00:50:15
66880044-5411-4143-af39-eaa0a0fd0528,6,2,4,26,1,1769060895,2026-01-22 00:50:15
66de1516-0aca-11e7-82f6-3863bb44ef7c,9,0,9,23,1,1769060894,2026-01-22 00:50:15
0687075b-cf2d-4130-a859-fe841aafbd3f,22,6,16,1,1,1769060894,2026-01-22 00:50:15
807e9f5a-49b6-4b7e-847b-4a60cff330ed,2,1,1,15,1,1769060894,2026-01-22 00:50:15
2546c9b9-5b1a-4e9f-a9cc-f8b986b79748,19,9,10,2,1,1769060894,2026-01-22 00:50:15
e35c42c6-8b73-4528-b08d-c94b75624b40,16,6,10,5,1,1769060895,2026-01-22 00:50:15
66dc7ba2-0aca-11e7-82f6-3863bb44ef7c,22,15,7,7,1,1769060895,2026-01-22 00:50:15
66dd1d9c-0aca-11e7-82f6-3863bb44ef7c,20,11,9,6,1,1769060896,2026-01-22 00:50:15
cbf76774-1276-4cf8-9442-f00571f1451c,31,30,1,0,1,1769060896,2026-01-22 00:50:15
66dc1d80-0aca-11e7-82f6-3863bb44ef7c,33,23,10,4,1,1769060896,2026-01-22 00:50:15
d89dc10f-9be3-45a5-9c3c-06c04c963436,16,0,16,4,1,1769060895,2026-01-22 00:50:15
66dde4ef-0aca-11e7-82f6-3863bb44ef7c,15,14,1,7,1,1769060896,2026-01-22 00:50:15
1814906692908349788,9,0,9,11,1,1769060896,2026-01-22 00:50:15
1869753057823626206,10,2,8,16,1,1769060897,2026-01-22 00:50:15
66dbc420-0aca-11e7-82f6-3863bb44ef7c,30,26,4,21,1,1769060897,2026-01-22 00:50:15
1f088432-0460-421e-a1d9-36890fa5396d,9,6,3,9,1,1769060897,2026-01-22 00:50:15
66dd1c7f-0aca-11e7-82f6-3863bb44ef7c,20,11,10,27,1,1769060897,2026-01-22 00:50:15
59df3823-0369-4a10-8132-05df34a170af,22,3,19,20,1,1769060897,2026-01-22 00:50:15
47da6ab2-c841-4f2d-97ef-dd8d441c96b1,1,1,0,16,1,1769060898,2026-01-22 00:50:15
1815967442754883940,22,2,20,7,1,1769060898,2026-01-22 00:50:15
2171903221356328154,0,0,0,0,0,86400,2026-01-22 00:50:15
2171903733697659376,0,0,0,0,0,86400,2026-01-22 00:50:15
2171903845366809074,0,0,0,0,0,86400,2026-01-22 00:50:15
d67375ea-3f93-4996-b0dc-f542341f2e6a,0,0,0,0,0,86400,2026-01-22 00:50:15
a93cb1ec-fb37-4faf-a7e7-d1e5a9e9af95,0,0,0,0,0,86400,2026-01-22 00:50:15
ab5c5ee6-9c4e-4aaa-a14e-d236d3e01d9a,0,0,0,0,0,86400,2026-01-22 00:50:15
32c60668-a192-4d06-aa7c-6d6f7aed6b45,0,0,0,0,0,86400,2026-01-22 00:50:15
fd0e86e3-079d-40aa-8231-ec2cbdbd9e7f,0,0,0,0,0,86400,2026-01-22 00:50:15
66dccad8-0aca-11e7-82f6-3863bb44ef7c,0,0,0,0,0,86400,2026-01-22 00:50:15
d2024260-cc58-451b-9417-3a695f8a1b34,0,0,0,0,0,1767211364,2026-01-22 00:50:15
d7f55e1b-12db-49d1-9cd8-4fb464745841,14,0,14,16,1,1769060778,2026-01-22 00:50:15
1843486189591985058,3,0,3,19,1,1769060779,2026-01-22 00:50:15
22e38a04-e70d-4484-bbf3-f6e8c64fdbd4,3,3,0,18,1,1769060779,2026-01-22 00:50:15
18326827-dcae-47e0-8518-c4bb9e21eef6,26,0,26,4,1,1769060780,2026-01-22 00:50:15
ffef95fa-600b-4f08-b2ce-e8eb034ebfd8,22,21,1,10,1,1769060780,2026-01-22 00:50:15
1843486597735840252,15,2,13,7,1,1769060780,2026-01-22 00:50:15
5f7ac86c-1a98-4603-8749-4bb83ac84acd,18,18,0,34,1,1769060780,2026-01-22 00:50:15
79399e32-a6c6-4732-8ad4-9f9140a86b21,19,14,5,3,1,1769060784,2026-01-22 00:50:15
66de103b-0aca-11e7-82f6-3863bb44ef7c,9,1,8,11,1,1769060784,2026-01-22 00:50:15
1843486667668726558,18,0,18,3,1,1769060784,2026-01-22 00:50:15
330ee4e3-29cb-48e5-845f-a8ccf1aa2ce6,8,7,1,17,1,1769060784,2026-01-22 00:50:15
f882ccc8-45aa-426b-aef6-514fe1d3d9cc,12,2,10,17,1,1769060783,2026-01-22 00:50:15
66db269c-0aca-11e7-82f6-3863bb44ef7c,18,15,3,11,1,1769060783,2026-01-22 00:50:15
66dd18dd-0aca-11e7-82f6-3863bb44ef7c,20,6,14,7,1,1769060783,2026-01-22 00:50:15
1843486390605672640,8,3,5,17,1,1769060785,2026-01-22 00:50:15
1880643915885220532,0,0,0,30,1,1769060786,2026-01-22 00:50:15
1851674088959433552,5,1,4,16,1,1769060786,2026-01-22 00:50:15
35b8b636-18d3-4860-b0a9-39c0bce96a10,10,2,8,16,1,1769060781,2026-01-22 00:50:15
0cc38ba1-4625-4821-9a6f-e490525cbce2,3,3,0,16,1,1769060789,2026-01-22 00:50:15
50575cba-95ac-4134-9da1-3eec8253afc4,4,0,4,34,1,1769060788,2026-01-22 00:50:15
760ebaea-f7c7-45ad-aa3b-395d97adcf8f,11,5,6,10,1,1769060787,2026-01-22 00:50:15
2142879839954225698,13,10,3,6,1,1769060790,2026-01-22 00:50:15
189f573b-a2d0-40d2-af15-83c5015d93e2,6,6,0,17,1,1769060781,2026-01-22 00:50:15
f06c01c3-fd7f-443c-a0c7-fc9233d77f6a,1,1,0,20,1,1769060781,2026-01-22 00:50:15
66db3ba0-0aca-11e7-82f6-3863bb44ef7c,17,10,7,53,1,1769060780,2026-01-22 00:50:15
1813395029173762108,28,27,1,12,1,1769060783,2026-01-22 00:50:15
29223935-a682-411c-9f25-577bbb9804fc,18,0,18,2,1,1769060805,2026-01-22 00:50:15
1849008925260421550,15,1,14,5,1,1769060806,2026-01-22 00:50:15
2124037656159914878,4,2,2,8,1,1769060786,2026-01-22 00:50:15
66dea52b-0aca-11e7-82f6-3863bb44ef7c,0,0,0,18,1,1769060804,2026-01-22 00:50:15
1838685618105506490,1,1,0,17,1,1769060804,2026-01-22 00:50:15
3f031133-ec95-4a92-9d63-2ae28183f498,14,14,0,3,1,1769060805,2026-01-22 00:50:15
dadd2084-d844-46f5-b7a4-128d31eeba8e,0,0,0,18,1,1769060807,2026-01-22 00:50:15
7f3aa940-18ef-4900-89dc-cdb05f693f31,8,4,4,11,1,1769060807,2026-01-22 00:50:15
a90e9ad3-4347-4fa4-b031-9bf1f69ce049,3,3,0,15,1,1769060807,2026-01-22 00:50:15
1835247745828931742,3,3,0,16,1,1769060807,2026-01-22 00:50:15
1885718199416500650,8,1,7,15,1,1769060806,2026-01-22 00:50:15
e6c2a46e-431a-4101-af84-870f660ff4cb,5,5,0,62,1,1769060810,2026-01-22 00:50:15
1838071090619298218,18,12,6,11,1,1769060811,2026-01-22 00:50:15
bb07a569-cc74-439e-b424-916c0304f136,6,4,2,22,1,1769060811,2026-01-22 00:50:15
81640d04-c36a-4fb1-98b0-85be10be516c,9,0,9,11,1,1769060811,2026-01-22 00:50:15
1898455214498195676,2,1,1,17,1,1769060811,2026-01-22 00:50:15
b47e5ffd-4215-4476-a89b-ebe52111f763,33,1,32,4,1,1769060811,2026-01-22 00:50:15
1848241425697670086,31,8,23,5,1,1769060814,2026-01-22 00:50:15
2142879485385917038,19,11,8,11,1,1769060814,2026-01-22 00:50:15
ccaadb70-6c87-4ccc-9914-a3167bd1bc0e,7,3,4,23,1,1769060812,2026-01-22 00:50:15
d0b87aa7-7e19-40d2-8f7d-6a622e6ac391,11,8,3,11,1,1769060813,2026-01-22 00:50:15
c042a307-2d7d-4ee9-95b7-a7505a3428c2,1,1,0,33,1,1769060811,2026-01-22 00:50:15
1835249317786962140,2,2,0,24,1,1769060812,2026-01-22 00:50:15
8f672aa7-08a1-4fe2-a471-06f219c0eb1b,4,2,2,12,1,1769060813,2026-01-22 00:50:15
7a771842-c090-4da1-8c13-72b7f4f50a87,18,2,16,15,1,1769060815,2026-01-22 00:50:15
1838070626762830158,4,0,4,15,1,1769060815,2026-01-22 00:50:15
3bf69f3e-23f6-4abe-b5fe-dabe6b0ea066,9,9,0,14,1,1769060809,2026-01-22 00:50:15
1861683747231494964,2,1,1,14,1,1769060810,2026-01-22 00:50:15
0cde9bcd-0dcb-45dc-9c9a-3e5485b5452e,5,2,3,13,1,1769060810,2026-01-22 00:50:15
b7d7543b-74ac-4a48-a3c4-412f9ffbc727,7,0,7,17,1,1769060815,2026-01-22 00:50:15
1849009244468810224,16,3,13,2,1,1769060815,2026-01-22 00:50:15
2b33334b-243c-4a16-a6d2-32304c8884f1,5,5,0,15,1,1769060808,2026-01-22 00:50:15
ea9a19a6-acea-4286-a723-b5481c90a3c0,21,0,21,2,1,1769060833,2026-01-22 00:50:15
8d2eff37-be09-4b46-a95d-abff89e16d56,9,0,9,9,1,1769060833,2026-01-22 00:50:15
8456b63c-37c6-49a6-8c02-bb6dcfc35041,13,11,2,9,1,1769060833,2026-01-22 00:50:15
66db3708-0aca-11e7-82f6-3863bb44ef7c,25,9,16,13,1,1769060834,2026-01-22 00:50:15
52dd11f4-bbd0-49ab-912b-06fac40d275d,20,14,6,10,1,1769060833,2026-01-22 00:50:15
cc7b86cf-a2fb-4738-b967-de7b197dc930,3,2,1,36,1,1769060834,2026-01-22 00:50:15
5600446d-a00a-45e6-9dc3-550adfd63e39,1,1,0,17,1,1769060835,2026-01-22 00:50:15
66dc85bb-0aca-11e7-82f6-3863bb44ef7c,39,36,3,1,1,1769060836,2026-01-22 00:50:15
1877920686883352866,19,9,10,1,1,1769060831,2026-01-22 00:50:15
94624d6e-4150-4ab1-92ff-bf55cb58ab61,1,1,0,17,1,1769060832,2026-01-22 00:50:15
ebce9ecb-9678-4c42-89d7-08e54bc6fe90,1,1,0,17,1,1769060833,2026-01-22 00:50:15
0eacb768-c7d5-4499-9182-9a1331d9280c,28,0,28,1,1,1769060832,2026-01-22 00:50:15
66de1f7f-0aca-11e7-82f6-3863bb44ef7c,19,7,12,10,1,1769060837,2026-01-22 00:50:15
679dcf08-d88c-4d1b-b81d-fe9f4aabbff7,3,2,1,22,1,1769060837,2026-01-22 00:50:15
66de59bd-0aca-11e7-82f6-3863bb44ef7c,21,3,18,1,1,1769060837,2026-01-22 00:50:15
c0a2d591-4eed-488b-b88b-0b23990e3756,18,1,17,2,1,1769060837,2026-01-22 00:50:15
66dbcdfc-0aca-11e7-82f6-3863bb44ef7c,1,0,1,55,1,1769060837,2026-01-22 00:50:15
cf284d60-23e7-49ec-91dc-8bfedb59cb6a,17,1,16,2,1,1769060835,2026-01-22 00:50:15
989fdf95-cfb9-475c-ba0c-3152fd3a16e0,17,15,2,1,1,1769060835,2026-01-22 00:50:15
1a5eae13-8f27-4875-8330-a796c95f8ad6,2,1,1,14,1,1769060835,2026-01-22 00:50:15
514f3dda-4d08-464c-b2d4-5706d400065a,6,5,1,9,1,1769060833,2026-01-22 00:50:15
1876864480506022446,16,1,15,4,1,1769060878,2026-01-22 00:50:15
66dbcf18-0aca-11e7-82f6-3863bb44ef7c,68,20,48,4,1,1769060878,2026-01-22 00:50:15
92a51669-deec-45a9-8494-fafdf6356c51,5,2,3,26,1,1769060878,2026-01-22 00:50:15
66dd51e6-0aca-11e7-82f6-3863bb44ef7c,40,24,16,36,1,1769060879,2026-01-22 00:50:15
398aa734-3893-4dba-a704-57ae8632c4f9,10,8,2,11,1,1769060880,2026-01-22 00:50:15
1893519215751496610,27,0,27,1,1,1769060880,2026-01-22 00:50:15
ffaa8f6a-a4ea-4d3a-a57c-f42f77cd4581,0,0,0,23,1,1769060881,2026-01-22 00:50:15
9e014047-d675-418b-a03c-84d974a25134,3,3,0,27,1,1769060881,2026-01-22 00:50:15
bd30f2a1-38ec-474d-9e36-07f688e87427,11,4,7,4,1,1769060880,2026-01-22 00:50:15
e6f3c665-0c87-4f34-a5e8-69baeed7b7bf,5,0,5,15,1,1769060881,2026-01-22 00:50:15
0c923abb-298a-4a47-b132-9fae73cc59e6,9,6,3,31,1,1769060881,2026-01-22 00:50:15
2436e886-dc53-47cb-8733-d663f9dcd922,4,4,0,20,1,1769060880,2026-01-22 00:50:15
66dc48ef-0aca-11e7-82f6-3863bb44ef7c,26,25,1,39,1,1769060881,2026-01-22 00:50:15
1786697932047949952,4,2,2,18,1,1769060881,2026-01-22 00:50:15
66dcca0d-0aca-11e7-82f6-3863bb44ef7c,1,0,1,19,1,1769060877,2026-01-22 00:50:15
1860188069348460678,19,1,18,1,1,1769060877,2026-01-22 00:50:15
65a1b09d-560d-46bf-8f5d-7f59471a587e,7,4,3,14,1,1769060876,2026-01-22 00:50:15
2009671276352543716,15,11,5,2,1,1769060876,2026-01-22 00:50:15
f54ad1f8-fe58-49ac-82ae-b742aec66829,46,39,7,31,1,1769060876,2026-01-22 00:50:15
66de3fde-0aca-11e7-82f6-3863bb44ef7c,13,11,2,10,1,1769060880,2026-01-22 00:50:15
b64eb0a5-d6d4-4f45-8c9a-e2d004819c99,7,1,6,11,1,1769060878,2026-01-22 00:50:15
66db3f62-0aca-11e7-82f6-3863bb44ef7c,22,6,16,34,1,1769060879,2026-01-22 00:50:15
d946ce73-5487-4ab7-b429-cf873e9af5b5,11,2,9,8,1,1769060882,2026-01-22 00:50:15
a6a132f9-89bf-42a4-afe6-1ca449b7f570,3,1,2,15,1,1769060881,2026-01-22 00:50:15
55146e49-9bc4-4f13-bdf7-25422342b638,0,0,0,17,1,1769060882,2026-01-22 00:50:15
fb180cce-96ee-4e66-b3ce-000f3db6e670,2,1,1,27,1,1769060881,2026-01-22 00:50:15
bb6bba3f-19a0-4ebb-a454-4ac678d9d62d,9,9,0,11,1,1769060876,2026-01-22 00:50:15
66ddb6d9-0aca-11e7-82f6-3863bb44ef7c,57,24,33,10,1,1769060877,2026-01-22 00:50:15
66de269c-0aca-11e7-82f6-3863bb44ef7c,14,9,5,18,1,1769060882,2026-01-22 00:50:15
d8e02e7b-632b-4fbe-95b9-80efa47473e3,0,0,0,21,1,1769060882,2026-01-22 00:50:15
d08be53f-9691-4d6f-81f3-7d052abb7dd6,6,2,4,11,1,1769060882,2026-01-22 00:50:15
1786696564295760054,13,9,4,13,1,1769060882,2026-01-22 00:50:15
1a083890-e22b-4f81-8d98-567784034916,22,4,18,2,1,1769060882,2026-01-22 00:50:15
1854538793462575652,11,3,8,6,1,1769060883,2026-01-22 00:50:15
1945126257666675246,13,10,3,8,1,1769060883,2026-01-22 00:50:15
f3b359e2-7983-4aaf-b6b0-e3b7d30816a4,17,2,15,1,1,1769060883,2026-01-22 00:50:15
ecbfcdb7-fffc-4d45-bed2-1510fd45834d,10,1,9,8,1,1769060884,2026-01-22 00:50:15
1814906873296976512,6,2,4,14,1,1769060882,2026-01-22 00:50:15
06f0d251-e1e3-435c-8c5f-9b991a14ca4a,3,2,1,22,1,1769060882,2026-01-22 00:50:15
1817431953833509324,14,10,4,7,1,1769060883,2026-01-22 00:50:15
fea72f55-d296-47af-9446-149688dcccbd,0,0,0,15,1,1769060885,2026-01-22 00:50:15
1862759079900600428,3,2,1,15,1,1769060886,2026-01-22 00:50:15
2127386600787000162,1,1,0,24,1,1769060886,2026-01-22 00:50:15
6ca15d94-897a-4c81-ab47-366829afb7c4,9,9,0,14,1,1769060886,2026-01-22 00:50:15
15e1568b-f502-47a2-9d3d-b5aaa1edc239,5,2,3,16,1,1769060887,2026-01-22 00:50:15
2123939659270367896,9,4,5,7,1,1769060887,2026-01-22 00:50:15
8e631be4-1e0c-4627-a261-18f0003d0ba2,16,16,0,25,1,1769060887,2026-01-22 00:50:15
66db65aa-0aca-11e7-82f6-3863bb44ef7c,41,13,28,57,1,1769060887,2026-01-22 00:50:15
55ccb271-7035-422e-bee1-20e84caa0217,44,13,31,3,1,1769060887,2026-01-22 00:50:15
66dcbf69-0aca-11e7-82f6-3863bb44ef7c,9,7,2,9,1,1769060887,2026-01-22 00:50:15
1820420224296772166,10,3,7,10,1,1769060887,2026-01-22 00:50:15
94771406-6712-4508-9392-11e9d90e1185,16,11,5,1,1,1769060884,2026-01-22 00:50:15
66dc741f-0aca-11e7-82f6-3863bb44ef7c,26,19,7,38,1,1769060885,2026-01-22 00:50:15
8a13182a-4823-4fe7-afcd-a4ef0b134ed9,7,5,2,12,1,1769060888,2026-01-22 00:50:15
1817432954560889524,6,0,6,13,1,1769060888,2026-01-22 00:50:15
66dc481a-0aca-11e7-82f6-3863bb44ef7c,68,33,35,2,1,1769060889,2026-01-22 00:50:15
66de542a-0aca-11e7-82f6-3863bb44ef7c,35,0,35,7,1,1769060889,2026-01-22 00:50:15
1835247469495105628,3,0,3,18,1,1769060888,2026-01-22 00:50:15
66dd3fc3-0aca-11e7-82f6-3863bb44ef7c,13,3,9,26,1,1769060888,2026-01-22 00:50:15
6908ae75-b9a1-4f20-b192-95dc43e858a8,9,4,5,7,1,1769060889,2026-01-22 00:50:15
bdcbd89b-9ae0-461b-aa1d-7db7ead07400,22,4,18,4,1,1769060889,2026-01-22 00:50:15
1815968422007427668,7,1,6,12,1,1769060892,2026-01-22 00:50:15
2868db5b-df51-4c36-8515-ef77a5b092c2,16,0,16,2,1,1769060892,2026-01-22 00:50:15
66dc9068-0aca-11e7-82f6-3863bb44ef7c,21,6,15,49,1,1769060892,2026-01-22 00:50:15
0197e9da-ae03-40a7-8270-fe500bfc9e18,3,3,0,17,1,1769060891,2026-01-22 00:50:15
66dc1d0c-0aca-11e7-82f6-3863bb44ef7c,1,0,1,24,1,1769060891,2026-01-22 00:50:15
66dc22a7-0aca-11e7-82f6-3863bb44ef7c,18,5,13,25,1,1769060892,2026-01-22 00:50:15
bb0ce308-e5d9-48c7-9f4b-cf0120f2c39a,0,0,0,23,1,1769060891,2026-01-22 00:50:15
66db6da2-0aca-11e7-82f6-3863bb44ef7c,47,34,13,4,1,1769060891,2026-01-22 00:50:15
33c533cd-5f0e-4c15-a00a-6a2bf1e2d077,17,17,0,44,1,1769060890,2026-01-22 00:50:15
1841926579628419438,0,0,0,17,1,1769060891,2026-01-22 00:50:15
2121033322026834516,11,1,10,2,1,1769060891,2026-01-22 00:50:15
1849009534951225816,3,0,3,13,1,1769060891,2026-01-22 00:50:15
b30815c0-99b6-451b-be15-902992cb8abb,41,39,2,14,1,1769060891,2026-01-22 00:50:15
e666a344-1afb-4512-b2e9-2fc5ed71be2b,2,0,2,19,1,1769060891,2026-01-22 00:50:15
2124425670552673214,3,2,1,10,1,1769060892,2026-01-22 00:50:15
4775fd25-2240-44d7-884a-d777d15a9b5e,7,6,1,13,1,1769060892,2026-01-22 00:50:15
66dc8bfd-0aca-11e7-82f6-3863bb44ef7c,28,14,14,21,1,1769060892,2026-01-22 00:50:15
66ddef96-0aca-11e7-82f6-3863bb44ef7c,26,6,20,17,1,1769060893,2026-01-22 00:50:15
bde94a25-6089-4490-af3a-8cc5702230b8,91,73,18,8,1,1769060890,2026-01-22 00:50:15
31f340f3-3201-449e-b017-a26813aa448f,1,1,0,17,1,1769060890,2026-01-22 00:50:15
db91c9e0-d80b-4cb4-9cc2-9453ec8fbeac,1,1,0,16,1,1769060794,2026-01-22 00:50:15
1820420022433309054,24,9,15,0,1,1769060794,2026-01-22 00:50:15
1848241963446241866,17,11,6,2,1,1769060794,2026-01-22 00:50:15
1880643497376459348,0,0,0,21,1,1769060794,2026-01-22 00:50:15
66dc90d5-0aca-11e7-82f6-3863bb44ef7c,33,28,5,0,1,1769060794,2026-01-22 00:50:15
66dc79e6-0aca-11e7-82f6-3863bb44ef7c,9,4,5,13,1,1769060794,2026-01-22 00:50:15
6ae35aa8-644e-4b2c-b6a4-6570192f78ab,18,4,14,11,1,1769060786,2026-01-22 00:50:15
1947001743402778700,5,0,5,18,1,1769060786,2026-01-22 00:50:15
16a4effc-282e-4053-b47b-31f734d50c08,17,2,15,5,1,1769060786,2026-01-22 00:50:15
1828965887815635862,2,1,1,19,1,1769060787,2026-01-22 00:50:15
7a15d81b-357e-42e0-b208-93ffd562fd63,1,0,1,24,1,1769060788,2026-01-22 00:50:15
66dd20eb-0aca-11e7-82f6-3863bb44ef7c,32,14,18,2,1,1769060788,2026-01-22 00:50:15
7f1b4c40-d9fa-4182-be0e-a993655cfb6f,21,13,8,0,1,1769060789,2026-01-22 00:50:15
4168e5a4-c7ec-4045-bfc8-84ac5edbe845,32,28,4,11,1,1769060789,2026-01-22 00:50:15
1828967346753327602,9,2,7,9,1,1769060798,2026-01-22 00:50:15
c45aa693-fedd-478f-ade9-bf176c4e32ff,6,5,1,13,1,1769060796,2026-01-22 00:50:15
01839a78-f228-4706-8f7f-147b857492f2,11,10,1,10,1,1769060792,2026-01-22 00:50:15
66dcf023-0aca-11e7-82f6-3863bb44ef7c,11,8,3,8,1,1769060793,2026-01-22 00:50:15
d9bc0b3e-1af8-4cb6-a082-8ef1245ef329,7,3,4,21,1,1769060791,2026-01-22 00:50:15
514afe43-84d4-4941-8281-75a93c5cd365,4,1,3,12,1,1769060792,2026-01-22 00:50:15
66dd266a-0aca-11e7-82f6-3863bb44ef7c,28,2,26,3,1,1769060792,2026-01-22 00:50:15
467e1de6-73a6-480f-9e83-fd1b03b71047,16,2,14,8,1,1769060792,2026-01-22 00:50:15
1975559886658995034,9,9,0,15,1,1769060792,2026-01-22 00:50:15
7f6674c4-5568-4766-b172-0385348ae184,1,0,1,19,1,1769060801,2026-01-22 00:50:15
94bcf812-5cff-460c-841f-54876ed1e7a4,2,1,1,16,1,1769060801,2026-01-22 00:50:15
48b19cc8-bf45-4602-89ac-a8c0a0560c43,18,7,11,1,1,1769060801,2026-01-22 00:50:15
9a37d8a1-990b-484c-9603-262dbd1165cc,5,1,4,13,1,1769060802,2026-01-22 00:50:15
1869753340438110380,6,1,5,12,1,1769060800,2026-01-22 00:50:15
40eaa69a-d3ab-48fc-b395-b5bdc6a1aa85,3,3,0,16,1,1769060801,2026-01-22 00:50:15
cd72b9da-b7c6-4785-92b5-0fb2130f0d7b,1,1,0,21,1,1769060798,2026-01-22 00:50:15
1814900752968579218,13,1,12,7,1,1769060798,2026-01-22 00:50:15
52e81f02-b1f9-45d6-9e5c-e15277de1268,9,4,5,14,1,1769060798,2026-01-22 00:50:15
7cb65297-c880-459a-b054-4e059576c02a,5,2,3,14,1,1769060799,2026-01-22 00:50:15
66dc24b8-0aca-11e7-82f6-3863bb44ef7c,44,4,40,24,1,1769060799,2026-01-22 00:50:15
8ef6ec7d-e898-4edc-8f3f-af888f8c5ef4,4,0,4,18,1,1769060799,2026-01-22 00:50:15
39f756c2-3904-463e-95a8-8d8e3540e845,62,27,35,2,1,1769060802,2026-01-22 00:50:15
2cd651e7-1e3a-4cd9-8fd1-a2416e032f6e,5,4,1,18,1,1769060803,2026-01-22 00:50:15
9ac5758f-0419-4e28-8387-6bcd28db17fa,9,0,9,8,1,1769060816,2026-01-22 00:50:15
66db5e6a-0aca-11e7-82f6-3863bb44ef7c,9,6,3,9,1,1769060817,2026-01-22 00:50:15
753591ba-36f7-4ded-ab7d-40df9994a05f,6,4,2,17,1,1769060820,2026-01-22 00:50:15
66db631c-0aca-11e7-82f6-3863bb44ef7c,63,49,14,12,1,1769060820,2026-01-22 00:50:15
c0a3b8fe-ba64-4cbb-b010-f760998d6c3a,14,14,0,5,1,1769060820,2026-01-22 00:50:15
e6b6c6e2-5fcb-47cd-8f2d-4324b7c977c8,0,0,0,20,1,1769060820,2026-01-22 00:50:15
1786375597504305174,32,0,32,11,1,1769060821,2026-01-22 00:50:15
be435dfd-e859-487c-ae32-3d2b76d49a49,11,0,11,7,1,1769060821,2026-01-22 00:50:15
1851254360969534132,6,5,1,18,1,1769060819,2026-01-22 00:50:15
b1e496f1-43cf-48d0-be49-ab0d760c00bf,2,2,0,25,1,1769060857,2026-01-22 00:50:15
2132211694027383298,16,9,7,0,1,1769060857,2026-01-22 00:50:15
dccab832-b4a2-4105-927d-b52ec0d92c92,17,5,12,2,1,1769060858,2026-01-22 00:50:15
e10a6e12-d98c-4625-940a-9f83d9b2f6c4,12,0,12,8,1,1769060859,2026-01-22 00:50:15
c7ffe3fa-9cd6-4d35-9060-7d5822381442,72,48,24,1,1,1769060860,2026-01-22 00:50:15
145bbc0d-8976-45ae-9565-158ba564d3d1,23,7,16,1,1,1769060860,2026-01-22 00:50:15
a1112e04-bc50-4782-b3d6-bb5902c0e8db,3,3,0,18,1,1769060860,2026-01-22 00:50:15
324af152-33ea-48a7-8bb0-ad8b6f31571f,39,6,33,6,1,1769060860,2026-01-22 00:50:15
66de110b-0aca-11e7-82f6-3863bb44ef7c,15,3,12,23,1,1769060861,2026-01-22 00:50:15
199ea9dd-8f7e-4e05-a730-55edaacd8787,8,2,6,48,1,1769060861,2026-01-22 00:50:15
85ba92ab-8d0a-4d17-9d07-0173e16d3b6d,2,0,2,17,1,1769060861,2026-01-22 00:50:15
5d994b32-b7a5-450d-9bbb-93bf3b03e6d5,1,1,0,16,1,1769060861,2026-01-22 00:50:15
87091002-cc25-452a-b5d9-f8d0c3fce422,2,1,1,21,1,1769060861,2026-01-22 00:50:15
852218fc-5e5b-4153-bc3f-03760b57e68a,5,0,5,16,1,1769060861,2026-01-22 00:50:15
66dde208-0aca-11e7-82f6-3863bb44ef7c,34,31,3,1,1,1769060861,2026-01-22 00:50:15
40914c6b-293d-49ac-b83a-d9d4af998aea,8,6,2,9,1,1769060861,2026-01-22 00:50:15
1856847127505992556,0,0,0,0,1,1769060861,2026-01-22 00:50:15
e1a3f2f9-618f-4727-b2d6-676e02aadf17,11,2,9,11,1,1769060862,2026-01-22 00:50:15
66dcf640-0aca-11e7-82f6-3863bb44ef7c,20,2,18,4,1,1769060858,2026-01-22 00:50:15
2121032708855884414,8,2,6,7,1,1769060858,2026-01-22 00:50:15
2018303498843153278,24,13,11,4,1,1769060862,2026-01-22 00:50:15
fac701fb-c433-496e-933b-ea137dbe7fe1,4,0,4,13,1,1769060862,2026-01-22 00:50:15
c56739c2-b310-4d73-ab0e-b6036abd9561,19,1,18,6,1,1769060862,2026-01-22 00:50:15
a37bd0e0-d1e9-4302-9ff7-286e415aff1c,16,7,9,1,1,1769060863,2026-01-22 00:50:15
1865017865553426604,9,1,8,9,1,1769060862,2026-01-22 00:50:15
1834145468418707676,14,0,14,4,1,1769060858,2026-01-22 00:50:15
c29c9178-bcb1-4c0c-b789-f4a89512a4e4,6,4,2,13,1,1769060857,2026-01-22 00:50:15
6651fc84-09d1-4cdb-a8d5-7d6345fb3466,14,1,13,3,1,1769060860,2026-01-22 00:50:15
f752c376-3a6f-4cd3-b9fd-3c049d45a9a6,2,0,2,15,1,1769060865,2026-01-22 00:50:15
2098359443836787630,23,23,0,47,1,1769060866,2026-01-22 00:50:15
1846085533896197012,21,2,19,0,1,1769060865,2026-01-22 00:50:15
64de0666-b9ab-404e-a16b-03e449bb5b4d,6,4,2,11,1,1769060866,2026-01-22 00:50:15
1945125910957847430,3,2,1,17,1,1769060866,2026-01-22 00:50:15
3ff00115-e8da-4326-97d3-7bf4fe4df7a5,10,2,8,10,1,1769060863,2026-01-22 00:50:15
54782566-697b-497e-a503-dc1f39963eb2,7,4,3,18,1,1769060863,2026-01-22 00:50:15
1786697166576476490,25,21,4,20,1,1769060863,2026-01-22 00:50:15
66de1368-0aca-11e7-82f6-3863bb44ef7c,26,9,17,9,1,1769060864,2026-01-22 00:50:15
46dca5c6-7bd3-4a4f-aa1e-33aa66652294,21,7,14,6,1,1769060864,2026-01-22 00:50:15
2e5cde21-f0a2-4396-899e-6df275e99212,4,4,0,16,1,1769060864,2026-01-22 00:50:15
66dbebad-0aca-11e7-82f6-3863bb44ef7c,32,24,8,18,1,1769060864,2026-01-22 00:50:15
a724eb92-55ca-4b9f-9a87-c2e87b3cbd40,1,1,0,19,1,1769060864,2026-01-22 00:50:15
66dc7de9-0aca-11e7-82f6-3863bb44ef7c,109,69,40,0,1,1769060868,2026-01-22 00:50:15
77b21502-a7a2-40b4-8f3e-f9c6c6ef0939,12,1,11,13,1,1769060869,2026-01-22 00:50:15
b7c6ce96-a24d-4c1e-93ee-6f49c1adf119,4,2,2,11,1,1769060869,2026-01-22 00:50:15
80969478-8dbc-42e1-8e16-ac0132a431c2,24,7,17,0,1,1769060867,2026-01-22 00:50:15
1934770108420609000,2,1,1,15,1,1769060868,2026-01-22 00:50:15
868586b3-ddc7-4b4b-9bed-a1e487033aaa,42,9,33,3,1,1769060868,2026-01-22 00:50:15
d52d4171-fd60-4a28-b7e2-89f3693e0591,14,4,10,1,1,1769060868,2026-01-22 00:50:15
1202a491-9f76-4609-9b5c-eb7723ab5b45,7,0,7,10,1,1769060868,2026-01-22 00:50:15
66dca682-0aca-11e7-82f6-3863bb44ef7c,45,32,13,18,1,1769060868,2026-01-22 00:50:15
774c5443-d463-42b3-bfc5-b0ab3c56fe35,8,8,0,23,1,1769060868,2026-01-22 00:50:15
1958457675193833900,15,5,10,7,1,1769060868,2026-01-22 00:50:15
1814907062275537820,19,5,14,9,1,1769060864,2026-01-22 00:50:15
2124426189188761638,14,13,1,0,1,1769060865,2026-01-22 00:50:15
1860188607062574024,2,1,1,16,1,1769060869,2026-01-22 00:50:15
e72f0aec-2293-4636-988c-b9d30df092f8,25,25,0,19,1,1769060870,2026-01-22 00:50:15
4543214c-c9d4-4f20-9cd9-dd05cc365931,35,35,0,10,1,1769060870,2026-01-22 00:50:15
1871972060496771504,3,3,0,14,1,1769060871,2026-01-22 00:50:15
1814900898997467540,7,1,6,11,1,1769060865,2026-01-22 00:50:15
66dc82ef-0aca-11e7-82f6-3863bb44ef7c,0,0,0,59,1,1769060872,2026-01-22 00:50:15
c37931bb-8571-4671-a9a8-f3cf23897680,36,10,26,55,1,1769060872,2026-01-22 00:50:15
b930dd82-92d0-4d86-b896-7d8b827c2d5f,1,1,0,16,1,1769060872,2026-01-22 00:50:15
0ebdda6a-37e4-4ff4-94e8-3947f49d8e24,8,5,3,14,1,1769060874,2026-01-22 00:50:15
d11db4cd-f9bf-430b-ac19-104fef323b24,8,7,1,12,1,1769060875,2026-01-22 00:50:15
1908785111291682996,6,2,4,12,1,1769060875,2026-01-22 00:50:15
1817432233006383832,18,3,15,3,1,1769060875,2026-01-22 00:50:15
66dbca0f-0aca-11e7-82f6-3863bb44ef7c,47,36,11,10,1,1769060875,2026-01-22 00:50:15
9e0b3452-ef6d-4e94-8c05-7bef199cdb74,6,6,0,12,1,1769060874,2026-01-22 00:50:15
5eac53d0-5510-441a-9dbb-76bd38acf4ef,1,0,1,15,1,1769060874,2026-01-22 00:50:15
1828969726487003714,8,1,7,10,1,1769060874,2026-01-22 00:50:15
17ba4945-b202-4667-965f-211d80622646,7,0,7,15,1,1769060874,2026-01-22 00:50:15
66db3997-0aca-11e7-82f6-3863bb44ef7c,20,2,18,55,1,1769060873,2026-01-22 00:50:15
2121032035614514006,11,0,11,1,1,1769060873,2026-01-22 00:50:15
66db6889-0aca-11e7-82f6-3863bb44ef7c,14,7,7,17,1,1769060873,2026-01-22 00:50:15
1864605659096685518,1,1,0,16,1,1769060875,2026-01-22 00:50:15
b319c797-71ff-490c-b965-ba2ac0f50da0,3,1,2,14,1,1769060876,2026-01-22 00:50:15
1859811213834095332,15,1,14,9,1,1769060875,2026-01-22 00:50:15
1804894168423871442,16,5,11,7,1,1769060876,2026-01-22 00:50:15
66dc7659-0aca-11e7-82f6-3863bb44ef7c,92,62,30,21,1,1769060870,2026-01-22 00:50:15
4d674595-187c-417c-a691-676c4446c9fc,8,2,6,12,1,1769060871,2026-01-22 00:50:15
daefc84c-1b16-4220-8e1f-10ea4866fdc7,44,36,8,59,1,1769060871,2026-01-22 00:50:15
785b3e6b-dab5-4d25-afab-e2a1ef918669,24,16,8,1,1,1769060871,2026-01-22 00:50:15
1833865926273309136,23,13,10,38,1,1769060872,2026-01-22 00:50:15
62e2b1dd-ca52-4e1c-a112-1d8846b9d9b5,17,4,13,0,1,1769060875,2026-01-22 00:50:15
66dcccfe-0aca-11e7-82f6-3863bb44ef7c,7,3,4,11,1,1769060839,2026-01-22 00:50:15
1875023224873448258,9,0,9,11,1,1769060839,2026-01-22 00:50:15
66ddbd20-0aca-11e7-82f6-3863bb44ef7c,71,65,6,20,1,1769060840,2026-01-22 00:50:15
03872f6b-a522-4c41-a4f2-5d0c41779e7b,0,0,0,19,1,1769060840,2026-01-22 00:50:15
2126579619522812246,13,5,8,0,1,1769060840,2026-01-22 00:50:15
c530a1cb-7c60-4651-be8a-9bfa5eb43f8a,26,17,9,8,1,1769060841,2026-01-22 00:50:15
66dc1e55-0aca-11e7-82f6-3863bb44ef7c,14,9,5,47,1,1769060832,2026-01-22 00:50:15
1786687245202023014,28,8,20,2,1,1769060841,2026-01-22 00:50:15
4d4a3e7b-1005-4bfd-8680-340a20cacbee,21,8,13,0,1,1769060843,2026-01-22 00:50:15
66dd2786-0aca-11e7-82f6-3863bb44ef7c,16,2,14,10,1,1769060843,2026-01-22 00:50:15
02fb0f6a-b1dc-4e1c-97f8-fe70462670a3,17,3,14,6,1,1769060843,2026-01-22 00:50:15
fe65853e-b20a-4250-9677-2aa177283b72,11,2,9,7,1,1769060843,2026-01-22 00:50:15
a76299eb-73f7-401c-aa8b-edff9ef003bd,36,9,27,3,1,1769060838,2026-01-22 00:50:15
7380e377-936d-47d7-8abe-0f666d47465e,2,2,0,18,1,1769060838,2026-01-22 00:50:15
4f57360d-a4cb-4568-b74a-f3086ccaee2e,9,4,5,11,1,1769060837,2026-01-22 00:50:15
1815967051912860522,19,0,19,9,1,1769060838,2026-01-22 00:50:15
66dc0bbd-0aca-11e7-82f6-3863bb44ef7c,29,8,21,5,1,1769060839,2026-01-22 00:50:15
66dd23a9-0aca-11e7-82f6-3863bb44ef7c,13,10,3,14,1,1769060839,2026-01-22 00:50:15
101c813e-02a8-4b6b-bd5d-981c1ea62019,14,10,4,7,1,1769060839,2026-01-22 00:50:15
9c2a741d-7f3e-4aa1-b58b-db5c3e6bcb20,2,2,0,26,1,1769060839,2026-01-22 00:50:15
1887292564377354448,6,0,6,23,1,1769060839,2026-01-22 00:50:15
a82cc641-0926-4a63-b488-7060ab7dcd74,18,13,5,12,1,1769060844,2026-01-22 00:50:15
66db33fc-0aca-11e7-82f6-3863bb44ef7c,6,6,0,61,1,1769060844,2026-01-22 00:50:15
66dd43bd-0aca-11e7-82f6-3863bb44ef7c,20,15,5,25,1,1769060844,2026-01-22 00:50:15
1786699974232881542,5,0,5,15,1,1769060845,2026-01-22 00:50:15
66dbf062-0aca-11e7-82f6-3863bb44ef7c,21,10,11,21,1,1769060842,2026-01-22 00:50:15
66de1c33-0aca-11e7-82f6-3863bb44ef7c,30,29,1,18,1,1769060842,2026-01-22 00:50:15
fec4aa1b-9fc1-4dd9-ab39-c1d7370a6e54,6,0,6,14,1,1769060842,2026-01-22 00:50:15
c8060816-b4aa-4fd9-bc66-af28bf61dc87,2,2,0,19,1,1769060843,2026-01-22 00:50:15
9b4a92ae-cefe-467a-8e35-5ce02d4f3a45,3,0,3,15,1,1769060844,2026-01-22 00:50:15
66dce4fc-0aca-11e7-82f6-3863bb44ef7c,12,4,8,12,1,1769060848,2026-01-22 00:50:15
c02864f0-2611-440b-98f4-45fddfd545fe,20,2,18,2,1,1769060849,2026-01-22 00:50:15
0e5be726-2452-42a0-9be8-ea85c8408e4c,4,0,4,17,1,1769060849,2026-01-22 00:50:15
8f72fe26-98aa-4e87-a612-9ae0eb1d9a38,16,0,16,3,1,1769060845,2026-01-22 00:50:15
3db2fa34-0b56-4644-9ae9-bbee1583e717,10,5,5,15,1,1769060845,2026-01-22 00:50:15
66db8ca4-0aca-11e7-82f6-3863bb44ef7c,43,23,19,15,1,1769060845,2026-01-22 00:50:15
36025f2c-ee4d-4c1a-832d-733cf37f98ef,3,3,0,27,1,1769060845,2026-01-22 00:50:15
7f8cb36a-2bf4-4d57-afbd-331310f25355,20,2,18,16,1,1769060847,2026-01-22 00:50:15
66db79a3-0aca-11e7-82f6-3863bb44ef7c,34,27,7,14,1,1769060847,2026-01-22 00:50:15
1861680889400379678,16,13,3,3,1,1769060847,2026-01-22 00:50:15
ed5c92f1-3293-4385-9e2b-9b716a096a19,23,4,19,39,1,1769060848,2026-01-22 00:50:15
2007842506069575758,16,1,15,3,1,1769060848,2026-01-22 00:50:15
a70b26b7-fbad-4787-bf15-29f7b13a19ab,3,3,0,17,1,1769060846,2026-01-22 00:50:15
66dd455e-0aca-11e7-82f6-3863bb44ef7c,8,6,2,27,1,1769060846,2026-01-22 00:50:15
4a4c7548-2466-48ef-8d7e-0aa4d6acb69e,2,2,0,18,1,1769060847,2026-01-22 00:50:15
66dd4ac1-0aca-11e7-82f6-3863bb44ef7c,18,9,9,19,1,1769060847,2026-01-22 00:50:15
66de88d7-0aca-11e7-82f6-3863bb44ef7c,16,16,0,29,1,1769060849,2026-01-22 00:50:15
1838618090943186984,22,4,18,1,1,1769060850,2026-01-22 00:50:15
9b7e3b8b-97ef-4038-820c-7cd1c1a34fc7,13,3,10,12,1,1769060850,2026-01-22 00:50:15
3299ff79-36aa-42ef-b7f1-c40e95c8f570,19,3,16,25,1,1769060851,2026-01-22 00:50:15
5e93b806-08e1-4ef9-98ae-d3dda20e0469,14,12,2,10,1,1769060851,2026-01-22 00:50:15
1836581441921155232,7,2,5,11,1,1769060850,2026-01-22 00:50:15
a958a8af-a0cc-4bca-9114-93c74ce3c693,2,2,0,20,1,1769060850,2026-01-22 00:50:15
afd76a0e-ceb8-4d18-a427-b378c4d07a75,19,0,19,9,1,1769060847,2026-01-22 00:50:15
1864606193814670106,6,1,5,16,1,1769060825,2026-01-22 00:50:15
9b721468-3b28-429d-9e13-580cdf00a6a4,11,0,11,12,1,1769060825,2026-01-22 00:50:15
ddc8ca6c-dceb-4603-ab1e-4bd972ca2a3d,13,3,10,4,1,1769060825,2026-01-22 00:50:15
81a34754-ae08-47a6-964d-4733849a8fab,2,0,2,26,1,1769060826,2026-01-22 00:50:15
66db479e-0aca-11e7-82f6-3863bb44ef7c,23,5,18,16,1,1769060826,2026-01-22 00:50:15
2121032973750651666,4,1,3,9,1,1769060826,2026-01-22 00:50:15
2111353842893366258,1,0,1,33,1,1769060821,2026-01-22 00:50:15
1834145868297717964,4,1,3,14,1,1769060822,2026-01-22 00:50:15
66db46d7-0aca-11e7-82f6-3863bb44ef7c,18,10,8,10,1,1769060824,2026-01-22 00:50:15
d837d1b0-8f80-4f6c-ae45-5dd0deec6977,19,4,15,3,1,1769060824,2026-01-22 00:50:15
66db2e3a-0aca-11e7-82f6-3863bb44ef7c,43,32,11,11,1,1769060824,2026-01-22 00:50:15
1828964993433043090,12,0,12,5,1,1769060823,2026-01-22 00:50:15
1860189190334925058,4,1,3,17,1,1769060825,2026-01-22 00:50:15
66ddea2a-0aca-11e7-82f6-3863bb44ef7c,68,29,39,3,1,1769060825,2026-01-22 00:50:15
bf317efc-13f1-42be-8243-373a29354033,10,5,5,15,1,1769060825,2026-01-22 00:50:15
2104278402820534724,22,2,20,19,1,1769060823,2026-01-22 00:50:15
99142ec8-c0e7-47ca-916c-c1097d48e133,35,23,12,7,1,1769060823,2026-01-22 00:50:15
1854255035042870020,10,0,10,7,1,1769060822,2026-01-22 00:50:15
1198e739-787c-4ce4-aa63-ffaf98506e9c,0,0,0,62,1,1769060821,2026-01-22 00:50:15
426862de-f8f2-4967-ba41-76680a4b460c,1,0,1,17,1,1769060830,2026-01-22 00:50:15
68827e5f-ed28-45de-99bf-66093a8c504f,5,3,2,15,1,1769060829,2026-01-22 00:50:15
66dd4bf7-0aca-11e7-82f6-3863bb44ef7c,6,4,2,34,1,1769060829,2026-01-22 00:50:15
66de4f9c-0aca-11e7-82f6-3863bb44ef7c,21,2,19,7,1,1769060829,2026-01-22 00:50:15
923a60f7-2a0e-4a31-8dd5-66c8518c929e,12,5,7,9,1,1769060830,2026-01-22 00:50:15
f72a253f-3cef-4da8-9591-0cbd3a692162,23,15,8,20,1,1769060831,2026-01-22 00:50:15
2121032507515216178,6,1,5,4,1,1769060735,2026-01-22 00:50:15
9d23b0e9-a478-407c-a0e0-0aff1b0398fc,1,1,0,20,1,1769060832,2026-01-22 00:50:15
1860187430946456420,1,0,1,17,1,1769060828,2026-01-22 00:50:15
380394f7-64fa-4a65-a4d1-7bcaddd41fab,12,7,5,7,1,1769060828,2026-01-22 00:50:15
1854537815365165328,0,0,0,19,1,1769060829,2026-01-22 00:50:15
7d9a1b9e-0123-4561-a111-b3735fada687,5,1,4,17,1,1769060826,2026-01-22 00:50:15
66dc9223-0aca-11e7-82f6-3863bb44ef7c,8,5,3,76,1,1769060830,2026-01-22 00:50:15
1827839088308194240,103,91,12,12,1,1769060831,2026-01-22 00:50:15
1906951766876655628,6,1,5,22,1,1769060829,2026-01-22 00:50:15
3f878b81-324e-4673-9221-43d34647e76f,11,1,10,4,1,1769060852,2026-01-22 00:50:15
5f968a1b-ee60-43a0-ad25-05211e09e436,3,0,3,16,1,1769060852,2026-01-22 00:50:15
c9cd8c29-7f0b-4979-9a0e-bec4613d2600,2,2,0,18,1,1769060853,2026-01-22 00:50:15
4753c893-e4bd-4d6a-bc4d-42209a19ebeb,1,1,0,16,1,1769060852,2026-01-22 00:50:15
711ccb32-e1bc-4577-ac7b-50592cc9b8a0,20,5,15,4,1,1769060853,2026-01-22 00:50:15
66dd4f31-0aca-11e7-82f6-3863bb44ef7c,10,5,5,24,1,1769060853,2026-01-22 00:50:15
9719498d-bd5c-4424-86ac-dfe0795c57d1,6,4,2,15,1,1769060853,2026-01-22 00:50:15
a23a40c3-6da5-4b0f-bb6b-8bfc01ec2261,8,1,7,10,1,1769060853,2026-01-22 00:50:15
2bf9addc-038b-48fe-8794-dde085c5e5dc,9,8,1,40,1,1769060853,2026-01-22 00:50:15
2121032193446634360,3,1,2,8,1,1769060853,2026-01-22 00:50:15
b9deb521-41b6-4f8a-ac78-0e58e3977f2c,10,5,5,15,1,1769060853,2026-01-22 00:50:15
6a52ceae-3b97-487a-9438-de844bfbf1c2,14,10,4,7,1,1769060855,2026-01-22 00:50:15
66db9cc4-0aca-11e7-82f6-3863bb44ef7c,12,3,9,27,1,1769060855,2026-01-22 00:50:15
5f2766b0-362e-49e5-ab09-05e2c4b6f626,1,1,0,17,1,1769060856,2026-01-22 00:50:15
956de8aa-9e06-4efb-8eb0-35fe9b274a48,17,17,0,2,1,1769060856,2026-01-22 00:50:15
e73cf71b-db05-44f9-b57a-689d65320d68,2,1,1,28,1,1769060856,2026-01-22 00:50:15
8f1fdf4b-ecca-4f03-b04c-e10fe596e2c7,1,0,1,25,1,1769060857,2026-01-22 00:50:15
66dde3b1-0aca-11e7-82f6-3863bb44ef7c,19,1,18,15,1,1769060852,2026-01-22 00:50:15
66dc3f08-0aca-11e7-82f6-3863bb44ef7c,99,73,26,1,1,1769060854,2026-01-22 00:50:15
e982e1cb-7e7b-4769-85b8-565925200654,9,2,7,15,1,1769060894,2026-01-22 00:50:15
1815967674683118258,22,1,21,1,1,1769060894,2026-01-22 00:50:15
66db89a3-0aca-11e7-82f6-3863bb44ef7c,63,5,58,9,1,1769060894,2026-01-22 00:50:15
eb8fcff2-6f58-4724-b564-ebc9a8d374d8,15,2,13,0,1,1769060893,2026-01-22 00:50:15
1845677022981917240,12,2,10,5,1,1769060893,2026-01-22 00:50:15
b7df61c0-8ead-46cb-9d6e-a6a3011ffb71,8,4,4,17,1,1769060894,2026-01-22 00:50:15
66de1bc3-0aca-11e7-82f6-3863bb44ef7c,10,1,9,45,1,1769060893,2026-01-22 00:50:15
0927e331-866f-4d99-99b4-04edde99117a,14,7,7,24,1,1769060894,2026-01-22 00:50:15
14f928c6-9a51-40a2-b7e6-a74e8b351dbf,4,1,3,20,1,1769060895,2026-01-22 00:50:15
1877653505745721834,3,2,1,16,1,1769060894,2026-01-22 00:50:15
1882735457106787122,20,13,7,5,1,1769060894,2026-01-22 00:50:15
66dd243c-0aca-11e7-82f6-3863bb44ef7c,37,3,34,40,1,1769060894,2026-01-22 00:50:15
66dc9143-0aca-11e7-82f6-3863bb44ef7c,22,5,17,12,1,1769060895,2026-01-22 00:50:15
01b7973e-c92e-4fbe-890e-2c24de33ce0e,5,2,3,13,1,1769060895,2026-01-22 00:50:15
66de44ba-0aca-11e7-82f6-3863bb44ef7c,25,3,22,14,1,1769060895,2026-01-22 00:50:15
66db6d40-0aca-11e7-82f6-3863bb44ef7c,38,37,1,24,1,1769060896,2026-01-22 00:50:15
b03adb87-2bd9-43a5-a822-7d06a9ee2d81,28,6,22,1,1,1769060896,2026-01-22 00:50:15
66de0bcb-0aca-11e7-82f6-3863bb44ef7c,11,7,4,43,1,1769060896,2026-01-22 00:50:15
c4d6b123-df5a-446d-b0ae-d3c4846565d5,2,0,2,20,1,1769060896,2026-01-22 00:50:15
2126623199408050430,8,0,8,8,1,1769060896,2026-01-22 00:50:15
efa2a82f-eb4a-4b82-a602-6c42cb984101,3,3,0,14,1,1769060896,2026-01-22 00:50:15
1846086463217404850,19,4,15,5,1,1769060896,2026-01-22 00:50:15
9991b75b-a9ba-4abc-bf84-0108291be05a,16,3,13,8,1,1769060897,2026-01-22 00:50:15
ace80a8c-6196-484e-8dd0-061e3c90389b,3,3,0,26,1,1769060897,2026-01-22 00:50:15
17aba164-9d41-4336-9767-2218b8994ded,7,0,7,15,1,1769060897,2026-01-22 00:50:15
e4980fd0-e540-40ca-acba-c2a74f3294fc,1,1,0,22,1,1769060897,2026-01-22 00:50:15
2010065065442370322,0,0,0,23,1,1769060897,2026-01-22 00:50:15
1819720453019329398,8,3,5,13,1,1769060897,2026-01-22 00:50:15
48e7e465-f861-452a-9bf7-7eacd0b2bcac,17,0,17,2,1,1769060897,2026-01-22 00:50:15
999865d2-0735-4e85-a9d4-00810231530e,9,1,8,12,1,1769060898,2026-01-22 00:50:15
e2fc6d90-8deb-4e21-961d-9d5208c1f986,24,18,6,7,1,1769060898,2026-01-22 00:50:15
77463580-6421-403d-b170-f2660c216175,4,1,3,19,1,1769060898,2026-01-22 00:50:15
bc512527-7863-48d5-aea8-3de470abc1ee,7,4,3,11,1,1769060898,2026-01-22 00:50:15
66dc864c-0aca-11e7-82f6-3863bb44ef7c,22,17,6,4,1,1769060898,2026-01-22 00:50:15
aa0e6301-4162-428d-8943-7b684089b0d1,8,0,8,10,1,1769060898,2026-01-22 00:50:15
b9c209b2-6284-4f5a-a32a-680ef9da1c1f,5,5,0,13,1,1769060898,2026-01-22 00:50:15
2123939077451327830,5,2,3,5,1,1769060898,2026-01-22 00:50:15
66db7a0d-0aca-11e7-82f6-3863bb44ef7c,46,21,25,5,1,1769060898,2026-01-22 00:50:15
d1c204d7-d575-417d-b134-6ebdf7e99f98,9,9,0,11,1,1769060898,2026-01-22 00:50:15
66dc8768-0aca-11e7-82f6-3863bb44ef7c,20,12,8,20,1,1769060898,2026-01-22 00:50:15
1786697528321024934,38,3,35,1,1,1769060898,2026-01-22 00:50:15
66db4282-0aca-11e7-82f6-3863bb44ef7c,12,6,31,38,1,1769060898,2026-01-22 00:50:15
dc8223ad-4108-40a8-9ff5-35e8490b4077,0,0,0,0,0,86400,2026-01-22 00:50:15
2004153375425087884,0,0,0,0,0,86400,2026-01-22 00:50:15
1861683496445528180,0,0,0,0,0,86400,2026-01-22 00:50:15
66dc7a7d-0aca-11e7-82f6-3863bb44ef7c,0,0,0,0,0,1760532172,2026-01-22 00:50:15
2171902770580328596,0,0,0,0,0,86400,2026-01-22 00:50:15
2171902875345687974,0,0,0,0,0,86400,2026-01-22 00:50:15
2171904090179944948,0,0,0,0,0,86400,2026-01-22 00:50:15
66db473c-0aca-11e7-82f6-3863bb44ef7c,0,0,0,3,0,1768246235,2026-01-22 00:50:15
66dcc047-0aca-11e7-82f6-3863bb44ef7c,17,7,10,5,1,1769060777,2026-01-22 00:50:15
9b70cbe2-25fc-42f8-b6e6-ac21ef248e4b,6,5,1,11,1,1769060779,2026-01-22 00:50:15
1817432104157364846,20,2,18,0,1,1769060780,2026-01-22 00:50:15
88e64257-298c-4b8d-8886-77b9b66dcec1,35,23,12,13,1,1769060778,2026-01-22 00:50:15
2c321ea3-e1dd-4d32-be70-bd158fe1f568,67,46,21,9,1,1769060785,2026-01-22 00:50:15
821b19c1-ab13-4482-9580-770288a377a7,0,0,0,40,1,1769060786,2026-01-22 00:50:15
1841240663447542046,12,7,5,5,1,1769060786,2026-01-22 00:50:15
90c35466-db3c-4b0d-993e-6e92883773b4,46,29,17,23,1,1769060786,2026-01-22 00:50:15
b506be9e-45d3-43d1-a262-27d8fa91e974,8,4,4,22,1,1769060783,2026-01-22 00:50:15
b55f9b55-7fa7-4f0f-9732-78cbe07452e1,19,7,12,10,1,1769060783,2026-01-22 00:50:15
1854538169357726138,4,3,1,13,1,1769060781,2026-01-22 00:50:15
66dde845-0aca-11e7-82f6-3863bb44ef7c,22,15,7,14,1,1769060785,2026-01-22 00:50:15
787fe4b2-6029-4f71-917e-892479d8d64e,10,0,10,7,1,1769060797,2026-01-22 00:50:15
1869753195262578852,4,1,3,14,1,1769060797,2026-01-22 00:50:15
2b54cb2c-31be-4620-a13c-0fa72b58c90a,4,2,2,22,1,1769060798,2026-01-22 00:50:15
66db8d89-0aca-11e7-82f6-3863bb44ef7c,47,41,6,4,1,1769060793,2026-01-22 00:50:15
66dcac42-0aca-11e7-82f6-3863bb44ef7c,42,0,42,8,1,1769060794,2026-01-22 00:50:15
66dd4b91-0aca-11e7-82f6-3863bb44ef7c,23,15,8,15,1,1769060794,2026-01-22 00:50:15
a33a2d11-33a5-46ad-a086-5698ac17b7b4,30,9,21,1,1,1769060794,2026-01-22 00:50:15
1846085626867634660,2,0,2,18,1,1769060796,2026-01-22 00:50:15
dad3b7df-ec40-4d54-bfdb-5e82be84d742,2,0,2,19,1,1769060796,2026-01-22 00:50:15
9092515e-eef6-478f-910f-1cd19d06bebb,2,2,0,33,1,1769060796,2026-01-22 00:50:15
b0cc08dc-e7dd-48d1-8901-ba496f3ff2f5,38,34,4,1,1,1769060797,2026-01-22 00:50:15
1869439561831725810,8,2,6,17,1,1769060795,2026-01-22 00:50:15
66db40ef-0aca-11e7-82f6-3863bb44ef7c,7,4,3,52,1,1769060798,2026-01-22 00:50:15
74feba30-26a5-4949-b3a0-d6e13ba1a20c,10,3,7,6,1,1769060799,2026-01-22 00:50:15
063e7e78-b810-4a2f-8045-a82a0d69d752,8,4,4,37,1,1769060799,2026-01-22 00:50:15
66dc0cc7-0aca-11e7-82f6-3863bb44ef7c,17,13,4,32,1,1769060798,2026-01-22 00:50:15
66de2556-0aca-11e7-82f6-3863bb44ef7c,27,21,6,49,1,1769060795,2026-01-22 00:50:15
df243d7f-e6ae-435c-9895-aecbcff9cada,10,6,4,18,1,1769060803,2026-01-22 00:50:15
e58234a3-5b23-427e-948f-c1e4571b2bfa,31,13,18,25,1,1769060803,2026-01-22 00:50:15
648e09b6-95c2-40d3-9dac-a43f22eccf38,2,0,2,21,1,1769060803,2026-01-22 00:50:15
66dc4b4c-0aca-11e7-82f6-3863bb44ef7c,10,8,2,48,1,1769060799,2026-01-22 00:50:15
ad17bd9a-735b-4a11-8ad3-dc7800e342af,22,9,13,12,1,1769060800,2026-01-22 00:50:15
1861271680294357158,21,8,13,2,1,1769060801,2026-01-22 00:50:15
55fda28d-56a8-4db2-b42a-072714f18471,18,1,17,0,1,1769060801,2026-01-22 00:50:15
c0e0e578-8ce8-4c9d-be47-b902d8a41050,2,2,0,16,1,1769060802,2026-01-22 00:50:15
1d130e43-0408-4423-bb52-77a08372cefa,8,3,5,17,1,1769060803,2026-01-22 00:50:15
1875433315773395778,7,3,4,24,1,1769060801,2026-01-22 00:50:15
c63e9937-cadb-4813-aee3-5fd3fcc93767,1,0,1,18,1,1769060801,2026-01-22 00:50:15
341730d7-a61d-499d-8c07-fa015f644e54,58,49,9,23,1,1769060803,2026-01-22 00:50:15
a58ff2e3-a5ae-4070-a26d-ddfe8cc6fc58,11,11,0,13,1,1769060790,2026-01-22 00:50:15
66dd41ef-0aca-11e7-82f6-3863bb44ef7c,15,14,1,24,1,1769060790,2026-01-22 00:50:15
66dc7cc3-0aca-11e7-82f6-3863bb44ef7c,18,9,9,20,1,1769060787,2026-01-22 00:50:15
e0b80983-c520-47e3-9c8d-a17fff5e5582,15,2,13,4,1,1769060787,2026-01-22 00:50:15
f3c68cfb-52fd-48c8-b6e5-85c179fee0b3,15,3,12,8,1,1769060787,2026-01-22 00:50:15
66de867e-0aca-11e7-82f6-3863bb44ef7c,3,0,3,27,1,1769060791,2026-01-22 00:50:15
66ddede1-0aca-11e7-82f6-3863bb44ef7c,13,11,2,19,1,1769060791,2026-01-22 00:50:15
de6f4206-3aa9-4cb9-aae0-8547d2cd6854,23,2,21,0,1,1769060791,2026-01-22 00:50:15
66de10a8-0aca-11e7-82f6-3863bb44ef7c,15,4,11,16,1,1769060788,2026-01-22 00:50:15
9ea2afff-a146-4824-89b6-39d5bdfac795,14,13,1,6,1,1769060790,2026-01-22 00:50:15
1964061627836181486,1,0,1,83,1,1769060791,2026-01-22 00:50:15
ca4795a2-6ab3-4597-bf59-f0155ac1637c,26,18,8,41,1,1769060789,2026-01-22 00:50:15
2104275164415193448,53,20,33,13,1,1769060789,2026-01-22 00:50:15
66de65a4-0aca-11e7-82f6-3863bb44ef7c,0,0,0,22,1,1769060792,2026-01-22 00:50:15
66dded7a-0aca-11e7-82f6-3863bb44ef7c,24,23,1,3,1,1769060792,2026-01-22 00:50:15
26176e86-8362-4c91-a693-6aa3f9ce0b73,12,10,2,7,1,1769060788,2026-01-22 00:50:15
1884688942632618210,13,11,2,13,1,1769060789,2026-01-22 00:50:15
1f872052-38c4-4701-96c4-c363de51c2b5,32,24,8,22,1,1769060793,2026-01-22 00:50:15
eafa19ed-88c2-4efc-bd73-3961f85b6063,24,14,10,15,1,1769060807,2026-01-22 00:50:15
66dcc5ca-0aca-11e7-82f6-3863bb44ef7c,0,0,0,0,0,1769060807,2026-01-22 00:50:15
96a0b676-e966-4d96-b04b-ceb8149cedcd,6,5,1,16,1,1769060805,2026-01-22 00:50:15
66dda55f-0aca-11e7-82f6-3863bb44ef7c,29,19,10,0,1,1769060805,2026-01-22 00:50:15
66dbc60f-0aca-11e7-82f6-3863bb44ef7c,1,1,0,5,1,1769060805,2026-01-22 00:50:15
83d1ff16-ba56-4eae-aa6a-b37b6439db82,1,1,0,28,1,1769060809,2026-01-22 00:50:15
1814900632709495794,15,3,12,7,1,1769060809,2026-01-22 00:50:15
1861681121800951962,15,5,10,6,1,1769060806,2026-01-22 00:50:15
956e9f8d-d23a-4a0e-bf28-84180e818af7,19,16,3,7,1,1769060807,2026-01-22 00:50:15
6076e321-85d8-4e0e-ae18-86bb8cbbda1b,15,0,15,5,1,1769060807,2026-01-22 00:50:15
18846fd4-877c-4971-9b6f-1bd8fbc10346,7,5,2,13,1,1769060804,2026-01-22 00:50:15
305c221f-4e0b-4a5a-902c-3d1043dfe606,2,0,2,16,1,1769060809,2026-01-22 00:50:15
66dbb869-0aca-11e7-82f6-3863bb44ef7c,10,2,8,7,1,1769060810,2026-01-22 00:50:15
66dd2811-0aca-11e7-82f6-3863bb44ef7c,18,1,17,21,1,1769060811,2026-01-22 00:50:15
d5d589e6-457f-4cd4-bf78-59165dce28b2,21,8,13,4,1,1769060812,2026-01-22 00:50:15
d7bdc3d7-6e6d-4899-9cc7-f4238a86c695,3,1,2,20,1,1769060813,2026-01-22 00:50:15
66de5e5b-0aca-11e7-82f6-3863bb44ef7c,19,0,19,21,1,1769060813,2026-01-22 00:50:15
e2b28abd-07a4-4552-ad17-abf155aff28a,6,4,2,16,1,1769060814,2026-01-22 00:50:15
1786697003367719132,20,1,19,18,1,1769060812,2026-01-22 00:50:15
66de186f-0aca-11e7-82f6-3863bb44ef7c,17,8,9,6,1,1769060813,2026-01-22 00:50:15
66de5095-0aca-11e7-82f6-3863bb44ef7c,9,4,5,10,1,1769060810,2026-01-22 00:50:15
d3f51f51-7e51-4c75-8600-d76916608707,10,8,2,18,1,1769060819,2026-01-22 00:50:15
45865207-8700-4ef2-99ed-b08889ef0250,18,8,10,2,1,1769060821,2026-01-22 00:50:15
c2800791-1911-4f2b-8fc7-bed280c557c0,41,37,4,3,1,1769060820,2026-01-22 00:50:15
66dc41bb-0aca-11e7-82f6-3863bb44ef7c,46,34,12,5,1,1769060821,2026-01-22 00:50:15
f001fac9-5f19-451e-a752-afde574a8c81,0,0,0,16,1,1769060821,2026-01-22 00:50:15
2f580cf9-14e2-4300-ba22-f6d88d0312a5,11,4,7,16,1,1769060815,2026-01-22 00:50:15
062ffe5a-aa91-412d-8210-23d562c7e7f8,2,2,0,16,1,1769060816,2026-01-22 00:50:15
ebfafca3-5818-4e6f-8374-98f44a0ca0c6,3,1,2,23,1,1769060816,2026-01-22 00:50:15
1851674145014649512,7,1,6,18,1,1769060819,2026-01-22 00:50:15
66de2a00-0aca-11e7-82f6-3863bb44ef7c,30,3,27,4,1,1769060815,2026-01-22 00:50:15
1846086138339179502,17,10,7,6,1,1769060814,2026-01-22 00:50:15
1862008413697896912,2,1,1,19,1,1769060815,2026-01-22 00:50:15
40fd82d6-c0e9-4876-adfb-816140ecfc39,16,13,3,0,1,1769060821,2026-01-22 00:50:15
66de8a86-0aca-11e7-82f6-3863bb44ef7c,0,0,0,56,1,1769060822,2026-01-22 00:50:15
9a40cb60-6ede-4c9e-9d64-dc55cae57f31,4,0,4,22,1,1769060822,2026-01-22 00:50:15
a8560d28-9ee1-4af4-9180-7e9c4dd0d147,11,3,8,6,1,1769060818,2026-01-22 00:50:15
582cd775-0178-47f5-b707-6d5869f077ba,18,0,18,11,1,1769060818,2026-01-22 00:50:15
66dcc30b-0aca-11e7-82f6-3863bb44ef7c,11,6,5,5,1,1769060818,2026-01-22 00:50:15
66dbc551-0aca-11e7-82f6-3863bb44ef7c,0,0,0,51,1,1769060828,2026-01-22 00:50:15
0e003543-3656-448f-8a93-029d265f2e26,22,3,19,8,1,1769060827,2026-01-22 00:50:15
e8df73bd-5d3d-47c9-b04d-bcec4db5540f,62,17,45,0,1,1769060825,2026-01-22 00:50:15
66db3606-0aca-11e7-82f6-3863bb44ef7c,0,0,0,0,0,1769060825,2026-01-22 00:50:15
0f536c08-dde3-40af-a66d-1fe1e7edecd2,3,0,3,17,1,1769060826,2026-01-22 00:50:15
66db2db5-0aca-11e7-82f6-3863bb44ef7c,51,0,51,5,1,1769060827,2026-01-22 00:50:15
6a9b19e3-cd69-4e0c-9b28-1889db936c7c,3,2,1,14,1,1769060827,2026-01-22 00:50:15
afc79a38-e26d-48f7-94e4-d0aca8fd1c49,1,1,0,15,1,1769060827,2026-01-22 00:50:15
5dc8ddac-979e-4ae5-b879-3670cca7482d,7,2,5,13,1,1769060827,2026-01-22 00:50:15
66db7152-0aca-11e7-82f6-3863bb44ef7c,34,7,27,14,1,1769060825,2026-01-22 00:50:15
1954806962718223342,41,22,19,2,1,1769060823,2026-01-22 00:50:15
66db5c14-0aca-11e7-82f6-3863bb44ef7c,22,18,4,4,1,1769060824,2026-01-22 00:50:15
1318e05a-2506-43c6-b49d-4c1f7f69a267,13,11,2,5,1,1769060828,2026-01-22 00:50:15
36b55a0f-e55d-4849-859a-09b3273fb782,10,0,10,11,1,1769060832,2026-01-22 00:50:15
1828967607558607844,5,1,4,13,1,1769060832,2026-01-22 00:50:15
1903998756008763590,2,1,1,47,1,1769060832,2026-01-22 00:50:15
dc34ba4c-d8e5-4674-a02e-210c950c05c1,9,8,1,15,1,1769060832,2026-01-22 00:50:15
23bc4d9b-1ec2-45fb-9228-e41517346b24,18,8,10,0,1,1769060829,2026-01-22 00:50:15
bc346753-b68a-4cb3-b93f-b0be68227eae,17,7,10,4,1,1769060829,2026-01-22 00:50:15
66ddee56-0aca-11e7-82f6-3863bb44ef7c,18,17,1,5,1,1769060829,2026-01-22 00:50:15
8b1222da-612f-4482-ab34-9467c4ed28e3,6,1,5,17,1,1769060831,2026-01-22 00:50:15
55f6b830-e43e-4227-bfc7-683465236d94,18,5,13,25,1,1769060832,2026-01-22 00:50:15
9c147c77-11da-4d0b-8a21-a8042ec8031b,7,3,4,11,1,1769060831,2026-01-22 00:50:15
1828969515711812276,18,14,4,0,1,1769060832,2026-01-22 00:50:15
0109f17a-2378-4500-9648-88bdb31ec612,28,0,28,6,1,1769060830,2026-01-22 00:50:15
1e6c5d0c-f406-4b60-88f6-6284a38d3930,3,3,0,16,1,1769060831,2026-01-22 00:50:15
66dd4b2b-0aca-11e7-82f6-3863bb44ef7c,17,13,4,32,1,1769060831,2026-01-22 00:50:15
1860189813948384088,24,15,9,1,1,1769060833,2026-01-22 00:50:15
4bbf50a9-47c2-4a32-97c2-1f6bc4f9d401,22,10,12,5,1,1769060833,2026-01-22 00:50:15
9c1c3499-1b11-471f-b59a-87d9e27e15c5,3,2,1,18,1,1769060834,2026-01-22 00:50:15
cac843c2-8b21-47bb-a3b9-712f95d7f7aa,15,1,14,3,1,1769060829,2026-01-22 00:50:15
1828966363527611286,15,1,14,3,1,1769060829,2026-01-22 00:50:15
1828969112306680612,2,1,1,15,1,1769060833,2026-01-22 00:50:15
c46a2889-258b-4fc5-a452-1d4e7dfe683a,4,2,2,14,1,1769060834,2026-01-22 00:50:15
7a8b474b-7577-4316-a192-d57576d194a3,0,0,0,21,1,1769060837,2026-01-22 00:50:15
1947367330341251364,7,5,2,13,1,1769060837,2026-01-22 00:50:15
5780ae63-54e5-48e3-a00c-9c403cb75401,6,1,5,16,1,1769060838,2026-01-22 00:50:15
1836581534415880440,3,2,1,23,1,1769060838,2026-01-22 00:50:15
66dbe8d6-0aca-11e7-82f6-3863bb44ef7c,21,21,0,31,1,1769060837,2026-01-22 00:50:15
d3433b47-99a7-4b21-9fa7-d7052bb5c23b,7,6,1,10,1,1769060835,2026-01-22 00:50:15
1860188194745712748,14,0,14,8,1,1769060836,2026-01-22 00:50:15
7603028c-8b04-4918-8a25-a087ce57aea4,12,0,12,18,1,1769060834,2026-01-22 00:50:15
04d557d6-6bc3-4244-b0f1-81ed1449ccd6,8,6,2,10,1,1769060835,2026-01-22 00:50:15
66dde197-0aca-11e7-82f6-3863bb44ef7c,9,8,1,32,1,1769060834,2026-01-22 00:50:15
1786696384892428996,6,4,2,14,1,1769060839,2026-01-22 00:50:15
1836581807397045112,2,1,1,22,1,1769060839,2026-01-22 00:50:15
96878d29-481d-48dc-bcdc-a5f1ce88c76d,2,1,1,17,1,1769060839,2026-01-22 00:50:15
3e9e50cc-f336-439f-bd0b-dec5499c038d,44,36,8,1,1,1769060839,2026-01-22 00:50:15
66ddeffd-0aca-11e7-82f6-3863bb44ef7c,6,5,1,11,1,1769060834,2026-01-22 00:50:15
66dc1c5c-0aca-11e7-82f6-3863bb44ef7c,52,38,14,27,1,1769060832,2026-01-22 00:50:15
1828968794479100296,11,4,7,6,1,1769060843,2026-01-22 00:50:15
66de5773-0aca-11e7-82f6-3863bb44ef7c,13,7,6,2,1,1769060843,2026-01-22 00:50:15
66de0933-0aca-11e7-82f6-3863bb44ef7c,26,3,23,0,1,1769060843,2026-01-22 00:50:15
66de5ace-0aca-11e7-82f6-3863bb44ef7c,7,2,5,16,1,1769060843,2026-01-22 00:50:15
b94d0241-bce7-44a9-ab1c-ece0740a4134,18,10,8,0,1,1769060843,2026-01-22 00:50:15
c3d5f47f-cfc3-4c1f-86bb-bcf770d2949b,9,1,8,16,1,1769060841,2026-01-22 00:50:15
66de08c9-0aca-11e7-82f6-3863bb44ef7c,14,1,13,6,1,1769060841,2026-01-22 00:50:15
cd118a8f-a7d1-4b7a-a6d3-d9e875cb29df,18,13,5,6,1,1769060840,2026-01-22 00:50:15
66ddd369-0aca-11e7-82f6-3863bb44ef7c,28,19,9,35,1,1769060841,2026-01-22 00:50:15
bfbd1f09-afd2-49d2-8674-3a07b3c929a4,17,6,11,6,1,1769060841,2026-01-22 00:50:15
66db7a71-0aca-11e7-82f6-3863bb44ef7c,8,6,2,30,1,1769060842,2026-01-22 00:50:15
9d95a4a9-bcfe-4189-bb7d-abd9992ecbaf,14,5,9,2,1,1769060842,2026-01-22 00:50:15
1885442082749874736,2,2,0,19,1,1769060842,2026-01-22 00:50:15
66dd1585-0aca-11e7-82f6-3863bb44ef7c,37,1,36,2,1,1769060842,2026-01-22 00:50:15
61bc2467-aa8c-4386-ba9e-3f01120bd6b8,2,2,0,22,1,1769060842,2026-01-22 00:50:15
1856766912456610780,5,3,2,19,1,1769060842,2026-01-22 00:50:15
bd1760ad-3af3-4ede-9bd7-c8fbf46d7192,3,1,2,18,1,1769060842,2026-01-22 00:50:15
b0239a13-649a-4d31-aa04-56b8aaeba4d4,3,3,0,15,1,1769060840,2026-01-22 00:50:15
66db44e5-0aca-11e7-82f6-3863bb44ef7c,17,5,12,22,1,1769060840,2026-01-22 00:50:15
122111c9-9a61-4372-a756-fb2495611cb6,16,15,1,0,1,1769060840,2026-01-22 00:50:15
e5b2a7ce-d867-465b-8446-743e00617068,1,1,0,19,1,1769060840,2026-01-22 00:50:15
344b52b0-73a9-4fe3-9132-23d0502dc0ae,6,2,4,12,1,1769060843,2026-01-22 00:50:15
66dc4599-0aca-11e7-82f6-3863bb44ef7c,23,20,3,0,1,1769060844,2026-01-22 00:50:15
e4645d0d-8b76-4c46-b2b9-be25592e0659,15,7,8,9,1,1769060844,2026-01-22 00:50:15
62089e99-7f73-4f59-816d-57f9793484a1,10,10,0,9,1,1769060844,2026-01-22 00:50:15
1815968147129520346,0,0,0,22,1,1769060845,2026-01-22 00:50:15
1869851741257474316,26,1,25,1,1,1769060841,2026-01-22 00:50:15
1848242058183072050,15,4,11,4,1,1769060847,2026-01-22 00:50:15
66dbf518-0aca-11e7-82f6-3863bb44ef7c,6,4,2,22,1,1769060848,2026-01-22 00:50:15
1860187181307969634,19,1,18,2,1,1769060847,2026-01-22 00:50:15
59ad8f95-32a4-43de-b1c3-79c667b2d2df,1,1,0,26,1,1769060847,2026-01-22 00:50:15
66dc1beb-0aca-11e7-82f6-3863bb44ef7c,22,13,9,81,1,1769060845,2026-01-22 00:50:15
2576805f-9732-4c74-8f1d-57715e8cdfa2,9,2,7,19,1,1769060848,2026-01-22 00:50:15
85b77b8d-32b8-4049-a407-64319916e2c5,5,5,0,14,1,1769060848,2026-01-22 00:50:15
8fa2fafb-fa07-48b2-b159-bffbea7176d4,1,0,1,17,1,1769060849,2026-01-22 00:50:15
1875672501601550456,0,0,0,18,1,1769060849,2026-01-22 00:50:15
2127386446510160022,2,2,0,17,1,1769060849,2026-01-22 00:50:15
141eb0e0-e78d-411a-a0be-202a6424cc93,15,4,11,11,1,1769060850,2026-01-22 00:50:15
2124037775602344266,4,0,4,11,1,1769060851,2026-01-22 00:50:15
f91170e6-a33c-4870-94da-9d51510515d2,3,2,1,14,1,1769060851,2026-01-22 00:50:15
b62bcd96-c2db-447c-bdd5-d3c18f174858,6,0,6,10,1,1769060852,2026-01-22 00:50:15
66db2d2b-0aca-11e7-82f6-3863bb44ef7c,38,36,2,12,1,1769060852,2026-01-22 00:50:15
3d339282-d5c7-41ec-b634-6a988aefd440,2,0,2,15,1,1769060852,2026-01-22 00:50:15
550153a5-2ea1-4c76-b1cd-77667005f55d,16,4,12,11,1,1769060852,2026-01-22 00:50:15
d7904cd0-4b1b-47d0-8103-937bcf5ff845,0,0,0,5,0,1769040188,2026-01-22 00:50:15
d9ec5589-c872-46f2-88cd-e54f9c596721,7,1,6,13,1,1769060847,2026-01-22 00:50:15
db29242d-6ff3-4e22-85fe-45fa3d03ec39,5,2,3,14,1,1769060846,2026-01-22 00:50:15
78b4aa30-e4e9-4447-9419-c89f8527892e,9,7,2,11,1,1769060848,2026-01-22 00:50:15
88ee054e-bdeb-4305-8f3b-76eb964f2c84,2,1,1,12,1,1769060848,2026-01-22 00:50:15
28be450b-7878-4495-add2-61afd94f375a,17,8,9,0,1,1769060848,2026-01-22 00:50:15
66dcfaf6-0aca-11e7-82f6-3863bb44ef7c,11,1,10,6,1,1769060849,2026-01-22 00:50:15
66dea6e1-0aca-11e7-82f6-3863bb44ef7c,0,0,0,64,1,1769060849,2026-01-22 00:50:15
66de2b97-0aca-11e7-82f6-3863bb44ef7c,36,25,11,3,1,1769060849,2026-01-22 00:50:15
1828967027013302842,9,3,6,9,1,1769060850,2026-01-22 00:50:15
bbb48e80-7d2f-4b3c-bb8c-591bc931945a,16,11,5,2,1,1769060851,2026-01-22 00:50:15
1938139112487078732,26,15,11,4,1,1769060850,2026-01-22 00:50:15
66db63f4-0aca-11e7-82f6-3863bb44ef7c,17,8,9,0,1,1769060851,2026-01-22 00:50:15
7bdd60e9-c0fd-40f6-aa9a-d5fa004d4fe3,16,5,11,3,1,1769060850,2026-01-22 00:50:15
4dcff9e7-7cb6-4d3d-ad67-c2e4c05933d3,8,3,5,14,1,1769060852,2026-01-22 00:50:15
cc834d78-6eca-450a-ae00-a5ffc6f1a7a6,15,0,15,0,1,1769060845,2026-01-22 00:50:15
d33261e6-600e-4756-ad03-a9facbd8ace1,12,1,11,10,1,1769060845,2026-01-22 00:50:15
1838070776953752336,2,1,1,20,1,1769060846,2026-01-22 00:50:15
47bcbcc1-9241-4e65-99f1-07c15543be1b,15,6,9,16,1,1769060855,2026-01-22 00:50:15
623c9658-5544-4254-847e-738763cf45a3,6,2,4,13,1,1769060854,2026-01-22 00:50:15
94f77501-32e5-4539-90c6-82d4198f7991,14,9,5,8,1,1769060855,2026-01-22 00:50:15
085da8d4-9465-46f0-82d1-10c9c9177d64,3,2,1,16,1,1769060855,2026-01-22 00:50:15
2098714441479661752,9,7,2,5,1,1769060855,2026-01-22 00:50:15
66dbe7b6-0aca-11e7-82f6-3863bb44ef7c,6,4,2,20,1,1769060856,2026-01-22 00:50:15
1840540966407039246,18,2,16,2,1,1769060857,2026-01-22 00:50:15
eb41a103-0196-4f19-a440-256167191a7d,0,0,0,18,1,1769060857,2026-01-22 00:50:15
a2f71eea-05a2-4fe7-99ab-f74535c880ae,11,7,4,12,1,1769060857,2026-01-22 00:50:15
66dbbc4a-0aca-11e7-82f6-3863bb44ef7c,20,8,12,6,1,1769060857,2026-01-22 00:50:15
3863f086-ae35-4d0e-8c91-2b6e3e5827a1,9,0,9,27,1,1769060857,2026-01-22 00:50:15
284b08f2-3d26-4f52-9463-25e4a07c16f7,17,4,13,8,1,1769060855,2026-01-22 00:50:15
3c8847a6-c12a-40fd-9b22-4582ac1a0d9d,14,10,4,9,1,1769060856,2026-01-22 00:50:15
3c135a2e-eeea-4e81-9c0a-8d14a6049198,12,6,6,7,1,1769060856,2026-01-22 00:50:15
a3e2b360-f050-48ea-b8c8-57d897b8f7fc,3,1,2,13,1,1769060856,2026-01-22 00:50:15
1860188907884823208,1,0,1,19,1,1769060852,2026-01-22 00:50:15
66dde914-0aca-11e7-82f6-3863bb44ef7c,28,15,12,7,1,1769060858,2026-01-22 00:50:15
2f656bc4-7743-4326-8330-a22bd41d9d17,26,18,8,13,1,1769060853,2026-01-22 00:50:15
2126274308236524392,2,0,2,10,1,1769060854,2026-01-22 00:50:15
66db3273-0aca-11e7-82f6-3863bb44ef7c,41,36,5,10,1,1769060854,2026-01-22 00:50:15
2743a950-3a1f-4a58-8fe0-f4105033e0e3,16,16,0,7,1,1769060857,2026-01-22 00:50:15
361dd964-db79-47dd-b044-eac88c735249,0,0,0,18,1,1769060858,2026-01-22 00:50:15
66de4078-0aca-11e7-82f6-3863bb44ef7c,9,1,8,9,1,1769060860,2026-01-22 00:50:15
632b140c-65de-4f50-9cc2-c001ae011aea,16,10,6,42,1,1769060861,2026-01-22 00:50:15
bb32aad7-8308-4ff8-b073-d5b518ffdd09,12,12,0,26,1,1769060861,2026-01-22 00:50:15
66db7637-0aca-11e7-82f6-3863bb44ef7c,26,11,15,16,1,1769060862,2026-01-22 00:50:15
a1acdab2-29c7-4956-8b2e-24b39dc2ff13,9,3,6,47,1,1769060861,2026-01-22 00:50:15
b4063b76-1abd-465c-96a4-45f6ee016bc5,3,2,1,13,1,1769060864,2026-01-22 00:50:15
66dd546c-0aca-11e7-82f6-3863bb44ef7c,4,0,4,17,1,1769060864,2026-01-22 00:50:15
ccfa8b82-07a7-4a08-88fc-be261c30a4ca,5,5,0,17,1,1769060864,2026-01-22 00:50:15
82dd89f6-1e5a-4a8f-8660-13cb64349e94,4,0,4,14,1,1769060864,2026-01-22 00:50:15
a4bb6fac-b795-4aa7-a266-613419019290,0,0,0,18,1,1769060865,2026-01-22 00:50:15
e8a6c13b-1f6e-4e6b-bdf8-9b0e597e4a62,8,2,6,25,1,1769060860,2026-01-22 00:50:15
1880644160834607498,20,13,7,3,1,1769060860,2026-01-22 00:50:15
3c6c0d12-80dd-4c49-b7c5-e3549588b8cf,12,4,8,13,1,1769060860,2026-01-22 00:50:15
fda0c217-9504-4b26-8a25-e40b603ee5fa,0,0,0,16,1,1769060860,2026-01-22 00:50:15
66de48f9-0aca-11e7-82f6-3863bb44ef7c,16,0,16,0,1,1769060860,2026-01-22 00:50:15
1869753812884512816,5,2,3,15,1,1769060860,2026-01-22 00:50:15
66dd1846-0aca-11e7-82f6-3863bb44ef7c,33,3,30,13,1,1769060863,2026-01-22 00:50:15
4b67c6e0-d603-4fbc-afbe-0b8952f4f7af,15,3,12,19,1,1769060862,2026-01-22 00:50:15
1846086665080867236,11,2,9,9,1,1769060862,2026-01-22 00:50:15
66db2fd0-0aca-11e7-82f6-3863bb44ef7c,3,2,1,27,1,1769060862,2026-01-22 00:50:15
e3e6105e-eaa2-43c5-badb-fb8592ad7227,7,3,4,17,1,1769060862,2026-01-22 00:50:15
2126579471787670468,12,5,7,8,1,1769060863,2026-01-22 00:50:15
d7d297fd-36dc-42f2-8e3b-24b1003be874,15,7,8,1,1,1769060862,2026-01-22 00:50:15
594b4656-9d83-4301-8967-3b92c126531c,21,12,9,1,1,1769060869,2026-01-22 00:50:15
66de5613-0aca-11e7-82f6-3863bb44ef7c,71,13,58,1,1,1769060868,2026-01-22 00:50:15
66de099d-0aca-11e7-82f6-3863bb44ef7c,21,15,6,16,1,1769060868,2026-01-22 00:50:15
2143247416766638978,13,12,1,31,1,1769060869,2026-01-22 00:50:15
66db4671-0aca-11e7-82f6-3863bb44ef7c,27,25,2,17,1,1769060869,2026-01-22 00:50:15
2126621966735272262,8,0,8,3,1,1769060869,2026-01-22 00:50:15
2366d8a4-7a49-42f3-9afe-efd2b200336b,3,2,1,17,1,1769060869,2026-01-22 00:50:15
1e3a16ff-65ba-4d34-b3c6-37aff44e085a,7,5,2,33,1,1769060869,2026-01-22 00:50:15
901cab1a-a77e-424e-b602-16883e792f93,2,1,1,17,1,1769060869,2026-01-22 00:50:15
42032bf9-4599-4035-bc01-c80bec1a7122,11,5,6,9,1,1769060869,2026-01-22 00:50:15
a0eec052-257a-4c79-8171-6e2ad9864ad0,17,4,13,12,1,1769060869,2026-01-22 00:50:15
1885439359712500016,0,0,0,23,1,1769060865,2026-01-22 00:50:15
328d778a-7e71-4240-acae-b84f0fdaa5c5,5,5,0,19,1,1769060866,2026-01-22 00:50:15
d47c856e-8cda-4da0-b8eb-1ccf0e6ef7ab,9,2,7,21,1,1769060866,2026-01-22 00:50:15
cad68b8c-6d68-4c5f-88fe-b1aa3e40727a,15,0,15,5,1,1769060866,2026-01-22 00:50:15
158e7752-27e2-4912-be0b-eb15405aa096,7,2,5,13,1,1769060866,2026-01-22 00:50:15
ecc52c52-e2d9-4e73-8f9c-18ad8e9b0606,9,0,9,12,1,1769060867,2026-01-22 00:50:15
d34f2271-10ee-40c3-a93a-09df58860512,9,8,1,7,1,1769060867,2026-01-22 00:50:15
d8673258-9513-4ed2-86bf-bef62e7e4e30,4,4,0,13,1,1769060867,2026-01-22 00:50:15
6f21be51-6fde-4cde-b1db-b102a5f67300,19,1,18,2,1,1769060870,2026-01-22 00:50:15
5736cd70-be41-483e-8d82-721874f40e6e,6,5,1,13,1,1769060870,2026-01-22 00:50:15
db41cc62-86ea-4421-bfaf-9b6511cfee10,0,0,0,30,1,1769060870,2026-01-22 00:50:15
36edabac-a0c2-471b-abaf-73fdb53a4e5f,0,0,0,20,1,1769060871,2026-01-22 00:50:15
2687f2e1-3529-464d-82eb-e4f61440c563,0,0,0,17,1,1769060871,2026-01-22 00:50:15
647a2a80-9630-41b0-9b91-1f464b0bf3cc,43,43,0,34,1,1769060868,2026-01-22 00:50:15
fe93b3ae-1d86-4ee9-9eb6-9e11808966aa,7,4,3,13,1,1769060868,2026-01-22 00:50:15
d7632897-a6eb-4f8f-9ab2-c66426620fbf,9,0,9,6,1,1769060868,2026-01-22 00:50:15
1064b4b0-e9c8-4139-ac48-f118305dbe69,4,4,0,18,1,1769060868,2026-01-22 00:50:15
66dc192f-0aca-11e7-82f6-3863bb44ef7c,17,15,2,5,1,1769060871,2026-01-22 00:50:15
66dce5c9-0aca-11e7-82f6-3863bb44ef7c,16,4,12,1,1,1769060871,2026-01-22 00:50:15
1796642668661690940,13,1,12,8,1,1769060872,2026-01-22 00:50:15
66dea596-0aca-11e7-82f6-3863bb44ef7c,6,4,2,18,1,1769060872,2026-01-22 00:50:15
2026068766494475116,31,26,5,1,1,1769060872,2026-01-22 00:50:15
66db2afe-0aca-11e7-82f6-3863bb44ef7c,40,24,16,5,1,1769060872,2026-01-22 00:50:15
3eed817a-63e5-424b-8ed3-c809db5488f7,48,24,24,6,1,1769060872,2026-01-22 00:50:15
66dd448f-0aca-11e7-82f6-3863bb44ef7c,21,21,0,21,1,1769060875,2026-01-22 00:50:15
1893622839585237496,30,9,21,42,1,1769060875,2026-01-22 00:50:15
4034789e-b70d-4aae-bf18-3ed37a4d751f,17,6,11,2,1,1769060876,2026-01-22 00:50:15
1b985e4b-88de-42a8-95be-dce37dbbc5c5,8,0,8,15,1,1769060875,2026-01-22 00:50:15
203d7b9a-8666-4af1-81c7-f9fc36aa0952,2,2,0,15,1,1769060876,2026-01-22 00:50:15
cc758f1a-8b28-4ff5-bc75-fbe62c453378,4,1,3,16,1,1769060876,2026-01-22 00:50:15
1861682444178541220,24,1,23,11,1,1769060875,2026-01-22 00:50:15
1846085927885781554,10,0,10,11,1,1769060873,2026-01-22 00:50:15
79c4a612-a5df-4814-9e6b-6305da61ebc4,17,0,17,1,1,1769060873,2026-01-22 00:50:15
625711ba-3b5d-46a7-a8f9-7f4eb17ec1be,8,4,4,16,1,1769060873,2026-01-22 00:50:15
1828967830172187422,3,0,3,24,1,1769060874,2026-01-22 00:50:15
1893542109140147108,7,3,4,13,1,1769060875,2026-01-22 00:50:15
fa14408f-6e88-4668-86ee-ce10ea707f36,51,14,37,18,1,1769060877,2026-01-22 00:50:15
4c3b6e25-b0c2-4a3f-b07e-cd60cd1b0ac0,0,0,0,16,1,1769060877,2026-01-22 00:50:15
5db1fefa-0f10-4c58-a7ce-113f3164ced8,13,4,9,4,1,1769060877,2026-01-22 00:50:15
c0c6a931-c1d3-4202-a433-c4127a4cd846,4,2,2,15,1,1769060877,2026-01-22 00:50:15
1835247196073118026,11,2,9,6,1,1769060877,2026-01-22 00:50:15
2137774972219769002,8,2,6,2,1,1769060876,2026-01-22 00:50:15
66db69d0-0aca-11e7-82f6-3863bb44ef7c,26,15,11,7,1,1769060875,2026-01-22 00:50:15
66dd2208-0aca-11e7-82f6-3863bb44ef7c,23,8,15,18,1,1769060875,2026-01-22 00:50:15
002e6e9f-ced2-47b0-bc7e-ccf38c3b4b0f,8,3,5,10,1,1769060875,2026-01-22 00:50:15
1828965671716082498,14,3,11,4,1,1769060873,2026-01-22 00:50:15
1828969323789472168,7,1,6,9,1,1769060877,2026-01-22 00:50:15
38bb1218-0a9e-41d9-b2ef-25c8626dac29,17,0,17,4,1,1769060877,2026-01-22 00:50:15
66db64d1-0aca-11e7-82f6-3863bb44ef7c,16,7,9,4,1,1769060877,2026-01-22 00:50:15
be8e6f1c-e8b5-40bd-896d-423052ba3bbc,8,6,2,8,1,1769060878,2026-01-22 00:50:15
5c3c345d-1975-400d-a9d8-18815816886e,20,20,0,35,1,1769060879,2026-01-22 00:50:15
1d167807-0aa8-413a-b7a0-01c2ca8a6a60,11,9,2,9,1,1769060879,2026-01-22 00:50:15
668ef22c-4665-4f42-bf6a-ab9e8a2899b1,9,2,7,14,1,1769060879,2026-01-22 00:50:15
2119506830683992262,31,17,14,17,1,1769060879,2026-01-22 00:50:15
1851999409149780880,12,3,9,8,1,1769060880,2026-01-22 00:50:15
66dbeded-0aca-11e7-82f6-3863bb44ef7c,17,3,14,7,1,1769060880,2026-01-22 00:50:15
b516fedb-3ced-4683-8c17-7e5f6dadf04d,29,7,22,3,1,1769060881,2026-01-22 00:50:15
1848242216849312578,11,1,10,7,1,1769060882,2026-01-22 00:50:15
1b22c037-207d-454a-90aa-8f22d0a8a7e3,21,5,16,0,1,1769060881,2026-01-22 00:50:15
1834145330979754058,0,0,0,22,1,1769060881,2026-01-22 00:50:15
66dc252e-0aca-11e7-82f6-3863bb44ef7c,34,13,21,0,1,1769060880,2026-01-22 00:50:15
1860190006584693708,6,3,3,13,1,1769060880,2026-01-22 00:50:15
18fcd2c1-dc8b-4a52-9f18-e9b9003bbea5,42,34,8,11,1,1769060881,2026-01-22 00:50:15
45e8c326-b12d-4be6-b040-bb6de9986d25,15,5,10,1,1,1769060881,2026-01-22 00:50:15
8ea09819-cd88-4732-b047-c0549f0b370f,23,3,20,7,1,1769060881,2026-01-22 00:50:15
44a80c48-c1a9-4ff1-92eb-6bf8be492f5e,11,9,2,11,1,1769060878,2026-01-22 00:50:15
dfad8e49-7e1b-4376-90b4-7a449319f294,4,1,3,17,1,1769060878,2026-01-22 00:50:15
844c68cc-19f0-474a-86d3-4af170117aae,0,0,0,21,1,1769060882,2026-01-22 00:50:15
2124382079594320876,6,2,4,8,1,1769060882,2026-01-22 00:50:15
f15ccc6e-5a7c-46e7-b505-0bfc9cae3d83,4,2,2,23,1,1769060883,2026-01-22 00:50:15
ad41e353-033e-484f-8d76-78014e11e9d7,5,2,3,12,1,1769060883,2026-01-22 00:50:15
ce95fbdd-b7d2-46fc-910d-5c170e4b7610,3,0,3,15,1,1769060883,2026-01-22 00:50:15
e34bb92f-6911-449a-999b-5bc80e0322fe,4,2,2,14,1,1769060883,2026-01-22 00:50:15
66de4594-0aca-11e7-82f6-3863bb44ef7c,16,6,10,10,1,1769060883,2026-01-22 00:50:15
be2bdee1-e3e9-45cc-94f0-2ba81a722ba3,12,11,1,6,1,1769060883,2026-01-22 00:50:15
b9d3134b-697f-4a0f-b90f-d95f6c69ffda,10,4,6,8,1,1769060883,2026-01-22 00:50:15
66db402c-0aca-11e7-82f6-3863bb44ef7c,59,20,39,28,1,1769060884,2026-01-22 00:50:15
fd081854-3f37-420a-9785-ea63c09c12ad,1,1,0,18,1,1769060882,2026-01-22 00:50:15
4d79bdb9-7c35-4d35-9f6e-3c1b849c453a,12,11,1,29,1,1769060884,2026-01-22 00:50:15
d1138533-504c-4d29-b71c-299e1d31f159,24,4,20,12,1,1769060884,2026-01-22 00:50:15
1861682702044957494,9,8,1,9,1,1769060885,2026-01-22 00:50:15
59e3766c-0629-4ff1-a1d9-bc0514a55487,10,4,6,14,1,1769060884,2026-01-22 00:50:15
1869439368558197224,5,3,2,17,1,1769060886,2026-01-22 00:50:15
993fc83f-52c6-43f4-bb49-4abe4ad48150,1,0,1,18,1,1769060887,2026-01-22 00:50:15
66db88f5-0aca-11e7-82f6-3863bb44ef7c,4,1,2,31,1,1769060887,2026-01-22 00:50:15
d9ea5210-50b3-4342-9801-f896bd21f4a1,2,2,0,21,1,1769060888,2026-01-22 00:50:15
66db34fc-0aca-11e7-82f6-3863bb44ef7c,12,7,5,20,1,1769060887,2026-01-22 00:50:15
2123940148896639644,9,8,1,0,1,1769060887,2026-01-22 00:50:15
66dea894-0aca-11e7-82f6-3863bb44ef7c,43,29,14,6,1,1769060888,2026-01-22 00:50:15
66dde8ac-0aca-11e7-82f6-3863bb44ef7c,4,3,1,34,1,1769060888,2026-01-22 00:50:15
53e30d38-a110-42b4-a8f9-ca801a847ac7,28,14,14,17,1,1769060888,2026-01-22 00:50:15
66dd0808-0aca-11e7-82f6-3863bb44ef7c,6,0,6,20,1,1769060888,2026-01-22 00:50:15
547cdccc-7864-4898-97c9-8798d924ef54,30,5,25,34,1,1769060888,2026-01-22 00:50:15
66db74a5-0aca-11e7-82f6-3863bb44ef7c,34,6,28,16,1,1769060888,2026-01-22 00:50:15
1786375069262703476,24,8,16,4,1,1769060888,2026-01-22 00:50:15
66dce567-0aca-11e7-82f6-3863bb44ef7c,4,1,3,16,1,1769060888,2026-01-22 00:50:15
ca4e4962-2169-4559-8f60-b05ab7809750,20,6,14,12,1,1769060889,2026-01-22 00:50:15
d6834194-029d-4e2d-83b0-ee78ab5acda2,10,2,8,7,1,1769060889,2026-01-22 00:50:15
1815968026870435892,13,7,6,9,1,1769060886,2026-01-22 00:50:15
1899178885660253096,24,19,5,2,1,1769060886,2026-01-22 00:50:15
c809158b-ca8f-4a77-a800-8ee9d287c056,2,1,1,15,1,1769060889,2026-01-22 00:50:15
9a52fbc1-d87a-4a65-941d-12fd55dbcdde,20,2,18,0,1,1769060889,2026-01-22 00:50:15
66dd039b-0aca-11e7-82f6-3863bb44ef7c,0,0,1,22,1,1769060889,2026-01-22 00:50:15
f4f9a09c-010c-430c-a766-3390c44b4962,2,2,0,14,1,1769060889,2026-01-22 00:50:15
8d097a6d-f17c-4195-9dd4-42527b371c71,29,20,9,33,1,1769060890,2026-01-22 00:50:15
e1886e7a-62b1-4359-9835-8ab5a16371ae,4,1,3,18,1,1769060885,2026-01-22 00:50:15
1843486464469891376,1,0,1,17,1,1769060894,2026-01-22 00:50:15
1057229c-f8f8-4014-80cd-f40421c61cf0,0,0,0,17,1,1769060894,2026-01-22 00:50:15
61647ec6-dfd6-4d1c-8800-d488d390c627,5,4,1,30,1,1769060895,2026-01-22 00:50:15
43f3d3c7-46b0-4812-879d-15afe8804c5f,19,14,5,7,1,1769060895,2026-01-22 00:50:15
e780c290-0c52-4ab1-9719-a581be789df3,6,4,2,14,1,1769060894,2026-01-22 00:50:15
66dea674-0aca-11e7-82f6-3863bb44ef7c,4,2,2,16,1,1769060895,2026-01-22 00:50:15
285ad3c2-3ffe-45bb-8765-9c20a69641a6,13,8,5,4,1,1769060895,2026-01-22 00:50:15
ba0a4ada-c9f6-48b4-a7b3-7220f6fb88c2,1,1,0,23,1,1769060895,2026-01-22 00:50:15
35a5b4d6-2d90-4b60-b68b-03bb60fb1afc,7,6,1,11,1,1769060890,2026-01-22 00:50:15
2022386456542683974,27,2,25,5,1,1769060893,2026-01-22 00:50:15
e612122d-e0fd-4ebf-8d51-0f48f9d1b580,12,0,12,9,1,1769060894,2026-01-22 00:50:15
bbaae5d3-7e2b-46a8-872e-152404c664f7,22,1,21,5,1,1769060894,2026-01-22 00:50:15
0dc63044-e19c-474d-9df1-c3e504d03b07,44,17,27,0,1,1769060894,2026-01-22 00:50:15
66dc259a-0aca-11e7-82f6-3863bb44ef7c,34,23,11,46,1,1769060892,2026-01-22 00:50:15
66dc2238-0aca-11e7-82f6-3863bb44ef7c,6,2,4,72,1,1769060892,2026-01-22 00:50:15
b608193c-46ae-4b61-9e7a-4671e7c3b96e,5,3,2,14,1,1769060892,2026-01-22 00:50:15
15cb007b-bfca-4ad7-bfc6-44bf3d36785a,27,1,26,0,1,1769060892,2026-01-22 00:50:15
66dc2172-0aca-11e7-82f6-3863bb44ef7c,4,3,1,75,1,1769060892,2026-01-22 00:50:15
66dcbbfe-0aca-11e7-82f6-3863bb44ef7c,6,2,4,12,1,1769060893,2026-01-22 00:50:15
c066c90a-efb1-4f8b-aa15-38ba4edd4ebc,12,6,6,8,1,1769060893,2026-01-22 00:50:15
387e2863-83ad-4589-8004-794a7b624801,14,10,4,4,1,1769060893,2026-01-22 00:50:15
66dcbe7c-0aca-11e7-82f6-3863bb44ef7c,7,6,1,11,1,1769060893,2026-01-22 00:50:15
1932126716328112534,21,1,20,0,1,1769060896,2026-01-22 00:50:15
724aeecc-8c91-4afc-b97c-72a98de452c9,3,1,2,14,1,1769060896,2026-01-22 00:50:15
66dc8f1f-0aca-11e7-82f6-3863bb44ef7c,36,19,17,15,1,1769060891,2026-01-22 00:50:15
1838999521825487230,19,0,19,0,1,1769060892,2026-01-22 00:50:15
66dc21d4-0aca-11e7-82f6-3863bb44ef7c,0,0,0,48,1,1769060892,2026-01-22 00:50:15
66dc76cd-0aca-11e7-82f6-3863bb44ef7c,32,32,0,0,1,1769060896,2026-01-22 00:50:15
0b94cc1e-2327-4679-99d9-3b21ddc02051,16,3,13,15,1,1769060897,2026-01-22 00:50:15
93c28953-7e65-436e-9c5a-9d7ca0e3729f,16,10,6,7,1,1769060896,2026-01-22 00:50:15
1828966104320053340,9,0,9,9,1,1769060897,2026-01-22 00:50:15
66dd491c-0aca-11e7-82f6-3863bb44ef7c,12,9,3,22,1,1769060897,2026-01-22 00:50:15
66dc2bc5-0aca-11e7-82f6-3863bb44ef7c,5,3,2,102,1,1769060897,2026-01-22 00:50:15
0c106e83-c47a-4233-b5e4-62bbb75d0bed,0,0,0,17,1,1769060898,2026-01-22 00:50:15
9e5fd5b6-c5f2-4694-9406-a44b7d0146d9,31,18,13,6,1,1769060898,2026-01-22 00:50:15
1e83ffdc-8e72-45c0-8210-4f37e60505c9,10,2,8,24,1,1769060898,2026-01-22 00:50:15
66dbf4ac-0aca-11e7-82f6-3863bb44ef7c,25,15,10,19,1,1769060898,2026-01-22 00:50:15
1845676816555735590,11,1,10,11,1,1769060898,2026-01-22 00:50:15
66dc8b6a-0aca-11e7-82f6-3863bb44ef7c,34,0,34,15,1,1769060898,2026-01-22 00:50:15
1815967159287043052,10,0,10,13,1,1769060898,2026-01-22 00:50:15
66de482a-0aca-11e7-82f6-3863bb44ef7c,12,10,2,6,1,1769060897,2026-01-22 00:50:15
66dcf0b3-0aca-11e7-82f6-3863bb44ef7c,0,0,0,27,1,1769060897,2026-01-22 00:50:15
66dbe848-0aca-11e7-82f6-3863bb44ef7c,92,67,25,25,1,1769060897,2026-01-22 00:50:15
dd351a72-4241-4275-843d-0fffa8a1f414,12,12,0,9,1,1769060897,2026-01-22 00:50:15
67f60e7e-397a-4e47-b7f9-d10bd67133b3,1,1,0,47,1,1769060898,2026-01-22 00:50:15
4eb6d6a8-ecc1-4e89-a586-4f96ed3d83e1,5,4,1,21,1,1769060897,2026-01-22 00:50:15
7a725e59-49be-4c1d-9c3d-3b3a8ed1232f,10,7,3,11,1,1769060898,2026-01-22 00:50:15
aa8fc8b7-b66c-41d9-9885-30b8af599378,0,0,0,0,0,86400,2026-01-22 00:50:15
1906248765431831024,0,0,0,0,0,86400,2026-01-22 00:50:15
067d5007-bda5-4697-b0a2-ccc2837f295c,0,0,0,0,0,86400,2026-01-22 00:50:15
1954778813955578360,0,0,0,0,0,86400,2026-01-22 00:50:15
2171904301452603832,0,0,0,0,0,86400,2026-01-22 00:50:15
2124037384760320326,0,0,0,0,0,86400,2026-01-22 00:50:15
66db316a-0aca-11e7-82f6-3863bb44ef7c,0,0,0,3,0,1769021019,2026-01-22 00:50:15
3bfc859b-5c5f-43bc-b2e7-b64ed8ea9ede,7,0,7,12,1,1769060539,2026-01-22 00:50:15
e35494b4-5811-4d2a-87de-4430e56bce2d,2,2,0,18,1,1769060777,2026-01-22 00:50:15
add829db-2feb-4e81-af61-056791a6e53b,8,8,0,22,1,1769060778,2026-01-22 00:50:15
2126224759932600578,2,2,0,7,1,1769060528,2026-01-22 00:50:15
1835250318514342456,9,1,8,18,1,1769060777,2026-01-22 00:50:15
1945125793810207148,10,5,5,7,1,1769060781,2026-01-22 00:50:15
66dccd65-0aca-11e7-82f6-3863bb44ef7c,18,3,15,8,1,1769060782,2026-01-22 00:50:15
1e590819-53fd-415c-bc28-aed605ad3bcb,8,5,3,8,1,1769060783,2026-01-22 00:50:15
60a061d5-d984-4573-af3c-2054f4f59e94,9,7,2,9,1,1769060781,2026-01-22 00:50:15
1597ea95-0b6b-425a-8d13-ed86ee0754b5,3,1,2,16,1,1769060782,2026-01-22 00:50:15
c2291f8e-3b07-4671-82af-2b947825de4a,37,22,15,25,1,1769060783,2026-01-22 00:50:15
c83e1ef5-776e-417e-8ee2-d08ca121f884,9,9,0,18,1,1769060782,2026-01-22 00:50:15
d5ca6311-7471-480f-9c79-38baaafe34ba,19,1,18,9,1,1769060781,2026-01-22 00:50:15
ff2869f0-4381-4cf3-863e-a0d776ec53b4,65,29,36,23,1,1769060797,2026-01-22 00:50:15
66db3cab-0aca-11e7-82f6-3863bb44ef7c,24,16,8,6,1,1769060797,2026-01-22 00:50:15
1857217122161783302,23,4,19,6,1,1769060797,2026-01-22 00:50:15
66db9845-0aca-11e7-82f6-3863bb44ef7c,53,41,12,3,1,1769060798,2026-01-22 00:50:15
99d149f9-ad40-461e-beea-fcbf086f9b5a,27,20,7,38,1,1769060798,2026-01-22 00:50:15
97bcf094-ad77-4743-9c94-832c7300c090,11,3,8,5,1,1769060798,2026-01-22 00:50:15
faf021ad-9de5-44bd-b7f5-48127e8d5fea,22,1,21,1,1,1769060798,2026-01-22 00:50:15
6fcad2af-c3e2-47a4-8942-023ae4047e67,13,9,4,5,1,1769060798,2026-01-22 00:50:15
b1f3eb8c-07f9-479f-a8ab-f04e094bc7d0,12,6,6,8,1,1769060799,2026-01-22 00:50:15
66de1af4-0aca-11e7-82f6-3863bb44ef7c,23,21,2,12,1,1769060799,2026-01-22 00:50:15
01a1343d-9c7b-4a83-8a5a-a600187f19c4,3,1,2,26,1,1769060801,2026-01-22 00:50:15
0183d7d4-9e11-4429-94db-666a31239871,12,1,11,13,1,1769060797,2026-01-22 00:50:15
1828969417249358046,7,2,5,12,1,1769060796,2026-01-22 00:50:15
1882735162923150168,23,6,17,2,1,1769060799,2026-01-22 00:50:15
aa8270ec-4441-47d2-854b-5852e65fae66,1,0,1,17,1,1769060800,2026-01-22 00:50:15
1786696251091417274,27,14,13,8,1,1769060800,2026-01-22 00:50:15
66dca6f4-0aca-11e7-82f6-3863bb44ef7c,0,0,0,33,1,1769060800,2026-01-22 00:50:15
ad037fe2-4a28-4b55-863c-229aada0b43a,7,1,6,12,1,1769060801,2026-01-22 00:50:15
141ba25c-f4ea-4cec-ae7e-022401e23087,0,0,0,13,1,1769060799,2026-01-22 00:50:15
403c310e-26d5-4db5-9928-13c38b25053d,5,5,0,17,1,1769060799,2026-01-22 00:50:15
66dd1ad8-0aca-11e7-82f6-3863bb44ef7c,6,0,6,17,1,1769060799,2026-01-22 00:50:15
66de07ec-0aca-11e7-82f6-3863bb44ef7c,22,1,21,3,1,1769060800,2026-01-22 00:50:15
5d049d4b-0736-4323-834a-1b2454bd6551,10,8,2,14,1,1769060800,2026-01-22 00:50:15
1814900353536621062,25,9,16,3,1,1769060800,2026-01-22 00:50:15
42bf7170-61ab-44a0-aafe-1b89d7271718,13,7,6,16,1,1769060800,2026-01-22 00:50:15
66dcf394-0aca-11e7-82f6-3863bb44ef7c,4,4,0,27,1,1769060786,2026-01-22 00:50:15
66db3f01-0aca-11e7-82f6-3863bb44ef7c,41,25,16,6,1,1769060786,2026-01-22 00:50:15
dfe2c398-ff5c-4a8d-83c8-fa18801540d8,11,0,11,16,1,1769060787,2026-01-22 00:50:15
1828966882896859944,0,0,0,17,1,1769060786,2026-01-22 00:50:15
1828968611856235508,2,2,0,17,1,1769060786,2026-01-22 00:50:15
c0b541ae-9e66-4739-babb-483180747dc2,3,0,3,15,1,1769060787,2026-01-22 00:50:15
66dd2556-0aca-11e7-82f6-3863bb44ef7c,40,22,18,0,1,1769060787,2026-01-22 00:50:15
1789e458-c466-4d77-aba6-365f5c3823ed,6,0,6,12,1,1769060789,2026-01-22 00:50:15
1877651952425321214,5,0,5,10,1,1769060788,2026-01-22 00:50:15
66dd42eb-0aca-11e7-82f6-3863bb44ef7c,3,3,0,57,1,1769060789,2026-01-22 00:50:15
3bf91ca1-14fd-4e51-858e-36a203f1af2a,5,5,0,12,1,1769060788,2026-01-22 00:50:15
b636a06c-c10e-417a-ac22-14cadb8f8993,17,7,10,1,1,1769060787,2026-01-22 00:50:15
10c13fe2-34cb-4aff-bea1-4f5ce877769b,8,2,6,8,1,1769060788,2026-01-22 00:50:15
079b5a90-1d2b-40b2-b1e9-71c075f16b89,7,4,3,10,1,1769060788,2026-01-22 00:50:15
c1c33a35-751f-4dd6-baef-82db46f7ab46,4,2,2,29,1,1769060790,2026-01-22 00:50:15
1860187301567054286,10,8,2,8,1,1769060790,2026-01-22 00:50:15
66db3d2a-0aca-11e7-82f6-3863bb44ef7c,13,0,13,46,1,1769060785,2026-01-22 00:50:15
66dcf897-0aca-11e7-82f6-3863bb44ef7c,2,0,2,27,1,1769060786,2026-01-22 00:50:15
66dc78c4-0aca-11e7-82f6-3863bb44ef7c,46,23,23,16,1,1769060785,2026-01-22 00:50:15
84b30f68-5404-453a-ae86-a2baff03a2c9,2,1,1,13,1,1769060784,2026-01-22 00:50:15
66dbf667-0aca-11e7-82f6-3863bb44ef7c,59,27,32,8,1,1769060785,2026-01-22 00:50:15
daaa3ac1-594c-48d2-9431-a8ced305ed5a,2,2,0,16,1,1769060791,2026-01-22 00:50:15
1b28836b-29fd-47a7-9a98-44cd792918fb,14,0,14,34,1,1769060793,2026-01-22 00:50:15
1989279523593928720,101,70,31,9,1,1769060792,2026-01-22 00:50:15
138094a0-cd7d-4014-9b21-4fb2afd3980e,7,2,5,18,1,1769060793,2026-01-22 00:50:15
581d8683-c217-4f96-89cb-b5a94d780b83,0,0,0,76,1,1769060793,2026-01-22 00:50:15
66dd40dd-0aca-11e7-82f6-3863bb44ef7c,3,1,2,26,1,1769060795,2026-01-22 00:50:15
1d8e51b0-8131-4c1f-93fb-f04952c157c0,1,0,1,26,1,1769060795,2026-01-22 00:50:15
66dd49eb-0aca-11e7-82f6-3863bb44ef7c,3,0,3,26,1,1769060792,2026-01-22 00:50:15
16e17ca1-b2dc-47d0-8c8b-199cb4736fe7,11,7,4,8,1,1769060804,2026-01-22 00:50:15
026fd07d-d810-45dc-9237-a3d84dce4fa9,12,1,11,10,1,1769060804,2026-01-22 00:50:15
c702c094-b08f-449d-a41d-b3724f147491,8,4,4,13,1,1769060804,2026-01-22 00:50:15
a11a0000-19cf-4053-b3a1-3a5886d7446c,24,7,17,16,1,1769060806,2026-01-22 00:50:15
98af0e1d-ea33-4c6e-95fe-97846e81081e,13,12,1,6,1,1769060806,2026-01-22 00:50:15
e7739b9e-7cc6-4cbb-98d3-669b8e2ae98b,8,1,7,14,1,1769060806,2026-01-22 00:50:15
30d6520e-b612-4240-a9ff-eec12b02b263,9,4,5,9,1,1769060806,2026-01-22 00:50:15
66dcbb2c-0aca-11e7-82f6-3863bb44ef7c,4,0,4,23,1,1769060807,2026-01-22 00:50:15
9dde927d-9984-4f97-bcd0-fbcb59e6ca66,12,1,11,5,1,1769060807,2026-01-22 00:50:15
66db2953-0aca-11e7-82f6-3863bb44ef7c,49,2,47,0,1,1769060812,2026-01-22 00:50:15
77a498ea-5693-46cc-a4b1-6e428f574797,21,4,17,3,1,1769060812,2026-01-22 00:50:15
66db8fde-0aca-11e7-82f6-3863bb44ef7c,32,20,12,20,1,1769060810,2026-01-22 00:50:15
2126622876727162948,7,2,5,4,1,1769060810,2026-01-22 00:50:15
66dbf442-0aca-11e7-82f6-3863bb44ef7c,40,15,15,38,1,1769060408,2026-01-22 00:50:15
5b0b689f-9bd2-4743-b4cc-d4629a9a709b,17,2,15,5,1,1769060811,2026-01-22 00:50:15
16cbe771-8fca-4437-b9d2-374e00da6c3a,16,7,9,7,1,1769060811,2026-01-22 00:50:15
4223f276-a4d4-45e0-b914-67f5ef1e81ba,10,3,7,14,1,1769060809,2026-01-22 00:50:15
2e74ea1d-02a0-47bf-9665-dce2d65de8d7,43,25,18,3,1,1769060809,2026-01-22 00:50:15
1835246815877178358,8,1,7,12,1,1769060810,2026-01-22 00:50:15
65e7908a-a73e-4f8e-9967-0d0677f62bc4,14,5,9,7,1,1769060810,2026-01-22 00:50:15
01f01352-50d4-484e-a611-576b18ac373a,30,2,28,2,1,1769060811,2026-01-22 00:50:15
d5788cfa-817e-4b65-b43f-edda222a3c3c,11,6,5,13,1,1769060811,2026-01-22 00:50:15
66db29e6-0aca-11e7-82f6-3863bb44ef7c,14,7,7,3,1,1769060811,2026-01-22 00:50:15
8f9ce302-2a6d-443c-8fe0-625b20021ea2,10,0,10,12,1,1769060811,2026-01-22 00:50:15
6853d09a-cbd8-4378-bc23-02e8bba0b4da,1,1,0,21,1,1769060812,2026-01-22 00:50:15
66db3a1e-0aca-11e7-82f6-3863bb44ef7c,5,4,1,13,1,1769060811,2026-01-22 00:50:15
95a52ce4-3597-47d1-8d6f-427cb3b8ca6a,1,1,0,22,1,1769060807,2026-01-22 00:50:15
66de2625-0aca-11e7-82f6-3863bb44ef7c,29,9,20,3,1,1769060807,2026-01-22 00:50:15
943be327-0320-4ae1-8eb0-8a56f86a4fb6,4,0,4,20,1,1769060813,2026-01-22 00:50:15
17aeb1e3-fd18-4cf9-9473-17dfa5b0a312,16,15,1,7,1,1769060814,2026-01-22 00:50:15
66db3aa3-0aca-11e7-82f6-3863bb44ef7c,36,35,1,15,1,1769060808,2026-01-22 00:50:15
66dc86d9-0aca-11e7-82f6-3863bb44ef7c,44,7,37,19,1,1769060808,2026-01-22 00:50:15
4cd5a87d-7618-4a15-892d-8cf29eec865c,17,4,13,1,1,1769060807,2026-01-22 00:50:15
56e18295-f760-4bf3-8aa3-5a1e4ebf606f,7,2,5,14,1,1769060807,2026-01-22 00:50:15
8c700e85-cfdb-4eef-ba49-53bd69c004ed,9,3,6,10,1,1769060808,2026-01-22 00:50:15
66ddb7bf-0aca-11e7-82f6-3863bb44ef7c,14,14,0,33,1,1769060807,2026-01-22 00:50:15
058ee86d-ce2a-4597-99f7-f78f082b33e3,0,0,0,18,1,1769060817,2026-01-22 00:50:15
30985a9c-afe4-4b98-a72c-2c72bb35603e,8,6,2,9,1,1769060817,2026-01-22 00:50:15
653ba606-f397-41e6-adc4-f775bf2d0c9f,14,2,12,8,1,1769060818,2026-01-22 00:50:15
876683ce-9bce-4fad-8d1c-6b331fa07b5c,42,12,30,2,1,1769060819,2026-01-22 00:50:15
2af3ecc3-4f43-468a-a7cc-bb4804ee3e7a,7,6,1,45,1,1769060820,2026-01-22 00:50:15
66db6cd4-0aca-11e7-82f6-3863bb44ef7c,31,12,19,20,1,1769060820,2026-01-22 00:50:15
b5010362-af16-4357-8fb7-5958576954c0,11,4,7,17,1,1769060818,2026-01-22 00:50:15
1851955603137491568,31,0,31,0,1,1769060819,2026-01-22 00:50:15
96a4da57-107a-43d1-8828-4749d5555461,8,1,7,22,1,1769060819,2026-01-22 00:50:15
c38e2cfc-04e6-419c-8bf8-d8713ccf6ea7,49,7,42,4,1,1769060819,2026-01-22 00:50:15
311269f4-53dc-4f83-b26b-ecb6e8e160ed,2,1,1,16,1,1769060816,2026-01-22 00:50:15
d56a8542-048a-4aca-ac7f-f27a9e6c908b,10,4,6,16,1,1769060817,2026-01-22 00:50:15
1794096976946852066,48,43,5,16,1,1769060817,2026-01-22 00:50:15
a35d03cf-bd72-4da4-a4ac-bd25b3f8dce3,13,10,3,5,1,1769060815,2026-01-22 00:50:15
ab692d1f-5a4a-4fff-b929-013c3a7e8a98,3,2,1,15,1,1769060815,2026-01-22 00:50:15
acfeadeb-73bb-4ec3-b809-78675b01af74,3,2,1,17,1,1769060815,2026-01-22 00:50:15
6db97fde-68ae-4d2b-b121-b7c17838bbe7,0,0,0,17,1,1769060816,2026-01-22 00:50:15
66dbc8f5-0aca-11e7-82f6-3863bb44ef7c,53,30,23,17,1,1769060815,2026-01-22 00:50:15
72796825-88b1-43a0-bb6d-2b41d337b1fc,23,10,13,8,1,1769060821,2026-01-22 00:50:15
66dd1b65-0aca-11e7-82f6-3863bb44ef7c,36,26,10,20,1,1769060821,2026-01-22 00:50:15
c1144380-c1ac-4315-9b1a-4b4e870ac688,4,0,4,15,1,1769060821,2026-01-22 00:50:15
1828969851041055492,5,2,3,17,1,1769060822,2026-01-22 00:50:15
1960020540642077008,37,31,6,10,1,1769060821,2026-01-22 00:50:15
1817627670084542818,10,3,7,12,1,1769060824,2026-01-22 00:50:15
1862787990429630662,2,2,0,16,1,1769060824,2026-01-22 00:50:15
6067af3d-f7ed-4149-a394-2fc2eb295872,56,18,38,1,1,1769060824,2026-01-22 00:50:15
1786698158713921798,18,2,16,23,1,1769060824,2026-01-22 00:50:15
0e82ab9f-8c93-4302-b9df-342f8135a05c,20,0,20,0,1,1769060824,2026-01-22 00:50:15
344064f8-e82f-40fb-b235-aff506b77ae5,4,1,3,24,1,1769060825,2026-01-22 00:50:15
18267c09-1916-48d8-951c-caf88c89edd1,4,3,1,11,1,1769060825,2026-01-22 00:50:15
1861681435029604706,18,10,8,4,1,1769060826,2026-01-22 00:50:15
05969d95-8a64-4007-abf1-afb847f2d426,6,1,5,16,1,1769060822,2026-01-22 00:50:15
facb0195-8daa-46e3-95e1-6f22fb678e8a,0,0,0,19,1,1769060822,2026-01-22 00:50:15
66dbc982-0aca-11e7-82f6-3863bb44ef7c,6,6,0,102,1,1769060822,2026-01-22 00:50:15
1d977221-b2b5-4fa2-bba0-b00136834fb3,5,1,4,13,1,1769060822,2026-01-22 00:50:15
6f484a9d-c535-451e-a18f-f3afdc0a27af,29,6,23,10,1,1769060823,2026-01-22 00:50:15
1975518396279321266,48,44,4,25,1,1769060823,2026-01-22 00:50:15
66de4408-0aca-11e7-82f6-3863bb44ef7c,16,5,11,5,1,1769060823,2026-01-22 00:50:15
2126624772423916318,7,2,5,2,1,1769060823,2026-01-22 00:50:15
454b4a83-d0b1-42a2-8163-261e2a9d6ab9,7,7,0,69,1,1769060821,2026-01-22 00:50:15
09b00240-4c2a-4900-9d09-f13344461c02,16,12,4,1,1,1769060821,2026-01-22 00:50:15
7d455e9a-20b4-4b03-8248-0d982fdfa21b,1,1,0,20,1,1769060821,2026-01-22 00:50:15
cd4b8e12-b2c7-479b-900d-59cf7d8c4276,11,2,9,4,1,1769060822,2026-01-22 00:50:15
de0c1800-f7cc-41b4-ab7a-c9d219180d06,9,6,3,53,1,1769060824,2026-01-22 00:50:15
8ce7325e-d5c7-46f9-9b73-95356e48c3eb,18,13,5,6,1,1769060826,2026-01-22 00:50:15
1843486757863039016,16,5,11,2,1,1769060826,2026-01-22 00:50:15
2122552934440059494,3,2,1,13,1,1769060829,2026-01-22 00:50:15
ab79da3d-f92a-42de-a76d-e05b5d7e724c,5,4,1,9,1,1769060828,2026-01-22 00:50:15
ab40ffde-f331-4194-adab-cb8c60b63f28,6,3,3,19,1,1769060831,2026-01-22 00:50:15
66de2131-0aca-11e7-82f6-3863bb44ef7c,2,0,2,32,1,1769060830,2026-01-22 00:50:15
b9970fb5-176c-4a66-8772-6d76c4b6245a,4,0,4,14,1,1769060831,2026-01-22 00:50:15
20f3a578-4dfa-45ca-a917-b394d77ee08e,12,0,12,16,1,1769060832,2026-01-22 00:50:15
66dc36c3-0aca-11e7-82f6-3863bb44ef7c,66,19,47,16,1,1769060832,2026-01-22 00:50:15
66dba0ba-0aca-11e7-82f6-3863bb44ef7c,14,8,6,26,1,1769060832,2026-01-22 00:50:15
cb04be8e-8edc-4c9d-bfc0-76f94e3a3d9b,31,0,31,11,1,1769060827,2026-01-22 00:50:15
9e99abca-c679-4788-9a4e-39066660bd6a,2,2,0,15,1,1769060827,2026-01-22 00:50:15
1431ec5c-242d-401b-b672-dbf95155999b,5,4,1,13,1,1769060830,2026-01-22 00:50:15
1823008917260927616,16,5,11,7,1,1769060834,2026-01-22 00:50:15
968d40e0-2a5b-4f6c-a161-fad1631b609b,6,6,0,8,1,1769060834,2026-01-22 00:50:15
1835247352748090208,20,16,4,2,1,1769060834,2026-01-22 00:50:15
66dc0d3a-0aca-11e7-82f6-3863bb44ef7c,16,6,10,3,1,1769060835,2026-01-22 00:50:15
1838617691511229014,1,0,1,21,1,1769060835,2026-01-22 00:50:15
016ee47a-4871-4209-91cb-bf3ceeddc991,4,3,1,14,1,1769060835,2026-01-22 00:50:15
1945126147213275898,10,6,4,11,1,1769060836,2026-01-22 00:50:15
66db8c10-0aca-11e7-82f6-3863bb44ef7c,26,13,13,9,1,1769060836,2026-01-22 00:50:15
66de5d57-0aca-11e7-82f6-3863bb44ef7c,0,0,0,22,1,1769060836,2026-01-22 00:50:15
aa120a3a-9f2b-4dfc-a88b-384bbb66838a,3,1,2,19,1,1769060836,2026-01-22 00:50:15
4e1a13af-1c3b-48f2-8586-5edceea97d61,1,1,0,18,1,1769060836,2026-01-22 00:50:15
1817432606668538118,12,9,3,13,1,1769060833,2026-01-22 00:50:15
66db237e-0aca-11e7-82f6-3863bb44ef7c,23,13,10,30,1,1769060833,2026-01-22 00:50:15
aba6e644-3ac8-4cdc-9bc6-763e9d82dee9,12,1,11,10,1,1769060833,2026-01-22 00:50:15
1861682960046954694,21,18,3,2,1,1769060833,2026-01-22 00:50:15
a1cf7115-8e38-4300-aac8-3a2fddca0e23,23,8,15,9,1,1769060835,2026-01-22 00:50:15
66de4c32-0aca-11e7-82f6-3863bb44ef7c,14,0,14,10,1,1769060832,2026-01-22 00:50:15
c9c09ed0-0a52-4d6a-a999-b0848874e51f,0,0,0,30,0,1768571529,2026-01-22 00:50:15
66dbf73d-0aca-11e7-82f6-3863bb44ef7c,29,21,8,6,1,1769060841,2026-01-22 00:50:15
1838070703178521596,1,0,1,18,1,1769060841,2026-01-22 00:50:15
59f0cb81-e31b-4ba9-9159-3437c52f7505,0,0,0,18,1,1769060842,2026-01-22 00:50:15
a381b37a-a928-4834-87ee-da9922cb3b3d,11,4,7,21,1,1769060841,2026-01-22 00:50:15
1834145064843958330,9,0,9,8,1,1769060841,2026-01-22 00:50:15
66de27da-0aca-11e7-82f6-3863bb44ef7c,12,10,2,9,1,1769060842,2026-01-22 00:50:15
36ddce8f-bd83-4a05-b601-b526fb4d8628,3,2,1,16,1,1769060841,2026-01-22 00:50:15
e71d152c-c2df-4d3e-a9af-139f2529bac6,12,0,12,5,1,1769060842,2026-01-22 00:50:15
b90574d1-e9e7-45be-8adb-e38cb285fea5,3,3,0,14,1,1769060839,2026-01-22 00:50:15
1929513834381415014,8,4,4,12,1,1769060840,2026-01-22 00:50:15
66de871c-0aca-11e7-82f6-3863bb44ef7c,5,4,1,53,1,1769060837,2026-01-22 00:50:15
74e104fb-1ddc-4f3e-a60b-220b6c4f300b,3,1,2,13,1,1769060839,2026-01-22 00:50:15
66dd4051-0aca-11e7-82f6-3863bb44ef7c,13,13,0,35,1,1769060839,2026-01-22 00:50:15
66dd470b-0aca-11e7-82f6-3863bb44ef7c,31,20,11,14,1,1769060840,2026-01-22 00:50:15
1815967313905864892,5,1,4,10,1,1769060840,2026-01-22 00:50:15
c01a9c97-6c04-4e3f-ad0b-958801d94ca1,11,0,11,3,1,1769060840,2026-01-22 00:50:15
bdefa3e3-aa5a-40eb-b7f8-542de55063e9,11,5,6,6,1,1769060838,2026-01-22 00:50:15
96cf4c1a-db2c-4d4b-af34-c31281b5904b,9,5,4,7,1,1769060838,2026-01-22 00:50:15
c0df5c09-2c07-4689-9fe8-36ed81301d7d,2,1,1,20,1,1769060838,2026-01-22 00:50:15
db02e1ea-acc1-4f45-8e3c-d37468b0b5a6,7,5,2,11,1,1769060840,2026-01-22 00:50:15
2039088532741595744,40,13,27,11,1,1769060838,2026-01-22 00:50:15
66dd9213-0aca-11e7-82f6-3863bb44ef7c,21,18,3,22,1,1769060841,2026-01-22 00:50:15
1860189426558126796,11,2,9,10,1,1769060843,2026-01-22 00:50:15
febf420f-bbec-4044-a3af-69959e018ccb,21,21,0,0,1,1769060843,2026-01-22 00:50:15
b3a9057e-7ff6-4117-b96e-e71c173cf1e9,9,2,7,8,1,1769060844,2026-01-22 00:50:15
1931758629658304788,6,1,5,18,1,1769060844,2026-01-22 00:50:15
66de1f17-0aca-11e7-82f6-3863bb44ef7c,23,23,0,9,1,1769060844,2026-01-22 00:50:15
1822663143025657920,23,6,17,1,1,1769060843,2026-01-22 00:50:15
66dc51e9-0aca-11e7-82f6-3863bb44ef7c,24,11,13,24,1,1769060843,2026-01-22 00:50:15
8603535e-0d7a-4c5b-ae77-27b9f5770bfa,16,14,2,9,1,1769060843,2026-01-22 00:50:15
1913995167022829826,16,3,13,3,1,1769060842,2026-01-22 00:50:15
66dc4bd9-0aca-11e7-82f6-3863bb44ef7c,84,72,12,12,1,1769060842,2026-01-22 00:50:15
9e9acfaf-0bbf-4bc2-a825-b2befb6bee55,28,14,14,2,1,1769060842,2026-01-22 00:50:15
66dde559-0aca-11e7-82f6-3863bb44ef7c,21,20,1,10,1,1769060843,2026-01-22 00:50:15
40042fb4-6ddd-4f74-bb52-5af3e4e08c8d,15,0,15,7,1,1769060845,2026-01-22 00:50:15
1846449740982645546,15,0,15,4,1,1769060845,2026-01-22 00:50:15
bf5a9ad8-6725-4ade-967d-aba612d423bf,20,13,7,2,1,1769060845,2026-01-22 00:50:15
833bc8bc-3c32-4481-9c14-9a88aa7accec,31,17,14,7,1,1769060845,2026-01-22 00:50:15
66dd4de9-0aca-11e7-82f6-3863bb44ef7c,46,41,5,8,1,1769060845,2026-01-22 00:50:15
66dd4841-0aca-11e7-82f6-3863bb44ef7c,22,16,6,21,1,1769060845,2026-01-22 00:50:15
904930bd-2671-4695-9c1a-8a894b041129,7,5,2,57,1,1769060845,2026-01-22 00:50:15
ab5585c8-c2cf-4bab-96cf-d02eced4f6e3,3,2,1,41,1,1769060844,2026-01-22 00:50:15
9f702c67-b591-4492-ba90-eb3c7e793dad,10,0,10,11,1,1769060844,2026-01-22 00:50:15
29b21bd8-2459-4727-b1f0-d73592db3321,14,6,8,14,1,1769060846,2026-01-22 00:50:15
66dc8c90-0aca-11e7-82f6-3863bb44ef7c,15,14,1,10,1,1769060846,2026-01-22 00:50:15
1846086768160082632,4,0,4,20,1,1769060847,2026-01-22 00:50:15
e24cb64d-10c2-48db-9440-59e63c0f1c95,13,0,13,11,1,1769060847,2026-01-22 00:50:15
2133952475068346460,28,2,26,21,1,1769060847,2026-01-22 00:50:15
cae4f2f4-9642-474c-95cc-6cc07592f120,2,0,2,32,1,1769060850,2026-01-22 00:50:15
78e93937-53d1-4c9b-99ad-0460f908ed2d,15,15,0,9,1,1769060850,2026-01-22 00:50:15
30a75e12-5327-48f0-8155-3925aa934054,7,6,1,10,1,1769060847,2026-01-22 00:50:15
1960020817312746312,26,10,16,85,1,1769060848,2026-01-22 00:50:15
1828968691399885056,12,2,10,1,1,1769060849,2026-01-22 00:50:15
1978170169761096104,19,5,14,16,1,1769060850,2026-01-22 00:50:15
9157a3bc-43fa-4221-8bb8-17273fc09540,23,15,8,1,1,1769060851,2026-01-22 00:50:15
1ddadf67-ae08-4e86-bdda-236629b9eabd,19,7,12,6,1,1769060851,2026-01-22 00:50:15
c7be2714-14db-421f-a19e-f6a7bf6e8d26,8,6,2,14,1,1769060851,2026-01-22 00:50:15
7e7d974c-a6ec-4d9a-b4ed-01a4d2056d8b,1,0,1,18,1,1769060851,2026-01-22 00:50:15
66db6e49-0aca-11e7-82f6-3863bb44ef7c,0,0,0,44,1,1769060851,2026-01-22 00:50:15
6661108f-28eb-4671-ad0c-36a311d325aa,7,1,6,11,1,1769060852,2026-01-22 00:50:15
6fd84197-56e2-47df-849f-701aca0e7cc3,3,1,2,14,1,1769060846,2026-01-22 00:50:15
4780d9d1-b886-4e72-9d18-cb152f73e10a,5,5,0,15,1,1769060852,2026-01-22 00:50:15
1869754328201607270,5,3,2,11,1,1769060853,2026-01-22 00:50:15
2c2cdc55-52a3-4140-b4d3-8409a98f130f,13,8,5,11,1,1769060854,2026-01-22 00:50:15
66de1b5b-0aca-11e7-82f6-3863bb44ef7c,4,4,0,21,1,1769060851,2026-01-22 00:50:15
9459fca8-b044-4ed1-8f2c-c5db11ba868f,6,0,6,20,1,1769060851,2026-01-22 00:50:15
2126621026154598618,10,0,10,2,1,1769060849,2026-01-22 00:50:15
1e226f22-034f-4b99-8184-a8eaa591fbd8,8,6,2,41,1,1769060866,2026-01-22 00:50:15
66de1295-0aca-11e7-82f6-3863bb44ef7c,17,8,9,5,1,1769060866,2026-01-22 00:50:15
8a24490d-d5c5-4bac-9e36-56967834fc10,1,1,0,19,1,1769060866,2026-01-22 00:50:15
5adcaaaf-5386-441d-827c-8d65c4f4405e,0,0,0,20,1,1769060867,2026-01-22 00:50:15
66dde2d9-0aca-11e7-82f6-3863bb44ef7c,25,19,6,7,1,1769060867,2026-01-22 00:50:15
f6c33f22-d650-4935-a928-fb693a828b5f,0,0,0,22,1,1769060868,2026-01-22 00:50:15
17c45d34-0d8d-46ba-9078-e9a2a7c5867c,1,1,0,29,1,1769060864,2026-01-22 00:50:15
ed1199e4-d9a6-4d9e-8c81-62bcd7510a11,12,11,1,17,1,1769060865,2026-01-22 00:50:15
8dc8c0b3-4d70-40fe-a75a-86e30ecb676b,17,1,16,0,1,1769060865,2026-01-22 00:50:15
1828968199249922252,2,2,0,18,1,1769060865,2026-01-22 00:50:15
1786698815186893280,33,25,8,0,1,1769060867,2026-01-22 00:50:15
cd5e7c3e-c618-416a-ae99-b509bd56e1b2,9,2,7,19,1,1769060867,2026-01-22 00:50:15
1836581628905160976,9,6,3,12,1,1769060867,2026-01-22 00:50:15
b3c8aaaf-6e1c-4f56-9391-b79e883b8009,6,1,5,17,1,1769060867,2026-01-22 00:50:15
24f431ca-c2a5-46be-966b-b8d4c3e4b346,2,1,1,12,1,1769060869,2026-01-22 00:50:15
d473f31f-68f2-4777-a364-ed127db04345,8,5,3,7,1,1769060869,2026-01-22 00:50:15
c5861c24-5ac1-41df-82f1-31748d03e868,64,49,15,0,1,1769060870,2026-01-22 00:50:15
bca594e5-779f-4866-bd6b-818871f97d38,26,0,26,4,1,1769060869,2026-01-22 00:50:15
8fc95e31-b025-4d2b-b5aa-240465366480,14,14,0,7,1,1769060870,2026-01-22 00:50:15
2053867202510006310,14,1,13,8,1,1769060870,2026-01-22 00:50:15
2b848257-dc2e-4dd0-b840-d5e046972789,6,0,6,11,1,1769060870,2026-01-22 00:50:15
66dcbefb-0aca-11e7-82f6-3863bb44ef7c,15,8,7,2,1,1769060864,2026-01-22 00:50:15
672d71ab-2c23-4bd2-9ed2-34e54aa4b5b5,9,8,1,8,1,1769060865,2026-01-22 00:50:15
66de47bf-0aca-11e7-82f6-3863bb44ef7c,15,8,7,0,1,1769060870,2026-01-22 00:50:15
50e05a9f-dce6-4315-a10d-1fa786fc18ee,5,5,0,45,1,1769060870,2026-01-22 00:50:15
2126624466406238560,9,3,6,4,1,1769060868,2026-01-22 00:50:15
a6287af0-9a9e-4708-b61f-8e758be4b914,11,6,5,9,1,1769060878,2026-01-22 00:50:15
39112ced-337f-4b71-9df6-291cd4265cc9,18,0,18,4,1,1769060878,2026-01-22 00:50:15
7dcc5a03-5997-4250-9207-fa8b6f027c86,14,3,11,12,1,1769060878,2026-01-22 00:50:15
bd318c15-5c3d-4e72-9837-3b4bd37707e0,0,0,0,18,1,1769060878,2026-01-22 00:50:15
1861680103893703034,8,8,0,12,1,1769060882,2026-01-22 00:50:15
1286480d-5d6d-4a47-9fac-e156dba2b6fc,25,11,14,30,1,1769060882,2026-01-22 00:50:15
66dbea8d-0aca-11e7-82f6-3863bb44ef7c,26,12,14,19,1,1769060884,2026-01-22 00:50:15
557f8d40-dec1-4c61-bd03-a0d1a6ea0e4b,24,10,14,3,1,1769060883,2026-01-22 00:50:15
533f25a0-514f-456f-9d87-5fdcb4ee42f4,5,4,1,13,1,1769060884,2026-01-22 00:50:15
66de5a47-0aca-11e7-82f6-3863bb44ef7c,15,2,13,14,1,1769060884,2026-01-22 00:50:15
66de6100-0aca-11e7-82f6-3863bb44ef7c,22,1,21,9,1,1769060878,2026-01-22 00:50:15
308e055a-b8aa-447d-8803-8677c88af0ba,4,0,4,16,1,1769060878,2026-01-22 00:50:15
05c5e17c-7aa9-49b7-9da3-9db4858ec1fc,10,10,0,18,1,1769060879,2026-01-22 00:50:15
e51c8b72-460f-41c2-a5ca-de85d3f46a30,10,2,8,39,1,1769060879,2026-01-22 00:50:15
22ac9559-d7f1-4dcd-ae3e-f6caf586a455,3,2,1,21,1,1769060879,2026-01-22 00:50:15
66f68197-4897-4576-896a-48e0312104c5,14,9,5,12,1,1769060879,2026-01-22 00:50:15
66dde9af-0aca-11e7-82f6-3863bb44ef7c,12,3,9,13,1,1769060879,2026-01-22 00:50:15
8df41833-c7bf-4171-bdab-58d64f6ade54,21,3,18,0,1,1769060880,2026-01-22 00:50:15
1843486301383097150,3,2,1,20,1,1769060880,2026-01-22 00:50:15
1835249964093653018,1,0,1,22,1,1769060880,2026-01-22 00:50:15
c05cd2e2-74e8-4526-a62b-d631e005fdd8,26,3,23,2,1,1769060880,2026-01-22 00:50:15
8cb0375d-bcb2-4c90-9773-41c3c8fdf8d8,44,29,15,36,1,1769060880,2026-01-22 00:50:15
66dbce8a-0aca-11e7-82f6-3863bb44ef7c,48,19,29,13,1,1769060883,2026-01-22 00:50:15
66de1448-0aca-11e7-82f6-3863bb44ef7c,1,0,1,25,1,1769060883,2026-01-22 00:50:15
66db30e0-0aca-11e7-82f6-3863bb44ef7c,3,3,0,88,1,1769060883,2026-01-22 00:50:15
66dded11-0aca-11e7-82f6-3863bb44ef7c,25,10,15,11,1,1769060880,2026-01-22 00:50:15
1791472201147965920,0,0,0,61,1,1769060880,2026-01-22 00:50:15
fbb2d76c-1d47-4fb1-9c07-622fcace38a5,22,0,22,5,1,1769060880,2026-01-22 00:50:15
2a47ef14-1cbe-4ec6-841d-cc277627fe20,16,14,2,13,1,1769060881,2026-01-22 00:50:15
66dc73b0-0aca-11e7-82f6-3863bb44ef7c,34,30,4,2,1,1769060881,2026-01-22 00:50:15
91ca68bd-5ac1-470b-a26d-1ec98ea9cca4,19,2,17,6,1,1769060881,2026-01-22 00:50:15
fdf21800-6106-4739-b7d5-b379b19e5732,7,3,4,12,1,1769060881,2026-01-22 00:50:15
5cb3a92d-f284-477c-bf63-ea72d24e8a7d,13,3,10,4,1,1769060880,2026-01-22 00:50:15
160e21da-6dd2-47ff-8385-e13c8cdce4fa,22,0,22,2,1,1769060879,2026-01-22 00:50:15
9341ee1c-d456-4858-a451-70cbbd73d084,6,0,6,20,1,1769060880,2026-01-22 00:50:15
66dc7957-0aca-11e7-82f6-3863bb44ef7c,21,11,11,54,1,1769060880,2026-01-22 00:50:15
09a0c507-7cda-4f3f-9988-78de0baa28e4,5,2,3,13,1,1769060856,2026-01-22 00:50:15
66db4351-0aca-11e7-82f6-3863bb44ef7c,58,31,27,20,1,1769060852,2026-01-22 00:50:15
66dd25e0-0aca-11e7-82f6-3863bb44ef7c,15,10,5,4,1,1769060852,2026-01-22 00:50:15
61be9a4a-737c-413a-9b72-d47b28a366d5,12,7,5,10,1,1769060853,2026-01-22 00:50:15
9bd28b11-cf11-4938-abb2-dfa5ec800e32,29,6,23,0,1,1769060857,2026-01-22 00:50:15
35915f48-31c5-499a-b845-2ca2fb541904,18,0,18,23,1,1769060857,2026-01-22 00:50:15
9e3603ee-2b7d-4147-a7b5-48bbd778902c,22,20,2,39,1,1769060858,2026-01-22 00:50:15
08b9c491-a589-4e75-996c-2455c26fb356,4,3,1,15,1,1769060853,2026-01-22 00:50:15
26568d39-db49-4354-a5c1-c81a3c856285,7,1,6,10,1,1769060854,2026-01-22 00:50:15
2170352212111402482,22,14,8,49,1,1769060855,2026-01-22 00:50:15
19002a4c-3229-450b-ad69-76948696e60d,1,1,0,17,1,1769060855,2026-01-22 00:50:15
66dd4981-0aca-11e7-82f6-3863bb44ef7c,17,5,12,8,1,1769060858,2026-01-22 00:50:15
9789dc0f-1eb6-4830-bda9-1ce5f1413e19,3,3,0,14,1,1769060859,2026-01-22 00:50:15
66dcc65c-0aca-11e7-82f6-3863bb44ef7c,11,9,2,3,1,1769060859,2026-01-22 00:50:15
6bc5598a-9eb8-44d2-adc0-d93b93af1924,16,4,12,1,1,1769060856,2026-01-22 00:50:15
38975061-0d90-43a3-87c1-8905b374d5d9,11,0,11,13,1,1769060854,2026-01-22 00:50:15
1817433126359581672,10,1,9,12,1,1769060856,2026-01-22 00:50:15
b6a4770e-9077-4a0e-a0fb-b45b1d457559,51,39,12,6,1,1769060861,2026-01-22 00:50:15
1875413335585534272,2,1,1,19,1,1769060862,2026-01-22 00:50:15
3bdd81c8-3112-45e6-ae72-11a3f4fa5921,11,6,5,11,1,1769060862,2026-01-22 00:50:15
21361381-fd4a-44a4-bfa7-61f075192ce9,4,0,4,20,1,1769060862,2026-01-22 00:50:15
43eac213-4603-4bc2-b6d6-b45013396282,4,0,4,29,1,1769060855,2026-01-22 00:50:15
4dde902d-512c-4e9e-8899-a68424ed87c0,12,1,11,21,1,1769060855,2026-01-22 00:50:15
d07790cd-1acd-4f74-b5f1-3d70f8a8a526,11,2,9,13,1,1769060856,2026-01-22 00:50:15
4753c1ba-a86e-431e-94fb-06403cdee4d7,22,18,4,7,1,1769060855,2026-01-22 00:50:15
16280b32-7e5b-4a18-930b-212eac10faaa,2,0,2,17,1,1769060863,2026-01-22 00:50:15
918af7b2-e05c-477a-a8c0-7dcff984c566,7,0,7,32,1,1769060863,2026-01-22 00:50:15
b200a8bf-2d79-4511-9a16-ac41e7245622,20,0,20,3,1,1769060860,2026-01-22 00:50:15
a04bf523-3c76-4fad-88bf-e99037f9b796,10,2,8,9,1,1769060859,2026-01-22 00:50:15
dba67615-a7e0-4c44-ab1b-b464033ec9b9,11,8,3,8,1,1769060864,2026-01-22 00:50:15
1947313784686131504,14,1,13,4,1,1769060861,2026-01-22 00:50:15
88c1303b-3349-4591-bf08-c7e40cf3537a,14,3,11,31,1,1769060861,2026-01-22 00:50:15
dcdaa64b-4d2c-4017-bfb9-da25924f851d,5,3,2,16,1,1769060859,2026-01-22 00:50:15
cbcbd880-9662-4ab1-b530-781bb101ed1f,3,1,2,12,1,1769060859,2026-01-22 00:50:15
1835249854657874848,4,0,4,13,1,1769060859,2026-01-22 00:50:15
66dbc6ae-0aca-11e7-82f6-3863bb44ef7c,25,18,7,36,1,1769060860,2026-01-22 00:50:15
66db32fb-0aca-11e7-82f6-3863bb44ef7c,16,6,10,79,1,1769060875,2026-01-22 00:50:15
0096fecb-3a56-4585-9204-aa9554f7bc49,25,19,6,20,1,1769060875,2026-01-22 00:50:15
78ec2f0d-c309-46d4-8808-7eb1a0674e38,10,9,1,18,1,1769060875,2026-01-22 00:50:15
66dea4bf-0aca-11e7-82f6-3863bb44ef7c,32,14,18,9,1,1769060876,2026-01-22 00:50:15
1848241332086049696,3,2,1,18,1,1769060875,2026-01-22 00:50:15
3134bce7-0bb9-4a45-9c87-60a8cb681d72,9,3,6,7,1,1769060876,2026-01-22 00:50:15
1828967717120678322,9,7,2,13,1,1769060876,2026-01-22 00:50:15
062f0ac2-b3b6-4c15-b470-92ce9b592635,14,3,11,4,1,1769060875,2026-01-22 00:50:15
66dc0c53-0aca-11e7-82f6-3863bb44ef7c,16,7,9,3,1,1769060876,2026-01-22 00:50:15
66db95e5-0aca-11e7-82f6-3863bb44ef7c,39,13,26,3,1,1769060876,2026-01-22 00:50:15
e15a5c77-70b0-4b9d-9eae-f10ddda7d994,2,2,0,21,1,1769060874,2026-01-22 00:50:15
1914337145288845316,22,9,13,0,1,1769060874,2026-01-22 00:50:15
d55dd622-0ced-4e4d-9ea5-2ef2cb6481a9,17,10,7,18,1,1769060874,2026-01-22 00:50:15
66dcec6b-0aca-11e7-82f6-3863bb44ef7c,22,13,9,13,1,1769060875,2026-01-22 00:50:15
1860187692409078310,9,5,4,14,1,1769060876,2026-01-22 00:50:15
9505c2b7-0c3a-4791-8471-d2092a86291f,21,0,21,1,1,1769060877,2026-01-22 00:50:15
490ca6cc-c2a2-4838-acf0-4704ed60dc51,37,25,12,13,1,1769060876,2026-01-22 00:50:15
d319629d-63cf-4765-9f69-5569f35d6469,5,1,4,13,1,1769060877,2026-01-22 00:50:15
1823008749757202820,15,3,12,7,1,1769060877,2026-01-22 00:50:15
1879859065051787718,20,16,4,0,1,1769060877,2026-01-22 00:50:15
412c1416-d15b-4e6a-9691-da4c3cc0d0d2,38,37,1,23,1,1769060871,2026-01-22 00:50:15
0579ff13-5d5b-4cbd-bc6e-3e9396591aef,2,0,2,16,1,1769060871,2026-01-22 00:50:15
348c5e65-cbc3-4da6-9856-fc253a0ba546,42,29,13,10,1,1769060872,2026-01-22 00:50:15
2126225134412534550,13,8,5,2,1,1769060872,2026-01-22 00:50:15
3c21925c-d68e-497c-b501-982d3eb3e852,15,13,2,5,1,1769060872,2026-01-22 00:50:15
c04cef84-3fcd-4fd9-9e40-8e07453dbe19,7,4,3,12,1,1769060873,2026-01-22 00:50:15
fbee1143-e93f-418d-b6bc-8fde4a9a8746,19,5,14,30,1,1769060873,2026-01-22 00:50:15
720c0d64-7828-4dba-bff9-4d99f4e3a9fc,6,3,3,13,1,1769060873,2026-01-22 00:50:15
1884599469785421928,37,32,5,0,1,1769060874,2026-01-22 00:50:15
66dc3a1a-0aca-11e7-82f6-3863bb44ef7c,13,7,6,38,1,1769060873,2026-01-22 00:50:15
2a9e2320-083d-4044-aedf-0c15ecfefe61,1,0,1,21,1,1769060877,2026-01-22 00:50:15
66dbe4db-0aca-11e7-82f6-3863bb44ef7c,47,41,6,35,1,1769060877,2026-01-22 00:50:15
ecb2eebe-67c0-43b8-baae-71abb1a0ec6a,1,1,0,23,1,1769060874,2026-01-22 00:50:15
e6a32ec8-fc8b-4ed6-93a2-3ace3921b89d,12,12,0,12,1,1769060886,2026-01-22 00:50:15
cdb6e2aa-4da3-4ed7-9b13-ce626addf6b0,21,14,7,29,1,1769060887,2026-01-22 00:50:15
89171660-8cef-443f-8f75-67503532d1ce,17,7,10,1,1,1769060887,2026-01-22 00:50:15
bfea6c5b-2e1a-42c5-8199-2ded6042d57b,3,0,3,22,1,1769060887,2026-01-22 00:50:15
05b9e7cd-f3a2-4d48-b7c4-f5fbe09d9de3,8,0,8,19,1,1769060887,2026-01-22 00:50:15
1ec7ef9f-ab60-4a64-821d-883ba547273a,6,3,3,11,1,1769060891,2026-01-22 00:50:15
72196024-6f2b-45cb-9764-609911c7dc0b,18,10,7,30,1,1769060891,2026-01-22 00:50:15
6a671276-d345-4a4c-a7df-98f5dbb19e4c,6,3,3,14,1,1769060890,2026-01-22 00:50:15
1882736039096477712,17,14,3,21,1,1769060891,2026-01-22 00:50:15
0f51cb84-e386-44ac-947f-a969f7617d17,22,9,13,0,1,1769060891,2026-01-22 00:50:15
66ddb595-0aca-11e7-82f6-3863bb44ef7c,11,9,2,5,1,1769060891,2026-01-22 00:50:15
66de1580-0aca-11e7-82f6-3863bb44ef7c,10,10,0,26,1,1769060885,2026-01-22 00:50:15
0f9423bd-98dd-4919-b6e3-28880ff7ecca,4,3,1,14,1,1769060885,2026-01-22 00:50:15
66dc91b5-0aca-11e7-82f6-3863bb44ef7c,15,1,14,28,1,1769060885,2026-01-22 00:50:15
2126274178538511162,9,1,8,2,1,1769060885,2026-01-22 00:50:15
897e8739-ee1d-4b2e-b151-ad7e64e87697,10,2,8,19,1,1769060888,2026-01-22 00:50:15
66de2201-0aca-11e7-82f6-3863bb44ef7c,14,11,3,17,1,1769060888,2026-01-22 00:50:15
66dcbdc2-0aca-11e7-82f6-3863bb44ef7c,4,2,2,17,1,1769060888,2026-01-22 00:50:15
d873e463-2dc9-4bf8-86c7-fea8ddaa3a9f,2,1,1,14,1,1769060889,2026-01-22 00:50:15
66dd8bd9-0aca-11e7-82f6-3863bb44ef7c,14,11,3,11,1,1769060889,2026-01-22 00:50:15
7a701539-2c10-4abe-803f-525785ebb7fb,7,1,6,14,1,1769060890,2026-01-22 00:50:15
66dc7b10-0aca-11e7-82f6-3863bb44ef7c,0,0,0,73,1,1769060889,2026-01-22 00:50:15
1820420129807491554,17,1,16,0,1,1769060890,2026-01-22 00:50:15
eef98eb6-f550-49f9-a910-4d2863e6a591,5,5,0,15,1,1769060890,2026-01-22 00:50:15
2123940513700131194,9,4,5,4,1,1769060886,2026-01-22 00:50:15
eb6c2359-4825-4bf4-8f2d-8b6dd2bf4212,32,26,6,5,1,1769060886,2026-01-22 00:50:15
2053884382031338034,3,0,3,40,1,1769060887,2026-01-22 00:50:15
49d2cd03-f508-483f-a7c9-7fd450e5e6db,15,3,12,3,1,1769060887,2026-01-22 00:50:15
de449a58-0edf-4d36-91b4-4b313576e945,8,0,8,10,1,1769060888,2026-01-22 00:50:15
66ddb41c-0aca-11e7-82f6-3863bb44ef7c,24,17,7,8,1,1769060890,2026-01-22 00:50:15
1862788101231526152,16,7,9,14,1,1769060892,2026-01-22 00:50:15
a4368364-fa79-493c-8478-1d3471a6077f,46,28,18,30,1,1769060891,2026-01-22 00:50:15
1900647078394106472,4,0,4,14,1,1769060892,2026-01-22 00:50:15
b94cc90e-9ca2-4471-8371-23be051e0157,0,0,0,75,1,1769060891,2026-01-22 00:50:15
b1f67e5c-7c26-4bf3-a90e-1500a3160d60,7,0,7,16,1,1769060891,2026-01-22 00:50:15
27c71510-d515-4add-b660-6efd6f225cd1,24,19,5,1,1,1769060892,2026-01-22 00:50:15
66dc209c-0aca-11e7-82f6-3863bb44ef7c,59,35,24,1,1,1769060892,2026-01-22 00:50:15
66dc28bd-0aca-11e7-82f6-3863bb44ef7c,2,2,0,54,1,1769060892,2026-01-22 00:50:15
88bf1344-354f-4699-bdbd-1c2584fc41ee,27,7,20,8,1,1769060893,2026-01-22 00:50:15
66dd52c8-0aca-11e7-82f6-3863bb44ef7c,11,11,0,26,1,1769060893,2026-01-22 00:50:15
9790606b-a00d-4d5e-b6ec-abd11c9d25b3,0,0,0,17,1,1769060893,2026-01-22 00:50:15
66dbef85-0aca-11e7-82f6-3863bb44ef7c,28,15,13,5,1,1769060893,2026-01-22 00:50:15
6c3b486e-603c-4158-91ac-adc06ac01535,6,0,6,19,1,1769060893,2026-01-22 00:50:15
1869754004195029842,1,1,0,20,1,1769060894,2026-01-22 00:50:15
74a1dc19-f894-4246-99f1-476a92452995,5,5,0,21,1,1769060894,2026-01-22 00:50:15
66dde079-0aca-11e7-82f6-3863bb44ef7c,23,17,6,21,1,1769060894,2026-01-22 00:50:15
18d980e5-ba08-4bc3-832e-03eb71865768,21,15,6,2,1,1769060894,2026-01-22 00:50:15
66db6387-0aca-11e7-82f6-3863bb44ef7c,94,77,17,13,1,1769060894,2026-01-22 00:50:15
66dc1545-0aca-11e7-82f6-3863bb44ef7c,12,3,9,11,1,1769060894,2026-01-22 00:50:15
531e6d94-5f4c-4ef0-9c83-47191be9d8f9,6,5,1,12,1,1769060895,2026-01-22 00:50:15
66dbe250-0aca-11e7-82f6-3863bb44ef7c,2,2,0,15,1,1769060895,2026-01-22 00:50:15
66ddeca9-0aca-11e7-82f6-3863bb44ef7c,15,5,10,4,1,1769060895,2026-01-22 00:50:15
5f0aa684-a1c5-4119-827f-7860f1cd4ccd,10,6,4,13,1,1769060895,2026-01-22 00:50:15
af626e61-9f83-4602-a9b1-038b1c1430e6,14,3,11,0,1,1769060895,2026-01-22 00:50:15
66de56e5-0aca-11e7-82f6-3863bb44ef7c,21,8,13,1,1,1769060895,2026-01-22 00:50:15
1828968994833044184,8,1,7,10,1,1769060896,2026-01-22 00:50:15
66de06ef-0aca-11e7-82f6-3863bb44ef7c,14,1,13,10,1,1769060896,2026-01-22 00:50:15
2121033124458338894,7,0,7,7,1,1769060896,2026-01-22 00:50:15
66db4158-0aca-11e7-82f6-3863bb44ef7c,36,32,4,2,1,1769060896,2026-01-22 00:50:15
dd8627c8-4190-4a30-8758-e77a7b010437,13,6,7,32,1,1769060896,2026-01-22 00:50:15
1c82b223-42ba-4d15-8e8a-bd8ae2a57cde,7,5,2,8,1,1769060896,2026-01-22 00:50:15
1836581714456697424,5,0,5,18,1,1769060897,2026-01-22 00:50:15
66db6aae-0aca-11e7-82f6-3863bb44ef7c,32,24,8,51,1,1769060897,2026-01-22 00:50:15
bf093f72-1d8d-44ae-91b5-e36958a27976,3,0,3,16,1,1769060897,2026-01-22 00:50:15
66dcca76-0aca-11e7-82f6-3863bb44ef7c,1,1,0,21,1,1769060898,2026-01-22 00:50:15
46a1ff6c-6131-414a-9ef6-65a8db7d305f,6,6,0,17,1,1769060898,2026-01-22 00:50:15
66de1a8a-0aca-11e7-82f6-3863bb44ef7c,14,13,1,12,1,1769060897,2026-01-22 00:50:15
7efcb97f-6c8f-4445-86a9-3f758a822f17,11,11,0,28,1,1769060898,2026-01-22 00:50:15
2c366f4b-8319-41bf-ab8e-2fba3a952feb,2,2,0,45,1,1769060898,2026-01-22 00:50:15
66de20c8-0aca-11e7-82f6-3863bb44ef7c,8,8,0,22,1,1769060898,2026-01-22 00:50:15
1817432787057164808,19,11,8,0,1,1769060899,2026-01-22 00:50:15
1835250080052323168,0,0,0,0,0,86400,2026-01-22 00:50:15
2171903032377767128,0,0,0,0,0,86400,2026-01-22 00:50:15
2171903385631266470,0,0,0,0,0,86400,2026-01-22 00:50:15
2171903970740122034,0,0,0,0,0,86400,2026-01-22 00:50:15
2171902607371571344,0,0,0,0,0,86400,2026-01-22 00:50:15
1860188331547447938,1,0,1,19,1,1769060781,2026-01-22 00:50:15
66db5f40-0aca-11e7-82f6-3863bb44ef7c,35,30,5,4,1,1769060781,2026-01-22 00:50:15
1861683217585879154,26,9,17,19,1,1769060779,2026-01-22 00:50:15
b5861c2d-d687-4308-bf2d-5f69fc28cc4a,15,0,15,8,1,1769060781,2026-01-22 00:50:15
66db4417-0aca-11e7-82f6-3863bb44ef7c,51,37,14,3,1,1769060782,2026-01-22 00:50:15
49f86083-851b-475d-b9ab-64e01b81f725,5,4,1,17,1,1769060781,2026-01-22 00:50:15
1861681959015615218,0,0,0,25,1,1769060782,2026-01-22 00:50:15
af72781c-fe0b-4b73-a7df-201f9780ea9c,46,32,14,2,1,1769060778,2026-01-22 00:50:15
4fb1ee23-4511-47c4-8698-0c46673dc86c,0,0,0,19,1,1769060778,2026-01-22 00:50:15
99b7c9a5-9679-417f-b884-21c4b240aa99,10,4,6,8,1,1769060779,2026-01-22 00:50:15
1835249448692130546,3,1,2,17,1,1769060779,2026-01-22 00:50:15
66dc8382-0aca-11e7-82f6-3863bb44ef7c,6,3,3,71,1,1769060785,2026-01-22 00:50:15
822d96e8-fb6c-463a-b866-aec9e408ad5e,15,2,13,0,1,1769060785,2026-01-22 00:50:15
ee70b21e-4a95-4bdf-802c-50f83a76971d,6,2,4,19,1,1769060785,2026-01-22 00:50:15
66dcc3e5-0aca-11e7-82f6-3863bb44ef7c,0,0,0,21,1,1769060788,2026-01-22 00:50:15
66dc0f1b-0aca-11e7-82f6-3863bb44ef7c,65,51,14,3,1,1769060788,2026-01-22 00:50:15
66dd1bf3-0aca-11e7-82f6-3863bb44ef7c,41,0,41,6,1,1769060783,2026-01-22 00:50:15
66ddd545-0aca-11e7-82f6-3863bb44ef7c,41,38,3,41,1,1769060783,2026-01-22 00:50:15
66dc8d1d-0aca-11e7-82f6-3863bb44ef7c,13,7,6,44,1,1769060783,2026-01-22 00:50:15
9eb98b3b-ea35-483f-91f6-d90c506152db,14,8,6,6,1,1769060786,2026-01-22 00:50:15
d5d2aebc-158c-43ec-9105-2a779d0245d8,2,2,0,16,1,1769060787,2026-01-22 00:50:15
1856767555236917834,17,0,17,7,1,1769060787,2026-01-22 00:50:15
1835246381185208614,2,2,0,20,1,1769060840,2026-01-22 00:50:15
66dd1eb2-0aca-11e7-82f6-3863bb44ef7c,26,11,15,4,1,1769060841,2026-01-22 00:50:15
f365afa3-e8a5-439d-975d-6c2b064f30df,0,0,0,27,1,1769060841,2026-01-22 00:50:15
7cd61426-ed98-434e-9235-56ed856fead6,9,4,5,12,1,1769060841,2026-01-22 00:50:15
1849010295160437584,17,9,8,0,1,1769060841,2026-01-22 00:50:15
c8197f4b-02b0-4cc3-96af-df5fec27a279,3,1,2,12,1,1769060841,2026-01-22 00:50:15
66dd9dba-0aca-11e7-82f6-3863bb44ef7c,24,16,8,20,1,1769060839,2026-01-22 00:50:15
186092d1-a431-45db-8198-d5ba13334d79,15,3,12,4,1,1769060839,2026-01-22 00:50:15
5782a158-b596-4936-a451-32ccc131a57d,1,0,1,18,1,1769060839,2026-01-22 00:50:15
60c5a043-1367-4a27-96ee-394ba60e2154,20,15,5,8,1,1769060841,2026-01-22 00:50:15
66dcf30d-0aca-11e7-82f6-3863bb44ef7c,7,4,3,17,1,1769060841,2026-01-22 00:50:15
1828968327357059242,6,4,2,15,1,1769060836,2026-01-22 00:50:15
1856767361963389606,19,2,17,0,1,1769060836,2026-01-22 00:50:15
66dde703-0aca-11e7-82f6-3863bb44ef7c,28,20,8,1,1,1769060837,2026-01-22 00:50:15
081d243e-d75e-4e2a-bdae-a990b2397532,9,7,2,13,1,1769060838,2026-01-22 00:50:15
2126224876714496782,5,2,3,2,1,1769060837,2026-01-22 00:50:15
1d440638-ec50-4ccb-9a82-0e3247a87c63,36,17,19,2,1,1769060838,2026-01-22 00:50:15
324e55da-fec0-43a2-b622-27774381ab7f,4,2,2,13,1,1769060840,2026-01-22 00:50:15
1861681740276243358,13,11,2,7,1,1769060793,2026-01-22 00:50:15
0258da92-f770-4acc-b20b-91b78aff791e,16,2,14,4,1,1769060793,2026-01-22 00:50:15
0e8bfd72-c494-4d3e-85e2-4f98b801fe3b,1,0,1,18,1,1769060791,2026-01-22 00:50:15
178bad16-1b02-4264-94c0-a8fd0faa60fe,3,2,1,30,1,1769060792,2026-01-22 00:50:15
66dc7c31-0aca-11e7-82f6-3863bb44ef7c,30,25,5,10,1,1769060792,2026-01-22 00:50:15
66ddbdb1-0aca-11e7-82f6-3863bb44ef7c,4,0,4,19,1,1769060790,2026-01-22 00:50:15
49703a2d-15e9-4af4-b80e-cca664d7ea18,8,2,6,11,1,1769060790,2026-01-22 00:50:15
fc774664-3c9b-4a8f-a79e-f6907db00a1d,16,8,8,16,1,1769060790,2026-01-22 00:50:15
1814907277023901890,20,2,18,1,1,1769060791,2026-01-22 00:50:15
b83b2a73-af8e-4b82-b61e-aeaaf075fbe2,2,2,0,23,1,1769060794,2026-01-22 00:50:15
3d835eaa-a102-42c5-b6c0-2c693b1d0677,46,43,3,10,1,1769060794,2026-01-22 00:50:15
c7dbc7b5-240b-494d-8663-dbee4103a20c,9,0,9,10,1,1769060791,2026-01-22 00:50:15
1913988158376585970,23,8,15,4,1,1769060791,2026-01-22 00:50:15
067b53bd-33bf-4698-8103-3931a5f32a37,6,1,5,12,1,1769060795,2026-01-22 00:50:15
2ec1235f-a043-4e3a-9ba1-56f7dd4624b7,8,6,2,12,1,1769060794,2026-01-22 00:50:15
1791188268875152272,34,8,26,10,1,1769060794,2026-01-22 00:50:15
1890927910885612334,24,0,24,0,1,1769060795,2026-01-22 00:50:15
1846085836152179090,5,0,5,16,1,1769060790,2026-01-22 00:50:15
cb4926e6-0a79-4902-80ee-d365fbf42aec,1,1,0,21,1,1769060788,2026-01-22 00:50:15
2527619f-ef89-425c-bf3b-60cc0ec519bf,13,1,12,42,1,1769060788,2026-01-22 00:50:15
2163290511399492946,2,1,1,8,1,1769060715,2026-01-22 00:50:15
6cb5fac5-f7e8-4ec9-94cf-816771d91ecd,19,0,19,9,1,1769060789,2026-01-22 00:50:15
298d4e45-c6d2-45f1-a07a-11606026a6e4,5,3,2,11,1,1769060789,2026-01-22 00:50:15
66de14af-0aca-11e7-82f6-3863bb44ef7c,19,4,15,15,1,1769060789,2026-01-22 00:50:15
1846086263936934630,17,3,14,1,1,1769060795,2026-01-22 00:50:15
4aa6bb27-b76b-444e-a3ce-6fb25b822494,3,1,2,16,1,1769060795,2026-01-22 00:50:15
2088792249063596144,22,16,6,7,1,1769060795,2026-01-22 00:50:15
9b0c2c99-214f-4e15-b476-1626c03a9e4e,0,0,0,21,0,1769060347,2026-01-22 00:50:15
4e862dc1-0652-4f29-a26f-315d763df67d,15,13,2,40,1,1769060795,2026-01-22 00:50:15
c0f952d9-538e-4836-b936-fa97123cbf13,5,0,5,13,1,1769060799,2026-01-22 00:50:15
f6cf3ecc-b3ad-4291-8c24-277f28f64ba1,14,2,12,7,1,1769060800,2026-01-22 00:50:15
1ecc9936-ee0c-44b2-baa8-237564c8e4fd,43,17,26,2,1,1769060796,2026-01-22 00:50:15
a68acb0c-4244-416a-bf59-ca55d3120cdd,18,12,6,3,1,1769060796,2026-01-22 00:50:15
66db2f4c-0aca-11e7-82f6-3863bb44ef7c,26,15,11,50,1,1769060797,2026-01-22 00:50:15
1891277309535701686,0,0,0,22,1,1769060797,2026-01-22 00:50:15
1fba77e2-66ab-4e9c-9f9a-4ec4f11fd80b,5,1,4,19,1,1769060797,2026-01-22 00:50:15
a4c9faeb-2234-457d-ad56-1ab14104b538,0,0,0,19,1,1769060797,2026-01-22 00:50:15
f47e1ce9-ff3f-49e9-9a2f-aa5be45d70da,12,2,10,10,1,1769060797,2026-01-22 00:50:15
66dd4356-0aca-11e7-82f6-3863bb44ef7c,18,14,4,25,1,1769060801,2026-01-22 00:50:15
6fefe1b3-5f0d-47aa-b1dd-cec211239950,3,1,2,19,1,1769060799,2026-01-22 00:50:15
bdc116cd-4d63-4693-846c-ec5073314007,6,5,1,14,1,1769060803,2026-01-22 00:50:15
fc5ee04d-710b-45ba-aae0-303b8e95ea89,7,1,6,12,1,1769060804,2026-01-22 00:50:15
1882736243099681438,21,8,13,13,1,1769060805,2026-01-22 00:50:15
66db90f1-0aca-11e7-82f6-3863bb44ef7c,41,36,5,21,1,1769060805,2026-01-22 00:50:15
4956ad8b-06d6-4af4-bcc8-735c45439608,4,4,0,15,1,1769060805,2026-01-22 00:50:15
f3eb962c-314a-4431-bac7-2eb2ffbe2fd2,5,2,3,12,1,1769060802,2026-01-22 00:50:15
66dde7dc-0aca-11e7-82f6-3863bb44ef7c,5,3,2,14,1,1769060803,2026-01-22 00:50:15
3ac7b47b-2253-4a0b-bf7d-8a2eb6b78a38,14,8,6,26,1,1769060802,2026-01-22 00:50:15
3fed8016-0be0-47f5-8663-2e850ec47288,20,2,18,1,1,1769060806,2026-01-22 00:50:15
1826348745879909352,16,1,15,0,1,1769060803,2026-01-22 00:50:15
3b530cff-dd26-4cfd-b570-a85fd53354fe,27,7,20,16,1,1769060808,2026-01-22 00:50:15
2126623405008140358,6,5,1,4,1,1769060646,2026-01-22 00:50:15
cda60c6d-80f3-41b7-8ece-fe997f6dafb5,4,2,2,16,1,1769060809,2026-01-22 00:50:15
66ddebce-0aca-11e7-82f6-3863bb44ef7c,27,20,7,1,1,1769060808,2026-01-22 00:50:15
1828968462257099768,1,1,0,18,1,1769060809,2026-01-22 00:50:15
b471c112-1770-4dfe-9e13-fe7479dcb5a5,24,1,23,0,1,1769060809,2026-01-22 00:50:15
1817432709747753390,10,2,8,13,1,1769060809,2026-01-22 00:50:15
c466f15e-715f-411e-904e-1a71fb574cdd,79,49,30,5,1,1769060807,2026-01-22 00:50:15
7b0227aa-bbf5-4731-a49a-765b4afac483,34,13,21,38,1,1769060807,2026-01-22 00:50:15
33af8810-cda5-4b61-9c38-0235f9d59aaa,19,0,19,9,1,1769060807,2026-01-22 00:50:15
66dbf140-0aca-11e7-82f6-3863bb44ef7c,76,58,18,7,1,1769060810,2026-01-22 00:50:15
a82599ce-99ca-4670-8053-baada198034a,49,8,41,9,1,1769060810,2026-01-22 00:50:15
0df3a035-5a38-4ec2-826a-0a5376e8d8a0,9,7,2,14,1,1769060811,2026-01-22 00:50:15
8c2ed08f-1660-4db8-9168-4709427c23ed,4,0,4,13,1,1769060816,2026-01-22 00:50:15
0e240143-2f86-4754-8345-4994750d99f1,15,3,12,3,1,1769060815,2026-01-22 00:50:15
f3f46097-54cf-4c30-805a-6b2a4851eed7,5,5,0,19,1,1769060816,2026-01-22 00:50:15
93e2e1a5-49c5-41f8-a6bf-b399b6a5140d,49,28,21,17,1,1769060816,2026-01-22 00:50:15
edc9b877-c311-46b4-a780-59ee7e692324,25,14,11,10,1,1769060816,2026-01-22 00:50:15
f0115d11-c678-4274-8bb7-d486dbb63361,14,2,12,3,1,1769060814,2026-01-22 00:50:15
699d3378-6ea8-465f-888b-c49c60089ce8,0,0,0,19,1,1769060813,2026-01-22 00:50:15
981f1311-004f-41c3-ba5b-3679f78aeb70,13,0,13,4,1,1769060816,2026-01-22 00:50:15
1828966747840428256,6,0,6,11,1,1769060817,2026-01-22 00:50:15
66dbc745-0aca-11e7-82f6-3863bb44ef7c,31,21,10,7,1,1769060817,2026-01-22 00:50:15
d7a7789b-a052-4a69-a4ec-59436b0f8d75,7,0,7,10,1,1769060817,2026-01-22 00:50:15
b53b5e8f-9503-48d1-b3e3-9347ecef38e2,0,0,0,34,1,1769060817,2026-01-22 00:50:15
66dc8025-0aca-11e7-82f6-3863bb44ef7c,61,58,3,18,1,1769060818,2026-01-22 00:50:15
66db3e32-0aca-11e7-82f6-3863bb44ef7c,9,2,7,33,1,1769060815,2026-01-22 00:50:15
7155b0a6-2545-4b02-ae8c-9c0c4220f8c3,2,1,1,18,1,1769060815,2026-01-22 00:50:15
627c77c0-0088-4ba8-ba66-73e0e3d3fe77,4,1,3,19,1,1769060815,2026-01-22 00:50:15
c6c10756-ef41-491a-8e6c-ee0aa27b8cbe,1,1,0,18,1,1769060818,2026-01-22 00:50:15
1905394575114219798,1,0,1,30,1,1769060812,2026-01-22 00:50:15
b16e9f3f-9b07-486f-a1ca-c76030f5ea64,10,3,7,9,1,1769060812,2026-01-22 00:50:15
1860189075388547142,2,1,1,17,1,1769060813,2026-01-22 00:50:15
66de4336-0aca-11e7-82f6-3863bb44ef7c,16,6,10,16,1,1769060815,2026-01-22 00:50:15
1828968082192898522,1,0,1,20,1,1769060815,2026-01-22 00:50:15
4bc6f4d0-edd5-4eb0-a704-f7ce0d693aac,0,0,0,21,1,1769060823,2026-01-22 00:50:15
5b4a4b20-539b-47c1-9228-1f1f124b3ec9,11,1,10,10,1,1769060824,2026-01-22 00:50:15
0efa08a3-1c38-48fe-ab37-8c9b72b20126,12,4,8,6,1,1769060824,2026-01-22 00:50:15
66db3fc9-0aca-11e7-82f6-3863bb44ef7c,33,19,14,10,1,1769060823,2026-01-22 00:50:15
1851947582840610924,7,3,4,14,1,1769060823,2026-01-22 00:50:15
1945126022626996350,20,7,13,6,1,1769060824,2026-01-22 00:50:15
00d94dfc-3695-47e1-aba6-7f319dd2eb08,6,3,3,16,1,1769060824,2026-01-22 00:50:15
1794096824496960148,38,25,13,3,1,1769060825,2026-01-22 00:50:15
06e5447e-35b8-45cb-b3bb-937791a6f8ae,13,1,12,8,1,1769060825,2026-01-22 00:50:15
1838070940162509196,5,1,4,17,1,1769060820,2026-01-22 00:50:15
66de602e-0aca-11e7-82f6-3863bb44ef7c,44,4,40,3,1,1769060820,2026-01-22 00:50:15
66db72f1-0aca-11e7-82f6-3863bb44ef7c,43,15,28,3,1,1769060821,2026-01-22 00:50:15
1845676917264180046,7,0,7,10,1,1769060819,2026-01-22 00:50:15
c9e76fa9-54e2-4161-9798-4787bf04217a,11,1,10,8,1,1769060820,2026-01-22 00:50:15
3ac37967-e174-421a-bfeb-d02249fb1266,5,4,1,18,1,1769060821,2026-01-22 00:50:15
5fdf435f-6080-4b1d-966c-3b9d08450c4d,12,1,11,5,1,1769060821,2026-01-22 00:50:15
1846086562569586930,18,8,10,2,1,1769060822,2026-01-22 00:50:15
14391923-6727-4359-92e9-03e0b5094753,48,34,14,2,1,1769060821,2026-01-22 00:50:15
b1cdec34-d4f9-4313-be82-729bb9f7bb18,6,1,5,14,1,1769060822,2026-01-22 00:50:15
16c54bf4-194b-4f26-9c49-a42901b4748d,11,8,3,11,1,1769060822,2026-01-22 00:50:15
c4377169-c19e-47e1-90a4-c4e14bb41601,5,2,3,16,1,1769060821,2026-01-22 00:50:15
66dc7d58-0aca-11e7-82f6-3863bb44ef7c,72,46,26,1,1,1769060826,2026-01-22 00:50:15
1960021056359127624,22,10,12,1,1,1769060826,2026-01-22 00:50:15
606c7384-75e9-4988-858a-07b88b3a9413,26,3,23,11,1,1769060827,2026-01-22 00:50:15
3c5a8531-4eec-4695-b4f8-8a1158890e78,12,10,2,3,1,1769060827,2026-01-22 00:50:15
5a6218aa-c5b7-4436-93c1-dee7cb5322d9,12,4,8,12,1,1769060827,2026-01-22 00:50:15
0f6fd186-656a-41b3-ba4a-456d22da177c,32,17,15,5,1,1769060829,2026-01-22 00:50:15
66de1a1f-0aca-11e7-82f6-3863bb44ef7c,12,11,1,21,1,1769060830,2026-01-22 00:50:15
d9160982-2d9b-4f08-9469-a559a7b62809,12,10,2,74,1,1769060830,2026-01-22 00:50:15
08bf2fe0-219d-48cd-87c5-6163b3a2eafd,13,10,3,11,1,1769060828,2026-01-22 00:50:15
1817432346178415570,6,2,4,14,1,1769060828,2026-01-22 00:50:15
1dba415a-2c46-419e-838d-7e068b8d7d6f,9,1,8,10,1,1769060828,2026-01-22 00:50:15
a6492ad5-d13e-48b0-a0d5-08e60ad93e53,63,27,36,4,1,1769060828,2026-01-22 00:50:15
6dec8948-44c7-4085-9682-446a891feb42,15,2,13,1,1,1769060829,2026-01-22 00:50:15
8066575c-f8e9-4e14-95ea-8d25ceeae2ca,3,3,0,28,1,1769060834,2026-01-22 00:50:15
66dd3cb4-0aca-11e7-82f6-3863bb44ef7c,21,1,20,11,1,1769060835,2026-01-22 00:50:15
3575749f-123a-4a80-870d-7ca7c7f9c8a9,1,1,0,23,1,1769060835,2026-01-22 00:50:15
7d41ac98-df88-497a-aef9-968660e6da0f,14,5,9,25,1,1769060835,2026-01-22 00:50:15
74f913d2-6eac-49ce-bd6d-53a06fa855a6,11,7,4,8,1,1769060835,2026-01-22 00:50:15
1786686999403592506,25,20,5,4,1,1769060835,2026-01-22 00:50:15
ee1d39c5-47c8-4527-9456-3719c50b7be5,13,2,11,4,1,1769060832,2026-01-22 00:50:15
1835247598942507168,3,0,3,15,1,1769060833,2026-01-22 00:50:15
de97a7d0-fbb3-4c13-ba6a-2bbd441751fe,9,3,6,9,1,1769060833,2026-01-22 00:50:15
201edb67-d071-4b67-bafd-131e5c273e9f,16,3,13,2,1,1769060833,2026-01-22 00:50:15
16836c76-c412-4ec3-bac8-3c6a5a3d9745,1,0,1,17,1,1769060832,2026-01-22 00:50:15
814dd1a9-100c-4b1b-8110-6319bbd464e9,18,13,5,2,1,1769060833,2026-01-22 00:50:15
18b19467-28ac-4496-b3e4-f6028b1c5105,16,13,3,12,1,1769060833,2026-01-22 00:50:15
66de4897-0aca-11e7-82f6-3863bb44ef7c,18,0,18,1,1,1769060833,2026-01-22 00:50:15
1960021358478625244,19,13,6,56,1,1769060835,2026-01-22 00:50:15
70634bc4-4d90-42d4-8f6a-3f29fa8f7f77,0,0,0,33,1,1769060845,2026-01-22 00:50:15
13b82a41-c25b-428f-a07b-5f5d8340c6f2,3,1,2,15,1,1769060846,2026-01-22 00:50:15
d4c34830-972f-4cd1-81bb-071df209d065,5,3,2,12,1,1769060843,2026-01-22 00:50:15
7c42f9fc-d280-4841-ad96-e3cc53ee3759,12,0,12,10,1,1769060843,2026-01-22 00:50:15
8f3a6711-fd05-4ce1-acf8-9d72b4a1bf97,4,3,1,16,1,1769060843,2026-01-22 00:50:15
2ec2f95c-675c-4c59-856f-1fb38df59fa2,0,0,0,18,1,1769060843,2026-01-22 00:50:15
66dbc7d2-0aca-11e7-82f6-3863bb44ef7c,16,9,7,15,1,1769060840,2026-01-22 00:50:15
5864d88d-a0fd-40ad-beee-896118d9360d,16,0,16,3,1,1769060840,2026-01-22 00:50:15
2123938400844950144,3,0,3,13,1,1769060850,2026-01-22 00:50:15
f8c1c90f-4ec0-44bd-b097-cfafc887744d,44,6,38,8,1,1769060850,2026-01-22 00:50:15
454fe70c-1d53-4af2-a9ea-1d4bd9f59799,4,4,0,15,1,1769060848,2026-01-22 00:50:15
b79bb851-130f-473d-83fc-f602aa0a4ca9,14,5,9,6,1,1769060849,2026-01-22 00:50:15
1828969634783171152,16,0,16,3,1,1769060848,2026-01-22 00:50:15
fe6f022b-7fdb-44fe-80bb-cbfc500959bf,2,1,1,19,1,1769060848,2026-01-22 00:50:15
00d3e65e-b614-4408-aaa9-939ed96ce645,39,33,6,14,1,1769060849,2026-01-22 00:50:15
266c8621-fdea-4a7e-9d35-18ca1684d526,8,5,3,13,1,1769060844,2026-01-22 00:50:15
66dbbeda-0aca-11e7-82f6-3863bb44ef7c,8,2,6,68,1,1769060839,2026-01-22 00:50:15
66de4b0b-0aca-11e7-82f6-3863bb44ef7c,26,1,25,6,1,1769060839,2026-01-22 00:50:15
116dbc02-a3c1-4b65-9f73-2a09a2aa1379,42,8,34,35,1,1769060842,2026-01-22 00:50:15
676b7b4d-b1c0-4c97-8ac3-5fe665e51108,3,3,0,20,1,1769060868,2026-01-22 00:50:15
92ffa9d6-8cb1-44cf-8059-391b03d58071,0,0,0,26,1,1769060868,2026-01-22 00:50:15
66ddeb67-0aca-11e7-82f6-3863bb44ef7c,26,19,7,0,1,1769060870,2026-01-22 00:50:15
66dbf6d2-0aca-11e7-82f6-3863bb44ef7c,8,6,2,21,1,1769060869,2026-01-22 00:50:15
66de077f-0aca-11e7-82f6-3863bb44ef7c,22,13,9,35,1,1769060869,2026-01-22 00:50:15
d5cb6e67-addb-46d4-93e7-832371736d45,23,3,20,8,1,1769060870,2026-01-22 00:50:15
7e70b65e-00c1-40d5-984d-17232a4ee05e,26,14,12,19,1,1769060870,2026-01-22 00:50:15
1797078913880883846,2,2,0,16,1,1769060868,2026-01-22 00:50:15
1856767203049599002,12,1,11,8,1,1769060864,2026-01-22 00:50:15
66ddef2d-0aca-11e7-82f6-3863bb44ef7c,7,0,7,13,1,1769060865,2026-01-22 00:50:15
ce700c09-6095-4b20-ab65-07defdd1a7d7,15,1,14,4,1,1769060866,2026-01-22 00:50:15
82b97827-1801-4b7b-b3de-16447a8dd025,6,1,5,12,1,1769060867,2026-01-22 00:50:15
1846086027713733188,9,2,7,5,1,1769060866,2026-01-22 00:50:15
66dce660-0aca-11e7-82f6-3863bb44ef7c,8,4,4,16,1,1769060866,2026-01-22 00:50:15
28a2436d-a52b-4fa4-874c-e096012a926d,13,13,0,5,1,1769060866,2026-01-22 00:50:15
8ec47777-852d-4059-a5ea-12eef71a9606,36,5,31,0,1,1769060886,2026-01-22 00:50:15
ff1e98d3-ae7d-4c53-a531-1845bee1d346,4,4,0,32,1,1769060886,2026-01-22 00:50:15
1880644037244334512,24,13,11,0,1,1769060886,2026-01-22 00:50:15
5b4a90b8-426d-4a40-a7ca-87e51d690883,7,7,0,30,1,1769060886,2026-01-22 00:50:15
66dc11a7-0aca-11e7-82f6-3863bb44ef7c,76,61,15,6,1,1769060887,2026-01-22 00:50:15
fffb18be-14b3-412f-a808-107a98cd9e58,1,1,0,17,1,1769060887,2026-01-22 00:50:15
3d6b7c84-7e5a-454d-aa9d-c66eb92383be,5,3,2,16,1,1769060887,2026-01-22 00:50:15
3edec530-4791-4872-8912-2a2397a903a4,32,16,16,37,1,1769060887,2026-01-22 00:50:15
1828966490867110420,9,1,8,7,1,1769060887,2026-01-22 00:50:15
66dc7e75-0aca-11e7-82f6-3863bb44ef7c,9,4,5,60,1,1769060887,2026-01-22 00:50:15
66dde271-0aca-11e7-82f6-3863bb44ef7c,20,8,12,23,1,1769060887,2026-01-22 00:50:15
1848242143834868452,14,1,13,4,1,1769060882,2026-01-22 00:50:15
c229f0ca-bdd1-4aa0-8906-a3e809e12889,7,2,5,14,1,1769060883,2026-01-22 00:50:15
8c6cba48-d803-4a90-99f7-e06edcdbbf92,14,6,8,9,1,1769060883,2026-01-22 00:50:15
4cfd4097-0aee-4f11-9aea-55f99397bf33,11,9,2,7,1,1769060884,2026-01-22 00:50:15
0b857ee5-3d10-4152-952e-95fbaf06677a,5,5,0,24,1,1769060884,2026-01-22 00:50:15
1792225684155730482,5,5,0,19,1,1769060889,2026-01-22 00:50:15
00284700-9d22-42ce-8485-113fed9879c1,15,11,4,3,1,1769060888,2026-01-22 00:50:15
66dbf215-0aca-11e7-82f6-3863bb44ef7c,27,16,11,18,1,1769060889,2026-01-22 00:50:15
66db930d-0aca-11e7-82f6-3863bb44ef7c,18,7,11,7,1,1769060884,2026-01-22 00:50:15
1864605926072998676,4,3,1,14,1,1769060884,2026-01-22 00:50:15
66dd4423-0aca-11e7-82f6-3863bb44ef7c,24,24,0,19,1,1769060885,2026-01-22 00:50:15
66db460d-0aca-11e7-82f6-3863bb44ef7c,28,1,27,1,1,1769060885,2026-01-22 00:50:15
914e3e7c-87da-4f52-aa03-5449c6361fa2,5,2,3,9,1,1769060885,2026-01-22 00:50:15
9be6c750-85b6-4e81-bace-1a8ffe941d7b,3,0,3,17,1,1769060885,2026-01-22 00:50:15
174bf571-e597-463d-84bc-611c4a13d85e,18,3,15,8,1,1769060885,2026-01-22 00:50:15
1869439170989701358,12,0,12,8,1,1769060885,2026-01-22 00:50:15
dfb8b9c8-3006-4b76-963a-95f7471dc0a8,16,5,11,3,1,1769060885,2026-01-22 00:50:15
340036c3-2787-4998-9a77-fe54f352d619,10,8,2,8,1,1769060885,2026-01-22 00:50:15
66dea8ff-0aca-11e7-82f6-3863bb44ef7c,15,6,9,19,1,1769060884,2026-01-22 00:50:15
1828967208126648828,7,3,4,12,1,1769060853,2026-01-22 00:50:15
66db43b5-0aca-11e7-82f6-3863bb44ef7c,13,10,3,6,1,1769060853,2026-01-22 00:50:15
66dc4fb5-0aca-11e7-82f6-3863bb44ef7c,37,16,21,3,1,1769060853,2026-01-22 00:50:15
2126621627432855870,9,1,8,2,1,1769060813,2026-01-22 00:50:15
72719900-dd61-40bd-9f4a-40d70c47590c,6,0,6,21,1,1769060847,2026-01-22 00:50:15
b9b58379-b29a-4fa8-ba72-c647728e1686,15,11,4,3,1,1769060848,2026-01-22 00:50:15
8ea3301f-6940-4e0f-80f0-7a3e54b2eaa5,4,4,0,13,1,1769060852,2026-01-22 00:50:15
3c73cc9f-3c09-4ac4-a4ea-22b4f027bf23,13,0,13,8,1,1769060852,2026-01-22 00:50:15
a7a175ff-8ffb-477c-a40b-6d47ce92305d,13,4,9,8,1,1769060853,2026-01-22 00:50:15
1835244925191295588,7,7,0,16,1,1769060853,2026-01-22 00:50:15
971cddfa-695e-4b44-ba8b-26154ab4a83b,7,6,1,10,1,1769060853,2026-01-22 00:50:15
034f7f3d-e632-475a-aa01-894480d153df,6,3,3,12,1,1769060854,2026-01-22 00:50:15
89ff4db3-8a29-4565-a366-6fea4b3afc39,11,2,9,7,1,1769060854,2026-01-22 00:50:15
66ddf310-0aca-11e7-82f6-3863bb44ef7c,17,7,10,20,1,1769060854,2026-01-22 00:50:15
57f144cb-375d-4eee-b458-e288116cb8f7,11,6,6,2,1,1769060854,2026-01-22 00:50:15
398ebef6-dcc2-4305-b1d2-47efafdaa85c,0,0,0,20,1,1769060844,2026-01-22 00:50:15
66de0a0a-0aca-11e7-82f6-3863bb44ef7c,14,8,6,11,1,1769060844,2026-01-22 00:50:15
1817803079955479336,14,3,11,6,1,1769060844,2026-01-22 00:50:15
1862787688044743624,15,1,14,5,1,1769060850,2026-01-22 00:50:15
d7c56fef-1bf9-4315-85af-8638c534b402,25,22,3,12,1,1769060851,2026-01-22 00:50:15
ee1ba75f-baf5-4852-929c-8b7ad310f55a,10,9,1,16,1,1769060851,2026-01-22 00:50:15
36d80620-9774-487e-8eb0-cf5f18a39321,8,7,1,19,1,1769060851,2026-01-22 00:50:15
c1e24edf-7192-433f-8d38-be5b6b3647c5,1,1,0,26,1,1769060851,2026-01-22 00:50:15
66dcba5e-0aca-11e7-82f6-3863bb44ef7c,0,0,0,17,1,1769060856,2026-01-22 00:50:15
1b962833-d769-418e-b1ef-5a183bb5eb1a,9,1,8,5,1,1769060856,2026-01-22 00:50:15
e3470e29-934c-41f1-8fe7-82135ed2d620,0,0,0,60,1,1769060857,2026-01-22 00:50:15
3a51a25f-3e9b-4aea-84ee-39e9a3acc7fd,9,2,7,12,1,1769060855,2026-01-22 00:50:15
1849009794224623642,18,1,17,0,1,1769060855,2026-01-22 00:50:15
66dcecfa-0aca-11e7-82f6-3863bb44ef7c,17,12,5,12,1,1769060855,2026-01-22 00:50:15
11a8d465-b4eb-466b-a6ca-055f73994231,12,2,10,13,1,1769060855,2026-01-22 00:50:15
36aaebb9-ef10-41a5-b20b-753bf8a3fed8,1,1,0,16,1,1769060855,2026-01-22 00:50:15
66db728c-0aca-11e7-82f6-3863bb44ef7c,3,0,3,52,1,1769060872,2026-01-22 00:50:15
66dc42a0-0aca-11e7-82f6-3863bb44ef7c,23,23,0,3,1,1769060872,2026-01-22 00:50:15
1835246516012366338,4,1,3,16,1,1769060872,2026-01-22 00:50:15
1857217349795049790,6,4,2,9,1,1769060872,2026-01-22 00:50:15
b4ae292d-5e89-4c58-8154-0496893394b5,0,0,0,22,1,1769060872,2026-01-22 00:50:15
f42b3158-3f78-4a62-964a-8cc554d69c35,16,3,13,0,1,1769060873,2026-01-22 00:50:15
1835250199411134468,9,2,6,12,1,1769060873,2026-01-22 00:50:15
66dca5f3-0aca-11e7-82f6-3863bb44ef7c,6,2,4,40,1,1769060873,2026-01-22 00:50:15
90fca941-2212-43bf-b104-ce32c4270d4d,0,0,0,19,1,1769060870,2026-01-22 00:50:15
66db9675-0aca-11e7-82f6-3863bb44ef7c,1,0,1,25,1,1769060870,2026-01-22 00:50:15
76c1ef9c-3984-4b4e-bff4-5c398e2395bd,13,13,0,10,1,1769060870,2026-01-22 00:50:15
1869754143518014264,24,4,20,13,1,1769060871,2026-01-22 00:50:15
66dc4334-0aca-11e7-82f6-3863bb44ef7c,22,22,0,0,1,1769060871,2026-01-22 00:50:15
f6143531-4a16-4aac-9b55-573ef7ef162e,9,3,6,11,1,1769060872,2026-01-22 00:50:15
b7af52d2-fd23-4970-8513-be7c681480c4,48,33,15,6,1,1769060874,2026-01-22 00:50:15
c0ce2a38-04f5-4333-8818-2a3faa84f214,23,3,20,4,1,1769060874,2026-01-22 00:50:15
89d4a926-f1ae-4bf2-bf2d-59cff3881579,61,15,46,12,1,1769060876,2026-01-22 00:50:15
8d8a381c-21df-4095-837e-65924d85a06d,0,0,0,20,1,1769060876,2026-01-22 00:50:15
44a43ebf-cacf-4251-9ceb-e1c331ef1673,1,1,0,16,1,1769060874,2026-01-22 00:50:15
d7c12bf1-1ec8-496a-beca-90ba76c53241,4,1,3,13,1,1769060874,2026-01-22 00:50:15
2124037510131026812,21,14,7,0,1,1769060875,2026-01-22 00:50:15
8dfff4bd-0f3c-43af-bc55-a63850f66c6b,0,0,0,13,1,1769060891,2026-01-22 00:50:15
dee5a590-7cda-465e-8351-b0622a5e2ad3,10,4,6,7,1,1769060892,2026-01-22 00:50:15
a5bd1f58-7df8-4df6-9636-372f1bc194be,35,9,26,1,1,1769060892,2026-01-22 00:50:15
c36cfa58-29fe-4c0c-a14f-41c3463487fd,3,2,1,17,1,1769060892,2026-01-22 00:50:15
66dc2606-0aca-11e7-82f6-3863bb44ef7c,60,25,35,14,1,1769060892,2026-01-22 00:50:15
66de18d7-0aca-11e7-82f6-3863bb44ef7c,12,1,11,8,1,1769060892,2026-01-22 00:50:15
66dd4f9b-0aca-11e7-82f6-3863bb44ef7c,7,7,0,27,1,1769060890,2026-01-22 00:50:15
f3525aa7-9d69-4ea2-9278-4df92db1afa1,17,11,6,1,1,1769060890,2026-01-22 00:50:15
ba7bf20d-b6bc-43dd-bf30-acb940eaeec8,1,1,0,15,1,1769060890,2026-01-22 00:50:15
c829b6af-002b-4d04-af56-6924d4ad0aa2,12,2,10,14,1,1769060891,2026-01-22 00:50:15
66dd9b0f-0aca-11e7-82f6-3863bb44ef7c,19,15,4,19,1,1769060891,2026-01-22 00:50:15
b976906e-81c4-44c5-a160-e17815c0d47b,7,5,2,23,1,1769060891,2026-01-22 00:50:15
2126624118513887578,11,7,4,3,1,1769060893,2026-01-22 00:50:15
7e36cd9b-b271-42e5-b344-b7a3771c795e,9,5,4,35,1,1769060892,2026-01-22 00:50:15
adb67652-c20d-4dd2-8e89-d6015b801c1a,0,0,0,17,1,1769060893,2026-01-22 00:50:15
9d56294e-61fc-4176-bb9c-4692f45bb374,14,2,12,8,1,1769060893,2026-01-22 00:50:15
e63c8dac-ab44-48c8-83a0-92c53a00f12e,1,0,1,29,1,1769060893,2026-01-22 00:50:15
1834145204469569922,11,1,10,8,1,1769060893,2026-01-22 00:50:15
5ffde991-1125-443e-bc97-6827b2b9c97b,17,6,11,8,1,1769060894,2026-01-22 00:50:15
3e4a2c26-7527-469c-b4f4-1ef8d40fd20d,4,2,2,12,1,1769060893,2026-01-22 00:50:15
1861682182353914188,12,2,10,6,1,1769060894,2026-01-22 00:50:15
66db3898-0aca-11e7-82f6-3863bb44ef7c,23,16,7,7,1,1769060893,2026-01-22 00:50:15
1861680383828308814,14,14,0,4,1,1769060894,2026-01-22 00:50:15
7af717b9-99ce-4cce-94b4-b445a40537a1,23,3,20,0,1,1769060895,2026-01-22 00:50:15
b43ecf62-4c9d-4b06-ac9a-5837084f769f,1,1,0,20,1,1769060895,2026-01-22 00:50:15
c72970e7-7f1a-4671-bf55-fc34be7c9413,13,2,11,5,1,1769060895,2026-01-22 00:50:15
1984510483573713186,23,10,13,37,1,1769060890,2026-01-22 00:50:15
61c82689-3f4c-495d-8f44-e71de8f04088,18,16,2,60,1,1769060890,2026-01-22 00:50:15
f47c7f15-1c30-4199-a09f-134f0f0f684b,8,6,2,15,1,1769060890,2026-01-22 00:50:15
0cb63737-64c9-42a9-9479-280d49ed015a,10,4,6,13,1,1769060890,2026-01-22 00:50:15
d29ea280-8b64-4a35-b12b-245525ae2a3a,11,7,4,41,1,1769060895,2026-01-22 00:50:15
1828967499459705054,10,1,9,7,1,1769060895,2026-01-22 00:50:15
a7c09fde-76e8-4a56-b61d-8ca940432efd,2,2,0,20,1,1769060892,2026-01-22 00:50:15
1857515306802639416,19,1,18,4,1,1769060892,2026-01-22 00:50:15
66dcc44a-0aca-11e7-82f6-3863bb44ef7c,9,6,3,8,1,1769060847,2026-01-22 00:50:15
66dc176f-0aca-11e7-82f6-3863bb44ef7c,60,47,13,13,1,1769060841,2026-01-22 00:50:15
23539f3b-fb83-4f34-b8b8-9f1f37b5e646,11,1,10,24,1,1769060863,2026-01-22 00:50:15
1abd4668-ed6b-4930-8177-17239ae75a9e,3,2,1,16,1,1769060863,2026-01-22 00:50:15
1835249197527877718,2,2,0,16,1,1769060864,2026-01-22 00:50:15
66dc7802-0aca-11e7-82f6-3863bb44ef7c,17,15,2,34,1,1769060858,2026-01-22 00:50:15
1963272613486484230,54,40,14,14,1,1769060858,2026-01-22 00:50:15
66dcc920-0aca-11e7-82f6-3863bb44ef7c,1,1,0,16,1,1769060858,2026-01-22 00:50:15
1913990214925537808,33,17,16,1,1,1769060859,2026-01-22 00:50:15
9206af28-03bf-43e3-a8b0-354792921466,9,2,7,11,1,1769060858,2026-01-22 00:50:15
66db5d92-0aca-11e7-82f6-3863bb44ef7c,13,9,4,6,1,1769060859,2026-01-22 00:50:15
66de0c43-0aca-11e7-82f6-3863bb44ef7c,24,2,22,2,1,1769060858,2026-01-22 00:50:15
26599393-b967-44a6-a998-cb72ca53cd9e,0,0,0,20,1,1769060859,2026-01-22 00:50:15
66dbefee-0aca-11e7-82f6-3863bb44ef7c,5,3,2,9,1,1769060862,2026-01-22 00:50:15
1815968345907104578,15,0,15,10,1,1769060862,2026-01-22 00:50:15
5d101095-011e-4541-ae64-bed8b52807b3,7,6,1,12,1,1769060863,2026-01-22 00:50:15
eab2749b-2f79-4797-a0a6-0579b27e6929,18,2,16,20,1,1769060863,2026-01-22 00:50:15
0575e356-72f4-4251-8e15-574cf60bd190,8,5,3,11,1,1769060857,2026-01-22 00:50:15
bda1fab4-5065-42df-a8ff-514e6064ab6e,20,1,19,0,1,1769060857,2026-01-22 00:50:15
66dc1702-0aca-11e7-82f6-3863bb44ef7c,44,38,6,25,1,1769060857,2026-01-22 00:50:15
66dbcb2f-0aca-11e7-82f6-3863bb44ef7c,15,15,0,40,1,1769060860,2026-01-22 00:50:15
bcd3ee0f-21d7-4cc8-ac45-ccea48b6fc1b,8,5,3,14,1,1769060861,2026-01-22 00:50:15
2fe3e166-2d2f-41c8-b522-fdf8ee3ae16f,3,2,1,15,1,1769060860,2026-01-22 00:50:15
66dcb9f7-0aca-11e7-82f6-3863bb44ef7c,5,1,4,18,1,1769060861,2026-01-22 00:50:15
e25f8dee-c110-489f-a978-464ac5c84ca2,11,7,4,13,1,1769060861,2026-01-22 00:50:15
2124425954553309758,8,6,2,4,1,1769060862,2026-01-22 00:50:15
66db28b5-0aca-11e7-82f6-3863bb44ef7c,64,7,57,10,1,1769060861,2026-01-22 00:50:15
06109e92-4363-445a-9743-0457f6799530,15,14,1,58,1,1769060860,2026-01-22 00:50:15
66dd2292-0aca-11e7-82f6-3863bb44ef7c,0,0,0,44,1,1769060861,2026-01-22 00:50:15
1967778612889039234,4,0,4,29,1,1769060859,2026-01-22 00:50:15
66db3583-0aca-11e7-82f6-3863bb44ef7c,20,15,5,43,1,1769060860,2026-01-22 00:50:15
272c0389-5e4a-41a9-ad6c-2dccdfa55af9,14,13,1,9,1,1769060860,2026-01-22 00:50:15
fcb1c3a3-04b6-45cf-bc9a-deb71198804e,1,0,1,16,1,1769060859,2026-01-22 00:50:15
66db3816-0aca-11e7-82f6-3863bb44ef7c,39,14,25,5,1,1769060859,2026-01-22 00:50:15
1885440410432338078,0,0,0,21,1,1769060859,2026-01-22 00:50:15
1786696780996714874,12,4,8,16,1,1769060859,2026-01-22 00:50:15
ab29ce96-c2e8-4929-b27b-e0fe4aae17d5,8,1,7,9,1,1769060880,2026-01-22 00:50:15
c3b255d8-b690-4825-b1e9-a1d1680e5542,11,2,9,8,1,1769060880,2026-01-22 00:50:15
66db281e-0aca-11e7-82f6-3863bb44ef7c,46,10,36,11,1,1769060880,2026-01-22 00:50:15
1838999304404452058,20,1,19,0,1,1769060879,2026-01-22 00:50:15
014a931b-8e1c-438a-8a22-f267ddd1e0d2,36,10,26,4,1,1769060880,2026-01-22 00:50:15
46bdd925-fb6c-4654-85d8-e0db4da62abf,35,14,21,1,1,1769060880,2026-01-22 00:50:15
e0a9ed84-55f9-40f5-90fa-87db17d2f933,11,1,10,7,1,1769060880,2026-01-22 00:50:15
1879828885264130640,12,3,9,8,1,1769060880,2026-01-22 00:50:15
66dc462a-0aca-11e7-82f6-3863bb44ef7c,74,56,18,3,1,1769060880,2026-01-22 00:50:15
2ad41c1f-5636-4a63-ad52-761e2613061a,1,1,0,18,1,1769060881,2026-01-22 00:50:15
8b830188-101e-44bf-a755-5e6c611e3edc,26,0,26,0,1,1769060881,2026-01-22 00:50:15
1848241879913802606,16,10,6,1,1,1769060881,2026-01-22 00:50:15
3893eeef-06a8-47b1-95f2-a85454f7d5c9,4,0,4,16,1,1769060882,2026-01-22 00:50:15
1875395639434791520,0,0,0,18,1,1769060877,2026-01-22 00:50:15
66dccc99-0aca-11e7-82f6-3863bb44ef7c,5,0,5,25,1,1769060878,2026-01-22 00:50:15
5a5a38d1-f28d-4e51-bf85-27bb384135c7,27,0,27,5,1,1769060879,2026-01-22 00:50:15
66de0dfd-0aca-11e7-82f6-3863bb44ef7c,14,14,0,23,1,1769060879,2026-01-22 00:50:15
7a8bf573-275f-41d5-ad8b-1ff9ee7c2dce,8,0,8,16,1,1769060879,2026-01-22 00:50:15
1a92d2d3-ddf1-4f34-b28c-ce7a064b9a3e,13,6,7,7,1,1769060877,2026-01-22 00:50:15
32d3adc3-c3dd-4a97-a4db-95d467f3c3aa,2,2,0,27,1,1769060881,2026-01-22 00:50:15
2123939242997647892,8,1,7,6,1,1769060880,2026-01-22 00:50:15
66dcf922-0aca-11e7-82f6-3863bb44ef7c,9,0,9,17,1,1769060881,2026-01-22 00:50:15
66dbecd0-0aca-11e7-82f6-3863bb44ef7c,40,27,13,6,1,1769060881,2026-01-22 00:50:15
039d4cc9-8560-4d22-88c3-20753c54a50f,11,1,10,14,1,1769060878,2026-01-22 00:50:15
1828966227118051662,17,4,13,2,1,1769060879,2026-01-22 00:50:15
2025623258130320038,16,2,14,16,1,1769060895,2026-01-22 00:50:15
bb58e953-4953-4fbe-9ef2-367488dfef9b,9,9,0,14,1,1769060895,2026-01-22 00:50:15
3d340fc5-8c86-4d5e-974d-ae28958e61e8,7,5,2,47,1,1769060895,2026-01-22 00:50:15
7c7cb750-6613-48a4-bfae-9240968f1fad,25,18,7,11,1,1769060896,2026-01-22 00:50:15
941ea42c-47fe-4d63-a6f5-e0e200f01633,7,3,4,10,1,1769060896,2026-01-22 00:50:15
66dbeb1b-0aca-11e7-82f6-3863bb44ef7c,29,25,4,13,1,1769060896,2026-01-22 00:50:15
66dc210e-0aca-11e7-82f6-3863bb44ef7c,7,7,0,25,1,1769060896,2026-01-22 00:50:15
023127f2-a6e0-4fae-ba34-178acccb993e,3,2,1,17,1,1769060896,2026-01-22 00:50:15
0e405c35-322f-4705-8ea7-769eb3fd028a,8,3,5,9,1,1769060896,2026-01-22 00:50:15
66dbf362-0aca-11e7-82f6-3863bb44ef7c,28,7,21,14,1,1769060897,2026-01-22 00:50:15
66dc89ae-0aca-11e7-82f6-3863bb44ef7c,16,12,3,19,1,1769060897,2026-01-22 00:50:15
6ff2eec8-2b72-490a-b1c3-f9892ab3a724,16,12,4,30,1,1769060898,2026-01-22 00:50:15
e36b5913-8e46-4c2a-b9be-73bdf8ee548b,33,12,22,20,1,1769060898,2026-01-22 00:50:15
7b56cbab-9d93-4043-bfa5-63eb6b3e5281,13,5,8,4,1,1769060898,2026-01-22 00:50:15
566935d6-4d66-4b42-9822-f2a816e357b9,17,10,7,7,1,1769060898,2026-01-22 00:50:15
1808184356986544410,16,5,11,14,1,1769060898,2026-01-22 00:50:15
0e3dedfb-df10-4900-a67b-95349a81bc5c,23,1,22,1,1,1769060898,2026-01-22 00:50:15
05d03a63-b5f2-40d9-9a3d-d2fe666a307f,7,0,7,17,1,1769060898,2026-01-22 00:50:15
2126965369631090816,8,3,5,7,1,1769060899,2026-01-22 00:50:15
7478be11-37d8-49b1-a253-f0810045f6ff,0,0,0,2,0,1769031918,2026-01-22 00:50:15
d09709d2-e119-48c4-aa22-29432a13a35a,0,0,0,6,0,1769013015,2026-01-22 00:50:15
66dd5e69-0aca-11e7-82f6-3863bb44ef7c,0,0,0,9,0,1769049974,2026-01-22 00:50:15
537a2f47-26a3-4776-ba9d-e2acd2ffbee1,0,0,0,8,1,1769060728,2026-01-22 00:50:15
e163ce54-4c39-43c5-9831-e10a2603527d,17,2,15,4,1,1769060808,2026-01-22 00:50:15
4a48175b-c239-4d5e-b1b8-03eda4239678,23,2,21,7,1,1769060807,2026-01-22 00:50:15
66ddda59-0aca-11e7-82f6-3863bb44ef7c,0,0,0,10,0,1769002745,2026-01-22 00:50:15
66dd5960-0aca-11e7-82f6-3863bb44ef7c,0,0,0,17,0,1768981537,2026-01-22 00:50:15
3d1db3fa-1df5-46c8-baf3-619b729f5bda,9,2,7,8,1,1769060830,2026-01-22 00:50:15
66dd8479-0aca-11e7-82f6-3863bb44ef7c,11,1,10,11,1,1769060839,2026-01-22 00:50:15
681a8bdb-65ff-4078-a5de-74927502da4e,17,10,7,1,1,1769060842,2026-01-22 00:50:15
2108372562172578194,16,15,1,2,1,1769060710,2026-01-22 00:50:15
1839334257267825432,0,0,0,13,1,1769060784,2026-01-22 00:50:15
66dd6721-0aca-11e7-82f6-3863bb44ef7c,4,0,4,14,1,1769060860,2026-01-22 00:50:15
2116635993049651742,3,0,3,9,1,1769060861,2026-01-22 00:50:15
f417d8da-0f15-49b0-9e3c-3c3e55c2691d,19,8,11,3,1,1769060864,2026-01-22 00:50:15
2116635307734817684,4,2,2,11,1,1769060855,2026-01-22 00:50:15
6107e75a-2493-4e3d-a3e0-d4886d3416e5,13,2,11,0,1,1769060877,2026-01-22 00:50:15
2de92329-48d0-4cf7-85df-172f91bbb320,10,10,0,19,1,1769060868,2026-01-22 00:50:15
2116636101124803154,10,0,10,4,1,1769060893,2026-01-22 00:50:15
a59f4f11-5d52-43a2-8a32-ae71137a6af8,0,0,0,6,0,1768903723,2026-01-22 00:50:15
66dd9183-0aca-11e7-82f6-3863bb44ef7c,12,9,3,1,1,1769060785,2026-01-22 00:50:15
66dd8043-0aca-11e7-82f6-3863bb44ef7c,8,8,0,8,1,1769060878,2026-01-22 00:50:15
66dddae7-0aca-11e7-82f6-3863bb44ef7c,2,0,2,16,1,1769060875,2026-01-22 00:50:15
2036428272250118978,15,11,4,5,1,1769060882,2026-01-22 00:50:15
43318169-d1ae-4a1a-9578-23cfa3fdbac9,0,0,0,21,1,1769060891,2026-01-22 00:50:15
ded4386f-9f69-43c6-a566-4511920c3e39,16,9,7,6,1,1769060800,2026-01-22 00:50:15
c32d6965-4fae-4f1f-a5f2-7f2ef5f439fc,20,5,15,0,1,1769060800,2026-01-22 00:50:15
915057d4-edbc-4c73-8d81-dda33d600d58,14,8,6,4,1,1769060856,2026-01-22 00:50:15
66dd7cab-0aca-11e7-82f6-3863bb44ef7c,14,10,4,12,1,1769060873,2026-01-22 00:50:15
21c4a77d-b1ae-4262-b143-087fd14a07b8,12,3,9,4,1,1769060875,2026-01-22 00:50:15
e2c00264-9eea-446d-a1b7-27cef3aed403,12,7,5,1,1,1769060875,2026-01-22 00:50:15
66dd83fc-0aca-11e7-82f6-3863bb44ef7c,13,1,12,9,1,1769060870,2026-01-22 00:50:15
66dddc98-0aca-11e7-82f6-3863bb44ef7c,12,8,4,13,1,1769060841,2026-01-22 00:50:15
66ddded0-0aca-11e7-82f6-3863bb44ef7c,9,7,2,4,1,1769060838,2026-01-22 00:50:15
66ddde40-0aca-11e7-82f6-3863bb44ef7c,12,4,8,5,1,1769060839,2026-01-22 00:50:15
66dd836d-0aca-11e7-82f6-3863bb44ef7c,9,3,6,13,1,1769060822,2026-01-22 00:50:15
0bb12c94-efdb-40ac-98fe-9521ba373b57,0,0,0,30,1,1769060825,2026-01-22 00:50:15
66dd650d-0aca-11e7-82f6-3863bb44ef7c,6,5,1,8,1,1769060852,2026-01-22 00:50:15
3742e2ab-6cd0-40cf-846a-72cbe637afe1,0,0,0,0,0,1769009407,2026-01-22 00:50:15
2108372790290481846,3,3,0,11,1,1769060895,2026-01-22 00:50:15
f841ae52-0bbb-49db-b6eb-f898fbce6108,3,1,2,14,1,1769060896,2026-01-22 00:50:15
823c0615-2832-4e76-85f0-7cf527151aba,0,0,0,0,0,86400,2026-01-22 00:50:15
66dd5f99-0aca-11e7-82f6-3863bb44ef7c,0,0,0,3,0,1768987808,2026-01-22 00:50:15
2058728861810389252,0,0,0,16,0,1768997527,2026-01-22 00:50:15
2116635185595800086,10,7,3,5,1,1769060761,2026-01-22 00:50:15
8ae0bf30-9979-461e-a947-2dd89f293b40,5,0,5,8,1,1769060790,2026-01-22 00:50:15
5f798c51-5d8b-4add-9f81-341f54a82ffa,18,8,10,1,1,1769060813,2026-01-22 00:50:15
66dd63de-0aca-11e7-82f6-3863bb44ef7c,13,10,3,4,1,1769060822,2026-01-22 00:50:15
655b0878-c22b-4f8c-8675-21bf30d1eebf,9,1,8,6,1,1769060829,2026-01-22 00:50:15
2116635868495600156,3,1,2,11,1,1769060840,2026-01-22 00:50:15
2290031f-e7d8-40a3-9ad6-566df493bbbc,4,0,4,37,1,1769060844,2026-01-22 00:50:15
2157737368545384190,2,2,0,14,1,1769060849,2026-01-22 00:50:15
33a797e8-6be2-4868-b9f6-1be157eaa0a5,1,0,1,18,1,1769060846,2026-01-22 00:50:15
fadf00cf-d84a-49e8-9607-c67154915412,20,11,9,5,1,1769060854,2026-01-22 00:50:15
1849747691035224144,10,3,7,4,1,1769060856,2026-01-22 00:50:15
ccfa1f8f-f930-45f2-9cda-375c01596ca2,2,2,0,16,1,1769060853,2026-01-22 00:50:15
1ec24ce3-2b69-4f3a-a153-c73e583d11f3,2,2,0,16,1,1769060860,2026-01-22 00:50:15
66dd58f2-0aca-11e7-82f6-3863bb44ef7c,6,1,5,7,1,1769060862,2026-01-22 00:50:15
22cd02a2-228f-4eeb-b249-cbea51a0e219,7,1,6,11,1,1769060869,2026-01-22 00:50:15
66ddd78e-0aca-11e7-82f6-3863bb44ef7c,11,9,2,1,1,1769060866,2026-01-22 00:50:15
66dd7f10-0aca-11e7-82f6-3863bb44ef7c,7,4,3,19,1,1769060876,2026-01-22 00:50:15
66dd630c-0aca-11e7-82f6-3863bb44ef7c,17,11,6,1,1,1769060882,2026-01-22 00:50:15
2116635417524034072,7,6,1,8,1,1769060883,2026-01-22 00:50:15
dd8b2f53-8b94-4082-9576-994a4962f9d5,0,0,0,17,1,1769060891,2026-01-22 00:50:15
2108373096850688302,2,2,0,12,1,1769060891,2026-01-22 00:50:15
2108372139456801688,16,7,9,2,1,1769060893,2026-01-22 00:50:15
2116885281736356212,6,2,4,7,1,1769060784,2026-01-22 00:50:15
66ddd81a-0aca-11e7-82f6-3863bb44ef7c,11,6,5,3,1,1769060796,2026-01-22 00:50:15
66dd7fe2-0aca-11e7-82f6-3863bb44ef7c,14,4,10,7,1,1769060806,2026-01-22 00:50:15
66dd80ac-0aca-11e7-82f6-3863bb44ef7c,9,0,9,12,1,1769060806,2026-01-22 00:50:15
3371df76-39db-43ab-b3d6-fac0be55311f,10,6,4,4,1,1769060818,2026-01-22 00:50:15
66dd7b37-0aca-11e7-82f6-3863bb44ef7c,16,13,3,8,1,1769060834,2026-01-22 00:50:15
2108373197827738014,12,5,7,9,1,1769060805,2026-01-22 00:50:15
66dd6000-0aca-11e7-82f6-3863bb44ef7c,16,16,0,6,1,1769060878,2026-01-22 00:50:15
1844599666569400604,0,0,0,23,1,1769060879,2026-01-22 00:50:15
2158919319277979600,7,4,3,7,1,1769060880,2026-01-22 00:50:15
66dd8b48-0aca-11e7-82f6-3863bb44ef7c,15,11,4,3,1,1769060897,2026-01-22 00:50:15
4aecd6f2-8a84-4bed-a528-dc6870877292,0,0,0,18,1,1769060854,2026-01-22 00:50:15
2157736614125310040,6,4,2,10,1,1769060858,2026-01-22 00:50:15
2165507807810224012,0,0,0,11,1,1769060858,2026-01-22 00:50:15
66dd6441-0aca-11e7-82f6-3863bb44ef7c,5,1,4,9,1,1769060890,2026-01-22 00:50:15
66dddf5f-0aca-11e7-82f6-3863bb44ef7c,4,4,0,9,1,1769060889,2026-01-22 00:50:15
2108372029596633484,2,0,2,10,1,1769060886,2026-01-22 00:50:15
66dddc08-0aca-11e7-82f6-3863bb44ef7c,0,0,0,1,0,1768955549,2026-01-22 00:50:15
2088688422524183306,0,0,0,39,1,1769060787,2026-01-22 00:50:15
581211b2-4e42-48f2-8a8f-5f968cb1c5df,1,0,1,29,1,1769060839,2026-01-22 00:50:15
66dddd28-0aca-11e7-82f6-3863bb44ef7c,8,6,2,6,1,1769060842,2026-01-22 00:50:15
9d344652-976b-4c2d-bede-2ef19b0fbf13,15,4,11,3,1,1769060798,2026-01-22 00:50:15
2108372903577159978,4,4,0,10,1,1769060811,2026-01-22 00:50:15
b6a13f2b-deb4-4f4d-9d67-7d23bee27c88,7,1,6,7,1,1769060821,2026-01-22 00:50:15
5faf99b8-9046-450f-9d2a-d13279b3d016,13,5,8,18,1,1769060823,2026-01-22 00:50:15
66dd5a42-0aca-11e7-82f6-3863bb44ef7c,13,12,1,9,1,1769060833,2026-01-22 00:50:15
2116636221383887448,15,0,15,3,1,1769060869,2026-01-22 00:50:15
cbc48689-7805-49dd-9669-5471f4b7b6fb,0,0,0,21,1,1769060867,2026-01-22 00:50:15
2108372356498784942,6,1,5,4,1,1769060887,2026-01-22 00:50:15
66dd5f24-0aca-11e7-82f6-3863bb44ef7c,4,2,2,18,1,1769060853,2026-01-22 00:50:15
66ddd93e-0aca-11e7-82f6-3863bb44ef7c,7,3,4,7,1,1769060855,2026-01-22 00:50:15
66ddd8a8-0aca-11e7-82f6-3863bb44ef7c,12,11,1,2,1,1769060872,2026-01-22 00:50:15
2108373961268485100,5,1,4,9,1,1769060890,2026-01-22 00:50:15
2116635527663355916,0,0,0,11,1,1769060893,2026-01-22 00:50:15
46813ecf-8df4-4c8f-9579-0179e0b36ba6,9,6,3,7,1,1769060890,2026-01-22 00:50:15
66ddddb4-0aca-11e7-82f6-3863bb44ef7c,10,8,2,4,1,1769060857,2026-01-22 00:50:15
2116634708854430228,9,1,8,9,1,1769060879,2026-01-22 00:50:15
bd6f422b-d7ae-4d7e-9261-653fdd8e6888,22,14,8,3,1,1769060879,2026-01-22 00:50:15
5aa81a37-ea1d-4bf6-ab40-4751c6b4fb08,14,13,1,2,1,1769060880,2026-01-22 00:50:15
519824e4-69ba-4270-a395-17c204f328f8,6,1,5,15,1,1769060900,2026-01-22 00:50:15
96e72113-3681-4d19-88bb-032e76720093,0,0,0,0,0,86400,2026-01-22 01:21:35
41495491-5d89-4e14-aab9-c3db04aad399,0,0,0,0,0,86400,2026-01-22 01:21:35
1905837242740508940,0,0,0,0,0,86400,2026-01-22 01:21:35
b9720921-8170-43ea-a5ae-b61b9161eb49,0,0,0,0,0,86400,2026-01-22 01:21:35
2171903488884523500,0,0,0,0,0,86400,2026-01-22 01:21:35
2171903608969565866,0,0,0,0,0,86400,2026-01-22 01:21:35
2171904223419888148,0,0,0,0,0,86400,2026-01-22 01:21:35
2126623007192357636,6,0,6,4,1,1769062621,2026-01-22 01:21:35
2124036103510616644,4,0,4,6,1,1769062583,2026-01-22 01:21:35
2137775326353803668,13,3,10,0,1,1769062694,2026-01-22 01:21:35
191d5d54-de64-4312-99c7-eee141efa4ef,5,4,1,18,1,1769062697,2026-01-22 01:21:35
16e70b05-5b73-4930-9dcf-f79e5ce9eaf5,23,2,21,0,1,1769062701,2026-01-22 01:21:35
66de205d-0aca-11e7-82f6-3863bb44ef7c,1,0,1,23,1,1769062702,2026-01-22 01:21:35
f5393bc2-36d4-4508-bf51-fa48d121f751,25,21,4,1,1,1769062702,2026-01-22 01:21:35
20ff5447-eac3-43b7-820f-f6fa3a2e12a8,15,3,12,4,1,1769062702,2026-01-22 01:21:35
372c592e-09d8-400c-9595-2aa3510f39b0,4,2,2,18,1,1769062699,2026-01-22 01:21:35
66de43a5-0aca-11e7-82f6-3863bb44ef7c,14,5,9,6,1,1769062704,2026-01-22 01:21:35
bf880f45-422c-4e0b-b3b0-2b1f5ba94da4,4,2,2,14,1,1769062701,2026-01-22 01:21:35
3e1bdcec-e762-4e83-b447-007f05923cce,10,10,0,12,1,1769062701,2026-01-22 01:21:35
0fde06c2-632c-46a9-8866-f4e855604f74,20,17,3,46,1,1769062699,2026-01-22 01:21:35
1831178352265562334,12,3,9,15,1,1769062699,2026-01-22 01:21:35
5145ad1c-241f-4448-a742-739bd5c518c2,9,3,6,9,1,1769062701,2026-01-22 01:21:35
66de677e-0aca-11e7-82f6-3863bb44ef7c,12,7,5,13,1,1769062706,2026-01-22 01:21:35
66db9c2e-0aca-11e7-82f6-3863bb44ef7c,12,5,7,29,1,1769062706,2026-01-22 01:21:35
5f63411c-91ce-4788-a567-d388cc812a15,1,0,1,30,1,1769062708,2026-01-22 01:21:35
ffae66ec-7c16-436f-bd0a-eedf81d580e7,4,1,3,17,1,1769062708,2026-01-22 01:21:35
1835246658344669972,2,1,1,17,1,1769062707,2026-01-22 01:21:35
5526b855-dc09-4159-a20a-99651861a481,6,5,1,16,1,1769062705,2026-01-22 01:21:35
1854538962214948918,17,1,16,1,1,1769062705,2026-01-22 01:21:35
42c3bb6e-0478-4e4a-af10-151f5f4dffb9,15,2,13,2,1,1769062707,2026-01-22 01:21:35
1814901062206225038,3,0,3,16,1,1769062708,2026-01-22 01:21:35
19d17911-1e4a-41fa-b62b-719aa0a6182e,25,14,11,12,1,1769062708,2026-01-22 01:21:35
59b747c1-fbfb-4a3d-9394-8d06834d7c98,20,11,9,1,1,1769062706,2026-01-22 01:21:35
bfe5e69d-89ff-48b3-bf20-80cbdfa443e0,38,13,25,13,1,1769062705,2026-01-22 01:21:35
66dc8db1-0aca-11e7-82f6-3863bb44ef7c,45,1,44,7,1,1769062720,2026-01-22 01:21:35
ca843847-923a-40b7-80ca-c1c3fff6e818,0,0,0,18,1,1769062721,2026-01-22 01:21:35
c190f78c-77ad-469e-aecc-e2af7bb6d92a,21,3,18,0,1,1769062721,2026-01-22 01:21:35
47da6ab2-c841-4f2d-97ef-dd8d441c96b1,1,1,0,16,1,1769062719,2026-01-22 01:21:35
1815967442754883940,22,2,20,7,1,1769062719,2026-01-22 01:21:35
81bec993-29a5-4e70-8f60-eecdf16c7be4,16,9,7,9,1,1769062719,2026-01-22 01:21:35
66880044-5411-4143-af39-eaa0a0fd0528,6,2,4,26,1,1769062716,2026-01-22 01:21:35
62b97c1e-9d06-4c5e-b9c3-d76099e37fe4,3,3,0,22,1,1769062720,2026-01-22 01:21:35
66de1fe7-0aca-11e7-82f6-3863bb44ef7c,24,17,7,3,1,1769062720,2026-01-22 01:21:35
7a6fc75f-a605-4dd6-b567-b2bbbfb862f3,13,13,0,4,1,1769062720,2026-01-22 01:21:35
1f088432-0460-421e-a1d9-36890fa5396d,9,6,3,9,1,1769062718,2026-01-22 01:21:35
1875415144760576328,16,16,0,5,1,1769062720,2026-01-22 01:21:35
66de1516-0aca-11e7-82f6-3863bb44ef7c,9,0,9,23,1,1769062716,2026-01-22 01:21:35
6542d952-ca19-410e-9290-ee6b7a6e14cf,1,1,0,19,1,1769062720,2026-01-22 01:21:35
b96507c5-7c90-499d-9c45-58f25d6f636a,7,7,0,12,1,1769062713,2026-01-22 01:21:35
1848241791125254746,16,1,15,1,1,1769062713,2026-01-22 01:21:35
66dc3782-0aca-11e7-82f6-3863bb44ef7c,27,18,9,1,1,1769062714,2026-01-22 01:21:35
068b919c-f649-4091-8e12-ccf37191cad5,2,1,1,16,1,1769062714,2026-01-22 01:21:35
1851254468343716806,18,1,17,1,1,1769062711,2026-01-22 01:21:35
c4e9905f-457b-4be0-a878-2aa53fa0b09b,22,3,19,0,1,1769062711,2026-01-22 01:21:35
77e31650-e86a-4b06-b2de-b92df2a7a7f5,27,8,19,3,1,1769062712,2026-01-22 01:21:35
1859808514684217788,2,1,1,19,1,1769062712,2026-01-22 01:21:35
66db447a-0aca-11e7-82f6-3863bb44ef7c,32,27,5,14,1,1769062713,2026-01-22 01:21:35
66dd515d-0aca-11e7-82f6-3863bb44ef7c,12,9,3,12,1,1769062713,2026-01-22 01:21:35
1849009654626746672,15,2,13,1,1,1769062711,2026-01-22 01:21:35
b4a320d6-2611-4940-96ca-17fb297ec826,18,5,13,1,1,1769062711,2026-01-22 01:21:35
901ad0c4-383e-490a-8b54-0656ce2358d6,4,0,4,14,1,1769062711,2026-01-22 01:21:35
3eb10c63-ea4c-4161-b07d-a29034f7367a,6,1,5,12,1,1769062710,2026-01-22 01:21:35
2546c9b9-5b1a-4e9f-a9cc-f8b986b79748,19,9,10,2,1,1769062715,2026-01-22 01:21:35
0687075b-cf2d-4130-a859-fe841aafbd3f,22,6,16,1,1,1769062715,2026-01-22 01:21:35
1862002854876824190,4,0,4,15,1,1769062712,2026-01-22 01:21:35
66de19ab-0aca-11e7-82f6-3863bb44ef7c,8,7,1,21,1,1769062712,2026-01-22 01:21:35
66dd217d-0aca-11e7-82f6-3863bb44ef7c,25,24,1,0,1,1769062713,2026-01-22 01:21:35
1869753057823626206,10,2,8,16,1,1769062724,2026-01-22 01:21:35
66dbe68e-0aca-11e7-82f6-3863bb44ef7c,42,32,10,15,1,1769062724,2026-01-22 01:21:35
c80c55c4-d623-42d7-8acf-6bfa68a84ecb,2,1,1,16,1,1769062725,2026-01-22 01:21:35
0dd71c6d-11ee-4ad4-ba99-36b9ad36112c,11,5,6,9,1,1769062723,2026-01-22 01:21:35
66dc81ce-0aca-11e7-82f6-3863bb44ef7c,8,2,6,63,1,1769062723,2026-01-22 01:21:35
2637fed8-1e2a-460b-83eb-3eb32ace0f4e,15,14,1,33,1,1769062723,2026-01-22 01:21:35
66dbee85-0aca-11e7-82f6-3863bb44ef7c,23,14,9,48,1,1769062722,2026-01-22 01:21:35
66dc3ab9-0aca-11e7-82f6-3863bb44ef7c,31,27,4,31,1,1769062722,2026-01-22 01:21:35
1888015107269225164,35,30,5,8,1,1769062723,2026-01-22 01:21:35
c2bb1874-bcb7-47c5-aa7d-05423b9087e8,9,4,5,10,1,1769062723,2026-01-22 01:21:35
19b61564-7629-41b4-80c8-1756135a5442,6,6,0,12,1,1769062729,2026-01-22 01:21:35
1962547377975794462,10,6,4,11,1,1769062733,2026-01-22 01:21:35
655ad2f2-6bcc-4eee-95a9-4f528c0b81cd,6,1,5,9,1,1769062732,2026-01-22 01:21:35
66dc686c-0aca-11e7-82f6-3863bb44ef7c,73,57,16,20,1,1769062732,2026-01-22 01:21:35
b442a648-e9f4-4893-951a-64d258bc0e55,9,5,4,17,1,1769062733,2026-01-22 01:21:35
74723006-b32f-4590-8cc7-f15eec3808fe,7,3,4,19,1,1769062733,2026-01-22 01:21:35
053312f2-e77e-4674-b28b-ad357fbcb4ee,11,1,10,49,1,1769062730,2026-01-22 01:21:35
f34ea09d-32f9-492c-9124-99059bc0b5dd,14,0,14,7,1,1769062731,2026-01-22 01:21:35
493850bd-125b-49f5-932b-bf999504fb06,6,4,2,12,1,1769062731,2026-01-22 01:21:35
ca5cc034-a95d-446e-8314-6691589886b1,16,15,1,2,1,1769062731,2026-01-22 01:21:35
1b038e21-e199-4c47-bef0-f4bcdc06b73b,36,32,4,6,1,1769062732,2026-01-22 01:21:35
1871698348432996504,9,2,7,12,1,1769062731,2026-01-22 01:21:35
0138452a-b9f4-4aee-80b0-7fae9a122ffe,23,19,4,12,1,1769062732,2026-01-22 01:21:35
66de2b2f-0aca-11e7-82f6-3863bb44ef7c,48,1,47,2,1,1769062733,2026-01-22 01:21:35
66dd45c7-0aca-11e7-82f6-3863bb44ef7c,24,20,4,6,1,1769062733,2026-01-22 01:21:35
af72ab76-c6cb-4994-af96-51fa8846ecdc,4,4,0,15,1,1769062734,2026-01-22 01:21:35
66dc10d1-0aca-11e7-82f6-3863bb44ef7c,31,22,9,10,1,1769062729,2026-01-22 01:21:35
66dc7773-0aca-11e7-82f6-3863bb44ef7c,23,14,9,20,1,1769062730,2026-01-22 01:21:35
1828968883163894358,8,1,7,7,1,1769062730,2026-01-22 01:21:35
66de2707-0aca-11e7-82f6-3863bb44ef7c,18,12,6,27,1,1769062726,2026-01-22 01:21:35
1d32e684-602b-46b6-8c96-ab47b57a03f3,7,4,3,15,1,1769062733,2026-01-22 01:21:35
640a9a95-194f-42f5-8d88-1df67129f388,9,1,8,5,1,1769062735,2026-01-22 01:21:35
1860189650739626488,5,4,1,16,1,1769062737,2026-01-22 01:21:35
66dd2060-0aca-11e7-82f6-3863bb44ef7c,36,10,26,12,1,1769062740,2026-01-22 01:21:35
7aa86431-bbc5-4d9c-8198-9630c9d32a22,6,0,6,14,1,1769062740,2026-01-22 01:21:35
0bd9bd58-42e6-4680-9d19-83943372221f,13,13,0,9,1,1769062736,2026-01-22 01:21:35
b371c432-b682-412f-9b85-8df84ce7a9f3,6,1,5,11,1,1769062736,2026-01-22 01:21:35
1835246937517543544,20,5,15,0,1,1769062738,2026-01-22 01:21:35
26217b73-7bb5-46e6-8094-1db05becd617,4,0,4,21,1,1769062738,2026-01-22 01:21:35
66dd3d7f-0aca-11e7-82f6-3863bb44ef7c,12,9,3,23,1,1769062739,2026-01-22 01:21:35
69717638-5c4a-47a7-bccb-3b42c81eb09f,13,6,7,6,1,1769062739,2026-01-22 01:21:35
faf98f78-51ab-4248-b7e7-f402902385a6,2,1,1,16,1,1769062739,2026-01-22 01:21:35
66db3687-0aca-11e7-82f6-3863bb44ef7c,24,19,5,12,1,1769062739,2026-01-22 01:21:35
3db799ba-b574-4e5f-95e5-c767bec2acb6,18,5,13,10,1,1769062738,2026-01-22 01:21:35
66de71af-0aca-11e7-82f6-3863bb44ef7c,14,0,14,22,1,1769062736,2026-01-22 01:21:35
4f814d78-5d8d-458b-877e-2ca449b865be,2,1,1,19,1,1769062741,2026-01-22 01:21:35
c3189056-8eda-4278-891f-e8e15c2d759a,3,3,0,21,1,1769062741,2026-01-22 01:21:35
5645b05e-85be-460d-8506-cacd20bff233,28,1,27,1,1,1769062741,2026-01-22 01:21:35
66dc2995-0aca-11e7-82f6-3863bb44ef7c,22,19,3,23,1,1769062742,2026-01-22 01:21:35
c2d549f8-f54c-4a0d-9ecd-6e6f79118279,16,10,6,6,1,1769062742,2026-01-22 01:21:35
e9b3a725-6963-4151-8f7f-9beeb51fa20f,2,0,2,13,1,1769062742,2026-01-22 01:21:35
66de2199-0aca-11e7-82f6-3863bb44ef7c,20,8,12,7,1,1769062742,2026-01-22 01:21:35
1917312704757770810,34,27,7,1,1,1769062743,2026-01-22 01:21:35
29a41b09-698f-43e2-82ff-f94f73e74841,16,0,16,2,1,1769062743,2026-01-22 01:21:35
a3d72b5b-9587-4f33-9722-c01e20a9b358,5,4,1,23,1,1769062744,2026-01-22 01:21:35
66db75cc-0aca-11e7-82f6-3863bb44ef7c,42,21,21,1,1,1769062745,2026-01-22 01:21:35
5a24acbb-94ef-4cb5-9db8-f6073ac26a2b,4,3,1,15,1,1769062746,2026-01-22 01:21:35
c638ec67-9ac0-416f-944f-619926144931,57,57,0,63,1,1769062745,2026-01-22 01:21:35
12279d2b-29f6-4e02-a7f0-244970f7edd5,10,2,8,16,1,1769062744,2026-01-22 01:21:35
1960019951675478680,10,6,4,19,1,1769062744,2026-01-22 01:21:35
66dcc0b2-0aca-11e7-82f6-3863bb44ef7c,5,3,2,17,1,1769062742,2026-01-22 01:21:35
525535e3-dde3-47b4-9c2e-0174eaa4f2bb,19,7,12,2,1,1769062742,2026-01-22 01:21:35
1862008701134683118,6,1,5,17,1,1769062751,2026-01-22 01:21:35
1937777808143497236,5,5,0,27,1,1769062751,2026-01-22 01:21:35
66dde4ef-0aca-11e7-82f6-3863bb44ef7c,14,14,0,8,1,1769062751,2026-01-22 01:21:35
66ddea99-0aca-11e7-82f6-3863bb44ef7c,1,1,0,19,1,1769062752,2026-01-22 01:21:35
b4974d89-932c-4a9f-a264-2ea0cf70613e,8,7,1,10,1,1769062750,2026-01-22 01:21:35
d73e26de-8534-4b46-a321-3cae295ef9b2,3,2,1,28,1,1769062750,2026-01-22 01:21:35
59df3823-0369-4a10-8132-05df34a170af,22,3,19,20,1,1769062750,2026-01-22 01:21:35
66dc292c-0aca-11e7-82f6-3863bb44ef7c,12,11,1,39,1,1769062750,2026-01-22 01:21:35
1834145589124844432,4,3,1,14,1,1769062746,2026-01-22 01:21:35
6fb81fda-f0b5-4242-90f9-88d0214feb8d,1,1,0,18,1,1769062747,2026-01-22 01:21:35
66de12ff-0aca-11e7-82f6-3863bb44ef7c,13,12,1,6,1,1769062748,2026-01-22 01:21:35
1965202298784063998,3,2,1,24,1,1769062749,2026-01-22 01:21:35
0fa27bd7-b182-4e7a-b5bb-90f4249cb368,18,7,11,4,1,1769062749,2026-01-22 01:21:35
3a89411a-0bc6-4ba3-bc56-fab950c8eba1,17,1,16,2,1,1769062749,2026-01-22 01:21:35
66de0a78-0aca-11e7-82f6-3863bb44ef7c,19,2,17,0,1,1769062748,2026-01-22 01:21:35
576abdc1-986e-48b0-bde2-051a13d3ff59,5,3,2,14,1,1769062749,2026-01-22 01:21:35
cb9840a3-4ae2-420d-865c-9ac45e2f5485,13,7,6,2,1,1769062755,2026-01-22 01:21:35
66dd4d70-0aca-11e7-82f6-3863bb44ef7c,18,10,8,22,1,1769062755,2026-01-22 01:21:35
1814906692908349788,9,0,9,11,1,1769062755,2026-01-22 01:21:35
1096fc76-794e-4343-8eb0-0dd6c9a48266,3,3,0,14,1,1769062755,2026-01-22 01:21:35
90b141b9-c39f-4a26-a32d-08c7d1474d52,11,10,1,9,1,1769062756,2026-01-22 01:21:35
93da4d1b-d574-45b0-85d7-5b82e2887267,19,2,17,2,1,1769062756,2026-01-22 01:21:35
66de4bbb-0aca-11e7-82f6-3863bb44ef7c,10,0,10,12,1,1769062756,2026-01-22 01:21:35
98ebf9c6-1d94-4e21-9007-c623875fdb5e,14,0,14,3,1,1769062756,2026-01-22 01:21:35
56b3ca32-104a-4920-a879-a97a820858c4,14,3,11,10,1,1769062753,2026-01-22 01:21:35
ca7ec509-cefc-4ac6-b729-08999d191051,20,3,17,2,1,1769062753,2026-01-22 01:21:35
66dc6a86-0aca-11e7-82f6-3863bb44ef7c,1,0,1,77,1,1769062753,2026-01-22 01:21:35
99614ecb-2329-49fa-a13a-fa1ef2bb32d6,3,0,3,15,1,1769062753,2026-01-22 01:21:35
d470e82e-d109-4e2e-b66a-f5e944cbfe97,19,6,13,0,1,1769062754,2026-01-22 01:21:35
d8778570-f7f2-458d-82f5-9ad39210a501,42,39,3,7,1,1769062753,2026-01-22 01:21:35
92fc1ad7-0867-4655-b02f-ede65d336b14,8,3,5,10,1,1769062754,2026-01-22 01:21:35
d2b23c87-b7c3-48c2-a634-db4b76ecbcf7,4,0,4,15,1,1769062755,2026-01-22 01:21:35
66dcc8b3-0aca-11e7-82f6-3863bb44ef7c,5,1,4,11,1,1769062752,2026-01-22 01:21:35
d18512f9-52c8-4175-92b9-b6258dc30748,4,4,0,16,1,1769062752,2026-01-22 01:21:35
292ad4f3-9fb0-44ec-9e61-613c711f73c1,9,5,4,8,1,1769062752,2026-01-22 01:21:35
579e583e-60ab-4f2a-83d0-fabebddfcd0f,10,9,1,6,1,1769062752,2026-01-22 01:21:35
1786698321265653818,13,9,4,22,1,1769062753,2026-01-22 01:21:35
66db6963-0aca-11e7-82f6-3863bb44ef7c,52,3,49,24,1,1769062754,2026-01-22 01:21:35
66dbef15-0aca-11e7-82f6-3863bb44ef7c,46,15,31,6,1,1769062754,2026-01-22 01:21:35
1869753484503987044,4,2,2,15,1,1769062757,2026-01-22 01:21:35
b713367c-3572-4225-b74a-9319ab537838,2,1,1,17,1,1769062757,2026-01-22 01:21:35
517409d3-a94a-4140-a6de-ff0de9221ed2,2,1,1,18,1,1769062758,2026-01-22 01:21:35
2104286315955915532,14,13,1,52,1,1769062759,2026-01-22 01:21:35
457ea5d7-d643-4028-87db-46dee0b81555,23,19,4,1,1,1769062759,2026-01-22 01:21:35
33840944-aa92-4d91-9de8-d29e5cd0b2d9,25,2,23,3,1,1769062760,2026-01-22 01:21:35
66db6f2e-0aca-11e7-82f6-3863bb44ef7c,10,2,8,30,1,1769062761,2026-01-22 01:21:35
4e747443-d481-4aea-a6d1-cf20204af4ba,12,0,12,8,1,1769062760,2026-01-22 01:21:35
24509e46-a0de-47e8-ba40-9441da68952a,4,3,1,14,1,1769062761,2026-01-22 01:21:35
1849010133527040242,11,9,2,8,1,1769062761,2026-01-22 01:21:35
1859088223746072684,7,0,7,11,1,1769062761,2026-01-22 01:21:35
66db76a1-0aca-11e7-82f6-3863bb44ef7c,33,23,10,58,1,1769062761,2026-01-22 01:21:35
c71cca54-17f6-42bc-ba94-3f5bd9c70197,34,0,34,9,1,1769062761,2026-01-22 01:21:35
59af018a-2ee9-489a-b445-bb6fba9c1119,7,3,4,8,1,1769062762,2026-01-22 01:21:35
023cf549-bd85-4f9a-abd8-70ba29d7e86b,4,3,1,15,1,1769062759,2026-01-22 01:21:35
ad57266c-34da-43da-8b48-2ba856002fbf,11,1,10,18,1,1769062759,2026-01-22 01:21:35
1861678548643203686,1,0,1,24,1,1769062759,2026-01-22 01:21:35
324e93c8-4f3d-4a5f-becd-00e6f49fe4dd,10,0,10,9,1,1769062760,2026-01-22 01:21:35
1869743938848725856,68,61,7,16,1,1769062760,2026-01-22 01:21:35
f3140fb8-347b-4dca-96df-eeef2d1bfc50,4,1,3,13,1,1769062763,2026-01-22 01:21:35
7a1ad7c0-4958-4354-91a1-11bf13348abd,17,5,12,0,1,1769062763,2026-01-22 01:21:35
ab6aadd8-fa45-43aa-abea-c8e01ec5a0c8,15,0,15,6,1,1769062760,2026-01-22 01:21:35
1838071008881986168,12,0,12,15,1,1769062761,2026-01-22 01:21:35
1b00fb53-da32-4b14-9a9a-84a391c8951c,15,15,0,12,1,1769062763,2026-01-22 01:21:35
a4d041fd-c5fa-4f52-800c-25d7a661a875,4,3,1,16,1,1769062764,2026-01-22 01:21:35
18eccc71-66be-4e4c-8335-095a9bf0df94,1,1,0,32,1,1769062763,2026-01-22 01:21:35
66dbcbbc-0aca-11e7-82f6-3863bb44ef7c,70,28,42,2,1,1769062764,2026-01-22 01:21:35
66de4959-0aca-11e7-82f6-3863bb44ef7c,19,8,11,4,1,1769062764,2026-01-22 01:21:35
581bc4fe-cf14-4767-8377-6fa156ff8a29,8,1,7,9,1,1769062764,2026-01-22 01:21:35
66dc17df-0aca-11e7-82f6-3863bb44ef7c,0,0,0,0,0,1769062764,2026-01-22 01:21:35
61f2ffd4-159a-42b3-a4d9-3fdfc3349074,4,2,2,16,1,1769062766,2026-01-22 01:21:35
63a838a8-9acf-4ba1-91f5-c676f6ef2f7d,14,3,11,5,1,1769062766,2026-01-22 01:21:35
6fd61eee-d0ef-4580-9704-bd06b82bcb61,0,0,0,29,1,1769062767,2026-01-22 01:21:35
7dda8844-60ba-4449-b05c-54c1d14ab5fb,64,47,17,4,1,1769062766,2026-01-22 01:21:35
69f84045-48f9-4c6c-90d3-0503e5ed39e9,17,16,1,4,1,1769062767,2026-01-22 01:21:35
1dacb0f6-29f5-4d1b-b910-92ffa5b4ca5d,15,0,15,23,1,1769062767,2026-01-22 01:21:35
498d7e8e-5164-4f26-9ce6-399947d73b1a,6,1,5,11,1,1769062768,2026-01-22 01:21:35
b79c8433-9dd1-4d68-9156-7f2c2162bafe,14,12,2,13,1,1769062769,2026-01-22 01:21:35
6e5a8cab-cf1a-4584-8133-01835b56ad71,14,4,10,11,1,1769062765,2026-01-22 01:21:35
ff745407-c087-4c0d-a965-98baf078f292,14,13,1,7,1,1769062765,2026-01-22 01:21:35
1986707977001495180,4,3,1,14,1,1769062765,2026-01-22 01:21:35
7f4753d7-8d58-48bd-a881-de5bff08b27d,3,0,3,22,1,1769062771,2026-01-22 01:21:35
66de2274-0aca-11e7-82f6-3863bb44ef7c,15,9,6,7,1,1769062771,2026-01-22 01:21:35
54df610f-0e47-4958-98ca-37bb1b1c4dca,3,2,1,20,1,1769062771,2026-01-22 01:21:35
837b7db3-55c6-4595-a497-834972631752,4,3,1,13,1,1769062771,2026-01-22 01:21:35
66dc120f-0aca-11e7-82f6-3863bb44ef7c,8,6,2,62,1,1769062771,2026-01-22 01:21:35
18a2cbb6-91f2-4393-82fb-b40a8ba90f20,2,0,2,18,1,1769062771,2026-01-22 01:21:35
66ddeaff-0aca-11e7-82f6-3863bb44ef7c,12,8,4,16,1,1769062771,2026-01-22 01:21:35
66dced76-0aca-11e7-82f6-3863bb44ef7c,2,1,1,23,1,1769062771,2026-01-22 01:21:35
0de1f95f-8b1b-4e5e-9eff-73c63265b0ab,7,0,7,22,1,1769062772,2026-01-22 01:21:35
66de17f7-0aca-11e7-82f6-3863bb44ef7c,15,14,1,20,1,1769062772,2026-01-22 01:21:35
ef6216aa-d3c8-46bb-8c6b-b62f8ba51b16,11,5,6,11,1,1769062772,2026-01-22 01:21:35
66dbe96d-0aca-11e7-82f6-3863bb44ef7c,18,8,10,30,1,1769062772,2026-01-22 01:21:35
f8c242cd-da59-4f0e-afd6-832bbdd7d328,15,4,11,4,1,1769062773,2026-01-22 01:21:35
66de73fd-0aca-11e7-82f6-3863bb44ef7c,11,9,2,14,1,1769062773,2026-01-22 01:21:35
807e9f5a-49b6-4b7e-847b-4a60cff330ed,2,1,1,15,1,1769062773,2026-01-22 01:21:35
66dde69c-0aca-11e7-82f6-3863bb44ef7c,0,0,0,18,1,1769062768,2026-01-22 01:21:35
1814907423052790164,21,2,19,0,1,1769062769,2026-01-22 01:21:35
c7604869-5b55-40cf-812e-fc97901bdf14,40,10,30,1,1,1769062769,2026-01-22 01:21:35
1828965347681089818,10,2,8,10,1,1769062770,2026-01-22 01:21:35
0b613329-b8c8-4b8c-ad40-79952aa41157,20,15,5,1,1,1769062771,2026-01-22 01:21:35
06439006-11b6-44f0-8545-c9d39035f32a,69,65,4,0,1,1769062770,2026-01-22 01:21:35
84a7baff-415b-4ab9-a859-74c2801483ce,9,1,8,8,1,1769062769,2026-01-22 01:21:35
9394fb49-583f-4426-8d2f-a2b0ffb584d2,7,3,4,40,1,1769062770,2026-01-22 01:21:35
44c23eaa-7ddf-40b3-8373-6f3880c5e1b1,4,3,1,15,1,1769062773,2026-01-22 01:21:35
1826348248869574940,5,0,5,25,1,1769062774,2026-01-22 01:21:35
528ed1e0-75aa-45be-8afe-c3f1c950782f,9,1,8,11,1,1769062774,2026-01-22 01:21:35
cf1a96a7-f695-4ba2-bcf2-899552e21e47,12,6,6,7,1,1769062778,2026-01-22 01:21:35
2124425439157234232,3,0,3,10,1,1769062779,2026-01-22 01:21:35
66dcc37f-0aca-11e7-82f6-3863bb44ef7c,8,5,3,14,1,1769062779,2026-01-22 01:21:35
754ac5df-f2b5-4636-8c58-ed84ea262bde,0,0,0,20,1,1769062779,2026-01-22 01:21:35
549b5bc4-b949-4eeb-8ffb-2215e1e49892,35,30,5,18,1,1769062779,2026-01-22 01:21:35
1882824287789509296,6,2,4,38,1,1769062779,2026-01-22 01:21:35
66db41bf-0aca-11e7-82f6-3863bb44ef7c,23,0,23,9,1,1769062779,2026-01-22 01:21:35
66de0d91-0aca-11e7-82f6-3863bb44ef7c,21,0,21,6,1,1769062779,2026-01-22 01:21:35
66db4549-0aca-11e7-82f6-3863bb44ef7c,19,11,8,4,1,1769062779,2026-01-22 01:21:35
ebae0b66-e463-4ded-9b7a-43c0aca9b37a,13,4,9,6,1,1769062779,2026-01-22 01:21:35
6fab98b7-b06a-49d8-a4d1-087ffce0ebcf,0,0,0,17,1,1769062775,2026-01-22 01:21:35
1846085439406916338,2,2,0,21,1,1769062776,2026-01-22 01:21:35
9af90faf-0b9b-451b-9cb0-20ff421ca1d9,2,0,2,23,1,1769062776,2026-01-22 01:21:35
66dde103-0aca-11e7-82f6-3863bb44ef7c,38,34,4,0,1,1769062776,2026-01-22 01:21:35
1817822909864556798,5,5,0,22,1,1769062775,2026-01-22 01:21:35
78aabb95-6195-4aa7-ab0d-5748eeb26bd1,26,11,15,6,1,1769062776,2026-01-22 01:21:35
ff9581d3-3e1a-463a-bdab-d8150c468be2,6,2,4,26,1,1769062776,2026-01-22 01:21:35
2c8b263e-952c-4941-a671-ef0ebb062632,18,2,16,2,1,1769062774,2026-01-22 01:21:35
1794852638057746848,21,1,20,0,1,1769062774,2026-01-22 01:21:35
66de5005-0aca-11e7-82f6-3863bb44ef7c,16,4,12,9,1,1769062775,2026-01-22 01:21:35
bc5235a5-7f10-4a27-806e-9c25fa700959,16,1,15,24,1,1769062775,2026-01-22 01:21:35
4d24ab76-2f4a-4004-9fc5-09c00c1d9aa4,17,0,17,12,1,1769062777,2026-01-22 01:21:35
b0bac4ef-bb57-4598-a433-75c281170d5b,8,2,6,12,1,1769062778,2026-01-22 01:21:35
c3062f44-c5b9-4650-a4ec-cc66cbf5b944,4,3,1,13,1,1769062778,2026-01-22 01:21:35
66dde76a-0aca-11e7-82f6-3863bb44ef7c,4,0,4,16,1,1769062778,2026-01-22 01:21:35
7779e057-b33e-46a7-8a1e-8c28bcd9a558,11,2,9,8,1,1769062778,2026-01-22 01:21:35
9635affa-8b18-42d5-84c4-7f67ad5ef9d0,11,6,5,6,1,1769062776,2026-01-22 01:21:35
66dd1d0f-0aca-11e7-82f6-3863bb44ef7c,25,13,12,2,1,1769062777,2026-01-22 01:21:35
32cc1603-a4b5-4099-b7bf-681de451b04a,41,12,29,4,1,1769062777,2026-01-22 01:21:35
66dc80b4-0aca-11e7-82f6-3863bb44ef7c,2,1,1,56,1,1769062778,2026-01-22 01:21:35
1bb1af93-b433-4da7-8054-009c85f7755a,5,2,3,14,1,1769062775,2026-01-22 01:21:35
66dc1d80-0aca-11e7-82f6-3863bb44ef7c,34,24,10,3,1,1769062777,2026-01-22 01:21:35
633fbc4c-7617-47ba-a393-aad7a8d26a3e,17,0,17,4,1,1769062782,2026-01-22 01:21:35
180b83a0-329c-4069-87be-df862cb1baed,22,19,3,1,1,1769062782,2026-01-22 01:21:35
66dc8a3d-0aca-11e7-82f6-3863bb44ef7c,34,6,28,38,1,1769062782,2026-01-22 01:21:35
475c44e1-31e3-4c60-b071-af2ca3f7618c,9,6,3,11,1,1769062782,2026-01-22 01:21:35
66dea7b5-0aca-11e7-82f6-3863bb44ef7c,5,2,3,35,1,1769062783,2026-01-22 01:21:35
f681f980-185d-45b9-8490-bb2606624dd4,2,2,0,16,1,1769062779,2026-01-22 01:21:35
2a66ed0a-5e6d-4893-a1d1-876bb2bac4be,5,0,5,21,1,1769062779,2026-01-22 01:21:35
2124036994734951288,5,0,5,2,1,1769062780,2026-01-22 01:21:35
f523c481-ba41-44ba-96e1-0c431fbea558,6,3,3,19,1,1769062780,2026-01-22 01:21:35
c606bae0-889c-47c3-8202-9463ef147655,12,1,11,11,1,1769062780,2026-01-22 01:21:35
2171919049376995084,2,2,0,29,1,1769062780,2026-01-22 01:21:35
038b7369-9c6e-4eb2-8569-f7461443302f,17,2,15,1,1,1769062781,2026-01-22 01:21:35
66dba303-0aca-11e7-82f6-3863bb44ef7c,5,0,5,8,1,1769062781,2026-01-22 01:21:35
1862008939006380034,4,1,3,16,1,1769062781,2026-01-22 01:21:35
66dd1c7f-0aca-11e7-82f6-3863bb44ef7c,21,11,10,27,1,1769062781,2026-01-22 01:21:35
1799624430022654108,5,2,3,15,1,1769062784,2026-01-22 01:21:35
00967b8f-1a4d-4131-a65a-17fa8ca89e28,8,4,4,10,1,1769062784,2026-01-22 01:21:35
c00ef46d-fcde-48e2-afbd-0fb595fe3fa7,27,14,13,2,1,1769062780,2026-01-22 01:21:35
d040a7b3-85b5-4c0d-9c92-3f4ad0082143,0,0,0,30,1,1769062785,2026-01-22 01:21:35
816e50eb-dc4b-47dc-b773-154e2020cb0d,2,1,1,17,1,1769062781,2026-01-22 01:21:35
2124037250266884686,9,2,7,2,1,1769062783,2026-01-22 01:21:35
f401cd5f-cb41-41f8-a857-4a4dfe778f94,16,8,8,8,1,1769062781,2026-01-22 01:21:35
1846085734612252774,3,1,2,19,1,1769062791,2026-01-22 01:21:35
26cae473-0e59-4af7-bad5-bb6fec85c8bc,20,20,0,1,1,1769062790,2026-01-22 01:21:35
66dce9b5-0aca-11e7-82f6-3863bb44ef7c,6,1,5,26,1,1769062791,2026-01-22 01:21:35
823ef531-40e6-4397-b973-86bf5b032076,12,11,1,11,1,1769062791,2026-01-22 01:21:35
66dd4a52-0aca-11e7-82f6-3863bb44ef7c,11,8,3,19,1,1769062791,2026-01-22 01:21:35
1975518133370609774,62,58,4,34,1,1769062785,2026-01-22 01:21:35
a2ef8ed2-6031-4049-b7dc-9838ef39889b,14,2,12,4,1,1769062785,2026-01-22 01:21:35
7938263e-e5b8-4ca7-b8bf-1adbaae5fead,16,6,10,10,1,1769062785,2026-01-22 01:21:35
0630217a-3913-47d9-9540-cf85688296a5,5,2,3,12,1,1769062785,2026-01-22 01:21:35
a45a712c-1e3d-4fee-bef8-adafafd80670,5,5,0,12,1,1769062785,2026-01-22 01:21:35
bc9c9006-3d40-400d-8b5c-17f56e6dfcee,1,0,1,25,1,1769062785,2026-01-22 01:21:35
2100948436010992354,8,7,1,6,1,1769062786,2026-01-22 01:21:35
1860188747953293684,7,1,6,9,1,1769062785,2026-01-22 01:21:35
1929504694747056164,3,2,1,35,1,1769062786,2026-01-22 01:21:35
bacfe3c2-7946-45ed-91f9-f5b91791de75,12,2,10,16,1,1769062788,2026-01-22 01:21:35
c602146e-d69d-43b6-9e8f-054c4df5377e,11,0,11,7,1,1769062789,2026-01-22 01:21:35
62f8f806-bd04-4282-9c5d-ad4293644e3c,7,0,7,12,1,1769062788,2026-01-22 01:21:35
37a37e5b-f975-4f92-a897-dca8e4670631,14,8,6,3,1,1769062789,2026-01-22 01:21:35
1898751402035634700,10,2,8,5,1,1769062788,2026-01-22 01:21:35
b4f990dd-36bb-46b3-9eea-4b980bd43c2d,0,0,0,21,1,1769062789,2026-01-22 01:21:35
595cf79f-7783-4373-b3d5-775bcf76033b,1,1,0,16,1,1769062789,2026-01-22 01:21:35
2124426307973079924,4,0,4,6,1,1769062790,2026-01-22 01:21:35
66dd4ccc-0aca-11e7-82f6-3863bb44ef7c,25,20,5,25,1,1769062789,2026-01-22 01:21:35
83a5d761-57d0-4cd6-aa2b-7eb350120d99,11,6,5,8,1,1769062790,2026-01-22 01:21:35
d80c274e-d17d-4a00-9b76-274c9fe4d0e1,13,8,5,22,1,1769062790,2026-01-22 01:21:35
d265dbc7-ef55-4f5b-8a2b-f2015dc71fb8,15,4,11,9,1,1769062790,2026-01-22 01:21:35
2126622241630343402,11,7,4,7,1,1769062786,2026-01-22 01:21:35
38af3d1a-9916-46cf-b22e-86fc8648bf30,14,4,10,5,1,1769062787,2026-01-22 01:21:35
1848241684520917882,11,0,11,3,1,1769062786,2026-01-22 01:21:35
66de85d2-0aca-11e7-82f6-3863bb44ef7c,27,23,4,18,1,1769062787,2026-01-22 01:21:35
1859438049977968878,23,9,14,5,1,1769062787,2026-01-22 01:21:35
0f98907a-d4cc-45e0-b174-7d9dfda74106,1,0,1,30,1,1769062787,2026-01-22 01:21:35
162d5859-b735-4ff7-9613-01b21f22c1cd,19,8,11,16,1,1769062787,2026-01-22 01:21:35
1927314940904608224,13,5,8,11,1,1769062787,2026-01-22 01:21:35
66ddb66e-0aca-11e7-82f6-3863bb44ef7c,11,6,5,16,1,1769062787,2026-01-22 01:21:35
66de63cd-0aca-11e7-82f6-3863bb44ef7c,17,9,8,1,1,1769062786,2026-01-22 01:21:35
b896d83d-5524-4c9c-a2aa-c1b0edaadc22,1,1,0,19,1,1769062795,2026-01-22 01:21:35
66dd4c5f-0aca-11e7-82f6-3863bb44ef7c,11,10,1,54,1,1769062795,2026-01-22 01:21:35
fda18503-7488-4b91-b74c-949a90401e83,9,7,2,8,1,1769062796,2026-01-22 01:21:35
c63a83a0-bda1-40a6-835b-f82c363543b9,5,3,2,12,1,1769062796,2026-01-22 01:21:35
4568f854-1268-45cf-bac8-82286ef40ae6,10,0,10,9,1,1769062796,2026-01-22 01:21:35
44fa161f-eb62-459b-b53e-da83788cfa2a,9,5,4,18,1,1769062796,2026-01-22 01:21:35
1860189327773878824,22,6,16,2,1,1769062796,2026-01-22 01:21:35
4efda436-cd19-4ec3-acc7-1a622f723264,8,6,2,10,1,1769062797,2026-01-22 01:21:35
66dc0dab-0aca-11e7-82f6-3863bb44ef7c,26,19,7,89,1,1769062797,2026-01-22 01:21:35
66dd9fa6-0aca-11e7-82f6-3863bb44ef7c,15,14,1,44,1,1769062797,2026-01-22 01:21:35
75352ab4-8a31-4926-8b59-048a9e506452,16,6,10,0,1,1769062797,2026-01-22 01:21:35
53ef19c6-eaa7-47f7-807e-f51b574b1be0,13,2,11,1,1,1769062797,2026-01-22 01:21:35
6969d756-33a6-4a0b-83d0-3db38bc382d1,25,0,25,4,1,1769062798,2026-01-22 01:21:35
66dd26f9-0aca-11e7-82f6-3863bb44ef7c,26,10,16,4,1,1769062798,2026-01-22 01:21:35
1960020234227886806,1,1,0,49,1,1769062795,2026-01-22 01:21:35
1828966626550010820,16,1,15,0,1,1769062795,2026-01-22 01:21:35
1854538387432581604,19,2,17,0,1,1769062795,2026-01-22 01:21:35
1876800925490112950,7,2,5,9,1,1769062795,2026-01-22 01:21:35
66dc2c78-0aca-11e7-82f6-3863bb44ef7c,0,0,0,83,1,1769062795,2026-01-22 01:21:35
d89dc10f-9be3-45a5-9c3c-06c04c963436,16,0,16,4,1,1769062795,2026-01-22 01:21:35
545a32d3-b74c-4dc2-b82c-a6d185dd4666,4,4,0,17,1,1769062794,2026-01-22 01:21:35
1864605386632012480,2,0,2,16,1,1769062793,2026-01-22 01:21:35
563389a0-d90f-4155-9c50-528459df26aa,0,0,0,25,1,1769062793,2026-01-22 01:21:35
ceb179f3-89c3-4c3e-8a0a-3415406a9463,11,11,0,12,1,1769062794,2026-01-22 01:21:35
eb07bdfc-3a6f-40eb-96d2-0b92ac371619,8,5,3,10,1,1769062794,2026-01-22 01:21:35
1f8f6714-42a7-45d5-86cd-a093c940b2c9,0,0,0,24,1,1769062793,2026-01-22 01:21:35
66dd01c5-0aca-11e7-82f6-3863bb44ef7c,2,0,2,21,1,1769062797,2026-01-22 01:21:35
d979131e-0b9f-4aa2-88c5-46d4ff94abc8,10,5,5,8,1,1769062798,2026-01-22 01:21:35
1786700154621508184,9,3,6,19,1,1769062798,2026-01-22 01:21:35
1786698974100683436,5,0,5,45,1,1769062798,2026-01-22 01:21:35
2126224996973581072,12,10,2,1,1,1769062792,2026-01-22 01:21:35
f62526d4-9c6a-4c76-be76-c64b5be669d2,2,2,0,19,1,1769062792,2026-01-22 01:21:35
8caf71df-76c3-43fb-be98-d555d2291460,0,0,0,26,1,1769062792,2026-01-22 01:21:35
66dbcd6c-0aca-11e7-82f6-3863bb44ef7c,30,20,10,2,1,1769062793,2026-01-22 01:21:35
66dce8db-0aca-11e7-82f6-3863bb44ef7c,26,11,15,15,1,1769062793,2026-01-22 01:21:35
66de25bd-0aca-11e7-82f6-3863bb44ef7c,71,0,71,6,1,1769062792,2026-01-22 01:21:35
cc5f0e68-dd5f-4db1-81c7-04a4d6674fba,15,0,15,2,1,1769062792,2026-01-22 01:21:35
66dd24ca-0aca-11e7-82f6-3863bb44ef7c,39,26,13,5,1,1769062799,2026-01-22 01:21:35
1822663031356509142,14,3,11,5,1,1769062799,2026-01-22 01:21:35
1804892772559499512,29,8,21,2,1,1769062799,2026-01-22 01:21:35
8d650b03-920d-4d44-a48f-8d9a1a0ba264,16,6,10,3,1,1769062799,2026-01-22 01:21:35
7f402242-dc1b-4a48-ba21-58c4fa7216b4,17,5,12,0,1,1769062799,2026-01-22 01:21:35
eb217a2c-1dd0-4690-a34e-ecc1a708f883,2,0,2,17,1,1769062800,2026-01-22 01:21:35
09dfc0e3-a448-477c-bb3c-9467dc51ef8d,55,29,26,20,1,1769062799,2026-01-22 01:21:35
e35c42c6-8b73-4528-b08d-c94b75624b40,16,6,10,5,1,1769062800,2026-01-22 01:21:35
1840504138040045682,8,2,6,12,1,1769062802,2026-01-22 01:21:35
1862788202397235246,16,4,12,4,1,1769062802,2026-01-22 01:21:35
1846086362824884662,20,0,20,0,1,1769062802,2026-01-22 01:21:35
1795146692060860976,19,7,12,3,1,1769062802,2026-01-22 01:21:35
1880643645302280466,24,21,3,6,1,1769062802,2026-01-22 01:21:35
e85c3165-ad0a-44a3-9683-d8cf7575f465,20,5,15,7,1,1769062803,2026-01-22 01:21:35
66dc7f02-0aca-11e7-82f6-3863bb44ef7c,100,87,13,7,1,1769062801,2026-01-22 01:21:35
2124381939991318658,9,9,0,5,1,1769062801,2026-01-22 01:21:35
3d68a3fd-91da-49e8-9cd5-69b333863789,15,4,11,2,1,1769062801,2026-01-22 01:21:35
2126623765785393224,2,0,2,17,1,1769062802,2026-01-22 01:21:35
66dc0f8a-0aca-11e7-82f6-3863bb44ef7c,30,11,19,24,1,1769062801,2026-01-22 01:21:35
1869753654337059182,14,10,4,5,1,1769062802,2026-01-22 01:21:35
1817432434869846072,9,1,8,11,1,1769062802,2026-01-22 01:21:35
abc1311e-e000-4211-af9e-0cf92242711e,2,2,0,20,1,1769062803,2026-01-22 01:21:35
66db408f-0aca-11e7-82f6-3863bb44ef7c,35,4,31,1,1,1769062803,2026-01-22 01:21:35
66dcbac5-0aca-11e7-82f6-3863bb44ef7c,12,2,10,6,1,1769062804,2026-01-22 01:21:35
e9575102-1081-4c30-8d15-ea95913579e2,2,1,1,16,1,1769062799,2026-01-22 01:21:35
1835250442210857240,19,1,18,0,1,1769062800,2026-01-22 01:21:35
c8c39d85-4ce7-46c5-b709-998067200780,1,1,0,21,1,1769062800,2026-01-22 01:21:35
2121032386733337206,12,1,11,2,1,1769062735,2026-01-22 01:21:35
ed279ef2-52ee-4ff2-9a52-edd8137ea034,11,6,5,15,1,1769062804,2026-01-22 01:21:35
1840540852548303628,0,0,0,16,1,1769062804,2026-01-22 01:21:35
66dd46a2-0aca-11e7-82f6-3863bb44ef7c,26,14,12,20,1,1769062801,2026-01-22 01:21:35
7d5fa1f0-4069-4d5d-b735-5d500597394a,42,27,15,8,1,1769062805,2026-01-22 01:21:35
66dbc37a-0aca-11e7-82f6-3863bb44ef7c,15,9,6,40,1,1769062793,2026-01-22 01:21:35
3f05490b-a3d8-4d15-bd25-0212555b5dff,18,2,16,1,1,1769062808,2026-01-22 01:21:35
1934749166596673908,11,1,10,35,1,1769062809,2026-01-22 01:21:35
66dd056e-0aca-11e7-82f6-3863bb44ef7c,7,4,3,9,1,1769062791,2026-01-22 01:21:35
1814548067447122618,31,19,12,0,1,1769062809,2026-01-22 01:21:35
66dc1687-0aca-11e7-82f6-3863bb44ef7c,3,2,1,8,1,1769062809,2026-01-22 01:21:35
e152a2e1-c510-404e-a100-24246bb6cc95,5,2,3,11,1,1769062809,2026-01-22 01:21:35
cd2d9dab-7708-4685-a56f-9412c738de7e,18,0,18,0,1,1769062809,2026-01-22 01:21:35
22ab59a8-0af4-4101-9350-a7af88e37c2e,7,0,7,12,1,1769062806,2026-01-22 01:21:35
b4b5824b-3c23-44b7-92a3-cec6a54583a0,8,0,8,9,1,1769062806,2026-01-22 01:21:35
f3782e27-c49a-4ee9-b188-0c13cad54688,6,0,6,13,1,1769062807,2026-01-22 01:21:35
66de13dc-0aca-11e7-82f6-3863bb44ef7c,0,0,0,0,0,1769062807,2026-01-22 01:21:35
2138075988152462096,15,1,14,2,1,1769062807,2026-01-22 01:21:35
2124035976827702128,6,6,0,8,1,1769062765,2026-01-22 01:21:35
66dbec40-0aca-11e7-82f6-3863bb44ef7c,28,20,8,24,1,1769062805,2026-01-22 01:21:35
1950648049868542106,11,7,4,15,1,1769062805,2026-01-22 01:21:35
66db9e99-0aca-11e7-82f6-3863bb44ef7c,10,8,2,8,1,1769062806,2026-01-22 01:21:35
66dc3e89-0aca-11e7-82f6-3863bb44ef7c,28,16,12,35,1,1769062810,2026-01-22 01:21:35
1815968237323833702,18,2,16,3,1,1769062809,2026-01-22 01:21:35
d5cabb43-6c78-4022-964e-a8b02470509e,17,5,12,6,1,1769062810,2026-01-22 01:21:35
481624f3-9377-4dfd-a5dd-de05a7fef760,5,1,4,14,1,1769062810,2026-01-22 01:21:35
66dbe571-0aca-11e7-82f6-3863bb44ef7c,50,35,15,9,1,1769062807,2026-01-22 01:21:35
2124037125711300644,20,14,6,3,1,1769062807,2026-01-22 01:21:35
dad39e68-53f5-47c2-87e2-b1cc0e34f90f,13,6,7,7,1,1769062808,2026-01-22 01:21:35
66de6346-0aca-11e7-82f6-3863bb44ef7c,25,16,9,8,1,1769062807,2026-01-22 01:21:35
a2cf5872-bd4c-4311-832e-d62fd779ecc3,5,3,2,16,1,1769062808,2026-01-22 01:21:35
81a98b0b-cfd6-48b4-90bd-806ebbc264a0,4,1,3,15,1,1769062808,2026-01-22 01:21:35
1838070843306263244,8,5,3,10,1,1769062808,2026-01-22 01:21:35
566a6389-5c22-49ca-8c24-4d9eea135170,0,0,0,26,1,1769062808,2026-01-22 01:21:35
765ee572-6c7a-4ed3-a2d4-f1496ea53996,23,1,22,0,1,1769062806,2026-01-22 01:21:35
cb05443c-e68e-48f7-8d17-35353fa19d4d,4,0,4,49,1,1769062810,2026-01-22 01:21:35
943a1a27-1328-4823-8945-28d845280383,20,20,0,7,1,1769062814,2026-01-22 01:21:35
1828967979464708718,6,4,2,16,1,1769062814,2026-01-22 01:21:35
6d766daf-9298-4059-a329-1818582d495f,18,16,2,0,1,1769062814,2026-01-22 01:21:35
66de0cab-0aca-11e7-82f6-3863bb44ef7c,14,1,13,21,1,1769062814,2026-01-22 01:21:35
82c85f05-4722-48ae-9f64-0522012eb3c8,7,2,5,16,1,1769062814,2026-01-22 01:21:35
0f45bcf6-7028-4584-a51e-4129847dbebc,34,22,12,4,1,1769062815,2026-01-22 01:21:35
2124426077519611940,4,3,1,10,1,1769062815,2026-01-22 01:21:35
8aad788d-c7eb-4fca-a426-c39f47741a6f,9,2,7,17,1,1769062815,2026-01-22 01:21:35
18415ea7-efce-408d-bcb9-4693fb088dda,32,25,7,1,1,1769062815,2026-01-22 01:21:35
645e4365-653f-48ce-bc15-5fcc287be56f,35,18,17,33,1,1769062815,2026-01-22 01:21:35
29ced315-14b5-4edc-bef2-665316dfe3dd,28,6,22,17,1,1769062815,2026-01-22 01:21:35
6476c5fd-611e-436c-9736-e0f43bb7774e,16,2,14,1,1,1769062815,2026-01-22 01:21:35
6b60bf55-3da4-439a-bde1-fc80be8623ba,2,2,0,20,1,1769062816,2026-01-22 01:21:35
1851674198082642572,20,0,20,0,1,1769062811,2026-01-22 01:21:35
d11b9869-8964-4b79-aafc-4b60ad1b44c4,12,8,4,10,1,1769062812,2026-01-22 01:21:35
66db3053-0aca-11e7-82f6-3863bb44ef7c,56,41,15,13,1,1769062812,2026-01-22 01:21:35
66ddec3e-0aca-11e7-82f6-3863bb44ef7c,7,7,0,14,1,1769062812,2026-01-22 01:21:35
66dbe15d-0aca-11e7-82f6-3863bb44ef7c,14,2,12,10,1,1769062812,2026-01-22 01:21:35
66dd4ec7-0aca-11e7-82f6-3863bb44ef7c,28,11,17,45,1,1769062812,2026-01-22 01:21:35
dccaeeb5-c53a-4f48-80e6-05675b71a8c8,9,1,8,19,1,1769062813,2026-01-22 01:21:35
66de0861-0aca-11e7-82f6-3863bb44ef7c,24,22,2,2,1,1769062810,2026-01-22 01:21:35
1835618878584115330,22,4,18,0,1,1769062811,2026-01-22 01:21:35
66dd17a5-0aca-11e7-82f6-3863bb44ef7c,21,3,18,28,1,1769062811,2026-01-22 01:21:35
1d3a8670-09b3-4127-b750-af5311e565f0,9,1,8,10,1,1769062811,2026-01-22 01:21:35
922763d6-d73c-4678-8bcd-f42ee3a236db,7,3,4,13,1,1769062812,2026-01-22 01:21:35
1786697771181570266,16,1,15,23,1,1769062812,2026-01-22 01:21:35
f833d403-2cf5-424a-a3b3-0314a44b4a67,18,14,4,13,1,1769062813,2026-01-22 01:21:35
fbaffdbd-dab5-4127-9bd5-36bf58093ea8,9,6,3,14,1,1769062813,2026-01-22 01:21:35
2ebbe93b-a013-464a-b4a5-0eba96f89676,15,15,0,3,1,1769062813,2026-01-22 01:21:35
66dd1f44-0aca-11e7-82f6-3863bb44ef7c,5,4,1,20,1,1769062813,2026-01-22 01:21:35
cbf76774-1276-4cf8-9442-f00571f1451c,31,30,1,0,1,1769062814,2026-01-22 01:21:35
912813fc-fde4-4430-8443-a4fa21477e7f,1,1,0,21,1,1769062813,2026-01-22 01:21:35
66dd5407-0aca-11e7-82f6-3863bb44ef7c,14,8,6,63,1,1769062813,2026-01-22 01:21:35
ec42fb3a-af54-46aa-a8b3-b17d72ed4475,13,6,7,6,1,1769062814,2026-01-22 01:21:35
dd482585-3028-453f-a98d-55019db9b26c,35,0,35,3,1,1769062813,2026-01-22 01:21:35
66db277a-0aca-11e7-82f6-3863bb44ef7c,17,8,9,8,1,1769062814,2026-01-22 01:21:35
64f0f28c-bedc-42d5-b107-ecdd48fc30cd,4,3,1,92,1,1769062815,2026-01-22 01:21:35
66db93a1-0aca-11e7-82f6-3863bb44ef7c,21,15,6,14,1,1769062816,2026-01-22 01:21:35
26b3a82b-3487-44c2-85f1-eddb5a8a3a9d,18,3,15,5,1,1769062816,2026-01-22 01:21:35
66dc7ba2-0aca-11e7-82f6-3863bb44ef7c,25,18,7,6,1,1769062797,2026-01-22 01:21:35
66de1ea2-0aca-11e7-82f6-3863bb44ef7c,9,4,5,10,1,1769062816,2026-01-22 01:21:35
ba33c334-e17d-4478-ae3c-9c2f4dbfbb51,5,1,4,11,1,1769062817,2026-01-22 01:21:35
b35ba3c0-d3e8-4b1a-b63b-73a7bb518c9e,4,0,4,14,1,1769062817,2026-01-22 01:21:35
66dbc420-0aca-11e7-82f6-3863bb44ef7c,29,25,4,21,1,1769062817,2026-01-22 01:21:35
3134c2d4-b090-4eb8-ab44-6f9622098f72,2,1,1,20,1,1769062817,2026-01-22 01:21:35
66dd1d9c-0aca-11e7-82f6-3863bb44ef7c,20,11,9,6,1,1769062818,2026-01-22 01:21:35
d45b62b9-7d6b-43b2-bf1e-2c898c55dfd2,9,6,3,8,1,1769062818,2026-01-22 01:21:35
1814907590556515014,14,4,10,7,1,1769062817,2026-01-22 01:21:35
66db2a71-0aca-11e7-82f6-3863bb44ef7c,42,21,21,1,1,1769062817,2026-01-22 01:21:35
1871698223344654662,5,1,4,20,1,1769062817,2026-01-22 01:21:35
66dde630-0aca-11e7-82f6-3863bb44ef7c,45,3,42,23,1,1769062817,2026-01-22 01:21:35
493e046c-5d62-4772-90c4-b6a9f4afcd39,9,5,4,8,1,1769062817,2026-01-22 01:21:35
bbc3c1df-f7db-4f54-8d5c-b8f4269ecb48,19,14,5,0,1,1769062818,2026-01-22 01:21:35
55a4dc76-d839-4e06-9bf4-2f343391343c,4,2,2,15,1,1769062818,2026-01-22 01:21:35
6cd10426-b4e9-40e1-9b35-61f609190ac0,13,3,10,20,1,1769062818,2026-01-22 01:21:35
4c03fa2d-89da-4f0b-8f19-c7de5edbe256,23,4,19,1,1,1769062818,2026-01-22 01:21:35
1828965172312150882,15,3,12,6,1,1769062819,2026-01-22 01:21:35
f9ed9a6b-097e-48b9-a9d1-79d084dcd2d9,3,1,2,12,1,1769062818,2026-01-22 01:21:35
8a89684b-40a5-49fe-b75d-fdf32ffa8102,16,3,13,3,1,1769062819,2026-01-22 01:21:35
0ddb965d-95ef-4ce3-bde6-81a56ac1fbd2,3,2,1,27,1,1769062819,2026-01-22 01:21:35
499e10ad-c008-461e-8cf7-20757218a9cc,2,1,1,21,1,1769062814,2026-01-22 01:21:35
4e9a1c3a-20e2-4fd5-b8de-fbf8d43e7bcc,7,0,7,13,1,1769062818,2026-01-22 01:21:35
bcb08532-f0d5-4c0e-ad8a-4ddacc204791,3,3,0,14,1,1769062818,2026-01-22 01:21:35
66dc840f-0aca-11e7-82f6-3863bb44ef7c,8,4,4,48,1,1769062818,2026-01-22 01:21:35
ab5c5ee6-9c4e-4aaa-a14e-d236d3e01d9a,0,0,0,0,0,86400,2026-01-22 01:21:35
a93cb1ec-fb37-4faf-a7e7-d1e5a9e9af95,0,0,0,0,0,86400,2026-01-22 01:21:35
32c60668-a192-4d06-aa7c-6d6f7aed6b45,0,0,0,0,0,86400,2026-01-22 01:21:35
fd0e86e3-079d-40aa-8231-ec2cbdbd9e7f,0,0,0,0,0,86400,2026-01-22 01:21:35
d67375ea-3f93-4996-b0dc-f542341f2e6a,0,0,0,0,0,86400,2026-01-22 01:21:35
66dccad8-0aca-11e7-82f6-3863bb44ef7c,0,0,0,0,0,86400,2026-01-22 01:21:35
d2024260-cc58-451b-9417-3a695f8a1b34,0,0,0,0,0,1767211364,2026-01-22 01:21:35
2171903221356328154,0,0,0,0,0,86400,2026-01-22 01:21:35
2171903733697659376,0,0,0,0,0,86400,2026-01-22 01:21:35
2171903845366809074,0,0,0,0,0,86400,2026-01-22 01:21:35
0e5be726-2452-42a0-9be8-ea85c8408e4c,4,0,4,17,1,1769062623,2026-01-22 01:21:35
2121032507515216178,6,1,5,4,1,1769062537,2026-01-22 01:21:35
2121033322026834516,11,1,10,2,1,1769062692,2026-01-22 01:21:35
66dcca0d-0aca-11e7-82f6-3863bb44ef7c,1,0,1,19,1,1769062698,2026-01-22 01:21:35
f54ad1f8-fe58-49ac-82ae-b742aec66829,46,39,7,31,1,1769062698,2026-01-22 01:21:35
66ddb6d9-0aca-11e7-82f6-3863bb44ef7c,58,25,33,9,1,1769062701,2026-01-22 01:21:35
398aa734-3893-4dba-a704-57ae8632c4f9,10,8,2,11,1,1769062701,2026-01-22 01:21:35
92a51669-deec-45a9-8494-fafdf6356c51,5,2,3,26,1,1769062699,2026-01-22 01:21:35
06f0d251-e1e3-435c-8c5f-9b991a14ca4a,3,2,1,22,1,1769062703,2026-01-22 01:21:35
0c923abb-298a-4a47-b132-9fae73cc59e6,10,7,3,31,1,1769062702,2026-01-22 01:21:35
d8e02e7b-632b-4fbe-95b9-80efa47473e3,0,0,0,21,1,1769062703,2026-01-22 01:21:35
d08be53f-9691-4d6f-81f3-7d052abb7dd6,6,2,4,11,1,1769062703,2026-01-22 01:21:35
e6f3c665-0c87-4f34-a5e8-69baeed7b7bf,5,0,5,15,1,1769062701,2026-01-22 01:21:35
2436e886-dc53-47cb-8733-d663f9dcd922,3,3,0,21,1,1769062701,2026-01-22 01:21:35
66db3f62-0aca-11e7-82f6-3863bb44ef7c,22,6,16,34,1,1769062701,2026-01-22 01:21:35
ffaa8f6a-a4ea-4d3a-a57c-f42f77cd4581,0,0,0,23,1,1769062702,2026-01-22 01:21:35
55146e49-9bc4-4f13-bdf7-25422342b638,0,0,0,17,1,1769062704,2026-01-22 01:21:35
1854538793462575652,11,3,8,6,1,1769062704,2026-01-22 01:21:35
d946ce73-5487-4ab7-b429-cf873e9af5b5,11,2,9,8,1,1769062702,2026-01-22 01:21:35
0197e9da-ae03-40a7-8270-fe500bfc9e18,3,3,0,17,1,1769062711,2026-01-22 01:21:35
b30815c0-99b6-451b-be15-902992cb8abb,40,38,2,15,1,1769062713,2026-01-22 01:21:35
66dc9068-0aca-11e7-82f6-3863bb44ef7c,18,6,12,52,1,1769062713,2026-01-22 01:21:35
66ddef96-0aca-11e7-82f6-3863bb44ef7c,26,6,20,17,1,1769062713,2026-01-22 01:21:35
1815968422007427668,8,2,6,11,1,1769062713,2026-01-22 01:21:35
15e1568b-f502-47a2-9d3d-b5aaa1edc239,5,2,3,16,1,1769062709,2026-01-22 01:21:35
66db6da2-0aca-11e7-82f6-3863bb44ef7c,47,34,13,4,1,1769062712,2026-01-22 01:21:35
2121032035614514006,11,0,11,1,1,1769062713,2026-01-22 01:21:35
66dc1d0c-0aca-11e7-82f6-3863bb44ef7c,1,0,1,25,1,1769062713,2026-01-22 01:21:35
1820420224296772166,10,3,7,10,1,1769062707,2026-01-22 01:21:35
8e631be4-1e0c-4627-a261-18f0003d0ba2,16,16,0,25,1,1769062707,2026-01-22 01:21:35
fea72f55-d296-47af-9446-149688dcccbd,0,0,0,15,1,1769062706,2026-01-22 01:21:35
f3b359e2-7983-4aaf-b6b0-e3b7d30816a4,17,2,15,1,1,1769062706,2026-01-22 01:21:35
e666a344-1afb-4512-b2e9-2fc5ed71be2b,2,0,2,19,1,1769062712,2026-01-22 01:21:35
b7df61c0-8ead-46cb-9d6e-a6a3011ffb71,8,4,4,17,1,1769062714,2026-01-22 01:21:35
1877653505745721834,3,2,1,16,1,1769062714,2026-01-22 01:21:35
e982e1cb-7e7b-4769-85b8-565925200654,9,2,7,15,1,1769062714,2026-01-22 01:21:35
48e7e465-f861-452a-9bf7-7eacd0b2bcac,17,0,17,2,1,1769062718,2026-01-22 01:21:35
e4980fd0-e540-40ca-acba-c2a74f3294fc,1,1,0,22,1,1769062718,2026-01-22 01:21:35
2010065065442370322,0,0,0,23,1,1769062719,2026-01-22 01:21:35
66db7a0d-0aca-11e7-82f6-3863bb44ef7c,46,21,25,5,1,1769062719,2026-01-22 01:21:35
999865d2-0735-4e85-a9d4-00810231530e,9,1,8,12,1,1769062719,2026-01-22 01:21:35
1819720453019329398,8,3,5,13,1,1769062718,2026-01-22 01:21:35
c4d6b123-df5a-446d-b0ae-d3c4846565d5,2,0,2,20,1,1769062718,2026-01-22 01:21:35
aa0e6301-4162-428d-8943-7b684089b0d1,8,0,8,10,1,1769062718,2026-01-22 01:21:35
efa2a82f-eb4a-4b82-a602-6c42cb984101,3,3,0,14,1,1769062717,2026-01-22 01:21:35
66de44ba-0aca-11e7-82f6-3863bb44ef7c,25,3,22,14,1,1769062717,2026-01-22 01:21:35
77463580-6421-403d-b170-f2660c216175,4,1,3,19,1,1769062719,2026-01-22 01:21:35
bc512527-7863-48d5-aea8-3de470abc1ee,7,4,3,11,1,1769062719,2026-01-22 01:21:35
66db89a3-0aca-11e7-82f6-3863bb44ef7c,63,5,58,9,1,1769062715,2026-01-22 01:21:35
8f72fe26-98aa-4e87-a612-9ae0eb1d9a38,16,0,16,3,1,1769062720,2026-01-22 01:21:35
22e38a04-e70d-4484-bbf3-f6e8c64fdbd4,3,3,0,18,1,1769062722,2026-01-22 01:21:35
1841926579628419438,0,0,0,17,1,1769062722,2026-01-22 01:21:35
ffef95fa-600b-4f08-b2ce-e8eb034ebfd8,21,20,1,10,1,1769062723,2026-01-22 01:21:35
868586b3-ddc7-4b4b-9bed-a1e487033aaa,40,7,33,5,1,1769062723,2026-01-22 01:21:35
66db3ba0-0aca-11e7-82f6-3863bb44ef7c,17,10,7,53,1,1769062722,2026-01-22 01:21:35
b7d7543b-74ac-4a48-a3c4-412f9ffbc727,7,0,7,17,1,1769062722,2026-01-22 01:21:35
b930dd82-92d0-4d86-b896-7d8b827c2d5f,1,1,0,16,1,1769062721,2026-01-22 01:21:35
ace80a8c-6196-484e-8dd0-061e3c90389b,3,3,0,26,1,1769062721,2026-01-22 01:21:35
1813395029173762108,28,27,1,12,1,1769062726,2026-01-22 01:21:35
eb8fcff2-6f58-4724-b564-ebc9a8d374d8,15,2,13,0,1,1769062726,2026-01-22 01:21:35
330ee4e3-29cb-48e5-845f-a8ccf1aa2ce6,8,7,1,17,1,1769062727,2026-01-22 01:21:35
79399e32-a6c6-4732-8ad4-9f9140a86b21,20,15,5,2,1,1769062727,2026-01-22 01:21:35
1828965887815635862,2,1,1,19,1,1769062729,2026-01-22 01:21:35
66dc90d5-0aca-11e7-82f6-3863bb44ef7c,33,28,5,0,1,1769062730,2026-01-22 01:21:35
760ebaea-f7c7-45ad-aa3b-395d97adcf8f,11,5,6,10,1,1769062729,2026-01-22 01:21:35
66dd20eb-0aca-11e7-82f6-3863bb44ef7c,32,14,18,2,1,1769062730,2026-01-22 01:21:35
66de103b-0aca-11e7-82f6-3863bb44ef7c,9,1,8,11,1,1769062727,2026-01-22 01:21:35
1861680889400379678,16,13,3,3,1,1769062727,2026-01-22 01:21:35
1860188607062574024,2,1,1,16,1,1769062727,2026-01-22 01:21:35
1843486390605672640,8,3,5,17,1,1769062728,2026-01-22 01:21:35
1851674088959433552,5,1,4,16,1,1769062727,2026-01-22 01:21:35
c8060816-b4aa-4fd9-bc66-af28bf61dc87,2,2,0,19,1,1769062725,2026-01-22 01:21:35
66db269c-0aca-11e7-82f6-3863bb44ef7c,18,15,3,11,1,1769062725,2026-01-22 01:21:35
66de269c-0aca-11e7-82f6-3863bb44ef7c,15,10,5,17,1,1769062725,2026-01-22 01:21:35
66dd18dd-0aca-11e7-82f6-3863bb44ef7c,20,6,14,7,1,1769062725,2026-01-22 01:21:35
1880643915885220532,1,1,0,29,1,1769062728,2026-01-22 01:21:35
1934770108420609000,2,1,1,15,1,1769062729,2026-01-22 01:21:35
a70b26b7-fbad-4787-bf15-29f7b13a19ab,3,3,0,17,1,1769062729,2026-01-22 01:21:35
16a4effc-282e-4053-b47b-31f734d50c08,17,2,15,5,1,1769062729,2026-01-22 01:21:35
5e93b806-08e1-4ef9-98ae-d3dda20e0469,14,12,2,10,1,1769062724,2026-01-22 01:21:35
18326827-dcae-47e0-8518-c4bb9e21eef6,26,0,26,4,1,1769062733,2026-01-22 01:21:35
d9bc0b3e-1af8-4cb6-a082-8ef1245ef329,7,3,4,22,1,1769062733,2026-01-22 01:21:35
66dcf023-0aca-11e7-82f6-3863bb44ef7c,9,6,3,10,1,1769062735,2026-01-22 01:21:35
1975559886658995034,9,9,0,15,1,1769062735,2026-01-22 01:21:35
ea9a19a6-acea-4286-a723-b5481c90a3c0,21,0,21,2,1,1769062737,2026-01-22 01:21:35
bb0ce308-e5d9-48c7-9f4b-cf0120f2c39a,0,0,0,23,1,1769062737,2026-01-22 01:21:35
467e1de6-73a6-480f-9e83-fd1b03b71047,16,2,14,8,1,1769062736,2026-01-22 01:21:35
b9deb521-41b6-4f8a-ac78-0e58e3977f2c,10,5,5,15,1,1769062737,2026-01-22 01:21:35
50575cba-95ac-4134-9da1-3eec8253afc4,4,0,4,34,1,1769062730,2026-01-22 01:21:35
7a15d81b-357e-42e0-b208-93ffd562fd63,1,0,1,24,1,1769062731,2026-01-22 01:21:35
7f1b4c40-d9fa-4182-be0e-a993655cfb6f,21,13,8,0,1,1769062731,2026-01-22 01:21:35
db91c9e0-d80b-4cb4-9cc2-9453ec8fbeac,1,1,0,16,1,1769062733,2026-01-22 01:21:35
66dce4fc-0aca-11e7-82f6-3863bb44ef7c,12,4,8,12,1,1769062733,2026-01-22 01:21:35
01839a78-f228-4706-8f7f-147b857492f2,11,10,1,10,1,1769062734,2026-01-22 01:21:35
1845677022981917240,12,2,10,5,1,1769062732,2026-01-22 01:21:35
66dc1e55-0aca-11e7-82f6-3863bb44ef7c,14,9,5,47,1,1769062734,2026-01-22 01:21:35
514afe43-84d4-4941-8281-75a93c5cd365,4,1,3,12,1,1769062734,2026-01-22 01:21:35
0cc38ba1-4625-4821-9a6f-e490525cbce2,3,3,0,16,1,1769062743,2026-01-22 01:21:35
7f6674c4-5568-4766-b172-0385348ae184,1,0,1,19,1,1769062743,2026-01-22 01:21:35
94bcf812-5cff-460c-841f-54876ed1e7a4,2,1,1,16,1,1769062743,2026-01-22 01:21:35
c02864f0-2611-440b-98f4-45fddfd545fe,20,2,18,2,1,1769062744,2026-01-22 01:21:35
1882735457106787122,19,13,6,6,1,1769062744,2026-01-22 01:21:35
31f340f3-3201-449e-b017-a26813aa448f,1,1,0,17,1,1769062744,2026-01-22 01:21:35
d11db4cd-f9bf-430b-ac19-104fef323b24,8,7,1,12,1,1769062744,2026-01-22 01:21:35
1786696564295760054,13,9,4,13,1,1769062744,2026-01-22 01:21:35
66dc24b8-0aca-11e7-82f6-3863bb44ef7c,44,4,40,24,1,1769062740,2026-01-22 01:21:35
a90e9ad3-4347-4fa4-b031-9bf1f69ce049,3,3,0,15,1,1769062740,2026-01-22 01:21:35
cd72b9da-b7c6-4785-92b5-0fb2130f0d7b,1,1,0,21,1,1769062741,2026-01-22 01:21:35
66de0bcb-0aca-11e7-82f6-3863bb44ef7c,11,7,4,43,1,1769062741,2026-01-22 01:21:35
c45aa693-fedd-478f-ade9-bf176c4e32ff,5,4,1,14,1,1769062738,2026-01-22 01:21:35
1862759079900600428,3,2,1,15,1,1769062738,2026-01-22 01:21:35
2123939659270367896,9,4,5,7,1,1769062741,2026-01-22 01:21:35
52e81f02-b1f9-45d6-9e5c-e15277de1268,9,4,5,14,1,1769062741,2026-01-22 01:21:35
7cb65297-c880-459a-b054-4e059576c02a,5,2,3,14,1,1769062741,2026-01-22 01:21:35
b64eb0a5-d6d4-4f45-8c9a-e2d004819c99,7,1,6,11,1,1769062739,2026-01-22 01:21:35
1828967346753327602,9,2,7,9,1,1769062740,2026-01-22 01:21:35
1869753340438110380,6,1,5,12,1,1769062742,2026-01-22 01:21:35
8ef6ec7d-e898-4edc-8f3f-af888f8c5ef4,4,0,4,18,1,1769062742,2026-01-22 01:21:35
40eaa69a-d3ab-48fc-b395-b5bdc6a1aa85,2,2,0,17,1,1769062743,2026-01-22 01:21:35
3db2fa34-0b56-4644-9ae9-bbee1583e717,10,5,5,15,1,1769062742,2026-01-22 01:21:35
2cd651e7-1e3a-4cd9-8fd1-a2416e032f6e,5,4,1,18,1,1769062745,2026-01-22 01:21:35
1885718199416500650,8,1,7,15,1,1769062748,2026-01-22 01:21:35
3f031133-ec95-4a92-9d63-2ae28183f498,14,14,0,3,1,1769062749,2026-01-22 01:21:35
6ae35aa8-644e-4b2c-b6a4-6570192f78ab,18,4,14,11,1,1769062749,2026-01-22 01:21:35
dadd2084-d844-46f5-b7a4-128d31eeba8e,0,0,0,18,1,1769062749,2026-01-22 01:21:35
66dc8bfd-0aca-11e7-82f6-3863bb44ef7c,30,16,14,19,1,1769062748,2026-01-22 01:21:35
2127386600787000162,1,1,0,24,1,1769062749,2026-01-22 01:21:35
1838070626762830158,5,1,4,14,1,1769062747,2026-01-22 01:21:35
2b33334b-243c-4a16-a6d2-32304c8884f1,6,6,0,14,1,1769062750,2026-01-22 01:21:35
1843486667668726558,18,0,18,3,1,1769062751,2026-01-22 01:21:35
e6b6c6e2-5fcb-47cd-8f2d-4324b7c977c8,0,0,0,20,1,1769062748,2026-01-22 01:21:35
1838685618105506490,1,1,0,17,1,1769062747,2026-01-22 01:21:35
0cde9bcd-0dcb-45dc-9c9a-3e5485b5452e,5,2,3,13,1,1769062752,2026-01-22 01:21:35
3bf69f3e-23f6-4abe-b5fe-dabe6b0ea066,9,9,0,14,1,1769062752,2026-01-22 01:21:35
39f756c2-3904-463e-95a8-8d8e3540e845,63,28,35,1,1,1769062746,2026-01-22 01:21:35
7f3aa940-18ef-4900-89dc-cdb05f693f31,8,4,4,11,1,1769062749,2026-01-22 01:21:35
1786697166576476490,23,19,4,22,1,1769062761,2026-01-22 01:21:35
1849008925260421550,15,1,14,5,1,1769062762,2026-01-22 01:21:35
9a37d8a1-990b-484c-9603-262dbd1165cc,5,1,4,13,1,1769062762,2026-01-22 01:21:35
17aba164-9d41-4336-9767-2218b8994ded,7,0,7,15,1,1769062762,2026-01-22 01:21:35
785b3e6b-dab5-4d25-afab-e2a1ef918669,24,16,8,1,1,1769062755,2026-01-22 01:21:35
1835249317786962140,2,2,0,24,1,1769062755,2026-01-22 01:21:35
1856847127505992556,0,0,0,0,1,1769062755,2026-01-22 01:21:35
d0b87aa7-7e19-40d2-8f7d-6a622e6ac391,11,8,3,11,1,1769062755,2026-01-22 01:21:35
1198e739-787c-4ce4-aa63-ffaf98506e9c,0,0,0,62,1,1769062764,2026-01-22 01:21:35
66dc22a7-0aca-11e7-82f6-3863bb44ef7c,16,5,11,27,1,1769062764,2026-01-22 01:21:35
2111353842893366258,1,0,1,33,1,1769062764,2026-01-22 01:21:35
1834145868297717964,5,1,4,13,1,1769062764,2026-01-22 01:21:35
2126623199408050430,8,0,8,8,1,1769062764,2026-01-22 01:21:35
753591ba-36f7-4ded-ab7d-40df9994a05f,6,4,2,17,1,1769062762,2026-01-22 01:21:35
1786375597504305174,31,0,31,12,1,1769062762,2026-01-22 01:21:35
1843486597735840252,15,2,13,7,1,1769062762,2026-01-22 01:21:35
1880643497376459348,1,1,0,20,1,1769062762,2026-01-22 01:21:35
66db631c-0aca-11e7-82f6-3863bb44ef7c,63,49,14,12,1,1769062763,2026-01-22 01:21:35
77b21502-a7a2-40b4-8f3e-f9c6c6ef0939,12,1,11,13,1,1769062763,2026-01-22 01:21:35
1843486189591985058,3,0,3,19,1,1769062763,2026-01-22 01:21:35
9ac5758f-0419-4e28-8387-6bcd28db17fa,9,0,9,8,1,1769062759,2026-01-22 01:21:35
be435dfd-e859-487c-ae32-3d2b76d49a49,11,0,11,7,1,1769062762,2026-01-22 01:21:35
1814906873296976512,6,2,4,14,1,1769062760,2026-01-22 01:21:35
1876864480506022446,16,1,15,4,1,1769062774,2026-01-22 01:21:35
d837d1b0-8f80-4f6c-ae45-5dd0deec6977,19,4,15,3,1,1769062774,2026-01-22 01:21:35
1860188069348460678,19,1,18,1,1,1769062775,2026-01-22 01:21:35
0eacb768-c7d5-4499-9182-9a1331d9280c,28,0,28,1,1,1769062775,2026-01-22 01:21:35
514f3dda-4d08-464c-b2d4-5706d400065a,6,5,1,9,1,1769062775,2026-01-22 01:21:35
1854537815365165328,0,0,0,19,1,1769062771,2026-01-22 01:21:35
40914c6b-293d-49ac-b83a-d9d4af998aea,8,6,2,10,1,1769062771,2026-01-22 01:21:35
189f573b-a2d0-40d2-af15-83c5015d93e2,6,6,0,17,1,1769062771,2026-01-22 01:21:35
380394f7-64fa-4a65-a4d1-7bcaddd41fab,12,7,5,7,1,1769062771,2026-01-22 01:21:35
2009671276352543716,18,12,6,0,1,1769062771,2026-01-22 01:21:35
68827e5f-ed28-45de-99bf-66093a8c504f,4,2,2,16,1,1769062771,2026-01-22 01:21:35
66dd51e6-0aca-11e7-82f6-3863bb44ef7c,40,24,16,36,1,1769062773,2026-01-22 01:21:35
66dc9223-0aca-11e7-82f6-3863bb44ef7c,7,4,3,77,1,1769062774,2026-01-22 01:21:35
1877920686883352866,19,9,10,1,1,1769062774,2026-01-22 01:21:35
66dd4bf7-0aca-11e7-82f6-3863bb44ef7c,6,4,2,34,1,1769062774,2026-01-22 01:21:35
1848241963446241866,17,11,6,2,1,1769062774,2026-01-22 01:21:35
1860187430946456420,1,0,1,17,1,1769062775,2026-01-22 01:21:35
8d2eff37-be09-4b46-a95d-abff89e16d56,9,0,9,9,1,1769062775,2026-01-22 01:21:35
8456b63c-37c6-49a6-8c02-bb6dcfc35041,13,11,2,9,1,1769062776,2026-01-22 01:21:35
f72a253f-3cef-4da8-9591-0cbd3a692162,23,15,8,20,1,1769062773,2026-01-22 01:21:35
1906951766876655628,6,1,5,22,1,1769062771,2026-01-22 01:21:35
426862de-f8f2-4967-ba41-76680a4b460c,1,0,1,17,1,1769062772,2026-01-22 01:21:35
ebce9ecb-9678-4c42-89d7-08e54bc6fe90,1,1,0,17,1,1769062775,2026-01-22 01:21:35
1814900752968579218,12,1,11,8,1,1769062789,2026-01-22 01:21:35
ed5c92f1-3293-4385-9e2b-9b716a096a19,23,4,19,39,1,1769062789,2026-01-22 01:21:35
774c5443-d463-42b3-bfc5-b0ab3c56fe35,8,8,0,23,1,1769062789,2026-01-22 01:21:35
1804894168423871442,16,5,11,7,1,1769062790,2026-01-22 01:21:35
66dd4ac1-0aca-11e7-82f6-3863bb44ef7c,18,9,9,19,1,1769062790,2026-01-22 01:21:35
7380e377-936d-47d7-8abe-0f666d47465e,2,2,0,18,1,1769062790,2026-01-22 01:21:35
7f8cb36a-2bf4-4d57-afbd-331310f25355,20,2,18,16,1,1769062790,2026-01-22 01:21:35
66db79a3-0aca-11e7-82f6-3863bb44ef7c,34,27,7,14,1,1769062790,2026-01-22 01:21:35
2007842506069575758,16,1,15,3,1,1769062791,2026-01-22 01:21:35
679dcf08-d88c-4d1b-b81d-fe9f4aabbff7,3,2,1,22,1,1769062791,2026-01-22 01:21:35
66de1c33-0aca-11e7-82f6-3863bb44ef7c,30,29,1,18,1,1769062792,2026-01-22 01:21:35
2124426189188761638,14,13,1,0,1,1769062791,2026-01-22 01:21:35
01b7973e-c92e-4fbe-890e-2c24de33ce0e,5,2,3,13,1,1769062791,2026-01-22 01:21:35
66de88d7-0aca-11e7-82f6-3863bb44ef7c,16,16,0,29,1,1769062792,2026-01-22 01:21:35
1836581441921155232,7,2,5,11,1,1769062792,2026-01-22 01:21:35
a958a8af-a0cc-4bca-9114-93c74ce3c693,2,2,0,20,1,1769062792,2026-01-22 01:21:35
1838618090943186984,22,4,18,1,1,1769062793,2026-01-22 01:21:35
2121032708855884414,8,2,6,7,1,1769062793,2026-01-22 01:21:35
9b7e3b8b-97ef-4038-820c-7cd1c1a34fc7,13,3,10,12,1,1769062793,2026-01-22 01:21:35
3299ff79-36aa-42ef-b7f1-c40e95c8f570,19,3,16,25,1,1769062793,2026-01-22 01:21:35
6ca15d94-897a-4c81-ab47-366829afb7c4,9,9,0,14,1,1769062794,2026-01-22 01:21:35
1835247469495105628,5,2,3,16,1,1769062793,2026-01-22 01:21:35
9e014047-d675-418b-a03c-84d974a25134,3,3,0,27,1,1769062793,2026-01-22 01:21:35
66dd3fc3-0aca-11e7-82f6-3863bb44ef7c,12,3,9,26,1,1769062790,2026-01-22 01:21:35
5f2766b0-362e-49e5-ab09-05e2c4b6f626,1,1,0,17,1,1769062799,2026-01-22 01:21:35
1834145468418707676,14,0,14,4,1,1769062800,2026-01-22 01:21:35
c0a3b8fe-ba64-4cbb-b010-f760998d6c3a,15,15,0,4,1,1769062800,2026-01-22 01:21:35
1828969726487003714,8,1,7,10,1,1769062800,2026-01-22 01:21:35
66db6889-0aca-11e7-82f6-3863bb44ef7c,12,5,7,18,1,1769062800,2026-01-22 01:21:35
dccab832-b4a2-4105-927d-b52ec0d92c92,16,4,12,3,1,1769062801,2026-01-22 01:21:35
4753c893-e4bd-4d6a-bc4d-42209a19ebeb,1,1,0,16,1,1769062800,2026-01-22 01:21:35
66dcf640-0aca-11e7-82f6-3863bb44ef7c,19,1,18,5,1,1769062800,2026-01-22 01:21:35
55ccb271-7035-422e-bee1-20e84caa0217,44,13,31,3,1,1769062796,2026-01-22 01:21:35
2bf9addc-038b-48fe-8794-dde085c5e5dc,9,8,1,40,1,1769062796,2026-01-22 01:21:35
5f968a1b-ee60-43a0-ad25-05211e09e436,3,0,3,16,1,1769062796,2026-01-22 01:21:35
e73cf71b-db05-44f9-b57a-689d65320d68,2,1,1,28,1,1769062799,2026-01-22 01:21:35
2868db5b-df51-4c36-8515-ef77a5b092c2,16,0,16,2,1,1769062799,2026-01-22 01:21:35
66dbf062-0aca-11e7-82f6-3863bb44ef7c,21,10,11,21,1,1769062799,2026-01-22 01:21:35
956de8aa-9e06-4efb-8eb0-35fe9b274a48,17,17,0,2,1,1769062799,2026-01-22 01:21:35
c29c9178-bcb1-4c0c-b789-f4a89512a4e4,6,4,2,13,1,1769062799,2026-01-22 01:21:35
b1e496f1-43cf-48d0-be49-ab0d760c00bf,2,2,0,25,1,1769062799,2026-01-22 01:21:35
2123939077451327830,5,2,3,5,1,1769062777,2026-01-22 01:21:35
3f878b81-324e-4673-9221-43d34647e76f,11,1,10,4,1,1769062794,2026-01-22 01:21:35
a1112e04-bc50-4782-b3d6-bb5902c0e8db,4,4,0,17,1,1769062795,2026-01-22 01:21:35
6a52ceae-3b97-487a-9438-de844bfbf1c2,14,10,4,7,1,1769062797,2026-01-22 01:21:35
66dc82ef-0aca-11e7-82f6-3863bb44ef7c,0,0,0,59,1,1769062797,2026-01-22 01:21:35
66dc3f08-0aca-11e7-82f6-3863bb44ef7c,99,73,26,1,1,1769062797,2026-01-22 01:21:35
66dd4f31-0aca-11e7-82f6-3863bb44ef7c,10,5,5,24,1,1769062797,2026-01-22 01:21:35
5f7ac86c-1a98-4603-8749-4bb83ac84acd,16,16,0,36,1,1769062797,2026-01-22 01:21:35
66db9cc4-0aca-11e7-82f6-3863bb44ef7c,18,3,15,21,1,1769062798,2026-01-22 01:21:35
b9c209b2-6284-4f5a-a32a-680ef9da1c1f,5,5,0,13,1,1769062798,2026-01-22 01:21:35
66de1bc3-0aca-11e7-82f6-3863bb44ef7c,10,1,9,45,1,1769062798,2026-01-22 01:21:35
66dcbf69-0aca-11e7-82f6-3863bb44ef7c,12,9,3,6,1,1769062795,2026-01-22 01:21:35
2124425670552673214,3,2,1,10,1,1769062728,2026-01-22 01:21:35
1827839088308194240,103,91,12,12,1,1769062757,2026-01-22 01:21:35
7a771842-c090-4da1-8c13-72b7f4f50a87,19,2,17,14,1,1769062758,2026-01-22 01:21:35
2142879485385917038,21,13,8,9,1,1769062757,2026-01-22 01:21:35
1849009244468810224,16,3,13,2,1,1769062757,2026-01-22 01:21:35
bd30f2a1-38ec-474d-9e36-07f688e87427,11,4,7,4,1,1769062758,2026-01-22 01:21:35
1846086463217404850,19,4,15,5,1,1769062758,2026-01-22 01:21:35
9d23b0e9-a478-407c-a0e0-0aff1b0398fc,1,1,0,20,1,1769062756,2026-01-22 01:21:35
923a60f7-2a0e-4a31-8dd5-66c8518c929e,12,5,7,9,1,1769062756,2026-01-22 01:21:35
1838071090619298218,18,12,6,11,1,1769062753,2026-01-22 01:21:35
b47e5ffd-4215-4476-a89b-ebe52111f763,33,1,32,4,1,1769062754,2026-01-22 01:21:35
66db5e6a-0aca-11e7-82f6-3863bb44ef7c,9,6,3,9,1,1769062759,2026-01-22 01:21:35
8a13182a-4823-4fe7-afcd-a4ef0b134ed9,7,5,2,12,1,1769062759,2026-01-22 01:21:35
b03adb87-2bd9-43a5-a822-7d06a9ee2d81,28,6,22,1,1,1769062759,2026-01-22 01:21:35
c9cd8c29-7f0b-4979-9a0e-bec4613d2600,2,2,0,18,1,1769062753,2026-01-22 01:21:35
a23a40c3-6da5-4b0f-bb6b-8bfc01ec2261,8,1,7,10,1,1769062753,2026-01-22 01:21:35
81640d04-c36a-4fb1-98b0-85be10be516c,9,0,9,11,1,1769062753,2026-01-22 01:21:35
e6c2a46e-431a-4101-af84-870f660ff4cb,5,5,0,62,1,1769062753,2026-01-22 01:21:35
1898455214498195676,2,1,1,17,1,1769062753,2026-01-22 01:21:35
8f672aa7-08a1-4fe2-a471-06f219c0eb1b,4,2,2,12,1,1769062754,2026-01-22 01:21:35
c042a307-2d7d-4ee9-95b7-a7505a3428c2,1,1,0,33,1,1769062754,2026-01-22 01:21:35
ecbfcdb7-fffc-4d45-bed2-1510fd45834d,10,1,9,8,1,1769062749,2026-01-22 01:21:35
66db46d7-0aca-11e7-82f6-3863bb44ef7c,18,10,8,10,1,1769062766,2026-01-22 01:21:35
2132211694027383298,16,9,7,0,1,1769062767,2026-01-22 01:21:35
66de1368-0aca-11e7-82f6-3863bb44ef7c,26,9,17,9,1,1769062767,2026-01-22 01:21:35
66ddea2a-0aca-11e7-82f6-3863bb44ef7c,68,29,39,3,1,1769062767,2026-01-22 01:21:35
4775fd25-2240-44d7-884a-d777d15a9b5e,7,6,1,13,1,1769062767,2026-01-22 01:21:35
1786699974232881542,5,0,5,15,1,1769062765,2026-01-22 01:21:35
1854255035042870020,10,0,10,7,1,1769062766,2026-01-22 01:21:35
1820420022433309054,24,9,15,0,1,1769062766,2026-01-22 01:21:35
5eac53d0-5510-441a-9dbb-76bd38acf4ef,1,0,1,15,1,1769062768,2026-01-22 01:21:35
1860189190334925058,4,1,3,17,1,1769062768,2026-01-22 01:21:35
ddc8ca6c-dceb-4603-ab1e-4bd972ca2a3d,13,3,10,4,1,1769062768,2026-01-22 01:21:35
fec4aa1b-9fc1-4dd9-ab39-c1d7370a6e54,6,0,6,14,1,1769062769,2026-01-22 01:21:35
64de0666-b9ab-404e-a16b-03e449bb5b4d,5,3,2,12,1,1769062769,2026-01-22 01:21:35
66dc79e6-0aca-11e7-82f6-3863bb44ef7c,9,4,5,13,1,1769062765,2026-01-22 01:21:35
2104278402820534724,24,3,21,17,1,1769062765,2026-01-22 01:21:35
1828964993433043090,12,0,12,5,1,1769062765,2026-01-22 01:21:35
bf317efc-13f1-42be-8243-373a29354033,10,5,5,15,1,1769062768,2026-01-22 01:21:35
1864606193814670106,6,1,5,16,1,1769062768,2026-01-22 01:21:35
4168e5a4-c7ec-4045-bfc8-84ac5edbe845,32,28,4,11,1,1769062768,2026-01-22 01:21:35
94771406-6712-4508-9392-11e9d90e1185,15,10,5,1,1,1769062768,2026-01-22 01:21:35
66db479e-0aca-11e7-82f6-3863bb44ef7c,22,5,17,17,1,1769062779,2026-01-22 01:21:35
66de1f7f-0aca-11e7-82f6-3863bb44ef7c,19,7,12,10,1,1769062779,2026-01-22 01:21:35
1945126257666675246,13,10,3,8,1,1769062780,2026-01-22 01:21:35
f06c01c3-fd7f-443c-a0c7-fc9233d77f6a,1,1,0,20,1,1769062779,2026-01-22 01:21:35
711ccb32-e1bc-4577-ac7b-50592cc9b8a0,20,5,15,4,1,1769062780,2026-01-22 01:21:35
1849009534951225816,3,0,3,13,1,1769062779,2026-01-22 01:21:35
1786697932047949952,4,2,2,18,1,1769062780,2026-01-22 01:21:35
fb180cce-96ee-4e66-b3ce-000f3db6e670,2,1,1,27,1,1769062780,2026-01-22 01:21:35
101c813e-02a8-4b6b-bd5d-981c1ea62019,14,10,4,7,1,1769062780,2026-01-22 01:21:35
4f57360d-a4cb-4568-b74a-f3086ccaee2e,9,4,5,11,1,1769062780,2026-01-22 01:21:35
66dd23a9-0aca-11e7-82f6-3863bb44ef7c,13,10,3,14,1,1769062781,2026-01-22 01:21:35
a76299eb-73f7-401c-aa8b-edff9ef003bd,36,9,27,3,1,1769062781,2026-01-22 01:21:35
1815967051912860522,19,0,19,9,1,1769062781,2026-01-22 01:21:35
324af152-33ea-48a7-8bb0-ad8b6f31571f,39,6,33,6,1,1769062778,2026-01-22 01:21:35
66de59bd-0aca-11e7-82f6-3863bb44ef7c,21,3,18,1,1,1769062779,2026-01-22 01:21:35
2124037656159914878,4,2,2,8,1,1769062779,2026-01-22 01:21:35
2121032193446634360,3,1,2,8,1,1769062711,2026-01-22 01:21:35
1851254360969534132,6,5,1,18,1,1769062776,2026-01-22 01:21:35
52dd11f4-bbd0-49ab-912b-06fac40d275d,20,14,6,10,1,1769062776,2026-01-22 01:21:35
cc7b86cf-a2fb-4738-b967-de7b197dc930,3,2,1,36,1,1769062777,2026-01-22 01:21:35
1a5eae13-8f27-4875-8330-a796c95f8ad6,2,1,1,14,1,1769062777,2026-01-22 01:21:35
daefc84c-1b16-4220-8e1f-10ea4866fdc7,42,34,8,61,1,1769062777,2026-01-22 01:21:35
5600446d-a00a-45e6-9dc3-550adfd63e39,1,1,0,17,1,1769062777,2026-01-22 01:21:35
66dc48ef-0aca-11e7-82f6-3863bb44ef7c,26,25,1,39,1,1769062777,2026-01-22 01:21:35
a37bd0e0-d1e9-4302-9ff7-286e415aff1c,16,7,9,1,1,1769062777,2026-01-22 01:21:35
66dc741f-0aca-11e7-82f6-3863bb44ef7c,26,19,7,38,1,1769062783,2026-01-22 01:21:35
66dcccfe-0aca-11e7-82f6-3863bb44ef7c,7,3,4,11,1,1769062781,2026-01-22 01:21:35
1875023224873448258,9,0,9,11,1,1769062782,2026-01-22 01:21:35
7d9a1b9e-0123-4561-a111-b3735fada687,5,1,4,17,1,1769062781,2026-01-22 01:21:35
1887292564377354448,6,0,6,23,1,1769062782,2026-01-22 01:21:35
1817431953833509324,14,10,4,7,1,1769062782,2026-01-22 01:21:35
03872f6b-a522-4c41-a4f2-5d0c41779e7b,0,0,0,19,1,1769062782,2026-01-22 01:21:35
66dde3b1-0aca-11e7-82f6-3863bb44ef7c,19,1,18,15,1,1769062777,2026-01-22 01:21:35
9b721468-3b28-429d-9e13-580cdf00a6a4,10,0,10,13,1,1769062778,2026-01-22 01:21:35
66ddbd20-0aca-11e7-82f6-3863bb44ef7c,71,65,6,20,1,1769062782,2026-01-22 01:21:35
66dbcf18-0aca-11e7-82f6-3863bb44ef7c,67,19,48,5,1,1769062782,2026-01-22 01:21:35
66db33fc-0aca-11e7-82f6-3863bb44ef7c,6,6,0,61,1,1769062787,2026-01-22 01:21:35
66dd43bd-0aca-11e7-82f6-3863bb44ef7c,20,15,5,25,1,1769062787,2026-01-22 01:21:35
29223935-a682-411c-9f25-577bbb9804fc,18,0,18,2,1,1769062787,2026-01-22 01:21:35
9b4a92ae-cefe-467a-8e35-5ce02d4f3a45,3,0,3,15,1,1769062786,2026-01-22 01:21:35
a82cc641-0926-4a63-b488-7060ab7dcd74,18,13,5,12,1,1769062786,2026-01-22 01:21:35
0927e331-866f-4d99-99b4-04edde99117a,14,7,7,24,1,1769062786,2026-01-22 01:21:35
1a083890-e22b-4f81-8d98-567784034916,22,4,18,2,1,1769062786,2026-01-22 01:21:35
fe65853e-b20a-4250-9677-2aa177283b72,12,3,9,6,1,1769062785,2026-01-22 01:21:35
4d4a3e7b-1005-4bfd-8680-340a20cacbee,21,8,13,0,1,1769062785,2026-01-22 01:21:35
4a4c7548-2466-48ef-8d7e-0aa4d6acb69e,2,2,0,18,1,1769062786,2026-01-22 01:21:35
02fb0f6a-b1dc-4e1c-97f8-fe70462670a3,17,3,14,6,1,1769062786,2026-01-22 01:21:35
66dc0bbd-0aca-11e7-82f6-3863bb44ef7c,29,8,21,5,1,1769062785,2026-01-22 01:21:35
66dc481a-0aca-11e7-82f6-3863bb44ef7c,68,33,35,2,1,1769062788,2026-01-22 01:21:35
66dd455e-0aca-11e7-82f6-3863bb44ef7c,7,5,2,28,1,1769062788,2026-01-22 01:21:35
36025f2c-ee4d-4c1a-832d-733cf37f98ef,3,3,0,27,1,1769062788,2026-01-22 01:21:35
ccaadb70-6c87-4ccc-9914-a3167bd1bc0e,7,3,4,23,1,1769062788,2026-01-22 01:21:35
c530a1cb-7c60-4651-be8a-9bfa5eb43f8a,26,17,9,8,1,1769062784,2026-01-22 01:21:35
1786687245202023014,28,8,20,2,1,1769062784,2026-01-22 01:21:35
2142879839954225698,12,10,2,7,1,1769062784,2026-01-22 01:21:35
81a34754-ae08-47a6-964d-4733849a8fab,2,0,2,26,1,1769062784,2026-01-22 01:21:35
9991b75b-a9ba-4abc-bf84-0108291be05a,16,3,13,8,1,1769062784,2026-01-22 01:21:35
66de542a-0aca-11e7-82f6-3863bb44ef7c,35,0,35,7,1,1769062786,2026-01-22 01:21:35
66dd2786-0aca-11e7-82f6-3863bb44ef7c,16,2,14,10,1,1769062786,2026-01-22 01:21:35
66db65aa-0aca-11e7-82f6-3863bb44ef7c,40,13,27,58,1,1769062807,2026-01-22 01:21:35
66db2e3a-0aca-11e7-82f6-3863bb44ef7c,43,32,11,11,1,1769062807,2026-01-22 01:21:35
1814900898997467540,7,1,6,11,1,1769062807,2026-01-22 01:21:35
f752c376-3a6f-4cd3-b9fd-3c049d45a9a6,2,0,2,15,1,1769062808,2026-01-22 01:21:35
2098359443836787630,23,23,0,47,1,1769062808,2026-01-22 01:21:35
94624d6e-4150-4ab1-92ff-bf55cb58ab61,1,1,0,17,1,1769062808,2026-01-22 01:21:35
1846085533896197012,21,2,19,0,1,1769062808,2026-01-22 01:21:35
46dca5c6-7bd3-4a4f-aa1e-33aa66652294,21,7,14,6,1,1769062806,2026-01-22 01:21:35
cf284d60-23e7-49ec-91dc-8bfedb59cb6a,17,1,16,2,1,1769062806,2026-01-22 01:21:35
54782566-697b-497e-a503-dc1f39963eb2,7,4,3,18,1,1769062806,2026-01-22 01:21:35
2121032973750651666,4,1,3,9,1,1769062806,2026-01-22 01:21:35
1861683747231494964,2,1,1,14,1,1769062806,2026-01-22 01:21:35
1814907062275537820,19,5,14,9,1,1769062806,2026-01-22 01:21:35
2e5cde21-f0a2-4396-899e-6df275e99212,5,5,0,15,1,1769062807,2026-01-22 01:21:35
1859811213834095332,15,1,14,9,1,1769062807,2026-01-22 01:21:35
87091002-cc25-452a-b5d9-f8d0c3fce422,3,2,1,20,1,1769062805,2026-01-22 01:21:35
8f1fdf4b-ecca-4f03-b04c-e10fe596e2c7,2,1,1,24,1,1769062805,2026-01-22 01:21:35
4d674595-187c-417c-a691-676c4446c9fc,8,2,6,12,1,1769062805,2026-01-22 01:21:35
3ff00115-e8da-4326-97d3-7bf4fe4df7a5,10,2,8,10,1,1769062805,2026-01-22 01:21:35
c56739c2-b310-4d73-ab0e-b6036abd9561,19,1,18,6,1,1769062805,2026-01-22 01:21:35
e10a6e12-d98c-4625-940a-9f83d9b2f6c4,13,1,12,7,1,1769062802,2026-01-22 01:21:35
d1c204d7-d575-417d-b134-6ebdf7e99f98,9,9,0,11,1,1769062801,2026-01-22 01:21:35
66dbebad-0aca-11e7-82f6-3863bb44ef7c,32,23,9,18,1,1769062802,2026-01-22 01:21:35
35b8b636-18d3-4860-b0a9-39c0bce96a10,11,3,8,15,1,1769062802,2026-01-22 01:21:35
6651fc84-09d1-4cdb-a8d5-7d6345fb3466,14,1,13,3,1,1769062802,2026-01-22 01:21:35
6908ae75-b9a1-4f20-b192-95dc43e858a8,7,2,5,9,1,1769062803,2026-01-22 01:21:35
fac701fb-c433-496e-933b-ea137dbe7fe1,4,0,4,13,1,1769062804,2026-01-22 01:21:35
c0a2d591-4eed-488b-b88b-0b23990e3756,19,2,17,1,1,1769062804,2026-01-22 01:21:35
1817432954560889524,6,0,6,13,1,1769062804,2026-01-22 01:21:35
e1a3f2f9-618f-4727-b2d6-676e02aadf17,11,2,9,11,1,1769062804,2026-01-22 01:21:35
1865017865553426604,9,1,8,9,1,1769062804,2026-01-22 01:21:35
2018303498843153278,24,13,11,4,1,1769062805,2026-01-22 01:21:35
c7ffe3fa-9cd6-4d35-9060-7d5822381442,73,48,25,0,1,1769062805,2026-01-22 01:21:35
9c2a741d-7f3e-4aa1-b58b-db5c3e6bcb20,2,2,0,26,1,1769062802,2026-01-22 01:21:35
b7c6ce96-a24d-4c1e-93ee-6f49c1adf119,3,1,2,12,1,1769062803,2026-01-22 01:21:35
5d994b32-b7a5-450d-9bbb-93bf3b03e6d5,1,1,0,16,1,1769062802,2026-01-22 01:21:35
85ba92ab-8d0a-4d17-9d07-0173e16d3b6d,2,0,2,17,1,1769062803,2026-01-22 01:21:35
852218fc-5e5b-4153-bc3f-03760b57e68a,5,0,5,16,1,1769062803,2026-01-22 01:21:35
66dde208-0aca-11e7-82f6-3863bb44ef7c,34,31,3,1,1,1769062803,2026-01-22 01:21:35
d7f55e1b-12db-49d1-9cd8-4fb464745841,14,0,14,16,1,1769062803,2026-01-22 01:21:35
66de110b-0aca-11e7-82f6-3863bb44ef7c,15,3,12,23,1,1769062803,2026-01-22 01:21:35
199ea9dd-8f7e-4e05-a730-55edaacd8787,8,2,6,48,1,1769062803,2026-01-22 01:21:35
66dc9143-0aca-11e7-82f6-3863bb44ef7c,24,6,18,11,1,1769062801,2026-01-22 01:21:35
9719498d-bd5c-4424-86ac-dfe0795c57d1,6,4,2,15,1,1769062802,2026-01-22 01:21:35
d52d4171-fd60-4a28-b7e2-89f3693e0591,14,4,10,1,1,1769062809,2026-01-22 01:21:35
1202a491-9f76-4609-9b5c-eb7723ab5b45,8,1,7,9,1,1769062809,2026-01-22 01:21:35
66db8ca4-0aca-11e7-82f6-3863bb44ef7c,43,23,19,14,1,1769062809,2026-01-22 01:21:35
80969478-8dbc-42e1-8e16-ac0132a431c2,24,7,17,0,1,1769062809,2026-01-22 01:21:35
1786697528321024934,37,2,35,1,1,1769062810,2026-01-22 01:21:35
66de4f9c-0aca-11e7-82f6-3863bb44ef7c,21,2,19,7,1,1769062811,2026-01-22 01:21:35
66dd243c-0aca-11e7-82f6-3863bb44ef7c,37,3,34,40,1,1769062811,2026-01-22 01:21:35
66dca682-0aca-11e7-82f6-3863bb44ef7c,44,32,12,19,1,1769062811,2026-01-22 01:21:35
66dc7de9-0aca-11e7-82f6-3863bb44ef7c,109,69,40,0,1,1769062811,2026-01-22 01:21:35
66dd266a-0aca-11e7-82f6-3863bb44ef7c,29,3,26,2,1,1769062813,2026-01-22 01:21:35
1871972060496771504,3,3,0,14,1,1769062813,2026-01-22 01:21:35
66dc7659-0aca-11e7-82f6-3863bb44ef7c,93,63,30,21,1,1769062813,2026-01-22 01:21:35
66db6d40-0aca-11e7-82f6-3863bb44ef7c,38,37,1,24,1,1769062813,2026-01-22 01:21:35
66de3fde-0aca-11e7-82f6-3863bb44ef7c,14,12,2,9,1,1769062814,2026-01-22 01:21:35
a6a132f9-89bf-42a4-afe6-1ca449b7f570,3,1,2,15,1,1769062814,2026-01-22 01:21:35
1833865926273309136,23,13,10,38,1,1769062814,2026-01-22 01:21:35
e72f0aec-2293-4636-988c-b9d30df092f8,24,24,0,20,1,1769062814,2026-01-22 01:21:35
c37931bb-8571-4671-a9a8-f3cf23897680,36,10,26,55,1,1769062815,2026-01-22 01:21:35
bdcbd89b-9ae0-461b-aa1d-7db7ead07400,22,4,18,4,1,1769062810,2026-01-22 01:21:35
bb07a569-cc74-439e-b424-916c0304f136,6,4,2,22,1,1769062810,2026-01-22 01:21:35
1958457675193833900,15,5,10,7,1,1769062810,2026-01-22 01:21:35
1945125910957847430,3,2,1,17,1,1769062808,2026-01-22 01:21:35
66db3708-0aca-11e7-82f6-3863bb44ef7c,25,9,16,13,1,1769062809,2026-01-22 01:21:35
1848241425697670086,31,8,23,5,1,1769062813,2026-01-22 01:21:35
a724eb92-55ca-4b9f-9a87-c2e87b3cbd40,1,1,0,19,1,1769062812,2026-01-22 01:21:35
66db4282-0aca-11e7-82f6-3863bb44ef7c,37,6,31,38,1,1769062811,2026-01-22 01:21:35
1947001743402778700,5,0,5,18,1,1769062812,2026-01-22 01:21:35
989fdf95-cfb9-475c-ba0c-3152fd3a16e0,17,15,2,1,1,1769062812,2026-01-22 01:21:35
33c533cd-5f0e-4c15-a00a-6a2bf1e2d077,17,17,0,44,1,1769062812,2026-01-22 01:21:35
f882ccc8-45aa-426b-aef6-514fe1d3d9cc,12,2,10,17,1,1769062812,2026-01-22 01:21:35
4543214c-c9d4-4f20-9cd9-dd05cc365931,34,34,0,11,1,1769062812,2026-01-22 01:21:35
1835247745828931742,3,3,0,16,1,1769062815,2026-01-22 01:21:35
66db3997-0aca-11e7-82f6-3863bb44ef7c,20,2,18,55,1,1769062816,2026-01-22 01:21:35
17ba4945-b202-4667-965f-211d80622646,7,0,7,15,1,1769062816,2026-01-22 01:21:35
1893519215751496610,27,0,27,1,1,1769062816,2026-01-22 01:21:35
99142ec8-c0e7-47ca-916c-c1097d48e133,36,24,12,6,1,1769062817,2026-01-22 01:21:35
48b19cc8-bf45-4602-89ac-a8c0a0560c43,18,7,11,1,1,1769062817,2026-01-22 01:21:35
1815967674683118258,22,1,21,1,1,1769062817,2026-01-22 01:21:35
1908785111291682996,6,2,4,12,1,1769062817,2026-01-22 01:21:35
62e2b1dd-ca52-4e1c-a112-1d8846b9d9b5,17,4,13,0,1,1769062817,2026-01-22 01:21:35
afd76a0e-ceb8-4d18-a427-b378c4d07a75,19,0,19,9,1,1769062817,2026-01-22 01:21:35
14f928c6-9a51-40a2-b7e6-a74e8b351dbf,4,1,3,20,1,1769062818,2026-01-22 01:21:35
1864605659096685518,1,1,0,16,1,1769062817,2026-01-22 01:21:35
66dc85bb-0aca-11e7-82f6-3863bb44ef7c,39,36,3,1,1,1769062818,2026-01-22 01:21:35
bde94a25-6089-4490-af3a-8cc5702230b8,91,73,18,8,1,1769062818,2026-01-22 01:21:35
9e0b3452-ef6d-4e94-8c05-7bef199cdb74,5,5,0,14,1,1769062818,2026-01-22 01:21:35
66dbcdfc-0aca-11e7-82f6-3863bb44ef7c,1,0,1,55,1,1769062818,2026-01-22 01:21:35
2126579619522812246,13,5,8,0,1,1769062818,2026-01-22 01:21:35
1817432233006383832,18,3,15,3,1,1769062818,2026-01-22 01:21:35
66dbca0f-0aca-11e7-82f6-3863bb44ef7c,47,36,11,10,1,1769062818,2026-01-22 01:21:35
b319c797-71ff-490c-b965-ba2ac0f50da0,3,1,2,14,1,1769062818,2026-01-22 01:21:35
145bbc0d-8976-45ae-9565-158ba564d3d1,23,7,16,1,1,1769062819,2026-01-22 01:21:35
65a1b09d-560d-46bf-8f5d-7f59471a587e,8,4,4,13,1,1769062818,2026-01-22 01:21:35
0ebdda6a-37e4-4ff4-94e8-3947f49d8e24,9,6,3,13,1,1769062818,2026-01-22 01:21:35
66dc8768-0aca-11e7-82f6-3863bb44ef7c,20,12,8,20,1,1769062819,2026-01-22 01:21:35
66dc864c-0aca-11e7-82f6-3863bb44ef7c,23,17,6,4,1,1769062819,2026-01-22 01:21:35
66dea52b-0aca-11e7-82f6-3863bb44ef7c,0,0,0,18,1,1769062818,2026-01-22 01:21:35
e2fc6d90-8deb-4e21-961d-9d5208c1f986,25,19,6,5,1,1769062818,2026-01-22 01:21:35
bb6bba3f-19a0-4ebb-a454-4ac678d9d62d,9,9,0,11,1,1769062819,2026-01-22 01:21:35
dc8223ad-4108-40a8-9ff5-35e8490b4077,0,0,0,0,0,86400,2026-01-22 01:21:35
2004153375425087884,0,0,0,0,0,86400,2026-01-22 01:21:35
1861683496445528180,0,0,0,0,0,86400,2026-01-22 01:21:35
66dc7a7d-0aca-11e7-82f6-3863bb44ef7c,0,0,0,0,0,1760532172,2026-01-22 01:21:35
2171904090179944948,0,0,0,0,0,86400,2026-01-22 01:21:35
2171902875345687974,0,0,0,0,0,86400,2026-01-22 01:21:35
2171902770580328596,0,0,0,0,0,86400,2026-01-22 01:21:35
66db473c-0aca-11e7-82f6-3863bb44ef7c,0,0,0,3,0,1768246235,2026-01-22 01:21:35
7bdd60e9-c0fd-40f6-aa9a-d5fa004d4fe3,16,5,11,3,1,1769062430,2026-01-22 01:21:35
d7904cd0-4b1b-47d0-8103-937bcf5ff845,0,0,0,5,0,1769040188,2026-01-22 01:21:35
2137774972219769002,8,2,6,2,1,1769062678,2026-01-22 01:21:35
fa14408f-6e88-4668-86ee-ce10ea707f36,51,14,37,18,1,1769062699,2026-01-22 01:21:35
1d167807-0aa8-413a-b7a0-01c2ca8a6a60,11,9,2,9,1,1769062700,2026-01-22 01:21:35
1828969323789472168,7,1,6,9,1,1769062698,2026-01-22 01:21:35
668ef22c-4665-4f42-bf6a-ab9e8a2899b1,8,1,7,15,1,1769062700,2026-01-22 01:21:35
ce95fbdd-b7d2-46fc-910d-5c170e4b7610,3,0,3,15,1,1769062704,2026-01-22 01:21:35
e34bb92f-6911-449a-999b-5bc80e0322fe,4,2,2,14,1,1769062704,2026-01-22 01:21:35
b9d3134b-697f-4a0f-b90f-d95f6c69ffda,10,4,6,8,1,1769062704,2026-01-22 01:21:35
be8e6f1c-e8b5-40bd-896d-423052ba3bbc,8,6,2,8,1,1769062700,2026-01-22 01:21:35
ad41e353-033e-484f-8d76-78014e11e9d7,4,2,2,13,1,1769062703,2026-01-22 01:21:35
be2bdee1-e3e9-45cc-94f0-2ba81a722ba3,12,11,1,6,1,1769062705,2026-01-22 01:21:35
1815968026870435892,13,7,6,9,1,1769062707,2026-01-22 01:21:35
993fc83f-52c6-43f4-bb49-4abe4ad48150,1,0,1,18,1,1769062708,2026-01-22 01:21:35
66db34fc-0aca-11e7-82f6-3863bb44ef7c,11,6,5,21,1,1769062708,2026-01-22 01:21:35
f15ccc6e-5a7c-46e7-b505-0bfc9cae3d83,4,2,2,23,1,1769062706,2026-01-22 01:21:35
d1138533-504c-4d29-b71c-299e1d31f159,24,4,20,12,1,1769062706,2026-01-22 01:21:35
1860190006584693708,6,3,3,13,1,1769062706,2026-01-22 01:21:35
66dd0808-0aca-11e7-82f6-3863bb44ef7c,6,0,6,20,1,1769062708,2026-01-22 01:21:35
d9ea5210-50b3-4342-9801-f896bd21f4a1,2,2,0,21,1,1769062708,2026-01-22 01:21:35
9a52fbc1-d87a-4a65-941d-12fd55dbcdde,20,2,18,0,1,1769062710,2026-01-22 01:21:35
66db74a5-0aca-11e7-82f6-3863bb44ef7c,34,6,28,16,1,1769062711,2026-01-22 01:21:35
66dde8ac-0aca-11e7-82f6-3863bb44ef7c,4,3,1,34,1,1769062709,2026-01-22 01:21:35
e612122d-e0fd-4ebf-8d51-0f48f9d1b580,12,0,12,9,1,1769062714,2026-01-22 01:21:35
7a725e59-49be-4c1d-9c3d-3b3a8ed1232f,10,7,3,11,1,1769062718,2026-01-22 01:21:35
1828966104320053340,9,0,9,9,1,1769062718,2026-01-22 01:21:35
2022386456542683974,27,2,25,5,1,1769062714,2026-01-22 01:21:35
8d097a6d-f17c-4195-9dd4-42527b371c71,30,21,9,32,1,1769062712,2026-01-22 01:21:35
ba0a4ada-c9f6-48b4-a7b3-7220f6fb88c2,1,1,0,23,1,1769062716,2026-01-22 01:21:35
43f3d3c7-46b0-4812-879d-15afe8804c5f,19,14,5,7,1,1769062715,2026-01-22 01:21:35
61647ec6-dfd6-4d1c-8800-d488d390c627,5,4,1,30,1,1769062716,2026-01-22 01:21:35
1057229c-f8f8-4014-80cd-f40421c61cf0,2,2,0,15,1,1769062716,2026-01-22 01:21:35
1932126716328112534,21,1,20,0,1,1769062716,2026-01-22 01:21:35
387e2863-83ad-4589-8004-794a7b624801,14,10,4,4,1,1769062716,2026-01-22 01:21:35
66dc8f1f-0aca-11e7-82f6-3863bb44ef7c,37,20,17,14,1,1769062712,2026-01-22 01:21:35
b608193c-46ae-4b61-9e7a-4671e7c3b96e,5,3,2,14,1,1769062713,2026-01-22 01:21:35
1854538169357726138,4,3,1,13,1,1769062723,2026-01-22 01:21:35
1938139112487078732,26,15,11,4,1,1769062723,2026-01-22 01:21:35
66dbe848-0aca-11e7-82f6-3863bb44ef7c,91,66,25,26,1,1769062719,2026-01-22 01:21:35
1e83ffdc-8e72-45c0-8210-4f37e60505c9,10,2,8,24,1,1769062719,2026-01-22 01:21:35
66de0933-0aca-11e7-82f6-3863bb44ef7c,26,3,23,0,1,1769062719,2026-01-22 01:21:35
66dc259a-0aca-11e7-82f6-3863bb44ef7c,34,23,11,46,1,1769062720,2026-01-22 01:21:35
90c35466-db3c-4b0d-993e-6e92883773b4,46,29,17,23,1,1769062721,2026-01-22 01:21:35
66db88f5-0aca-11e7-82f6-3863bb44ef7c,3,1,2,32,1,1769062721,2026-01-22 01:21:35
0dc63044-e19c-474d-9df1-c3e504d03b07,44,17,27,0,1,1769062721,2026-01-22 01:21:35
66de4078-0aca-11e7-82f6-3863bb44ef7c,9,1,8,10,1,1769062725,2026-01-22 01:21:35
66ddee56-0aca-11e7-82f6-3863bb44ef7c,18,17,1,5,1,1769062725,2026-01-22 01:21:35
2123940148896639644,9,8,1,0,1,1769062725,2026-01-22 01:21:35
1817432104157364846,20,2,18,0,1,1769062723,2026-01-22 01:21:35
67f60e7e-397a-4e47-b7f9-d10bd67133b3,1,1,0,47,1,1769062719,2026-01-22 01:21:35
4eb6d6a8-ecc1-4e89-a586-4f96ed3d83e1,5,4,1,21,1,1769062719,2026-01-22 01:21:35
1846085626867634660,2,0,2,18,1,1769062724,2026-01-22 01:21:35
c066c90a-efb1-4f8b-aa15-38ba4edd4ebc,12,6,6,8,1,1769062724,2026-01-22 01:21:35
632b140c-65de-4f50-9cc2-c001ae011aea,16,10,6,42,1,1769062726,2026-01-22 01:21:35
b506be9e-45d3-43d1-a262-27d8fa91e974,8,4,4,22,1,1769062726,2026-01-22 01:21:35
66dc76cd-0aca-11e7-82f6-3863bb44ef7c,32,32,0,0,1,1769062731,2026-01-22 01:21:35
66de10a8-0aca-11e7-82f6-3863bb44ef7c,15,4,11,16,1,1769062731,2026-01-22 01:21:35
1884688942632618210,13,11,2,13,1,1769062731,2026-01-22 01:21:35
74feba30-26a5-4949-b3a0-d6e13ba1a20c,10,3,7,6,1,1769062731,2026-01-22 01:21:35
1869753812884512816,5,2,3,15,1,1769062730,2026-01-22 01:21:35
2c321ea3-e1dd-4d32-be70-bd158fe1f568,69,48,21,7,1,1769062728,2026-01-22 01:21:35
66db8d89-0aca-11e7-82f6-3863bb44ef7c,46,40,6,4,1,1769062729,2026-01-22 01:21:35
35a5b4d6-2d90-4b60-b68b-03bb60fb1afc,7,6,1,11,1,1769062731,2026-01-22 01:21:35
1856766912456610780,5,3,2,19,1,1769062732,2026-01-22 01:21:35
dd351a72-4241-4275-843d-0fffa8a1f414,12,12,0,9,1,1769062733,2026-01-22 01:21:35
1861681121800951962,15,5,10,6,1,1769062729,2026-01-22 01:21:35
8b1222da-612f-4482-ab34-9467c4ed28e3,6,1,5,17,1,1769062733,2026-01-22 01:21:35
901cab1a-a77e-424e-b602-16883e792f93,2,1,1,17,1,1769062737,2026-01-22 01:21:35
5c3c345d-1975-400d-a9d8-18815816886e,20,20,0,35,1,1769062737,2026-01-22 01:21:35
1d130e43-0408-4423-bb52-77a08372cefa,8,3,5,17,1,1769062737,2026-01-22 01:21:35
1861271680294357158,20,7,13,3,1,1769062735,2026-01-22 01:21:35
c809158b-ca8f-4a77-a800-8ee9d287c056,2,1,1,15,1,1769062735,2026-01-22 01:21:35
1814900632709495794,15,3,12,7,1,1769062735,2026-01-22 01:21:35
66ddd369-0aca-11e7-82f6-3863bb44ef7c,29,20,9,34,1,1769062736,2026-01-22 01:21:35
dfad8e49-7e1b-4376-90b4-7a449319f294,4,1,3,17,1,1769062736,2026-01-22 01:21:35
66dcac42-0aca-11e7-82f6-3863bb44ef7c,42,0,42,8,1,1769062736,2026-01-22 01:21:35
de6f4206-3aa9-4cb9-aae0-8547d2cd6854,23,2,21,0,1,1769062733,2026-01-22 01:21:35
2104275164415193448,54,21,33,12,1,1769062733,2026-01-22 01:21:35
66dbe7b6-0aca-11e7-82f6-3863bb44ef7c,6,4,2,20,1,1769062733,2026-01-22 01:21:35
e1886e7a-62b1-4359-9835-8ab5a16371ae,4,1,3,18,1,1769062733,2026-01-22 01:21:35
1964061627836181486,2,1,1,82,1,1769062734,2026-01-22 01:21:35
a33a2d11-33a5-46ad-a086-5698ac17b7b4,30,9,21,1,1,1769062736,2026-01-22 01:21:35
66dd4b91-0aca-11e7-82f6-3863bb44ef7c,23,15,8,15,1,1769062737,2026-01-22 01:21:35
66dd41ef-0aca-11e7-82f6-3863bb44ef7c,15,14,1,24,1,1769062734,2026-01-22 01:21:35
66dded7a-0aca-11e7-82f6-3863bb44ef7c,24,23,1,3,1,1769062734,2026-01-22 01:21:35
9ea2afff-a146-4824-89b6-39d5bdfac795,14,13,1,6,1,1769062733,2026-01-22 01:21:35
b0cc08dc-e7dd-48d1-8901-ba496f3ff2f5,38,34,4,1,1,1769062742,2026-01-22 01:21:35
d5d589e6-457f-4cd4-bf78-59165dce28b2,20,7,13,5,1,1769062742,2026-01-22 01:21:35
ad17bd9a-735b-4a11-8ad3-dc7800e342af,22,9,13,12,1,1769062742,2026-01-22 01:21:35
66dcbe7c-0aca-11e7-82f6-3863bb44ef7c,7,6,1,11,1,1769062742,2026-01-22 01:21:35
1875433315773395778,7,3,4,24,1,1769062743,2026-01-22 01:21:35
c63e9937-cadb-4813-aee3-5fd3fcc93767,1,0,1,18,1,1769062743,2026-01-22 01:21:35
1815967159287043052,10,0,10,13,1,1769062743,2026-01-22 01:21:35
bc346753-b68a-4cb3-b93f-b0be68227eae,17,7,10,4,1,1769062738,2026-01-22 01:21:35
dad3b7df-ec40-4d54-bfdb-5e82be84d742,2,0,2,19,1,1769062738,2026-01-22 01:21:35
787fe4b2-6029-4f71-917e-892479d8d64e,10,0,10,7,1,1769062739,2026-01-22 01:21:35
c0c6a931-c1d3-4202-a433-c4127a4cd846,4,2,2,15,1,1769062742,2026-01-22 01:21:35
2b54cb2c-31be-4620-a13c-0fa72b58c90a,5,3,2,21,1,1769062740,2026-01-22 01:21:35
66dcbbfe-0aca-11e7-82f6-3863bb44ef7c,6,2,4,12,1,1769062740,2026-01-22 01:21:35
66dc0cc7-0aca-11e7-82f6-3863bb44ef7c,18,14,4,31,1,1769062741,2026-01-22 01:21:35
96878d29-481d-48dc-bcdc-a5f1ce88c76d,2,1,1,17,1,1769062739,2026-01-22 01:21:35
1885442082749874736,1,1,0,20,1,1769062740,2026-01-22 01:21:35
1b22c037-207d-454a-90aa-8f22d0a8a7e3,21,5,16,0,1,1769062740,2026-01-22 01:21:35
36edabac-a0c2-471b-abaf-73fdb53a4e5f,0,0,0,20,1,1769062740,2026-01-22 01:21:35
bbb48e80-7d2f-4b3c-bb8c-591bc931945a,16,11,5,2,1,1769062741,2026-01-22 01:21:35
d6834194-029d-4e2d-83b0-ee78ab5acda2,10,2,8,7,1,1769062745,2026-01-22 01:21:35
1869851741257474316,26,1,25,1,1,1769062745,2026-01-22 01:21:35
2126621966735272262,8,0,8,3,1,1769062745,2026-01-22 01:21:35
66dbc60f-0aca-11e7-82f6-3863bb44ef7c,1,1,0,5,1,1769062745,2026-01-22 01:21:35
1f872052-38c4-4701-96c4-c363de51c2b5,32,25,7,22,1,1769062747,2026-01-22 01:21:35
085da8d4-9465-46f0-82d1-10c9c9177d64,3,2,1,16,1,1769062747,2026-01-22 01:21:35
bd1760ad-3af3-4ede-9bd7-c8fbf46d7192,3,1,2,18,1,1769062748,2026-01-22 01:21:35
59e3766c-0629-4ff1-a1d9-bc0514a55487,11,5,6,13,1,1769062748,2026-01-22 01:21:35
66dbeded-0aca-11e7-82f6-3863bb44ef7c,16,3,13,7,1,1769062744,2026-01-22 01:21:35
cac843c2-8b21-47bb-a3b9-712f95d7f7aa,15,1,14,3,1,1769062746,2026-01-22 01:21:35
66dc2172-0aca-11e7-82f6-3863bb44ef7c,4,3,1,75,1,1769062744,2026-01-22 01:21:35
c0e0e578-8ce8-4c9d-be47-b902d8a41050,2,2,0,16,1,1769062744,2026-01-22 01:21:35
ccfa8b82-07a7-4a08-88fc-be261c30a4ca,5,5,0,17,1,1769062747,2026-01-22 01:21:35
96a0b676-e966-4d96-b04b-ceb8149cedcd,6,5,1,16,1,1769062748,2026-01-22 01:21:35
e58234a3-5b23-427e-948f-c1e4571b2bfa,30,12,18,26,1,1769062745,2026-01-22 01:21:35
2576805f-9732-4c74-8f1d-57715e8cdfa2,9,2,7,19,1,1769062751,2026-01-22 01:21:35
158e7752-27e2-4912-be0b-eb15405aa096,7,2,5,13,1,1769062751,2026-01-22 01:21:35
9c1c3499-1b11-471f-b59a-87d9e27e15c5,3,2,1,18,1,1769062751,2026-01-22 01:21:35
305c221f-4e0b-4a5a-902c-3d1043dfe606,2,0,2,16,1,1769062751,2026-01-22 01:21:35
66dbb869-0aca-11e7-82f6-3863bb44ef7c,10,2,8,7,1,1769062752,2026-01-22 01:21:35
5db1fefa-0f10-4c58-a7ce-113f3164ced8,13,4,9,4,1,1769062752,2026-01-22 01:21:35
d3433b47-99a7-4b21-9fa7-d7052bb5c23b,7,6,1,10,1,1769062752,2026-01-22 01:21:35
66dbf518-0aca-11e7-82f6-3863bb44ef7c,5,3,2,23,1,1769062752,2026-01-22 01:21:35
0f536c08-dde3-40af-a66d-1fe1e7edecd2,3,0,3,17,1,1769062752,2026-01-22 01:21:35
18846fd4-877c-4971-9b6f-1bd8fbc10346,7,5,2,13,1,1769062752,2026-01-22 01:21:35
203d7b9a-8666-4af1-81c7-f9fc36aa0952,2,2,0,15,1,1769062754,2026-01-22 01:21:35
66dd2811-0aca-11e7-82f6-3863bb44ef7c,18,1,17,21,1,1769062753,2026-01-22 01:21:35
1899178885660253096,24,19,5,2,1,1769062754,2026-01-22 01:21:35
eafa19ed-88c2-4efc-bd73-3961f85b6063,24,14,10,15,1,1769062750,2026-01-22 01:21:35
66dcc5ca-0aca-11e7-82f6-3863bb44ef7c,0,0,0,0,0,1769062749,2026-01-22 01:21:35
956e9f8d-d23a-4a0e-bf28-84180e818af7,19,16,3,7,1,1769062749,2026-01-22 01:21:35
66dd039b-0aca-11e7-82f6-3863bb44ef7c,4,0,4,19,1,1769062750,2026-01-22 01:21:35
0b94cc1e-2327-4679-99d9-3b21ddc02051,16,3,13,15,1,1769062750,2026-01-22 01:21:35
6076e321-85d8-4e0e-ae18-86bb8cbbda1b,15,0,15,5,1,1769062749,2026-01-22 01:21:35
1828965671716082498,14,3,11,4,1,1769062751,2026-01-22 01:21:35
1786697003367719132,15,0,15,22,1,1769062755,2026-01-22 01:21:35
66db402c-0aca-11e7-82f6-3863bb44ef7c,59,20,39,28,1,1769062755,2026-01-22 01:21:35
66dc1c5c-0aca-11e7-82f6-3863bb44ef7c,53,38,15,26,1,1769062757,2026-01-22 01:21:35
d9ec5589-c872-46f2-88cd-e54f9c596721,7,1,6,13,1,1769062759,2026-01-22 01:21:35
ebfafca3-5818-4e6f-8374-98f44a0ca0c6,3,1,2,23,1,1769062759,2026-01-22 01:21:35
d7bdc3d7-6e6d-4899-9cc7-f4238a86c695,3,1,2,20,1,1769062756,2026-01-22 01:21:35
66de5e5b-0aca-11e7-82f6-3863bb44ef7c,20,1,19,20,1,1769062756,2026-01-22 01:21:35
1846086138339179502,17,10,7,6,1,1769062756,2026-01-22 01:21:35
e2b28abd-07a4-4552-ad17-abf155aff28a,6,4,2,16,1,1769062757,2026-01-22 01:21:35
1845676816555735590,11,1,10,11,1,1769062754,2026-01-22 01:21:35
66db7152-0aca-11e7-82f6-3863bb44ef7c,35,8,27,13,1,1769062759,2026-01-22 01:21:35
1851999409149780880,11,2,9,9,1,1769062761,2026-01-22 01:21:35
c2800791-1911-4f2b-8fc7-bed280c557c0,41,37,4,3,1,1769062763,2026-01-22 01:21:35
45865207-8700-4ef2-99ed-b08889ef0250,18,8,10,2,1,1769062762,2026-01-22 01:21:35
1848242058183072050,15,4,11,4,1,1769062765,2026-01-22 01:21:35
df243d7f-e6ae-435c-9895-aecbcff9cada,10,6,4,18,1,1769062766,2026-01-22 01:21:35
66dcc30b-0aca-11e7-82f6-3863bb44ef7c,11,6,5,5,1,1769062764,2026-01-22 01:21:35
66dc41bb-0aca-11e7-82f6-3863bb44ef7c,46,34,12,5,1,1769062763,2026-01-22 01:21:35
40fd82d6-c0e9-4876-adfb-816140ecfc39,16,13,3,0,1,1769062763,2026-01-22 01:21:35
002e6e9f-ced2-47b0-bc7e-ccf38c3b4b0f,7,2,5,11,1,1769062760,2026-01-22 01:21:35
38bb1218-0a9e-41d9-b2ef-25c8626dac29,17,0,17,4,1,1769062760,2026-01-22 01:21:35
a8560d28-9ee1-4af4-9180-7e9c4dd0d147,11,3,8,6,1,1769062760,2026-01-22 01:21:35
66de65a4-0aca-11e7-82f6-3863bb44ef7c,0,0,0,22,1,1769062760,2026-01-22 01:21:35
66de48f9-0aca-11e7-82f6-3863bb44ef7c,16,0,16,0,1,1769062761,2026-01-22 01:21:35
1861682702044957494,9,8,1,9,1,1769062761,2026-01-22 01:21:35
582cd775-0178-47f5-b707-6d5869f077ba,18,0,18,11,1,1769062761,2026-01-22 01:21:35
93c28953-7e65-436e-9c5a-9d7ca0e3729f,18,11,7,5,1,1769062761,2026-01-22 01:21:35
66dcc047-0aca-11e7-82f6-3863bb44ef7c,17,7,10,5,1,1769062761,2026-01-22 01:21:35
66de2a00-0aca-11e7-82f6-3863bb44ef7c,29,2,27,5,1,1769062760,2026-01-22 01:21:35
66de2556-0aca-11e7-82f6-3863bb44ef7c,27,21,6,49,1,1769062762,2026-01-22 01:21:35
1851674145014649512,7,1,6,18,1,1769062762,2026-01-22 01:21:35
66dc192f-0aca-11e7-82f6-3863bb44ef7c,17,15,2,5,1,1769062755,2026-01-22 01:21:35
53e30d38-a110-42b4-a8f9-ca801a847ac7,28,14,14,17,1,1769062769,2026-01-22 01:21:35
afc79a38-e26d-48f7-94e4-d0aca8fd1c49,1,1,0,15,1,1769062769,2026-01-22 01:21:35
66de8a86-0aca-11e7-82f6-3863bb44ef7c,0,0,0,56,1,1769062765,2026-01-22 01:21:35
844c68cc-19f0-474a-86d3-4af170117aae,0,0,0,21,1,1769062769,2026-01-22 01:21:35
0e003543-3656-448f-8a93-029d265f2e26,23,3,20,7,1,1769062769,2026-01-22 01:21:35
15cb007b-bfca-4ad7-bfc6-44bf3d36785a,27,1,26,0,1,1769062769,2026-01-22 01:21:35
8ea09819-cd88-4732-b047-c0549f0b370f,23,3,20,7,1,1769062767,2026-01-22 01:21:35
9b70cbe2-25fc-42f8-b6e6-ac21ef248e4b,7,6,1,10,1,1769062767,2026-01-22 01:21:35
1828966363527611286,15,1,14,3,1,1769062771,2026-01-22 01:21:35
1318e05a-2506-43c6-b49d-4c1f7f69a267,12,10,2,6,1,1769062771,2026-01-22 01:21:35
ca4e4962-2169-4559-8f60-b05ab7809750,19,5,14,13,1,1769062768,2026-01-22 01:21:35
2124382079594320876,6,2,4,8,1,1769062771,2026-01-22 01:21:35
23bc4d9b-1ec2-45fb-9228-e41517346b24,18,8,10,0,1,1769062771,2026-01-22 01:21:35
6a9b19e3-cd69-4e0c-9b28-1889db936c7c,3,2,1,14,1,1769062769,2026-01-22 01:21:35
1828969515711812276,18,14,4,0,1,1769062774,2026-01-22 01:21:35
dc34ba4c-d8e5-4674-a02e-210c950c05c1,9,8,1,15,1,1769062775,2026-01-22 01:21:35
724aeecc-8c91-4afc-b97c-72a98de452c9,3,1,2,14,1,1769062775,2026-01-22 01:21:35
36b55a0f-e55d-4849-859a-09b3273fb782,10,0,10,11,1,1769062775,2026-01-22 01:21:35
b55f9b55-7fa7-4f0f-9732-78cbe07452e1,19,7,12,10,1,1769062772,2026-01-22 01:21:35
0109f17a-2378-4500-9648-88bdb31ec612,28,0,28,6,1,1769062772,2026-01-22 01:21:35
66dd4b2b-0aca-11e7-82f6-3863bb44ef7c,17,13,4,32,1,1769062773,2026-01-22 01:21:35
1828969112306680612,3,2,1,14,1,1769062776,2026-01-22 01:21:35
c46a2889-258b-4fc5-a452-1d4e7dfe683a,4,2,2,14,1,1769062776,2026-01-22 01:21:35
66ddeffd-0aca-11e7-82f6-3863bb44ef7c,6,5,1,11,1,1769062776,2026-01-22 01:21:35
e8df73bd-5d3d-47c9-b04d-bcec4db5540f,62,17,45,0,1,1769062776,2026-01-22 01:21:35
e780c290-0c52-4ab1-9719-a581be789df3,6,4,2,14,1,1769062774,2026-01-22 01:21:35
1e6c5d0c-f406-4b60-88f6-6284a38d3930,2,2,0,17,1,1769062774,2026-01-22 01:21:35
55f6b830-e43e-4227-bfc7-683465236d94,18,5,13,25,1,1769062774,2026-01-22 01:21:35
1835247196073118026,11,2,9,6,1,1769062773,2026-01-22 01:21:35
66de5095-0aca-11e7-82f6-3863bb44ef7c,9,4,5,10,1,1769062773,2026-01-22 01:21:35
ca4795a2-6ab3-4597-bf59-f0155ac1637c,26,18,8,41,1,1769062773,2026-01-22 01:21:35
9c147c77-11da-4d0b-8a21-a8042ec8031b,8,4,4,10,1,1769062773,2026-01-22 01:21:35
66de482a-0aca-11e7-82f6-3863bb44ef7c,12,10,2,6,1,1769062776,2026-01-22 01:21:35
4bbf50a9-47c2-4a32-97c2-1f6bc4f9d401,22,10,12,5,1,1769062775,2026-01-22 01:21:35
1860189813948384088,24,15,9,1,1,1769062775,2026-01-22 01:21:35
1903998756008763590,1,0,1,48,1,1769062775,2026-01-22 01:21:35
0c106e83-c47a-4233-b5e4-62bbb75d0bed,0,0,0,17,1,1769062802,2026-01-22 01:21:35
66db2db5-0aca-11e7-82f6-3863bb44ef7c,51,0,51,5,1,1769062803,2026-01-22 01:21:35
e8a6c13b-1f6e-4e6b-bdf8-9b0e597e4a62,8,2,6,25,1,1769062803,2026-01-22 01:21:35
bbaae5d3-7e2b-46a8-872e-152404c664f7,22,1,21,5,1,1769062803,2026-01-22 01:21:35
3c6c0d12-80dd-4c49-b7c5-e3549588b8cf,12,4,8,13,1,1769062803,2026-01-22 01:21:35
1846086665080867236,11,2,9,9,1,1769062804,2026-01-22 01:21:35
66dda55f-0aca-11e7-82f6-3863bb44ef7c,29,19,10,0,1,1769062804,2026-01-22 01:21:35
66dc21d4-0aca-11e7-82f6-3863bb44ef7c,0,0,0,48,1,1769062804,2026-01-22 01:21:35
66db7637-0aca-11e7-82f6-3863bb44ef7c,26,11,15,16,1,1769062804,2026-01-22 01:21:35
d7d297fd-36dc-42f2-8e3b-24b1003be874,15,7,8,1,1,1769062804,2026-01-22 01:21:35
f001fac9-5f19-451e-a752-afde574a8c81,0,0,0,16,1,1769062800,2026-01-22 01:21:35
f3c68cfb-52fd-48c8-b6e5-85c179fee0b3,15,3,12,8,1,1769062803,2026-01-22 01:21:35
3863f086-ae35-4d0e-8c91-2b6e3e5827a1,9,0,9,27,1,1769062799,2026-01-22 01:21:35
bb32aad7-8308-4ff8-b073-d5b518ffdd09,12,12,0,26,1,1769062805,2026-01-22 01:21:35
66dc2bc5-0aca-11e7-82f6-3863bb44ef7c,4,2,2,103,1,1769062806,2026-01-22 01:21:35
063e7e78-b810-4a2f-8045-a82a0d69d752,7,2,4,39,1,1769062802,2026-01-22 01:21:35
fda0c217-9504-4b26-8a25-e40b603ee5fa,0,0,0,16,1,1769062802,2026-01-22 01:21:35
4c3b6e25-b0c2-4a3f-b07e-cd60cd1b0ac0,0,0,0,16,1,1769062802,2026-01-22 01:21:35
66dde914-0aca-11e7-82f6-3863bb44ef7c,28,16,12,7,1,1769062801,2026-01-22 01:21:35
66dbbc4a-0aca-11e7-82f6-3863bb44ef7c,20,8,12,6,1,1769062801,2026-01-22 01:21:35
82dd89f6-1e5a-4a8f-8660-13cb64349e94,4,0,4,14,1,1769062801,2026-01-22 01:21:35
4b67c6e0-d603-4fbc-afbe-0b8952f4f7af,15,3,12,19,1,1769062805,2026-01-22 01:21:35
e3e6105e-eaa2-43c5-badb-fb8592ad7227,8,4,4,16,1,1769062804,2026-01-22 01:21:35
83d1ff16-ba56-4eae-aa6a-b37b6439db82,1,1,0,28,1,1769062805,2026-01-22 01:21:35
04d557d6-6bc3-4244-b0f1-81ed1449ccd6,8,6,2,10,1,1769062804,2026-01-22 01:21:35
1880644160834607498,20,13,7,3,1,1769062802,2026-01-22 01:21:35
9092515e-eef6-478f-910f-1cd19d06bebb,2,2,0,33,1,1769062802,2026-01-22 01:21:35
7603028c-8b04-4918-8a25-a087ce57aea4,12,0,12,18,1,1769062801,2026-01-22 01:21:35
66dd546c-0aca-11e7-82f6-3863bb44ef7c,5,1,4,16,1,1769062807,2026-01-22 01:21:35
1885439359712500016,0,0,0,23,1,1769062807,2026-01-22 01:21:35
a4bb6fac-b795-4aa7-a266-613419019290,0,0,0,18,1,1769062807,2026-01-22 01:21:35
1834145330979754058,0,0,0,22,1,1769062808,2026-01-22 01:21:35
66dcfaf6-0aca-11e7-82f6-3863bb44ef7c,11,1,10,6,1,1769062808,2026-01-22 01:21:35
cad68b8c-6d68-4c5f-88fe-b1aa3e40727a,15,0,15,5,1,1769062808,2026-01-22 01:21:35
328d778a-7e71-4240-acae-b84f0fdaa5c5,5,5,0,19,1,1769062808,2026-01-22 01:21:35
a1acdab2-29c7-4956-8b2e-24b39dc2ff13,8,3,5,48,1,1769062808,2026-01-22 01:21:35
d8673258-9513-4ed2-86bf-bef62e7e4e30,4,4,0,13,1,1769062809,2026-01-22 01:21:35
2098714441479661752,10,8,2,4,1,1769062809,2026-01-22 01:21:35
d47c856e-8cda-4da0-b8eb-1ccf0e6ef7ab,9,2,7,21,1,1769062809,2026-01-22 01:21:35
ecc52c52-e2d9-4e73-8f9c-18ad8e9b0606,9,0,9,12,1,1769062809,2026-01-22 01:21:35
d34f2271-10ee-40c3-a93a-09df58860512,9,8,1,7,1,1769062809,2026-01-22 01:21:35
66de186f-0aca-11e7-82f6-3863bb44ef7c,17,8,9,6,1,1769062809,2026-01-22 01:21:35
d7632897-a6eb-4f8f-9ab2-c66426620fbf,9,0,9,6,1,1769062810,2026-01-22 01:21:35
1848242216849312578,11,1,10,7,1,1769062806,2026-01-22 01:21:35
45e8c326-b12d-4be6-b040-bb6de9986d25,19,9,10,1,1,1769062806,2026-01-22 01:21:35
2119506830683992262,32,18,14,16,1,1769062806,2026-01-22 01:21:35
66dd1846-0aca-11e7-82f6-3863bb44ef7c,31,4,27,15,1,1769062806,2026-01-22 01:21:35
42032bf9-4599-4035-bc01-c80bec1a7122,10,5,5,10,1,1769062806,2026-01-22 01:21:35
2366d8a4-7a49-42f3-9afe-efd2b200336b,3,2,1,17,1,1769062811,2026-01-22 01:21:35
4034789e-b70d-4aae-bf18-3ed37a4d751f,17,6,11,2,1,1769062811,2026-01-22 01:21:35
66db4671-0aca-11e7-82f6-3863bb44ef7c,26,24,2,18,1,1769062811,2026-01-22 01:21:35
1786375069262703476,24,8,16,4,1,1769062810,2026-01-22 01:21:35
2124037775602344266,4,0,4,11,1,1769062810,2026-01-22 01:21:35
1064b4b0-e9c8-4139-ac48-f118305dbe69,4,4,0,18,1,1769062810,2026-01-22 01:21:35
e0b80983-c520-47e3-9c8d-a17fff5e5582,14,1,13,5,1,1769062810,2026-01-22 01:21:35
3e9e50cc-f336-439f-bd0b-dec5499c038d,44,36,8,1,1,1769062781,2026-01-22 01:21:35
1786696384892428996,6,4,2,14,1,1769062781,2026-01-22 01:21:35
66dce5c9-0aca-11e7-82f6-3863bb44ef7c,16,4,12,1,1,1769062781,2026-01-22 01:21:35
3c8847a6-c12a-40fd-9b22-4582ac1a0d9d,14,10,4,9,1,1769062781,2026-01-22 01:21:35
66de08c9-0aca-11e7-82f6-3863bb44ef7c,14,1,13,6,1,1769062782,2026-01-22 01:21:35
b0239a13-649a-4d31-aa04-56b8aaeba4d4,3,3,0,15,1,1769062782,2026-01-22 01:21:35
e5b2a7ce-d867-465b-8446-743e00617068,1,1,0,19,1,1769062782,2026-01-22 01:21:35
66db40ef-0aca-11e7-82f6-3863bb44ef7c,7,4,3,52,1,1769062779,2026-01-22 01:21:35
7a8b474b-7577-4316-a192-d57576d194a3,0,0,0,21,1,1769062780,2026-01-22 01:21:35
66dbe8d6-0aca-11e7-82f6-3863bb44ef7c,20,20,0,32,1,1769062779,2026-01-22 01:21:35
66de867e-0aca-11e7-82f6-3863bb44ef7c,3,0,3,30,1,1769062780,2026-01-22 01:21:35
47bcbcc1-9241-4e65-99f1-07c15543be1b,16,7,9,15,1,1769062779,2026-01-22 01:21:35
2f580cf9-14e2-4300-ba22-f6d88d0312a5,11,4,7,16,1,1769062777,2026-01-22 01:21:35
5dc8ddac-979e-4ae5-b879-3670cca7482d,7,2,5,13,1,1769062777,2026-01-22 01:21:35
1869439368558197224,5,3,2,17,1,1769062778,2026-01-22 01:21:35
fe93b3ae-1d86-4ee9-9eb6-9e11808966aa,6,3,3,14,1,1769062778,2026-01-22 01:21:35
66dc4b4c-0aca-11e7-82f6-3863bb44ef7c,9,7,2,49,1,1769062778,2026-01-22 01:21:35
1862008413697896912,2,1,1,19,1,1769062779,2026-01-22 01:21:35
5780ae63-54e5-48e3-a00c-9c403cb75401,7,1,6,15,1,1769062780,2026-01-22 01:21:35
1836581534415880440,3,2,1,23,1,1769062780,2026-01-22 01:21:35
55fda28d-56a8-4db2-b42a-072714f18471,18,1,17,0,1,1769062781,2026-01-22 01:21:35
1836581807397045112,2,1,1,22,1,1769062781,2026-01-22 01:21:35
122111c9-9a61-4372-a756-fb2495611cb6,16,15,1,0,1,1769062782,2026-01-22 01:21:35
66dde845-0aca-11e7-82f6-3863bb44ef7c,22,15,7,14,1,1769062779,2026-01-22 01:21:35
821b19c1-ab13-4482-9580-770288a377a7,0,0,0,40,1,1769062779,2026-01-22 01:21:35
b516fedb-3ced-4683-8c17-7e5f6dadf04d,30,8,22,2,1,1769062788,2026-01-22 01:21:35
648e09b6-95c2-40d3-9dac-a43f22eccf38,2,0,2,21,1,1769062788,2026-01-22 01:21:35
66dce567-0aca-11e7-82f6-3863bb44ef7c,4,1,3,16,1,1769062788,2026-01-22 01:21:35
66dc1beb-0aca-11e7-82f6-3863bb44ef7c,22,13,9,81,1,1769062788,2026-01-22 01:21:35
db29242d-6ff3-4e22-85fe-45fa3d03ec39,5,2,3,14,1,1769062788,2026-01-22 01:21:35
d3f51f51-7e51-4c75-8600-d76916608707,10,8,2,18,1,1769062788,2026-01-22 01:21:35
66de5ace-0aca-11e7-82f6-3863bb44ef7c,7,2,5,16,1,1769062785,2026-01-22 01:21:35
b94d0241-bce7-44a9-ab1c-ece0740a4134,18,10,8,0,1,1769062785,2026-01-22 01:21:35
9a40cb60-6ede-4c9e-9d64-dc55cae57f31,5,1,4,21,1,1769062785,2026-01-22 01:21:35
e4645d0d-8b76-4c46-b2b9-be25592e0659,15,7,8,9,1,1769062786,2026-01-22 01:21:35
344b52b0-73a9-4fe3-9132-23d0502dc0ae,6,2,4,12,1,1769062785,2026-01-22 01:21:35
c3d5f47f-cfc3-4c1f-86bb-bcf770d2949b,9,1,8,16,1,1769062783,2026-01-22 01:21:35
cd118a8f-a7d1-4b7a-a6d3-d9e875cb29df,19,14,5,5,1,1769062783,2026-01-22 01:21:35
9d95a4a9-bcfe-4189-bb7d-abd9992ecbaf,13,4,9,3,1,1769062784,2026-01-22 01:21:35
bfbd1f09-afd2-49d2-8674-3a07b3c929a4,17,6,11,6,1,1769062784,2026-01-22 01:21:35
62089e99-7f73-4f59-816d-57f9793484a1,10,10,0,9,1,1769062786,2026-01-22 01:21:35
66dc4599-0aca-11e7-82f6-3863bb44ef7c,22,19,3,1,1,1769062786,2026-01-22 01:21:35
cc834d78-6eca-450a-ae00-a5ffc6f1a7a6,15,0,15,0,1,1769062786,2026-01-22 01:21:35
d33261e6-600e-4756-ad03-a9facbd8ace1,12,1,11,10,1,1769062787,2026-01-22 01:21:35
1838070776953752336,2,1,1,20,1,1769062787,2026-01-22 01:21:35
1893542109140147108,7,3,4,13,1,1769062787,2026-01-22 01:21:35
1815968147129520346,1,1,0,21,1,1769062787,2026-01-22 01:21:35
66de4594-0aca-11e7-82f6-3863bb44ef7c,16,6,10,10,1,1769062787,2026-01-22 01:21:35
1860187181307969634,19,1,18,2,1,1769062789,2026-01-22 01:21:35
26176e86-8362-4c91-a693-6aa3f9ce0b73,12,10,2,7,1,1769062790,2026-01-22 01:21:35
66ddede1-0aca-11e7-82f6-3863bb44ef7c,24,11,15,7,1,1769062789,2026-01-22 01:21:35
66dc252e-0aca-11e7-82f6-3863bb44ef7c,34,13,21,0,1,1769062784,2026-01-22 01:21:35
66db7a71-0aca-11e7-82f6-3863bb44ef7c,9,6,3,29,1,1769062785,2026-01-22 01:21:35
66de5773-0aca-11e7-82f6-3863bb44ef7c,13,7,6,2,1,1769062785,2026-01-22 01:21:35
66de2b97-0aca-11e7-82f6-3863bb44ef7c,36,25,11,3,1,1769062784,2026-01-22 01:21:35
1828968794479100296,11,4,7,6,1,1769062784,2026-01-22 01:21:35
61bc2467-aa8c-4386-ba9e-3f01120bd6b8,2,2,0,22,1,1769062784,2026-01-22 01:21:35
66dd1585-0aca-11e7-82f6-3863bb44ef7c,38,2,36,1,1,1769062785,2026-01-22 01:21:35
28be450b-7878-4495-add2-61afd94f375a,17,8,9,0,1,1769062790,2026-01-22 01:21:35
59ad8f95-32a4-43de-b1c3-79c667b2d2df,1,1,0,26,1,1769062790,2026-01-22 01:21:35
85b77b8d-32b8-4049-a407-64319916e2c5,5,5,0,14,1,1769062790,2026-01-22 01:21:35
66dc2238-0aca-11e7-82f6-3863bb44ef7c,5,2,3,73,1,1769062790,2026-01-22 01:21:35
78b4aa30-e4e9-4447-9419-c89f8527892e,9,7,2,11,1,1769062790,2026-01-22 01:21:35
1875672501601550456,0,0,0,18,1,1769062792,2026-01-22 01:21:35
2127386446510160022,2,2,0,17,1,1769062792,2026-01-22 01:21:35
fd081854-3f37-420a-9785-ea63c09c12ad,1,1,0,18,1,1769062792,2026-01-22 01:21:35
88ee054e-bdeb-4305-8f3b-76eb964f2c84,3,2,1,11,1,1769062792,2026-01-22 01:21:35
18fcd2c1-dc8b-4a52-9f18-e9b9003bbea5,42,34,8,11,1,1769062792,2026-01-22 01:21:35
1947367330341251364,7,5,2,13,1,1769062792,2026-01-22 01:21:35
66db2fd0-0aca-11e7-82f6-3863bb44ef7c,3,2,1,27,1,1769062793,2026-01-22 01:21:35
062ffe5a-aa91-412d-8210-23d562c7e7f8,2,2,0,16,1,1769062793,2026-01-22 01:21:35
66db63f4-0aca-11e7-82f6-3863bb44ef7c,17,8,9,0,1,1769062793,2026-01-22 01:21:35
f91170e6-a33c-4870-94da-9d51510515d2,3,2,1,14,1,1769062793,2026-01-22 01:21:35
2126274308236524392,2,0,2,10,1,1769062766,2026-01-22 01:21:35
66db64d1-0aca-11e7-82f6-3863bb44ef7c,18,8,10,3,1,1769062794,2026-01-22 01:21:35
3d339282-d5c7-41ec-b634-6a988aefd440,2,0,2,15,1,1769062794,2026-01-22 01:21:35
4dcff9e7-7cb6-4d3d-ad67-c2e4c05933d3,8,3,5,14,1,1769062794,2026-01-22 01:21:35
1841240663447542046,12,7,5,5,1,1769062794,2026-01-22 01:21:35
550153a5-2ea1-4c76-b1cd-77667005f55d,16,4,12,11,1,1769062794,2026-01-22 01:21:35
1860188907884823208,1,0,1,19,1,1769062795,2026-01-22 01:21:35
1838999521825487230,19,0,19,0,1,1769062795,2026-01-22 01:21:35
4d79bdb9-7c35-4d35-9f6e-3c1b849c453a,12,11,1,29,1,1769062795,2026-01-22 01:21:35
2026068766494475116,31,26,5,1,1,1769062791,2026-01-22 01:21:35
141eb0e0-e78d-411a-a0be-202a6424cc93,15,4,11,11,1,1769062792,2026-01-22 01:21:35
594b4656-9d83-4301-8967-3b92c126531c,21,12,9,1,1,1769062795,2026-01-22 01:21:35
547cdccc-7864-4898-97c9-8798d924ef54,29,4,25,34,1,1769062791,2026-01-22 01:21:35
8fa2fafb-fa07-48b2-b159-bffbea7176d4,1,0,1,17,1,1769062791,2026-01-22 01:21:35
b62bcd96-c2db-447c-bdd5-d3c18f174858,6,0,6,10,1,1769062794,2026-01-22 01:21:35
66db2d2b-0aca-11e7-82f6-3863bb44ef7c,38,36,2,12,1,1769062794,2026-01-22 01:21:35
2f656bc4-7743-4326-8330-a22bd41d9d17,27,18,9,12,1,1769062796,2026-01-22 01:21:35
1954806962718223342,41,22,19,2,1,1769062796,2026-01-22 01:21:35
623c9658-5544-4254-847e-738763cf45a3,6,2,4,13,1,1769062797,2026-01-22 01:21:35
b4063b76-1abd-465c-96a4-45f6ee016bc5,3,2,1,13,1,1769062797,2026-01-22 01:21:35
66db3273-0aca-11e7-82f6-3863bb44ef7c,43,38,5,8,1,1769062798,2026-01-22 01:21:35
1843486464469891376,1,0,1,17,1,1769062798,2026-01-22 01:21:35
284b08f2-3d26-4f52-9463-25e4a07c16f7,16,4,12,9,1,1769062798,2026-01-22 01:21:35
66dc7cc3-0aca-11e7-82f6-3863bb44ef7c,17,8,9,20,1,1769062799,2026-01-22 01:21:35
1840540966407039246,18,2,16,2,1,1769062799,2026-01-22 01:21:35
3c135a2e-eeea-4e81-9c0a-8d14a6049198,12,6,6,7,1,1769062799,2026-01-22 01:21:35
a3e2b360-f050-48ea-b8c8-57d897b8f7fc,3,1,2,13,1,1769062799,2026-01-22 01:21:35
a2f71eea-05a2-4fe7-99ab-f74535c880ae,11,7,4,12,1,1769062800,2026-01-22 01:21:35
361dd964-db79-47dd-b044-eac88c735249,0,0,0,18,1,1769062800,2026-01-22 01:21:35
1869439561831725810,8,2,6,17,1,1769062796,2026-01-22 01:21:35
94f77501-32e5-4539-90c6-82d4198f7991,14,9,5,8,1,1769062797,2026-01-22 01:21:35
1860188194745712748,14,0,14,8,1,1769062797,2026-01-22 01:21:35
66dde197-0aca-11e7-82f6-3863bb44ef7c,9,8,1,32,1,1769062799,2026-01-22 01:21:35
eb41a103-0196-4f19-a440-256167191a7d,1,1,0,17,1,1769062799,2026-01-22 01:21:35
2743a950-3a1f-4a58-8fe0-f4105033e0e3,16,16,0,7,1,1769062800,2026-01-22 01:21:35
1828967607558607844,5,1,4,13,1,1769062800,2026-01-22 01:21:35
285ad3c2-3ffe-45bb-8765-9c20a69641a6,13,8,5,4,1,1769062817,2026-01-22 01:21:35
a58ff2e3-a5ae-4070-a26d-ddfe8cc6fc58,11,11,0,13,1,1769062817,2026-01-22 01:21:35
66db5c14-0aca-11e7-82f6-3863bb44ef7c,22,18,4,4,1,1769062817,2026-01-22 01:21:35
66db3606-0aca-11e7-82f6-3863bb44ef7c,0,0,0,0,0,1769062817,2026-01-22 01:21:35
66dea596-0aca-11e7-82f6-3863bb44ef7c,6,4,2,18,1,1769062817,2026-01-22 01:21:35
66dea894-0aca-11e7-82f6-3863bb44ef7c,44,30,14,5,1,1769062817,2026-01-22 01:21:35
1861682444178541220,24,1,23,11,1,1769062818,2026-01-22 01:21:35
66db69d0-0aca-11e7-82f6-3863bb44ef7c,26,15,11,7,1,1769062817,2026-01-22 01:21:35
66dea6e1-0aca-11e7-82f6-3863bb44ef7c,0,0,0,64,1,1769062818,2026-01-22 01:21:35
66dd448f-0aca-11e7-82f6-3863bb44ef7c,21,21,0,21,1,1769062818,2026-01-22 01:21:35
625711ba-3b5d-46a7-a8f9-7f4eb17ec1be,8,4,4,16,1,1769062815,2026-01-22 01:21:35
3eed817a-63e5-424b-8ed3-c809db5488f7,48,24,24,6,1,1769062816,2026-01-22 01:21:35
1828967830172187422,3,0,3,24,1,1769062816,2026-01-22 01:21:35
a0eec052-257a-4c79-8171-6e2ad9864ad0,18,5,13,11,1,1769062811,2026-01-22 01:21:35
66de5613-0aca-11e7-82f6-3863bb44ef7c,71,13,58,1,1,1769062811,2026-01-22 01:21:35
66de099d-0aca-11e7-82f6-3863bb44ef7c,21,15,6,16,1,1769062811,2026-01-22 01:21:35
2143247416766638978,13,12,1,31,1,1769062811,2026-01-22 01:21:35
6f21be51-6fde-4cde-b1db-b102a5f67300,19,1,18,2,1,1769062811,2026-01-22 01:21:35
5736cd70-be41-483e-8d82-721874f40e6e,7,6,1,12,1,1769062812,2026-01-22 01:21:35
1e3a16ff-65ba-4d34-b3c6-37aff44e085a,7,5,2,33,1,1769062812,2026-01-22 01:21:35
db41cc62-86ea-4421-bfaf-9b6511cfee10,0,0,0,30,1,1769062812,2026-01-22 01:21:35
1893622839585237496,32,11,21,40,1,1769062812,2026-01-22 01:21:35
66dbc551-0aca-11e7-82f6-3863bb44ef7c,0,0,0,51,1,1769062814,2026-01-22 01:21:35
1846085927885781554,10,0,10,11,1,1769062815,2026-01-22 01:21:35
66db44e5-0aca-11e7-82f6-3863bb44ef7c,17,5,12,22,1,1769062815,2026-01-22 01:21:35
79c4a612-a5df-4814-9e6b-6305da61ebc4,17,0,17,1,1,1769062815,2026-01-22 01:21:35
66db2afe-0aca-11e7-82f6-3863bb44ef7c,41,25,16,4,1,1769062815,2026-01-22 01:21:35
88e64257-298c-4b8d-8886-77b9b66dcec1,35,23,12,13,1,1769062813,2026-01-22 01:21:35
2687f2e1-3529-464d-82eb-e4f61440c563,0,0,0,17,1,1769062813,2026-01-22 01:21:35
1869753195262578852,4,1,3,14,1,1769062814,2026-01-22 01:21:35
1796642668661690940,13,1,12,8,1,1769062815,2026-01-22 01:21:35
f4f9a09c-010c-430c-a766-3390c44b4962,2,2,0,14,1,1769062818,2026-01-22 01:21:35
66dd2208-0aca-11e7-82f6-3863bb44ef7c,23,8,15,18,1,1769062818,2026-01-22 01:21:35
647a2a80-9630-41b0-9b91-1f464b0bf3cc,43,43,0,34,1,1769062818,2026-01-22 01:21:35
66dea674-0aca-11e7-82f6-3863bb44ef7c,4,2,2,16,1,1769062818,2026-01-22 01:21:35
341730d7-a61d-499d-8c07-fa015f644e54,58,49,9,23,1,1769062818,2026-01-22 01:21:35
1b985e4b-88de-42a8-95be-dce37dbbc5c5,8,0,8,15,1,1769062818,2026-01-22 01:21:35
1828967027013302842,9,3,6,9,1,1769062818,2026-01-22 01:21:35
2126579471787670468,12,5,7,8,1,1769062818,2026-01-22 01:21:35
44a80c48-c1a9-4ff1-92eb-6bf8be492f5e,11,9,2,11,1,1769062818,2026-01-22 01:21:35
66dbf4ac-0aca-11e7-82f6-3863bb44ef7c,25,15,10,19,1,1769062818,2026-01-22 01:21:35
66dcf0b3-0aca-11e7-82f6-3863bb44ef7c,0,0,0,27,1,1769062819,2026-01-22 01:21:35
66dc8b6a-0aca-11e7-82f6-3863bb44ef7c,35,1,34,14,1,1769062818,2026-01-22 01:21:35
66dd491c-0aca-11e7-82f6-3863bb44ef7c,12,9,3,22,1,1769062819,2026-01-22 01:21:35
cc758f1a-8b28-4ff5-bc75-fbe62c453378,4,1,3,16,1,1769062818,2026-01-22 01:21:35
9e5fd5b6-c5f2-4694-9406-a44b7d0146d9,30,18,13,6,1,1769062819,2026-01-22 01:21:35
66db316a-0aca-11e7-82f6-3863bb44ef7c,0,0,0,3,0,1769021019,2026-01-22 01:21:35
1954778813955578360,0,0,0,0,0,86400,2026-01-22 01:21:35
067d5007-bda5-4697-b0a2-ccc2837f295c,0,0,0,0,0,86400,2026-01-22 01:21:35
1906248765431831024,0,0,0,0,0,86400,2026-01-22 01:21:35
aa8fc8b7-b66c-41d9-9885-30b8af599378,0,0,0,0,0,86400,2026-01-22 01:21:35
2171904301452603832,0,0,0,0,0,86400,2026-01-22 01:21:35
2124037384760320326,0,0,0,0,0,86400,2026-01-22 01:21:35
1823008749757202820,15,3,12,7,1,1769062698,2026-01-22 01:21:35
1879859065051787718,20,16,4,0,1,1769062698,2026-01-22 01:21:35
66dbea8d-0aca-11e7-82f6-3863bb44ef7c,25,11,14,23,1,1769062705,2026-01-22 01:21:35
66de1580-0aca-11e7-82f6-3863bb44ef7c,10,10,0,26,1,1769062706,2026-01-22 01:21:35
0f9423bd-98dd-4919-b6e3-28880ff7ecca,4,3,1,14,1,1769062706,2026-01-22 01:21:35
66dbce8a-0aca-11e7-82f6-3863bb44ef7c,48,19,29,13,1,1769062704,2026-01-22 01:21:35
a6287af0-9a9e-4708-b61f-8e758be4b914,11,6,5,9,1,1769062699,2026-01-22 01:21:35
8cb0375d-bcb2-4c90-9773-41c3c8fdf8d8,45,30,15,35,1,1769062702,2026-01-22 01:21:35
91ca68bd-5ac1-470b-a26d-1ec98ea9cca4,21,4,17,4,1,1769062702,2026-01-22 01:21:35
1791472201147965920,0,0,0,61,1,1769062702,2026-01-22 01:21:35
66dc73b0-0aca-11e7-82f6-3863bb44ef7c,35,29,6,1,1,1769062702,2026-01-22 01:21:35
1835249964093653018,1,0,1,22,1,1769062701,2026-01-22 01:21:35
c05cd2e2-74e8-4526-a62b-d631e005fdd8,26,3,23,2,1,1769062701,2026-01-22 01:21:35
66de6100-0aca-11e7-82f6-3863bb44ef7c,21,0,21,10,1,1769062699,2026-01-22 01:21:35
66de1448-0aca-11e7-82f6-3863bb44ef7c,1,0,1,25,1,1769062704,2026-01-22 01:21:35
533f25a0-514f-456f-9d87-5fdcb4ee42f4,5,4,1,13,1,1769062705,2026-01-22 01:21:35
5cb3a92d-f284-477c-bf63-ea72d24e8a7d,13,3,10,4,1,1769062700,2026-01-22 01:21:35
66dded11-0aca-11e7-82f6-3863bb44ef7c,25,10,15,11,1,1769062700,2026-01-22 01:21:35
3bfc859b-5c5f-43bc-b2e7-b64ed8ea9ede,7,0,7,12,1,1769062630,2026-01-22 01:21:35
05b9e7cd-f3a2-4d48-b7c4-f5fbe09d9de3,8,0,8,19,1,1769062709,2026-01-22 01:21:35
66de2201-0aca-11e7-82f6-3863bb44ef7c,15,12,3,16,1,1769062709,2026-01-22 01:21:35
e6a32ec8-fc8b-4ed6-93a2-3ace3921b89d,12,12,0,12,1,1769062707,2026-01-22 01:21:35
bfea6c5b-2e1a-42c5-8199-2ded6042d57b,3,0,3,22,1,1769062708,2026-01-22 01:21:35
66dd8bd9-0aca-11e7-82f6-3863bb44ef7c,14,11,3,11,1,1769062710,2026-01-22 01:21:35
66dc7b10-0aca-11e7-82f6-3863bb44ef7c,0,0,0,73,1,1769062710,2026-01-22 01:21:35
1820420129807491554,17,1,16,0,1,1769062710,2026-01-22 01:21:35
1882736039096477712,17,14,3,21,1,1769062712,2026-01-22 01:21:35
b1f67e5c-7c26-4bf3-a90e-1500a3160d60,7,0,7,16,1,1769062712,2026-01-22 01:21:35
eef98eb6-f550-49f9-a910-4d2863e6a591,5,5,0,15,1,1769062711,2026-01-22 01:21:35
6a671276-d345-4a4c-a7df-98f5dbb19e4c,5,2,3,15,1,1769062711,2026-01-22 01:21:35
9341ee1c-d456-4858-a451-70cbbd73d084,6,0,6,20,1,1769062701,2026-01-22 01:21:35
fbb2d76c-1d47-4fb1-9c07-622fcace38a5,22,0,22,5,1,1769062701,2026-01-22 01:21:35
1862788101231526152,16,7,9,14,1,1769062712,2026-01-22 01:21:35
b94cc90e-9ca2-4471-8371-23be051e0157,0,0,0,75,1,1769062713,2026-01-22 01:21:35
a4368364-fa79-493c-8478-1d3471a6077f,46,28,18,30,1,1769062713,2026-01-22 01:21:35
9790606b-a00d-4d5e-b6ec-abd11c9d25b3,0,0,0,17,1,1769062713,2026-01-22 01:21:35
6c3b486e-603c-4158-91ac-adc06ac01535,6,0,6,19,1,1769062714,2026-01-22 01:21:35
af626e61-9f83-4602-a9b1-038b1c1430e6,14,3,11,0,1,1769062716,2026-01-22 01:21:35
bf093f72-1d8d-44ae-91b5-e36958a27976,3,0,3,16,1,1769062717,2026-01-22 01:21:35
66dc1545-0aca-11e7-82f6-3863bb44ef7c,12,3,9,11,1,1769062716,2026-01-22 01:21:35
66db6aae-0aca-11e7-82f6-3863bb44ef7c,32,24,8,51,1,1769062718,2026-01-22 01:21:35
66dde079-0aca-11e7-82f6-3863bb44ef7c,24,18,6,20,1,1769062715,2026-01-22 01:21:35
27c71510-d515-4add-b660-6efd6f225cd1,24,19,5,1,1,1769062714,2026-01-22 01:21:35
1835250318514342456,9,1,8,18,1,1769062719,2026-01-22 01:21:35
66de20c8-0aca-11e7-82f6-3863bb44ef7c,8,8,0,22,1,1769062720,2026-01-22 01:21:35
9e3603ee-2b7d-4147-a7b5-48bbd778902c,20,18,2,40,1,1769062720,2026-01-22 01:21:35
7d455e9a-20b4-4b03-8248-0d982fdfa21b,1,1,0,20,1,1769062723,2026-01-22 01:21:35
1828968199249922252,2,2,0,18,1,1769062723,2026-01-22 01:21:35
1ddadf67-ae08-4e86-bdda-236629b9eabd,19,7,12,6,1,1769062723,2026-01-22 01:21:35
c83e1ef5-776e-417e-8ee2-d08ca121f884,9,9,0,18,1,1769062724,2026-01-22 01:21:35
72196024-6f2b-45cb-9764-609911c7dc0b,17,10,7,31,1,1769062722,2026-01-22 01:21:35
a35d03cf-bd72-4da4-a4ac-bd25b3f8dce3,14,11,3,4,1,1769062722,2026-01-22 01:21:35
d5ca6311-7471-480f-9c79-38baaafe34ba,19,1,18,9,1,1769062725,2026-01-22 01:21:35
66db3f01-0aca-11e7-82f6-3863bb44ef7c,41,25,16,6,1,1769062728,2026-01-22 01:21:35
1846086768160082632,4,0,4,20,1,1769062728,2026-01-22 01:21:35
1828966882896859944,0,0,0,17,1,1769062729,2026-01-22 01:21:35
40042fb4-6ddd-4f74-bb52-5af3e4e08c8d,15,0,15,7,1,1769062729,2026-01-22 01:21:35
cbcbd880-9662-4ab1-b530-781bb101ed1f,3,1,2,12,1,1769062731,2026-01-22 01:21:35
66dd49eb-0aca-11e7-82f6-3863bb44ef7c,3,0,3,26,1,1769062726,2026-01-22 01:21:35
84b30f68-5404-453a-ae86-a2baff03a2c9,2,1,1,13,1,1769062726,2026-01-22 01:21:35
e35494b4-5811-4d2a-87de-4430e56bce2d,2,2,0,18,1,1769062726,2026-01-22 01:21:35
66dd1ad8-0aca-11e7-82f6-3863bb44ef7c,6,0,6,17,1,1769062726,2026-01-22 01:21:35
1869754004195029842,1,1,0,20,1,1769062726,2026-01-22 01:21:35
66dcf897-0aca-11e7-82f6-3863bb44ef7c,2,0,2,27,1,1769062728,2026-01-22 01:21:35
66dc78c4-0aca-11e7-82f6-3863bb44ef7c,46,23,23,16,1,1769062729,2026-01-22 01:21:35
38975061-0d90-43a3-87c1-8905b374d5d9,11,0,11,13,1,1769062730,2026-01-22 01:21:35
3bf91ca1-14fd-4e51-858e-36a203f1af2a,5,5,0,12,1,1769062730,2026-01-22 01:21:35
66dc209c-0aca-11e7-82f6-3863bb44ef7c,59,35,24,5,1,1769062730,2026-01-22 01:21:35
ed1199e4-d9a6-4d9e-8c81-62bcd7510a11,12,11,1,17,1,1769062726,2026-01-22 01:21:35
66db3cab-0aca-11e7-82f6-3863bb44ef7c,24,16,8,6,1,1769062729,2026-01-22 01:21:35
6067af3d-f7ed-4149-a394-2fc2eb295872,56,18,38,1,1,1769062735,2026-01-22 01:21:35
0e82ab9f-8c93-4302-b9df-342f8135a05c,20,0,20,0,1,1769062735,2026-01-22 01:21:35
1989279523593928720,102,71,31,8,1,1769062735,2026-01-22 01:21:35
1b28836b-29fd-47a7-9a98-44cd792918fb,14,0,14,34,1,1769062735,2026-01-22 01:21:35
cdb6e2aa-4da3-4ed7-9b13-ce626addf6b0,22,15,7,28,1,1769062733,2026-01-22 01:21:35
943be327-0320-4ae1-8eb0-8a56f86a4fb6,4,0,4,20,1,1769062734,2026-01-22 01:21:35
160e21da-6dd2-47ff-8385-e13c8cdce4fa,22,0,22,2,1,1769062734,2026-01-22 01:21:35
1d8e51b0-8131-4c1f-93fb-f04952c157c0,1,0,1,26,1,1769062737,2026-01-22 01:21:35
b6a4770e-9077-4a0e-a0fb-b45b1d457559,50,38,12,7,1,1769062737,2026-01-22 01:21:35
138094a0-cd7d-4014-9b21-4fb2afd3980e,7,2,5,18,1,1769062735,2026-01-22 01:21:35
acfeadeb-73bb-4ec3-b809-78675b01af74,3,2,1,17,1,1769062736,2026-01-22 01:21:35
66de1af4-0aca-11e7-82f6-3863bb44ef7c,23,21,2,12,1,1769062736,2026-01-22 01:21:35
c2291f8e-3b07-4671-82af-2b947825de4a,36,21,15,26,1,1769062733,2026-01-22 01:21:35
2126274178538511162,9,1,8,2,1,1769062731,2026-01-22 01:21:35
dba67615-a7e0-4c44-ab1b-b464033ec9b9,12,8,4,7,1,1769062731,2026-01-22 01:21:35
c0b541ae-9e66-4739-babb-483180747dc2,3,0,3,15,1,1769062732,2026-01-22 01:21:35
faf021ad-9de5-44bd-b7f5-48127e8d5fea,22,1,21,1,1,1769062742,2026-01-22 01:21:35
66dd1b65-0aca-11e7-82f6-3863bb44ef7c,36,26,10,20,1,1769062742,2026-01-22 01:21:35
141ba25c-f4ea-4cec-ae7e-022401e23087,0,0,0,13,1,1769062742,2026-01-22 01:21:35
6f484a9d-c535-451e-a18f-f3afdc0a27af,29,6,23,10,1,1769062742,2026-01-22 01:21:35
1877651952425321214,5,0,5,10,1,1769062743,2026-01-22 01:21:35
403c310e-26d5-4db5-9928-13c38b25053d,5,5,0,17,1,1769062741,2026-01-22 01:21:35
39112ced-337f-4b71-9df6-291cd4265cc9,18,0,18,4,1,1769062741,2026-01-22 01:21:35
66de07ec-0aca-11e7-82f6-3863bb44ef7c,21,0,21,4,1,1769062742,2026-01-22 01:21:35
97bcf094-ad77-4743-9c94-832c7300c090,11,3,8,5,1,1769062740,2026-01-22 01:21:35
99d149f9-ad40-461e-beea-fcbf086f9b5a,27,20,7,38,1,1769062740,2026-01-22 01:21:35
0183d7d4-9e11-4429-94db-666a31239871,12,1,11,13,1,1769062739,2026-01-22 01:21:35
1857217122161783302,23,4,19,6,1,1769062739,2026-01-22 01:21:35
581d8683-c217-4f96-89cb-b5a94d780b83,0,0,0,76,1,1769062740,2026-01-22 01:21:35
6fcad2af-c3e2-47a4-8942-023ae4047e67,13,9,4,5,1,1769062740,2026-01-22 01:21:35
2053884382031338034,4,1,3,39,1,1769062738,2026-01-22 01:21:35
1814900353536621062,25,9,16,3,1,1769062738,2026-01-22 01:21:35
1836581714456697424,5,0,5,18,1,1769062738,2026-01-22 01:21:35
1828969417249358046,7,2,5,12,1,1769062739,2026-01-22 01:21:35
1786696251091417274,27,15,12,8,1,1769062743,2026-01-22 01:21:35
ad037fe2-4a28-4b55-863c-229aada0b43a,7,1,6,12,1,1769062743,2026-01-22 01:21:35
42bf7170-61ab-44a0-aafe-1b89d7271718,13,7,6,16,1,1769062743,2026-01-22 01:21:35
30a75e12-5327-48f0-8155-3925aa934054,7,6,1,10,1,1769062744,2026-01-22 01:21:35
add829db-2feb-4e81-af61-056791a6e53b,8,8,0,22,1,1769062739,2026-01-22 01:21:35
1823008917260927616,16,5,11,7,1,1769062747,2026-01-22 01:21:35
7a701539-2c10-4abe-803f-525785ebb7fb,7,1,6,14,1,1769062748,2026-01-22 01:21:35
9dde927d-9984-4f97-bcd0-fbcb59e6ca66,12,1,11,5,1,1769062748,2026-01-22 01:21:35
98af0e1d-ea33-4c6e-95fe-97846e81081e,13,12,1,6,1,1769062748,2026-01-22 01:21:35
66de5a47-0aca-11e7-82f6-3863bb44ef7c,15,2,13,14,1,1769062745,2026-01-22 01:21:35
35915f48-31c5-499a-b845-2ca2fb541904,18,0,18,23,1,1769062745,2026-01-22 01:21:35
1786698158713921798,19,3,16,22,1,1769062749,2026-01-22 01:21:35
a11a0000-19cf-4053-b3a1-3a5886d7446c,24,7,17,16,1,1769062749,2026-01-22 01:21:35
079b5a90-1d2b-40b2-b1e9-71c075f16b89,8,5,3,9,1,1769062749,2026-01-22 01:21:35
1860187692409078310,9,5,4,14,1,1769062749,2026-01-22 01:21:35
66de2625-0aca-11e7-82f6-3863bb44ef7c,29,9,20,3,1,1769062749,2026-01-22 01:21:35
66ddb7bf-0aca-11e7-82f6-3863bb44ef7c,14,14,0,33,1,1769062750,2026-01-22 01:21:35
65e7908a-a73e-4f8e-9967-0d0677f62bc4,14,5,9,7,1,1769062750,2026-01-22 01:21:35
5b0b689f-9bd2-4743-b4cc-d4629a9a709b,17,2,15,5,1,1769062749,2026-01-22 01:21:35
2a47ef14-1cbe-4ec6-841d-cc277627fe20,16,14,2,13,1,1769062750,2026-01-22 01:21:35
30d6520e-b612-4240-a9ff-eec12b02b263,9,4,5,9,1,1769062749,2026-01-22 01:21:35
4cd5a87d-7618-4a15-892d-8cf29eec865c,17,4,13,1,1,1769062750,2026-01-22 01:21:35
531e6d94-5f4c-4ef0-9c83-47191be9d8f9,6,5,1,12,1,1769062746,2026-01-22 01:21:35
026fd07d-d810-45dc-9237-a3d84dce4fa9,12,1,11,10,1,1769062746,2026-01-22 01:21:35
56e18295-f760-4bf3-8aa3-5a1e4ebf606f,8,3,5,13,1,1769062749,2026-01-22 01:21:35
1860187301567054286,10,8,2,8,1,1769062749,2026-01-22 01:21:35
66db9845-0aca-11e7-82f6-3863bb44ef7c,53,41,12,3,1,1769062747,2026-01-22 01:21:35
66de5d57-0aca-11e7-82f6-3863bb44ef7c,0,0,0,22,1,1769062752,2026-01-22 01:21:35
2e74ea1d-02a0-47bf-9665-dce2d65de8d7,43,25,18,3,1,1769062752,2026-01-22 01:21:35
74a1dc19-f894-4246-99f1-476a92452995,5,5,0,21,1,1769062752,2026-01-22 01:21:35
6853d09a-cbd8-4378-bc23-02e8bba0b4da,1,1,0,21,1,1769062755,2026-01-22 01:21:35
016ee47a-4871-4209-91cb-bf3ceeddc991,4,3,1,14,1,1769062755,2026-01-22 01:21:35
66db3a1e-0aca-11e7-82f6-3863bb44ef7c,4,3,1,14,1,1769062754,2026-01-22 01:21:35
66db2953-0aca-11e7-82f6-3863bb44ef7c,49,2,47,0,1,1769062754,2026-01-22 01:21:35
8f9ce302-2a6d-443c-8fe0-625b20021ea2,10,0,10,12,1,1769062754,2026-01-22 01:21:35
4223f276-a4d4-45e0-b914-67f5ef1e81ba,10,3,7,14,1,1769062754,2026-01-22 01:21:35
4e1a13af-1c3b-48f2-8586-5edceea97d61,1,1,0,18,1,1769062754,2026-01-22 01:21:35
66db3aa3-0aca-11e7-82f6-3863bb44ef7c,36,35,1,15,1,1769062751,2026-01-22 01:21:35
9157a3bc-43fa-4221-8bb8-17273fc09540,23,15,8,1,1,1769062751,2026-01-22 01:21:35
8c700e85-cfdb-4eef-ba49-53bd69c004ed,9,3,6,10,1,1769062751,2026-01-22 01:21:35
88bf1344-354f-4699-bdbd-1c2584fc41ee,27,7,20,8,1,1769062756,2026-01-22 01:21:35
20f3a578-4dfa-45ca-a917-b394d77ee08e,12,0,12,16,1,1769062756,2026-01-22 01:21:35
9e99abca-c679-4788-9a4e-39066660bd6a,2,2,0,15,1,1769062755,2026-01-22 01:21:35
1869754328201607270,5,3,2,11,1,1769062754,2026-01-22 01:21:35
77a498ea-5693-46cc-a4b1-6e428f574797,21,4,17,3,1,1769062755,2026-01-22 01:21:35
d5788cfa-817e-4b65-b43f-edda222a3c3c,11,6,5,13,1,1769062753,2026-01-22 01:21:35
66db29e6-0aca-11e7-82f6-3863bb44ef7c,15,8,7,2,1,1769062753,2026-01-22 01:21:35
e15a5c77-70b0-4b9d-9eae-f10ddda7d994,2,2,0,21,1,1769062753,2026-01-22 01:21:35
16cbe771-8fca-4437-b9d2-374e00da6c3a,16,7,9,7,1,1769062753,2026-01-22 01:21:35
89171660-8cef-443f-8f75-67503532d1ce,17,7,10,1,1,1769062753,2026-01-22 01:21:35
01f01352-50d4-484e-a611-576b18ac373a,30,2,28,2,1,1769062753,2026-01-22 01:21:35
1835246815877178358,8,1,7,12,1,1769062751,2026-01-22 01:21:35
6db97fde-68ae-4d2b-b121-b7c17838bbe7,0,0,0,17,1,1769062758,2026-01-22 01:21:35
66dcf394-0aca-11e7-82f6-3863bb44ef7c,4,4,0,27,1,1769062757,2026-01-22 01:21:35
b1f3eb8c-07f9-479f-a8ab-f04e094bc7d0,12,6,6,8,1,1769062757,2026-01-22 01:21:35
16e17ca1-b2dc-47d0-8c8b-199cb4736fe7,11,7,4,8,1,1769062758,2026-01-22 01:21:35
5f0aa684-a1c5-4119-827f-7860f1cd4ccd,11,7,4,12,1,1769062758,2026-01-22 01:21:35
dfe2c398-ff5c-4a8d-83c8-fa18801540d8,11,0,11,16,1,1769062758,2026-01-22 01:21:35
3134bce7-0bb9-4a45-9c87-60a8cb681d72,10,4,6,6,1,1769062758,2026-01-22 01:21:35
c702c094-b08f-449d-a41d-b3724f147491,7,4,3,14,1,1769062758,2026-01-22 01:21:35
66dbe250-0aca-11e7-82f6-3863bb44ef7c,2,2,0,15,1,1769062760,2026-01-22 01:21:35
1c82b223-42ba-4d15-8e8a-bd8ae2a57cde,7,5,2,8,1,1769062761,2026-01-22 01:21:35
653ba606-f397-41e6-adc4-f775bf2d0c9f,14,2,12,8,1,1769062761,2026-01-22 01:21:35
b5010362-af16-4357-8fb7-5958576954c0,11,4,7,17,1,1769062761,2026-01-22 01:21:35
66dc91b5-0aca-11e7-82f6-3863bb44ef7c,15,1,14,28,1,1769062759,2026-01-22 01:21:35
311269f4-53dc-4f83-b26b-ecb6e8e160ed,2,1,1,16,1,1769062759,2026-01-22 01:21:35
66dbc8f5-0aca-11e7-82f6-3863bb44ef7c,54,31,23,16,1,1769062759,2026-01-22 01:21:35
d56a8542-048a-4aca-ac7f-f27a9e6c908b,10,4,6,16,1,1769062759,2026-01-22 01:21:35
2126624772423916318,7,2,5,2,1,1769062759,2026-01-22 01:21:35
66db8fde-0aca-11e7-82f6-3863bb44ef7c,32,20,12,20,1,1769062756,2026-01-22 01:21:35
ab692d1f-5a4a-4fff-b929-013c3a7e8a98,3,2,1,15,1,1769062757,2026-01-22 01:21:35
30985a9c-afe4-4b98-a72c-2c72bb35603e,8,6,2,9,1,1769062761,2026-01-22 01:21:35
96a4da57-107a-43d1-8828-4749d5555461,8,1,7,22,1,1769062761,2026-01-22 01:21:35
1975518396279321266,47,43,4,26,1,1769062766,2026-01-22 01:21:35
66de4408-0aca-11e7-82f6-3863bb44ef7c,16,5,11,5,1,1769062766,2026-01-22 01:21:35
b90574d1-e9e7-45be-8adb-e38cb285fea5,3,3,0,14,1,1769062766,2026-01-22 01:21:35
ff2869f0-4381-4cf3-863e-a0d776ec53b4,65,29,36,23,1,1769062767,2026-01-22 01:21:35
66ddb41c-0aca-11e7-82f6-3863bb44ef7c,24,17,7,8,1,1769062761,2026-01-22 01:21:35
7dcc5a03-5997-4250-9207-fa8b6f027c86,14,3,11,12,1,1769062761,2026-01-22 01:21:35
876683ce-9bce-4fad-8d1c-6b331fa07b5c,42,12,30,2,1,1769062762,2026-01-22 01:21:35
1900647078394106472,4,0,4,14,1,1769062762,2026-01-22 01:21:35
1817627670084542818,10,3,7,12,1,1769062766,2026-01-22 01:21:35
1862787990429630662,2,2,0,16,1,1769062767,2026-01-22 01:21:35
1838617691511229014,1,0,1,21,1,1769062767,2026-01-22 01:21:35
18267c09-1916-48d8-951c-caf88c89edd1,4,3,1,11,1,1769062767,2026-01-22 01:21:35
66de1f17-0aca-11e7-82f6-3863bb44ef7c,24,24,0,8,1,1769062768,2026-01-22 01:21:35
66dd2556-0aca-11e7-82f6-3863bb44ef7c,40,22,18,0,1,1769062762,2026-01-22 01:21:35
2af3ecc3-4f43-468a-a7cc-bb4804ee3e7a,7,6,1,45,1,1769062762,2026-01-22 01:21:35
66db6cd4-0aca-11e7-82f6-3863bb44ef7c,31,12,19,20,1,1769062762,2026-01-22 01:21:35
c1c33a35-751f-4dd6-baef-82db46f7ab46,4,2,2,29,1,1769062763,2026-01-22 01:21:35
c38e2cfc-04e6-419c-8bf8-d8713ccf6ea7,49,7,42,4,1,1769062763,2026-01-22 01:21:35
c1144380-c1ac-4315-9b1a-4b4e870ac688,4,0,4,15,1,1769062763,2026-01-22 01:21:35
09b00240-4c2a-4900-9d09-f13344461c02,16,12,4,1,1,1769062763,2026-01-22 01:21:35
0f51cb84-e386-44ac-947f-a969f7617d17,22,9,13,0,1,1769062764,2026-01-22 01:21:35
66de871c-0aca-11e7-82f6-3863bb44ef7c,4,4,0,54,1,1769062757,2026-01-22 01:21:35
66dbc982-0aca-11e7-82f6-3863bb44ef7c,5,5,0,103,1,1769062765,2026-01-22 01:21:35
344064f8-e82f-40fb-b235-aff506b77ae5,4,1,3,24,1,1769062768,2026-01-22 01:21:35
1843486757863039016,16,5,11,2,1,1769062768,2026-01-22 01:21:35
1861681435029604706,18,10,8,4,1,1769062768,2026-01-22 01:21:35
66db4158-0aca-11e7-82f6-3863bb44ef7c,37,32,5,1,1,1769062769,2026-01-22 01:21:35
74e104fb-1ddc-4f3e-a60b-220b6c4f300b,2,0,2,14,1,1769062772,2026-01-22 01:21:35
72796825-88b1-43a0-bb6d-2b41d337b1fc,23,10,13,8,1,1769062771,2026-01-22 01:21:35
66dbe4db-0aca-11e7-82f6-3863bb44ef7c,46,40,6,36,1,1769062772,2026-01-22 01:21:35
66de4c32-0aca-11e7-82f6-3863bb44ef7c,14,0,14,10,1,1769062774,2026-01-22 01:21:35
1817432606668538118,12,9,3,13,1,1769062775,2026-01-22 01:21:35
66dbf667-0aca-11e7-82f6-3863bb44ef7c,60,28,32,7,1,1769062765,2026-01-22 01:21:35
facb0195-8daa-46e3-95e1-6f22fb678e8a,0,0,0,19,1,1769062765,2026-01-22 01:21:35
10c13fe2-34cb-4aff-bea1-4f5ce877769b,9,3,6,7,1,1769062764,2026-01-22 01:21:35
05969d95-8a64-4007-abf1-afb847f2d426,6,1,5,16,1,1769062764,2026-01-22 01:21:35
454b4a83-d0b1-42a2-8163-261e2a9d6ab9,8,8,0,68,1,1769062764,2026-01-22 01:21:35
aba6e644-3ac8-4cdc-9bc6-763e9d82dee9,12,1,11,10,1,1769062775,2026-01-22 01:21:35
7e7d974c-a6ec-4d9a-b4ed-01a4d2056d8b,1,0,1,18,1,1769062775,2026-01-22 01:21:35
cd4b8e12-b2c7-479b-900d-59cf7d8c4276,11,2,9,4,1,1769062769,2026-01-22 01:21:35
dcdaa64b-4d2c-4017-bfb9-da25924f851d,6,4,2,15,1,1769062801,2026-01-22 01:21:35
9789dc0f-1eb6-4830-bda9-1ce5f1413e19,3,3,0,14,1,1769062801,2026-01-22 01:21:35
1835249854657874848,4,0,4,13,1,1769062801,2026-01-22 01:21:35
1836581628905160976,8,5,3,13,1,1769062802,2026-01-22 01:21:35
a04bf523-3c76-4fad-88bf-e99037f9b796,10,2,8,9,1,1769062802,2026-01-22 01:21:35
d873e463-2dc9-4bf8-86c7-fea8ddaa3a9f,2,1,1,14,1,1769062802,2026-01-22 01:21:35
66dcbefb-0aca-11e7-82f6-3863bb44ef7c,15,8,7,2,1,1769062802,2026-01-22 01:21:35
b200a8bf-2d79-4511-9a16-ac41e7245622,20,0,20,3,1,1769062805,2026-01-22 01:21:35
918af7b2-e05c-477a-a8c0-7dcff984c566,7,0,7,32,1,1769062805,2026-01-22 01:21:35
66dcc65c-0aca-11e7-82f6-3863bb44ef7c,11,9,2,3,1,1769062806,2026-01-22 01:21:35
daaa3ac1-594c-48d2-9431-a8ced305ed5a,2,2,0,16,1,1769062803,2026-01-22 01:21:35
66dd40dd-0aca-11e7-82f6-3863bb44ef7c,3,1,2,26,1,1769062803,2026-01-22 01:21:35
66dbc6ae-0aca-11e7-82f6-3863bb44ef7c,25,18,7,36,1,1769062803,2026-01-22 01:21:35
2123940513700131194,9,4,5,4,1,1769062687,2026-01-22 01:21:35
66dcbdc2-0aca-11e7-82f6-3863bb44ef7c,4,2,2,17,1,1769062803,2026-01-22 01:21:35
e7739b9e-7cc6-4cbb-98d3-669b8e2ae98b,8,1,7,14,1,1769062805,2026-01-22 01:21:35
66db30e0-0aca-11e7-82f6-3863bb44ef7c,3,3,0,88,1,1769062805,2026-01-22 01:21:35
66dcca76-0aca-11e7-82f6-3863bb44ef7c,1,1,0,21,1,1769062789,2026-01-22 01:21:35
16280b32-7e5b-4a18-930b-212eac10faaa,2,0,2,17,1,1769062805,2026-01-22 01:21:35
1828968611856235508,2,2,0,17,1,1769062804,2026-01-22 01:21:35
e24cb64d-10c2-48db-9440-59e63c0f1c95,13,0,13,11,1,1769062804,2026-01-22 01:21:35
88c1303b-3349-4591-bf08-c7e40cf3537a,14,3,11,31,1,1769062804,2026-01-22 01:21:35
b3a9057e-7ff6-4117-b96e-e71c173cf1e9,9,2,7,8,1,1769062804,2026-01-22 01:21:35
8df41833-c7bf-4171-bdab-58d64f6ade54,21,3,18,0,1,1769062803,2026-01-22 01:21:35
eb6c2359-4825-4bf4-8f2d-8b6dd2bf4212,32,26,6,5,1,1769062803,2026-01-22 01:21:35
17aeb1e3-fd18-4cf9-9473-17dfa5b0a312,16,15,1,7,1,1769062804,2026-01-22 01:21:35
1794096976946852066,47,42,5,17,1,1769062804,2026-01-22 01:21:35
1875413335585534272,2,1,1,19,1,1769062804,2026-01-22 01:21:35
2126622876727162948,7,2,5,4,1,1769062805,2026-01-22 01:21:35
c5861c24-5ac1-41df-82f1-31748d03e868,64,49,15,0,1,1769062785,2026-01-22 01:21:35
9e9acfaf-0bbf-4bc2-a825-b2befb6bee55,27,14,13,5,1,1769062785,2026-01-22 01:21:35
66de1b5b-0aca-11e7-82f6-3863bb44ef7c,4,4,0,21,1,1769062786,2026-01-22 01:21:35
8603535e-0d7a-4c5b-ae77-27b9f5770bfa,16,14,2,9,1,1769062786,2026-01-22 01:21:35
1960020540642077008,37,31,6,10,1,1769062786,2026-01-22 01:21:35
66dbf442-0aca-11e7-82f6-3863bb44ef7c,38,18,20,40,1,1769062786,2026-01-22 01:21:35
1860189426558126796,11,2,9,10,1,1769062786,2026-01-22 01:21:35
febf420f-bbec-4044-a3af-69959e018ccb,21,21,0,0,1,1769062786,2026-01-22 01:21:35
1882735162923150168,23,6,17,2,1,1769062769,2026-01-22 01:21:35
66dd42eb-0aca-11e7-82f6-3863bb44ef7c,3,3,0,57,1,1769062769,2026-01-22 01:21:35
66de2131-0aca-11e7-82f6-3863bb44ef7c,2,0,2,32,1,1769062773,2026-01-22 01:21:35
ab40ffde-f331-4194-adab-cb8c60b63f28,6,3,3,19,1,1769062773,2026-01-22 01:21:35
1431ec5c-242d-401b-b672-dbf95155999b,5,4,1,13,1,1769062773,2026-01-22 01:21:35
308e055a-b8aa-447d-8803-8677c88af0ba,4,0,4,16,1,1769062774,2026-01-22 01:21:35
ab79da3d-f92a-42de-a76d-e05b5d7e724c,4,3,1,10,1,1769062770,2026-01-22 01:21:35
66f68197-4897-4576-896a-48e0312104c5,13,9,4,13,1,1769062771,2026-01-22 01:21:35
1945125793810207148,10,5,5,7,1,1769062770,2026-01-22 01:21:35
b9970fb5-176c-4a66-8772-6d76c4b6245a,4,0,4,14,1,1769062784,2026-01-22 01:21:35
1851955603137491568,31,0,31,0,1,1769062784,2026-01-22 01:21:35
66de27da-0aca-11e7-82f6-3863bb44ef7c,12,10,2,9,1,1769062784,2026-01-22 01:21:35
a381b37a-a928-4834-87ee-da9922cb3b3d,11,4,7,21,1,1769062783,2026-01-22 01:21:35
66db237e-0aca-11e7-82f6-3863bb44ef7c,24,15,10,28,1,1769062783,2026-01-22 01:21:35
36ddce8f-bd83-4a05-b601-b526fb4d8628,3,2,1,16,1,1769062783,2026-01-22 01:21:35
c7be2714-14db-421f-a19e-f6a7bf6e8d26,8,6,2,14,1,1769062783,2026-01-22 01:21:35
66dd9213-0aca-11e7-82f6-3863bb44ef7c,21,18,3,22,1,1769062783,2026-01-22 01:21:35
66dbf73d-0aca-11e7-82f6-3863bb44ef7c,29,21,8,6,1,1769062783,2026-01-22 01:21:35
dd8627c8-4190-4a30-8758-e77a7b010437,13,6,7,32,1,1769062784,2026-01-22 01:21:35
db02e1ea-acc1-4f45-8e3c-d37468b0b5a6,7,4,3,11,1,1769062782,2026-01-22 01:21:35
bd318c15-5c3d-4e72-9837-3b4bd37707e0,0,0,0,18,1,1769062782,2026-01-22 01:21:35
1929513834381415014,8,4,4,12,1,1769062782,2026-01-22 01:21:35
66dc28bd-0aca-11e7-82f6-3863bb44ef7c,2,2,0,54,1,1769062782,2026-01-22 01:21:35
66dd470b-0aca-11e7-82f6-3863bb44ef7c,31,20,11,14,1,1769062782,2026-01-22 01:21:35
66dd4051-0aca-11e7-82f6-3863bb44ef7c,13,13,0,35,1,1769062782,2026-01-22 01:21:35
c01a9c97-6c04-4e3f-ad0b-958801d94ca1,11,0,11,3,1,1769062782,2026-01-22 01:21:35
66dc36c3-0aca-11e7-82f6-3863bb44ef7c,66,19,47,16,1,1769062785,2026-01-22 01:21:35
66dccd65-0aca-11e7-82f6-3863bb44ef7c,18,3,15,8,1,1769062785,2026-01-22 01:21:35
1913995167022829826,16,3,13,3,1,1769062785,2026-01-22 01:21:35
22ac9559-d7f1-4dcd-ae3e-f6caf586a455,3,2,1,21,1,1769062785,2026-01-22 01:21:35
66dde559-0aca-11e7-82f6-3863bb44ef7c,21,20,1,10,1,1769062785,2026-01-22 01:21:35
1822663143025657920,22,5,17,2,1,1769062785,2026-01-22 01:21:35
1838070703178521596,1,0,1,18,1,1769062783,2026-01-22 01:21:35
29b21bd8-2459-4727-b1f0-d73592db3321,14,6,8,14,1,1769062784,2026-01-22 01:21:35
b3c8aaaf-6e1c-4f56-9391-b79e883b8009,6,1,5,17,1,1769062784,2026-01-22 01:21:35
2c2cdc55-52a3-4140-b4d3-8409a98f130f,13,8,5,11,1,1769062797,2026-01-22 01:21:35
4dde902d-512c-4e9e-8899-a68424ed87c0,12,1,11,21,1,1769062797,2026-01-22 01:21:35
1834145064843958330,9,0,9,8,1,1769062797,2026-01-22 01:21:35
1828968994833044184,8,1,7,10,1,1769062797,2026-01-22 01:21:35
66dcbb2c-0aca-11e7-82f6-3863bb44ef7c,4,0,4,23,1,1769062797,2026-01-22 01:21:35
43eac213-4603-4bc2-b6d6-b45013396282,4,0,4,29,1,1769062798,2026-01-22 01:21:35
d07790cd-1acd-4f74-b5f1-3d70f8a8a526,11,2,9,13,1,1769062797,2026-01-22 01:21:35
4753c1ba-a86e-431e-94fb-06403cdee4d7,23,18,5,6,1,1769062798,2026-01-22 01:21:35
26568d39-db49-4354-a5c1-c81a3c856285,7,1,6,10,1,1769062798,2026-01-22 01:21:35
66ddb595-0aca-11e7-82f6-3863bb44ef7c,11,10,2,4,1,1769062798,2026-01-22 01:21:35
fdf21800-6106-4739-b7d5-b379b19e5732,7,3,4,12,1,1769062798,2026-01-22 01:21:35
2126225134412534550,13,8,5,2,1,1769062779,2026-01-22 01:21:35
1817433126359581672,10,1,9,12,1,1769062798,2026-01-22 01:21:35
66de1295-0aca-11e7-82f6-3863bb44ef7c,17,8,9,5,1,1769062799,2026-01-22 01:21:35
e71d152c-c2df-4d3e-a9af-139f2529bac6,12,0,12,5,1,1769062798,2026-01-22 01:21:35
e51c8b72-460f-41c2-a5ca-de85d3f46a30,11,3,8,38,1,1769062798,2026-01-22 01:21:35
4780d9d1-b886-4e72-9d18-cb152f73e10a,5,5,0,15,1,1769062794,2026-01-22 01:21:35
66db6e49-0aca-11e7-82f6-3863bb44ef7c,2,2,0,44,1,1769062794,2026-01-22 01:21:35
6661108f-28eb-4671-ad0c-36a311d325aa,7,1,6,11,1,1769062794,2026-01-22 01:21:35
61be9a4a-737c-413a-9b72-d47b28a366d5,12,7,5,10,1,1769062795,2026-01-22 01:21:35
08b9c491-a589-4e75-996c-2455c26fb356,4,3,1,15,1,1769062796,2026-01-22 01:21:35
66dd52c8-0aca-11e7-82f6-3863bb44ef7c,11,11,0,26,1,1769062796,2026-01-22 01:21:35
de0c1800-f7cc-41b4-ab7a-c9d219180d06,9,6,3,53,1,1769062800,2026-01-22 01:21:35
66dbef85-0aca-11e7-82f6-3863bb44ef7c,28,15,13,5,1,1769062800,2026-01-22 01:21:35
19002a4c-3229-450b-ad69-76948696e60d,1,1,0,17,1,1769062796,2026-01-22 01:21:35
66db4351-0aca-11e7-82f6-3863bb44ef7c,58,31,27,20,1,1769062796,2026-01-22 01:21:35
2126224759932600578,2,2,0,7,1,1769062797,2026-01-22 01:21:35
2126621026154598618,10,0,10,2,1,1769062784,2026-01-22 01:21:35
49d2cd03-f508-483f-a7c9-7fd450e5e6db,15,3,12,3,1,1769062800,2026-01-22 01:21:35
66dd4981-0aca-11e7-82f6-3863bb44ef7c,17,5,12,8,1,1769062800,2026-01-22 01:21:35
2170352212111402482,22,14,8,49,1,1769062801,2026-01-22 01:21:35
de449a58-0edf-4d36-91b4-4b313576e945,8,0,8,10,1,1769062801,2026-01-22 01:21:35
96cf4c1a-db2c-4d4b-af34-c31281b5904b,8,5,3,7,1,1769062799,2026-01-22 01:21:35
9bd28b11-cf11-4938-abb2-dfa5ec800e32,29,6,23,0,1,1769062799,2026-01-22 01:21:35
3bdd81c8-3112-45e6-ae72-11a3f4fa5921,11,6,5,11,1,1769062777,2026-01-22 01:21:35
968d40e0-2a5b-4f6c-a161-fad1631b609b,6,6,0,8,1,1769062776,2026-01-22 01:21:35
1828968691399885056,12,2,10,1,1,1769062777,2026-01-22 01:21:35
09a0c507-7cda-4f3f-9988-78de0baa28e4,5,2,3,13,1,1769062777,2026-01-22 01:21:35
bdefa3e3-aa5a-40eb-b7f8-542de55063e9,11,5,6,6,1,1769062780,2026-01-22 01:21:35
c0df5c09-2c07-4689-9fe8-36ed81301d7d,2,1,1,20,1,1769062781,2026-01-22 01:21:35
833bc8bc-3c32-4481-9c14-9a88aa7accec,31,17,14,7,1,1769062780,2026-01-22 01:21:35
1815967313905864892,5,1,4,10,1,1769062782,2026-01-22 01:21:35
66dba0ba-0aca-11e7-82f6-3863bb44ef7c,13,7,6,27,1,1769062775,2026-01-22 01:21:35
66dc0d3a-0aca-11e7-82f6-3863bb44ef7c,16,6,10,3,1,1769062776,2026-01-22 01:21:35
a1cf7115-8e38-4300-aac8-3a2fddca0e23,24,9,15,8,1,1769062778,2026-01-22 01:21:35
18d980e5-ba08-4bc3-832e-03eb71865768,21,15,6,2,1,1769062776,2026-01-22 01:21:35
1861682960046954694,21,18,3,2,1,1769062776,2026-01-22 01:21:35
66db8c10-0aca-11e7-82f6-3863bb44ef7c,25,12,13,10,1,1769062779,2026-01-22 01:21:35
66de56e5-0aca-11e7-82f6-3863bb44ef7c,21,8,13,1,1,1769062779,2026-01-22 01:21:35
1945126147213275898,9,5,4,12,1,1769062778,2026-01-22 01:21:35
aa120a3a-9f2b-4dfc-a88b-384bbb66838a,3,1,2,19,1,1769062778,2026-01-22 01:21:35
8dc8c0b3-4d70-40fe-a75a-86e30ecb676b,17,1,16,0,1,1769062807,2026-01-22 01:21:35
1597ea95-0b6b-425a-8d13-ed86ee0754b5,3,1,2,16,1,1769062807,2026-01-22 01:21:35
672d71ab-2c23-4bd2-9ed2-34e54aa4b5b5,9,8,1,8,1,1769062807,2026-01-22 01:21:35
1e226f22-034f-4b99-8184-a8eaa591fbd8,8,6,2,41,1,1769062807,2026-01-22 01:21:35
2122552934440059494,3,2,1,13,1,1769062807,2026-01-22 01:21:35
21361381-fd4a-44a4-bfa7-61f075192ce9,4,0,4,20,1,1769062807,2026-01-22 01:21:35
66dde2d9-0aca-11e7-82f6-3863bb44ef7c,25,19,6,7,1,1769062811,2026-01-22 01:21:35
24f431ca-c2a5-46be-966b-b8d4c3e4b346,2,1,1,12,1,1769062811,2026-01-22 01:21:35
66dd25e0-0aca-11e7-82f6-3863bb44ef7c,15,10,5,4,1,1769062811,2026-01-22 01:21:35
2053867202510006310,13,0,13,9,1,1769062812,2026-01-22 01:21:35
2b848257-dc2e-4dd0-b840-d5e046972789,6,0,6,11,1,1769062812,2026-01-22 01:21:35
66db6387-0aca-11e7-82f6-3863bb44ef7c,94,77,17,13,1,1769062812,2026-01-22 01:21:35
46a1ff6c-6131-414a-9ef6-65a8db7d305f,6,6,0,17,1,1769062812,2026-01-22 01:21:35
bca594e5-779f-4866-bd6b-818871f97d38,26,0,26,4,1,1769062812,2026-01-22 01:21:35
59f0cb81-e31b-4ba9-9159-3437c52f7505,0,0,0,18,1,1769062813,2026-01-22 01:21:35
60a061d5-d984-4573-af3c-2054f4f59e94,9,7,2,9,1,1769062813,2026-01-22 01:21:35
d473f31f-68f2-4777-a364-ed127db04345,7,5,2,8,1,1769062813,2026-01-22 01:21:35
66de47bf-0aca-11e7-82f6-3863bb44ef7c,15,8,7,0,1,1769062813,2026-01-22 01:21:35
50e05a9f-dce6-4315-a10d-1fa786fc18ee,5,5,0,45,1,1769062813,2026-01-22 01:21:35
8a24490d-d5c5-4bac-9e36-56967834fc10,1,1,0,19,1,1769062808,2026-01-22 01:21:35
1843486301383097150,3,2,1,20,1,1769062808,2026-01-22 01:21:35
b636a06c-c10e-417a-ac22-14cadb8f8993,17,7,10,1,1,1769062809,2026-01-22 01:21:35
d55dd622-0ced-4e4d-9ea5-2ef2cb6481a9,18,11,7,17,1,1769062809,2026-01-22 01:21:35
66dca6f4-0aca-11e7-82f6-3863bb44ef7c,0,0,0,33,1,1769062810,2026-01-22 01:21:35
f6c33f22-d650-4935-a928-fb693a828b5f,0,0,0,22,1,1769062810,2026-01-22 01:21:35
1786698815186893280,33,25,8,0,1,1769062810,2026-01-22 01:21:35
cd5e7c3e-c618-416a-ae99-b509bd56e1b2,9,2,7,19,1,1769062810,2026-01-22 01:21:35
66db3d2a-0aca-11e7-82f6-3863bb44ef7c,13,0,13,46,1,1769062810,2026-01-22 01:21:35
8ce7325e-d5c7-46f9-9b73-95356e48c3eb,18,13,5,6,1,1769062810,2026-01-22 01:21:35
2126624466406238560,9,3,6,4,1,1769062795,2026-01-22 01:21:35
cb04be8e-8edc-4c9d-bfc0-76f94e3a3d9b,30,0,29,15,1,1769062810,2026-01-22 01:21:35
1817432787057164808,19,11,8,0,1,1769062811,2026-01-22 01:21:35
66dc86d9-0aca-11e7-82f6-3863bb44ef7c,44,7,37,19,1,1769062811,2026-01-22 01:21:35
1ec7ef9f-ab60-4a64-821d-883ba547273a,6,3,3,11,1,1769062809,2026-01-22 01:21:35
17c45d34-0d8d-46ba-9078-e9a2a7c5867c,0,0,0,30,1,1769062809,2026-01-22 01:21:35
5adcaaaf-5386-441d-827c-8d65c4f4405e,0,0,0,20,1,1769062809,2026-01-22 01:21:35
01a1343d-9c7b-4a83-8a5a-a600187f19c4,2,0,2,27,1,1769062786,2026-01-22 01:21:35
1931758629658304788,6,1,5,18,1,1769062786,2026-01-22 01:21:35
66dc51e9-0aca-11e7-82f6-3863bb44ef7c,24,11,13,24,1,1769062786,2026-01-22 01:21:35
66dde9af-0aca-11e7-82f6-3863bb44ef7c,12,3,9,13,1,1769062787,2026-01-22 01:21:35
1835247352748090208,20,16,4,2,1,1769062786,2026-01-22 01:21:35
1846449740982645546,15,0,15,4,1,1769062787,2026-01-22 01:21:35
66ddeca9-0aca-11e7-82f6-3863bb44ef7c,15,5,10,4,1,1769062787,2026-01-22 01:21:35
ab5585c8-c2cf-4bab-96cf-d02eced4f6e3,3,2,1,41,1,1769062787,2026-01-22 01:21:35
aa8270ec-4441-47d2-854b-5852e65fae66,1,0,1,17,1,1769062787,2026-01-22 01:21:35
897e8739-ee1d-4b2e-b151-ad7e64e87697,11,3,8,18,1,1769062792,2026-01-22 01:21:35
1947313784686131504,14,1,13,4,1,1769062792,2026-01-22 01:21:35
78e93937-53d1-4c9b-99ad-0460f908ed2d,15,15,0,9,1,1769062792,2026-01-22 01:21:35
1978170169761096104,19,5,14,16,1,1769062792,2026-01-22 01:21:35
cae4f2f4-9642-474c-95cc-6cc07592f120,2,0,2,32,1,1769062792,2026-01-22 01:21:35
1828969851041055492,5,2,3,17,1,1769062789,2026-01-22 01:21:35
66dd4de9-0aca-11e7-82f6-3863bb44ef7c,46,41,5,8,1,1769062789,2026-01-22 01:21:35
1d977221-b2b5-4fa2-bba0-b00136834fb3,5,1,4,13,1,1769062789,2026-01-22 01:21:35
66dc8c90-0aca-11e7-82f6-3863bb44ef7c,15,14,1,10,1,1769062789,2026-01-22 01:21:35
c9c09ed0-0a52-4d6a-a999-b0848874e51f,0,0,0,30,0,1768571529,2026-01-22 01:21:35
8fc95e31-b025-4d2b-b5aa-240465366480,14,14,0,7,1,1769062790,2026-01-22 01:21:35
9505c2b7-0c3a-4791-8471-d2092a86291f,22,1,21,1,1,1769062790,2026-01-22 01:21:35
557f8d40-dec1-4c61-bd03-a0d1a6ea0e4b,25,11,14,2,1,1769062791,2026-01-22 01:21:35
9459fca8-b044-4ed1-8f2c-c5db11ba868f,7,1,6,19,1,1769062793,2026-01-22 01:21:35
66dc7957-0aca-11e7-82f6-3863bb44ef7c,23,12,11,53,1,1769062793,2026-01-22 01:21:35
058ee86d-ce2a-4597-99f7-f78f082b33e3,1,1,0,17,1,1769062794,2026-01-22 01:21:35
490ca6cc-c2a2-4838-acf0-4704ed60dc51,38,26,12,12,1,1769062793,2026-01-22 01:21:35
1861680103893703034,8,8,0,12,1,1769062794,2026-01-22 01:21:35
9f702c67-b591-4492-ba90-eb3c7e793dad,10,0,10,11,1,1769062788,2026-01-22 01:21:35
66dd4841-0aca-11e7-82f6-3863bb44ef7c,22,16,6,21,1,1769062788,2026-01-22 01:21:35
bf5a9ad8-6725-4ade-967d-aba612d423bf,20,13,7,2,1,1769062787,2026-01-22 01:21:35
2039088532741595744,40,13,27,11,1,1769062788,2026-01-22 01:21:35
2133952475068346460,28,2,26,21,1,1769062789,2026-01-22 01:21:35
6fd84197-56e2-47df-849f-701aca0e7cc3,3,1,2,14,1,1769062788,2026-01-22 01:21:35
904930bd-2671-4695-9c1a-8a894b041129,7,5,2,57,1,1769062788,2026-01-22 01:21:35
0579ff13-5d5b-4cbd-bc6e-3e9396591aef,2,0,2,16,1,1769062814,2026-01-22 01:21:35
348c5e65-cbc3-4da6-9856-fc253a0ba546,42,30,12,10,1,1769062814,2026-01-22 01:21:35
3c21925c-d68e-497c-b501-982d3eb3e852,15,13,2,5,1,1769062814,2026-01-22 01:21:35
412c1416-d15b-4e6a-9691-da4c3cc0d0d2,38,37,1,23,1,1769062813,2026-01-22 01:21:35
1960020817312746312,26,10,16,85,1,1769062813,2026-01-22 01:21:35
66dcec6b-0aca-11e7-82f6-3863bb44ef7c,22,13,9,13,1,1769062813,2026-01-22 01:21:35
6bc5598a-9eb8-44d2-adc0-d93b93af1924,16,4,12,1,1,1769062815,2026-01-22 01:21:35
66dc4bd9-0aca-11e7-82f6-3863bb44ef7c,83,72,11,18,1,1769062815,2026-01-22 01:21:35
5d049d4b-0736-4323-834a-1b2454bd6551,10,8,2,14,1,1769062815,2026-01-22 01:21:35
1e590819-53fd-415c-bc28-aed605ad3bcb,8,5,3,11,1,1769062815,2026-01-22 01:21:35
2121033124458338894,7,0,7,7,1,1769062815,2026-01-22 01:21:35
2a9e2320-083d-4044-aedf-0c15ecfefe61,1,0,1,21,1,1769062815,2026-01-22 01:21:35
c04cef84-3fcd-4fd9-9e40-8e07453dbe19,7,4,3,12,1,1769062815,2026-01-22 01:21:35
fbee1143-e93f-418d-b6bc-8fde4a9a8746,19,5,14,30,1,1769062816,2026-01-22 01:21:35
1914337145288845316,22,9,13,0,1,1769062816,2026-01-22 01:21:35
1884599469785421928,37,32,5,4,1,1769062816,2026-01-22 01:21:35
ecb2eebe-67c0-43b8-baae-71abb1a0ec6a,1,1,0,23,1,1769062816,2026-01-22 01:21:35
66dc3a1a-0aca-11e7-82f6-3863bb44ef7c,14,8,6,37,1,1769062816,2026-01-22 01:21:35
720c0d64-7828-4dba-bff9-4d99f4e3a9fc,6,3,3,13,1,1769062817,2026-01-22 01:21:35
95a52ce4-3597-47d1-8d6f-427cb3b8ca6a,1,1,0,22,1,1769062817,2026-01-22 01:21:35
1286480d-5d6d-4a47-9fac-e156dba2b6fc,25,11,14,30,1,1769062817,2026-01-22 01:21:35
66dc0c53-0aca-11e7-82f6-3863bb44ef7c,16,7,9,3,1,1769062818,2026-01-22 01:21:35
05c5e17c-7aa9-49b7-9da3-9db4858ec1fc,9,9,0,18,1,1769062816,2026-01-22 01:21:35
1789e458-c466-4d77-aba6-365f5c3823ed,6,0,6,12,1,1769062817,2026-01-22 01:21:35
66de06ef-0aca-11e7-82f6-3863bb44ef7c,14,1,13,10,1,1769062817,2026-01-22 01:21:35
7efcb97f-6c8f-4445-86a9-3f758a822f17,11,11,0,28,1,1769062818,2026-01-22 01:21:35
66db95e5-0aca-11e7-82f6-3863bb44ef7c,39,13,26,3,1,1769062818,2026-01-22 01:21:35
0096fecb-3a56-4585-9204-aa9554f7bc49,24,18,6,21,1,1769062818,2026-01-22 01:21:35
2c366f4b-8319-41bf-ab8e-2fba3a952feb,2,2,0,50,1,1769062818,2026-01-22 01:21:35
66db32fb-0aca-11e7-82f6-3863bb44ef7c,16,6,10,79,1,1769062818,2026-01-22 01:21:35
1828967717120678322,9,7,2,13,1,1769062819,2026-01-22 01:21:35
d319629d-63cf-4765-9f69-5569f35d6469,5,1,4,13,1,1769062819,2026-01-22 01:21:35
66de1a8a-0aca-11e7-82f6-3863bb44ef7c,15,14,1,11,1,1769062818,2026-01-22 01:21:35
78ec2f0d-c309-46d4-8808-7eb1a0674e38,10,9,1,18,1,1769062818,2026-01-22 01:21:35
1848241332086049696,3,2,1,18,1,1769062818,2026-01-22 01:21:35
66dea4bf-0aca-11e7-82f6-3863bb44ef7c,32,14,18,9,1,1769062818,2026-01-22 01:21:35
062f0ac2-b3b6-4c15-b470-92ce9b592635,14,3,11,4,1,1769062818,2026-01-22 01:21:35
1835250080052323168,0,0,0,0,0,86400,2026-01-22 01:21:35
2171902607371571344,0,0,0,0,0,86400,2026-01-22 01:21:35
2171903032377767128,0,0,0,0,0,86400,2026-01-22 01:21:35
2171903385631266470,0,0,0,0,0,86400,2026-01-22 01:21:35
2171903970740122034,0,0,0,0,0,86400,2026-01-22 01:21:35
2126621627432855870,9,1,8,2,1,1769062615,2026-01-22 01:21:35
05d03a63-b5f2-40d9-9a3d-d2fe666a307f,7,0,7,17,1,1769062721,2026-01-22 01:21:35
66dc210e-0aca-11e7-82f6-3863bb44ef7c,7,7,0,25,1,1769062717,2026-01-22 01:21:35
66dc89ae-0aca-11e7-82f6-3863bb44ef7c,14,11,3,21,1,1769062718,2026-01-22 01:21:35
3d340fc5-8c86-4d5e-974d-ae28958e61e8,7,5,2,47,1,1769062717,2026-01-22 01:21:35
7c7cb750-6613-48a4-bfae-9240968f1fad,27,18,9,9,1,1769062717,2026-01-22 01:21:35
1808184356986544410,16,5,11,14,1,1769062719,2026-01-22 01:21:35
0e3dedfb-df10-4900-a67b-95349a81bc5c,23,1,22,1,1,1769062719,2026-01-22 01:21:35
566935d6-4d66-4b42-9822-f2a816e357b9,17,10,7,7,1,1769062719,2026-01-22 01:21:35
66dce660-0aca-11e7-82f6-3863bb44ef7c,9,5,4,15,1,1769062720,2026-01-22 01:21:35
b976906e-81c4-44c5-a160-e17815c0d47b,7,5,2,23,1,1769062712,2026-01-22 01:21:35
8dfff4bd-0f3c-43af-bc55-a63850f66c6b,0,0,0,13,1,1769062712,2026-01-22 01:21:35
a5bd1f58-7df8-4df6-9636-372f1bc194be,35,9,26,1,1,1769062712,2026-01-22 01:21:35
66dd9b0f-0aca-11e7-82f6-3863bb44ef7c,19,15,4,19,1,1769062712,2026-01-22 01:21:35
1861680383828308814,14,14,0,4,1,1769062715,2026-01-22 01:21:35
61c82689-3f4c-495d-8f44-e71de8f04088,16,14,2,62,1,1769062711,2026-01-22 01:21:35
0cb63737-64c9-42a9-9479-280d49ed015a,9,3,6,14,1,1769062711,2026-01-22 01:21:35
f3525aa7-9d69-4ea2-9278-4df92db1afa1,17,11,6,1,1,1769062711,2026-01-22 01:21:35
66de18d7-0aca-11e7-82f6-3863bb44ef7c,12,1,11,8,1,1769062713,2026-01-22 01:21:35
adb67652-c20d-4dd2-8e89-d6015b801c1a,0,0,0,17,1,1769062713,2026-01-22 01:21:35
e63c8dac-ab44-48c8-83a0-92c53a00f12e,1,0,1,29,1,1769062714,2026-01-22 01:21:35
1861682182353914188,12,2,10,6,1,1769062714,2026-01-22 01:21:35
b43ecf62-4c9d-4b06-ac9a-5837084f769f,1,1,0,20,1,1769062716,2026-01-22 01:21:35
941ea42c-47fe-4d63-a6f5-e0e200f01633,8,4,4,9,1,1769062716,2026-01-22 01:21:35
c72970e7-7f1a-4671-bf55-fc34be7c9413,13,2,11,5,1,1769062717,2026-01-22 01:21:35
1834145204469569922,11,1,10,8,1,1769062717,2026-01-22 01:21:35
d29ea280-8b64-4a35-b12b-245525ae2a3a,11,7,4,41,1,1769062717,2026-01-22 01:21:35
3e4a2c26-7527-469c-b4f4-1ef8d40fd20d,4,2,2,12,1,1769062714,2026-01-22 01:21:35
1828967499459705054,10,1,9,7,1,1769062716,2026-01-22 01:21:35
7a8bf573-275f-41d5-ad8b-1ff9ee7c2dce,9,0,9,15,1,1769062700,2026-01-22 01:21:35
1838999304404452058,20,1,19,0,1,1769062700,2026-01-22 01:21:35
3893eeef-06a8-47b1-95f2-a85454f7d5c9,4,0,4,16,1,1769062704,2026-01-22 01:21:35
66dccc99-0aca-11e7-82f6-3863bb44ef7c,5,0,5,25,1,1769062699,2026-01-22 01:21:35
9b0c2c99-214f-4e15-b476-1626c03a9e4e,39,32,7,21,1,1769062702,2026-01-22 01:21:35
8b830188-101e-44bf-a755-5e6c611e3edc,26,0,26,0,1,1769062702,2026-01-22 01:21:35
1848241879913802606,16,10,6,1,1,1769062702,2026-01-22 01:21:35
66de0dfd-0aca-11e7-82f6-3863bb44ef7c,14,14,0,23,1,1769062701,2026-01-22 01:21:35
1875395639434791520,0,0,0,18,1,1769062698,2026-01-22 01:21:35
0b857ee5-3d10-4152-952e-95fbaf06677a,5,5,0,24,1,1769062704,2026-01-22 01:21:35
32d3adc3-c3dd-4a97-a4db-95d467f3c3aa,2,2,0,27,1,1769062704,2026-01-22 01:21:35
1848242143834868452,14,1,13,4,1,1769062704,2026-01-22 01:21:35
914e3e7c-87da-4f52-aa03-5449c6361fa2,5,2,3,9,1,1769062705,2026-01-22 01:21:35
66db930d-0aca-11e7-82f6-3863bb44ef7c,18,7,11,7,1,1769062705,2026-01-22 01:21:35
66dcf922-0aca-11e7-82f6-3863bb44ef7c,9,0,9,17,1,1769062705,2026-01-22 01:21:35
1864605926072998676,4,3,1,14,1,1769062705,2026-01-22 01:21:35
66db460d-0aca-11e7-82f6-3863bb44ef7c,29,2,27,0,1,1769062706,2026-01-22 01:21:35
1869439170989701358,12,0,12,8,1,1769062706,2026-01-22 01:21:35
66dbf215-0aca-11e7-82f6-3863bb44ef7c,28,17,11,17,1,1769062710,2026-01-22 01:21:35
3d6b7c84-7e5a-454d-aa9d-c66eb92383be,5,3,2,16,1,1769062707,2026-01-22 01:21:35
5b4a90b8-426d-4a40-a7ca-87e51d690883,7,7,0,30,1,1769062707,2026-01-22 01:21:35
1828966490867110420,9,1,8,7,1,1769062708,2026-01-22 01:21:35
3edec530-4791-4872-8912-2a2397a903a4,32,16,16,37,1,1769062708,2026-01-22 01:21:35
66dde271-0aca-11e7-82f6-3863bb44ef7c,21,8,13,22,1,1769062708,2026-01-22 01:21:35
66dc11a7-0aca-11e7-82f6-3863bb44ef7c,76,61,15,6,1,1769062709,2026-01-22 01:21:35
4cfd4097-0aee-4f11-9aea-55f99397bf33,11,9,2,7,1,1769062706,2026-01-22 01:21:35
174bf571-e597-463d-84bc-611c4a13d85e,18,3,15,8,1,1769062706,2026-01-22 01:21:35
dfb8b9c8-3006-4b76-963a-95f7471dc0a8,16,5,11,3,1,1769062706,2026-01-22 01:21:35
66dcc3e5-0aca-11e7-82f6-3863bb44ef7c,0,0,0,21,1,1769062724,2026-01-22 01:21:35
66dc8025-0aca-11e7-82f6-3863bb44ef7c,61,58,3,18,1,1769062724,2026-01-22 01:21:35
e0a9ed84-55f9-40f5-90fa-87db17d2f933,11,1,10,7,1,1769062724,2026-01-22 01:21:35
1880644037244334512,24,13,11,0,1,1769062725,2026-01-22 01:21:35
66dbbeda-0aca-11e7-82f6-3863bb44ef7c,8,2,6,68,1,1769062725,2026-01-22 01:21:35
66db4417-0aca-11e7-82f6-3863bb44ef7c,51,37,14,3,1,1769062725,2026-01-22 01:21:35
0efa08a3-1c38-48fe-ab37-8c9b72b20126,12,4,8,6,1,1769062723,2026-01-22 01:21:35
66db3fc9-0aca-11e7-82f6-3863bb44ef7c,33,19,14,10,1,1769062723,2026-01-22 01:21:35
1984510483573713186,23,10,13,37,1,1769062725,2026-01-22 01:21:35
7b0227aa-bbf5-4731-a49a-765b4afac483,35,14,21,37,1,1769062728,2026-01-22 01:21:35
1828966227118051662,17,4,13,2,1,1769062728,2026-01-22 01:21:35
cb4926e6-0a79-4902-80ee-d365fbf42aec,1,1,0,21,1,1769062730,2026-01-22 01:21:35
dee5a590-7cda-465e-8351-b0622a5e2ad3,10,4,6,7,1,1769062730,2026-01-22 01:21:35
66dc42a0-0aca-11e7-82f6-3863bb44ef7c,24,24,0,2,1,1769062731,2026-01-22 01:21:35
d7a7789b-a052-4a69-a4ec-59436b0f8d75,7,0,7,10,1,1769062727,2026-01-22 01:21:35
66de4b0b-0aca-11e7-82f6-3863bb44ef7c,26,1,25,6,1,1769062727,2026-01-22 01:21:35
66db5f40-0aca-11e7-82f6-3863bb44ef7c,35,30,5,7,1,1769062729,2026-01-22 01:21:35
298d4e45-c6d2-45f1-a07a-11606026a6e4,5,3,2,11,1,1769062732,2026-01-22 01:21:35
c829b6af-002b-4d04-af56-6924d4ad0aa2,12,2,10,14,1,1769062748,2026-01-22 01:21:35
3fed8016-0be0-47f5-8663-2e850ec47288,20,2,18,1,1,1769062749,2026-01-22 01:21:35
b1cdec34-d4f9-4313-be82-729bb9f7bb18,6,1,5,14,1,1769062749,2026-01-22 01:21:35
4fb1ee23-4511-47c4-8698-0c46673dc86c,0,0,0,19,1,1769062749,2026-01-22 01:21:35
66dbecd0-0aca-11e7-82f6-3863bb44ef7c,41,27,14,5,1,1769062745,2026-01-22 01:21:35
201edb67-d071-4b67-bafd-131e5c273e9f,16,3,13,2,1,1769062746,2026-01-22 01:21:35
4956ad8b-06d6-4af4-bcc8-735c45439608,4,4,0,15,1,1769062747,2026-01-22 01:21:35
1835249448692130546,4,2,2,16,1,1769062748,2026-01-22 01:21:35
66db90f1-0aca-11e7-82f6-3863bb44ef7c,41,36,5,21,1,1769062747,2026-01-22 01:21:35
a68acb0c-4244-416a-bf59-ca55d3120cdd,18,12,6,3,1,1769062746,2026-01-22 01:21:35
66de0a0a-0aca-11e7-82f6-3863bb44ef7c,14,8,6,11,1,1769062746,2026-01-22 01:21:35
66dc4334-0aca-11e7-82f6-3863bb44ef7c,22,22,0,0,1,1769062746,2026-01-22 01:21:35
1826348745879909352,16,1,15,0,1,1769062745,2026-01-22 01:21:35
023127f2-a6e0-4fae-ba34-178acccb993e,3,2,1,17,1,1769062750,2026-01-22 01:21:35
2025623258130320038,16,2,14,16,1,1769062747,2026-01-22 01:21:35
33af8810-cda5-4b61-9c38-0235f9d59aaa,18,0,18,10,1,1769062750,2026-01-22 01:21:35
c466f15e-715f-411e-904e-1a71fb574cdd,77,47,30,7,1,1769062750,2026-01-22 01:21:35
fc5ee04d-710b-45ba-aae0-303b8e95ea89,7,1,6,12,1,1769062768,2026-01-22 01:21:35
2126965369631090816,8,3,5,7,1,1769062767,2026-01-22 01:21:35
f42b3158-3f78-4a62-964a-8cc554d69c35,16,3,13,0,1,1769062764,2026-01-22 01:21:35
c229f0ca-bdd1-4aa0-8906-a3e809e12889,7,2,5,14,1,1769062764,2026-01-22 01:21:35
66db72f1-0aca-11e7-82f6-3863bb44ef7c,43,15,28,3,1,1769062764,2026-01-22 01:21:35
c9e76fa9-54e2-4161-9798-4787bf04217a,11,1,10,8,1,1769062762,2026-01-22 01:21:35
66de602e-0aca-11e7-82f6-3863bb44ef7c,44,4,40,3,1,1769062762,2026-01-22 01:21:35
66db281e-0aca-11e7-82f6-3863bb44ef7c,45,9,36,12,1,1769062762,2026-01-22 01:21:35
c4377169-c19e-47e1-90a4-c4e14bb41601,5,2,3,16,1,1769062763,2026-01-22 01:21:35
06e5447e-35b8-45cb-b3bb-937791a6f8ae,13,1,12,8,1,1769062767,2026-01-22 01:21:35
1851947582840610924,7,3,4,14,1,1769062765,2026-01-22 01:21:35
5b4a4b20-539b-47c1-9228-1f1f124b3ec9,12,2,10,9,1,1769062766,2026-01-22 01:21:35
14391923-6727-4359-92e9-03e0b5094753,48,34,14,2,1,1769062765,2026-01-22 01:21:35
1882736243099681438,20,7,13,14,1,1769062764,2026-01-22 01:21:35
00d94dfc-3695-47e1-aba6-7f319dd2eb08,6,3,3,16,1,1769062766,2026-01-22 01:21:35
18b19467-28ac-4496-b3e4-f6028b1c5105,16,13,3,12,1,1769062766,2026-01-22 01:21:35
1846086027713733188,9,2,7,5,1,1769062766,2026-01-22 01:21:35
9206af28-03bf-43e3-a8b0-354792921466,9,2,7,11,1,1769062767,2026-01-22 01:21:35
bb58e953-4953-4fbe-9ef2-367488dfef9b,9,9,0,14,1,1769062763,2026-01-22 01:21:35
66dbeb1b-0aca-11e7-82f6-3863bb44ef7c,29,25,4,13,1,1769062789,2026-01-22 01:21:35
66dbc7d2-0aca-11e7-82f6-3863bb44ef7c,15,9,6,16,1,1769062789,2026-01-22 01:21:35
72719900-dd61-40bd-9f4a-40d70c47590c,6,0,6,21,1,1769062789,2026-01-22 01:21:35
60c5a043-1367-4a27-96ee-394ba60e2154,20,15,5,8,1,1769062790,2026-01-22 01:21:35
b9b58379-b29a-4fa8-ba72-c647728e1686,15,11,4,3,1,1769062789,2026-01-22 01:21:35
1857515306802639416,19,1,18,4,1,1769062789,2026-01-22 01:21:35
454fe70c-1d53-4af2-a9ea-1d4bd9f59799,4,4,0,15,1,1769062790,2026-01-22 01:21:35
fe6f022b-7fdb-44fe-80bb-cbfc500959bf,2,1,1,19,1,1769062790,2026-01-22 01:21:35
1828969634783171152,16,0,16,3,1,1769062790,2026-01-22 01:21:35
266c8621-fdea-4a7e-9d35-18ca1684d526,8,5,3,13,1,1769062791,2026-01-22 01:21:35
f3f46097-54cf-4c30-805a-6b2a4851eed7,5,5,0,19,1,1769062787,2026-01-22 01:21:35
66dc8382-0aca-11e7-82f6-3863bb44ef7c,6,3,3,71,1,1769062788,2026-01-22 01:21:35
13b82a41-c25b-428f-a07b-5f5d8340c6f2,3,1,2,15,1,1769062788,2026-01-22 01:21:35
1860188331547447938,1,0,1,19,1,1769062785,2026-01-22 01:21:35
8f3a6711-fd05-4ce1-acf8-9d72b4a1bf97,5,4,1,15,1,1769062787,2026-01-22 01:21:35
66dcc44a-0aca-11e7-82f6-3863bb44ef7c,9,6,3,8,1,1769062788,2026-01-22 01:21:35
0258da92-f770-4acc-b20b-91b78aff791e,16,2,14,4,1,1769062790,2026-01-22 01:21:35
66ddf310-0aca-11e7-82f6-3863bb44ef7c,17,7,10,20,1,1769062796,2026-01-22 01:21:35
2088792249063596144,22,16,6,7,1,1769062796,2026-01-22 01:21:35
66dc4fb5-0aca-11e7-82f6-3863bb44ef7c,38,17,21,2,1,1769062797,2026-01-22 01:21:35
66db9675-0aca-11e7-82f6-3863bb44ef7c,1,0,1,25,1,1769062749,2026-01-22 01:21:35
0575e356-72f4-4251-8e15-574cf60bd190,8,5,3,11,1,1769062800,2026-01-22 01:21:35
814dd1a9-100c-4b1b-8110-6319bbd464e9,18,13,5,2,1,1769062800,2026-01-22 01:21:35
66dcc920-0aca-11e7-82f6-3863bb44ef7c,1,1,0,16,1,1769062800,2026-01-22 01:21:35
66dd2292-0aca-11e7-82f6-3863bb44ef7c,0,0,0,44,1,1769062800,2026-01-22 01:21:35
c36cfa58-29fe-4c0c-a14f-41c3463487fd,3,2,1,17,1,1769062800,2026-01-22 01:21:35
66de0c43-0aca-11e7-82f6-3863bb44ef7c,24,2,22,2,1,1769062800,2026-01-22 01:21:35
bda1fab4-5065-42df-a8ff-514e6064ab6e,20,1,19,0,1,1769062801,2026-01-22 01:21:35
1885440410432338078,0,0,0,21,1,1769062801,2026-01-22 01:21:35
1786696780996714874,12,4,8,16,1,1769062801,2026-01-22 01:21:35
66dc7802-0aca-11e7-82f6-3863bb44ef7c,18,16,2,33,1,1769062801,2026-01-22 01:21:35
e3470e29-934c-41f1-8fe7-82135ed2d620,0,0,0,60,1,1769062801,2026-01-22 01:21:35
fcb1c3a3-04b6-45cf-bc9a-deb71198804e,1,0,1,16,1,1769062801,2026-01-22 01:21:35
66db3816-0aca-11e7-82f6-3863bb44ef7c,37,12,25,7,1,1769062801,2026-01-22 01:21:35
26599393-b967-44a6-a998-cb72ca53cd9e,0,0,0,20,1,1769062801,2026-01-22 01:21:35
1849009794224623642,18,1,17,0,1,1769062798,2026-01-22 01:21:35
36aaebb9-ef10-41a5-b20b-753bf8a3fed8,1,1,0,16,1,1769062798,2026-01-22 01:21:35
1b962833-d769-418e-b1ef-5a183bb5eb1a,9,1,8,5,1,1769062798,2026-01-22 01:21:35
5fdf435f-6080-4b1d-966c-3b9d08450c4d,12,1,11,5,1,1769062798,2026-01-22 01:21:35
8ec47777-852d-4059-a5ea-12eef71a9606,36,5,31,0,1,1769062798,2026-01-22 01:21:35
66dcba5e-0aca-11e7-82f6-3863bb44ef7c,0,0,0,17,1,1769062798,2026-01-22 01:21:35
1846085836152179090,5,0,5,16,1,1769062802,2026-01-22 01:21:35
1963272613486484230,55,41,14,13,1,1769062802,2026-01-22 01:21:35
2ad41c1f-5636-4a63-ad52-761e2613061a,2,2,0,17,1,1769062802,2026-01-22 01:21:35
1967778612889039234,4,0,4,29,1,1769062802,2026-01-22 01:21:35
93e2e1a5-49c5-41f8-a6bf-b399b6a5140d,49,27,22,17,1,1769062802,2026-01-22 01:21:35
11a8d465-b4eb-466b-a6ca-055f73994231,11,1,10,14,1,1769062799,2026-01-22 01:21:35
5a5a38d1-f28d-4e51-bf85-27bb384135c7,27,0,27,5,1,1769062799,2026-01-22 01:21:35
3a51a25f-3e9b-4aea-84ee-39e9a3acc7fd,9,2,7,12,1,1769062798,2026-01-22 01:21:35
1849010295160437584,17,9,8,0,1,1769062802,2026-01-22 01:21:35
66db5d92-0aca-11e7-82f6-3863bb44ef7c,13,9,4,6,1,1769062802,2026-01-22 01:21:35
66dcecfa-0aca-11e7-82f6-3863bb44ef7c,15,10,5,13,1,1769062797,2026-01-22 01:21:35
23539f3b-fb83-4f34-b8b8-9f1f37b5e646,11,1,10,24,1,1769062806,2026-01-22 01:21:35
1835249197527877718,2,2,0,16,1,1769062806,2026-01-22 01:21:35
66de4897-0aca-11e7-82f6-3863bb44ef7c,19,0,19,0,1,1769062806,2026-01-22 01:21:35
f6cf3ecc-b3ad-4291-8c24-277f28f64ba1,13,2,11,8,1,1769062807,2026-01-22 01:21:35
a6492ad5-d13e-48b0-a0d5-08e60ad93e53,63,27,36,5,1,1769062803,2026-01-22 01:21:35
06109e92-4363-445a-9743-0457f6799530,13,12,1,60,1,1769062802,2026-01-22 01:21:35
2124425954553309758,8,6,2,4,1,1769062803,2026-01-22 01:21:35
66dbcb2f-0aca-11e7-82f6-3863bb44ef7c,15,15,0,41,1,1769062803,2026-01-22 01:21:35
bcd3ee0f-21d7-4cc8-ac45-ccea48b6fc1b,8,5,3,14,1,1769062803,2026-01-22 01:21:35
272c0389-5e4a-41a9-ad6c-2dccdfa55af9,14,13,1,9,1,1769062803,2026-01-22 01:21:35
2fe3e166-2d2f-41c8-b522-fdf8ee3ae16f,2,1,1,16,1,1769062803,2026-01-22 01:21:35
66dcb9f7-0aca-11e7-82f6-3863bb44ef7c,5,1,4,18,1,1769062803,2026-01-22 01:21:35
178bad16-1b02-4264-94c0-a8fd0faa60fe,3,2,1,30,1,1769062803,2026-01-22 01:21:35
1abd4668-ed6b-4930-8177-17239ae75a9e,3,2,1,16,1,1769062807,2026-01-22 01:21:35
340036c3-2787-4998-9a77-fe54f352d619,10,8,2,8,1,1769062808,2026-01-22 01:21:35
66db3583-0aca-11e7-82f6-3863bb44ef7c,20,15,5,43,1,1769062801,2026-01-22 01:21:35
70634bc4-4d90-42d4-8f6a-3f29fa8f7f77,0,0,0,33,1,1769062805,2026-01-22 01:21:35
5d101095-011e-4541-ae64-bed8b52807b3,7,6,1,14,1,1769062805,2026-01-22 01:21:35
eab2749b-2f79-4797-a0a6-0579b27e6929,17,1,16,21,1,1769062805,2026-01-22 01:21:35
2123938400844950144,3,0,3,13,1,1769062804,2026-01-22 01:21:35
1945126022626996350,20,7,13,6,1,1769062804,2026-01-22 01:21:35
66dbefee-0aca-11e7-82f6-3863bb44ef7c,5,3,2,9,1,1769062804,2026-01-22 01:21:35
1815968345907104578,15,0,15,10,1,1769062805,2026-01-22 01:21:35
d5cb6e67-addb-46d4-93e7-832371736d45,23,3,20,8,1,1769062804,2026-01-22 01:21:35
1828968462257099768,1,1,0,18,1,1769062806,2026-01-22 01:21:35
ab29ce96-c2e8-4929-b27b-e0fe4aae17d5,8,1,7,9,1,1769062804,2026-01-22 01:21:35
067b53bd-33bf-4698-8103-3931a5f32a37,6,1,5,12,1,1769062737,2026-01-22 01:21:35
2ec1235f-a043-4e3a-9ba1-56f7dd4624b7,8,6,2,12,1,1769062737,2026-01-22 01:21:35
b83b2a73-af8e-4b82-b61e-aeaaf075fbe2,2,2,0,23,1,1769062737,2026-01-22 01:21:35
1838070940162509196,5,1,4,17,1,1769062737,2026-01-22 01:21:35
1791188268875152272,33,7,26,11,1,1769062737,2026-01-22 01:21:35
66dc0f1b-0aca-11e7-82f6-3863bb44ef7c,65,51,14,3,1,1769062731,2026-01-22 01:21:35
6cb5fac5-f7e8-4ec9-94cf-816771d91ecd,19,0,19,9,1,1769062731,2026-01-22 01:21:35
49703a2d-15e9-4af4-b80e-cca664d7ea18,8,2,6,11,1,1769062731,2026-01-22 01:21:35
2527619f-ef89-425c-bf3b-60cc0ec519bf,14,2,12,41,1,1769062732,2026-01-22 01:21:35
1856767555236917834,17,0,17,7,1,1769062729,2026-01-22 01:21:35
4e862dc1-0652-4f29-a26f-315d763df67d,15,13,2,40,1,1769062737,2026-01-22 01:21:35
1846086263936934630,17,3,14,1,1,1769062737,2026-01-22 01:21:35
66dc2606-0aca-11e7-82f6-3863bb44ef7c,61,25,36,13,1,1769062738,2026-01-22 01:21:35
ee1ba75f-baf5-4852-929c-8b7ad310f55a,10,9,1,16,1,1769062738,2026-01-22 01:21:35
66dc7c31-0aca-11e7-82f6-3863bb44ef7c,30,25,5,10,1,1769062734,2026-01-22 01:21:35
822d96e8-fb6c-463a-b866-aec9e408ad5e,16,3,13,0,1,1769062734,2026-01-22 01:21:35
1861681740276243358,13,11,2,7,1,1769062735,2026-01-22 01:21:35
66ddbdb1-0aca-11e7-82f6-3863bb44ef7c,4,0,4,19,1,1769062732,2026-01-22 01:21:35
7b56cbab-9d93-4043-bfa5-63eb6b3e5281,12,4,8,5,1,1769062736,2026-01-22 01:21:35
66ddeb67-0aca-11e7-82f6-3863bb44ef7c,25,18,7,0,1,1769062735,2026-01-22 01:21:35
66ddef2d-0aca-11e7-82f6-3863bb44ef7c,7,0,7,13,1,1769062735,2026-01-22 01:21:35
66dc462a-0aca-11e7-82f6-3863bb44ef7c,75,57,18,2,1,1769062732,2026-01-22 01:21:35
0e240143-2f86-4754-8345-4994750d99f1,15,3,12,3,1,1769062757,2026-01-22 01:21:35
7155b0a6-2545-4b02-ae8c-9c0c4220f8c3,2,1,1,18,1,1769062757,2026-01-22 01:21:35
66db3e32-0aca-11e7-82f6-3863bb44ef7c,9,2,7,33,1,1769062757,2026-01-22 01:21:35
1890927910885612334,24,0,24,0,1,1769062757,2026-01-22 01:21:35
66de4336-0aca-11e7-82f6-3863bb44ef7c,17,7,10,15,1,1769062757,2026-01-22 01:21:35
8c2ed08f-1660-4db8-9168-4709427c23ed,5,0,5,12,1,1769062758,2026-01-22 01:21:35
5ffde991-1125-443e-bc97-6827b2b9c97b,17,6,11,8,1,1769062758,2026-01-22 01:21:35
9d56294e-61fc-4176-bb9c-4692f45bb374,14,2,12,8,1,1769062758,2026-01-22 01:21:35
1828966747840428256,6,0,6,11,1,1769062759,2026-01-22 01:21:35
b5861c2d-d687-4308-bf2d-5f69fc28cc4a,14,0,14,9,1,1769062759,2026-01-22 01:21:35
981f1311-004f-41c3-ba5b-3679f78aeb70,13,0,13,4,1,1769062760,2026-01-22 01:21:35
1913990214925537808,33,17,16,1,1,1769062761,2026-01-22 01:21:35
c6c10756-ef41-491a-8e6c-ee0aa27b8cbe,1,1,0,18,1,1769062761,2026-01-22 01:21:35
c3b255d8-b690-4825-b1e9-a1d1680e5542,11,2,9,8,1,1769062762,2026-01-22 01:21:35
2126623405008140358,6,5,1,4,1,1769062760,2026-01-22 01:21:35
b53b5e8f-9503-48d1-b3e3-9347ecef38e2,0,0,0,34,1,1769062760,2026-01-22 01:21:35
66dc1702-0aca-11e7-82f6-3863bb44ef7c,44,38,6,25,1,1769062761,2026-01-22 01:21:35
66dbc745-0aca-11e7-82f6-3863bb44ef7c,31,21,10,7,1,1769062760,2026-01-22 01:21:35
627c77c0-0088-4ba8-ba66-73e0e3d3fe77,4,1,3,19,1,1769062757,2026-01-22 01:21:35
1828968082192898522,1,0,1,20,1,1769062757,2026-01-22 01:21:35
a82599ce-99ca-4670-8053-baada198034a,49,8,41,9,1,1769062757,2026-01-22 01:21:35
1794096824496960148,38,25,13,3,1,1769062759,2026-01-22 01:21:35
af72781c-fe0b-4b73-a7df-201f9780ea9c,45,32,13,3,1,1769062783,2026-01-22 01:21:35
324e55da-fec0-43a2-b622-27774381ab7f,4,2,2,13,1,1769062784,2026-01-22 01:21:35
66dd1eb2-0aca-11e7-82f6-3863bb44ef7c,26,11,15,4,1,1769062784,2026-01-22 01:21:35
f365afa3-e8a5-439d-975d-6c2b064f30df,0,0,0,27,1,1769062784,2026-01-22 01:21:35
c8197f4b-02b0-4cc3-96af-df5fec27a279,3,1,2,12,1,1769062783,2026-01-22 01:21:35
66dc176f-0aca-11e7-82f6-3863bb44ef7c,60,47,13,13,1,1769062784,2026-01-22 01:21:35
1792225684155730482,5,5,0,19,1,1769062784,2026-01-22 01:21:35
2163290511399492946,2,1,1,8,1,1769062784,2026-01-22 01:21:35
e36b5913-8e46-4c2a-b9be-73bdf8ee548b,33,11,22,21,1,1769062784,2026-01-22 01:21:35
ba7bf20d-b6bc-43dd-bf30-acb940eaeec8,2,2,0,14,1,1769062781,2026-01-22 01:21:35
5864d88d-a0fd-40ad-beee-896118d9360d,16,0,16,3,1,1769062782,2026-01-22 01:21:35
014a931b-8e1c-438a-8a22-f267ddd1e0d2,36,10,26,4,1,1769062782,2026-01-22 01:21:35
d4c34830-972f-4cd1-81bb-071df209d065,5,3,2,12,1,1769062785,2026-01-22 01:21:35
7c42f9fc-d280-4841-ad96-e3cc53ee3759,12,0,12,10,1,1769062785,2026-01-22 01:21:35
2ec2f95c-675c-4c59-856f-1fb38df59fa2,0,0,0,18,1,1769062785,2026-01-22 01:21:35
116dbc02-a3c1-4b65-9f73-2a09a2aa1379,42,8,34,35,1,1769062785,2026-01-22 01:21:35
1835244925191295588,8,7,1,15,1,1769062783,2026-01-22 01:21:35
7cd61426-ed98-434e-9235-56ed856fead6,9,4,5,12,1,1769062783,2026-01-22 01:21:35
66dbf362-0aca-11e7-82f6-3863bb44ef7c,27,7,20,15,1,1769062780,2026-01-22 01:21:35
186092d1-a431-45db-8198-d5ba13334d79,15,3,12,4,1,1769062780,2026-01-22 01:21:35
5782a158-b596-4936-a451-32ccc131a57d,1,0,1,18,1,1769062781,2026-01-22 01:21:35
66dd9dba-0aca-11e7-82f6-3863bb44ef7c,22,14,8,22,1,1769062781,2026-01-22 01:21:35
1835246381185208614,1,1,0,21,1,1769062782,2026-01-22 01:21:35
d7c56fef-1bf9-4315-85af-8638c534b402,25,22,3,12,1,1769062794,2026-01-22 01:21:35
36d80620-9774-487e-8eb0-cf5f18a39321,8,7,1,19,1,1769062794,2026-01-22 01:21:35
8ea3301f-6940-4e0f-80f0-7a3e54b2eaa5,4,4,0,13,1,1769062794,2026-01-22 01:21:35
4bc6f4d0-edd5-4eb0-a704-f7ce0d693aac,0,0,0,21,1,1769062796,2026-01-22 01:21:35
89ff4db3-8a29-4565-a366-6fea4b3afc39,12,3,9,7,1,1769062796,2026-01-22 01:21:35
3ac37967-e174-421a-bfeb-d02249fb1266,5,4,1,18,1,1769062796,2026-01-22 01:21:35
a7a175ff-8ffb-477c-a40b-6d47ce92305d,13,4,9,8,1,1769062796,2026-01-22 01:21:35
66dcf30d-0aca-11e7-82f6-3863bb44ef7c,9,4,5,15,1,1769062796,2026-01-22 01:21:35
039d4cc9-8560-4d22-88c3-20753c54a50f,11,1,10,14,1,1769062791,2026-01-22 01:21:35
b79bb851-130f-473d-83fc-f602aa0a4ca9,14,5,9,6,1,1769062791,2026-01-22 01:21:35
16c54bf4-194b-4f26-9c49-a42901b4748d,10,7,3,12,1,1769062792,2026-01-22 01:21:35
c0f952d9-538e-4836-b936-fa97123cbf13,5,0,5,13,1,1769062792,2026-01-22 01:21:35
f8c1c90f-4ec0-44bd-b097-cfafc887744d,45,7,38,7,1,1769062793,2026-01-22 01:21:35
f3eb962c-314a-4431-bac7-2eb2ffbe2fd2,5,2,3,12,1,1769062793,2026-01-22 01:21:35
1835247598942507168,3,0,3,15,1,1769062794,2026-01-22 01:21:35
3c73cc9f-3c09-4ac4-a4ea-22b4f027bf23,13,0,13,8,1,1769062794,2026-01-22 01:21:35
a7c09fde-76e8-4a56-b61d-8ca940432efd,2,2,0,20,1,1769062795,2026-01-22 01:21:35
1828967208126648828,7,3,4,12,1,1769062795,2026-01-22 01:21:35
66db43b5-0aca-11e7-82f6-3863bb44ef7c,13,10,3,6,1,1769062795,2026-01-22 01:21:35
00d3e65e-b614-4408-aaa9-939ed96ce645,40,34,6,13,1,1769062794,2026-01-22 01:21:35
1862787688044743624,15,1,14,5,1,1769062792,2026-01-22 01:21:35
1814907277023901890,20,2,18,1,1,1769062733,2026-01-22 01:21:35
8c6cba48-d803-4a90-99f7-e06edcdbbf92,14,6,8,9,1,1769062733,2026-01-22 01:21:35
0e8bfd72-c494-4d3e-85e2-4f98b801fe3b,1,0,1,18,1,1769062734,2026-01-22 01:21:35
fffb18be-14b3-412f-a808-107a98cd9e58,1,1,0,17,1,1769062734,2026-01-22 01:21:35
16836c76-c412-4ec3-bac8-3c6a5a3d9745,1,0,1,17,1,1769062744,2026-01-22 01:21:35
66dd4356-0aca-11e7-82f6-3863bb44ef7c,18,14,4,25,1,1769062744,2026-01-22 01:21:35
3ac7b47b-2253-4a0b-bf7d-8a2eb6b78a38,14,8,6,26,1,1769062744,2026-01-22 01:21:35
1fba77e2-66ab-4e9c-9f9a-4ec4f11fd80b,5,1,4,19,1,1769062738,2026-01-22 01:21:35
9eb98b3b-ea35-483f-91f6-d90c506152db,14,8,6,6,1,1769062739,2026-01-22 01:21:35
57f144cb-375d-4eee-b458-e288116cb8f7,12,6,6,2,1,1769062739,2026-01-22 01:21:35
f47e1ce9-ff3f-49e9-9a2f-aa5be45d70da,12,2,10,10,1,1769062739,2026-01-22 01:21:35
1ecc9936-ee0c-44b2-baa8-237564c8e4fd,43,17,26,2,1,1769062739,2026-01-22 01:21:35
1891277309535701686,0,0,0,22,1,1769062740,2026-01-22 01:21:35
7af717b9-99ce-4cce-94b4-b445a40537a1,22,2,20,1,1,1769062741,2026-01-22 01:21:35
6fefe1b3-5f0d-47aa-b1dd-cec211239950,3,1,2,19,1,1769062741,2026-01-22 01:21:35
1861681959015615218,0,0,0,25,1,1769062743,2026-01-22 01:21:35
00284700-9d22-42ce-8485-113fed9879c1,15,11,4,3,1,1769062743,2026-01-22 01:21:35
3b530cff-dd26-4cfd-b570-a85fd53354fe,27,7,20,16,1,1769062750,2026-01-22 01:21:35
66ddebce-0aca-11e7-82f6-3863bb44ef7c,27,20,7,1,1,1769062751,2026-01-22 01:21:35
cda60c6d-80f3-41b7-8ece-fe997f6dafb5,4,2,2,16,1,1769062751,2026-01-22 01:21:35
e25f8dee-c110-489f-a978-464ac5c84ca2,11,7,4,13,1,1769062753,2026-01-22 01:21:35
b471c112-1770-4dfe-9e13-fe7479dcb5a5,24,1,23,0,1,1769062753,2026-01-22 01:21:35
2126224876714496782,5,2,3,2,1,1769062753,2026-01-22 01:21:35
0df3a035-5a38-4ec2-826a-0a5376e8d8a0,9,7,2,14,1,1769062753,2026-01-22 01:21:35
1860189075388547142,2,1,1,17,1,1769062755,2026-01-22 01:21:35
1905394575114219798,1,0,1,30,1,1769062755,2026-01-22 01:21:35
699d3378-6ea8-465f-888b-c49c60089ce8,0,0,0,19,1,1769062756,2026-01-22 01:21:35
1856767203049599002,12,1,11,8,1,1769062755,2026-01-22 01:21:35
f0115d11-c678-4274-8bb7-d486dbb63361,14,2,12,3,1,1769062756,2026-01-22 01:21:35
99b7c9a5-9679-417f-b884-21c4b240aa99,10,4,6,8,1,1769062753,2026-01-22 01:21:35
66dbf140-0aca-11e7-82f6-3863bb44ef7c,76,58,18,7,1,1769062752,2026-01-22 01:21:35
1817432709747753390,10,2,8,13,1,1769062752,2026-01-22 01:21:35
1797078913880883846,2,2,0,16,1,1769062751,2026-01-22 01:21:35
b16e9f3f-9b07-486f-a1ca-c76030f5ea64,10,3,7,9,1,1769062754,2026-01-22 01:21:35
f47c7f15-1c30-4199-a09f-134f0f0f684b,8,6,2,15,1,1769062770,2026-01-22 01:21:35
3c5a8531-4eec-4695-b4f8-8a1158890e78,12,10,2,3,1,1769062770,2026-01-22 01:21:35
1817432346178415570,6,2,4,14,1,1769062771,2026-01-22 01:21:35
6ff2eec8-2b72-490a-b1c3-f9892ab3a724,17,13,4,29,1,1769062771,2026-01-22 01:21:35
6dec8948-44c7-4085-9682-446a891feb42,16,3,13,0,1,1769062771,2026-01-22 01:21:35
5a6218aa-c5b7-4436-93c1-dee7cb5322d9,11,3,8,13,1,1769062770,2026-01-22 01:21:35
66dd4f9b-0aca-11e7-82f6-3863bb44ef7c,17,8,9,17,1,1769062769,2026-01-22 01:21:35
1dba415a-2c46-419e-838d-7e068b8d7d6f,9,1,8,10,1,1769062770,2026-01-22 01:21:35
606c7384-75e9-4988-858a-07b88b3a9413,26,3,23,11,1,1769062769,2026-01-22 01:21:35
66db28b5-0aca-11e7-82f6-3863bb44ef7c,64,7,57,10,1,1769062769,2026-01-22 01:21:35
66de14af-0aca-11e7-82f6-3863bb44ef7c,19,4,15,15,1,1769062768,2026-01-22 01:21:35
fc774664-3c9b-4a8f-a79e-f6907db00a1d,16,8,8,16,1,1769062769,2026-01-22 01:21:35
66dc7d58-0aca-11e7-82f6-3863bb44ef7c,72,46,26,1,1,1769062769,2026-01-22 01:21:35
1960021056359127624,22,10,12,1,1,1769062769,2026-01-22 01:21:35
66dd4423-0aca-11e7-82f6-3863bb44ef7c,24,24,0,19,1,1769062769,2026-01-22 01:21:35
1817803079955479336,14,3,11,5,1,1769062771,2026-01-22 01:21:35
ff1e98d3-ae7d-4c53-a531-1845bee1d346,4,4,0,32,1,1769062772,2026-01-22 01:21:35
d5d2aebc-158c-43ec-9105-2a779d0245d8,2,2,0,16,1,1769062772,2026-01-22 01:21:35
08bf2fe0-219d-48cd-87c5-6163b3a2eafd,14,11,3,10,1,1769062774,2026-01-22 01:21:35
d9160982-2d9b-4f08-9469-a559a7b62809,10,8,2,76,1,1769062772,2026-01-22 01:21:35
4aa6bb27-b76b-444e-a3ce-6fb25b822494,4,2,2,15,1,1769062773,2026-01-22 01:21:35
398ebef6-dcc2-4305-b1d2-47efafdaa85c,0,0,0,20,1,1769062774,2026-01-22 01:21:35
971cddfa-695e-4b44-ba8b-26154ab4a83b,7,6,1,10,1,1769062774,2026-01-22 01:21:35
66ddd545-0aca-11e7-82f6-3863bb44ef7c,42,39,3,40,1,1769062772,2026-01-22 01:21:35
1a92d2d3-ddf1-4f34-b28c-ce7a064b9a3e,13,6,7,7,1,1769062778,2026-01-22 01:21:35
3575749f-123a-4a80-870d-7ca7c7f9c8a9,1,1,0,23,1,1769062778,2026-01-22 01:21:35
1856767361963389606,19,2,17,0,1,1769062778,2026-01-22 01:21:35
1828968327357059242,6,4,2,15,1,1769062779,2026-01-22 01:21:35
49f86083-851b-475d-b9ab-64e01b81f725,6,4,2,16,1,1769062778,2026-01-22 01:21:35
66dc7e75-0aca-11e7-82f6-3863bb44ef7c,9,4,5,60,1,1769062779,2026-01-22 01:21:35
3d835eaa-a102-42c5-b6c0-2c693b1d0677,46,43,3,10,1,1769062779,2026-01-22 01:21:35
ee70b21e-4a95-4bdf-802c-50f83a76971d,6,2,4,19,1,1769062776,2026-01-22 01:21:35
de97a7d0-fbb3-4c13-ba6a-2bbd441751fe,9,3,6,9,1,1769062776,2026-01-22 01:21:35
8066575c-f8e9-4e14-95ea-8d25ceeae2ca,3,3,0,28,1,1769062776,2026-01-22 01:21:35
1960021358478625244,19,13,6,56,1,1769062777,2026-01-22 01:21:35
66dde7dc-0aca-11e7-82f6-3863bb44ef7c,5,3,2,14,1,1769062777,2026-01-22 01:21:35
1786686999403592506,26,21,5,3,1,1769062777,2026-01-22 01:21:35
1913988158376585970,23,8,15,4,1,1769062777,2026-01-22 01:21:35
a4c9faeb-2234-457d-ad56-1ab14104b538,0,0,0,19,1,1769062778,2026-01-22 01:21:35
1846086562569586930,18,8,10,2,1,1769062779,2026-01-22 01:21:35
66dde703-0aca-11e7-82f6-3863bb44ef7c,27,19,8,2,1,1769062779,2026-01-22 01:21:35
081d243e-d75e-4e2a-bdae-a990b2397532,9,7,2,13,1,1769062779,2026-01-22 01:21:35
74f913d2-6eac-49ce-bd6d-53a06fa855a6,12,8,4,8,1,1769062780,2026-01-22 01:21:35
7d41ac98-df88-497a-aef9-968660e6da0f,14,5,9,25,1,1769062777,2026-01-22 01:21:35
1845676917264180046,7,0,7,10,1,1769062778,2026-01-22 01:21:35
ce700c09-6095-4b20-ab65-07defdd1a7d7,15,1,14,4,1,1769062808,2026-01-22 01:21:35
034f7f3d-e632-475a-aa01-894480d153df,6,3,3,12,1,1769062808,2026-01-22 01:21:35
28a2436d-a52b-4fa4-874c-e096012a926d,13,13,0,5,1,1769062809,2026-01-22 01:21:35
edc9b877-c311-46b4-a780-59ee7e692324,25,14,11,10,1,1769062809,2026-01-22 01:21:35
82b97827-1801-4b7b-b3de-16447a8dd025,6,1,5,12,1,1769062809,2026-01-22 01:21:35
1869754143518014264,24,4,20,13,1,1769062813,2026-01-22 01:21:35
676b7b4d-b1c0-4c97-8ac3-5fe665e51108,3,3,0,20,1,1769062814,2026-01-22 01:21:35
f6143531-4a16-4aac-9b55-573ef7ef162e,9,3,6,11,1,1769062814,2026-01-22 01:21:35
7e36cd9b-b271-42e5-b344-b7a3771c795e,9,5,4,35,1,1769062814,2026-01-22 01:21:35
b4ae292d-5e89-4c58-8154-0496893394b5,0,0,0,22,1,1769062814,2026-01-22 01:21:35
66db2f4c-0aca-11e7-82f6-3863bb44ef7c,27,16,11,49,1,1769062814,2026-01-22 01:21:35
46bdd925-fb6c-4654-85d8-e0db4da62abf,34,13,21,1,1,1769062809,2026-01-22 01:21:35
66dd1bf3-0aca-11e7-82f6-3863bb44ef7c,41,0,41,6,1,1769062810,2026-01-22 01:21:35
9be6c750-85b6-4e81-bace-1a8ffe941d7b,3,0,3,17,1,1769062811,2026-01-22 01:21:35
92ffa9d6-8cb1-44cf-8059-391b03d58071,0,0,0,26,1,1769062811,2026-01-22 01:21:35
1d440638-ec50-4ccb-9a82-0e3247a87c63,37,17,19,2,1,1769062811,2026-01-22 01:21:35
bdc116cd-4d63-4693-846c-ec5073314007,6,5,1,14,1,1769062811,2026-01-22 01:21:35
66db728c-0aca-11e7-82f6-3863bb44ef7c,3,0,3,52,1,1769062814,2026-01-22 01:21:35
1835246516012366338,4,1,3,16,1,1769062815,2026-01-22 01:21:35
1857217349795049790,6,4,2,9,1,1769062815,2026-01-22 01:21:35
1835250199411134468,8,2,6,13,1,1769062815,2026-01-22 01:21:35
66db3898-0aca-11e7-82f6-3863bb44ef7c,23,16,7,7,1,1769062815,2026-01-22 01:21:35
2126624118513887578,11,7,4,3,1,1769062815,2026-01-22 01:21:35
66dca5f3-0aca-11e7-82f6-3863bb44ef7c,6,2,4,40,1,1769062816,2026-01-22 01:21:35
66de077f-0aca-11e7-82f6-3863bb44ef7c,22,13,9,35,1,1769062813,2026-01-22 01:21:35
1861683217585879154,26,9,17,19,1,1769062813,2026-01-22 01:21:35
66dbf6d2-0aca-11e7-82f6-3863bb44ef7c,8,6,2,21,1,1769062812,2026-01-22 01:21:35
76c1ef9c-3984-4b4e-bff4-5c398e2395bd,13,12,1,10,1,1769062812,2026-01-22 01:21:35
7e70b65e-00c1-40d5-984d-17232a4ee05e,25,13,12,20,1,1769062812,2026-01-22 01:21:35
0f6fd186-656a-41b3-ba4a-456d22da177c,32,17,15,5,1,1769062812,2026-01-22 01:21:35
ee1d39c5-47c8-4527-9456-3719c50b7be5,13,2,11,4,1,1769062812,2026-01-22 01:21:35
90fca941-2212-43bf-b104-ce32c4270d4d,0,0,0,19,1,1769062812,2026-01-22 01:21:35
66de1a1f-0aca-11e7-82f6-3863bb44ef7c,12,11,1,21,1,1769062812,2026-01-22 01:21:35
c1e24edf-7192-433f-8d38-be5b6b3647c5,1,1,0,26,1,1769062816,2026-01-22 01:21:35
44a43ebf-cacf-4251-9ceb-e1c331ef1673,1,1,0,16,1,1769062816,2026-01-22 01:21:35
c0ce2a38-04f5-4333-8818-2a3faa84f214,23,3,20,4,1,1769062816,2026-01-22 01:21:35
2123939242997647892,8,1,7,6,1,1769062816,2026-01-22 01:21:35
2124037510131026812,21,14,7,0,1,1769062816,2026-01-22 01:21:35
1879828885264130640,12,3,9,8,1,1769062817,2026-01-22 01:21:35
d7c12bf1-1ec8-496a-beca-90ba76c53241,4,1,3,13,1,1769062817,2026-01-22 01:21:35
b7af52d2-fd23-4970-8513-be7c681480c4,48,33,15,6,1,1769062817,2026-01-22 01:21:35
0e405c35-322f-4705-8ea7-769eb3fd028a,8,3,5,9,1,1769062817,2026-01-22 01:21:35
8d8a381c-21df-4095-837e-65924d85a06d,1,1,0,19,1,1769062818,2026-01-22 01:21:35
c7dbc7b5-240b-494d-8663-dbee4103a20c,10,1,9,9,1,1769062818,2026-01-22 01:21:35
66dea8ff-0aca-11e7-82f6-3863bb44ef7c,15,6,9,19,1,1769062818,2026-01-22 01:21:35
89d4a926-f1ae-4bf2-bf2d-59cff3881579,60,14,46,13,1,1769062818,2026-01-22 01:21:35
66dd3cb4-0aca-11e7-82f6-3863bb44ef7c,21,1,20,11,1,1769062819,2026-01-22 01:21:35
66dc8d1d-0aca-11e7-82f6-3863bb44ef7c,13,7,6,44,1,1769062819,2026-01-22 01:21:35
66ddda59-0aca-11e7-82f6-3863bb44ef7c,0,0,0,10,0,1769002745,2026-01-22 01:21:35
66dd5960-0aca-11e7-82f6-3863bb44ef7c,0,0,0,17,0,1768981537,2026-01-22 01:21:35
66dd6721-0aca-11e7-82f6-3863bb44ef7c,4,0,4,14,1,1769062729,2026-01-22 01:21:35
e163ce54-4c39-43c5-9831-e10a2603527d,17,2,15,4,1,1769062750,2026-01-22 01:21:35
2116635993049651742,3,0,3,9,1,1769062770,2026-01-22 01:21:35
3d1db3fa-1df5-46c8-baf3-619b729f5bda,9,2,7,8,1,1769062775,2026-01-22 01:21:35
66dd8479-0aca-11e7-82f6-3863bb44ef7c,11,1,10,11,1,1769062781,2026-01-22 01:21:35
2116635307734817684,4,2,2,11,1,1769062782,2026-01-22 01:21:35
681a8bdb-65ff-4078-a5de-74927502da4e,17,10,7,1,1,1769062786,2026-01-22 01:21:35
1839334257267825432,0,0,0,13,1,1769062796,2026-01-22 01:21:35
4a48175b-c239-4d5e-b1b8-03eda4239678,23,2,21,7,1,1769062796,2026-01-22 01:21:35
7478be11-37d8-49b1-a253-f0810045f6ff,0,0,0,2,0,1769031918,2026-01-22 01:21:35
6107e75a-2493-4e3d-a3e0-d4886d3416e5,13,2,11,0,1,1769062798,2026-01-22 01:21:35
d09709d2-e119-48c4-aa22-29432a13a35a,0,0,0,6,0,1769013015,2026-01-22 01:21:35
f417d8da-0f15-49b0-9e3c-3c3e55c2691d,19,8,11,3,1,1769062807,2026-01-22 01:21:35
2108372562172578194,16,15,1,2,1,1769062814,2026-01-22 01:21:35
66dd5e69-0aca-11e7-82f6-3863bb44ef7c,0,0,0,9,0,1769049974,2026-01-22 01:21:35
2de92329-48d0-4cf7-85df-172f91bbb320,10,10,0,19,1,1769062810,2026-01-22 01:21:35
537a2f47-26a3-4776-ba9d-e2acd2ffbee1,0,0,0,8,1,1769062532,2026-01-22 01:21:35
2116636101124803154,10,0,10,4,1,1769062695,2026-01-22 01:21:35
3742e2ab-6cd0-40cf-846a-72cbe637afe1,0,0,0,0,0,1769009407,2026-01-22 01:21:35
f841ae52-0bbb-49db-b6eb-f898fbce6108,3,1,2,14,1,1769062720,2026-01-22 01:21:35
66dd9183-0aca-11e7-82f6-3863bb44ef7c,12,9,3,1,1,1769062727,2026-01-22 01:21:35
c32d6965-4fae-4f1f-a5f2-7f2ef5f439fc,20,5,15,0,1,1769062744,2026-01-22 01:21:35
2036428272250118978,15,11,4,5,1,1769062747,2026-01-22 01:21:35
2108372790290481846,3,3,0,11,1,1769062790,2026-01-22 01:21:35
66dd650d-0aca-11e7-82f6-3863bb44ef7c,6,5,1,8,1,1769062794,2026-01-22 01:21:35
915057d4-edbc-4c73-8d81-dda33d600d58,14,8,6,4,1,1769062794,2026-01-22 01:21:35
66dd83fc-0aca-11e7-82f6-3863bb44ef7c,13,1,12,9,1,1769062753,2026-01-22 01:21:35
43318169-d1ae-4a1a-9578-23cfa3fdbac9,0,0,0,21,1,1769062769,2026-01-22 01:21:35
0bb12c94-efdb-40ac-98fe-9521ba373b57,0,0,0,30,1,1769062768,2026-01-22 01:21:35
66ddded0-0aca-11e7-82f6-3863bb44ef7c,9,7,2,4,1,1769062780,2026-01-22 01:21:35
66ddde40-0aca-11e7-82f6-3863bb44ef7c,12,4,8,5,1,1769062780,2026-01-22 01:21:35
66dd836d-0aca-11e7-82f6-3863bb44ef7c,9,3,6,13,1,1769062779,2026-01-22 01:21:35
66dddc98-0aca-11e7-82f6-3863bb44ef7c,12,8,4,13,1,1769062783,2026-01-22 01:21:35
ded4386f-9f69-43c6-a566-4511920c3e39,16,9,7,6,1,1769062782,2026-01-22 01:21:35
a59f4f11-5d52-43a2-8a32-ae71137a6af8,0,0,0,6,0,1768903723,2026-01-22 01:21:35
66dd7cab-0aca-11e7-82f6-3863bb44ef7c,14,10,4,12,1,1769062814,2026-01-22 01:21:35
e2c00264-9eea-446d-a1b7-27cef3aed403,12,7,5,1,1,1769062817,2026-01-22 01:21:35
21c4a77d-b1ae-4262-b143-087fd14a07b8,12,3,9,4,1,1769062818,2026-01-22 01:21:35
66dddae7-0aca-11e7-82f6-3863bb44ef7c,2,0,2,16,1,1769062817,2026-01-22 01:21:35
66dd8043-0aca-11e7-82f6-3863bb44ef7c,8,8,0,8,1,1769062820,2026-01-22 01:21:35
823c0615-2832-4e76-85f0-7cf527151aba,0,0,0,0,0,86400,2026-01-22 01:21:35
2058728861810389252,0,0,0,16,0,1768997527,2026-01-22 01:21:35
2157737368545384190,2,2,0,14,1,1769062651,2026-01-22 01:21:35
8ae0bf30-9979-461e-a947-2dd89f293b40,5,0,5,8,1,1769062734,2026-01-22 01:21:35
dd8b2f53-8b94-4082-9576-994a4962f9d5,0,0,0,17,1,1769062744,2026-01-22 01:21:35
655b0878-c22b-4f8c-8675-21bf30d1eebf,9,1,8,6,1,1769062755,2026-01-22 01:21:35
2108372139456801688,16,7,9,2,1,1769062765,2026-01-22 01:21:35
66dd63de-0aca-11e7-82f6-3863bb44ef7c,13,10,3,4,1,1769062760,2026-01-22 01:21:35
1849747691035224144,10,3,7,4,1,1769062776,2026-01-22 01:21:35
66dd7f10-0aca-11e7-82f6-3863bb44ef7c,7,4,3,19,1,1769062774,2026-01-22 01:21:35
2116635417524034072,7,6,1,8,1,1769062773,2026-01-22 01:21:35
66dd5f99-0aca-11e7-82f6-3863bb44ef7c,0,0,0,3,0,1768987808,2026-01-22 01:21:35
66dd58f2-0aca-11e7-82f6-3863bb44ef7c,6,1,5,7,1,1769062804,2026-01-22 01:21:35
1ec24ce3-2b69-4f3a-a153-c73e583d11f3,2,2,0,16,1,1769062802,2026-01-22 01:21:35
5f798c51-5d8b-4add-9f81-341f54a82ffa,18,8,10,1,1,1769062805,2026-01-22 01:21:35
66ddd78e-0aca-11e7-82f6-3863bb44ef7c,11,9,2,1,1,1769062807,2026-01-22 01:21:35
2290031f-e7d8-40a3-9ad6-566df493bbbc,3,0,3,38,1,1769062786,2026-01-22 01:21:35
33a797e8-6be2-4868-b9f6-1be157eaa0a5,1,0,1,18,1,1769062789,2026-01-22 01:21:35
2108373096850688302,2,2,0,12,1,1769062785,2026-01-22 01:21:35
2116635868495600156,3,1,2,11,1,1769062750,2026-01-22 01:21:35
2116635185595800086,10,7,3,5,1,1769062797,2026-01-22 01:21:35
fadf00cf-d84a-49e8-9607-c67154915412,20,11,9,5,1,1769062798,2026-01-22 01:21:35
22cd02a2-228f-4eeb-b249-cbea51a0e219,7,1,6,11,1,1769062812,2026-01-22 01:21:35
ccfa1f8f-f930-45f2-9cda-375c01596ca2,2,2,0,16,1,1769062815,2026-01-22 01:21:35
66dd630c-0aca-11e7-82f6-3863bb44ef7c,17,11,6,1,1,1769062813,2026-01-22 01:21:35
1844599666569400604,0,0,0,23,1,1769062701,2026-01-22 01:21:35
2116885281736356212,6,2,4,7,1,1769062707,2026-01-22 01:21:35
66dd6441-0aca-11e7-82f6-3863bb44ef7c,5,1,4,9,1,1769062711,2026-01-22 01:21:35
3371df76-39db-43ab-b3d6-fac0be55311f,10,6,4,4,1,1769062742,2026-01-22 01:21:35
66dddf5f-0aca-11e7-82f6-3863bb44ef7c,4,4,0,9,1,1769062743,2026-01-22 01:21:35
2108372029596633484,2,0,2,10,1,1769062740,2026-01-22 01:21:35
66ddd81a-0aca-11e7-82f6-3863bb44ef7c,11,6,5,3,1,1769062738,2026-01-22 01:21:35
66dd7fe2-0aca-11e7-82f6-3863bb44ef7c,14,4,10,7,1,1769062747,2026-01-22 01:21:35
66dd7b37-0aca-11e7-82f6-3863bb44ef7c,16,13,3,8,1,1769062766,2026-01-22 01:21:35
66dd6000-0aca-11e7-82f6-3863bb44ef7c,17,16,1,5,1,1769062805,2026-01-22 01:21:35
4aecd6f2-8a84-4bed-a528-dc6870877292,0,0,0,18,1,1769062796,2026-01-22 01:21:35
2108373197827738014,12,5,7,9,1,1769062801,2026-01-22 01:21:35
66dd80ac-0aca-11e7-82f6-3863bb44ef7c,9,0,9,12,1,1769062776,2026-01-22 01:21:35
2165507807810224012,0,0,0,11,1,1769062809,2026-01-22 01:21:35
2158919319277979600,7,4,3,7,1,1769062763,2026-01-22 01:21:35
66dd8b48-0aca-11e7-82f6-3863bb44ef7c,15,11,4,3,1,1769062814,2026-01-22 01:21:35
2157736614125310040,6,4,2,10,1,1769062820,2026-01-22 01:21:35
66dddc08-0aca-11e7-82f6-3863bb44ef7c,0,0,0,1,0,1768955549,2026-01-22 01:21:35
bd6f422b-d7ae-4d7e-9261-653fdd8e6888,22,14,8,3,1,1769062700,2026-01-22 01:21:35
2108372356498784942,6,1,5,4,1,1769062707,2026-01-22 01:21:35
2116634708854430228,9,1,8,9,1,1769062725,2026-01-22 01:21:35
66dd5a42-0aca-11e7-82f6-3863bb44ef7c,13,12,1,9,1,1769062745,2026-01-22 01:21:35
5aa81a37-ea1d-4bf6-ab40-4751c6b4fb08,14,13,1,2,1,1769062747,2026-01-22 01:21:35
2116636221383887448,15,0,15,3,1,1769062755,2026-01-22 01:21:35
66ddd93e-0aca-11e7-82f6-3863bb44ef7c,7,3,4,7,1,1769062796,2026-01-22 01:21:35
66ddddb4-0aca-11e7-82f6-3863bb44ef7c,10,8,2,4,1,1769062798,2026-01-22 01:21:35
5faf99b8-9046-450f-9d2a-d13279b3d016,13,5,8,18,1,1769062731,2026-01-22 01:21:35
519824e4-69ba-4270-a395-17c204f328f8,6,1,5,15,1,1769062757,2026-01-22 01:21:35
b6a13f2b-deb4-4f4d-9d67-7d23bee27c88,7,1,6,7,1,1769062759,2026-01-22 01:21:35
66dddd28-0aca-11e7-82f6-3863bb44ef7c,8,6,2,6,1,1769062784,2026-01-22 01:21:35
581211b2-4e42-48f2-8a8f-5f968cb1c5df,0,0,0,30,1,1769062782,2026-01-22 01:21:35
66dd5f24-0aca-11e7-82f6-3863bb44ef7c,4,2,2,18,1,1769062785,2026-01-22 01:21:35
46813ecf-8df4-4c8f-9579-0179e0b36ba6,9,6,3,7,1,1769062783,2026-01-22 01:21:35
9d344652-976b-4c2d-bede-2ef19b0fbf13,15,4,11,3,1,1769062741,2026-01-22 01:21:35
2088688422524183306,0,0,0,39,1,1769062753,2026-01-22 01:21:35
2108372903577159978,4,4,0,10,1,1769062754,2026-01-22 01:21:35
cbc48689-7805-49dd-9669-5471f4b7b6fb,0,0,0,21,1,1769062810,2026-01-22 01:21:35
66ddd8a8-0aca-11e7-82f6-3863bb44ef7c,12,11,1,2,1,1769062814,2026-01-22 01:21:35
2108373961268485100,5,1,4,9,1,1769062818,2026-01-22 01:21:35
2116635527663355916,0,0,0,11,1,1769062820,2026-01-22 01:21:35
96e72113-3681-4d19-88bb-032e76720093,0,0,0,0,0,86400,2026-01-22 01:57:14
1905837242740508940,0,0,0,0,0,86400,2026-01-22 01:57:14
41495491-5d89-4e14-aab9-c3db04aad399,0,0,0,0,0,86400,2026-01-22 01:57:14
b9720921-8170-43ea-a5ae-b61b9161eb49,0,0,0,0,0,86400,2026-01-22 01:57:14
2171903488884523500,0,0,0,0,0,86400,2026-01-22 01:57:14
2171903608969565866,0,0,0,0,0,86400,2026-01-22 01:57:14
2171904223419888148,0,0,0,0,0,86400,2026-01-22 01:57:14
1814907423052790164,21,2,19,0,1,1769064721,2026-01-22 01:57:14
66dc8db1-0aca-11e7-82f6-3863bb44ef7c,45,1,44,7,1,1769064726,2026-01-22 01:57:14
3db799ba-b574-4e5f-95e5-c767bec2acb6,18,5,13,10,1,1769064782,2026-01-22 01:57:14
1875415144760576328,16,16,0,5,1,1769064783,2026-01-22 01:57:14
66de85d2-0aca-11e7-82f6-3863bb44ef7c,27,23,4,18,1,1769064785,2026-01-22 01:57:14
943a1a27-1328-4823-8945-28d845280383,20,20,0,7,1,1769064782,2026-01-22 01:57:14
595cf79f-7783-4373-b3d5-775bcf76033b,1,1,0,16,1,1769064788,2026-01-22 01:57:14
66dbcbbc-0aca-11e7-82f6-3863bb44ef7c,70,28,42,2,1,1769064789,2026-01-22 01:57:14
66dd45c7-0aca-11e7-82f6-3863bb44ef7c,24,20,4,6,1,1769064797,2026-01-22 01:57:14
1d32e684-602b-46b6-8c96-ab47b57a03f3,8,5,3,14,1,1769064797,2026-01-22 01:57:14
66dbe15d-0aca-11e7-82f6-3863bb44ef7c,14,2,12,10,1,1769064801,2026-01-22 01:57:14
66de73fd-0aca-11e7-82f6-3863bb44ef7c,11,9,2,14,1,1769064802,2026-01-22 01:57:14
1860189650739626488,5,4,1,16,1,1769064800,2026-01-22 01:57:14
66de71af-0aca-11e7-82f6-3863bb44ef7c,15,1,14,21,1,1769064800,2026-01-22 01:57:14
faf98f78-51ab-4248-b7e7-f402902385a6,2,1,1,16,1,1769064803,2026-01-22 01:57:14
7aa86431-bbc5-4d9c-8198-9630c9d32a22,6,0,6,14,1,1769064804,2026-01-22 01:57:14
66dd2060-0aca-11e7-82f6-3863bb44ef7c,36,10,26,12,1,1769064804,2026-01-22 01:57:14
69717638-5c4a-47a7-bccb-3b42c81eb09f,13,6,7,6,1,1769064803,2026-01-22 01:57:14
af72ab76-c6cb-4994-af96-51fa8846ecdc,4,4,0,15,1,1769064798,2026-01-22 01:57:14
74723006-b32f-4590-8cc7-f15eec3808fe,7,3,4,19,1,1769064798,2026-01-22 01:57:14
66dcc0b2-0aca-11e7-82f6-3863bb44ef7c,4,2,2,18,1,1769064805,2026-01-22 01:57:14
0f98907a-d4cc-45e0-b174-7d9dfda74106,2,0,2,30,1,1769064807,2026-01-22 01:57:14
a3d72b5b-9587-4f33-9722-c01e20a9b358,5,4,1,23,1,1769064807,2026-01-22 01:57:14
633fbc4c-7617-47ba-a393-aad7a8d26a3e,17,0,17,7,1,1769064807,2026-01-22 01:57:14
1917312704757770810,34,27,7,1,1,1769064807,2026-01-22 01:57:14
1960019951675478680,10,6,4,19,1,1769064808,2026-01-22 01:57:14
c63a83a0-bda1-40a6-835b-f82c363543b9,5,3,2,12,1,1769064808,2026-01-22 01:57:14
66db75cc-0aca-11e7-82f6-3863bb44ef7c,42,21,21,1,1,1769064809,2026-01-22 01:57:14
c2d549f8-f54c-4a0d-9ecd-6e6f79118279,16,10,6,6,1,1769064805,2026-01-22 01:57:14
e9b3a725-6963-4151-8f7f-9beeb51fa20f,2,0,2,13,1,1769064806,2026-01-22 01:57:14
566a6389-5c22-49ca-8c24-4d9eea135170,0,0,0,26,1,1769064808,2026-01-22 01:57:14
c638ec67-9ac0-416f-944f-619926144931,57,57,0,63,1,1769064809,2026-01-22 01:57:14
1882824287789509296,6,2,4,38,1,1769064810,2026-01-22 01:57:14
1834145589124844432,4,3,1,14,1,1769064810,2026-01-22 01:57:14
6fb81fda-f0b5-4242-90f9-88d0214feb8d,1,1,0,18,1,1769064810,2026-01-22 01:57:14
d73e26de-8534-4b46-a321-3cae295ef9b2,3,2,1,28,1,1769064814,2026-01-22 01:57:14
b4974d89-932c-4a9f-a264-2ea0cf70613e,8,7,1,10,1,1769064814,2026-01-22 01:57:14
1862008701134683118,6,1,5,17,1,1769064815,2026-01-22 01:57:14
457ea5d7-d643-4028-87db-46dee0b81555,24,19,5,0,1,1769064815,2026-01-22 01:57:14
66de12ff-0aca-11e7-82f6-3863bb44ef7c,13,12,1,6,1,1769064812,2026-01-22 01:57:14
29a41b09-698f-43e2-82ff-f94f73e74841,16,0,16,2,1,1769064813,2026-01-22 01:57:14
1937777808143497236,5,5,0,27,1,1769064815,2026-01-22 01:57:14
579e583e-60ab-4f2a-83d0-fabebddfcd0f,10,9,1,6,1,1769064815,2026-01-22 01:57:14
66de0a78-0aca-11e7-82f6-3863bb44ef7c,19,2,17,0,1,1769064811,2026-01-22 01:57:14
d18512f9-52c8-4175-92b9-b6258dc30748,4,4,0,16,1,1769064816,2026-01-22 01:57:14
66dd26f9-0aca-11e7-82f6-3863bb44ef7c,26,10,16,4,1,1769064811,2026-01-22 01:57:14
b713367c-3572-4225-b74a-9319ab537838,2,1,1,17,1,1769064821,2026-01-22 01:57:14
1869753484503987044,4,2,2,15,1,1769064821,2026-01-22 01:57:14
cb9840a3-4ae2-420d-865c-9ac45e2f5485,13,7,6,2,1,1769064818,2026-01-22 01:57:14
0fa27bd7-b182-4e7a-b5bb-90f4249cb368,18,7,11,4,1,1769064818,2026-01-22 01:57:14
98ebf9c6-1d94-4e21-9007-c623875fdb5e,14,0,14,3,1,1769064820,2026-01-22 01:57:14
0b613329-b8c8-4b8c-ad40-79952aa41157,21,16,5,0,1,1769064817,2026-01-22 01:57:14
ca7ec509-cefc-4ac6-b729-08999d191051,20,3,17,2,1,1769064817,2026-01-22 01:57:14
66dd4d70-0aca-11e7-82f6-3863bb44ef7c,18,10,8,22,1,1769064819,2026-01-22 01:57:14
1096fc76-794e-4343-8eb0-0dd6c9a48266,3,3,0,14,1,1769064819,2026-01-22 01:57:14
93da4d1b-d574-45b0-85d7-5b82e2887267,19,2,17,2,1,1769064819,2026-01-22 01:57:14
66db2a71-0aca-11e7-82f6-3863bb44ef7c,42,21,21,1,1,1769064816,2026-01-22 01:57:14
38af3d1a-9916-46cf-b22e-86fc8648bf30,14,4,10,5,1,1769064817,2026-01-22 01:57:14
ad57266c-34da-43da-8b48-2ba856002fbf,10,0,10,19,1,1769064825,2026-01-22 01:57:14
2104286315955915532,12,11,1,54,1,1769064825,2026-01-22 01:57:14
1838071008881986168,12,0,12,15,1,1769064825,2026-01-22 01:57:14
c71cca54-17f6-42bc-ba94-3f5bd9c70197,34,0,34,9,1,1769064826,2026-01-22 01:57:14
59af018a-2ee9-489a-b445-bb6fba9c1119,7,3,4,8,1,1769064826,2026-01-22 01:57:14
f3140fb8-347b-4dca-96df-eeef2d1bfc50,4,1,3,13,1,1769064826,2026-01-22 01:57:14
66ddea99-0aca-11e7-82f6-3863bb44ef7c,1,1,0,19,1,1769064824,2026-01-22 01:57:14
475c44e1-31e3-4c60-b071-af2ca3f7618c,9,6,3,11,1,1769064824,2026-01-22 01:57:14
1859088223746072684,7,0,7,11,1,1769064824,2026-01-22 01:57:14
ab6aadd8-fa45-43aa-abea-c8e01ec5a0c8,15,0,15,6,1,1769064824,2026-01-22 01:57:14
66db6f2e-0aca-11e7-82f6-3863bb44ef7c,9,1,8,31,1,1769064825,2026-01-22 01:57:14
24509e46-a0de-47e8-ba40-9441da68952a,4,3,1,14,1,1769064826,2026-01-22 01:57:14
1b00fb53-da32-4b14-9a9a-84a391c8951c,15,15,0,12,1,1769064827,2026-01-22 01:57:14
1861678548643203686,1,0,1,24,1,1769064823,2026-01-22 01:57:14
023cf549-bd85-4f9a-abd8-70ba29d7e86b,4,3,1,15,1,1769064823,2026-01-22 01:57:14
324e93c8-4f3d-4a5f-becd-00e6f49fe4dd,10,0,10,9,1,1769064823,2026-01-22 01:57:14
1849010133527040242,10,8,2,9,1,1769064824,2026-01-22 01:57:14
2ebbe93b-a013-464a-b4a5-0eba96f89676,15,15,0,3,1,1769064832,2026-01-22 01:57:14
e9575102-1081-4c30-8d15-ea95913579e2,2,1,1,16,1,1769064832,2026-01-22 01:57:14
498d7e8e-5164-4f26-9ce6-399947d73b1a,5,0,5,12,1,1769064832,2026-01-22 01:57:14
517409d3-a94a-4140-a6de-ff0de9221ed2,2,1,1,18,1,1769064832,2026-01-22 01:57:14
1986707977001495180,4,3,1,14,1,1769064829,2026-01-22 01:57:14
81a98b0b-cfd6-48b4-90bd-806ebbc264a0,4,1,3,15,1,1769064830,2026-01-22 01:57:14
66de4959-0aca-11e7-82f6-3863bb44ef7c,19,8,11,4,1,1769064830,2026-01-22 01:57:14
66dd4c5f-0aca-11e7-82f6-3863bb44ef7c,11,10,1,54,1,1769064832,2026-01-22 01:57:14
c7604869-5b55-40cf-812e-fc97901bdf14,40,10,30,1,1,1769064833,2026-01-22 01:57:14
1828965347681089818,10,2,8,10,1,1769064834,2026-01-22 01:57:14
1860189327773878824,22,6,16,2,1,1769064833,2026-01-22 01:57:14
1786698321265653818,13,9,4,26,1,1769064827,2026-01-22 01:57:14
66dc17df-0aca-11e7-82f6-3863bb44ef7c,0,0,0,0,0,1769064827,2026-01-22 01:57:14
581bc4fe-cf14-4767-8377-6fa156ff8a29,8,1,7,9,1,1769064828,2026-01-22 01:57:14
6e5a8cab-cf1a-4584-8133-01835b56ad71,14,4,10,11,1,1769064829,2026-01-22 01:57:14
ff745407-c087-4c0d-a965-98baf078f292,14,13,1,7,1,1769064829,2026-01-22 01:57:14
7dda8844-60ba-4449-b05c-54c1d14ab5fb,63,46,17,5,1,1769064831,2026-01-22 01:57:14
5a24acbb-94ef-4cb5-9db8-f6073ac26a2b,4,3,1,15,1,1769064830,2026-01-22 01:57:14
61f2ffd4-159a-42b3-a4d9-3fdfc3349074,4,2,2,16,1,1769064831,2026-01-22 01:57:14
69f84045-48f9-4c6c-90d3-0503e5ed39e9,17,16,1,4,1,1769064831,2026-01-22 01:57:14
63a838a8-9acf-4ba1-91f5-c676f6ef2f7d,14,3,11,5,1,1769064831,2026-01-22 01:57:14
9394fb49-583f-4426-8d2f-a2b0ffb584d2,7,3,4,40,1,1769064833,2026-01-22 01:57:14
d470e82e-d109-4e2e-b66a-f5e944cbfe97,19,6,13,0,1,1769064834,2026-01-22 01:57:14
ef6216aa-d3c8-46bb-8c6b-b62f8ba51b16,11,5,6,11,1,1769064837,2026-01-22 01:57:14
1826348248869574940,5,0,5,25,1,1769064837,2026-01-22 01:57:14
2c8b263e-952c-4941-a671-ef0ebb062632,18,2,16,2,1,1769064837,2026-01-22 01:57:14
837b7db3-55c6-4595-a497-834972631752,4,3,1,13,1,1769064835,2026-01-22 01:57:14
66dc120f-0aca-11e7-82f6-3863bb44ef7c,8,6,2,62,1,1769064835,2026-01-22 01:57:14
18a2cbb6-91f2-4393-82fb-b40a8ba90f20,2,0,2,18,1,1769064835,2026-01-22 01:57:14
66ddeaff-0aca-11e7-82f6-3863bb44ef7c,12,8,4,16,1,1769064835,2026-01-22 01:57:14
f8c242cd-da59-4f0e-afd6-832bbdd7d328,15,4,11,4,1,1769064836,2026-01-22 01:57:14
576abdc1-986e-48b0-bde2-051a13d3ff59,5,3,2,14,1,1769064836,2026-01-22 01:57:14
1854538387432581604,19,2,17,0,1,1769064834,2026-01-22 01:57:14
528ed1e0-75aa-45be-8afe-c3f1c950782f,9,1,8,11,1,1769064837,2026-01-22 01:57:14
66de17f7-0aca-11e7-82f6-3863bb44ef7c,14,13,1,21,1,1769064836,2026-01-22 01:57:14
1f8f6714-42a7-45d5-86cd-a093c940b2c9,0,0,0,24,1,1769064840,2026-01-22 01:57:14
c3189056-8eda-4278-891f-e8e15c2d759a,3,3,0,21,1,1769064841,2026-01-22 01:57:14
823ef531-40e6-4397-b973-86bf5b032076,12,11,1,11,1,1769064841,2026-01-22 01:57:14
b0bac4ef-bb57-4598-a433-75c281170d5b,8,2,6,12,1,1769064841,2026-01-22 01:57:14
66de2707-0aca-11e7-82f6-3863bb44ef7c,18,12,6,27,1,1769064842,2026-01-22 01:57:14
754ac5df-f2b5-4636-8c58-ed84ea262bde,0,0,0,20,1,1769064842,2026-01-22 01:57:14
29ced315-14b5-4edc-bef2-665316dfe3dd,30,8,22,15,1,1769064841,2026-01-22 01:57:14
922763d6-d73c-4678-8bcd-f42ee3a236db,7,3,4,13,1,1769064841,2026-01-22 01:57:14
66dcc37f-0aca-11e7-82f6-3863bb44ef7c,8,5,3,14,1,1769064842,2026-01-22 01:57:14
66dc80b4-0aca-11e7-82f6-3863bb44ef7c,1,0,1,57,1,1769064842,2026-01-22 01:57:14
f681f980-185d-45b9-8490-bb2606624dd4,2,2,0,16,1,1769064843,2026-01-22 01:57:14
525535e3-dde3-47b4-9c2e-0174eaa4f2bb,19,7,12,2,1,1769064843,2026-01-22 01:57:14
bc5235a5-7f10-4a27-806e-9c25fa700959,16,1,15,24,1,1769064839,2026-01-22 01:57:14
12279d2b-29f6-4e02-a7f0-244970f7edd5,10,2,8,16,1,1769064840,2026-01-22 01:57:14
66dde103-0aca-11e7-82f6-3863bb44ef7c,38,34,4,0,1,1769064840,2026-01-22 01:57:14
4d24ab76-2f4a-4004-9fc5-09c00c1d9aa4,17,0,17,12,1,1769064840,2026-01-22 01:57:14
66de0d91-0aca-11e7-82f6-3863bb44ef7c,21,0,21,6,1,1769064843,2026-01-22 01:57:14
549b5bc4-b949-4eeb-8ffb-2215e1e49892,35,30,5,18,1,1769064844,2026-01-22 01:57:14
66dd3d7f-0aca-11e7-82f6-3863bb44ef7c,12,9,3,23,1,1769064844,2026-01-22 01:57:14
2171919049376995084,2,2,0,29,1,1769064844,2026-01-22 01:57:14
c00ef46d-fcde-48e2-afbd-0fb595fe3fa7,27,14,13,2,1,1769064844,2026-01-22 01:57:14
ebae0b66-e463-4ded-9b7a-43c0aca9b37a,13,4,9,6,1,1769064844,2026-01-22 01:57:14
1794852638057746848,21,1,20,0,1,1769064838,2026-01-22 01:57:14
66de5005-0aca-11e7-82f6-3863bb44ef7c,15,3,12,10,1,1769064838,2026-01-22 01:57:14
82c85f05-4722-48ae-9f64-0522012eb3c8,7,2,5,16,1,1769064838,2026-01-22 01:57:14
6fab98b7-b06a-49d8-a4d1-087ffce0ebcf,0,0,0,17,1,1769064838,2026-01-22 01:57:14
9635affa-8b18-42d5-84c4-7f67ad5ef9d0,11,6,5,6,1,1769064839,2026-01-22 01:57:14
1817822909864556798,5,5,0,22,1,1769064839,2026-01-22 01:57:14
66db41bf-0aca-11e7-82f6-3863bb44ef7c,23,0,23,9,1,1769064843,2026-01-22 01:57:14
180b83a0-329c-4069-87be-df862cb1baed,22,19,3,1,1,1769064847,2026-01-22 01:57:14
66dc8a3d-0aca-11e7-82f6-3863bb44ef7c,34,6,28,38,1,1769064846,2026-01-22 01:57:14
18eccc71-66be-4e4c-8335-095a9bf0df94,1,1,0,32,1,1769064846,2026-01-22 01:57:14
807e9f5a-49b6-4b7e-847b-4a60cff330ed,2,1,1,15,1,1769064847,2026-01-22 01:57:14
1799624430022654108,5,2,3,15,1,1769064848,2026-01-22 01:57:14
66dbcd6c-0aca-11e7-82f6-3863bb44ef7c,28,18,10,4,1,1769064846,2026-01-22 01:57:14
2a66ed0a-5e6d-4893-a1d1-876bb2bac4be,5,0,5,21,1,1769064846,2026-01-22 01:57:14
66dba303-0aca-11e7-82f6-3863bb44ef7c,5,0,5,8,1,1769064845,2026-01-22 01:57:14
816e50eb-dc4b-47dc-b773-154e2020cb0d,2,1,1,17,1,1769064845,2026-01-22 01:57:14
1965202298784063998,2,2,0,25,1,1769064844,2026-01-22 01:57:14
4e9a1c3a-20e2-4fd5-b8de-fbf8d43e7bcc,7,0,7,13,1,1769064844,2026-01-22 01:57:14
d8778570-f7f2-458d-82f5-9ad39210a501,41,38,3,8,1,1769064849,2026-01-22 01:57:14
66de6346-0aca-11e7-82f6-3863bb44ef7c,25,16,9,8,1,1769064848,2026-01-22 01:57:14
bc9c9006-3d40-400d-8b5c-17f56e6dfcee,1,0,1,25,1,1769064849,2026-01-22 01:57:14
2100948436010992354,8,7,1,6,1,1769064850,2026-01-22 01:57:14
1975518133370609774,62,58,4,34,1,1769064848,2026-01-22 01:57:14
1bb1af93-b433-4da7-8054-009c85f7755a,5,2,3,14,1,1769064849,2026-01-22 01:57:14
59df3823-0369-4a10-8132-05df34a170af,22,3,19,20,1,1769064847,2026-01-22 01:57:14
66dc1d80-0aca-11e7-82f6-3863bb44ef7c,34,24,10,3,1,1769064849,2026-01-22 01:57:14
66dc0dab-0aca-11e7-82f6-3863bb44ef7c,26,19,7,89,1,1769064850,2026-01-22 01:57:14
1848241684520917882,11,0,11,3,1,1769064850,2026-01-22 01:57:14
1859438049977968878,23,9,14,5,1,1769064851,2026-01-22 01:57:14
f401cd5f-cb41-41f8-a857-4a4dfe778f94,16,8,8,8,1,1769064855,2026-01-22 01:57:14
1846085734612252774,3,1,2,19,1,1769064855,2026-01-22 01:57:14
162d5859-b735-4ff7-9613-01b21f22c1cd,19,8,11,16,1,1769064851,2026-01-22 01:57:14
66dcc8b3-0aca-11e7-82f6-3863bb44ef7c,5,1,4,11,1,1769064851,2026-01-22 01:57:14
37a37e5b-f975-4f92-a897-dca8e4670631,14,8,6,3,1,1769064852,2026-01-22 01:57:14
4e747443-d481-4aea-a6d1-cf20204af4ba,12,0,12,8,1,1769064852,2026-01-22 01:57:14
bacfe3c2-7946-45ed-91f9-f5b91791de75,12,2,10,16,1,1769064852,2026-01-22 01:57:14
b4f990dd-36bb-46b3-9eea-4b980bd43c2d,0,0,0,21,1,1769064853,2026-01-22 01:57:14
cc5f0e68-dd5f-4db1-81c7-04a4d6674fba,15,0,15,2,1,1769064855,2026-01-22 01:57:14
f62526d4-9c6a-4c76-be76-c64b5be669d2,2,2,0,19,1,1769064856,2026-01-22 01:57:14
26cae473-0e59-4af7-bad5-bb6fec85c8bc,20,20,0,1,1,1769064856,2026-01-22 01:57:14
66dce9b5-0aca-11e7-82f6-3863bb44ef7c,5,0,5,26,1,1769064854,2026-01-22 01:57:14
5645b05e-85be-460d-8506-cacd20bff233,28,1,27,1,1,1769064856,2026-01-22 01:57:14
66ddb66e-0aca-11e7-82f6-3863bb44ef7c,11,6,5,16,1,1769064856,2026-01-22 01:57:14
563389a0-d90f-4155-9c50-528459df26aa,0,0,0,25,1,1769064857,2026-01-22 01:57:14
eb07bdfc-3a6f-40eb-96d2-0b92ac371619,7,5,2,11,1,1769064858,2026-01-22 01:57:14
66dbc37a-0aca-11e7-82f6-3863bb44ef7c,15,9,6,40,1,1769064858,2026-01-22 01:57:14
66dde630-0aca-11e7-82f6-3863bb44ef7c,45,3,42,23,1,1769064861,2026-01-22 01:57:14
d979131e-0b9f-4aa2-88c5-46d4ff94abc8,10,5,5,8,1,1769064861,2026-01-22 01:57:14
53ef19c6-eaa7-47f7-807e-f51b574b1be0,13,2,11,1,1,1769064861,2026-01-22 01:57:14
56b3ca32-104a-4920-a879-a97a820858c4,14,3,11,10,1,1769064861,2026-01-22 01:57:14
66dd01c5-0aca-11e7-82f6-3863bb44ef7c,6,0,6,17,1,1769064861,2026-01-22 01:57:14
3a89411a-0bc6-4ba3-bc56-fab950c8eba1,17,1,16,2,1,1769064862,2026-01-22 01:57:14
66dd9fa6-0aca-11e7-82f6-3863bb44ef7c,14,13,1,45,1,1769064861,2026-01-22 01:57:14
66dc2c78-0aca-11e7-82f6-3863bb44ef7c,0,0,0,83,1,1769064859,2026-01-22 01:57:14
4efda436-cd19-4ec3-acc7-1a622f723264,8,6,2,10,1,1769064860,2026-01-22 01:57:14
d89dc10f-9be3-45a5-9c3c-06c04c963436,16,0,16,4,1,1769064861,2026-01-22 01:57:14
1828966626550010820,16,1,15,0,1,1769064856,2026-01-22 01:57:14
0bd9bd58-42e6-4680-9d19-83943372221f,13,13,0,9,1,1769064857,2026-01-22 01:57:14
66dce8db-0aca-11e7-82f6-3863bb44ef7c,25,11,14,16,1,1769064857,2026-01-22 01:57:14
e35c42c6-8b73-4528-b08d-c94b75624b40,16,6,10,5,1,1769064864,2026-01-22 01:57:14
f523c481-ba41-44ba-96e1-0c431fbea558,6,3,3,19,1,1769064864,2026-01-22 01:57:14
1869753654337059182,14,10,4,5,1,1769064865,2026-01-22 01:57:14
1817432434869846072,9,1,8,11,1,1769064865,2026-01-22 01:57:14
8d650b03-920d-4d44-a48f-8d9a1a0ba264,16,6,10,3,1,1769064863,2026-01-22 01:57:14
7f402242-dc1b-4a48-ba21-58c4fa7216b4,17,5,12,1,1,1769064863,2026-01-22 01:57:14
eb217a2c-1dd0-4690-a34e-ecc1a708f883,2,0,2,17,1,1769064863,2026-01-22 01:57:14
c8c39d85-4ce7-46c5-b709-998067200780,1,1,0,21,1,1769064864,2026-01-22 01:57:14
66dd24ca-0aca-11e7-82f6-3863bb44ef7c,39,26,13,5,1,1769064863,2026-01-22 01:57:14
1835250442210857240,19,1,18,0,1,1769064863,2026-01-22 01:57:14
6969d756-33a6-4a0b-83d0-3db38bc382d1,25,0,25,4,1,1769064862,2026-01-22 01:57:14
1786700154621508184,9,3,6,19,1,1769064862,2026-01-22 01:57:14
1786698974100683436,4,0,4,46,1,1769064863,2026-01-22 01:57:14
3d68a3fd-91da-49e8-9cd5-69b333863789,15,4,11,4,1,1769064865,2026-01-22 01:57:14
66dd46a2-0aca-11e7-82f6-3863bb44ef7c,26,14,12,20,1,1769064865,2026-01-22 01:57:14
66de0861-0aca-11e7-82f6-3863bb44ef7c,24,22,2,2,1,1769064865,2026-01-22 01:57:14
66dc0f8a-0aca-11e7-82f6-3863bb44ef7c,30,11,19,24,1,1769064865,2026-01-22 01:57:14
22ab59a8-0af4-4101-9350-a7af88e37c2e,7,0,7,12,1,1769064865,2026-01-22 01:57:14
1846086362824884662,20,0,20,0,1,1769064866,2026-01-22 01:57:14
1862788202397235246,16,4,12,4,1,1769064866,2026-01-22 01:57:14
e85c3165-ad0a-44a3-9683-d8cf7575f465,21,6,15,6,1,1769064866,2026-01-22 01:57:14
dd482585-3028-453f-a98d-55019db9b26c,35,0,35,3,1,1769064866,2026-01-22 01:57:14
44fa161f-eb62-459b-b53e-da83788cfa2a,9,5,4,18,1,1769064863,2026-01-22 01:57:14
1880643645302280466,24,21,3,6,1,1769064867,2026-01-22 01:57:14
b371c432-b682-412f-9b85-8df84ce7a9f3,6,1,5,11,1,1769064863,2026-01-22 01:57:14
66dc7f02-0aca-11e7-82f6-3863bb44ef7c,100,87,13,7,1,1769064865,2026-01-22 01:57:14
640a9a95-194f-42f5-8d88-1df67129f388,9,1,8,5,1,1769064865,2026-01-22 01:57:14
1840504138040045682,8,2,6,12,1,1769064866,2026-01-22 01:57:14
6fd61eee-d0ef-4580-9704-bd06b82bcb61,0,0,0,29,1,1769064874,2026-01-22 01:57:14
c3062f44-c5b9-4650-a4ec-cc66cbf5b944,5,4,1,12,1,1769064874,2026-01-22 01:57:14
cb05443c-e68e-48f7-8d17-35353fa19d4d,4,0,4,49,1,1769064874,2026-01-22 01:57:14
d5cabb43-6c78-4022-964e-a8b02470509e,17,5,12,6,1,1769064874,2026-01-22 01:57:14
1d3a8670-09b3-4127-b750-af5311e565f0,9,1,8,10,1,1769064875,2026-01-22 01:57:14
1934749166596673908,11,1,10,35,1,1769064872,2026-01-22 01:57:14
dad39e68-53f5-47c2-87e2-b1cc0e34f90f,13,6,7,7,1,1769064873,2026-01-22 01:57:14
1815968237323833702,18,2,16,3,1,1769064873,2026-01-22 01:57:14
7d5fa1f0-4069-4d5d-b735-5d500597394a,42,27,15,8,1,1769064870,2026-01-22 01:57:14
1814907590556515014,14,4,10,7,1,1769064869,2026-01-22 01:57:14
66dc2995-0aca-11e7-82f6-3863bb44ef7c,22,19,3,23,1,1769064870,2026-01-22 01:57:14
b4b5824b-3c23-44b7-92a3-cec6a54583a0,8,0,8,9,1,1769064870,2026-01-22 01:57:14
765ee572-6c7a-4ed3-a2d4-f1496ea53996,23,1,22,0,1,1769064870,2026-01-22 01:57:14
2124426077519611940,4,3,1,10,1,1769064867,2026-01-22 01:57:14
66db408f-0aca-11e7-82f6-3863bb44ef7c,35,4,31,1,1,1769064867,2026-01-22 01:57:14
1838070843306263244,8,5,3,10,1,1769064868,2026-01-22 01:57:14
1840540852548303628,0,0,0,16,1,1769064867,2026-01-22 01:57:14
a2cf5872-bd4c-4311-832e-d62fd779ecc3,6,4,2,15,1,1769064869,2026-01-22 01:57:14
cd2d9dab-7708-4685-a56f-9412c738de7e,18,0,18,0,1,1769064871,2026-01-22 01:57:14
912813fc-fde4-4430-8443-a4fa21477e7f,1,1,0,21,1,1769064871,2026-01-22 01:57:14
66db9e99-0aca-11e7-82f6-3863bb44ef7c,10,8,2,8,1,1769064871,2026-01-22 01:57:14
bbc3c1df-f7db-4f54-8d5c-b8f4269ecb48,19,14,5,0,1,1769064871,2026-01-22 01:57:14
a45a712c-1e3d-4fee-bef8-adafafd80670,5,5,0,12,1,1769064871,2026-01-22 01:57:14
66db6963-0aca-11e7-82f6-3863bb44ef7c,52,3,49,24,1,1769064868,2026-01-22 01:57:14
d11b9869-8964-4b79-aafc-4b60ad1b44c4,11,7,4,11,1,1769064868,2026-01-22 01:57:14
ed279ef2-52ee-4ff2-9a52-edd8137ea034,11,6,5,15,1,1769064868,2026-01-22 01:57:14
3f05490b-a3d8-4d15-bd25-0212555b5dff,18,2,16,1,1,1769064872,2026-01-22 01:57:14
6d766daf-9298-4059-a329-1818582d495f,18,16,2,0,1,1769064877,2026-01-22 01:57:14
66dd4ec7-0aca-11e7-82f6-3863bb44ef7c,29,12,17,44,1,1769064877,2026-01-22 01:57:14
66db277a-0aca-11e7-82f6-3863bb44ef7c,17,8,9,8,1,1769064877,2026-01-22 01:57:14
1828967979464708718,6,4,2,16,1,1769064877,2026-01-22 01:57:14
99614ecb-2329-49fa-a13a-fa1ef2bb32d6,3,0,3,15,1,1769064875,2026-01-22 01:57:14
8caf71df-76c3-43fb-be98-d555d2291460,0,0,0,26,1,1769064876,2026-01-22 01:57:14
1835618878584115330,22,4,18,0,1,1769064876,2026-01-22 01:57:14
1786697771181570266,15,0,15,24,1,1769064876,2026-01-22 01:57:14
dccaeeb5-c53a-4f48-80e6-05675b71a8c8,10,2,8,18,1,1769064877,2026-01-22 01:57:14
1804892772559499512,28,7,21,3,1,1769064876,2026-01-22 01:57:14
1876800925490112950,7,2,5,9,1,1769064876,2026-01-22 01:57:14
66ddec3e-0aca-11e7-82f6-3863bb44ef7c,7,7,0,14,1,1769064876,2026-01-22 01:57:14
ec42fb3a-af54-46aa-a8b3-b17d72ed4475,13,6,7,6,1,1769064877,2026-01-22 01:57:14
64f0f28c-bedc-42d5-b107-ecdd48fc30cd,4,3,1,92,1,1769064879,2026-01-22 01:57:14
66dc292c-0aca-11e7-82f6-3863bb44ef7c,12,11,1,39,1,1769064878,2026-01-22 01:57:14
66de0cab-0aca-11e7-82f6-3863bb44ef7c,14,1,13,21,1,1769064878,2026-01-22 01:57:14
8aad788d-c7eb-4fca-a426-c39f47741a6f,8,2,6,18,1,1769064878,2026-01-22 01:57:14
6476c5fd-611e-436c-9736-e0f43bb7774e,16,2,14,1,1,1769064878,2026-01-22 01:57:14
66dc6a86-0aca-11e7-82f6-3863bb44ef7c,1,0,1,77,1,1769064881,2026-01-22 01:57:14
d45b62b9-7d6b-43b2-bf1e-2c898c55dfd2,9,6,3,8,1,1769064881,2026-01-22 01:57:14
66dcbac5-0aca-11e7-82f6-3863bb44ef7c,12,2,10,6,1,1769064881,2026-01-22 01:57:14
493e046c-5d62-4772-90c4-b6a9f4afcd39,9,5,4,8,1,1769064881,2026-01-22 01:57:14
66dbef15-0aca-11e7-82f6-3863bb44ef7c,46,15,31,6,1,1769064882,2026-01-22 01:57:14
f9ed9a6b-097e-48b9-a9d1-79d084dcd2d9,3,1,2,12,1,1769064882,2026-01-22 01:57:14
8a89684b-40a5-49fe-b75d-fdf32ffa8102,16,3,13,3,1,1769064882,2026-01-22 01:57:14
bcb08532-f0d5-4c0e-ad8a-4ddacc204791,3,3,0,14,1,1769064882,2026-01-22 01:57:14
1927314940904608224,13,5,8,11,1,1769064882,2026-01-22 01:57:14
92fc1ad7-0867-4655-b02f-ede65d336b14,8,3,5,10,1,1769064879,2026-01-22 01:57:14
18415ea7-efce-408d-bcb9-4693fb088dda,32,25,7,1,1,1769064879,2026-01-22 01:57:14
6b60bf55-3da4-439a-bde1-fc80be8623ba,2,2,0,20,1,1769064879,2026-01-22 01:57:14
645e4365-653f-48ce-bc15-5fcc287be56f,35,18,17,33,1,1769064880,2026-01-22 01:57:14
26b3a82b-3487-44c2-85f1-eddb5a8a3a9d,18,3,15,5,1,1769064880,2026-01-22 01:57:14
66dc3e89-0aca-11e7-82f6-3863bb44ef7c,27,15,12,36,1,1769064880,2026-01-22 01:57:14
66dc1687-0aca-11e7-82f6-3863bb44ef7c,3,2,1,9,1,1769064880,2026-01-22 01:57:14
ba33c334-e17d-4478-ae3c-9c2f4dbfbb51,5,1,4,11,1,1769064881,2026-01-22 01:57:14
66dd17a5-0aca-11e7-82f6-3863bb44ef7c,21,3,18,28,1,1769064880,2026-01-22 01:57:14
3134c2d4-b090-4eb8-ab44-6f9622098f72,2,1,1,20,1,1769064881,2026-01-22 01:57:14
6cd10426-b4e9-40e1-9b35-61f609190ac0,13,3,10,20,1,1769064882,2026-01-22 01:57:14
2124381939991318658,9,9,0,5,1,1769064882,2026-01-22 01:57:14
1828965172312150882,15,3,12,6,1,1769064883,2026-01-22 01:57:14
191d5d54-de64-4312-99c7-eee141efa4ef,5,4,1,18,1,1769064883,2026-01-22 01:57:14
0ddb965d-95ef-4ce3-bde6-81a56ac1fbd2,3,2,1,27,1,1769064883,2026-01-22 01:57:14
66de4bbb-0aca-11e7-82f6-3863bb44ef7c,10,0,10,12,1,1769064883,2026-01-22 01:57:14
66dc840f-0aca-11e7-82f6-3863bb44ef7c,8,4,4,48,1,1769064883,2026-01-22 01:57:14
55a4dc76-d839-4e06-9bf4-2f343391343c,4,2,2,15,1,1769064883,2026-01-22 01:57:14
9af90faf-0b9b-451b-9cb0-20ff421ca1d9,2,0,2,23,1,1769064883,2026-01-22 01:57:14
66dd1f44-0aca-11e7-82f6-3863bb44ef7c,8,5,3,17,1,1769064884,2026-01-22 01:57:14
0fde06c2-632c-46a9-8866-f4e855604f74,20,17,3,46,1,1769064884,2026-01-22 01:57:14
66db93a1-0aca-11e7-82f6-3863bb44ef7c,21,15,6,14,1,1769064881,2026-01-22 01:57:14
1860188747953293684,7,1,6,9,1,1769064884,2026-01-22 01:57:14
1831178352265562334,12,3,9,15,1,1769064884,2026-01-22 01:57:14
1814901062206225038,3,0,3,16,1,1769064885,2026-01-22 01:57:14
372c592e-09d8-400c-9595-2aa3510f39b0,4,2,2,18,1,1769064885,2026-01-22 01:57:14
66de205d-0aca-11e7-82f6-3863bb44ef7c,1,0,1,23,1,1769064887,2026-01-22 01:57:14
493850bd-125b-49f5-932b-bf999504fb06,6,4,2,12,1,1769064887,2026-01-22 01:57:14
66de25bd-0aca-11e7-82f6-3863bb44ef7c,71,0,71,6,1,1769064887,2026-01-22 01:57:14
75352ab4-8a31-4926-8b59-048a9e506452,16,6,10,0,1,1769064887,2026-01-22 01:57:14
f5393bc2-36d4-4508-bf51-fa48d121f751,25,21,4,1,1,1769064887,2026-01-22 01:57:14
2126623765785393224,2,0,2,17,1,1769064887,2026-01-22 01:57:14
fbaffdbd-dab5-4127-9bd5-36bf58093ea8,9,6,3,14,1,1769064888,2026-01-22 01:57:14
bfe5e69d-89ff-48b3-bf20-80cbdfa443e0,40,14,26,11,1,1769064885,2026-01-22 01:57:14
5145ad1c-241f-4448-a742-739bd5c518c2,9,3,6,9,1,1769064886,2026-01-22 01:57:14
90b141b9-c39f-4a26-a32d-08c7d1474d52,11,10,1,9,1,1769064886,2026-01-22 01:57:14
3e1bdcec-e762-4e83-b447-007f05923cce,10,10,0,12,1,1769064886,2026-01-22 01:57:14
ff9581d3-3e1a-463a-bdab-d8150c468be2,6,2,4,26,1,1769064889,2026-01-22 01:57:14
66de19ab-0aca-11e7-82f6-3863bb44ef7c,8,7,1,21,1,1769064889,2026-01-22 01:57:14
66db4549-0aca-11e7-82f6-3863bb44ef7c,18,11,7,5,1,1769064889,2026-01-22 01:57:14
1854538962214948918,17,1,16,1,1,1769064890,2026-01-22 01:57:14
292ad4f3-9fb0-44ec-9e61-613c711f73c1,9,5,4,8,1,1769064888,2026-01-22 01:57:14
20ff5447-eac3-43b7-820f-f6fa3a2e12a8,15,3,12,4,1,1769064888,2026-01-22 01:57:14
16e70b05-5b73-4930-9dcf-f79e5ce9eaf5,23,2,21,0,1,1769064886,2026-01-22 01:57:14
545a32d3-b74c-4dc2-b82c-a6d185dd4666,4,4,0,17,1,1769064889,2026-01-22 01:57:14
2124037250266884686,9,2,7,2,1,1769064890,2026-01-22 01:57:14
66de2b2f-0aca-11e7-82f6-3863bb44ef7c,48,1,47,2,1,1769064885,2026-01-22 01:57:14
bf880f45-422c-4e0b-b3b0-2b1f5ba94da4,4,2,2,14,1,1769064885,2026-01-22 01:57:14
66db3687-0aca-11e7-82f6-3863bb44ef7c,24,19,5,12,1,1769064891,2026-01-22 01:57:14
1835246658344669972,2,1,1,17,1,1769064892,2026-01-22 01:57:14
66de677e-0aca-11e7-82f6-3863bb44ef7c,12,7,5,13,1,1769064891,2026-01-22 01:57:14
66db3053-0aca-11e7-82f6-3863bb44ef7c,57,41,16,12,1,1769064892,2026-01-22 01:57:14
0de1f95f-8b1b-4e5e-9eff-73c63265b0ab,7,0,7,22,1,1769064893,2026-01-22 01:57:14
ffae66ec-7c16-436f-bd0a-eedf81d580e7,4,1,3,17,1,1769064893,2026-01-22 01:57:14
66dde4ef-0aca-11e7-82f6-3863bb44ef7c,14,14,0,8,1,1769064893,2026-01-22 01:57:14
d2b23c87-b7c3-48c2-a634-db4b76ecbcf7,4,0,4,15,1,1769064890,2026-01-22 01:57:14
66dbe571-0aca-11e7-82f6-3863bb44ef7c,50,35,15,9,1,1769064891,2026-01-22 01:57:14
59b747c1-fbfb-4a3d-9394-8d06834d7c98,20,11,9,1,1,1769064891,2026-01-22 01:57:14
1929504694747056164,3,2,1,35,1,1769064892,2026-01-22 01:57:14
66dbec40-0aca-11e7-82f6-3863bb44ef7c,29,20,9,23,1,1769064892,2026-01-22 01:57:14
b442a648-e9f4-4893-951a-64d258bc0e55,9,5,4,17,1,1769064893,2026-01-22 01:57:14
42c3bb6e-0478-4e4a-af10-151f5f4dffb9,15,2,13,2,1,1769064892,2026-01-22 01:57:14
d265dbc7-ef55-4f5b-8a2b-f2015dc71fb8,15,4,11,9,1,1769064893,2026-01-22 01:57:14
66dd515d-0aca-11e7-82f6-3863bb44ef7c,12,9,3,12,1,1769064898,2026-01-22 01:57:14
1859808514684217788,2,1,1,19,1,1769064898,2026-01-22 01:57:14
1848241791125254746,16,1,15,1,1,1769064898,2026-01-22 01:57:14
b35ba3c0-d3e8-4b1a-b63b-73a7bb518c9e,4,0,4,14,1,1769064894,2026-01-22 01:57:14
1871698223344654662,7,1,6,18,1,1769064895,2026-01-22 01:57:14
1dacb0f6-29f5-4d1b-b910-92ffa5b4ca5d,14,0,14,24,1,1769064897,2026-01-22 01:57:14
66dd217d-0aca-11e7-82f6-3863bb44ef7c,25,24,1,0,1,1769064898,2026-01-22 01:57:14
5f63411c-91ce-4788-a567-d388cc812a15,1,0,1,30,1,1769064894,2026-01-22 01:57:14
00967b8f-1a4d-4131-a65a-17fa8ca89e28,8,4,4,10,1,1769064894,2026-01-22 01:57:14
2138075988152462096,15,1,14,2,1,1769064899,2026-01-22 01:57:14
66dd4a52-0aca-11e7-82f6-3863bb44ef7c,10,7,3,20,1,1769064895,2026-01-22 01:57:14
66db9c2e-0aca-11e7-82f6-3863bb44ef7c,12,5,7,29,1,1769064893,2026-01-22 01:57:14
19d17911-1e4a-41fa-b62b-719aa0a6182e,25,14,11,12,1,1769064893,2026-01-22 01:57:14
0687075b-cf2d-4130-a859-fe841aafbd3f,22,6,16,1,1,1769064900,2026-01-22 01:57:14
2546c9b9-5b1a-4e9f-a9cc-f8b986b79748,19,9,10,2,1,1769064900,2026-01-22 01:57:14
481624f3-9377-4dfd-a5dd-de05a7fef760,6,2,4,13,1,1769064900,2026-01-22 01:57:14
1849009654626746672,15,2,13,1,1,1769064895,2026-01-22 01:57:14
3eb10c63-ea4c-4161-b07d-a29034f7367a,5,0,5,13,1,1769064895,2026-01-22 01:57:14
83a5d761-57d0-4cd6-aa2b-7eb350120d99,11,6,5,8,1,1769064895,2026-01-22 01:57:14
b4a320d6-2611-4940-96ca-17fb297ec826,18,5,13,1,1,1769064895,2026-01-22 01:57:14
66dde69c-0aca-11e7-82f6-3863bb44ef7c,0,0,0,18,1,1769064896,2026-01-22 01:57:14
f3782e27-c49a-4ee9-b188-0c13cad54688,6,0,6,13,1,1769064896,2026-01-22 01:57:14
66de2199-0aca-11e7-82f6-3863bb44ef7c,20,8,12,7,1,1769064896,2026-01-22 01:57:14
77e31650-e86a-4b06-b2de-b92df2a7a7f5,27,8,19,3,1,1769064898,2026-01-22 01:57:14
06439006-11b6-44f0-8545-c9d39035f32a,69,65,4,0,1,1769064899,2026-01-22 01:57:14
66de2274-0aca-11e7-82f6-3863bb44ef7c,15,9,6,7,1,1769064899,2026-01-22 01:57:14
068b919c-f649-4091-8e12-ccf37191cad5,2,1,1,16,1,1769064899,2026-01-22 01:57:14
ceb179f3-89c3-4c3e-8a0a-3415406a9463,11,11,0,12,1,1769064899,2026-01-22 01:57:14
b96507c5-7c90-499d-9c45-58f25d6f636a,6,6,0,13,1,1769064899,2026-01-22 01:57:14
66db447a-0aca-11e7-82f6-3863bb44ef7c,32,27,5,14,1,1769064899,2026-01-22 01:57:14
66dc3782-0aca-11e7-82f6-3863bb44ef7c,27,18,9,1,1,1769064899,2026-01-22 01:57:14
66dbe96d-0aca-11e7-82f6-3863bb44ef7c,18,8,10,30,1,1769064899,2026-01-22 01:57:14
b79c8433-9dd1-4d68-9156-7f2c2162bafe,14,12,2,13,1,1769064899,2026-01-22 01:57:14
54df610f-0e47-4958-98ca-37bb1b1c4dca,3,2,1,20,1,1769064901,2026-01-22 01:57:14
4c03fa2d-89da-4f0b-8f19-c7de5edbe256,23,4,19,1,1,1769064901,2026-01-22 01:57:14
62b97c1e-9d06-4c5e-b9c3-d76099e37fe4,3,3,0,22,1,1769064901,2026-01-22 01:57:14
038b7369-9c6e-4eb2-8569-f7461443302f,17,2,15,1,1,1769064901,2026-01-22 01:57:14
66880044-5411-4143-af39-eaa0a0fd0528,5,2,3,27,1,1769064901,2026-01-22 01:57:14
66dde76a-0aca-11e7-82f6-3863bb44ef7c,4,0,4,16,1,1769064905,2026-01-22 01:57:14
2124426307973079924,4,0,4,6,1,1769064906,2026-01-22 01:57:14
6542d952-ca19-410e-9290-ee6b7a6e14cf,1,1,0,19,1,1769064905,2026-01-22 01:57:14
a4d041fd-c5fa-4f52-800c-25d7a661a875,4,3,1,16,1,1769064905,2026-01-22 01:57:14
66de1fe7-0aca-11e7-82f6-3863bb44ef7c,23,16,7,3,1,1769064906,2026-01-22 01:57:14
32cc1603-a4b5-4099-b7bf-681de451b04a,41,12,29,4,1,1769064906,2026-01-22 01:57:14
66de1516-0aca-11e7-82f6-3863bb44ef7c,9,0,9,23,1,1769064902,2026-01-22 01:57:14
1f088432-0460-421e-a1d9-36890fa5396d,9,6,3,9,1,1769064902,2026-01-22 01:57:14
2124425439157234232,3,0,3,10,1,1769064903,2026-01-22 01:57:14
5526b855-dc09-4159-a20a-99651861a481,6,5,1,16,1,1769064903,2026-01-22 01:57:14
7a6fc75f-a605-4dd6-b567-b2bbbfb862f3,13,13,0,4,1,1769064905,2026-01-22 01:57:14
1851674198082642572,20,0,20,0,1,1769064904,2026-01-22 01:57:14
cf1a96a7-f695-4ba2-bcf2-899552e21e47,12,6,6,7,1,1769064905,2026-01-22 01:57:14
1815967442754883940,22,2,20,7,1,1769064904,2026-01-22 01:57:14
c602146e-d69d-43b6-9e8f-054c4df5377e,11,0,11,7,1,1769064904,2026-01-22 01:57:14
81bec993-29a5-4e70-8f60-eecdf16c7be4,16,9,7,9,1,1769064905,2026-01-22 01:57:14
1950648049868542106,11,7,4,15,1,1769064902,2026-01-22 01:57:14
66de43a5-0aca-11e7-82f6-3863bb44ef7c,14,5,9,6,1,1769064903,2026-01-22 01:57:14
1814548067447122618,31,19,12,0,1,1769064906,2026-01-22 01:57:14
4568f854-1268-45cf-bac8-82286ef40ae6,10,0,10,9,1,1769064906,2026-01-22 01:57:14
901ad0c4-383e-490a-8b54-0656ce2358d6,4,0,4,15,1,1769064896,2026-01-22 01:57:14
1851254468343716806,18,1,17,1,1,1769064896,2026-01-22 01:57:14
84a7baff-415b-4ab9-a859-74c2801483ce,9,1,8,8,1,1769064896,2026-01-22 01:57:14
1862002854876824190,4,0,4,15,1,1769064897,2026-01-22 01:57:14
1822663031356509142,14,3,11,5,1,1769064897,2026-01-22 01:57:14
66de13dc-0aca-11e7-82f6-3863bb44ef7c,0,0,0,0,0,1769064896,2026-01-22 01:57:14
7f4753d7-8d58-48bd-a881-de5bff08b27d,3,0,3,22,1,1769064897,2026-01-22 01:57:14
1814906692908349788,9,0,9,11,1,1769064903,2026-01-22 01:57:14
c4e9905f-457b-4be0-a878-2aa53fa0b09b,22,3,19,0,1,1769064903,2026-01-22 01:57:14
2126623007192357636,6,0,6,4,1,1769064903,2026-01-22 01:57:14
2121032386733337206,12,1,11,2,1,1769064903,2026-01-22 01:57:14
7779e057-b33e-46a7-8a1e-8c28bcd9a558,11,2,9,8,1,1769064904,2026-01-22 01:57:14
66dd1d0f-0aca-11e7-82f6-3863bb44ef7c,25,13,12,2,1,1769064904,2026-01-22 01:57:14
47da6ab2-c841-4f2d-97ef-dd8d441c96b1,1,1,0,16,1,1769064903,2026-01-22 01:57:14
78aabb95-6195-4aa7-ab0d-5748eeb26bd1,26,11,15,6,1,1769064904,2026-01-22 01:57:14
1864605386632012480,2,0,2,16,1,1769064907,2026-01-22 01:57:14
ca843847-923a-40b7-80ca-c1c3fff6e818,0,0,0,18,1,1769064906,2026-01-22 01:57:14
c190f78c-77ad-469e-aecc-e2af7bb6d92a,21,3,18,0,1,1769064907,2026-01-22 01:57:14
44c23eaa-7ddf-40b3-8373-6f3880c5e1b1,4,3,1,15,1,1769064907,2026-01-22 01:57:14
e152a2e1-c510-404e-a100-24246bb6cc95,5,2,3,11,1,1769064907,2026-01-22 01:57:14
33840944-aa92-4d91-9de8-d29e5cd0b2d9,13,2,11,15,1,1769064907,2026-01-22 01:57:14
2637fed8-1e2a-460b-83eb-3eb32ace0f4e,15,14,1,33,1,1769064909,2026-01-22 01:57:14
c606bae0-889c-47c3-8202-9463ef147655,12,1,11,11,1,1769064909,2026-01-22 01:57:14
66dd1c7f-0aca-11e7-82f6-3863bb44ef7c,21,11,10,27,1,1769064909,2026-01-22 01:57:14
66dc7ba2-0aca-11e7-82f6-3863bb44ef7c,25,18,7,5,1,1769064910,2026-01-22 01:57:14
c2bb1874-bcb7-47c5-aa7d-05423b9087e8,9,4,5,10,1,1769064907,2026-01-22 01:57:14
66dd5407-0aca-11e7-82f6-3863bb44ef7c,14,8,6,63,1,1769064907,2026-01-22 01:57:14
66dc3ab9-0aca-11e7-82f6-3863bb44ef7c,32,28,4,30,1,1769064907,2026-01-22 01:57:14
2126622241630343402,11,7,4,7,1,1769064908,2026-01-22 01:57:14
66dbee85-0aca-11e7-82f6-3863bb44ef7c,23,14,9,48,1,1769064908,2026-01-22 01:57:14
66db76a1-0aca-11e7-82f6-3863bb44ef7c,33,23,10,58,1,1769064908,2026-01-22 01:57:14
1888015107269225164,34,29,5,9,1,1769064908,2026-01-22 01:57:14
2124037125711300644,20,14,6,3,1,1769064900,2026-01-22 01:57:14
c80c55c4-d623-42d7-8acf-6bfa68a84ecb,2,1,1,16,1,1769064910,2026-01-22 01:57:14
66dea7b5-0aca-11e7-82f6-3863bb44ef7c,5,2,3,35,1,1769064911,2026-01-22 01:57:14
1795146692060860976,19,7,12,3,1,1769064910,2026-01-22 01:57:14
abc1311e-e000-4211-af9e-0cf92242711e,2,2,0,20,1,1769064911,2026-01-22 01:57:14
66dced76-0aca-11e7-82f6-3863bb44ef7c,2,1,1,23,1,1769064909,2026-01-22 01:57:14
1862008939006380034,4,1,3,16,1,1769064908,2026-01-22 01:57:14
66dbe68e-0aca-11e7-82f6-3863bb44ef7c,42,32,10,15,1,1769064909,2026-01-22 01:57:14
2124035976827702128,6,6,0,8,1,1769064909,2026-01-22 01:57:14
1869753057823626206,11,3,8,15,1,1769064909,2026-01-22 01:57:14
26217b73-7bb5-46e6-8094-1db05becd617,4,0,4,21,1,1769064909,2026-01-22 01:57:14
66dc81ce-0aca-11e7-82f6-3863bb44ef7c,9,3,6,62,1,1769064909,2026-01-22 01:57:14
0dd71c6d-11ee-4ad4-ba99-36b9ad36112c,11,5,6,9,1,1769064908,2026-01-22 01:57:14
d040a7b3-85b5-4c0d-9c92-3f4ad0082143,0,0,0,30,1,1769064912,2026-01-22 01:57:14
f833d403-2cf5-424a-a3b3-0314a44b4a67,18,14,4,13,1,1769064912,2026-01-22 01:57:14
a2ef8ed2-6031-4049-b7dc-9838ef39889b,14,2,12,4,1,1769064912,2026-01-22 01:57:14
7938263e-e5b8-4ca7-b8bf-1adbaae5fead,15,5,10,11,1,1769064913,2026-01-22 01:57:14
0630217a-3913-47d9-9540-cf85688296a5,5,2,3,12,1,1769064913,2026-01-22 01:57:14
499e10ad-c008-461e-8cf7-20757218a9cc,2,1,1,21,1,1769064913,2026-01-22 01:57:14
66dd056e-0aca-11e7-82f6-3863bb44ef7c,7,4,3,9,1,1769064913,2026-01-22 01:57:14
66de63cd-0aca-11e7-82f6-3863bb44ef7c,17,9,8,1,1,1769064913,2026-01-22 01:57:14
2126224996973581072,12,10,2,1,1,1769064913,2026-01-22 01:57:14
19b61564-7629-41b4-80c8-1756135a5442,6,6,0,12,1,1769064914,2026-01-22 01:57:14
2124036994734951288,5,0,5,2,1,1769064913,2026-01-22 01:57:14
7a1ad7c0-4958-4354-91a1-11bf13348abd,17,5,12,0,1,1769064914,2026-01-22 01:57:14
66dd1d9c-0aca-11e7-82f6-3863bb44ef7c,20,11,9,6,1,1769064914,2026-01-22 01:57:14
62f8f806-bd04-4282-9c5d-ad4293644e3c,8,1,7,11,1,1769064915,2026-01-22 01:57:14
1828968883163894358,8,1,7,7,1,1769064914,2026-01-22 01:57:14
b896d83d-5524-4c9c-a2aa-c1b0edaadc22,1,1,0,19,1,1769064915,2026-01-22 01:57:14
f34ea09d-32f9-492c-9124-99059bc0b5dd,14,0,14,7,1,1769064915,2026-01-22 01:57:14
1846085439406916338,2,2,0,21,1,1769064915,2026-01-22 01:57:14
66dc10d1-0aca-11e7-82f6-3863bb44ef7c,31,22,9,10,1,1769064915,2026-01-22 01:57:14
0f45bcf6-7028-4584-a51e-4129847dbebc,34,22,12,4,1,1769064915,2026-01-22 01:57:14
66dc7773-0aca-11e7-82f6-3863bb44ef7c,22,13,9,21,1,1769064915,2026-01-22 01:57:14
053312f2-e77e-4674-b28b-ad357fbcb4ee,9,0,9,51,1,1769064916,2026-01-22 01:57:14
fda18503-7488-4b91-b74c-949a90401e83,9,7,2,8,1,1769064916,2026-01-22 01:57:14
1960020234227886806,1,1,0,49,1,1769064916,2026-01-22 01:57:14
ca5cc034-a95d-446e-8314-6691589886b1,16,15,1,2,1,1769064916,2026-01-22 01:57:14
1898751402035634700,11,3,8,4,1,1769064917,2026-01-22 01:57:14
66dd4ccc-0aca-11e7-82f6-3863bb44ef7c,25,20,5,25,1,1769064917,2026-01-22 01:57:14
09dfc0e3-a448-477c-bb3c-9467dc51ef8d,54,28,26,21,1,1769064916,2026-01-22 01:57:14
2124036103510616644,4,0,4,6,1,1769064913,2026-01-22 01:57:14
66de1ea2-0aca-11e7-82f6-3863bb44ef7c,9,4,5,10,1,1769064916,2026-01-22 01:57:14
1871698348432996504,9,2,7,12,1,1769064916,2026-01-22 01:57:14
1962547377975794462,10,6,4,11,1,1769064917,2026-01-22 01:57:14
655ad2f2-6bcc-4eee-95a9-4f528c0b81cd,7,2,5,8,1,1769064917,2026-01-22 01:57:14
0138452a-b9f4-4aee-80b0-7fae9a122ffe,23,19,4,12,1,1769064917,2026-01-22 01:57:14
66dc686c-0aca-11e7-82f6-3863bb44ef7c,73,57,16,20,1,1769064917,2026-01-22 01:57:14
d80c274e-d17d-4a00-9b76-274c9fe4d0e1,13,8,5,22,1,1769064917,2026-01-22 01:57:14
1835246937517543544,20,5,15,0,1,1769064917,2026-01-22 01:57:14
1869743938848725856,69,62,7,15,1,1769064918,2026-01-22 01:57:14
66dbc420-0aca-11e7-82f6-3863bb44ef7c,28,23,5,21,1,1769064918,2026-01-22 01:57:14
2137775326353803668,13,3,10,0,1,1769064859,2026-01-22 01:57:14
1b038e21-e199-4c47-bef0-f4bcdc06b73b,36,32,4,6,1,1769064917,2026-01-22 01:57:14
4f814d78-5d8d-458b-877e-2ca449b865be,2,1,1,19,1,1769064918,2026-01-22 01:57:14
cbf76774-1276-4cf8-9442-f00571f1451c,31,30,1,0,1,1769064918,2026-01-22 01:57:14
2171903221356328154,0,0,0,0,0,86400,2026-01-22 01:57:14
2171903733697659376,0,0,0,0,0,86400,2026-01-22 01:57:14
2171903845366809074,0,0,0,0,0,86400,2026-01-22 01:57:14
d67375ea-3f93-4996-b0dc-f542341f2e6a,0,0,0,0,0,86400,2026-01-22 01:57:14
a93cb1ec-fb37-4faf-a7e7-d1e5a9e9af95,0,0,0,0,0,86400,2026-01-22 01:57:14
ab5c5ee6-9c4e-4aaa-a14e-d236d3e01d9a,0,0,0,0,0,86400,2026-01-22 01:57:14
32c60668-a192-4d06-aa7c-6d6f7aed6b45,0,0,0,0,0,86400,2026-01-22 01:57:14
fd0e86e3-079d-40aa-8231-ec2cbdbd9e7f,0,0,0,0,0,86400,2026-01-22 01:57:14
66dccad8-0aca-11e7-82f6-3863bb44ef7c,0,0,0,0,0,86400,2026-01-22 01:57:14
d2024260-cc58-451b-9417-3a695f8a1b34,0,0,0,0,0,1767211364,2026-01-22 01:57:14
8ef6ec7d-e898-4edc-8f3f-af888f8c5ef4,4,0,4,18,1,1769064783,2026-01-22 01:57:14
2868db5b-df51-4c36-8515-ef77a5b092c2,16,0,16,2,1,1769064776,2026-01-22 01:57:14
bc512527-7863-48d5-aea8-3de470abc1ee,7,4,3,11,1,1769064782,2026-01-22 01:57:14
2cd651e7-1e3a-4cd9-8fd1-a2416e032f6e,5,4,1,18,1,1769064807,2026-01-22 01:57:14
94bcf812-5cff-460c-841f-54876ed1e7a4,2,1,1,16,1,1769064807,2026-01-22 01:57:14
9a37d8a1-990b-484c-9603-262dbd1165cc,5,1,4,13,1,1769064807,2026-01-22 01:57:14
48b19cc8-bf45-4602-89ac-a8c0a0560c43,18,7,11,1,1,1769064806,2026-01-22 01:57:14
40eaa69a-d3ab-48fc-b395-b5bdc6a1aa85,2,2,0,17,1,1769064806,2026-01-22 01:57:14
99142ec8-c0e7-47ca-916c-c1097d48e133,34,22,12,8,1,1769064807,2026-01-22 01:57:14
66dc24b8-0aca-11e7-82f6-3863bb44ef7c,44,4,40,24,1,1769064804,2026-01-22 01:57:14
b9deb521-41b6-4f8a-ac78-0e58e3977f2c,10,5,5,15,1,1769064804,2026-01-22 01:57:14
a90e9ad3-4347-4fa4-b031-9bf1f69ce049,3,3,0,15,1,1769064804,2026-01-22 01:57:14
7cb65297-c880-459a-b054-4e059576c02a,5,2,3,14,1,1769064805,2026-01-22 01:57:14
01839a78-f228-4706-8f7f-147b857492f2,12,11,1,9,1,1769064803,2026-01-22 01:57:14
3db2fa34-0b56-4644-9ae9-bbee1583e717,10,5,5,15,1,1769064806,2026-01-22 01:57:14
1869753340438110380,6,1,5,12,1,1769064806,2026-01-22 01:57:14
d837d1b0-8f80-4f6c-ae45-5dd0deec6977,19,4,15,3,1,1769064809,2026-01-22 01:57:14
1838685618105506490,1,1,0,17,1,1769064810,2026-01-22 01:57:14
c02864f0-2611-440b-98f4-45fddfd545fe,20,2,18,2,1,1769064808,2026-01-22 01:57:14
f72a253f-3cef-4da8-9591-0cbd3a692162,22,14,8,21,1,1769064837,2026-01-22 01:57:14
2127386600787000162,1,1,0,24,1,1769064836,2026-01-22 01:57:14
66de4f9c-0aca-11e7-82f6-3863bb44ef7c,21,2,19,7,1,1769064836,2026-01-22 01:57:14
8a13182a-4823-4fe7-afcd-a4ef0b134ed9,7,5,2,12,1,1769064837,2026-01-22 01:57:14
8d2eff37-be09-4b46-a95d-abff89e16d56,9,0,9,9,1,1769064838,2026-01-22 01:57:14
ebce9ecb-9678-4c42-89d7-08e54bc6fe90,1,1,0,17,1,1769064838,2026-01-22 01:57:14
514f3dda-4d08-464c-b2d4-5706d400065a,6,5,1,9,1,1769064838,2026-01-22 01:57:14
8456b63c-37c6-49a6-8c02-bb6dcfc35041,13,11,2,9,1,1769064839,2026-01-22 01:57:14
66dd4bf7-0aca-11e7-82f6-3863bb44ef7c,6,4,2,34,1,1769064840,2026-01-22 01:57:14
31f340f3-3201-449e-b017-a26813aa448f,1,1,0,17,1,1769064840,2026-01-22 01:57:14
35b8b636-18d3-4860-b0a9-39c0bce96a10,11,3,8,15,1,1769064840,2026-01-22 01:57:14
1a5eae13-8f27-4875-8330-a796c95f8ad6,2,1,1,14,1,1769064840,2026-01-22 01:57:14
94624d6e-4150-4ab1-92ff-bf55cb58ab61,1,1,0,17,1,1769064837,2026-01-22 01:57:14
1877920686883352866,19,9,10,1,1,1769064838,2026-01-22 01:57:14
a37bd0e0-d1e9-4302-9ff7-286e415aff1c,16,7,9,1,1,1769064841,2026-01-22 01:57:14
cf284d60-23e7-49ec-91dc-8bfedb59cb6a,17,1,16,2,1,1769064841,2026-01-22 01:57:14
bb0ce308-e5d9-48c7-9f4b-cf0120f2c39a,0,0,0,23,1,1769064841,2026-01-22 01:57:14
66dc22a7-0aca-11e7-82f6-3863bb44ef7c,17,6,11,26,1,1769064841,2026-01-22 01:57:14
989fdf95-cfb9-475c-ba0c-3152fd3a16e0,17,15,2,1,1,1769064842,2026-01-22 01:57:14
5600446d-a00a-45e6-9dc3-550adfd63e39,1,1,0,17,1,1769064841,2026-01-22 01:57:14
66dc48ef-0aca-11e7-82f6-3863bb44ef7c,26,25,1,39,1,1769064841,2026-01-22 01:57:14
94771406-6712-4508-9392-11e9d90e1185,15,10,5,1,1,1769064836,2026-01-22 01:57:14
f06c01c3-fd7f-443c-a0c7-fc9233d77f6a,1,1,0,20,1,1769064849,2026-01-22 01:57:14
1885718199416500650,8,1,7,15,1,1769064849,2026-01-22 01:57:14
66dbf062-0aca-11e7-82f6-3863bb44ef7c,21,10,11,21,1,1769064849,2026-01-22 01:57:14
4d4a3e7b-1005-4bfd-8680-340a20cacbee,21,8,13,0,1,1769064849,2026-01-22 01:57:14
4a4c7548-2466-48ef-8d7e-0aa4d6acb69e,2,2,0,18,1,1769064849,2026-01-22 01:57:14
1a083890-e22b-4f81-8d98-567784034916,21,3,18,3,1,1769064850,2026-01-22 01:57:14
66db8ca4-0aca-11e7-82f6-3863bb44ef7c,44,24,19,14,1,1769064854,2026-01-22 01:57:14
a958a8af-a0cc-4bca-9114-93c74ce3c693,2,2,0,20,1,1769064855,2026-01-22 01:57:14
ed5c92f1-3293-4385-9e2b-9b716a096a19,23,4,19,39,1,1769064854,2026-01-22 01:57:14
774c5443-d463-42b3-bfc5-b0ab3c56fe35,8,8,0,23,1,1769064853,2026-01-22 01:57:14
7f8cb36a-2bf4-4d57-afbd-331310f25355,20,2,18,16,1,1769064854,2026-01-22 01:57:14
01b7973e-c92e-4fbe-890e-2c24de33ce0e,5,2,3,13,1,1769064854,2026-01-22 01:57:14
1836581441921155232,6,1,5,12,1,1769064855,2026-01-22 01:57:14
66dd43bd-0aca-11e7-82f6-3863bb44ef7c,20,15,5,25,1,1769064851,2026-01-22 01:57:14
66dc481a-0aca-11e7-82f6-3863bb44ef7c,69,34,35,0,1,1769064851,2026-01-22 01:57:14
66dd455e-0aca-11e7-82f6-3863bb44ef7c,7,5,2,28,1,1769064852,2026-01-22 01:57:14
afd76a0e-ceb8-4d18-a427-b378c4d07a75,19,0,19,9,1,1769064853,2026-01-22 01:57:14
2111353842893366258,1,0,1,33,1,1769064853,2026-01-22 01:57:14
c530a1cb-7c60-4651-be8a-9bfa5eb43f8a,26,17,9,8,1,1769064848,2026-01-22 01:57:14
fe65853e-b20a-4250-9677-2aa177283b72,12,3,9,6,1,1769064849,2026-01-22 01:57:14
66dcccfe-0aca-11e7-82f6-3863bb44ef7c,8,4,4,10,1,1769064849,2026-01-22 01:57:14
02fb0f6a-b1dc-4e1c-97f8-fe70462670a3,17,3,14,6,1,1769064849,2026-01-22 01:57:14
66dd2786-0aca-11e7-82f6-3863bb44ef7c,16,2,14,10,1,1769064850,2026-01-22 01:57:14
a82cc641-0926-4a63-b488-7060ab7dcd74,18,13,5,12,1,1769064850,2026-01-22 01:57:14
66dea52b-0aca-11e7-82f6-3863bb44ef7c,0,0,0,18,1,1769064851,2026-01-22 01:57:14
b03adb87-2bd9-43a5-a822-7d06a9ee2d81,29,7,22,0,1,1769064848,2026-01-22 01:57:14
1786687245202023014,28,8,20,2,1,1769064848,2026-01-22 01:57:14
4775fd25-2240-44d7-884a-d777d15a9b5e,7,6,1,13,1,1769064776,2026-01-22 01:57:14
1945126257666675246,13,10,3,8,1,1769064781,2026-01-22 01:57:14
5d994b32-b7a5-450d-9bbb-93bf3b03e6d5,1,1,0,16,1,1769064781,2026-01-22 01:57:14
66ddbd20-0aca-11e7-82f6-3863bb44ef7c,69,63,6,22,1,1769064789,2026-01-22 01:57:14
1817432233006383832,18,3,15,3,1,1769064790,2026-01-22 01:57:14
cd72b9da-b7c6-4785-92b5-0fb2130f0d7b,1,1,0,21,1,1769064804,2026-01-22 01:57:14
ea9a19a6-acea-4286-a723-b5481c90a3c0,21,0,21,2,1,1769064800,2026-01-22 01:57:14
8f1fdf4b-ecca-4f03-b04c-e10fe596e2c7,2,1,1,24,1,1769064800,2026-01-22 01:57:14
d9bc0b3e-1af8-4cb6-a082-8ef1245ef329,7,3,4,22,1,1769064798,2026-01-22 01:57:14
c45aa693-fedd-478f-ade9-bf176c4e32ff,5,4,1,14,1,1769064802,2026-01-22 01:57:14
467e1de6-73a6-480f-9e83-fd1b03b71047,16,2,14,8,1,1769064803,2026-01-22 01:57:14
1828967346753327602,9,2,7,9,1,1769064803,2026-01-22 01:57:14
66dd266a-0aca-11e7-82f6-3863bb44ef7c,28,2,26,3,1,1769064800,2026-01-22 01:57:14
66dcf023-0aca-11e7-82f6-3863bb44ef7c,9,6,3,10,1,1769064798,2026-01-22 01:57:14
753591ba-36f7-4ded-ab7d-40df9994a05f,6,4,2,17,1,1769064825,2026-01-22 01:57:14
66de1368-0aca-11e7-82f6-3863bb44ef7c,26,9,17,9,1,1769064825,2026-01-22 01:57:14
be435dfd-e859-487c-ae32-3d2b76d49a49,11,0,11,7,1,1769064826,2026-01-22 01:57:14
1786375597504305174,31,0,31,12,1,1769064827,2026-01-22 01:57:14
c0a3b8fe-ba64-4cbb-b010-f760998d6c3a,15,15,0,4,1,1769064825,2026-01-22 01:57:14
2104278402820534724,24,3,21,17,1,1769064829,2026-01-22 01:57:14
1786699974232881542,5,0,5,15,1,1769064829,2026-01-22 01:57:14
1828964993433043090,12,0,12,5,1,1769064828,2026-01-22 01:57:14
1198e739-787c-4ce4-aa63-ffaf98506e9c,0,0,0,62,1,1769064828,2026-01-22 01:57:14
1834145868297717964,5,1,4,13,1,1769064827,2026-01-22 01:57:14
1854255035042870020,10,0,10,7,1,1769064827,2026-01-22 01:57:14
77b21502-a7a2-40b4-8f3e-f9c6c6ef0939,12,1,11,13,1,1769064827,2026-01-22 01:57:14
b64eb0a5-d6d4-4f45-8c9a-e2d004819c99,6,0,6,12,1,1769064829,2026-01-22 01:57:14
c29c9178-bcb1-4c0c-b789-f4a89512a4e4,6,4,2,13,1,1769064863,2026-01-22 01:57:14
1834145468418707676,14,0,14,4,1,1769064863,2026-01-22 01:57:14
1828969726487003714,8,1,7,10,1,1769064864,2026-01-22 01:57:14
66dc82ef-0aca-11e7-82f6-3863bb44ef7c,0,0,0,59,1,1769064863,2026-01-22 01:57:14
2124426189188761638,14,13,1,0,1,1769064858,2026-01-22 01:57:14
b1e496f1-43cf-48d0-be49-ab0d760c00bf,2,2,0,25,1,1769064863,2026-01-22 01:57:14
e73cf71b-db05-44f9-b57a-689d65320d68,4,3,1,26,1,1769064863,2026-01-22 01:57:14
66dcf640-0aca-11e7-82f6-3863bb44ef7c,19,1,18,5,1,1769064865,2026-01-22 01:57:14
e10a6e12-d98c-4625-940a-9f83d9b2f6c4,13,1,12,7,1,1769064866,2026-01-22 01:57:14
a1112e04-bc50-4782-b3d6-bb5902c0e8db,3,3,0,17,1,1769064863,2026-01-22 01:57:14
7f6674c4-5568-4766-b172-0385348ae184,1,0,1,19,1,1769064863,2026-01-22 01:57:14
52e81f02-b1f9-45d6-9e5c-e15277de1268,9,4,5,14,1,1769064866,2026-01-22 01:57:14
dccab832-b4a2-4105-927d-b52ec0d92c92,16,4,12,3,1,1769064864,2026-01-22 01:57:14
66dd4f31-0aca-11e7-82f6-3863bb44ef7c,10,5,5,24,1,1769064863,2026-01-22 01:57:14
66db9cc4-0aca-11e7-82f6-3863bb44ef7c,18,3,15,21,1,1769064862,2026-01-22 01:57:14
0eacb768-c7d5-4499-9182-9a1331d9280c,28,0,28,1,1,1769064866,2026-01-22 01:57:14
2121032035614514006,11,0,11,1,1,1769064866,2026-01-22 01:57:14
b7c6ce96-a24d-4c1e-93ee-6f49c1adf119,3,1,2,12,1,1769064866,2026-01-22 01:57:14
8f672aa7-08a1-4fe2-a471-06f219c0eb1b,4,2,2,12,1,1769064864,2026-01-22 01:57:14
e6c2a46e-431a-4101-af84-870f660ff4cb,5,5,0,62,1,1769064817,2026-01-22 01:57:14
b47e5ffd-4215-4476-a89b-ebe52111f763,33,1,32,4,1,1769064817,2026-01-22 01:57:14
bb07a569-cc74-439e-b424-916c0304f136,4,2,2,24,1,1769064817,2026-01-22 01:57:14
e6b6c6e2-5fcb-47cd-8f2d-4324b7c977c8,0,0,0,20,1,1769064811,2026-01-22 01:57:14
dadd2084-d844-46f5-b7a4-128d31eeba8e,0,0,0,18,1,1769064812,2026-01-22 01:57:14
66de1c33-0aca-11e7-82f6-3863bb44ef7c,30,29,1,18,1,1769064813,2026-01-22 01:57:14
1835247745828931742,3,3,0,17,1,1769064813,2026-01-22 01:57:14
7f3aa940-18ef-4900-89dc-cdb05f693f31,8,4,4,11,1,1769064813,2026-01-22 01:57:14
1856847127505992556,0,0,0,3,1,1769064818,2026-01-22 01:57:14
c042a307-2d7d-4ee9-95b7-a7505a3428c2,1,1,0,33,1,1769064818,2026-01-22 01:57:14
1835249317786962140,2,2,0,24,1,1769064819,2026-01-22 01:57:14
3f031133-ec95-4a92-9d63-2ae28183f498,14,14,0,3,1,1769064810,2026-01-22 01:57:14
1838070626762830158,5,1,4,14,1,1769064811,2026-01-22 01:57:14
39f756c2-3904-463e-95a8-8d8e3540e845,64,29,35,0,1,1769064811,2026-01-22 01:57:14
c9cd8c29-7f0b-4979-9a0e-bec4613d2600,2,2,0,18,1,1769064816,2026-01-22 01:57:14
1898455214498195676,2,1,1,17,1,1769064816,2026-01-22 01:57:14
1861683747231494964,2,1,1,14,1,1769064815,2026-01-22 01:57:14
d0b87aa7-7e19-40d2-8f7d-6a622e6ac391,11,8,3,11,1,1769064818,2026-01-22 01:57:14
40914c6b-293d-49ac-b83a-d9d4af998aea,8,6,2,10,1,1769064824,2026-01-22 01:57:14
9ac5758f-0419-4e28-8387-6bcd28db17fa,9,0,9,8,1,1769064824,2026-01-22 01:57:14
9d23b0e9-a478-407c-a0e0-0aff1b0398fc,1,1,0,20,1,1769064820,2026-01-22 01:57:14
1849009244468810224,16,3,13,2,1,1769064820,2026-01-22 01:57:14
1827839088308194240,103,91,12,12,1,1769064821,2026-01-22 01:57:14
66db5e6a-0aca-11e7-82f6-3863bb44ef7c,9,6,3,9,1,1769064822,2026-01-22 01:57:14
7a771842-c090-4da1-8c13-72b7f4f50a87,20,3,17,14,1,1769064822,2026-01-22 01:57:14
785b3e6b-dab5-4d25-afab-e2a1ef918669,24,16,8,1,1,1769064821,2026-01-22 01:57:14
2142879485385917038,21,13,8,9,1,1769064820,2026-01-22 01:57:14
1848241425697670086,31,8,23,5,1,1769064821,2026-01-22 01:57:14
bf317efc-13f1-42be-8243-373a29354033,10,5,5,15,1,1769064832,2026-01-22 01:57:14
66db2e3a-0aca-11e7-82f6-3863bb44ef7c,42,31,11,12,1,1769064832,2026-01-22 01:57:14
66db46d7-0aca-11e7-82f6-3863bb44ef7c,18,10,8,10,1,1769064830,2026-01-22 01:57:14
ddc8ca6c-dceb-4603-ab1e-4bd972ca2a3d,13,3,10,4,1,1769064831,2026-01-22 01:57:14
1860189190334925058,4,1,3,17,1,1769064831,2026-01-22 01:57:14
380394f7-64fa-4a65-a4d1-7bcaddd41fab,12,7,5,7,1,1769064834,2026-01-22 01:57:14
68827e5f-ed28-45de-99bf-66093a8c504f,4,2,2,16,1,1769064835,2026-01-22 01:57:14
1975559886658995034,9,9,0,15,1,1769064835,2026-01-22 01:57:14
1786696564295760054,12,8,4,14,1,1769064834,2026-01-22 01:57:14
5eac53d0-5510-441a-9dbb-76bd38acf4ef,1,0,1,15,1,1769064831,2026-01-22 01:57:14
9b721468-3b28-429d-9e13-580cdf00a6a4,10,0,10,13,1,1769064831,2026-01-22 01:57:14
1906951766876655628,6,1,5,22,1,1769064835,2026-01-22 01:57:14
426862de-f8f2-4967-ba41-76680a4b460c,1,0,1,17,1,1769064835,2026-01-22 01:57:14
66dd51e6-0aca-11e7-82f6-3863bb44ef7c,40,24,16,36,1,1769064846,2026-01-22 01:57:14
999865d2-0735-4e85-a9d4-00810231530e,9,1,8,12,1,1769064846,2026-01-22 01:57:14
d11db4cd-f9bf-430b-ac19-104fef323b24,8,7,1,12,1,1769064842,2026-01-22 01:57:14
324af152-33ea-48a7-8bb0-ad8b6f31571f,39,6,33,6,1,1769064842,2026-01-22 01:57:14
66dc85bb-0aca-11e7-82f6-3863bb44ef7c,39,36,3,1,1,1769064843,2026-01-22 01:57:14
1849009534951225816,3,0,3,13,1,1769064843,2026-01-22 01:57:14
fb180cce-96ee-4e66-b3ce-000f3db6e670,0,0,0,28,1,1769064844,2026-01-22 01:57:14
1786697528321024934,37,2,35,1,1,1769064843,2026-01-22 01:57:14
1786697166576476490,21,17,4,24,1,1769064844,2026-01-22 01:57:14
101c813e-02a8-4b6b-bd5d-981c1ea62019,14,10,4,7,1,1769064843,2026-01-22 01:57:14
66dde3b1-0aca-11e7-82f6-3863bb44ef7c,19,1,18,15,1,1769064841,2026-01-22 01:57:14
66db3708-0aca-11e7-82f6-3863bb44ef7c,25,9,16,13,1,1769064842,2026-01-22 01:57:14
daefc84c-1b16-4220-8e1f-10ea4866fdc7,41,33,8,62,1,1769064842,2026-01-22 01:57:14
711ccb32-e1bc-4577-ac7b-50592cc9b8a0,20,5,15,4,1,1769064844,2026-01-22 01:57:14
4f57360d-a4cb-4568-b74a-f3086ccaee2e,9,4,5,11,1,1769064844,2026-01-22 01:57:14
1786697932047949952,4,2,2,18,1,1769064844,2026-01-22 01:57:14
c0a2d591-4eed-488b-b88b-0b23990e3756,19,2,17,1,1,1769064843,2026-01-22 01:57:14
66dc8bfd-0aca-11e7-82f6-3863bb44ef7c,30,16,14,19,1,1769064843,2026-01-22 01:57:14
2126623199408050430,8,0,8,8,1,1769064844,2026-01-22 01:57:14
1875023224873448258,9,0,9,11,1,1769064845,2026-01-22 01:57:14
9c2a741d-7f3e-4aa1-b58b-db5c3e6bcb20,2,2,0,26,1,1769064845,2026-01-22 01:57:14
1887292564377354448,6,0,6,23,1,1769064845,2026-01-22 01:57:14
1815967051912860522,19,0,19,9,1,1769064846,2026-01-22 01:57:14
1882735457106787122,19,13,6,6,1,1769064846,2026-01-22 01:57:14
66de59bd-0aca-11e7-82f6-3863bb44ef7c,21,3,18,1,1,1769064841,2026-01-22 01:57:14
cc7b86cf-a2fb-4738-b967-de7b197dc930,2,1,1,37,1,1769064841,2026-01-22 01:57:14
66ddea2a-0aca-11e7-82f6-3863bb44ef7c,68,29,39,3,1,1769064858,2026-01-22 01:57:14
3f878b81-324e-4673-9221-43d34647e76f,11,1,10,4,1,1769064858,2026-01-22 01:57:14
2bf9addc-038b-48fe-8794-dde085c5e5dc,8,7,1,41,1,1769064860,2026-01-22 01:57:14
66dce4fc-0aca-11e7-82f6-3863bb44ef7c,12,4,8,12,1,1769064861,2026-01-22 01:57:14
6a52ceae-3b97-487a-9438-de844bfbf1c2,13,9,4,7,1,1769064860,2026-01-22 01:57:14
4753c893-e4bd-4d6a-bc4d-42209a19ebeb,1,1,0,16,1,1769064858,2026-01-22 01:57:14
2121032708855884414,8,2,6,7,1,1769064859,2026-01-22 01:57:14
9719498d-bd5c-4424-86ac-dfe0795c57d1,6,4,2,15,1,1769064859,2026-01-22 01:57:14
3bf69f3e-23f6-4abe-b5fe-dabe6b0ea066,9,9,0,14,1,1769064861,2026-01-22 01:57:14
66dc3f08-0aca-11e7-82f6-3863bb44ef7c,99,73,26,1,1,1769064861,2026-01-22 01:57:14
956de8aa-9e06-4efb-8eb0-35fe9b274a48,17,17,0,2,1,1769064862,2026-01-22 01:57:14
9b7e3b8b-97ef-4038-820c-7cd1c1a34fc7,13,3,10,12,1,1769064857,2026-01-22 01:57:14
66de88d7-0aca-11e7-82f6-3863bb44ef7c,15,15,0,30,1,1769064856,2026-01-22 01:57:14
66db631c-0aca-11e7-82f6-3863bb44ef7c,61,47,14,14,1,1769064856,2026-01-22 01:57:14
2121032193446634360,2,1,1,9,1,1769064771,2026-01-22 01:57:14
2b33334b-243c-4a16-a6d2-32304c8884f1,6,6,0,14,1,1769064856,2026-01-22 01:57:14
1838618090943186984,22,4,18,1,1,1769064856,2026-01-22 01:57:14
66dc1e55-0aca-11e7-82f6-3863bb44ef7c,12,7,5,49,1,1769064856,2026-01-22 01:57:14
b9c209b2-6284-4f5a-a32a-680ef9da1c1f,5,5,0,13,1,1769064861,2026-01-22 01:57:14
66de110b-0aca-11e7-82f6-3863bb44ef7c,15,3,12,23,1,1769064867,2026-01-22 01:57:14
1865017865553426604,9,1,8,9,1,1769064868,2026-01-22 01:57:14
1817432954560889524,6,0,6,13,1,1769064868,2026-01-22 01:57:14
1864606193814670106,6,1,5,16,1,1769064868,2026-01-22 01:57:14
2018303498843153278,24,13,11,4,1,1769064869,2026-01-22 01:57:14
80969478-8dbc-42e1-8e16-ac0132a431c2,24,7,17,0,1,1769064874,2026-01-22 01:57:14
1958457675193833900,15,5,10,7,1,1769064874,2026-01-22 01:57:14
5f2766b0-362e-49e5-ab09-05e2c4b6f626,1,1,0,17,1,1769064875,2026-01-22 01:57:14
0cde9bcd-0dcb-45dc-9c9a-3e5485b5452e,5,2,3,13,1,1769064877,2026-01-22 01:57:14
66dc7de9-0aca-11e7-82f6-3863bb44ef7c,109,69,40,0,1,1769064875,2026-01-22 01:57:14
66dca682-0aca-11e7-82f6-3863bb44ef7c,44,32,12,19,1,1769064875,2026-01-22 01:57:14
66db4282-0aca-11e7-82f6-3863bb44ef7c,37,6,31,38,1,1769064876,2026-01-22 01:57:14
66dc7659-0aca-11e7-82f6-3863bb44ef7c,93,63,30,21,1,1769064878,2026-01-22 01:57:14
d52d4171-fd60-4a28-b7e2-89f3693e0591,15,5,10,0,1,1769064873,2026-01-22 01:57:14
1202a491-9f76-4609-9b5c-eb7723ab5b45,8,1,7,9,1,1769064873,2026-01-22 01:57:14
81640d04-c36a-4fb1-98b0-85be10be516c,9,0,9,11,1,1769064874,2026-01-22 01:57:14
c7ffe3fa-9cd6-4d35-9060-7d5822381442,73,48,25,0,1,1769064866,2026-01-22 01:57:14
66dbebad-0aca-11e7-82f6-3863bb44ef7c,32,23,9,18,1,1769064866,2026-01-22 01:57:14
6651fc84-09d1-4cdb-a8d5-7d6345fb3466,14,1,13,3,1,1769064866,2026-01-22 01:57:14
852218fc-5e5b-4153-bc3f-03760b57e68a,5,0,5,16,1,1769064866,2026-01-22 01:57:14
85ba92ab-8d0a-4d17-9d07-0173e16d3b6d,2,0,2,17,1,1769064867,2026-01-22 01:57:14
fac701fb-c433-496e-933b-ea137dbe7fe1,4,0,4,13,1,1769064867,2026-01-22 01:57:14
e1a3f2f9-618f-4727-b2d6-676e02aadf17,11,2,9,11,1,1769064867,2026-01-22 01:57:14
66dde208-0aca-11e7-82f6-3863bb44ef7c,34,31,3,1,1,1769064867,2026-01-22 01:57:14
54782566-697b-497e-a503-dc1f39963eb2,7,4,3,20,1,1769064870,2026-01-22 01:57:14
a724eb92-55ca-4b9f-9a87-c2e87b3cbd40,1,1,0,19,1,1769064870,2026-01-22 01:57:14
1814907062275537820,19,5,14,9,1,1769064871,2026-01-22 01:57:14
1945125910957847430,4,3,1,16,1,1769064871,2026-01-22 01:57:14
f752c376-3a6f-4cd3-b9fd-3c049d45a9a6,2,0,2,15,1,1769064871,2026-01-22 01:57:14
1846085533896197012,21,2,19,0,1,1769064872,2026-01-22 01:57:14
2007842506069575758,16,1,15,3,1,1769064869,2026-01-22 01:57:14
4d674595-187c-417c-a691-676c4446c9fc,8,2,6,12,1,1769064869,2026-01-22 01:57:14
c56739c2-b310-4d73-ab0e-b6036abd9561,19,1,18,6,1,1769064869,2026-01-22 01:57:14
87091002-cc25-452a-b5d9-f8d0c3fce422,3,2,1,20,1,1769064869,2026-01-22 01:57:14
2123939077451327830,5,2,3,5,1,1769064818,2026-01-22 01:57:14
2e5cde21-f0a2-4396-899e-6df275e99212,5,5,0,15,1,1769064870,2026-01-22 01:57:14
1859811213834095332,15,1,14,9,1,1769064870,2026-01-22 01:57:14
66dd23a9-0aca-11e7-82f6-3863bb44ef7c,13,10,3,14,1,1769064871,2026-01-22 01:57:14
2124037656159914878,4,2,2,8,1,1769064871,2026-01-22 01:57:14
2098359443836787630,23,23,0,47,1,1769064872,2026-01-22 01:57:14
1814900898997467540,7,1,6,11,1,1769064871,2026-01-22 01:57:14
36025f2c-ee4d-4c1a-832d-733cf37f98ef,3,3,0,27,1,1769064883,2026-01-22 01:57:14
2121032973750651666,4,1,3,9,1,1769064807,2026-01-22 01:57:14
bb6bba3f-19a0-4ebb-a454-4ac678d9d62d,9,9,0,11,1,1769064882,2026-01-22 01:57:14
66dbca0f-0aca-11e7-82f6-3863bb44ef7c,47,36,11,10,1,1769064883,2026-01-22 01:57:14
46dca5c6-7bd3-4a4f-aa1e-33aa66652294,21,7,14,6,1,1769064883,2026-01-22 01:57:14
66dcca0d-0aca-11e7-82f6-3863bb44ef7c,2,1,1,18,1,1769064883,2026-01-22 01:57:14
0ebdda6a-37e4-4ff4-94e8-3947f49d8e24,9,6,3,13,1,1769064883,2026-01-22 01:57:14
c37931bb-8571-4671-a9a8-f3cf23897680,37,11,26,54,1,1769064879,2026-01-22 01:57:14
66db3997-0aca-11e7-82f6-3863bb44ef7c,20,2,18,55,1,1769064880,2026-01-22 01:57:14
1908785111291682996,6,2,4,12,1,1769064880,2026-01-22 01:57:14
e72f0aec-2293-4636-988c-b9d30df092f8,24,24,0,20,1,1769064880,2026-01-22 01:57:14
17ba4945-b202-4667-965f-211d80622646,7,0,7,15,1,1769064880,2026-01-22 01:57:14
1838071090619298218,18,12,6,11,1,1769064880,2026-01-22 01:57:14
2123939659270367896,9,4,5,7,1,1769064881,2026-01-22 01:57:14
2126579619522812246,13,5,8,0,1,1769064867,2026-01-22 01:57:14
66de1f7f-0aca-11e7-82f6-3863bb44ef7c,19,7,12,10,1,1769064882,2026-01-22 01:57:14
b319c797-71ff-490c-b965-ba2ac0f50da0,3,1,2,14,1,1769064881,2026-01-22 01:57:14
65a1b09d-560d-46bf-8f5d-7f59471a587e,8,4,4,13,1,1769064882,2026-01-22 01:57:14
55146e49-9bc4-4f13-bdf7-25422342b638,0,0,0,17,1,1769064882,2026-01-22 01:57:14
3ff00115-e8da-4326-97d3-7bf4fe4df7a5,10,2,8,10,1,1769064880,2026-01-22 01:57:14
1864605659096685518,1,1,0,16,1,1769064881,2026-01-22 01:57:14
62e2b1dd-ca52-4e1c-a112-1d8846b9d9b5,17,4,13,0,1,1769064881,2026-01-22 01:57:14
66ddb6d9-0aca-11e7-82f6-3863bb44ef7c,58,25,33,8,1,1769064884,2026-01-22 01:57:14
d946ce73-5487-4ab7-b429-cf873e9af5b5,11,2,9,8,1,1769064887,2026-01-22 01:57:14
66de3fde-0aca-11e7-82f6-3863bb44ef7c,14,12,2,9,1,1769064887,2026-01-22 01:57:14
66db3f62-0aca-11e7-82f6-3863bb44ef7c,22,6,16,34,1,1769064887,2026-01-22 01:57:14
d08be53f-9691-4d6f-81f3-7d052abb7dd6,6,2,4,11,1,1769064887,2026-01-22 01:57:14
1814906873296976512,6,2,4,14,1,1769064888,2026-01-22 01:57:14
a6a132f9-89bf-42a4-afe6-1ca449b7f570,3,1,2,15,1,1769064888,2026-01-22 01:57:14
55ccb271-7035-422e-bee1-20e84caa0217,43,12,31,4,1,1769064885,2026-01-22 01:57:14
0e5be726-2452-42a0-9be8-ea85c8408e4c,4,0,4,17,1,1769064885,2026-01-22 01:57:14
bd30f2a1-38ec-474d-9e36-07f688e87427,11,4,7,4,1,1769064886,2026-01-22 01:57:14
e6f3c665-0c87-4f34-a5e8-69baeed7b7bf,5,0,5,15,1,1769064886,2026-01-22 01:57:14
2436e886-dc53-47cb-8733-d663f9dcd922,3,3,0,21,1,1769064886,2026-01-22 01:57:14
92a51669-deec-45a9-8494-fafdf6356c51,5,2,3,26,1,1769064885,2026-01-22 01:57:14
66db79a3-0aca-11e7-82f6-3863bb44ef7c,34,27,7,14,1,1769064886,2026-01-22 01:57:14
f54ad1f8-fe58-49ac-82ae-b742aec66829,46,39,7,31,1,1769064888,2026-01-22 01:57:14
1854538793462575652,12,4,8,5,1,1769064889,2026-01-22 01:57:14
d8e02e7b-632b-4fbe-95b9-80efa47473e3,0,0,0,21,1,1769064888,2026-01-22 01:57:14
f3b359e2-7983-4aaf-b6b0-e3b7d30816a4,17,2,15,1,1,1769064888,2026-01-22 01:57:14
06f0d251-e1e3-435c-8c5f-9b991a14ca4a,3,2,1,22,1,1769064888,2026-01-22 01:57:14
0c923abb-298a-4a47-b132-9fae73cc59e6,10,7,3,31,1,1769064888,2026-01-22 01:57:14
66dbcdfc-0aca-11e7-82f6-3863bb44ef7c,1,0,1,55,1,1769064889,2026-01-22 01:57:14
1849008925260421550,15,1,14,5,1,1769064890,2026-01-22 01:57:14
c4d6b123-df5a-446d-b0ae-d3c4846565d5,2,0,2,20,1,1769064889,2026-01-22 01:57:14
398aa734-3893-4dba-a704-57ae8632c4f9,10,8,2,11,1,1769064886,2026-01-22 01:57:14
1893519215751496610,27,0,27,1,1,1769064886,2026-01-22 01:57:14
15e1568b-f502-47a2-9d3d-b5aaa1edc239,5,2,3,16,1,1769064892,2026-01-22 01:57:14
1862759079900600428,3,2,1,15,1,1769064892,2026-01-22 01:57:14
6ca15d94-897a-4c81-ab47-366829afb7c4,8,8,0,15,1,1769064892,2026-01-22 01:57:14
1871972060496771504,3,3,0,14,1,1769064895,2026-01-22 01:57:14
1835247469495105628,5,2,3,16,1,1769064894,2026-01-22 01:57:14
0197e9da-ae03-40a7-8270-fe500bfc9e18,4,4,0,16,1,1769064896,2026-01-22 01:57:14
66dcbf69-0aca-11e7-82f6-3863bb44ef7c,12,9,3,6,1,1769064893,2026-01-22 01:57:14
6908ae75-b9a1-4f20-b192-95dc43e858a8,7,2,5,9,1,1769064894,2026-01-22 01:57:14
66dc79e6-0aca-11e7-82f6-3863bb44ef7c,9,4,5,13,1,1769064894,2026-01-22 01:57:14
8e631be4-1e0c-4627-a261-18f0003d0ba2,16,16,0,25,1,1769064894,2026-01-22 01:57:14
1833865926273309136,23,13,10,38,1,1769064894,2026-01-22 01:57:14
bde94a25-6089-4490-af3a-8cc5702230b8,91,73,18,8,1,1769064896,2026-01-22 01:57:14
a23a40c3-6da5-4b0f-bb6b-8bfc01ec2261,9,2,7,10,1,1769064896,2026-01-22 01:57:14
e666a344-1afb-4512-b2e9-2fc5ed71be2b,2,0,2,19,1,1769064896,2026-01-22 01:57:14
33c533cd-5f0e-4c15-a00a-6a2bf1e2d077,17,17,0,44,1,1769064897,2026-01-22 01:57:14
1820420224296772166,10,3,7,10,1,1769064892,2026-01-22 01:57:14
4543214c-c9d4-4f20-9cd9-dd05cc365931,34,34,0,11,1,1769064893,2026-01-22 01:57:14
1854537815365165328,0,0,0,19,1,1769064896,2026-01-22 01:57:14
ffaa8f6a-a4ea-4d3a-a57c-f42f77cd4581,0,0,0,23,1,1769064897,2026-01-22 01:57:14
1817431953833509324,14,10,4,7,1,1769064897,2026-01-22 01:57:14
2124425670552673214,3,2,1,10,1,1769064890,2026-01-22 01:57:14
ecbfcdb7-fffc-4d45-bed2-1510fd45834d,10,1,9,8,1,1769064890,2026-01-22 01:57:14
52dd11f4-bbd0-49ab-912b-06fac40d275d,21,15,6,9,1,1769064891,2026-01-22 01:57:14
145bbc0d-8976-45ae-9565-158ba564d3d1,23,7,16,1,1,1769064890,2026-01-22 01:57:14
1880643497376459348,1,1,0,20,1,1769064890,2026-01-22 01:57:14
fea72f55-d296-47af-9446-149688dcccbd,0,0,0,15,1,1769064890,2026-01-22 01:57:14
66db33fc-0aca-11e7-82f6-3863bb44ef7c,6,6,0,61,1,1769064890,2026-01-22 01:57:14
66dd4ac1-0aca-11e7-82f6-3863bb44ef7c,18,9,9,19,1,1769064890,2026-01-22 01:57:14
66dc9223-0aca-11e7-82f6-3863bb44ef7c,7,4,3,77,1,1769064892,2026-01-22 01:57:14
1820420022433309054,24,9,15,0,1,1769064893,2026-01-22 01:57:14
66dc1d0c-0aca-11e7-82f6-3863bb44ef7c,1,0,1,25,1,1769064898,2026-01-22 01:57:14
66ddef96-0aca-11e7-82f6-3863bb44ef7c,25,6,19,18,1,1769064898,2026-01-22 01:57:14
1815968422007427668,8,2,6,11,1,1769064898,2026-01-22 01:57:14
66dc9143-0aca-11e7-82f6-3863bb44ef7c,25,7,18,10,1,1769064900,2026-01-22 01:57:14
14f928c6-9a51-40a2-b7e6-a74e8b351dbf,4,1,3,20,1,1769064900,2026-01-22 01:57:14
66de1bc3-0aca-11e7-82f6-3863bb44ef7c,10,1,9,45,1,1769064900,2026-01-22 01:57:14
0927e331-866f-4d99-99b4-04edde99117a,14,7,7,24,1,1769064901,2026-01-22 01:57:14
1876864480506022446,16,1,15,4,1,1769064901,2026-01-22 01:57:14
ace80a8c-6196-484e-8dd0-061e3c90389b,3,3,0,26,1,1769064901,2026-01-22 01:57:14
e982e1cb-7e7b-4769-85b8-565925200654,9,2,7,15,1,1769064899,2026-01-22 01:57:14
eb8fcff2-6f58-4724-b564-ebc9a8d374d8,15,2,13,0,1,1769064899,2026-01-22 01:57:14
b30815c0-99b6-451b-be15-902992cb8abb,40,38,2,15,1,1769064899,2026-01-22 01:57:14
1815967674683118258,22,1,21,1,1,1769064900,2026-01-22 01:57:14
66db6da2-0aca-11e7-82f6-3863bb44ef7c,47,34,13,4,1,1769064899,2026-01-22 01:57:14
66dc9068-0aca-11e7-82f6-3863bb44ef7c,18,6,12,52,1,1769064899,2026-01-22 01:57:14
b7df61c0-8ead-46cb-9d6e-a6a3011ffb71,8,4,4,17,1,1769064899,2026-01-22 01:57:14
1877653505745721834,3,2,1,16,1,1769064899,2026-01-22 01:57:14
2009671276352543716,18,12,6,0,1,1769064899,2026-01-22 01:57:14
1848241963446241866,17,11,6,2,1,1769064901,2026-01-22 01:57:14
66dc8768-0aca-11e7-82f6-3863bb44ef7c,20,12,8,20,1,1769064902,2026-01-22 01:57:14
66de0bcb-0aca-11e7-82f6-3863bb44ef7c,11,7,4,43,1,1769064902,2026-01-22 01:57:14
efa2a82f-eb4a-4b82-a602-6c42cb984101,3,3,0,14,1,1769064902,2026-01-22 01:57:14
66de44ba-0aca-11e7-82f6-3863bb44ef7c,25,3,22,14,1,1769064902,2026-01-22 01:57:14
e4980fd0-e540-40ca-acba-c2a74f3294fc,2,2,0,21,1,1769064903,2026-01-22 01:57:14
1860188069348460678,19,1,18,1,1,1769064902,2026-01-22 01:57:14
199ea9dd-8f7e-4e05-a730-55edaacd8787,8,2,6,48,1,1769064902,2026-01-22 01:57:14
189f573b-a2d0-40d2-af15-83c5015d93e2,6,6,0,17,1,1769064902,2026-01-22 01:57:14
1819720453019329398,8,3,5,13,1,1769064903,2026-01-22 01:57:14
aa0e6301-4162-428d-8943-7b684089b0d1,8,0,8,10,1,1769064903,2026-01-22 01:57:14
fec4aa1b-9fc1-4dd9-ab39-c1d7370a6e54,6,0,6,14,1,1769064900,2026-01-22 01:57:14
66db89a3-0aca-11e7-82f6-3863bb44ef7c,63,5,58,9,1,1769064901,2026-01-22 01:57:14
1860187430946456420,1,0,1,17,1,1769064903,2026-01-22 01:57:14
1851254360969534132,6,5,1,18,1,1769064903,2026-01-22 01:57:14
48e7e465-f861-452a-9bf7-7eacd0b2bcac,17,0,17,2,1,1769064903,2026-01-22 01:57:14
17aba164-9d41-4336-9767-2218b8994ded,7,0,7,15,1,1769064903,2026-01-22 01:57:14
d1c204d7-d575-417d-b134-6ebdf7e99f98,9,9,0,11,1,1769064903,2026-01-22 01:57:14
3299ff79-36aa-42ef-b7f1-c40e95c8f570,19,3,16,25,1,1769064904,2026-01-22 01:57:14
d7f55e1b-12db-49d1-9cd8-4fb464745841,14,0,14,16,1,1769064906,2026-01-22 01:57:14
22e38a04-e70d-4484-bbf3-f6e8c64fdbd4,3,3,0,18,1,1769064906,2026-01-22 01:57:14
66db479e-0aca-11e7-82f6-3863bb44ef7c,22,5,17,17,1,1769064907,2026-01-22 01:57:14
b7d7543b-74ac-4a48-a3c4-412f9ffbc727,7,0,7,17,1,1769064907,2026-01-22 01:57:14
64de0666-b9ab-404e-a16b-03e449bb5b4d,6,3,3,11,1,1769064905,2026-01-22 01:57:14
5f968a1b-ee60-43a0-ad25-05211e09e436,3,0,3,16,1,1769064904,2026-01-22 01:57:14
8f72fe26-98aa-4e87-a612-9ae0eb1d9a38,16,0,16,3,1,1769064905,2026-01-22 01:57:14
a76299eb-73f7-401c-aa8b-edff9ef003bd,36,9,27,5,1,1769064905,2026-01-22 01:57:14
1841926579628419438,0,0,0,17,1,1769064906,2026-01-22 01:57:14
1843486597735840252,15,2,13,7,1,1769064907,2026-01-22 01:57:14
514afe43-84d4-4941-8281-75a93c5cd365,4,1,3,12,1,1769064906,2026-01-22 01:57:14
2010065065442370322,0,0,0,23,1,1769064904,2026-01-22 01:57:14
77463580-6421-403d-b170-f2660c216175,4,1,3,19,1,1769064904,2026-01-22 01:57:14
66db7a0d-0aca-11e7-82f6-3863bb44ef7c,46,21,25,5,1,1769064905,2026-01-22 01:57:14
1846086463217404850,19,4,15,5,1,1769064902,2026-01-22 01:57:14
923a60f7-2a0e-4a31-8dd5-66c8518c929e,12,5,7,9,1,1769064901,2026-01-22 01:57:14
66dd243c-0aca-11e7-82f6-3863bb44ef7c,37,3,34,40,1,1769064902,2026-01-22 01:57:14
1843486189591985058,3,0,3,19,1,1769064907,2026-01-22 01:57:14
18326827-dcae-47e0-8518-c4bb9e21eef6,26,0,26,4,1,1769064908,2026-01-22 01:57:14
66db6889-0aca-11e7-82f6-3863bb44ef7c,18,5,13,12,1,1769064907,2026-01-22 01:57:14
66db3ba0-0aca-11e7-82f6-3863bb44ef7c,17,10,7,53,1,1769064908,2026-01-22 01:57:14
66db65aa-0aca-11e7-82f6-3863bb44ef7c,40,13,27,58,1,1769064908,2026-01-22 01:57:14
7d9a1b9e-0123-4561-a111-b3735fada687,5,1,4,17,1,1769064908,2026-01-22 01:57:14
b930dd82-92d0-4d86-b896-7d8b827c2d5f,1,1,0,16,1,1769064908,2026-01-22 01:57:14
ffef95fa-600b-4f08-b2ce-e8eb034ebfd8,21,20,1,10,1,1769064908,2026-01-22 01:57:14
bdcbd89b-9ae0-461b-aa1d-7db7ead07400,22,4,18,4,1,1769064908,2026-01-22 01:57:14
03872f6b-a522-4c41-a4f2-5d0c41779e7b,0,0,0,19,1,1769064908,2026-01-22 01:57:14
1860188607062574024,2,1,1,16,1,1769064912,2026-01-22 01:57:14
66de103b-0aca-11e7-82f6-3863bb44ef7c,9,1,8,14,1,1769064912,2026-01-22 01:57:14
66dc0bbd-0aca-11e7-82f6-3863bb44ef7c,29,8,21,5,1,1769064912,2026-01-22 01:57:14
1843486667668726558,18,0,18,3,1,1769064912,2026-01-22 01:57:14
1813395029173762108,28,27,1,12,1,1769064912,2026-01-22 01:57:14
1851674088959433552,5,1,4,16,1,1769064912,2026-01-22 01:57:14
9b4a92ae-cefe-467a-8e35-5ce02d4f3a45,3,0,3,15,1,1769064912,2026-01-22 01:57:14
66de269c-0aca-11e7-82f6-3863bb44ef7c,15,10,5,17,1,1769064911,2026-01-22 01:57:14
66db6d40-0aca-11e7-82f6-3863bb44ef7c,37,36,1,25,1,1769064911,2026-01-22 01:57:14
330ee4e3-29cb-48e5-845f-a8ccf1aa2ce6,8,7,1,17,1,1769064912,2026-01-22 01:57:14
66db269c-0aca-11e7-82f6-3863bb44ef7c,18,15,3,11,1,1769064910,2026-01-22 01:57:14
5e93b806-08e1-4ef9-98ae-d3dda20e0469,14,12,2,10,1,1769064910,2026-01-22 01:57:14
66dd18dd-0aca-11e7-82f6-3863bb44ef7c,20,6,14,7,1,1769064910,2026-01-22 01:57:14
1804894168423871442,15,4,11,8,1,1769064910,2026-01-22 01:57:14
66dbcf18-0aca-11e7-82f6-3863bb44ef7c,67,19,48,6,1,1769064910,2026-01-22 01:57:14
f882ccc8-45aa-426b-aef6-514fe1d3d9cc,12,2,10,17,1,1769064910,2026-01-22 01:57:14
c8060816-b4aa-4fd9-bc66-af28bf61dc87,2,2,0,19,1,1769064910,2026-01-22 01:57:14
e2fc6d90-8deb-4e21-961d-9d5208c1f986,25,19,6,8,1,1769064911,2026-01-22 01:57:14
81a34754-ae08-47a6-964d-4733849a8fab,2,0,2,26,1,1769064911,2026-01-22 01:57:14
2121032507515216178,6,1,5,4,1,1769064911,2026-01-22 01:57:14
66dc741f-0aca-11e7-82f6-3863bb44ef7c,26,19,7,38,1,1769064910,2026-01-22 01:57:14
9e0b3452-ef6d-4e94-8c05-7bef199cdb74,5,5,0,14,1,1769064911,2026-01-22 01:57:14
9991b75b-a9ba-4abc-bf84-0108291be05a,16,3,13,8,1,1769064911,2026-01-22 01:57:14
2121033322026834516,11,1,10,2,1,1769064909,2026-01-22 01:57:14
1843486390605672640,8,3,5,17,1,1769064914,2026-01-22 01:57:14
66de542a-0aca-11e7-82f6-3863bb44ef7c,17,0,17,27,1,1769064913,2026-01-22 01:57:14
1880643915885220532,1,1,0,29,1,1769064914,2026-01-22 01:57:14
1828965887815635862,2,1,1,19,1,1769064914,2026-01-22 01:57:14
2132211694027383298,16,9,7,0,1,1769064913,2026-01-22 01:57:14
6ae35aa8-644e-4b2c-b6a4-6570192f78ab,18,4,14,11,1,1769064913,2026-01-22 01:57:14
79399e32-a6c6-4732-8ad4-9f9140a86b21,22,16,6,0,1,1769064913,2026-01-22 01:57:14
1861680889400379678,16,13,3,3,1,1769064913,2026-01-22 01:57:14
5f7ac86c-1a98-4603-8749-4bb83ac84acd,16,16,0,36,1,1769064908,2026-01-22 01:57:14
868586b3-ddc7-4b4b-9bed-a1e487033aaa,40,7,33,5,1,1769064908,2026-01-22 01:57:14
ccaadb70-6c87-4ccc-9914-a3167bd1bc0e,7,3,4,23,1,1769064914,2026-01-22 01:57:14
1947001743402778700,5,0,5,18,1,1769064914,2026-01-22 01:57:14
a70b26b7-fbad-4787-bf15-29f7b13a19ab,3,3,0,17,1,1769064914,2026-01-22 01:57:14
16a4effc-282e-4053-b47b-31f734d50c08,17,2,15,5,1,1769064914,2026-01-22 01:57:14
760ebaea-f7c7-45ad-aa3b-395d97adcf8f,11,5,6,10,1,1769064914,2026-01-22 01:57:14
29223935-a682-411c-9f25-577bbb9804fc,18,0,18,2,1,1769064914,2026-01-22 01:57:14
66dd20eb-0aca-11e7-82f6-3863bb44ef7c,32,14,18,2,1,1769064915,2026-01-22 01:57:14
0cc38ba1-4625-4821-9a6f-e490525cbce2,3,3,0,16,1,1769064915,2026-01-22 01:57:14
1814900752968579218,12,1,11,8,1,1769064916,2026-01-22 01:57:14
1934770108420609000,2,1,1,15,1,1769064915,2026-01-22 01:57:14
66dc864c-0aca-11e7-82f6-3863bb44ef7c,23,17,6,4,1,1769064915,2026-01-22 01:57:14
66dc90d5-0aca-11e7-82f6-3863bb44ef7c,33,28,5,0,1,1769064915,2026-01-22 01:57:14
7f1b4c40-d9fa-4182-be0e-a993655cfb6f,21,13,8,0,1,1769064916,2026-01-22 01:57:14
9e014047-d675-418b-a03c-84d974a25134,3,3,0,27,1,1769064916,2026-01-22 01:57:14
50575cba-95ac-4134-9da1-3eec8253afc4,5,1,4,33,1,1769064917,2026-01-22 01:57:14
66dd3fc3-0aca-11e7-82f6-3863bb44ef7c,13,3,10,25,1,1769064917,2026-01-22 01:57:14
7380e377-936d-47d7-8abe-0f666d47465e,2,2,0,18,1,1769064916,2026-01-22 01:57:14
7a15d81b-357e-42e0-b208-93ffd562fd63,2,1,1,23,1,1769064917,2026-01-22 01:57:14
4168e5a4-c7ec-4045-bfc8-84ac5edbe845,32,28,4,11,1,1769064917,2026-01-22 01:57:14
1845677022981917240,12,2,10,5,1,1769064917,2026-01-22 01:57:14
679dcf08-d88c-4d1b-b81d-fe9f4aabbff7,2,1,1,23,1,1769064917,2026-01-22 01:57:14
2142879839954225698,12,10,2,7,1,1769064918,2026-01-22 01:57:14
db91c9e0-d80b-4cb4-9cc2-9453ec8fbeac,1,1,0,16,1,1769064918,2026-01-22 01:57:14
dc8223ad-4108-40a8-9ff5-35e8490b4077,0,0,0,0,0,86400,2026-01-22 01:57:14
2004153375425087884,0,0,0,0,0,86400,2026-01-22 01:57:14
1861683496445528180,0,0,0,0,0,86400,2026-01-22 01:57:14
66dc7a7d-0aca-11e7-82f6-3863bb44ef7c,0,0,0,0,0,1760532172,2026-01-22 01:57:14
2171902770580328596,0,0,0,0,0,86400,2026-01-22 01:57:14
2171902875345687974,0,0,0,0,0,86400,2026-01-22 01:57:14
2171904090179944948,0,0,0,0,0,86400,2026-01-22 01:57:14
66db473c-0aca-11e7-82f6-3863bb44ef7c,0,0,0,3,0,1768246235,2026-01-22 01:57:14
7bdd60e9-c0fd-40f6-aa9a-d5fa004d4fe3,16,5,11,3,1,1769064582,2026-01-22 01:57:14
a1acdab2-29c7-4956-8b2e-24b39dc2ff13,9,4,5,49,1,1769064748,2026-01-22 01:57:14
1860188194745712748,14,0,14,8,1,1769064782,2026-01-22 01:57:14
66dd1846-0aca-11e7-82f6-3863bb44ef7c,31,4,27,15,1,1769064782,2026-01-22 01:57:14
66de08c9-0aca-11e7-82f6-3863bb44ef7c,14,1,13,6,1,1769064781,2026-01-22 01:57:14
203d7b9a-8666-4af1-81c7-f9fc36aa0952,2,2,0,15,1,1769064781,2026-01-22 01:57:14
ba0a4ada-c9f6-48b4-a7b3-7220f6fb88c2,1,1,0,23,1,1769064779,2026-01-22 01:57:14
1899178885660253096,24,19,5,2,1,1769064790,2026-01-22 01:57:14
66dbe7b6-0aca-11e7-82f6-3863bb44ef7c,6,4,2,20,1,1769064784,2026-01-22 01:57:14
1815968147129520346,1,1,0,21,1,1769064787,2026-01-22 01:57:14
66dc7cc3-0aca-11e7-82f6-3863bb44ef7c,18,9,9,20,1,1769064794,2026-01-22 01:57:14
1786375069262703476,24,8,16,4,1,1769064792,2026-01-22 01:57:14
66dded7a-0aca-11e7-82f6-3863bb44ef7c,24,23,1,3,1,1769064797,2026-01-22 01:57:14
2126621966735272262,8,0,8,3,1,1769064711,2026-01-22 01:57:14
f001fac9-5f19-451e-a752-afde574a8c81,0,0,0,16,1,1769064722,2026-01-22 01:57:14
d7904cd0-4b1b-47d0-8103-937bcf5ff845,0,0,0,5,0,1769040188,2026-01-22 01:57:14
9092515e-eef6-478f-910f-1cd19d06bebb,2,2,0,33,1,1769064802,2026-01-22 01:57:14
787fe4b2-6029-4f71-917e-892479d8d64e,10,0,10,7,1,1769064803,2026-01-22 01:57:14
66ddede1-0aca-11e7-82f6-3863bb44ef7c,26,11,15,6,1,1769064797,2026-01-22 01:57:14
1814900632709495794,15,3,12,7,1,1769064798,2026-01-22 01:57:14
1861271680294357158,20,7,13,3,1,1769064798,2026-01-22 01:57:14
1964061627836181486,2,1,1,82,1,1769064798,2026-01-22 01:57:14
66dd41ef-0aca-11e7-82f6-3863bb44ef7c,15,14,1,24,1,1769064799,2026-01-22 01:57:14
1869439561831725810,8,2,6,17,1,1769064801,2026-01-22 01:57:14
dad3b7df-ec40-4d54-bfdb-5e82be84d742,2,0,2,19,1,1769064801,2026-01-22 01:57:14
66dd4b91-0aca-11e7-82f6-3863bb44ef7c,23,15,8,15,1,1769064800,2026-01-22 01:57:14
66ddd369-0aca-11e7-82f6-3863bb44ef7c,29,20,9,34,1,1769064800,2026-01-22 01:57:14
1869753195262578852,4,1,3,14,1,1769064803,2026-01-22 01:57:14
2b54cb2c-31be-4620-a13c-0fa72b58c90a,5,3,2,21,1,1769064804,2026-01-22 01:57:14
0c106e83-c47a-4233-b5e4-62bbb75d0bed,0,0,0,17,1,1769064801,2026-01-22 01:57:14
1885442082749874736,0,0,0,21,1,1769064804,2026-01-22 01:57:14
66dcc5ca-0aca-11e7-82f6-3863bb44ef7c,0,0,0,0,0,1769064813,2026-01-22 01:57:14
59e3766c-0629-4ff1-a1d9-bc0514a55487,11,5,6,13,1,1769064813,2026-01-22 01:57:14
6076e321-85d8-4e0e-ae18-86bb8cbbda1b,15,0,15,5,1,1769064813,2026-01-22 01:57:14
bd1760ad-3af3-4ede-9bd7-c8fbf46d7192,3,1,2,18,1,1769064813,2026-01-22 01:57:14
96a0b676-e966-4d96-b04b-ceb8149cedcd,6,5,1,16,1,1769064813,2026-01-22 01:57:14
2098714441479661752,10,8,2,4,1,1769064814,2026-01-22 01:57:14
956e9f8d-d23a-4a0e-bf28-84180e818af7,19,16,3,7,1,1769064813,2026-01-22 01:57:14
085da8d4-9465-46f0-82d1-10c9c9177d64,3,2,1,16,1,1769064811,2026-01-22 01:57:14
cac843c2-8b21-47bb-a3b9-712f95d7f7aa,16,2,14,2,1,1769064811,2026-01-22 01:57:14
158e7752-27e2-4912-be0b-eb15405aa096,7,2,5,13,1,1769064815,2026-01-22 01:57:14
9c1c3499-1b11-471f-b59a-87d9e27e15c5,3,2,1,18,1,1769064815,2026-01-22 01:57:14
83d1ff16-ba56-4eae-aa6a-b37b6439db82,1,1,0,28,1,1769064815,2026-01-22 01:57:14
ccfa8b82-07a7-4a08-88fc-be261c30a4ca,5,5,0,17,1,1769064814,2026-01-22 01:57:14
66dd039b-0aca-11e7-82f6-3863bb44ef7c,3,1,2,20,1,1769064814,2026-01-22 01:57:14
d3433b47-99a7-4b21-9fa7-d7052bb5c23b,7,6,1,10,1,1769064815,2026-01-22 01:57:14
66dbf518-0aca-11e7-82f6-3863bb44ef7c,5,3,2,23,1,1769064816,2026-01-22 01:57:14
0f536c08-dde3-40af-a66d-1fe1e7edecd2,3,0,3,17,1,1769064817,2026-01-22 01:57:14
ad17bd9a-735b-4a11-8ad3-dc7800e342af,22,9,13,12,1,1769064807,2026-01-22 01:57:14
c63e9937-cadb-4813-aee3-5fd3fcc93767,1,0,1,18,1,1769064807,2026-01-22 01:57:14
bbb48e80-7d2f-4b3c-bb8c-591bc931945a,15,10,5,3,1,1769064805,2026-01-22 01:57:14
c0e0e578-8ce8-4c9d-be47-b902d8a41050,2,2,0,16,1,1769064808,2026-01-22 01:57:14
341730d7-a61d-499d-8c07-fa015f644e54,56,47,9,25,1,1769064809,2026-01-22 01:57:14
66dc2172-0aca-11e7-82f6-3863bb44ef7c,4,3,1,75,1,1769064809,2026-01-22 01:57:14
d5d589e6-457f-4cd4-bf78-59165dce28b2,19,7,12,6,1,1769064807,2026-01-22 01:57:14
66dc4b4c-0aca-11e7-82f6-3863bb44ef7c,9,7,2,49,1,1769064806,2026-01-22 01:57:14
1875433315773395778,7,3,4,24,1,1769064806,2026-01-22 01:57:14
e58234a3-5b23-427e-948f-c1e4571b2bfa,30,12,18,26,1,1769064810,2026-01-22 01:57:14
66dcac42-0aca-11e7-82f6-3863bb44ef7c,42,0,42,8,1,1769064800,2026-01-22 01:57:14
66de5e5b-0aca-11e7-82f6-3863bb44ef7c,20,1,19,20,1,1769064821,2026-01-22 01:57:14
66de186f-0aca-11e7-82f6-3863bb44ef7c,18,8,10,5,1,1769064818,2026-01-22 01:57:14
d7bdc3d7-6e6d-4899-9cc7-f4238a86c695,3,1,2,20,1,1769064819,2026-01-22 01:57:14
1786697003367719132,13,0,13,24,1,1769064819,2026-01-22 01:57:14
36edabac-a0c2-471b-abaf-73fdb53a4e5f,0,0,0,20,1,1769064820,2026-01-22 01:57:14
1846086138339179502,17,10,7,6,1,1769064820,2026-01-22 01:57:14
901cab1a-a77e-424e-b602-16883e792f93,2,1,1,17,1,1769064820,2026-01-22 01:57:14
66dc192f-0aca-11e7-82f6-3863bb44ef7c,16,15,1,6,1,1769064822,2026-01-22 01:57:14
66db7152-0aca-11e7-82f6-3863bb44ef7c,35,8,27,13,1,1769064822,2026-01-22 01:57:14
d9ec5589-c872-46f2-88cd-e54f9c596721,7,1,6,13,1,1769064822,2026-01-22 01:57:14
582cd775-0178-47f5-b707-6d5869f077ba,18,0,18,11,1,1769064825,2026-01-22 01:57:14
45865207-8700-4ef2-99ed-b08889ef0250,18,8,10,2,1,1769064826,2026-01-22 01:57:14
5db1fefa-0f10-4c58-a7ce-113f3164ced8,13,4,9,4,1,1769064826,2026-01-22 01:57:14
002e6e9f-ced2-47b0-bc7e-ccf38c3b4b0f,7,2,5,11,1,1769064824,2026-01-22 01:57:14
66dc1c5c-0aca-11e7-82f6-3863bb44ef7c,53,38,15,26,1,1769064824,2026-01-22 01:57:14
66de48f9-0aca-11e7-82f6-3863bb44ef7c,16,0,16,0,1,1769064825,2026-01-22 01:57:14
66dc41bb-0aca-11e7-82f6-3863bb44ef7c,47,35,12,4,1,1769064827,2026-01-22 01:57:14
c2800791-1911-4f2b-8fc7-bed280c557c0,41,37,4,3,1,1769064827,2026-01-22 01:57:14
66de8a86-0aca-11e7-82f6-3863bb44ef7c,0,0,0,56,1,1769064829,2026-01-22 01:57:14
1851674145014649512,7,1,6,18,1,1769064825,2026-01-22 01:57:14
a8560d28-9ee1-4af4-9180-7e9c4dd0d147,11,3,8,6,1,1769064823,2026-01-22 01:57:14
1828965671716082498,14,3,11,4,1,1769064824,2026-01-22 01:57:14
1848242058183072050,15,4,11,4,1,1769064830,2026-01-22 01:57:14
66db5c14-0aca-11e7-82f6-3863bb44ef7c,22,18,4,4,1,1769064829,2026-01-22 01:57:14
6a9b19e3-cd69-4e0c-9b28-1889db936c7c,3,2,1,14,1,1769064832,2026-01-22 01:57:14
66db2db5-0aca-11e7-82f6-3863bb44ef7c,51,0,51,5,1,1769064834,2026-01-22 01:57:14
1828966363527611286,15,1,14,3,1,1769064834,2026-01-22 01:57:14
0109f17a-2378-4500-9648-88bdb31ec612,28,0,28,6,1,1769064836,2026-01-22 01:57:14
66db402c-0aca-11e7-82f6-3863bb44ef7c,59,20,39,28,1,1769064836,2026-01-22 01:57:14
9c147c77-11da-4d0b-8a21-a8042ec8031b,8,4,4,10,1,1769064837,2026-01-22 01:57:14
1d130e43-0408-4423-bb52-77a08372cefa,8,3,5,17,1,1769064835,2026-01-22 01:57:14
66dbc551-0aca-11e7-82f6-3863bb44ef7c,0,0,0,51,1,1769064835,2026-01-22 01:57:14
1861682702044957494,9,8,1,9,1,1769064836,2026-01-22 01:57:14
1318e05a-2506-43c6-b49d-4c1f7f69a267,12,10,2,6,1,1769064836,2026-01-22 01:57:14
23bc4d9b-1ec2-45fb-9228-e41517346b24,18,8,10,0,1,1769064834,2026-01-22 01:57:14
afc79a38-e26d-48f7-94e4-d0aca8fd1c49,1,1,0,15,1,1769064832,2026-01-22 01:57:14
8ea09819-cd88-4732-b047-c0549f0b370f,23,3,20,7,1,1769064832,2026-01-22 01:57:14
66db3606-0aca-11e7-82f6-3863bb44ef7c,0,0,0,0,0,1769064830,2026-01-22 01:57:14
1954806962718223342,41,22,19,2,1,1769064830,2026-01-22 01:57:14
1903998756008763590,1,0,1,48,1,1769064838,2026-01-22 01:57:14
66dbe8d6-0aca-11e7-82f6-3863bb44ef7c,20,20,0,32,1,1769064843,2026-01-22 01:57:14
47bcbcc1-9241-4e65-99f1-07c15543be1b,16,7,9,15,1,1769064843,2026-01-22 01:57:14
66dcbe7c-0aca-11e7-82f6-3863bb44ef7c,7,6,1,11,1,1769064843,2026-01-22 01:57:14
1836581807397045112,2,1,1,22,1,1769064844,2026-01-22 01:57:14
c809158b-ca8f-4a77-a800-8ee9d287c056,2,1,1,15,1,1769064841,2026-01-22 01:57:14
82dd89f6-1e5a-4a8f-8660-13cb64349e94,4,0,4,14,1,1769064841,2026-01-22 01:57:14
1869439368558197224,5,3,2,17,1,1769064841,2026-01-22 01:57:14
7603028c-8b04-4918-8a25-a087ce57aea4,12,0,12,18,1,1769064841,2026-01-22 01:57:14
1828969323789472168,7,1,6,9,1,1769064841,2026-01-22 01:57:14
66de482a-0aca-11e7-82f6-3863bb44ef7c,12,10,2,6,1,1769064839,2026-01-22 01:57:14
1828967607558607844,5,1,4,13,1,1769064839,2026-01-22 01:57:14
1828969112306680612,3,2,1,14,1,1769064839,2026-01-22 01:57:14
66ddeffd-0aca-11e7-82f6-3863bb44ef7c,6,5,1,11,1,1769064839,2026-01-22 01:57:14
dc34ba4c-d8e5-4674-a02e-210c950c05c1,9,8,1,15,1,1769064839,2026-01-22 01:57:14
53e30d38-a110-42b4-a8f9-ca801a847ac7,28,14,14,17,1,1769064840,2026-01-22 01:57:14
04d557d6-6bc3-4244-b0f1-81ed1449ccd6,8,6,2,10,1,1769064840,2026-01-22 01:57:14
66dea6e1-0aca-11e7-82f6-3863bb44ef7c,1,1,0,63,1,1769064837,2026-01-22 01:57:14
1e6c5d0c-f406-4b60-88f6-6284a38d3930,3,3,0,16,1,1769064837,2026-01-22 01:57:14
1828969515711812276,18,14,4,0,1,1769064838,2026-01-22 01:57:14
122111c9-9a61-4372-a756-fb2495611cb6,16,15,1,0,1,1769064847,2026-01-22 01:57:14
66db44e5-0aca-11e7-82f6-3863bb44ef7c,17,5,12,22,1,1769064847,2026-01-22 01:57:14
bfbd1f09-afd2-49d2-8674-3a07b3c929a4,17,6,11,5,1,1769064847,2026-01-22 01:57:14
c3d5f47f-cfc3-4c1f-86bb-bcf770d2949b,9,1,8,16,1,1769064847,2026-01-22 01:57:14
cd118a8f-a7d1-4b7a-a6d3-d9e875cb29df,19,14,5,5,1,1769064847,2026-01-22 01:57:14
93c28953-7e65-436e-9c5a-9d7ca0e3729f,19,12,7,4,1,1769064849,2026-01-22 01:57:14
66de5ace-0aca-11e7-82f6-3863bb44ef7c,7,2,5,16,1,1769064848,2026-01-22 01:57:14
b94d0241-bce7-44a9-ab1c-ece0740a4134,18,10,8,0,1,1769064849,2026-01-22 01:57:14
e4645d0d-8b76-4c46-b2b9-be25592e0659,14,7,7,10,1,1769064849,2026-01-22 01:57:14
66dc4599-0aca-11e7-82f6-3863bb44ef7c,21,18,3,2,1,1769064849,2026-01-22 01:57:14
66db7a71-0aca-11e7-82f6-3863bb44ef7c,9,6,3,29,1,1769064849,2026-01-22 01:57:14
3e9e50cc-f336-439f-bd0b-dec5499c038d,44,36,8,1,1,1769064845,2026-01-22 01:57:14
5780ae63-54e5-48e3-a00c-9c403cb75401,7,1,6,15,1,1769064844,2026-01-22 01:57:14
e5b2a7ce-d867-465b-8446-743e00617068,1,1,0,19,1,1769064845,2026-01-22 01:57:14
66dce5c9-0aca-11e7-82f6-3863bb44ef7c,16,4,12,1,1,1769064845,2026-01-22 01:57:14
1786696384892428996,6,4,2,14,1,1769064845,2026-01-22 01:57:14
66dd1585-0aca-11e7-82f6-3863bb44ef7c,38,2,36,1,1,1769064849,2026-01-22 01:57:14
344b52b0-73a9-4fe3-9132-23d0502dc0ae,6,2,4,12,1,1769064849,2026-01-22 01:57:14
3c8847a6-c12a-40fd-9b22-4582ac1a0d9d,14,10,4,9,1,1769064845,2026-01-22 01:57:14
1845676816555735590,11,1,10,11,1,1769064847,2026-01-22 01:57:14
cc834d78-6eca-450a-ae00-a5ffc6f1a7a6,15,0,15,0,1,1769064850,2026-01-22 01:57:14
62089e99-7f73-4f59-816d-57f9793484a1,10,10,0,9,1,1769064850,2026-01-22 01:57:14
66de4594-0aca-11e7-82f6-3863bb44ef7c,16,6,10,10,1,1769064850,2026-01-22 01:57:14
d33261e6-600e-4756-ad03-a9facbd8ace1,12,1,11,10,1,1769064850,2026-01-22 01:57:14
1893542109140147108,6,2,4,14,1,1769064851,2026-01-22 01:57:14
1838070776953752336,2,1,1,20,1,1769064851,2026-01-22 01:57:14
66dc0cc7-0aca-11e7-82f6-3863bb44ef7c,18,14,4,31,1,1769064853,2026-01-22 01:57:14
78b4aa30-e4e9-4447-9419-c89f8527892e,9,7,2,11,1,1769064853,2026-01-22 01:57:14
305c221f-4e0b-4a5a-902c-3d1043dfe606,2,0,2,16,1,1769064854,2026-01-22 01:57:14
fe93b3ae-1d86-4ee9-9eb6-9e11808966aa,5,2,3,15,1,1769064853,2026-01-22 01:57:14
1815967159287043052,10,0,10,13,1,1769064851,2026-01-22 01:57:14
b516fedb-3ced-4683-8c17-7e5f6dadf04d,30,8,22,2,1,1769064851,2026-01-22 01:57:14
66dce567-0aca-11e7-82f6-3863bb44ef7c,4,1,3,16,1,1769064851,2026-01-22 01:57:14
59ad8f95-32a4-43de-b1c3-79c667b2d2df,1,1,0,26,1,1769064853,2026-01-22 01:57:14
28be450b-7878-4495-add2-61afd94f375a,17,8,9,0,1,1769064855,2026-01-22 01:57:14
66dda55f-0aca-11e7-82f6-3863bb44ef7c,29,19,10,0,1,1769064853,2026-01-22 01:57:14
85b77b8d-32b8-4049-a407-64319916e2c5,5,5,0,14,1,1769064854,2026-01-22 01:57:14
36b55a0f-e55d-4849-859a-09b3273fb782,10,0,10,11,1,1769064861,2026-01-22 01:57:14
1843486464469891376,1,0,1,17,1,1769064861,2026-01-22 01:57:14
66db3273-0aca-11e7-82f6-3863bb44ef7c,43,38,5,8,1,1769064861,2026-01-22 01:57:14
4dcff9e7-7cb6-4d3d-ad67-c2e4c05933d3,8,3,5,14,1,1769064857,2026-01-22 01:57:14
2127386446510160022,2,2,0,17,1,1769064855,2026-01-22 01:57:14
2026068766494475116,30,25,5,4,1,1769064855,2026-01-22 01:57:14
1875672501601550456,0,0,0,18,1,1769064855,2026-01-22 01:57:14
fd081854-3f37-420a-9785-ea63c09c12ad,1,1,0,18,1,1769064856,2026-01-22 01:57:14
1828967027013302842,9,3,6,9,1,1769064856,2026-01-22 01:57:14
594b4656-9d83-4301-8967-3b92c126531c,21,12,9,1,1,1769064859,2026-01-22 01:57:14
66de5773-0aca-11e7-82f6-3863bb44ef7c,13,7,6,2,1,1769064859,2026-01-22 01:57:14
1860188907884823208,1,0,1,19,1,1769064859,2026-01-22 01:57:14
66db63f4-0aca-11e7-82f6-3863bb44ef7c,17,8,9,0,1,1769064856,2026-01-22 01:57:14
66db2fd0-0aca-11e7-82f6-3863bb44ef7c,2,2,0,28,1,1769064856,2026-01-22 01:57:14
88ee054e-bdeb-4305-8f3b-76eb964f2c84,3,2,1,11,1,1769064857,2026-01-22 01:57:14
db29242d-6ff3-4e22-85fe-45fa3d03ec39,5,2,3,14,1,1769064856,2026-01-22 01:57:14
7a8b474b-7577-4316-a192-d57576d194a3,0,0,0,21,1,1769064857,2026-01-22 01:57:14
f91170e6-a33c-4870-94da-9d51510515d2,3,2,1,14,1,1769064856,2026-01-22 01:57:14
b62bcd96-c2db-447c-bdd5-d3c18f174858,6,0,6,10,1,1769064857,2026-01-22 01:57:14
eafa19ed-88c2-4efc-bd73-3961f85b6063,24,14,10,15,1,1769064859,2026-01-22 01:57:14
4d79bdb9-7c35-4d35-9f6e-3c1b849c453a,12,11,1,29,1,1769064859,2026-01-22 01:57:14
550153a5-2ea1-4c76-b1cd-77667005f55d,16,4,12,11,1,1769064860,2026-01-22 01:57:14
623c9658-5544-4254-847e-738763cf45a3,6,2,4,13,1,1769064860,2026-01-22 01:57:14
94f77501-32e5-4539-90c6-82d4198f7991,14,9,5,8,1,1769064860,2026-01-22 01:57:14
66dde914-0aca-11e7-82f6-3863bb44ef7c,29,17,12,6,1,1769064865,2026-01-22 01:57:14
361dd964-db79-47dd-b044-eac88c735249,0,0,0,18,1,1769064865,2026-01-22 01:57:14
3c6c0d12-80dd-4c49-b7c5-e3549588b8cf,12,4,8,13,1,1769064866,2026-01-22 01:57:14
1880644160834607498,20,13,7,3,1,1769064866,2026-01-22 01:57:14
fda0c217-9504-4b26-8a25-e40b603ee5fa,2,2,0,14,1,1769064866,2026-01-22 01:57:14
66dbbc4a-0aca-11e7-82f6-3863bb44ef7c,20,8,12,6,1,1769064866,2026-01-22 01:57:14
e8a6c13b-1f6e-4e6b-bdf8-9b0e597e4a62,7,1,6,26,1,1769064867,2026-01-22 01:57:14
bbaae5d3-7e2b-46a8-872e-152404c664f7,22,1,21,5,1,1769064867,2026-01-22 01:57:14
1846086665080867236,11,2,9,9,1,1769064868,2026-01-22 01:57:14
141eb0e0-e78d-411a-a0be-202a6424cc93,15,4,11,11,1,1769064867,2026-01-22 01:57:14
d7d297fd-36dc-42f2-8e3b-24b1003be874,15,7,8,1,1,1769064867,2026-01-22 01:57:14
55f6b830-e43e-4227-bfc7-683465236d94,18,5,13,25,1,1769064868,2026-01-22 01:57:14
66dd2811-0aca-11e7-82f6-3863bb44ef7c,17,0,17,25,1,1769064868,2026-01-22 01:57:14
3c135a2e-eeea-4e81-9c0a-8d14a6049198,12,6,6,7,1,1769064863,2026-01-22 01:57:14
3863f086-ae35-4d0e-8c91-2b6e3e5827a1,9,0,9,27,1,1769064863,2026-01-22 01:57:14
284b08f2-3d26-4f52-9463-25e4a07c16f7,16,4,12,9,1,1769064862,2026-01-22 01:57:14
1840540966407039246,18,2,16,2,1,1769064862,2026-01-22 01:57:14
eb41a103-0196-4f19-a440-256167191a7d,1,1,0,17,1,1769064862,2026-01-22 01:57:14
1860187181307969634,19,1,18,2,1,1769064866,2026-01-22 01:57:14
4c3b6e25-b0c2-4a3f-b07e-cd60cd1b0ac0,0,0,0,16,1,1769064867,2026-01-22 01:57:14
66dbb869-0aca-11e7-82f6-3863bb44ef7c,10,2,8,7,1,1769064867,2026-01-22 01:57:14
66dc21d4-0aca-11e7-82f6-3863bb44ef7c,0,0,0,48,1,1769064868,2026-01-22 01:57:14
66db7637-0aca-11e7-82f6-3863bb44ef7c,27,12,15,15,1,1769064868,2026-01-22 01:57:14
a33a2d11-33a5-46ad-a086-5698ac17b7b4,30,9,21,3,1,1769064866,2026-01-22 01:57:14
4b67c6e0-d603-4fbc-afbe-0b8952f4f7af,15,3,12,19,1,1769064869,2026-01-22 01:57:14
1848242216849312578,11,1,10,7,1,1769064870,2026-01-22 01:57:14
42032bf9-4599-4035-bc01-c80bec1a7122,10,5,5,10,1,1769064869,2026-01-22 01:57:14
45e8c326-b12d-4be6-b040-bb6de9986d25,19,9,10,1,1,1769064870,2026-01-22 01:57:14
2119506830683992262,32,18,14,16,1,1769064870,2026-01-22 01:57:14
b0cc08dc-e7dd-48d1-8901-ba496f3ff2f5,38,34,4,1,1,1769064870,2026-01-22 01:57:14
2123940148896639644,9,8,1,0,1,1769064870,2026-01-22 01:57:14
4034789e-b70d-4aae-bf18-3ed37a4d751f,17,6,11,2,1,1769064875,2026-01-22 01:57:14
647a2a80-9630-41b0-9b91-1f464b0bf3cc,43,43,0,34,1,1769064875,2026-01-22 01:57:14
6f21be51-6fde-4cde-b1db-b102a5f67300,19,1,18,2,1,1769064875,2026-01-22 01:57:14
a0eec052-257a-4c79-8171-6e2ad9864ad0,18,5,13,11,1,1769064875,2026-01-22 01:57:14
2143247416766638978,13,12,1,31,1,1769064876,2026-01-22 01:57:14
66db4671-0aca-11e7-82f6-3863bb44ef7c,24,22,2,20,1,1769064875,2026-01-22 01:57:14
5736cd70-be41-483e-8d82-721874f40e6e,7,6,1,12,1,1769064876,2026-01-22 01:57:14
e2b28abd-07a4-4552-ad17-abf155aff28a,6,4,2,16,1,1769064873,2026-01-22 01:57:14
d7632897-a6eb-4f8f-9ab2-c66426620fbf,9,0,9,6,1,1769064872,2026-01-22 01:57:14
d47c856e-8cda-4da0-b8eb-1ccf0e6ef7ab,9,2,7,21,1,1769064873,2026-01-22 01:57:14
66dd546c-0aca-11e7-82f6-3863bb44ef7c,5,1,4,16,1,1769064872,2026-01-22 01:57:14
ecc52c52-e2d9-4e73-8f9c-18ad8e9b0606,9,0,9,12,1,1769064873,2026-01-22 01:57:14
bb32aad7-8308-4ff8-b073-d5b518ffdd09,12,12,0,26,1,1769064871,2026-01-22 01:57:14
cad68b8c-6d68-4c5f-88fe-b1aa3e40727a,15,0,15,5,1,1769064872,2026-01-22 01:57:14
328d778a-7e71-4240-acae-b84f0fdaa5c5,5,5,0,19,1,1769064872,2026-01-22 01:57:14
1834145330979754058,0,0,0,22,1,1769064871,2026-01-22 01:57:14
1860189813948384088,24,15,9,1,1,1769064871,2026-01-22 01:57:14
1064b4b0-e9c8-4139-ac48-f118305dbe69,4,4,0,18,1,1769064874,2026-01-22 01:57:14
2366d8a4-7a49-42f3-9afe-efd2b200336b,3,2,1,17,1,1769064874,2026-01-22 01:57:14
d8673258-9513-4ed2-86bf-bef62e7e4e30,4,4,0,13,1,1769064872,2026-01-22 01:57:14
1893622839585237496,32,11,21,40,1,1769064883,2026-01-22 01:57:14
2126274308236524392,2,0,2,10,1,1769064883,2026-01-22 01:57:14
dfad8e49-7e1b-4376-90b4-7a449319f294,4,1,3,17,1,1769064884,2026-01-22 01:57:14
fa14408f-6e88-4668-86ee-ce10ea707f36,50,14,36,19,1,1769064888,2026-01-22 01:57:14
ad41e353-033e-484f-8d76-78014e11e9d7,4,2,2,13,1,1769064888,2026-01-22 01:57:14
66dd2208-0aca-11e7-82f6-3863bb44ef7c,23,8,15,18,1,1769064889,2026-01-22 01:57:14
e780c290-0c52-4ab1-9719-a581be789df3,6,4,2,14,1,1769064888,2026-01-22 01:57:14
e34bb92f-6911-449a-999b-5bc80e0322fe,5,3,2,13,1,1769064888,2026-01-22 01:57:14
668ef22c-4665-4f42-bf6a-ab9e8a2899b1,8,1,7,15,1,1769064886,2026-01-22 01:57:14
1869851741257474316,26,1,25,1,1,1769064886,2026-01-22 01:57:14
be8e6f1c-e8b5-40bd-896d-423052ba3bbc,8,6,2,8,1,1769064887,2026-01-22 01:57:14
5c3c345d-1975-400d-a9d8-18815816886e,20,20,0,35,1,1769064886,2026-01-22 01:57:14
1b22c037-207d-454a-90aa-8f22d0a8a7e3,21,5,16,0,1,1769064887,2026-01-22 01:57:14
38bb1218-0a9e-41d9-b2ef-25c8626dac29,17,0,17,4,1,1769064887,2026-01-22 01:57:14
1860190006584693708,6,3,3,13,1,1769064885,2026-01-22 01:57:14
f15ccc6e-5a7c-46e7-b505-0bfc9cae3d83,4,2,2,23,1,1769064884,2026-01-22 01:57:14
387e2863-83ad-4589-8004-794a7b624801,14,10,4,4,1,1769064884,2026-01-22 01:57:14
1d167807-0aa8-413a-b7a0-01c2ca8a6a60,11,9,2,9,1,1769064885,2026-01-22 01:57:14
66dbeded-0aca-11e7-82f6-3863bb44ef7c,16,3,13,7,1,1769064885,2026-01-22 01:57:14
66de65a4-0aca-11e7-82f6-3863bb44ef7c,0,0,0,22,1,1769064888,2026-01-22 01:57:14
ce95fbdd-b7d2-46fc-910d-5c170e4b7610,3,0,3,15,1,1769064889,2026-01-22 01:57:14
1851999409149780880,11,2,9,9,1,1769064889,2026-01-22 01:57:14
66dea894-0aca-11e7-82f6-3863bb44ef7c,44,30,14,5,1,1769064888,2026-01-22 01:57:14
b9d3134b-697f-4a0f-b90f-d95f6c69ffda,10,4,6,8,1,1769064889,2026-01-22 01:57:14
66de5613-0aca-11e7-82f6-3863bb44ef7c,71,13,58,1,1,1769064881,2026-01-22 01:57:14
1861682444178541220,24,1,23,11,1,1769064882,2026-01-22 01:57:14
1b985e4b-88de-42a8-95be-dce37dbbc5c5,8,0,8,15,1,1769064882,2026-01-22 01:57:14
cc758f1a-8b28-4ff5-bc75-fbe62c453378,4,1,3,16,1,1769064882,2026-01-22 01:57:14
44a80c48-c1a9-4ff1-92eb-6bf8be492f5e,11,9,2,11,1,1769064882,2026-01-22 01:57:14
66dd448f-0aca-11e7-82f6-3863bb44ef7c,21,21,0,21,1,1769064882,2026-01-22 01:57:14
c0c6a931-c1d3-4202-a433-c4127a4cd846,3,1,2,16,1,1769064882,2026-01-22 01:57:14
db41cc62-86ea-4421-bfaf-9b6511cfee10,0,0,0,30,1,1769064876,2026-01-22 01:57:14
66de099d-0aca-11e7-82f6-3863bb44ef7c,21,15,6,16,1,1769064876,2026-01-22 01:57:14
2687f2e1-3529-464d-82eb-e4f61440c563,0,0,0,17,1,1769064876,2026-01-22 01:57:14
1828967830172187422,3,0,3,24,1,1769064880,2026-01-22 01:57:14
18846fd4-877c-4971-9b6f-1bd8fbc10346,7,5,2,13,1,1769064880,2026-01-22 01:57:14
66db69d0-0aca-11e7-82f6-3863bb44ef7c,26,15,11,7,1,1769064881,2026-01-22 01:57:14
40fd82d6-c0e9-4876-adfb-816140ecfc39,16,13,3,0,1,1769064878,2026-01-22 01:57:14
66db2d2b-0aca-11e7-82f6-3863bb44ef7c,38,36,2,12,1,1769064878,2026-01-22 01:57:14
79c4a612-a5df-4814-9e6b-6305da61ebc4,17,0,17,1,1,1769064879,2026-01-22 01:57:14
66db2afe-0aca-11e7-82f6-3863bb44ef7c,42,26,16,3,1,1769064879,2026-01-22 01:57:14
2124382079594320876,6,2,4,8,1,1769064880,2026-01-22 01:57:14
ebfafca3-5818-4e6f-8374-98f44a0ca0c6,3,1,2,23,1,1769064880,2026-01-22 01:57:14
66dea596-0aca-11e7-82f6-3863bb44ef7c,5,3,2,19,1,1769064877,2026-01-22 01:57:14
1796642668661690940,13,1,12,8,1,1769064878,2026-01-22 01:57:14
1846085927885781554,10,0,10,11,1,1769064879,2026-01-22 01:57:14
66de2556-0aca-11e7-82f6-3863bb44ef7c,27,21,6,49,1,1769064890,2026-01-22 01:57:14
e3e6105e-eaa2-43c5-badb-fb8592ad7227,8,4,4,16,1,1769064890,2026-01-22 01:57:14
be2bdee1-e3e9-45cc-94f0-2ba81a722ba3,12,11,1,6,1,1769064891,2026-01-22 01:57:14
1828968794479100296,11,4,7,6,1,1769064890,2026-01-22 01:57:14
66dde8ac-0aca-11e7-82f6-3863bb44ef7c,4,3,1,34,1,1769064895,2026-01-22 01:57:14
f4f9a09c-010c-430c-a766-3390c44b4962,2,2,0,14,1,1769064895,2026-01-22 01:57:14
ca4e4962-2169-4559-8f60-b05ab7809750,18,4,14,14,1,1769064895,2026-01-22 01:57:14
66dde197-0aca-11e7-82f6-3863bb44ef7c,9,8,1,32,1,1769064893,2026-01-22 01:57:14
66db34fc-0aca-11e7-82f6-3863bb44ef7c,11,6,5,21,1,1769064893,2026-01-22 01:57:14
df243d7f-e6ae-435c-9895-aecbcff9cada,10,6,4,18,1,1769064893,2026-01-22 01:57:14
4bbf50a9-47c2-4a32-97c2-1f6bc4f9d401,22,10,12,5,1,1769064893,2026-01-22 01:57:14
d9ea5210-50b3-4342-9801-f896bd21f4a1,2,2,0,21,1,1769064893,2026-01-22 01:57:14
1e3a16ff-65ba-4d34-b3c6-37aff44e085a,7,5,2,33,1,1769064893,2026-01-22 01:57:14
1f872052-38c4-4701-96c4-c363de51c2b5,33,26,7,21,1,1769064892,2026-01-22 01:57:14
66dd0808-0aca-11e7-82f6-3863bb44ef7c,7,1,6,19,1,1769064893,2026-01-22 01:57:14
993fc83f-52c6-43f4-bb49-4abe4ad48150,1,0,1,18,1,1769064893,2026-01-22 01:57:14
9d95a4a9-bcfe-4189-bb7d-abd9992ecbaf,13,4,9,3,1,1769064891,2026-01-22 01:57:14
66dcc30b-0aca-11e7-82f6-3863bb44ef7c,11,6,5,5,1,1769064891,2026-01-22 01:57:14
d1138533-504c-4d29-b71c-299e1d31f159,24,4,20,12,1,1769064891,2026-01-22 01:57:14
1815968026870435892,13,7,6,9,1,1769064892,2026-01-22 01:57:14
18fcd2c1-dc8b-4a52-9f18-e9b9003bbea5,42,34,8,11,1,1769064892,2026-01-22 01:57:14
2f656bc4-7743-4326-8330-a22bd41d9d17,28,18,10,11,1,1769064892,2026-01-22 01:57:14
66db64d1-0aca-11e7-82f6-3863bb44ef7c,17,8,9,3,1,1769064901,2026-01-22 01:57:14
1835247196073118026,11,2,9,6,1,1769064901,2026-01-22 01:57:14
43f3d3c7-46b0-4812-879d-15afe8804c5f,20,15,5,6,1,1769064901,2026-01-22 01:57:14
062ffe5a-aa91-412d-8210-23d562c7e7f8,2,2,0,16,1,1769064901,2026-01-22 01:57:14
61647ec6-dfd6-4d1c-8800-d488d390c627,5,4,1,30,1,1769064901,2026-01-22 01:57:14
1932126716328112534,21,1,20,0,1,1769064902,2026-01-22 01:57:14
66dbe848-0aca-11e7-82f6-3863bb44ef7c,90,65,25,27,1,1769064902,2026-01-22 01:57:14
724aeecc-8c91-4afc-b97c-72a98de452c9,3,1,2,14,1,1769064902,2026-01-22 01:57:14
66dcc047-0aca-11e7-82f6-3863bb44ef7c,17,7,10,5,1,1769064902,2026-01-22 01:57:14
d34f2271-10ee-40c3-a93a-09df58860512,9,8,1,7,1,1769064902,2026-01-22 01:57:14
7a725e59-49be-4c1d-9c3d-3b3a8ed1232f,10,7,3,11,1,1769064902,2026-01-22 01:57:14
66de2b97-0aca-11e7-82f6-3863bb44ef7c,36,25,11,3,1,1769064902,2026-01-22 01:57:14
66de5095-0aca-11e7-82f6-3863bb44ef7c,9,4,5,10,1,1769064899,2026-01-22 01:57:14
66dea674-0aca-11e7-82f6-3863bb44ef7c,4,2,2,16,1,1769064900,2026-01-22 01:57:14
e612122d-e0fd-4ebf-8d51-0f48f9d1b580,12,0,12,9,1,1769064900,2026-01-22 01:57:14
3d339282-d5c7-41ec-b634-6a988aefd440,2,0,2,15,1,1769064900,2026-01-22 01:57:14
2022386456542683974,27,2,25,5,1,1769064900,2026-01-22 01:57:14
1838999521825487230,19,0,19,0,1,1769064897,2026-01-22 01:57:14
66dc8f1f-0aca-11e7-82f6-3863bb44ef7c,37,20,17,14,1,1769064898,2026-01-22 01:57:14
66dcbbfe-0aca-11e7-82f6-3863bb44ef7c,6,2,4,12,1,1769064898,2026-01-22 01:57:14
61bc2467-aa8c-4386-ba9e-3f01120bd6b8,2,2,0,22,1,1769064898,2026-01-22 01:57:14
b608193c-46ae-4b61-9e7a-4671e7c3b96e,5,3,2,14,1,1769064898,2026-01-22 01:57:14
15cb007b-bfca-4ad7-bfc6-44bf3d36785a,27,1,26,0,1,1769064899,2026-01-22 01:57:14
66db74a5-0aca-11e7-82f6-3863bb44ef7c,34,6,28,16,1,1769064898,2026-01-22 01:57:14
d6834194-029d-4e2d-83b0-ee78ab5acda2,10,2,8,7,1,1769064896,2026-01-22 01:57:14
0e003543-3656-448f-8a93-029d265f2e26,21,1,20,9,1,1769064897,2026-01-22 01:57:14
8d097a6d-f17c-4195-9dd4-42527b371c71,33,24,9,28,1,1769064897,2026-01-22 01:57:14
c46a2889-258b-4fc5-a452-1d4e7dfe683a,4,2,2,14,1,1769064897,2026-01-22 01:57:14
a4bb6fac-b795-4aa7-a266-613419019290,0,0,0,18,1,1769064898,2026-01-22 01:57:14
3eed817a-63e5-424b-8ed3-c809db5488f7,48,24,24,6,1,1769064899,2026-01-22 01:57:14
844c68cc-19f0-474a-86d3-4af170117aae,0,0,0,21,1,1769064896,2026-01-22 01:57:14
66dd4b2b-0aca-11e7-82f6-3863bb44ef7c,17,12,4,33,1,1769064895,2026-01-22 01:57:14
547cdccc-7864-4898-97c9-8798d924ef54,29,4,25,34,1,1769064895,2026-01-22 01:57:14
66dc2238-0aca-11e7-82f6-3863bb44ef7c,3,0,3,75,1,1769064895,2026-01-22 01:57:14
96878d29-481d-48dc-bcdc-a5f1ce88c76d,2,1,1,17,1,1769064903,2026-01-22 01:57:14
1057229c-f8f8-4014-80cd-f40421c61cf0,2,2,0,15,1,1769064903,2026-01-22 01:57:14
0b94cc1e-2327-4679-99d9-3b21ddc02051,16,3,13,15,1,1769064902,2026-01-22 01:57:14
2f580cf9-14e2-4300-ba22-f6d88d0312a5,11,4,7,16,1,1769064904,2026-01-22 01:57:14
2124037775602344266,4,0,4,11,1,1769064895,2026-01-22 01:57:14
e8df73bd-5d3d-47c9-b04d-bcec4db5540f,61,16,45,1,1,1769064904,2026-01-22 01:57:14
5dc8ddac-979e-4ae5-b879-3670cca7482d,7,2,5,13,1,1769064905,2026-01-22 01:57:14
9a52fbc1-d87a-4a65-941d-12fd55dbcdde,20,2,18,0,1,1769064905,2026-01-22 01:57:14
1e83ffdc-8e72-45c0-8210-4f37e60505c9,10,2,8,24,1,1769064905,2026-01-22 01:57:14
66db40ef-0aca-11e7-82f6-3863bb44ef7c,7,4,3,52,1,1769064906,2026-01-22 01:57:14
1862008413697896912,2,1,1,19,1,1769064906,2026-01-22 01:57:14
66dbc60f-0aca-11e7-82f6-3863bb44ef7c,2,1,1,4,1,1769064738,2026-01-22 01:57:14
b0239a13-649a-4d31-aa04-56b8aaeba4d4,3,3,0,15,1,1769064906,2026-01-22 01:57:14
66dc259a-0aca-11e7-82f6-3863bb44ef7c,35,24,11,45,1,1769064906,2026-01-22 01:57:14
90c35466-db3c-4b0d-993e-6e92883773b4,46,29,17,23,1,1769064906,2026-01-22 01:57:14
66db88f5-0aca-11e7-82f6-3863bb44ef7c,3,1,2,32,1,1769064906,2026-01-22 01:57:14
0dc63044-e19c-474d-9df1-c3e504d03b07,44,17,27,1,1,1769064907,2026-01-22 01:57:14
1817432104157364846,20,2,18,0,1,1769064907,2026-01-22 01:57:14
88e64257-298c-4b8d-8886-77b9b66dcec1,34,22,12,14,1,1769064907,2026-01-22 01:57:14
a3e2b360-f050-48ea-b8c8-57d897b8f7fc,3,1,2,13,1,1769064908,2026-01-22 01:57:14
1947367330341251364,7,5,2,13,1,1769064909,2026-01-22 01:57:14
67f60e7e-397a-4e47-b7f9-d10bd67133b3,1,1,0,47,1,1769064904,2026-01-22 01:57:14
9b70cbe2-25fc-42f8-b6e6-ac21ef248e4b,7,6,1,10,1,1769064904,2026-01-22 01:57:14
4eb6d6a8-ecc1-4e89-a586-4f96ed3d83e1,4,3,1,22,1,1769064904,2026-01-22 01:57:14
66dc2bc5-0aca-11e7-82f6-3863bb44ef7c,3,1,2,104,1,1769064904,2026-01-22 01:57:14
1885439359712500016,0,0,0,23,1,1769064904,2026-01-22 01:57:14
66de867e-0aca-11e7-82f6-3863bb44ef7c,3,0,3,30,1,1769064908,2026-01-22 01:57:14
1854538169357726138,4,3,1,13,1,1769064908,2026-01-22 01:57:14
66de0933-0aca-11e7-82f6-3863bb44ef7c,26,3,23,0,1,1769064904,2026-01-22 01:57:14
66de2a00-0aca-11e7-82f6-3863bb44ef7c,30,3,27,4,1,1769064905,2026-01-22 01:57:14
1828966104320053340,10,1,9,8,1,1769064905,2026-01-22 01:57:14
1938139112487078732,26,15,11,4,1,1769064908,2026-01-22 01:57:14
55fda28d-56a8-4db2-b42a-072714f18471,18,1,17,0,1,1769064909,2026-01-22 01:57:14
66dc1beb-0aca-11e7-82f6-3863bb44ef7c,22,13,9,81,1,1769064910,2026-01-22 01:57:14
66ddee56-0aca-11e7-82f6-3863bb44ef7c,18,17,1,5,1,1769064910,2026-01-22 01:57:14
c066c90a-efb1-4f8b-aa15-38ba4edd4ebc,12,6,6,8,1,1769064910,2026-01-22 01:57:14
8fa2fafb-fa07-48b2-b159-bffbea7176d4,1,0,1,17,1,1769064910,2026-01-22 01:57:14
1836581534415880440,3,2,1,23,1,1769064910,2026-01-22 01:57:14
66de4078-0aca-11e7-82f6-3863bb44ef7c,9,1,8,10,1,1769064910,2026-01-22 01:57:14
66dcfaf6-0aca-11e7-82f6-3863bb44ef7c,12,2,10,5,1,1769064911,2026-01-22 01:57:14
b506be9e-45d3-43d1-a262-27d8fa91e974,8,4,4,22,1,1769064911,2026-01-22 01:57:14
b55f9b55-7fa7-4f0f-9732-78cbe07452e1,21,9,12,8,1,1769064911,2026-01-22 01:57:14
2137774972219769002,8,2,6,2,1,1769064893,2026-01-22 01:57:14
b4063b76-1abd-465c-96a4-45f6ee016bc5,3,2,1,13,1,1769064912,2026-01-22 01:57:14
9a40cb60-6ede-4c9e-9d64-dc55cae57f31,4,0,4,22,1,1769064912,2026-01-22 01:57:14
1861681121800951962,15,5,10,6,1,1769064913,2026-01-22 01:57:14
632b140c-65de-4f50-9cc2-c001ae011aea,16,10,6,42,1,1769064913,2026-01-22 01:57:14
66db8d89-0aca-11e7-82f6-3863bb44ef7c,46,40,6,4,1,1769064913,2026-01-22 01:57:14
66dde845-0aca-11e7-82f6-3863bb44ef7c,23,16,7,16,1,1769064914,2026-01-22 01:57:14
821b19c1-ab13-4482-9580-770288a377a7,0,0,0,40,1,1769064913,2026-01-22 01:57:14
625711ba-3b5d-46a7-a8f9-7f4eb17ec1be,8,4,4,16,1,1769064914,2026-01-22 01:57:14
2576805f-9732-4c74-8f1d-57715e8cdfa2,8,1,7,20,1,1769064914,2026-01-22 01:57:14
1841240663447542046,12,7,5,5,1,1769064914,2026-01-22 01:57:14
66dd491c-0aca-11e7-82f6-3863bb44ef7c,12,9,3,22,1,1769064914,2026-01-22 01:57:14
e0b80983-c520-47e3-9c8d-a17fff5e5582,14,1,13,5,1,1769064914,2026-01-22 01:57:14
2c321ea3-e1dd-4d32-be70-bd158fe1f568,70,49,21,6,1,1769064914,2026-01-22 01:57:14
1869753812884512816,5,2,3,15,1,1769064914,2026-01-22 01:57:14
f3c68cfb-52fd-48c8-b6e5-85c179fee0b3,14,2,12,9,1,1769064915,2026-01-22 01:57:14
d3f51f51-7e51-4c75-8600-d76916608707,10,8,2,18,1,1769064915,2026-01-22 01:57:14
063e7e78-b810-4a2f-8045-a82a0d69d752,7,2,4,38,1,1769064915,2026-01-22 01:57:14
2743a950-3a1f-4a58-8fe0-f4105033e0e3,16,16,0,7,1,1769064915,2026-01-22 01:57:14
1846085626867634660,2,0,2,18,1,1769064909,2026-01-22 01:57:14
2126579471787670468,12,5,7,8,1,1769064915,2026-01-22 01:57:14
74feba30-26a5-4949-b3a0-d6e13ba1a20c,10,3,7,6,1,1769064916,2026-01-22 01:57:14
66dc252e-0aca-11e7-82f6-3863bb44ef7c,33,12,21,1,1,1769064916,2026-01-22 01:57:14
a58ff2e3-a5ae-4070-a26d-ddfe8cc6fc58,11,11,0,13,1,1769064916,2026-01-22 01:57:14
648e09b6-95c2-40d3-9dac-a43f22eccf38,2,0,2,21,1,1769064916,2026-01-22 01:57:14
1884688942632618210,13,11,2,13,1,1769064916,2026-01-22 01:57:14
66dcf0b3-0aca-11e7-82f6-3863bb44ef7c,0,0,0,27,1,1769064916,2026-01-22 01:57:14
35a5b4d6-2d90-4b60-b68b-03bb60fb1afc,7,6,1,11,1,1769064917,2026-01-22 01:57:14
1856766912456610780,5,3,2,19,1,1769064917,2026-01-22 01:57:14
66de10a8-0aca-11e7-82f6-3863bb44ef7c,16,5,11,15,1,1769064917,2026-01-22 01:57:14
dd351a72-4241-4275-843d-0fffa8a1f414,13,13,0,8,1,1769064917,2026-01-22 01:57:14
a2f71eea-05a2-4fe7-99ab-f74535c880ae,11,7,4,12,1,1769064917,2026-01-22 01:57:14
9e5fd5b6-c5f2-4694-9406-a44b7d0146d9,31,18,13,6,1,1769064917,2026-01-22 01:57:14
66dbf4ac-0aca-11e7-82f6-3863bb44ef7c,25,15,10,19,1,1769064917,2026-01-22 01:57:14
bc346753-b68a-4cb3-b93f-b0be68227eae,17,7,10,4,1,1769064917,2026-01-22 01:57:14
26176e86-8362-4c91-a693-6aa3f9ce0b73,12,10,2,7,1,1769064917,2026-01-22 01:57:14
ca4795a2-6ab3-4597-bf59-f0155ac1637c,25,17,8,42,1,1769064918,2026-01-22 01:57:14
2104275164415193448,54,21,33,12,1,1769064918,2026-01-22 01:57:14
66dc76cd-0aca-11e7-82f6-3863bb44ef7c,32,32,0,0,1,1769064918,2026-01-22 01:57:14
285ad3c2-3ffe-45bb-8765-9c20a69641a6,13,8,5,4,1,1769064918,2026-01-22 01:57:14
8b1222da-612f-4482-ab34-9467c4ed28e3,8,3,5,15,1,1769064918,2026-01-22 01:57:14
de6f4206-3aa9-4cb9-aae0-8547d2cd6854,23,2,21,0,1,1769064918,2026-01-22 01:57:14
e1886e7a-62b1-4359-9835-8ab5a16371ae,4,1,3,18,1,1769064918,2026-01-22 01:57:14
9ea2afff-a146-4824-89b6-39d5bdfac795,14,13,1,6,1,1769064918,2026-01-22 01:57:14
66dc8b6a-0aca-11e7-82f6-3863bb44ef7c,33,0,33,16,1,1769064919,2026-01-22 01:57:14
aa8fc8b7-b66c-41d9-9885-30b8af599378,0,0,0,0,0,86400,2026-01-22 01:57:14
1906248765431831024,0,0,0,0,0,86400,2026-01-22 01:57:14
067d5007-bda5-4697-b0a2-ccc2837f295c,0,0,0,0,0,86400,2026-01-22 01:57:14
1954778813955578360,0,0,0,0,0,86400,2026-01-22 01:57:14
2171904301452603832,0,0,0,0,0,86400,2026-01-22 01:57:14
2124037384760320326,0,0,0,0,0,86400,2026-01-22 01:57:14
66db316a-0aca-11e7-82f6-3863bb44ef7c,0,0,0,3,0,1769021019,2026-01-22 01:57:14
3bfc859b-5c5f-43bc-b2e7-b64ed8ea9ede,7,0,7,12,1,1769064657,2026-01-22 01:57:14
66db6aae-0aca-11e7-82f6-3863bb44ef7c,32,24,8,51,1,1769064722,2026-01-22 01:57:14
a35d03cf-bd72-4da4-a4ac-bd25b3f8dce3,15,11,4,3,1,1769064729,2026-01-22 01:57:14
66de27da-0aca-11e7-82f6-3863bb44ef7c,12,10,2,9,1,1769064727,2026-01-22 01:57:14
2126624772423916318,7,2,5,2,1,1769064738,2026-01-22 01:57:14
bca594e5-779f-4866-bd6b-818871f97d38,26,0,26,4,1,1769064876,2026-01-22 01:57:14
56e18295-f760-4bf3-8aa3-5a1e4ebf606f,8,3,5,13,1,1769064876,2026-01-22 01:57:14
2126621026154598618,10,0,10,2,1,1769064812,2026-01-22 01:57:14
66de47bf-0aca-11e7-82f6-3863bb44ef7c,15,8,7,0,1,1769064876,2026-01-22 01:57:14
0579ff13-5d5b-4cbd-bc6e-3e9396591aef,2,0,2,16,1,1769064878,2026-01-22 01:57:14
c04cef84-3fcd-4fd9-9e40-8e07453dbe19,7,4,3,12,1,1769064878,2026-01-22 01:57:14
c01a9c97-6c04-4e3f-ad0b-958801d94ca1,11,0,11,3,1,1769064874,2026-01-22 01:57:14
66dde2d9-0aca-11e7-82f6-3863bb44ef7c,25,19,6,7,1,1769064874,2026-01-22 01:57:14
2126225134412534550,13,8,5,2,1,1769064864,2026-01-22 01:57:14
1786698815186893280,32,24,8,1,1,1769064874,2026-01-22 01:57:14
50e05a9f-dce6-4315-a10d-1fa786fc18ee,5,5,0,45,1,1769064877,2026-01-22 01:57:14
24f431ca-c2a5-46be-966b-b8d4c3e4b346,2,1,1,12,1,1769064874,2026-01-22 01:57:14
d55dd622-0ced-4e4d-9ea5-2ef2cb6481a9,18,11,7,17,1,1769064875,2026-01-22 01:57:14
d473f31f-68f2-4777-a364-ed127db04345,7,5,2,8,1,1769064877,2026-01-22 01:57:14
412c1416-d15b-4e6a-9691-da4c3cc0d0d2,38,37,1,23,1,1769064877,2026-01-22 01:57:14
17c45d34-0d8d-46ba-9078-e9a2a7c5867c,0,0,0,30,1,1769064874,2026-01-22 01:57:14
2053867202510006310,13,0,13,9,1,1769064875,2026-01-22 01:57:14
cd5e7c3e-c618-416a-ae99-b509bd56e1b2,9,2,7,19,1,1769064874,2026-01-22 01:57:14
1791472201147965920,0,0,0,61,1,1769064888,2026-01-22 01:57:14
8fc95e31-b025-4d2b-b5aa-240465366480,14,14,0,7,1,1769064888,2026-01-22 01:57:14
1822663143025657920,22,5,17,2,1,1769064888,2026-01-22 01:57:14
66dc73b0-0aca-11e7-82f6-3863bb44ef7c,35,29,6,1,1,1769064888,2026-01-22 01:57:14
2a9e2320-083d-4044-aedf-0c15ecfefe61,1,0,1,21,1,1769064885,2026-01-22 01:57:14
1835249964093653018,1,0,1,22,1,1769064886,2026-01-22 01:57:14
2126224759932600578,2,2,0,7,1,1769064886,2026-01-22 01:57:14
c05cd2e2-74e8-4526-a62b-d631e005fdd8,26,3,23,2,1,1769064886,2026-01-22 01:57:14
3134bce7-0bb9-4a45-9c87-60a8cb681d72,10,4,6,6,1,1769064886,2026-01-22 01:57:14
18d980e5-ba08-4bc3-832e-03eb71865768,21,15,6,2,1,1769064886,2026-01-22 01:57:14
1861680103893703034,8,8,0,12,1,1769064887,2026-01-22 01:57:14
9341ee1c-d456-4858-a451-70cbbd73d084,6,0,6,20,1,1769064886,2026-01-22 01:57:14
66de6100-0aca-11e7-82f6-3863bb44ef7c,21,0,21,10,1,1769064884,2026-01-22 01:57:14
fdf21800-6106-4739-b7d5-b379b19e5732,7,3,4,12,1,1769064887,2026-01-22 01:57:14
66dded11-0aca-11e7-82f6-3863bb44ef7c,25,10,15,11,1,1769064885,2026-01-22 01:57:14
160e21da-6dd2-47ff-8385-e13c8cdce4fa,22,0,22,2,1,1769064885,2026-01-22 01:57:14
1828968994833044184,8,1,7,10,1,1769064885,2026-01-22 01:57:14
5cb3a92d-f284-477c-bf63-ea72d24e8a7d,11,1,10,6,1,1769064885,2026-01-22 01:57:14
c702c094-b08f-449d-a41d-b3724f147491,7,4,3,14,1,1769064885,2026-01-22 01:57:14
1861682960046954694,21,18,3,2,1,1769064885,2026-01-22 01:57:14
fbb2d76c-1d47-4fb1-9c07-622fcace38a5,22,0,22,5,1,1769064885,2026-01-22 01:57:14
2a47ef14-1cbe-4ec6-841d-cc277627fe20,16,14,2,13,1,1769064886,2026-01-22 01:57:14
8f9ce302-2a6d-443c-8fe0-625b20021ea2,10,0,10,12,1,1769064886,2026-01-22 01:57:14
b1f3eb8c-07f9-479f-a8ab-f04e094bc7d0,12,6,6,8,1,1769064884,2026-01-22 01:57:14
16e17ca1-b2dc-47d0-8c8b-199cb4736fe7,11,7,4,8,1,1769064885,2026-01-22 01:57:14
66db6e49-0aca-11e7-82f6-3863bb44ef7c,2,2,0,44,1,1769064889,2026-01-22 01:57:14
66dde559-0aca-11e7-82f6-3863bb44ef7c,21,20,1,10,1,1769064888,2026-01-22 01:57:14
e7739b9e-7cc6-4cbb-98d3-669b8e2ae98b,8,1,7,14,1,1769064889,2026-01-22 01:57:14
66dbce8a-0aca-11e7-82f6-3863bb44ef7c,46,17,29,15,1,1769064889,2026-01-22 01:57:14
66de1448-0aca-11e7-82f6-3863bb44ef7c,1,0,1,25,1,1769064889,2026-01-22 01:57:14
0f9423bd-98dd-4919-b6e3-28880ff7ecca,4,3,1,14,1,1769064891,2026-01-22 01:57:14
557f8d40-dec1-4c61-bd03-a0d1a6ea0e4b,25,11,14,2,1,1769064891,2026-01-22 01:57:14
a381b37a-a928-4834-87ee-da9922cb3b3d,11,4,7,21,1,1769064891,2026-01-22 01:57:14
66de1580-0aca-11e7-82f6-3863bb44ef7c,10,10,0,26,1,1769064892,2026-01-22 01:57:14
49d2cd03-f508-483f-a7c9-7fd450e5e6db,15,3,12,3,1,1769064892,2026-01-22 01:57:14
2126624466406238560,9,3,6,4,1,1769064890,2026-01-22 01:57:14
8cb0375d-bcb2-4c90-9773-41c3c8fdf8d8,46,31,15,34,1,1769064890,2026-01-22 01:57:14
533f25a0-514f-456f-9d87-5fdcb4ee42f4,6,5,1,12,1,1769064890,2026-01-22 01:57:14
66dbea8d-0aca-11e7-82f6-3863bb44ef7c,24,11,13,23,1,1769064890,2026-01-22 01:57:14
66de5a47-0aca-11e7-82f6-3863bb44ef7c,15,2,13,14,1,1769064892,2026-01-22 01:57:14
e6a32ec8-fc8b-4ed6-93a2-3ace3921b89d,12,12,0,12,1,1769064892,2026-01-22 01:57:14
66db32fb-0aca-11e7-82f6-3863bb44ef7c,16,6,10,79,1,1769064892,2026-01-22 01:57:14
66dc91b5-0aca-11e7-82f6-3863bb44ef7c,15,1,14,28,1,1769064893,2026-01-22 01:57:14
bfea6c5b-2e1a-42c5-8199-2ded6042d57b,3,0,3,22,1,1769064893,2026-01-22 01:57:14
ff2869f0-4381-4cf3-863e-a0d776ec53b4,65,29,36,23,1,1769064894,2026-01-22 01:57:14
eb6c2359-4825-4bf4-8f2d-8b6dd2bf4212,32,26,6,5,1,1769064893,2026-01-22 01:57:14
2b848257-dc2e-4dd0-b840-d5e046972789,6,0,6,11,1,1769064894,2026-01-22 01:57:14
de449a58-0edf-4d36-91b4-4b313576e945,8,0,8,10,1,1769064894,2026-01-22 01:57:14
66dcbdc2-0aca-11e7-82f6-3863bb44ef7c,4,2,2,17,1,1769064894,2026-01-22 01:57:14
66de2201-0aca-11e7-82f6-3863bb44ef7c,15,12,3,16,1,1769064894,2026-01-22 01:57:14
e24cb64d-10c2-48db-9440-59e63c0f1c95,12,0,12,12,1,1769064894,2026-01-22 01:57:14
05c5e17c-7aa9-49b7-9da3-9db4858ec1fc,10,10,0,17,1,1769064852,2026-01-22 01:57:14
66dd8bd9-0aca-11e7-82f6-3863bb44ef7c,14,11,3,11,1,1769064894,2026-01-22 01:57:14
05b9e7cd-f3a2-4d48-b7c4-f5fbe09d9de3,8,0,8,19,1,1769064894,2026-01-22 01:57:14
1e226f22-034f-4b99-8184-a8eaa591fbd8,8,6,2,41,1,1769064871,2026-01-22 01:57:14
1843486301383097150,3,2,1,20,1,1769064872,2026-01-22 01:57:14
2af3ecc3-4f43-468a-a7cc-bb4804ee3e7a,7,6,1,45,1,1769064872,2026-01-22 01:57:14
1ec7ef9f-ab60-4a64-821d-883ba547273a,6,3,3,11,1,1769064872,2026-01-22 01:57:14
5adcaaaf-5386-441d-827c-8d65c4f4405e,0,0,0,20,1,1769064873,2026-01-22 01:57:14
f6c33f22-d650-4935-a928-fb693a828b5f,0,0,0,22,1,1769064873,2026-01-22 01:57:14
344064f8-e82f-40fb-b235-aff506b77ae5,4,1,3,24,1,1769064868,2026-01-22 01:57:14
66db30e0-0aca-11e7-82f6-3863bb44ef7c,3,3,0,88,1,1769064869,2026-01-22 01:57:14
16280b32-7e5b-4a18-930b-212eac10faaa,3,1,2,16,1,1769064869,2026-01-22 01:57:14
918af7b2-e05c-477a-a8c0-7dcff984c566,7,0,7,32,1,1769064869,2026-01-22 01:57:14
1975518396279321266,45,41,4,28,1,1769064872,2026-01-22 01:57:14
8dc8c0b3-4d70-40fe-a75a-86e30ecb676b,17,1,16,0,1,1769064870,2026-01-22 01:57:14
672d71ab-2c23-4bd2-9ed2-34e54aa4b5b5,9,8,1,8,1,1769064871,2026-01-22 01:57:14
1848241332086049696,3,2,1,18,1,1769064881,2026-01-22 01:57:14
66dc0c53-0aca-11e7-82f6-3863bb44ef7c,16,7,9,3,1,1769064881,2026-01-22 01:57:14
1823008749757202820,15,3,12,7,1,1769064882,2026-01-22 01:57:14
1960020817312746312,26,10,16,85,1,1769064879,2026-01-22 01:57:14
1914337145288845316,22,9,13,0,1,1769064880,2026-01-22 01:57:14
1884599469785421928,36,31,5,4,1,1769064880,2026-01-22 01:57:14
ecb2eebe-67c0-43b8-baae-71abb1a0ec6a,1,1,0,23,1,1769064880,2026-01-22 01:57:14
0096fecb-3a56-4585-9204-aa9554f7bc49,25,19,6,20,1,1769064882,2026-01-22 01:57:14
1828967717120678322,9,7,2,13,1,1769064883,2026-01-22 01:57:14
d319629d-63cf-4765-9f69-5569f35d6469,5,1,4,13,1,1769064882,2026-01-22 01:57:14
a6287af0-9a9e-4708-b61f-8e758be4b914,12,6,6,8,1,1769064884,2026-01-22 01:57:14
66db8fde-0aca-11e7-82f6-3863bb44ef7c,32,20,12,20,1,1769064884,2026-01-22 01:57:14
1860187692409078310,9,5,4,14,1,1769064882,2026-01-22 01:57:14
66dea4bf-0aca-11e7-82f6-3863bb44ef7c,32,14,18,9,1,1769064882,2026-01-22 01:57:14
66db95e5-0aca-11e7-82f6-3863bb44ef7c,40,14,26,2,1,1769064883,2026-01-22 01:57:14
1879859065051787718,20,16,4,0,1,1769064883,2026-01-22 01:57:14
720c0d64-7828-4dba-bff9-4d99f4e3a9fc,8,4,4,11,1,1769064881,2026-01-22 01:57:14
4223f276-a4d4-45e0-b914-67f5ef1e81ba,10,3,7,14,1,1769064882,2026-01-22 01:57:14
490ca6cc-c2a2-4838-acf0-4704ed60dc51,37,25,12,13,1,1769064883,2026-01-22 01:57:14
058ee86d-ce2a-4597-99f7-f78f082b33e3,1,1,0,17,1,1769064883,2026-01-22 01:57:14
bd318c15-5c3d-4e72-9837-3b4bd37707e0,0,0,0,18,1,1769064883,2026-01-22 01:57:14
66dbef85-0aca-11e7-82f6-3863bb44ef7c,26,13,13,7,1,1769064900,2026-01-22 01:57:14
0f51cb84-e386-44ac-947f-a969f7617d17,22,9,13,0,1,1769064900,2026-01-22 01:57:14
2123940513700131194,9,4,5,4,1,1769064900,2026-01-22 01:57:14
531e6d94-5f4c-4ef0-9c83-47191be9d8f9,6,5,1,12,1,1769064900,2026-01-22 01:57:14
66dde079-0aca-11e7-82f6-3863bb44ef7c,24,18,6,20,1,1769064901,2026-01-22 01:57:14
66dd52c8-0aca-11e7-82f6-3863bb44ef7c,10,10,0,27,1,1769064900,2026-01-22 01:57:14
1860189426558126796,11,2,9,10,1,1769064900,2026-01-22 01:57:14
1820420129807491554,17,1,16,0,1,1769064895,2026-01-22 01:57:14
eef98eb6-f550-49f9-a910-4d2863e6a591,5,5,0,15,1,1769064896,2026-01-22 01:57:14
b9970fb5-176c-4a66-8772-6d76c4b6245a,4,0,4,14,1,1769064896,2026-01-22 01:57:14
78ec2f0d-c309-46d4-8808-7eb1a0674e38,10,9,1,18,1,1769064896,2026-01-22 01:57:14
66dc7b10-0aca-11e7-82f6-3863bb44ef7c,0,0,0,73,1,1769064896,2026-01-22 01:57:14
062f0ac2-b3b6-4c15-b470-92ce9b592635,14,3,11,4,1,1769064896,2026-01-22 01:57:14
6a671276-d345-4a4c-a7df-98f5dbb19e4c,5,2,3,15,1,1769064896,2026-01-22 01:57:14
66dd4981-0aca-11e7-82f6-3863bb44ef7c,17,5,12,8,1,1769064896,2026-01-22 01:57:14
27c71510-d515-4add-b660-6efd6f225cd1,24,19,5,1,1,1769064899,2026-01-22 01:57:14
b94cc90e-9ca2-4471-8371-23be051e0157,0,0,0,75,1,1769064899,2026-01-22 01:57:14
88bf1344-354f-4699-bdbd-1c2584fc41ee,27,7,20,8,1,1769064899,2026-01-22 01:57:14
1882735162923150168,23,6,17,2,1,1769064896,2026-01-22 01:57:14
66ddb595-0aca-11e7-82f6-3863bb44ef7c,12,10,2,4,1,1769064896,2026-01-22 01:57:14
1900647078394106472,4,0,4,14,1,1769064897,2026-01-22 01:57:14
b1f67e5c-7c26-4bf3-a90e-1500a3160d60,7,0,7,16,1,1769064897,2026-01-22 01:57:14
66f68197-4897-4576-896a-48e0312104c5,13,8,5,13,1,1769064898,2026-01-22 01:57:14
1882736039096477712,17,15,2,21,1,1769064898,2026-01-22 01:57:14
72796825-88b1-43a0-bb6d-2b41d337b1fc,23,10,13,8,1,1769064898,2026-01-22 01:57:14
6c3b486e-603c-4158-91ac-adc06ac01535,6,0,6,19,1,1769064899,2026-01-22 01:57:14
1862788101231526152,16,7,9,14,1,1769064898,2026-01-22 01:57:14
8a24490d-d5c5-4bac-9e36-56967834fc10,1,1,0,19,1,1769064897,2026-01-22 01:57:14
a4368364-fa79-493c-8478-1d3471a6077f,47,29,18,29,1,1769064898,2026-01-22 01:57:14
9790606b-a00d-4d5e-b6ec-abd11c9d25b3,0,0,0,17,1,1769064898,2026-01-22 01:57:14
1846449740982645546,15,0,15,4,1,1769064896,2026-01-22 01:57:14
66ddb41c-0aca-11e7-82f6-3863bb44ef7c,24,17,7,8,1,1769064896,2026-01-22 01:57:14
1989279523593928720,102,71,31,8,1,1769064799,2026-01-22 01:57:14
6067af3d-f7ed-4149-a394-2fc2eb295872,56,18,38,1,1,1769064799,2026-01-22 01:57:14
2126622876727162948,7,2,5,4,1,1769064798,2026-01-22 01:57:14
acfeadeb-73bb-4ec3-b809-78675b01af74,3,2,1,17,1,1769064799,2026-01-22 01:57:14
66dca6f4-0aca-11e7-82f6-3863bb44ef7c,0,0,0,33,1,1769064806,2026-01-22 01:57:14
09a0c507-7cda-4f3f-9988-78de0baa28e4,5,2,3,13,1,1769064806,2026-01-22 01:57:14
66de871c-0aca-11e7-82f6-3863bb44ef7c,4,4,0,54,1,1769064806,2026-01-22 01:57:14
42bf7170-61ab-44a0-aafe-1b89d7271718,13,7,6,16,1,1769064807,2026-01-22 01:57:14
30a75e12-5327-48f0-8155-3925aa934054,7,6,1,10,1,1769064807,2026-01-22 01:57:14
faf021ad-9de5-44bd-b7f5-48127e8d5fea,22,1,21,1,1,1769064807,2026-01-22 01:57:14
35915f48-31c5-499a-b845-2ca2fb541904,18,0,18,23,1,1769064810,2026-01-22 01:57:14
026fd07d-d810-45dc-9237-a3d84dce4fa9,12,1,11,10,1,1769064810,2026-01-22 01:57:14
d873e463-2dc9-4bf8-86c7-fea8ddaa3a9f,2,1,1,14,1,1769064808,2026-01-22 01:57:14
ad037fe2-4a28-4b55-863c-229aada0b43a,7,1,6,12,1,1769064807,2026-01-22 01:57:14
66de07ec-0aca-11e7-82f6-3863bb44ef7c,21,0,21,4,1,1769064806,2026-01-22 01:57:14
05969d95-8a64-4007-abf1-afb847f2d426,6,1,5,16,1,1769064827,2026-01-22 01:57:14
09b00240-4c2a-4900-9d09-f13344461c02,16,12,4,1,1,1769064827,2026-01-22 01:57:14
c38e2cfc-04e6-419c-8bf8-d8713ccf6ea7,49,7,42,4,1,1769064828,2026-01-22 01:57:14
96a4da57-107a-43d1-8828-4749d5555461,8,1,7,22,1,1769064825,2026-01-22 01:57:14
30985a9c-afe4-4b98-a72c-2c72bb35603e,8,6,2,9,1,1769064825,2026-01-22 01:57:14
e15a5c77-70b0-4b9d-9eae-f10ddda7d994,2,2,0,21,1,1769064825,2026-01-22 01:57:14
1794096976946852066,47,42,5,17,1,1769064824,2026-01-22 01:57:14
66db6cd4-0aca-11e7-82f6-3863bb44ef7c,34,15,19,17,1,1769064826,2026-01-22 01:57:14
39112ced-337f-4b71-9df6-291cd4265cc9,18,0,18,4,1,1769064828,2026-01-22 01:57:14
facb0195-8daa-46e3-95e1-6f22fb678e8a,0,0,0,19,1,1769064828,2026-01-22 01:57:14
876683ce-9bce-4fad-8d1c-6b331fa07b5c,41,11,30,3,1,1769064827,2026-01-22 01:57:14
653ba606-f397-41e6-adc4-f775bf2d0c9f,14,2,12,8,1,1769064825,2026-01-22 01:57:14
66dbc982-0aca-11e7-82f6-3863bb44ef7c,3,3,0,105,1,1769064829,2026-01-22 01:57:14
b90574d1-e9e7-45be-8adb-e38cb285fea5,3,3,0,14,1,1769064829,2026-01-22 01:57:14
66de4408-0aca-11e7-82f6-3863bb44ef7c,16,5,11,5,1,1769064830,2026-01-22 01:57:14
18267c09-1916-48d8-951c-caf88c89edd1,4,3,1,11,1,1769064831,2026-01-22 01:57:14
1817627670084542818,10,3,7,12,1,1769064830,2026-01-22 01:57:14
de0c1800-f7cc-41b4-ab7a-c9d219180d06,9,6,3,53,1,1769064830,2026-01-22 01:57:14
1862787990429630662,2,2,0,16,1,1769064830,2026-01-22 01:57:14
66de1f17-0aca-11e7-82f6-3863bb44ef7c,23,23,0,9,1,1769064831,2026-01-22 01:57:14
1838617691511229014,1,0,1,21,1,1769064831,2026-01-22 01:57:14
7dcc5a03-5997-4250-9207-fa8b6f027c86,14,3,11,12,1,1769064831,2026-01-22 01:57:14
1861681435029604706,18,10,8,4,1,1769064832,2026-01-22 01:57:14
8ce7325e-d5c7-46f9-9b73-95356e48c3eb,18,13,5,6,1,1769064832,2026-01-22 01:57:14
1843486757863039016,16,5,11,2,1,1769064832,2026-01-22 01:57:14
66de1b5b-0aca-11e7-82f6-3863bb44ef7c,4,4,0,21,1,1769064849,2026-01-22 01:57:14
c5861c24-5ac1-41df-82f1-31748d03e868,64,49,15,0,1,1769064849,2026-01-22 01:57:14
9e9acfaf-0bbf-4bc2-a825-b2befb6bee55,27,14,13,5,1,1769064849,2026-01-22 01:57:14
febf420f-bbec-4044-a3af-69959e018ccb,21,21,0,0,1,1769064849,2026-01-22 01:57:14
66dd4de9-0aca-11e7-82f6-3863bb44ef7c,46,41,5,8,1,1769064853,2026-01-22 01:57:14
2133952475068346460,28,2,26,21,1,1769064853,2026-01-22 01:57:14
66dc4bd9-0aca-11e7-82f6-3863bb44ef7c,83,72,11,18,1,1769064854,2026-01-22 01:57:14
1786696251091417274,27,15,12,8,1,1769064854,2026-01-22 01:57:14
66de2625-0aca-11e7-82f6-3863bb44ef7c,29,6,23,3,1,1769064851,2026-01-22 01:57:14
bf5a9ad8-6725-4ade-967d-aba612d423bf,20,13,7,2,1,1769064851,2026-01-22 01:57:14
6fd84197-56e2-47df-849f-701aca0e7cc3,3,1,2,14,1,1769064851,2026-01-22 01:57:14
ab5585c8-c2cf-4bab-96cf-d02eced4f6e3,3,2,1,41,1,1769064851,2026-01-22 01:57:14
66dd4841-0aca-11e7-82f6-3863bb44ef7c,22,16,6,21,1,1769064852,2026-01-22 01:57:14
66dc8c90-0aca-11e7-82f6-3863bb44ef7c,15,14,1,10,1,1769064852,2026-01-22 01:57:14
66dc51e9-0aca-11e7-82f6-3863bb44ef7c,25,12,13,23,1,1769064852,2026-01-22 01:57:14
9f702c67-b591-4492-ba90-eb3c7e793dad,10,0,10,11,1,1769064852,2026-01-22 01:57:14
904930bd-2671-4695-9c1a-8a894b041129,7,5,2,57,1,1769064853,2026-01-22 01:57:14
59f0cb81-e31b-4ba9-9159-3437c52f7505,0,0,0,18,1,1769064848,2026-01-22 01:57:14
b3c8aaaf-6e1c-4f56-9391-b79e883b8009,6,1,5,17,1,1769064847,2026-01-22 01:57:14
66dd4051-0aca-11e7-82f6-3863bb44ef7c,13,13,0,35,1,1769064847,2026-01-22 01:57:14
1913995167022829826,16,3,13,3,1,1769064848,2026-01-22 01:57:14
b3a9057e-7ff6-4117-b96e-e71c173cf1e9,10,3,7,7,1,1769064849,2026-01-22 01:57:14
1931758629658304788,6,1,5,18,1,1769064849,2026-01-22 01:57:14
5f0aa684-a1c5-4119-827f-7860f1cd4ccd,12,7,5,11,1,1769064850,2026-01-22 01:57:14
66ddeca9-0aca-11e7-82f6-3863bb44ef7c,15,5,10,4,1,1769064851,2026-01-22 01:57:14
9505c2b7-0c3a-4791-8471-d2092a86291f,22,1,21,1,1,1769064854,2026-01-22 01:57:14
8603535e-0d7a-4c5b-ae77-27b9f5770bfa,16,14,2,9,1,1769064850,2026-01-22 01:57:14
d07790cd-1acd-4f74-b5f1-3d70f8a8a526,11,2,9,13,1,1769064861,2026-01-22 01:57:14
6bc5598a-9eb8-44d2-adc0-d93b93af1924,16,4,12,1,1,1769064861,2026-01-22 01:57:14
43eac213-4603-4bc2-b6d6-b45013396282,4,0,4,29,1,1769064861,2026-01-22 01:57:14
1947313784686131504,14,1,13,4,1,1769064856,2026-01-22 01:57:14
897e8739-ee1d-4b2e-b151-ad7e64e87697,11,3,8,18,1,1769064856,2026-01-22 01:57:14
78e93937-53d1-4c9b-99ad-0460f908ed2d,15,15,0,9,1,1769064856,2026-01-22 01:57:14
66db3aa3-0aca-11e7-82f6-3863bb44ef7c,36,35,1,15,1,1769064856,2026-01-22 01:57:14
1978170169761096104,19,5,14,16,1,1769064856,2026-01-22 01:57:14
cae4f2f4-9642-474c-95cc-6cc07592f120,2,0,2,32,1,1769064857,2026-01-22 01:57:14
66dd1b65-0aca-11e7-82f6-3863bb44ef7c,35,25,10,20,1,1769064857,2026-01-22 01:57:14
66dd25e0-0aca-11e7-82f6-3863bb44ef7c,15,10,5,4,1,1769064857,2026-01-22 01:57:14
6661108f-28eb-4671-ad0c-36a311d325aa,7,1,6,11,1,1769064858,2026-01-22 01:57:14
9459fca8-b044-4ed1-8f2c-c5db11ba868f,7,1,6,19,1,1769064857,2026-01-22 01:57:14
61be9a4a-737c-413a-9b72-d47b28a366d5,12,7,5,10,1,1769064858,2026-01-22 01:57:14
19002a4c-3229-450b-ad69-76948696e60d,1,1,0,18,1,1769064859,2026-01-22 01:57:14
2126274178538511162,9,1,8,2,1,1769064859,2026-01-22 01:57:14
08b9c491-a589-4e75-996c-2455c26fb356,4,3,1,15,1,1769064859,2026-01-22 01:57:14
4780d9d1-b886-4e72-9d18-cb152f73e10a,6,6,0,14,1,1769064857,2026-01-22 01:57:14
1789e458-c466-4d77-aba6-365f5c3823ed,6,0,6,12,1,1769064781,2026-01-22 01:57:14
66dd2556-0aca-11e7-82f6-3863bb44ef7c,39,21,18,0,1,1769064782,2026-01-22 01:57:14
66de2131-0aca-11e7-82f6-3863bb44ef7c,2,0,2,32,1,1769064782,2026-01-22 01:57:14
c1144380-c1ac-4315-9b1a-4b4e870ac688,4,0,4,15,1,1769064784,2026-01-22 01:57:14
66dd40dd-0aca-11e7-82f6-3863bb44ef7c,3,1,2,26,1,1769064801,2026-01-22 01:57:14
943be327-0320-4ae1-8eb0-8a56f86a4fb6,4,0,4,20,1,1769064802,2026-01-22 01:57:14
1814900353536621062,25,9,16,3,1,1769064803,2026-01-22 01:57:14
0183d7d4-9e11-4429-94db-666a31239871,12,1,11,13,1,1769064802,2026-01-22 01:57:14
1828969417249358046,7,2,5,12,1,1769064802,2026-01-22 01:57:14
6fcad2af-c3e2-47a4-8942-023ae4047e67,13,9,4,5,1,1769064803,2026-01-22 01:57:14
1857217122161783302,23,4,19,6,1,1769064803,2026-01-22 01:57:14
97bcf094-ad77-4743-9c94-832c7300c090,11,3,8,5,1,1769064803,2026-01-22 01:57:14
1b28836b-29fd-47a7-9a98-44cd792918fb,14,0,14,34,1,1769064800,2026-01-22 01:57:14
66de1af4-0aca-11e7-82f6-3863bb44ef7c,25,23,2,10,1,1769064800,2026-01-22 01:57:14
1d8e51b0-8131-4c1f-93fb-f04952c157c0,1,0,1,26,1,1769064801,2026-01-22 01:57:14
403c310e-26d5-4db5-9928-13c38b25053d,5,5,0,17,1,1769064804,2026-01-22 01:57:14
99d149f9-ad40-461e-beea-fcbf086f9b5a,28,21,7,37,1,1769064805,2026-01-22 01:57:14
1431ec5c-242d-401b-b672-dbf95155999b,5,4,1,13,1,1769064837,2026-01-22 01:57:14
66dbe4db-0aca-11e7-82f6-3863bb44ef7c,46,40,6,36,1,1769064837,2026-01-22 01:57:14
308e055a-b8aa-447d-8803-8677c88af0ba,4,0,4,16,1,1769064838,2026-01-22 01:57:14
ab40ffde-f331-4194-adab-cb8c60b63f28,6,3,3,19,1,1769064838,2026-01-22 01:57:14
2053884382031338034,4,1,3,39,1,1769064839,2026-01-22 01:57:14
aba6e644-3ac8-4cdc-9bc6-763e9d82dee9,12,1,11,10,1,1769064839,2026-01-22 01:57:14
66dc0d3a-0aca-11e7-82f6-3863bb44ef7c,16,6,10,3,1,1769064840,2026-01-22 01:57:14
66dba0ba-0aca-11e7-82f6-3863bb44ef7c,13,7,6,27,1,1769064839,2026-01-22 01:57:14
ab79da3d-f92a-42de-a76d-e05b5d7e724c,4,3,1,10,1,1769064834,2026-01-22 01:57:14
cb04be8e-8edc-4c9d-bfc0-76f94e3a3d9b,14,0,14,27,1,1769064834,2026-01-22 01:57:14
66de4c32-0aca-11e7-82f6-3863bb44ef7c,14,0,14,10,1,1769064838,2026-01-22 01:57:14
7e7d974c-a6ec-4d9a-b4ed-01a4d2056d8b,1,0,1,18,1,1769064838,2026-01-22 01:57:14
1817432606668538118,12,9,3,13,1,1769064839,2026-01-22 01:57:14
3bdd81c8-3112-45e6-ae72-11a3f4fa5921,11,6,5,11,1,1769064840,2026-01-22 01:57:14
968d40e0-2a5b-4f6c-a161-fad1631b609b,6,6,0,8,1,1769064840,2026-01-22 01:57:14
1828968691399885056,12,2,10,1,1,1769064840,2026-01-22 01:57:14
89171660-8cef-443f-8f75-67503532d1ce,17,7,10,1,1,1769064836,2026-01-22 01:57:14
74e104fb-1ddc-4f3e-a60b-220b6c4f300b,3,0,3,13,1,1769064836,2026-01-22 01:57:14
66db237e-0aca-11e7-82f6-3863bb44ef7c,25,15,10,28,1,1769064835,2026-01-22 01:57:14
1945126147213275898,9,5,4,12,1,1769064841,2026-01-22 01:57:14
aa120a3a-9f2b-4dfc-a88b-384bbb66838a,3,1,2,19,1,1769064842,2026-01-22 01:57:14
7a701539-2c10-4abe-803f-525785ebb7fb,8,2,6,13,1,1769064842,2026-01-22 01:57:14
66dbf73d-0aca-11e7-82f6-3863bb44ef7c,29,21,8,6,1,1769064841,2026-01-22 01:57:14
c0df5c09-2c07-4689-9fe8-36ed81301d7d,2,1,1,21,1,1769064844,2026-01-22 01:57:14
1869754004195029842,1,1,0,20,1,1769064844,2026-01-22 01:57:14
2039088532741595744,40,13,27,11,1,1769064845,2026-01-22 01:57:14
1815967313905864892,5,1,4,10,1,1769064845,2026-01-22 01:57:14
66dc28bd-0aca-11e7-82f6-3863bb44ef7c,2,2,0,54,1,1769064846,2026-01-22 01:57:14
c7be2714-14db-421f-a19e-f6a7bf6e8d26,8,6,2,14,1,1769064846,2026-01-22 01:57:14
bdefa3e3-aa5a-40eb-b7f8-542de55063e9,12,6,6,5,1,1769064844,2026-01-22 01:57:14
833bc8bc-3c32-4481-9c14-9a88aa7accec,31,17,14,7,1,1769064844,2026-01-22 01:57:14
a1cf7115-8e38-4300-aac8-3a2fddca0e23,24,9,15,8,1,1769064842,2026-01-22 01:57:14
96cf4c1a-db2c-4d4b-af34-c31281b5904b,9,6,3,6,1,1769064843,2026-01-22 01:57:14
1817433126359581672,10,1,9,12,1,1769064842,2026-01-22 01:57:14
66db8c10-0aca-11e7-82f6-3863bb44ef7c,25,12,13,10,1,1769064842,2026-01-22 01:57:14
1838070703178521596,1,0,1,18,1,1769064846,2026-01-22 01:57:14
1834145064843958330,9,0,9,8,1,1769064846,2026-01-22 01:57:14
66dd470b-0aca-11e7-82f6-3863bb44ef7c,31,20,11,14,1,1769064846,2026-01-22 01:57:14
66db4158-0aca-11e7-82f6-3863bb44ef7c,36,31,5,2,1,1769064847,2026-01-22 01:57:14
36ddce8f-bd83-4a05-b601-b526fb4d8628,3,2,1,16,1,1769064847,2026-01-22 01:57:14
e71d152c-c2df-4d3e-a9af-139f2529bac6,12,0,12,5,1,1769064847,2026-01-22 01:57:14
66dbe250-0aca-11e7-82f6-3863bb44ef7c,2,2,0,15,1,1769064845,2026-01-22 01:57:14
29b21bd8-2459-4727-b1f0-d73592db3321,13,5,8,15,1,1769064848,2026-01-22 01:57:14
66dd9213-0aca-11e7-82f6-3863bb44ef7c,21,18,3,22,1,1769064847,2026-01-22 01:57:14
af626e61-9f83-4602-a9b1-038b1c1430e6,14,3,11,0,1,1769064901,2026-01-22 01:57:14
74a1dc19-f894-4246-99f1-476a92452995,6,6,0,20,1,1769064901,2026-01-22 01:57:14
1c82b223-42ba-4d15-8e8a-bd8ae2a57cde,7,5,2,8,1,1769064901,2026-01-22 01:57:14
66dcca76-0aca-11e7-82f6-3863bb44ef7c,1,1,0,21,1,1769064901,2026-01-22 01:57:14
66dc1545-0aca-11e7-82f6-3863bb44ef7c,12,3,9,11,1,1769064901,2026-01-22 01:57:14
add829db-2feb-4e81-af61-056791a6e53b,8,8,0,22,1,1769064906,2026-01-22 01:57:14
66de20c8-0aca-11e7-82f6-3863bb44ef7c,9,8,1,21,1,1769064906,2026-01-22 01:57:14
66de56e5-0aca-11e7-82f6-3863bb44ef7c,21,8,13,1,1,1769064907,2026-01-22 01:57:14
60a061d5-d984-4573-af3c-2054f4f59e94,9,7,2,9,1,1769064907,2026-01-22 01:57:14
fbee1143-e93f-418d-b6bc-8fde4a9a8746,18,4,14,31,1,1769064907,2026-01-22 01:57:14
bf093f72-1d8d-44ae-91b5-e36958a27976,3,0,3,17,1,1769064902,2026-01-22 01:57:14
1836581714456697424,5,0,5,18,1,1769064903,2026-01-22 01:57:14
cdb6e2aa-4da3-4ed7-9b13-ce626addf6b0,23,16,7,27,1,1769064904,2026-01-22 01:57:14
9e3603ee-2b7d-4147-a7b5-48bbd778902c,19,17,2,41,1,1769064906,2026-01-22 01:57:14
1817432787057164808,19,11,8,0,1,1769064905,2026-01-22 01:57:14
66db3f01-0aca-11e7-82f6-3863bb44ef7c,41,25,16,6,1,1769064902,2026-01-22 01:57:14
8df41833-c7bf-4171-bdab-58d64f6ade54,21,3,18,0,1,1769064901,2026-01-22 01:57:14
348c5e65-cbc3-4da6-9856-fc253a0ba546,42,30,12,10,1,1769064902,2026-01-22 01:57:14
1835250318514342456,9,1,8,18,1,1769064905,2026-01-22 01:57:14
66db6387-0aca-11e7-82f6-3863bb44ef7c,94,77,17,13,1,1769064904,2026-01-22 01:57:14
2121033124458338894,7,0,7,7,1,1769064905,2026-01-22 01:57:14
e35494b4-5811-4d2a-87de-4430e56bce2d,2,2,0,18,1,1769064905,2026-01-22 01:57:14
1929513834381415014,8,4,4,12,1,1769064787,2026-01-22 01:57:14
b6a4770e-9077-4a0e-a0fb-b45b1d457559,50,38,12,7,1,1769064811,2026-01-22 01:57:14
1823008917260927616,16,5,11,7,1,1769064811,2026-01-22 01:57:14
2e74ea1d-02a0-47bf-9665-dce2d65de8d7,43,25,18,3,1,1769064816,2026-01-22 01:57:14
01f01352-50d4-484e-a611-576b18ac373a,30,2,28,2,1,1769064816,2026-01-22 01:57:14
66db29e6-0aca-11e7-82f6-3863bb44ef7c,15,8,7,2,1,1769064816,2026-01-22 01:57:14
66ddb7bf-0aca-11e7-82f6-3863bb44ef7c,14,14,0,33,1,1769064814,2026-01-22 01:57:14
9157a3bc-43fa-4221-8bb8-17273fc09540,23,15,8,1,1,1769064814,2026-01-22 01:57:14
1835246815877178358,8,1,7,12,1,1769064815,2026-01-22 01:57:14
65e7908a-a73e-4f8e-9967-0d0677f62bc4,14,5,9,7,1,1769064815,2026-01-22 01:57:14
66dc86d9-0aca-11e7-82f6-3863bb44ef7c,44,7,37,19,1,1769064815,2026-01-22 01:57:14
66de5d57-0aca-11e7-82f6-3863bb44ef7c,1,1,0,21,1,1769064815,2026-01-22 01:57:14
8c700e85-cfdb-4eef-ba49-53bd69c004ed,9,3,6,10,1,1769064816,2026-01-22 01:57:14
2170352212111402482,22,14,8,49,1,1769064817,2026-01-22 01:57:14
5b0b689f-9bd2-4743-b4cc-d4629a9a709b,17,2,15,5,1,1769064812,2026-01-22 01:57:14
9dde927d-9984-4f97-bcd0-fbcb59e6ca66,12,1,11,5,1,1769064812,2026-01-22 01:57:14
98af0e1d-ea33-4c6e-95fe-97846e81081e,13,12,1,6,1,1769064812,2026-01-22 01:57:14
95a52ce4-3597-47d1-8d6f-427cb3b8ca6a,1,1,0,22,1,1769064813,2026-01-22 01:57:14
30d6520e-b612-4240-a9ff-eec12b02b263,9,4,5,9,1,1769064813,2026-01-22 01:57:14
4cd5a87d-7618-4a15-892d-8cf29eec865c,17,4,13,1,1,1769064813,2026-01-22 01:57:14
a11a0000-19cf-4053-b3a1-3a5886d7446c,24,7,17,16,1,1769064814,2026-01-22 01:57:14
20f3a578-4dfa-45ca-a917-b394d77ee08e,12,0,12,16,1,1769064821,2026-01-22 01:57:14
6db97fde-68ae-4d2b-b121-b7c17838bbe7,0,0,0,17,1,1769064821,2026-01-22 01:57:14
ab692d1f-5a4a-4fff-b929-013c3a7e8a98,3,2,1,15,1,1769064821,2026-01-22 01:57:14
311269f4-53dc-4f83-b26b-ecb6e8e160ed,3,2,1,15,1,1769064822,2026-01-22 01:57:14
4e1a13af-1c3b-48f2-8586-5edceea97d61,1,1,0,18,1,1769064822,2026-01-22 01:57:14
17aeb1e3-fd18-4cf9-9473-17dfa5b0a312,17,16,1,6,1,1769064820,2026-01-22 01:57:14
16cbe771-8fca-4437-b9d2-374e00da6c3a,16,7,9,7,1,1769064817,2026-01-22 01:57:14
66db3a1e-0aca-11e7-82f6-3863bb44ef7c,4,3,1,14,1,1769064818,2026-01-22 01:57:14
1869754328201607270,5,3,2,11,1,1769064818,2026-01-22 01:57:14
77a498ea-5693-46cc-a4b1-6e428f574797,21,4,17,3,1,1769064819,2026-01-22 01:57:14
6853d09a-cbd8-4378-bc23-02e8bba0b4da,1,1,0,21,1,1769064819,2026-01-22 01:57:14
9e99abca-c679-4788-9a4e-39066660bd6a,2,2,0,15,1,1769064818,2026-01-22 01:57:14
66db2953-0aca-11e7-82f6-3863bb44ef7c,49,2,47,0,1,1769064818,2026-01-22 01:57:14
66db9845-0aca-11e7-82f6-3863bb44ef7c,51,39,12,5,1,1769064819,2026-01-22 01:57:14
66dbc8f5-0aca-11e7-82f6-3863bb44ef7c,54,31,23,16,1,1769064823,2026-01-22 01:57:14
d56a8542-048a-4aca-ac7f-f27a9e6c908b,10,4,6,16,1,1769064823,2026-01-22 01:57:14
4dde902d-512c-4e9e-8899-a68424ed87c0,12,1,11,21,1,1769064861,2026-01-22 01:57:14
26568d39-db49-4354-a5c1-c81a3c856285,8,2,6,9,1,1769064862,2026-01-22 01:57:14
66de1295-0aca-11e7-82f6-3863bb44ef7c,17,8,9,5,1,1769064862,2026-01-22 01:57:14
66db4351-0aca-11e7-82f6-3863bb44ef7c,58,31,27,20,1,1769064862,2026-01-22 01:57:14
2c2cdc55-52a3-4140-b4d3-8409a98f130f,13,8,5,11,1,1769064862,2026-01-22 01:57:14
138094a0-cd7d-4014-9b21-4fb2afd3980e,7,2,5,17,1,1769064862,2026-01-22 01:57:14
4753c1ba-a86e-431e-94fb-06403cdee4d7,22,17,5,7,1,1769064862,2026-01-22 01:57:14
454b4a83-d0b1-42a2-8163-261e2a9d6ab9,8,8,0,68,1,1769064862,2026-01-22 01:57:14
a04bf523-3c76-4fad-88bf-e99037f9b796,10,2,8,9,1,1769064866,2026-01-22 01:57:14
b200a8bf-2d79-4511-9a16-ac41e7245622,20,0,20,3,1,1769064866,2026-01-22 01:57:14
c9c09ed0-0a52-4d6a-a999-b0848874e51f,0,0,0,30,0,1768571529,2026-01-22 01:57:14
581d8683-c217-4f96-89cb-b5a94d780b83,0,0,0,76,1,1769064867,2026-01-22 01:57:14
66dcc65c-0aca-11e7-82f6-3863bb44ef7c,11,9,2,3,1,1769064864,2026-01-22 01:57:14
1836581628905160976,8,5,3,13,1,1769064864,2026-01-22 01:57:14
dcdaa64b-4d2c-4017-bfb9-da25924f851d,6,4,2,15,1,1769064865,2026-01-22 01:57:14
9bd28b11-cf11-4938-abb2-dfa5ec800e32,29,6,23,0,1,1769064863,2026-01-22 01:57:14
b5010362-af16-4357-8fb7-5958576954c0,11,4,7,17,1,1769064863,2026-01-22 01:57:14
e51c8b72-460f-41c2-a5ca-de85d3f46a30,11,3,8,38,1,1769064863,2026-01-22 01:57:14
66dbc6ae-0aca-11e7-82f6-3863bb44ef7c,25,18,7,36,1,1769064867,2026-01-22 01:57:14
21361381-fd4a-44a4-bfa7-61f075192ce9,4,0,4,20,1,1769064867,2026-01-22 01:57:14
cd4b8e12-b2c7-479b-900d-59cf7d8c4276,11,2,9,4,1,1769064867,2026-01-22 01:57:14
88c1303b-3349-4591-bf08-c7e40cf3537a,14,3,11,31,1,1769064867,2026-01-22 01:57:14
66dcbb2c-0aca-11e7-82f6-3863bb44ef7c,4,0,4,23,1,1769064867,2026-01-22 01:57:14
1875413335585534272,2,1,1,19,1,1769064868,2026-01-22 01:57:14
db02e1ea-acc1-4f45-8e3c-d37468b0b5a6,7,4,3,11,1,1769064868,2026-01-22 01:57:14
9789dc0f-1eb6-4830-bda9-1ce5f1413e19,3,3,0,14,1,1769064865,2026-01-22 01:57:14
1835249854657874848,4,0,4,13,1,1769064865,2026-01-22 01:57:14
66dcbefb-0aca-11e7-82f6-3863bb44ef7c,16,9,7,1,1,1769064866,2026-01-22 01:57:14
1ddadf67-ae08-4e86-bdda-236629b9eabd,20,8,12,5,1,1769064909,2026-01-22 01:57:14
66dc3a1a-0aca-11e7-82f6-3863bb44ef7c,12,7,5,39,1,1769064909,2026-01-22 01:57:14
5d049d4b-0736-4323-834a-1b2454bd6551,10,8,2,14,1,1769064909,2026-01-22 01:57:14
7d455e9a-20b4-4b03-8248-0d982fdfa21b,1,1,0,20,1,1769064909,2026-01-22 01:57:14
c83e1ef5-776e-417e-8ee2-d08ca121f884,9,9,0,18,1,1769064909,2026-01-22 01:57:14
1597ea95-0b6b-425a-8d13-ed86ee0754b5,3,1,2,16,1,1769064909,2026-01-22 01:57:14
dba67615-a7e0-4c44-ab1b-b464033ec9b9,12,8,4,7,1,1769064910,2026-01-22 01:57:14
1e590819-53fd-415c-bc28-aed605ad3bcb,8,5,3,11,1,1769064910,2026-01-22 01:57:14
2122552934440059494,3,2,1,13,1,1769064910,2026-01-22 01:57:14
1d977221-b2b5-4fa2-bba0-b00136834fb3,5,1,4,13,1,1769064911,2026-01-22 01:57:14
c2291f8e-3b07-4671-82af-2b947825de4a,35,20,15,27,1,1769064910,2026-01-22 01:57:14
91ca68bd-5ac1-470b-a26d-1ec98ea9cca4,21,4,17,4,1,1769064908,2026-01-22 01:57:14
1828968199249922252,2,2,0,18,1,1769064908,2026-01-22 01:57:14
1945125793810207148,10,5,5,7,1,1769064908,2026-01-22 01:57:14
dd8627c8-4190-4a30-8758-e77a7b010437,12,5,7,33,1,1769064908,2026-01-22 01:57:14
84b30f68-5404-453a-ae86-a2baff03a2c9,2,1,1,13,1,1769064911,2026-01-22 01:57:14
66dd1ad8-0aca-11e7-82f6-3863bb44ef7c,6,0,6,17,1,1769064911,2026-01-22 01:57:14
141ba25c-f4ea-4cec-ae7e-022401e23087,0,0,0,13,1,1769064910,2026-01-22 01:57:14
66dc36c3-0aca-11e7-82f6-3863bb44ef7c,68,21,47,14,1,1769064913,2026-01-22 01:57:14
66dccd65-0aca-11e7-82f6-3863bb44ef7c,18,3,15,8,1,1769064912,2026-01-22 01:57:14
66dd49eb-0aca-11e7-82f6-3863bb44ef7c,3,0,3,26,1,1769064912,2026-01-22 01:57:14
22ac9559-d7f1-4dcd-ae3e-f6caf586a455,3,2,1,21,1,1769064913,2026-01-22 01:57:14
66dbf667-0aca-11e7-82f6-3863bb44ef7c,59,27,32,8,1,1769064913,2026-01-22 01:57:14
01a1343d-9c7b-4a83-8a5a-a600187f19c4,2,0,2,27,1,1769064914,2026-01-22 01:57:14
1960020540642077008,32,31,1,15,1,1769064913,2026-01-22 01:57:14
66dde9af-0aca-11e7-82f6-3863bb44ef7c,12,3,9,13,1,1769064914,2026-01-22 01:57:14
1846086768160082632,4,0,4,20,1,1769064914,2026-01-22 01:57:14
1828966882896859944,0,0,0,17,1,1769064914,2026-01-22 01:57:14
1835247352748090208,19,15,4,3,1,1769064914,2026-01-22 01:57:14
c0b541ae-9e66-4739-babb-483180747dc2,3,0,3,15,1,1769064914,2026-01-22 01:57:14
66db3d2a-0aca-11e7-82f6-3863bb44ef7c,13,0,13,46,1,1769064914,2026-01-22 01:57:14
1286480d-5d6d-4a47-9fac-e156dba2b6fc,25,11,14,30,1,1769064914,2026-01-22 01:57:14
aa8270ec-4441-47d2-854b-5852e65fae66,1,0,1,17,1,1769064914,2026-01-22 01:57:14
66dbf442-0aca-11e7-82f6-3863bb44ef7c,38,18,20,40,1,1769064914,2026-01-22 01:57:14
66db3cab-0aca-11e7-82f6-3863bb44ef7c,24,16,8,6,1,1769064914,2026-01-22 01:57:14
1786698158713921798,18,2,16,23,1,1769064915,2026-01-22 01:57:14
ed1199e4-d9a6-4d9e-8c81-62bcd7510a11,11,10,1,18,1,1769064911,2026-01-22 01:57:14
1851955603137491568,31,0,31,0,1,1769064912,2026-01-22 01:57:14
d5ca6311-7471-480f-9c79-38baaafe34ba,20,1,19,8,1,1769064911,2026-01-22 01:57:14
66dcf897-0aca-11e7-82f6-3863bb44ef7c,3,1,2,26,1,1769064913,2026-01-22 01:57:14
40042fb4-6ddd-4f74-bb52-5af3e4e08c8d,15,0,15,7,1,1769064913,2026-01-22 01:57:14
66dd42eb-0aca-11e7-82f6-3863bb44ef7c,5,5,0,55,1,1769064917,2026-01-22 01:57:14
66de1a8a-0aca-11e7-82f6-3863bb44ef7c,15,14,1,11,1,1769064918,2026-01-22 01:57:14
6f484a9d-c535-451e-a18f-f3afdc0a27af,29,6,23,10,1,1769064907,2026-01-22 01:57:14
72196024-6f2b-45cb-9764-609911c7dc0b,17,10,7,31,1,1769064907,2026-01-22 01:57:14
66dc78c4-0aca-11e7-82f6-3863bb44ef7c,47,24,23,15,1,1769064915,2026-01-22 01:57:14
b636a06c-c10e-417a-ac22-14cadb8f8993,17,7,10,1,1,1769064915,2026-01-22 01:57:14
079b5a90-1d2b-40b2-b1e9-71c075f16b89,8,5,3,9,1,1769064915,2026-01-22 01:57:14
cbcbd880-9662-4ab1-b530-781bb101ed1f,3,1,2,12,1,1769064915,2026-01-22 01:57:14
dfe2c398-ff5c-4a8d-83c8-fa18801540d8,11,0,11,16,1,1769064915,2026-01-22 01:57:14
66dcf394-0aca-11e7-82f6-3863bb44ef7c,3,3,0,27,1,1769064915,2026-01-22 01:57:14
1860187301567054286,10,8,2,8,1,1769064915,2026-01-22 01:57:14
1828968611856235508,2,2,0,17,1,1769064915,2026-01-22 01:57:14
3bf91ca1-14fd-4e51-858e-36a203f1af2a,5,5,0,12,1,1769064915,2026-01-22 01:57:14
1877651952425321214,5,0,5,10,1,1769064916,2026-01-22 01:57:14
10c13fe2-34cb-4aff-bea1-4f5ce877769b,8,2,6,8,1,1769064915,2026-01-22 01:57:14
66dcec6b-0aca-11e7-82f6-3863bb44ef7c,22,13,9,13,1,1769064916,2026-01-22 01:57:14
66dc209c-0aca-11e7-82f6-3863bb44ef7c,58,34,24,5,1,1769064916,2026-01-22 01:57:14
3c21925c-d68e-497c-b501-982d3eb3e852,15,13,2,5,1,1769064916,2026-01-22 01:57:14
016ee47a-4871-4209-91cb-bf3ceeddc991,4,3,1,14,1,1769064916,2026-01-22 01:57:14
1828969851041055492,5,2,3,17,1,1769064917,2026-01-22 01:57:14
38975061-0d90-43a3-87c1-8905b374d5d9,11,0,11,13,1,1769064916,2026-01-22 01:57:14
2c366f4b-8319-41bf-ab8e-2fba3a952feb,3,3,0,49,1,1769064918,2026-01-22 01:57:14
c1c33a35-751f-4dd6-baef-82db46f7ab46,4,2,2,29,1,1769064918,2026-01-22 01:57:14
66de06ef-0aca-11e7-82f6-3863bb44ef7c,14,1,13,10,1,1769064918,2026-01-22 01:57:14
0e82ab9f-8c93-4302-b9df-342f8135a05c,20,0,20,0,1,1769064919,2026-01-22 01:57:14
d5788cfa-817e-4b65-b43f-edda222a3c3c,11,6,5,13,1,1769064918,2026-01-22 01:57:14
daaa3ac1-594c-48d2-9431-a8ced305ed5a,2,2,0,16,1,1769064918,2026-01-22 01:57:14
7efcb97f-6c8f-4445-86a9-3f758a822f17,11,11,0,28,1,1769064918,2026-01-22 01:57:14
66dc7957-0aca-11e7-82f6-3863bb44ef7c,22,11,11,54,1,1769064919,2026-01-22 01:57:14
46a1ff6c-6131-414a-9ef6-65a8db7d305f,6,6,0,17,1,1769064919,2026-01-22 01:57:14
1835250080052323168,0,0,0,0,0,86400,2026-01-22 01:57:14
2171903032377767128,0,0,0,0,0,86400,2026-01-22 01:57:14
2171903385631266470,0,0,0,0,0,86400,2026-01-22 01:57:14
2171903970740122034,0,0,0,0,0,86400,2026-01-22 01:57:14
2171902607371571344,0,0,0,0,0,86400,2026-01-22 01:57:14
66dc7c31-0aca-11e7-82f6-3863bb44ef7c,30,25,5,10,1,1769064721,2026-01-22 01:57:14
66dd4f9b-0aca-11e7-82f6-3863bb44ef7c,22,10,12,12,1,1769064781,2026-01-22 01:57:14
66dbf140-0aca-11e7-82f6-3863bb44ef7c,76,58,18,7,1,1769064782,2026-01-22 01:57:14
c0ce2a38-04f5-4333-8818-2a3faa84f214,23,3,20,4,1,1769064781,2026-01-22 01:57:14
039d4cc9-8560-4d22-88c3-20753c54a50f,11,1,10,14,1,1769064783,2026-01-22 01:57:14
7d41ac98-df88-497a-aef9-968660e6da0f,14,5,9,25,1,1769064782,2026-01-22 01:57:14
66dbf215-0aca-11e7-82f6-3863bb44ef7c,28,17,11,17,1,1769064783,2026-01-22 01:57:14
0575e356-72f4-4251-8e15-574cf60bd190,9,5,4,10,1,1769064793,2026-01-22 01:57:14
0e8bfd72-c494-4d3e-85e2-4f98b801fe3b,1,0,1,18,1,1769064798,2026-01-22 01:57:14
66dc2606-0aca-11e7-82f6-3863bb44ef7c,61,25,36,13,1,1769064801,2026-01-22 01:57:14
1791188268875152272,33,7,26,11,1,1769064802,2026-01-22 01:57:14
1861681740276243358,13,11,2,7,1,1769064798,2026-01-22 01:57:14
178bad16-1b02-4264-94c0-a8fd0faa60fe,3,2,1,30,1,1769064799,2026-01-22 01:57:14
067b53bd-33bf-4698-8103-3931a5f32a37,6,1,5,12,1,1769064800,2026-01-22 01:57:14
2ec1235f-a043-4e3a-9ba1-56f7dd4624b7,8,6,2,12,1,1769064800,2026-01-22 01:57:14
b83b2a73-af8e-4b82-b61e-aeaaf075fbe2,2,2,0,23,1,1769064800,2026-01-22 01:57:14
1846086263936934630,17,3,14,1,1,1769064800,2026-01-22 01:57:14
57f144cb-375d-4eee-b458-e288116cb8f7,12,6,6,2,1,1769064802,2026-01-22 01:57:14
1838070940162509196,5,1,4,17,1,1769064801,2026-01-22 01:57:14
2088792249063596144,22,16,6,7,1,1769064802,2026-01-22 01:57:14
f47e1ce9-ff3f-49e9-9a2f-aa5be45d70da,12,2,10,10,1,1769064803,2026-01-22 01:57:14
ee1ba75f-baf5-4852-929c-8b7ad310f55a,10,9,1,16,1,1769064804,2026-01-22 01:57:14
1ecc9936-ee0c-44b2-baa8-237564c8e4fd,43,17,26,2,1,1769064804,2026-01-22 01:57:14
1891277309535701686,0,0,0,22,1,1769064803,2026-01-22 01:57:14
66db2f4c-0aca-11e7-82f6-3863bb44ef7c,28,17,11,48,1,1769064804,2026-01-22 01:57:14
f6cf3ecc-b3ad-4291-8c24-277f28f64ba1,13,2,11,8,1,1769064806,2026-01-22 01:57:14
f3eb962c-314a-4431-bac7-2eb2ffbe2fd2,5,2,3,12,1,1769064808,2026-01-22 01:57:14
3ac7b47b-2253-4a0b-bf7d-8a2eb6b78a38,15,9,6,25,1,1769064808,2026-01-22 01:57:14
ee1d39c5-47c8-4527-9456-3719c50b7be5,13,2,11,4,1,1769064807,2026-01-22 01:57:14
c0f952d9-538e-4836-b936-fa97123cbf13,5,0,5,13,1,1769064808,2026-01-22 01:57:14
bdc116cd-4d63-4693-846c-ec5073314007,6,5,1,14,1,1769064809,2026-01-22 01:57:14
3fed8016-0be0-47f5-8663-2e850ec47288,20,2,18,1,1,1769064813,2026-01-22 01:57:14
66de0a0a-0aca-11e7-82f6-3863bb44ef7c,14,8,6,11,1,1769064810,2026-01-22 01:57:14
a6492ad5-d13e-48b0-a0d5-08e60ad93e53,64,28,36,3,1,1769064810,2026-01-22 01:57:14
b1cdec34-d4f9-4313-be82-729bb9f7bb18,6,1,5,14,1,1769064812,2026-01-22 01:57:14
16836c76-c412-4ec3-bac8-3c6a5a3d9745,1,0,1,17,1,1769064809,2026-01-22 01:57:14
1826348745879909352,16,1,15,0,1,1769064809,2026-01-22 01:57:14
4956ad8b-06d6-4af4-bcc8-735c45439608,4,4,0,15,1,1769064810,2026-01-22 01:57:14
66db90f1-0aca-11e7-82f6-3863bb44ef7c,41,36,5,21,1,1769064812,2026-01-22 01:57:14
699d3378-6ea8-465f-888b-c49c60089ce8,0,0,0,19,1,1769064819,2026-01-22 01:57:14
1856767203049599002,12,1,11,8,1,1769064819,2026-01-22 01:57:14
1905394575114219798,1,0,1,30,1,1769064819,2026-01-22 01:57:14
f0115d11-c678-4274-8bb7-d486dbb63361,14,2,12,3,1,1769064819,2026-01-22 01:57:14
cda60c6d-80f3-41b7-8ece-fe997f6dafb5,4,2,2,16,1,1769064814,2026-01-22 01:57:14
1828968462257099768,1,1,0,18,1,1769064815,2026-01-22 01:57:14
e25f8dee-c110-489f-a978-464ac5c84ca2,11,7,4,13,1,1769064817,2026-01-22 01:57:14
1797078913880883846,2,2,0,16,1,1769064817,2026-01-22 01:57:14
b471c112-1770-4dfe-9e13-fe7479dcb5a5,24,1,23,0,1,1769064818,2026-01-22 01:57:14
1860189075388547142,2,1,1,17,1,1769064818,2026-01-22 01:57:14
0df3a035-5a38-4ec2-826a-0a5376e8d8a0,9,7,2,14,1,1769064817,2026-01-22 01:57:14
1817432709747753390,10,2,8,13,1,1769064815,2026-01-22 01:57:14
b16e9f3f-9b07-486f-a1ca-c76030f5ea64,10,3,7,9,1,1769064818,2026-01-22 01:57:14
66de4336-0aca-11e7-82f6-3863bb44ef7c,17,7,10,15,1,1769064821,2026-01-22 01:57:14
8c2ed08f-1660-4db8-9168-4709427c23ed,5,0,5,12,1,1769064820,2026-01-22 01:57:14
7155b0a6-2545-4b02-ae8c-9c0c4220f8c3,2,1,1,18,1,1769064820,2026-01-22 01:57:14
66ddeb67-0aca-11e7-82f6-3863bb44ef7c,25,18,7,0,1,1769064820,2026-01-22 01:57:14
93e2e1a5-49c5-41f8-a6bf-b399b6a5140d,48,27,21,18,1,1769064824,2026-01-22 01:57:14
0e240143-2f86-4754-8345-4994750d99f1,15,3,12,3,1,1769064824,2026-01-22 01:57:14
66dbc745-0aca-11e7-82f6-3863bb44ef7c,30,20,10,7,1,1769064824,2026-01-22 01:57:14
1913990214925537808,33,17,16,1,1,1769064824,2026-01-22 01:57:14
b53b5e8f-9503-48d1-b3e3-9347ecef38e2,0,0,0,34,1,1769064824,2026-01-22 01:57:14
66dc1702-0aca-11e7-82f6-3863bb44ef7c,45,38,7,24,1,1769064825,2026-01-22 01:57:14
1828966747840428256,6,0,6,11,1,1769064823,2026-01-22 01:57:14
edc9b877-c311-46b4-a780-59ee7e692324,25,14,11,10,1,1769064823,2026-01-22 01:57:14
627c77c0-0088-4ba8-ba66-73e0e3d3fe77,4,1,3,19,1,1769064821,2026-01-22 01:57:14
1945126022626996350,20,7,13,6,1,1769064829,2026-01-22 01:57:14
00d94dfc-3695-47e1-aba6-7f319dd2eb08,6,3,3,16,1,1769064829,2026-01-22 01:57:14
1846086027713733188,9,2,7,5,1,1769064830,2026-01-22 01:57:14
1794096824496960148,38,25,13,3,1,1769064822,2026-01-22 01:57:14
66de602e-0aca-11e7-82f6-3863bb44ef7c,44,4,40,3,1,1769064827,2026-01-22 01:57:14
c9e76fa9-54e2-4161-9798-4787bf04217a,11,1,10,8,1,1769064825,2026-01-22 01:57:14
66dc4334-0aca-11e7-82f6-3863bb44ef7c,22,22,0,0,1,1769064825,2026-01-22 01:57:14
5782a158-b596-4936-a451-32ccc131a57d,1,0,1,18,1,1769064844,2026-01-22 01:57:14
2ad41c1f-5636-4a63-ad52-761e2613061a,2,2,0,17,1,1769064844,2026-01-22 01:57:14
1835244925191295588,8,7,1,15,1,1769064846,2026-01-22 01:57:14
66dd9dba-0aca-11e7-82f6-3863bb44ef7c,22,14,8,22,1,1769064846,2026-01-22 01:57:14
c229f0ca-bdd1-4aa0-8906-a3e809e12889,7,2,5,14,1,1769064827,2026-01-22 01:57:14
c4377169-c19e-47e1-90a4-c4e14bb41601,5,2,3,16,1,1769064827,2026-01-22 01:57:14
f42b3158-3f78-4a62-964a-8cc554d69c35,16,3,13,0,1,1769064827,2026-01-22 01:57:14
3ac37967-e174-421a-bfeb-d02249fb1266,6,5,1,17,1,1769064827,2026-01-22 01:57:14
66dde703-0aca-11e7-82f6-3863bb44ef7c,27,19,8,2,1,1769064843,2026-01-22 01:57:14
ba7bf20d-b6bc-43dd-bf30-acb940eaeec8,1,1,0,14,1,1769064844,2026-01-22 01:57:14
186092d1-a431-45db-8198-d5ba13334d79,15,3,12,4,1,1769064844,2026-01-22 01:57:14
1828967499459705054,10,1,9,7,1,1769064841,2026-01-22 01:57:14
7c42f9fc-d280-4841-ad96-e3cc53ee3759,12,0,12,10,1,1769064841,2026-01-22 01:57:14
de97a7d0-fbb3-4c13-ba6a-2bbd441751fe,9,3,6,9,1,1769064841,2026-01-22 01:57:14
201edb67-d071-4b67-bafd-131e5c273e9f,15,2,13,3,1,1769064842,2026-01-22 01:57:14
1856767361963389606,19,2,17,0,1,1769064843,2026-01-22 01:57:14
081d243e-d75e-4e2a-bdae-a990b2397532,9,7,2,13,1,1769064843,2026-01-22 01:57:14
1846086562569586930,18,8,10,2,1,1769064843,2026-01-22 01:57:14
a7c09fde-76e8-4a56-b61d-8ca940432efd,2,2,0,20,1,1769064846,2026-01-22 01:57:14
1849010295160437584,17,9,8,0,1,1769064846,2026-01-22 01:57:14
c8197f4b-02b0-4cc3-96af-df5fec27a279,3,1,2,12,1,1769064846,2026-01-22 01:57:14
66db5d92-0aca-11e7-82f6-3863bb44ef7c,13,9,4,6,1,1769064846,2026-01-22 01:57:14
7b56cbab-9d93-4043-bfa5-63eb6b3e5281,12,4,8,5,1,1769064846,2026-01-22 01:57:14
66dd3cb4-0aca-11e7-82f6-3863bb44ef7c,21,1,20,11,1,1769064846,2026-01-22 01:57:14
66dbf362-0aca-11e7-82f6-3863bb44ef7c,27,7,20,15,1,1769064848,2026-01-22 01:57:14
66dd1eb2-0aca-11e7-82f6-3863bb44ef7c,26,11,15,4,1,1769064848,2026-01-22 01:57:14
d4c34830-972f-4cd1-81bb-071df209d065,5,3,2,12,1,1769064848,2026-01-22 01:57:14
66dc8382-0aca-11e7-82f6-3863bb44ef7c,6,3,3,71,1,1769064848,2026-01-22 01:57:14
2ec2f95c-675c-4c59-856f-1fb38df59fa2,0,0,0,18,1,1769064849,2026-01-22 01:57:14
c466f15e-715f-411e-904e-1a71fb574cdd,77,47,30,7,1,1769064849,2026-01-22 01:57:14
c6c10756-ef41-491a-8e6c-ee0aa27b8cbe,1,1,0,18,1,1769064879,2026-01-22 01:57:14
d7c12bf1-1ec8-496a-beca-90ba76c53241,4,1,3,13,1,1769064880,2026-01-22 01:57:14
66db3898-0aca-11e7-82f6-3863bb44ef7c,23,16,7,7,1,1769064880,2026-01-22 01:57:14
1875395639434791520,0,0,0,18,1,1769064884,2026-01-22 01:57:14
14391923-6727-4359-92e9-03e0b5094753,47,33,14,3,1,1769064884,2026-01-22 01:57:14
1890927910885612334,24,0,24,0,1,1769064884,2026-01-22 01:57:14
66dccc99-0aca-11e7-82f6-3863bb44ef7c,5,0,5,25,1,1769064884,2026-01-22 01:57:14
1838999304404452058,20,1,19,0,1,1769064884,2026-01-22 01:57:14
a82599ce-99ca-4670-8053-baada198034a,49,8,41,9,1,1769064884,2026-01-22 01:57:14
7e70b65e-00c1-40d5-984d-17232a4ee05e,25,13,12,20,1,1769064877,2026-01-22 01:57:14
f6143531-4a16-4aac-9b55-573ef7ef162e,9,3,6,11,1,1769064877,2026-01-22 01:57:14
1835246516012366338,4,1,3,16,1,1769064878,2026-01-22 01:57:14
272c0389-5e4a-41a9-ad6c-2dccdfa55af9,14,13,1,9,1,1769064882,2026-01-22 01:57:14
b7af52d2-fd23-4970-8513-be7c681480c4,48,33,15,6,1,1769064882,2026-01-22 01:57:14
1869754143518014264,24,4,20,13,1,1769064878,2026-01-22 01:57:14
2126624118513887578,11,7,4,3,1,1769064878,2026-01-22 01:57:14
324e55da-fec0-43a2-b622-27774381ab7f,4,2,2,13,1,1769064879,2026-01-22 01:57:14
89d4a926-f1ae-4bf2-bf2d-59cff3881579,60,14,46,13,1,1769064883,2026-01-22 01:57:14
06109e92-4363-445a-9743-0457f6799530,12,11,1,61,1,1769064883,2026-01-22 01:57:14
6fefe1b3-5f0d-47aa-b1dd-cec211239950,4,2,2,18,1,1769064883,2026-01-22 01:57:14
66dcf922-0aca-11e7-82f6-3863bb44ef7c,10,1,9,16,1,1769064883,2026-01-22 01:57:14
8d8a381c-21df-4095-837e-65924d85a06d,1,1,0,19,1,1769064881,2026-01-22 01:57:14
1879828885264130640,12,3,9,8,1,1769064880,2026-01-22 01:57:14
5a6218aa-c5b7-4436-93c1-dee7cb5322d9,11,3,8,13,1,1769064834,2026-01-22 01:57:14
16c54bf4-194b-4f26-9c49-a42901b4748d,10,7,3,12,1,1769064828,2026-01-22 01:57:14
5fdf435f-6080-4b1d-966c-3b9d08450c4d,12,1,11,5,1,1769064829,2026-01-22 01:57:14
3c5a8531-4eec-4695-b4f8-8a1158890e78,12,10,2,3,1,1769064835,2026-01-22 01:57:14
0f6fd186-656a-41b3-ba4a-456d22da177c,32,17,15,5,1,1769064828,2026-01-22 01:57:14
18b19467-28ac-4496-b3e4-f6028b1c5105,16,13,3,12,1,1769064831,2026-01-22 01:57:14
4bc6f4d0-edd5-4eb0-a704-f7ce0d693aac,0,0,0,21,1,1769064830,2026-01-22 01:57:14
70634bc4-4d90-42d4-8f6a-3f29fa8f7f77,0,0,0,33,1,1769064852,2026-01-22 01:57:14
b9b58379-b29a-4fa8-ba72-c647728e1686,15,11,4,3,1,1769064853,2026-01-22 01:57:14
89ff4db3-8a29-4565-a366-6fea4b3afc39,12,3,9,7,1,1769064860,2026-01-22 01:57:14
66ddf310-0aca-11e7-82f6-3863bb44ef7c,17,7,10,20,1,1769064861,2026-01-22 01:57:14
66dc4fb5-0aca-11e7-82f6-3863bb44ef7c,38,17,21,2,1,1769064860,2026-01-22 01:57:14
981f1311-004f-41c3-ba5b-3679f78aeb70,13,0,13,4,1,1769064858,2026-01-22 01:57:14
d7c56fef-1bf9-4315-85af-8638c534b402,25,22,3,12,1,1769064858,2026-01-22 01:57:14
36d80620-9774-487e-8eb0-cf5f18a39321,8,7,1,19,1,1769064858,2026-01-22 01:57:14
2126621627432855870,9,1,8,2,1,1769064858,2026-01-22 01:57:14
5b4a4b20-539b-47c1-9228-1f1f124b3ec9,12,2,10,9,1,1769064858,2026-01-22 01:57:14
3c73cc9f-3c09-4ac4-a4ea-22b4f027bf23,13,0,13,8,1,1769064858,2026-01-22 01:57:14
f8c1c90f-4ec0-44bd-b097-cfafc887744d,45,7,38,7,1,1769064858,2026-01-22 01:57:14
66db43b5-0aca-11e7-82f6-3863bb44ef7c,14,11,3,5,1,1769064859,2026-01-22 01:57:14
66dc176f-0aca-11e7-82f6-3863bb44ef7c,60,47,13,13,1,1769064859,2026-01-22 01:57:14
606c7384-75e9-4988-858a-07b88b3a9413,26,3,23,11,1,1769064859,2026-01-22 01:57:14
2126224876714496782,5,2,3,2,1,1769064860,2026-01-22 01:57:14
4e862dc1-0652-4f29-a26f-315d763df67d,15,13,2,40,1,1769064857,2026-01-22 01:57:14
74f913d2-6eac-49ce-bd6d-53a06fa855a6,12,8,4,8,1,1769064861,2026-01-22 01:57:14
66dcba5e-0aca-11e7-82f6-3863bb44ef7c,0,0,0,17,1,1769064861,2026-01-22 01:57:14
1849009794224623642,18,1,17,0,1,1769064861,2026-01-22 01:57:14
e3470e29-934c-41f1-8fe7-82135ed2d620,0,0,0,60,1,1769064888,2026-01-22 01:57:14
1848242143834868452,14,1,13,4,1,1769064889,2026-01-22 01:57:14
1857217349795049790,6,4,2,9,1,1769064889,2026-01-22 01:57:14
0b857ee5-3d10-4152-952e-95fbaf06677a,5,5,0,24,1,1769064890,2026-01-22 01:57:14
5a5a38d1-f28d-4e51-bf85-27bb384135c7,27,0,27,5,1,1769064885,2026-01-22 01:57:14
1835246381185208614,1,1,0,21,1,1769064886,2026-01-22 01:57:14
1848241879913802606,16,10,6,1,1,1769064886,2026-01-22 01:57:14
66de0dfd-0aca-11e7-82f6-3863bb44ef7c,14,14,0,23,1,1769064886,2026-01-22 01:57:14
46bdd925-fb6c-4654-85d8-e0db4da62abf,34,13,21,1,1,1769064886,2026-01-22 01:57:14
9b0c2c99-214f-4e15-b476-1626c03a9e4e,39,32,7,21,1,1769064887,2026-01-22 01:57:14
9d56294e-61fc-4176-bb9c-4692f45bb374,14,2,12,8,1,1769064884,2026-01-22 01:57:14
7a8bf573-275f-41d5-ad8b-1ff9ee7c2dce,9,0,9,15,1,1769064885,2026-01-22 01:57:14
2126623405008140358,6,5,1,4,1,1769064885,2026-01-22 01:57:14
914e3e7c-87da-4f52-aa03-5449c6361fa2,5,2,3,9,1,1769064890,2026-01-22 01:57:14
66db460d-0aca-11e7-82f6-3863bb44ef7c,29,2,27,0,1,1769064891,2026-01-22 01:57:14
c3b255d8-b690-4825-b1e9-a1d1680e5542,11,2,9,8,1,1769064890,2026-01-22 01:57:14
66db930d-0aca-11e7-82f6-3863bb44ef7c,18,7,11,7,1,1769064890,2026-01-22 01:57:14
1864605926072998676,4,3,1,14,1,1769064890,2026-01-22 01:57:14
32d3adc3-c3dd-4a97-a4db-95d467f3c3aa,2,2,0,27,1,1769064888,2026-01-22 01:57:14
8b830188-101e-44bf-a755-5e6c611e3edc,26,0,26,0,1,1769064888,2026-01-22 01:57:14
5864d88d-a0fd-40ad-beee-896118d9360d,16,0,16,3,1,1769064888,2026-01-22 01:57:14
3893eeef-06a8-47b1-95f2-a85454f7d5c9,4,0,4,16,1,1769064888,2026-01-22 01:57:14
1835250199411134468,8,2,6,13,1,1769064889,2026-01-22 01:57:14
66db728c-0aca-11e7-82f6-3863bb44ef7c,2,0,2,53,1,1769064891,2026-01-22 01:57:14
1869439170989701358,12,0,12,8,1,1769064891,2026-01-22 01:57:14
1880644037244334512,24,13,11,0,1,1769064892,2026-01-22 01:57:14
174bf571-e597-463d-84bc-611c4a13d85e,18,3,15,8,1,1769064892,2026-01-22 01:57:14
2163290511399492946,2,1,1,8,1,1769064895,2026-01-22 01:57:14
92ffa9d6-8cb1-44cf-8059-391b03d58071,0,0,0,26,1,1769064896,2026-01-22 01:57:14
0cb63737-64c9-42a9-9479-280d49ed015a,9,3,6,14,1,1769064896,2026-01-22 01:57:14
dfb8b9c8-3006-4b76-963a-95f7471dc0a8,16,5,11,3,1,1769064892,2026-01-22 01:57:14
4cfd4097-0aee-4f11-9aea-55f99397bf33,12,10,2,6,1,1769064892,2026-01-22 01:57:14
1882736243099681438,20,7,13,14,1,1769064892,2026-01-22 01:57:14
1828966490867110420,9,1,8,7,1,1769064892,2026-01-22 01:57:14
fffb18be-14b3-412f-a808-107a98cd9e58,1,1,0,17,1,1769064892,2026-01-22 01:57:14
3d6b7c84-7e5a-454d-aa9d-c66eb92383be,5,3,2,16,1,1769064892,2026-01-22 01:57:14
66dc11a7-0aca-11e7-82f6-3863bb44ef7c,75,60,15,8,1,1769064894,2026-01-22 01:57:14
2124037510131026812,21,14,7,0,1,1769064895,2026-01-22 01:57:14
2123939242997647892,8,1,7,6,1,1769064895,2026-01-22 01:57:14
1abd4668-ed6b-4930-8177-17239ae75a9e,3,2,1,16,1,1769064895,2026-01-22 01:57:14
8dfff4bd-0f3c-43af-bc55-a63850f66c6b,0,0,0,13,1,1769064896,2026-01-22 01:57:14
3575749f-123a-4a80-870d-7ca7c7f9c8a9,1,1,0,23,1,1769064897,2026-01-22 01:57:14
3edec530-4791-4872-8912-2a2397a903a4,32,16,16,37,1,1769064894,2026-01-22 01:57:14
8066575c-f8e9-4e14-95ea-8d25ceeae2ca,3,3,0,28,1,1769064893,2026-01-22 01:57:14
66dea8ff-0aca-11e7-82f6-3863bb44ef7c,17,8,9,17,1,1769064893,2026-01-22 01:57:14
1834145204469569922,11,1,10,8,1,1769064894,2026-01-22 01:57:14
66dde271-0aca-11e7-82f6-3863bb44ef7c,21,8,13,22,1,1769064894,2026-01-22 01:57:14
5b4a90b8-426d-4a40-a7ca-87e51d690883,7,7,0,30,1,1769064894,2026-01-22 01:57:14
fc5ee04d-710b-45ba-aae0-303b8e95ea89,7,1,6,12,1,1769064894,2026-01-22 01:57:14
f3525aa7-9d69-4ea2-9278-4df92db1afa1,16,10,6,2,1,1769064896,2026-01-22 01:57:14
61c82689-3f4c-495d-8f44-e71de8f04088,17,15,2,61,1,1769064896,2026-01-22 01:57:14
c829b6af-002b-4d04-af56-6924d4ad0aa2,12,2,10,14,1,1769064898,2026-01-22 01:57:14
a5bd1f58-7df8-4df6-9636-372f1bc194be,35,9,26,1,1,1769064897,2026-01-22 01:57:14
dee5a590-7cda-465e-8351-b0622a5e2ad3,10,4,6,7,1,1769064897,2026-01-22 01:57:14
66dd9b0f-0aca-11e7-82f6-3863bb44ef7c,19,15,4,19,1,1769064897,2026-01-22 01:57:14
b976906e-81c4-44c5-a160-e17815c0d47b,7,5,2,23,1,1769064897,2026-01-22 01:57:14
1817803079955479336,14,3,11,5,1,1769064898,2026-01-22 01:57:14
c36cfa58-29fe-4c0c-a14f-41c3463487fd,3,2,1,17,1,1769064898,2026-01-22 01:57:14
adb67652-c20d-4dd2-8e89-d6015b801c1a,0,0,0,17,1,1769064898,2026-01-22 01:57:14
f47c7f15-1c30-4199-a09f-134f0f0f684b,8,6,2,15,1,1769064898,2026-01-22 01:57:14
66de18d7-0aca-11e7-82f6-3863bb44ef7c,12,1,11,8,1,1769064898,2026-01-22 01:57:14
023127f2-a6e0-4fae-ba34-178acccb993e,3,2,1,17,1,1769064902,2026-01-22 01:57:14
c72970e7-7f1a-4671-bf55-fc34be7c9413,13,2,11,5,1,1769064902,2026-01-22 01:57:14
66dcc920-0aca-11e7-82f6-3863bb44ef7c,1,1,0,16,1,1769064903,2026-01-22 01:57:14
d29ea280-8b64-4a35-b12b-245525ae2a3a,11,7,4,41,1,1769064903,2026-01-22 01:57:14
b79bb851-130f-473d-83fc-f602aa0a4ca9,13,4,9,7,1,1769064902,2026-01-22 01:57:14
3d340fc5-8c86-4d5e-974d-ae28958e61e8,7,5,2,47,1,1769064903,2026-01-22 01:57:14
e63c8dac-ab44-48c8-83a0-92c53a00f12e,1,0,1,29,1,1769064900,2026-01-22 01:57:14
7af717b9-99ce-4cce-94b4-b445a40537a1,22,2,20,1,1,1769064900,2026-01-22 01:57:14
23539f3b-fb83-4f34-b8b8-9f1f37b5e646,11,1,10,24,1,1769064901,2026-01-22 01:57:14
0e405c35-322f-4705-8ea7-769eb3fd028a,8,3,5,9,1,1769064901,2026-01-22 01:57:14
b43ecf62-4c9d-4b06-ac9a-5837084f769f,1,1,0,20,1,1769064901,2026-01-22 01:57:14
941ea42c-47fe-4d63-a6f5-e0e200f01633,8,4,4,9,1,1769064901,2026-01-22 01:57:14
340036c3-2787-4998-9a77-fe54f352d619,10,8,2,8,1,1769064889,2026-01-22 01:57:14
1861682182353914188,12,2,10,6,1,1769064899,2026-01-22 01:57:14
28a2436d-a52b-4fa4-874c-e096012a926d,13,13,0,5,1,1769064899,2026-01-22 01:57:14
1861680383828308814,14,14,0,4,1,1769064900,2026-01-22 01:57:14
4aa6bb27-b76b-444e-a3ce-6fb25b822494,4,2,2,15,1,1769064899,2026-01-22 01:57:14
66dbf6d2-0aca-11e7-82f6-3863bb44ef7c,8,5,3,21,1,1769064898,2026-01-22 01:57:14
3e4a2c26-7527-469c-b4f4-1ef8d40fd20d,4,2,2,12,1,1769064899,2026-01-22 01:57:14
9206af28-03bf-43e3-a8b0-354792921466,9,2,7,11,1,1769064832,2026-01-22 01:57:14
66db28b5-0aca-11e7-82f6-3863bb44ef7c,64,7,57,10,1,1769064833,2026-01-22 01:57:14
66dc7d58-0aca-11e7-82f6-3863bb44ef7c,72,46,26,1,1,1769064833,2026-01-22 01:57:14
1dba415a-2c46-419e-838d-7e068b8d7d6f,9,1,8,10,1,1769064834,2026-01-22 01:57:14
1835247598942507168,3,0,3,15,1,1769064838,2026-01-22 01:57:14
66de4897-0aca-11e7-82f6-3863bb44ef7c,19,0,19,0,1,1769064839,2026-01-22 01:57:14
00284700-9d22-42ce-8485-113fed9879c1,15,11,4,3,1,1769064839,2026-01-22 01:57:14
398ebef6-dcc2-4305-b1d2-47efafdaa85c,0,0,0,20,1,1769064837,2026-01-22 01:57:14
66dd4423-0aca-11e7-82f6-3863bb44ef7c,24,24,0,19,1,1769064837,2026-01-22 01:57:14
971cddfa-695e-4b44-ba8b-26154ab4a83b,7,6,1,10,1,1769064837,2026-01-22 01:57:14
3b530cff-dd26-4cfd-b570-a85fd53354fe,27,7,20,16,1,1769064827,2026-01-22 01:57:14
6dec8948-44c7-4085-9682-446a891feb42,15,2,13,1,1,1769064834,2026-01-22 01:57:14
66de4b0b-0aca-11e7-82f6-3863bb44ef7c,26,1,25,6,1,1769064841,2026-01-22 01:57:14
1a92d2d3-ddf1-4f34-b28c-ce7a064b9a3e,13,6,7,7,1,1769064841,2026-01-22 01:57:14
06e5447e-35b8-45cb-b3bb-937791a6f8ae,13,1,12,8,1,1769064831,2026-01-22 01:57:14
66db281e-0aca-11e7-82f6-3863bb44ef7c,46,10,36,12,1,1769064831,2026-01-22 01:57:14
814dd1a9-100c-4b1b-8110-6319bbd464e9,18,13,5,2,1,1769064839,2026-01-22 01:57:14
ff1e98d3-ae7d-4c53-a531-1845bee1d346,4,4,0,32,1,1769064836,2026-01-22 01:57:14
66de1a1f-0aca-11e7-82f6-3863bb44ef7c,12,11,1,21,1,1769064836,2026-01-22 01:57:14
d9160982-2d9b-4f08-9469-a559a7b62809,10,8,2,76,1,1769064837,2026-01-22 01:57:14
1960021358478625244,20,14,6,55,1,1769064872,2026-01-22 01:57:14
ce700c09-6095-4b20-ab65-07defdd1a7d7,15,1,14,4,1,1769064872,2026-01-22 01:57:14
33af8810-cda5-4b61-9c38-0235f9d59aaa,18,0,18,10,1,1769064873,2026-01-22 01:57:14
82b97827-1801-4b7b-b3de-16447a8dd025,6,1,5,12,1,1769064872,2026-01-22 01:57:14
a68acb0c-4244-416a-bf59-ca55d3120cdd,18,12,6,3,1,1769064873,2026-01-22 01:57:14
66db9675-0aca-11e7-82f6-3863bb44ef7c,1,0,1,25,1,1769064873,2026-01-22 01:57:14
90fca941-2212-43bf-b104-ce32c4270d4d,0,0,0,19,1,1769064875,2026-01-22 01:57:14
00d3e65e-b614-4408-aaa9-939ed96ce645,40,34,6,13,1,1769064875,2026-01-22 01:57:14
66ddebce-0aca-11e7-82f6-3863bb44ef7c,27,20,7,1,1,1769064870,2026-01-22 01:57:14
454fe70c-1d53-4af2-a9ea-1d4bd9f59799,4,4,0,15,1,1769064871,2026-01-22 01:57:14
1828968082192898522,1,0,1,20,1,1769064871,2026-01-22 01:57:14
2124425954553309758,8,6,2,4,1,1769064876,2026-01-22 01:57:14
1835249197527877718,2,2,0,16,1,1769064870,2026-01-22 01:57:14
9be6c750-85b6-4e81-bace-1a8ffe941d7b,3,0,3,17,1,1769064875,2026-01-22 01:57:14
eab2749b-2f79-4797-a0a6-0579b27e6929,17,1,16,21,1,1769064870,2026-01-22 01:57:14
1960021056359127624,22,10,12,1,1,1769064870,2026-01-22 01:57:14
66db5f40-0aca-11e7-82f6-3863bb44ef7c,36,31,5,6,1,1769064910,2026-01-22 01:57:14
1861681959015615218,0,0,0,25,1,1769064911,2026-01-22 01:57:14
7e36cd9b-b271-42e5-b344-b7a3771c795e,9,5,4,35,1,1769064911,2026-01-22 01:57:14
af72781c-fe0b-4b73-a7df-201f9780ea9c,45,32,13,3,1,1769064911,2026-01-22 01:57:14
66db4417-0aca-11e7-82f6-3863bb44ef7c,52,38,14,2,1,1769064911,2026-01-22 01:57:14
66dc8d1d-0aca-11e7-82f6-3863bb44ef7c,13,7,6,44,1,1769064911,2026-01-22 01:57:14
822d96e8-fb6c-463a-b866-aec9e408ad5e,16,3,13,0,1,1769064911,2026-01-22 01:57:14
66dd1bf3-0aca-11e7-82f6-3863bb44ef7c,41,0,41,6,1,1769064911,2026-01-22 01:57:14
1792225684155730482,5,5,0,19,1,1769064912,2026-01-22 01:57:14
1860188331547447938,1,0,1,19,1,1769064911,2026-01-22 01:57:14
66dbbeda-0aca-11e7-82f6-3863bb44ef7c,8,2,6,68,1,1769064911,2026-01-22 01:57:14
66ddd545-0aca-11e7-82f6-3863bb44ef7c,42,39,3,40,1,1769064912,2026-01-22 01:57:14
66db3583-0aca-11e7-82f6-3863bb44ef7c,20,15,5,43,1,1769064912,2026-01-22 01:57:14
d7a7789b-a052-4a69-a4ec-59436b0f8d75,7,0,7,10,1,1769064912,2026-01-22 01:57:14
1856767555236917834,17,0,17,7,1,1769064915,2026-01-22 01:57:14
08bf2fe0-219d-48cd-87c5-6163b3a2eafd,14,11,3,10,1,1769064915,2026-01-22 01:57:14
ee70b21e-4a95-4bdf-802c-50f83a76971d,6,2,4,19,1,1769064915,2026-01-22 01:57:14
cb4926e6-0a79-4902-80ee-d365fbf42aec,1,1,0,21,1,1769064915,2026-01-22 01:57:14
f3f46097-54cf-4c30-805a-6b2a4851eed7,5,5,0,19,1,1769064915,2026-01-22 01:57:14
7c7cb750-6613-48a4-bfae-9240968f1fad,27,18,9,9,1,1769064915,2026-01-22 01:57:14
44a43ebf-cacf-4251-9ceb-e1c331ef1673,1,1,0,16,1,1769064916,2026-01-22 01:57:14
d5d2aebc-158c-43ec-9105-2a779d0245d8,2,2,0,16,1,1769064914,2026-01-22 01:57:14
1828966227118051662,17,4,13,2,1,1769064913,2026-01-22 01:57:14
66dbecd0-0aca-11e7-82f6-3863bb44ef7c,42,28,14,5,1,1769064914,2026-01-22 01:57:14
1828967208126648828,7,3,4,12,1,1769064914,2026-01-22 01:57:14
7b0227aa-bbf5-4731-a49a-765b4afac483,35,14,21,37,1,1769064914,2026-01-22 01:57:14
9eb98b3b-ea35-483f-91f6-d90c506152db,14,8,6,8,1,1769064913,2026-01-22 01:57:14
1fba77e2-66ab-4e9c-9f9a-4ec4f11fd80b,5,1,4,19,1,1769064913,2026-01-22 01:57:14
66dc89ae-0aca-11e7-82f6-3863bb44ef7c,14,11,3,24,1,1769064913,2026-01-22 01:57:14
014a931b-8e1c-438a-8a22-f267ddd1e0d2,35,9,26,5,1,1769064909,2026-01-22 01:57:14
1984510483573713186,23,10,13,37,1,1769064909,2026-01-22 01:57:14
66de077f-0aca-11e7-82f6-3863bb44ef7c,21,12,9,36,1,1769064909,2026-01-22 01:57:14
76c1ef9c-3984-4b4e-bff4-5c398e2395bd,13,12,1,10,1,1769064910,2026-01-22 01:57:14
bb58e953-4953-4fbe-9ef2-367488dfef9b,9,9,0,14,1,1769064912,2026-01-22 01:57:14
1d440638-ec50-4ccb-9a82-0e3247a87c63,36,17,19,2,1,1769064909,2026-01-22 01:57:14
66dc8025-0aca-11e7-82f6-3863bb44ef7c,63,59,4,16,1,1769064910,2026-01-22 01:57:14
66db3e32-0aca-11e7-82f6-3863bb44ef7c,9,2,7,33,1,1769064851,2026-01-22 01:57:14
66db72f1-0aca-11e7-82f6-3863bb44ef7c,43,16,27,3,1,1769064852,2026-01-22 01:57:14
13b82a41-c25b-428f-a07b-5f5d8340c6f2,3,1,2,15,1,1769064852,2026-01-22 01:57:14
2126965369631090816,8,3,5,7,1,1769064846,2026-01-22 01:57:14
7cd61426-ed98-434e-9235-56ed856fead6,9,4,5,12,1,1769064846,2026-01-22 01:57:14
fc774664-3c9b-4a8f-a79e-f6907db00a1d,16,8,8,16,1,1769064847,2026-01-22 01:57:14
f365afa3-e8a5-439d-975d-6c2b064f30df,0,0,0,27,1,1769064848,2026-01-22 01:57:14
5ffde991-1125-443e-bc97-6827b2b9c97b,17,6,11,8,1,1769064847,2026-01-22 01:57:14
fe6f022b-7fdb-44fe-80bb-cbfc500959bf,2,1,1,19,1,1769064854,2026-01-22 01:57:14
1862787688044743624,16,2,14,4,1,1769064855,2026-01-22 01:57:14
66dcc44a-0aca-11e7-82f6-3863bb44ef7c,9,6,3,8,1,1769064855,2026-01-22 01:57:14
8f3a6711-fd05-4ce1-acf8-9d72b4a1bf97,6,5,1,14,1,1769064851,2026-01-22 01:57:14
6ff2eec8-2b72-490a-b1c3-f9892ab3a724,17,13,4,29,1,1769064849,2026-01-22 01:57:14
66dcf30d-0aca-11e7-82f6-3863bb44ef7c,10,5,5,14,1,1769064849,2026-01-22 01:57:14
116dbc02-a3c1-4b65-9f73-2a09a2aa1379,42,8,34,35,1,1769064849,2026-01-22 01:57:14
e36b5913-8e46-4c2a-b9be-73bdf8ee548b,35,13,22,19,1,1769064850,2026-01-22 01:57:14
1817432346178415570,6,2,4,14,1,1769064850,2026-01-22 01:57:14
1828969634783171152,16,0,16,3,1,1769064854,2026-01-22 01:57:14
1967778612889039234,4,0,4,29,1,1769064866,2026-01-22 01:57:14
bcd3ee0f-21d7-4cc8-ac45-ccea48b6fc1b,8,5,3,14,1,1769064867,2026-01-22 01:57:14
2fe3e166-2d2f-41c8-b522-fdf8ee3ae16f,2,1,1,16,1,1769064867,2026-01-22 01:57:14
66dcb9f7-0aca-11e7-82f6-3863bb44ef7c,5,1,4,18,1,1769064867,2026-01-22 01:57:14
66dbefee-0aca-11e7-82f6-3863bb44ef7c,6,4,2,8,1,1769064867,2026-01-22 01:57:14
1815968345907104578,15,0,15,10,1,1769064868,2026-01-22 01:57:14
d5cb6e67-addb-46d4-93e7-832371736d45,23,3,20,8,1,1769064868,2026-01-22 01:57:14
5d101095-011e-4541-ae64-bed8b52807b3,7,6,1,14,1,1769064869,2026-01-22 01:57:14
66dd4356-0aca-11e7-82f6-3863bb44ef7c,17,13,4,25,1,1769064869,2026-01-22 01:57:14
36aaebb9-ef10-41a5-b20b-753bf8a3fed8,1,1,0,16,1,1769064861,2026-01-22 01:57:14
66dcecfa-0aca-11e7-82f6-3863bb44ef7c,15,10,5,13,1,1769064862,2026-01-22 01:57:14
3a51a25f-3e9b-4aea-84ee-39e9a3acc7fd,9,2,7,12,1,1769064862,2026-01-22 01:57:14
66ddef2d-0aca-11e7-82f6-3863bb44ef7c,7,0,7,13,1,1769064863,2026-01-22 01:57:14
66de0c43-0aca-11e7-82f6-3863bb44ef7c,24,2,22,2,1,1769064864,2026-01-22 01:57:14
11a8d465-b4eb-466b-a6ca-055f73994231,12,2,10,13,1,1769064864,2026-01-22 01:57:14
fcb1c3a3-04b6-45cf-bc9a-deb71198804e,1,0,1,16,1,1769064864,2026-01-22 01:57:14
1885440410432338078,0,0,0,21,1,1769064865,2026-01-22 01:57:14
66dd2292-0aca-11e7-82f6-3863bb44ef7c,0,0,0,44,1,1769064865,2026-01-22 01:57:14
8ea3301f-6940-4e0f-80f0-7a3e54b2eaa5,4,4,0,13,1,1769064863,2026-01-22 01:57:14
1851947582840610924,7,3,4,14,1,1769064866,2026-01-22 01:57:14
1963272613486484230,55,41,14,13,1,1769064866,2026-01-22 01:57:14
a7a175ff-8ffb-477c-a40b-6d47ce92305d,13,4,9,8,1,1769064863,2026-01-22 01:57:14
ab29ce96-c2e8-4929-b27b-e0fe4aae17d5,8,1,7,9,1,1769064867,2026-01-22 01:57:14
66dbcb2f-0aca-11e7-82f6-3863bb44ef7c,15,15,0,41,1,1769064868,2026-01-22 01:57:14
8ec47777-852d-4059-a5ea-12eef71a9606,36,5,31,0,1,1769064863,2026-01-22 01:57:14
bda1fab4-5065-42df-a8ff-514e6064ab6e,20,1,19,0,1,1769064863,2026-01-22 01:57:14
1786696780996714874,12,4,8,16,1,1769064865,2026-01-22 01:57:14
26599393-b967-44a6-a998-cb72ca53cd9e,0,0,0,20,1,1769064864,2026-01-22 01:57:14
1b962833-d769-418e-b1ef-5a183bb5eb1a,9,1,8,5,1,1769064865,2026-01-22 01:57:14
66dc7802-0aca-11e7-82f6-3863bb44ef7c,20,17,3,31,1,1769064865,2026-01-22 01:57:14
66db3816-0aca-11e7-82f6-3863bb44ef7c,36,11,25,8,1,1769064865,2026-01-22 01:57:14
b4ae292d-5e89-4c58-8154-0496893394b5,0,0,0,22,1,1769064903,2026-01-22 01:57:14
2025623258130320038,16,1,14,17,1,1769064903,2026-01-22 01:57:14
66dc210e-0aca-11e7-82f6-3863bb44ef7c,7,7,0,25,1,1769064903,2026-01-22 01:57:14
0e3dedfb-df10-4900-a67b-95349a81bc5c,23,1,22,1,1,1769064903,2026-01-22 01:57:14
1828968327357059242,6,4,2,15,1,1769064904,2026-01-22 01:57:14
c1e24edf-7192-433f-8d38-be5b6b3647c5,1,1,0,26,1,1769064908,2026-01-22 01:57:14
49f86083-851b-475d-b9ab-64e01b81f725,6,4,2,16,1,1769064908,2026-01-22 01:57:14
66dcc3e5-0aca-11e7-82f6-3863bb44ef7c,0,0,0,21,1,1769064909,2026-01-22 01:57:14
99b7c9a5-9679-417f-b884-21c4b240aa99,10,4,6,8,1,1769064906,2026-01-22 01:57:14
66dc7e75-0aca-11e7-82f6-3863bb44ef7c,9,4,5,60,1,1769064906,2026-01-22 01:57:14
66dde7dc-0aca-11e7-82f6-3863bb44ef7c,5,3,2,14,1,1769064905,2026-01-22 01:57:14
66dce660-0aca-11e7-82f6-3863bb44ef7c,9,5,4,15,1,1769064905,2026-01-22 01:57:14
1845676917264180046,7,0,7,10,1,1769064905,2026-01-22 01:57:14
1835249448692130546,4,2,2,16,1,1769064905,2026-01-22 01:57:14
3d835eaa-a102-42c5-b6c0-2c693b1d0677,46,43,3,10,1,1769064906,2026-01-22 01:57:14
1861683217585879154,26,9,17,19,1,1769064907,2026-01-22 01:57:14
034f7f3d-e632-475a-aa01-894480d153df,6,3,3,12,1,1769064908,2026-01-22 01:57:14
b5861c2d-d687-4308-bf2d-5f69fc28cc4a,15,0,15,8,1,1769064908,2026-01-22 01:57:14
0efa08a3-1c38-48fe-ab37-8c9b72b20126,12,4,8,6,1,1769064908,2026-01-22 01:57:14
4fb1ee23-4511-47c4-8698-0c46673dc86c,0,0,0,19,1,1769064904,2026-01-22 01:57:14
a4c9faeb-2234-457d-ad56-1ab14104b538,0,0,0,19,1,1769064904,2026-01-22 01:57:14
566935d6-4d66-4b42-9822-f2a816e357b9,17,10,7,7,1,1769064904,2026-01-22 01:57:14
05d03a63-b5f2-40d9-9a3d-d2fe666a307f,7,0,7,17,1,1769064904,2026-01-22 01:57:14
1808184356986544410,16,5,11,14,1,1769064904,2026-01-22 01:57:14
1786686999403592506,25,20,5,4,1,1769064904,2026-01-22 01:57:14
e0a9ed84-55f9-40f5-90fa-87db17d2f933,11,1,10,7,1,1769064909,2026-01-22 01:57:14
66db3fc9-0aca-11e7-82f6-3863bb44ef7c,33,19,14,10,1,1769064909,2026-01-22 01:57:14
72719900-dd61-40bd-9f4a-40d70c47590c,6,0,6,21,1,1769064909,2026-01-22 01:57:14
298d4e45-c6d2-45f1-a07a-11606026a6e4,5,3,2,11,1,1769064916,2026-01-22 01:57:14
60c5a043-1367-4a27-96ee-394ba60e2154,20,15,5,8,1,1769064916,2026-01-22 01:57:14
66dbeb1b-0aca-11e7-82f6-3863bb44ef7c,29,25,4,13,1,1769064916,2026-01-22 01:57:14
1857515306802639416,19,1,18,4,1,1769064916,2026-01-22 01:57:14
0258da92-f770-4acc-b20b-91b78aff791e,16,2,14,4,1,1769064916,2026-01-22 01:57:14
66dc42a0-0aca-11e7-82f6-3863bb44ef7c,24,24,0,2,1,1769064916,2026-01-22 01:57:14
49703a2d-15e9-4af4-b80e-cca664d7ea18,9,3,6,10,1,1769064916,2026-01-22 01:57:14
676b7b4d-b1c0-4c97-8ac3-5fe665e51108,3,2,0,21,1,1769064916,2026-01-22 01:57:14
66dbc7d2-0aca-11e7-82f6-3863bb44ef7c,15,9,6,16,1,1769064917,2026-01-22 01:57:14
6cb5fac5-f7e8-4ec9-94cf-816771d91ecd,19,0,19,9,1,1769064917,2026-01-22 01:57:14
66de14af-0aca-11e7-82f6-3863bb44ef7c,19,4,15,15,1,1769064917,2026-01-22 01:57:14
1846085836152179090,5,0,5,16,1,1769064917,2026-01-22 01:57:14
66ddbdb1-0aca-11e7-82f6-3863bb44ef7c,4,0,4,19,1,1769064918,2026-01-22 01:57:14
66dca5f3-0aca-11e7-82f6-3863bb44ef7c,7,3,4,39,1,1769064918,2026-01-22 01:57:14
8c6cba48-d803-4a90-99f7-e06edcdbbf92,15,7,8,8,1,1769064918,2026-01-22 01:57:14
66dc462a-0aca-11e7-82f6-3863bb44ef7c,75,57,18,2,1,1769064918,2026-01-22 01:57:14
c7dbc7b5-240b-494d-8663-dbee4103a20c,10,1,9,9,1,1769064918,2026-01-22 01:57:14
1814907277023901890,20,2,18,1,1,1769064918,2026-01-22 01:57:14
2123938400844950144,3,0,3,13,1,1769064919,2026-01-22 01:57:14
66dc0f1b-0aca-11e7-82f6-3863bb44ef7c,65,51,14,3,1,1769064919,2026-01-22 01:57:14
266c8621-fdea-4a7e-9d35-18ca1684d526,8,5,3,13,1,1769064919,2026-01-22 01:57:14
2527619f-ef89-425c-bf3b-60cc0ec519bf,14,2,12,41,1,1769064919,2026-01-22 01:57:14
1913988158376585970,23,8,15,4,1,1769064919,2026-01-22 01:57:14
66ddda59-0aca-11e7-82f6-3863bb44ef7c,0,0,0,10,0,1769002745,2026-01-22 01:57:14
66dd5960-0aca-11e7-82f6-3863bb44ef7c,0,0,0,17,0,1768981537,2026-01-22 01:57:14
2116635993049651742,3,0,3,9,1,1769064741,2026-01-22 01:57:14
4a48175b-c239-4d5e-b1b8-03eda4239678,23,2,21,7,1,1769064813,2026-01-22 01:57:14
e163ce54-4c39-43c5-9831-e10a2603527d,17,2,15,4,1,1769064814,2026-01-22 01:57:14
66dd8479-0aca-11e7-82f6-3863bb44ef7c,11,1,10,11,1,1769064845,2026-01-22 01:57:14
681a8bdb-65ff-4078-a5de-74927502da4e,17,10,7,1,1,1769064852,2026-01-22 01:57:14
6107e75a-2493-4e3d-a3e0-d4886d3416e5,13,2,11,0,1,1769064861,2026-01-22 01:57:14
2de92329-48d0-4cf7-85df-172f91bbb320,10,10,0,19,1,1769064874,2026-01-22 01:57:14
7478be11-37d8-49b1-a253-f0810045f6ff,0,0,0,2,0,1769031918,2026-01-22 01:57:14
f417d8da-0f15-49b0-9e3c-3c3e55c2691d,19,8,11,3,1,1769064877,2026-01-22 01:57:14
d09709d2-e119-48c4-aa22-29432a13a35a,0,0,0,6,0,1769013015,2026-01-22 01:57:14
2116636101124803154,10,0,10,4,1,1769064814,2026-01-22 01:57:14
537a2f47-26a3-4776-ba9d-e2acd2ffbee1,0,0,0,8,1,1769064793,2026-01-22 01:57:14
66dd5e69-0aca-11e7-82f6-3863bb44ef7c,0,0,0,9,0,1769049974,2026-01-22 01:57:14
3d1db3fa-1df5-46c8-baf3-619b729f5bda,9,2,7,8,1,1769064900,2026-01-22 01:57:14
2108372562172578194,16,15,1,2,1,1769064896,2026-01-22 01:57:14
1839334257267825432,0,0,0,13,1,1769064918,2026-01-22 01:57:14
66dd6721-0aca-11e7-82f6-3863bb44ef7c,4,0,4,14,1,1769064914,2026-01-22 01:57:14
2116635307734817684,4,2,2,11,1,1769064919,2026-01-22 01:57:14
3742e2ab-6cd0-40cf-846a-72cbe637afe1,0,0,0,0,0,1769009407,2026-01-22 01:57:14
c32d6965-4fae-4f1f-a5f2-7f2ef5f439fc,20,5,15,0,1,1769064808,2026-01-22 01:57:14
43318169-d1ae-4a1a-9578-23cfa3fdbac9,0,0,0,21,1,1769064841,2026-01-22 01:57:14
915057d4-edbc-4c73-8d81-dda33d600d58,14,8,6,4,1,1769064853,2026-01-22 01:57:14
2108372790290481846,3,3,0,11,1,1769064790,2026-01-22 01:57:14
66dd83fc-0aca-11e7-82f6-3863bb44ef7c,13,1,12,9,1,1769064822,2026-01-22 01:57:14
0bb12c94-efdb-40ac-98fe-9521ba373b57,0,0,0,30,1,1769064834,2026-01-22 01:57:14
66ddde40-0aca-11e7-82f6-3863bb44ef7c,12,4,8,5,1,1769064844,2026-01-22 01:57:14
66ddded0-0aca-11e7-82f6-3863bb44ef7c,9,7,2,4,1,1769064844,2026-01-22 01:57:14
66dd650d-0aca-11e7-82f6-3863bb44ef7c,6,5,1,8,1,1769064857,2026-01-22 01:57:14
66dddc98-0aca-11e7-82f6-3863bb44ef7c,12,8,4,13,1,1769064867,2026-01-22 01:57:14
66dd7cab-0aca-11e7-82f6-3863bb44ef7c,14,10,4,12,1,1769064878,2026-01-22 01:57:14
66dd8043-0aca-11e7-82f6-3863bb44ef7c,8,8,0,8,1,1769064883,2026-01-22 01:57:14
21c4a77d-b1ae-4262-b143-087fd14a07b8,12,3,9,4,1,1769064881,2026-01-22 01:57:14
a59f4f11-5d52-43a2-8a32-ae71137a6af8,0,0,0,6,0,1768903723,2026-01-22 01:57:14
2036428272250118978,15,11,4,5,1,1769064888,2026-01-22 01:57:14
f841ae52-0bbb-49db-b6eb-f898fbce6108,3,1,2,14,1,1769064886,2026-01-22 01:57:14
66dd836d-0aca-11e7-82f6-3863bb44ef7c,9,3,6,13,1,1769064907,2026-01-22 01:57:14
e2c00264-9eea-446d-a1b7-27cef3aed403,12,7,5,1,1,1769064905,2026-01-22 01:57:14
66dddae7-0aca-11e7-82f6-3863bb44ef7c,2,0,2,16,1,1769064908,2026-01-22 01:57:14
ded4386f-9f69-43c6-a566-4511920c3e39,16,9,7,6,1,1769064911,2026-01-22 01:57:14
66dd9183-0aca-11e7-82f6-3863bb44ef7c,12,9,3,1,1,1769064912,2026-01-22 01:57:14
823c0615-2832-4e76-85f0-7cf527151aba,0,0,0,0,0,86400,2026-01-22 01:57:14
5f798c51-5d8b-4add-9f81-341f54a82ffa,18,8,10,1,1,1769064821,2026-01-22 01:57:14
66dd630c-0aca-11e7-82f6-3863bb44ef7c,17,11,6,1,1,1769064832,2026-01-22 01:57:14
1849747691035224144,10,3,7,4,1,1769064840,2026-01-22 01:57:14
dd8b2f53-8b94-4082-9576-994a4962f9d5,0,0,0,17,1,1769064841,2026-01-22 01:57:14
66dd7f10-0aca-11e7-82f6-3863bb44ef7c,7,4,3,19,1,1769064837,2026-01-22 01:57:14
66dd63de-0aca-11e7-82f6-3863bb44ef7c,13,10,3,4,1,1769064854,2026-01-22 01:57:14
33a797e8-6be2-4868-b9f6-1be157eaa0a5,1,0,1,18,1,1769064854,2026-01-22 01:57:14
ccfa1f8f-f930-45f2-9cda-375c01596ca2,2,2,0,16,1,1769064861,2026-01-22 01:57:14
655b0878-c22b-4f8c-8675-21bf30d1eebf,8,0,8,6,1,1769064857,2026-01-22 01:57:14
1ec24ce3-2b69-4f3a-a153-c73e583d11f3,2,2,0,16,1,1769064865,2026-01-22 01:57:14
2116635868495600156,3,1,2,11,1,1769064866,2026-01-22 01:57:14
fadf00cf-d84a-49e8-9607-c67154915412,20,11,9,5,1,1769064863,2026-01-22 01:57:14
22cd02a2-228f-4eeb-b249-cbea51a0e219,7,1,6,11,1,1769064875,2026-01-22 01:57:14
66ddd78e-0aca-11e7-82f6-3863bb44ef7c,11,9,2,1,1,1769064880,2026-01-22 01:57:14
66dd5f99-0aca-11e7-82f6-3863bb44ef7c,0,0,0,3,0,1768987808,2026-01-22 01:57:14
2116635417524034072,7,6,1,8,1,1769064894,2026-01-22 01:57:14
66dd58f2-0aca-11e7-82f6-3863bb44ef7c,6,1,5,7,1,1769064898,2026-01-22 01:57:14
2157737368545384190,2,2,0,14,1,1769064897,2026-01-22 01:57:14
2108373096850688302,2,2,0,12,1,1769064907,2026-01-22 01:57:14
2290031f-e7d8-40a3-9ad6-566df493bbbc,2,0,2,39,1,1769064909,2026-01-22 01:57:14
2058728861810389252,0,0,0,16,0,1768997527,2026-01-22 01:57:14
2116635185595800086,10,7,3,5,1,1769064917,2026-01-22 01:57:14
2108372139456801688,16,7,9,2,1,1769064919,2026-01-22 01:57:14
8ae0bf30-9979-461e-a947-2dd89f293b40,5,0,5,8,1,1769064920,2026-01-22 01:57:14
2108373197827738014,12,5,7,9,1,1769064874,2026-01-22 01:57:14
1844599666569400604,0,0,0,23,1,1769064887,2026-01-22 01:57:14
2116885281736356212,6,2,4,7,1,1769064893,2026-01-22 01:57:14
66dd6441-0aca-11e7-82f6-3863bb44ef7c,5,1,4,9,1,1769064895,2026-01-22 01:57:14
2108372029596633484,3,0,3,9,1,1769064872,2026-01-22 01:57:14
66dd6000-0aca-11e7-82f6-3863bb44ef7c,16,15,1,6,1,1769064869,2026-01-22 01:57:14
2165507807810224012,0,0,0,11,1,1769064882,2026-01-22 01:57:14
3371df76-39db-43ab-b3d6-fac0be55311f,10,6,4,4,1,1769064807,2026-01-22 01:57:14
66dd7b37-0aca-11e7-82f6-3863bb44ef7c,16,13,3,8,1,1769064830,2026-01-22 01:57:14
66dd8b48-0aca-11e7-82f6-3863bb44ef7c,15,11,4,3,1,1769064850,2026-01-22 01:57:14
66ddd81a-0aca-11e7-82f6-3863bb44ef7c,13,6,7,1,1,1769064801,2026-01-22 01:57:14
66dddf5f-0aca-11e7-82f6-3863bb44ef7c,4,4,0,9,1,1769064838,2026-01-22 01:57:14
4aecd6f2-8a84-4bed-a528-dc6870877292,0,0,0,18,1,1769064846,2026-01-22 01:57:14
66dd80ac-0aca-11e7-82f6-3863bb44ef7c,9,0,9,12,1,1769064903,2026-01-22 01:57:14
66dd7fe2-0aca-11e7-82f6-3863bb44ef7c,13,4,9,8,1,1769064811,2026-01-22 01:57:14
2158919319277979600,7,4,3,7,1,1769064913,2026-01-22 01:57:14
2157736614125310040,6,4,2,10,1,1769064915,2026-01-22 01:57:14
66dddc08-0aca-11e7-82f6-3863bb44ef7c,0,0,0,1,0,1768955549,2026-01-22 01:57:14
b6a13f2b-deb4-4f4d-9d67-7d23bee27c88,7,1,6,7,1,1769064822,2026-01-22 01:57:14
581211b2-4e42-48f2-8a8f-5f968cb1c5df,0,0,0,30,1,1769064846,2026-01-22 01:57:14
46813ecf-8df4-4c8f-9579-0179e0b36ba6,9,6,3,7,1,1769064848,2026-01-22 01:57:14
66dd5f24-0aca-11e7-82f6-3863bb44ef7c,4,2,2,18,1,1769064849,2026-01-22 01:57:14
2108372356498784942,6,1,5,4,1,1769064879,2026-01-22 01:57:14
2116634708854430228,9,1,8,9,1,1769064882,2026-01-22 01:57:14
2116635527663355916,1,1,0,10,1,1769064835,2026-01-22 01:57:14
5aa81a37-ea1d-4bf6-ab40-4751c6b4fb08,14,13,1,2,1,1769064832,2026-01-22 01:57:14
66ddd93e-0aca-11e7-82f6-3863bb44ef7c,7,3,4,7,1,1769064859,2026-01-22 01:57:14
bd6f422b-d7ae-4d7e-9261-653fdd8e6888,22,14,8,3,1,1769064885,2026-01-22 01:57:14
66ddd8a8-0aca-11e7-82f6-3863bb44ef7c,12,11,1,2,1,1769064888,2026-01-22 01:57:14
cbc48689-7805-49dd-9669-5471f4b7b6fb,0,0,0,21,1,1769064895,2026-01-22 01:57:14
66dd5a42-0aca-11e7-82f6-3863bb44ef7c,13,12,1,9,1,1769064901,2026-01-22 01:57:14
2108372903577159978,4,4,0,10,1,1769064912,2026-01-22 01:57:14
2088688422524183306,0,0,0,39,1,1769064915,2026-01-22 01:57:14
66ddddb4-0aca-11e7-82f6-3863bb44ef7c,10,8,2,4,1,1769064914,2026-01-22 01:57:14
66dddd28-0aca-11e7-82f6-3863bb44ef7c,8,6,2,6,1,1769064847,2026-01-22 01:57:14
519824e4-69ba-4270-a395-17c204f328f8,6,1,5,15,1,1769064854,2026-01-22 01:57:14
9d344652-976b-4c2d-bede-2ef19b0fbf13,15,4,11,3,1,1769064854,2026-01-22 01:57:14
2116636221383887448,15,0,15,3,1,1769064852,2026-01-22 01:57:14
5faf99b8-9046-450f-9d2a-d13279b3d016,13,5,8,18,1,1769064916,2026-01-22 01:57:14
2108373961268485100,5,1,4,9,1,1769064919,2026-01-22 01:57:14
