station_id,num_bikes,num_ebikes,num_classics,num_docks,status,last_reported,timestamp
41495491-5d89-4e14-aab9-c3db04aad399,0,0,0,0,0,86400,2026-02-02 00:25:24
1905837242740508940,0,0,0,0,0,86400,2026-02-02 00:25:24
b9720921-8170-43ea-a5ae-b61b9161eb49,0,0,0,0,0,86400,2026-02-02 00:25:24
2171903488884523500,0,0,0,0,0,86400,2026-02-02 00:25:24
2171903608969565866,0,0,0,0,0,86400,2026-02-02 00:25:24
2171904223419888148,0,0,0,0,0,86400,2026-02-02 00:25:24
2177014969129222184,0,0,0,0,0,86400,2026-02-02 00:25:24
2177016530523622712,0,0,0,0,0,86400,2026-02-02 00:25:24
2177016940364559212,0,0,0,0,0,86400,2026-02-02 00:25:24
66dde76a-0aca-11e7-82f6-3863bb44ef7c,0,0,0,24,1,1770009737,2026-02-02 00:25:24
66de1ea2-0aca-11e7-82f6-3863bb44ef7c,6,1,5,8,1,1770009737,2026-02-02 00:25:24
66dc3ab9-0aca-11e7-82f6-3863bb44ef7c,31,28,3,28,1,1770009738,2026-02-02 00:25:24
2c8b263e-952c-4941-a671-ef0ebb062632,21,3,18,0,1,1770009738,2026-02-02 00:25:24
6cd10426-b4e9-40e1-9b35-61f609190ac0,30,14,16,2,1,1770009739,2026-02-02 00:25:24
f3140fb8-347b-4dca-96df-eeef2d1bfc50,5,0,5,9,1,1770009739,2026-02-02 00:25:24
f5393bc2-36d4-4508-bf51-fa48d121f751,10,3,7,11,1,1770009741,2026-02-02 00:25:24
66dd4ccc-0aca-11e7-82f6-3863bb44ef7c,0,0,0,46,1,1770009741,2026-02-02 00:25:24
66dcc0b2-0aca-11e7-82f6-3863bb44ef7c,1,1,0,21,1,1770009741,2026-02-02 00:25:24
00967b8f-1a4d-4131-a65a-17fa8ca89e28,0,0,0,16,1,1770009743,2026-02-02 00:25:24
528ed1e0-75aa-45be-8afe-c3f1c950782f,3,0,3,13,1,1770009744,2026-02-02 00:25:24
581bc4fe-cf14-4767-8377-6fa156ff8a29,3,0,3,16,1,1770009744,2026-02-02 00:25:24
66de85d2-0aca-11e7-82f6-3863bb44ef7c,3,1,2,39,1,1770009744,2026-02-02 00:25:24
66dde4ef-0aca-11e7-82f6-3863bb44ef7c,3,0,3,18,1,1770009744,2026-02-02 00:25:24
66dd1c7f-0aca-11e7-82f6-3863bb44ef7c,9,0,9,36,1,1770009744,2026-02-02 00:25:24
66dea7b5-0aca-11e7-82f6-3863bb44ef7c,5,1,4,32,1,1770009744,2026-02-02 00:25:24
42c3bb6e-0478-4e4a-af10-151f5f4dffb9,17,2,15,1,1,1770009744,2026-02-02 00:25:24
1986707977001495180,6,0,6,12,1,1770009743,2026-02-02 00:25:24
0687075b-cf2d-4130-a859-fe841aafbd3f,12,0,12,6,1,1770009743,2026-02-02 00:25:24
66dbcbbc-0aca-11e7-82f6-3863bb44ef7c,36,3,33,25,1,1770009740,2026-02-02 00:25:24
2171919049376995084,2,1,1,25,1,1770009745,2026-02-02 00:25:24
62b97c1e-9d06-4c5e-b9c3-d76099e37fe4,1,1,0,19,1,1770009748,2026-02-02 00:25:24
1828965347681089818,14,1,13,2,1,1770009748,2026-02-02 00:25:24
ef6216aa-d3c8-46bb-8c6b-b62f8ba51b16,3,0,3,14,1,1770009746,2026-02-02 00:25:24
66dd26f9-0aca-11e7-82f6-3863bb44ef7c,27,10,17,5,1,1770009746,2026-02-02 00:25:24
d265dbc7-ef55-4f5b-8a2b-f2015dc71fb8,10,0,10,9,1,1770009746,2026-02-02 00:25:24
1786698974100683436,20,4,15,13,1,1770009747,2026-02-02 00:25:24
66de25bd-0aca-11e7-82f6-3863bb44ef7c,71,0,71,3,1,1770009747,2026-02-02 00:25:24
1822663031356509142,11,1,10,6,1,1770009748,2026-02-02 00:25:24
ba33c334-e17d-4478-ae3c-9c2f4dbfbb51,0,0,0,16,1,1770009745,2026-02-02 00:25:24
2104286315955915532,4,2,2,59,1,1770009749,2026-02-02 00:25:24
cf1a96a7-f695-4ba2-bcf2-899552e21e47,4,1,3,10,1,1770009750,2026-02-02 00:25:24
74723006-b32f-4590-8cc7-f15eec3808fe,3,0,3,25,1,1770009750,2026-02-02 00:25:24
66de0d91-0aca-11e7-82f6-3863bb44ef7c,23,0,23,2,1,1770009750,2026-02-02 00:25:24
2100948436010992354,7,5,2,5,1,1770009751,2026-02-02 00:25:24
517409d3-a94a-4140-a6de-ff0de9221ed2,1,1,0,20,1,1770009751,2026-02-02 00:25:24
1960019951675478680,7,4,3,18,1,1770009752,2026-02-02 00:25:24
eb217a2c-1dd0-4690-a34e-ecc1a708f883,0,0,0,19,1,1770009752,2026-02-02 00:25:24
1786700154621508184,7,2,5,18,1,1770009752,2026-02-02 00:25:24
1869743938848725856,36,30,6,48,1,1770009752,2026-02-02 00:25:24
e35c42c6-8b73-4528-b08d-c94b75624b40,10,0,10,8,1,1770009753,2026-02-02 00:25:24
38af3d1a-9916-46cf-b22e-86fc8648bf30,9,0,9,8,1,1770009749,2026-02-02 00:25:24
66de677e-0aca-11e7-82f6-3863bb44ef7c,11,1,10,13,1,1770009749,2026-02-02 00:25:24
77e31650-e86a-4b06-b2de-b92df2a7a7f5,25,2,23,1,1,1770009749,2026-02-02 00:25:24
0138452a-b9f4-4aee-80b0-7fae9a122ffe,3,2,1,33,1,1770009749,2026-02-02 00:25:24
1849010133527040242,4,0,4,11,1,1770009758,2026-02-02 00:25:24
66dc2995-0aca-11e7-82f6-3863bb44ef7c,14,4,10,26,1,1770009759,2026-02-02 00:25:24
1840504138040045682,10,3,7,6,1,1770009759,2026-02-02 00:25:24
54df610f-0e47-4958-98ca-37bb1b1c4dca,1,1,0,22,1,1770009753,2026-02-02 00:25:24
84a7baff-415b-4ab9-a859-74c2801483ce,9,2,7,5,1,1770009754,2026-02-02 00:25:24
66de71af-0aca-11e7-82f6-3863bb44ef7c,26,2,24,2,1,1770009755,2026-02-02 00:25:24
b96507c5-7c90-499d-9c45-58f25d6f636a,0,0,0,17,1,1770009756,2026-02-02 00:25:24
c4e9905f-457b-4be0-a878-2aa53fa0b09b,15,1,14,1,1,1770009756,2026-02-02 00:25:24
4f814d78-5d8d-458b-877e-2ca449b865be,3,3,0,19,1,1770009757,2026-02-02 00:25:24
1859808514684217788,0,0,0,19,1,1770009756,2026-02-02 00:25:24
1898751402035634700,13,3,10,6,1,1770009756,2026-02-02 00:25:24
2ebbe93b-a013-464a-b4a5-0eba96f89676,3,2,1,15,1,1770009756,2026-02-02 00:25:24
66de17f7-0aca-11e7-82f6-3863bb44ef7c,1,0,0,31,0,1770008362,2026-02-02 00:25:24
66db447a-0aca-11e7-82f6-3863bb44ef7c,0,0,0,1,0,1769937829,2026-02-02 00:25:24
7dda8844-60ba-4449-b05c-54c1d14ab5fb,0,0,0,4,0,1769972684,2026-02-02 00:25:24
8a89684b-40a5-49fe-b75d-fdf32ffa8102,1,0,0,0,0,1769935175,2026-02-02 00:25:24
96e72113-3681-4d19-88bb-032e76720093,0,0,0,5,0,1769920362,2026-02-02 00:25:24
2124426307973079924,1,0,1,9,1,1770009625,2026-02-02 00:25:24
66dc1d80-0aca-11e7-82f6-3863bb44ef7c,0,0,0,21,0,1769937657,2026-02-02 00:25:24
493e046c-5d62-4772-90c4-b6a9f4afcd39,0,0,0,9,0,1769903695,2026-02-02 00:25:24
62f8f806-bd04-4282-9c5d-ad4293644e3c,0,0,0,10,0,1769946126,2026-02-02 00:25:24
0f45bcf6-7028-4584-a51e-4129847dbebc,0,0,0,3,0,1769981603,2026-02-02 00:25:24
2124036103510616644,2,1,1,8,1,1770009646,2026-02-02 00:25:24
66db3687-0aca-11e7-82f6-3863bb44ef7c,0,0,0,16,0,1769924869,2026-02-02 00:25:24
66dd9fa6-0aca-11e7-82f6-3863bb44ef7c,1,0,0,45,0,1770007133,2026-02-02 00:25:24
16e70b05-5b73-4930-9dcf-f79e5ce9eaf5,17,0,17,4,1,1770009773,2026-02-02 00:25:24
bc9c9006-3d40-400d-8b5c-17f56e6dfcee,0,0,0,25,1,1770009763,2026-02-02 00:25:24
b371c432-b682-412f-9b85-8df84ce7a9f3,6,1,5,13,1,1770009763,2026-02-02 00:25:24
1975518133370609774,76,64,12,14,1,1770009764,2026-02-02 00:25:24
525535e3-dde3-47b4-9c2e-0174eaa4f2bb,11,2,9,0,1,1770009764,2026-02-02 00:25:24
1817432434869846072,11,1,10,7,1,1770009765,2026-02-02 00:25:24
59df3823-0369-4a10-8132-05df34a170af,12,0,12,22,1,1770009774,2026-02-02 00:25:24
545a32d3-b74c-4dc2-b82c-a6d185dd4666,0,0,0,17,1,1770009774,2026-02-02 00:25:24
66de2199-0aca-11e7-82f6-3863bb44ef7c,11,3,8,14,1,1770009774,2026-02-02 00:25:24
66db6963-0aca-11e7-82f6-3863bb44ef7c,47,13,34,17,1,1770009776,2026-02-02 00:25:24
66dc3e89-0aca-11e7-82f6-3863bb44ef7c,8,5,3,54,1,1770009778,2026-02-02 00:25:24
66dbe15d-0aca-11e7-82f6-3863bb44ef7c,3,1,2,23,1,1770009777,2026-02-02 00:25:24
63a838a8-9acf-4ba1-91f5-c676f6ef2f7d,11,0,11,7,1,1770009777,2026-02-02 00:25:24
64f0f28c-bedc-42d5-b107-ecdd48fc30cd,12,2,10,78,1,1770009777,2026-02-02 00:25:24
6fd61eee-d0ef-4580-9704-bd06b82bcb61,1,0,1,28,1,1770009775,2026-02-02 00:25:24
1826348248869574940,7,0,7,20,1,1770009774,2026-02-02 00:25:24
1828967979464708718,0,0,0,19,1,1770009775,2026-02-02 00:25:24
66db408f-0aca-11e7-82f6-3863bb44ef7c,16,4,12,9,1,1770009788,2026-02-02 00:25:24
59af018a-2ee9-489a-b445-bb6fba9c1119,2,0,2,11,1,1770009788,2026-02-02 00:25:24
66dbe96d-0aca-11e7-82f6-3863bb44ef7c,10,4,6,32,1,1770009789,2026-02-02 00:25:24
912813fc-fde4-4430-8443-a4fa21477e7f,0,0,0,20,1,1770009788,2026-02-02 00:25:24
1859088223746072684,11,0,11,3,1,1770009788,2026-02-02 00:25:24
1dacb0f6-29f5-4d1b-b910-92ffa5b4ca5d,2,1,1,32,1,1770009787,2026-02-02 00:25:24
66db9e99-0aca-11e7-82f6-3863bb44ef7c,8,3,5,8,1,1770009787,2026-02-02 00:25:24
566a6389-5c22-49ca-8c24-4d9eea135170,13,1,12,14,1,1770009787,2026-02-02 00:25:24
d040a7b3-85b5-4c0d-9c92-3f4ad0082143,1,0,1,26,1,1770009787,2026-02-02 00:25:24
e9b3a725-6963-4151-8f7f-9beeb51fa20f,5,1,4,9,1,1770009788,2026-02-02 00:25:24
66de2274-0aca-11e7-82f6-3863bb44ef7c,7,5,2,11,1,1770009791,2026-02-02 00:25:24
66dbe68e-0aca-11e7-82f6-3863bb44ef7c,39,27,12,3,1,1770009792,2026-02-02 00:25:24
3eb10c63-ea4c-4161-b07d-a29034f7367a,3,1,2,9,1,1770009791,2026-02-02 00:25:24
59b747c1-fbfb-4a3d-9394-8d06834d7c98,16,7,9,2,1,1770009788,2026-02-02 00:25:24
69717638-5c4a-47a7-bccb-3b42c81eb09f,4,0,4,9,1,1770009789,2026-02-02 00:25:24
66db93a1-0aca-11e7-82f6-3863bb44ef7c,4,2,2,28,1,1770009789,2026-02-02 00:25:24
922763d6-d73c-4678-8bcd-f42ee3a236db,3,1,2,16,1,1770009789,2026-02-02 00:25:24
493850bd-125b-49f5-932b-bf999504fb06,1,1,0,15,1,1770009789,2026-02-02 00:25:24
5a24acbb-94ef-4cb5-9db8-f6073ac26a2b,1,1,0,17,1,1770009789,2026-02-02 00:25:24
8aad788d-c7eb-4fca-a426-c39f47741a6f,11,0,11,5,1,1770009790,2026-02-02 00:25:24
1d32e684-602b-46b6-8c96-ab47b57a03f3,3,3,0,20,1,1770009791,2026-02-02 00:25:24
1950648049868542106,6,1,5,14,1,1770009791,2026-02-02 00:25:24
c638ec67-9ac0-416f-944f-619926144931,56,52,4,48,1,1770009791,2026-02-02 00:25:24
457ea5d7-d643-4028-87db-46dee0b81555,10,5,5,13,1,1770009786,2026-02-02 00:25:24
475c44e1-31e3-4c60-b071-af2ca3f7618c,1,1,0,15,1,1770009786,2026-02-02 00:25:24
5f63411c-91ce-4788-a567-d388cc812a15,9,3,6,21,1,1770009790,2026-02-02 00:25:24
655ad2f2-6bcc-4eee-95a9-4f528c0b81cd,9,2,7,4,1,1770009787,2026-02-02 00:25:24
180b83a0-329c-4069-87be-df862cb1baed,7,4,3,1,1,1770009796,2026-02-02 00:25:24
f833d403-2cf5-424a-a3b3-0314a44b4a67,15,3,12,17,1,1770009795,2026-02-02 00:25:24
66de4959-0aca-11e7-82f6-3863bb44ef7c,5,3,2,13,1,1770009795,2026-02-02 00:25:24
1815968237323833702,10,2,8,2,1,1770009795,2026-02-02 00:25:24
5145ad1c-241f-4448-a742-739bd5c518c2,2,0,2,12,1,1770009795,2026-02-02 00:25:24
549b5bc4-b949-4eeb-8ffb-2215e1e49892,31,4,27,13,1,1770009796,2026-02-02 00:25:24
1859438049977968878,17,0,17,9,1,1770009796,2026-02-02 00:25:24
0fa27bd7-b182-4e7a-b5bb-90f4249cb368,3,0,3,18,1,1770009796,2026-02-02 00:25:24
66de0cab-0aca-11e7-82f6-3863bb44ef7c,13,0,13,19,1,1770009796,2026-02-02 00:25:24
0fde06c2-632c-46a9-8866-f4e855604f74,24,12,12,34,1,1770009793,2026-02-02 00:25:24
765ee572-6c7a-4ed3-a2d4-f1496ea53996,17,0,17,1,1,1770009793,2026-02-02 00:25:24
1965202298784063998,5,1,4,22,1,1770009794,2026-02-02 00:25:24
1804892772559499512,13,2,11,14,1,1770009794,2026-02-02 00:25:24
66dd3d7f-0aca-11e7-82f6-3863bb44ef7c,3,2,1,28,1,1770009794,2026-02-02 00:25:24
e85c3165-ad0a-44a3-9683-d8cf7575f465,14,1,13,10,1,1770009795,2026-02-02 00:25:24
66dc0dab-0aca-11e7-82f6-3863bb44ef7c,1,1,0,106,1,1770009794,2026-02-02 00:25:24
19d17911-1e4a-41fa-b62b-719aa0a6182e,29,19,10,7,1,1770009795,2026-02-02 00:25:24
66ddb66e-0aca-11e7-82f6-3863bb44ef7c,4,2,2,20,1,1770009792,2026-02-02 00:25:24
6542d952-ca19-410e-9290-ee6b7a6e14cf,1,0,0,20,1,1770009798,2026-02-02 00:25:24
3f05490b-a3d8-4d15-bd25-0212555b5dff,13,0,13,1,1,1770009798,2026-02-02 00:25:24
37a37e5b-f975-4f92-a897-dca8e4670631,3,3,0,12,1,1770009798,2026-02-02 00:25:24
053312f2-e77e-4674-b28b-ad357fbcb4ee,14,8,5,41,1,1770009794,2026-02-02 00:25:24
af72ab76-c6cb-4994-af96-51fa8846ecdc,1,1,0,18,1,1770009796,2026-02-02 00:25:24
66db76a1-0aca-11e7-82f6-3863bb44ef7c,10,4,6,77,1,1770009803,2026-02-02 00:25:24
eb07bdfc-3a6f-40eb-96d2-0b92ac371619,2,1,1,11,1,1770009800,2026-02-02 00:25:24
c2bb1874-bcb7-47c5-aa7d-05423b9087e8,3,1,2,13,1,1770009800,2026-02-02 00:25:24
1927314940904608224,8,4,4,16,1,1770009800,2026-02-02 00:25:24
99614ecb-2329-49fa-a13a-fa1ef2bb32d6,3,0,3,12,1,1770009803,2026-02-02 00:25:24
19b61564-7629-41b4-80c8-1756135a5442,2,2,0,15,1,1770009803,2026-02-02 00:25:24
292ad4f3-9fb0-44ec-9e61-613c711f73c1,4,2,2,13,1,1770009803,2026-02-02 00:25:24
2126623007192357636,7,0,7,1,1,1770009799,2026-02-02 00:25:24
ebae0b66-e463-4ded-9b7a-43c0aca9b37a,9,1,8,8,1,1770009799,2026-02-02 00:25:24
191d5d54-de64-4312-99c7-eee141efa4ef,0,0,0,20,1,1770009802,2026-02-02 00:25:24
068b919c-f649-4091-8e12-ccf37191cad5,2,2,0,16,1,1770009802,2026-02-02 00:25:24
6e5a8cab-cf1a-4584-8133-01835b56ad71,7,2,5,15,1,1770009804,2026-02-02 00:25:24
2124036994734951288,4,0,4,2,1,1770009804,2026-02-02 00:25:24
66ddeaff-0aca-11e7-82f6-3863bb44ef7c,6,2,4,20,1,1770009804,2026-02-02 00:25:24
0b613329-b8c8-4b8c-ad40-79952aa41157,12,6,6,12,1,1770009801,2026-02-02 00:25:24
66dc3782-0aca-11e7-82f6-3863bb44ef7c,13,9,4,3,1,1770009805,2026-02-02 00:25:24
66de19ab-0aca-11e7-82f6-3863bb44ef7c,2,1,1,29,1,1770009805,2026-02-02 00:25:24
4efda436-cd19-4ec3-acc7-1a622f723264,0,0,0,16,1,1770009805,2026-02-02 00:25:24
66ddea99-0aca-11e7-82f6-3863bb44ef7c,4,3,1,12,1,1770009805,2026-02-02 00:25:24
2546c9b9-5b1a-4e9f-a9cc-f8b986b79748,9,2,7,10,1,1770009805,2026-02-02 00:25:24
1864605386632012480,1,0,1,15,1,1770009806,2026-02-02 00:25:24
29ced315-14b5-4edc-bef2-665316dfe3dd,28,21,7,1,1,1770009806,2026-02-02 00:25:24
1869753654337059182,5,2,3,7,1,1770009806,2026-02-02 00:25:24
498d7e8e-5164-4f26-9ce6-399947d73b1a,9,3,6,1,1,1770009806,2026-02-02 00:25:24
0de1f95f-8b1b-4e5e-9eff-73c63265b0ab,13,5,8,13,1,1770009808,2026-02-02 00:25:24
1848241791125254746,10,2,8,0,1,1770009808,2026-02-02 00:25:24
61f2ffd4-159a-42b3-a4d9-3fdfc3349074,0,0,0,20,1,1770009808,2026-02-02 00:25:24
55a4dc76-d839-4e06-9bf4-2f343391343c,0,0,0,19,1,1770009808,2026-02-02 00:25:24
dad39e68-53f5-47c2-87e2-b1cc0e34f90f,2,0,2,17,1,1770009809,2026-02-02 00:25:24
372c592e-09d8-400c-9595-2aa3510f39b0,9,2,7,11,1,1770009808,2026-02-02 00:25:24
66de0a78-0aca-11e7-82f6-3863bb44ef7c,14,0,14,3,1,1770009809,2026-02-02 00:25:24
a2cf5872-bd4c-4311-832e-d62fd779ecc3,7,0,7,10,1,1770009809,2026-02-02 00:25:24
1862008939006380034,5,0,5,10,1,1770009807,2026-02-02 00:25:24
c8c39d85-4ce7-46c5-b709-998067200780,0,0,0,23,1,1770009806,2026-02-02 00:25:24
1880643645302280466,3,3,0,15,1,1770009807,2026-02-02 00:25:24
1794852638057746848,19,0,19,0,1,1770009805,2026-02-02 00:25:24
1786697771181570266,27,0,27,3,1,1770009809,2026-02-02 00:25:24
b4b5824b-3c23-44b7-92a3-cec6a54583a0,7,0,7,12,1,1770009809,2026-02-02 00:25:24
66dd1d0f-0aca-11e7-82f6-3863bb44ef7c,22,3,18,3,1,1770009809,2026-02-02 00:25:24
1828968883163894358,14,3,11,6,1,1770009769,2026-02-02 00:25:24
1862002854876824190,4,0,4,13,1,1770009770,2026-02-02 00:25:24
20ff5447-eac3-43b7-820f-f6fa3a2e12a8,13,0,13,8,1,1770009769,2026-02-02 00:25:24
66dd4d70-0aca-11e7-82f6-3863bb44ef7c,6,5,1,27,1,1770009770,2026-02-02 00:25:24
023cf549-bd85-4f9a-abd8-70ba29d7e86b,6,0,6,11,1,1770009770,2026-02-02 00:25:24
481624f3-9377-4dfd-a5dd-de05a7fef760,3,0,3,15,1,1770009768,2026-02-02 00:25:24
66ddec3e-0aca-11e7-82f6-3863bb44ef7c,1,1,0,12,1,1770009768,2026-02-02 00:25:24
c63a83a0-bda1-40a6-835b-f82c363543b9,2,1,1,19,1,1770009768,2026-02-02 00:25:24
162d5859-b735-4ff7-9613-01b21f22c1cd,19,10,9,11,1,1770009768,2026-02-02 00:25:24
66880044-5411-4143-af39-eaa0a0fd0528,11,4,7,11,1,1770009771,2026-02-02 00:25:24
c3062f44-c5b9-4650-a4ec-cc66cbf5b944,0,0,0,16,1,1770009771,2026-02-02 00:25:24
1835618878584115330,5,3,2,18,1,1770009772,2026-02-02 00:25:24
66dd217d-0aca-11e7-82f6-3863bb44ef7c,5,4,1,17,1,1770009771,2026-02-02 00:25:24
66de4bbb-0aca-11e7-82f6-3863bb44ef7c,1,0,1,15,1,1770009766,2026-02-02 00:25:24
ca843847-923a-40b7-80ca-c1c3fff6e818,0,0,0,18,1,1770009766,2026-02-02 00:25:24
1817822909864556798,7,1,6,16,1,1770009766,2026-02-02 00:25:24
18415ea7-efce-408d-bcb9-4693fb088dda,16,10,6,4,1,1770009767,2026-02-02 00:25:24
1962547377975794462,0,0,0,23,1,1770009767,2026-02-02 00:25:24
324e93c8-4f3d-4a5f-becd-00e6f49fe4dd,12,0,12,4,1,1770009767,2026-02-02 00:25:24
1bb1af93-b433-4da7-8054-009c85f7755a,1,0,1,17,1,1770009767,2026-02-02 00:25:24
038b7369-9c6e-4eb2-8569-f7461443302f,9,0,9,3,1,1770009768,2026-02-02 00:25:24
66dc7773-0aca-11e7-82f6-3863bb44ef7c,15,8,7,28,1,1770009768,2026-02-02 00:25:24
6fab98b7-b06a-49d8-a4d1-087ffce0ebcf,0,0,0,17,1,1770009767,2026-02-02 00:25:24
2124425439157234232,3,1,2,9,1,1770009762,2026-02-02 00:25:24
6b60bf55-3da4-439a-bde1-fc80be8623ba,6,5,1,14,1,1770009764,2026-02-02 00:25:24
66dbe571-0aca-11e7-82f6-3863bb44ef7c,33,15,18,9,1,1770009765,2026-02-02 00:25:24
ffae66ec-7c16-436f-bd0a-eedf81d580e7,5,0,5,12,1,1770009760,2026-02-02 00:25:24
dccaeeb5-c53a-4f48-80e6-05675b71a8c8,14,0,14,13,1,1770009761,2026-02-02 00:25:24
a4d041fd-c5fa-4f52-800c-25d7a661a875,0,0,0,20,1,1770009784,2026-02-02 00:25:24
66dd17a5-0aca-11e7-82f6-3863bb44ef7c,22,9,13,19,1,1770009783,2026-02-02 00:25:24
ed279ef2-52ee-4ff2-9a52-edd8137ea034,6,1,4,16,1,1770009783,2026-02-02 00:25:24
1851674198082642572,14,0,14,3,1,1770009784,2026-02-02 00:25:24
ca7ec509-cefc-4ac6-b729-08999d191051,22,5,17,0,1,1770009784,2026-02-02 00:25:24
1814906692908349788,11,1,10,9,1,1770009785,2026-02-02 00:25:24
b35ba3c0-d3e8-4b1a-b63b-73a7bb518c9e,7,4,3,12,1,1770009785,2026-02-02 00:25:24
6fb81fda-f0b5-4242-90f9-88d0214feb8d,2,0,2,13,1,1770009785,2026-02-02 00:25:24
d2b23c87-b7c3-48c2-a634-db4b76ecbcf7,0,0,0,17,1,1770009785,2026-02-02 00:25:24
66dd1f44-0aca-11e7-82f6-3863bb44ef7c,3,2,1,15,1,1770009785,2026-02-02 00:25:24
bf880f45-422c-4e0b-b3b0-2b1f5ba94da4,4,3,1,10,1,1770009781,2026-02-02 00:25:24
3a89411a-0bc6-4ba3-bc56-fab950c8eba1,18,1,17,1,1,1770009782,2026-02-02 00:25:24
66db6f2e-0aca-11e7-82f6-3863bb44ef7c,10,6,4,30,1,1770009780,2026-02-02 00:25:24
66db2a71-0aca-11e7-82f6-3863bb44ef7c,25,7,18,5,1,1770009782,2026-02-02 00:25:24
66dc81ce-0aca-11e7-82f6-3863bb44ef7c,12,4,8,53,1,1770009781,2026-02-02 00:25:24
1831178352265562334,13,3,10,12,1,1770009781,2026-02-02 00:25:24
943a1a27-1328-4823-8945-28d845280383,14,13,1,4,1,1770009811,2026-02-02 00:25:24
5645b05e-85be-460d-8506-cacd20bff233,22,2,20,2,1,1770009811,2026-02-02 00:25:24
b713367c-3572-4225-b74a-9319ab537838,1,0,1,17,1,1770009811,2026-02-02 00:25:24
66dced76-0aca-11e7-82f6-3863bb44ef7c,12,10,2,13,1,1770009811,2026-02-02 00:25:24
1838071008881986168,10,0,10,15,1,1770009814,2026-02-02 00:25:24
66dd5407-0aca-11e7-82f6-3863bb44ef7c,6,1,5,66,1,1770009814,2026-02-02 00:25:24
4d24ab76-2f4a-4004-9fc5-09c00c1d9aa4,23,2,21,4,1,1770009814,2026-02-02 00:25:24
1860189327773878824,11,0,11,8,1,1770009814,2026-02-02 00:25:24
d18512f9-52c8-4175-92b9-b6258dc30748,1,1,0,19,1,1770009814,2026-02-02 00:25:24
ab6aadd8-fa45-43aa-abea-c8e01ec5a0c8,16,1,15,3,1,1770009815,2026-02-02 00:25:24
640a9a95-194f-42f5-8d88-1df67129f388,5,0,5,15,1,1770009815,2026-02-02 00:25:24
66de1fe7-0aca-11e7-82f6-3863bb44ef7c,12,0,12,3,1,1770009815,2026-02-02 00:25:24
ff9581d3-3e1a-463a-bdab-d8150c468be2,4,1,3,28,1,1770009814,2026-02-02 00:25:24
66dd056e-0aca-11e7-82f6-3863bb44ef7c,2,0,2,9,1,1770009812,2026-02-02 00:25:24
1861678548643203686,0,0,0,25,1,1770009813,2026-02-02 00:25:24
1882824287789509296,11,6,5,31,1,1770009815,2026-02-02 00:25:24
98ebf9c6-1d94-4e21-9007-c623875fdb5e,9,0,9,5,1,1770009816,2026-02-02 00:25:24
d89dc10f-9be3-45a5-9c3c-06c04c963436,14,1,13,1,1,1770009815,2026-02-02 00:25:24
abc1311e-e000-4211-af9e-0cf92242711e,1,0,1,19,1,1770009815,2026-02-02 00:25:24
f523c481-ba41-44ba-96e1-0c431fbea558,4,3,1,16,1,1770009816,2026-02-02 00:25:24
cb05443c-e68e-48f7-8d17-35353fa19d4d,17,6,11,26,1,1770009816,2026-02-02 00:25:24
1937777808143497236,3,2,1,22,1,1770009816,2026-02-02 00:25:24
2124037250266884686,6,2,4,1,1,1770009809,2026-02-02 00:25:24
66dce8db-0aca-11e7-82f6-3863bb44ef7c,10,0,10,25,1,1770009810,2026-02-02 00:25:24
f62526d4-9c6a-4c76-be76-c64b5be669d2,0,0,0,20,1,1770009810,2026-02-02 00:25:24
1815967442754883940,24,0,24,4,1,1770009810,2026-02-02 00:25:24
901ad0c4-383e-490a-8b54-0656ce2358d6,6,4,2,5,1,1770009810,2026-02-02 00:25:24
d11b9869-8964-4b79-aafc-4b60ad1b44c4,2,0,2,16,1,1770009813,2026-02-02 00:25:24
c602146e-d69d-43b6-9e8f-054c4df5377e,14,4,10,3,1,1770009813,2026-02-02 00:25:24
66dce9b5-0aca-11e7-82f6-3863bb44ef7c,3,0,3,26,1,1770009813,2026-02-02 00:25:24
b4974d89-932c-4a9f-a264-2ea0cf70613e,7,6,1,8,1,1770009813,2026-02-02 00:25:24
66dd4a52-0aca-11e7-82f6-3863bb44ef7c,5,4,1,23,1,1770009813,2026-02-02 00:25:24
c190f78c-77ad-469e-aecc-e2af7bb6d92a,16,1,15,2,1,1770009816,2026-02-02 00:25:24
1869753057823626206,8,1,7,15,1,1770009816,2026-02-02 00:25:24
66de205d-0aca-11e7-82f6-3863bb44ef7c,3,3,0,14,1,1770009816,2026-02-02 00:25:24
09dfc0e3-a448-477c-bb3c-9467dc51ef8d,51,36,15,6,1,1770009817,2026-02-02 00:25:24
ceb179f3-89c3-4c3e-8a0a-3415406a9463,2,2,0,18,1,1770009817,2026-02-02 00:25:24
633fbc4c-7617-47ba-a393-aad7a8d26a3e,14,0,14,1,1,1770009817,2026-02-02 00:25:24
1871698348432996504,16,7,9,4,1,1770009817,2026-02-02 00:25:24
2126224996973581072,4,2,2,0,1,1770009817,2026-02-02 00:25:24
1862008701134683118,1,1,0,19,1,1770009813,2026-02-02 00:25:24
b0bac4ef-bb57-4598-a433-75c281170d5b,8,4,4,14,1,1770009813,2026-02-02 00:25:24
7938263e-e5b8-4ca7-b8bf-1adbaae5fead,10,1,9,13,1,1770009820,2026-02-02 00:25:24
bbc3c1df-f7db-4f54-8d5c-b8f4269ecb48,12,8,4,0,1,1770009820,2026-02-02 00:25:24
e152a2e1-c510-404e-a100-24246bb6cc95,1,0,1,12,1,1770009820,2026-02-02 00:25:24
1860189650739626488,2,1,1,16,1,1770009819,2026-02-02 00:25:24
1854538962214948918,12,1,11,0,1,1770009820,2026-02-02 00:25:24
7f402242-dc1b-4a48-ba21-58c4fa7216b4,9,1,8,1,1,1770009820,2026-02-02 00:25:24
d73e26de-8534-4b46-a321-3cae295ef9b2,12,2,10,10,1,1770009817,2026-02-02 00:25:24
fda18503-7488-4b91-b74c-949a90401e83,6,1,5,12,1,1770009818,2026-02-02 00:25:24
26217b73-7bb5-46e6-8094-1db05becd617,1,0,1,23,1,1770009818,2026-02-02 00:25:24
66dbee85-0aca-11e7-82f6-3863bb44ef7c,0,0,0,72,1,1770009818,2026-02-02 00:25:24
66db75cc-0aca-11e7-82f6-3863bb44ef7c,33,16,17,0,1,1770009821,2026-02-02 00:25:24
66de2707-0aca-11e7-82f6-3863bb44ef7c,9,6,2,36,1,1770009822,2026-02-02 00:25:24
cb9840a3-4ae2-420d-865c-9ac45e2f5485,7,2,5,7,1,1770009822,2026-02-02 00:25:24
1848241684520917882,7,2,5,2,1,1770009822,2026-02-02 00:25:24
69f84045-48f9-4c6c-90d3-0503e5ed39e9,1,1,0,16,1,1770009822,2026-02-02 00:25:24
1828965172312150882,8,0,8,11,1,1770009819,2026-02-02 00:25:24
5526b855-dc09-4159-a20a-99651861a481,9,6,3,4,1,1770009818,2026-02-02 00:25:24
66dc6a86-0aca-11e7-82f6-3863bb44ef7c,6,4,2,68,1,1770009820,2026-02-02 00:25:24
9394fb49-583f-4426-8d2f-a2b0ffb584d2,14,6,8,28,1,1770009825,2026-02-02 00:25:24
4568f854-1268-45cf-bac8-82286ef40ae6,13,1,12,6,1,1770009826,2026-02-02 00:25:24
66db4549-0aca-11e7-82f6-3863bb44ef7c,1,0,1,19,1,1770009825,2026-02-02 00:25:24
f34ea09d-32f9-492c-9124-99059bc0b5dd,15,0,15,5,1,1770009826,2026-02-02 00:25:24
1849009654626746672,8,1,7,2,1,1770009826,2026-02-02 00:25:24
66dcc8b3-0aca-11e7-82f6-3863bb44ef7c,4,1,3,13,1,1770009826,2026-02-02 00:25:24
66dd45c7-0aca-11e7-82f6-3863bb44ef7c,15,12,3,1,1,1770009827,2026-02-02 00:25:24
1828966626550010820,7,1,6,3,1,1770009827,2026-02-02 00:25:24
66dd01c5-0aca-11e7-82f6-3863bb44ef7c,0,0,0,4,0,1769830566,2026-02-02 00:25:24
66dd24ca-0aca-11e7-82f6-3863bb44ef7c,25,14,11,18,1,1770009823,2026-02-02 00:25:24
78aabb95-6195-4aa7-ab0d-5748eeb26bd1,17,6,11,8,1,1770009823,2026-02-02 00:25:24
92fc1ad7-0867-4655-b02f-ede65d336b14,1,0,1,14,1,1770009823,2026-02-02 00:25:24
bcb08532-f0d5-4c0e-ad8a-4ddacc204791,2,1,1,13,1,1770009823,2026-02-02 00:25:24
1851254468343716806,13,1,12,1,1,1770009823,2026-02-02 00:25:24
90b141b9-c39f-4a26-a32d-08c7d1474d52,0,0,0,16,1,1770009823,2026-02-02 00:25:24
1917312704757770810,18,3,15,13,1,1770009823,2026-02-02 00:25:24
fbaffdbd-dab5-4127-9bd5-36bf58093ea8,9,6,3,11,1,1770009827,2026-02-02 00:25:24
1834145589124844432,0,0,0,18,1,1770009827,2026-02-02 00:25:24
0bd9bd58-42e6-4680-9d19-83943372221f,3,3,0,12,1,1770009828,2026-02-02 00:25:24
1795146692060860976,15,3,12,4,1,1770009827,2026-02-02 00:25:24
66dc840f-0aca-11e7-82f6-3863bb44ef7c,20,11,9,32,1,1770009828,2026-02-02 00:25:24
1888015107269225164,5,4,1,14,1,1770009828,2026-02-02 00:25:24
dd482585-3028-453f-a98d-55019db9b26c,31,0,31,2,1,1770009828,2026-02-02 00:25:24
1846085439406916338,3,1,2,19,1,1770009827,2026-02-02 00:25:24
a3d72b5b-9587-4f33-9722-c01e20a9b358,2,1,1,22,1,1770009831,2026-02-02 00:25:24
2126623765785393224,2,0,2,13,1,1770009831,2026-02-02 00:25:24
66dba303-0aca-11e7-82f6-3863bb44ef7c,7,1,6,5,1,1770009832,2026-02-02 00:25:24
26cae473-0e59-4af7-bad5-bb6fec85c8bc,6,5,1,13,1,1770009832,2026-02-02 00:25:24
22ab59a8-0af4-4101-9350-a7af88e37c2e,2,1,1,14,1,1770009832,2026-02-02 00:25:24
66dde69c-0aca-11e7-82f6-3863bb44ef7c,2,0,2,8,1,1770009832,2026-02-02 00:25:24
66de5005-0aca-11e7-82f6-3863bb44ef7c,10,1,9,12,1,1770009833,2026-02-02 00:25:24
816e50eb-dc4b-47dc-b773-154e2020cb0d,2,0,2,17,1,1770009824,2026-02-02 00:25:24
3db799ba-b574-4e5f-95e5-c767bec2acb6,6,0,6,20,1,1770009824,2026-02-02 00:25:24
1934749166596673908,38,13,25,5,1,1770009824,2026-02-02 00:25:24
1814907590556515014,15,3,12,2,1,1770009824,2026-02-02 00:25:24
563389a0-d90f-4155-9c50-528459df26aa,6,2,4,16,1,1770009833,2026-02-02 00:25:24
1846086362824884662,14,1,13,0,1,1770009833,2026-02-02 00:25:24
ff745407-c087-4c0d-a965-98baf078f292,16,14,2,3,1,1770009833,2026-02-02 00:25:24
1854538387432581604,13,1,12,3,1,1770009833,2026-02-02 00:25:24
754ac5df-f2b5-4636-8c58-ed84ea262bde,1,1,0,19,1,1770009833,2026-02-02 00:25:24
807e9f5a-49b6-4b7e-847b-4a60cff330ed,3,1,2,14,1,1770009833,2026-02-02 00:25:24
7f4753d7-8d58-48bd-a881-de5bff08b27d,3,1,2,23,1,1770009833,2026-02-02 00:25:24
d8778570-f7f2-458d-82f5-9ad39210a501,21,12,9,5,1,1770009833,2026-02-02 00:25:24
645e4365-653f-48ce-bc15-5fcc287be56f,4,1,3,60,1,1770009830,2026-02-02 00:25:24
47da6ab2-c841-4f2d-97ef-dd8d441c96b1,1,1,0,16,1,1770009830,2026-02-02 00:25:24
2a66ed0a-5e6d-4893-a1d1-876bb2bac4be,3,0,3,24,1,1770009831,2026-02-02 00:25:24
66dd2060-0aca-11e7-82f6-3863bb44ef7c,6,0,6,41,1,1770009831,2026-02-02 00:25:24
0630217a-3913-47d9-9540-cf85688296a5,3,0,3,14,1,1770009831,2026-02-02 00:25:24
1f088432-0460-421e-a1d9-36890fa5396d,5,2,3,8,1,1770009829,2026-02-02 00:25:24
26b3a82b-3487-44c2-85f1-eddb5a8a3a9d,14,1,13,2,1,1770009829,2026-02-02 00:25:24
66de2b2f-0aca-11e7-82f6-3863bb44ef7c,37,3,33,2,1,1770009830,2026-02-02 00:25:24
66dc10d1-0aca-11e7-82f6-3863bb44ef7c,11,4,7,28,1,1770009830,2026-02-02 00:25:24
18a2cbb6-91f2-4393-82fb-b40a8ba90f20,3,1,2,17,1,1770009830,2026-02-02 00:25:24
66dc8a3d-0aca-11e7-82f6-3863bb44ef7c,20,5,15,42,1,1770009830,2026-02-02 00:25:24
8d650b03-920d-4d44-a48f-8d9a1a0ba264,13,3,10,4,1,1770009830,2026-02-02 00:25:24
d5cabb43-6c78-4022-964e-a8b02470509e,14,3,11,6,1,1770009828,2026-02-02 00:25:24
24509e46-a0de-47e8-ba40-9441da68952a,1,1,0,17,1,1770009828,2026-02-02 00:25:24
93da4d1b-d574-45b0-85d7-5b82e2887267,14,0,14,4,1,1770009828,2026-02-02 00:25:24
56b3ca32-104a-4920-a879-a97a820858c4,17,0,17,7,1,1770009828,2026-02-02 00:25:24
1860188747953293684,7,1,6,7,1,1770009829,2026-02-02 00:25:24
c71cca54-17f6-42bc-ba94-3f5bd9c70197,31,2,29,3,1,1770009829,2026-02-02 00:25:24
44c23eaa-7ddf-40b3-8373-6f3880c5e1b1,2,0,2,15,1,1770009829,2026-02-02 00:25:24
bacfe3c2-7946-45ed-91f9-f5b91791de75,2,0,2,27,1,1770009833,2026-02-02 00:25:24
66dbcd6c-0aca-11e7-82f6-3863bb44ef7c,0,0,0,31,1,1770009836,2026-02-02 00:25:24
595cf79f-7783-4373-b3d5-775bcf76033b,0,0,0,17,1,1770009836,2026-02-02 00:25:24
f3782e27-c49a-4ee9-b188-0c13cad54688,7,0,7,7,1,1770009836,2026-02-02 00:25:24
d470e82e-d109-4e2e-b66a-f5e944cbfe97,12,1,11,3,1,1770009837,2026-02-02 00:25:24
66de73fd-0aca-11e7-82f6-3863bb44ef7c,5,4,1,17,1,1770009837,2026-02-02 00:25:24
29a41b09-698f-43e2-82ff-f94f73e74841,13,1,12,2,1,1770009835,2026-02-02 00:25:24
66dcc37f-0aca-11e7-82f6-3863bb44ef7c,1,0,1,15,1,1770009835,2026-02-02 00:25:24
f401cd5f-cb41-41f8-a857-4a4dfe778f94,9,3,6,9,1,1770009835,2026-02-02 00:25:24
7a1ad7c0-4958-4354-91a1-11bf13348abd,14,3,11,3,1,1770009835,2026-02-02 00:25:24
82c85f05-4722-48ae-9f64-0522012eb3c8,2,0,2,18,1,1770009835,2026-02-02 00:25:24
c00ef46d-fcde-48e2-afbd-0fb595fe3fa7,20,9,10,2,1,1770009835,2026-02-02 00:25:24
81bec993-29a5-4e70-8f60-eecdf16c7be4,7,2,5,12,1,1770009834,2026-02-02 00:25:24
66dc686c-0aca-11e7-82f6-3863bb44ef7c,53,34,19,17,1,1770009836,2026-02-02 00:25:24
66dc80b4-0aca-11e7-82f6-3863bb44ef7c,7,2,5,45,1,1770009836,2026-02-02 00:25:24
837b7db3-55c6-4595-a497-834972631752,1,1,0,14,1,1770009836,2026-02-02 00:25:24
2137775326353803668,9,1,8,3,1,1770009837,2026-02-02 00:25:24
1d3a8670-09b3-4127-b750-af5311e565f0,8,0,8,9,1,1770009837,2026-02-02 00:25:24
bc5235a5-7f10-4a27-806e-9c25fa700959,17,6,11,18,1,1770009838,2026-02-02 00:25:24
1875415144760576328,13,13,0,1,1,1770009836,2026-02-02 00:25:24
1846085734612252774,4,1,3,16,1,1770009836,2026-02-02 00:25:24
576abdc1-986e-48b0-bde2-051a13d3ff59,8,5,3,9,1,1770009841,2026-02-02 00:25:24
3e1bdcec-e762-4e83-b447-007f05923cce,5,2,3,15,1,1770009842,2026-02-02 00:25:24
ec42fb3a-af54-46aa-a8b3-b17d72ed4475,14,1,13,2,1,1770009841,2026-02-02 00:25:24
66de1516-0aca-11e7-82f6-3863bb44ef7c,17,4,13,14,1,1770009842,2026-02-02 00:25:24
c80c55c4-d623-42d7-8acf-6bfa68a84ecb,4,1,3,11,1,1770009842,2026-02-02 00:25:24
8caf71df-76c3-43fb-be98-d555d2291460,5,1,4,12,1,1770009842,2026-02-02 00:25:24
66de6346-0aca-11e7-82f6-3863bb44ef7c,16,0,16,7,1,1770009842,2026-02-02 00:25:24
66db277a-0aca-11e7-82f6-3863bb44ef7c,15,3,12,6,1,1770009842,2026-02-02 00:25:24
81a98b0b-cfd6-48b4-90bd-806ebbc264a0,5,3,2,12,1,1770009842,2026-02-02 00:25:24
cc5f0e68-dd5f-4db1-81c7-04a4d6674fba,12,0,12,2,1,1770009844,2026-02-02 00:25:24
a45a712c-1e3d-4fee-bef8-adafafd80670,4,1,3,10,1,1770009844,2026-02-02 00:25:24
cd2d9dab-7708-4685-a56f-9412c738de7e,19,0,19,4,1,1770009844,2026-02-02 00:25:24
c606bae0-889c-47c3-8202-9463ef147655,15,0,15,8,1,1770009844,2026-02-02 00:25:24
823ef531-40e6-4397-b973-86bf5b032076,1,0,1,20,1,1770009844,2026-02-02 00:25:24
0ddb965d-95ef-4ce3-bde6-81a56ac1fbd2,2,2,0,27,1,1770009838,2026-02-02 00:25:24
b442a648-e9f4-4893-951a-64d258bc0e55,4,3,1,22,1,1770009838,2026-02-02 00:25:24
1b00fb53-da32-4b14-9a9a-84a391c8951c,1,0,1,19,1,1770009839,2026-02-02 00:25:24
579e583e-60ab-4f2a-83d0-fabebddfcd0f,4,2,2,6,1,1770009839,2026-02-02 00:25:24
66de63cd-0aca-11e7-82f6-3863bb44ef7c,8,0,8,5,1,1770009839,2026-02-02 00:25:24
1b038e21-e199-4c47-bef0-f4bcdc06b73b,13,11,2,23,1,1770009839,2026-02-02 00:25:24
1814907423052790164,15,1,14,4,1,1770009839,2026-02-02 00:25:24
7aa86431-bbc5-4d9c-8198-9630c9d32a22,7,0,7,11,1,1770009839,2026-02-02 00:25:24
c3189056-8eda-4278-891f-e8e15c2d759a,9,0,9,10,1,1770009839,2026-02-02 00:25:24
3134c2d4-b090-4eb8-ab44-6f9622098f72,1,1,0,21,1,1770009840,2026-02-02 00:25:24
1835246658344669972,1,1,0,17,1,1770009840,2026-02-02 00:25:24
2126622241630343402,6,5,1,7,1,1770009843,2026-02-02 00:25:24
0f98907a-d4cc-45e0-b174-7d9dfda74106,1,0,1,30,1,1770009843,2026-02-02 00:25:24
e9575102-1081-4c30-8d15-ea95913579e2,1,1,0,15,1,1770009843,2026-02-02 00:25:24
66db9c2e-0aca-11e7-82f6-3863bb44ef7c,11,0,11,27,1,1770009843,2026-02-02 00:25:24
6969d756-33a6-4a0b-83d0-3db38bc382d1,18,0,18,3,1,1770009839,2026-02-02 00:25:24
06439006-11b6-44f0-8545-c9d39035f32a,35,32,3,25,1,1770009839,2026-02-02 00:25:24
66dc1687-0aca-11e7-82f6-3863bb44ef7c,2,0,2,5,1,1770009840,2026-02-02 00:25:24
66dc8db1-0aca-11e7-82f6-3863bb44ef7c,43,6,37,2,1,1770009840,2026-02-02 00:25:24
66dd46a2-0aca-11e7-82f6-3863bb44ef7c,17,6,11,20,1,1770009840,2026-02-02 00:25:24
ad57266c-34da-43da-8b48-2ba856002fbf,6,4,2,19,1,1770009842,2026-02-02 00:25:24
66dd515d-0aca-11e7-82f6-3863bb44ef7c,1,1,0,19,1,1770009843,2026-02-02 00:25:24
66dbef15-0aca-11e7-82f6-3863bb44ef7c,11,2,9,39,1,1770009843,2026-02-02 00:25:24
4e9a1c3a-20e2-4fd5-b8de-fbf8d43e7bcc,11,0,11,7,1,1770009843,2026-02-02 00:25:24
7779e057-b33e-46a7-8a1e-8c28bcd9a558,8,0,8,11,1,1770009837,2026-02-02 00:25:24
b896d83d-5524-4c9c-a2aa-c1b0edaadc22,1,1,0,17,1,1770009841,2026-02-02 00:25:24
2637fed8-1e2a-460b-83eb-3eb32ace0f4e,8,1,6,31,1,1770009854,2026-02-02 00:25:24
2124037125711300644,7,4,3,5,1,1770009853,2026-02-02 00:25:24
d979131e-0b9f-4aa2-88c5-46d4ff94abc8,0,0,0,7,0,1769939164,2026-02-02 00:25:24
66dc120f-0aca-11e7-82f6-3863bb44ef7c,16,3,13,45,1,1770009854,2026-02-02 00:25:24
2124035976827702128,0,0,0,12,1,1770009854,2026-02-02 00:25:24
44fa161f-eb62-459b-b53e-da83788cfa2a,1,0,1,26,1,1770009854,2026-02-02 00:25:24
f9ed9a6b-097e-48b9-a9d1-79d084dcd2d9,1,0,0,16,1,1770009854,2026-02-02 00:25:24
d80c274e-d17d-4a00-9b76-274c9fe4d0e1,0,0,0,29,1,1770009854,2026-02-02 00:25:24
66dc7ba2-0aca-11e7-82f6-3863bb44ef7c,2,0,2,17,1,1770009854,2026-02-02 00:25:24
1869753484503987044,0,0,0,18,1,1770009855,2026-02-02 00:25:24
66dd1d9c-0aca-11e7-82f6-3863bb44ef7c,15,2,13,8,1,1770009855,2026-02-02 00:25:24
9635affa-8b18-42d5-84c4-7f67ad5ef9d0,6,0,6,11,1,1770009855,2026-02-02 00:25:24
66db41bf-0aca-11e7-82f6-3863bb44ef7c,24,4,20,1,1,1770009855,2026-02-02 00:25:24
9af90faf-0b9b-451b-9cb0-20ff421ca1d9,2,1,1,22,1,1770009855,2026-02-02 00:25:24
66de0861-0aca-11e7-82f6-3863bb44ef7c,14,14,0,1,1,1770009855,2026-02-02 00:25:24
2138075988152462096,10,0,10,3,1,1770009774,2026-02-02 00:25:24
1786698321265653818,10,3,7,28,1,1770009857,2026-02-02 00:25:24
66dde103-0aca-11e7-82f6-3863bb44ef7c,29,26,3,2,1,1770009857,2026-02-02 00:25:24
cbf76774-1276-4cf8-9442-f00571f1451c,11,11,0,11,1,1770009858,2026-02-02 00:25:24
66de43a5-0aca-11e7-82f6-3863bb44ef7c,11,2,9,11,1,1770009857,2026-02-02 00:25:24
1871698223344654662,6,4,2,17,1,1770009853,2026-02-02 00:25:24
1814548067447122618,13,4,9,7,1,1770009853,2026-02-02 00:25:24
4e747443-d481-4aea-a6d1-cf20204af4ba,13,0,13,4,1,1770009853,2026-02-02 00:25:24
b4a320d6-2611-4940-96ca-17fb297ec826,11,0,11,4,1,1770009852,2026-02-02 00:25:24
66dc0f8a-0aca-11e7-82f6-3863bb44ef7c,27,3,24,20,1,1770009852,2026-02-02 00:25:24
4c03fa2d-89da-4f0b-8f19-c7de5edbe256,14,0,14,6,1,1770009852,2026-02-02 00:25:24
18eccc71-66be-4e4c-8335-095a9bf0df94,6,3,3,22,1,1770009852,2026-02-02 00:25:24
499e10ad-c008-461e-8cf7-20757218a9cc,1,1,0,20,1,1770009856,2026-02-02 00:25:24
66dcbac5-0aca-11e7-82f6-3863bb44ef7c,10,0,10,8,1,1770009856,2026-02-02 00:25:24
53ef19c6-eaa7-47f7-807e-f51b574b1be0,8,0,8,8,1,1770009856,2026-02-02 00:25:24
2121032386733337206,10,2,8,1,1,1770009751,2026-02-02 00:25:24
1838070843306263244,6,3,3,10,1,1770009856,2026-02-02 00:25:24
66dd4c5f-0aca-11e7-82f6-3863bb44ef7c,6,5,1,47,1,1770009856,2026-02-02 00:25:24
66de12ff-0aca-11e7-82f6-3863bb44ef7c,3,0,3,7,1,1770009856,2026-02-02 00:25:24
33840944-aa92-4d91-9de8-d29e5cd0b2d9,5,0,5,22,1,1770009840,2026-02-02 00:25:24
f8c242cd-da59-4f0e-afd6-832bbdd7d328,9,0,9,4,1,1770009840,2026-02-02 00:25:24
7d5fa1f0-4069-4d5d-b735-5d500597394a,34,23,11,3,1,1770009841,2026-02-02 00:25:24
6476c5fd-611e-436c-9736-e0f43bb7774e,9,1,8,2,1,1770009840,2026-02-02 00:25:24
f681f980-185d-45b9-8490-bb2606624dd4,2,1,1,15,1,1770009841,2026-02-02 00:25:24
d45b62b9-7d6b-43b2-bf1e-2c898c55dfd2,2,0,2,11,1,1770009841,2026-02-02 00:25:24
b4f990dd-36bb-46b3-9eea-4b980bd43c2d,0,0,0,20,1,1770009841,2026-02-02 00:25:24
1f8f6714-42a7-45d5-86cd-a093c940b2c9,1,1,0,23,1,1770009846,2026-02-02 00:25:24
1840540852548303628,1,1,0,16,1,1770009846,2026-02-02 00:25:24
1929504694747056164,1,1,0,17,1,1770009846,2026-02-02 00:25:24
1960020234227886806,7,2,5,33,1,1770009846,2026-02-02 00:25:24
1835246937517543544,10,0,10,7,1,1770009847,2026-02-02 00:25:24
66dbec40-0aca-11e7-82f6-3863bb44ef7c,8,4,4,45,1,1770009847,2026-02-02 00:25:24
0dd71c6d-11ee-4ad4-ba99-36b9ad36112c,10,5,5,5,1,1770009847,2026-02-02 00:25:24
66db3053-0aca-11e7-82f6-3863bb44ef7c,27,14,13,25,1,1770009847,2026-02-02 00:25:24
66dc17df-0aca-11e7-82f6-3863bb44ef7c,2,0,2,27,1,1770009847,2026-02-02 00:25:24
c2d549f8-f54c-4a0d-9ecd-6e6f79118279,6,0,6,14,1,1770009847,2026-02-02 00:25:24
1876800925490112950,4,2,2,9,1,1770009848,2026-02-02 00:25:24
b79c8433-9dd1-4d68-9156-7f2c2162bafe,5,1,4,20,1,1770009848,2026-02-02 00:25:24
66de13dc-0aca-11e7-82f6-3863bb44ef7c,0,0,0,0,0,1770009848,2026-02-02 00:25:24
faf98f78-51ab-4248-b7e7-f402902385a6,4,3,1,14,1,1770009849,2026-02-02 00:25:24
75352ab4-8a31-4926-8b59-048a9e506452,9,6,3,6,1,1770009848,2026-02-02 00:25:24
ca5cc034-a95d-446e-8314-6691589886b1,8,7,1,3,1,1770009848,2026-02-02 00:25:24
66dde630-0aca-11e7-82f6-3863bb44ef7c,54,12,42,4,1,1770009849,2026-02-02 00:25:24
66dc292c-0aca-11e7-82f6-3863bb44ef7c,25,20,4,18,1,1770009849,2026-02-02 00:25:24
2124426077519611940,2,1,1,12,1,1770009845,2026-02-02 00:25:24
1799624430022654108,4,0,4,13,1,1770009845,2026-02-02 00:25:24
bfe5e69d-89ff-48b3-bf20-80cbdfa443e0,7,3,4,38,1,1770009845,2026-02-02 00:25:24
66dc7f02-0aca-11e7-82f6-3863bb44ef7c,44,36,8,49,1,1770009845,2026-02-02 00:25:24
1835250442210857240,12,0,12,8,1,1770009845,2026-02-02 00:25:24
c7604869-5b55-40cf-812e-fc97901bdf14,15,0,15,11,1,1770009849,2026-02-02 00:25:24
7a6fc75f-a605-4dd6-b567-b2bbbfb862f3,0,0,0,0,0,1769747711,2026-02-02 00:25:24
32cc1603-a4b5-4099-b7bf-681de451b04a,8,1,7,31,1,1770009849,2026-02-02 00:25:24
a2ef8ed2-6031-4049-b7dc-9838ef39889b,11,1,10,5,1,1770009850,2026-02-02 00:25:24
1814901062206225038,10,1,9,8,1,1770009850,2026-02-02 00:25:24
66dbc37a-0aca-11e7-82f6-3863bb44ef7c,8,7,1,49,1,1770009850,2026-02-02 00:25:24
1096fc76-794e-4343-8eb0-0dd6c9a48266,1,0,1,15,1,1770009851,2026-02-02 00:25:24
6d766daf-9298-4059-a329-1818582d495f,10,10,0,0,1,1770009851,2026-02-02 00:25:24
2124381939991318658,1,0,1,8,1,1770009851,2026-02-02 00:25:24
1862788202397235246,12,1,11,3,1,1770009851,2026-02-02 00:25:24
83a5d761-57d0-4cd6-aa2b-7eb350120d99,2,1,1,13,1,1770009852,2026-02-02 00:25:24
3d68a3fd-91da-49e8-9cd5-69b333863789,13,4,9,3,1,1770009852,2026-02-02 00:25:24
12279d2b-29f6-4e02-a7f0-244970f7edd5,5,2,3,17,1,1770009858,2026-02-02 00:25:24
66dbc420-0aca-11e7-82f6-3863bb44ef7c,1,0,1,40,1,1770009859,2026-02-02 00:25:24
66dd4ec7-0aca-11e7-82f6-3863bb44ef7c,11,8,3,59,1,1770009858,2026-02-02 00:25:24
66dc2c78-0aca-11e7-82f6-3863bb44ef7c,6,1,4,76,1,1770009859,2026-02-02 00:25:24
ab5c5ee6-9c4e-4aaa-a14e-d236d3e01d9a,0,0,0,0,0,86400,2026-02-02 00:25:24
a93cb1ec-fb37-4faf-a7e7-d1e5a9e9af95,0,0,0,0,0,86400,2026-02-02 00:25:24
32c60668-a192-4d06-aa7c-6d6f7aed6b45,0,0,0,0,0,86400,2026-02-02 00:25:24
fd0e86e3-079d-40aa-8231-ec2cbdbd9e7f,0,0,0,0,0,86400,2026-02-02 00:25:24
d67375ea-3f93-4996-b0dc-f542341f2e6a,0,0,0,0,0,86400,2026-02-02 00:25:24
2171903733697659376,0,0,0,0,0,86400,2026-02-02 00:25:24
2177015593774932282,0,0,0,0,0,86400,2026-02-02 00:25:24
2177016792070807878,0,0,0,0,0,86400,2026-02-02 00:25:24
d2024260-cc58-451b-9417-3a695f8a1b34,0,0,0,0,0,1767211364,2026-02-02 00:25:24
2171903845366809074,0,0,0,0,0,86400,2026-02-02 00:25:24
2171903221356328154,0,0,0,0,0,86400,2026-02-02 00:25:24
14f928c6-9a51-40a2-b7e6-a74e8b351dbf,0,0,0,22,0,1769998580,2026-02-02 00:25:24
66dde3b1-0aca-11e7-82f6-3863bb44ef7c,0,0,0,10,0,1769485181,2026-02-02 00:25:24
1864606193814670106,0,0,0,19,0,1769909783,2026-02-02 00:25:24
66dd243c-0aca-11e7-82f6-3863bb44ef7c,0,0,0,35,0,1769989155,2026-02-02 00:25:24
7cb65297-c880-459a-b054-4e059576c02a,0,0,0,13,0,1769835686,2026-02-02 00:25:24
c042a307-2d7d-4ee9-95b7-a7505a3428c2,0,0,0,27,0,1769940301,2026-02-02 00:25:24
7f3aa940-18ef-4900-89dc-cdb05f693f31,0,0,0,15,0,1769898046,2026-02-02 00:25:24
1786697166576476490,0,0,0,4,0,1769808696,2026-02-02 00:25:24
7a15d81b-357e-42e0-b208-93ffd562fd63,5,3,2,20,1,1770009740,2026-02-02 00:25:24
1860189190334925058,3,1,2,16,1,1770009740,2026-02-02 00:25:24
66dc48ef-0aca-11e7-82f6-3863bb44ef7c,7,7,0,47,1,1770009740,2026-02-02 00:25:24
66dcf023-0aca-11e7-82f6-3863bb44ef7c,9,5,4,10,1,1770009738,2026-02-02 00:25:24
79399e32-a6c6-4732-8ad4-9f9140a86b21,9,3,6,9,1,1770009737,2026-02-02 00:25:24
2123939659270367896,4,2,2,9,1,1770009737,2026-02-02 00:25:24
5d994b32-b7a5-450d-9bbb-93bf3b03e6d5,1,1,0,15,1,1770009746,2026-02-02 00:25:24
1945125910957847430,8,0,8,4,1,1770009746,2026-02-02 00:25:24
36025f2c-ee4d-4c1a-832d-733cf37f98ef,1,1,0,26,1,1770009746,2026-02-02 00:25:24
d8e02e7b-632b-4fbe-95b9-80efa47473e3,2,2,0,17,1,1770009746,2026-02-02 00:25:24
94771406-6712-4508-9392-11e9d90e1185,10,3,7,2,1,1770009744,2026-02-02 00:25:24
1838685618105506490,0,0,0,18,1,1770009745,2026-02-02 00:25:24
b9deb521-41b6-4f8a-ac78-0e58e3977f2c,4,0,4,21,1,1770009745,2026-02-02 00:25:24
1947001743402778700,2,2,0,21,1,1770009747,2026-02-02 00:25:24
b7d7543b-74ac-4a48-a3c4-412f9ffbc727,8,0,8,14,1,1770009748,2026-02-02 00:25:24
0ebdda6a-37e4-4ff4-94e8-3947f49d8e24,7,0,7,9,1,1770009743,2026-02-02 00:25:24
3bf69f3e-23f6-4abe-b5fe-dabe6b0ea066,4,2,2,16,1,1770009743,2026-02-02 00:25:24
2436e886-dc53-47cb-8733-d663f9dcd922,3,0,3,14,1,1770009744,2026-02-02 00:25:24
40eaa69a-d3ab-48fc-b395-b5bdc6a1aa85,7,2,5,13,1,1770009749,2026-02-02 00:25:24
66db3708-0aca-11e7-82f6-3863bb44ef7c,28,4,24,3,1,1770009742,2026-02-02 00:25:24
1786687245202023014,0,0,0,1,0,1769556416,2026-02-02 00:25:24
2104278402820534724,0,0,0,13,0,1770008370,2026-02-02 00:25:24
b30815c0-99b6-451b-be15-902992cb8abb,0,0,0,3,0,1770003157,2026-02-02 00:25:24
66dbebad-0aca-11e7-82f6-3863bb44ef7c,0,0,0,12,0,1769994524,2026-02-02 00:25:24
66ddea2a-0aca-11e7-82f6-3863bb44ef7c,59,19,40,5,1,1770009749,2026-02-02 00:25:24
99142ec8-c0e7-47ca-916c-c1097d48e133,13,8,5,23,1,1770009753,2026-02-02 00:25:24
b1e496f1-43cf-48d0-be49-ab0d760c00bf,0,0,0,23,1,1770009753,2026-02-02 00:25:24
66db9cc4-0aca-11e7-82f6-3863bb44ef7c,7,0,7,29,1,1770009754,2026-02-02 00:25:24
ace80a8c-6196-484e-8dd0-061e3c90389b,0,0,0,28,1,1770009755,2026-02-02 00:25:24
1843486189591985058,3,0,3,16,1,1770009755,2026-02-02 00:25:24
a82cc641-0926-4a63-b488-7060ab7dcd74,2,1,1,29,1,1770009755,2026-02-02 00:25:24
a1112e04-bc50-4782-b3d6-bb5902c0e8db,5,3,2,15,1,1770009745,2026-02-02 00:25:24
66de103b-0aca-11e7-82f6-3863bb44ef7c,4,0,4,17,1,1770009745,2026-02-02 00:25:24
467e1de6-73a6-480f-9e83-fd1b03b71047,12,1,11,9,1,1770009758,2026-02-02 00:25:24
1838071090619298218,9,5,4,11,1,1770009758,2026-02-02 00:25:24
66dc481a-0aca-11e7-82f6-3863bb44ef7c,44,23,21,8,1,1770009759,2026-02-02 00:25:24
f752c376-3a6f-4cd3-b9fd-3c049d45a9a6,5,1,4,13,1,1770009756,2026-02-02 00:25:24
ccaadb70-6c87-4ccc-9914-a3167bd1bc0e,6,3,3,26,1,1770009757,2026-02-02 00:25:24
d11db4cd-f9bf-430b-ac19-104fef323b24,2,2,0,16,1,1770009757,2026-02-02 00:25:24
1859811213834095332,11,2,9,6,1,1770009759,2026-02-02 00:25:24
66dd43bd-0aca-11e7-82f6-3863bb44ef7c,6,1,5,31,1,1770009759,2026-02-02 00:25:24
5600446d-a00a-45e6-9dc3-550adfd63e39,0,0,0,16,1,1770009760,2026-02-02 00:25:24
80969478-8dbc-42e1-8e16-ac0132a431c2,22,0,22,1,1,1770009760,2026-02-02 00:25:24
daefc84c-1b16-4220-8e1f-10ea4866fdc7,50,40,10,44,1,1770009757,2026-02-02 00:25:24
c02864f0-2611-440b-98f4-45fddfd545fe,20,0,20,2,1,1770009760,2026-02-02 00:25:24
66dc1d0c-0aca-11e7-82f6-3863bb44ef7c,1,0,1,24,1,1770009761,2026-02-02 00:25:24
2111353842893366258,11,2,9,20,1,1770009763,2026-02-02 00:25:24
66dd4bf7-0aca-11e7-82f6-3863bb44ef7c,1,0,1,38,1,1770009764,2026-02-02 00:25:24
66db3f62-0aca-11e7-82f6-3863bb44ef7c,6,0,6,44,1,1770009764,2026-02-02 00:25:24
02fb0f6a-b1dc-4e1c-97f8-fe70462670a3,24,2,22,1,1,1770009764,2026-02-02 00:25:24
d7f55e1b-12db-49d1-9cd8-4fb464745841,10,0,10,11,1,1770009762,2026-02-02 00:25:24
eb8fcff2-6f58-4724-b564-ebc9a8d374d8,15,0,14,3,1,1770009762,2026-02-02 00:25:24
b03adb87-2bd9-43a5-a822-7d06a9ee2d81,23,0,23,3,1,1770009762,2026-02-02 00:25:24
66dc7de9-0aca-11e7-82f6-3863bb44ef7c,18,9,9,91,1,1770009765,2026-02-02 00:25:24
1906951766876655628,0,0,0,29,1,1770009768,2026-02-02 00:25:24
1838070626762830158,4,1,3,15,1,1770009769,2026-02-02 00:25:24
e6b6c6e2-5fcb-47cd-8f2d-4324b7c977c8,9,6,3,8,1,1770009769,2026-02-02 00:25:24
3db2fa34-0b56-4644-9ae9-bbee1583e717,6,0,6,16,1,1770009766,2026-02-02 00:25:24
6ae35aa8-644e-4b2c-b6a4-6570192f78ab,16,1,15,13,1,1770009766,2026-02-02 00:25:24
66dca682-0aca-11e7-82f6-3863bb44ef7c,20,4,16,33,1,1770009766,2026-02-02 00:25:24
c0a3b8fe-ba64-4cbb-b010-f760998d6c3a,2,1,1,15,1,1770009766,2026-02-02 00:25:24
1817432233006383832,14,1,13,5,1,1770009767,2026-02-02 00:25:24
1934770108420609000,1,0,1,14,1,1770009767,2026-02-02 00:25:24
66dd266a-0aca-11e7-82f6-3863bb44ef7c,3,1,2,27,1,1770009771,2026-02-02 00:25:24
16a4effc-282e-4053-b47b-31f734d50c08,7,0,7,14,1,1770009771,2026-02-02 00:25:24
760ebaea-f7c7-45ad-aa3b-395d97adcf8f,8,2,6,11,1,1770009771,2026-02-02 00:25:24
4775fd25-2240-44d7-884a-d777d15a9b5e,1,0,1,16,1,1770009771,2026-02-02 00:25:24
1817431953833509324,1,1,0,18,1,1770009771,2026-02-02 00:25:24
66db33fc-0aca-11e7-82f6-3863bb44ef7c,21,19,2,32,1,1770009772,2026-02-02 00:25:24
989fdf95-cfb9-475c-ba0c-3152fd3a16e0,9,8,1,0,1,1770009770,2026-02-02 00:25:24
bf317efc-13f1-42be-8243-373a29354033,3,2,1,20,1,1770009770,2026-02-02 00:25:24
1820420224296772166,10,7,3,7,1,1770009771,2026-02-02 00:25:24
514f3dda-4d08-464c-b2d4-5706d400065a,1,0,1,13,1,1770009772,2026-02-02 00:25:24
1975559886658995034,1,0,1,22,1,1770009772,2026-02-02 00:25:24
39f756c2-3904-463e-95a8-8d8e3540e845,21,4,17,35,1,1770009772,2026-02-02 00:25:24
fe65853e-b20a-4250-9677-2aa177283b72,10,3,7,8,1,1770009773,2026-02-02 00:25:24
1814906873296976512,0,0,0,18,1,1770009772,2026-02-02 00:25:24
5f2766b0-362e-49e5-ab09-05e2c4b6f626,0,0,0,17,1,1770009774,2026-02-02 00:25:24
c9cd8c29-7f0b-4979-9a0e-bec4613d2600,0,0,0,20,1,1770009774,2026-02-02 00:25:24
66dc1e55-0aca-11e7-82f6-3863bb44ef7c,0,0,0,0,1,1770009774,2026-02-02 00:25:24
1835249317786962140,1,0,1,25,1,1770009775,2026-02-02 00:25:24
66dde208-0aca-11e7-82f6-3863bb44ef7c,15,14,1,8,1,1770009775,2026-02-02 00:25:24
ffef95fa-600b-4f08-b2ce-e8eb034ebfd8,4,4,0,20,1,1770009772,2026-02-02 00:25:24
1880643915885220532,1,1,0,23,1,1770009773,2026-02-02 00:25:24
66de3fde-0aca-11e7-82f6-3863bb44ef7c,3,3,0,22,1,1770009773,2026-02-02 00:25:24
fec4aa1b-9fc1-4dd9-ab39-c1d7370a6e54,4,0,4,15,1,1770009770,2026-02-02 00:25:24
50575cba-95ac-4134-9da1-3eec8253afc4,2,0,2,34,1,1770009777,2026-02-02 00:25:24
3f031133-ec95-4a92-9d63-2ae28183f498,7,2,5,6,1,1770009777,2026-02-02 00:25:24
1843486597735840252,16,1,15,3,1,1770009777,2026-02-02 00:25:24
66dc24b8-0aca-11e7-82f6-3863bb44ef7c,15,3,12,48,1,1770009778,2026-02-02 00:25:24
66dce4fc-0aca-11e7-82f6-3863bb44ef7c,13,3,10,11,1,1770009778,2026-02-02 00:25:24
3ff00115-e8da-4326-97d3-7bf4fe4df7a5,1,0,1,19,1,1770009775,2026-02-02 00:25:24
1908785111291682996,10,3,7,6,1,1770009776,2026-02-02 00:25:24
1198e739-787c-4ce4-aa63-ffaf98506e9c,1,0,1,58,1,1770009777,2026-02-02 00:25:24
1877653505745721834,1,0,1,17,1,1770009780,2026-02-02 00:25:24
a6a132f9-89bf-42a4-afe6-1ca449b7f570,8,5,3,4,1,1770009780,2026-02-02 00:25:24
8456b63c-37c6-49a6-8c02-bb6dcfc35041,9,5,4,6,1,1770009780,2026-02-02 00:25:24
66dc82ef-0aca-11e7-82f6-3863bb44ef7c,15,3,12,40,1,1770009780,2026-02-02 00:25:24
1854255035042870020,11,0,11,4,1,1770009785,2026-02-02 00:25:24
a70b26b7-fbad-4787-bf15-29f7b13a19ab,5,3,2,10,1,1770009785,2026-02-02 00:25:24
66dc3f08-0aca-11e7-82f6-3863bb44ef7c,33,24,9,47,1,1770009786,2026-02-02 00:25:24
52e81f02-b1f9-45d6-9e5c-e15277de1268,4,0,4,18,1,1770009783,2026-02-02 00:25:24
e6c2a46e-431a-4101-af84-870f660ff4cb,13,0,13,49,1,1770009782,2026-02-02 00:25:24
85ba92ab-8d0a-4d17-9d07-0173e16d3b6d,5,1,4,13,1,1770009783,2026-02-02 00:25:24
bb0ce308-e5d9-48c7-9f4b-cf0120f2c39a,0,0,0,21,1,1770009783,2026-02-02 00:25:24
66dcf640-0aca-11e7-82f6-3863bb44ef7c,16,0,16,2,1,1770009783,2026-02-02 00:25:24
1843486667668726558,15,0,15,1,1,1770009784,2026-02-02 00:25:24
66db6d40-0aca-11e7-82f6-3863bb44ef7c,40,36,4,3,1,1770009782,2026-02-02 00:25:24
514afe43-84d4-4941-8281-75a93c5cd365,3,0,3,13,1,1770009783,2026-02-02 00:25:24
c7ffe3fa-9cd6-4d35-9060-7d5822381442,14,9,5,58,1,1770009783,2026-02-02 00:25:24
1860188607062574024,0,0,0,18,1,1770009782,2026-02-02 00:25:24
40914c6b-293d-49ac-b83a-d9d4af998aea,4,0,4,13,1,1770009786,2026-02-02 00:25:24
66dd4f31-0aca-11e7-82f6-3863bb44ef7c,5,2,3,20,1,1770009786,2026-02-02 00:25:24
1843486390605672640,5,0,5,16,1,1770009786,2026-02-02 00:25:24
cc7b86cf-a2fb-4738-b967-de7b197dc930,2,0,2,27,1,1770009780,2026-02-02 00:25:24
81a34754-ae08-47a6-964d-4733849a8fab,0,0,0,28,1,1770009781,2026-02-02 00:25:24
efa2a82f-eb4a-4b82-a602-6c42cb984101,1,1,0,15,1,1770009784,2026-02-02 00:25:24
1786696564295760054,6,3,3,19,1,1770009784,2026-02-02 00:25:24
66dc8bfd-0aca-11e7-82f6-3863bb44ef7c,8,1,7,38,1,1770009788,2026-02-02 00:25:24
1814900898997467540,6,0,6,9,1,1770009787,2026-02-02 00:25:24
03872f6b-a522-4c41-a4f2-5d0c41779e7b,2,0,2,17,1,1770009787,2026-02-02 00:25:24
2098359443836787630,3,2,1,67,1,1770009787,2026-02-02 00:25:24
711ccb32-e1bc-4577-ac7b-50592cc9b8a0,14,0,14,6,1,1770009791,2026-02-02 00:25:24
9719498d-bd5c-4424-86ac-dfe0795c57d1,5,3,2,17,1,1770009791,2026-02-02 00:25:24
923a60f7-2a0e-4a31-8dd5-66c8518c929e,4,2,2,11,1,1770009791,2026-02-02 00:25:24
9d23b0e9-a478-407c-a0e0-0aff1b0398fc,1,1,0,19,1,1770009791,2026-02-02 00:25:24
65a1b09d-560d-46bf-8f5d-7f59471a587e,2,1,1,17,1,1770009789,2026-02-02 00:25:24
8d2eff37-be09-4b46-a95d-abff89e16d56,7,1,6,10,1,1770009790,2026-02-02 00:25:24
94bcf812-5cff-460c-841f-54876ed1e7a4,0,0,0,18,1,1770009790,2026-02-02 00:25:24
324af152-33ea-48a7-8bb0-ad8b6f31571f,21,6,15,4,1,1770009790,2026-02-02 00:25:24
0eacb768-c7d5-4499-9182-9a1331d9280c,21,0,21,1,1,1770009792,2026-02-02 00:25:24
5f968a1b-ee60-43a0-ad25-05211e09e436,0,0,0,21,1,1770009793,2026-02-02 00:25:24
7f8cb36a-2bf4-4d57-afbd-331310f25355,12,3,9,24,1,1770009792,2026-02-02 00:25:24
66dc0bbd-0aca-11e7-82f6-3863bb44ef7c,17,1,16,7,1,1770009793,2026-02-02 00:25:24
66db6da2-0aca-11e7-82f6-3863bb44ef7c,36,17,19,6,1,1770009793,2026-02-02 00:25:24
2127386600787000162,0,0,0,25,1,1770009788,2026-02-02 00:25:24
1833865926273309136,20,13,7,38,1,1770009788,2026-02-02 00:25:24
87091002-cc25-452a-b5d9-f8d0c3fce422,2,1,1,21,1,1770009789,2026-02-02 00:25:24
c530a1cb-7c60-4651-be8a-9bfa5eb43f8a,6,0,6,18,1,1770009789,2026-02-02 00:25:24
f72a253f-3cef-4da8-9591-0cbd3a692162,12,8,4,26,1,1770009791,2026-02-02 00:25:24
9b7e3b8b-97ef-4038-820c-7cd1c1a34fc7,12,1,11,11,1,1770009792,2026-02-02 00:25:24
1849009534951225816,2,0,2,13,1,1770009792,2026-02-02 00:25:24
66db5e6a-0aca-11e7-82f6-3863bb44ef7c,3,1,2,15,1,1770009794,2026-02-02 00:25:24
66db8ca4-0aca-11e7-82f6-3863bb44ef7c,35,13,22,20,1,1770009794,2026-02-02 00:25:24
8a13182a-4823-4fe7-afcd-a4ef0b134ed9,2,0,2,17,1,1770009794,2026-02-02 00:25:24
e10a6e12-d98c-4625-940a-9f83d9b2f6c4,14,0,14,2,1,1770009794,2026-02-02 00:25:24
f3b359e2-7983-4aaf-b6b0-e3b7d30816a4,15,2,13,1,1,1770009789,2026-02-02 00:25:24
66dccad8-0aca-11e7-82f6-3863bb44ef7c,2,2,0,16,1,1770009795,2026-02-02 00:25:24
66dd3fc3-0aca-11e7-82f6-3863bb44ef7c,14,6,8,18,1,1770009796,2026-02-02 00:25:24
8f72fe26-98aa-4e87-a612-9ae0eb1d9a38,9,0,9,5,1,1770009796,2026-02-02 00:25:24
64de0666-b9ab-404e-a16b-03e449bb5b4d,2,0,2,15,1,1770009796,2026-02-02 00:25:24
94624d6e-4150-4ab1-92ff-bf55cb58ab61,0,0,0,18,1,1770009796,2026-02-02 00:25:24
1846085533896197012,11,0,11,0,1,1770009796,2026-02-02 00:25:24
999865d2-0735-4e85-a9d4-00810231530e,8,1,7,11,1,1770009797,2026-02-02 00:25:24
1875023224873448258,10,1,9,5,1,1770009797,2026-02-02 00:25:24
48b19cc8-bf45-4602-89ac-a8c0a0560c43,11,3,8,0,1,1770009798,2026-02-02 00:25:24
66dc85bb-0aca-11e7-82f6-3863bb44ef7c,18,10,8,13,1,1770009798,2026-02-02 00:25:24
1814907062275537820,13,0,13,11,1,1770009798,2026-02-02 00:25:24
1851674088959433552,2,1,1,14,1,1770009797,2026-02-02 00:25:24
66dc9068-0aca-11e7-82f6-3863bb44ef7c,4,0,4,60,1,1770009795,2026-02-02 00:25:24
fea72f55-d296-47af-9446-149688dcccbd,1,0,1,17,1,1770009795,2026-02-02 00:25:24
e72f0aec-2293-4636-988c-b9d30df092f8,23,6,16,10,1,1770009796,2026-02-02 00:25:24
5f7ac86c-1a98-4603-8749-4bb83ac84acd,35,28,7,15,1,1770009807,2026-02-02 00:25:24
ffaa8f6a-a4ea-4d3a-a57c-f42f77cd4581,1,1,0,20,1,1770009807,2026-02-02 00:25:24
66dc9143-0aca-11e7-82f6-3863bb44ef7c,11,3,8,19,1,1770009806,2026-02-02 00:25:24
06f0d251-e1e3-435c-8c5f-9b991a14ca4a,0,0,0,24,1,1770009807,2026-02-02 00:25:24
b9c209b2-6284-4f5a-a32a-680ef9da1c1f,1,1,0,17,1,1770009807,2026-02-02 00:25:24
1838618090943186984,14,0,14,2,1,1770009807,2026-02-02 00:25:24
66dc90d5-0aca-11e7-82f6-3863bb44ef7c,20,7,13,12,1,1770009807,2026-02-02 00:25:24
1836581441921155232,3,1,2,11,1,1770009802,2026-02-02 00:25:24
ecbfcdb7-fffc-4d45-bed2-1510fd45834d,7,1,6,10,1,1770009803,2026-02-02 00:25:24
4a4c7548-2466-48ef-8d7e-0aa4d6acb69e,1,0,1,13,1,1770009803,2026-02-02 00:25:24
55146e49-9bc4-4f13-bdf7-25422342b638,0,0,0,15,1,1770009802,2026-02-02 00:25:24
66db46d7-0aca-11e7-82f6-3863bb44ef7c,6,4,2,21,1,1770009800,2026-02-02 00:25:24
1835247745828931742,1,1,0,19,1,1770009799,2026-02-02 00:25:24
17aba164-9d41-4336-9767-2218b8994ded,7,3,4,14,1,1770009795,2026-02-02 00:25:24
66de1f7f-0aca-11e7-82f6-3863bb44ef7c,9,4,5,21,1,1770009795,2026-02-02 00:25:24
a37bd0e0-d1e9-4302-9ff7-286e415aff1c,13,2,11,1,1,1770009805,2026-02-02 00:25:24
d1c204d7-d575-417d-b134-6ebdf7e99f98,4,2,2,15,1,1770009805,2026-02-02 00:25:24
868586b3-ddc7-4b4b-9bed-a1e487033aaa,32,7,25,9,1,1770009805,2026-02-02 00:25:24
77463580-6421-403d-b170-f2660c216175,3,2,1,19,1,1770009805,2026-02-02 00:25:24
1815967674683118258,15,1,14,3,1,1770009805,2026-02-02 00:25:24
c56739c2-b310-4d73-ab0e-b6036abd9561,13,0,13,4,1,1770009806,2026-02-02 00:25:24
1828969726487003714,3,1,2,12,1,1770009806,2026-02-02 00:25:24
753591ba-36f7-4ded-ab7d-40df9994a05f,4,3,1,19,1,1770009825,2026-02-02 00:25:24
66db631c-0aca-11e7-82f6-3863bb44ef7c,40,31,9,3,1,1770009825,2026-02-02 00:25:24
15e1568b-f502-47a2-9d3d-b5aaa1edc239,16,15,1,3,1,1770009825,2026-02-02 00:25:24
4753c893-e4bd-4d6a-bc4d-42209a19ebeb,0,0,0,15,1,1770009828,2026-02-02 00:25:24
7d9a1b9e-0123-4561-a111-b3735fada687,3,0,3,20,1,1770009828,2026-02-02 00:25:24
2e5cde21-f0a2-4396-899e-6df275e99212,1,0,1,17,1,1770009829,2026-02-02 00:25:24
ebce9ecb-9678-4c42-89d7-08e54bc6fe90,0,0,0,17,1,1770009829,2026-02-02 00:25:24
66db2e3a-0aca-11e7-82f6-3863bb44ef7c,23,16,7,27,1,1770009826,2026-02-02 00:25:24
66de110b-0aca-11e7-82f6-3863bb44ef7c,18,7,11,16,1,1770009825,2026-02-02 00:25:24
2124037656159914878,1,0,1,7,1,1770009826,2026-02-02 00:25:24
1882735457106787122,17,7,10,6,1,1770009826,2026-02-02 00:25:24
54782566-697b-497e-a503-dc1f39963eb2,6,5,1,19,1,1770009826,2026-02-02 00:25:24
66dea52b-0aca-11e7-82f6-3863bb44ef7c,9,2,7,5,1,1770009827,2026-02-02 00:25:24
774c5443-d463-42b3-bfc5-b0ab3c56fe35,3,3,0,26,1,1770009827,2026-02-02 00:25:24
b319c797-71ff-490c-b965-ba2ac0f50da0,2,1,1,17,1,1770009827,2026-02-02 00:25:24
0e5be726-2452-42a0-9be8-ea85c8408e4c,2,1,1,19,1,1770009826,2026-02-02 00:25:24
66db269c-0aca-11e7-82f6-3863bb44ef7c,17,14,3,11,1,1770009826,2026-02-02 00:25:24
b47e5ffd-4215-4476-a89b-ebe52111f763,30,3,27,4,1,1770009827,2026-02-02 00:25:24
a90e9ad3-4347-4fa4-b031-9bf1f69ce049,0,0,0,16,1,1770009823,2026-02-02 00:25:24
1834145468418707676,11,1,10,5,1,1770009803,2026-02-02 00:25:24
66dc9223-0aca-11e7-82f6-3863bb44ef7c,17,12,5,66,1,1770009804,2026-02-02 00:25:24
5eac53d0-5510-441a-9dbb-76bd38acf4ef,2,0,2,14,1,1770009805,2026-02-02 00:25:24
6908ae75-b9a1-4f20-b192-95dc43e858a8,4,0,4,12,1,1770009804,2026-02-02 00:25:24
e982e1cb-7e7b-4769-85b8-565925200654,7,0,7,13,1,1770009805,2026-02-02 00:25:24
66dc7659-0aca-11e7-82f6-3863bb44ef7c,50,13,37,55,1,1770009801,2026-02-02 00:25:24
9c2a741d-7f3e-4aa1-b58b-db5c3e6bcb20,1,0,1,26,1,1770009802,2026-02-02 00:25:24
0cc38ba1-4625-4821-9a6f-e490525cbce2,3,1,2,13,1,1770009802,2026-02-02 00:25:24
1815967051912860522,27,2,25,1,1,1770009808,2026-02-02 00:25:24
ddc8ca6c-dceb-4603-ab1e-4bd972ca2a3d,6,1,5,6,1,1770009808,2026-02-02 00:25:24
c0a2d591-4eed-488b-b88b-0b23990e3756,16,1,15,3,1,1770009809,2026-02-02 00:25:24
b64eb0a5-d6d4-4f45-8c9a-e2d004819c99,3,2,1,15,1,1770009809,2026-02-02 00:25:24
fb180cce-96ee-4e66-b3ce-000f3db6e670,0,0,0,25,1,1770009809,2026-02-02 00:25:24
46dca5c6-7bd3-4a4f-aa1e-33aa66652294,16,2,14,10,1,1770009811,2026-02-02 00:25:24
9e0b3452-ef6d-4e94-8c05-7bef199cdb74,3,2,1,13,1,1770009811,2026-02-02 00:25:24
6651fc84-09d1-4cdb-a8d5-7d6345fb3466,8,0,8,7,1,1770009811,2026-02-02 00:25:24
e1a3f2f9-618f-4727-b2d6-676e02aadf17,6,1,5,10,1,1770009811,2026-02-02 00:25:24
189f573b-a2d0-40d2-af15-83c5015d93e2,0,0,0,21,1,1770009810,2026-02-02 00:25:24
1846086463217404850,12,4,8,5,1,1770009811,2026-02-02 00:25:24
c8060816-b4aa-4fd9-bc66-af28bf61dc87,0,0,0,21,1,1770009811,2026-02-02 00:25:24
66dc8768-0aca-11e7-82f6-3863bb44ef7c,8,5,3,32,1,1770009810,2026-02-02 00:25:24
1860187430946456420,0,0,0,18,1,1770009834,2026-02-02 00:25:24
66db479e-0aca-11e7-82f6-3863bb44ef7c,10,3,7,24,1,1770009834,2026-02-02 00:25:24
1871972060496771504,0,0,0,14,1,1770009835,2026-02-02 00:25:24
1945126257666675246,3,1,2,12,1,1770009835,2026-02-02 00:25:24
66dcca0d-0aca-11e7-82f6-3863bb44ef7c,5,1,4,15,1,1770009835,2026-02-02 00:25:24
66dcccfe-0aca-11e7-82f6-3863bb44ef7c,2,1,1,15,1,1770009835,2026-02-02 00:25:24
dccab832-b4a2-4105-927d-b52ec0d92c92,12,4,8,3,1,1770009835,2026-02-02 00:25:24
68827e5f-ed28-45de-99bf-66093a8c504f,0,0,0,19,1,1770009835,2026-02-02 00:25:24
2cd651e7-1e3a-4cd9-8fd1-a2416e032f6e,1,1,0,22,1,1770009831,2026-02-02 00:25:24
1a083890-e22b-4f81-8d98-567784034916,17,3,14,2,1,1770009831,2026-02-02 00:25:24
2132211694027383298,7,1,6,3,1,1770009831,2026-02-02 00:25:24
1815968422007427668,4,1,3,12,1,1770009831,2026-02-02 00:25:24
c4d6b123-df5a-446d-b0ae-d3c4846565d5,3,1,2,19,1,1770009832,2026-02-02 00:25:24
2142879485385917038,7,0,7,22,1,1770009832,2026-02-02 00:25:24
1885718199416500650,9,0,9,11,1,1770009833,2026-02-02 00:25:24
1849008925260421550,12,2,10,3,1,1770009833,2026-02-02 00:25:24
66dc741f-0aca-11e7-82f6-3863bb44ef7c,36,36,0,23,1,1770009833,2026-02-02 00:25:24
1835247469495105628,0,0,0,20,1,1770009830,2026-02-02 00:25:24
66db4282-0aca-11e7-82f6-3863bb44ef7c,47,22,25,15,1,1770009830,2026-02-02 00:25:24
852218fc-5e5b-4153-bc3f-03760b57e68a,0,0,0,21,1,1770009831,2026-02-02 00:25:24
398aa734-3893-4dba-a704-57ae8632c4f9,5,1,4,12,1,1770009830,2026-02-02 00:25:24
101c813e-02a8-4b6b-bd5d-981c1ea62019,4,2,2,16,1,1770009831,2026-02-02 00:25:24
d9bc0b3e-1af8-4cb6-a082-8ef1245ef329,4,2,2,23,1,1770009830,2026-02-02 00:25:24
66de1bc3-0aca-11e7-82f6-3863bb44ef7c,6,5,1,45,1,1770009829,2026-02-02 00:25:24
1786697528321024934,36,2,34,0,1,1770009829,2026-02-02 00:25:24
1864605659096685518,2,2,0,17,1,1770009830,2026-02-02 00:25:24
1817432954560889524,5,1,4,11,1,1770009830,2026-02-02 00:25:24
a724eb92-55ca-4b9f-9a87-c2e87b3cbd40,1,0,1,19,1,1770009834,2026-02-02 00:25:24
1861680889400379678,13,9,4,3,1,1770009833,2026-02-02 00:25:24
1786699974232881542,3,1,2,16,1,1770009833,2026-02-02 00:25:24
d0b87aa7-7e19-40d2-8f7d-6a622e6ac391,11,3,8,11,1,1770009834,2026-02-02 00:25:24
2124426189188761638,6,5,1,1,1,1770009820,2026-02-02 00:25:24
e4980fd0-e540-40ca-acba-c2a74f3294fc,0,0,0,23,1,1770009833,2026-02-02 00:25:24
1849009244468810224,14,3,11,0,1,1770009832,2026-02-02 00:25:24
bc512527-7863-48d5-aea8-3de470abc1ee,7,1,6,10,1,1770009815,2026-02-02 00:25:24
b930dd82-92d0-4d86-b896-7d8b827c2d5f,1,0,1,16,1,1770009815,2026-02-02 00:25:24
bb6bba3f-19a0-4ebb-a454-4ac678d9d62d,5,1,4,13,1,1770009816,2026-02-02 00:25:24
1828965887815635862,1,1,0,19,1,1770009816,2026-02-02 00:25:24
9e014047-d675-418b-a03c-84d974a25134,2,1,1,28,1,1770009814,2026-02-02 00:25:24
1861683747231494964,2,1,1,12,1,1770009814,2026-02-02 00:25:24
62e2b1dd-ca52-4e1c-a112-1d8846b9d9b5,11,2,9,3,1,1770009814,2026-02-02 00:25:24
2007842506069575758,15,4,11,0,1,1770009815,2026-02-02 00:25:24
55ccb271-7035-422e-bee1-20e84caa0217,22,2,19,23,1,1770009815,2026-02-02 00:25:24
3299ff79-36aa-42ef-b7f1-c40e95c8f570,19,2,17,19,1,1770009817,2026-02-02 00:25:24
d837d1b0-8f80-4f6c-ae45-5dd0deec6977,10,3,7,8,1,1770009817,2026-02-02 00:25:24
1786375597504305174,31,13,18,3,1,1770009817,2026-02-02 00:25:24
66dbf062-0aca-11e7-82f6-3863bb44ef7c,33,19,14,4,1,1770009817,2026-02-02 00:25:24
52dd11f4-bbd0-49ab-912b-06fac40d275d,11,2,9,19,1,1770009818,2026-02-02 00:25:24
1856847127505992556,1,0,1,2,1,1770009818,2026-02-02 00:25:24
66de88d7-0aca-11e7-82f6-3863bb44ef7c,1,1,0,39,1,1770009818,2026-02-02 00:25:24
199ea9dd-8f7e-4e05-a730-55edaacd8787,11,10,1,43,1,1770009818,2026-02-02 00:25:24
679dcf08-d88c-4d1b-b81d-fe9f4aabbff7,3,2,1,17,1,1770009818,2026-02-02 00:25:24
29223935-a682-411c-9f25-577bbb9804fc,13,0,13,0,1,1770009818,2026-02-02 00:25:24
2121032507515216178,5,0,5,0,1,1770009812,2026-02-02 00:25:24
cf284d60-23e7-49ec-91dc-8bfedb59cb6a,16,0,16,2,1,1770009813,2026-02-02 00:25:24
2126623199408050430,3,0,3,9,1,1770009813,2026-02-02 00:25:24
1813395029173762108,19,15,4,22,1,1770009813,2026-02-02 00:25:24
35b8b636-18d3-4860-b0a9-39c0bce96a10,3,1,2,22,1,1770009813,2026-02-02 00:25:24
66ddef96-0aca-11e7-82f6-3863bb44ef7c,29,2,27,10,1,1770009814,2026-02-02 00:25:24
a23a40c3-6da5-4b0f-bb6b-8bfc01ec2261,7,0,7,11,1,1770009813,2026-02-02 00:25:24
1819720453019329398,1,0,1,20,1,1770009814,2026-02-02 00:25:24
66dd2786-0aca-11e7-82f6-3863bb44ef7c,19,0,19,3,1,1770009814,2026-02-02 00:25:24
66db3997-0aca-11e7-82f6-3863bb44ef7c,21,6,14,49,1,1770009812,2026-02-02 00:25:24
0927e331-866f-4d99-99b4-04edde99117a,1,1,0,34,1,1770009816,2026-02-02 00:25:24
6a52ceae-3b97-487a-9438-de844bfbf1c2,7,5,2,9,1,1770009817,2026-02-02 00:25:24
66dd23a9-0aca-11e7-82f6-3863bb44ef7c,2,1,1,22,1,1770009819,2026-02-02 00:25:24
8f672aa7-08a1-4fe2-a471-06f219c0eb1b,4,1,3,10,1,1770009820,2026-02-02 00:25:24
4f57360d-a4cb-4568-b74a-f3086ccaee2e,4,3,1,15,1,1770009819,2026-02-02 00:25:24
66dc22a7-0aca-11e7-82f6-3863bb44ef7c,4,2,2,31,1,1770009810,2026-02-02 00:25:24
77b21502-a7a2-40b4-8f3e-f9c6c6ef0939,10,0,10,14,1,1770009810,2026-02-02 00:25:24
1804894168423871442,13,0,13,9,1,1770009810,2026-02-02 00:25:24
1860188069348460678,14,1,13,8,1,1770009810,2026-02-02 00:25:24
66dd455e-0aca-11e7-82f6-3863bb44ef7c,26,26,0,5,1,1770009810,2026-02-02 00:25:24
7f1b4c40-d9fa-4182-be0e-a993655cfb6f,4,2,2,1,1,1770009818,2026-02-02 00:25:24
bde94a25-6089-4490-af3a-8cc5702230b8,67,51,16,4,1,1770009819,2026-02-02 00:25:24
9a37d8a1-990b-484c-9603-262dbd1165cc,2,1,1,17,1,1770009823,2026-02-02 00:25:24
1854538793462575652,11,7,4,3,1,1770009823,2026-02-02 00:25:24
66de542a-0aca-11e7-82f6-3863bb44ef7c,37,1,36,6,1,1770009821,2026-02-02 00:25:24
66dbcdfc-0aca-11e7-82f6-3863bb44ef7c,3,2,1,51,1,1770009821,2026-02-02 00:25:24
01b7973e-c92e-4fbe-890e-2c24de33ce0e,3,0,3,12,1,1770009821,2026-02-02 00:25:24
17ba4945-b202-4667-965f-211d80622646,1,0,1,18,1,1770009821,2026-02-02 00:25:24
f06c01c3-fd7f-443c-a0c7-fc9233d77f6a,1,1,0,20,1,1770009821,2026-02-02 00:25:24
0cde9bcd-0dcb-45dc-9c9a-3e5485b5452e,1,0,1,18,1,1770009822,2026-02-02 00:25:24
66dd18dd-0aca-11e7-82f6-3863bb44ef7c,13,0,13,11,1,1770009845,2026-02-02 00:25:24
330ee4e3-29cb-48e5-845f-a8ccf1aa2ce6,5,2,3,20,1,1770009846,2026-02-02 00:25:24
c29c9178-bcb1-4c0c-b789-f4a89512a4e4,2,0,2,14,1,1770009846,2026-02-02 00:25:24
1845677022981917240,4,0,4,11,1,1770009846,2026-02-02 00:25:24
bd30f2a1-38ec-474d-9e36-07f688e87427,12,2,10,4,1,1770009846,2026-02-02 00:25:24
01839a78-f228-4706-8f7f-147b857492f2,2,0,2,19,1,1770009846,2026-02-02 00:25:24
9991b75b-a9ba-4abc-bf84-0108291be05a,7,1,6,15,1,1770009844,2026-02-02 00:25:24
380394f7-64fa-4a65-a4d1-7bcaddd41fab,2,0,2,17,1,1770009844,2026-02-02 00:25:24
f882ccc8-45aa-426b-aef6-514fe1d3d9cc,18,0,18,4,1,1770009845,2026-02-02 00:25:24
1814900752968579218,12,0,12,8,1,1770009845,2026-02-02 00:25:24
ed5c92f1-3293-4385-9e2b-9b716a096a19,4,4,0,45,1,1770009844,2026-02-02 00:25:24
66db3ba0-0aca-11e7-82f6-3863bb44ef7c,57,56,1,8,1,1770009845,2026-02-02 00:25:24
b7df61c0-8ead-46cb-9d6e-a6a3011ffb71,3,1,2,21,1,1770009844,2026-02-02 00:25:24
66de1c33-0aca-11e7-82f6-3863bb44ef7c,9,6,3,24,1,1770009844,2026-02-02 00:25:24
81640d04-c36a-4fb1-98b0-85be10be516c,1,0,1,13,1,1770009844,2026-02-02 00:25:24
9ac5758f-0419-4e28-8387-6bcd28db17fa,5,0,5,8,1,1770009844,2026-02-02 00:25:24
1786697932047949952,4,1,3,16,1,1770009848,2026-02-02 00:25:24
3f878b81-324e-4673-9221-43d34647e76f,10,0,10,4,1,1770009848,2026-02-02 00:25:24
33c533cd-5f0e-4c15-a00a-6a2bf1e2d077,54,31,22,4,1,1770009848,2026-02-02 00:25:24
be435dfd-e859-487c-ae32-3d2b76d49a49,12,1,11,1,1,1770009849,2026-02-02 00:25:24
8ef6ec7d-e898-4edc-8f3f-af888f8c5ef4,3,0,3,17,1,1770009846,2026-02-02 00:25:24
1958457675193833900,3,2,1,19,1,1770009847,2026-02-02 00:25:24
1877920686883352866,8,4,4,0,1,1770009847,2026-02-02 00:25:24
d08be53f-9691-4d6f-81f3-7d052abb7dd6,1,1,0,16,1,1770009848,2026-02-02 00:25:24
e666a344-1afb-4512-b2e9-2fc5ed71be2b,11,9,2,8,1,1770009845,2026-02-02 00:25:24
2010065065442370322,5,2,3,19,1,1770009838,2026-02-02 00:25:24
4d674595-187c-417c-a691-676c4446c9fc,9,6,3,3,1,1770009838,2026-02-02 00:25:24
1887292564377354448,4,2,2,23,1,1770009838,2026-02-02 00:25:24
66de59bd-0aca-11e7-82f6-3863bb44ef7c,19,1,18,1,1,1770009838,2026-02-02 00:25:24
2121032973750651666,2,0,2,8,1,1770009838,2026-02-02 00:25:24
e6f3c665-0c87-4f34-a5e8-69baeed7b7bf,10,6,4,9,1,1770009838,2026-02-02 00:25:24
66dd51e6-0aca-11e7-82f6-3863bb44ef7c,4,4,0,73,1,1770009839,2026-02-02 00:25:24
2868db5b-df51-4c36-8515-ef77a5b092c2,10,1,9,3,1,1770009839,2026-02-02 00:25:24
2121033322026834516,10,0,10,3,1,1770009839,2026-02-02 00:25:24
1865017865553426604,9,1,8,5,1,1770009839,2026-02-02 00:25:24
cd72b9da-b7c6-4785-92b5-0fb2130f0d7b,5,4,1,17,1,1770009839,2026-02-02 00:25:24
afd76a0e-ceb8-4d18-a427-b378c4d07a75,18,3,15,2,1,1770009839,2026-02-02 00:25:24
2009671276352543716,0,0,0,14,1,1770009840,2026-02-02 00:25:24
8e631be4-1e0c-4627-a261-18f0003d0ba2,4,4,0,31,1,1770009842,2026-02-02 00:25:24
2bf9addc-038b-48fe-8794-dde085c5e5dc,15,4,11,28,1,1770009843,2026-02-02 00:25:24
66ddb6d9-0aca-11e7-82f6-3863bb44ef7c,47,13,34,12,1,1770009843,2026-02-02 00:25:24
7a771842-c090-4da1-8c13-72b7f4f50a87,11,1,10,15,1,1770009843,2026-02-02 00:25:24
dadd2084-d844-46f5-b7a4-128d31eeba8e,0,0,0,17,1,1770009843,2026-02-02 00:25:24
426862de-f8f2-4967-ba41-76680a4b460c,0,0,0,18,1,1770009843,2026-02-02 00:25:24
f54ad1f8-fe58-49ac-82ae-b742aec66829,50,44,6,21,1,1770009843,2026-02-02 00:25:24
1898455214498195676,0,0,0,20,1,1770009840,2026-02-02 00:25:24
1a5eae13-8f27-4875-8330-a796c95f8ad6,0,0,0,17,1,1770009840,2026-02-02 00:25:24
1869753340438110380,1,0,1,11,1,1770009840,2026-02-02 00:25:24
1827839088308194240,59,49,10,24,1,1770009840,2026-02-02 00:25:24
66de44ba-0aca-11e7-82f6-3863bb44ef7c,15,3,12,21,1,1770009840,2026-02-02 00:25:24
66dc79e6-0aca-11e7-82f6-3863bb44ef7c,4,0,4,13,1,1770009841,2026-02-02 00:25:24
92a51669-deec-45a9-8494-fafdf6356c51,6,3,3,24,1,1770009841,2026-02-02 00:25:24
fac701fb-c433-496e-933b-ea137dbe7fe1,1,1,0,16,1,1770009841,2026-02-02 00:25:24
1848241425697670086,20,0,20,3,1,1770009837,2026-02-02 00:25:24
a76299eb-73f7-401c-aa8b-edff9ef003bd,5,3,2,23,1,1770009837,2026-02-02 00:25:24
4543214c-c9d4-4f20-9cd9-dd05cc365931,2,1,1,37,1,1770009837,2026-02-02 00:25:24
2121032035614514006,5,0,5,1,1,1770009841,2026-02-02 00:25:24
d946ce73-5487-4ab7-b429-cf873e9af5b5,13,1,12,3,1,1770009841,2026-02-02 00:25:24
1848241963446241866,7,5,2,1,1,1770009841,2026-02-02 00:25:24
1820420022433309054,15,5,10,0,1,1770009842,2026-02-02 00:25:24
66db89a3-0aca-11e7-82f6-3863bb44ef7c,62,2,60,2,1,1770009836,2026-02-02 00:25:24
1893519215751496610,30,0,30,0,1,1770009841,2026-02-02 00:25:24
c37931bb-8571-4671-a9a8-f3cf23897680,40,8,32,29,1,1770009836,2026-02-02 00:25:24
0c923abb-298a-4a47-b132-9fae73cc59e6,18,3,15,6,1,1770009853,2026-02-02 00:25:24
4d4a3e7b-1005-4bfd-8680-340a20cacbee,17,2,15,1,1,1770009853,2026-02-02 00:25:24
66db7a0d-0aca-11e7-82f6-3863bb44ef7c,24,11,13,12,1,1770009853,2026-02-02 00:25:24
66db79a3-0aca-11e7-82f6-3863bb44ef7c,22,14,8,4,1,1770009853,2026-02-02 00:25:24
c45aa693-fedd-478f-ade9-bf176c4e32ff,10,1,9,7,1,1770009853,2026-02-02 00:25:24
9b4a92ae-cefe-467a-8e35-5ce02d4f3a45,8,1,7,8,1,1770009853,2026-02-02 00:25:24
2018303498843153278,14,6,8,9,1,1770009853,2026-02-02 00:25:24
2126579619522812246,8,5,3,1,1,1770009854,2026-02-02 00:25:24
66de269c-0aca-11e7-82f6-3863bb44ef7c,12,11,1,17,1,1770009854,2026-02-02 00:25:24
7380e377-936d-47d7-8abe-0f666d47465e,0,0,0,20,1,1770009852,2026-02-02 00:25:24
66dd20eb-0aca-11e7-82f6-3863bb44ef7c,1,0,1,30,1,1770009852,2026-02-02 00:25:24
bb07a569-cc74-439e-b424-916c0304f136,9,4,4,21,1,1770009852,2026-02-02 00:25:24
4168e5a4-c7ec-4045-bfc8-84ac5edbe845,28,18,9,0,1,1770009852,2026-02-02 00:25:24
48e7e465-f861-452a-9bf7-7eacd0b2bcac,18,1,17,0,1,1770009852,2026-02-02 00:25:24
9b721468-3b28-429d-9e13-580cdf00a6a4,15,1,14,2,1,1770009853,2026-02-02 00:25:24
2124425670552673214,1,0,1,11,1,1770009764,2026-02-02 00:25:24
0197e9da-ae03-40a7-8270-fe500bfc9e18,2,1,1,13,1,1770009851,2026-02-02 00:25:24
1834145868297717964,4,0,4,15,1,1770009851,2026-02-02 00:25:24
66de4f9c-0aca-11e7-82f6-3863bb44ef7c,12,2,10,5,1,1770009851,2026-02-02 00:25:24
5e93b806-08e1-4ef9-98ae-d3dda20e0469,0,0,0,18,1,1770009851,2026-02-02 00:25:24
66ddbd20-0aca-11e7-82f6-3863bb44ef7c,0,0,0,7,0,1769992056,2026-02-02 00:25:24
145bbc0d-8976-45ae-9565-158ba564d3d1,18,0,18,2,1,1770009853,2026-02-02 00:25:24
1854537815365165328,0,0,0,18,1,1770009854,2026-02-02 00:25:24
1828964993433043090,14,1,13,4,1,1770009855,2026-02-02 00:25:24
18326827-dcae-47e0-8518-c4bb9e21eef6,28,1,27,0,1,1770009854,2026-02-02 00:25:24
66de1368-0aca-11e7-82f6-3863bb44ef7c,28,7,21,4,1,1770009855,2026-02-02 00:25:24
785b3e6b-dab5-4d25-afab-e2a1ef918669,3,2,1,20,1,1770009855,2026-02-02 00:25:24
2121032708855884414,6,0,6,8,1,1770009850,2026-02-02 00:25:24
aa0e6301-4162-428d-8943-7b684089b0d1,5,0,5,12,1,1770009850,2026-02-02 00:25:24
2142879839954225698,2,1,1,12,1,1770009849,2026-02-02 00:25:24
66dcbf69-0aca-11e7-82f6-3863bb44ef7c,4,2,2,15,1,1770009849,2026-02-02 00:25:24
ea9a19a6-acea-4286-a723-b5481c90a3c0,13,0,13,0,1,1770009849,2026-02-02 00:25:24
1851254360969534132,0,0,0,22,1,1770009849,2026-02-02 00:25:24
1828967346753327602,5,0,5,11,1,1770009849,2026-02-02 00:25:24
e73cf71b-db05-44f9-b57a-689d65320d68,1,0,1,27,1,1770009854,2026-02-02 00:25:24
66de0bcb-0aca-11e7-82f6-3863bb44ef7c,7,1,6,42,1,1770009854,2026-02-02 00:25:24
31f340f3-3201-449e-b017-a26813aa448f,1,1,0,18,1,1770009855,2026-02-02 00:25:24
2121032193446634360,5,1,4,4,1,1770009855,2026-02-02 00:25:24
d52d4171-fd60-4a28-b7e2-89f3693e0591,8,0,8,6,1,1770009856,2026-02-02 00:25:24
66dbca0f-0aca-11e7-82f6-3863bb44ef7c,34,28,6,11,1,1770009850,2026-02-02 00:25:24
6ca15d94-897a-4c81-ab47-366829afb7c4,6,0,6,16,1,1770009856,2026-02-02 00:25:24
bdcbd89b-9ae0-461b-aa1d-7db7ead07400,19,0,19,1,1,1770009856,2026-02-02 00:25:24
956de8aa-9e06-4efb-8eb0-35fe9b274a48,11,11,0,7,1,1770009856,2026-02-02 00:25:24
7f6674c4-5568-4766-b172-0385348ae184,3,2,1,15,1,1770009856,2026-02-02 00:25:24
8f1fdf4b-ecca-4f03-b04c-e10fe596e2c7,3,0,3,21,1,1770009856,2026-02-02 00:25:24
1862759079900600428,1,1,0,15,1,1770009857,2026-02-02 00:25:24
22e38a04-e70d-4484-bbf3-f6e8c64fdbd4,8,2,6,12,1,1770009857,2026-02-02 00:25:24
a958a8af-a0cc-4bca-9114-93c74ce3c693,4,1,3,18,1,1770009856,2026-02-02 00:25:24
b7c6ce96-a24d-4c1e-93ee-6f49c1adf119,5,0,5,10,1,1770009857,2026-02-02 00:25:24
2b33334b-243c-4a16-a6d2-32304c8884f1,1,1,0,15,1,1770009857,2026-02-02 00:25:24
66db65aa-0aca-11e7-82f6-3863bb44ef7c,48,19,29,14,1,1770009857,2026-02-02 00:25:24
66dd4ac1-0aca-11e7-82f6-3863bb44ef7c,0,0,0,23,0,1769965436,2026-02-02 00:25:24
1876864480506022446,12,0,12,6,1,1770009857,2026-02-02 00:25:24
1880643497376459348,11,8,3,10,1,1770009858,2026-02-02 00:25:24
e2fc6d90-8deb-4e21-961d-9d5208c1f986,16,1,15,5,1,1770009858,2026-02-02 00:25:24
1202a491-9f76-4609-9b5c-eb7723ab5b45,3,0,3,8,1,1770009858,2026-02-02 00:25:24
66dbcf18-0aca-11e7-82f6-3863bb44ef7c,46,1,45,12,1,1770009858,2026-02-02 00:25:24
66dc864c-0aca-11e7-82f6-3863bb44ef7c,8,0,8,15,1,1770009858,2026-02-02 00:25:24
db91c9e0-d80b-4cb4-9cc2-9453ec8fbeac,3,1,2,13,1,1770009858,2026-02-02 00:25:24
1841926579628419438,0,0,0,17,1,1770009858,2026-02-02 00:25:24
2123939077451327830,6,2,4,4,1,1770009858,2026-02-02 00:25:24
66db6889-0aca-11e7-82f6-3863bb44ef7c,10,3,7,19,1,1770009858,2026-02-02 00:25:24
2171902875345687974,0,0,0,0,0,86400,2026-02-02 00:25:24
66db473c-0aca-11e7-82f6-3863bb44ef7c,0,0,0,3,0,1768246235,2026-02-02 00:25:24
dc8223ad-4108-40a8-9ff5-35e8490b4077,0,0,0,0,0,86400,2026-02-02 00:25:24
2004153375425087884,0,0,0,0,0,86400,2026-02-02 00:25:24
2171904090179944948,0,0,0,0,0,86400,2026-02-02 00:25:24
2177017749848514898,0,0,0,0,0,86400,2026-02-02 00:25:24
2177016064191230822,0,0,0,0,0,86400,2026-02-02 00:25:24
2177016343889563330,0,0,0,0,0,86400,2026-02-02 00:25:24
2177013822218302292,0,0,0,0,0,86400,2026-02-02 00:25:24
2177013981286744096,0,0,0,0,0,86400,2026-02-02 00:25:24
66dc7a7d-0aca-11e7-82f6-3863bb44ef7c,0,0,0,0,0,1760532172,2026-02-02 00:25:24
2171902770580328596,0,0,0,0,0,86400,2026-02-02 00:25:24
66ddede1-0aca-11e7-82f6-3863bb44ef7c,0,0,0,7,0,1769979920,2026-02-02 00:25:24
1840540966407039246,0,0,0,1,0,1769788119,2026-02-02 00:25:24
550153a5-2ea1-4c76-b1cd-77667005f55d,0,0,0,11,0,1769774525,2026-02-02 00:25:24
a1acdab2-29c7-4956-8b2e-24b39dc2ff13,0,0,0,42,0,1769853848,2026-02-02 00:25:24
66dd4b91-0aca-11e7-82f6-3863bb44ef7c,0,0,0,22,0,1770006308,2026-02-02 00:25:24
1846085626867634660,0,0,0,16,0,1769996974,2026-02-02 00:25:24
66de2a00-0aca-11e7-82f6-3863bb44ef7c,1,0,0,8,0,1769960975,2026-02-02 00:25:24
66dbc60f-0aca-11e7-82f6-3863bb44ef7c,0,0,0,0,0,1769871706,2026-02-02 00:25:24
2127386446510160022,0,0,0,18,0,1769917907,2026-02-02 00:25:24
66dde8ac-0aca-11e7-82f6-3863bb44ef7c,0,0,0,32,0,1769973383,2026-02-02 00:25:24
5c3c345d-1975-400d-a9d8-18815816886e,0,0,0,19,0,1769998464,2026-02-02 00:25:24
2124382079594320876,5,3,2,5,1,1770009724,2026-02-02 00:25:24
1899178885660253096,13,10,3,2,1,1770009744,2026-02-02 00:25:24
8ea09819-cd88-4732-b047-c0549f0b370f,16,8,8,8,1,1770009743,2026-02-02 00:25:24
1e3a16ff-65ba-4d34-b3c6-37aff44e085a,12,6,6,23,1,1770009742,2026-02-02 00:25:24
66db3273-0aca-11e7-82f6-3863bb44ef7c,30,19,11,5,1,1770009739,2026-02-02 00:25:24
f91170e6-a33c-4870-94da-9d51510515d2,1,0,1,15,1,1770009739,2026-02-02 00:25:24
ccfa8b82-07a7-4a08-88fc-be261c30a4ca,3,0,3,17,1,1770009744,2026-02-02 00:25:24
66dcc5ca-0aca-11e7-82f6-3863bb44ef7c,0,0,0,0,0,1770009745,2026-02-02 00:25:24
623c9658-5544-4254-847e-738763cf45a3,7,5,2,10,1,1770009740,2026-02-02 00:25:24
66db7152-0aca-11e7-82f6-3863bb44ef7c,17,6,11,26,1,1770009740,2026-02-02 00:25:24
7bdd60e9-c0fd-40f6-aa9a-d5fa004d4fe3,12,0,12,5,1,1770009740,2026-02-02 00:25:24
2743a950-3a1f-4a58-8fe0-f4105033e0e3,6,3,3,14,1,1770009742,2026-02-02 00:25:24
0f536c08-dde3-40af-a66d-1fe1e7edecd2,1,0,1,16,1,1770009740,2026-02-02 00:25:24
3d339282-d5c7-41ec-b634-6a988aefd440,3,1,2,12,1,1770009750,2026-02-02 00:25:24
66dc21d4-0aca-11e7-82f6-3863bb44ef7c,7,4,3,24,1,1770009750,2026-02-02 00:25:24
55fda28d-56a8-4db2-b42a-072714f18471,11,0,11,1,1,1770009746,2026-02-02 00:25:24
1828969112306680612,14,8,6,4,1,1770009747,2026-02-02 00:25:24
1893542109140147108,11,2,9,4,1,1770009752,2026-02-02 00:25:24
d9ec5589-c872-46f2-88cd-e54f9c596721,2,0,2,13,1,1770009745,2026-02-02 00:25:24
66dc2238-0aca-11e7-82f6-3863bb44ef7c,5,2,3,71,1,1770009749,2026-02-02 00:25:24
d33261e6-600e-4756-ad03-a9facbd8ace1,14,3,11,2,1,1770009746,2026-02-02 00:25:24
38bb1218-0a9e-41d9-b2ef-25c8626dac29,6,0,6,7,1,1770009748,2026-02-02 00:25:24
66de65a4-0aca-11e7-82f6-3863bb44ef7c,1,0,1,17,1,1770009752,2026-02-02 00:25:24
1947367330341251364,0,0,0,19,1,1770009752,2026-02-02 00:25:24
66dd1585-0aca-11e7-82f6-3863bb44ef7c,36,3,33,0,1,1770009752,2026-02-02 00:25:24
1838070776953752336,3,2,1,18,1,1770009753,2026-02-02 00:25:24
361dd964-db79-47dd-b044-eac88c735249,2,1,1,18,1,1770009754,2026-02-02 00:25:24
1786696384892428996,5,2,3,15,1,1770009754,2026-02-02 00:25:24
66dbeded-0aca-11e7-82f6-3863bb44ef7c,0,0,0,16,1,1770009754,2026-02-02 00:25:24
53e30d38-a110-42b4-a8f9-ca801a847ac7,36,17,19,2,1,1770009754,2026-02-02 00:25:24
62089e99-7f73-4f59-816d-57f9793484a1,11,0,11,1,1,1770009754,2026-02-02 00:25:24
d1138533-504c-4d29-b71c-299e1d31f159,19,1,18,13,1,1770009754,2026-02-02 00:25:24
f4f9a09c-010c-430c-a766-3390c44b4962,0,0,0,15,1,1770009758,2026-02-02 00:25:24
ce95fbdd-b7d2-46fc-910d-5c170e4b7610,1,1,0,17,1,1770009755,2026-02-02 00:25:24
1f872052-38c4-4701-96c4-c363de51c2b5,0,0,0,55,1,1770009756,2026-02-02 00:25:24
9b70cbe2-25fc-42f8-b6e6-ac21ef248e4b,3,1,2,15,1,1770009757,2026-02-02 00:25:24
66dde914-0aca-11e7-82f6-3863bb44ef7c,4,0,4,22,1,1770009761,2026-02-02 00:25:24
4bbf50a9-47c2-4a32-97c2-1f6bc4f9d401,19,0,19,10,1,1770009759,2026-02-02 00:25:24
66db40ef-0aca-11e7-82f6-3863bb44ef7c,35,24,11,5,1,1770009760,2026-02-02 00:25:24
4034789e-b70d-4aae-bf18-3ed37a4d751f,15,5,10,4,1,1770009761,2026-02-02 00:25:24
1841240663447542046,2,1,1,13,1,1770009761,2026-02-02 00:25:24
e8df73bd-5d3d-47c9-b04d-bcec4db5540f,41,6,35,12,1,1770009761,2026-02-02 00:25:24
0b94cc1e-2327-4679-99d9-3b21ddc02051,13,1,12,18,1,1770009763,2026-02-02 00:25:24
bc346753-b68a-4cb3-b93f-b0be68227eae,5,2,3,16,1,1770009763,2026-02-02 00:25:24
1843486464469891376,2,1,1,15,1,1770009759,2026-02-02 00:25:24
dd351a72-4241-4275-843d-0fffa8a1f414,2,0,2,19,1,1770009758,2026-02-02 00:25:24
8d097a6d-f17c-4195-9dd4-42527b371c71,52,42,10,5,1,1770009758,2026-02-02 00:25:24
c2800791-1911-4f2b-8fc7-bed280c557c0,34,29,5,6,1,1770009765,2026-02-02 00:25:24
42032bf9-4599-4035-bc01-c80bec1a7122,3,2,1,17,1,1770009765,2026-02-02 00:25:24
b516fedb-3ced-4683-8c17-7e5f6dadf04d,18,0,18,11,1,1770009766,2026-02-02 00:25:24
7603028c-8b04-4918-8a25-a087ce57aea4,15,1,14,14,1,1770009766,2026-02-02 00:25:24
66db64d1-0aca-11e7-82f6-3863bb44ef7c,9,2,7,7,1,1770009766,2026-02-02 00:25:24
66de5613-0aca-11e7-82f6-3863bb44ef7c,52,2,50,12,1,1770009766,2026-02-02 00:25:24
26176e86-8362-4c91-a693-6aa3f9ce0b73,3,1,2,7,1,1770009767,2026-02-02 00:25:24
ca4795a2-6ab3-4597-bf59-f0155ac1637c,21,0,21,43,1,1770009769,2026-02-02 00:25:24
66de482a-0aca-11e7-82f6-3863bb44ef7c,6,0,6,5,1,1770009769,2026-02-02 00:25:24
c066c90a-efb1-4f8b-aa15-38ba4edd4ebc,2,1,1,14,1,1770009769,2026-02-02 00:25:24
9c1c3499-1b11-471f-b59a-87d9e27e15c5,16,6,10,1,1,1770009770,2026-02-02 00:25:24
66dc192f-0aca-11e7-82f6-3863bb44ef7c,17,3,14,4,1,1770009771,2026-02-02 00:25:24
18846fd4-877c-4971-9b6f-1bd8fbc10346,3,1,2,16,1,1770009771,2026-02-02 00:25:24
1861682444178541220,21,1,20,4,1,1770009771,2026-02-02 00:25:24
1828968794479100296,8,1,7,8,1,1770009767,2026-02-02 00:25:24
66dc2bc5-0aca-11e7-82f6-3863bb44ef7c,5,3,2,102,1,1770009776,2026-02-02 00:25:24
61647ec6-dfd6-4d1c-8800-d488d390c627,26,17,9,4,1,1770009775,2026-02-02 00:25:24
66dd4b2b-0aca-11e7-82f6-3863bb44ef7c,0,0,0,45,1,1770009776,2026-02-02 00:25:24
203d7b9a-8666-4af1-81c7-f9fc36aa0952,0,0,0,16,1,1770009776,2026-02-02 00:25:24
1854538169357726138,0,0,0,17,1,1770009777,2026-02-02 00:25:24
74feba30-26a5-4949-b3a0-d6e13ba1a20c,0,0,0,17,1,1770009777,2026-02-02 00:25:24
fd081854-3f37-420a-9785-ea63c09c12ad,0,0,0,19,1,1770009772,2026-02-02 00:25:24
1885442082749874736,2,1,1,16,1,1770009772,2026-02-02 00:25:24
afc79a38-e26d-48f7-94e4-d0aca8fd1c49,2,1,1,14,1,1770009774,2026-02-02 00:25:24
cc834d78-6eca-450a-ae00-a5ffc6f1a7a6,14,0,14,0,1,1770009772,2026-02-02 00:25:24
90c35466-db3c-4b0d-993e-6e92883773b4,62,47,15,3,1,1770009772,2026-02-02 00:25:24
625711ba-3b5d-46a7-a8f9-7f4eb17ec1be,7,1,6,15,1,1770009775,2026-02-02 00:25:24
1869439561831725810,3,0,3,18,1,1770009774,2026-02-02 00:25:24
3863f086-ae35-4d0e-8c91-2b6e3e5827a1,20,5,15,12,1,1770009774,2026-02-02 00:25:24
e780c290-0c52-4ab1-9719-a581be789df3,0,0,0,13,1,1770009772,2026-02-02 00:25:24
f001fac9-5f19-451e-a752-afde574a8c81,0,0,0,16,1,1770009772,2026-02-02 00:25:24
141eb0e0-e78d-411a-a0be-202a6424cc93,17,1,16,3,1,1770009773,2026-02-02 00:25:24
fda0c217-9504-4b26-8a25-e40b603ee5fa,1,1,0,14,1,1770009779,2026-02-02 00:25:24
66dc1beb-0aca-11e7-82f6-3863bb44ef7c,15,2,13,81,1,1770009779,2026-02-02 00:25:24
062ffe5a-aa91-412d-8210-23d562c7e7f8,0,0,0,19,1,1770009779,2026-02-02 00:25:24
b506be9e-45d3-43d1-a262-27d8fa91e974,5,2,3,17,1,1770009779,2026-02-02 00:25:24
82dd89f6-1e5a-4a8f-8660-13cb64349e94,6,0,6,11,1,1770009780,2026-02-02 00:25:24
594b4656-9d83-4301-8967-3b92c126531c,8,2,6,14,1,1770009781,2026-02-02 00:25:24
d9ea5210-50b3-4342-9801-f896bd21f4a1,0,0,0,22,1,1770009781,2026-02-02 00:25:24
1884688942632618210,4,4,0,19,1,1770009782,2026-02-02 00:25:24
dc34ba4c-d8e5-4674-a02e-210c950c05c1,0,0,0,24,1,1770009777,2026-02-02 00:25:24
db41cc62-86ea-4421-bfaf-9b6511cfee10,0,0,0,30,1,1770009778,2026-02-02 00:25:24
d6834194-029d-4e2d-83b0-ee78ab5acda2,8,2,6,4,1,1770009778,2026-02-02 00:25:24
66dce5c9-0aca-11e7-82f6-3863bb44ef7c,10,2,8,8,1,1770009782,2026-02-02 00:25:24
1875672501601550456,6,0,6,11,1,1770009783,2026-02-02 00:25:24
e612122d-e0fd-4ebf-8d51-0f48f9d1b580,14,0,14,2,1,1770009783,2026-02-02 00:25:24
1815968026870435892,7,5,2,11,1,1770009780,2026-02-02 00:25:24
f15ccc6e-5a7c-46e7-b505-0bfc9cae3d83,1,0,1,28,1,1770009780,2026-02-02 00:25:24
1860189813948384088,8,2,6,9,1,1770009777,2026-02-02 00:25:24
66db7a71-0aca-11e7-82f6-3863bb44ef7c,4,4,0,32,1,1770009778,2026-02-02 00:25:24
83d1ff16-ba56-4eae-aa6a-b37b6439db82,4,0,4,24,1,1770009777,2026-02-02 00:25:24
88ee054e-bdeb-4305-8f3b-76eb964f2c84,1,0,1,12,1,1770009777,2026-02-02 00:25:24
66dea674-0aca-11e7-82f6-3863bb44ef7c,7,5,2,11,1,1770009782,2026-02-02 00:25:24
66dd1846-0aca-11e7-82f6-3863bb44ef7c,0,0,0,1,0,1769916621,2026-02-02 00:25:24
6076e321-85d8-4e0e-ae18-86bb8cbbda1b,0,0,0,1,0,1769992661,2026-02-02 00:25:24
45e8c326-b12d-4be6-b040-bb6de9986d25,0,0,0,6,0,1769806128,2026-02-02 00:25:24
66dde197-0aca-11e7-82f6-3863bb44ef7c,0,0,0,34,0,1769999372,2026-02-02 00:25:24
c0e0e578-8ce8-4c9d-be47-b902d8a41050,1,0,1,16,1,1770009789,2026-02-02 00:25:24
47bcbcc1-9241-4e65-99f1-07c15543be1b,6,3,3,14,1,1770009789,2026-02-02 00:25:24
66de8a86-0aca-11e7-82f6-3863bb44ef7c,4,2,2,52,1,1770009790,2026-02-02 00:25:24
063e7e78-b810-4a2f-8045-a82a0d69d752,11,3,8,31,1,1770009788,2026-02-02 00:25:24
284b08f2-3d26-4f52-9463-25e4a07c16f7,6,1,5,20,1,1770009788,2026-02-02 00:25:24
f3c68cfb-52fd-48c8-b6e5-85c179fee0b3,8,2,6,13,1,1770009788,2026-02-02 00:25:24
66dc41bb-0aca-11e7-82f6-3863bb44ef7c,11,8,3,39,1,1770009786,2026-02-02 00:25:24
66de5e5b-0aca-11e7-82f6-3863bb44ef7c,0,0,0,38,1,1770009786,2026-02-02 00:25:24
2104275164415193448,27,4,23,30,1,1770009787,2026-02-02 00:25:24
e5b2a7ce-d867-465b-8446-743e00617068,3,1,2,16,1,1770009788,2026-02-02 00:25:24
66dea894-0aca-11e7-82f6-3863bb44ef7c,33,22,11,2,1,1770009788,2026-02-02 00:25:24
bbb48e80-7d2f-4b3c-bb8c-591bc931945a,6,0,6,8,1,1770009788,2026-02-02 00:25:24
0e003543-3656-448f-8a93-029d265f2e26,8,0,8,13,1,1770009784,2026-02-02 00:25:24
66de2b97-0aca-11e7-82f6-3863bb44ef7c,16,9,7,13,1,1770009784,2026-02-02 00:25:24
1861271680294357158,1,1,0,21,1,1770009786,2026-02-02 00:25:24
d34f2271-10ee-40c3-a93a-09df58860512,5,2,3,8,1,1770009786,2026-02-02 00:25:24
93c28953-7e65-436e-9c5a-9d7ca0e3729f,6,3,3,15,1,1770009792,2026-02-02 00:25:24
1846086665080867236,8,1,7,8,1,1770009792,2026-02-02 00:25:24
1828965671716082498,11,2,9,4,1,1770009792,2026-02-02 00:25:24
1e83ffdc-8e72-45c0-8210-4f37e60505c9,6,2,4,24,1,1770009793,2026-02-02 00:25:24
66de08c9-0aca-11e7-82f6-3863bb44ef7c,7,0,7,12,1,1770009791,2026-02-02 00:25:24
66dbe848-0aca-11e7-82f6-3863bb44ef7c,95,67,28,19,1,1770009792,2026-02-02 00:25:24
1d130e43-0408-4423-bb52-77a08372cefa,7,4,3,19,1,1770009790,2026-02-02 00:25:24
085da8d4-9465-46f0-82d1-10c9c9177d64,3,2,1,15,1,1770009790,2026-02-02 00:25:24
1e6c5d0c-f406-4b60-88f6-6284a38d3930,2,0,2,14,1,1770009793,2026-02-02 00:25:24
66ddee56-0aca-11e7-82f6-3863bb44ef7c,7,5,2,3,1,1770009790,2026-02-02 00:25:24
b62bcd96-c2db-447c-bdd5-d3c18f174858,6,0,6,8,1,1770009790,2026-02-02 00:25:24
66dc4b4c-0aca-11e7-82f6-3863bb44ef7c,3,2,1,53,1,1770009794,2026-02-02 00:25:24
b9d3134b-697f-4a0f-b90f-d95f6c69ffda,1,1,0,17,1,1770009794,2026-02-02 00:25:24
d3f51f51-7e51-4c75-8600-d76916608707,5,2,3,22,1,1770009795,2026-02-02 00:25:24
7a8b474b-7577-4316-a192-d57576d194a3,3,2,1,12,1,1770009795,2026-02-02 00:25:24
8b1222da-612f-4482-ab34-9467c4ed28e3,6,0,6,13,1,1770009801,2026-02-02 00:25:24
59ad8f95-32a4-43de-b1c3-79c667b2d2df,0,0,0,27,1,1770009802,2026-02-02 00:25:24
ad17bd9a-735b-4a11-8ad3-dc7800e342af,12,3,9,12,1,1770009802,2026-02-02 00:25:24
85b77b8d-32b8-4049-a407-64319916e2c5,0,0,0,18,1,1770009800,2026-02-02 00:25:24
ca4e4962-2169-4559-8f60-b05ab7809750,7,1,6,12,1,1770009800,2026-02-02 00:25:24
66dbe7b6-0aca-11e7-82f6-3863bb44ef7c,4,4,0,22,1,1770009798,2026-02-02 00:25:24
632b140c-65de-4f50-9cc2-c001ae011aea,1,1,0,57,1,1770009799,2026-02-02 00:25:24
1828969515711812276,6,0,6,2,1,1770009799,2026-02-02 00:25:24
2f656bc4-7743-4326-8330-a22bd41d9d17,10,4,6,19,1,1770009799,2026-02-02 00:25:24
59e3766c-0629-4ff1-a1d9-bc0514a55487,4,1,3,18,1,1770009799,2026-02-02 00:25:24
648e09b6-95c2-40d3-9dac-a43f22eccf38,2,1,1,22,1,1770009800,2026-02-02 00:25:24
66db74a5-0aca-11e7-82f6-3863bb44ef7c,22,1,21,20,1,1770009801,2026-02-02 00:25:24
df243d7f-e6ae-435c-9895-aecbcff9cada,18,11,7,9,1,1770009801,2026-02-02 00:25:24
18fcd2c1-dc8b-4a52-9f18-e9b9003bbea5,14,6,8,17,1,1770009801,2026-02-02 00:25:24
66dc4599-0aca-11e7-82f6-3863bb44ef7c,19,13,6,2,1,1770009796,2026-02-02 00:25:24
1838999521825487230,16,0,16,0,1,1770009797,2026-02-02 00:25:24
66de2556-0aca-11e7-82f6-3863bb44ef7c,34,25,9,29,1,1770009797,2026-02-02 00:25:24
158e7752-27e2-4912-be0b-eb15405aa096,11,5,6,4,1,1770009798,2026-02-02 00:25:24
1796642668661690940,19,2,17,0,1,1770009814,2026-02-02 00:25:24
40fd82d6-c0e9-4876-adfb-816140ecfc39,8,3,5,9,1,1770009814,2026-02-02 00:25:24
d7d297fd-36dc-42f2-8e3b-24b1003be874,16,7,9,1,1,1770009814,2026-02-02 00:25:24
6f21be51-6fde-4cde-b1db-b102a5f67300,12,0,12,2,1,1770009808,2026-02-02 00:25:24
724aeecc-8c91-4afc-b97c-72a98de452c9,0,0,0,16,1,1770009808,2026-02-02 00:25:24
2119506830683992262,41,27,14,0,1,1770009808,2026-02-02 00:25:24
15cb007b-bfca-4ad7-bfc6-44bf3d36785a,20,0,20,3,1,1770009808,2026-02-02 00:25:24
3eed817a-63e5-424b-8ed3-c809db5488f7,43,16,27,3,1,1770009813,2026-02-02 00:25:24
23bc4d9b-1ec2-45fb-9228-e41517346b24,9,3,6,1,1,1770009812,2026-02-02 00:25:24
1814900632709495794,15,0,15,5,1,1770009813,2026-02-02 00:25:24
668ef22c-4665-4f42-bf6a-ab9e8a2899b1,3,2,1,20,1,1770009809,2026-02-02 00:25:24
b608193c-46ae-4b61-9e7a-4671e7c3b96e,2,0,2,14,1,1770009809,2026-02-02 00:25:24
be8e6f1c-e8b5-40bd-896d-423052ba3bbc,5,2,3,11,1,1770009809,2026-02-02 00:25:24
66db402c-0aca-11e7-82f6-3863bb44ef7c,42,16,26,32,1,1770009809,2026-02-02 00:25:24
3e9e50cc-f336-439f-bd0b-dec5499c038d,16,13,3,12,1,1770009812,2026-02-02 00:25:24
3c6c0d12-80dd-4c49-b7c5-e3549588b8cf,11,2,9,10,1,1770009812,2026-02-02 00:25:24
66de48f9-0aca-11e7-82f6-3863bb44ef7c,13,0,13,6,1,1770009821,2026-02-02 00:25:24
66dbb869-0aca-11e7-82f6-3863bb44ef7c,7,4,3,10,1,1770009821,2026-02-02 00:25:24
d8673258-9513-4ed2-86bf-bef62e7e4e30,6,6,0,8,1,1770009821,2026-02-02 00:25:24
1d167807-0aa8-413a-b7a0-01c2ca8a6a60,5,1,4,7,1,1770009822,2026-02-02 00:25:24
1869753812884512816,3,2,1,15,1,1770009822,2026-02-02 00:25:24
c0c6a931-c1d3-4202-a433-c4127a4cd846,0,0,0,19,1,1770009822,2026-02-02 00:25:24
1856766912456610780,0,0,0,20,1,1770009824,2026-02-02 00:25:24
66dbc551-0aca-11e7-82f6-3863bb44ef7c,10,4,6,34,1,1770009824,2026-02-02 00:25:24
61bc2467-aa8c-4386-ba9e-3f01120bd6b8,8,3,5,8,1,1770009825,2026-02-02 00:25:24
1815968147129520346,7,0,7,12,1,1770009825,2026-02-02 00:25:24
ba0a4ada-c9f6-48b4-a7b3-7220f6fb88c2,1,0,1,21,1,1770009825,2026-02-02 00:25:24
66de10a8-0aca-11e7-82f6-3863bb44ef7c,21,6,15,7,1,1770009824,2026-02-02 00:25:24
66de4594-0aca-11e7-82f6-3863bb44ef7c,7,4,3,13,1,1770009824,2026-02-02 00:25:24
a58ff2e3-a5ae-4070-a26d-ddfe8cc6fc58,20,17,3,1,1,1770009824,2026-02-02 00:25:24
66db34fc-0aca-11e7-82f6-3863bb44ef7c,1,0,1,31,1,1770009821,2026-02-02 00:25:24
66db7637-0aca-11e7-82f6-3863bb44ef7c,18,11,7,20,1,1770009823,2026-02-02 00:25:24
1846085927885781554,6,1,5,11,1,1770009823,2026-02-02 00:25:24
2026068766494475116,4,1,3,19,1,1770009823,2026-02-02 00:25:24
eafa19ed-88c2-4efc-bd73-3961f85b6063,19,16,2,9,1,1770009824,2026-02-02 00:25:24
1828967027013302842,4,0,4,10,1,1770009826,2026-02-02 00:25:24
66dc76cd-0aca-11e7-82f6-3863bb44ef7c,8,5,3,25,1,1770009823,2026-02-02 00:25:24
66dc259a-0aca-11e7-82f6-3863bb44ef7c,6,5,1,74,1,1770009823,2026-02-02 00:25:24
66dcfaf6-0aca-11e7-82f6-3863bb44ef7c,8,4,4,2,1,1770009823,2026-02-02 00:25:24
ebfafca3-5818-4e6f-8374-98f44a0ca0c6,0,0,0,25,1,1770009823,2026-02-02 00:25:24
66dbbc4a-0aca-11e7-82f6-3863bb44ef7c,8,4,4,12,1,1770009823,2026-02-02 00:25:24
2c321ea3-e1dd-4d32-be70-bd158fe1f568,5,4,1,70,1,1770009823,2026-02-02 00:25:24
1861681121800951962,14,3,11,4,1,1770009822,2026-02-02 00:25:24
45865207-8700-4ef2-99ed-b08889ef0250,5,0,5,15,1,1770009825,2026-02-02 00:25:24
96878d29-481d-48dc-bcdc-a5f1ce88c76d,3,1,2,16,1,1770009826,2026-02-02 00:25:24
1851674145014649512,7,2,5,15,1,1770009830,2026-02-02 00:25:24
285ad3c2-3ffe-45bb-8765-9c20a69641a6,5,1,4,8,1,1770009831,2026-02-02 00:25:24
66dc2172-0aca-11e7-82f6-3863bb44ef7c,3,0,3,79,1,1770009831,2026-02-02 00:25:24
1828967830172187422,2,0,2,24,1,1770009831,2026-02-02 00:25:24
66dc1c5c-0aca-11e7-82f6-3863bb44ef7c,16,11,5,50,1,1770009831,2026-02-02 00:25:24
2f580cf9-14e2-4300-ba22-f6d88d0312a5,3,1,2,21,1,1770009831,2026-02-02 00:25:24
6a9b19e3-cd69-4e0c-9b28-1889db936c7c,2,0,2,15,1,1770009831,2026-02-02 00:25:24
1786697003367719132,0,0,0,0,1,1770009831,2026-02-02 00:25:24
66dcc30b-0aca-11e7-82f6-3863bb44ef7c,4,2,2,11,1,1770009832,2026-02-02 00:25:24
55f6b830-e43e-4227-bfc7-683465236d94,12,5,7,32,1,1770009832,2026-02-02 00:25:24
3c135a2e-eeea-4e81-9c0a-8d14a6049198,13,0,13,5,1,1770009830,2026-02-02 00:25:24
96a0b676-e966-4d96-b04b-ceb8149cedcd,0,0,0,19,1,1770009830,2026-02-02 00:25:24
305c221f-4e0b-4a5a-902c-3d1043dfe606,3,2,1,13,1,1770009830,2026-02-02 00:25:24
1869439368558197224,4,3,1,17,1,1770009830,2026-02-02 00:25:24
66ddd369-0aca-11e7-82f6-3863bb44ef7c,36,25,11,4,1,1770009828,2026-02-02 00:25:24
de6f4206-3aa9-4cb9-aae0-8547d2cd6854,18,1,17,1,1,1770009828,2026-02-02 00:25:24
d47c856e-8cda-4da0-b8eb-1ccf0e6ef7ab,1,1,0,26,1,1770009828,2026-02-02 00:25:24
2366d8a4-7a49-42f3-9afe-efd2b200336b,13,7,6,7,1,1770009827,2026-02-02 00:25:24
66dc8f1f-0aca-11e7-82f6-3863bb44ef7c,10,7,3,40,1,1770009827,2026-02-02 00:25:24
344b52b0-73a9-4fe3-9132-23d0502dc0ae,2,0,2,14,1,1770009829,2026-02-02 00:25:24
c63e9937-cadb-4813-aee3-5fd3fcc93767,2,1,1,17,1,1770009829,2026-02-02 00:25:24
4c3b6e25-b0c2-4a3f-b07e-cd60cd1b0ac0,1,1,0,15,1,1770009829,2026-02-02 00:25:24
9a40cb60-6ede-4c9e-9d64-dc55cae57f31,4,1,3,23,1,1770009829,2026-02-02 00:25:24
e8a6c13b-1f6e-4e6b-bdf8-9b0e597e4a62,20,9,11,1,1,1770009831,2026-02-02 00:25:24
bb32aad7-8308-4ff8-b073-d5b518ffdd09,1,1,0,32,1,1770009829,2026-02-02 00:25:24
66db2afe-0aca-11e7-82f6-3863bb44ef7c,23,21,2,5,1,1770009795,2026-02-02 00:25:24
66db3606-0aca-11e7-82f6-3863bb44ef7c,11,0,11,40,1,1770009795,2026-02-02 00:25:24
ecc52c52-e2d9-4e73-8f9c-18ad8e9b0606,8,0,8,14,1,1770009795,2026-02-02 00:25:24
fe93b3ae-1d86-4ee9-9eb6-9e11808966aa,10,7,3,8,1,1770009795,2026-02-02 00:25:24
1885439359712500016,0,0,0,23,1,1770009795,2026-02-02 00:25:24
1875433315773395778,6,3,3,24,1,1770009795,2026-02-02 00:25:24
66dce567-0aca-11e7-82f6-3863bb44ef7c,5,0,5,12,1,1770009795,2026-02-02 00:25:24
956e9f8d-d23a-4a0e-bf28-84180e818af7,0,0,0,22,1,1770009805,2026-02-02 00:25:24
3c8847a6-c12a-40fd-9b22-4582ac1a0d9d,12,12,0,9,1,1770009805,2026-02-02 00:25:24
9c147c77-11da-4d0b-8a21-a8042ec8031b,1,0,1,17,1,1770009804,2026-02-02 00:25:24
1828966104320053340,4,0,4,12,1,1770009804,2026-02-02 00:25:24
9a52fbc1-d87a-4a65-941d-12fd55dbcdde,15,1,14,1,1,1770009804,2026-02-02 00:25:24
36edabac-a0c2-471b-abaf-73fdb53a4e5f,4,2,2,15,1,1770009804,2026-02-02 00:25:24
28be450b-7878-4495-add2-61afd94f375a,8,2,6,5,1,1770009803,2026-02-02 00:25:24
582cd775-0178-47f5-b707-6d5869f077ba,7,0,7,20,1,1770009803,2026-02-02 00:25:24
4eb6d6a8-ecc1-4e89-a586-4f96ed3d83e1,1,1,0,24,1,1770009803,2026-02-02 00:25:24
66dcac42-0aca-11e7-82f6-3863bb44ef7c,37,4,33,2,1,1770009807,2026-02-02 00:25:24
66dea596-0aca-11e7-82f6-3863bb44ef7c,8,6,2,15,1,1770009807,2026-02-02 00:25:24
0c106e83-c47a-4233-b5e4-62bbb75d0bed,0,0,0,18,1,1770009807,2026-02-02 00:25:24
66dc7cc3-0aca-11e7-82f6-3863bb44ef7c,3,2,1,36,1,1770009807,2026-02-02 00:25:24
1880644160834607498,9,1,8,11,1,1770009806,2026-02-02 00:25:24
1834145330979754058,2,0,2,23,1,1770009806,2026-02-02 00:25:24
1860188907884823208,3,0,3,16,1,1770009806,2026-02-02 00:25:24
e3e6105e-eaa2-43c5-badb-fb8592ad7227,8,6,2,10,1,1770009806,2026-02-02 00:25:24
66db2fd0-0aca-11e7-82f6-3863bb44ef7c,9,2,7,20,1,1770009820,2026-02-02 00:25:24
c809158b-ca8f-4a77-a800-8ee9d287c056,1,0,1,17,1,1770009820,2026-02-02 00:25:24
66de5ace-0aca-11e7-82f6-3863bb44ef7c,11,1,10,7,1,1770009820,2026-02-02 00:25:24
66dcc047-0aca-11e7-82f6-3863bb44ef7c,4,0,4,14,1,1770009821,2026-02-02 00:25:24
2022386456542683974,21,0,21,9,1,1770009819,2026-02-02 00:25:24
a3e2b360-f050-48ea-b8c8-57d897b8f7fc,3,3,0,13,1,1770009819,2026-02-02 00:25:24
5736cd70-be41-483e-8d82-721874f40e6e,3,1,2,15,1,1770009819,2026-02-02 00:25:24
4b67c6e0-d603-4fbc-afbe-0b8952f4f7af,15,0,15,13,1,1770009819,2026-02-02 00:25:24
9092515e-eef6-478f-910f-1cd19d06bebb,12,0,12,18,1,1770009819,2026-02-02 00:25:24
e0b80983-c520-47e3-9c8d-a17fff5e5582,14,0,14,3,1,1770009819,2026-02-02 00:25:24
66dd546c-0aca-11e7-82f6-3863bb44ef7c,7,0,7,10,1,1770009819,2026-02-02 00:25:24
cd118a8f-a7d1-4b7a-a6d3-d9e875cb29df,12,8,4,9,1,1770009820,2026-02-02 00:25:24
844c68cc-19f0-474a-86d3-4af170117aae,4,4,0,13,1,1770009818,2026-02-02 00:25:24
66de4078-0aca-11e7-82f6-3863bb44ef7c,4,2,2,11,1,1770009818,2026-02-02 00:25:24
2124037775602344266,2,0,2,10,1,1770009818,2026-02-02 00:25:24
66dded7a-0aca-11e7-82f6-3863bb44ef7c,5,1,4,23,1,1770009819,2026-02-02 00:25:24
66dd448f-0aca-11e7-82f6-3863bb44ef7c,15,14,1,18,1,1770009817,2026-02-02 00:25:24
9d95a4a9-bcfe-4189-bb7d-abd9992ecbaf,0,0,0,13,1,1770009817,2026-02-02 00:25:24
66db4671-0aca-11e7-82f6-3863bb44ef7c,20,14,6,21,1,1770009815,2026-02-02 00:25:24
821b19c1-ab13-4482-9580-770288a377a7,8,6,2,28,1,1770009815,2026-02-02 00:25:24
1893622839585237496,19,14,5,45,1,1770009817,2026-02-02 00:25:24
dfad8e49-7e1b-4376-90b4-7a449319f294,3,1,2,17,1,1770009817,2026-02-02 00:25:24
d7904cd0-4b1b-47d0-8103-937bcf5ff845,11,3,8,3,1,1770009817,2026-02-02 00:25:24
66dcbbfe-0aca-11e7-82f6-3863bb44ef7c,2,1,1,9,1,1770009816,2026-02-02 00:25:24
66de099d-0aca-11e7-82f6-3863bb44ef7c,1,0,1,37,1,1770009816,2026-02-02 00:25:24
1057229c-f8f8-4014-80cd-f40421c61cf0,8,7,1,9,1,1770009816,2026-02-02 00:25:24
1318e05a-2506-43c6-b49d-4c1f7f69a267,5,1,4,6,1,1770009816,2026-02-02 00:25:24
1846086138339179502,11,7,4,8,1,1770009833,2026-02-02 00:25:24
94f77501-32e5-4539-90c6-82d4198f7991,2,2,0,14,1,1770009833,2026-02-02 00:25:24
2098714441479661752,1,0,1,14,1,1770009833,2026-02-02 00:25:24
1b22c037-207d-454a-90aa-8f22d0a8a7e3,15,0,15,5,1,1770009833,2026-02-02 00:25:24
35a5b4d6-2d90-4b60-b68b-03bb60fb1afc,0,0,0,18,1,1770009833,2026-02-02 00:25:24
79c4a612-a5df-4814-9e6b-6305da61ebc4,14,0,14,1,1,1770009834,2026-02-02 00:25:24
66db2db5-0aca-11e7-82f6-3863bb44ef7c,38,2,36,9,1,1770009834,2026-02-02 00:25:24
1836581534415880440,1,0,0,25,1,1770009835,2026-02-02 00:25:24
66db69d0-0aca-11e7-82f6-3863bb44ef7c,15,3,12,13,1,1770009836,2026-02-02 00:25:24
1869753195262578852,1,0,1,15,1,1770009837,2026-02-02 00:25:24
1064b4b0-e9c8-4139-ac48-f118305dbe69,3,2,1,20,1,1770009836,2026-02-02 00:25:24
1b985e4b-88de-42a8-95be-dce37dbbc5c5,8,1,7,14,1,1770009837,2026-02-02 00:25:24
66de0933-0aca-11e7-82f6-3863bb44ef7c,17,2,15,10,1,1770009837,2026-02-02 00:25:24
e34bb92f-6911-449a-999b-5bc80e0322fe,5,0,5,13,1,1770009837,2026-02-02 00:25:24
1869851741257474316,21,1,20,1,1,1770009837,2026-02-02 00:25:24
cad68b8c-6d68-4c5f-88fe-b1aa3e40727a,9,1,8,9,1,1770009838,2026-02-02 00:25:24
0109f17a-2378-4500-9648-88bdb31ec612,31,0,31,0,1,1770009838,2026-02-02 00:25:24
787fe4b2-6029-4f71-917e-892479d8d64e,3,0,3,13,1,1770009838,2026-02-02 00:25:24
66db8d89-0aca-11e7-82f6-3863bb44ef7c,0,0,0,14,0,1769998621,2026-02-02 00:25:24
1815967159287043052,8,1,7,14,1,1770009836,2026-02-02 00:25:24
5dc8ddac-979e-4ae5-b879-3670cca7482d,2,0,2,19,1,1770009832,2026-02-02 00:25:24
66db5c14-0aca-11e7-82f6-3863bb44ef7c,3,1,2,21,1,1770009832,2026-02-02 00:25:24
2126579471787670468,5,0,5,8,1,1770009832,2026-02-02 00:25:24
66dbe8d6-0aca-11e7-82f6-3863bb44ef7c,17,7,10,33,1,1770009832,2026-02-02 00:25:24
547cdccc-7864-4898-97c9-8798d924ef54,37,28,9,6,1,1770009838,2026-02-02 00:25:24
a33a2d11-33a5-46ad-a086-5698ac17b7b4,23,6,17,1,1,1770009838,2026-02-02 00:25:24
341730d7-a61d-499d-8c07-fa015f644e54,48,37,11,21,1,1770009836,2026-02-02 00:25:24
be2bdee1-e3e9-45cc-94f0-2ba81a722ba3,3,0,3,13,1,1770009842,2026-02-02 00:25:24
66dd2811-0aca-11e7-82f6-3863bb44ef7c,2,2,0,42,1,1770009842,2026-02-02 00:25:24
1860188194745712748,15,0,15,3,1,1770009842,2026-02-02 00:25:24
44a80c48-c1a9-4ff1-92eb-6bf8be492f5e,4,0,4,11,1,1770009842,2026-02-02 00:25:24
387e2863-83ad-4589-8004-794a7b624801,1,1,0,17,1,1770009842,2026-02-02 00:25:24
c3d5f47f-cfc3-4c1f-86bb-bcf770d2949b,15,2,13,4,1,1770009843,2026-02-02 00:25:24
d5d589e6-457f-4cd4-bf78-59165dce28b2,15,7,8,6,1,1770009843,2026-02-02 00:25:24
1964061627836181486,9,9,0,69,1,1770009843,2026-02-02 00:25:24
1938139112487078732,3,2,1,27,1,1770009840,2026-02-02 00:25:24
1848242058183072050,6,0,6,8,1,1770009840,2026-02-02 00:25:24
d7bdc3d7-6e6d-4899-9cc7-f4238a86c695,4,3,1,19,1,1770009842,2026-02-02 00:25:24
b94d0241-bce7-44a9-ab1c-ece0740a4134,0,0,0,13,1,1770009842,2026-02-02 00:25:24
2123940148896639644,4,2,2,0,1,1770009842,2026-02-02 00:25:24
4d79bdb9-7c35-4d35-9f6e-3c1b849c453a,2,2,0,41,1,1770009842,2026-02-02 00:25:24
d3433b47-99a7-4b21-9fa7-d7052bb5c23b,2,0,2,13,1,1770009841,2026-02-02 00:25:24
bfbd1f09-afd2-49d2-8674-3a07b3c929a4,15,10,5,6,1,1770009840,2026-02-02 00:25:24
2576805f-9732-4c74-8f1d-57715e8cdfa2,1,1,0,27,1,1770009841,2026-02-02 00:25:24
1817432104157364846,10,0,10,1,1,1770009844,2026-02-02 00:25:24
1828966363527611286,10,0,10,2,1,1770009843,2026-02-02 00:25:24
2143247416766638978,4,1,3,37,1,1770009843,2026-02-02 00:25:24
67f60e7e-397a-4e47-b7f9-d10bd67133b3,9,7,2,40,1,1770009844,2026-02-02 00:25:24
1862008413697896912,1,0,1,17,1,1770009838,2026-02-02 00:25:24
328d778a-7e71-4240-acae-b84f0fdaa5c5,2,0,2,23,1,1770009839,2026-02-02 00:25:24
b4063b76-1abd-465c-96a4-45f6ee016bc5,4,3,1,12,1,1770009839,2026-02-02 00:25:24
d7632897-a6eb-4f8f-9ab2-c66426620fbf,7,0,7,5,1,1770009839,2026-02-02 00:25:24
66de5773-0aca-11e7-82f6-3863bb44ef7c,7,0,7,9,1,1770009845,2026-02-02 00:25:24
43f3d3c7-46b0-4812-879d-15afe8804c5f,16,7,9,5,1,1770009845,2026-02-02 00:25:24
66dd2208-0aca-11e7-82f6-3863bb44ef7c,3,2,1,35,1,1770009845,2026-02-02 00:25:24
1828969323789472168,11,4,7,1,1,1770009845,2026-02-02 00:25:24
88e64257-298c-4b8d-8886-77b9b66dcec1,6,3,3,39,1,1770009845,2026-02-02 00:25:24
bbaae5d3-7e2b-46a8-872e-152404c664f7,18,0,18,6,1,1770009845,2026-02-02 00:25:24
2126621966735272262,4,0,4,4,1,1770009846,2026-02-02 00:25:24
04d557d6-6bc3-4244-b0f1-81ed1449ccd6,7,5,2,4,1,1770009846,2026-02-02 00:25:24
1845676816555735590,7,1,6,10,1,1770009846,2026-02-02 00:25:24
db29242d-6ff3-4e22-85fe-45fa3d03ec39,1,1,0,18,1,1770009846,2026-02-02 00:25:24
66ddeffd-0aca-11e7-82f6-3863bb44ef7c,4,1,3,14,1,1770009847,2026-02-02 00:25:24
1860187181307969634,15,0,15,3,1,1770009847,2026-02-02 00:25:24
a4bb6fac-b795-4aa7-a266-613419019290,1,0,1,16,1,1770009848,2026-02-02 00:25:24
fa14408f-6e88-4668-86ee-ce10ea707f36,43,9,34,17,1,1770009848,2026-02-02 00:25:24
cc758f1a-8b28-4ff5-bc75-fbe62c453378,2,2,0,19,1,1770009849,2026-02-02 00:25:24
66dda55f-0aca-11e7-82f6-3863bb44ef7c,3,2,1,16,1,1770009849,2026-02-02 00:25:24
901cab1a-a77e-424e-b602-16883e792f93,6,1,5,12,1,1770009849,2026-02-02 00:25:24
66dcbe7c-0aca-11e7-82f6-3863bb44ef7c,0,0,0,13,0,1769844461,2026-02-02 00:25:24
a2f71eea-05a2-4fe7-99ab-f74535c880ae,0,0,0,16,1,1770009848,2026-02-02 00:25:24
a0eec052-257a-4c79-8171-6e2ad9864ad0,12,5,7,15,1,1770009847,2026-02-02 00:25:24
66dd039b-0aca-11e7-82f6-3863bb44ef7c,9,5,4,2,1,1770009844,2026-02-02 00:25:24
2126274308236524392,2,0,2,8,1,1770009809,2026-02-02 00:25:24
1932126716328112534,0,0,0,1,0,1769946919,2026-02-02 00:25:24
122111c9-9a61-4372-a756-fb2495611cb6,3,2,1,7,1,1770009844,2026-02-02 00:25:24
dad3b7df-ec40-4d54-bfdb-5e82be84d742,2,1,1,18,1,1770009844,2026-02-02 00:25:24
66dd41ef-0aca-11e7-82f6-3863bb44ef7c,8,6,2,31,1,1770009844,2026-02-02 00:25:24
66db2d2b-0aca-11e7-82f6-3863bb44ef7c,20,10,10,13,1,1770009849,2026-02-02 00:25:24
8fa2fafb-fa07-48b2-b159-bffbea7176d4,3,2,1,16,1,1770009849,2026-02-02 00:25:24
78b4aa30-e4e9-4447-9419-c89f8527892e,1,1,0,18,1,1770009850,2026-02-02 00:25:24
1860190006584693708,3,1,2,12,1,1770009850,2026-02-02 00:25:24
b55f9b55-7fa7-4f0f-9732-78cbe07452e1,15,4,11,7,1,1770009845,2026-02-02 00:25:24
36b55a0f-e55d-4849-859a-09b3273fb782,8,0,8,8,1,1770009845,2026-02-02 00:25:24
2137774972219769002,3,0,3,2,1,1770009850,2026-02-02 00:25:24
66de867e-0aca-11e7-82f6-3863bb44ef7c,9,3,6,20,1,1770009851,2026-02-02 00:25:24
b0239a13-649a-4d31-aa04-56b8aaeba4d4,1,0,1,15,1,1770009851,2026-02-02 00:25:24
0dc63044-e19c-474d-9df1-c3e504d03b07,6,3,3,33,1,1770009854,2026-02-02 00:25:24
e4645d0d-8b76-4c46-b2b9-be25592e0659,5,2,3,16,1,1770009855,2026-02-02 00:25:24
1848242216849312578,7,1,6,9,1,1770009855,2026-02-02 00:25:24
66dde845-0aca-11e7-82f6-3863bb44ef7c,15,15,0,14,1,1770009855,2026-02-02 00:25:24
66db63f4-0aca-11e7-82f6-3863bb44ef7c,3,0,3,10,1,1770009855,2026-02-02 00:25:24
66dea6e1-0aca-11e7-82f6-3863bb44ef7c,4,1,3,55,1,1770009855,2026-02-02 00:25:24
9e5fd5b6-c5f2-4694-9406-a44b7d0146d9,19,10,9,13,1,1770009855,2026-02-02 00:25:24
ad41e353-033e-484f-8d76-78014e11e9d7,6,2,4,11,1,1770009855,2026-02-02 00:25:24
66dc0cc7-0aca-11e7-82f6-3863bb44ef7c,4,3,0,37,1,1770009853,2026-02-02 00:25:24
1786375069262703476,7,1,6,13,1,1770009854,2026-02-02 00:25:24
66de5095-0aca-11e7-82f6-3863bb44ef7c,3,1,2,12,1,1770009854,2026-02-02 00:25:24
1851999409149780880,11,0,11,8,1,1770009854,2026-02-02 00:25:24
1861682702044957494,2,2,0,12,1,1770009852,2026-02-02 00:25:24
e2b28abd-07a4-4552-ad17-abf155aff28a,0,0,0,20,1,1770009852,2026-02-02 00:25:24
66dc252e-0aca-11e7-82f6-3863bb44ef7c,22,5,17,3,1,1770009852,2026-02-02 00:25:24
9ea2afff-a146-4824-89b6-39d5bdfac795,13,12,1,0,1,1770009852,2026-02-02 00:25:24
4dcff9e7-7cb6-4d3d-ad67-c2e4c05933d3,6,0,6,15,1,1770009852,2026-02-02 00:25:24
1828967607558607844,1,0,1,15,1,1770009853,2026-02-02 00:25:24
002e6e9f-ced2-47b0-bc7e-ccf38c3b4b0f,3,0,3,15,1,1770009853,2026-02-02 00:25:24
b0cc08dc-e7dd-48d1-8901-ba496f3ff2f5,1,0,1,40,1,1770009853,2026-02-02 00:25:24
1903998756008763590,8,4,4,42,1,1770009851,2026-02-02 00:25:24
e1886e7a-62b1-4359-9835-8ab5a16371ae,1,0,1,17,1,1770009856,2026-02-02 00:25:24
66dd491c-0aca-11e7-82f6-3863bb44ef7c,1,0,1,20,1,1770009856,2026-02-02 00:25:24
7a725e59-49be-4c1d-9c3d-3b3a8ed1232f,7,7,1,10,1,1770009856,2026-02-02 00:25:24
5db1fefa-0f10-4c58-a7ce-113f3164ced8,7,1,6,6,1,1770009856,2026-02-02 00:25:24
66de186f-0aca-11e7-82f6-3863bb44ef7c,5,2,3,18,1,1770009856,2026-02-02 00:25:24
647a2a80-9630-41b0-9b91-1f464b0bf3cc,42,38,4,21,1,1770009856,2026-02-02 00:25:24
c46a2889-258b-4fc5-a452-1d4e7dfe683a,1,0,1,15,1,1770009856,2026-02-02 00:25:24
1836581807397045112,1,1,0,22,1,1770009857,2026-02-02 00:25:24
66dbf4ac-0aca-11e7-82f6-3863bb44ef7c,8,3,5,28,1,1770009857,2026-02-02 00:25:24
a8560d28-9ee1-4af4-9180-7e9c4dd0d147,9,0,9,7,1,1770009858,2026-02-02 00:25:24
e58234a3-5b23-427e-948f-c1e4571b2bfa,21,2,19,37,1,1770009857,2026-02-02 00:25:24
66db44e5-0aca-11e7-82f6-3863bb44ef7c,4,1,3,32,1,1770009857,2026-02-02 00:25:24
1954806962718223342,24,12,12,1,1,1770009857,2026-02-02 00:25:24
66dc8b6a-0aca-11e7-82f6-3863bb44ef7c,36,7,29,7,1,1770009858,2026-02-02 00:25:24
66dd0808-0aca-11e7-82f6-3863bb44ef7c,0,0,0,23,1,1770009857,2026-02-02 00:25:24
5780ae63-54e5-48e3-a00c-9c403cb75401,12,0,12,8,1,1770009858,2026-02-02 00:25:24
993fc83f-52c6-43f4-bb49-4abe4ad48150,1,0,1,17,1,1770009858,2026-02-02 00:25:24
eb41a103-0196-4f19-a440-256167191a7d,1,1,0,15,1,1770009858,2026-02-02 00:25:24
cac843c2-8b21-47bb-a3b9-712f95d7f7aa,17,4,13,0,1,1770009858,2026-02-02 00:25:24
66dcf0b3-0aca-11e7-82f6-3863bb44ef7c,11,7,4,8,1,1770009858,2026-02-02 00:25:24
bd1760ad-3af3-4ede-9bd7-c8fbf46d7192,5,4,1,14,1,1770009858,2026-02-02 00:25:24
2144768975813378884,0,0,0,16,1,1770009858,2026-02-02 00:25:24
2b54cb2c-31be-4620-a13c-0fa72b58c90a,1,1,0,25,1,1770009858,2026-02-02 00:25:24
66db88f5-0aca-11e7-82f6-3863bb44ef7c,8,0,8,23,1,1770009859,2026-02-02 00:25:24
66dbf518-0aca-11e7-82f6-3863bb44ef7c,5,4,1,18,1,1770009859,2026-02-02 00:25:24
1835247196073118026,5,0,5,6,1,1770009859,2026-02-02 00:25:24
2687f2e1-3529-464d-82eb-e4f61440c563,0,0,0,0,1,1770009859,2026-02-02 00:25:24
2177015913867375458,0,0,0,0,0,86400,2026-02-02 00:25:24
1954778813955578360,0,0,0,0,0,86400,2026-02-02 00:25:24
067d5007-bda5-4697-b0a2-ccc2837f295c,0,0,0,0,0,86400,2026-02-02 00:25:24
1906248765431831024,0,0,0,0,0,86400,2026-02-02 00:25:24
aa8fc8b7-b66c-41d9-9885-30b8af599378,0,0,0,0,0,86400,2026-02-02 00:25:24
2171904301452603832,0,0,0,0,0,86400,2026-02-02 00:25:24
2124037384760320326,0,0,0,0,0,86400,2026-02-02 00:25:24
2176731427905421244,0,0,0,0,0,86400,2026-02-02 00:25:24
2177016650782707004,0,0,0,0,0,86400,2026-02-02 00:25:24
2177017636303913026,0,0,0,0,0,86400,2026-02-02 00:25:24
2177017052188360762,0,0,0,0,0,86400,2026-02-02 00:25:24
2177017859487560566,0,0,0,0,0,86400,2026-02-02 00:25:24
a04bf523-3c76-4fad-88bf-e99037f9b796,0,0,0,4,0,1769820753,2026-02-02 00:25:24
0f51cb84-e386-44ac-947f-a969f7617d17,0,0,0,17,0,1769984491,2026-02-02 00:25:24
1786698158713921798,0,0,0,6,0,1769914459,2026-02-02 00:25:24
66db8c10-0aca-11e7-82f6-3863bb44ef7c,0,0,0,23,0,1769860645,2026-02-02 00:25:24
1b28836b-29fd-47a7-9a98-44cd792918fb,0,0,0,3,0,1769981106,2026-02-02 00:25:24
36ddce8f-bd83-4a05-b601-b526fb4d8628,0,0,0,17,0,1769991439,2026-02-02 00:25:24
21361381-fd4a-44a4-bfa7-61f075192ce9,0,0,0,20,0,1769841015,2026-02-02 00:25:24
66de5a47-0aca-11e7-82f6-3863bb44ef7c,0,0,0,12,0,1769890105,2026-02-02 00:25:24
904930bd-2671-4695-9c1a-8a894b041129,0,0,0,13,0,1769961850,2026-02-02 00:25:24
c38e2cfc-04e6-419c-8bf8-d8713ccf6ea7,0,0,0,5,0,1769858401,2026-02-02 00:25:24
1846086768160082632,0,0,0,13,0,1769940560,2026-02-02 00:25:24
1786698815186893280,0,0,0,4,0,1769932956,2026-02-02 00:25:24
09a0c507-7cda-4f3f-9988-78de0baa28e4,0,0,0,18,0,1770004707,2026-02-02 00:25:24
fbb2d76c-1d47-4fb1-9c07-622fcace38a5,0,0,0,10,0,1769852698,2026-02-02 00:25:24
66db3aa3-0aca-11e7-82f6-3863bb44ef7c,0,0,0,22,0,1769947542,2026-02-02 00:25:24
2126622876727162948,4,0,4,5,1,1770009724,2026-02-02 00:25:24
0f9423bd-98dd-4919-b6e3-28880ff7ecca,1,0,1,15,1,1770009739,2026-02-02 00:25:24
66de56e5-0aca-11e7-82f6-3863bb44ef7c,17,3,14,3,1,1770009740,2026-02-02 00:25:24
66db95e5-0aca-11e7-82f6-3863bb44ef7c,29,6,23,5,1,1770009743,2026-02-02 00:25:24
6067af3d-f7ed-4149-a394-2fc2eb295872,33,13,20,8,1,1770009744,2026-02-02 00:25:24
de0c1800-f7cc-41b4-ab7a-c9d219180d06,15,6,9,38,1,1770009744,2026-02-02 00:25:24
6661108f-28eb-4671-ad0c-36a311d325aa,7,1,6,7,1,1770009745,2026-02-02 00:25:24
2039088532741595744,35,7,28,7,1,1770009745,2026-02-02 00:25:24
a11a0000-19cf-4053-b3a1-3a5886d7446c,14,0,14,22,1,1770009746,2026-02-02 00:25:24
66db3f01-0aca-11e7-82f6-3863bb44ef7c,0,0,0,46,1,1770009746,2026-02-02 00:25:24
d5ca6311-7471-480f-9c79-38baaafe34ba,4,3,1,24,1,1770009746,2026-02-02 00:25:24
66db30e0-0aca-11e7-82f6-3863bb44ef7c,22,17,5,64,1,1770009741,2026-02-02 00:25:24
9f702c67-b591-4492-ba90-eb3c7e793dad,9,0,9,4,1,1770009741,2026-02-02 00:25:24
acfeadeb-73bb-4ec3-b809-78675b01af74,1,0,1,15,1,1770009742,2026-02-02 00:25:24
e51c8b72-460f-41c2-a5ca-de85d3f46a30,15,1,13,29,1,1770009740,2026-02-02 00:25:24
5d049d4b-0736-4323-834a-1b2454bd6551,4,3,1,18,1,1770009740,2026-02-02 00:25:24
eb6c2359-4825-4bf4-8f2d-8b6dd2bf4212,8,6,2,24,1,1770009741,2026-02-02 00:25:24
1431ec5c-242d-401b-b672-dbf95155999b,1,0,1,15,1,1770009745,2026-02-02 00:25:24
66db4158-0aca-11e7-82f6-3863bb44ef7c,30,19,11,6,1,1770009746,2026-02-02 00:25:24
ff2869f0-4381-4cf3-863e-a0d776ec53b4,86,49,37,2,1,1770009749,2026-02-02 00:25:24
876683ce-9bce-4fad-8d1c-6b331fa07b5c,17,3,14,26,1,1770009746,2026-02-02 00:25:24
1846449740982645546,15,1,14,5,1,1770009746,2026-02-02 00:25:24
1862787990429630662,1,0,1,17,1,1770009747,2026-02-02 00:25:24
1823008749757202820,11,1,10,10,1,1770009747,2026-02-02 00:25:24
5cb3a92d-f284-477c-bf63-ea72d24e8a7d,12,1,11,4,1,1770009750,2026-02-02 00:25:24
2133952475068346460,25,2,23,4,1,1770009750,2026-02-02 00:25:24
d319629d-63cf-4765-9f69-5569f35d6469,3,2,1,14,1,1770009750,2026-02-02 00:25:24
2122552934440059494,1,0,1,14,1,1770009751,2026-02-02 00:25:24
18d980e5-ba08-4bc3-832e-03eb71865768,14,4,10,3,1,1770009748,2026-02-02 00:25:24
c83e1ef5-776e-417e-8ee2-d08ca121f884,2,2,0,15,1,1770009751,2026-02-02 00:25:24
6f484a9d-c535-451e-a18f-f3afdc0a27af,32,16,16,5,1,1770009748,2026-02-02 00:25:24
59f0cb81-e31b-4ba9-9159-3437c52f7505,2,1,1,12,1,1770009749,2026-02-02 00:25:24
9e9acfaf-0bbf-4bc2-a825-b2befb6bee55,10,2,8,17,1,1770009753,2026-02-02 00:25:24
1929513834381415014,9,2,7,11,1,1770009754,2026-02-02 00:25:24
05b9e7cd-f3a2-4d48-b7c4-f5fbe09d9de3,13,0,13,9,1,1770009751,2026-02-02 00:25:24
66dc28bd-0aca-11e7-82f6-3863bb44ef7c,7,1,6,35,1,1770009752,2026-02-02 00:25:24
e15a5c77-70b0-4b9d-9eae-f10ddda7d994,0,0,0,18,1,1770009752,2026-02-02 00:25:24
9bd28b11-cf11-4938-abb2-dfa5ec800e32,15,1,14,2,1,1770009752,2026-02-02 00:25:24
1861682960046954694,14,11,3,1,1,1770009756,2026-02-02 00:25:24
308e055a-b8aa-447d-8803-8677c88af0ba,7,0,7,9,1,1770009756,2026-02-02 00:25:24
0183d7d4-9e11-4429-94db-666a31239871,13,0,13,16,1,1770009757,2026-02-02 00:25:24
bfea6c5b-2e1a-42c5-8199-2ded6042d57b,9,4,5,17,1,1770009758,2026-02-02 00:25:24
c7be2714-14db-421f-a19e-f6a7bf6e8d26,0,0,0,20,1,1770009758,2026-02-02 00:25:24
ab5585c8-c2cf-4bab-96cf-d02eced4f6e3,2,0,2,40,1,1770009756,2026-02-02 00:25:24
1d8e51b0-8131-4c1f-93fb-f04952c157c0,0,0,0,27,0,1769811266,2026-02-02 00:25:24
2b848257-dc2e-4dd0-b840-d5e046972789,0,0,0,10,0,1769830145,2026-02-02 00:25:24
b636a06c-c10e-417a-ac22-14cadb8f8993,0,0,0,8,0,1769991406,2026-02-02 00:25:24
160e21da-6dd2-47ff-8385-e13c8cdce4fa,0,0,0,3,0,1769905200,2026-02-02 00:25:24
8df41833-c7bf-4171-bdab-58d64f6ade54,15,1,14,1,1,1770009761,2026-02-02 00:25:24
17c45d34-0d8d-46ba-9078-e9a2a7c5867c,2,0,2,22,1,1770009761,2026-02-02 00:25:24
7d455e9a-20b4-4b03-8248-0d982fdfa21b,2,0,2,15,1,1770009763,2026-02-02 00:25:24
43eac213-4603-4bc2-b6d6-b45013396282,23,8,15,5,1,1770009760,2026-02-02 00:25:24
1860189426558126796,6,0,6,12,1,1770009765,2026-02-02 00:25:24
1836581714456697424,8,0,8,13,1,1770009759,2026-02-02 00:25:24
01f01352-50d4-484e-a611-576b18ac373a,18,3,15,10,1,1770009759,2026-02-02 00:25:24
facb0195-8daa-46e3-95e1-6f22fb678e8a,0,0,0,18,1,1770009762,2026-02-02 00:25:24
3bfc859b-5c5f-43bc-b2e7-b64ed8ea9ede,9,2,7,8,1,1770009769,2026-02-02 00:25:24
9459fca8-b044-4ed1-8f2c-c5db11ba868f,3,0,3,22,1,1770009769,2026-02-02 00:25:24
88bf1344-354f-4699-bdbd-1c2584fc41ee,5,1,4,18,1,1770009769,2026-02-02 00:25:24
8603535e-0d7a-4c5b-ae77-27b9f5770bfa,1,1,0,23,1,1770009769,2026-02-02 00:25:24
30a75e12-5327-48f0-8155-3925aa934054,2,1,1,14,1,1770009767,2026-02-02 00:25:24
a4368364-fa79-493c-8478-1d3471a6077f,50,33,17,19,1,1770009766,2026-02-02 00:25:24
b6a4770e-9077-4a0e-a0fb-b45b1d457559,37,15,22,5,1,1770009766,2026-02-02 00:25:24
897e8739-ee1d-4b2e-b151-ad7e64e87697,13,0,13,9,1,1770009768,2026-02-02 00:25:24
533f25a0-514f-456f-9d87-5fdcb4ee42f4,11,8,3,2,1,1770009768,2026-02-02 00:25:24
557f8d40-dec1-4c61-bd03-a0d1a6ea0e4b,17,1,16,5,1,1770009768,2026-02-02 00:25:24
8f9ce302-2a6d-443c-8fe0-625b20021ea2,2,1,0,22,1,1770009778,2026-02-02 00:25:24
66dd4051-0aca-11e7-82f6-3863bb44ef7c,6,0,6,37,1,1770009779,2026-02-02 00:25:24
1ddadf67-ae08-4e86-bdda-236629b9eabd,3,3,0,19,1,1770009778,2026-02-02 00:25:24
84b30f68-5404-453a-ae86-a2baff03a2c9,1,0,1,17,1,1770009779,2026-02-02 00:25:24
35915f48-31c5-499a-b845-2ca2fb541904,11,0,11,25,1,1770009779,2026-02-02 00:25:24
38975061-0d90-43a3-87c1-8905b374d5d9,13,0,13,8,1,1770009780,2026-02-02 00:25:24
1851955603137491568,11,0,11,19,1,1770009781,2026-02-02 00:25:24
1d977221-b2b5-4fa2-bba0-b00136834fb3,0,0,0,15,1,1770009781,2026-02-02 00:25:24
cb04be8e-8edc-4c9d-bfc0-76f94e3a3d9b,23,2,21,13,1,1770009779,2026-02-02 00:25:24
40042fb4-6ddd-4f74-bb52-5af3e4e08c8d,4,1,3,18,1,1770009779,2026-02-02 00:25:24
1882735162923150168,18,4,14,4,1,1770009780,2026-02-02 00:25:24
b9970fb5-176c-4a66-8772-6d76c4b6245a,2,0,2,15,1,1770009777,2026-02-02 00:25:24
1e590819-53fd-415c-bc28-aed605ad3bcb,2,0,2,14,1,1770009777,2026-02-02 00:25:24
24f431ca-c2a5-46be-966b-b8d4c3e4b346,3,2,1,10,1,1770009777,2026-02-02 00:25:24
66dd1ad8-0aca-11e7-82f6-3863bb44ef7c,17,2,15,3,1,1770009776,2026-02-02 00:25:24
66db8fde-0aca-11e7-82f6-3863bb44ef7c,34,22,12,9,1,1770009776,2026-02-02 00:25:24
1931758629658304788,4,0,4,18,1,1770009777,2026-02-02 00:25:24
66dca6f4-0aca-11e7-82f6-3863bb44ef7c,2,1,1,28,1,1770009780,2026-02-02 00:25:24
66dbf442-0aca-11e7-82f6-3863bb44ef7c,6,2,4,71,1,1770009776,2026-02-02 00:25:24
42bf7170-61ab-44a0-aafe-1b89d7271718,0,0,0,21,1,1770009779,2026-02-02 00:25:24
079b5a90-1d2b-40b2-b1e9-71c075f16b89,5,2,3,15,1,1770009779,2026-02-02 00:25:24
de449a58-0edf-4d36-91b4-4b313576e945,8,1,7,6,1,1770009787,2026-02-02 00:25:24
1823008917260927616,16,4,12,6,1,1770009787,2026-02-02 00:25:24
1820420129807491554,13,1,12,3,1,1770009787,2026-02-02 00:25:24
d56a8542-048a-4aca-ac7f-f27a9e6c908b,4,0,4,18,1,1770009787,2026-02-02 00:25:24
66de4408-0aca-11e7-82f6-3863bb44ef7c,6,5,1,15,1,1770009787,2026-02-02 00:25:24
fdf21800-6106-4739-b7d5-b379b19e5732,5,0,5,9,1,1770009788,2026-02-02 00:25:24
1862788101231526152,13,4,9,11,1,1770009788,2026-02-02 00:25:24
66dccd65-0aca-11e7-82f6-3863bb44ef7c,15,3,12,7,1,1770009788,2026-02-02 00:25:24
66ddb41c-0aca-11e7-82f6-3863bb44ef7c,27,21,6,4,1,1770009790,2026-02-02 00:25:24
66dc73b0-0aca-11e7-82f6-3863bb44ef7c,17,9,8,19,1,1770009790,2026-02-02 00:25:24
cdb6e2aa-4da3-4ed7-9b13-ce626addf6b0,7,7,0,43,1,1770009790,2026-02-02 00:25:24
66db29e6-0aca-11e7-82f6-3863bb44ef7c,5,3,2,6,1,1770009791,2026-02-02 00:25:24
1828968691399885056,7,0,7,5,1,1770009790,2026-02-02 00:25:24
66db4351-0aca-11e7-82f6-3863bb44ef7c,46,25,20,16,1,1770009790,2026-02-02 00:25:24
01a1343d-9c7b-4a83-8a5a-a600187f19c4,11,2,9,15,1,1770009789,2026-02-02 00:25:24
d873e463-2dc9-4bf8-86c7-fea8ddaa3a9f,3,0,3,10,1,1770009789,2026-02-02 00:25:24
1815967313905864892,6,0,6,9,1,1770009789,2026-02-02 00:25:24
66dd8bd9-0aca-11e7-82f6-3863bb44ef7c,13,5,8,7,1,1770009789,2026-02-02 00:25:24
66dc209c-0aca-11e7-82f6-3863bb44ef7c,32,7,25,28,1,1770009791,2026-02-02 00:25:24
66dd25e0-0aca-11e7-82f6-3863bb44ef7c,11,9,2,11,1,1770009791,2026-02-02 00:25:24
66db237e-0aca-11e7-82f6-3863bb44ef7c,4,3,1,48,1,1770009792,2026-02-02 00:25:24
96cf4c1a-db2c-4d4b-af34-c31281b5904b,6,2,4,11,1,1770009791,2026-02-02 00:25:24
653ba606-f397-41e6-adc4-f775bf2d0c9f,14,0,14,9,1,1770009791,2026-02-02 00:25:24
2053867202510006310,20,1,19,0,1,1770009792,2026-02-02 00:25:24
4753c1ba-a86e-431e-94fb-06403cdee4d7,18,8,10,8,1,1770009799,2026-02-02 00:25:24
062f0ac2-b3b6-4c15-b470-92ce9b592635,12,0,12,4,1,1770009799,2026-02-02 00:25:24
918af7b2-e05c-477a-a8c0-7dcff984c566,8,0,8,23,1,1770009799,2026-02-02 00:25:24
1838617691511229014,1,0,1,18,1,1770009799,2026-02-02 00:25:24
b90574d1-e9e7-45be-8adb-e38cb285fea5,3,2,1,13,1,1770009799,2026-02-02 00:25:24
66dc0d3a-0aca-11e7-82f6-3863bb44ef7c,2,0,2,12,1,1770009799,2026-02-02 00:25:24
66dcbb2c-0aca-11e7-82f6-3863bb44ef7c,1,1,0,25,1,1770009799,2026-02-02 00:25:24
22ac9559-d7f1-4dcd-ae3e-f6caf586a455,17,11,6,4,1,1770009806,2026-02-02 00:25:24
1882736039096477712,15,5,10,15,1,1770009801,2026-02-02 00:25:24
66dc0c53-0aca-11e7-82f6-3863bb44ef7c,6,2,4,12,1,1770009801,2026-02-02 00:25:24
1835249964093653018,3,1,2,20,1,1770009801,2026-02-02 00:25:24
2c2cdc55-52a3-4140-b4d3-8409a98f130f,12,1,11,3,1,1770009804,2026-02-02 00:25:24
c9c09ed0-0a52-4d6a-a999-b0848874e51f,0,0,0,17,1,1770009804,2026-02-02 00:25:24
2170352212111402482,18,14,4,44,1,1770009807,2026-02-02 00:25:24
016ee47a-4871-4209-91cb-bf3ceeddc991,0,0,0,17,1,1770009807,2026-02-02 00:25:24
66dde079-0aca-11e7-82f6-3863bb44ef7c,6,3,3,41,1,1770009807,2026-02-02 00:25:24
6bc5598a-9eb8-44d2-adc0-d93b93af1924,9,0,9,3,1,1770009802,2026-02-02 00:25:24
66dc91b5-0aca-11e7-82f6-3863bb44ef7c,34,17,16,7,1,1770009803,2026-02-02 00:25:24
88c1303b-3349-4591-bf08-c7e40cf3537a,21,8,13,15,1,1770009803,2026-02-02 00:25:24
7dcc5a03-5997-4250-9207-fa8b6f027c86,11,0,11,16,1,1770009800,2026-02-02 00:25:24
66de1295-0aca-11e7-82f6-3863bb44ef7c,17,7,10,6,1,1770009800,2026-02-02 00:25:24
65e7908a-a73e-4f8e-9967-0d0677f62bc4,14,6,8,3,1,1770009800,2026-02-02 00:25:24
1794096976946852066,26,8,18,21,1,1770009800,2026-02-02 00:25:24
2e74ea1d-02a0-47bf-9665-dce2d65de8d7,17,2,15,15,1,1770009800,2026-02-02 00:25:24
b200a8bf-2d79-4511-9a16-ac41e7245622,8,0,8,15,1,1770009801,2026-02-02 00:25:24
16e17ca1-b2dc-47d0-8c8b-199cb4736fe7,3,0,3,13,1,1770009801,2026-02-02 00:25:24
66dcbefb-0aca-11e7-82f6-3863bb44ef7c,1,0,1,15,1,1770009801,2026-02-02 00:25:24
4e1a13af-1c3b-48f2-8586-5edceea97d61,0,0,0,17,1,1770009804,2026-02-02 00:25:24
1947313784686131504,0,0,0,5,0,1769940194,2026-02-02 00:25:24
058ee86d-ce2a-4597-99f7-f78f082b33e3,0,0,0,18,1,1770009772,2026-02-02 00:25:24
1814900353536621062,15,2,13,7,1,1770009772,2026-02-02 00:25:24
39112ced-337f-4b71-9df6-291cd4265cc9,10,0,10,11,1,1770009769,2026-02-02 00:25:24
1861681435029604706,5,1,4,14,1,1770009769,2026-02-02 00:25:24
66dc4bd9-0aca-11e7-82f6-3863bb44ef7c,59,54,5,17,1,1770009770,2026-02-02 00:25:24
8a24490d-d5c5-4bac-9e36-56967834fc10,1,0,1,16,1,1770009775,2026-02-02 00:25:24
1960020540642077008,20,16,4,20,1,1770009772,2026-02-02 00:25:24
66dc7957-0aca-11e7-82f6-3863bb44ef7c,9,7,2,65,1,1770009773,2026-02-02 00:25:24
aba6e644-3ac8-4cdc-9bc6-763e9d82dee9,9,0,9,11,1,1770009773,2026-02-02 00:25:24
c0b541ae-9e66-4739-babb-483180747dc2,2,1,1,14,1,1770009773,2026-02-02 00:25:24
1835246815877178358,5,1,4,11,1,1770009773,2026-02-02 00:25:24
74e104fb-1ddc-4f3e-a60b-220b6c4f300b,12,9,3,0,1,1770009773,2026-02-02 00:25:24
a381b37a-a928-4834-87ee-da9922cb3b3d,27,19,8,5,1,1770009773,2026-02-02 00:25:24
311269f4-53dc-4f83-b26b-ecb6e8e160ed,1,0,1,18,1,1770009767,2026-02-02 00:25:24
2123940513700131194,11,6,5,2,1,1770009768,2026-02-02 00:25:24
66ddeca9-0aca-11e7-82f6-3863bb44ef7c,12,0,12,6,1,1770009768,2026-02-02 00:25:24
1884599469785421928,32,32,0,2,1,1770009768,2026-02-02 00:25:24
20f3a578-4dfa-45ca-a917-b394d77ee08e,15,3,12,7,1,1770009768,2026-02-02 00:25:24
9789dc0f-1eb6-4830-bda9-1ce5f1413e19,2,0,2,16,1,1770009774,2026-02-02 00:25:24
dba67615-a7e0-4c44-ab1b-b464033ec9b9,5,1,4,5,1,1770009774,2026-02-02 00:25:24
27c71510-d515-4add-b660-6efd6f225cd1,11,2,9,7,1,1770009774,2026-02-02 00:25:24
b1f67e5c-7c26-4bf3-a90e-1500a3160d60,7,1,6,13,1,1770009775,2026-02-02 00:25:24
72796825-88b1-43a0-bb6d-2b41d337b1fc,21,2,19,7,1,1770009771,2026-02-02 00:25:24
2126274178538511162,6,1,5,2,1,1770009770,2026-02-02 00:25:24
d5788cfa-817e-4b65-b43f-edda222a3c3c,4,1,3,18,1,1770009773,2026-02-02 00:25:24
1860187692409078310,5,0,5,19,1,1770009775,2026-02-02 00:25:24
96a4da57-107a-43d1-8828-4749d5555461,4,0,4,25,1,1770009781,2026-02-02 00:25:24
66dded11-0aca-11e7-82f6-3863bb44ef7c,26,8,18,5,1,1770009782,2026-02-02 00:25:24
16280b32-7e5b-4a18-930b-212eac10faaa,1,0,1,18,1,1770009786,2026-02-02 00:25:24
66de6100-0aca-11e7-82f6-3863bb44ef7c,24,0,24,3,1,1770009786,2026-02-02 00:25:24
4dde902d-512c-4e9e-8899-a68424ed87c0,17,4,13,16,1,1770009786,2026-02-02 00:25:24
1836581628905160976,5,0,5,12,1,1770009783,2026-02-02 00:25:24
ad037fe2-4a28-4b55-863c-229aada0b43a,5,0,5,13,1,1770009783,2026-02-02 00:25:24
968d40e0-2a5b-4f6c-a161-fad1631b609b,1,0,1,12,1,1770009783,2026-02-02 00:25:24
bca594e5-779f-4866-bd6b-818871f97d38,20,0,20,2,1,1770009783,2026-02-02 00:25:24
1838070703178521596,0,0,0,18,1,1770009785,2026-02-02 00:25:24
66ddb595-0aca-11e7-82f6-3863bb44ef7c,2,1,1,16,1,1770009785,2026-02-02 00:25:24
b3c8aaaf-6e1c-4f56-9391-b79e883b8009,4,0,4,18,1,1770009784,2026-02-02 00:25:24
66de4c32-0aca-11e7-82f6-3863bb44ef7c,12,1,11,10,1,1770009795,2026-02-02 00:25:24
6a671276-d345-4a4c-a7df-98f5dbb19e4c,1,0,1,18,1,1770009795,2026-02-02 00:25:24
ed1199e4-d9a6-4d9e-8c81-62bcd7510a11,8,1,7,15,1,1770009795,2026-02-02 00:25:24
09b00240-4c2a-4900-9d09-f13344461c02,6,1,5,11,1,1770009792,2026-02-02 00:25:24
1869754004195029842,1,1,0,19,1,1770009793,2026-02-02 00:25:24
cd4b8e12-b2c7-479b-900d-59cf7d8c4276,13,5,8,1,1,1770009792,2026-02-02 00:25:24
a6287af0-9a9e-4708-b61f-8e758be4b914,3,2,1,12,1,1770009794,2026-02-02 00:25:24
72196024-6f2b-45cb-9764-609911c7dc0b,0,0,0,0,0,1770009794,2026-02-02 00:25:24
1828967717120678322,3,0,3,16,1,1770009794,2026-02-02 00:25:24
1828969851041055492,15,12,3,5,1,1770009796,2026-02-02 00:25:24
66dbf73d-0aca-11e7-82f6-3863bb44ef7c,22,12,10,0,1,1770009797,2026-02-02 00:25:24
66dc51e9-0aca-11e7-82f6-3863bb44ef7c,10,5,5,38,1,1770009797,2026-02-02 00:25:24
46a1ff6c-6131-414a-9ef6-65a8db7d305f,0,0,0,21,1,1770009797,2026-02-02 00:25:24
29b21bd8-2459-4727-b1f0-d73592db3321,6,0,6,19,1,1770009796,2026-02-02 00:25:24
1857217122161783302,17,2,15,4,1,1770009796,2026-02-02 00:25:24
2126624772423916318,4,0,4,5,1,1770009796,2026-02-02 00:25:24
66dba0ba-0aca-11e7-82f6-3863bb44ef7c,8,3,5,30,1,1770009798,2026-02-02 00:25:24
026fd07d-d810-45dc-9237-a3d84dce4fa9,13,3,10,4,1,1770009798,2026-02-02 00:25:24
bf5a9ad8-6725-4ade-967d-aba612d423bf,7,0,7,15,1,1770009798,2026-02-02 00:25:24
fbee1143-e93f-418d-b6bc-8fde4a9a8746,3,0,3,43,1,1770009794,2026-02-02 00:25:24
c2291f8e-3b07-4671-82af-2b947825de4a,31,11,20,17,1,1770009839,2026-02-02 00:25:24
1791472201147965920,11,5,6,45,1,1770009840,2026-02-02 00:25:24
b1f3eb8c-07f9-479f-a8ab-f04e094bc7d0,9,2,7,9,1,1770009838,2026-02-02 00:25:24
4cd5a87d-7618-4a15-892d-8cf29eec865c,13,1,12,3,1,1770009835,2026-02-02 00:25:24
74a1dc19-f894-4246-99f1-476a92452995,0,0,0,23,1,1770009835,2026-02-02 00:25:24
7e7d974c-a6ec-4d9a-b4ed-01a4d2056d8b,1,0,1,17,1,1770009835,2026-02-02 00:25:24
c0df5c09-2c07-4689-9fe8-36ed81301d7d,0,0,0,22,1,1770009835,2026-02-02 00:25:24
66de1f17-0aca-11e7-82f6-3863bb44ef7c,12,9,3,5,1,1770009835,2026-02-02 00:25:24
1834145064843958330,10,0,10,10,1,1770009835,2026-02-02 00:25:24
16cbe771-8fca-4437-b9d2-374e00da6c3a,7,1,6,13,1,1770009835,2026-02-02 00:25:24
49d2cd03-f508-483f-a7c9-7fd450e5e6db,11,1,10,4,1,1770009835,2026-02-02 00:25:24
0579ff13-5d5b-4cbd-bc6e-3e9396591aef,4,0,4,14,1,1770009836,2026-02-02 00:25:24
66dc86d9-0aca-11e7-82f6-3863bb44ef7c,1,0,0,0,0,1770009836,2026-02-02 00:25:24
66dc3a1a-0aca-11e7-82f6-3863bb44ef7c,2,0,2,50,1,1770009840,2026-02-02 00:25:24
490ca6cc-c2a2-4838-acf0-4704ed60dc51,6,4,2,37,1,1770009840,2026-02-02 00:25:24
66dde2d9-0aca-11e7-82f6-3863bb44ef7c,16,11,5,10,1,1770009840,2026-02-02 00:25:24
17aeb1e3-fd18-4cf9-9473-17dfa5b0a312,5,4,1,14,1,1770009837,2026-02-02 00:25:24
672d71ab-2c23-4bd2-9ed2-34e54aa4b5b5,1,0,1,13,1,1770009836,2026-02-02 00:25:24
66dd4de9-0aca-11e7-82f6-3863bb44ef7c,7,5,2,42,1,1770009836,2026-02-02 00:25:24
66dc36c3-0aca-11e7-82f6-3863bb44ef7c,0,0,0,8,0,1770008163,2026-02-02 00:25:24
66dbc982-0aca-11e7-82f6-3863bb44ef7c,12,7,5,92,1,1770009738,2026-02-02 00:25:24
454b4a83-d0b1-42a2-8163-261e2a9d6ab9,3,1,2,71,1,1770009738,2026-02-02 00:25:24
5f0aa684-a1c5-4119-827f-7860f1cd4ccd,2,1,1,21,1,1770009737,2026-02-02 00:25:24
66de20c8-0aca-11e7-82f6-3863bb44ef7c,3,3,0,22,1,1770009737,2026-02-02 00:25:24
1900647078394106472,5,0,5,11,1,1770009845,2026-02-02 00:25:24
ab692d1f-5a4a-4fff-b929-013c3a7e8a98,0,0,0,19,1,1770009845,2026-02-02 00:25:24
5b0b689f-9bd2-4743-b4cc-d4629a9a709b,18,1,17,2,1,1770009845,2026-02-02 00:25:24
66dea4bf-0aca-11e7-82f6-3863bb44ef7c,26,5,21,6,1,1770009845,2026-02-02 00:25:24
c1144380-c1ac-4315-9b1a-4b4e870ac688,12,4,8,5,1,1770009845,2026-02-02 00:25:24
c04cef84-3fcd-4fd9-9e40-8e07453dbe19,3,0,3,13,1,1770009843,2026-02-02 00:25:24
66db3d2a-0aca-11e7-82f6-3863bb44ef7c,17,0,17,39,1,1770009843,2026-02-02 00:25:24
1597ea95-0b6b-425a-8d13-ed86ee0754b5,2,1,1,16,1,1770009843,2026-02-02 00:25:24
66db6387-0aca-11e7-82f6-3863bb44ef7c,73,31,42,16,1,1770009843,2026-02-02 00:25:24
a35d03cf-bd72-4da4-a4ac-bd25b3f8dce3,7,0,7,9,1,1770009843,2026-02-02 00:25:24
8ce7325e-d5c7-46f9-9b73-95356e48c3eb,6,1,5,8,1,1770009844,2026-02-02 00:25:24
66dd42eb-0aca-11e7-82f6-3863bb44ef7c,4,4,0,53,1,1770009843,2026-02-02 00:25:24
66dd52c8-0aca-11e7-82f6-3863bb44ef7c,2,2,0,37,1,1770009844,2026-02-02 00:25:24
c05cd2e2-74e8-4526-a62b-d631e005fdd8,11,0,11,16,1,1770009844,2026-02-02 00:25:24
2a9e2320-083d-4044-aedf-0c15ecfefe61,2,0,2,21,1,1770009844,2026-02-02 00:25:24
6853d09a-cbd8-4378-bc23-02e8bba0b4da,2,0,2,17,1,1770009841,2026-02-02 00:25:24
1945126147213275898,5,0,5,16,1,1770009842,2026-02-02 00:25:24
66de07ec-0aca-11e7-82f6-3863bb44ef7c,16,0,16,1,1,1770009817,2026-02-02 00:25:24
66dbc6ae-0aca-11e7-82f6-3863bb44ef7c,9,0,9,46,1,1770009818,2026-02-02 00:25:24
f6c33f22-d650-4935-a928-fb693a828b5f,1,1,0,19,1,1770009817,2026-02-02 00:25:24
ab40ffde-f331-4194-adab-cb8c60b63f28,3,0,3,19,1,1770009818,2026-02-02 00:25:24
66de871c-0aca-11e7-82f6-3863bb44ef7c,0,0,0,58,1,1770009818,2026-02-02 00:25:24
cbcbd880-9662-4ab1-b530-781bb101ed1f,0,0,0,13,1,1770009818,2026-02-02 00:25:24
66ddb7bf-0aca-11e7-82f6-3863bb44ef7c,8,6,2,21,1,1770009816,2026-02-02 00:25:24
99d149f9-ad40-461e-beea-fcbf086f9b5a,5,2,3,54,1,1770009816,2026-02-02 00:25:24
89171660-8cef-443f-8f75-67503532d1ce,5,0,5,8,1,1770009816,2026-02-02 00:25:24
1869754328201607270,1,0,1,13,1,1770009816,2026-02-02 00:25:24
2126624466406238560,5,0,4,5,1,1770009816,2026-02-02 00:25:24
05969d95-8a64-4007-abf1-afb847f2d426,5,1,3,16,1,1770009816,2026-02-02 00:25:24
66dd4841-0aca-11e7-82f6-3863bb44ef7c,18,12,6,12,1,1770009816,2026-02-02 00:25:24
6db97fde-68ae-4d2b-b121-b7c17838bbe7,0,0,0,16,1,1770009807,2026-02-02 00:25:24
581d8683-c217-4f96-89cb-b5a94d780b83,3,0,3,65,1,1770009808,2026-02-02 00:25:24
3134bce7-0bb9-4a45-9c87-60a8cb681d72,3,1,2,13,1,1770009807,2026-02-02 00:25:24
1e226f22-034f-4b99-8184-a8eaa591fbd8,12,5,7,32,1,1770009808,2026-02-02 00:25:24
5adcaaaf-5386-441d-827c-8d65c4f4405e,1,1,0,22,1,1770009818,2026-02-02 00:25:24
c01a9c97-6c04-4e3f-ad0b-958801d94ca1,12,0,12,1,1,1770009818,2026-02-02 00:25:24
66db2953-0aca-11e7-82f6-3863bb44ef7c,39,2,37,5,1,1770009819,2026-02-02 00:25:24
1786696251091417274,5,5,0,28,1,1770009819,2026-02-02 00:25:24
1828968611856235508,2,1,1,15,1,1770009821,2026-02-02 00:25:24
1913995167022829826,15,1,14,3,1,1770009821,2026-02-02 00:25:24
1822663143025657920,8,2,6,9,1,1770009822,2026-02-02 00:25:24
d07790cd-1acd-4f74-b5f1-3d70f8a8a526,7,5,2,16,1,1770009822,2026-02-02 00:25:24
b5010362-af16-4357-8fb7-5958576954c0,12,2,10,14,1,1770009822,2026-02-02 00:25:24
7a701539-2c10-4abe-803f-525785ebb7fb,7,0,7,9,1,1770009820,2026-02-02 00:25:24
720c0d64-7828-4dba-bff9-4d99f4e3a9fc,9,1,8,9,1,1770009819,2026-02-02 00:25:24
e6a32ec8-fc8b-4ed6-93a2-3ace3921b89d,15,10,5,6,1,1770009819,2026-02-02 00:25:24
1989279523593928720,74,51,22,1,1,1770009819,2026-02-02 00:25:24
4223f276-a4d4-45e0-b914-67f5ef1e81ba,2,0,2,20,1,1770009820,2026-02-02 00:25:24
aa120a3a-9f2b-4dfc-a88b-384bbb66838a,9,1,8,11,1,1770009820,2026-02-02 00:25:24
66f68197-4897-4576-896a-48e0312104c5,12,2,10,9,1,1770009821,2026-02-02 00:25:24
e7739b9e-7cc6-4cbb-98d3-669b8e2ae98b,6,0,6,13,1,1770009821,2026-02-02 00:25:24
344064f8-e82f-40fb-b235-aff506b77ae5,3,0,3,25,1,1770009823,2026-02-02 00:25:24
66dbf667-0aca-11e7-82f6-3863bb44ef7c,48,14,34,0,1,1770009824,2026-02-02 00:25:24
e35494b4-5811-4d2a-87de-4430e56bce2d,0,0,0,19,1,1770009824,2026-02-02 00:25:24
1835249854657874848,1,0,1,15,1,1770009824,2026-02-02 00:25:24
3c21925c-d68e-497c-b501-982d3eb3e852,9,7,2,3,1,1770009824,2026-02-02 00:25:24
66dd40dd-0aca-11e7-82f6-3863bb44ef7c,4,3,1,16,1,1770009824,2026-02-02 00:25:24
faf021ad-9de5-44bd-b7f5-48127e8d5fea,19,1,18,0,1,1770009825,2026-02-02 00:25:24
4780d9d1-b886-4e72-9d18-cb152f73e10a,4,2,2,16,1,1770009825,2026-02-02 00:25:24
56e18295-f760-4bf3-8aa3-5a1e4ebf606f,15,1,14,2,1,1770009826,2026-02-02 00:25:24
66db6e49-0aca-11e7-82f6-3863bb44ef7c,8,4,3,35,1,1770009826,2026-02-02 00:25:24
138094a0-cd7d-4014-9b21-4fb2afd3980e,12,1,11,12,1,1770009823,2026-02-02 00:25:24
97bcf094-ad77-4743-9c94-832c7300c090,10,5,5,5,1,1770009823,2026-02-02 00:25:24
1875413335585534272,0,0,0,21,1,1770009821,2026-02-02 00:25:24
c1c33a35-751f-4dd6-baef-82db46f7ab46,0,0,0,27,0,1769970336,2026-02-02 00:25:24
66dbe4db-0aca-11e7-82f6-3863bb44ef7c,41,33,8,30,1,1770009826,2026-02-02 00:25:24
18267c09-1916-48d8-951c-caf88c89edd1,0,0,0,18,1,1770009826,2026-02-02 00:25:24
2a47ef14-1cbe-4ec6-841d-cc277627fe20,3,2,1,26,1,1770009827,2026-02-02 00:25:24
aa8270ec-4441-47d2-854b-5852e65fae66,0,0,0,18,1,1770009827,2026-02-02 00:25:24
66dcca76-0aca-11e7-82f6-3863bb44ef7c,3,0,3,19,1,1770009827,2026-02-02 00:25:24
66dd2556-0aca-11e7-82f6-3863bb44ef7c,7,5,2,30,1,1770009827,2026-02-02 00:25:24
9157a3bc-43fa-4221-8bb8-17273fc09540,18,9,9,1,1,1770009827,2026-02-02 00:25:24
1960020817312746312,47,19,28,62,1,1770009827,2026-02-02 00:25:24
d55dd622-0ced-4e4d-9ea5-2ef2cb6481a9,3,0,3,32,1,1770009827,2026-02-02 00:25:24
66dcbdc2-0aca-11e7-82f6-3863bb44ef7c,5,3,2,15,1,1770009828,2026-02-02 00:25:24
66de2131-0aca-11e7-82f6-3863bb44ef7c,11,8,3,20,1,1770009828,2026-02-02 00:25:24
e71d152c-c2df-4d3e-a9af-139f2529bac6,9,0,9,7,1,1770009828,2026-02-02 00:25:24
1877651952425321214,5,0,5,9,1,1770009829,2026-02-02 00:25:24
1843486301383097150,1,0,1,24,1,1770009827,2026-02-02 00:25:24
1879859065051787718,10,9,1,4,1,1770009828,2026-02-02 00:25:24
8cb0375d-bcb2-4c90-9773-41c3c8fdf8d8,3,3,0,74,1,1770009828,2026-02-02 00:25:24
66dd4981-0aca-11e7-82f6-3863bb44ef7c,11,3,8,7,1,1770009828,2026-02-02 00:25:24
2121033124458338894,9,1,8,4,1,1770009808,2026-02-02 00:25:24
e24cb64d-10c2-48db-9440-59e63c0f1c95,15,0,14,9,1,1770009809,2026-02-02 00:25:24
66dbea8d-0aca-11e7-82f6-3863bb44ef7c,3,0,3,11,1,1770009808,2026-02-02 00:25:24
1c82b223-42ba-4d15-8e8a-bd8ae2a57cde,11,10,1,4,1,1770009809,2026-02-02 00:25:24
66dc1545-0aca-11e7-82f6-3863bb44ef7c,0,0,0,25,1,1770009809,2026-02-02 00:25:24
1843486757863039016,12,0,12,0,1,1770009813,2026-02-02 00:25:24
66db316a-0aca-11e7-82f6-3863bb44ef7c,11,5,6,10,1,1770009813,2026-02-02 00:25:24
26568d39-db49-4354-a5c1-c81a3c856285,2,0,2,14,1,1770009813,2026-02-02 00:25:24
60a061d5-d984-4573-af3c-2054f4f59e94,2,1,1,15,1,1770009813,2026-02-02 00:25:24
66dde559-0aca-11e7-82f6-3863bb44ef7c,19,14,5,6,1,1770009814,2026-02-02 00:25:24
1860187301567054286,5,1,4,12,1,1770009815,2026-02-02 00:25:24
9e99abca-c679-4788-9a4e-39066660bd6a,3,1,2,12,1,1770009815,2026-02-02 00:25:24
1789e458-c466-4d77-aba6-365f5c3823ed,4,0,4,16,1,1770009812,2026-02-02 00:25:24
66de2201-0aca-11e7-82f6-3863bb44ef7c,21,10,11,3,1,1770009812,2026-02-02 00:25:24
1817432787057164808,12,0,12,6,1,1770009812,2026-02-02 00:25:24
cd5e7c3e-c618-416a-ae99-b509bd56e1b2,17,6,11,8,1,1770009812,2026-02-02 00:25:24
531e6d94-5f4c-4ef0-9c83-47191be9d8f9,1,1,0,17,1,1770009812,2026-02-02 00:25:24
d473f31f-68f2-4777-a364-ed127db04345,4,1,3,11,1,1770009810,2026-02-02 00:25:24
cae4f2f4-9642-474c-95cc-6cc07592f120,4,3,1,23,1,1770009811,2026-02-02 00:25:24
af626e61-9f83-4602-a9b1-038b1c1430e6,12,0,12,6,1,1770009811,2026-02-02 00:25:24
1975518396279321266,55,40,14,14,1,1770009814,2026-02-02 00:25:24
2126224759932600578,1,1,0,4,1,1770009814,2026-02-02 00:25:24
b3a9057e-7ff6-4117-b96e-e71c173cf1e9,8,0,8,9,1,1770009815,2026-02-02 00:25:24
1828968994833044184,2,1,1,15,1,1770009815,2026-02-02 00:25:24
bd318c15-5c3d-4e72-9837-3b4bd37707e0,1,1,0,17,1,1770009815,2026-02-02 00:25:24
bdefa3e3-aa5a-40eb-b7f8-542de55063e9,6,1,5,10,1,1770009810,2026-02-02 00:25:24
9505c2b7-0c3a-4791-8471-d2092a86291f,18,0,18,0,1,1770009810,2026-02-02 00:25:24
1945125793810207148,3,2,1,15,1,1770009810,2026-02-02 00:25:24
66de27da-0aca-11e7-82f6-3863bb44ef7c,15,9,6,6,1,1770009811,2026-02-02 00:25:24
30985a9c-afe4-4b98-a72c-2c72bb35603e,6,6,0,10,1,1770009811,2026-02-02 00:25:24
1817627670084542818,0,0,0,20,1,1770009811,2026-02-02 00:25:24
1817433126359581672,7,0,7,14,1,1770009811,2026-02-02 00:25:24
66de1448-0aca-11e7-82f6-3863bb44ef7c,5,2,3,16,1,1770009831,2026-02-02 00:25:24
6fd84197-56e2-47df-849f-701aca0e7cc3,2,2,0,14,1,1770009831,2026-02-02 00:25:24
348c5e65-cbc3-4da6-9856-fc253a0ba546,28,5,23,19,1,1770009832,2026-02-02 00:25:24
403c310e-26d5-4db5-9928-13c38b25053d,0,0,0,24,1,1770009832,2026-02-02 00:25:24
61be9a4a-737c-413a-9b72-d47b28a366d5,4,3,1,18,1,1770009832,2026-02-02 00:25:24
66dcf394-0aca-11e7-82f6-3863bb44ef7c,5,5,0,25,1,1770009833,2026-02-02 00:25:24
8fc95e31-b025-4d2b-b5aa-240465366480,4,0,4,9,1,1770009834,2026-02-02 00:25:24
95a52ce4-3597-47d1-8d6f-427cb3b8ca6a,15,14,1,5,1,1770009834,2026-02-02 00:25:24
1ec7ef9f-ab60-4a64-821d-883ba547273a,4,2,2,14,1,1770009834,2026-02-02 00:25:24
dfe2c398-ff5c-4a8d-83c8-fa18801540d8,8,0,8,18,1,1770009834,2026-02-02 00:25:24
1828968199249922252,0,0,0,19,1,1770009834,2026-02-02 00:25:24
66dbef85-0aca-11e7-82f6-3863bb44ef7c,7,0,7,27,1,1770009831,2026-02-02 00:25:24
3bf91ca1-14fd-4e51-858e-36a203f1af2a,4,4,0,14,1,1770009831,2026-02-02 00:25:24
0096fecb-3a56-4585-9204-aa9554f7bc49,9,0,9,36,1,1770009829,2026-02-02 00:25:24
9341ee1c-d456-4858-a451-70cbbd73d084,7,0,7,20,1,1770009829,2026-02-02 00:25:24
daaa3ac1-594c-48d2-9431-a8ced305ed5a,2,0,2,16,1,1770009830,2026-02-02 00:25:24
66de2625-0aca-11e7-82f6-3863bb44ef7c,11,0,11,18,1,1770009832,2026-02-02 00:25:24
eef98eb6-f550-49f9-a910-4d2863e6a591,2,2,0,17,1,1770009833,2026-02-02 00:25:24
66dd1b65-0aca-11e7-82f6-3863bb44ef7c,4,3,1,49,1,1770009833,2026-02-02 00:25:24
66dd9213-0aca-11e7-82f6-3863bb44ef7c,0,0,0,38,1,1770009833,2026-02-02 00:25:24
30d6520e-b612-4240-a9ff-eec12b02b263,8,3,5,12,1,1770009849,2026-02-02 00:25:24
66db6cd4-0aca-11e7-82f6-3863bb44ef7c,7,1,6,43,1,1770009849,2026-02-02 00:25:24
c5861c24-5ac1-41df-82f1-31748d03e868,44,34,10,12,1,1770009849,2026-02-02 00:25:24
febf420f-bbec-4044-a3af-69959e018ccb,1,1,0,20,1,1770009851,2026-02-02 00:25:24
66db3a1e-0aca-11e7-82f6-3863bb44ef7c,10,9,0,7,1,1770009851,2026-02-02 00:25:24
66dc78c4-0aca-11e7-82f6-3863bb44ef7c,13,10,3,35,1,1770009851,2026-02-02 00:25:24
98af0e1d-ea33-4c6e-95fe-97846e81081e,7,4,3,4,1,1770009851,2026-02-02 00:25:24
78ec2f0d-c309-46d4-8808-7eb1a0674e38,10,5,5,14,1,1770009851,2026-02-02 00:25:24
66de47bf-0aca-11e7-82f6-3863bb44ef7c,7,0,7,11,1,1770009851,2026-02-02 00:25:24
833bc8bc-3c32-4481-9c14-9a88aa7accec,20,15,5,19,1,1770009851,2026-02-02 00:25:24
ab79da3d-f92a-42de-a76d-e05b5d7e724c,4,4,0,14,1,1770009852,2026-02-02 00:25:24
2126225134412534550,7,5,2,1,1,1770009715,2026-02-02 00:25:24
78e93937-53d1-4c9b-99ad-0460f908ed2d,5,3,2,4,1,1770009852,2026-02-02 00:25:24
66de5d57-0aca-11e7-82f6-3863bb44ef7c,5,2,3,15,1,1770009852,2026-02-02 00:25:24
6c3b486e-603c-4158-91ac-adc06ac01535,14,10,5,9,1,1770009853,2026-02-02 00:25:24
1978170169761096104,14,1,13,14,1,1770009853,2026-02-02 00:25:24
1817432606668538118,4,4,0,12,1,1770009853,2026-02-02 00:25:24
3bdd81c8-3112-45e6-ae72-11a3f4fa5921,1,1,0,21,1,1770009846,2026-02-02 00:25:24
bf093f72-1d8d-44ae-91b5-e36958a27976,6,6,0,14,1,1770009846,2026-02-02 00:25:24
9e3603ee-2b7d-4147-a7b5-48bbd778902c,35,30,4,18,1,1770009846,2026-02-02 00:25:24
9dde927d-9984-4f97-bcd0-fbcb59e6ca66,10,0,10,5,1,1770009851,2026-02-02 00:25:24
412c1416-d15b-4e6a-9691-da4c3cc0d0d2,48,33,15,9,1,1770009852,2026-02-02 00:25:24
2053884382031338034,0,0,0,42,1,1770009852,2026-02-02 00:25:24
66dcf897-0aca-11e7-82f6-3863bb44ef7c,10,4,6,15,1,1770009848,2026-02-02 00:25:24
66dcec6b-0aca-11e7-82f6-3863bb44ef7c,7,3,4,25,1,1770009849,2026-02-02 00:25:24
0e82ab9f-8c93-4302-b9df-342f8135a05c,17,0,17,1,1,1770009845,2026-02-02 00:25:24
91ca68bd-5ac1-470b-a26d-1ec98ea9cca4,2,0,2,18,1,1770009846,2026-02-02 00:25:24
19002a4c-3229-450b-ad69-76948696e60d,0,0,0,18,1,1770009841,2026-02-02 00:25:24
ecb2eebe-67c0-43b8-baae-71abb1a0ec6a,1,1,0,28,1,1770009847,2026-02-02 00:25:24
66dde9af-0aca-11e7-82f6-3863bb44ef7c,1,0,1,19,1,1770009847,2026-02-02 00:25:24
141ba25c-f4ea-4cec-ae7e-022401e23087,5,0,3,5,1,1770009847,2026-02-02 00:25:24
66de1580-0aca-11e7-82f6-3863bb44ef7c,2,1,1,29,1,1770009847,2026-02-02 00:25:24
1835247352748090208,6,1,5,12,1,1770009847,2026-02-02 00:25:24
66db32fb-0aca-11e7-82f6-3863bb44ef7c,4,0,4,93,1,1770009848,2026-02-02 00:25:24
dcdaa64b-4d2c-4017-bfb9-da25924f851d,7,2,5,12,1,1770009848,2026-02-02 00:25:24
66dbe250-0aca-11e7-82f6-3863bb44ef7c,1,0,1,17,1,1770009848,2026-02-02 00:25:24
1848241332086049696,0,0,0,21,1,1770009848,2026-02-02 00:25:24
db02e1ea-acc1-4f45-8e3c-d37468b0b5a6,9,0,9,9,1,1770009848,2026-02-02 00:25:24
b94cc90e-9ca2-4471-8371-23be051e0157,0,0,0,73,1,1770009848,2026-02-02 00:25:24
50e05a9f-dce6-4315-a10d-1fa786fc18ee,6,2,4,33,1,1770009848,2026-02-02 00:25:24
66dd470b-0aca-11e7-82f6-3863bb44ef7c,25,8,17,18,1,1770009848,2026-02-02 00:25:24
8c700e85-cfdb-4eef-ba49-53bd69c004ed,9,7,2,9,1,1770009848,2026-02-02 00:25:24
9790606b-a00d-4d5e-b6ec-abd11c9d25b3,0,0,0,18,1,1770009850,2026-02-02 00:25:24
66dd49eb-0aca-11e7-82f6-3863bb44ef7c,7,6,1,14,1,1770009850,2026-02-02 00:25:24
66db6aae-0aca-11e7-82f6-3863bb44ef7c,8,1,7,73,1,1770009851,2026-02-02 00:25:24
66dbce8a-0aca-11e7-82f6-3863bb44ef7c,43,23,19,5,1,1770009850,2026-02-02 00:25:24
6fcad2af-c3e2-47a4-8942-023ae4047e67,10,8,2,2,1,1770009853,2026-02-02 00:25:24
1828966882896859944,4,1,3,12,1,1770009853,2026-02-02 00:25:24
1914337145288845316,15,2,13,6,1,1770009854,2026-02-02 00:25:24
66dbc8f5-0aca-11e7-82f6-3863bb44ef7c,27,5,22,33,1,1770009853,2026-02-02 00:25:24
66de1b5b-0aca-11e7-82f6-3863bb44ef7c,1,1,0,17,1,1770009853,2026-02-02 00:25:24
66de06ef-0aca-11e7-82f6-3863bb44ef7c,14,0,14,4,1,1770009854,2026-02-02 00:25:24
dd8627c8-4190-4a30-8758-e77a7b010437,10,1,9,31,1,1770009854,2026-02-02 00:25:24
2126621026154598618,9,2,7,3,1,1770009771,2026-02-02 00:25:24
1286480d-5d6d-4a47-9fac-e156dba2b6fc,35,21,14,1,1,1770009855,2026-02-02 00:25:24
66db9845-0aca-11e7-82f6-3863bb44ef7c,36,28,7,6,1,1770009855,2026-02-02 00:25:24
add829db-2feb-4e81-af61-056791a6e53b,0,0,0,24,1,1770009855,2026-02-02 00:25:24
1835250318514342456,10,2,8,16,1,1770009855,2026-02-02 00:25:24
08b9c491-a589-4e75-996c-2455c26fb356,2,0,2,19,1,1770009855,2026-02-02 00:25:24
66dc7b10-0aca-11e7-82f6-3863bb44ef7c,0,0,0,71,0,1769944233,2026-02-02 00:25:24
66dcc65c-0aca-11e7-82f6-3863bb44ef7c,1,1,0,13,1,1770009855,2026-02-02 00:25:24
1861680103893703034,3,3,0,16,1,1770009856,2026-02-02 00:25:24
8dc8c0b3-4d70-40fe-a75a-86e30ecb676b,7,0,7,0,1,1770009856,2026-02-02 00:25:24
a1cf7115-8e38-4300-aac8-3a2fddca0e23,16,2,14,8,1,1770009856,2026-02-02 00:25:24
943be327-0320-4ae1-8eb0-8a56f86a4fb6,7,2,5,15,1,1770009857,2026-02-02 00:25:24
66de1a8a-0aca-11e7-82f6-3863bb44ef7c,10,4,6,6,1,1770009857,2026-02-02 00:25:24
66de1af4-0aca-11e7-82f6-3863bb44ef7c,2,2,0,24,1,1770009856,2026-02-02 00:25:24
66dc8c90-0aca-11e7-82f6-3863bb44ef7c,3,0,2,17,1,1770009856,2026-02-02 00:25:24
1828969417249358046,3,1,2,16,1,1770009856,2026-02-02 00:25:24
66db3cab-0aca-11e7-82f6-3863bb44ef7c,2,2,0,22,1,1770009857,2026-02-02 00:25:24
77a498ea-5693-46cc-a4b1-6e428f574797,17,1,16,1,1,1770009858,2026-02-02 00:25:24
c702c094-b08f-449d-a41d-b3724f147491,7,1,6,12,1,1770009857,2026-02-02 00:25:24
05c5e17c-7aa9-49b7-9da3-9db4858ec1fc,13,10,3,7,1,1770009858,2026-02-02 00:25:24
2af3ecc3-4f43-468a-a7cc-bb4804ee3e7a,22,21,1,27,1,1770009858,2026-02-02 00:25:24
7efcb97f-6c8f-4445-86a9-3f758a822f17,3,3,0,29,1,1770009858,2026-02-02 00:25:24
10c13fe2-34cb-4aff-bea1-4f5ce877769b,9,1,8,8,1,1770009858,2026-02-02 00:25:24
2c366f4b-8319-41bf-ab8e-2fba3a952feb,4,0,4,35,1,1770009858,2026-02-02 00:25:24
1835250080052323168,0,0,0,0,0,86400,2026-02-02 00:25:24
2171903032377767128,0,0,0,0,0,86400,2026-02-02 00:25:24
2171903970740122034,0,0,0,0,0,86400,2026-02-02 00:25:24
2177015115528916668,0,0,0,0,0,86400,2026-02-02 00:25:24
2177015776583073844,0,0,0,0,0,86400,2026-02-02 00:25:24
2177017159407891310,0,0,0,0,0,86400,2026-02-02 00:25:24
2177015450536365760,0,0,0,0,0,86400,2026-02-02 00:25:24
2177015274071900204,0,0,0,0,0,86400,2026-02-02 00:25:24
2177016197335217002,0,0,0,0,0,86400,2026-02-02 00:25:24
2171902607371571344,0,0,0,0,0,86400,2026-02-02 00:25:24
2171903385631266470,0,0,0,0,0,86400,2026-02-02 00:25:24
3d6b7c84-7e5a-454d-aa9d-c66eb92383be,0,0,0,19,0,1769856530,2026-02-02 00:25:24
6fefe1b3-5f0d-47aa-b1dd-cec211239950,0,0,0,20,0,1769937158,2026-02-02 00:25:24
2126965369631090816,4,2,2,6,1,1770009700,2026-02-02 00:25:24
5864d88d-a0fd-40ad-beee-896118d9360d,0,0,0,3,0,1769931422,2026-02-02 00:25:24
d7a7789b-a052-4a69-a4ec-59436b0f8d75,6,1,5,8,1,1770009738,2026-02-02 00:25:24
66dca5f3-0aca-11e7-82f6-3863bb44ef7c,4,4,0,39,1,1770009745,2026-02-02 00:25:24
174bf571-e597-463d-84bc-611c4a13d85e,0,0,0,24,1,1770009745,2026-02-02 00:25:24
66db3fc9-0aca-11e7-82f6-3863bb44ef7c,18,13,5,10,1,1770009743,2026-02-02 00:25:24
fc774664-3c9b-4a8f-a79e-f6907db00a1d,12,8,4,18,1,1770009743,2026-02-02 00:25:24
23539f3b-fb83-4f34-b8b8-9f1f37b5e646,22,2,20,6,1,1770009744,2026-02-02 00:25:24
a7c09fde-76e8-4a56-b61d-8ca940432efd,6,2,4,12,1,1770009744,2026-02-02 00:25:24
5782a158-b596-4936-a451-32ccc131a57d,1,0,1,17,1,1770009741,2026-02-02 00:25:24
66de14af-0aca-11e7-82f6-3863bb44ef7c,12,3,9,14,1,1770009742,2026-02-02 00:25:24
1abd4668-ed6b-4930-8177-17239ae75a9e,2,1,1,17,1,1770009743,2026-02-02 00:25:24
186092d1-a431-45db-8198-d5ba13334d79,11,0,11,8,1,1770009743,2026-02-02 00:25:24
699d3378-6ea8-465f-888b-c49c60089ce8,0,0,0,16,1,1770009746,2026-02-02 00:25:24
d29ea280-8b64-4a35-b12b-245525ae2a3a,1,0,0,42,0,1769937838,2026-02-02 00:25:24
66dbecd0-0aca-11e7-82f6-3863bb44ef7c,0,0,0,42,0,1769970561,2026-02-02 00:25:24
3fed8016-0be0-47f5-8663-2e850ec47288,1,0,0,1,0,1770005859,2026-02-02 00:25:24
1861681740276243358,0,0,0,2,0,1769805304,2026-02-02 00:25:24
1905394575114219798,0,0,0,11,0,1769868163,2026-02-02 00:25:24
d7c12bf1-1ec8-496a-beca-90ba76c53241,3,1,2,14,1,1770009749,2026-02-02 00:25:24
398ebef6-dcc2-4305-b1d2-47efafdaa85c,2,1,1,16,1,1770009749,2026-02-02 00:25:24
0e405c35-322f-4705-8ea7-769eb3fd028a,4,1,3,9,1,1770009749,2026-02-02 00:25:24
1835250199411134468,5,0,5,17,1,1770009750,2026-02-02 00:25:24
c229f0ca-bdd1-4aa0-8906-a3e809e12889,10,0,10,12,1,1770009750,2026-02-02 00:25:24
90fca941-2212-43bf-b104-ce32c4270d4d,1,1,0,17,1,1770009747,2026-02-02 00:25:24
2126621627432855870,5,0,5,4,1,1770009747,2026-02-02 00:25:24
1817432346178415570,6,0,6,14,1,1770009751,2026-02-02 00:25:24
c829b6af-002b-4d04-af56-6924d4ad0aa2,6,0,6,20,1,1770009747,2026-02-02 00:25:24
66dd3cb4-0aca-11e7-82f6-3863bb44ef7c,20,1,19,9,1,1770009748,2026-02-02 00:25:24
4aa6bb27-b76b-444e-a3ce-6fb25b822494,1,1,0,19,1,1770009751,2026-02-02 00:25:24
1846085836152179090,0,0,0,15,0,1770001811,2026-02-02 00:25:24
1848241879913802606,0,0,0,1,0,1769998984,2026-02-02 00:25:24
66dde703-0aca-11e7-82f6-3863bb44ef7c,0,0,0,18,0,1769947103,2026-02-02 00:25:24
1857217349795049790,0,0,0,11,0,1769851506,2026-02-02 00:25:24
1860188331547447938,0,0,0,16,0,1769942951,2026-02-02 00:25:24
66dbeb1b-0aca-11e7-82f6-3863bb44ef7c,0,0,0,29,0,1769977807,2026-02-02 00:25:24
61c82689-3f4c-495d-8f44-e71de8f04088,0,0,0,70,0,1769858367,2026-02-02 00:25:24
1861680383828308814,3,3,0,14,1,1770009758,2026-02-02 00:25:24
66de4b0b-0aca-11e7-82f6-3863bb44ef7c,12,0,12,10,1,1770009758,2026-02-02 00:25:24
1808184356986544410,5,3,2,24,1,1770009758,2026-02-02 00:25:24
034f7f3d-e632-475a-aa01-894480d153df,4,3,1,10,1,1770009755,2026-02-02 00:25:24
3e4a2c26-7527-469c-b4f4-1ef8d40fd20d,3,0,3,11,1,1770009756,2026-02-02 00:25:24
1891277309535701686,2,2,0,19,1,1770009755,2026-02-02 00:25:24
1848242143834868452,9,1,8,2,1,1770009754,2026-02-02 00:25:24
324e55da-fec0-43a2-b622-27774381ab7f,2,2,0,15,1,1770009756,2026-02-02 00:25:24
66de1a1f-0aca-11e7-82f6-3863bb44ef7c,16,9,7,13,1,1770009746,2026-02-02 00:25:24
c0ce2a38-04f5-4333-8818-2a3faa84f214,19,0,19,3,1,1770009765,2026-02-02 00:25:24
676b7b4d-b1c0-4c97-8ac3-5fe665e51108,0,0,0,22,1,1770009766,2026-02-02 00:25:24
3d835eaa-a102-42c5-b6c0-2c693b1d0677,11,7,4,31,1,1770009766,2026-02-02 00:25:24
66dbf140-0aca-11e7-82f6-3863bb44ef7c,52,29,23,4,1,1770009766,2026-02-02 00:25:24
1861682182353914188,8,0,8,10,1,1770009766,2026-02-02 00:25:24
1ecc9936-ee0c-44b2-baa8-237564c8e4fd,26,0,26,8,1,1770009766,2026-02-02 00:25:24
c0f952d9-538e-4836-b936-fa97123cbf13,1,0,1,16,1,1770009769,2026-02-02 00:25:24
1984510483573713186,17,10,7,42,1,1770009767,2026-02-02 00:25:24
66ddbdb1-0aca-11e7-82f6-3863bb44ef7c,0,0,0,20,1,1770009768,2026-02-02 00:25:24
1846086263936934630,13,1,12,1,1,1770009767,2026-02-02 00:25:24
1791188268875152272,35,6,29,1,1,1770009764,2026-02-02 00:25:24
66db460d-0aca-11e7-82f6-3863bb44ef7c,23,2,21,0,1,1770009764,2026-02-02 00:25:24
92ffa9d6-8cb1-44cf-8059-391b03d58071,3,3,0,23,1,1770009775,2026-02-02 00:25:24
66de18d7-0aca-11e7-82f6-3863bb44ef7c,10,0,10,3,1,1770009775,2026-02-02 00:25:24
1828969634783171152,13,0,13,2,1,1770009776,2026-02-02 00:25:24
5d101095-011e-4541-ae64-bed8b52807b3,0,0,0,21,1,1770009776,2026-02-02 00:25:24
66db281e-0aca-11e7-82f6-3863bb44ef7c,49,4,45,2,1,1770009776,2026-02-02 00:25:24
66dbc745-0aca-11e7-82f6-3863bb44ef7c,6,3,3,32,1,1770009777,2026-02-02 00:25:24
bcd3ee0f-21d7-4cc8-ac45-ccea48b6fc1b,9,7,2,9,1,1770009776,2026-02-02 00:25:24
3b530cff-dd26-4cfd-b570-a85fd53354fe,27,10,17,9,1,1770009779,2026-02-02 00:25:24
266c8621-fdea-4a7e-9d35-18ca1684d526,3,0,3,15,1,1770009779,2026-02-02 00:25:24
1828966747840428256,7,1,6,5,1,1770009780,2026-02-02 00:25:24
1794096824496960148,22,14,8,11,1,1770009781,2026-02-02 00:25:24
1913988158376585970,10,2,8,4,1,1770009781,2026-02-02 00:25:24
1960021056359127624,2,1,1,14,1,1770009781,2026-02-02 00:25:24
66de602e-0aca-11e7-82f6-3863bb44ef7c,37,0,37,3,1,1770009782,2026-02-02 00:25:24
c4377169-c19e-47e1-90a4-c4e14bb41601,6,1,5,15,1,1770009782,2026-02-02 00:25:24
66dcc920-0aca-11e7-82f6-3863bb44ef7c,4,1,3,15,1,1770009782,2026-02-02 00:25:24
66dcc3e5-0aca-11e7-82f6-3863bb44ef7c,4,0,4,17,1,1770009782,2026-02-02 00:25:24
4e862dc1-0652-4f29-a26f-315d763df67d,28,10,18,24,1,1770009783,2026-02-02 00:25:24
7155b0a6-2545-4b02-ae8c-9c0c4220f8c3,0,0,0,19,1,1770009783,2026-02-02 00:25:24
1828966490867110420,3,0,3,11,1,1770009778,2026-02-02 00:25:24
1879828885264130640,7,0,7,7,1,1770009776,2026-02-02 00:25:24
d7c56fef-1bf9-4315-85af-8638c534b402,21,15,6,9,1,1770009777,2026-02-02 00:25:24
66db90f1-0aca-11e7-82f6-3863bb44ef7c,19,16,3,37,1,1770009777,2026-02-02 00:25:24
0e3dedfb-df10-4900-a67b-95349a81bc5c,15,5,10,0,1,1770009777,2026-02-02 00:25:24
66dde7dc-0aca-11e7-82f6-3863bb44ef7c,1,1,0,20,1,1770009780,2026-02-02 00:25:24
cb4926e6-0a79-4902-80ee-d365fbf42aec,0,0,0,23,1,1770009778,2026-02-02 00:25:24
1963272613486484230,55,39,16,8,1,1770009812,2026-02-02 00:25:24
66dbc7d2-0aca-11e7-82f6-3863bb44ef7c,8,0,8,21,1,1770009812,2026-02-02 00:25:24
1838999304404452058,11,0,11,3,1,1770009812,2026-02-02 00:25:24
f8c1c90f-4ec0-44bd-b097-cfafc887744d,29,1,28,4,1,1770009812,2026-02-02 00:25:24
454fe70c-1d53-4af2-a9ea-1d4bd9f59799,2,2,0,12,1,1770009813,2026-02-02 00:25:24
1913990214925537808,15,5,10,5,1,1770009811,2026-02-02 00:25:24
66dc4fb5-0aca-11e7-82f6-3863bb44ef7c,17,7,10,15,1,1770009811,2026-02-02 00:25:24
1786696780996714874,6,4,2,13,1,1770009811,2026-02-02 00:25:24
9b0c2c99-214f-4e15-b476-1626c03a9e4e,29,15,14,29,1,1770009816,2026-02-02 00:25:24
7c42f9fc-d280-4841-ad96-e3cc53ee3759,8,1,7,12,1,1770009815,2026-02-02 00:25:24
1817803079955479336,8,0,8,10,1,1770009815,2026-02-02 00:25:24
b16e9f3f-9b07-486f-a1ca-c76030f5ea64,8,1,7,12,1,1770009816,2026-02-02 00:25:24
b43ecf62-4c9d-4b06-ac9a-5837084f769f,1,0,1,19,1,1770009816,2026-02-02 00:25:24
08bf2fe0-219d-48cd-87c5-6163b3a2eafd,5,3,2,16,1,1770009816,2026-02-02 00:25:24
e3470e29-934c-41f1-8fe7-82135ed2d620,13,2,11,43,1,1770009816,2026-02-02 00:25:24
fcb1c3a3-04b6-45cf-bc9a-deb71198804e,3,2,1,15,1,1770009816,2026-02-02 00:25:24
de97a7d0-fbb3-4c13-ba6a-2bbd441751fe,4,0,4,14,1,1770009813,2026-02-02 00:25:24
1849010295160437584,11,7,4,0,1,1770009814,2026-02-02 00:25:24
6ff2eec8-2b72-490a-b1c3-f9892ab3a724,2,2,0,41,1,1770009814,2026-02-02 00:25:24
8b830188-101e-44bf-a755-5e6c611e3edc,19,1,18,3,1,1770009814,2026-02-02 00:25:24
1880644037244334512,14,8,6,4,1,1770009817,2026-02-02 00:25:24
8f3a6711-fd05-4ce1-acf8-9d72b4a1bf97,2,2,0,16,1,1770009817,2026-02-02 00:25:24
f365afa3-e8a5-439d-975d-6c2b064f30df,6,0,6,19,1,1770009817,2026-02-02 00:25:24
1846086027713733188,11,4,7,4,1,1770009814,2026-02-02 00:25:24
66dd4f9b-0aca-11e7-82f6-3863bb44ef7c,12,4,7,9,1,1770009814,2026-02-02 00:25:24
9be6c750-85b6-4e81-bace-1a8ffe941d7b,11,8,3,7,1,1770009815,2026-02-02 00:25:24
981f1311-004f-41c3-ba5b-3679f78aeb70,13,1,12,1,1,1770009817,2026-02-02 00:25:24
c7dbc7b5-240b-494d-8663-dbee4103a20c,1,0,1,18,1,1770009818,2026-02-02 00:25:24
4fb1ee23-4511-47c4-8698-0c46673dc86c,0,0,0,18,1,1770009818,2026-02-02 00:25:24
fffb18be-14b3-412f-a808-107a98cd9e58,1,1,0,16,1,1770009819,2026-02-02 00:25:24
8066575c-f8e9-4e14-95ea-8d25ceeae2ca,7,2,5,21,1,1770009818,2026-02-02 00:25:24
1882736243099681438,26,6,20,4,1,1770009818,2026-02-02 00:25:24
66db4417-0aca-11e7-82f6-3863bb44ef7c,37,30,7,4,1,1770009818,2026-02-02 00:25:24
1d440638-ec50-4ccb-9a82-0e3247a87c63,26,12,14,6,1,1770009818,2026-02-02 00:25:24
66db28b5-0aca-11e7-82f6-3863bb44ef7c,32,7,25,30,1,1770009820,2026-02-02 00:25:24
c1e24edf-7192-433f-8d38-be5b6b3647c5,0,0,0,22,1,1770009819,2026-02-02 00:25:24
e36b5913-8e46-4c2a-b9be-73bdf8ee548b,11,6,5,41,1,1770009820,2026-02-02 00:25:24
067b53bd-33bf-4698-8103-3931a5f32a37,3,2,1,13,1,1770009821,2026-02-02 00:25:24
2fe3e166-2d2f-41c8-b522-fdf8ee3ae16f,2,2,0,13,1,1770009819,2026-02-02 00:25:24
b79bb851-130f-473d-83fc-f602aa0a4ca9,5,2,3,15,1,1770009819,2026-02-02 00:25:24
fe6f022b-7fdb-44fe-80bb-cbfc500959bf,3,1,2,17,1,1770009762,2026-02-02 00:25:24
1835246381185208614,1,0,1,19,1,1770009762,2026-02-02 00:25:24
914e3e7c-87da-4f52-aa03-5449c6361fa2,5,1,4,9,1,1770009752,2026-02-02 00:25:24
822d96e8-fb6c-463a-b866-aec9e408ad5e,13,3,10,1,1,1770009752,2026-02-02 00:25:24
bb58e953-4953-4fbe-9ef2-367488dfef9b,4,1,3,13,1,1770009752,2026-02-02 00:25:24
8ec47777-852d-4059-a5ea-12eef71a9606,29,0,29,0,1,1770009753,2026-02-02 00:25:24
66dc2606-0aca-11e7-82f6-3863bb44ef7c,7,3,4,65,1,1770009754,2026-02-02 00:25:24
dee5a590-7cda-465e-8351-b0622a5e2ad3,5,0,5,12,1,1770009760,2026-02-02 00:25:24
2ad41c1f-5636-4a63-ad52-761e2613061a,3,1,2,16,1,1770009758,2026-02-02 00:25:24
66ddf310-0aca-11e7-82f6-3863bb44ef7c,5,1,4,24,1,1770009760,2026-02-02 00:25:24
201edb67-d071-4b67-bafd-131e5c273e9f,13,0,13,4,1,1770009763,2026-02-02 00:25:24
b1cdec34-d4f9-4313-be82-729bb9f7bb18,7,2,5,13,1,1770009762,2026-02-02 00:25:24
66dc462a-0aca-11e7-82f6-3863bb44ef7c,47,45,2,9,1,1770009763,2026-02-02 00:25:24
3c73cc9f-3c09-4ac4-a4ea-22b4f027bf23,8,0,8,11,1,1770009770,2026-02-02 00:25:24
adb67652-c20d-4dd2-8e89-d6015b801c1a,0,0,0,17,1,1770009770,2026-02-02 00:25:24
edc9b877-c311-46b4-a780-59ee7e692324,7,6,1,24,1,1770009773,2026-02-02 00:25:24
36aaebb9-ef10-41a5-b20b-753bf8a3fed8,0,0,0,17,1,1770009773,2026-02-02 00:25:24
89d4a926-f1ae-4bf2-bf2d-59cff3881579,54,14,40,5,1,1770009774,2026-02-02 00:25:24
06e5447e-35b8-45cb-b3bb-937791a6f8ae,10,2,8,7,1,1770009774,2026-02-02 00:25:24
46bdd925-fb6c-4654-85d8-e0db4da62abf,0,0,0,25,1,1770009774,2026-02-02 00:25:24
33af8810-cda5-4b61-9c38-0235f9d59aaa,19,1,18,8,1,1770009774,2026-02-02 00:25:24
c466f15e-715f-411e-904e-1a71fb574cdd,58,32,26,1,1,1770009775,2026-02-02 00:25:24
023127f2-a6e0-4fae-ba34-178acccb993e,1,1,0,18,1,1770009771,2026-02-02 00:25:24
14391923-6727-4359-92e9-03e0b5094753,20,5,15,20,1,1770009771,2026-02-02 00:25:24
8c2ed08f-1660-4db8-9168-4709427c23ed,0,0,0,15,1,1770009771,2026-02-02 00:25:24
3893eeef-06a8-47b1-95f2-a85454f7d5c9,1,0,1,20,1,1770009773,2026-02-02 00:25:24
66db3583-0aca-11e7-82f6-3863bb44ef7c,26,13,12,17,1,1770009773,2026-02-02 00:25:24
014a931b-8e1c-438a-8a22-f267ddd1e0d2,35,13,22,1,1,1770009785,2026-02-02 00:25:24
66ddef2d-0aca-11e7-82f6-3863bb44ef7c,7,0,7,13,1,1770009785,2026-02-02 00:25:24
4cfd4097-0aee-4f11-9aea-55f99397bf33,4,0,4,14,1,1770009786,2026-02-02 00:25:24
dfb8b9c8-3006-4b76-963a-95f7471dc0a8,9,0,9,3,1,1770009787,2026-02-02 00:25:24
66dbcb2f-0aca-11e7-82f6-3863bb44ef7c,40,24,16,7,1,1770009785,2026-02-02 00:25:24
1826348745879909352,11,0,11,3,1,1770009785,2026-02-02 00:25:24
44a43ebf-cacf-4251-9ceb-e1c331ef1673,1,0,1,15,1,1770009785,2026-02-02 00:25:24
f3f46097-54cf-4c30-805a-6b2a4851eed7,0,0,0,24,1,1770009786,2026-02-02 00:25:24
66db5f40-0aca-11e7-82f6-3863bb44ef7c,23,23,0,7,1,1770009786,2026-02-02 00:25:24
7af717b9-99ce-4cce-94b4-b445a40537a1,14,0,14,1,1,1770009786,2026-02-02 00:25:24
66dcf30d-0aca-11e7-82f6-3863bb44ef7c,13,12,1,9,1,1770009786,2026-02-02 00:25:24
66db5d92-0aca-11e7-82f6-3863bb44ef7c,0,0,0,19,1,1770009783,2026-02-02 00:25:24
66db2f4c-0aca-11e7-82f6-3863bb44ef7c,12,8,4,62,1,1770009784,2026-02-02 00:25:24
66dc0f1b-0aca-11e7-82f6-3863bb44ef7c,48,35,13,5,1,1770009823,2026-02-02 00:25:24
e25f8dee-c110-489f-a978-464ac5c84ca2,16,1,15,7,1,1770009824,2026-02-02 00:25:24
5b4a90b8-426d-4a40-a7ca-87e51d690883,11,10,1,20,1,1770009824,2026-02-02 00:25:24
66db3898-0aca-11e7-82f6-3863bb44ef7c,11,10,1,14,1,1770009824,2026-02-02 00:25:24
f3525aa7-9d69-4ea2-9278-4df92db1afa1,7,1,6,9,1,1770009825,2026-02-02 00:25:24
99b7c9a5-9679-417f-b884-21c4b240aa99,4,1,3,12,1,1770009825,2026-02-02 00:25:24
c6c10756-ef41-491a-8e6c-ee0aa27b8cbe,0,0,0,18,1,1770009826,2026-02-02 00:25:24
66de0c43-0aca-11e7-82f6-3863bb44ef7c,15,2,13,7,1,1770009826,2026-02-02 00:25:24
66dc11a7-0aca-11e7-82f6-3863bb44ef7c,36,12,24,30,1,1770009826,2026-02-02 00:25:24
d5d2aebc-158c-43ec-9105-2a779d0245d8,0,0,0,18,1,1770009826,2026-02-02 00:25:24
a4c9faeb-2234-457d-ad56-1ab14104b538,8,4,4,9,1,1770009827,2026-02-02 00:25:24
3d340fc5-8c86-4d5e-974d-ae28958e61e8,44,32,11,4,1,1770009827,2026-02-02 00:25:24
1856767361963389606,9,2,7,0,1,1770009821,2026-02-02 00:25:24
74f913d2-6eac-49ce-bd6d-53a06fa855a6,5,1,4,8,1,1770009821,2026-02-02 00:25:24
93e2e1a5-49c5-41f8-a6bf-b399b6a5140d,21,2,19,43,1,1770009821,2026-02-02 00:25:24
566935d6-4d66-4b42-9822-f2a816e357b9,4,4,0,22,1,1770009823,2026-02-02 00:25:24
ee1d39c5-47c8-4527-9456-3719c50b7be5,10,2,8,3,1,1770009822,2026-02-02 00:25:24
4956ad8b-06d6-4af4-bcc8-735c45439608,3,2,1,12,1,1770009828,2026-02-02 00:25:24
66dc8d1d-0aca-11e7-82f6-3863bb44ef7c,8,2,6,47,1,1770009828,2026-02-02 00:25:24
5ffde991-1125-443e-bc97-6827b2b9c97b,16,0,16,0,1,1770009828,2026-02-02 00:25:24
8ea3301f-6940-4e0f-80f0-7a3e54b2eaa5,6,6,0,10,1,1770009825,2026-02-02 00:25:24
66dc176f-0aca-11e7-82f6-3863bb44ef7c,50,39,11,7,1,1770009825,2026-02-02 00:25:24
3ac37967-e174-421a-bfeb-d02249fb1266,5,4,1,17,1,1770009830,2026-02-02 00:25:24
0e8bfd72-c494-4d3e-85e2-4f98b801fe3b,2,1,1,16,1,1770009830,2026-02-02 00:25:24
a82599ce-99ca-4670-8053-baada198034a,47,0,47,3,1,1770009830,2026-02-02 00:25:24
ab29ce96-c2e8-4929-b27b-e0fe4aae17d5,5,0,5,11,1,1770009830,2026-02-02 00:25:24
1869754143518014264,17,0,17,15,1,1770009830,2026-02-02 00:25:24
941ea42c-47fe-4d63-a6f5-e0e200f01633,8,3,5,8,1,1770009831,2026-02-02 00:25:24
1dba415a-2c46-419e-838d-7e068b8d7d6f,8,1,7,9,1,1770009832,2026-02-02 00:25:24
1960021358478625244,11,8,3,52,1,1770009832,2026-02-02 00:25:24
7c7cb750-6613-48a4-bfae-9240968f1fad,2,1,1,33,1,1770009832,2026-02-02 00:25:24
f3eb962c-314a-4431-bac7-2eb2ffbe2fd2,2,0,2,14,1,1770009832,2026-02-02 00:25:24
039d4cc9-8560-4d22-88c3-20753c54a50f,9,0,8,15,1,1770009832,2026-02-02 00:25:24
eab2749b-2f79-4797-a0a6-0579b27e6929,17,1,16,20,1,1770009832,2026-02-02 00:25:24
c8197f4b-02b0-4cc3-96af-df5fec27a279,1,1,0,15,1,1770009833,2026-02-02 00:25:24
1849009794224623642,11,0,11,0,1,1770009833,2026-02-02 00:25:24
32d3adc3-c3dd-4a97-a4db-95d467f3c3aa,13,12,1,15,1,1770009828,2026-02-02 00:25:24
606c7384-75e9-4988-858a-07b88b3a9413,18,2,16,14,1,1770009828,2026-02-02 00:25:24
1861681959015615218,1,1,0,24,1,1770009828,2026-02-02 00:25:24
66ddeb67-0aca-11e7-82f6-3863bb44ef7c,8,0,8,8,1,1770009831,2026-02-02 00:25:24
2ec2f95c-675c-4c59-856f-1fb38df59fa2,1,1,0,15,1,1770009831,2026-02-02 00:25:24
1885440410432338078,0,0,0,20,1,1770009830,2026-02-02 00:25:24
66ddebce-0aca-11e7-82f6-3863bb44ef7c,23,16,7,0,1,1770009831,2026-02-02 00:25:24
1828967499459705054,9,0,9,8,1,1770009830,2026-02-02 00:25:24
0efa08a3-1c38-48fe-ab37-8c9b72b20126,10,0,10,5,1,1770009831,2026-02-02 00:25:24
1845676917264180046,0,0,0,9,0,1769922134,2026-02-02 00:25:24
60c5a043-1367-4a27-96ee-394ba60e2154,15,6,9,13,1,1770009837,2026-02-02 00:25:24
1835247598942507168,1,1,0,16,1,1770009837,2026-02-02 00:25:24
66ddd545-0aca-11e7-82f6-3863bb44ef7c,66,50,16,6,1,1770009837,2026-02-02 00:25:24
66db43b5-0aca-11e7-82f6-3863bb44ef7c,2,1,1,14,1,1770009837,2026-02-02 00:25:24
1835246516012366338,0,0,0,20,1,1770009838,2026-02-02 00:25:24
6dec8948-44c7-4085-9682-446a891feb42,8,0,8,6,1,1770009838,2026-02-02 00:25:24
06109e92-4363-445a-9743-0457f6799530,16,5,11,56,1,1770009838,2026-02-02 00:25:24
00284700-9d22-42ce-8485-113fed9879c1,2,1,1,15,1,1770009838,2026-02-02 00:25:24
f47c7f15-1c30-4199-a09f-134f0f0f684b,8,2,6,16,1,1770009838,2026-02-02 00:25:24
1786686999403592506,2,2,0,24,1,1770009834,2026-02-02 00:25:24
66dc42a0-0aca-11e7-82f6-3863bb44ef7c,8,5,3,16,1,1770009835,2026-02-02 00:25:24
49703a2d-15e9-4af4-b80e-cca664d7ea18,5,2,3,14,1,1770009835,2026-02-02 00:25:24
1815968345907104578,11,1,10,11,1,1770009833,2026-02-02 00:25:24
2126624118513887578,6,5,1,0,1,1770009804,2026-02-02 00:25:24
66dde271-0aca-11e7-82f6-3863bb44ef7c,8,4,4,27,1,1770009833,2026-02-02 00:25:24
66de4336-0aca-11e7-82f6-3863bb44ef7c,5,2,3,24,1,1770009833,2026-02-02 00:25:24
3edec530-4791-4872-8912-2a2397a903a4,40,15,25,10,1,1770009833,2026-02-02 00:25:24
2527619f-ef89-425c-bf3b-60cc0ec519bf,18,6,12,30,1,1770009835,2026-02-02 00:25:24
1846086562569586930,7,1,6,8,1,1770009835,2026-02-02 00:25:24
7a8bf573-275f-41d5-ad8b-1ff9ee7c2dce,11,0,11,16,1,1770009841,2026-02-02 00:25:24
16c54bf4-194b-4f26-9c49-a42901b4748d,7,4,3,14,1,1770009841,2026-02-02 00:25:24
ee70b21e-4a95-4bdf-802c-50f83a76971d,9,2,7,15,1,1770009840,2026-02-02 00:25:24
b7af52d2-fd23-4970-8513-be7c681480c4,36,20,16,4,1,1770009840,2026-02-02 00:25:24
3c5a8531-4eec-4695-b4f8-8a1158890e78,7,5,2,9,1,1770009841,2026-02-02 00:25:24
66dd1bf3-0aca-11e7-82f6-3863bb44ef7c,42,9,33,4,1,1770009841,2026-02-02 00:25:24
00d3e65e-b614-4408-aaa9-939ed96ce645,34,31,3,6,1,1770009841,2026-02-02 00:25:24
66dc7d58-0aca-11e7-82f6-3863bb44ef7c,24,7,17,41,1,1770009843,2026-02-02 00:25:24
1828967208126648828,3,0,3,15,1,1770009843,2026-02-02 00:25:24
f47e1ce9-ff3f-49e9-9a2f-aa5be45d70da,9,0,9,10,1,1770009843,2026-02-02 00:25:24
2163290511399492946,5,2,3,2,1,1770009843,2026-02-02 00:25:24
6cb5fac5-f7e8-4ec9-94cf-816771d91ecd,16,0,16,11,1,1770009842,2026-02-02 00:25:24
1792225684155730482,16,15,1,6,1,1770009842,2026-02-02 00:25:24
89ff4db3-8a29-4565-a366-6fea4b3afc39,11,3,8,1,1,1770009838,2026-02-02 00:25:24
7e36cd9b-b271-42e5-b344-b7a3771c795e,20,6,15,25,1,1770009839,2026-02-02 00:25:24
66dcecfa-0aca-11e7-82f6-3863bb44ef7c,5,3,2,24,1,1770009839,2026-02-02 00:25:24
00d94dfc-3695-47e1-aba6-7f319dd2eb08,3,0,3,18,1,1770009839,2026-02-02 00:25:24
66dce660-0aca-11e7-82f6-3863bb44ef7c,4,0,4,19,1,1770009839,2026-02-02 00:25:24
340036c3-2787-4998-9a77-fe54f352d619,4,1,3,13,1,1770009840,2026-02-02 00:25:24
5a5a38d1-f28d-4e51-bf85-27bb384135c7,23,2,21,4,1,1770009840,2026-02-02 00:25:24
e63c8dac-ab44-48c8-83a0-92c53a00f12e,1,0,1,25,1,1770009840,2026-02-02 00:25:24
298d4e45-c6d2-45f1-a07a-11606026a6e4,7,3,4,16,1,1770009842,2026-02-02 00:25:24
66dccc99-0aca-11e7-82f6-3863bb44ef7c,13,2,11,17,1,1770009842,2026-02-02 00:25:24
66db930d-0aca-11e7-82f6-3863bb44ef7c,3,1,2,23,1,1770009843,2026-02-02 00:25:24
f6cf3ecc-b3ad-4291-8c24-277f28f64ba1,15,4,11,6,1,1770009840,2026-02-02 00:25:24
9206af28-03bf-43e3-a8b0-354792921466,6,1,5,12,1,1770009841,2026-02-02 00:25:24
c36cfa58-29fe-4c0c-a14f-41c3463487fd,0,0,0,20,1,1770009791,2026-02-02 00:25:24
f42b3158-3f78-4a62-964a-8cc554d69c35,12,0,12,2,1,1770009789,2026-02-02 00:25:24
d5cb6e67-addb-46d4-93e7-832371736d45,14,0,14,16,1,1770009790,2026-02-02 00:25:24
11a8d465-b4eb-466b-a6ca-055f73994231,3,0,3,22,1,1770009790,2026-02-02 00:25:24
5a6218aa-c5b7-4436-93c1-dee7cb5322d9,9,6,3,8,1,1770009787,2026-02-02 00:25:24
9eb98b3b-ea35-483f-91f6-d90c506152db,7,0,7,14,1,1770009791,2026-02-02 00:25:24
c3b255d8-b690-4825-b1e9-a1d1680e5542,7,2,5,5,1,1770009792,2026-02-02 00:25:24
116dbc02-a3c1-4b65-9f73-2a09a2aa1379,51,25,26,8,1,1770009792,2026-02-02 00:25:24
1797078913880883846,2,2,0,15,1,1770009794,2026-02-02 00:25:24
b4ae292d-5e89-4c58-8154-0496893394b5,2,0,2,18,1,1770009794,2026-02-02 00:25:24
ee1ba75f-baf5-4852-929c-8b7ad310f55a,18,8,10,4,1,1770009794,2026-02-02 00:25:24
1869439170989701358,17,0,17,1,1,1770009794,2026-02-02 00:25:24
66dbf6d2-0aca-11e7-82f6-3863bb44ef7c,12,0,12,17,1,1770009793,2026-02-02 00:25:24
f6143531-4a16-4aac-9b55-573ef7ef162e,2,0,2,14,1,1770009793,2026-02-02 00:25:24
1828968082192898522,0,0,0,20,1,1770009789,2026-02-02 00:25:24
66dcb9f7-0aca-11e7-82f6-3863bb44ef7c,1,0,1,21,1,1770009791,2026-02-02 00:25:24
8d8a381c-21df-4095-837e-65924d85a06d,0,0,0,18,1,1770009791,2026-02-02 00:25:24
814dd1a9-100c-4b1b-8110-6319bbd464e9,4,2,2,16,1,1770009792,2026-02-02 00:25:24
2ec1235f-a043-4e3a-9ba1-56f7dd4624b7,9,1,8,10,1,1770009793,2026-02-02 00:25:24
627c77c0-0088-4ba8-ba66-73e0e3d3fe77,3,0,3,20,1,1770009787,2026-02-02 00:25:24
1835249448692130546,6,1,5,11,1,1770009795,2026-02-02 00:25:24
ce700c09-6095-4b20-ab65-07defdd1a7d7,9,0,9,5,1,1770009798,2026-02-02 00:25:24
1fba77e2-66ab-4e9c-9f9a-4ec4f11fd80b,2,0,2,23,1,1770009799,2026-02-02 00:25:24
82b97827-1801-4b7b-b3de-16447a8dd025,2,1,1,16,1,1770009799,2026-02-02 00:25:24
1814907277023901890,14,1,13,2,1,1770009799,2026-02-02 00:25:24
66dcc44a-0aca-11e7-82f6-3863bb44ef7c,4,3,1,12,1,1770009796,2026-02-02 00:25:24
1838070940162509196,3,0,3,16,1,1770009796,2026-02-02 00:25:24
66dbf362-0aca-11e7-82f6-3863bb44ef7c,17,1,16,26,1,1770009796,2026-02-02 00:25:24
1856767555236917834,17,2,15,3,1,1770009797,2026-02-02 00:25:24
1857515306802639416,12,0,12,8,1,1770009796,2026-02-02 00:25:24
8dfff4bd-0f3c-43af-bc55-a63850f66c6b,3,1,2,12,1,1770009796,2026-02-02 00:25:24
0df3a035-5a38-4ec2-826a-0a5376e8d8a0,2,1,1,19,1,1770009797,2026-02-02 00:25:24
1890927910885612334,16,0,16,2,1,1770009798,2026-02-02 00:25:24
1835244925191295588,1,1,0,21,1,1770009800,2026-02-02 00:25:24
1875395639434791520,0,0,0,18,1,1770009800,2026-02-02 00:25:24
66dd4423-0aca-11e7-82f6-3863bb44ef7c,19,19,0,6,1,1770009800,2026-02-02 00:25:24
66dc7e75-0aca-11e7-82f6-3863bb44ef7c,5,3,2,62,1,1770009795,2026-02-02 00:25:24
f0115d11-c678-4274-8bb7-d486dbb63361,10,0,10,2,1,1770009796,2026-02-02 00:25:24
b471c112-1770-4dfe-9e13-fe7479dcb5a5,18,0,18,1,1,1770009799,2026-02-02 00:25:24
b83b2a73-af8e-4b82-b61e-aeaaf075fbe2,1,1,0,22,1,1770009800,2026-02-02 00:25:24
a68acb0c-4244-416a-bf59-ca55d3120cdd,11,8,3,1,1,1770009798,2026-02-02 00:25:24
0f6fd186-656a-41b3-ba4a-456d22da177c,19,1,18,4,1,1770009800,2026-02-02 00:25:24
26599393-b967-44a6-a998-cb72ca53cd9e,10,1,9,7,1,1770009800,2026-02-02 00:25:24
66dc7c31-0aca-11e7-82f6-3863bb44ef7c,11,7,4,24,1,1770009801,2026-02-02 00:25:24
af72781c-fe0b-4b73-a7df-201f9780ea9c,35,17,17,4,1,1770009801,2026-02-02 00:25:24
0b857ee5-3d10-4152-952e-95fbaf06677a,6,6,0,23,1,1770009801,2026-02-02 00:25:24
1856767203049599002,6,1,5,6,1,1770009804,2026-02-02 00:25:24
66db3816-0aca-11e7-82f6-3863bb44ef7c,23,6,17,0,1,1770009804,2026-02-02 00:25:24
66db72f1-0aca-11e7-82f6-3863bb44ef7c,30,10,20,13,1,1770009802,2026-02-02 00:25:24
1828966227118051662,10,0,10,3,1,1770009803,2026-02-02 00:25:24
66db3e32-0aca-11e7-82f6-3863bb44ef7c,27,2,25,10,1,1770009802,2026-02-02 00:25:24
13b82a41-c25b-428f-a07b-5f5d8340c6f2,0,0,0,18,1,1770009805,2026-02-02 00:25:24
d9160982-2d9b-4f08-9469-a559a7b62809,5,3,2,76,1,1770009805,2026-02-02 00:25:24
d4c34830-972f-4cd1-81bb-071df209d065,1,0,1,19,1,1770009805,2026-02-02 00:25:24
bdc116cd-4d63-4693-846c-ec5073314007,5,2,3,10,1,1770009806,2026-02-02 00:25:24
ba7bf20d-b6bc-43dd-bf30-acb940eaeec8,0,0,0,15,1,1770009802,2026-02-02 00:25:24
1828968462257099768,1,1,0,18,1,1770009802,2026-02-02 00:25:24
3575749f-123a-4a80-870d-7ca7c7f9c8a9,3,2,1,21,1,1770009802,2026-02-02 00:25:24
66dd9b0f-0aca-11e7-82f6-3863bb44ef7c,10,7,3,24,1,1770009800,2026-02-02 00:25:24
18b19467-28ac-4496-b3e4-f6028b1c5105,3,1,2,24,1,1770009801,2026-02-02 00:25:24
66dc4334-0aca-11e7-82f6-3863bb44ef7c,7,5,2,14,1,1770009809,2026-02-02 00:25:24
66dc8382-0aca-11e7-82f6-3863bb44ef7c,15,8,7,61,1,1770009807,2026-02-02 00:25:24
9d56294e-61fc-4176-bb9c-4692f45bb374,12,1,11,1,1,1770009807,2026-02-02 00:25:24
e0a9ed84-55f9-40f5-90fa-87db17d2f933,11,0,11,3,1,1770009807,2026-02-02 00:25:24
0575e356-72f4-4251-8e15-574cf60bd190,3,0,3,11,1,1770009810,2026-02-02 00:25:24
971cddfa-695e-4b44-ba8b-26154ab4a83b,1,0,1,14,1,1770009810,2026-02-02 00:25:24
c72970e7-7f1a-4671-bf55-fc34be7c9413,9,1,8,6,1,1770009808,2026-02-02 00:25:24
0258da92-f770-4acc-b20b-91b78aff791e,17,1,16,4,1,1770009808,2026-02-02 00:25:24
a6492ad5-d13e-48b0-a0d5-08e60ad93e53,55,16,39,1,1,1770009808,2026-02-02 00:25:24
28a2436d-a52b-4fa4-874c-e096012a926d,9,8,1,4,1,1770009810,2026-02-02 00:25:24
1861683217585879154,20,3,17,11,1,1770009810,2026-02-02 00:25:24
66dbefee-0aca-11e7-82f6-3863bb44ef7c,2,2,0,12,1,1770009808,2026-02-02 00:25:24
66dc8025-0aca-11e7-82f6-3863bb44ef7c,6,5,1,59,1,1770009844,2026-02-02 00:25:24
66de0a0a-0aca-11e7-82f6-3863bb44ef7c,13,2,11,3,1,1770009844,2026-02-02 00:25:24
1851947582840610924,4,1,3,16,1,1770009844,2026-02-02 00:25:24
66de077f-0aca-11e7-82f6-3863bb44ef7c,3,1,2,44,1,1770009844,2026-02-02 00:25:24
16836c76-c412-4ec3-bac8-3c6a5a3d9745,10,8,2,10,1,1770009844,2026-02-02 00:25:24
0cb63737-64c9-42a9-9479-280d49ed015a,5,0,5,14,1,1770009844,2026-02-02 00:25:24
66db728c-0aca-11e7-82f6-3863bb44ef7c,19,9,10,31,1,1770009844,2026-02-02 00:25:24
2126623405008140358,4,3,1,4,1,1770009844,2026-02-02 00:25:24
bda1fab4-5065-42df-a8ff-514e6064ab6e,17,0,17,3,1,1770009845,2026-02-02 00:25:24
7d41ac98-df88-497a-aef9-968660e6da0f,16,4,12,18,1,1770009844,2026-02-02 00:25:24
66dc1702-0aca-11e7-82f6-3863bb44ef7c,34,27,7,31,1,1770009845,2026-02-02 00:25:24
2124425954553309758,8,4,4,0,1,1770009835,2026-02-02 00:25:24
1a92d2d3-ddf1-4f34-b28c-ce7a064b9a3e,9,3,6,7,1,1770009845,2026-02-02 00:25:24
1945126022626996350,4,0,4,22,1,1770009846,2026-02-02 00:25:24
1967778612889039234,7,5,2,20,1,1770009846,2026-02-02 00:25:24
66dd9dba-0aca-11e7-82f6-3863bb44ef7c,20,15,5,18,1,1770009846,2026-02-02 00:25:24
a7a175ff-8ffb-477c-a40b-6d47ce92305d,5,1,4,11,1,1770009849,2026-02-02 00:25:24
66dc210e-0aca-11e7-82f6-3863bb44ef7c,4,4,0,29,1,1770009849,2026-02-02 00:25:24
2124037510131026812,11,6,5,6,1,1770009850,2026-02-02 00:25:24
66de4897-0aca-11e7-82f6-3863bb44ef7c,10,0,10,4,1,1770009850,2026-02-02 00:25:24
57f144cb-375d-4eee-b458-e288116cb8f7,15,3,12,3,1,1770009850,2026-02-02 00:25:24
66dc7802-0aca-11e7-82f6-3863bb44ef7c,16,4,12,35,1,1770009851,2026-02-02 00:25:24
7e70b65e-00c1-40d5-984d-17232a4ee05e,16,3,13,21,1,1770009851,2026-02-02 00:25:24
b5861c2d-d687-4308-bf2d-5f69fc28cc4a,16,0,16,4,1,1770009851,2026-02-02 00:25:24
c9e76fa9-54e2-4161-9798-4787bf04217a,7,1,6,8,1,1770009848,2026-02-02 00:25:24
66dd1eb2-0aca-11e7-82f6-3863bb44ef7c,18,0,18,4,1,1770009849,2026-02-02 00:25:24
b9b58379-b29a-4fa8-ba72-c647728e1686,12,4,8,7,1,1770009850,2026-02-02 00:25:24
1b962833-d769-418e-b1ef-5a183bb5eb1a,8,3,5,9,1,1770009850,2026-02-02 00:25:24
2025623258130320038,11,1,10,13,1,1770009850,2026-02-02 00:25:24
66dd4356-0aca-11e7-82f6-3863bb44ef7c,6,5,1,24,1,1770009851,2026-02-02 00:25:24
1860189075388547142,2,1,1,16,1,1770009844,2026-02-02 00:25:24
36d80620-9774-487e-8eb0-cf5f18a39321,6,6,0,19,1,1770009843,2026-02-02 00:25:24
1828968327357059242,10,2,8,9,1,1770009844,2026-02-02 00:25:24
b976906e-81c4-44c5-a160-e17815c0d47b,9,0,9,19,1,1770009844,2026-02-02 00:25:24
2123938400844950144,3,0,3,13,1,1770009843,2026-02-02 00:25:24
1835249197527877718,1,0,1,16,1,1770009855,2026-02-02 00:25:24
66dcf922-0aca-11e7-82f6-3863bb44ef7c,10,0,10,8,1,1770009856,2026-02-02 00:25:24
3ac7b47b-2253-4a0b-bf7d-8a2eb6b78a38,10,5,5,21,1,1770009856,2026-02-02 00:25:24
7b0227aa-bbf5-4731-a49a-765b4afac483,31,9,22,35,1,1770009856,2026-02-02 00:25:24
178bad16-1b02-4264-94c0-a8fd0faa60fe,4,4,0,25,1,1770009856,2026-02-02 00:25:24
1817432709747753390,8,1,7,11,1,1770009856,2026-02-02 00:25:24
66dea8ff-0aca-11e7-82f6-3863bb44ef7c,8,4,4,24,1,1770009852,2026-02-02 00:25:24
b53b5e8f-9503-48d1-b3e3-9347ecef38e2,11,3,8,17,1,1770009853,2026-02-02 00:25:24
1864605926072998676,0,0,0,18,1,1770009853,2026-02-02 00:25:24
5fdf435f-6080-4b1d-966c-3b9d08450c4d,8,1,7,11,1,1770009853,2026-02-02 00:25:24
ff1e98d3-ae7d-4c53-a531-1845bee1d346,2,2,0,33,1,1770009853,2026-02-02 00:25:24
081d243e-d75e-4e2a-bdae-a990b2397532,3,0,3,20,1,1770009854,2026-02-02 00:25:24
2126224876714496782,3,0,3,1,1,1770009855,2026-02-02 00:25:24
7b56cbab-9d93-4043-bfa5-63eb6b3e5281,13,7,6,3,1,1770009851,2026-02-02 00:25:24
05d03a63-b5f2-40d9-9a3d-d2fe666a307f,7,0,7,15,1,1770009852,2026-02-02 00:25:24
66dbbeda-0aca-11e7-82f6-3863bb44ef7c,23,15,8,51,1,1770009852,2026-02-02 00:25:24
76c1ef9c-3984-4b4e-bff4-5c398e2395bd,2,1,1,17,1,1770009852,2026-02-02 00:25:24
1834145204469569922,2,0,2,16,1,1770009852,2026-02-02 00:25:24
a5bd1f58-7df8-4df6-9636-372f1bc194be,31,8,23,7,1,1770009855,2026-02-02 00:25:24
66dd2292-0aca-11e7-82f6-3863bb44ef7c,31,31,0,11,1,1770009855,2026-02-02 00:25:24
fc5ee04d-710b-45ba-aae0-303b8e95ea89,6,1,5,12,1,1770009855,2026-02-02 00:25:24
4bc6f4d0-edd5-4eb0-a704-f7ce0d693aac,3,2,1,16,1,1770009855,2026-02-02 00:25:24
2123939242997647892,5,1,4,6,1,1770009852,2026-02-02 00:25:24
66de0dfd-0aca-11e7-82f6-3863bb44ef7c,2,2,0,37,1,1770009852,2026-02-02 00:25:24
2088792249063596144,14,7,7,6,1,1770009855,2026-02-02 00:25:24
66dbf215-0aca-11e7-82f6-3863bb44ef7c,21,4,17,10,1,1770009855,2026-02-02 00:25:24
70634bc4-4d90-42d4-8f6a-3f29fa8f7f77,18,13,4,7,1,1770009855,2026-02-02 00:25:24
66dcba5e-0aca-11e7-82f6-3863bb44ef7c,10,0,10,6,1,1770009851,2026-02-02 00:25:24
272c0389-5e4a-41a9-ad6c-2dccdfa55af9,1,1,0,23,1,1770009851,2026-02-02 00:25:24
7cd61426-ed98-434e-9235-56ed856fead6,0,0,0,16,0,1769998723,2026-02-02 00:25:24
8c6cba48-d803-4a90-99f7-e06edcdbbf92,1,0,1,19,1,1770009857,2026-02-02 00:25:24
1862787688044743624,0,0,0,8,0,1769919230,2026-02-02 00:25:24
5b4a4b20-539b-47c1-9228-1f1f124b3ec9,15,0,15,5,1,1770009858,2026-02-02 00:25:24
72719900-dd61-40bd-9f4a-40d70c47590c,15,7,7,5,1,1770009857,2026-02-02 00:25:24
cda60c6d-80f3-41b7-8ece-fe997f6dafb5,4,0,4,13,1,1770009858,2026-02-02 00:25:24
66db9675-0aca-11e7-82f6-3863bb44ef7c,7,6,1,16,1,1770009858,2026-02-02 00:25:24
49f86083-851b-475d-b9ab-64e01b81f725,5,2,3,17,1,1770009859,2026-02-02 00:25:24
0e240143-2f86-4754-8345-4994750d99f1,10,0,10,7,1,1770009859,2026-02-02 00:25:24
3a51a25f-3e9b-4aea-84ee-39e9a3acc7fd,11,1,10,7,1,1770009859,2026-02-02 00:25:24
66dc89ae-0aca-11e7-82f6-3863bb44ef7c,8,0,8,23,1,1770009859,2026-02-02 00:25:24
537a2f47-26a3-4776-ba9d-e2acd2ffbee1,1,0,1,3,1,1770009717,2026-02-02 00:25:24
681a8bdb-65ff-4078-a5de-74927502da4e,12,3,9,1,1,1770009744,2026-02-02 00:25:24
4a48175b-c239-4d5e-b1b8-03eda4239678,22,2,20,3,1,1770009776,2026-02-02 00:25:24
66dd5960-0aca-11e7-82f6-3863bb44ef7c,11,10,1,8,1,1770009787,2026-02-02 00:25:24
1839334257267825432,2,0,2,9,1,1770009794,2026-02-02 00:25:24
2de92329-48d0-4cf7-85df-172f91bbb320,8,7,1,17,1,1770009794,2026-02-02 00:25:24
7478be11-37d8-49b1-a253-f0810045f6ff,10,5,5,8,1,1770009802,2026-02-02 00:25:24
2116635307734817684,3,2,1,10,1,1770009807,2026-02-02 00:25:24
66ddda59-0aca-11e7-82f6-3863bb44ef7c,5,0,5,7,1,1770009809,2026-02-02 00:25:24
66dd6721-0aca-11e7-82f6-3863bb44ef7c,6,2,4,8,1,1770009771,2026-02-02 00:25:24
66dd5e69-0aca-11e7-82f6-3863bb44ef7c,6,0,6,8,1,1770009761,2026-02-02 00:25:24
f417d8da-0f15-49b0-9e3c-3c3e55c2691d,12,5,7,3,1,1770009811,2026-02-02 00:25:24
3d1db3fa-1df5-46c8-baf3-619b729f5bda,1,0,1,17,1,1770009815,2026-02-02 00:25:24
2108372562172578194,9,9,0,8,1,1770009825,2026-02-02 00:25:24
d09709d2-e119-48c4-aa22-29432a13a35a,0,0,0,4,1,1770009826,2026-02-02 00:25:24
e163ce54-4c39-43c5-9831-e10a2603527d,11,0,11,8,1,1770009829,2026-02-02 00:25:24
2116636101124803154,10,1,9,3,1,1770009855,2026-02-02 00:25:24
6107e75a-2493-4e3d-a3e0-d4886d3416e5,1,1,0,12,1,1770009856,2026-02-02 00:25:24
66dd8479-0aca-11e7-82f6-3863bb44ef7c,11,6,5,11,1,1770009849,2026-02-02 00:25:24
2116635993049651742,4,1,3,7,1,1770009859,2026-02-02 00:25:24
2108372790290481846,2,1,1,11,1,1770009695,2026-02-02 00:25:24
66dd7cab-0aca-11e7-82f6-3863bb44ef7c,2,1,1,22,1,1770009738,2026-02-02 00:25:24
ded4386f-9f69-43c6-a566-4511920c3e39,0,0,0,0,0,1770009747,2026-02-02 00:25:24
3742e2ab-6cd0-40cf-846a-72cbe637afe1,12,0,12,12,1,1770009745,2026-02-02 00:25:24
66dd836d-0aca-11e7-82f6-3863bb44ef7c,3,3,0,16,1,1770009751,2026-02-02 00:25:24
2036428272250118978,12,7,5,4,1,1770009762,2026-02-02 00:25:24
915057d4-edbc-4c73-8d81-dda33d600d58,4,0,4,11,1,1770009768,2026-02-02 00:25:24
43318169-d1ae-4a1a-9578-23cfa3fdbac9,0,0,0,17,1,1770009771,2026-02-02 00:25:24
c32d6965-4fae-4f1f-a5f2-7f2ef5f439fc,0,0,0,16,1,1770009779,2026-02-02 00:25:24
f841ae52-0bbb-49db-b6eb-f898fbce6108,4,1,3,13,1,1770009779,2026-02-02 00:25:24
66dd650d-0aca-11e7-82f6-3863bb44ef7c,3,0,3,12,1,1770009796,2026-02-02 00:25:24
e2c00264-9eea-446d-a1b7-27cef3aed403,0,0,0,11,1,1770009804,2026-02-02 00:25:24
66dddae7-0aca-11e7-82f6-3863bb44ef7c,6,0,6,6,1,1770009812,2026-02-02 00:25:24
66dd8043-0aca-11e7-82f6-3863bb44ef7c,6,6,0,9,1,1770009811,2026-02-02 00:25:24
66ddde40-0aca-11e7-82f6-3863bb44ef7c,8,2,6,6,1,1770009830,2026-02-02 00:25:24
0bb12c94-efdb-40ac-98fe-9521ba373b57,2,1,1,26,1,1770009818,2026-02-02 00:25:24
66ddded0-0aca-11e7-82f6-3863bb44ef7c,5,2,3,5,1,1770009818,2026-02-02 00:25:24
66dd83fc-0aca-11e7-82f6-3863bb44ef7c,9,0,9,9,1,1770009844,2026-02-02 00:25:24
21c4a77d-b1ae-4262-b143-087fd14a07b8,8,0,8,6,1,1770009847,2026-02-02 00:25:24
a59f4f11-5d52-43a2-8a32-ae71137a6af8,6,4,2,5,1,1770009840,2026-02-02 00:25:24
66dd9183-0aca-11e7-82f6-3863bb44ef7c,2,1,1,9,1,1770009856,2026-02-02 00:25:24
66dddc98-0aca-11e7-82f6-3863bb44ef7c,19,11,8,0,1,1770009856,2026-02-02 00:25:24
823c0615-2832-4e76-85f0-7cf527151aba,0,0,0,0,0,86400,2026-02-02 00:25:24
2108372139456801688,10,6,4,4,1,1770009705,2026-02-02 00:25:24
2108373096850688302,0,0,0,13,1,1770009726,2026-02-02 00:25:24
ccfa1f8f-f930-45f2-9cda-375c01596ca2,0,0,0,18,1,1770009741,2026-02-02 00:25:24
2157737368545384190,0,0,0,15,1,1770009747,2026-02-02 00:25:24
66ddd78e-0aca-11e7-82f6-3863bb44ef7c,7,1,6,2,1,1770009757,2026-02-02 00:25:24
2058728861810389252,3,1,2,17,1,1770009760,2026-02-02 00:25:24
66dd58f2-0aca-11e7-82f6-3863bb44ef7c,6,3,3,1,1,1770009765,2026-02-02 00:25:24
fadf00cf-d84a-49e8-9607-c67154915412,22,12,10,0,1,1770009775,2026-02-02 00:25:24
66dd5f99-0aca-11e7-82f6-3863bb44ef7c,13,1,12,5,1,1770009775,2026-02-02 00:25:24
8ae0bf30-9979-461e-a947-2dd89f293b40,5,0,5,5,1,1770009789,2026-02-02 00:25:24
66dd7f10-0aca-11e7-82f6-3863bb44ef7c,19,19,0,5,1,1770009791,2026-02-02 00:25:24
1849747691035224144,11,4,7,0,1,1770009790,2026-02-02 00:25:24
655b0878-c22b-4f8c-8675-21bf30d1eebf,12,3,9,0,1,1770009797,2026-02-02 00:25:24
66dd63de-0aca-11e7-82f6-3863bb44ef7c,5,2,3,8,1,1770009821,2026-02-02 00:25:24
66dd630c-0aca-11e7-82f6-3863bb44ef7c,12,8,4,4,1,1770009795,2026-02-02 00:25:24
1ec24ce3-2b69-4f3a-a153-c73e583d11f3,1,1,0,15,1,1770009804,2026-02-02 00:25:24
22cd02a2-228f-4eeb-b249-cbea51a0e219,10,1,9,7,1,1770009820,2026-02-02 00:25:24
2116635868495600156,4,3,1,6,1,1770009834,2026-02-02 00:25:24
33a797e8-6be2-4868-b9f6-1be157eaa0a5,2,1,1,17,1,1770009841,2026-02-02 00:25:24
2290031f-e7d8-40a3-9ad6-566df493bbbc,24,2,22,14,1,1770009845,2026-02-02 00:25:24
5f798c51-5d8b-4add-9f81-341f54a82ffa,6,5,1,11,1,1770009847,2026-02-02 00:25:24
2116635185595800086,3,1,2,8,1,1770009854,2026-02-02 00:25:24
dd8b2f53-8b94-4082-9576-994a4962f9d5,1,1,0,14,1,1770009856,2026-02-02 00:25:24
2116635417524034072,1,0,1,10,1,1770009856,2026-02-02 00:25:24
66dd7fe2-0aca-11e7-82f6-3863bb44ef7c,10,2,8,8,1,1770009744,2026-02-02 00:25:24
1844599666569400604,12,5,7,7,1,1770009780,2026-02-02 00:25:24
66dd6000-0aca-11e7-82f6-3863bb44ef7c,14,3,11,3,1,1770009776,2026-02-02 00:25:24
2108373197827738014,6,2,4,11,1,1770009806,2026-02-02 00:25:24
2157736614125310040,6,5,1,7,1,1770009657,2026-02-02 00:25:24
2108372029596633484,5,0,5,6,1,1770009773,2026-02-02 00:25:24
66ddd81a-0aca-11e7-82f6-3863bb44ef7c,2,1,1,8,1,1770009774,2026-02-02 00:25:24
66dd80ac-0aca-11e7-82f6-3863bb44ef7c,11,5,6,7,1,1770009786,2026-02-02 00:25:24
2165507807810224012,1,1,0,14,1,1770009785,2026-02-02 00:25:24
2116885281736356212,5,1,4,7,1,1770009797,2026-02-02 00:25:24
2158919319277979600,3,2,1,9,1,1770009796,2026-02-02 00:25:24
66dd7b37-0aca-11e7-82f6-3863bb44ef7c,11,1,10,14,1,1770009817,2026-02-02 00:25:24
66dddf5f-0aca-11e7-82f6-3863bb44ef7c,4,4,0,6,1,1770009821,2026-02-02 00:25:24
66dd8b48-0aca-11e7-82f6-3863bb44ef7c,0,0,0,16,1,1770009815,2026-02-02 00:25:24
66dd6441-0aca-11e7-82f6-3863bb44ef7c,3,1,2,7,1,1770009851,2026-02-02 00:25:24
4aecd6f2-8a84-4bed-a528-dc6870877292,1,1,0,13,1,1770009853,2026-02-02 00:25:24
3371df76-39db-43ab-b3d6-fac0be55311f,4,1,3,9,1,1770009856,2026-02-02 00:25:24
5faf99b8-9046-450f-9d2a-d13279b3d016,18,14,4,10,1,1770009746,2026-02-02 00:25:24
cbc48689-7805-49dd-9669-5471f4b7b6fb,10,1,9,11,1,1770009751,2026-02-02 00:25:24
46813ecf-8df4-4c8f-9579-0179e0b36ba6,2,1,1,12,1,1770009748,2026-02-02 00:25:24
9d344652-976b-4c2d-bede-2ef19b0fbf13,7,5,2,10,1,1770009768,2026-02-02 00:25:24
66ddddb4-0aca-11e7-82f6-3863bb44ef7c,9,2,7,4,1,1770009778,2026-02-02 00:25:24
66dddc08-0aca-11e7-82f6-3863bb44ef7c,6,1,5,4,1,1770009778,2026-02-02 00:25:24
66ddd8a8-0aca-11e7-82f6-3863bb44ef7c,3,0,3,9,1,1770009777,2026-02-02 00:25:24
66dd5a42-0aca-11e7-82f6-3863bb44ef7c,17,9,8,2,1,1770009814,2026-02-02 00:25:24
2108372903577159978,8,5,3,6,1,1770009815,2026-02-02 00:25:24
2088688422524183306,13,3,10,19,1,1770009817,2026-02-02 00:25:24
66dddd28-0aca-11e7-82f6-3863bb44ef7c,8,4,4,3,1,1770009752,2026-02-02 00:25:24
66ddd93e-0aca-11e7-82f6-3863bb44ef7c,4,0,4,10,1,1770009763,2026-02-02 00:25:24
5aa81a37-ea1d-4bf6-ab40-4751c6b4fb08,6,1,5,10,1,1770009771,2026-02-02 00:25:24
2108373961268485100,4,0,4,10,1,1770009822,2026-02-02 00:25:24
b6a13f2b-deb4-4f4d-9d67-7d23bee27c88,2,2,0,10,1,1770009830,2026-02-02 00:25:24
2108372356498784942,7,0,7,7,1,1770009836,2026-02-02 00:25:24
2116636221383887448,15,0,15,3,1,1770009748,2026-02-02 00:25:24
bd6f422b-d7ae-4d7e-9261-653fdd8e6888,19,5,14,6,1,1770009841,2026-02-02 00:25:24
519824e4-69ba-4270-a395-17c204f328f8,7,6,1,12,1,1770009796,2026-02-02 00:25:24
581211b2-4e42-48f2-8a8f-5f968cb1c5df,2,1,1,20,1,1770009846,2026-02-02 00:25:24
2116634708854430228,9,2,7,4,1,1770009849,2026-02-02 00:25:24
2116635527663355916,0,0,0,11,1,1770009852,2026-02-02 00:25:24
66dd5f24-0aca-11e7-82f6-3863bb44ef7c,8,1,7,10,1,1770009853,2026-02-02 00:25:24
66de0d91-0aca-11e7-82f6-3863bb44ef7c,23,0,23,2,1,1770013998,2026-02-02 01:37:00
66de677e-0aca-11e7-82f6-3863bb44ef7c,12,1,11,12,1,1770013998,2026-02-02 01:37:00
77e31650-e86a-4b06-b2de-b92df2a7a7f5,25,2,23,1,1,1770013999,2026-02-02 01:37:00
517409d3-a94a-4140-a6de-ff0de9221ed2,1,1,0,20,1,1770014004,2026-02-02 01:37:00
2ebbe93b-a013-464a-b4a5-0eba96f89676,3,2,1,15,1,1770014004,2026-02-02 01:37:00
1786700154621508184,7,2,5,18,1,1770014002,2026-02-02 01:37:00
54df610f-0e47-4958-98ca-37bb1b1c4dca,1,1,0,22,1,1770014002,2026-02-02 01:37:00
84a7baff-415b-4ab9-a859-74c2801483ce,9,2,7,5,1,1770014003,2026-02-02 01:37:00
74723006-b32f-4590-8cc7-f15eec3808fe,3,0,3,25,1,1770014001,2026-02-02 01:37:00
1869743938848725856,35,29,6,49,1,1770014001,2026-02-02 01:37:00
1960019951675478680,7,4,3,21,1,1770014001,2026-02-02 01:37:00
2104286315955915532,4,2,2,59,1,1770014003,2026-02-02 01:37:00
66dd9fa6-0aca-11e7-82f6-3863bb44ef7c,1,0,0,45,0,1770007133,2026-02-02 01:37:00
2100948436010992354,9,7,2,3,1,1770014000,2026-02-02 01:37:00
66de71af-0aca-11e7-82f6-3863bb44ef7c,26,2,24,2,1,1770014004,2026-02-02 01:37:00
eb217a2c-1dd0-4690-a34e-ecc1a708f883,0,0,0,19,1,1770014000,2026-02-02 01:37:00
66dc1d80-0aca-11e7-82f6-3863bb44ef7c,0,0,0,21,0,1769937657,2026-02-02 01:37:00
cf1a96a7-f695-4ba2-bcf2-899552e21e47,4,1,3,10,1,1770013998,2026-02-02 01:37:00
0138452a-b9f4-4aee-80b0-7fae9a122ffe,3,2,1,33,1,1770013998,2026-02-02 01:37:00
66de4bbb-0aca-11e7-82f6-3863bb44ef7c,1,0,1,16,1,1770014013,2026-02-02 01:37:00
63a838a8-9acf-4ba1-91f5-c676f6ef2f7d,11,0,11,7,1,1770014015,2026-02-02 01:37:00
6fab98b7-b06a-49d8-a4d1-087ffce0ebcf,0,0,0,17,1,1770014015,2026-02-02 01:37:00
66dc2c78-0aca-11e7-82f6-3863bb44ef7c,4,0,4,77,1,1770014015,2026-02-02 01:37:00
ca843847-923a-40b7-80ca-c1c3fff6e818,0,0,0,18,1,1770014015,2026-02-02 01:37:00
1817822909864556798,7,1,6,16,1,1770014015,2026-02-02 01:37:00
324e93c8-4f3d-4a5f-becd-00e6f49fe4dd,14,2,12,4,1,1770014015,2026-02-02 01:37:00
481624f3-9377-4dfd-a5dd-de05a7fef760,3,0,3,15,1,1770014016,2026-02-02 01:37:00
bc9c9006-3d40-400d-8b5c-17f56e6dfcee,0,0,0,25,1,1770014012,2026-02-02 01:37:00
ffae66ec-7c16-436f-bd0a-eedf81d580e7,5,0,5,12,1,1770014013,2026-02-02 01:37:00
1975518133370609774,76,64,12,14,1,1770014013,2026-02-02 01:37:00
1849010133527040242,4,0,4,11,1,1770014007,2026-02-02 01:37:00
66db3687-0aca-11e7-82f6-3863bb44ef7c,0,0,0,16,0,1769924869,2026-02-02 01:37:00
1840504138040045682,10,3,7,6,1,1770014007,2026-02-02 01:37:00
dccaeeb5-c53a-4f48-80e6-05675b71a8c8,14,0,14,13,1,1770014009,2026-02-02 01:37:00
1817432434869846072,11,1,10,7,1,1770014010,2026-02-02 01:37:00
b96507c5-7c90-499d-9c45-58f25d6f636a,2,2,0,15,1,1770014005,2026-02-02 01:37:00
1898751402035634700,13,3,10,6,1,1770014005,2026-02-02 01:37:00
1859808514684217788,0,0,0,19,1,1770014005,2026-02-02 01:37:00
faf98f78-51ab-4248-b7e7-f402902385a6,4,3,1,14,1,1770014008,2026-02-02 01:37:00
66dc2995-0aca-11e7-82f6-3863bb44ef7c,14,4,10,26,1,1770014009,2026-02-02 01:37:00
b371c432-b682-412f-9b85-8df84ce7a9f3,6,1,5,13,1,1770014011,2026-02-02 01:37:00
4f814d78-5d8d-458b-877e-2ca449b865be,3,3,0,19,1,1770014011,2026-02-02 01:37:00
c4e9905f-457b-4be0-a878-2aa53fa0b09b,15,1,14,1,1,1770014007,2026-02-02 01:37:00
c63a83a0-bda1-40a6-835b-f82c363543b9,2,1,1,19,1,1770014017,2026-02-02 01:37:00
66dc7773-0aca-11e7-82f6-3863bb44ef7c,13,8,5,30,1,1770014017,2026-02-02 01:37:00
66ddec3e-0aca-11e7-82f6-3863bb44ef7c,1,1,0,12,1,1770014018,2026-02-02 01:37:00
66db6f2e-0aca-11e7-82f6-3863bb44ef7c,10,6,4,30,1,1770014020,2026-02-02 01:37:00
66880044-5411-4143-af39-eaa0a0fd0528,11,4,7,11,1,1770014021,2026-02-02 01:37:00
62f8f806-bd04-4282-9c5d-ad4293644e3c,0,0,0,10,0,1769946126,2026-02-02 01:37:00
1835618878584115330,5,3,2,18,1,1770014022,2026-02-02 01:37:00
66dd4d70-0aca-11e7-82f6-3863bb44ef7c,6,5,1,27,1,1770014019,2026-02-02 01:37:00
c3062f44-c5b9-4650-a4ec-cc66cbf5b944,0,0,0,16,1,1770014020,2026-02-02 01:37:00
023cf549-bd85-4f9a-abd8-70ba29d7e86b,6,0,6,11,1,1770014018,2026-02-02 01:37:00
20ff5447-eac3-43b7-820f-f6fa3a2e12a8,13,0,13,8,1,1770014018,2026-02-02 01:37:00
162d5859-b735-4ff7-9613-01b21f22c1cd,19,10,9,11,1,1770014019,2026-02-02 01:37:00
525535e3-dde3-47b4-9c2e-0174eaa4f2bb,11,2,9,0,1,1770014019,2026-02-02 01:37:00
1bb1af93-b433-4da7-8054-009c85f7755a,1,0,1,17,1,1770014016,2026-02-02 01:37:00
66dbe571-0aca-11e7-82f6-3863bb44ef7c,32,14,18,10,1,1770014017,2026-02-02 01:37:00
1862002854876824190,4,0,4,13,1,1770014018,2026-02-02 01:37:00
493e046c-5d62-4772-90c4-b6a9f4afcd39,0,0,0,9,0,1769903695,2026-02-02 01:37:00
66dd217d-0aca-11e7-82f6-3863bb44ef7c,4,3,1,18,1,1770014024,2026-02-02 01:37:00
545a32d3-b74c-4dc2-b82c-a6d185dd4666,0,0,0,17,1,1770014025,2026-02-02 01:37:00
e152a2e1-c510-404e-a100-24246bb6cc95,1,0,1,12,1,1770014028,2026-02-02 01:37:00
64f0f28c-bedc-42d5-b107-ecdd48fc30cd,11,2,9,79,1,1770014028,2026-02-02 01:37:00
1828967979464708718,0,0,0,19,1,1770014028,2026-02-02 01:37:00
66dc3e89-0aca-11e7-82f6-3863bb44ef7c,9,6,3,53,1,1770014028,2026-02-02 01:37:00
66db6963-0aca-11e7-82f6-3863bb44ef7c,46,13,33,18,1,1770014025,2026-02-02 01:37:00
16e70b05-5b73-4930-9dcf-f79e5ce9eaf5,17,0,17,4,1,1770014022,2026-02-02 01:37:00
66de2199-0aca-11e7-82f6-3863bb44ef7c,11,3,8,14,1,1770014024,2026-02-02 01:37:00
1826348248869574940,7,0,7,20,1,1770014024,2026-02-02 01:37:00
59df3823-0369-4a10-8132-05df34a170af,12,0,12,22,1,1770014024,2026-02-02 01:37:00
66dbe15d-0aca-11e7-82f6-3863bb44ef7c,3,1,2,23,1,1770014027,2026-02-02 01:37:00
6fd61eee-d0ef-4580-9704-bd06b82bcb61,1,0,1,28,1,1770014027,2026-02-02 01:37:00
66db2a71-0aca-11e7-82f6-3863bb44ef7c,25,7,18,5,1,1770014034,2026-02-02 01:37:00
bf880f45-422c-4e0b-b3b0-2b1f5ba94da4,4,3,1,10,1,1770014034,2026-02-02 01:37:00
66dd1f44-0aca-11e7-82f6-3863bb44ef7c,3,2,1,15,1,1770014034,2026-02-02 01:37:00
475c44e1-31e3-4c60-b071-af2ca3f7618c,1,1,0,15,1,1770014035,2026-02-02 01:37:00
66db9e99-0aca-11e7-82f6-3863bb44ef7c,8,3,5,8,1,1770014035,2026-02-02 01:37:00
66dd17a5-0aca-11e7-82f6-3863bb44ef7c,22,9,13,19,1,1770014032,2026-02-02 01:37:00
1851674198082642572,14,0,14,3,1,1770014032,2026-02-02 01:37:00
b35ba3c0-d3e8-4b1a-b63b-73a7bb518c9e,7,4,3,12,1,1770014033,2026-02-02 01:37:00
ca7ec509-cefc-4ac6-b729-08999d191051,22,5,17,0,1,1770014033,2026-02-02 01:37:00
d2b23c87-b7c3-48c2-a634-db4b76ecbcf7,0,0,0,17,1,1770014034,2026-02-02 01:37:00
6fb81fda-f0b5-4242-90f9-88d0214feb8d,2,0,2,13,1,1770014034,2026-02-02 01:37:00
2124426307973079924,1,0,1,9,1,1770014031,2026-02-02 01:37:00
66dc81ce-0aca-11e7-82f6-3863bb44ef7c,13,5,8,52,1,1770014031,2026-02-02 01:37:00
1846085439406916338,3,1,2,19,1,1770014029,2026-02-02 01:37:00
59b747c1-fbfb-4a3d-9394-8d06834d7c98,16,7,9,2,1,1770014029,2026-02-02 01:37:00
457ea5d7-d643-4028-87db-46dee0b81555,11,6,5,12,1,1770014036,2026-02-02 01:37:00
3a89411a-0bc6-4ba3-bc56-fab950c8eba1,18,1,17,1,1,1770014036,2026-02-02 01:37:00
59af018a-2ee9-489a-b445-bb6fba9c1119,2,0,2,11,1,1770014036,2026-02-02 01:37:00
912813fc-fde4-4430-8443-a4fa21477e7f,0,0,0,20,1,1770014036,2026-02-02 01:37:00
8aad788d-c7eb-4fca-a426-c39f47741a6f,11,0,11,5,1,1770014039,2026-02-02 01:37:00
66db93a1-0aca-11e7-82f6-3863bb44ef7c,4,2,2,28,1,1770014039,2026-02-02 01:37:00
922763d6-d73c-4678-8bcd-f42ee3a236db,3,1,2,16,1,1770014038,2026-02-02 01:37:00
66dbe96d-0aca-11e7-82f6-3863bb44ef7c,10,4,6,32,1,1770014038,2026-02-02 01:37:00
5a24acbb-94ef-4cb5-9db8-f6073ac26a2b,1,1,0,17,1,1770014037,2026-02-02 01:37:00
69717638-5c4a-47a7-bccb-3b42c81eb09f,4,0,4,9,1,1770014038,2026-02-02 01:37:00
a4d041fd-c5fa-4f52-800c-25d7a661a875,0,0,0,20,1,1770014037,2026-02-02 01:37:00
c638ec67-9ac0-416f-944f-619926144931,56,52,4,48,1,1770014042,2026-02-02 01:37:00
66dbe68e-0aca-11e7-82f6-3863bb44ef7c,39,27,12,3,1,1770014042,2026-02-02 01:37:00
ed279ef2-52ee-4ff2-9a52-edd8137ea034,6,1,4,16,1,1770014037,2026-02-02 01:37:00
5f63411c-91ce-4788-a567-d388cc812a15,9,3,6,21,1,1770014039,2026-02-02 01:37:00
1859088223746072684,11,0,11,3,1,1770014043,2026-02-02 01:37:00
0fde06c2-632c-46a9-8866-f4e855604f74,24,12,12,34,1,1770014043,2026-02-02 01:37:00
1d32e684-602b-46b6-8c96-ab47b57a03f3,3,3,0,20,1,1770014044,2026-02-02 01:37:00
1950648049868542106,6,1,5,14,1,1770014044,2026-02-02 01:37:00
66de4959-0aca-11e7-82f6-3863bb44ef7c,5,3,2,13,1,1770014044,2026-02-02 01:37:00
66dd3d7f-0aca-11e7-82f6-3863bb44ef7c,3,2,1,28,1,1770014044,2026-02-02 01:37:00
1815968237323833702,10,2,8,2,1,1770014044,2026-02-02 01:37:00
5145ad1c-241f-4448-a742-739bd5c518c2,2,0,2,12,1,1770014044,2026-02-02 01:37:00
180b83a0-329c-4069-87be-df862cb1baed,7,4,3,1,1,1770014045,2026-02-02 01:37:00
1859438049977968878,17,0,17,9,1,1770014045,2026-02-02 01:37:00
f833d403-2cf5-424a-a3b3-0314a44b4a67,15,3,12,17,1,1770014045,2026-02-02 01:37:00
549b5bc4-b949-4eeb-8ffb-2215e1e49892,31,4,27,13,1,1770014046,2026-02-02 01:37:00
37a37e5b-f975-4f92-a897-dca8e4670631,3,3,0,12,1,1770014045,2026-02-02 01:37:00
66de0cab-0aca-11e7-82f6-3863bb44ef7c,13,0,13,19,1,1770014046,2026-02-02 01:37:00
66de2274-0aca-11e7-82f6-3863bb44ef7c,7,5,2,11,1,1770014040,2026-02-02 01:37:00
566a6389-5c22-49ca-8c24-4d9eea135170,13,1,12,14,1,1770014040,2026-02-02 01:37:00
1814906692908349788,11,1,10,9,1,1770014040,2026-02-02 01:37:00
1dacb0f6-29f5-4d1b-b910-92ffa5b4ca5d,1,1,0,33,1,1770014040,2026-02-02 01:37:00
4c03fa2d-89da-4f0b-8f19-c7de5edbe256,14,0,14,6,1,1770014044,2026-02-02 01:37:00
af72ab76-c6cb-4994-af96-51fa8846ecdc,1,1,0,18,1,1770014045,2026-02-02 01:37:00
0fa27bd7-b182-4e7a-b5bb-90f4249cb368,3,0,3,18,1,1770014045,2026-02-02 01:37:00
1965202298784063998,5,1,4,22,1,1770014042,2026-02-02 01:37:00
e9b3a725-6963-4151-8f7f-9beeb51fa20f,5,1,4,9,1,1770014042,2026-02-02 01:37:00
765ee572-6c7a-4ed3-a2d4-f1496ea53996,17,0,17,1,1,1770014042,2026-02-02 01:37:00
053312f2-e77e-4674-b28b-ad357fbcb4ee,14,8,5,41,1,1770014044,2026-02-02 01:37:00
e85c3165-ad0a-44a3-9683-d8cf7575f465,14,1,13,10,1,1770014045,2026-02-02 01:37:00
6542d952-ca19-410e-9290-ee6b7a6e14cf,1,0,0,20,1,1770014047,2026-02-02 01:37:00
0b613329-b8c8-4b8c-ad40-79952aa41157,12,6,6,12,1,1770014050,2026-02-02 01:37:00
1927314940904608224,8,4,4,16,1,1770014049,2026-02-02 01:37:00
2124037250266884686,6,2,4,1,1,1770014049,2026-02-02 01:37:00
1804892772559499512,12,2,10,14,1,1770014049,2026-02-02 01:37:00
b0bac4ef-bb57-4598-a433-75c281170d5b,8,4,4,14,1,1770014049,2026-02-02 01:37:00
2124035976827702128,0,0,0,12,1,1770014050,2026-02-02 01:37:00
99614ecb-2329-49fa-a13a-fa1ef2bb32d6,3,0,3,12,1,1770014051,2026-02-02 01:37:00
66dc0dab-0aca-11e7-82f6-3863bb44ef7c,1,1,0,106,1,1770014048,2026-02-02 01:37:00
2124381939991318658,1,0,1,8,1,1770014047,2026-02-02 01:37:00
19b61564-7629-41b4-80c8-1756135a5442,2,2,0,15,1,1770014051,2026-02-02 01:37:00
3f05490b-a3d8-4d15-bd25-0212555b5dff,13,0,13,1,1,1770014050,2026-02-02 01:37:00
66dd056e-0aca-11e7-82f6-3863bb44ef7c,3,0,3,8,1,1770014049,2026-02-02 01:37:00
1794852638057746848,19,0,19,0,1,1770014053,2026-02-02 01:37:00
2546c9b9-5b1a-4e9f-a9cc-f8b986b79748,9,2,7,10,1,1770014055,2026-02-02 01:37:00
c8c39d85-4ce7-46c5-b709-998067200780,0,0,0,23,1,1770014055,2026-02-02 01:37:00
29ced315-14b5-4edc-bef2-665316dfe3dd,28,21,7,1,1,1770014055,2026-02-02 01:37:00
1862008939006380034,5,0,5,10,1,1770014056,2026-02-02 01:37:00
1848241791125254746,10,2,8,0,1,1770014056,2026-02-02 01:37:00
c2bb1874-bcb7-47c5-aa7d-05423b9087e8,3,1,2,13,1,1770014056,2026-02-02 01:37:00
66dc3782-0aca-11e7-82f6-3863bb44ef7c,13,9,4,3,1,1770014054,2026-02-02 01:37:00
655ad2f2-6bcc-4eee-95a9-4f528c0b81cd,9,2,7,4,1,1770014054,2026-02-02 01:37:00
ebae0b66-e463-4ded-9b7a-43c0aca9b37a,9,1,8,8,1,1770014055,2026-02-02 01:37:00
eb07bdfc-3a6f-40eb-96d2-0b92ac371619,2,1,1,11,1,1770014054,2026-02-02 01:37:00
1854538387432581604,13,1,12,3,1,1770014053,2026-02-02 01:37:00
66db76a1-0aca-11e7-82f6-3863bb44ef7c,10,4,6,77,1,1770014052,2026-02-02 01:37:00
292ad4f3-9fb0-44ec-9e61-613c711f73c1,4,2,2,13,1,1770014053,2026-02-02 01:37:00
7a6fc75f-a605-4dd6-b567-b2bbbfb862f3,0,0,0,0,0,1769747711,2026-02-02 01:37:00
66de17f7-0aca-11e7-82f6-3863bb44ef7c,1,0,0,31,0,1770008362,2026-02-02 01:37:00
d979131e-0b9f-4aa2-88c5-46d4ff94abc8,0,0,0,7,0,1769939164,2026-02-02 01:37:00
0f45bcf6-7028-4584-a51e-4129847dbebc,0,0,0,3,0,1769981603,2026-02-02 01:37:00
1905837242740508940,0,0,0,0,0,86400,2026-02-02 01:37:00
41495491-5d89-4e14-aab9-c3db04aad399,0,0,0,0,0,86400,2026-02-02 01:37:00
b9720921-8170-43ea-a5ae-b61b9161eb49,0,0,0,0,0,86400,2026-02-02 01:37:00
2171903488884523500,0,0,0,0,0,86400,2026-02-02 01:37:00
2171903608969565866,0,0,0,0,0,86400,2026-02-02 01:37:00
2171904223419888148,0,0,0,0,0,86400,2026-02-02 01:37:00
2177014969129222184,0,0,0,0,0,86400,2026-02-02 01:37:00
2177016530523622712,0,0,0,0,0,86400,2026-02-02 01:37:00
2177016940364559212,0,0,0,0,0,86400,2026-02-02 01:37:00
66db447a-0aca-11e7-82f6-3863bb44ef7c,0,0,0,1,0,1769937829,2026-02-02 01:37:00
7dda8844-60ba-4449-b05c-54c1d14ab5fb,0,0,0,4,0,1769972684,2026-02-02 01:37:00
8a89684b-40a5-49fe-b75d-fdf32ffa8102,1,0,0,0,0,1769935175,2026-02-02 01:37:00
2121032386733337206,10,2,8,1,1,1770013933,2026-02-02 01:37:00
96e72113-3681-4d19-88bb-032e76720093,0,0,0,5,0,1769920362,2026-02-02 01:37:00
5645b05e-85be-460d-8506-cacd20bff233,22,2,20,2,1,1770014060,2026-02-02 01:37:00
b713367c-3572-4225-b74a-9319ab537838,1,0,1,17,1,1770014060,2026-02-02 01:37:00
1786697771181570266,27,0,27,3,1,1770014060,2026-02-02 01:37:00
943a1a27-1328-4823-8945-28d845280383,14,13,1,4,1,1770014060,2026-02-02 01:37:00
66dced76-0aca-11e7-82f6-3863bb44ef7c,12,10,2,13,1,1770014060,2026-02-02 01:37:00
66de19ab-0aca-11e7-82f6-3863bb44ef7c,2,1,1,29,1,1770014060,2026-02-02 01:37:00
a2cf5872-bd4c-4311-832e-d62fd779ecc3,8,0,8,9,1,1770014058,2026-02-02 01:37:00
191d5d54-de64-4312-99c7-eee141efa4ef,0,0,0,20,1,1770014059,2026-02-02 01:37:00
2126623765785393224,2,0,2,13,1,1770014059,2026-02-02 01:37:00
55a4dc76-d839-4e06-9bf4-2f343391343c,0,0,0,19,1,1770014056,2026-02-02 01:37:00
0de1f95f-8b1b-4e5e-9eff-73c63265b0ab,13,5,8,13,1,1770014057,2026-02-02 01:37:00
498d7e8e-5164-4f26-9ce6-399947d73b1a,9,3,6,1,1,1770014058,2026-02-02 01:37:00
1880643645302280466,3,3,0,15,1,1770014057,2026-02-02 01:37:00
66dd01c5-0aca-11e7-82f6-3863bb44ef7c,17,3,14,5,1,1770014057,2026-02-02 01:37:00
f62526d4-9c6a-4c76-be76-c64b5be669d2,0,0,0,20,1,1770014057,2026-02-02 01:37:00
66de0a78-0aca-11e7-82f6-3863bb44ef7c,14,0,14,3,1,1770014057,2026-02-02 01:37:00
b4b5824b-3c23-44b7-92a3-cec6a54583a0,7,0,7,12,1,1770014058,2026-02-02 01:37:00
66dd1d0f-0aca-11e7-82f6-3863bb44ef7c,22,3,18,3,1,1770014058,2026-02-02 01:37:00
66dce9b5-0aca-11e7-82f6-3863bb44ef7c,3,0,3,26,1,1770014061,2026-02-02 01:37:00
1862008701134683118,1,1,0,19,1,1770014061,2026-02-02 01:37:00
1869753654337059182,5,2,3,7,1,1770014061,2026-02-02 01:37:00
4efda436-cd19-4ec3-acc7-1a622f723264,0,0,0,16,1,1770014060,2026-02-02 01:37:00
1861678548643203686,0,0,0,25,1,1770014061,2026-02-02 01:37:00
c7604869-5b55-40cf-812e-fc97901bdf14,15,0,15,12,1,1770014061,2026-02-02 01:37:00
66dce8db-0aca-11e7-82f6-3863bb44ef7c,9,0,9,26,1,1770014061,2026-02-02 01:37:00
66ddea99-0aca-11e7-82f6-3863bb44ef7c,4,3,1,12,1,1770014061,2026-02-02 01:37:00
c602146e-d69d-43b6-9e8f-054c4df5377e,14,4,10,3,1,1770014061,2026-02-02 01:37:00
1815967442754883940,24,0,24,4,1,1770014059,2026-02-02 01:37:00
6e5a8cab-cf1a-4584-8133-01835b56ad71,7,2,5,15,1,1770014059,2026-02-02 01:37:00
372c592e-09d8-400c-9595-2aa3510f39b0,9,2,7,11,1,1770014058,2026-02-02 01:37:00
d11b9869-8964-4b79-aafc-4b60ad1b44c4,2,0,2,16,1,1770014063,2026-02-02 01:37:00
901ad0c4-383e-490a-8b54-0656ce2358d6,6,4,2,5,1,1770014063,2026-02-02 01:37:00
1860189327773878824,11,0,11,8,1,1770014063,2026-02-02 01:37:00
d18512f9-52c8-4175-92b9-b6258dc30748,1,1,0,19,1,1770014063,2026-02-02 01:37:00
abc1311e-e000-4211-af9e-0cf92242711e,1,0,1,19,1,1770014063,2026-02-02 01:37:00
2126623007192357636,7,0,7,1,1,1770013965,2026-02-02 01:37:00
4d24ab76-2f4a-4004-9fc5-09c00c1d9aa4,23,2,21,4,1,1770014064,2026-02-02 01:37:00
66dd5407-0aca-11e7-82f6-3863bb44ef7c,6,1,5,66,1,1770014064,2026-02-02 01:37:00
ff9581d3-3e1a-463a-bdab-d8150c468be2,4,1,3,28,1,1770014064,2026-02-02 01:37:00
f523c481-ba41-44ba-96e1-0c431fbea558,4,3,1,16,1,1770014064,2026-02-02 01:37:00
dad39e68-53f5-47c2-87e2-b1cc0e34f90f,2,0,2,17,1,1770014065,2026-02-02 01:37:00
1871698348432996504,16,7,9,4,1,1770014065,2026-02-02 01:37:00
b4974d89-932c-4a9f-a264-2ea0cf70613e,7,6,1,8,1,1770014063,2026-02-02 01:37:00
d73e26de-8534-4b46-a321-3cae295ef9b2,12,2,10,10,1,1770014065,2026-02-02 01:37:00
61f2ffd4-159a-42b3-a4d9-3fdfc3349074,0,0,0,20,1,1770014065,2026-02-02 01:37:00
ab6aadd8-fa45-43aa-abea-c8e01ec5a0c8,16,1,15,3,1,1770014063,2026-02-02 01:37:00
98ebf9c6-1d94-4e21-9007-c623875fdb5e,9,0,9,5,1,1770014063,2026-02-02 01:37:00
1838071008881986168,10,0,10,15,1,1770014063,2026-02-02 01:37:00
66dd4a52-0aca-11e7-82f6-3863bb44ef7c,4,3,1,24,1,1770014063,2026-02-02 01:37:00
1854538962214948918,12,1,11,0,1,1770014069,2026-02-02 01:37:00
1888015107269225164,5,4,1,14,1,1770014069,2026-02-02 01:37:00
1882824287789509296,10,5,5,32,1,1770014069,2026-02-02 01:37:00
66de1fe7-0aca-11e7-82f6-3863bb44ef7c,12,0,12,3,1,1770014069,2026-02-02 01:37:00
66de2b2f-0aca-11e7-82f6-3863bb44ef7c,37,3,33,2,1,1770014069,2026-02-02 01:37:00
66db75cc-0aca-11e7-82f6-3863bb44ef7c,33,16,17,2,1,1770014071,2026-02-02 01:37:00
69f84045-48f9-4c6c-90d3-0503e5ed39e9,1,1,0,16,1,1770014071,2026-02-02 01:37:00
fda18503-7488-4b91-b74c-949a90401e83,6,1,5,12,1,1770014071,2026-02-02 01:37:00
c190f78c-77ad-469e-aecc-e2af7bb6d92a,16,1,15,2,1,1770014071,2026-02-02 01:37:00
66de205d-0aca-11e7-82f6-3863bb44ef7c,3,3,0,14,1,1770014071,2026-02-02 01:37:00
ceb179f3-89c3-4c3e-8a0a-3415406a9463,2,2,0,18,1,1770014072,2026-02-02 01:37:00
1937777808143497236,2,2,0,23,1,1770014072,2026-02-02 01:37:00
26217b73-7bb5-46e6-8094-1db05becd617,1,0,1,23,1,1770014072,2026-02-02 01:37:00
816e50eb-dc4b-47dc-b773-154e2020cb0d,2,0,2,17,1,1770014072,2026-02-02 01:37:00
90b141b9-c39f-4a26-a32d-08c7d1474d52,0,0,0,16,1,1770014072,2026-02-02 01:37:00
78aabb95-6195-4aa7-ab0d-5748eeb26bd1,17,6,11,8,1,1770014073,2026-02-02 01:37:00
5526b855-dc09-4159-a20a-99651861a481,9,6,3,4,1,1770014067,2026-02-02 01:37:00
09dfc0e3-a448-477c-bb3c-9467dc51ef8d,50,35,15,9,1,1770014067,2026-02-02 01:37:00
1814907590556515014,15,3,12,2,1,1770014073,2026-02-02 01:37:00
bcb08532-f0d5-4c0e-ad8a-4ddacc204791,2,1,1,13,1,1770014074,2026-02-02 01:37:00
bbc3c1df-f7db-4f54-8d5c-b8f4269ecb48,12,8,4,0,1,1770014067,2026-02-02 01:37:00
d89dc10f-9be3-45a5-9c3c-06c04c963436,14,1,13,1,1,1770014068,2026-02-02 01:37:00
1828965172312150882,8,0,8,11,1,1770014068,2026-02-02 01:37:00
7938263e-e5b8-4ca7-b8bf-1adbaae5fead,10,1,9,13,1,1770014068,2026-02-02 01:37:00
66dbee85-0aca-11e7-82f6-3863bb44ef7c,0,0,0,72,1,1770014073,2026-02-02 01:37:00
2137775326353803668,9,1,8,3,1,1770014075,2026-02-02 01:37:00
fbaffdbd-dab5-4127-9bd5-36bf58093ea8,9,6,3,11,1,1770014075,2026-02-02 01:37:00
2126622241630343402,6,5,1,7,1,1770014075,2026-02-02 01:37:00
9394fb49-583f-4426-8d2f-a2b0ffb584d2,14,6,8,28,1,1770014075,2026-02-02 01:37:00
66db4549-0aca-11e7-82f6-3863bb44ef7c,1,0,1,19,1,1770014075,2026-02-02 01:37:00
1795146692060860976,15,3,12,4,1,1770014076,2026-02-02 01:37:00
92fc1ad7-0867-4655-b02f-ede65d336b14,1,0,1,14,1,1770014075,2026-02-02 01:37:00
66dc840f-0aca-11e7-82f6-3863bb44ef7c,19,11,8,33,1,1770014078,2026-02-02 01:37:00
66de2707-0aca-11e7-82f6-3863bb44ef7c,9,6,2,36,1,1770014078,2026-02-02 01:37:00
66dd24ca-0aca-11e7-82f6-3863bb44ef7c,25,14,11,18,1,1770014079,2026-02-02 01:37:00
1934749166596673908,38,13,25,5,1,1770014079,2026-02-02 01:37:00
1851254468343716806,13,1,12,1,1,1770014076,2026-02-02 01:37:00
1834145589124844432,0,0,0,18,1,1770014076,2026-02-02 01:37:00
66dd45c7-0aca-11e7-82f6-3863bb44ef7c,15,12,3,1,1,1770014076,2026-02-02 01:37:00
1848241684520917882,7,2,5,2,1,1770014076,2026-02-02 01:37:00
0bd9bd58-42e6-4680-9d19-83943372221f,3,3,0,12,1,1770014076,2026-02-02 01:37:00
93da4d1b-d574-45b0-85d7-5b82e2887267,14,0,14,4,1,1770014078,2026-02-02 01:37:00
56b3ca32-104a-4920-a879-a97a820858c4,17,0,17,7,1,1770014078,2026-02-02 01:37:00
d5cabb43-6c78-4022-964e-a8b02470509e,14,3,11,6,1,1770014077,2026-02-02 01:37:00
f34ea09d-32f9-492c-9124-99059bc0b5dd,15,0,15,5,1,1770014077,2026-02-02 01:37:00
1f088432-0460-421e-a1d9-36890fa5396d,5,2,3,8,1,1770014077,2026-02-02 01:37:00
1860189650739626488,2,1,1,16,1,1770014074,2026-02-02 01:37:00
1849009654626746672,8,1,7,2,1,1770014074,2026-02-02 01:37:00
44c23eaa-7ddf-40b3-8373-6f3880c5e1b1,2,0,2,15,1,1770014077,2026-02-02 01:37:00
1917312704757770810,17,3,14,14,1,1770014073,2026-02-02 01:37:00
4568f854-1268-45cf-bac8-82286ef40ae6,13,1,12,6,1,1770014074,2026-02-02 01:37:00
26b3a82b-3487-44c2-85f1-eddb5a8a3a9d,15,1,14,1,1,1770014083,2026-02-02 01:37:00
29a41b09-698f-43e2-82ff-f94f73e74841,13,1,12,2,1,1770014083,2026-02-02 01:37:00
66dcc37f-0aca-11e7-82f6-3863bb44ef7c,1,0,1,15,1,1770014083,2026-02-02 01:37:00
26cae473-0e59-4af7-bad5-bb6fec85c8bc,6,5,1,13,1,1770014083,2026-02-02 01:37:00
81bec993-29a5-4e70-8f60-eecdf16c7be4,7,2,5,12,1,1770014083,2026-02-02 01:37:00
18a2cbb6-91f2-4393-82fb-b40a8ba90f20,3,1,2,17,1,1770014084,2026-02-02 01:37:00
dd482585-3028-453f-a98d-55019db9b26c,31,0,31,2,1,1770014084,2026-02-02 01:37:00
82c85f05-4722-48ae-9f64-0522012eb3c8,2,0,2,18,1,1770014084,2026-02-02 01:37:00
8d650b03-920d-4d44-a48f-8d9a1a0ba264,13,3,10,4,1,1770014084,2026-02-02 01:37:00
66dc8a3d-0aca-11e7-82f6-3863bb44ef7c,20,5,15,42,1,1770014079,2026-02-02 01:37:00
2a66ed0a-5e6d-4893-a1d1-876bb2bac4be,3,0,3,24,1,1770014079,2026-02-02 01:37:00
66dc10d1-0aca-11e7-82f6-3863bb44ef7c,10,3,7,29,1,1770014079,2026-02-02 01:37:00
47da6ab2-c841-4f2d-97ef-dd8d441c96b1,1,1,0,16,1,1770014079,2026-02-02 01:37:00
66dbef15-0aca-11e7-82f6-3863bb44ef7c,11,2,9,39,1,1770014079,2026-02-02 01:37:00
645e4365-653f-48ce-bc15-5fcc287be56f,4,1,3,60,1,1770014080,2026-02-02 01:37:00
66dba303-0aca-11e7-82f6-3863bb44ef7c,7,1,6,5,1,1770014080,2026-02-02 01:37:00
66dcc8b3-0aca-11e7-82f6-3863bb44ef7c,3,0,3,14,1,1770014080,2026-02-02 01:37:00
3db799ba-b574-4e5f-95e5-c767bec2acb6,6,0,6,20,1,1770014081,2026-02-02 01:37:00
ff745407-c087-4c0d-a965-98baf078f292,16,14,2,3,1,1770014081,2026-02-02 01:37:00
22ab59a8-0af4-4101-9350-a7af88e37c2e,2,1,1,14,1,1770014081,2026-02-02 01:37:00
754ac5df-f2b5-4636-8c58-ed84ea262bde,1,1,0,19,1,1770014081,2026-02-02 01:37:00
bacfe3c2-7946-45ed-91f9-f5b91791de75,2,0,2,27,1,1770014083,2026-02-02 01:37:00
1860188747953293684,7,1,6,7,1,1770014082,2026-02-02 01:37:00
7f4753d7-8d58-48bd-a881-de5bff08b27d,3,1,2,23,1,1770014082,2026-02-02 01:37:00
66dd2060-0aca-11e7-82f6-3863bb44ef7c,6,0,6,41,1,1770014081,2026-02-02 01:37:00
563389a0-d90f-4155-9c50-528459df26aa,5,1,4,17,1,1770014081,2026-02-02 01:37:00
1828966626550010820,7,1,6,3,1,1770014082,2026-02-02 01:37:00
1875415144760576328,13,13,0,1,1,1770014085,2026-02-02 01:37:00
1846085734612252774,4,1,3,16,1,1770014085,2026-02-02 01:37:00
595cf79f-7783-4373-b3d5-775bcf76033b,0,0,0,17,1,1770014085,2026-02-02 01:37:00
7779e057-b33e-46a7-8a1e-8c28bcd9a558,8,0,8,11,1,1770014085,2026-02-02 01:37:00
d470e82e-d109-4e2e-b66a-f5e944cbfe97,12,1,11,3,1,1770014085,2026-02-02 01:37:00
0630217a-3913-47d9-9540-cf85688296a5,2,0,2,15,1,1770014084,2026-02-02 01:37:00
66de5005-0aca-11e7-82f6-3863bb44ef7c,10,1,9,12,1,1770014081,2026-02-02 01:37:00
66de73fd-0aca-11e7-82f6-3863bb44ef7c,5,4,1,17,1,1770014085,2026-02-02 01:37:00
66dbcd6c-0aca-11e7-82f6-3863bb44ef7c,0,0,0,31,1,1770014085,2026-02-02 01:37:00
66dc686c-0aca-11e7-82f6-3863bb44ef7c,54,35,19,16,1,1770014086,2026-02-02 01:37:00
a3d72b5b-9587-4f33-9722-c01e20a9b358,3,2,1,21,1,1770014086,2026-02-02 01:37:00
f401cd5f-cb41-41f8-a857-4a4dfe778f94,9,3,6,9,1,1770014086,2026-02-02 01:37:00
66dde69c-0aca-11e7-82f6-3863bb44ef7c,2,0,2,8,1,1770014087,2026-02-02 01:37:00
3134c2d4-b090-4eb8-ab44-6f9622098f72,1,1,0,21,1,1770014088,2026-02-02 01:37:00
1871698223344654662,6,4,2,17,1,1770014087,2026-02-02 01:37:00
66dc80b4-0aca-11e7-82f6-3863bb44ef7c,7,2,5,45,1,1770014088,2026-02-02 01:37:00
d8778570-f7f2-458d-82f5-9ad39210a501,22,12,10,4,1,1770014088,2026-02-02 01:37:00
1846086362824884662,14,1,13,0,1,1770014088,2026-02-02 01:37:00
6969d756-33a6-4a0b-83d0-3db38bc382d1,18,0,18,3,1,1770014088,2026-02-02 01:37:00
c3189056-8eda-4278-891f-e8e15c2d759a,9,0,9,10,1,1770014089,2026-02-02 01:37:00
807e9f5a-49b6-4b7e-847b-4a60cff330ed,2,0,2,15,1,1770014090,2026-02-02 01:37:00
33840944-aa92-4d91-9de8-d29e5cd0b2d9,5,0,5,22,1,1770014090,2026-02-02 01:37:00
66dd46a2-0aca-11e7-82f6-3863bb44ef7c,17,6,11,20,1,1770014090,2026-02-02 01:37:00
7d5fa1f0-4069-4d5d-b735-5d500597394a,34,23,11,3,1,1770014091,2026-02-02 01:37:00
81a98b0b-cfd6-48b4-90bd-806ebbc264a0,5,3,2,12,1,1770014091,2026-02-02 01:37:00
b4f990dd-36bb-46b3-9eea-4b980bd43c2d,0,0,0,20,1,1770014089,2026-02-02 01:37:00
6476c5fd-611e-436c-9736-e0f43bb7774e,9,1,8,2,1,1770014089,2026-02-02 01:37:00
06439006-11b6-44f0-8545-c9d39035f32a,36,32,4,24,1,1770014089,2026-02-02 01:37:00
f681f980-185d-45b9-8490-bb2606624dd4,1,0,1,15,1,1770014089,2026-02-02 01:37:00
576abdc1-986e-48b0-bde2-051a13d3ff59,8,5,3,9,1,1770014089,2026-02-02 01:37:00
1835246658344669972,1,1,0,17,1,1770014089,2026-02-02 01:37:00
d45b62b9-7d6b-43b2-bf1e-2c898c55dfd2,2,0,2,11,1,1770014089,2026-02-02 01:37:00
ec42fb3a-af54-46aa-a8b3-b17d72ed4475,14,1,13,2,1,1770014089,2026-02-02 01:37:00
b896d83d-5524-4c9c-a2aa-c1b0edaadc22,1,1,0,17,1,1770014088,2026-02-02 01:37:00
7a1ad7c0-4958-4354-91a1-11bf13348abd,14,3,11,3,1,1770014088,2026-02-02 01:37:00
c00ef46d-fcde-48e2-afbd-0fb595fe3fa7,20,9,10,2,1,1770014089,2026-02-02 01:37:00
1b00fb53-da32-4b14-9a9a-84a391c8951c,1,0,1,19,1,1770014089,2026-02-02 01:37:00
1814907423052790164,15,1,14,4,1,1770014089,2026-02-02 01:37:00
2124425439157234232,3,1,2,9,1,1770014087,2026-02-02 01:37:00
837b7db3-55c6-4595-a497-834972631752,1,1,0,14,1,1770014087,2026-02-02 01:37:00
c80c55c4-d623-42d7-8acf-6bfa68a84ecb,4,1,3,11,1,1770014090,2026-02-02 01:37:00
8caf71df-76c3-43fb-be98-d555d2291460,5,1,4,12,1,1770014091,2026-02-02 01:37:00
3e1bdcec-e762-4e83-b447-007f05923cce,5,2,3,15,1,1770014090,2026-02-02 01:37:00
66de6346-0aca-11e7-82f6-3863bb44ef7c,16,0,16,7,1,1770014091,2026-02-02 01:37:00
579e583e-60ab-4f2a-83d0-fabebddfcd0f,4,2,2,6,1,1770014091,2026-02-02 01:37:00
66dc8db1-0aca-11e7-82f6-3863bb44ef7c,43,6,37,2,1,1770014091,2026-02-02 01:37:00
1929504694747056164,1,1,0,17,1,1770014096,2026-02-02 01:37:00
2124036103510616644,2,1,1,9,1,1770014096,2026-02-02 01:37:00
0dd71c6d-11ee-4ad4-ba99-36b9ad36112c,10,5,5,5,1,1770014097,2026-02-02 01:37:00
66db3053-0aca-11e7-82f6-3863bb44ef7c,27,14,13,25,1,1770014096,2026-02-02 01:37:00
2124036994734951288,4,0,4,2,1,1770014093,2026-02-02 01:37:00
a45a712c-1e3d-4fee-bef8-adafafd80670,4,1,3,10,1,1770014093,2026-02-02 01:37:00
1b038e21-e199-4c47-bef0-f4bcdc06b73b,13,11,2,23,1,1770014093,2026-02-02 01:37:00
1799624430022654108,4,0,4,13,1,1770014093,2026-02-02 01:37:00
66de13dc-0aca-11e7-82f6-3863bb44ef7c,0,0,0,0,0,1770014093,2026-02-02 01:37:00
7aa86431-bbc5-4d9c-8198-9630c9d32a22,7,0,7,11,1,1770014093,2026-02-02 01:37:00
0ddb965d-95ef-4ce3-bde6-81a56ac1fbd2,2,2,0,27,1,1770014093,2026-02-02 01:37:00
66db9c2e-0aca-11e7-82f6-3863bb44ef7c,12,1,11,26,1,1770014093,2026-02-02 01:37:00
66de63cd-0aca-11e7-82f6-3863bb44ef7c,8,0,8,5,1,1770014094,2026-02-02 01:37:00
66dc7f02-0aca-11e7-82f6-3863bb44ef7c,45,37,8,49,1,1770014094,2026-02-02 01:37:00
bfe5e69d-89ff-48b3-bf20-80cbdfa443e0,7,3,4,38,1,1770014094,2026-02-02 01:37:00
f8c242cd-da59-4f0e-afd6-832bbdd7d328,9,0,9,4,1,1770014094,2026-02-02 01:37:00
1835250442210857240,12,0,12,8,1,1770014095,2026-02-02 01:37:00
7f402242-dc1b-4a48-ba21-58c4fa7216b4,9,1,8,1,1,1770014095,2026-02-02 01:37:00
66dbec40-0aca-11e7-82f6-3863bb44ef7c,8,4,4,45,1,1770014097,2026-02-02 01:37:00
b79c8433-9dd1-4d68-9156-7f2c2162bafe,5,1,4,20,1,1770014097,2026-02-02 01:37:00
66dd515d-0aca-11e7-82f6-3863bb44ef7c,2,2,0,19,1,1770014098,2026-02-02 01:37:00
66dde630-0aca-11e7-82f6-3863bb44ef7c,54,12,42,4,1,1770014098,2026-02-02 01:37:00
75352ab4-8a31-4926-8b59-048a9e506452,9,6,3,6,1,1770014099,2026-02-02 01:37:00
ad57266c-34da-43da-8b48-2ba856002fbf,6,4,2,19,1,1770014095,2026-02-02 01:37:00
1835246937517543544,10,0,10,7,1,1770014095,2026-02-02 01:37:00
66db277a-0aca-11e7-82f6-3863bb44ef7c,14,2,12,7,1,1770014091,2026-02-02 01:37:00
bc5235a5-7f10-4a27-806e-9c25fa700959,17,6,11,18,1,1770014092,2026-02-02 01:37:00
66de1516-0aca-11e7-82f6-3863bb44ef7c,17,4,13,14,1,1770014092,2026-02-02 01:37:00
cc5f0e68-dd5f-4db1-81c7-04a4d6674fba,12,0,12,2,1,1770014092,2026-02-02 01:37:00
cd2d9dab-7708-4685-a56f-9412c738de7e,19,0,19,4,1,1770014092,2026-02-02 01:37:00
1d3a8670-09b3-4127-b750-af5311e565f0,8,0,8,9,1,1770014093,2026-02-02 01:37:00
0f98907a-d4cc-45e0-b174-7d9dfda74106,1,0,1,30,1,1770014091,2026-02-02 01:37:00
4e9a1c3a-20e2-4fd5-b8de-fbf8d43e7bcc,11,0,11,7,1,1770014092,2026-02-02 01:37:00
1840540852548303628,1,1,0,16,1,1770014095,2026-02-02 01:37:00
66dc17df-0aca-11e7-82f6-3863bb44ef7c,2,0,2,27,1,1770014099,2026-02-02 01:37:00
66dc0f8a-0aca-11e7-82f6-3863bb44ef7c,24,0,24,23,1,1770014102,2026-02-02 01:37:00
1814548067447122618,13,4,9,7,1,1770014102,2026-02-02 01:37:00
44fa161f-eb62-459b-b53e-da83788cfa2a,1,0,1,26,1,1770014103,2026-02-02 01:37:00
f9ed9a6b-097e-48b9-a9d1-79d084dcd2d9,1,0,0,16,1,1770014102,2026-02-02 01:37:00
d80c274e-d17d-4a00-9b76-274c9fe4d0e1,0,0,0,29,1,1770014103,2026-02-02 01:37:00
a2ef8ed2-6031-4049-b7dc-9838ef39889b,11,1,10,5,1,1770014103,2026-02-02 01:37:00
1f8f6714-42a7-45d5-86cd-a093c940b2c9,0,0,0,24,1,1770014101,2026-02-02 01:37:00
b4a320d6-2611-4940-96ca-17fb297ec826,11,0,11,4,1,1770014100,2026-02-02 01:37:00
66dd4ec7-0aca-11e7-82f6-3863bb44ef7c,11,8,3,61,1,1770014100,2026-02-02 01:37:00
83a5d761-57d0-4cd6-aa2b-7eb350120d99,2,1,1,13,1,1770014101,2026-02-02 01:37:00
ca5cc034-a95d-446e-8314-6691589886b1,8,7,1,3,1,1770014102,2026-02-02 01:37:00
c2d549f8-f54c-4a0d-9ecd-6e6f79118279,6,0,6,14,1,1770014102,2026-02-02 01:37:00
1876800925490112950,4,2,2,8,1,1770014102,2026-02-02 01:37:00
66de0861-0aca-11e7-82f6-3863bb44ef7c,13,13,0,1,1,1770014104,2026-02-02 01:37:00
66dc1687-0aca-11e7-82f6-3863bb44ef7c,2,0,2,7,1,1770014104,2026-02-02 01:37:00
66db41bf-0aca-11e7-82f6-3863bb44ef7c,24,4,20,1,1,1770014104,2026-02-02 01:37:00
9af90faf-0b9b-451b-9cb0-20ff421ca1d9,2,1,1,22,1,1770014105,2026-02-02 01:37:00
1862788202397235246,12,1,11,3,1,1770014105,2026-02-02 01:37:00
32cc1603-a4b5-4099-b7bf-681de451b04a,7,0,7,32,1,1770014103,2026-02-02 01:37:00
2138075988152462096,10,0,10,3,1,1770014104,2026-02-02 01:37:00
66de85d2-0aca-11e7-82f6-3863bb44ef7c,4,2,2,38,1,1770014104,2026-02-02 01:37:00
1838070843306263244,6,3,3,10,1,1770014105,2026-02-02 01:37:00
2126224996973581072,4,2,2,0,1,1770014100,2026-02-02 01:37:00
53ef19c6-eaa7-47f7-807e-f51b574b1be0,8,0,8,8,1,1770014101,2026-02-02 01:37:00
9635affa-8b18-42d5-84c4-7f67ad5ef9d0,6,0,6,11,1,1770014108,2026-02-02 01:37:00
e35c42c6-8b73-4528-b08d-c94b75624b40,10,0,10,8,1,1770014109,2026-02-02 01:37:00
f3140fb8-347b-4dca-96df-eeef2d1bfc50,6,1,5,8,1,1770014108,2026-02-02 01:37:00
1869753484503987044,0,0,0,18,1,1770014109,2026-02-02 01:37:00
66dde76a-0aca-11e7-82f6-3863bb44ef7c,0,0,0,24,1,1770014109,2026-02-02 01:37:00
cb05443c-e68e-48f7-8d17-35353fa19d4d,17,6,11,26,1,1770014109,2026-02-02 01:37:00
66dc3ab9-0aca-11e7-82f6-3863bb44ef7c,30,27,3,28,1,1770014109,2026-02-02 01:37:00
6cd10426-b4e9-40e1-9b35-61f609190ac0,30,14,16,2,1,1770014109,2026-02-02 01:37:00
3d68a3fd-91da-49e8-9cd5-69b333863789,13,4,9,3,1,1770014109,2026-02-02 01:37:00
493850bd-125b-49f5-932b-bf999504fb06,2,1,1,14,1,1770014107,2026-02-02 01:37:00
1864605386632012480,1,0,1,15,1,1770014107,2026-02-02 01:37:00
2c8b263e-952c-4941-a671-ef0ebb062632,21,3,18,0,1,1770014108,2026-02-02 01:37:00
1814901062206225038,10,1,9,8,1,1770014109,2026-02-02 01:37:00
66dc120f-0aca-11e7-82f6-3863bb44ef7c,15,2,13,47,1,1770014110,2026-02-02 01:37:00
66de12ff-0aca-11e7-82f6-3863bb44ef7c,3,0,3,7,1,1770014105,2026-02-02 01:37:00
4e747443-d481-4aea-a6d1-cf20204af4ba,13,0,13,4,1,1770014105,2026-02-02 01:37:00
66dbc37a-0aca-11e7-82f6-3863bb44ef7c,8,7,1,49,1,1770014106,2026-02-02 01:37:00
66de43a5-0aca-11e7-82f6-3863bb44ef7c,11,2,9,11,1,1770014106,2026-02-02 01:37:00
2124037125711300644,7,4,3,5,1,1770014107,2026-02-02 01:37:00
66de1ea2-0aca-11e7-82f6-3863bb44ef7c,6,1,5,8,1,1770014107,2026-02-02 01:37:00
2637fed8-1e2a-460b-83eb-3eb32ace0f4e,8,1,6,31,1,1770014108,2026-02-02 01:37:00
6b60bf55-3da4-439a-bde1-fc80be8623ba,6,5,1,14,1,1770014108,2026-02-02 01:37:00
823ef531-40e6-4397-b973-86bf5b032076,1,0,1,20,1,1770014108,2026-02-02 01:37:00
18eccc71-66be-4e4c-8335-095a9bf0df94,6,3,3,22,1,1770014106,2026-02-02 01:37:00
12279d2b-29f6-4e02-a7f0-244970f7edd5,5,2,3,17,1,1770014107,2026-02-02 01:37:00
038b7369-9c6e-4eb2-8569-f7461443302f,9,0,9,3,1,1770014110,2026-02-02 01:37:00
66dcbac5-0aca-11e7-82f6-3863bb44ef7c,10,0,10,8,1,1770014110,2026-02-02 01:37:00
66dde103-0aca-11e7-82f6-3863bb44ef7c,30,27,3,1,1,1770014110,2026-02-02 01:37:00
1962547377975794462,0,0,0,23,1,1770014116,2026-02-02 01:37:00
f3782e27-c49a-4ee9-b188-0c13cad54688,7,0,7,7,1,1770014117,2026-02-02 01:37:00
66dd26f9-0aca-11e7-82f6-3863bb44ef7c,27,10,17,5,1,1770014117,2026-02-02 01:37:00
66dd1d9c-0aca-11e7-82f6-3863bb44ef7c,15,2,13,8,1,1770014117,2026-02-02 01:37:00
38af3d1a-9916-46cf-b22e-86fc8648bf30,9,0,9,8,1,1770014118,2026-02-02 01:37:00
1786698974100683436,20,4,15,13,1,1770014117,2026-02-02 01:37:00
62b97c1e-9d06-4c5e-b9c3-d76099e37fe4,1,1,0,19,1,1770014118,2026-02-02 01:37:00
1822663031356509142,11,1,10,6,1,1770014118,2026-02-02 01:37:00
1869753057823626206,8,1,7,15,1,1770014118,2026-02-02 01:37:00
66dbc420-0aca-11e7-82f6-3863bb44ef7c,1,0,1,40,1,1770014118,2026-02-02 01:37:00
66db408f-0aca-11e7-82f6-3863bb44ef7c,15,3,12,9,1,1770014117,2026-02-02 01:37:00
66dc6a86-0aca-11e7-82f6-3863bb44ef7c,6,3,2,69,1,1770014114,2026-02-02 01:37:00
66dd4c5f-0aca-11e7-82f6-3863bb44ef7c,6,5,1,47,1,1770014114,2026-02-02 01:37:00
66ddb66e-0aca-11e7-82f6-3863bb44ef7c,4,2,2,20,1,1770014114,2026-02-02 01:37:00
42c3bb6e-0478-4e4a-af10-151f5f4dffb9,17,2,15,1,1,1770014114,2026-02-02 01:37:00
6d766daf-9298-4059-a329-1818582d495f,10,10,0,0,1,1770014114,2026-02-02 01:37:00
1986707977001495180,6,0,6,12,1,1770014114,2026-02-02 01:37:00
00967b8f-1a4d-4131-a65a-17fa8ca89e28,0,0,0,16,1,1770014115,2026-02-02 01:37:00
1096fc76-794e-4343-8eb0-0dd6c9a48266,1,0,1,15,1,1770014112,2026-02-02 01:37:00
0687075b-cf2d-4130-a859-fe841aafbd3f,12,0,12,6,1,1770014113,2026-02-02 01:37:00
1786698321265653818,10,3,7,28,1,1770014113,2026-02-02 01:37:00
633fbc4c-7617-47ba-a393-aad7a8d26a3e,14,0,14,1,1,1770014110,2026-02-02 01:37:00
581bc4fe-cf14-4767-8377-6fa156ff8a29,3,0,3,16,1,1770014113,2026-02-02 01:37:00
66dde4ef-0aca-11e7-82f6-3863bb44ef7c,3,0,3,18,1,1770014114,2026-02-02 01:37:00
24509e46-a0de-47e8-ba40-9441da68952a,1,1,0,17,1,1770014114,2026-02-02 01:37:00
c606bae0-889c-47c3-8202-9463ef147655,16,0,16,7,1,1770014110,2026-02-02 01:37:00
640a9a95-194f-42f5-8d88-1df67129f388,5,0,5,15,1,1770014111,2026-02-02 01:37:00
f5393bc2-36d4-4508-bf51-fa48d121f751,10,3,7,11,1,1770014111,2026-02-02 01:37:00
66dbcbbc-0aca-11e7-82f6-3863bb44ef7c,36,3,33,25,1,1770014111,2026-02-02 01:37:00
66dcc0b2-0aca-11e7-82f6-3863bb44ef7c,1,1,0,21,1,1770014111,2026-02-02 01:37:00
2171919049376995084,2,1,1,25,1,1770014115,2026-02-02 01:37:00
b442a648-e9f4-4893-951a-64d258bc0e55,5,4,1,21,1,1770014111,2026-02-02 01:37:00
ba33c334-e17d-4478-ae3c-9c2f4dbfbb51,0,0,0,16,1,1770014115,2026-02-02 01:37:00
e9575102-1081-4c30-8d15-ea95913579e2,1,1,0,15,1,1770014115,2026-02-02 01:37:00
66dd1c7f-0aca-11e7-82f6-3863bb44ef7c,10,0,10,35,1,1770014115,2026-02-02 01:37:00
068b919c-f649-4091-8e12-ccf37191cad5,2,2,0,16,1,1770014116,2026-02-02 01:37:00
cb9840a3-4ae2-420d-865c-9ac45e2f5485,7,2,5,7,1,1770014116,2026-02-02 01:37:00
66dc7ba2-0aca-11e7-82f6-3863bb44ef7c,2,0,2,17,1,1770014116,2026-02-02 01:37:00
66ddeaff-0aca-11e7-82f6-3863bb44ef7c,6,2,4,20,1,1770014116,2026-02-02 01:37:00
3eb10c63-ea4c-4161-b07d-a29034f7367a,3,1,2,9,1,1770014116,2026-02-02 01:37:00
1828968883163894358,14,3,11,6,1,1770014116,2026-02-02 01:37:00
d265dbc7-ef55-4f5b-8a2b-f2015dc71fb8,10,0,10,9,1,1770014116,2026-02-02 01:37:00
18415ea7-efce-408d-bcb9-4693fb088dda,16,10,6,4,1,1770014112,2026-02-02 01:37:00
1960020234227886806,7,2,5,33,1,1770014113,2026-02-02 01:37:00
66dd4ccc-0aca-11e7-82f6-3863bb44ef7c,0,0,0,46,1,1770014113,2026-02-02 01:37:00
499e10ad-c008-461e-8cf7-20757218a9cc,1,1,0,20,1,1770014116,2026-02-02 01:37:00
66dea7b5-0aca-11e7-82f6-3863bb44ef7c,5,1,4,32,1,1770014115,2026-02-02 01:37:00
2124426077519611940,2,1,1,12,1,1770014112,2026-02-02 01:37:00
528ed1e0-75aa-45be-8afe-c3f1c950782f,3,0,3,13,1,1770014113,2026-02-02 01:37:00
1831178352265562334,13,3,10,12,1,1770014118,2026-02-02 01:37:00
c71cca54-17f6-42bc-ba94-3f5bd9c70197,31,2,29,3,1,1770014118,2026-02-02 01:37:00
1828965347681089818,14,1,13,2,1,1770014118,2026-02-02 01:37:00
66de25bd-0aca-11e7-82f6-3863bb44ef7c,71,0,71,3,1,1770014118,2026-02-02 01:37:00
ef6216aa-d3c8-46bb-8c6b-b62f8ba51b16,3,0,3,14,1,1770014118,2026-02-02 01:37:00
66dc292c-0aca-11e7-82f6-3863bb44ef7c,26,21,4,17,1,1770014119,2026-02-02 01:37:00
19d17911-1e4a-41fa-b62b-719aa0a6182e,30,20,10,6,1,1770014119,2026-02-02 01:37:00
d040a7b3-85b5-4c0d-9c92-3f4ad0082143,1,0,1,26,1,1770014118,2026-02-02 01:37:00
cbf76774-1276-4cf8-9442-f00571f1451c,11,11,0,11,1,1770014119,2026-02-02 01:37:00
2171903733697659376,0,0,0,0,0,86400,2026-02-02 01:37:00
d67375ea-3f93-4996-b0dc-f542341f2e6a,0,0,0,0,0,86400,2026-02-02 01:37:00
a93cb1ec-fb37-4faf-a7e7-d1e5a9e9af95,0,0,0,0,0,86400,2026-02-02 01:37:00
ab5c5ee6-9c4e-4aaa-a14e-d236d3e01d9a,0,0,0,0,0,86400,2026-02-02 01:37:00
32c60668-a192-4d06-aa7c-6d6f7aed6b45,0,0,0,0,0,86400,2026-02-02 01:37:00
fd0e86e3-079d-40aa-8231-ec2cbdbd9e7f,0,0,0,0,0,86400,2026-02-02 01:37:00
2177016792070807878,0,0,0,0,0,86400,2026-02-02 01:37:00
2177015593774932282,0,0,0,0,0,86400,2026-02-02 01:37:00
d2024260-cc58-451b-9417-3a695f8a1b34,0,0,0,0,0,1767211364,2026-02-02 01:37:00
2171903845366809074,0,0,0,0,0,86400,2026-02-02 01:37:00
2171903221356328154,0,0,0,0,0,86400,2026-02-02 01:37:00
b30815c0-99b6-451b-be15-902992cb8abb,0,0,0,3,0,1770003157,2026-02-02 01:37:00
66dd4ac1-0aca-11e7-82f6-3863bb44ef7c,0,0,0,23,0,1769965436,2026-02-02 01:37:00
2104278402820534724,0,0,0,13,0,1770008370,2026-02-02 01:37:00
66dbebad-0aca-11e7-82f6-3863bb44ef7c,0,0,0,12,0,1769994524,2026-02-02 01:37:00
66dd243c-0aca-11e7-82f6-3863bb44ef7c,0,0,0,35,0,1769989155,2026-02-02 01:37:00
66ddbd20-0aca-11e7-82f6-3863bb44ef7c,0,0,0,7,0,1769992056,2026-02-02 01:37:00
1814900898997467540,6,0,6,9,1,1770014037,2026-02-02 01:37:00
65a1b09d-560d-46bf-8f5d-7f59471a587e,3,2,1,16,1,1770014038,2026-02-02 01:37:00
66dc8bfd-0aca-11e7-82f6-3863bb44ef7c,9,2,7,37,1,1770014038,2026-02-02 01:37:00
66dd4f31-0aca-11e7-82f6-3863bb44ef7c,5,2,3,20,1,1770014038,2026-02-02 01:37:00
87091002-cc25-452a-b5d9-f8d0c3fce422,2,1,1,21,1,1770014040,2026-02-02 01:37:00
711ccb32-e1bc-4577-ac7b-50592cc9b8a0,14,0,14,6,1,1770014039,2026-02-02 01:37:00
324af152-33ea-48a7-8bb0-ad8b6f31571f,21,6,15,4,1,1770014041,2026-02-02 01:37:00
40914c6b-293d-49ac-b83a-d9d4af998aea,4,0,4,13,1,1770014036,2026-02-02 01:37:00
2098359443836787630,3,2,1,67,1,1770014036,2026-02-02 01:37:00
9d23b0e9-a478-407c-a0e0-0aff1b0398fc,1,1,0,19,1,1770014039,2026-02-02 01:37:00
94bcf812-5cff-460c-841f-54876ed1e7a4,0,0,0,18,1,1770014039,2026-02-02 01:37:00
f3b359e2-7983-4aaf-b6b0-e3b7d30816a4,15,2,13,1,1,1770014037,2026-02-02 01:37:00
9b7e3b8b-97ef-4038-820c-7cd1c1a34fc7,11,0,11,12,1,1770014041,2026-02-02 01:37:00
1934770108420609000,1,0,1,14,1,1770014041,2026-02-02 01:37:00
66dc3f08-0aca-11e7-82f6-3863bb44ef7c,35,25,10,45,1,1770014035,2026-02-02 01:37:00
1843486390605672640,6,1,5,15,1,1770014035,2026-02-02 01:37:00
9719498d-bd5c-4424-86ac-dfe0795c57d1,5,3,2,17,1,1770014041,2026-02-02 01:37:00
1833865926273309136,20,13,7,38,1,1770014042,2026-02-02 01:37:00
0eacb768-c7d5-4499-9182-9a1331d9280c,21,0,21,1,1,1770014041,2026-02-02 01:37:00
f72a253f-3cef-4da8-9591-0cbd3a692162,12,8,4,26,1,1770014041,2026-02-02 01:37:00
94624d6e-4150-4ab1-92ff-bf55cb58ab61,0,0,0,18,1,1770014044,2026-02-02 01:37:00
64de0666-b9ab-404e-a16b-03e449bb5b4d,3,0,3,14,1,1770014044,2026-02-02 01:37:00
66dc9068-0aca-11e7-82f6-3863bb44ef7c,4,0,4,60,1,1770014045,2026-02-02 01:37:00
66dc1e55-0aca-11e7-82f6-3863bb44ef7c,0,0,0,0,0,1770014045,2026-02-02 01:37:00
8a13182a-4823-4fe7-afcd-a4ef0b134ed9,2,0,2,17,1,1770014042,2026-02-02 01:37:00
66dc0bbd-0aca-11e7-82f6-3863bb44ef7c,17,1,16,7,1,1770014042,2026-02-02 01:37:00
c042a307-2d7d-4ee9-95b7-a7505a3428c2,0,0,0,27,0,1769940301,2026-02-02 01:37:00
e10a6e12-d98c-4625-940a-9f83d9b2f6c4,14,0,14,2,1,1770014043,2026-02-02 01:37:00
1846085533896197012,11,0,11,0,1,1770014045,2026-02-02 01:37:00
48b19cc8-bf45-4602-89ac-a8c0a0560c43,11,3,8,0,1,1770014046,2026-02-02 01:37:00
66dd3fc3-0aca-11e7-82f6-3863bb44ef7c,14,6,8,18,1,1770014045,2026-02-02 01:37:00
2127386600787000162,0,0,0,25,1,1770014043,2026-02-02 01:37:00
8d2eff37-be09-4b46-a95d-abff89e16d56,7,1,6,10,1,1770014044,2026-02-02 01:37:00
17aba164-9d41-4336-9767-2218b8994ded,7,3,4,14,1,1770014044,2026-02-02 01:37:00
1814907062275537820,13,0,13,11,1,1770014047,2026-02-02 01:37:00
999865d2-0735-4e85-a9d4-00810231530e,8,1,7,11,1,1770014047,2026-02-02 01:37:00
66de1f7f-0aca-11e7-82f6-3863bb44ef7c,9,4,5,21,1,1770014044,2026-02-02 01:37:00
66dde208-0aca-11e7-82f6-3863bb44ef7c,15,14,1,8,1,1770014024,2026-02-02 01:37:00
1843486597735840252,16,1,15,3,1,1770014025,2026-02-02 01:37:00
3ff00115-e8da-4326-97d3-7bf4fe4df7a5,1,0,1,19,1,1770014023,2026-02-02 01:37:00
1835249317786962140,1,0,1,25,1,1770014023,2026-02-02 01:37:00
5f2766b0-362e-49e5-ab09-05e2c4b6f626,0,0,0,17,1,1770014024,2026-02-02 01:37:00
39f756c2-3904-463e-95a8-8d8e3540e845,21,4,17,35,1,1770014021,2026-02-02 01:37:00
66db33fc-0aca-11e7-82f6-3863bb44ef7c,21,19,2,32,1,1770014022,2026-02-02 01:37:00
66dd266a-0aca-11e7-82f6-3863bb44ef7c,3,1,2,27,1,1770014022,2026-02-02 01:37:00
1880643915885220532,1,1,0,23,1,1770014022,2026-02-02 01:37:00
ffef95fa-600b-4f08-b2ce-e8eb034ebfd8,4,4,0,20,1,1770014022,2026-02-02 01:37:00
50575cba-95ac-4134-9da1-3eec8253afc4,1,0,1,35,1,1770014027,2026-02-02 01:37:00
66dce4fc-0aca-11e7-82f6-3863bb44ef7c,13,3,10,11,1,1770014027,2026-02-02 01:37:00
3f031133-ec95-4a92-9d63-2ae28183f498,7,2,5,6,1,1770014026,2026-02-02 01:37:00
1198e739-787c-4ce4-aa63-ffaf98506e9c,1,0,1,58,1,1770014027,2026-02-02 01:37:00
efa2a82f-eb4a-4b82-a602-6c42cb984101,1,1,0,15,1,1770014033,2026-02-02 01:37:00
1843486667668726558,15,0,15,1,1,1770014033,2026-02-02 01:37:00
a70b26b7-fbad-4787-bf15-29f7b13a19ab,5,3,2,10,1,1770014034,2026-02-02 01:37:00
1786696564295760054,6,3,3,19,1,1770014033,2026-02-02 01:37:00
8456b63c-37c6-49a6-8c02-bb6dcfc35041,9,5,4,6,1,1770014034,2026-02-02 01:37:00
81a34754-ae08-47a6-964d-4733849a8fab,0,0,0,28,1,1770014030,2026-02-02 01:37:00
cc7b86cf-a2fb-4738-b967-de7b197dc930,2,0,2,27,1,1770014030,2026-02-02 01:37:00
1860188607062574024,0,0,0,18,1,1770014030,2026-02-02 01:37:00
66dc24b8-0aca-11e7-82f6-3863bb44ef7c,15,3,12,48,1,1770014030,2026-02-02 01:37:00
1908785111291682996,10,3,7,6,1,1770014030,2026-02-02 01:37:00
a6a132f9-89bf-42a4-afe6-1ca449b7f570,8,5,3,4,1,1770014028,2026-02-02 01:37:00
66dcf640-0aca-11e7-82f6-3863bb44ef7c,16,0,16,3,1,1770014032,2026-02-02 01:37:00
e6c2a46e-431a-4101-af84-870f660ff4cb,11,0,11,51,1,1770014032,2026-02-02 01:37:00
1854255035042870020,11,0,11,4,1,1770014033,2026-02-02 01:37:00
1877653505745721834,1,0,1,17,1,1770014033,2026-02-02 01:37:00
85ba92ab-8d0a-4d17-9d07-0173e16d3b6d,4,1,3,14,1,1770014031,2026-02-02 01:37:00
66db6d40-0aca-11e7-82f6-3863bb44ef7c,40,36,4,3,1,1770014031,2026-02-02 01:37:00
c7ffe3fa-9cd6-4d35-9060-7d5822381442,13,8,5,59,1,1770014032,2026-02-02 01:37:00
514afe43-84d4-4941-8281-75a93c5cd365,3,0,3,13,1,1770014031,2026-02-02 01:37:00
bb0ce308-e5d9-48c7-9f4b-cf0120f2c39a,0,0,0,21,1,1770014031,2026-02-02 01:37:00
1834145468418707676,11,1,10,5,1,1770014051,2026-02-02 01:37:00
ecbfcdb7-fffc-4d45-bed2-1510fd45834d,7,1,6,10,1,1770014052,2026-02-02 01:37:00
d1c204d7-d575-417d-b134-6ebdf7e99f98,4,2,2,15,1,1770014053,2026-02-02 01:37:00
7f3aa940-18ef-4900-89dc-cdb05f693f31,0,0,0,15,0,1769898046,2026-02-02 01:37:00
66db46d7-0aca-11e7-82f6-3863bb44ef7c,6,4,2,21,1,1770014049,2026-02-02 01:37:00
66db8ca4-0aca-11e7-82f6-3863bb44ef7c,34,12,22,21,1,1770014047,2026-02-02 01:37:00
7f8cb36a-2bf4-4d57-afbd-331310f25355,12,3,9,24,1,1770014048,2026-02-02 01:37:00
1854537815365165328,0,0,0,18,1,1770014047,2026-02-02 01:37:00
e72f0aec-2293-4636-988c-b9d30df092f8,23,6,16,10,1,1770014048,2026-02-02 01:37:00
923a60f7-2a0e-4a31-8dd5-66c8518c929e,4,2,2,11,1,1770014048,2026-02-02 01:37:00
0cc38ba1-4625-4821-9a6f-e490525cbce2,3,1,2,13,1,1770014050,2026-02-02 01:37:00
9c2a741d-7f3e-4aa1-b58b-db5c3e6bcb20,1,0,1,26,1,1770014050,2026-02-02 01:37:00
4a4c7548-2466-48ef-8d7e-0aa4d6acb69e,1,0,1,13,1,1770014051,2026-02-02 01:37:00
1875023224873448258,10,1,9,5,1,1770014051,2026-02-02 01:37:00
1851674088959433552,2,1,1,14,1,1770014052,2026-02-02 01:37:00
5f968a1b-ee60-43a0-ad25-05211e09e436,0,0,0,21,1,1770014052,2026-02-02 01:37:00
3299ff79-36aa-42ef-b7f1-c40e95c8f570,19,2,17,19,1,1770014067,2026-02-02 01:37:00
199ea9dd-8f7e-4e05-a730-55edaacd8787,11,10,1,43,1,1770014067,2026-02-02 01:37:00
1786375597504305174,31,13,18,3,1,1770014067,2026-02-02 01:37:00
52dd11f4-bbd0-49ab-912b-06fac40d275d,11,2,9,19,1,1770014067,2026-02-02 01:37:00
35b8b636-18d3-4860-b0a9-39c0bce96a10,3,1,2,22,1,1770014068,2026-02-02 01:37:00
9e014047-d675-418b-a03c-84d974a25134,2,1,1,28,1,1770014068,2026-02-02 01:37:00
66ddef96-0aca-11e7-82f6-3863bb44ef7c,29,2,27,10,1,1770014069,2026-02-02 01:37:00
1828965887815635862,1,1,0,19,1,1770014070,2026-02-02 01:37:00
1876864480506022446,12,0,12,6,1,1770014070,2026-02-02 01:37:00
17ba4945-b202-4667-965f-211d80622646,1,0,1,18,1,1770014070,2026-02-02 01:37:00
bc512527-7863-48d5-aea8-3de470abc1ee,7,1,6,10,1,1770014070,2026-02-02 01:37:00
66dbf062-0aca-11e7-82f6-3863bb44ef7c,32,19,13,9,1,1770014074,2026-02-02 01:37:00
66de88d7-0aca-11e7-82f6-3863bb44ef7c,1,1,0,39,1,1770014074,2026-02-02 01:37:00
0e5be726-2452-42a0-9be8-ea85c8408e4c,2,1,1,19,1,1770014074,2026-02-02 01:37:00
8f672aa7-08a1-4fe2-a471-06f219c0eb1b,4,1,3,10,1,1770014068,2026-02-02 01:37:00
d837d1b0-8f80-4f6c-ae45-5dd0deec6977,10,3,7,8,1,1770014068,2026-02-02 01:37:00
66dd23a9-0aca-11e7-82f6-3863bb44ef7c,2,1,1,22,1,1770014069,2026-02-02 01:37:00
bde94a25-6089-4490-af3a-8cc5702230b8,66,51,15,5,1,1770014069,2026-02-02 01:37:00
0cde9bcd-0dcb-45dc-9c9a-3e5485b5452e,1,0,1,18,1,1770014070,2026-02-02 01:37:00
6a52ceae-3b97-487a-9438-de844bfbf1c2,7,5,2,9,1,1770014070,2026-02-02 01:37:00
15e1568b-f502-47a2-9d3d-b5aaa1edc239,16,15,1,3,1,1770014073,2026-02-02 01:37:00
4f57360d-a4cb-4568-b74a-f3086ccaee2e,4,3,1,15,1,1770014073,2026-02-02 01:37:00
4753c893-e4bd-4d6a-bc4d-42209a19ebeb,0,0,0,15,1,1770014073,2026-02-02 01:37:00
66de542a-0aca-11e7-82f6-3863bb44ef7c,37,1,36,6,1,1770014071,2026-02-02 01:37:00
679dcf08-d88c-4d1b-b81d-fe9f4aabbff7,3,2,1,17,1,1770014071,2026-02-02 01:37:00
29223935-a682-411c-9f25-577bbb9804fc,13,0,13,0,1,1770014072,2026-02-02 01:37:00
55146e49-9bc4-4f13-bdf7-25422342b638,0,0,0,15,1,1770014070,2026-02-02 01:37:00
c9cd8c29-7f0b-4979-9a0e-bec4613d2600,0,0,0,20,1,1770014070,2026-02-02 01:37:00
62e2b1dd-ca52-4e1c-a112-1d8846b9d9b5,11,2,9,3,1,1770014071,2026-02-02 01:37:00
a90e9ad3-4347-4fa4-b031-9bf1f69ce049,0,0,0,16,1,1770014072,2026-02-02 01:37:00
b319c797-71ff-490c-b965-ba2ac0f50da0,2,1,1,17,1,1770014075,2026-02-02 01:37:00
b47e5ffd-4215-4476-a89b-ebe52111f763,30,3,27,4,1,1770014076,2026-02-02 01:37:00
1882735457106787122,17,7,10,6,1,1770014076,2026-02-02 01:37:00
774c5443-d463-42b3-bfc5-b0ab3c56fe35,3,3,0,26,1,1770014076,2026-02-02 01:37:00
8e631be4-1e0c-4627-a261-18f0003d0ba2,4,4,0,31,1,1770014076,2026-02-02 01:37:00
54782566-697b-497e-a503-dc1f39963eb2,6,5,1,19,1,1770014075,2026-02-02 01:37:00
66de110b-0aca-11e7-82f6-3863bb44ef7c,18,7,11,16,1,1770014075,2026-02-02 01:37:00
66db269c-0aca-11e7-82f6-3863bb44ef7c,17,14,3,11,1,1770014075,2026-02-02 01:37:00
66dea52b-0aca-11e7-82f6-3863bb44ef7c,10,2,8,4,1,1770014075,2026-02-02 01:37:00
ebce9ecb-9678-4c42-89d7-08e54bc6fe90,0,0,0,17,1,1770014077,2026-02-02 01:37:00
1817432954560889524,5,1,4,11,1,1770014078,2026-02-02 01:37:00
1854538793462575652,11,7,4,3,1,1770014079,2026-02-02 01:37:00
66db2e3a-0aca-11e7-82f6-3863bb44ef7c,23,16,7,27,1,1770014075,2026-02-02 01:37:00
753591ba-36f7-4ded-ab7d-40df9994a05f,4,3,1,19,1,1770014078,2026-02-02 01:37:00
1835247469495105628,0,0,0,20,1,1770014079,2026-02-02 01:37:00
2cd651e7-1e3a-4cd9-8fd1-a2416e032f6e,1,1,0,22,1,1770014079,2026-02-02 01:37:00
7cb65297-c880-459a-b054-4e059576c02a,0,0,0,13,0,1769835686,2026-02-02 01:37:00
66dde3b1-0aca-11e7-82f6-3863bb44ef7c,0,0,0,10,0,1769485181,2026-02-02 01:37:00
f752c376-3a6f-4cd3-b9fd-3c049d45a9a6,6,1,5,12,1,1770014005,2026-02-02 01:37:00
ccaadb70-6c87-4ccc-9914-a3167bd1bc0e,6,3,3,26,1,1770014006,2026-02-02 01:37:00
1838071090619298218,9,5,4,11,1,1770014006,2026-02-02 01:37:00
80969478-8dbc-42e1-8e16-ac0132a431c2,22,0,22,1,1,1770014008,2026-02-02 01:37:00
66dc481a-0aca-11e7-82f6-3863bb44ef7c,44,23,21,8,1,1770014008,2026-02-02 01:37:00
467e1de6-73a6-480f-9e83-fd1b03b71047,12,1,11,9,1,1770014009,2026-02-02 01:37:00
c02864f0-2611-440b-98f4-45fddfd545fe,20,0,20,2,1,1770014009,2026-02-02 01:37:00
66db9cc4-0aca-11e7-82f6-3863bb44ef7c,7,0,7,29,1,1770014004,2026-02-02 01:37:00
1843486189591985058,3,0,3,16,1,1770014004,2026-02-02 01:37:00
a82cc641-0926-4a63-b488-7060ab7dcd74,2,1,1,29,1,1770014004,2026-02-02 01:37:00
1859811213834095332,11,2,9,6,1,1770014008,2026-02-02 01:37:00
5600446d-a00a-45e6-9dc3-550adfd63e39,0,0,0,16,1,1770014008,2026-02-02 01:37:00
d11db4cd-f9bf-430b-ac19-104fef323b24,2,2,0,16,1,1770014006,2026-02-02 01:37:00
ace80a8c-6196-484e-8dd0-061e3c90389b,0,0,0,28,1,1770014006,2026-02-02 01:37:00
99142ec8-c0e7-47ca-916c-c1097d48e133,14,8,6,22,1,1770014003,2026-02-02 01:37:00
1828969726487003714,3,1,2,12,1,1770014054,2026-02-02 01:37:00
e982e1cb-7e7b-4769-85b8-565925200654,7,0,7,13,1,1770014054,2026-02-02 01:37:00
77463580-6421-403d-b170-f2660c216175,4,3,1,18,1,1770014054,2026-02-02 01:37:00
1815967674683118258,15,1,14,3,1,1770014054,2026-02-02 01:37:00
66dc90d5-0aca-11e7-82f6-3863bb44ef7c,20,7,13,12,1,1770014057,2026-02-02 01:37:00
ffaa8f6a-a4ea-4d3a-a57c-f42f77cd4581,1,1,0,20,1,1770014056,2026-02-02 01:37:00
ddc8ca6c-dceb-4603-ab1e-4bd972ca2a3d,6,1,5,6,1,1770014057,2026-02-02 01:37:00
c56739c2-b310-4d73-ab0e-b6036abd9561,13,0,13,4,1,1770014056,2026-02-02 01:37:00
66dc9143-0aca-11e7-82f6-3863bb44ef7c,11,3,8,19,1,1770014055,2026-02-02 01:37:00
66dc9223-0aca-11e7-82f6-3863bb44ef7c,16,11,5,67,1,1770014056,2026-02-02 01:37:00
66dc22a7-0aca-11e7-82f6-3863bb44ef7c,5,3,2,30,1,1770014058,2026-02-02 01:37:00
66dc7659-0aca-11e7-82f6-3863bb44ef7c,50,13,37,55,1,1770014059,2026-02-02 01:37:00
1786687245202023014,27,10,17,0,1,1770014059,2026-02-02 01:37:00
5eac53d0-5510-441a-9dbb-76bd38acf4ef,2,0,2,14,1,1770014053,2026-02-02 01:37:00
66dc85bb-0aca-11e7-82f6-3863bb44ef7c,18,10,8,13,1,1770014053,2026-02-02 01:37:00
c0a2d591-4eed-488b-b88b-0b23990e3756,16,1,15,3,1,1770014057,2026-02-02 01:37:00
b64eb0a5-d6d4-4f45-8c9a-e2d004819c99,3,2,1,15,1,1770014058,2026-02-02 01:37:00
2126579619522812246,8,5,3,1,1,1770014058,2026-02-02 01:37:00
868586b3-ddc7-4b4b-9bed-a1e487033aaa,32,7,25,9,1,1770014055,2026-02-02 01:37:00
b9c209b2-6284-4f5a-a32a-680ef9da1c1f,1,1,0,17,1,1770014055,2026-02-02 01:37:00
06f0d251-e1e3-435c-8c5f-9b991a14ca4a,0,0,0,24,1,1770014056,2026-02-02 01:37:00
77b21502-a7a2-40b4-8f3e-f9c6c6ef0939,10,0,10,14,1,1770014058,2026-02-02 01:37:00
6908ae75-b9a1-4f20-b192-95dc43e858a8,4,0,4,12,1,1770014058,2026-02-02 01:37:00
e1a3f2f9-618f-4727-b2d6-676e02aadf17,6,1,5,10,1,1770014059,2026-02-02 01:37:00
66dd455e-0aca-11e7-82f6-3863bb44ef7c,26,26,0,5,1,1770014060,2026-02-02 01:37:00
1838618090943186984,14,0,14,2,1,1770014060,2026-02-02 01:37:00
9a37d8a1-990b-484c-9603-262dbd1165cc,2,1,1,17,1,1770014061,2026-02-02 01:37:00
cf284d60-23e7-49ec-91dc-8bfedb59cb6a,16,0,16,2,1,1770014062,2026-02-02 01:37:00
a23a40c3-6da5-4b0f-bb6b-8bfc01ec2261,7,0,7,11,1,1770014061,2026-02-02 01:37:00
1860188069348460678,13,0,13,9,1,1770014059,2026-02-02 01:37:00
1813395029173762108,19,15,4,22,1,1770014059,2026-02-02 01:37:00
1846086463217404850,12,4,8,5,1,1770014060,2026-02-02 01:37:00
46dca5c6-7bd3-4a4f-aa1e-33aa66652294,16,2,14,10,1,1770014060,2026-02-02 01:37:00
9e0b3452-ef6d-4e94-8c05-7bef199cdb74,1,0,1,15,1,1770014060,2026-02-02 01:37:00
5f7ac86c-1a98-4603-8749-4bb83ac84acd,34,27,7,16,1,1770014063,2026-02-02 01:37:00
fb180cce-96ee-4e66-b3ce-000f3db6e670,0,0,0,25,1,1770014058,2026-02-02 01:37:00
2121032708855884414,6,0,6,8,1,1770014063,2026-02-02 01:37:00
bb6bba3f-19a0-4ebb-a454-4ac678d9d62d,5,1,4,13,1,1770014064,2026-02-02 01:37:00
66db3997-0aca-11e7-82f6-3863bb44ef7c,21,6,14,49,1,1770014063,2026-02-02 01:37:00
1856847127505992556,1,0,1,2,1,1770014066,2026-02-02 01:37:00
7f1b4c40-d9fa-4182-be0e-a993655cfb6f,4,2,2,1,1,1770014067,2026-02-02 01:37:00
2121032507515216178,5,0,5,0,1,1770014061,2026-02-02 01:37:00
1819720453019329398,2,1,1,19,1,1770014063,2026-02-02 01:37:00
1861683747231494964,2,1,1,12,1,1770014062,2026-02-02 01:37:00
b930dd82-92d0-4d86-b896-7d8b827c2d5f,1,0,1,16,1,1770014064,2026-02-02 01:37:00
2007842506069575758,15,4,11,0,1,1770014064,2026-02-02 01:37:00
66db6da2-0aca-11e7-82f6-3863bb44ef7c,36,17,19,6,1,1770014065,2026-02-02 01:37:00
6651fc84-09d1-4cdb-a8d5-7d6345fb3466,8,0,8,7,1,1770014065,2026-02-02 01:37:00
2126623199408050430,3,0,3,9,1,1770014065,2026-02-02 01:37:00
55ccb271-7035-422e-bee1-20e84caa0217,22,2,19,23,1,1770014065,2026-02-02 01:37:00
66db631c-0aca-11e7-82f6-3863bb44ef7c,41,32,9,6,1,1770014066,2026-02-02 01:37:00
14f928c6-9a51-40a2-b7e6-a74e8b351dbf,0,0,0,22,0,1769998580,2026-02-02 01:37:00
2124037656159914878,1,0,1,7,1,1770013998,2026-02-02 01:37:00
66ddea2a-0aca-11e7-82f6-3863bb44ef7c,59,19,40,5,1,1770014000,2026-02-02 01:37:00
1864606193814670106,0,0,0,19,0,1769909783,2026-02-02 01:37:00
b1e496f1-43cf-48d0-be49-ab0d760c00bf,0,0,0,23,1,1770014002,2026-02-02 01:37:00
d7f55e1b-12db-49d1-9cd8-4fb464745841,10,0,10,11,1,1770014011,2026-02-02 01:37:00
b03adb87-2bd9-43a5-a822-7d06a9ee2d81,24,0,24,2,1,1770014012,2026-02-02 01:37:00
2111353842893366258,11,2,9,20,1,1770014012,2026-02-02 01:37:00
66dc1d0c-0aca-11e7-82f6-3863bb44ef7c,1,0,1,24,1,1770014011,2026-02-02 01:37:00
eb8fcff2-6f58-4724-b564-ebc9a8d374d8,15,0,14,3,1,1770014011,2026-02-02 01:37:00
66dd4bf7-0aca-11e7-82f6-3863bb44ef7c,1,0,1,38,1,1770014015,2026-02-02 01:37:00
1817432233006383832,14,1,13,5,1,1770014016,2026-02-02 01:37:00
1906951766876655628,0,0,0,29,1,1770014017,2026-02-02 01:37:00
66dca682-0aca-11e7-82f6-3863bb44ef7c,21,5,16,32,1,1770014016,2026-02-02 01:37:00
e6b6c6e2-5fcb-47cd-8f2d-4324b7c977c8,9,6,3,8,1,1770014018,2026-02-02 01:37:00
1820420224296772166,10,7,3,7,1,1770014019,2026-02-02 01:37:00
02fb0f6a-b1dc-4e1c-97f8-fe70462670a3,24,2,22,1,1,1770014019,2026-02-02 01:37:00
fec4aa1b-9fc1-4dd9-ab39-c1d7370a6e54,4,0,4,15,1,1770014019,2026-02-02 01:37:00
bf317efc-13f1-42be-8243-373a29354033,3,2,1,20,1,1770014019,2026-02-02 01:37:00
514f3dda-4d08-464c-b2d4-5706d400065a,1,0,1,13,1,1770014020,2026-02-02 01:37:00
1838070626762830158,4,1,3,15,1,1770014018,2026-02-02 01:37:00
16a4effc-282e-4053-b47b-31f734d50c08,7,0,7,14,1,1770014020,2026-02-02 01:37:00
760ebaea-f7c7-45ad-aa3b-395d97adcf8f,8,2,6,11,1,1770014020,2026-02-02 01:37:00
1814906873296976512,0,0,0,18,1,1770014020,2026-02-02 01:37:00
1975559886658995034,1,0,1,22,1,1770014021,2026-02-02 01:37:00
1817431953833509324,1,1,0,18,1,1770014021,2026-02-02 01:37:00
66db3f62-0aca-11e7-82f6-3863bb44ef7c,6,0,6,44,1,1770014021,2026-02-02 01:37:00
989fdf95-cfb9-475c-ba0c-3152fd3a16e0,9,8,1,0,1,1770014019,2026-02-02 01:37:00
4775fd25-2240-44d7-884a-d777d15a9b5e,1,0,1,16,1,1770014020,2026-02-02 01:37:00
c37931bb-8571-4671-a9a8-f3cf23897680,40,8,32,29,1,1770014083,2026-02-02 01:37:00
1864605659096685518,2,2,0,17,1,1770014083,2026-02-02 01:37:00
2e5cde21-f0a2-4396-899e-6df275e99212,1,0,1,17,1,1770014084,2026-02-02 01:37:00
66dcccfe-0aca-11e7-82f6-3863bb44ef7c,2,1,1,15,1,1770014084,2026-02-02 01:37:00
66dcca0d-0aca-11e7-82f6-3863bb44ef7c,5,1,4,15,1,1770014084,2026-02-02 01:37:00
66db79a3-0aca-11e7-82f6-3863bb44ef7c,23,15,8,5,1,1770014084,2026-02-02 01:37:00
2121032973750651666,2,0,2,8,1,1770014084,2026-02-02 01:37:00
1945126257666675246,3,1,2,12,1,1770014084,2026-02-02 01:37:00
1849009244468810224,14,3,11,0,1,1770014081,2026-02-02 01:37:00
e4980fd0-e540-40ca-acba-c2a74f3294fc,0,0,0,23,1,1770014082,2026-02-02 01:37:00
7d9a1b9e-0123-4561-a111-b3735fada687,3,0,3,20,1,1770014082,2026-02-02 01:37:00
d0b87aa7-7e19-40d2-8f7d-6a622e6ac391,11,3,8,11,1,1770014083,2026-02-02 01:37:00
66dc741f-0aca-11e7-82f6-3863bb44ef7c,35,35,0,24,1,1770014082,2026-02-02 01:37:00
1860187430946456420,0,0,0,18,1,1770014083,2026-02-02 01:37:00
dccab832-b4a2-4105-927d-b52ec0d92c92,12,4,8,3,1,1770014083,2026-02-02 01:37:00
1871972060496771504,0,0,0,14,1,1770014083,2026-02-02 01:37:00
d9bc0b3e-1af8-4cb6-a082-8ef1245ef329,4,2,2,23,1,1770014081,2026-02-02 01:37:00
852218fc-5e5b-4153-bc3f-03760b57e68a,0,0,0,21,1,1770014079,2026-02-02 01:37:00
66de1bc3-0aca-11e7-82f6-3863bb44ef7c,5,4,1,45,1,1770014080,2026-02-02 01:37:00
1849008925260421550,12,2,10,3,1,1770014083,2026-02-02 01:37:00
7a771842-c090-4da1-8c13-72b7f4f50a87,10,1,9,16,1,1770014082,2026-02-02 01:37:00
1786699974232881542,3,1,2,16,1,1770014082,2026-02-02 01:37:00
1885718199416500650,9,0,9,11,1,1770014082,2026-02-02 01:37:00
1a083890-e22b-4f81-8d98-567784034916,17,3,14,2,1,1770014080,2026-02-02 01:37:00
1786697528321024934,36,2,34,0,1,1770014079,2026-02-02 01:37:00
398aa734-3893-4dba-a704-57ae8632c4f9,5,1,4,12,1,1770014079,2026-02-02 01:37:00
1849009534951225816,2,0,2,13,1,1770014085,2026-02-02 01:37:00
66dd2786-0aca-11e7-82f6-3863bb44ef7c,19,0,19,3,1,1770014087,2026-02-02 01:37:00
2142879839954225698,2,1,1,12,1,1770014088,2026-02-02 01:37:00
68827e5f-ed28-45de-99bf-66093a8c504f,0,0,0,19,1,1770014089,2026-02-02 01:37:00
2009671276352543716,0,0,0,14,1,1770014089,2026-02-02 01:37:00
66de59bd-0aca-11e7-82f6-3863bb44ef7c,19,1,18,1,1,1770014087,2026-02-02 01:37:00
1865017865553426604,9,1,8,5,1,1770014087,2026-02-02 01:37:00
1815968422007427668,4,1,3,12,1,1770014087,2026-02-02 01:37:00
2142879485385917038,7,0,7,22,1,1770014087,2026-02-02 01:37:00
1898455214498195676,0,0,0,20,1,1770014088,2026-02-02 01:37:00
66dc79e6-0aca-11e7-82f6-3863bb44ef7c,4,0,4,13,1,1770014089,2026-02-02 01:37:00
d946ce73-5487-4ab7-b429-cf873e9af5b5,13,1,12,3,1,1770014089,2026-02-02 01:37:00
afd76a0e-ceb8-4d18-a427-b378c4d07a75,18,3,15,2,1,1770014089,2026-02-02 01:37:00
66db4282-0aca-11e7-82f6-3863bb44ef7c,48,23,25,14,1,1770014085,2026-02-02 01:37:00
c4d6b123-df5a-446d-b0ae-d3c4846565d5,4,2,2,18,1,1770014085,2026-02-02 01:37:00
101c813e-02a8-4b6b-bd5d-981c1ea62019,4,2,2,16,1,1770014085,2026-02-02 01:37:00
66db479e-0aca-11e7-82f6-3863bb44ef7c,10,3,7,24,1,1770014084,2026-02-02 01:37:00
66dbcdfc-0aca-11e7-82f6-3863bb44ef7c,3,2,1,51,1,1770014087,2026-02-02 01:37:00
1848241425697670086,20,0,20,3,1,1770014087,2026-02-02 01:37:00
a724eb92-55ca-4b9f-9a87-c2e87b3cbd40,1,0,1,19,1,1770014086,2026-02-02 01:37:00
1861680889400379678,13,9,4,3,1,1770014087,2026-02-02 01:37:00
66de44ba-0aca-11e7-82f6-3863bb44ef7c,15,3,12,21,1,1770014089,2026-02-02 01:37:00
1893519215751496610,30,0,30,0,1,1770014090,2026-02-02 01:37:00
cd72b9da-b7c6-4785-92b5-0fb2130f0d7b,4,3,1,18,1,1770014093,2026-02-02 01:37:00
380394f7-64fa-4a65-a4d1-7bcaddd41fab,2,0,2,17,1,1770014093,2026-02-02 01:37:00
c29c9178-bcb1-4c0c-b789-f4a89512a4e4,2,0,2,14,1,1770014093,2026-02-02 01:37:00
66de1c33-0aca-11e7-82f6-3863bb44ef7c,10,7,3,23,1,1770014094,2026-02-02 01:37:00
ed5c92f1-3293-4385-9e2b-9b716a096a19,4,4,0,45,1,1770014094,2026-02-02 01:37:00
e666a344-1afb-4512-b2e9-2fc5ed71be2b,9,8,1,10,1,1770014094,2026-02-02 01:37:00
f882ccc8-45aa-426b-aef6-514fe1d3d9cc,18,0,18,4,1,1770014094,2026-02-02 01:37:00
330ee4e3-29cb-48e5-845f-a8ccf1aa2ce6,6,2,4,19,1,1770014094,2026-02-02 01:37:00
1869753340438110380,1,0,1,11,1,1770014094,2026-02-02 01:37:00
1827839088308194240,58,48,10,24,1,1770014090,2026-02-02 01:37:00
66db89a3-0aca-11e7-82f6-3863bb44ef7c,62,2,60,2,1,1770014091,2026-02-02 01:37:00
189f573b-a2d0-40d2-af15-83c5015d93e2,0,0,0,21,1,1770014090,2026-02-02 01:37:00
92a51669-deec-45a9-8494-fafdf6356c51,6,3,3,24,1,1770014091,2026-02-02 01:37:00
1820420022433309054,15,5,10,0,1,1770014091,2026-02-02 01:37:00
426862de-f8f2-4967-ba41-76680a4b460c,0,0,0,18,1,1770014091,2026-02-02 01:37:00
2123939659270367896,4,2,2,9,1,1770014092,2026-02-02 01:37:00
2868db5b-df51-4c36-8515-ef77a5b092c2,10,1,9,3,1,1770014093,2026-02-02 01:37:00
e6f3c665-0c87-4f34-a5e8-69baeed7b7bf,10,6,4,9,1,1770014093,2026-02-02 01:37:00
1848241963446241866,7,5,2,1,1,1770014093,2026-02-02 01:37:00
4543214c-c9d4-4f20-9cd9-dd05cc365931,2,1,1,37,1,1770014093,2026-02-02 01:37:00
1887292564377354448,4,2,2,23,1,1770014092,2026-02-02 01:37:00
2010065065442370322,5,2,3,19,1,1770014091,2026-02-02 01:37:00
b7df61c0-8ead-46cb-9d6e-a6a3011ffb71,3,1,2,21,1,1770014092,2026-02-02 01:37:00
66db3ba0-0aca-11e7-82f6-3863bb44ef7c,57,56,1,8,1,1770014094,2026-02-02 01:37:00
66dd18dd-0aca-11e7-82f6-3863bb44ef7c,13,0,13,11,1,1770014094,2026-02-02 01:37:00
a76299eb-73f7-401c-aa8b-edff9ef003bd,5,3,2,23,1,1770014095,2026-02-02 01:37:00
fac701fb-c433-496e-933b-ea137dbe7fe1,1,1,0,16,1,1770014095,2026-02-02 01:37:00
1958457675193833900,3,2,1,19,1,1770014095,2026-02-02 01:37:00
1835247745828931742,1,1,0,19,1,1770014095,2026-02-02 01:37:00
2132211694027383298,7,1,6,3,1,1770014095,2026-02-02 01:37:00
66dd51e6-0aca-11e7-82f6-3863bb44ef7c,4,4,0,73,1,1770014095,2026-02-02 01:37:00
1786697166576476490,28,18,10,4,1,1770014097,2026-02-02 01:37:00
be435dfd-e859-487c-ae32-3d2b76d49a49,11,0,11,2,1,1770014097,2026-02-02 01:37:00
3f878b81-324e-4673-9221-43d34647e76f,10,0,10,4,1,1770014097,2026-02-02 01:37:00
66dcbf69-0aca-11e7-82f6-3863bb44ef7c,4,2,2,15,1,1770014097,2026-02-02 01:37:00
1828967346753327602,5,0,5,11,1,1770014097,2026-02-02 01:37:00
33c533cd-5f0e-4c15-a00a-6a2bf1e2d077,54,30,23,4,1,1770014097,2026-02-02 01:37:00
1834145868297717964,4,0,4,15,1,1770014099,2026-02-02 01:37:00
01839a78-f228-4706-8f7f-147b857492f2,2,0,2,19,1,1770014099,2026-02-02 01:37:00
2121033322026834516,10,0,10,3,1,1770014099,2026-02-02 01:37:00
7380e377-936d-47d7-8abe-0f666d47465e,0,0,0,20,1,1770014100,2026-02-02 01:37:00
1877920686883352866,8,4,4,0,1,1770014102,2026-02-02 01:37:00
9b4a92ae-cefe-467a-8e35-5ce02d4f3a45,8,1,7,8,1,1770014102,2026-02-02 01:37:00
66de4f9c-0aca-11e7-82f6-3863bb44ef7c,12,2,10,5,1,1770014102,2026-02-02 01:37:00
4168e5a4-c7ec-4045-bfc8-84ac5edbe845,27,17,9,1,1,1770014102,2026-02-02 01:37:00
5e93b806-08e1-4ef9-98ae-d3dda20e0469,0,0,0,18,1,1770014100,2026-02-02 01:37:00
48e7e465-f861-452a-9bf7-7eacd0b2bcac,18,1,17,0,1,1770014101,2026-02-02 01:37:00
ea9a19a6-acea-4286-a723-b5481c90a3c0,13,0,13,0,1,1770014098,2026-02-02 01:37:00
1851254360969534132,0,0,0,22,1,1770014098,2026-02-02 01:37:00
03872f6b-a522-4c41-a4f2-5d0c41779e7b,2,0,2,17,1,1770014098,2026-02-02 01:37:00
2bf9addc-038b-48fe-8794-dde085c5e5dc,14,3,11,28,1,1770014099,2026-02-02 01:37:00
bd30f2a1-38ec-474d-9e36-07f688e87427,12,2,10,4,1,1770014095,2026-02-02 01:37:00
4d674595-187c-417c-a691-676c4446c9fc,9,6,3,3,1,1770014095,2026-02-02 01:37:00
d08be53f-9691-4d6f-81f3-7d052abb7dd6,1,1,0,16,1,1770014095,2026-02-02 01:37:00
1786697932047949952,4,1,3,16,1,1770014097,2026-02-02 01:37:00
dadd2084-d844-46f5-b7a4-128d31eeba8e,0,0,0,17,1,1770014092,2026-02-02 01:37:00
81640d04-c36a-4fb1-98b0-85be10be516c,1,0,1,13,1,1770014092,2026-02-02 01:37:00
9991b75b-a9ba-4abc-bf84-0108291be05a,6,0,6,15,1,1770014093,2026-02-02 01:37:00
0927e331-866f-4d99-99b4-04edde99117a,0,0,0,35,1,1770014112,2026-02-02 01:37:00
fe65853e-b20a-4250-9677-2aa177283b72,10,3,7,8,1,1770014113,2026-02-02 01:37:00
66db5e6a-0aca-11e7-82f6-3863bb44ef7c,4,2,2,14,1,1770014113,2026-02-02 01:37:00
1841926579628419438,0,0,0,17,1,1770014113,2026-02-02 01:37:00
fea72f55-d296-47af-9446-149688dcccbd,1,0,1,17,1,1770014113,2026-02-02 01:37:00
01b7973e-c92e-4fbe-890e-2c24de33ce0e,3,0,3,12,1,1770014113,2026-02-02 01:37:00
66dc7de9-0aca-11e7-82f6-3863bb44ef7c,18,9,9,91,1,1770014113,2026-02-02 01:37:00
8f1fdf4b-ecca-4f03-b04c-e10fe596e2c7,3,0,3,21,1,1770014109,2026-02-02 01:37:00
1804894168423871442,13,0,13,9,1,1770014109,2026-02-02 01:37:00
1836581441921155232,3,1,2,11,1,1770014110,2026-02-02 01:37:00
66dc82ef-0aca-11e7-82f6-3863bb44ef7c,15,3,12,40,1,1770014109,2026-02-02 01:37:00
bdcbd89b-9ae0-461b-aa1d-7db7ead07400,19,0,19,1,1,1770014110,2026-02-02 01:37:00
22e38a04-e70d-4484-bbf3-f6e8c64fdbd4,8,2,6,12,1,1770014111,2026-02-02 01:37:00
1860189190334925058,3,1,2,16,1,1770014111,2026-02-02 01:37:00
b7c6ce96-a24d-4c1e-93ee-6f49c1adf119,5,0,5,10,1,1770014111,2026-02-02 01:37:00
f06c01c3-fd7f-443c-a0c7-fc9233d77f6a,1,1,0,20,1,1770014111,2026-02-02 01:37:00
145bbc0d-8976-45ae-9565-158ba564d3d1,18,0,18,2,1,1770014111,2026-02-02 01:37:00
1838685618105506490,0,0,0,18,1,1770014111,2026-02-02 01:37:00
1814900752968579218,12,0,12,8,1,1770014115,2026-02-02 01:37:00
66dc8768-0aca-11e7-82f6-3863bb44ef7c,8,5,3,32,1,1770014115,2026-02-02 01:37:00
0ebdda6a-37e4-4ff4-94e8-3947f49d8e24,7,0,7,9,1,1770014115,2026-02-02 01:37:00
b9deb521-41b6-4f8a-ac78-0e58e3977f2c,4,0,4,21,1,1770014115,2026-02-02 01:37:00
5d994b32-b7a5-450d-9bbb-93bf3b03e6d5,1,1,0,15,1,1770014115,2026-02-02 01:37:00
aa0e6301-4162-428d-8943-7b684089b0d1,5,0,5,12,1,1770014116,2026-02-02 01:37:00
66db6889-0aca-11e7-82f6-3863bb44ef7c,11,3,8,19,1,1770014116,2026-02-02 01:37:00
3bf69f3e-23f6-4abe-b5fe-dabe6b0ea066,4,2,2,16,1,1770014114,2026-02-02 01:37:00
66db3708-0aca-11e7-82f6-3863bb44ef7c,28,4,24,3,1,1770014114,2026-02-02 01:37:00
94771406-6712-4508-9392-11e9d90e1185,10,3,7,2,1,1770014113,2026-02-02 01:37:00
2436e886-dc53-47cb-8733-d663f9dcd922,3,0,3,14,1,1770014114,2026-02-02 01:37:00
52e81f02-b1f9-45d6-9e5c-e15277de1268,4,0,4,18,1,1770014114,2026-02-02 01:37:00
66dc48ef-0aca-11e7-82f6-3863bb44ef7c,7,7,0,48,1,1770014112,2026-02-02 01:37:00
a1112e04-bc50-4782-b3d6-bb5902c0e8db,5,3,2,15,1,1770014112,2026-02-02 01:37:00
c530a1cb-7c60-4651-be8a-9bfa5eb43f8a,6,0,6,18,1,1770014112,2026-02-02 01:37:00
1815967051912860522,27,2,25,1,1,1770014113,2026-02-02 01:37:00
7a15d81b-357e-42e0-b208-93ffd562fd63,5,3,2,20,1,1770014110,2026-02-02 01:37:00
7f6674c4-5568-4766-b172-0385348ae184,3,2,1,15,1,1770014110,2026-02-02 01:37:00
1880643497376459348,11,8,3,10,1,1770014106,2026-02-02 01:37:00
79399e32-a6c6-4732-8ad4-9f9140a86b21,9,3,6,9,1,1770014106,2026-02-02 01:37:00
2124425670552673214,1,0,1,11,1,1770014106,2026-02-02 01:37:00
1202a491-9f76-4609-9b5c-eb7723ab5b45,3,0,3,8,1,1770014106,2026-02-02 01:37:00
66de3fde-0aca-11e7-82f6-3863bb44ef7c,3,3,0,22,1,1770014107,2026-02-02 01:37:00
2018303498843153278,14,6,8,9,1,1770014103,2026-02-02 01:37:00
66db65aa-0aca-11e7-82f6-3863bb44ef7c,48,19,29,14,1,1770014103,2026-02-02 01:37:00
1828964993433043090,14,1,13,4,1,1770014103,2026-02-02 01:37:00
a958a8af-a0cc-4bca-9114-93c74ce3c693,4,1,3,18,1,1770014104,2026-02-02 01:37:00
66de0bcb-0aca-11e7-82f6-3863bb44ef7c,7,1,6,42,1,1770014103,2026-02-02 01:37:00
785b3e6b-dab5-4d25-afab-e2a1ef918669,3,2,1,20,1,1770014104,2026-02-02 01:37:00
31f340f3-3201-449e-b017-a26813aa448f,1,1,0,18,1,1770014104,2026-02-02 01:37:00
2121032035614514006,5,0,5,1,1,1770014101,2026-02-02 01:37:00
66dd20eb-0aca-11e7-82f6-3863bb44ef7c,1,0,1,30,1,1770014101,2026-02-02 01:37:00
f54ad1f8-fe58-49ac-82ae-b742aec66829,49,43,6,22,1,1770014101,2026-02-02 01:37:00
9ac5758f-0419-4e28-8387-6bcd28db17fa,5,0,5,8,1,1770014101,2026-02-02 01:37:00
1845677022981917240,4,0,4,11,1,1770014101,2026-02-02 01:37:00
4d4a3e7b-1005-4bfd-8680-340a20cacbee,17,2,15,1,1,1770014101,2026-02-02 01:37:00
66dccad8-0aca-11e7-82f6-3863bb44ef7c,2,2,0,16,1,1770014101,2026-02-02 01:37:00
bb07a569-cc74-439e-b424-916c0304f136,9,4,4,21,1,1770014101,2026-02-02 01:37:00
8ef6ec7d-e898-4edc-8f3f-af888f8c5ef4,3,0,3,17,1,1770014102,2026-02-02 01:37:00
e73cf71b-db05-44f9-b57a-689d65320d68,1,0,1,27,1,1770014102,2026-02-02 01:37:00
0c923abb-298a-4a47-b132-9fae73cc59e6,18,3,15,6,1,1770014108,2026-02-02 01:37:00
66ddb6d9-0aca-11e7-82f6-3863bb44ef7c,47,13,34,13,1,1770014108,2026-02-02 01:37:00
66de269c-0aca-11e7-82f6-3863bb44ef7c,12,11,1,17,1,1770014109,2026-02-02 01:37:00
18326827-dcae-47e0-8518-c4bb9e21eef6,28,1,27,0,1,1770014109,2026-02-02 01:37:00
2121032193446634360,5,1,4,4,1,1770014105,2026-02-02 01:37:00
66de1368-0aca-11e7-82f6-3863bb44ef7c,28,7,21,4,1,1770014105,2026-02-02 01:37:00
2b33334b-243c-4a16-a6d2-32304c8884f1,1,1,0,15,1,1770014105,2026-02-02 01:37:00
6ca15d94-897a-4c81-ab47-366829afb7c4,6,0,6,16,1,1770014105,2026-02-02 01:37:00
db91c9e0-d80b-4cb4-9cc2-9453ec8fbeac,3,1,2,13,1,1770014106,2026-02-02 01:37:00
c8060816-b4aa-4fd9-bc66-af28bf61dc87,0,0,0,21,1,1770014106,2026-02-02 01:37:00
3db2fa34-0b56-4644-9ae9-bbee1583e717,6,0,6,16,1,1770014106,2026-02-02 01:37:00
9b721468-3b28-429d-9e13-580cdf00a6a4,15,1,14,2,1,1770014107,2026-02-02 01:37:00
66dcf023-0aca-11e7-82f6-3863bb44ef7c,11,7,4,8,1,1770014108,2026-02-02 01:37:00
0197e9da-ae03-40a7-8270-fe500bfc9e18,2,1,1,13,1,1770014104,2026-02-02 01:37:00
d52d4171-fd60-4a28-b7e2-89f3693e0591,8,0,8,6,1,1770014104,2026-02-02 01:37:00
66dbca0f-0aca-11e7-82f6-3863bb44ef7c,34,28,6,11,1,1770014104,2026-02-02 01:37:00
956de8aa-9e06-4efb-8eb0-35fe9b274a48,11,11,0,7,1,1770014104,2026-02-02 01:37:00
1862759079900600428,1,1,0,15,1,1770014105,2026-02-02 01:37:00
66dbcf18-0aca-11e7-82f6-3863bb44ef7c,46,1,45,12,1,1770014107,2026-02-02 01:37:00
1a5eae13-8f27-4875-8330-a796c95f8ad6,0,0,0,17,1,1770014107,2026-02-02 01:37:00
1945125910957847430,8,0,8,4,1,1770014116,2026-02-02 01:37:00
c0a3b8fe-ba64-4cbb-b010-f760998d6c3a,2,1,1,15,1,1770014116,2026-02-02 01:37:00
66de103b-0aca-11e7-82f6-3863bb44ef7c,4,0,4,17,1,1770014116,2026-02-02 01:37:00
1947001743402778700,2,2,0,21,1,1770014116,2026-02-02 01:37:00
d8e02e7b-632b-4fbe-95b9-80efa47473e3,2,2,0,17,1,1770014116,2026-02-02 01:37:00
36025f2c-ee4d-4c1a-832d-733cf37f98ef,1,1,0,26,1,1770014117,2026-02-02 01:37:00
a37bd0e0-d1e9-4302-9ff7-286e415aff1c,13,2,11,1,1,1770014117,2026-02-02 01:37:00
6ae35aa8-644e-4b2c-b6a4-6570192f78ab,16,1,15,13,1,1770014117,2026-02-02 01:37:00
b7d7543b-74ac-4a48-a3c4-412f9ffbc727,8,0,8,14,1,1770014118,2026-02-02 01:37:00
e2fc6d90-8deb-4e21-961d-9d5208c1f986,17,2,15,4,1,1770014118,2026-02-02 01:37:00
8f72fe26-98aa-4e87-a612-9ae0eb1d9a38,9,0,9,5,1,1770014118,2026-02-02 01:37:00
40eaa69a-d3ab-48fc-b395-b5bdc6a1aa85,7,2,5,13,1,1770014118,2026-02-02 01:37:00
2123939077451327830,6,2,4,4,1,1770014118,2026-02-02 01:37:00
66db7a0d-0aca-11e7-82f6-3863bb44ef7c,24,11,13,12,1,1770014118,2026-02-02 01:37:00
2124426189188761638,6,5,1,1,1,1770014118,2026-02-02 01:37:00
c45aa693-fedd-478f-ade9-bf176c4e32ff,10,1,9,7,1,1770014118,2026-02-02 01:37:00
66dd43bd-0aca-11e7-82f6-3863bb44ef7c,6,1,5,31,1,1770014119,2026-02-02 01:37:00
daefc84c-1b16-4220-8e1f-10ea4866fdc7,50,40,10,47,1,1770014119,2026-02-02 01:37:00
66dc864c-0aca-11e7-82f6-3863bb44ef7c,8,0,8,18,1,1770014118,2026-02-02 01:37:00
2127386446510160022,0,0,0,18,0,1769917907,2026-02-02 01:37:00
66ddede1-0aca-11e7-82f6-3863bb44ef7c,0,0,0,7,0,1769979920,2026-02-02 01:37:00
1840540966407039246,0,0,0,1,0,1769788119,2026-02-02 01:37:00
550153a5-2ea1-4c76-b1cd-77667005f55d,0,0,0,11,0,1769774525,2026-02-02 01:37:00
a1acdab2-29c7-4956-8b2e-24b39dc2ff13,0,0,0,42,0,1769853848,2026-02-02 01:37:00
1846085626867634660,0,0,0,16,0,1769996974,2026-02-02 01:37:00
66dd4b91-0aca-11e7-82f6-3863bb44ef7c,0,0,0,22,0,1770006308,2026-02-02 01:37:00
66de2a00-0aca-11e7-82f6-3863bb44ef7c,1,0,0,8,0,1769960975,2026-02-02 01:37:00
66dbc60f-0aca-11e7-82f6-3863bb44ef7c,0,0,0,0,0,1769871706,2026-02-02 01:37:00
2137774972219769002,3,0,3,2,1,1770013956,2026-02-02 01:37:00
66dc7a7d-0aca-11e7-82f6-3863bb44ef7c,0,0,0,0,0,1760532172,2026-02-02 01:37:00
66db473c-0aca-11e7-82f6-3863bb44ef7c,0,0,0,3,0,1768246235,2026-02-02 01:37:00
dc8223ad-4108-40a8-9ff5-35e8490b4077,0,0,0,0,0,86400,2026-02-02 01:37:00
2004153375425087884,0,0,0,0,0,86400,2026-02-02 01:37:00
2171904090179944948,0,0,0,0,0,86400,2026-02-02 01:37:00
2177013822218302292,0,0,0,0,0,86400,2026-02-02 01:37:00
2177013981286744096,0,0,0,0,0,86400,2026-02-02 01:37:00
2177017749848514898,0,0,0,0,0,86400,2026-02-02 01:37:00
2177016343889563330,0,0,0,0,0,86400,2026-02-02 01:37:00
2177016064191230822,0,0,0,0,0,86400,2026-02-02 01:37:00
2171902875345687974,0,0,0,0,0,86400,2026-02-02 01:37:00
2171902770580328596,0,0,0,0,0,86400,2026-02-02 01:37:00
66db8d89-0aca-11e7-82f6-3863bb44ef7c,0,0,0,14,0,1769998621,2026-02-02 01:37:00
1932126716328112534,0,0,0,1,0,1769946919,2026-02-02 01:37:00
66dcbe7c-0aca-11e7-82f6-3863bb44ef7c,0,0,0,13,0,1769844461,2026-02-02 01:37:00
6076e321-85d8-4e0e-ae18-86bb8cbbda1b,0,0,0,1,0,1769992661,2026-02-02 01:37:00
45e8c326-b12d-4be6-b040-bb6de9986d25,0,0,0,6,0,1769806128,2026-02-02 01:37:00
bc346753-b68a-4cb3-b93f-b0be68227eae,5,2,3,16,1,1770014000,2026-02-02 01:37:00
66de65a4-0aca-11e7-82f6-3863bb44ef7c,1,0,1,17,1,1770014000,2026-02-02 01:37:00
1838070776953752336,3,2,1,18,1,1770014000,2026-02-02 01:37:00
1893542109140147108,11,2,9,4,1,1770014000,2026-02-02 01:37:00
1869439561831725810,3,0,3,18,1,1770014001,2026-02-02 01:37:00
66dc21d4-0aca-11e7-82f6-3863bb44ef7c,7,4,3,24,1,1770014000,2026-02-02 01:37:00
66dde197-0aca-11e7-82f6-3863bb44ef7c,0,0,0,34,0,1769999372,2026-02-02 01:37:00
66dc2238-0aca-11e7-82f6-3863bb44ef7c,5,2,3,71,1,1770013998,2026-02-02 01:37:00
3d339282-d5c7-41ec-b634-6a988aefd440,3,1,2,12,1,1770013998,2026-02-02 01:37:00
62089e99-7f73-4f59-816d-57f9793484a1,11,0,11,1,1,1770014003,2026-02-02 01:37:00
42032bf9-4599-4035-bc01-c80bec1a7122,3,2,1,17,1,1770014004,2026-02-02 01:37:00
1947367330341251364,0,0,0,19,1,1770014001,2026-02-02 01:37:00
1843486464469891376,2,1,1,15,1,1770014007,2026-02-02 01:37:00
1786696384892428996,5,2,3,15,1,1770014002,2026-02-02 01:37:00
66dd1585-0aca-11e7-82f6-3863bb44ef7c,36,3,33,0,1,1770014002,2026-02-02 01:37:00
ce95fbdd-b7d2-46fc-910d-5c170e4b7610,1,1,0,17,1,1770014002,2026-02-02 01:37:00
361dd964-db79-47dd-b044-eac88c735249,2,1,1,18,1,1770014004,2026-02-02 01:37:00
d1138533-504c-4d29-b71c-299e1d31f159,19,1,18,13,1,1770014005,2026-02-02 01:37:00
66dbeded-0aca-11e7-82f6-3863bb44ef7c,1,1,0,15,1,1770014005,2026-02-02 01:37:00
53e30d38-a110-42b4-a8f9-ca801a847ac7,36,17,19,2,1,1770014004,2026-02-02 01:37:00
2124382079594320876,5,3,2,5,1,1770014004,2026-02-02 01:37:00
4bbf50a9-47c2-4a32-97c2-1f6bc4f9d401,19,0,19,10,1,1770014008,2026-02-02 01:37:00
66dd546c-0aca-11e7-82f6-3863bb44ef7c,7,0,7,10,1,1770014012,2026-02-02 01:37:00
e8df73bd-5d3d-47c9-b04d-bcec4db5540f,41,6,35,12,1,1770014011,2026-02-02 01:37:00
a8560d28-9ee1-4af4-9180-7e9c4dd0d147,9,0,9,7,1,1770014008,2026-02-02 01:37:00
1841240663447542046,2,1,1,13,1,1770014009,2026-02-02 01:37:00
66db40ef-0aca-11e7-82f6-3863bb44ef7c,34,23,11,6,1,1770014010,2026-02-02 01:37:00
66de482a-0aca-11e7-82f6-3863bb44ef7c,6,0,6,5,1,1770014017,2026-02-02 01:37:00
8d097a6d-f17c-4195-9dd4-42527b371c71,51,41,10,6,1,1770014018,2026-02-02 01:37:00
1796642668661690940,19,2,17,0,1,1770014017,2026-02-02 01:37:00
2576805f-9732-4c74-8f1d-57715e8cdfa2,1,1,0,27,1,1770014018,2026-02-02 01:37:00
4034789e-b70d-4aae-bf18-3ed37a4d751f,15,5,10,4,1,1770014016,2026-02-02 01:37:00
66db64d1-0aca-11e7-82f6-3863bb44ef7c,9,2,7,7,1,1770014017,2026-02-02 01:37:00
c066c90a-efb1-4f8b-aa15-38ba4edd4ebc,2,1,1,14,1,1770014018,2026-02-02 01:37:00
ca4795a2-6ab3-4597-bf59-f0155ac1637c,21,0,21,43,1,1770014019,2026-02-02 01:37:00
9c1c3499-1b11-471f-b59a-87d9e27e15c5,16,6,10,1,1,1770014019,2026-02-02 01:37:00
7603028c-8b04-4918-8a25-a087ce57aea4,16,1,15,13,1,1770014015,2026-02-02 01:37:00
b516fedb-3ced-4683-8c17-7e5f6dadf04d,18,0,18,11,1,1770014016,2026-02-02 01:37:00
1828968794479100296,8,1,7,8,1,1770014015,2026-02-02 01:37:00
66de5613-0aca-11e7-82f6-3863bb44ef7c,52,2,50,12,1,1770014016,2026-02-02 01:37:00
fd081854-3f37-420a-9785-ea63c09c12ad,0,0,0,19,1,1770014021,2026-02-02 01:37:00
5c3c345d-1975-400d-a9d8-18815816886e,0,0,0,19,0,1769998464,2026-02-02 01:37:00
cc834d78-6eca-450a-ae00-a5ffc6f1a7a6,14,0,14,0,1,1770014021,2026-02-02 01:37:00
f001fac9-5f19-451e-a752-afde574a8c81,0,0,0,16,1,1770014022,2026-02-02 01:37:00
afc79a38-e26d-48f7-94e4-d0aca8fd1c49,2,1,1,14,1,1770014022,2026-02-02 01:37:00
90c35466-db3c-4b0d-993e-6e92883773b4,62,47,15,3,1,1770014023,2026-02-02 01:37:00
141eb0e0-e78d-411a-a0be-202a6424cc93,17,1,16,5,1,1770014022,2026-02-02 01:37:00
3863f086-ae35-4d0e-8c91-2b6e3e5827a1,21,6,15,11,1,1770014023,2026-02-02 01:37:00
625711ba-3b5d-46a7-a8f9-7f4eb17ec1be,7,1,6,15,1,1770014024,2026-02-02 01:37:00
66dc2bc5-0aca-11e7-82f6-3863bb44ef7c,4,2,2,103,1,1770014025,2026-02-02 01:37:00
61647ec6-dfd6-4d1c-8800-d488d390c627,26,17,9,4,1,1770014025,2026-02-02 01:37:00
74feba30-26a5-4949-b3a0-d6e13ba1a20c,0,0,0,17,1,1770014025,2026-02-02 01:37:00
18846fd4-877c-4971-9b6f-1bd8fbc10346,3,1,2,16,1,1770014019,2026-02-02 01:37:00
e780c290-0c52-4ab1-9719-a581be789df3,0,0,0,13,1,1770014024,2026-02-02 01:37:00
82dd89f6-1e5a-4a8f-8660-13cb64349e94,6,0,6,11,1,1770014028,2026-02-02 01:37:00
2126621966735272262,4,0,4,4,1,1770013982,2026-02-02 01:37:00
66db7a71-0aca-11e7-82f6-3863bb44ef7c,4,4,0,32,1,1770014028,2026-02-02 01:37:00
88ee054e-bdeb-4305-8f3b-76eb964f2c84,1,0,1,12,1,1770014028,2026-02-02 01:37:00
1854538169357726138,0,0,0,17,1,1770014026,2026-02-02 01:37:00
1885442082749874736,3,2,1,15,1,1770014027,2026-02-02 01:37:00
dc34ba4c-d8e5-4674-a02e-210c950c05c1,0,0,0,24,1,1770014026,2026-02-02 01:37:00
66dd4b2b-0aca-11e7-82f6-3863bb44ef7c,0,0,0,45,1,1770014026,2026-02-02 01:37:00
1860189813948384088,8,2,6,9,1,1770014026,2026-02-02 01:37:00
66dc192f-0aca-11e7-82f6-3863bb44ef7c,17,3,14,4,1,1770014026,2026-02-02 01:37:00
1815968026870435892,7,5,2,11,1,1770014028,2026-02-02 01:37:00
8b1222da-612f-4482-ab34-9467c4ed28e3,6,0,6,13,1,1770014029,2026-02-02 01:37:00
d9ea5210-50b3-4342-9801-f896bd21f4a1,0,0,0,22,1,1770014030,2026-02-02 01:37:00
fda0c217-9504-4b26-8a25-e40b603ee5fa,1,1,0,14,1,1770014028,2026-02-02 01:37:00
1875672501601550456,6,0,6,11,1,1770014040,2026-02-02 01:37:00
66dea894-0aca-11e7-82f6-3863bb44ef7c,33,22,11,2,1,1770014039,2026-02-02 01:37:00
66de08c9-0aca-11e7-82f6-3863bb44ef7c,7,0,7,12,1,1770014040,2026-02-02 01:37:00
062ffe5a-aa91-412d-8210-23d562c7e7f8,0,0,0,19,1,1770014035,2026-02-02 01:37:00
e5b2a7ce-d867-465b-8446-743e00617068,3,1,2,16,1,1770014035,2026-02-02 01:37:00
d34f2271-10ee-40c3-a93a-09df58860512,5,2,3,8,1,1770014035,2026-02-02 01:37:00
1884688942632618210,4,4,0,19,1,1770014036,2026-02-02 01:37:00
d6834194-029d-4e2d-83b0-ee78ab5acda2,8,2,6,4,1,1770014036,2026-02-02 01:37:00
1846086665080867236,8,1,7,8,1,1770014041,2026-02-02 01:37:00
1828965671716082498,11,2,9,4,1,1770014041,2026-02-02 01:37:00
66de5e5b-0aca-11e7-82f6-3863bb44ef7c,0,0,0,38,1,1770014039,2026-02-02 01:37:00
063e7e78-b810-4a2f-8045-a82a0d69d752,11,3,8,31,1,1770014039,2026-02-02 01:37:00
284b08f2-3d26-4f52-9463-25e4a07c16f7,6,1,5,20,1,1770014037,2026-02-02 01:37:00
66ddee56-0aca-11e7-82f6-3863bb44ef7c,7,5,2,3,1,1770014038,2026-02-02 01:37:00
085da8d4-9465-46f0-82d1-10c9c9177d64,3,2,1,15,1,1770014038,2026-02-02 01:37:00
66dce5c9-0aca-11e7-82f6-3863bb44ef7c,10,2,8,8,1,1770014030,2026-02-02 01:37:00
594b4656-9d83-4301-8967-3b92c126531c,8,2,6,14,1,1770014030,2026-02-02 01:37:00
66dea674-0aca-11e7-82f6-3863bb44ef7c,7,5,2,11,1,1770014030,2026-02-02 01:37:00
203d7b9a-8666-4af1-81c7-f9fc36aa0952,0,0,0,16,1,1770014030,2026-02-02 01:37:00
1861271680294357158,1,1,0,21,1,1770014035,2026-02-02 01:37:00
e612122d-e0fd-4ebf-8d51-0f48f9d1b580,14,0,14,2,1,1770014032,2026-02-02 01:37:00
66de2b97-0aca-11e7-82f6-3863bb44ef7c,16,9,7,13,1,1770014033,2026-02-02 01:37:00
1786375069262703476,7,1,6,13,1,1770014032,2026-02-02 01:37:00
66dde845-0aca-11e7-82f6-3863bb44ef7c,15,15,0,14,1,1770014031,2026-02-02 01:37:00
df243d7f-e6ae-435c-9895-aecbcff9cada,18,11,7,9,1,1770014049,2026-02-02 01:37:00
1861682702044957494,2,2,0,12,1,1770014049,2026-02-02 01:37:00
ca4e4962-2169-4559-8f60-b05ab7809750,7,1,6,12,1,1770014049,2026-02-02 01:37:00
28be450b-7878-4495-add2-61afd94f375a,8,2,6,5,1,1770014052,2026-02-02 01:37:00
59ad8f95-32a4-43de-b1c3-79c667b2d2df,0,0,0,27,1,1770014051,2026-02-02 01:37:00
648e09b6-95c2-40d3-9dac-a43f22eccf38,2,1,1,22,1,1770014052,2026-02-02 01:37:00
4eb6d6a8-ecc1-4e89-a586-4f96ed3d83e1,1,1,0,24,1,1770014052,2026-02-02 01:37:00
9a52fbc1-d87a-4a65-941d-12fd55dbcdde,15,1,14,1,1,1770014052,2026-02-02 01:37:00
59e3766c-0629-4ff1-a1d9-bc0514a55487,4,1,3,18,1,1770014050,2026-02-02 01:37:00
1e6c5d0c-f406-4b60-88f6-6284a38d3930,2,0,2,14,1,1770014048,2026-02-02 01:37:00
1828969515711812276,6,0,6,2,1,1770014048,2026-02-02 01:37:00
2f656bc4-7743-4326-8330-a22bd41d9d17,10,4,6,19,1,1770014049,2026-02-02 01:37:00
db41cc62-86ea-4421-bfaf-9b6511cfee10,0,0,0,30,1,1770014051,2026-02-02 01:37:00
66de2556-0aca-11e7-82f6-3863bb44ef7c,34,25,9,29,1,1770014049,2026-02-02 01:37:00
1875433315773395778,6,3,3,24,1,1770014049,2026-02-02 01:37:00
ad17bd9a-735b-4a11-8ad3-dc7800e342af,12,3,9,12,1,1770014052,2026-02-02 01:37:00
3c8847a6-c12a-40fd-9b22-4582ac1a0d9d,12,12,0,9,1,1770014053,2026-02-02 01:37:00
cd118a8f-a7d1-4b7a-a6d3-d9e875cb29df,12,8,4,9,1,1770014069,2026-02-02 01:37:00
a3e2b360-f050-48ea-b8c8-57d897b8f7fc,3,3,0,13,1,1770014070,2026-02-02 01:37:00
2022386456542683974,22,1,21,9,1,1770014070,2026-02-02 01:37:00
66db2fd0-0aca-11e7-82f6-3863bb44ef7c,9,2,7,20,1,1770014070,2026-02-02 01:37:00
66db34fc-0aca-11e7-82f6-3863bb44ef7c,1,0,1,31,1,1770014070,2026-02-02 01:37:00
844c68cc-19f0-474a-86d3-4af170117aae,4,4,0,13,1,1770014070,2026-02-02 01:37:00
3c6c0d12-80dd-4c49-b7c5-e3549588b8cf,11,2,9,10,1,1770014068,2026-02-02 01:37:00
66dbb869-0aca-11e7-82f6-3863bb44ef7c,7,4,3,10,1,1770014068,2026-02-02 01:37:00
66dcbbfe-0aca-11e7-82f6-3863bb44ef7c,2,1,1,9,1,1770014068,2026-02-02 01:37:00
40fd82d6-c0e9-4876-adfb-816140ecfc39,8,3,5,9,1,1770014068,2026-02-02 01:37:00
4b67c6e0-d603-4fbc-afbe-0b8952f4f7af,14,0,14,14,1,1770014068,2026-02-02 01:37:00
9092515e-eef6-478f-910f-1cd19d06bebb,12,0,12,18,1,1770014068,2026-02-02 01:37:00
e0b80983-c520-47e3-9c8d-a17fff5e5582,14,0,14,3,1,1770014068,2026-02-02 01:37:00
be8e6f1c-e8b5-40bd-896d-423052ba3bbc,6,3,3,10,1,1770014067,2026-02-02 01:37:00
66dd448f-0aca-11e7-82f6-3863bb44ef7c,15,14,1,18,1,1770014066,2026-02-02 01:37:00
1057229c-f8f8-4014-80cd-f40421c61cf0,8,7,1,9,1,1770014067,2026-02-02 01:37:00
66de4078-0aca-11e7-82f6-3863bb44ef7c,4,2,2,11,1,1770014067,2026-02-02 01:37:00
3eed817a-63e5-424b-8ed3-c809db5488f7,43,16,27,3,1,1770014067,2026-02-02 01:37:00
9d95a4a9-bcfe-4189-bb7d-abd9992ecbaf,1,1,0,12,1,1770014071,2026-02-02 01:37:00
821b19c1-ab13-4482-9580-770288a377a7,8,6,2,28,1,1770014071,2026-02-02 01:37:00
1861681121800951962,14,3,11,4,1,1770014071,2026-02-02 01:37:00
a58ff2e3-a5ae-4070-a26d-ddfe8cc6fc58,20,17,3,1,1,1770014071,2026-02-02 01:37:00
1836581534415880440,0,0,0,25,1,1770014071,2026-02-02 01:37:00
c809158b-ca8f-4a77-a800-8ee9d287c056,1,0,1,17,1,1770014069,2026-02-02 01:37:00
66de5ace-0aca-11e7-82f6-3863bb44ef7c,11,1,10,7,1,1770014069,2026-02-02 01:37:00
d8673258-9513-4ed2-86bf-bef62e7e4e30,6,6,0,8,1,1770014069,2026-02-02 01:37:00
66de48f9-0aca-11e7-82f6-3863bb44ef7c,13,0,13,6,1,1770014069,2026-02-02 01:37:00
c0c6a931-c1d3-4202-a433-c4127a4cd846,0,0,0,19,1,1770014069,2026-02-02 01:37:00
66db402c-0aca-11e7-82f6-3863bb44ef7c,42,16,26,32,1,1770014066,2026-02-02 01:37:00
dfad8e49-7e1b-4376-90b4-7a449319f294,3,1,2,17,1,1770014066,2026-02-02 01:37:00
1318e05a-2506-43c6-b49d-4c1f7f69a267,5,1,4,6,1,1770014066,2026-02-02 01:37:00
1893622839585237496,19,14,5,45,1,1770014069,2026-02-02 01:37:00
3e9e50cc-f336-439f-bd0b-dec5499c038d,16,13,3,12,1,1770014069,2026-02-02 01:37:00
1d167807-0aa8-413a-b7a0-01c2ca8a6a60,5,1,4,7,1,1770014070,2026-02-02 01:37:00
2026068766494475116,4,1,3,19,1,1770014073,2026-02-02 01:37:00
2c321ea3-e1dd-4d32-be70-bd158fe1f568,4,3,1,71,1,1770014073,2026-02-02 01:37:00
d3433b47-99a7-4b21-9fa7-d7052bb5c23b,2,0,2,13,1,1770014073,2026-02-02 01:37:00
5736cd70-be41-483e-8d82-721874f40e6e,3,1,2,15,1,1770014075,2026-02-02 01:37:00
1846085927885781554,6,1,5,11,1,1770014072,2026-02-02 01:37:00
61bc2467-aa8c-4386-ba9e-3f01120bd6b8,8,3,5,8,1,1770014073,2026-02-02 01:37:00
66de4594-0aca-11e7-82f6-3863bb44ef7c,8,4,4,12,1,1770014073,2026-02-02 01:37:00
66dcfaf6-0aca-11e7-82f6-3863bb44ef7c,9,5,4,2,1,1770014073,2026-02-02 01:37:00
66db7637-0aca-11e7-82f6-3863bb44ef7c,18,11,7,20,1,1770014073,2026-02-02 01:37:00
1869753812884512816,3,2,1,15,1,1770014075,2026-02-02 01:37:00
eafa19ed-88c2-4efc-bd73-3961f85b6063,19,16,2,9,1,1770014075,2026-02-02 01:37:00
66dbbc4a-0aca-11e7-82f6-3863bb44ef7c,8,4,4,12,1,1770014074,2026-02-02 01:37:00
66dc259a-0aca-11e7-82f6-3863bb44ef7c,6,5,1,74,1,1770014072,2026-02-02 01:37:00
1856766912456610780,0,0,0,20,1,1770014073,2026-02-02 01:37:00
66dcc047-0aca-11e7-82f6-3863bb44ef7c,5,1,4,13,1,1770014072,2026-02-02 01:37:00
cc758f1a-8b28-4ff5-bc75-fbe62c453378,2,2,0,19,1,1770014097,2026-02-02 01:37:00
36b55a0f-e55d-4849-859a-09b3273fb782,8,0,8,8,1,1770014097,2026-02-02 01:37:00
1860187181307969634,15,0,15,3,1,1770014100,2026-02-02 01:37:00
66ddeffd-0aca-11e7-82f6-3863bb44ef7c,4,1,3,14,1,1770014100,2026-02-02 01:37:00
1903998756008763590,8,4,4,42,1,1770014100,2026-02-02 01:37:00
db29242d-6ff3-4e22-85fe-45fa3d03ec39,1,1,0,18,1,1770014101,2026-02-02 01:37:00
66de867e-0aca-11e7-82f6-3863bb44ef7c,9,3,6,20,1,1770014101,2026-02-02 01:37:00
9ea2afff-a146-4824-89b6-39d5bdfac795,13,12,1,0,1,1770014101,2026-02-02 01:37:00
66de5095-0aca-11e7-82f6-3863bb44ef7c,3,1,2,12,1,1770014101,2026-02-02 01:37:00
66dd2208-0aca-11e7-82f6-3863bb44ef7c,3,2,1,35,1,1770014101,2026-02-02 01:37:00
2123940148896639644,4,2,2,0,1,1770014102,2026-02-02 01:37:00
901cab1a-a77e-424e-b602-16883e792f93,6,1,5,12,1,1770014102,2026-02-02 01:37:00
a4bb6fac-b795-4aa7-a266-613419019290,1,0,1,16,1,1770014098,2026-02-02 01:37:00
78b4aa30-e4e9-4447-9419-c89f8527892e,1,1,0,18,1,1770014098,2026-02-02 01:37:00
fa14408f-6e88-4668-86ee-ce10ea707f36,43,9,34,17,1,1770014098,2026-02-02 01:37:00
67f60e7e-397a-4e47-b7f9-d10bd67133b3,9,7,2,40,1,1770014098,2026-02-02 01:37:00
66de5773-0aca-11e7-82f6-3863bb44ef7c,7,0,7,9,1,1770014099,2026-02-02 01:37:00
1786697003367719132,0,0,0,0,1,1770014099,2026-02-02 01:37:00
66db2d2b-0aca-11e7-82f6-3863bb44ef7c,21,11,10,12,1,1770014098,2026-02-02 01:37:00
2143247416766638978,4,1,3,37,1,1770014100,2026-02-02 01:37:00
a2f71eea-05a2-4fe7-99ab-f74535c880ae,0,0,0,16,1,1770014100,2026-02-02 01:37:00
66dbc551-0aca-11e7-82f6-3863bb44ef7c,10,4,6,37,1,1770014100,2026-02-02 01:37:00
dad3b7df-ec40-4d54-bfdb-5e82be84d742,2,1,1,18,1,1770014099,2026-02-02 01:37:00
ecc52c52-e2d9-4e73-8f9c-18ad8e9b0606,8,0,8,14,1,1770014100,2026-02-02 01:37:00
002e6e9f-ced2-47b0-bc7e-ccf38c3b4b0f,3,0,3,15,1,1770014101,2026-02-02 01:37:00
e2b28abd-07a4-4552-ad17-abf155aff28a,0,0,0,20,1,1770014105,2026-02-02 01:37:00
c46a2889-258b-4fc5-a452-1d4e7dfe683a,1,0,1,15,1,1770014105,2026-02-02 01:37:00
2144768975813378884,0,0,0,16,1,1770014106,2026-02-02 01:37:00
b506be9e-45d3-43d1-a262-27d8fa91e974,5,2,3,17,1,1770014106,2026-02-02 01:37:00
0dc63044-e19c-474d-9df1-c3e504d03b07,7,4,3,33,1,1770014105,2026-02-02 01:37:00
e4645d0d-8b76-4c46-b2b9-be25592e0659,5,2,3,16,1,1770014103,2026-02-02 01:37:00
66dc1beb-0aca-11e7-82f6-3863bb44ef7c,14,1,13,85,1,1770014103,2026-02-02 01:37:00
b0239a13-649a-4d31-aa04-56b8aaeba4d4,1,0,1,15,1,1770014104,2026-02-02 01:37:00
e1886e7a-62b1-4359-9835-8ab5a16371ae,1,0,1,17,1,1770014105,2026-02-02 01:37:00
66dda55f-0aca-11e7-82f6-3863bb44ef7c,3,2,1,16,1,1770014103,2026-02-02 01:37:00
f4f9a09c-010c-430c-a766-3390c44b4962,0,0,0,15,1,1770014108,2026-02-02 01:37:00
993fc83f-52c6-43f4-bb49-4abe4ad48150,1,0,1,17,1,1770014108,2026-02-02 01:37:00
1848242058183072050,6,0,6,8,1,1770014107,2026-02-02 01:37:00
66db88f5-0aca-11e7-82f6-3863bb44ef7c,8,0,8,23,1,1770014108,2026-02-02 01:37:00
f91170e6-a33c-4870-94da-9d51510515d2,1,0,1,15,1,1770014108,2026-02-02 01:37:00
647a2a80-9630-41b0-9b91-1f464b0bf3cc,42,38,4,21,1,1770014106,2026-02-02 01:37:00
1828969112306680612,14,8,6,4,1,1770014107,2026-02-02 01:37:00
66db44e5-0aca-11e7-82f6-3863bb44ef7c,4,1,3,32,1,1770014107,2026-02-02 01:37:00
2126274308236524392,2,0,2,8,1,1770014102,2026-02-02 01:37:00
1851999409149780880,11,0,11,8,1,1770014103,2026-02-02 01:37:00
2b54cb2c-31be-4620-a13c-0fa72b58c90a,1,1,0,25,1,1770014108,2026-02-02 01:37:00
b55f9b55-7fa7-4f0f-9732-78cbe07452e1,14,3,11,8,1,1770014108,2026-02-02 01:37:00
1954806962718223342,24,12,12,1,1,1770014108,2026-02-02 01:37:00
2126579471787670468,5,0,5,8,1,1770014108,2026-02-02 01:37:00
ad41e353-033e-484f-8d76-78014e11e9d7,6,2,4,11,1,1770014108,2026-02-02 01:37:00
1860190006584693708,3,1,2,12,1,1770014106,2026-02-02 01:37:00
66dded7a-0aca-11e7-82f6-3863bb44ef7c,5,1,4,23,1,1770014106,2026-02-02 01:37:00
eb41a103-0196-4f19-a440-256167191a7d,1,1,0,15,1,1770014106,2026-02-02 01:37:00
2119506830683992262,41,27,14,0,1,1770014112,2026-02-02 01:37:00
45865207-8700-4ef2-99ed-b08889ef0250,5,0,5,15,1,1770014112,2026-02-02 01:37:00
0b94cc1e-2327-4679-99d9-3b21ddc02051,13,1,12,18,1,1770014113,2026-02-02 01:37:00
5780ae63-54e5-48e3-a00c-9c403cb75401,12,0,12,8,1,1770014113,2026-02-02 01:37:00
bd1760ad-3af3-4ede-9bd7-c8fbf46d7192,5,4,1,14,1,1770014113,2026-02-02 01:37:00
8ea09819-cd88-4732-b047-c0549f0b370f,16,8,8,8,1,1770014112,2026-02-02 01:37:00
e58234a3-5b23-427e-948f-c1e4571b2bfa,21,2,19,37,1,1770014113,2026-02-02 01:37:00
0e003543-3656-448f-8a93-029d265f2e26,9,1,8,13,1,1770014113,2026-02-02 01:37:00
5db1fefa-0f10-4c58-a7ce-113f3164ced8,7,1,6,6,1,1770014113,2026-02-02 01:37:00
1835247196073118026,5,0,5,6,1,1770014113,2026-02-02 01:37:00
0f536c08-dde3-40af-a66d-1fe1e7edecd2,1,0,1,16,1,1770014113,2026-02-02 01:37:00
1e3a16ff-65ba-4d34-b3c6-37aff44e085a,12,6,6,23,1,1770014113,2026-02-02 01:37:00
1861682444178541220,21,1,20,4,1,1770014109,2026-02-02 01:37:00
66db3273-0aca-11e7-82f6-3863bb44ef7c,29,19,10,6,1,1770014109,2026-02-02 01:37:00
1848242216849312578,7,1,6,9,1,1770014109,2026-02-02 01:37:00
4dcff9e7-7cb6-4d3d-ad67-c2e4c05933d3,6,0,6,15,1,1770014110,2026-02-02 01:37:00
623c9658-5544-4254-847e-738763cf45a3,7,5,2,10,1,1770014110,2026-02-02 01:37:00
c2800791-1911-4f2b-8fc7-bed280c557c0,34,29,5,6,1,1770014110,2026-02-02 01:37:00
83d1ff16-ba56-4eae-aa6a-b37b6439db82,4,0,4,24,1,1770014110,2026-02-02 01:37:00
66db7152-0aca-11e7-82f6-3863bb44ef7c,16,5,11,27,1,1770014111,2026-02-02 01:37:00
9b70cbe2-25fc-42f8-b6e6-ac21ef248e4b,3,1,2,15,1,1770014111,2026-02-02 01:37:00
7bdd60e9-c0fd-40f6-aa9a-d5fa004d4fe3,12,0,12,5,1,1770014111,2026-02-02 01:37:00
1f872052-38c4-4701-96c4-c363de51c2b5,0,0,0,58,1,1770014111,2026-02-02 01:37:00
18fcd2c1-dc8b-4a52-9f18-e9b9003bbea5,14,6,8,17,1,1770014112,2026-02-02 01:37:00
66dea6e1-0aca-11e7-82f6-3863bb44ef7c,4,1,3,55,1,1770014112,2026-02-02 01:37:00
2743a950-3a1f-4a58-8fe0-f4105033e0e3,6,3,3,14,1,1770014112,2026-02-02 01:37:00
66dc252e-0aca-11e7-82f6-3863bb44ef7c,24,7,17,3,1,1770014110,2026-02-02 01:37:00
66dd0808-0aca-11e7-82f6-3863bb44ef7c,0,0,0,23,1,1770014111,2026-02-02 01:37:00
668ef22c-4665-4f42-bf6a-ab9e8a2899b1,3,2,1,20,1,1770014111,2026-02-02 01:37:00
66db63f4-0aca-11e7-82f6-3863bb44ef7c,3,0,3,10,1,1770014108,2026-02-02 01:37:00
cac843c2-8b21-47bb-a3b9-712f95d7f7aa,16,3,13,0,1,1770014109,2026-02-02 01:37:00
66dc0cc7-0aca-11e7-82f6-3863bb44ef7c,4,3,0,37,1,1770014109,2026-02-02 01:37:00
66de186f-0aca-11e7-82f6-3863bb44ef7c,5,2,3,18,1,1770014109,2026-02-02 01:37:00
b62bcd96-c2db-447c-bdd5-d3c18f174858,6,0,6,8,1,1770014109,2026-02-02 01:37:00
c0e0e578-8ce8-4c9d-be47-b902d8a41050,1,0,1,16,1,1770014037,2026-02-02 01:37:00
66dc41bb-0aca-11e7-82f6-3863bb44ef7c,12,9,3,38,1,1770014036,2026-02-02 01:37:00
f3c68cfb-52fd-48c8-b6e5-85c179fee0b3,8,2,6,13,1,1770014037,2026-02-02 01:37:00
66dbe7b6-0aca-11e7-82f6-3863bb44ef7c,4,4,0,22,1,1770014037,2026-02-02 01:37:00
66dde8ac-0aca-11e7-82f6-3863bb44ef7c,0,0,0,32,0,1769973383,2026-02-02 01:37:00
66dbe848-0aca-11e7-82f6-3863bb44ef7c,95,67,28,19,1,1770014041,2026-02-02 01:37:00
b9d3134b-697f-4a0f-b90f-d95f6c69ffda,1,1,0,17,1,1770014042,2026-02-02 01:37:00
93c28953-7e65-436e-9c5a-9d7ca0e3729f,6,3,3,15,1,1770014042,2026-02-02 01:37:00
d3f51f51-7e51-4c75-8600-d76916608707,5,2,3,22,1,1770014044,2026-02-02 01:37:00
66dc4599-0aca-11e7-82f6-3863bb44ef7c,18,12,6,5,1,1770014045,2026-02-02 01:37:00
66db2afe-0aca-11e7-82f6-3863bb44ef7c,22,20,2,5,1,1770014045,2026-02-02 01:37:00
fe93b3ae-1d86-4ee9-9eb6-9e11808966aa,10,7,3,8,1,1770014043,2026-02-02 01:37:00
66dc4b4c-0aca-11e7-82f6-3863bb44ef7c,4,3,1,53,1,1770014044,2026-02-02 01:37:00
1885439359712500016,0,0,0,23,1,1770014044,2026-02-02 01:37:00
1828967027013302842,4,0,4,10,1,1770014047,2026-02-02 01:37:00
1d130e43-0408-4423-bb52-77a08372cefa,7,4,3,19,1,1770014047,2026-02-02 01:37:00
66dce567-0aca-11e7-82f6-3863bb44ef7c,5,0,5,12,1,1770014044,2026-02-02 01:37:00
47bcbcc1-9241-4e65-99f1-07c15543be1b,6,3,3,15,1,1770014044,2026-02-02 01:37:00
158e7752-27e2-4912-be0b-eb15405aa096,11,5,6,4,1,1770014046,2026-02-02 01:37:00
1838999521825487230,16,0,16,0,1,1770014046,2026-02-02 01:37:00
7a8b474b-7577-4316-a192-d57576d194a3,3,2,1,12,1,1770014043,2026-02-02 01:37:00
66db3606-0aca-11e7-82f6-3863bb44ef7c,11,0,11,40,1,1770014047,2026-02-02 01:37:00
66dd1846-0aca-11e7-82f6-3863bb44ef7c,44,27,17,0,1,1770014048,2026-02-02 01:37:00
582cd775-0178-47f5-b707-6d5869f077ba,8,1,7,19,1,1770014052,2026-02-02 01:37:00
632b140c-65de-4f50-9cc2-c001ae011aea,1,1,0,57,1,1770014052,2026-02-02 01:37:00
956e9f8d-d23a-4a0e-bf28-84180e818af7,0,0,0,22,1,1770014053,2026-02-02 01:37:00
1e83ffdc-8e72-45c0-8210-4f37e60505c9,6,2,4,24,1,1770014050,2026-02-02 01:37:00
f15ccc6e-5a7c-46e7-b505-0bfc9cae3d83,1,0,1,28,1,1770014051,2026-02-02 01:37:00
1834145330979754058,2,0,2,23,1,1770014055,2026-02-02 01:37:00
1828966104320053340,4,0,4,12,1,1770014055,2026-02-02 01:37:00
66db74a5-0aca-11e7-82f6-3863bb44ef7c,22,1,21,20,1,1770014054,2026-02-02 01:37:00
85b77b8d-32b8-4049-a407-64319916e2c5,0,0,0,18,1,1770014055,2026-02-02 01:37:00
6f21be51-6fde-4cde-b1db-b102a5f67300,12,0,12,2,1,1770014056,2026-02-02 01:37:00
9c147c77-11da-4d0b-8a21-a8042ec8031b,1,0,1,17,1,1770014053,2026-02-02 01:37:00
0c106e83-c47a-4233-b5e4-62bbb75d0bed,0,0,0,18,1,1770014055,2026-02-02 01:37:00
66dea596-0aca-11e7-82f6-3863bb44ef7c,8,5,3,15,1,1770014055,2026-02-02 01:37:00
23bc4d9b-1ec2-45fb-9228-e41517346b24,9,3,6,1,1,1770014060,2026-02-02 01:37:00
2366d8a4-7a49-42f3-9afe-efd2b200336b,13,7,6,7,1,1770014061,2026-02-02 01:37:00
66dc7cc3-0aca-11e7-82f6-3863bb44ef7c,3,2,1,36,1,1770014062,2026-02-02 01:37:00
66dcac42-0aca-11e7-82f6-3863bb44ef7c,37,4,33,2,1,1770014062,2026-02-02 01:37:00
b608193c-46ae-4b61-9e7a-4671e7c3b96e,2,0,2,14,1,1770014063,2026-02-02 01:37:00
d7d297fd-36dc-42f2-8e3b-24b1003be874,16,7,9,1,1,1770014063,2026-02-02 01:37:00
1860188907884823208,3,0,3,16,1,1770014062,2026-02-02 01:37:00
724aeecc-8c91-4afc-b97c-72a98de452c9,0,0,0,16,1,1770014058,2026-02-02 01:37:00
1880644160834607498,9,1,8,11,1,1770014058,2026-02-02 01:37:00
36edabac-a0c2-471b-abaf-73fdb53a4e5f,4,2,2,15,1,1770014058,2026-02-02 01:37:00
15cb007b-bfca-4ad7-bfc6-44bf3d36785a,20,0,20,3,1,1770014064,2026-02-02 01:37:00
d7904cd0-4b1b-47d0-8103-937bcf5ff845,11,3,8,3,1,1770014065,2026-02-02 01:37:00
66db4671-0aca-11e7-82f6-3863bb44ef7c,19,14,5,22,1,1770014065,2026-02-02 01:37:00
1814900632709495794,15,0,15,5,1,1770014062,2026-02-02 01:37:00
c63e9937-cadb-4813-aee3-5fd3fcc93767,2,1,1,17,1,1770014077,2026-02-02 01:37:00
ba0a4ada-c9f6-48b4-a7b3-7220f6fb88c2,1,0,1,21,1,1770014077,2026-02-02 01:37:00
9a40cb60-6ede-4c9e-9d64-dc55cae57f31,4,1,3,23,1,1770014077,2026-02-02 01:37:00
3c135a2e-eeea-4e81-9c0a-8d14a6049198,13,0,13,5,1,1770014078,2026-02-02 01:37:00
de6f4206-3aa9-4cb9-aae0-8547d2cd6854,18,1,17,1,1,1770014077,2026-02-02 01:37:00
4c3b6e25-b0c2-4a3f-b07e-cd60cd1b0ac0,1,1,0,15,1,1770014078,2026-02-02 01:37:00
1828967830172187422,2,0,2,24,1,1770014080,2026-02-02 01:37:00
1851674145014649512,7,2,5,15,1,1770014080,2026-02-02 01:37:00
2687f2e1-3529-464d-82eb-e4f61440c563,0,0,0,0,1,1770014080,2026-02-02 01:37:00
285ad3c2-3ffe-45bb-8765-9c20a69641a6,5,1,4,8,1,1770014080,2026-02-02 01:37:00
1846086138339179502,11,7,4,8,1,1770014080,2026-02-02 01:37:00
ebfafca3-5818-4e6f-8374-98f44a0ca0c6,0,0,0,25,1,1770014076,2026-02-02 01:37:00
66dc8f1f-0aca-11e7-82f6-3863bb44ef7c,10,7,3,40,1,1770014077,2026-02-02 01:37:00
96a0b676-e966-4d96-b04b-ceb8149cedcd,0,0,0,19,1,1770014080,2026-02-02 01:37:00
66dc1c5c-0aca-11e7-82f6-3863bb44ef7c,17,12,5,49,1,1770014081,2026-02-02 01:37:00
1815968147129520346,7,0,7,12,1,1770014079,2026-02-02 01:37:00
d47c856e-8cda-4da0-b8eb-1ccf0e6ef7ab,1,1,0,26,1,1770014081,2026-02-02 01:37:00
55f6b830-e43e-4227-bfc7-683465236d94,12,5,7,32,1,1770014081,2026-02-02 01:37:00
e8a6c13b-1f6e-4e6b-bdf8-9b0e597e4a62,19,9,10,1,1,1770014081,2026-02-02 01:37:00
66dc2172-0aca-11e7-82f6-3863bb44ef7c,3,0,3,79,1,1770014082,2026-02-02 01:37:00
344b52b0-73a9-4fe3-9132-23d0502dc0ae,2,0,2,14,1,1770014082,2026-02-02 01:37:00
66dbe8d6-0aca-11e7-82f6-3863bb44ef7c,17,7,10,33,1,1770014082,2026-02-02 01:37:00
66ddd369-0aca-11e7-82f6-3863bb44ef7c,36,25,11,4,1,1770014083,2026-02-02 01:37:00
66db5c14-0aca-11e7-82f6-3863bb44ef7c,3,1,2,21,1,1770014080,2026-02-02 01:37:00
2124037775602344266,2,0,2,10,1,1770014080,2026-02-02 01:37:00
66de099d-0aca-11e7-82f6-3863bb44ef7c,0,0,0,0,0,1770014080,2026-02-02 01:37:00
96878d29-481d-48dc-bcdc-a5f1ce88c76d,3,1,2,16,1,1770014081,2026-02-02 01:37:00
66dcc30b-0aca-11e7-82f6-3863bb44ef7c,5,2,3,10,1,1770014080,2026-02-02 01:37:00
66dde914-0aca-11e7-82f6-3863bb44ef7c,4,0,4,22,1,1770014081,2026-02-02 01:37:00
94f77501-32e5-4539-90c6-82d4198f7991,2,2,0,14,1,1770014081,2026-02-02 01:37:00
2f580cf9-14e2-4300-ba22-f6d88d0312a5,3,1,2,21,1,1770014081,2026-02-02 01:37:00
1b22c037-207d-454a-90aa-8f22d0a8a7e3,15,0,15,5,1,1770014081,2026-02-02 01:37:00
35a5b4d6-2d90-4b60-b68b-03bb60fb1afc,0,0,0,18,1,1770014083,2026-02-02 01:37:00
79c4a612-a5df-4814-9e6b-6305da61ebc4,14,0,14,1,1,1770014083,2026-02-02 01:37:00
305c221f-4e0b-4a5a-902c-3d1043dfe606,3,2,1,13,1,1770014084,2026-02-02 01:37:00
1869439368558197224,4,3,1,17,1,1770014084,2026-02-02 01:37:00
66db2db5-0aca-11e7-82f6-3863bb44ef7c,38,2,36,9,1,1770014084,2026-02-02 01:37:00
1064b4b0-e9c8-4139-ac48-f118305dbe69,3,2,1,20,1,1770014085,2026-02-02 01:37:00
e34bb92f-6911-449a-999b-5bc80e0322fe,5,0,5,14,1,1770014085,2026-02-02 01:37:00
66db69d0-0aca-11e7-82f6-3863bb44ef7c,15,3,12,13,1,1770014085,2026-02-02 01:37:00
5dc8ddac-979e-4ae5-b879-3670cca7482d,2,0,2,19,1,1770014086,2026-02-02 01:37:00
6a9b19e3-cd69-4e0c-9b28-1889db936c7c,2,0,2,15,1,1770014086,2026-02-02 01:37:00
7a725e59-49be-4c1d-9c3d-3b3a8ed1232f,7,6,1,10,1,1770014085,2026-02-02 01:37:00
66dc76cd-0aca-11e7-82f6-3863bb44ef7c,9,6,3,24,1,1770014084,2026-02-02 01:37:00
1938139112487078732,3,2,1,27,1,1770014089,2026-02-02 01:37:00
1b985e4b-88de-42a8-95be-dce37dbbc5c5,8,1,7,14,1,1770014090,2026-02-02 01:37:00
1869753195262578852,1,0,1,15,1,1770014090,2026-02-02 01:37:00
787fe4b2-6029-4f71-917e-892479d8d64e,3,0,3,13,1,1770014086,2026-02-02 01:37:00
0109f17a-2378-4500-9648-88bdb31ec612,31,0,31,0,1,1770014087,2026-02-02 01:37:00
1862008413697896912,1,0,1,17,1,1770014087,2026-02-02 01:37:00
44a80c48-c1a9-4ff1-92eb-6bf8be492f5e,4,0,4,11,1,1770014090,2026-02-02 01:37:00
387e2863-83ad-4589-8004-794a7b624801,1,1,0,17,1,1770014091,2026-02-02 01:37:00
b94d0241-bce7-44a9-ab1c-ece0740a4134,2,2,0,13,1,1770014091,2026-02-02 01:37:00
66dd2811-0aca-11e7-82f6-3863bb44ef7c,2,2,0,42,1,1770014091,2026-02-02 01:37:00
d7632897-a6eb-4f8f-9ab2-c66426620fbf,7,0,7,5,1,1770014087,2026-02-02 01:37:00
1869851741257474316,21,1,20,1,1,1770014087,2026-02-02 01:37:00
bb32aad7-8308-4ff8-b073-d5b518ffdd09,1,1,0,32,1,1770014087,2026-02-02 01:37:00
328d778a-7e71-4240-acae-b84f0fdaa5c5,2,0,2,23,1,1770014088,2026-02-02 01:37:00
547cdccc-7864-4898-97c9-8798d924ef54,37,28,9,6,1,1770014088,2026-02-02 01:37:00
a33a2d11-33a5-46ad-a086-5698ac17b7b4,23,6,17,1,1,1770014088,2026-02-02 01:37:00
cad68b8c-6d68-4c5f-88fe-b1aa3e40727a,9,1,8,9,1,1770014086,2026-02-02 01:37:00
d5d589e6-457f-4cd4-bf78-59165dce28b2,15,7,8,6,1,1770014096,2026-02-02 01:37:00
8fa2fafb-fa07-48b2-b159-bffbea7176d4,3,2,1,16,1,1770014096,2026-02-02 01:37:00
e3e6105e-eaa2-43c5-badb-fb8592ad7227,8,6,2,10,1,1770014096,2026-02-02 01:37:00
d7bdc3d7-6e6d-4899-9cc7-f4238a86c695,4,3,1,19,1,1770014096,2026-02-02 01:37:00
66dd039b-0aca-11e7-82f6-3863bb44ef7c,9,5,4,5,1,1770014093,2026-02-02 01:37:00
1964061627836181486,9,9,0,69,1,1770014094,2026-02-02 01:37:00
66dd41ef-0aca-11e7-82f6-3863bb44ef7c,8,6,2,31,1,1770014095,2026-02-02 01:37:00
43f3d3c7-46b0-4812-879d-15afe8804c5f,16,7,9,5,1,1770014095,2026-02-02 01:37:00
88e64257-298c-4b8d-8886-77b9b66dcec1,6,3,3,39,1,1770014095,2026-02-02 01:37:00
bbaae5d3-7e2b-46a8-872e-152404c664f7,18,0,18,6,1,1770014095,2026-02-02 01:37:00
1860188194745712748,15,0,15,3,1,1770014095,2026-02-02 01:37:00
bfbd1f09-afd2-49d2-8674-3a07b3c929a4,15,10,5,6,1,1770014095,2026-02-02 01:37:00
66de0933-0aca-11e7-82f6-3863bb44ef7c,17,2,15,10,1,1770014091,2026-02-02 01:37:00
c3d5f47f-cfc3-4c1f-86bb-bcf770d2949b,15,2,13,4,1,1770014091,2026-02-02 01:37:00
1817432104157364846,10,0,10,1,1,1770014092,2026-02-02 01:37:00
122111c9-9a61-4372-a756-fb2495611cb6,3,2,1,7,1,1770014092,2026-02-02 01:37:00
341730d7-a61d-499d-8c07-fa015f644e54,48,37,11,21,1,1770014092,2026-02-02 01:37:00
be2bdee1-e3e9-45cc-94f0-2ba81a722ba3,3,0,3,13,1,1770014093,2026-02-02 01:37:00
1828969323789472168,11,4,7,1,1,1770014093,2026-02-02 01:37:00
2098714441479661752,1,0,1,14,1,1770014092,2026-02-02 01:37:00
4d79bdb9-7c35-4d35-9f6e-3c1b849c453a,2,2,0,41,1,1770014093,2026-02-02 01:37:00
1828966363527611286,10,0,10,2,1,1770014092,2026-02-02 01:37:00
1815967159287043052,8,1,7,14,1,1770014092,2026-02-02 01:37:00
1845676816555735590,7,1,6,10,1,1770014094,2026-02-02 01:37:00
66dcc5ca-0aca-11e7-82f6-3863bb44ef7c,0,0,0,0,0,1770014114,2026-02-02 01:37:00
66de10a8-0aca-11e7-82f6-3863bb44ef7c,21,6,15,7,1,1770014114,2026-02-02 01:37:00
ccfa8b82-07a7-4a08-88fc-be261c30a4ca,3,0,3,17,1,1770014114,2026-02-02 01:37:00
1899178885660253096,13,10,3,2,1,1770014114,2026-02-02 01:37:00
66dbf518-0aca-11e7-82f6-3863bb44ef7c,5,4,1,18,1,1770014114,2026-02-02 01:37:00
2104275164415193448,26,4,22,30,1,1770014115,2026-02-02 01:37:00
d33261e6-600e-4756-ad03-a9facbd8ace1,14,3,11,2,1,1770014116,2026-02-02 01:37:00
04d557d6-6bc3-4244-b0f1-81ed1449ccd6,7,5,2,4,1,1770014116,2026-02-02 01:37:00
9e5fd5b6-c5f2-4694-9406-a44b7d0146d9,19,10,9,15,1,1770014117,2026-02-02 01:37:00
1836581807397045112,1,1,0,22,1,1770014116,2026-02-02 01:37:00
bbb48e80-7d2f-4b3c-bb8c-591bc931945a,6,0,6,8,1,1770014116,2026-02-02 01:37:00
66dbf4ac-0aca-11e7-82f6-3863bb44ef7c,9,4,5,27,1,1770014117,2026-02-02 01:37:00
1828967607558607844,1,0,1,15,1,1770014117,2026-02-02 01:37:00
66dc8b6a-0aca-11e7-82f6-3863bb44ef7c,42,13,29,7,1,1770014116,2026-02-02 01:37:00
26176e86-8362-4c91-a693-6aa3f9ce0b73,3,1,2,7,1,1770014117,2026-02-02 01:37:00
dd351a72-4241-4275-843d-0fffa8a1f414,2,0,2,19,1,1770014116,2026-02-02 01:37:00
b0cc08dc-e7dd-48d1-8901-ba496f3ff2f5,1,0,1,40,1,1770014110,2026-02-02 01:37:00
55fda28d-56a8-4db2-b42a-072714f18471,11,0,11,1,1,1770014117,2026-02-02 01:37:00
66dcf0b3-0aca-11e7-82f6-3863bb44ef7c,11,7,4,8,1,1770014117,2026-02-02 01:37:00
38bb1218-0a9e-41d9-b2ef-25c8626dac29,6,0,6,7,1,1770014117,2026-02-02 01:37:00
66dd491c-0aca-11e7-82f6-3863bb44ef7c,1,0,1,20,1,1770014117,2026-02-02 01:37:00
b4063b76-1abd-465c-96a4-45f6ee016bc5,4,3,1,12,1,1770014118,2026-02-02 01:37:00
d9ec5589-c872-46f2-88cd-e54f9c596721,2,0,2,11,1,1770014117,2026-02-02 01:37:00
66de8a86-0aca-11e7-82f6-3863bb44ef7c,5,3,2,51,1,1770014118,2026-02-02 01:37:00
a0eec052-257a-4c79-8171-6e2ad9864ad0,12,5,7,15,1,1770014118,2026-02-02 01:37:00
aa8fc8b7-b66c-41d9-9885-30b8af599378,0,0,0,0,0,86400,2026-02-02 01:37:00
1906248765431831024,0,0,0,0,0,86400,2026-02-02 01:37:00
067d5007-bda5-4697-b0a2-ccc2837f295c,0,0,0,0,0,86400,2026-02-02 01:37:00
1954778813955578360,0,0,0,0,0,86400,2026-02-02 01:37:00
2171904301452603832,0,0,0,0,0,86400,2026-02-02 01:37:00
2124037384760320326,0,0,0,0,0,86400,2026-02-02 01:37:00
2177017859487560566,0,0,0,0,0,86400,2026-02-02 01:37:00
2177015913867375458,0,0,0,0,0,86400,2026-02-02 01:37:00
2176731427905421244,0,0,0,0,0,86400,2026-02-02 01:37:00
2177016650782707004,0,0,0,0,0,86400,2026-02-02 01:37:00
2177017052188360762,0,0,0,0,0,86400,2026-02-02 01:37:00
2177017636303913026,0,0,0,0,0,86400,2026-02-02 01:37:00
66dc7b10-0aca-11e7-82f6-3863bb44ef7c,0,0,0,71,0,1769944233,2026-02-02 01:37:00
c1c33a35-751f-4dd6-baef-82db46f7ab46,0,0,0,27,0,1769970336,2026-02-02 01:37:00
a04bf523-3c76-4fad-88bf-e99037f9b796,0,0,0,4,0,1769820753,2026-02-02 01:37:00
c83e1ef5-776e-417e-8ee2-d08ca121f884,2,2,0,15,1,1770014002,2026-02-02 01:37:00
1929513834381415014,9,2,7,11,1,1770014002,2026-02-02 01:37:00
e15a5c77-70b0-4b9d-9eae-f10ddda7d994,0,0,0,18,1,1770014002,2026-02-02 01:37:00
9e9acfaf-0bbf-4bc2-a825-b2befb6bee55,10,2,8,17,1,1770014003,2026-02-02 01:37:00
c7be2714-14db-421f-a19e-f6a7bf6e8d26,0,0,0,20,1,1770014007,2026-02-02 01:37:00
0183d7d4-9e11-4429-94db-666a31239871,13,0,13,16,1,1770014005,2026-02-02 01:37:00
1861682960046954694,14,11,3,1,1,1770014006,2026-02-02 01:37:00
01f01352-50d4-484e-a611-576b18ac373a,18,3,15,10,1,1770014008,2026-02-02 01:37:00
facb0195-8daa-46e3-95e1-6f22fb678e8a,0,0,0,18,1,1770014011,2026-02-02 01:37:00
74e104fb-1ddc-4f3e-a60b-220b6c4f300b,12,9,3,0,1,1770014012,2026-02-02 01:37:00
b6a4770e-9077-4a0e-a0fb-b45b1d457559,39,17,22,3,1,1770014015,2026-02-02 01:37:00
66dc36c3-0aca-11e7-82f6-3863bb44ef7c,0,0,0,8,0,1770008163,2026-02-02 01:37:00
1836581714456697424,8,0,8,13,1,1770014009,2026-02-02 01:37:00
8df41833-c7bf-4171-bdab-58d64f6ade54,15,1,14,1,1,1770014010,2026-02-02 01:37:00
7d455e9a-20b4-4b03-8248-0d982fdfa21b,2,0,2,15,1,1770014015,2026-02-02 01:37:00
30a75e12-5327-48f0-8155-3925aa934054,2,1,1,14,1,1770014016,2026-02-02 01:37:00
311269f4-53dc-4f83-b26b-ecb6e8e160ed,1,0,1,18,1,1770014016,2026-02-02 01:37:00
533f25a0-514f-456f-9d87-5fdcb4ee42f4,11,8,3,2,1,1770014016,2026-02-02 01:37:00
557f8d40-dec1-4c61-bd03-a0d1a6ea0e4b,17,1,16,5,1,1770014018,2026-02-02 01:37:00
17c45d34-0d8d-46ba-9078-e9a2a7c5867c,2,0,2,22,1,1770014017,2026-02-02 01:37:00
897e8739-ee1d-4b2e-b151-ad7e64e87697,13,0,13,9,1,1770014018,2026-02-02 01:37:00
88bf1344-354f-4699-bdbd-1c2584fc41ee,5,1,4,18,1,1770014018,2026-02-02 01:37:00
20f3a578-4dfa-45ca-a917-b394d77ee08e,15,3,12,7,1,1770014019,2026-02-02 01:37:00
1c82b223-42ba-4d15-8e8a-bd8ae2a57cde,11,10,1,4,1,1770014020,2026-02-02 01:37:00
058ee86d-ce2a-4597-99f7-f78f082b33e3,0,0,0,18,1,1770014020,2026-02-02 01:37:00
1884599469785421928,32,32,0,2,1,1770014017,2026-02-02 01:37:00
66ddeca9-0aca-11e7-82f6-3863bb44ef7c,12,0,12,6,1,1770014017,2026-02-02 01:37:00
39112ced-337f-4b71-9df6-291cd4265cc9,10,0,10,11,1,1770014017,2026-02-02 01:37:00
3bfc859b-5c5f-43bc-b2e7-b64ed8ea9ede,9,2,7,8,1,1770014017,2026-02-02 01:37:00
9459fca8-b044-4ed1-8f2c-c5db11ba868f,3,0,3,22,1,1770014017,2026-02-02 01:37:00
a4368364-fa79-493c-8478-1d3471a6077f,50,33,17,19,1,1770014016,2026-02-02 01:37:00
66dbf442-0aca-11e7-82f6-3863bb44ef7c,6,2,4,71,1,1770014026,2026-02-02 01:37:00
1d8e51b0-8131-4c1f-93fb-f04952c157c0,0,0,0,27,0,1769811266,2026-02-02 01:37:00
72796825-88b1-43a0-bb6d-2b41d337b1fc,21,2,19,7,1,1770014026,2026-02-02 01:37:00
1931758629658304788,4,0,4,18,1,1770014026,2026-02-02 01:37:00
079b5a90-1d2b-40b2-b1e9-71c075f16b89,5,2,3,15,1,1770014027,2026-02-02 01:37:00
1ddadf67-ae08-4e86-bdda-236629b9eabd,3,3,0,19,1,1770014028,2026-02-02 01:37:00
66db8fde-0aca-11e7-82f6-3863bb44ef7c,34,22,12,9,1,1770014028,2026-02-02 01:37:00
40042fb4-6ddd-4f74-bb52-5af3e4e08c8d,4,1,3,18,1,1770014028,2026-02-02 01:37:00
160e21da-6dd2-47ff-8385-e13c8cdce4fa,0,0,0,3,0,1769905200,2026-02-02 01:37:00
84b30f68-5404-453a-ae86-a2baff03a2c9,1,0,1,17,1,1770014027,2026-02-02 01:37:00
42bf7170-61ab-44a0-aafe-1b89d7271718,0,0,0,21,1,1770014028,2026-02-02 01:37:00
bfea6c5b-2e1a-42c5-8199-2ded6042d57b,8,3,5,18,1,1770014030,2026-02-02 01:37:00
1828968691399885056,7,0,7,5,1,1770014030,2026-02-02 01:37:00
968d40e0-2a5b-4f6c-a161-fad1631b609b,1,0,1,12,1,1770014031,2026-02-02 01:37:00
66dded11-0aca-11e7-82f6-3863bb44ef7c,26,8,18,5,1,1770014031,2026-02-02 01:37:00
35915f48-31c5-499a-b845-2ca2fb541904,11,0,11,25,1,1770014029,2026-02-02 01:37:00
1882735162923150168,18,4,14,4,1,1770014028,2026-02-02 01:37:00
1960020540642077008,20,15,5,20,1,1770014028,2026-02-02 01:37:00
66dbc6ae-0aca-11e7-82f6-3863bb44ef7c,9,0,9,46,1,1770014030,2026-02-02 01:37:00
1d977221-b2b5-4fa2-bba0-b00136834fb3,0,0,0,15,1,1770014030,2026-02-02 01:37:00
2123940513700131194,11,6,5,2,1,1770013987,2026-02-02 01:37:00
09a0c507-7cda-4f3f-9988-78de0baa28e4,0,0,0,18,0,1770004707,2026-02-02 01:37:00
d319629d-63cf-4765-9f69-5569f35d6469,3,2,1,14,1,1770013999,2026-02-02 01:37:00
2133952475068346460,25,2,23,6,1,1770014000,2026-02-02 01:37:00
d55dd622-0ced-4e4d-9ea5-2ef2cb6481a9,3,0,3,32,1,1770013999,2026-02-02 01:37:00
d5ca6311-7471-480f-9c79-38baaafe34ba,4,3,1,24,1,1770013998,2026-02-02 01:37:00
ff2869f0-4381-4cf3-863e-a0d776ec53b4,86,49,37,2,1,1770013998,2026-02-02 01:37:00
9bd28b11-cf11-4938-abb2-dfa5ec800e32,15,1,14,2,1,1770014001,2026-02-02 01:37:00
66dc28bd-0aca-11e7-82f6-3863bb44ef7c,7,1,6,35,1,1770014001,2026-02-02 01:37:00
05b9e7cd-f3a2-4d48-b7c4-f5fbe09d9de3,13,0,13,9,1,1770014001,2026-02-02 01:37:00
1835246815877178358,5,1,4,11,1,1770014021,2026-02-02 01:37:00
d5788cfa-817e-4b65-b43f-edda222a3c3c,4,1,3,18,1,1770014022,2026-02-02 01:37:00
b636a06c-c10e-417a-ac22-14cadb8f8993,0,0,0,8,0,1769991406,2026-02-02 01:37:00
2b848257-dc2e-4dd0-b840-d5e046972789,0,0,0,10,0,1769830145,2026-02-02 01:37:00
8a24490d-d5c5-4bac-9e36-56967834fc10,1,0,1,16,1,1770014025,2026-02-02 01:37:00
aba6e644-3ac8-4cdc-9bc6-763e9d82dee9,9,0,9,11,1,1770014021,2026-02-02 01:37:00
66dd1ad8-0aca-11e7-82f6-3863bb44ef7c,16,1,15,3,1,1770014023,2026-02-02 01:37:00
9789dc0f-1eb6-4830-bda9-1ce5f1413e19,2,0,2,16,1,1770014023,2026-02-02 01:37:00
b1f67e5c-7c26-4bf3-a90e-1500a3160d60,7,1,6,13,1,1770014023,2026-02-02 01:37:00
1860187692409078310,5,0,5,19,1,1770014023,2026-02-02 01:37:00
27c71510-d515-4add-b660-6efd6f225cd1,11,2,9,7,1,1770014024,2026-02-02 01:37:00
dba67615-a7e0-4c44-ab1b-b464033ec9b9,5,1,4,5,1,1770014022,2026-02-02 01:37:00
05969d95-8a64-4007-abf1-afb847f2d426,5,1,3,16,1,1770014065,2026-02-02 01:37:00
ecb2eebe-67c0-43b8-baae-71abb1a0ec6a,1,1,0,28,1,1770014065,2026-02-02 01:37:00
cbcbd880-9662-4ab1-b530-781bb101ed1f,0,0,0,13,1,1770014065,2026-02-02 01:37:00
f6c33f22-d650-4935-a928-fb693a828b5f,1,1,0,19,1,1770014066,2026-02-02 01:37:00
bd318c15-5c3d-4e72-9837-3b4bd37707e0,1,1,0,17,1,1770014064,2026-02-02 01:37:00
66dde559-0aca-11e7-82f6-3863bb44ef7c,18,13,5,7,1,1770014063,2026-02-02 01:37:00
1975518396279321266,55,40,14,14,1,1770014064,2026-02-02 01:37:00
30985a9c-afe4-4b98-a72c-2c72bb35603e,6,6,0,10,1,1770014063,2026-02-02 01:37:00
bdefa3e3-aa5a-40eb-b7f8-542de55063e9,6,1,5,10,1,1770014059,2026-02-02 01:37:00
66dc1545-0aca-11e7-82f6-3863bb44ef7c,0,0,0,25,1,1770014059,2026-02-02 01:37:00
1875413335585534272,0,0,0,21,1,1770014060,2026-02-02 01:37:00
66de2201-0aca-11e7-82f6-3863bb44ef7c,21,10,11,3,1,1770014060,2026-02-02 01:37:00
1817432787057164808,12,0,12,6,1,1770014061,2026-02-02 01:37:00
1817627670084542818,0,0,0,20,1,1770014060,2026-02-02 01:37:00
1817433126359581672,7,0,7,14,1,1770014060,2026-02-02 01:37:00
66db316a-0aca-11e7-82f6-3863bb44ef7c,10,5,5,10,1,1770014061,2026-02-02 01:37:00
2c2cdc55-52a3-4140-b4d3-8409a98f130f,12,1,11,3,1,1770014062,2026-02-02 01:37:00
66dbe4db-0aca-11e7-82f6-3863bb44ef7c,42,34,8,29,1,1770014061,2026-02-02 01:37:00
cae4f2f4-9642-474c-95cc-6cc07592f120,5,3,2,22,1,1770014062,2026-02-02 01:37:00
9e99abca-c679-4788-9a4e-39066660bd6a,3,1,2,12,1,1770014064,2026-02-02 01:37:00
531e6d94-5f4c-4ef0-9c83-47191be9d8f9,1,1,0,17,1,1770014065,2026-02-02 01:37:00
d473f31f-68f2-4777-a364-ed127db04345,4,1,3,11,1,1770014060,2026-02-02 01:37:00
3134bce7-0bb9-4a45-9c87-60a8cb681d72,3,1,2,13,1,1770014060,2026-02-02 01:37:00
99d149f9-ad40-461e-beea-fcbf086f9b5a,6,2,4,53,1,1770014067,2026-02-02 01:37:00
1786696251091417274,5,5,0,28,1,1770014068,2026-02-02 01:37:00
ab40ffde-f331-4194-adab-cb8c60b63f28,3,0,3,19,1,1770014068,2026-02-02 01:37:00
cd5e7c3e-c618-416a-ae99-b509bd56e1b2,17,6,11,8,1,1770014068,2026-02-02 01:37:00
b5010362-af16-4357-8fb7-5958576954c0,13,2,11,13,1,1770014071,2026-02-02 01:37:00
138094a0-cd7d-4014-9b21-4fb2afd3980e,12,1,11,12,1,1770014071,2026-02-02 01:37:00
97bcf094-ad77-4743-9c94-832c7300c090,10,5,5,5,1,1770014071,2026-02-02 01:37:00
66db9845-0aca-11e7-82f6-3863bb44ef7c,35,28,6,7,1,1770014072,2026-02-02 01:37:00
1835249854657874848,1,0,1,15,1,1770014072,2026-02-02 01:37:00
3c21925c-d68e-497c-b501-982d3eb3e852,9,7,2,3,1,1770014072,2026-02-02 01:37:00
66de07ec-0aca-11e7-82f6-3863bb44ef7c,16,0,16,1,1,1770014066,2026-02-02 01:37:00
60a061d5-d984-4573-af3c-2054f4f59e94,2,1,1,15,1,1770014066,2026-02-02 01:37:00
66ddb7bf-0aca-11e7-82f6-3863bb44ef7c,8,6,2,21,1,1770014066,2026-02-02 01:37:00
1843486757863039016,12,0,12,0,1,1770014066,2026-02-02 01:37:00
e6a32ec8-fc8b-4ed6-93a2-3ace3921b89d,15,10,5,6,1,1770014068,2026-02-02 01:37:00
66de871c-0aca-11e7-82f6-3863bb44ef7c,0,0,0,58,1,1770014069,2026-02-02 01:37:00
1989279523593928720,74,51,22,1,1,1770014069,2026-02-02 01:37:00
66db2953-0aca-11e7-82f6-3863bb44ef7c,39,2,37,5,1,1770014068,2026-02-02 01:37:00
4223f276-a4d4-45e0-b914-67f5ef1e81ba,2,0,2,20,1,1770014069,2026-02-02 01:37:00
d07790cd-1acd-4f74-b5f1-3d70f8a8a526,7,5,2,16,1,1770014070,2026-02-02 01:37:00
c01a9c97-6c04-4e3f-ad0b-958801d94ca1,12,0,12,1,1,1770014070,2026-02-02 01:37:00
26568d39-db49-4354-a5c1-c81a3c856285,2,0,2,14,1,1770014070,2026-02-02 01:37:00
1828968611856235508,2,1,1,15,1,1770014071,2026-02-02 01:37:00
1822663143025657920,8,2,6,9,1,1770014069,2026-02-02 01:37:00
1828968994833044184,2,1,1,15,1,1770014069,2026-02-02 01:37:00
aa120a3a-9f2b-4dfc-a88b-384bbb66838a,9,1,8,11,1,1770014070,2026-02-02 01:37:00
cd4b8e12-b2c7-479b-900d-59cf7d8c4276,13,5,8,1,1,1770014069,2026-02-02 01:37:00
7a701539-2c10-4abe-803f-525785ebb7fb,7,0,7,12,1,1770014069,2026-02-02 01:37:00
b3a9057e-7ff6-4117-b96e-e71c173cf1e9,8,0,8,9,1,1770014069,2026-02-02 01:37:00
66f68197-4897-4576-896a-48e0312104c5,12,2,10,9,1,1770014070,2026-02-02 01:37:00
1869754328201607270,1,0,1,13,1,1770014066,2026-02-02 01:37:00
5adcaaaf-5386-441d-827c-8d65c4f4405e,1,1,0,22,1,1770014067,2026-02-02 01:37:00
66db8c10-0aca-11e7-82f6-3863bb44ef7c,0,0,0,23,0,1769860645,2026-02-02 01:37:00
1786698158713921798,0,0,0,6,0,1769914459,2026-02-02 01:37:00
66ddb41c-0aca-11e7-82f6-3863bb44ef7c,28,21,7,3,1,1770014041,2026-02-02 01:37:00
09b00240-4c2a-4900-9d09-f13344461c02,6,1,5,11,1,1770014041,2026-02-02 01:37:00
66dc73b0-0aca-11e7-82f6-3863bb44ef7c,17,9,8,19,1,1770014041,2026-02-02 01:37:00
1869754004195029842,2,2,0,18,1,1770014041,2026-02-02 01:37:00
66dc209c-0aca-11e7-82f6-3863bb44ef7c,32,7,25,28,1,1770014041,2026-02-02 01:37:00
66dccd65-0aca-11e7-82f6-3863bb44ef7c,16,3,13,6,1,1770014038,2026-02-02 01:37:00
01a1343d-9c7b-4a83-8a5a-a600187f19c4,11,2,9,15,1,1770014038,2026-02-02 01:37:00
66de4408-0aca-11e7-82f6-3863bb44ef7c,6,5,1,15,1,1770014037,2026-02-02 01:37:00
1815967313905864892,6,0,6,9,1,1770014037,2026-02-02 01:37:00
ad037fe2-4a28-4b55-863c-229aada0b43a,5,0,5,13,1,1770014037,2026-02-02 01:37:00
96a4da57-107a-43d1-8828-4749d5555461,4,0,4,25,1,1770014039,2026-02-02 01:37:00
66db29e6-0aca-11e7-82f6-3863bb44ef7c,5,3,2,6,1,1770014039,2026-02-02 01:37:00
96cf4c1a-db2c-4d4b-af34-c31281b5904b,6,2,4,11,1,1770014039,2026-02-02 01:37:00
66dd25e0-0aca-11e7-82f6-3863bb44ef7c,11,9,2,11,1,1770014040,2026-02-02 01:37:00
6a671276-d345-4a4c-a7df-98f5dbb19e4c,1,0,1,18,1,1770014042,2026-02-02 01:37:00
1877651952425321214,5,0,5,9,1,1770014042,2026-02-02 01:37:00
4dde902d-512c-4e9e-8899-a68424ed87c0,17,4,13,16,1,1770014042,2026-02-02 01:37:00
2053867202510006310,20,1,19,0,1,1770014040,2026-02-02 01:37:00
d56a8542-048a-4aca-ac7f-f27a9e6c908b,4,0,4,18,1,1770014036,2026-02-02 01:37:00
72196024-6f2b-45cb-9764-609911c7dc0b,0,0,0,0,0,1770014042,2026-02-02 01:37:00
66dd8bd9-0aca-11e7-82f6-3863bb44ef7c,13,5,8,7,1,1770014042,2026-02-02 01:37:00
66dca6f4-0aca-11e7-82f6-3863bb44ef7c,3,2,1,27,1,1770014035,2026-02-02 01:37:00
16280b32-7e5b-4a18-930b-212eac10faaa,2,1,1,17,1,1770014034,2026-02-02 01:37:00
308e055a-b8aa-447d-8803-8677c88af0ba,7,0,7,9,1,1770014032,2026-02-02 01:37:00
bca594e5-779f-4866-bd6b-818871f97d38,20,0,20,2,1,1770014033,2026-02-02 01:37:00
b3c8aaaf-6e1c-4f56-9391-b79e883b8009,4,0,4,18,1,1770014032,2026-02-02 01:37:00
1836581628905160976,5,0,5,12,1,1770014031,2026-02-02 01:37:00
1820420129807491554,13,1,12,3,1,1770014035,2026-02-02 01:37:00
1823008917260927616,16,4,12,6,1,1770014035,2026-02-02 01:37:00
1851955603137491568,11,0,11,19,1,1770014036,2026-02-02 01:37:00
1862788101231526152,13,4,9,11,1,1770014036,2026-02-02 01:37:00
d873e463-2dc9-4bf8-86c7-fea8ddaa3a9f,3,0,3,10,1,1770014036,2026-02-02 01:37:00
de449a58-0edf-4d36-91b4-4b313576e945,8,1,7,6,1,1770014034,2026-02-02 01:37:00
8f9ce302-2a6d-443c-8fe0-625b20021ea2,1,0,0,23,1,1770014033,2026-02-02 01:37:00
66dd4051-0aca-11e7-82f6-3863bb44ef7c,6,0,6,37,1,1770014033,2026-02-02 01:37:00
66de6100-0aca-11e7-82f6-3863bb44ef7c,24,0,24,3,1,1770014035,2026-02-02 01:37:00
66dc51e9-0aca-11e7-82f6-3863bb44ef7c,9,5,4,39,1,1770014046,2026-02-02 01:37:00
bf5a9ad8-6725-4ade-967d-aba612d423bf,6,0,6,15,1,1770014047,2026-02-02 01:37:00
026fd07d-d810-45dc-9237-a3d84dce4fa9,13,3,10,4,1,1770014047,2026-02-02 01:37:00
1794096976946852066,26,8,18,21,1,1770014043,2026-02-02 01:37:00
cdb6e2aa-4da3-4ed7-9b13-ce626addf6b0,10,8,2,40,1,1770014044,2026-02-02 01:37:00
1828967717120678322,4,1,3,15,1,1770014044,2026-02-02 01:37:00
fbee1143-e93f-418d-b6bc-8fde4a9a8746,5,2,3,41,1,1770014044,2026-02-02 01:37:00
653ba606-f397-41e6-adc4-f775bf2d0c9f,14,0,14,9,1,1770014044,2026-02-02 01:37:00
ed1199e4-d9a6-4d9e-8c81-62bcd7510a11,8,1,7,15,1,1770014045,2026-02-02 01:37:00
66de4c32-0aca-11e7-82f6-3863bb44ef7c,12,1,11,10,1,1770014045,2026-02-02 01:37:00
29b21bd8-2459-4727-b1f0-d73592db3321,6,0,6,19,1,1770014045,2026-02-02 01:37:00
1857217122161783302,17,2,15,4,1,1770014045,2026-02-02 01:37:00
66dc91b5-0aca-11e7-82f6-3863bb44ef7c,34,17,16,7,1,1770014046,2026-02-02 01:37:00
66db4351-0aca-11e7-82f6-3863bb44ef7c,46,25,20,16,1,1770014043,2026-02-02 01:37:00
062f0ac2-b3b6-4c15-b470-92ce9b592635,12,0,12,4,1,1770014047,2026-02-02 01:37:00
fbb2d76c-1d47-4fb1-9c07-622fcace38a5,0,0,0,10,0,1769852698,2026-02-02 01:37:00
66dc0d3a-0aca-11e7-82f6-3863bb44ef7c,2,0,2,12,1,1770014047,2026-02-02 01:37:00
1838617691511229014,1,0,1,18,1,1770014047,2026-02-02 01:37:00
581d8683-c217-4f96-89cb-b5a94d780b83,3,0,3,65,1,1770014048,2026-02-02 01:37:00
1828969851041055492,15,12,3,5,1,1770014050,2026-02-02 01:37:00
2e74ea1d-02a0-47bf-9665-dce2d65de8d7,17,2,15,15,1,1770014051,2026-02-02 01:37:00
1882736039096477712,15,5,10,15,1,1770014051,2026-02-02 01:37:00
6bc5598a-9eb8-44d2-adc0-d93b93af1924,9,0,9,3,1,1770014051,2026-02-02 01:37:00
66dcbefb-0aca-11e7-82f6-3863bb44ef7c,1,0,1,16,1,1770014049,2026-02-02 01:37:00
b200a8bf-2d79-4511-9a16-ac41e7245622,8,0,8,15,1,1770014049,2026-02-02 01:37:00
66dc0c53-0aca-11e7-82f6-3863bb44ef7c,6,2,4,12,1,1770014050,2026-02-02 01:37:00
66db3aa3-0aca-11e7-82f6-3863bb44ef7c,0,0,0,22,0,1769947542,2026-02-02 01:37:00
b90574d1-e9e7-45be-8adb-e38cb285fea5,3,2,1,13,1,1770014053,2026-02-02 01:37:00
4e1a13af-1c3b-48f2-8586-5edceea97d61,0,0,0,17,1,1770014052,2026-02-02 01:37:00
7dcc5a03-5997-4250-9207-fa8b6f027c86,11,0,11,16,1,1770014053,2026-02-02 01:37:00
1835249964093653018,3,1,2,20,1,1770014051,2026-02-02 01:37:00
16e17ca1-b2dc-47d0-8c8b-199cb4736fe7,3,0,3,13,1,1770014049,2026-02-02 01:37:00
66dcbb2c-0aca-11e7-82f6-3863bb44ef7c,1,1,0,25,1,1770014049,2026-02-02 01:37:00
88c1303b-3349-4591-bf08-c7e40cf3537a,21,8,13,15,1,1770014052,2026-02-02 01:37:00
c9c09ed0-0a52-4d6a-a999-b0848874e51f,0,0,0,17,1,1770014054,2026-02-02 01:37:00
4753c1ba-a86e-431e-94fb-06403cdee4d7,18,8,10,8,1,1770014048,2026-02-02 01:37:00
66dbea8d-0aca-11e7-82f6-3863bb44ef7c,3,0,3,11,1,1770014056,2026-02-02 01:37:00
65e7908a-a73e-4f8e-9967-0d0677f62bc4,14,6,8,3,1,1770014057,2026-02-02 01:37:00
6db97fde-68ae-4d2b-b121-b7c17838bbe7,0,0,0,16,1,1770014055,2026-02-02 01:37:00
22ac9559-d7f1-4dcd-ae3e-f6caf586a455,17,11,6,4,1,1770014055,2026-02-02 01:37:00
016ee47a-4871-4209-91cb-bf3ceeddc991,0,0,0,17,1,1770014055,2026-02-02 01:37:00
2126624772423916318,4,0,4,5,1,1770014053,2026-02-02 01:37:00
66dba0ba-0aca-11e7-82f6-3863bb44ef7c,8,3,5,30,1,1770014054,2026-02-02 01:37:00
66db237e-0aca-11e7-82f6-3863bb44ef7c,4,3,1,48,1,1770014057,2026-02-02 01:37:00
66dde079-0aca-11e7-82f6-3863bb44ef7c,6,3,3,41,1,1770014057,2026-02-02 01:37:00
2170352212111402482,18,14,4,44,1,1770014057,2026-02-02 01:37:00
e24cb64d-10c2-48db-9440-59e63c0f1c95,15,0,14,9,1,1770014057,2026-02-02 01:37:00
1945125793810207148,3,2,1,15,1,1770014058,2026-02-02 01:37:00
dfe2c398-ff5c-4a8d-83c8-fa18801540d8,8,0,8,18,1,1770014057,2026-02-02 01:37:00
1e226f22-034f-4b99-8184-a8eaa591fbd8,12,5,7,32,1,1770014057,2026-02-02 01:37:00
66dc7957-0aca-11e7-82f6-3863bb44ef7c,7,6,1,67,1,1770014058,2026-02-02 01:37:00
9505c2b7-0c3a-4791-8471-d2092a86291f,18,0,18,0,1,1770014058,2026-02-02 01:37:00
faf021ad-9de5-44bd-b7f5-48127e8d5fea,22,4,18,0,1,1770014076,2026-02-02 01:37:00
e71d152c-c2df-4d3e-a9af-139f2529bac6,9,0,9,7,1,1770014077,2026-02-02 01:37:00
66dd2556-0aca-11e7-82f6-3863bb44ef7c,7,5,2,30,1,1770014077,2026-02-02 01:37:00
1879859065051787718,10,9,1,4,1,1770014077,2026-02-02 01:37:00
1860187301567054286,5,1,4,12,1,1770014077,2026-02-02 01:37:00
66dd4981-0aca-11e7-82f6-3863bb44ef7c,11,3,8,7,1,1770014078,2026-02-02 01:37:00
66de2131-0aca-11e7-82f6-3863bb44ef7c,11,8,3,28,1,1770014078,2026-02-02 01:37:00
344064f8-e82f-40fb-b235-aff506b77ae5,3,0,3,25,1,1770014075,2026-02-02 01:37:00
8dc8c0b3-4d70-40fe-a75a-86e30ecb676b,7,0,7,0,1,1770014076,2026-02-02 01:37:00
aa8270ec-4441-47d2-854b-5852e65fae66,0,0,0,18,1,1770014076,2026-02-02 01:37:00
e7739b9e-7cc6-4cbb-98d3-669b8e2ae98b,6,0,6,13,1,1770014076,2026-02-02 01:37:00
9157a3bc-43fa-4221-8bb8-17273fc09540,18,9,9,1,1,1770014076,2026-02-02 01:37:00
1913995167022829826,15,1,14,3,1,1770014076,2026-02-02 01:37:00
66dd4841-0aca-11e7-82f6-3863bb44ef7c,18,12,6,12,1,1770014072,2026-02-02 01:37:00
66dcbdc2-0aca-11e7-82f6-3863bb44ef7c,5,3,2,15,1,1770014078,2026-02-02 01:37:00
daaa3ac1-594c-48d2-9431-a8ced305ed5a,2,0,2,16,1,1770014078,2026-02-02 01:37:00
0096fecb-3a56-4585-9204-aa9554f7bc49,9,0,9,36,1,1770014078,2026-02-02 01:37:00
66dd40dd-0aca-11e7-82f6-3863bb44ef7c,4,3,1,16,1,1770014073,2026-02-02 01:37:00
fdf21800-6106-4739-b7d5-b379b19e5732,7,2,5,9,1,1770014074,2026-02-02 01:37:00
66dbf667-0aca-11e7-82f6-3863bb44ef7c,48,14,34,0,1,1770014074,2026-02-02 01:37:00
e35494b4-5811-4d2a-87de-4430e56bce2d,0,0,0,19,1,1770014073,2026-02-02 01:37:00
66db6e49-0aca-11e7-82f6-3863bb44ef7c,8,4,3,35,1,1770014080,2026-02-02 01:37:00
61be9a4a-737c-413a-9b72-d47b28a366d5,4,3,1,18,1,1770014080,2026-02-02 01:37:00
3bf91ca1-14fd-4e51-858e-36a203f1af2a,4,4,0,14,1,1770014080,2026-02-02 01:37:00
66de1448-0aca-11e7-82f6-3863bb44ef7c,5,2,3,16,1,1770014080,2026-02-02 01:37:00
2a47ef14-1cbe-4ec6-841d-cc277627fe20,3,2,1,26,1,1770014081,2026-02-02 01:37:00
95a52ce4-3597-47d1-8d6f-427cb3b8ca6a,15,14,1,5,1,1770014083,2026-02-02 01:37:00
1834145064843958330,10,0,10,10,1,1770014084,2026-02-02 01:37:00
c0df5c09-2c07-4689-9fe8-36ed81301d7d,0,0,0,22,1,1770014084,2026-02-02 01:37:00
9341ee1c-d456-4858-a451-70cbbd73d084,7,0,7,20,1,1770014079,2026-02-02 01:37:00
6fd84197-56e2-47df-849f-701aca0e7cc3,2,2,0,14,1,1770014079,2026-02-02 01:37:00
720c0d64-7828-4dba-bff9-4d99f4e3a9fc,9,1,8,9,1,1770014079,2026-02-02 01:37:00
4780d9d1-b886-4e72-9d18-cb152f73e10a,4,2,2,16,1,1770014080,2026-02-02 01:37:00
56e18295-f760-4bf3-8aa3-5a1e4ebf606f,15,1,14,2,1,1770014080,2026-02-02 01:37:00
403c310e-26d5-4db5-9928-13c38b25053d,0,0,0,24,1,1770014081,2026-02-02 01:37:00
eef98eb6-f550-49f9-a910-4d2863e6a591,2,2,0,17,1,1770014081,2026-02-02 01:37:00
348c5e65-cbc3-4da6-9856-fc253a0ba546,28,5,23,19,1,1770014081,2026-02-02 01:37:00
1828968199249922252,0,0,0,19,1,1770014081,2026-02-02 01:37:00
18267c09-1916-48d8-951c-caf88c89edd1,0,0,0,18,1,1770014082,2026-02-02 01:37:00
66dd9213-0aca-11e7-82f6-3863bb44ef7c,0,0,0,38,1,1770014082,2026-02-02 01:37:00
66dcf394-0aca-11e7-82f6-3863bb44ef7c,5,5,0,25,1,1770014082,2026-02-02 01:37:00
0f51cb84-e386-44ac-947f-a969f7617d17,0,0,0,17,0,1769984491,2026-02-02 01:37:00
c38e2cfc-04e6-419c-8bf8-d8713ccf6ea7,0,0,0,5,0,1769858401,2026-02-02 01:37:00
1846086768160082632,0,0,0,13,0,1769940560,2026-02-02 01:37:00
1b28836b-29fd-47a7-9a98-44cd792918fb,0,0,0,3,0,1769981106,2026-02-02 01:37:00
36ddce8f-bd83-4a05-b601-b526fb4d8628,0,0,0,17,0,1769991439,2026-02-02 01:37:00
21361381-fd4a-44a4-bfa7-61f075192ce9,0,0,0,20,0,1769841015,2026-02-02 01:37:00
904930bd-2671-4695-9c1a-8a894b041129,0,0,0,13,0,1769961850,2026-02-02 01:37:00
66de5a47-0aca-11e7-82f6-3863bb44ef7c,0,0,0,12,0,1769890105,2026-02-02 01:37:00
1786698815186893280,0,0,0,4,0,1769932956,2026-02-02 01:37:00
2126274178538511162,6,1,5,2,1,1770013942,2026-02-02 01:37:00
1947313784686131504,0,0,0,5,0,1769940194,2026-02-02 01:37:00
c2291f8e-3b07-4671-82af-2b947825de4a,31,11,20,17,1,1770014089,2026-02-02 01:37:00
66dbef85-0aca-11e7-82f6-3863bb44ef7c,7,0,7,27,1,1770014089,2026-02-02 01:37:00
66dc86d9-0aca-11e7-82f6-3863bb44ef7c,1,0,0,0,0,1770014087,2026-02-02 01:37:00
24f431ca-c2a5-46be-966b-b8d4c3e4b346,3,2,1,10,1,1770014088,2026-02-02 01:37:00
4cd5a87d-7618-4a15-892d-8cf29eec865c,13,1,12,3,1,1770014088,2026-02-02 01:37:00
7e7d974c-a6ec-4d9a-b4ed-01a4d2056d8b,1,0,1,17,1,1770014083,2026-02-02 01:37:00
66de1f17-0aca-11e7-82f6-3863bb44ef7c,12,9,3,5,1,1770014084,2026-02-02 01:37:00
dcdaa64b-4d2c-4017-bfb9-da25924f851d,7,2,5,12,1,1770014084,2026-02-02 01:37:00
66dd4de9-0aca-11e7-82f6-3863bb44ef7c,7,5,2,42,1,1770014086,2026-02-02 01:37:00
8fc95e31-b025-4d2b-b5aa-240465366480,4,0,4,9,1,1770014090,2026-02-02 01:37:00
1945126147213275898,5,0,5,16,1,1770014097,2026-02-02 01:37:00
1848241332086049696,0,0,0,21,1,1770014097,2026-02-02 01:37:00
9790606b-a00d-4d5e-b6ec-abd11c9d25b3,0,0,0,18,1,1770014098,2026-02-02 01:37:00
66dd470b-0aca-11e7-82f6-3863bb44ef7c,23,7,16,19,1,1770014098,2026-02-02 01:37:00
30d6520e-b612-4240-a9ff-eec12b02b263,8,3,5,12,1,1770014098,2026-02-02 01:37:00
08b9c491-a589-4e75-996c-2455c26fb356,2,0,2,19,1,1770014103,2026-02-02 01:37:00
1861680103893703034,3,3,0,16,1,1770014103,2026-02-02 01:37:00
141ba25c-f4ea-4cec-ae7e-022401e23087,5,0,3,5,1,1770014103,2026-02-02 01:37:00
66de1580-0aca-11e7-82f6-3863bb44ef7c,1,1,0,30,1,1770014104,2026-02-02 01:37:00
add829db-2feb-4e81-af61-056791a6e53b,0,0,0,24,1,1770014104,2026-02-02 01:37:00
a1cf7115-8e38-4300-aac8-3a2fddca0e23,16,2,14,8,1,1770014106,2026-02-02 01:37:00
2053884382031338034,0,0,0,42,1,1770014107,2026-02-02 01:37:00
66de20c8-0aca-11e7-82f6-3863bb44ef7c,3,3,0,22,1,1770014107,2026-02-02 01:37:00
77a498ea-5693-46cc-a4b1-6e428f574797,17,1,16,1,1,1770014107,2026-02-02 01:37:00
46a1ff6c-6131-414a-9ef6-65a8db7d305f,0,0,0,21,1,1770014107,2026-02-02 01:37:00
78e93937-53d1-4c9b-99ad-0460f908ed2d,5,3,2,4,1,1770014107,2026-02-02 01:37:00
1286480d-5d6d-4a47-9fac-e156dba2b6fc,35,21,14,2,1,1770014107,2026-02-02 01:37:00
2af3ecc3-4f43-468a-a7cc-bb4804ee3e7a,22,21,1,27,1,1770014108,2026-02-02 01:37:00
6fcad2af-c3e2-47a4-8942-023ae4047e67,10,8,2,2,1,1770014104,2026-02-02 01:37:00
66dcc65c-0aca-11e7-82f6-3863bb44ef7c,2,2,0,12,1,1770014104,2026-02-02 01:37:00
943be327-0320-4ae1-8eb0-8a56f86a4fb6,7,2,5,15,1,1770014104,2026-02-02 01:37:00
2126224759932600578,1,1,0,4,1,1770014105,2026-02-02 01:37:00
66dbce8a-0aca-11e7-82f6-3863bb44ef7c,43,23,19,5,1,1770014105,2026-02-02 01:37:00
b94cc90e-9ca2-4471-8371-23be051e0157,0,0,0,73,1,1770014106,2026-02-02 01:37:00
9dde927d-9984-4f97-bcd0-fbcb59e6ca66,10,0,10,5,1,1770014106,2026-02-02 01:37:00
2126621026154598618,9,2,7,3,1,1770014109,2026-02-02 01:37:00
66de1295-0aca-11e7-82f6-3863bb44ef7c,17,7,10,6,1,1770014108,2026-02-02 01:37:00
89171660-8cef-443f-8f75-67503532d1ce,5,0,5,8,1,1770014108,2026-02-02 01:37:00
66dbf73d-0aca-11e7-82f6-3863bb44ef7c,22,12,10,0,1,1770014108,2026-02-02 01:37:00
66dbc8f5-0aca-11e7-82f6-3863bb44ef7c,27,5,22,33,1,1770014109,2026-02-02 01:37:00
66de1b5b-0aca-11e7-82f6-3863bb44ef7c,1,1,0,17,1,1770014109,2026-02-02 01:37:00
1828969417249358046,3,1,2,16,1,1770014106,2026-02-02 01:37:00
66db3cab-0aca-11e7-82f6-3863bb44ef7c,2,2,0,22,1,1770014106,2026-02-02 01:37:00
c702c094-b08f-449d-a41d-b3724f147491,8,2,6,11,1,1770014106,2026-02-02 01:37:00
16cbe771-8fca-4437-b9d2-374e00da6c3a,7,1,6,13,1,1770014090,2026-02-02 01:37:00
490ca6cc-c2a2-4838-acf0-4704ed60dc51,6,4,2,37,1,1770014090,2026-02-02 01:37:00
66dde2d9-0aca-11e7-82f6-3863bb44ef7c,16,11,5,10,1,1770014090,2026-02-02 01:37:00
1791472201147965920,11,5,6,45,1,1770014090,2026-02-02 01:37:00
66dc3a1a-0aca-11e7-82f6-3863bb44ef7c,2,0,2,50,1,1770014090,2026-02-02 01:37:00
66dbe250-0aca-11e7-82f6-3863bb44ef7c,1,0,1,17,1,1770014096,2026-02-02 01:37:00
66dde9af-0aca-11e7-82f6-3863bb44ef7c,1,0,1,19,1,1770014095,2026-02-02 01:37:00
2a9e2320-083d-4044-aedf-0c15ecfefe61,2,0,2,21,1,1770014095,2026-02-02 01:37:00
49d2cd03-f508-483f-a7c9-7fd450e5e6db,11,1,10,4,1,1770014084,2026-02-02 01:37:00
0579ff13-5d5b-4cbd-bc6e-3e9396591aef,4,0,4,14,1,1770014084,2026-02-02 01:37:00
8cb0375d-bcb2-4c90-9773-41c3c8fdf8d8,3,3,0,74,1,1770014084,2026-02-02 01:37:00
1960020817312746312,47,20,27,61,1,1770014084,2026-02-02 01:37:00
66dd1b65-0aca-11e7-82f6-3863bb44ef7c,4,3,1,49,1,1770014084,2026-02-02 01:37:00
6c3b486e-603c-4158-91ac-adc06ac01535,15,10,5,9,1,1770014085,2026-02-02 01:37:00
672d71ab-2c23-4bd2-9ed2-34e54aa4b5b5,1,0,1,13,1,1770014084,2026-02-02 01:37:00
1838070703178521596,0,0,0,18,1,1770014091,2026-02-02 01:37:00
17aeb1e3-fd18-4cf9-9473-17dfa5b0a312,5,4,1,14,1,1770014091,2026-02-02 01:37:00
a35d03cf-bd72-4da4-a4ac-bd25b3f8dce3,7,0,7,9,1,1770014092,2026-02-02 01:37:00
c04cef84-3fcd-4fd9-9e40-8e07453dbe19,3,0,3,13,1,1770014092,2026-02-02 01:37:00
6853d09a-cbd8-4378-bc23-02e8bba0b4da,2,0,2,17,1,1770014092,2026-02-02 01:37:00
b1f3eb8c-07f9-479f-a8ab-f04e094bc7d0,9,2,7,9,1,1770014092,2026-02-02 01:37:00
af626e61-9f83-4602-a9b1-038b1c1430e6,12,0,12,6,1,1770014092,2026-02-02 01:37:00
ab692d1f-5a4a-4fff-b929-013c3a7e8a98,0,0,0,19,1,1770014092,2026-02-02 01:37:00
74a1dc19-f894-4246-99f1-476a92452995,0,0,0,23,1,1770014092,2026-02-02 01:37:00
b9970fb5-176c-4a66-8772-6d76c4b6245a,2,0,2,15,1,1770014092,2026-02-02 01:37:00
1597ea95-0b6b-425a-8d13-ed86ee0754b5,2,1,1,16,1,1770014094,2026-02-02 01:37:00
2121033124458338894,9,1,8,4,1,1770014095,2026-02-02 01:37:00
91ca68bd-5ac1-470b-a26d-1ec98ea9cca4,2,0,2,18,1,1770014095,2026-02-02 01:37:00
66dea4bf-0aca-11e7-82f6-3863bb44ef7c,26,5,21,6,1,1770014094,2026-02-02 01:37:00
3bdd81c8-3112-45e6-ae72-11a3f4fa5921,2,2,0,20,1,1770014094,2026-02-02 01:37:00
1789e458-c466-4d77-aba6-365f5c3823ed,4,0,4,16,1,1770014094,2026-02-02 01:37:00
0e82ab9f-8c93-4302-b9df-342f8135a05c,17,0,17,1,1,1770014094,2026-02-02 01:37:00
c05cd2e2-74e8-4526-a62b-d631e005fdd8,11,0,11,16,1,1770014109,2026-02-02 01:37:00
454b4a83-d0b1-42a2-8163-261e2a9d6ab9,0,0,0,74,1,1770014110,2026-02-02 01:37:00
66dbc982-0aca-11e7-82f6-3863bb44ef7c,11,6,5,93,1,1770014109,2026-02-02 01:37:00
1914337145288845316,15,2,13,6,1,1770014110,2026-02-02 01:37:00
1978170169761096104,14,1,13,14,1,1770014110,2026-02-02 01:37:00
38975061-0d90-43a3-87c1-8905b374d5d9,13,0,13,8,1,1770014110,2026-02-02 01:37:00
5d049d4b-0736-4323-834a-1b2454bd6551,4,3,1,18,1,1770014110,2026-02-02 01:37:00
1835250318514342456,10,2,8,16,1,1770014110,2026-02-02 01:37:00
2126225134412534550,7,5,2,1,1,1770014111,2026-02-02 01:37:00
66de1af4-0aca-11e7-82f6-3863bb44ef7c,2,2,0,24,1,1770014110,2026-02-02 01:37:00
0f9423bd-98dd-4919-b6e3-28880ff7ecca,1,0,1,15,1,1770014110,2026-02-02 01:37:00
66de56e5-0aca-11e7-82f6-3863bb44ef7c,16,2,14,4,1,1770014110,2026-02-02 01:37:00
acfeadeb-73bb-4ec3-b809-78675b01af74,1,0,1,15,1,1770014111,2026-02-02 01:37:00
2126622876727162948,4,0,4,5,1,1770014111,2026-02-02 01:37:00
e51c8b72-460f-41c2-a5ca-de85d3f46a30,15,1,13,31,1,1770014112,2026-02-02 01:37:00
5f0aa684-a1c5-4119-827f-7860f1cd4ccd,2,1,1,21,1,1770014111,2026-02-02 01:37:00
6661108f-28eb-4671-ad0c-36a311d325aa,7,1,6,7,1,1770014114,2026-02-02 01:37:00
1843486301383097150,1,0,1,24,1,1770014115,2026-02-02 01:37:00
2039088532741595744,35,7,28,7,1,1770014115,2026-02-02 01:37:00
de0c1800-f7cc-41b4-ab7a-c9d219180d06,15,6,9,38,1,1770014115,2026-02-02 01:37:00
8ce7325e-d5c7-46f9-9b73-95356e48c3eb,6,1,5,8,1,1770014115,2026-02-02 01:37:00
9f702c67-b591-4492-ba90-eb3c7e793dad,9,0,9,4,1,1770014115,2026-02-02 01:37:00
1431ec5c-242d-401b-b672-dbf95155999b,1,0,1,15,1,1770014115,2026-02-02 01:37:00
6067af3d-f7ed-4149-a394-2fc2eb295872,33,13,20,8,1,1770014116,2026-02-02 01:37:00
2122552934440059494,1,0,1,14,1,1770014116,2026-02-02 01:37:00
dd8627c8-4190-4a30-8758-e77a7b010437,10,1,9,31,1,1770014116,2026-02-02 01:37:00
66dc4bd9-0aca-11e7-82f6-3863bb44ef7c,59,54,5,17,1,1770014114,2026-02-02 01:37:00
10c13fe2-34cb-4aff-bea1-4f5ce877769b,8,0,8,9,1,1770014113,2026-02-02 01:37:00
66de1a8a-0aca-11e7-82f6-3863bb44ef7c,10,4,6,8,1,1770014114,2026-02-02 01:37:00
eb6c2359-4825-4bf4-8f2d-8b6dd2bf4212,7,5,2,25,1,1770014112,2026-02-02 01:37:00
c0b541ae-9e66-4739-babb-483180747dc2,2,1,1,14,1,1770014112,2026-02-02 01:37:00
8603535e-0d7a-4c5b-ae77-27b9f5770bfa,1,1,0,23,1,1770014112,2026-02-02 01:37:00
66db30e0-0aca-11e7-82f6-3863bb44ef7c,22,17,5,64,1,1770014112,2026-02-02 01:37:00
19002a4c-3229-450b-ad69-76948696e60d,0,0,0,18,1,1770014113,2026-02-02 01:37:00
66db95e5-0aca-11e7-82f6-3863bb44ef7c,30,7,23,4,1,1770014113,2026-02-02 01:37:00
1ec7ef9f-ab60-4a64-821d-883ba547273a,4,2,2,14,1,1770014113,2026-02-02 01:37:00
66de27da-0aca-11e7-82f6-3863bb44ef7c,15,9,6,6,1,1770014113,2026-02-02 01:37:00
1860189426558126796,6,0,6,12,1,1770014113,2026-02-02 01:37:00
59f0cb81-e31b-4ba9-9159-3437c52f7505,2,1,1,12,1,1770014116,2026-02-02 01:37:00
66db3f01-0aca-11e7-82f6-3863bb44ef7c,0,0,0,46,1,1770014117,2026-02-02 01:37:00
ab5585c8-c2cf-4bab-96cf-d02eced4f6e3,2,0,2,40,1,1770014110,2026-02-02 01:37:00
66db6387-0aca-11e7-82f6-3863bb44ef7c,74,31,43,15,1,1770014117,2026-02-02 01:37:00
5cb3a92d-f284-477c-bf63-ea72d24e8a7d,12,1,11,4,1,1770014116,2026-02-02 01:37:00
66dcec6b-0aca-11e7-82f6-3863bb44ef7c,8,4,4,24,1,1770014116,2026-02-02 01:37:00
66ddb595-0aca-11e7-82f6-3863bb44ef7c,2,1,1,16,1,1770014116,2026-02-02 01:37:00
918af7b2-e05c-477a-a8c0-7dcff984c566,8,0,8,23,1,1770014111,2026-02-02 01:37:00
1846449740982645546,15,1,14,5,1,1770014116,2026-02-02 01:37:00
66db3d2a-0aca-11e7-82f6-3863bb44ef7c,17,0,17,39,1,1770014093,2026-02-02 01:37:00
1900647078394106472,5,0,5,11,1,1770014093,2026-02-02 01:37:00
66dd42eb-0aca-11e7-82f6-3863bb44ef7c,4,4,0,53,1,1770014093,2026-02-02 01:37:00
c1144380-c1ac-4315-9b1a-4b4e870ac688,12,4,8,5,1,1770014093,2026-02-02 01:37:00
febf420f-bbec-4044-a3af-69959e018ccb,1,1,0,20,1,1770014099,2026-02-02 01:37:00
66db6cd4-0aca-11e7-82f6-3863bb44ef7c,8,2,6,42,1,1770014100,2026-02-02 01:37:00
98af0e1d-ea33-4c6e-95fe-97846e81081e,7,4,3,4,1,1770014100,2026-02-02 01:37:00
5b0b689f-9bd2-4743-b4cc-d4629a9a709b,18,1,17,2,1,1770014100,2026-02-02 01:37:00
66dd52c8-0aca-11e7-82f6-3863bb44ef7c,2,2,0,37,1,1770014100,2026-02-02 01:37:00
66de47bf-0aca-11e7-82f6-3863bb44ef7c,7,0,7,11,1,1770014100,2026-02-02 01:37:00
c5861c24-5ac1-41df-82f1-31748d03e868,44,34,10,12,1,1770014099,2026-02-02 01:37:00
66db3a1e-0aca-11e7-82f6-3863bb44ef7c,10,9,0,7,1,1770014099,2026-02-02 01:37:00
8c700e85-cfdb-4eef-ba49-53bd69c004ed,9,7,2,9,1,1770014099,2026-02-02 01:37:00
78ec2f0d-c309-46d4-8808-7eb1a0674e38,10,5,5,14,1,1770014100,2026-02-02 01:37:00
1835247352748090208,6,1,5,12,1,1770014096,2026-02-02 01:37:00
9e3603ee-2b7d-4147-a7b5-48bbd778902c,34,29,4,19,1,1770014096,2026-02-02 01:37:00
66dc8c90-0aca-11e7-82f6-3863bb44ef7c,2,0,2,18,1,1770014097,2026-02-02 01:37:00
66dd49eb-0aca-11e7-82f6-3863bb44ef7c,7,6,1,13,1,1770014101,2026-02-02 01:37:00
66dc78c4-0aca-11e7-82f6-3863bb44ef7c,13,10,3,39,1,1770014102,2026-02-02 01:37:00
412c1416-d15b-4e6a-9691-da4c3cc0d0d2,48,33,15,12,1,1770014102,2026-02-02 01:37:00
66dcf897-0aca-11e7-82f6-3863bb44ef7c,10,4,6,15,1,1770014103,2026-02-02 01:37:00
66de06ef-0aca-11e7-82f6-3863bb44ef7c,14,0,14,4,1,1770014102,2026-02-02 01:37:00
db02e1ea-acc1-4f45-8e3c-d37468b0b5a6,9,0,9,9,1,1770014103,2026-02-02 01:37:00
1817432606668538118,4,4,0,12,1,1770014101,2026-02-02 01:37:00
bf093f72-1d8d-44ae-91b5-e36958a27976,6,6,0,14,1,1770014101,2026-02-02 01:37:00
2126624466406238560,5,0,4,5,1,1770014101,2026-02-02 01:37:00
66de5d57-0aca-11e7-82f6-3863bb44ef7c,5,2,3,15,1,1770014102,2026-02-02 01:37:00
66db6aae-0aca-11e7-82f6-3863bb44ef7c,8,1,7,73,1,1770014101,2026-02-02 01:37:00
66dcca76-0aca-11e7-82f6-3863bb44ef7c,4,1,3,18,1,1770014100,2026-02-02 01:37:00
ab79da3d-f92a-42de-a76d-e05b5d7e724c,4,4,0,14,1,1770014100,2026-02-02 01:37:00
833bc8bc-3c32-4481-9c14-9a88aa7accec,20,15,5,19,1,1770014100,2026-02-02 01:37:00
66db32fb-0aca-11e7-82f6-3863bb44ef7c,4,0,4,93,1,1770014103,2026-02-02 01:37:00
1828966882896859944,4,1,3,12,1,1770014096,2026-02-02 01:37:00
05c5e17c-7aa9-49b7-9da3-9db4858ec1fc,13,10,3,7,1,1770014117,2026-02-02 01:37:00
43eac213-4603-4bc2-b6d6-b45013396282,23,8,15,5,1,1770014111,2026-02-02 01:37:00
1862787990429630662,1,0,1,17,1,1770014117,2026-02-02 01:37:00
66de2625-0aca-11e7-82f6-3863bb44ef7c,11,0,11,18,1,1770014117,2026-02-02 01:37:00
a11a0000-19cf-4053-b3a1-3a5886d7446c,14,0,14,22,1,1770014118,2026-02-02 01:37:00
50e05a9f-dce6-4315-a10d-1fa786fc18ee,6,2,4,33,1,1770014118,2026-02-02 01:37:00
66db4158-0aca-11e7-82f6-3863bb44ef7c,30,19,11,6,1,1770014117,2026-02-02 01:37:00
a381b37a-a928-4834-87ee-da9922cb3b3d,27,19,8,5,1,1770014118,2026-02-02 01:37:00
1823008749757202820,11,1,10,10,1,1770014118,2026-02-02 01:37:00
a6287af0-9a9e-4708-b61f-8e758be4b914,3,2,1,12,1,1770014118,2026-02-02 01:37:00
cb04be8e-8edc-4c9d-bfc0-76f94e3a3d9b,23,2,21,13,1,1770014118,2026-02-02 01:37:00
18d980e5-ba08-4bc3-832e-03eb71865768,14,4,10,3,1,1770014118,2026-02-02 01:37:00
1e590819-53fd-415c-bc28-aed605ad3bcb,2,0,2,14,1,1770014119,2026-02-02 01:37:00
876683ce-9bce-4fad-8d1c-6b331fa07b5c,18,2,16,25,1,1770014118,2026-02-02 01:37:00
1814900353536621062,15,2,13,7,1,1770014118,2026-02-02 01:37:00
6f484a9d-c535-451e-a18f-f3afdc0a27af,32,16,16,5,1,1770014119,2026-02-02 01:37:00
1861681435029604706,5,1,4,14,1,1770014119,2026-02-02 01:37:00
7efcb97f-6c8f-4445-86a9-3f758a822f17,4,4,0,28,1,1770014119,2026-02-02 01:37:00
2c366f4b-8319-41bf-ab8e-2fba3a952feb,4,0,4,35,1,1770014119,2026-02-02 01:37:00
1835250080052323168,0,0,0,0,0,86400,2026-02-02 01:37:00
2171903032377767128,0,0,0,0,0,86400,2026-02-02 01:37:00
2171903970740122034,0,0,0,0,0,86400,2026-02-02 01:37:00
2177015115528916668,0,0,0,0,0,86400,2026-02-02 01:37:00
2177015776583073844,0,0,0,0,0,86400,2026-02-02 01:37:00
2177017159407891310,0,0,0,0,0,86400,2026-02-02 01:37:00
2177015450536365760,0,0,0,0,0,86400,2026-02-02 01:37:00
2177015274071900204,0,0,0,0,0,86400,2026-02-02 01:37:00
2177016197335217002,0,0,0,0,0,86400,2026-02-02 01:37:00
2171902607371571344,0,0,0,0,0,86400,2026-02-02 01:37:00
2171903385631266470,0,0,0,0,0,86400,2026-02-02 01:37:00
1845676917264180046,0,0,0,9,0,1769922134,2026-02-02 01:37:00
1862787688044743624,0,0,0,8,0,1769919230,2026-02-02 01:37:00
7cd61426-ed98-434e-9235-56ed856fead6,0,0,0,16,0,1769998723,2026-02-02 01:37:00
1846085836152179090,0,0,0,15,0,1770001811,2026-02-02 01:37:00
1848241879913802606,0,0,0,1,0,1769998984,2026-02-02 01:37:00
1860188331547447938,0,0,0,16,0,1769942951,2026-02-02 01:37:00
66dbeb1b-0aca-11e7-82f6-3863bb44ef7c,0,0,0,29,0,1769977807,2026-02-02 01:37:00
2126224876714496782,3,0,3,1,1,1770013934,2026-02-02 01:37:00
66dbecd0-0aca-11e7-82f6-3863bb44ef7c,0,0,0,42,0,1769970561,2026-02-02 01:37:00
66dde703-0aca-11e7-82f6-3863bb44ef7c,0,0,0,18,0,1769947103,2026-02-02 01:37:00
1857217349795049790,0,0,0,11,0,1769851506,2026-02-02 01:37:00
61c82689-3f4c-495d-8f44-e71de8f04088,0,0,0,70,0,1769858367,2026-02-02 01:37:00
d29ea280-8b64-4a35-b12b-245525ae2a3a,0,0,0,42,0,1769937838,2026-02-02 01:37:00
340036c3-2787-4998-9a77-fe54f352d619,4,1,3,13,1,1770013962,2026-02-02 01:37:00
1861681740276243358,0,0,0,2,0,1769805304,2026-02-02 01:37:00
1817432346178415570,6,0,6,14,1,1770013999,2026-02-02 01:37:00
822d96e8-fb6c-463a-b866-aec9e408ad5e,13,3,10,1,1,1770014000,2026-02-02 01:37:00
4aa6bb27-b76b-444e-a3ce-6fb25b822494,1,1,0,19,1,1770013999,2026-02-02 01:37:00
914e3e7c-87da-4f52-aa03-5449c6361fa2,5,1,4,9,1,1770014000,2026-02-02 01:37:00
bb58e953-4953-4fbe-9ef2-367488dfef9b,4,1,3,13,1,1770014001,2026-02-02 01:37:00
1848242143834868452,9,1,8,2,1,1770014002,2026-02-02 01:37:00
8ec47777-852d-4059-a5ea-12eef71a9606,29,0,29,0,1,1770014002,2026-02-02 01:37:00
3fed8016-0be0-47f5-8663-2e850ec47288,1,0,0,1,0,1770005859,2026-02-02 01:37:00
c229f0ca-bdd1-4aa0-8906-a3e809e12889,10,0,10,12,1,1770013999,2026-02-02 01:37:00
d7c12bf1-1ec8-496a-beca-90ba76c53241,3,1,2,14,1,1770013997,2026-02-02 01:37:00
66dd3cb4-0aca-11e7-82f6-3863bb44ef7c,20,1,19,9,1,1770013998,2026-02-02 01:37:00
1891277309535701686,2,2,0,19,1,1770014004,2026-02-02 01:37:00
034f7f3d-e632-475a-aa01-894480d153df,4,3,1,10,1,1770014004,2026-02-02 01:37:00
2ad41c1f-5636-4a63-ad52-761e2613061a,3,1,2,16,1,1770014008,2026-02-02 01:37:00
324e55da-fec0-43a2-b622-27774381ab7f,2,2,0,15,1,1770014008,2026-02-02 01:37:00
1861680383828308814,3,3,0,14,1,1770014006,2026-02-02 01:37:00
66de4b0b-0aca-11e7-82f6-3863bb44ef7c,12,0,12,10,1,1770014007,2026-02-02 01:37:00
3e4a2c26-7527-469c-b4f4-1ef8d40fd20d,3,0,3,11,1,1770014003,2026-02-02 01:37:00
66dc2606-0aca-11e7-82f6-3863bb44ef7c,7,3,4,65,1,1770014003,2026-02-02 01:37:00
dee5a590-7cda-465e-8351-b0622a5e2ad3,5,0,5,12,1,1770014008,2026-02-02 01:37:00
201edb67-d071-4b67-bafd-131e5c273e9f,13,0,13,4,1,1770014013,2026-02-02 01:37:00
66db460d-0aca-11e7-82f6-3863bb44ef7c,23,2,21,0,1,1770014013,2026-02-02 01:37:00
fe6f022b-7fdb-44fe-80bb-cbfc500959bf,3,1,2,17,1,1770014010,2026-02-02 01:37:00
66ddf310-0aca-11e7-82f6-3863bb44ef7c,5,1,4,24,1,1770014010,2026-02-02 01:37:00
b1cdec34-d4f9-4313-be82-729bb9f7bb18,7,2,5,13,1,1770014010,2026-02-02 01:37:00
66dcb9f7-0aca-11e7-82f6-3863bb44ef7c,1,0,1,21,1,1770014014,2026-02-02 01:37:00
676b7b4d-b1c0-4c97-8ac3-5fe665e51108,0,0,0,22,1,1770014014,2026-02-02 01:37:00
66ddbdb1-0aca-11e7-82f6-3863bb44ef7c,0,0,0,20,1,1770014017,2026-02-02 01:37:00
1984510483573713186,17,10,7,42,1,1770014017,2026-02-02 01:37:00
e0a9ed84-55f9-40f5-90fa-87db17d2f933,11,0,11,3,1,1770014017,2026-02-02 01:37:00
adb67652-c20d-4dd2-8e89-d6015b801c1a,0,0,0,17,1,1770014017,2026-02-02 01:37:00
1ecc9936-ee0c-44b2-baa8-237564c8e4fd,26,0,26,8,1,1770014017,2026-02-02 01:37:00
1791188268875152272,35,6,29,1,1,1770014015,2026-02-02 01:37:00
8c2ed08f-1660-4db8-9168-4709427c23ed,0,0,0,15,1,1770014020,2026-02-02 01:37:00
1846086263936934630,13,1,12,1,1,1770014014,2026-02-02 01:37:00
3d835eaa-a102-42c5-b6c0-2c693b1d0677,11,7,4,31,1,1770014015,2026-02-02 01:37:00
c0ce2a38-04f5-4333-8818-2a3faa84f214,19,0,19,3,1,1770014015,2026-02-02 01:37:00
1861682182353914188,8,0,8,10,1,1770014018,2026-02-02 01:37:00
1905394575114219798,0,0,0,11,0,1769868163,2026-02-02 01:37:00
c466f15e-715f-411e-904e-1a71fb574cdd,58,32,26,1,1,1770014025,2026-02-02 01:37:00
89d4a926-f1ae-4bf2-bf2d-59cff3881579,54,15,39,4,1,1770014025,2026-02-02 01:37:00
1879828885264130640,11,4,7,7,1,1770014025,2026-02-02 01:37:00
1828966490867110420,3,0,3,11,1,1770014026,2026-02-02 01:37:00
66dbc745-0aca-11e7-82f6-3863bb44ef7c,6,3,3,31,1,1770014027,2026-02-02 01:37:00
cb4926e6-0a79-4902-80ee-d365fbf42aec,0,0,0,23,1,1770014027,2026-02-02 01:37:00
5d101095-011e-4541-ae64-bed8b52807b3,0,0,0,21,1,1770014026,2026-02-02 01:37:00
bcd3ee0f-21d7-4cc8-ac45-ccea48b6fc1b,9,7,2,9,1,1770014025,2026-02-02 01:37:00
d7c56fef-1bf9-4315-85af-8638c534b402,21,15,6,9,1,1770014026,2026-02-02 01:37:00
14391923-6727-4359-92e9-03e0b5094753,20,5,15,19,1,1770014022,2026-02-02 01:37:00
66de18d7-0aca-11e7-82f6-3863bb44ef7c,10,0,10,3,1,1770014023,2026-02-02 01:37:00
edc9b877-c311-46b4-a780-59ee7e692324,7,6,1,23,1,1770014023,2026-02-02 01:37:00
46bdd925-fb6c-4654-85d8-e0db4da62abf,0,0,0,25,1,1770014023,2026-02-02 01:37:00
3c73cc9f-3c09-4ac4-a4ea-22b4f027bf23,8,0,8,11,1,1770014023,2026-02-02 01:37:00
33af8810-cda5-4b61-9c38-0235f9d59aaa,19,1,18,8,1,1770014023,2026-02-02 01:37:00
92ffa9d6-8cb1-44cf-8059-391b03d58071,3,3,0,23,1,1770014023,2026-02-02 01:37:00
06e5447e-35b8-45cb-b3bb-937791a6f8ae,10,2,8,7,1,1770014024,2026-02-02 01:37:00
3893eeef-06a8-47b1-95f2-a85454f7d5c9,1,0,1,20,1,1770014021,2026-02-02 01:37:00
36aaebb9-ef10-41a5-b20b-753bf8a3fed8,0,0,0,17,1,1770014022,2026-02-02 01:37:00
66db3583-0aca-11e7-82f6-3863bb44ef7c,26,13,12,17,1,1770014022,2026-02-02 01:37:00
1794096824496960148,21,14,7,12,1,1770014031,2026-02-02 01:37:00
1913988158376585970,10,2,8,4,1,1770014031,2026-02-02 01:37:00
66dcc3e5-0aca-11e7-82f6-3863bb44ef7c,4,0,4,17,1,1770014032,2026-02-02 01:37:00
1960021056359127624,2,1,1,14,1,1770014030,2026-02-02 01:37:00
c4377169-c19e-47e1-90a4-c4e14bb41601,6,1,5,15,1,1770014030,2026-02-02 01:37:00
66db90f1-0aca-11e7-82f6-3863bb44ef7c,19,16,3,37,1,1770014028,2026-02-02 01:37:00
1828966747840428256,7,1,6,5,1,1770014028,2026-02-02 01:37:00
266c8621-fdea-4a7e-9d35-18ca1684d526,3,0,3,15,1,1770014028,2026-02-02 01:37:00
66de602e-0aca-11e7-82f6-3863bb44ef7c,37,0,37,3,1,1770014032,2026-02-02 01:37:00
66db5d92-0aca-11e7-82f6-3863bb44ef7c,0,0,0,19,1,1770014032,2026-02-02 01:37:00
66dcc44a-0aca-11e7-82f6-3863bb44ef7c,3,3,0,13,1,1770014031,2026-02-02 01:37:00
66dcc920-0aca-11e7-82f6-3863bb44ef7c,4,1,3,15,1,1770014030,2026-02-02 01:37:00
f3f46097-54cf-4c30-805a-6b2a4851eed7,0,0,0,24,1,1770014034,2026-02-02 01:37:00
66dbcb2f-0aca-11e7-82f6-3863bb44ef7c,40,24,16,7,1,1770014035,2026-02-02 01:37:00
66db2f4c-0aca-11e7-82f6-3863bb44ef7c,10,6,4,63,1,1770014034,2026-02-02 01:37:00
66dde7dc-0aca-11e7-82f6-3863bb44ef7c,1,1,0,20,1,1770014034,2026-02-02 01:37:00
66ddef2d-0aca-11e7-82f6-3863bb44ef7c,7,0,7,13,1,1770014034,2026-02-02 01:37:00
66dcf30d-0aca-11e7-82f6-3863bb44ef7c,12,11,1,10,1,1770014038,2026-02-02 01:37:00
dfb8b9c8-3006-4b76-963a-95f7471dc0a8,9,0,9,3,1,1770014036,2026-02-02 01:37:00
627c77c0-0088-4ba8-ba66-73e0e3d3fe77,3,0,3,20,1,1770014036,2026-02-02 01:37:00
4cfd4097-0aee-4f11-9aea-55f99397bf33,4,0,4,14,1,1770014038,2026-02-02 01:37:00
5a6218aa-c5b7-4436-93c1-dee7cb5322d9,9,6,3,8,1,1770014037,2026-02-02 01:37:00
9eb98b3b-ea35-483f-91f6-d90c506152db,7,0,7,14,1,1770014039,2026-02-02 01:37:00
014a931b-8e1c-438a-8a22-f267ddd1e0d2,35,13,22,1,1,1770014040,2026-02-02 01:37:00
18b19467-28ac-4496-b3e4-f6028b1c5105,3,1,2,24,1,1770014040,2026-02-02 01:37:00
8d8a381c-21df-4095-837e-65924d85a06d,0,0,0,18,1,1770014040,2026-02-02 01:37:00
4e862dc1-0652-4f29-a26f-315d763df67d,28,10,18,24,1,1770014040,2026-02-02 01:37:00
c36cfa58-29fe-4c0c-a14f-41c3463487fd,0,0,0,20,1,1770014040,2026-02-02 01:37:00
7af717b9-99ce-4cce-94b4-b445a40537a1,14,0,14,1,1,1770014040,2026-02-02 01:37:00
76c1ef9c-3984-4b4e-bff4-5c398e2395bd,2,1,1,17,1,1770014037,2026-02-02 01:37:00
f42b3158-3f78-4a62-964a-8cc554d69c35,13,1,12,1,1,1770014037,2026-02-02 01:37:00
1828968082192898522,0,0,0,20,1,1770014037,2026-02-02 01:37:00
1869439170989701358,17,0,17,1,1,1770014043,2026-02-02 01:37:00
11a8d465-b4eb-466b-a6ca-055f73994231,4,1,3,21,1,1770014041,2026-02-02 01:37:00
1797078913880883846,2,2,0,15,1,1770014041,2026-02-02 01:37:00
c3b255d8-b690-4825-b1e9-a1d1680e5542,7,2,5,5,1,1770014044,2026-02-02 01:37:00
f0115d11-c678-4274-8bb7-d486dbb63361,10,0,10,2,1,1770014045,2026-02-02 01:37:00
1817803079955479336,8,0,8,10,1,1770014045,2026-02-02 01:37:00
8dfff4bd-0f3c-43af-bc55-a63850f66c6b,3,1,2,12,1,1770014044,2026-02-02 01:37:00
66dc8382-0aca-11e7-82f6-3863bb44ef7c,15,8,7,63,1,1770014045,2026-02-02 01:37:00
2ec1235f-a043-4e3a-9ba1-56f7dd4624b7,9,1,8,10,1,1770014045,2026-02-02 01:37:00
ee1ba75f-baf5-4852-929c-8b7ad310f55a,18,8,10,4,1,1770014045,2026-02-02 01:37:00
f6143531-4a16-4aac-9b55-573ef7ef162e,2,0,2,14,1,1770014042,2026-02-02 01:37:00
66db5f40-0aca-11e7-82f6-3863bb44ef7c,23,23,0,7,1,1770014041,2026-02-02 01:37:00
b4ae292d-5e89-4c58-8154-0496893394b5,2,0,2,18,1,1770014043,2026-02-02 01:37:00
116dbc02-a3c1-4b65-9f73-2a09a2aa1379,51,25,26,8,1,1770014043,2026-02-02 01:37:00
814dd1a9-100c-4b1b-8110-6319bbd464e9,4,2,2,16,1,1770014041,2026-02-02 01:37:00
44a43ebf-cacf-4251-9ceb-e1c331ef1673,1,0,1,15,1,1770014042,2026-02-02 01:37:00
66dbf362-0aca-11e7-82f6-3863bb44ef7c,17,1,16,26,1,1770014048,2026-02-02 01:37:00
26599393-b967-44a6-a998-cb72ca53cd9e,10,1,9,7,1,1770014049,2026-02-02 01:37:00
af72781c-fe0b-4b73-a7df-201f9780ea9c,35,17,17,4,1,1770014049,2026-02-02 01:37:00
1875395639434791520,0,0,0,18,1,1770014049,2026-02-02 01:37:00
66dd4423-0aca-11e7-82f6-3863bb44ef7c,20,20,0,5,1,1770014049,2026-02-02 01:37:00
66dc7e75-0aca-11e7-82f6-3863bb44ef7c,5,3,2,62,1,1770014049,2026-02-02 01:37:00
0f6fd186-656a-41b3-ba4a-456d22da177c,19,1,18,4,1,1770014049,2026-02-02 01:37:00
ba7bf20d-b6bc-43dd-bf30-acb940eaeec8,0,0,0,15,1,1770014049,2026-02-02 01:37:00
66dc7c31-0aca-11e7-82f6-3863bb44ef7c,11,8,3,24,1,1770014050,2026-02-02 01:37:00
0b857ee5-3d10-4152-952e-95fbaf06677a,6,6,0,23,1,1770014050,2026-02-02 01:37:00
1fba77e2-66ab-4e9c-9f9a-4ec4f11fd80b,2,0,2,23,1,1770014047,2026-02-02 01:37:00
3d340fc5-8c86-4d5e-974d-ae28958e61e8,44,32,11,4,1,1770014068,2026-02-02 01:37:00
981f1311-004f-41c3-ba5b-3679f78aeb70,13,1,12,1,1,1770014068,2026-02-02 01:37:00
8066575c-f8e9-4e14-95ea-8d25ceeae2ca,7,2,5,21,1,1770014068,2026-02-02 01:37:00
66db4417-0aca-11e7-82f6-3863bb44ef7c,40,32,8,4,1,1770014068,2026-02-02 01:37:00
2fe3e166-2d2f-41c8-b522-fdf8ee3ae16f,2,2,0,13,1,1770014069,2026-02-02 01:37:00
2163290511399492946,5,2,3,2,1,1770014073,2026-02-02 01:37:00
e25f8dee-c110-489f-a978-464ac5c84ca2,16,1,15,7,1,1770014073,2026-02-02 01:37:00
8ea3301f-6940-4e0f-80f0-7a3e54b2eaa5,6,6,0,10,1,1770014073,2026-02-02 01:37:00
74f913d2-6eac-49ce-bd6d-53a06fa855a6,4,0,4,9,1,1770014074,2026-02-02 01:37:00
c1e24edf-7192-433f-8d38-be5b6b3647c5,0,0,0,22,1,1770014074,2026-02-02 01:37:00
66db3898-0aca-11e7-82f6-3863bb44ef7c,11,10,1,14,1,1770014074,2026-02-02 01:37:00
93e2e1a5-49c5-41f8-a6bf-b399b6a5140d,21,2,19,43,1,1770014073,2026-02-02 01:37:00
c6c10756-ef41-491a-8e6c-ee0aa27b8cbe,0,0,0,18,1,1770014073,2026-02-02 01:37:00
4fb1ee23-4511-47c4-8698-0c46673dc86c,0,0,0,18,1,1770014071,2026-02-02 01:37:00
566935d6-4d66-4b42-9822-f2a816e357b9,4,4,0,22,1,1770014072,2026-02-02 01:37:00
66db28b5-0aca-11e7-82f6-3863bb44ef7c,32,7,25,30,1,1770014076,2026-02-02 01:37:00
f3525aa7-9d69-4ea2-9278-4df92db1afa1,7,1,6,9,1,1770014057,2026-02-02 01:37:00
c72970e7-7f1a-4671-bf55-fc34be7c9413,9,1,8,6,1,1770014057,2026-02-02 01:37:00
1856767555236917834,17,2,15,3,1,1770014046,2026-02-02 01:37:00
3d6b7c84-7e5a-454d-aa9d-c66eb92383be,0,0,0,19,0,1769856530,2026-02-02 01:37:00
1835244925191295588,1,1,0,21,1,1770014047,2026-02-02 01:37:00
ce700c09-6095-4b20-ab65-07defdd1a7d7,9,0,9,5,1,1770014047,2026-02-02 01:37:00
82b97827-1801-4b7b-b3de-16447a8dd025,2,1,1,15,1,1770014047,2026-02-02 01:37:00
971cddfa-695e-4b44-ba8b-26154ab4a83b,1,0,1,14,1,1770014058,2026-02-02 01:37:00
1814907277023901890,14,1,13,2,1,1770014049,2026-02-02 01:37:00
66dd9b0f-0aca-11e7-82f6-3863bb44ef7c,10,7,3,24,1,1770014049,2026-02-02 01:37:00
a68acb0c-4244-416a-bf59-ca55d3120cdd,11,8,3,1,1,1770014047,2026-02-02 01:37:00
1890927910885612334,16,0,16,2,1,1770014047,2026-02-02 01:37:00
d4c34830-972f-4cd1-81bb-071df209d065,1,0,1,19,1,1770014054,2026-02-02 01:37:00
1828968462257099768,1,1,0,18,1,1770014050,2026-02-02 01:37:00
1828967208126648828,3,0,3,15,1,1770014096,2026-02-02 01:37:00
7b0227aa-bbf5-4731-a49a-765b4afac483,31,9,22,35,1,1770014097,2026-02-02 01:37:00
298d4e45-c6d2-45f1-a07a-11606026a6e4,7,3,4,16,1,1770014097,2026-02-02 01:37:00
0cb63737-64c9-42a9-9479-280d49ed015a,5,0,5,14,1,1770014097,2026-02-02 01:37:00
c9e76fa9-54e2-4161-9798-4787bf04217a,7,1,6,8,1,1770014097,2026-02-02 01:37:00
a7a175ff-8ffb-477c-a40b-6d47ce92305d,5,1,4,11,1,1770014097,2026-02-02 01:37:00
2124037510131026812,11,6,5,6,1,1770014097,2026-02-02 01:37:00
66de4897-0aca-11e7-82f6-3863bb44ef7c,10,0,10,4,1,1770014098,2026-02-02 01:37:00
66dcba5e-0aca-11e7-82f6-3863bb44ef7c,10,0,10,6,1,1770014099,2026-02-02 01:37:00
66dc210e-0aca-11e7-82f6-3863bb44ef7c,4,4,0,29,1,1770014099,2026-02-02 01:37:00
7d41ac98-df88-497a-aef9-968660e6da0f,16,4,12,18,1,1770014099,2026-02-02 01:37:00
1967778612889039234,7,5,2,20,1,1770014095,2026-02-02 01:37:00
3c5a8531-4eec-4695-b4f8-8a1158890e78,7,5,2,9,1,1770014097,2026-02-02 01:37:00
16836c76-c412-4ec3-bac8-3c6a5a3d9745,11,9,2,9,1,1770014094,2026-02-02 01:37:00
16c54bf4-194b-4f26-9c49-a42901b4748d,7,4,3,14,1,1770014094,2026-02-02 01:37:00
7b56cbab-9d93-4043-bfa5-63eb6b3e5281,13,7,6,3,1,1770014100,2026-02-02 01:37:00
de97a7d0-fbb3-4c13-ba6a-2bbd441751fe,4,0,4,14,1,1770014100,2026-02-02 01:37:00
3edec530-4791-4872-8912-2a2397a903a4,41,15,25,9,1,1770014100,2026-02-02 01:37:00
2025623258130320038,12,2,10,13,1,1770014100,2026-02-02 01:37:00
1834145204469569922,2,0,2,16,1,1770014101,2026-02-02 01:37:00
b9b58379-b29a-4fa8-ba72-c647728e1686,12,4,8,7,1,1770014098,2026-02-02 01:37:00
66dd1eb2-0aca-11e7-82f6-3863bb44ef7c,18,0,18,4,1,1770014098,2026-02-02 01:37:00
1b962833-d769-418e-b1ef-5a183bb5eb1a,8,3,5,9,1,1770014098,2026-02-02 01:37:00
1828968327357059242,9,1,8,10,1,1770014098,2026-02-02 01:37:00
b5861c2d-d687-4308-bf2d-5f69fc28cc4a,16,0,16,4,1,1770014100,2026-02-02 01:37:00
1838999304404452058,11,0,11,3,1,1770014061,2026-02-02 01:37:00
1913990214925537808,15,5,10,5,1,1770014060,2026-02-02 01:37:00
1786696780996714874,6,4,2,13,1,1770014061,2026-02-02 01:37:00
66dbefee-0aca-11e7-82f6-3863bb44ef7c,2,1,1,12,1,1770014061,2026-02-02 01:37:00
6fefe1b3-5f0d-47aa-b1dd-cec211239950,0,0,0,20,0,1769937158,2026-02-02 01:37:00
b83b2a73-af8e-4b82-b61e-aeaaf075fbe2,1,1,0,22,1,1770014053,2026-02-02 01:37:00
13b82a41-c25b-428f-a07b-5f5d8340c6f2,0,0,0,18,1,1770014053,2026-02-02 01:37:00
66db3816-0aca-11e7-82f6-3863bb44ef7c,23,6,17,0,1,1770014054,2026-02-02 01:37:00
bdc116cd-4d63-4693-846c-ec5073314007,5,2,3,10,1,1770014054,2026-02-02 01:37:00
9d56294e-61fc-4176-bb9c-4692f45bb374,12,1,11,1,1,1770014055,2026-02-02 01:37:00
0258da92-f770-4acc-b20b-91b78aff791e,17,1,16,4,1,1770014056,2026-02-02 01:37:00
3575749f-123a-4a80-870d-7ca7c7f9c8a9,3,2,1,21,1,1770014051,2026-02-02 01:37:00
7c42f9fc-d280-4841-ad96-e3cc53ee3759,8,1,7,12,1,1770014063,2026-02-02 01:37:00
8b830188-101e-44bf-a755-5e6c611e3edc,19,1,18,3,1,1770014063,2026-02-02 01:37:00
0575e356-72f4-4251-8e15-574cf60bd190,3,0,3,11,1,1770014064,2026-02-02 01:37:00
fcb1c3a3-04b6-45cf-bc9a-deb71198804e,2,1,1,16,1,1770014064,2026-02-02 01:37:00
08bf2fe0-219d-48cd-87c5-6163b3a2eafd,6,3,3,15,1,1770014064,2026-02-02 01:37:00
9be6c750-85b6-4e81-bace-1a8ffe941d7b,11,8,3,7,1,1770014064,2026-02-02 01:37:00
a6492ad5-d13e-48b0-a0d5-08e60ad93e53,55,16,39,1,1,1770014064,2026-02-02 01:37:00
454fe70c-1d53-4af2-a9ea-1d4bd9f59799,2,2,0,12,1,1770014061,2026-02-02 01:37:00
66dc89ae-0aca-11e7-82f6-3863bb44ef7c,8,0,8,23,1,1770014052,2026-02-02 01:37:00
66db3e32-0aca-11e7-82f6-3863bb44ef7c,27,2,25,10,1,1770014051,2026-02-02 01:37:00
b16e9f3f-9b07-486f-a1ca-c76030f5ea64,8,1,7,12,1,1770014065,2026-02-02 01:37:00
9b0c2c99-214f-4e15-b476-1626c03a9e4e,29,15,14,29,1,1770014065,2026-02-02 01:37:00
66dc4334-0aca-11e7-82f6-3863bb44ef7c,6,4,2,16,1,1770014066,2026-02-02 01:37:00
c7dbc7b5-240b-494d-8663-dbee4103a20c,0,0,0,19,1,1770014066,2026-02-02 01:37:00
66ddd545-0aca-11e7-82f6-3863bb44ef7c,67,51,16,6,1,1770014066,2026-02-02 01:37:00
e36b5913-8e46-4c2a-b9be-73bdf8ee548b,11,6,5,41,1,1770014070,2026-02-02 01:37:00
fffb18be-14b3-412f-a808-107a98cd9e58,1,1,0,16,1,1770014067,2026-02-02 01:37:00
1963272613486484230,55,39,16,8,1,1770014066,2026-02-02 01:37:00
f365afa3-e8a5-439d-975d-6c2b064f30df,6,0,6,19,1,1770014066,2026-02-02 01:37:00
1856767361963389606,9,2,7,0,1,1770014069,2026-02-02 01:37:00
067b53bd-33bf-4698-8103-3931a5f32a37,3,2,1,13,1,1770014069,2026-02-02 01:37:00
e3470e29-934c-41f1-8fe7-82135ed2d620,13,2,11,43,1,1770014069,2026-02-02 01:37:00
1880644037244334512,15,9,6,3,1,1770014064,2026-02-02 01:37:00
1882736243099681438,26,6,20,4,1,1770014067,2026-02-02 01:37:00
66dbbeda-0aca-11e7-82f6-3863bb44ef7c,23,15,8,51,1,1770014101,2026-02-02 01:37:00
7e70b65e-00c1-40d5-984d-17232a4ee05e,16,3,13,21,1,1770014101,2026-02-02 01:37:00
66dd4356-0aca-11e7-82f6-3863bb44ef7c,5,4,1,25,1,1770014101,2026-02-02 01:37:00
081d243e-d75e-4e2a-bdae-a990b2397532,3,0,3,20,1,1770014102,2026-02-02 01:37:00
66de077f-0aca-11e7-82f6-3863bb44ef7c,3,1,2,44,1,1770014101,2026-02-02 01:37:00
66de0dfd-0aca-11e7-82f6-3863bb44ef7c,1,1,0,38,1,1770014103,2026-02-02 01:37:00
5fdf435f-6080-4b1d-966c-3b9d08450c4d,8,1,7,11,1,1770014104,2026-02-02 01:37:00
4bc6f4d0-edd5-4eb0-a704-f7ce0d693aac,3,2,1,16,1,1770014104,2026-02-02 01:37:00
1835249197527877718,1,0,1,16,1,1770014104,2026-02-02 01:37:00
d9160982-2d9b-4f08-9469-a559a7b62809,3,1,2,78,1,1770014104,2026-02-02 01:37:00
70634bc4-4d90-42d4-8f6a-3f29fa8f7f77,17,12,4,8,1,1770014104,2026-02-02 01:37:00
66dcf922-0aca-11e7-82f6-3863bb44ef7c,10,0,10,8,1,1770014105,2026-02-02 01:37:00
66dea8ff-0aca-11e7-82f6-3863bb44ef7c,8,4,4,24,1,1770014102,2026-02-02 01:37:00
66dbf140-0aca-11e7-82f6-3863bb44ef7c,52,29,23,4,1,1770014102,2026-02-02 01:37:00
66dd9dba-0aca-11e7-82f6-3863bb44ef7c,20,15,5,18,1,1770014102,2026-02-02 01:37:00
ff1e98d3-ae7d-4c53-a531-1845bee1d346,2,2,0,33,1,1770014103,2026-02-02 01:37:00
272c0389-5e4a-41a9-ad6c-2dccdfa55af9,1,1,0,23,1,1770014102,2026-02-02 01:37:00
b53b5e8f-9503-48d1-b3e3-9347ecef38e2,11,3,8,17,1,1770014103,2026-02-02 01:37:00
1864605926072998676,0,0,0,18,1,1770014101,2026-02-02 01:37:00
a5bd1f58-7df8-4df6-9636-372f1bc194be,31,8,23,7,1,1770014104,2026-02-02 01:37:00
2088792249063596144,14,7,7,6,1,1770014105,2026-02-02 01:37:00
05d03a63-b5f2-40d9-9a3d-d2fe666a307f,7,0,7,15,1,1770014105,2026-02-02 01:37:00
72719900-dd61-40bd-9f4a-40d70c47590c,14,7,6,6,1,1770014105,2026-02-02 01:37:00
fc5ee04d-710b-45ba-aae0-303b8e95ea89,6,1,5,12,1,1770014103,2026-02-02 01:37:00
66dd2292-0aca-11e7-82f6-3863bb44ef7c,31,31,0,11,1,1770014105,2026-02-02 01:37:00
1817432709747753390,8,1,7,11,1,1770014105,2026-02-02 01:37:00
178bad16-1b02-4264-94c0-a8fd0faa60fe,4,4,0,25,1,1770014106,2026-02-02 01:37:00
66dc7802-0aca-11e7-82f6-3863bb44ef7c,16,4,12,35,1,1770014106,2026-02-02 01:37:00
cda60c6d-80f3-41b7-8ece-fe997f6dafb5,4,0,4,13,1,1770014106,2026-02-02 01:37:00
2126624118513887578,6,5,1,0,1,1770014107,2026-02-02 01:37:00
3a51a25f-3e9b-4aea-84ee-39e9a3acc7fd,11,1,10,7,1,1770014108,2026-02-02 01:37:00
1846086027713733188,11,4,7,4,1,1770014109,2026-02-02 01:37:00
ee1d39c5-47c8-4527-9456-3719c50b7be5,10,2,8,3,1,1770014108,2026-02-02 01:37:00
1857515306802639416,12,0,12,8,1,1770014110,2026-02-02 01:37:00
5782a158-b596-4936-a451-32ccc131a57d,1,0,1,17,1,1770014110,2026-02-02 01:37:00
5b4a4b20-539b-47c1-9228-1f1f124b3ec9,15,0,15,5,1,1770014106,2026-02-02 01:37:00
66dc462a-0aca-11e7-82f6-3863bb44ef7c,47,45,2,9,1,1770014109,2026-02-02 01:37:00
d7a7789b-a052-4a69-a4ec-59436b0f8d75,6,1,5,8,1,1770014109,2026-02-02 01:37:00
023127f2-a6e0-4fae-ba34-178acccb993e,1,1,0,18,1,1770014111,2026-02-02 01:37:00
1838070940162509196,3,0,3,16,1,1770014111,2026-02-02 01:37:00
7e36cd9b-b271-42e5-b344-b7a3771c795e,20,6,14,25,1,1770014111,2026-02-02 01:37:00
1835246516012366338,0,0,0,20,1,1770014111,2026-02-02 01:37:00
66dbf215-0aca-11e7-82f6-3863bb44ef7c,21,4,17,10,1,1770014112,2026-02-02 01:37:00
7155b0a6-2545-4b02-ae8c-9c0c4220f8c3,0,0,0,19,1,1770014112,2026-02-02 01:37:00
8c6cba48-d803-4a90-99f7-e06edcdbbf92,2,1,1,18,1,1770014111,2026-02-02 01:37:00
66db9675-0aca-11e7-82f6-3863bb44ef7c,9,8,1,15,1,1770014111,2026-02-02 01:37:00
c0f952d9-538e-4836-b936-fa97123cbf13,1,0,1,16,1,1770014109,2026-02-02 01:37:00
5a5a38d1-f28d-4e51-bf85-27bb384135c7,23,2,21,4,1,1770014110,2026-02-02 01:37:00
1828966227118051662,10,0,10,3,1,1770014111,2026-02-02 01:37:00
1861683217585879154,20,3,17,11,1,1770014058,2026-02-02 01:37:00
28a2436d-a52b-4fa4-874c-e096012a926d,9,8,1,4,1,1770014059,2026-02-02 01:37:00
b471c112-1770-4dfe-9e13-fe7479dcb5a5,18,0,18,1,1,1770014058,2026-02-02 01:37:00
0e8bfd72-c494-4d3e-85e2-4f98b801fe3b,2,1,1,16,1,1770014079,2026-02-02 01:37:00
1828967499459705054,9,0,9,8,1,1770014079,2026-02-02 01:37:00
66ddeb67-0aca-11e7-82f6-3863bb44ef7c,8,0,8,8,1,1770014079,2026-02-02 01:37:00
5ffde991-1125-443e-bc97-6827b2b9c97b,16,0,16,0,1,1770014079,2026-02-02 01:37:00
66ddebce-0aca-11e7-82f6-3863bb44ef7c,22,16,6,1,1,1770014080,2026-02-02 01:37:00
941ea42c-47fe-4d63-a6f5-e0e200f01633,7,2,5,8,1,1770014079,2026-02-02 01:37:00
a82599ce-99ca-4670-8053-baada198034a,47,0,47,3,1,1770014080,2026-02-02 01:37:00
0efa08a3-1c38-48fe-ab37-8c9b72b20126,10,0,10,5,1,1770014080,2026-02-02 01:37:00
1869754143518014264,17,0,17,15,1,1770014080,2026-02-02 01:37:00
039d4cc9-8560-4d22-88c3-20753c54a50f,9,0,8,15,1,1770014080,2026-02-02 01:37:00
1dba415a-2c46-419e-838d-7e068b8d7d6f,8,1,7,9,1,1770014080,2026-02-02 01:37:00
66dc0f1b-0aca-11e7-82f6-3863bb44ef7c,48,35,13,5,1,1770014080,2026-02-02 01:37:00
f3eb962c-314a-4431-bac7-2eb2ffbe2fd2,2,0,2,14,1,1770014080,2026-02-02 01:37:00
60c5a043-1367-4a27-96ee-394ba60e2154,15,6,9,13,1,1770014081,2026-02-02 01:37:00
2ec2f95c-675c-4c59-856f-1fb38df59fa2,1,1,0,15,1,1770014081,2026-02-02 01:37:00
b79bb851-130f-473d-83fc-f602aa0a4ca9,5,2,3,15,1,1770014075,2026-02-02 01:37:00
66de0c43-0aca-11e7-82f6-3863bb44ef7c,15,2,13,7,1,1770014074,2026-02-02 01:37:00
5b4a90b8-426d-4a40-a7ca-87e51d690883,11,10,1,20,1,1770014075,2026-02-02 01:37:00
99b7c9a5-9679-417f-b884-21c4b240aa99,4,1,3,12,1,1770014075,2026-02-02 01:37:00
a4c9faeb-2234-457d-ad56-1ab14104b538,8,4,4,9,1,1770014075,2026-02-02 01:37:00
66dc176f-0aca-11e7-82f6-3863bb44ef7c,50,39,11,7,1,1770014075,2026-02-02 01:37:00
8f3a6711-fd05-4ce1-acf8-9d72b4a1bf97,3,3,0,16,1,1770014075,2026-02-02 01:37:00
d5d2aebc-158c-43ec-9105-2a779d0245d8,0,0,0,18,1,1770014075,2026-02-02 01:37:00
1835246381185208614,1,0,1,19,1,1770014081,2026-02-02 01:37:00
1849009794224623642,11,0,11,0,1,1770014081,2026-02-02 01:37:00
7c7cb750-6613-48a4-bfae-9240968f1fad,5,1,4,30,1,1770014081,2026-02-02 01:37:00
eab2749b-2f79-4797-a0a6-0579b27e6929,17,1,16,20,1,1770014082,2026-02-02 01:37:00
4956ad8b-06d6-4af4-bcc8-735c45439608,3,2,1,12,1,1770014077,2026-02-02 01:37:00
32d3adc3-c3dd-4a97-a4db-95d467f3c3aa,13,12,1,15,1,1770014078,2026-02-02 01:37:00
1885440410432338078,0,0,0,20,1,1770014079,2026-02-02 01:37:00
66dc8d1d-0aca-11e7-82f6-3863bb44ef7c,9,2,7,46,1,1770014077,2026-02-02 01:37:00
1960021358478625244,11,8,3,52,1,1770014082,2026-02-02 01:37:00
66dbc7d2-0aca-11e7-82f6-3863bb44ef7c,8,0,8,21,1,1770014061,2026-02-02 01:37:00
5864d88d-a0fd-40ad-beee-896118d9360d,0,0,0,3,0,1769931422,2026-02-02 01:37:00
f8c1c90f-4ec0-44bd-b097-cfafc887744d,29,1,28,4,1,1770014062,2026-02-02 01:37:00
66dc4fb5-0aca-11e7-82f6-3863bb44ef7c,17,7,10,15,1,1770014062,2026-02-02 01:37:00
b976906e-81c4-44c5-a160-e17815c0d47b,10,1,9,18,1,1770014093,2026-02-02 01:37:00
1a92d2d3-ddf1-4f34-b28c-ce7a064b9a3e,9,3,6,7,1,1770014093,2026-02-02 01:37:00
bda1fab4-5065-42df-a8ff-514e6064ab6e,17,0,17,3,1,1770014093,2026-02-02 01:37:00
06109e92-4363-445a-9743-0457f6799530,17,5,12,55,1,1770014094,2026-02-02 01:37:00
66db728c-0aca-11e7-82f6-3863bb44ef7c,18,9,9,32,1,1770014093,2026-02-02 01:37:00
66dc8025-0aca-11e7-82f6-3863bb44ef7c,6,5,1,59,1,1770014094,2026-02-02 01:37:00
00d3e65e-b614-4408-aaa9-939ed96ce645,33,30,3,7,1,1770014094,2026-02-02 01:37:00
66dcecfa-0aca-11e7-82f6-3863bb44ef7c,4,2,2,25,1,1770014088,2026-02-02 01:37:00
2527619f-ef89-425c-bf3b-60cc0ec519bf,18,6,12,30,1,1770014089,2026-02-02 01:37:00
f6cf3ecc-b3ad-4291-8c24-277f28f64ba1,15,4,11,6,1,1770014088,2026-02-02 01:37:00
e63c8dac-ab44-48c8-83a0-92c53a00f12e,1,0,1,25,1,1770014091,2026-02-02 01:37:00
398ebef6-dcc2-4305-b1d2-47efafdaa85c,2,1,1,16,1,1770014091,2026-02-02 01:37:00
1792225684155730482,16,15,1,6,1,1770014091,2026-02-02 01:37:00
36d80620-9774-487e-8eb0-cf5f18a39321,6,6,0,19,1,1770014092,2026-02-02 01:37:00
6cb5fac5-f7e8-4ec9-94cf-816771d91ecd,16,0,16,11,1,1770014092,2026-02-02 01:37:00
ee70b21e-4a95-4bdf-802c-50f83a76971d,9,2,7,15,1,1770014092,2026-02-02 01:37:00
b7af52d2-fd23-4970-8513-be7c681480c4,36,20,16,4,1,1770014090,2026-02-02 01:37:00
1846086562569586930,7,1,6,8,1,1770014090,2026-02-02 01:37:00
7a8bf573-275f-41d5-ad8b-1ff9ee7c2dce,12,1,11,15,1,1770014090,2026-02-02 01:37:00
66db43b5-0aca-11e7-82f6-3863bb44ef7c,2,1,1,14,1,1770014090,2026-02-02 01:37:00
66db930d-0aca-11e7-82f6-3863bb44ef7c,3,1,2,23,1,1770014091,2026-02-02 01:37:00
1860189075388547142,2,1,1,16,1,1770014092,2026-02-02 01:37:00
2123938400844950144,3,0,3,13,1,1770014093,2026-02-02 01:37:00
66dccc99-0aca-11e7-82f6-3863bb44ef7c,13,2,11,17,1,1770014092,2026-02-02 01:37:00
1945126022626996350,4,0,4,22,1,1770014093,2026-02-02 01:37:00
1851947582840610924,4,1,3,16,1,1770014093,2026-02-02 01:37:00
9206af28-03bf-43e3-a8b0-354792921466,6,1,5,12,1,1770014089,2026-02-02 01:37:00
1786686999403592506,2,2,0,24,1,1770014089,2026-02-02 01:37:00
66dd1bf3-0aca-11e7-82f6-3863bb44ef7c,43,10,33,4,1,1770014092,2026-02-02 01:37:00
f47e1ce9-ff3f-49e9-9a2f-aa5be45d70da,9,0,9,10,1,1770014092,2026-02-02 01:37:00
66dc7d58-0aca-11e7-82f6-3863bb44ef7c,24,7,17,41,1,1770014093,2026-02-02 01:37:00
1849010295160437584,11,7,4,0,1,1770014062,2026-02-02 01:37:00
66dd4f9b-0aca-11e7-82f6-3863bb44ef7c,12,4,7,9,1,1770014063,2026-02-02 01:37:00
66de4336-0aca-11e7-82f6-3863bb44ef7c,5,2,3,24,1,1770014082,2026-02-02 01:37:00
1815968345907104578,11,1,10,11,1,1770014082,2026-02-02 01:37:00
66dc11a7-0aca-11e7-82f6-3863bb44ef7c,36,12,24,30,1,1770014082,2026-02-02 01:37:00
66dde271-0aca-11e7-82f6-3863bb44ef7c,8,4,4,31,1,1770014083,2026-02-02 01:37:00
606c7384-75e9-4988-858a-07b88b3a9413,19,3,16,13,1,1770014082,2026-02-02 01:37:00
1861681959015615218,1,1,0,24,1,1770014083,2026-02-02 01:37:00
2123939242997647892,5,1,4,6,1,1770014083,2026-02-02 01:37:00
3ac37967-e174-421a-bfeb-d02249fb1266,5,4,1,17,1,1770014083,2026-02-02 01:37:00
1835247598942507168,1,1,0,16,1,1770014086,2026-02-02 01:37:00
c8197f4b-02b0-4cc3-96af-df5fec27a279,1,1,0,15,1,1770014086,2026-02-02 01:37:00
f47c7f15-1c30-4199-a09f-134f0f0f684b,8,2,6,16,1,1770014087,2026-02-02 01:37:00
89ff4db3-8a29-4565-a366-6fea4b3afc39,11,3,8,1,1,1770014087,2026-02-02 01:37:00
00d94dfc-3695-47e1-aba6-7f319dd2eb08,3,0,3,18,1,1770014087,2026-02-02 01:37:00
66dc42a0-0aca-11e7-82f6-3863bb44ef7c,9,5,4,15,1,1770014085,2026-02-02 01:37:00
6dec8948-44c7-4085-9682-446a891feb42,8,0,8,6,1,1770014085,2026-02-02 01:37:00
0df3a035-5a38-4ec2-826a-0a5376e8d8a0,2,1,1,19,1,1770014084,2026-02-02 01:37:00
49703a2d-15e9-4af4-b80e-cca664d7ea18,5,2,3,14,1,1770014084,2026-02-02 01:37:00
00284700-9d22-42ce-8485-113fed9879c1,2,1,1,15,1,1770014110,2026-02-02 01:37:00
66de14af-0aca-11e7-82f6-3863bb44ef7c,12,3,9,14,1,1770014112,2026-02-02 01:37:00
d5cb6e67-addb-46d4-93e7-832371736d45,14,0,14,16,1,1770014113,2026-02-02 01:37:00
186092d1-a431-45db-8198-d5ba13334d79,11,0,11,8,1,1770014113,2026-02-02 01:37:00
2126623405008140358,4,3,1,4,1,1770014113,2026-02-02 01:37:00
2126965369631090816,4,2,2,6,1,1770014113,2026-02-02 01:37:00
1856767203049599002,6,1,5,6,1,1770014113,2026-02-02 01:37:00
66dc1702-0aca-11e7-82f6-3863bb44ef7c,34,27,7,31,1,1770014113,2026-02-02 01:37:00
6ff2eec8-2b72-490a-b1c3-f9892ab3a724,2,2,0,41,1,1770014113,2026-02-02 01:37:00
66db3fc9-0aca-11e7-82f6-3863bb44ef7c,18,13,5,10,1,1770014114,2026-02-02 01:37:00
2124425954553309758,8,4,4,1,1,1770014114,2026-02-02 01:37:00
0e3dedfb-df10-4900-a67b-95349a81bc5c,15,5,10,0,1,1770014110,2026-02-02 01:37:00
fc774664-3c9b-4a8f-a79e-f6907db00a1d,11,7,4,19,1,1770014114,2026-02-02 01:37:00
3b530cff-dd26-4cfd-b570-a85fd53354fe,27,10,17,9,1,1770014114,2026-02-02 01:37:00
b43ecf62-4c9d-4b06-ac9a-5837084f769f,1,0,1,19,1,1770014114,2026-02-02 01:37:00
3ac7b47b-2253-4a0b-bf7d-8a2eb6b78a38,10,5,5,21,1,1770014114,2026-02-02 01:37:00
23539f3b-fb83-4f34-b8b8-9f1f37b5e646,21,2,19,7,1,1770014114,2026-02-02 01:37:00
49f86083-851b-475d-b9ab-64e01b81f725,5,2,3,17,1,1770014114,2026-02-02 01:37:00
699d3378-6ea8-465f-888b-c49c60089ce8,0,0,0,16,1,1770014115,2026-02-02 01:37:00
1abd4668-ed6b-4930-8177-17239ae75a9e,2,1,1,17,1,1770014115,2026-02-02 01:37:00
1835250199411134468,5,0,5,17,1,1770014115,2026-02-02 01:37:00
0e240143-2f86-4754-8345-4994750d99f1,10,0,10,7,1,1770014115,2026-02-02 01:37:00
66de0a0a-0aca-11e7-82f6-3863bb44ef7c,13,2,11,3,1,1770014115,2026-02-02 01:37:00
90fca941-2212-43bf-b104-ce32c4270d4d,1,1,0,17,1,1770014116,2026-02-02 01:37:00
66db72f1-0aca-11e7-82f6-3863bb44ef7c,30,10,20,13,1,1770014116,2026-02-02 01:37:00
66dbf6d2-0aca-11e7-82f6-3863bb44ef7c,12,0,12,17,1,1770014116,2026-02-02 01:37:00
66dce660-0aca-11e7-82f6-3863bb44ef7c,4,0,4,19,1,1770014116,2026-02-02 01:37:00
2126621627432855870,5,0,5,4,1,1770014116,2026-02-02 01:37:00
1d440638-ec50-4ccb-9a82-0e3247a87c63,26,12,14,6,1,1770014116,2026-02-02 01:37:00
57f144cb-375d-4eee-b458-e288116cb8f7,15,3,12,3,1,1770014116,2026-02-02 01:37:00
1826348745879909352,11,0,11,3,1,1770014116,2026-02-02 01:37:00
174bf571-e597-463d-84bc-611c4a13d85e,0,0,0,24,1,1770014116,2026-02-02 01:37:00
1808184356986544410,5,3,2,24,1,1770014117,2026-02-02 01:37:00
66de1a1f-0aca-11e7-82f6-3863bb44ef7c,16,9,7,13,1,1770014117,2026-02-02 01:37:00
1828969634783171152,13,0,13,2,1,1770014117,2026-02-02 01:37:00
66db281e-0aca-11e7-82f6-3863bb44ef7c,49,4,45,2,1,1770014117,2026-02-02 01:37:00
66dca5f3-0aca-11e7-82f6-3863bb44ef7c,5,5,0,39,1,1770014117,2026-02-02 01:37:00
ab29ce96-c2e8-4929-b27b-e0fe4aae17d5,5,0,5,11,1,1770014117,2026-02-02 01:37:00
c829b6af-002b-4d04-af56-6924d4ad0aa2,6,0,6,20,1,1770014117,2026-02-02 01:37:00
a7c09fde-76e8-4a56-b61d-8ca940432efd,6,2,4,12,1,1770014118,2026-02-02 01:37:00
1835249448692130546,7,2,5,10,1,1770014118,2026-02-02 01:37:00
0e405c35-322f-4705-8ea7-769eb3fd028a,4,1,3,9,1,1770014119,2026-02-02 01:37:00
537a2f47-26a3-4776-ba9d-e2acd2ffbee1,1,0,1,3,1,1770014010,2026-02-02 01:37:00
66dd5e69-0aca-11e7-82f6-3863bb44ef7c,6,0,6,8,1,1770014008,2026-02-02 01:37:00
2116635307734817684,3,2,1,10,1,1770014035,2026-02-02 01:37:00
2116635993049651742,4,1,3,7,1,1770014031,2026-02-02 01:37:00
66dd5960-0aca-11e7-82f6-3863bb44ef7c,11,10,1,8,1,1770014037,2026-02-02 01:37:00
1839334257267825432,2,0,2,9,1,1770014043,2026-02-02 01:37:00
2de92329-48d0-4cf7-85df-172f91bbb320,8,7,1,17,1,1770014043,2026-02-02 01:37:00
7478be11-37d8-49b1-a253-f0810045f6ff,10,5,5,8,1,1770014054,2026-02-02 01:37:00
66ddda59-0aca-11e7-82f6-3863bb44ef7c,5,0,5,7,1,1770014057,2026-02-02 01:37:00
f417d8da-0f15-49b0-9e3c-3c3e55c2691d,12,5,7,3,1,1770014062,2026-02-02 01:37:00
3d1db3fa-1df5-46c8-baf3-619b729f5bda,1,0,1,17,1,1770014067,2026-02-02 01:37:00
e163ce54-4c39-43c5-9831-e10a2603527d,11,0,11,8,1,1770014078,2026-02-02 01:37:00
d09709d2-e119-48c4-aa22-29432a13a35a,0,0,0,4,1,1770014081,2026-02-02 01:37:00
2108372562172578194,8,8,0,8,1,1770014085,2026-02-02 01:37:00
66dd8479-0aca-11e7-82f6-3863bb44ef7c,11,6,5,11,1,1770014097,2026-02-02 01:37:00
6107e75a-2493-4e3d-a3e0-d4886d3416e5,1,1,0,12,1,1770014109,2026-02-02 01:37:00
66dd6721-0aca-11e7-82f6-3863bb44ef7c,6,2,4,8,1,1770014117,2026-02-02 01:37:00
681a8bdb-65ff-4078-a5de-74927502da4e,12,3,9,1,1,1770014117,2026-02-02 01:37:00
4a48175b-c239-4d5e-b1b8-03eda4239678,22,2,20,3,1,1770014125,2026-02-02 01:37:00
2116636101124803154,10,1,9,3,1,1770014126,2026-02-02 01:37:00
f841ae52-0bbb-49db-b6eb-f898fbce6108,4,1,3,13,1,1770014027,2026-02-02 01:37:00
c32d6965-4fae-4f1f-a5f2-7f2ef5f439fc,0,0,0,16,1,1770014031,2026-02-02 01:37:00
66dd650d-0aca-11e7-82f6-3863bb44ef7c,3,0,3,12,1,1770014050,2026-02-02 01:37:00
e2c00264-9eea-446d-a1b7-27cef3aed403,0,0,0,11,1,1770014051,2026-02-02 01:37:00
0bb12c94-efdb-40ac-98fe-9521ba373b57,2,1,1,26,1,1770014071,2026-02-02 01:37:00
66ddde40-0aca-11e7-82f6-3863bb44ef7c,8,2,6,6,1,1770014078,2026-02-02 01:37:00
66dddae7-0aca-11e7-82f6-3863bb44ef7c,6,0,6,6,1,1770014060,2026-02-02 01:37:00
66dd8043-0aca-11e7-82f6-3863bb44ef7c,6,6,0,9,1,1770014059,2026-02-02 01:37:00
66ddded0-0aca-11e7-82f6-3863bb44ef7c,5,2,3,5,1,1770014066,2026-02-02 01:37:00
2036428272250118978,12,7,5,4,1,1770014012,2026-02-02 01:37:00
915057d4-edbc-4c73-8d81-dda33d600d58,4,0,4,11,1,1770014015,2026-02-02 01:37:00
43318169-d1ae-4a1a-9578-23cfa3fdbac9,0,0,0,17,1,1770014019,2026-02-02 01:37:00
66dd83fc-0aca-11e7-82f6-3863bb44ef7c,9,0,9,9,1,1770014094,2026-02-02 01:37:00
21c4a77d-b1ae-4262-b143-087fd14a07b8,8,0,8,6,1,1770014096,2026-02-02 01:37:00
66dd9183-0aca-11e7-82f6-3863bb44ef7c,3,2,1,8,1,1770014113,2026-02-02 01:37:00
3742e2ab-6cd0-40cf-846a-72cbe637afe1,12,0,12,12,1,1770014115,2026-02-02 01:37:00
66dd836d-0aca-11e7-82f6-3863bb44ef7c,3,3,0,16,1,1770014121,2026-02-02 01:37:00
ded4386f-9f69-43c6-a566-4511920c3e39,0,0,0,0,0,1770014106,2026-02-02 01:37:00
66dd7cab-0aca-11e7-82f6-3863bb44ef7c,2,1,1,22,1,1770014109,2026-02-02 01:37:00
66dddc98-0aca-11e7-82f6-3863bb44ef7c,19,11,8,0,1,1770014105,2026-02-02 01:37:00
2108372790290481846,2,1,1,11,1,1770014105,2026-02-02 01:37:00
a59f4f11-5d52-43a2-8a32-ae71137a6af8,6,4,2,5,1,1770014121,2026-02-02 01:37:00
823c0615-2832-4e76-85f0-7cf527151aba,0,0,0,0,0,86400,2026-02-02 01:37:00
2116635185595800086,3,1,2,8,1,1770013949,2026-02-02 01:37:00
2058728861810389252,3,1,2,17,1,1770014012,2026-02-02 01:37:00
66dd58f2-0aca-11e7-82f6-3863bb44ef7c,6,3,3,1,1,1770014013,2026-02-02 01:37:00
2108373096850688302,0,0,0,13,1,1770014013,2026-02-02 01:37:00
66dd5f99-0aca-11e7-82f6-3863bb44ef7c,13,1,12,5,1,1770014024,2026-02-02 01:37:00
1849747691035224144,11,4,7,0,1,1770014019,2026-02-02 01:37:00
fadf00cf-d84a-49e8-9607-c67154915412,22,12,10,0,1,1770014026,2026-02-02 01:37:00
66dd7f10-0aca-11e7-82f6-3863bb44ef7c,20,20,0,4,1,1770014039,2026-02-02 01:37:00
22cd02a2-228f-4eeb-b249-cbea51a0e219,10,1,9,7,1,1770014067,2026-02-02 01:37:00
66dd63de-0aca-11e7-82f6-3863bb44ef7c,5,2,3,8,1,1770014069,2026-02-02 01:37:00
5f798c51-5d8b-4add-9f81-341f54a82ffa,6,5,1,11,1,1770014098,2026-02-02 01:37:00
2157737368545384190,0,0,0,15,1,1770014105,2026-02-02 01:37:00
2290031f-e7d8-40a3-9ad6-566df493bbbc,24,2,22,14,1,1770014102,2026-02-02 01:37:00
dd8b2f53-8b94-4082-9576-994a4962f9d5,1,1,0,14,1,1770014104,2026-02-02 01:37:00
2116635417524034072,1,0,1,10,1,1770014105,2026-02-02 01:37:00
2108372139456801688,10,6,4,4,1,1770014105,2026-02-02 01:37:00
ccfa1f8f-f930-45f2-9cda-375c01596ca2,0,0,0,18,1,1770014113,2026-02-02 01:37:00
2116635868495600156,4,3,1,6,1,1770014036,2026-02-02 01:37:00
655b0878-c22b-4f8c-8675-21bf30d1eebf,12,3,9,0,1,1770014045,2026-02-02 01:37:00
8ae0bf30-9979-461e-a947-2dd89f293b40,5,0,5,5,1,1770014046,2026-02-02 01:37:00
66dd630c-0aca-11e7-82f6-3863bb44ef7c,11,7,4,5,1,1770014043,2026-02-02 01:37:00
33a797e8-6be2-4868-b9f6-1be157eaa0a5,2,1,1,17,1,1770014092,2026-02-02 01:37:00
1ec24ce3-2b69-4f3a-a153-c73e583d11f3,1,1,0,15,1,1770014117,2026-02-02 01:37:00
66ddd78e-0aca-11e7-82f6-3863bb44ef7c,7,1,6,2,1,1770014126,2026-02-02 01:37:00
2165507807810224012,1,1,0,14,1,1770014004,2026-02-02 01:37:00
66ddd81a-0aca-11e7-82f6-3863bb44ef7c,2,1,1,8,1,1770014022,2026-02-02 01:37:00
66dd6000-0aca-11e7-82f6-3863bb44ef7c,14,3,11,3,1,1770014024,2026-02-02 01:37:00
66dd7b37-0aca-11e7-82f6-3863bb44ef7c,11,1,10,14,1,1770014066,2026-02-02 01:37:00
66dd8b48-0aca-11e7-82f6-3863bb44ef7c,0,0,0,16,1,1770014063,2026-02-02 01:37:00
66dd80ac-0aca-11e7-82f6-3863bb44ef7c,10,4,6,8,1,1770014040,2026-02-02 01:37:00
2158919319277979600,4,3,1,8,1,1770014057,2026-02-02 01:37:00
66dddf5f-0aca-11e7-82f6-3863bb44ef7c,4,4,0,6,1,1770014073,2026-02-02 01:37:00
2108372029596633484,5,0,5,6,1,1770014106,2026-02-02 01:37:00
3371df76-39db-43ab-b3d6-fac0be55311f,4,1,3,9,1,1770014108,2026-02-02 01:37:00
2108373197827738014,6,2,4,11,1,1770014115,2026-02-02 01:37:00
66dd7fe2-0aca-11e7-82f6-3863bb44ef7c,10,2,8,8,1,1770014112,2026-02-02 01:37:00
2116885281736356212,5,1,4,7,1,1770014099,2026-02-02 01:37:00
66dd6441-0aca-11e7-82f6-3863bb44ef7c,3,1,2,7,1,1770014099,2026-02-02 01:37:00
4aecd6f2-8a84-4bed-a528-dc6870877292,1,1,0,13,1,1770014102,2026-02-02 01:37:00
1844599666569400604,12,5,7,7,1,1770014117,2026-02-02 01:37:00
2157736614125310040,6,5,1,7,1,1770014128,2026-02-02 01:37:00
66ddd93e-0aca-11e7-82f6-3863bb44ef7c,4,0,4,10,1,1770014010,2026-02-02 01:37:00
9d344652-976b-4c2d-bede-2ef19b0fbf13,7,5,2,10,1,1770014017,2026-02-02 01:37:00
5aa81a37-ea1d-4bf6-ab40-4751c6b4fb08,6,1,5,10,1,1770014021,2026-02-02 01:37:00
66dddc08-0aca-11e7-82f6-3863bb44ef7c,6,1,5,4,1,1770014026,2026-02-02 01:37:00
66ddd8a8-0aca-11e7-82f6-3863bb44ef7c,3,0,3,9,1,1770014025,2026-02-02 01:37:00
519824e4-69ba-4270-a395-17c204f328f8,7,6,1,12,1,1770014046,2026-02-02 01:37:00
581211b2-4e42-48f2-8a8f-5f968cb1c5df,2,1,1,20,1,1770014095,2026-02-02 01:37:00
2116635527663355916,0,0,0,11,1,1770014096,2026-02-02 01:37:00
2116636221383887448,15,0,15,3,1,1770014115,2026-02-02 01:37:00
5faf99b8-9046-450f-9d2a-d13279b3d016,18,14,4,10,1,1770014116,2026-02-02 01:37:00
2116634708854430228,9,2,7,4,1,1770014120,2026-02-02 01:37:00
2108372903577159978,8,5,3,6,1,1770014113,2026-02-02 01:37:00
66ddddb4-0aca-11e7-82f6-3863bb44ef7c,9,2,7,4,1,1770014114,2026-02-02 01:37:00
2088688422524183306,13,3,10,19,1,1770014066,2026-02-02 01:37:00
66dd5f24-0aca-11e7-82f6-3863bb44ef7c,8,1,7,10,1,1770014101,2026-02-02 01:37:00
b6a13f2b-deb4-4f4d-9d67-7d23bee27c88,2,2,0,10,1,1770014078,2026-02-02 01:37:00
46813ecf-8df4-4c8f-9579-0179e0b36ba6,2,1,1,12,1,1770014122,2026-02-02 01:37:00
2108372356498784942,7,0,7,7,1,1770014122,2026-02-02 01:37:00
bd6f422b-d7ae-4d7e-9261-653fdd8e6888,18,4,14,6,1,1770014122,2026-02-02 01:37:00
66dddd28-0aca-11e7-82f6-3863bb44ef7c,8,4,4,3,1,1770014122,2026-02-02 01:37:00
2108373961268485100,4,0,4,10,1,1770014124,2026-02-02 01:37:00
cbc48689-7805-49dd-9669-5471f4b7b6fb,10,1,9,11,1,1770014124,2026-02-02 01:37:00
66dd5a42-0aca-11e7-82f6-3863bb44ef7c,17,9,8,2,1,1770014126,2026-02-02 01:37:00
