station_id,num_bikes,num_ebikes,num_classics,num_docks,status,last_reported,timestamp
498d7e8e-5164-4f26-9ce6-399947d73b1a,0,0,0,3,0,1768935415,2026-01-21 00:01:16
1905837242740508940,0,0,0,0,0,86400,2026-01-21 00:01:16
41495491-5d89-4e14-aab9-c3db04aad399,0,0,0,0,0,86400,2026-01-21 00:01:16
b9720921-8170-43ea-a5ae-b61b9161eb49,0,0,0,0,0,86400,2026-01-21 00:01:16
2171903488884523500,0,0,0,0,0,86400,2026-01-21 00:01:16
2171903608969565866,0,0,0,0,0,86400,2026-01-21 00:01:16
2171904223419888148,0,0,0,0,0,86400,2026-01-21 00:01:16
66dc1687-0aca-11e7-82f6-3863bb44ef7c,0,0,0,11,1,1768971440,2026-01-21 00:01:16
96e72113-3681-4d19-88bb-032e76720093,0,0,0,0,0,1768933579,2026-01-21 00:01:16
66dde103-0aca-11e7-82f6-3863bb44ef7c,0,0,0,4,0,1768943264,2026-01-21 00:01:16
66dcc37f-0aca-11e7-82f6-3863bb44ef7c,0,0,0,17,0,1768962238,2026-01-21 00:01:16
023cf549-bd85-4f9a-abd8-70ba29d7e86b,14,12,2,6,1,1768971479,2026-01-21 00:01:16
1817822909864556798,17,15,2,10,1,1768971482,2026-01-21 00:01:16
579e583e-60ab-4f2a-83d0-fabebddfcd0f,9,8,1,7,1,1768971483,2026-01-21 00:01:16
bcb08532-f0d5-4c0e-ad8a-4ddacc204791,2,1,1,15,1,1768971485,2026-01-21 00:01:16
66dd4c5f-0aca-11e7-82f6-3863bb44ef7c,14,11,3,46,1,1768971480,2026-01-21 00:01:16
2171919049376995084,1,0,1,30,1,1768971480,2026-01-21 00:01:16
1861678548643203686,3,0,3,22,1,1768971477,2026-01-21 00:01:16
1835618878584115330,21,5,16,0,1,1768971502,2026-01-21 00:01:16
53ef19c6-eaa7-47f7-807e-f51b574b1be0,9,0,9,3,1,1768971505,2026-01-21 00:01:16
66dd46a2-0aca-11e7-82f6-3863bb44ef7c,28,18,10,18,1,1768971505,2026-01-21 00:01:16
2124036994734951288,7,1,6,1,1,1768971454,2026-01-21 00:01:16
563389a0-d90f-4155-9c50-528459df26aa,3,2,1,22,1,1768971505,2026-01-21 00:01:16
6fab98b7-b06a-49d8-a4d1-087ffce0ebcf,0,0,0,16,1,1768971506,2026-01-21 00:01:16
66de25bd-0aca-11e7-82f6-3863bb44ef7c,68,0,68,10,1,1768971506,2026-01-21 00:01:16
cb05443c-e68e-48f7-8d17-35353fa19d4d,22,7,15,31,1,1768971506,2026-01-21 00:01:16
7a6fc75f-a605-4dd6-b567-b2bbbfb862f3,16,15,1,1,1,1768971506,2026-01-21 00:01:16
c4e9905f-457b-4be0-a878-2aa53fa0b09b,20,5,15,2,1,1768971507,2026-01-21 00:01:16
912813fc-fde4-4430-8443-a4fa21477e7f,0,0,0,22,1,1768971503,2026-01-21 00:01:16
f833d403-2cf5-424a-a3b3-0314a44b4a67,17,12,5,14,1,1768971503,2026-01-21 00:01:16
823ef531-40e6-4397-b973-86bf5b032076,2,1,1,22,1,1768971503,2026-01-21 00:01:16
e85c3165-ad0a-44a3-9683-d8cf7575f465,19,6,13,8,1,1768971503,2026-01-21 00:01:16
1860188747953293684,6,0,6,10,1,1768971507,2026-01-21 00:01:16
9635affa-8b18-42d5-84c4-7f67ad5ef9d0,8,4,4,10,1,1768971504,2026-01-21 00:01:16
1817432434869846072,10,2,8,10,1,1768971527,2026-01-21 00:01:16
66dd1f44-0aca-11e7-82f6-3863bb44ef7c,17,17,0,9,1,1768971527,2026-01-21 00:01:16
66de4959-0aca-11e7-82f6-3863bb44ef7c,16,5,11,8,1,1768971527,2026-01-21 00:01:16
66880044-5411-4143-af39-eaa0a0fd0528,14,13,1,20,1,1768971527,2026-01-21 00:01:16
b4b5824b-3c23-44b7-92a3-cec6a54583a0,8,0,8,9,1,1768971528,2026-01-21 00:01:16
f5393bc2-36d4-4508-bf51-fa48d121f751,26,18,8,0,1,1768971528,2026-01-21 00:01:16
d979131e-0b9f-4aa2-88c5-46d4ff94abc8,10,5,5,8,1,1768971526,2026-01-21 00:01:16
19d17911-1e4a-41fa-b62b-719aa0a6182e,35,21,14,2,1,1768971526,2026-01-21 00:01:16
66de205d-0aca-11e7-82f6-3863bb44ef7c,11,10,1,13,1,1768971526,2026-01-21 00:01:16
1831178352265562334,15,2,13,12,1,1768971525,2026-01-21 00:01:16
66de1516-0aca-11e7-82f6-3863bb44ef7c,15,5,10,17,1,1768971525,2026-01-21 00:01:16
1851674198082642572,19,1,18,1,1,1768971525,2026-01-21 00:01:16
493e046c-5d62-4772-90c4-b6a9f4afcd39,11,6,5,7,1,1768971525,2026-01-21 00:01:16
66de19ab-0aca-11e7-82f6-3863bb44ef7c,12,12,0,18,1,1768971528,2026-01-21 00:01:16
78aabb95-6195-4aa7-ab0d-5748eeb26bd1,17,7,10,15,1,1768971530,2026-01-21 00:01:16
0dd71c6d-11ee-4ad4-ba99-36b9ad36112c,11,5,6,9,1,1768971529,2026-01-21 00:01:16
6cd10426-b4e9-40e1-9b35-61f609190ac0,10,2,8,23,1,1768971531,2026-01-21 00:01:16
1917312704757770810,33,28,5,3,1,1768971530,2026-01-21 00:01:16
ad57266c-34da-43da-8b48-2ba856002fbf,1,1,0,25,1,1768971529,2026-01-21 00:01:16
66ddec3e-0aca-11e7-82f6-3863bb44ef7c,13,10,3,8,1,1768971529,2026-01-21 00:01:16
26cae473-0e59-4af7-bad5-bb6fec85c8bc,4,4,0,17,1,1768971556,2026-01-21 00:01:16
525535e3-dde3-47b4-9c2e-0174eaa4f2bb,17,5,12,2,1,1768971556,2026-01-21 00:01:16
66dbef15-0aca-11e7-82f6-3863bb44ef7c,48,15,33,2,1,1768971554,2026-01-21 00:01:16
068b919c-f649-4091-8e12-ccf37191cad5,1,0,1,17,1,1768971555,2026-01-21 00:01:16
66de2199-0aca-11e7-82f6-3863bb44ef7c,18,2,16,10,1,1768971555,2026-01-21 00:01:16
66dd45c7-0aca-11e7-82f6-3863bb44ef7c,17,11,6,14,1,1768971557,2026-01-21 00:01:16
66db447a-0aca-11e7-82f6-3863bb44ef7c,38,32,6,9,1,1768971557,2026-01-21 00:01:16
66dc7773-0aca-11e7-82f6-3863bb44ef7c,26,8,18,19,1,1768971554,2026-01-21 00:01:16
1862002854876824190,4,2,2,15,1,1768971554,2026-01-21 00:01:16
66db75cc-0aca-11e7-82f6-3863bb44ef7c,43,25,18,0,1,1768971557,2026-01-21 00:01:16
0fde06c2-632c-46a9-8866-f4e855604f74,26,24,2,38,1,1768971558,2026-01-21 00:01:16
66dced76-0aca-11e7-82f6-3863bb44ef7c,4,3,1,21,1,1768971558,2026-01-21 00:01:16
ebae0b66-e463-4ded-9b7a-43c0aca9b37a,13,4,9,7,1,1768971557,2026-01-21 00:01:16
66dd515d-0aca-11e7-82f6-3863bb44ef7c,20,11,9,4,1,1768971557,2026-01-21 00:01:16
b4a320d6-2611-4940-96ca-17fb297ec826,19,6,13,1,1,1768971554,2026-01-21 00:01:16
0de1f95f-8b1b-4e5e-9eff-73c63265b0ab,15,5,10,13,1,1768971582,2026-01-21 00:01:16
66dd4ccc-0aca-11e7-82f6-3863bb44ef7c,15,8,7,35,1,1768971582,2026-01-21 00:01:16
33840944-aa92-4d91-9de8-d29e5cd0b2d9,27,5,22,0,1,1768971583,2026-01-21 00:01:16
66dbe571-0aca-11e7-82f6-3863bb44ef7c,46,35,11,13,1,1768971583,2026-01-21 00:01:16
66ddea99-0aca-11e7-82f6-3863bb44ef7c,8,8,0,13,1,1768971587,2026-01-21 00:01:16
2124426307973079924,3,0,3,6,1,1768971588,2026-01-21 00:01:16
29a41b09-698f-43e2-82ff-f94f73e74841,16,0,16,2,1,1768971588,2026-01-21 00:01:16
d73e26de-8534-4b46-a321-3cae295ef9b2,0,0,0,31,1,1768971588,2026-01-21 00:01:16
dad39e68-53f5-47c2-87e2-b1cc0e34f90f,7,3,4,11,1,1768971585,2026-01-21 00:01:16
29ced315-14b5-4edc-bef2-665316dfe3dd,27,10,17,18,1,1768971585,2026-01-21 00:01:16
1876800925490112950,5,0,5,11,1,1768971586,2026-01-21 00:01:16
84a7baff-415b-4ab9-a859-74c2801483ce,12,0,12,6,1,1768971586,2026-01-21 00:01:16
66dcc0b2-0aca-11e7-82f6-3863bb44ef7c,3,0,3,19,1,1768971584,2026-01-21 00:01:16
fda18503-7488-4b91-b74c-949a90401e83,7,5,2,10,1,1768971584,2026-01-21 00:01:16
1bb1af93-b433-4da7-8054-009c85f7755a,4,1,3,14,1,1768971585,2026-01-21 00:01:16
6fb81fda-f0b5-4242-90f9-88d0214feb8d,3,3,0,15,1,1768971585,2026-01-21 00:01:16
1b00fb53-da32-4b14-9a9a-84a391c8951c,1,0,1,27,1,1768971586,2026-01-21 00:01:16
1838071008881986168,12,0,12,15,1,1768971586,2026-01-21 00:01:16
b371c432-b682-412f-9b85-8df84ce7a9f3,5,1,4,11,1,1768971586,2026-01-21 00:01:16
2124425439157234232,2,1,1,11,1,1768971586,2026-01-21 00:01:16
7aa86431-bbc5-4d9c-8198-9630c9d32a22,7,0,7,13,1,1768971586,2026-01-21 00:01:16
1927314940904608224,11,3,8,14,1,1768971586,2026-01-21 00:01:16
1929504694747056164,0,0,0,39,1,1768971586,2026-01-21 00:01:16
ec42fb3a-af54-46aa-a8b3-b17d72ed4475,19,9,10,0,1,1768971585,2026-01-21 00:01:16
c2d549f8-f54c-4a0d-9ecd-6e6f79118279,16,10,6,6,1,1768971583,2026-01-21 00:01:16
06439006-11b6-44f0-8545-c9d39035f32a,72,63,9,0,1,1768971583,2026-01-21 00:01:16
b0bac4ef-bb57-4598-a433-75c281170d5b,4,0,4,18,1,1768971479,2026-01-21 00:01:16
66dc3e89-0aca-11e7-82f6-3863bb44ef7c,33,27,6,31,1,1768971483,2026-01-21 00:01:16
a2ef8ed2-6031-4049-b7dc-9838ef39889b,13,1,12,2,1,1768971483,2026-01-21 00:01:16
1828965347681089818,10,0,10,10,1,1768971482,2026-01-21 00:01:16
1849010133527040242,12,7,5,9,1,1768971482,2026-01-21 00:01:16
66dc8a3d-0aca-11e7-82f6-3863bb44ef7c,25,5,20,49,1,1768971482,2026-01-21 00:01:16
66dc840f-0aca-11e7-82f6-3863bb44ef7c,12,8,4,46,1,1768971483,2026-01-21 00:01:16
22ab59a8-0af4-4101-9350-a7af88e37c2e,6,1,5,13,1,1768971484,2026-01-21 00:01:16
4d24ab76-2f4a-4004-9fc5-09c00c1d9aa4,28,11,17,0,1,1768971484,2026-01-21 00:01:16
54df610f-0e47-4958-98ca-37bb1b1c4dca,2,1,1,21,1,1768971486,2026-01-21 00:01:16
1860189327773878824,17,0,17,6,1,1768971488,2026-01-21 00:01:16
66dc0f8a-0aca-11e7-82f6-3863bb44ef7c,35,3,32,19,1,1768971488,2026-01-21 00:01:16
1786698974100683436,4,0,4,46,1,1768971484,2026-01-21 00:01:16
4e9a1c3a-20e2-4fd5-b8de-fbf8d43e7bcc,2,0,2,19,1,1768971484,2026-01-21 00:01:16
c8c39d85-4ce7-46c5-b709-998067200780,0,0,0,22,1,1768971517,2026-01-21 00:01:16
2100948436010992354,6,5,1,7,1,1768971518,2026-01-21 00:01:16
d5cabb43-6c78-4022-964e-a8b02470509e,20,6,14,1,1,1768971517,2026-01-21 00:01:16
765ee572-6c7a-4ed3-a2d4-f1496ea53996,22,3,19,1,1,1768971518,2026-01-21 00:01:16
1864605386632012480,3,0,3,15,1,1768971518,2026-01-21 00:01:16
1848241684520917882,10,0,10,4,1,1768971516,2026-01-21 00:01:16
dccaeeb5-c53a-4f48-80e6-05675b71a8c8,10,1,9,18,1,1768971516,2026-01-21 00:01:16
372c592e-09d8-400c-9595-2aa3510f39b0,1,1,0,22,1,1768971516,2026-01-21 00:01:16
f681f980-185d-45b9-8490-bb2606624dd4,3,3,0,15,1,1768971516,2026-01-21 00:01:16
66dd5407-0aca-11e7-82f6-3863bb44ef7c,17,8,9,60,1,1768971518,2026-01-21 00:01:16
66de677e-0aca-11e7-82f6-3863bb44ef7c,19,11,8,7,1,1768971518,2026-01-21 00:01:16
1840540852548303628,1,1,0,15,1,1768971519,2026-01-21 00:01:16
595cf79f-7783-4373-b3d5-775bcf76033b,1,1,0,16,1,1768971519,2026-01-21 00:01:16
1786700154621508184,9,7,2,19,1,1768971513,2026-01-21 00:01:16
66de0cab-0aca-11e7-82f6-3863bb44ef7c,33,1,32,2,1,1768971514,2026-01-21 00:01:16
18415ea7-efce-408d-bcb9-4693fb088dda,32,21,11,0,1,1768971514,2026-01-21 00:01:16
6fd61eee-d0ef-4580-9704-bd06b82bcb61,0,0,0,27,1,1768971514,2026-01-21 00:01:16
bacfe3c2-7946-45ed-91f9-f5b91791de75,7,3,4,19,1,1768971516,2026-01-21 00:01:16
2124035976827702128,5,5,0,7,1,1768971516,2026-01-21 00:01:16
66db9c2e-0aca-11e7-82f6-3863bb44ef7c,8,4,4,31,1,1768971514,2026-01-21 00:01:16
1840504138040045682,7,3,4,13,1,1768971514,2026-01-21 00:01:16
1822663031356509142,15,3,12,4,1,1768971515,2026-01-21 00:01:16
eb217a2c-1dd0-4690-a34e-ecc1a708f883,2,0,2,17,1,1768971512,2026-01-21 00:01:16
e35c42c6-8b73-4528-b08d-c94b75624b40,13,3,10,8,1,1768971543,2026-01-21 00:01:16
1828965172312150882,13,1,12,7,1,1768971543,2026-01-21 00:01:16
6476c5fd-611e-436c-9736-e0f43bb7774e,15,1,14,3,1,1768971543,2026-01-21 00:01:16
2124037125711300644,22,14,8,1,1,1768971543,2026-01-21 00:01:16
1814906692908349788,9,0,9,12,1,1768971544,2026-01-21 00:01:16
66dd17a5-0aca-11e7-82f6-3863bb44ef7c,23,10,13,26,1,1768971544,2026-01-21 00:01:16
66de1fe7-0aca-11e7-82f6-3863bb44ef7c,10,3,7,15,1,1768971546,2026-01-21 00:01:16
1d3a8670-09b3-4127-b750-af5311e565f0,9,0,9,6,1,1768971546,2026-01-21 00:01:16
481624f3-9377-4dfd-a5dd-de05a7fef760,3,0,3,16,1,1768971547,2026-01-21 00:01:16
b442a648-e9f4-4893-951a-64d258bc0e55,11,6,5,13,1,1768971547,2026-01-21 00:01:16
8caf71df-76c3-43fb-be98-d555d2291460,1,0,1,25,1,1768971547,2026-01-21 00:01:16
66dc10d1-0aca-11e7-82f6-3863bb44ef7c,24,11,13,19,1,1768971547,2026-01-21 00:01:16
66dd217d-0aca-11e7-82f6-3863bb44ef7c,27,21,6,0,1,1768971547,2026-01-21 00:01:16
d470e82e-d109-4e2e-b66a-f5e944cbfe97,19,6,13,0,1,1768971543,2026-01-21 00:01:16
1869743938848725856,74,69,5,12,1,1768971542,2026-01-21 00:01:16
837b7db3-55c6-4595-a497-834972631752,3,3,0,13,1,1768971545,2026-01-21 00:01:16
1859438049977968878,12,0,12,16,1,1768971546,2026-01-21 00:01:16
1854538962214948918,19,1,18,0,1,1768971546,2026-01-21 00:01:16
5145ad1c-241f-4448-a742-739bd5c518c2,8,2,6,9,1,1768971546,2026-01-21 00:01:16
1937777808143497236,5,4,1,28,1,1768971545,2026-01-21 00:01:16
ffae66ec-7c16-436f-bd0a-eedf81d580e7,3,1,2,18,1,1768971545,2026-01-21 00:01:16
61f2ffd4-159a-42b3-a4d9-3fdfc3349074,3,1,2,17,1,1768971544,2026-01-21 00:01:16
66dea7b5-0aca-11e7-82f6-3863bb44ef7c,4,0,4,36,1,1768971545,2026-01-21 00:01:16
bfe5e69d-89ff-48b3-bf20-80cbdfa443e0,28,13,15,23,1,1768971545,2026-01-21 00:01:16
1835250442210857240,20,2,18,0,1,1768971545,2026-01-21 00:01:16
66db277a-0aca-11e7-82f6-3863bb44ef7c,15,1,14,10,1,1768971545,2026-01-21 00:01:16
1851254468343716806,18,1,17,2,1,1768971547,2026-01-21 00:01:16
1b038e21-e199-4c47-bef0-f4bcdc06b73b,39,35,4,0,1,1768971548,2026-01-21 00:01:16
d80c274e-d17d-4a00-9b76-274c9fe4d0e1,3,1,2,32,1,1768971548,2026-01-21 00:01:16
8a89684b-40a5-49fe-b75d-fdf32ffa8102,16,3,13,3,1,1768971545,2026-01-21 00:01:16
1815967442754883940,23,3,20,7,1,1768971545,2026-01-21 00:01:16
42c3bb6e-0478-4e4a-af10-151f5f4dffb9,16,3,13,1,1,1768971548,2026-01-21 00:01:16
d2b23c87-b7c3-48c2-a634-db4b76ecbcf7,5,0,5,14,1,1768971550,2026-01-21 00:01:16
62b97c1e-9d06-4c5e-b9c3-d76099e37fe4,13,6,7,12,1,1768971549,2026-01-21 00:01:16
66db6f2e-0aca-11e7-82f6-3863bb44ef7c,10,5,5,32,1,1768971550,2026-01-21 00:01:16
5526b855-dc09-4159-a20a-99651861a481,4,3,1,18,1,1768971550,2026-01-21 00:01:16
81bec993-29a5-4e70-8f60-eecdf16c7be4,17,10,7,9,1,1768971550,2026-01-21 00:01:16
bf880f45-422c-4e0b-b3b0-2b1f5ba94da4,4,2,2,14,1,1768971550,2026-01-21 00:01:16
1875415144760576328,17,17,0,6,1,1768971551,2026-01-21 00:01:16
ef6216aa-d3c8-46bb-8c6b-b62f8ba51b16,5,0,5,15,1,1768971552,2026-01-21 00:01:16
1849009654626746672,15,1,14,1,1,1768971552,2026-01-21 00:01:16
2637fed8-1e2a-460b-83eb-3eb32ace0f4e,1,2,0,46,1,1768971552,2026-01-21 00:01:16
66dc6a86-0aca-11e7-82f6-3863bb44ef7c,13,11,2,65,1,1768971552,2026-01-21 00:01:16
b896d83d-5524-4c9c-a2aa-c1b0edaadc22,3,2,1,14,1,1768971552,2026-01-21 00:01:16
66de2b2f-0aca-11e7-82f6-3863bb44ef7c,48,2,46,2,1,1768971552,2026-01-21 00:01:16
59df3823-0369-4a10-8132-05df34a170af,14,1,13,30,1,1768971552,2026-01-21 00:01:16
e152a2e1-c510-404e-a100-24246bb6cc95,5,2,3,12,1,1768971550,2026-01-21 00:01:16
ff745407-c087-4c0d-a965-98baf078f292,14,13,1,6,1,1768971550,2026-01-21 00:01:16
66dc2995-0aca-11e7-82f6-3863bb44ef7c,42,32,10,7,1,1768971550,2026-01-21 00:01:16
98ebf9c6-1d94-4e21-9007-c623875fdb5e,14,1,13,3,1,1768971550,2026-01-21 00:01:16
1950648049868542106,11,7,4,15,1,1768971550,2026-01-21 00:01:16
807e9f5a-49b6-4b7e-847b-4a60cff330ed,3,3,0,14,1,1768971550,2026-01-21 00:01:16
3134c2d4-b090-4eb8-ab44-6f9622098f72,4,3,1,18,1,1768971551,2026-01-21 00:01:16
66ddeaff-0aca-11e7-82f6-3863bb44ef7c,13,4,9,15,1,1768971548,2026-01-21 00:01:16
66db408f-0aca-11e7-82f6-3863bb44ef7c,35,5,30,0,1,1768971589,2026-01-21 00:01:16
66de71af-0aca-11e7-82f6-3863bb44ef7c,22,11,10,14,1,1768971589,2026-01-21 00:01:16
1838070843306263244,1,1,0,17,1,1768971590,2026-01-21 00:01:16
1846085439406916338,4,4,0,19,1,1768971590,2026-01-21 00:01:16
d040a7b3-85b5-4c0d-9c92-3f4ad0082143,0,0,0,28,1,1768971590,2026-01-21 00:01:16
3d68a3fd-91da-49e8-9cd5-69b333863789,17,4,13,2,1,1768971590,2026-01-21 00:01:16
1814907590556515014,13,2,11,8,1,1768971590,2026-01-21 00:01:16
66dd2060-0aca-11e7-82f6-3863bb44ef7c,47,5,42,2,1,1768971593,2026-01-21 00:01:16
1859088223746072684,3,1,2,13,1,1768971594,2026-01-21 00:01:16
75352ab4-8a31-4926-8b59-048a9e506452,10,1,9,4,1,1768971594,2026-01-21 00:01:16
ab6aadd8-fa45-43aa-abea-c8e01ec5a0c8,17,1,16,5,1,1768971594,2026-01-21 00:01:16
6542d952-ca19-410e-9290-ee6b7a6e14cf,1,1,0,19,1,1768971594,2026-01-21 00:01:16
1795146692060860976,18,6,12,4,1,1768971594,2026-01-21 00:01:16
7f4753d7-8d58-48bd-a881-de5bff08b27d,4,1,3,21,1,1768971595,2026-01-21 00:01:16
2126224996973581072,9,8,1,3,1,1768971593,2026-01-21 00:01:16
4f814d78-5d8d-458b-877e-2ca449b865be,2,0,2,19,1,1768971593,2026-01-21 00:01:16
74723006-b32f-4590-8cc7-f15eec3808fe,8,1,7,19,1,1768971593,2026-01-21 00:01:16
e9b3a725-6963-4151-8f7f-9beeb51fa20f,3,3,0,12,1,1768971593,2026-01-21 00:01:16
7a1ad7c0-4958-4354-91a1-11bf13348abd,15,3,12,1,1,1768971593,2026-01-21 00:01:16
93da4d1b-d574-45b0-85d7-5b82e2887267,17,1,16,4,1,1768971593,2026-01-21 00:01:16
2126623007192357636,6,0,6,4,1,1768971593,2026-01-21 00:01:16
bc5235a5-7f10-4a27-806e-9c25fa700959,11,1,10,29,1,1768971590,2026-01-21 00:01:16
66de2274-0aca-11e7-82f6-3863bb44ef7c,22,12,10,0,1,1768971591,2026-01-21 00:01:16
1862008701134683118,7,1,6,16,1,1768971590,2026-01-21 00:01:16
d265dbc7-ef55-4f5b-8a2b-f2015dc71fb8,17,1,17,8,1,1768971591,2026-01-21 00:01:16
66db4549-0aca-11e7-82f6-3863bb44ef7c,18,13,5,6,1,1768971591,2026-01-21 00:01:16
517409d3-a94a-4140-a6de-ff0de9221ed2,4,1,3,17,1,1768971591,2026-01-21 00:01:16
66db2a71-0aca-11e7-82f6-3863bb44ef7c,26,5,21,17,1,1768971591,2026-01-21 00:01:16
1835246658344669972,1,1,0,18,1,1768971592,2026-01-21 00:01:16
6e5a8cab-cf1a-4584-8133-01835b56ad71,12,1,11,12,1,1768971591,2026-01-21 00:01:16
1986707977001495180,4,2,2,15,1,1768971588,2026-01-21 00:01:16
0b613329-b8c8-4b8c-ad40-79952aa41157,20,12,8,0,1,1768971588,2026-01-21 00:01:16
66de17f7-0aca-11e7-82f6-3863bb44ef7c,11,9,2,24,1,1768971589,2026-01-21 00:01:16
d18512f9-52c8-4175-92b9-b6258dc30748,1,1,0,19,1,1768971589,2026-01-21 00:01:16
645e4365-653f-48ce-bc15-5fcc287be56f,21,17,4,47,1,1768971589,2026-01-21 00:01:16
66dcc8b3-0aca-11e7-82f6-3863bb44ef7c,4,1,3,13,1,1768971589,2026-01-21 00:01:16
5f63411c-91ce-4788-a567-d388cc812a15,6,0,6,22,1,1768971592,2026-01-21 00:01:16
66de4bbb-0aca-11e7-82f6-3863bb44ef7c,13,2,11,9,1,1768971592,2026-01-21 00:01:16
1826348248869574940,16,5,11,14,1,1768971592,2026-01-21 00:01:16
1960020234227886806,1,1,0,46,1,1768971592,2026-01-21 00:01:16
cd2d9dab-7708-4685-a56f-9412c738de7e,18,1,17,0,1,1768971592,2026-01-21 00:01:16
66de0a78-0aca-11e7-82f6-3863bb44ef7c,16,1,15,3,1,1768971593,2026-01-21 00:01:16
1814907423052790164,15,0,15,7,1,1768971590,2026-01-21 00:01:16
66dbcd6c-0aca-11e7-82f6-3863bb44ef7c,30,25,5,2,1,1768971486,2026-01-21 00:01:16
92fc1ad7-0867-4655-b02f-ede65d336b14,4,0,4,14,1,1768971487,2026-01-21 00:01:16
1f8f6714-42a7-45d5-86cd-a093c940b2c9,5,5,0,21,1,1768971487,2026-01-21 00:01:16
cb9840a3-4ae2-420d-865c-9ac45e2f5485,15,9,6,0,1,1768971487,2026-01-21 00:01:16
1786697771181570266,23,11,12,16,1,1768971487,2026-01-21 00:01:16
69f84045-48f9-4c6c-90d3-0503e5ed39e9,16,12,4,6,1,1768971487,2026-01-21 00:01:16
66dd4ec7-0aca-11e7-82f6-3863bb44ef7c,36,19,17,37,1,1768971492,2026-01-21 00:01:16
59af018a-2ee9-489a-b445-bb6fba9c1119,8,4,4,8,1,1768971492,2026-01-21 00:01:16
c00ef46d-fcde-48e2-afbd-0fb595fe3fa7,26,14,12,4,1,1768971492,2026-01-21 00:01:16
f3140fb8-347b-4dca-96df-eeef2d1bfc50,5,4,1,12,1,1768971496,2026-01-21 00:01:16
6969d756-33a6-4a0b-83d0-3db38bc382d1,26,1,25,3,1,1768971497,2026-01-21 00:01:16
bc9c9006-3d40-400d-8b5c-17f56e6dfcee,3,1,2,23,1,1768971497,2026-01-21 00:01:16
1799624430022654108,17,1,16,4,1,1768971499,2026-01-21 00:01:16
7d5fa1f0-4069-4d5d-b735-5d500597394a,43,23,20,8,1,1768971499,2026-01-21 00:01:16
816e50eb-dc4b-47dc-b773-154e2020cb0d,1,1,0,18,1,1768971500,2026-01-21 00:01:16
64f0f28c-bedc-42d5-b107-ecdd48fc30cd,22,22,0,77,1,1768971501,2026-01-21 00:01:16
66dd9fa6-0aca-11e7-82f6-3863bb44ef7c,11,10,1,46,1,1768971497,2026-01-21 00:01:16
1dacb0f6-29f5-4d1b-b910-92ffa5b4ca5d,6,3,3,30,1,1768971498,2026-01-21 00:01:16
581bc4fe-cf14-4767-8377-6fa156ff8a29,9,2,7,8,1,1768971497,2026-01-21 00:01:16
66db3053-0aca-11e7-82f6-3863bb44ef7c,60,42,18,9,1,1768971521,2026-01-21 00:01:16
37a37e5b-f975-4f92-a897-dca8e4670631,13,9,4,5,1,1768971520,2026-01-21 00:01:16
943a1a27-1328-4823-8945-28d845280383,22,22,0,2,1,1768971521,2026-01-21 00:01:16
a2cf5872-bd4c-4311-832e-d62fd779ecc3,6,3,3,14,1,1768971521,2026-01-21 00:01:16
0ddb965d-95ef-4ce3-bde6-81a56ac1fbd2,1,1,0,29,1,1768971521,2026-01-21 00:01:16
26b3a82b-3487-44c2-85f1-eddb5a8a3a9d,18,0,18,5,1,1768971522,2026-01-21 00:01:16
32cc1603-a4b5-4099-b7bf-681de451b04a,27,2,25,19,1,1768971524,2026-01-21 00:01:16
2124381939991318658,12,11,1,3,1,1768971524,2026-01-21 00:01:16
66de2707-0aca-11e7-82f6-3863bb44ef7c,21,18,3,25,1,1768971524,2026-01-21 00:01:16
1871698223344654662,3,2,1,22,1,1768971522,2026-01-21 00:01:16
8aad788d-c7eb-4fca-a426-c39f47741a6f,18,4,14,8,1,1768971522,2026-01-21 00:01:16
4efda436-cd19-4ec3-acc7-1a622f723264,8,6,2,11,1,1768971519,2026-01-21 00:01:16
1862788202397235246,15,3,12,4,1,1768971519,2026-01-21 00:01:16
eb07bdfc-3a6f-40eb-96d2-0b92ac371619,2,0,2,17,1,1768971520,2026-01-21 00:01:16
cc5f0e68-dd5f-4db1-81c7-04a4d6674fba,12,0,12,5,1,1768971520,2026-01-21 00:01:16
66dd4a52-0aca-11e7-82f6-3863bb44ef7c,12,11,1,18,1,1768971537,2026-01-21 00:01:16
66dc8db1-0aca-11e7-82f6-3863bb44ef7c,47,1,46,8,1,1768971537,2026-01-21 00:01:16
f9ed9a6b-097e-48b9-a9d1-79d084dcd2d9,2,0,2,13,1,1768971537,2026-01-21 00:01:16
66dc17df-0aca-11e7-82f6-3863bb44ef7c,0,0,0,0,0,1768971537,2026-01-21 00:01:16
053312f2-e77e-4674-b28b-ad357fbcb4ee,30,15,15,32,1,1768971537,2026-01-21 00:01:16
162d5859-b735-4ff7-9613-01b21f22c1cd,29,14,15,6,1,1768971539,2026-01-21 00:01:16
16e70b05-5b73-4930-9dcf-f79e5ce9eaf5,12,1,11,10,1,1768971539,2026-01-21 00:01:16
1846086362824884662,20,0,20,0,1,1768971539,2026-01-21 00:01:16
66de13dc-0aca-11e7-82f6-3863bb44ef7c,0,0,0,0,0,1768971539,2026-01-21 00:01:16
66dc3782-0aca-11e7-82f6-3863bb44ef7c,27,18,9,2,1,1768971539,2026-01-21 00:01:16
1828967979464708718,6,4,2,17,1,1768971540,2026-01-21 00:01:16
6d766daf-9298-4059-a329-1818582d495f,14,13,1,4,1,1768971540,2026-01-21 00:01:16
0687075b-cf2d-4130-a859-fe841aafbd3f,21,4,17,3,1,1768971540,2026-01-21 00:01:16
3e1bdcec-e762-4e83-b447-007f05923cce,12,10,2,10,1,1768971540,2026-01-21 00:01:16
f8c242cd-da59-4f0e-afd6-832bbdd7d328,15,4,11,4,1,1768971541,2026-01-21 00:01:16
2a66ed0a-5e6d-4893-a1d1-876bb2bac4be,5,0,5,21,1,1768971541,2026-01-21 00:01:16
55a4dc76-d839-4e06-9bf4-2f343391343c,6,4,2,13,1,1768971538,2026-01-21 00:01:16
66dd3d7f-0aca-11e7-82f6-3863bb44ef7c,6,2,4,29,1,1768971537,2026-01-21 00:01:16
1859808514684217788,2,2,0,19,1,1768971538,2026-01-21 00:01:16
191d5d54-de64-4312-99c7-eee141efa4ef,2,1,1,20,1,1768971542,2026-01-21 00:01:16
b35ba3c0-d3e8-4b1a-b63b-73a7bb518c9e,5,1,4,13,1,1768971541,2026-01-21 00:01:16
fbaffdbd-dab5-4127-9bd5-36bf58093ea8,9,6,3,14,1,1768971540,2026-01-21 00:01:16
2126622241630343402,15,11,4,4,1,1768971576,2026-01-21 00:01:16
0f98907a-d4cc-45e0-b174-7d9dfda74106,6,0,6,25,1,1768971576,2026-01-21 00:01:16
56b3ca32-104a-4920-a879-a97a820858c4,13,1,12,12,1,1768971576,2026-01-21 00:01:16
ff9581d3-3e1a-463a-bdab-d8150c468be2,1,1,0,31,1,1768971576,2026-01-21 00:01:16
c3189056-8eda-4278-891f-e8e15c2d759a,2,1,1,24,1,1768971576,2026-01-21 00:01:16
12279d2b-29f6-4e02-a7f0-244970f7edd5,10,3,7,16,1,1768971576,2026-01-21 00:01:16
2104286315955915532,20,15,5,44,1,1768971577,2026-01-21 00:01:16
66dc1d80-0aca-11e7-82f6-3863bb44ef7c,26,22,4,8,1,1768971576,2026-01-21 00:01:16
1960019951675478680,8,6,2,21,1,1768971574,2026-01-21 00:01:16
1854538387432581604,17,0,17,1,1,1768971574,2026-01-21 00:01:16
c63a83a0-bda1-40a6-835b-f82c363543b9,2,0,2,17,1,1768971574,2026-01-21 00:01:16
499e10ad-c008-461e-8cf7-20757218a9cc,3,2,1,20,1,1768971574,2026-01-21 00:01:16
66de12ff-0aca-11e7-82f6-3863bb44ef7c,16,10,6,3,1,1768971574,2026-01-21 00:01:16
1814901062206225038,6,2,4,13,1,1768971575,2026-01-21 00:01:16
566a6389-5c22-49ca-8c24-4d9eea135170,1,1,0,25,1,1768971571,2026-01-21 00:01:16
f3782e27-c49a-4ee9-b188-0c13cad54688,7,0,7,10,1,1768971571,2026-01-21 00:01:16
640a9a95-194f-42f5-8d88-1df67129f388,10,2,8,6,1,1768971572,2026-01-21 00:01:16
d89dc10f-9be3-45a5-9c3c-06c04c963436,18,2,16,2,1,1768971572,2026-01-21 00:01:16
66dc686c-0aca-11e7-82f6-3863bb44ef7c,61,50,11,31,1,1768971575,2026-01-21 00:01:16
c3062f44-c5b9-4650-a4ec-cc66cbf5b944,3,2,1,14,1,1768971575,2026-01-21 00:01:16
09dfc0e3-a448-477c-bb3c-9467dc51ef8d,70,34,36,2,1,1768971575,2026-01-21 00:01:16
1962547377975794462,12,10,1,10,1,1768971576,2026-01-21 00:01:16
c606bae0-889c-47c3-8202-9463ef147655,17,3,14,6,1,1768971576,2026-01-21 00:01:16
66de0861-0aca-11e7-82f6-3863bb44ef7c,24,23,1,1,1,1768971576,2026-01-21 00:01:16
1f088432-0460-421e-a1d9-36890fa5396d,6,3,3,11,1,1768971572,2026-01-21 00:01:16
549b5bc4-b949-4eeb-8ffb-2215e1e49892,42,33,9,12,1,1768971572,2026-01-21 00:01:16
1814548067447122618,31,20,11,0,1,1768971572,2026-01-21 00:01:16
1862008939006380034,3,1,2,17,1,1768971572,2026-01-21 00:01:16
66dd1c7f-0aca-11e7-82f6-3863bb44ef7c,13,7,6,37,1,1768971573,2026-01-21 00:01:16
a3d72b5b-9587-4f33-9722-c01e20a9b358,2,2,0,26,1,1768971573,2026-01-21 00:01:16
66dc120f-0aca-11e7-82f6-3863bb44ef7c,31,25,6,40,1,1768971573,2026-01-21 00:01:16
b4974d89-932c-4a9f-a264-2ea0cf70613e,2,2,0,16,1,1768971574,2026-01-21 00:01:16
cf1a96a7-f695-4ba2-bcf2-899552e21e47,11,6,5,8,1,1768971577,2026-01-21 00:01:16
26217b73-7bb5-46e6-8094-1db05becd617,4,3,1,23,1,1768971577,2026-01-21 00:01:16
f34ea09d-32f9-492c-9124-99059bc0b5dd,16,2,14,5,1,1768971577,2026-01-21 00:01:16
d11b9869-8964-4b79-aafc-4b60ad1b44c4,11,1,10,12,1,1768971577,2026-01-21 00:01:16
1d32e684-602b-46b6-8c96-ab47b57a03f3,8,7,1,15,1,1768971577,2026-01-21 00:01:16
493850bd-125b-49f5-932b-bf999504fb06,7,4,3,11,1,1768971577,2026-01-21 00:01:16
633fbc4c-7617-47ba-a393-aad7a8d26a3e,19,1,18,2,1,1768971578,2026-01-21 00:01:16
66dde4ef-0aca-11e7-82f6-3863bb44ef7c,10,8,2,12,1,1768971578,2026-01-21 00:01:16
66de1ea2-0aca-11e7-82f6-3863bb44ef7c,12,12,0,7,1,1768971571,2026-01-21 00:01:16
2137775326353803668,12,3,9,1,1,1768971574,2026-01-21 00:01:16
90b141b9-c39f-4a26-a32d-08c7d1474d52,8,8,0,14,1,1768971579,2026-01-21 00:01:16
a45a712c-1e3d-4fee-bef8-adafafd80670,4,3,1,13,1,1768971579,2026-01-21 00:01:16
2124036103510616644,5,0,5,6,1,1768971580,2026-01-21 00:01:16
ca7ec509-cefc-4ac6-b729-08999d191051,20,3,17,2,1,1768971579,2026-01-21 00:01:16
c71cca54-17f6-42bc-ba94-3f5bd9c70197,35,0,35,10,1,1768971580,2026-01-21 00:01:16
3a89411a-0bc6-4ba3-bc56-fab950c8eba1,18,0,18,1,1,1768971580,2026-01-21 00:01:16
2126623765785393224,2,1,1,17,1,1768971580,2026-01-21 00:01:16
faf98f78-51ab-4248-b7e7-f402902385a6,2,2,0,16,1,1768971580,2026-01-21 00:01:16
66dbee85-0aca-11e7-82f6-3863bb44ef7c,16,8,8,57,1,1768971580,2026-01-21 00:01:16
c80c55c4-d623-42d7-8acf-6bfa68a84ecb,0,0,0,18,1,1768971578,2026-01-21 00:01:16
ca5cc034-a95d-446e-8314-6691589886b1,17,16,1,1,1,1768971579,2026-01-21 00:01:16
1835246937517543544,19,3,16,0,1,1768971579,2026-01-21 00:01:16
9394fb49-583f-4426-8d2f-a2b0ffb584d2,15,12,3,34,1,1768971579,2026-01-21 00:01:16
66dde69c-0aca-11e7-82f6-3863bb44ef7c,3,3,0,17,1,1768971579,2026-01-21 00:01:16
66db6963-0aca-11e7-82f6-3863bb44ef7c,52,15,37,24,1,1768971579,2026-01-21 00:01:16
c7604869-5b55-40cf-812e-fc97901bdf14,40,14,26,0,1,1768971581,2026-01-21 00:01:16
0f45bcf6-7028-4584-a51e-4129847dbebc,39,23,16,0,1,1768971581,2026-01-21 00:01:16
1834145589124844432,1,0,1,17,1,1768971581,2026-01-21 00:01:16
66dcbac5-0aca-11e7-82f6-3863bb44ef7c,7,3,4,11,1,1768971581,2026-01-21 00:01:16
af72ab76-c6cb-4994-af96-51fa8846ecdc,4,4,0,15,1,1768971581,2026-01-21 00:01:16
77e31650-e86a-4b06-b2de-b92df2a7a7f5,27,9,18,2,1,1768971581,2026-01-21 00:01:16
2121032386733337206,14,3,11,0,1,1768971581,2026-01-21 00:01:16
655ad2f2-6bcc-4eee-95a9-4f528c0b81cd,7,3,4,9,1,1768971580,2026-01-21 00:01:16
2c8b263e-952c-4941-a671-ef0ebb062632,14,0,14,6,1,1768971581,2026-01-21 00:01:16
2124426077519611940,6,5,1,9,1,1768971582,2026-01-21 00:01:16
0fa27bd7-b182-4e7a-b5bb-90f4249cb368,11,7,4,10,1,1768971582,2026-01-21 00:01:16
9af90faf-0b9b-451b-9cb0-20ff421ca1d9,2,0,2,23,1,1768971579,2026-01-21 00:01:16
1828968883163894358,8,0,8,8,1,1768971582,2026-01-21 00:01:16
2ebbe93b-a013-464a-b4a5-0eba96f89676,18,17,1,1,1,1768971487,2026-01-21 00:01:16
dd482585-3028-453f-a98d-55019db9b26c,37,0,37,4,1,1768971488,2026-01-21 00:01:16
24509e46-a0de-47e8-ba40-9441da68952a,5,4,1,13,1,1768971488,2026-01-21 00:01:16
922763d6-d73c-4678-8bcd-f42ee3a236db,2,1,1,18,1,1768971496,2026-01-21 00:01:16
528ed1e0-75aa-45be-8afe-c3f1c950782f,9,1,8,11,1,1768971493,2026-01-21 00:01:16
66de0d91-0aca-11e7-82f6-3863bb44ef7c,25,0,25,3,1,1768971493,2026-01-21 00:01:16
81a98b0b-cfd6-48b4-90bd-806ebbc264a0,3,2,1,15,1,1768971493,2026-01-21 00:01:16
82c85f05-4722-48ae-9f64-0522012eb3c8,6,1,5,19,1,1768971491,2026-01-21 00:01:16
180b83a0-329c-4069-87be-df862cb1baed,20,16,4,2,1,1768971491,2026-01-21 00:01:16
1096fc76-794e-4343-8eb0-0dd6c9a48266,2,2,0,15,1,1768971491,2026-01-21 00:01:16
1846085734612252774,5,1,4,17,1,1768971491,2026-01-21 00:01:16
f62526d4-9c6a-4c76-be76-c64b5be669d2,6,4,2,15,1,1768971491,2026-01-21 00:01:16
1794852638057746848,21,1,20,0,1,1768971491,2026-01-21 00:01:16
66de5005-0aca-11e7-82f6-3863bb44ef7c,21,5,16,5,1,1768971490,2026-01-21 00:01:16
66dc2c78-0aca-11e7-82f6-3863bb44ef7c,12,5,7,70,1,1768971490,2026-01-21 00:01:16
66db93a1-0aca-11e7-82f6-3863bb44ef7c,18,13,5,18,1,1768971494,2026-01-21 00:01:16
e9575102-1081-4c30-8d15-ea95913579e2,3,2,1,15,1,1768971493,2026-01-21 00:01:16
66dde630-0aca-11e7-82f6-3863bb44ef7c,53,8,45,16,1,1768971490,2026-01-21 00:01:16
66dd01c5-0aca-11e7-82f6-3863bb44ef7c,5,5,0,20,1,1768971491,2026-01-21 00:01:16
324e93c8-4f3d-4a5f-becd-00e6f49fe4dd,18,0,18,0,1,1768971491,2026-01-21 00:01:16
038b7369-9c6e-4eb2-8569-f7461443302f,19,5,14,0,1,1768971494,2026-01-21 00:01:16
44fa161f-eb62-459b-b53e-da83788cfa2a,6,4,2,23,1,1768971508,2026-01-21 00:01:16
b4f990dd-36bb-46b3-9eea-4b980bd43c2d,7,6,1,14,1,1768971508,2026-01-21 00:01:16
66dba303-0aca-11e7-82f6-3863bb44ef7c,4,0,4,9,1,1768971507,2026-01-21 00:01:16
475c44e1-31e3-4c60-b071-af2ca3f7618c,1,1,0,20,1,1768971507,2026-01-21 00:01:16
66dce9b5-0aca-11e7-82f6-3863bb44ef7c,7,0,7,24,1,1768971512,2026-01-21 00:01:16
2124037250266884686,11,2,9,1,1,1768971512,2026-01-21 00:01:16
1880643645302280466,7,5,2,20,1,1768971512,2026-01-21 00:01:16
66dbc37a-0aca-11e7-82f6-3863bb44ef7c,24,18,6,31,1,1768971512,2026-01-21 00:01:16
8d650b03-920d-4d44-a48f-8d9a1a0ba264,12,2,10,7,1,1768971509,2026-01-21 00:01:16
c602146e-d69d-43b6-9e8f-054c4df5377e,12,1,11,6,1,1768971509,2026-01-21 00:01:16
66db9e99-0aca-11e7-82f6-3863bb44ef7c,5,4,1,11,1,1768971509,2026-01-21 00:01:16
66de6346-0aca-11e7-82f6-3863bb44ef7c,21,14,7,13,1,1768971510,2026-01-21 00:01:16
1828966626550010820,18,3,15,0,1,1768971509,2026-01-21 00:01:16
1869753654337059182,18,13,5,2,1,1768971510,2026-01-21 00:01:16
66ddb66e-0aca-11e7-82f6-3863bb44ef7c,6,2,4,21,1,1768971511,2026-01-21 00:01:16
00967b8f-1a4d-4131-a65a-17fa8ca89e28,9,4,5,9,1,1768971510,2026-01-21 00:01:16
6b60bf55-3da4-439a-bde1-fc80be8623ba,0,0,0,22,1,1768971532,2026-01-21 00:01:16
c638ec67-9ac0-416f-944f-619926144931,66,66,0,55,1,1768971533,2026-01-21 00:01:16
ceb179f3-89c3-4c3e-8a0a-3415406a9463,12,12,0,11,1,1768971532,2026-01-21 00:01:16
20ff5447-eac3-43b7-820f-f6fa3a2e12a8,15,1,14,4,1,1768971533,2026-01-21 00:01:16
66dbe96d-0aca-11e7-82f6-3863bb44ef7c,32,11,21,16,1,1768971533,2026-01-21 00:01:16
66de43a5-0aca-11e7-82f6-3863bb44ef7c,10,4,6,11,1,1768971533,2026-01-21 00:01:16
1888015107269225164,24,20,4,16,1,1768971533,2026-01-21 00:01:16
0630217a-3913-47d9-9540-cf85688296a5,4,3,1,13,1,1768971533,2026-01-21 00:01:16
1815968237323833702,18,2,16,3,1,1768971532,2026-01-21 00:01:16
59b747c1-fbfb-4a3d-9394-8d06834d7c98,18,9,9,1,1,1768971532,2026-01-21 00:01:16
4c03fa2d-89da-4f0b-8f19-c7de5edbe256,25,4,21,0,1,1768971532,2026-01-21 00:01:16
ed279ef2-52ee-4ff2-9a52-edd8137ea034,9,9,0,16,1,1768971532,2026-01-21 00:01:16
d45b62b9-7d6b-43b2-bf1e-2c898c55dfd2,11,7,4,7,1,1768971535,2026-01-21 00:01:16
292ad4f3-9fb0-44ec-9e61-613c711f73c1,7,1,6,12,1,1768971535,2026-01-21 00:01:16
1975518133370609774,64,58,6,34,1,1768971536,2026-01-21 00:01:16
2546c9b9-5b1a-4e9f-a9cc-f8b986b79748,20,9,11,2,1,1768971536,2026-01-21 00:01:16
66dbe68e-0aca-11e7-82f6-3863bb44ef7c,48,43,5,7,1,1768971533,2026-01-21 00:01:16
66dc81ce-0aca-11e7-82f6-3863bb44ef7c,14,5,9,58,1,1768971533,2026-01-21 00:01:16
7f402242-dc1b-4a48-ba21-58c4fa7216b4,17,4,13,1,1,1768971534,2026-01-21 00:01:16
1898751402035634700,9,2,7,7,1,1768971534,2026-01-21 00:01:16
bbc3c1df-f7db-4f54-8d5c-b8f4269ecb48,16,12,4,3,1,1768971534,2026-01-21 00:01:16
1934749166596673908,28,9,19,17,1,1768971534,2026-01-21 00:01:16
66dc3ab9-0aca-11e7-82f6-3863bb44ef7c,33,31,2,28,1,1768971535,2026-01-21 00:01:16
c190f78c-77ad-469e-aecc-e2af7bb6d92a,19,2,17,3,1,1768971535,2026-01-21 00:01:16
ba33c334-e17d-4478-ae3c-9c2f4dbfbb51,5,2,3,11,1,1768971535,2026-01-21 00:01:16
901ad0c4-383e-490a-8b54-0656ce2358d6,9,1,8,10,1,1768971534,2026-01-21 00:01:16
66dce8db-0aca-11e7-82f6-3863bb44ef7c,20,11,9,21,1,1768971535,2026-01-21 00:01:16
66db3687-0aca-11e7-82f6-3863bb44ef7c,26,17,9,8,1,1768971534,2026-01-21 00:01:16
b96507c5-7c90-499d-9c45-58f25d6f636a,1,1,0,19,1,1768971536,2026-01-21 00:01:16
66dbcbbc-0aca-11e7-82f6-3863bb44ef7c,52,12,40,17,1,1768971563,2026-01-21 00:01:16
7779e057-b33e-46a7-8a1e-8c28bcd9a558,12,2,10,7,1,1768971563,2026-01-21 00:01:16
66db76a1-0aca-11e7-82f6-3863bb44ef7c,20,15,5,72,1,1768971564,2026-01-21 00:01:16
4568f854-1268-45cf-bac8-82286ef40ae6,10,2,8,8,1,1768971564,2026-01-21 00:01:16
47da6ab2-c841-4f2d-97ef-dd8d441c96b1,2,1,1,15,1,1768971564,2026-01-21 00:01:16
19b61564-7629-41b4-80c8-1756135a5442,3,3,0,15,1,1768971565,2026-01-21 00:01:16
63a838a8-9acf-4ba1-91f5-c676f6ef2f7d,13,4,9,7,1,1768971565,2026-01-21 00:01:16
c2bb1874-bcb7-47c5-aa7d-05423b9087e8,2,0,2,17,1,1768971559,2026-01-21 00:01:16
2138075988152462096,16,2,14,2,1,1768971559,2026-01-21 00:01:16
7938263e-e5b8-4ca7-b8bf-1adbaae5fead,16,6,10,11,1,1768971562,2026-01-21 00:01:16
66dc292c-0aca-11e7-82f6-3863bb44ef7c,33,21,12,18,1,1768971563,2026-01-21 00:01:16
457ea5d7-d643-4028-87db-46dee0b81555,22,19,3,2,1,1768971562,2026-01-21 00:01:16
18eccc71-66be-4e4c-8335-095a9bf0df94,0,0,0,0,0,1768971563,2026-01-21 00:01:16
b79c8433-9dd1-4d68-9156-7f2c2162bafe,16,14,2,12,1,1768971563,2026-01-21 00:01:16
66dd26f9-0aca-11e7-82f6-3863bb44ef7c,26,8,18,5,1,1768971565,2026-01-21 00:01:16
66dbec40-0aca-11e7-82f6-3863bb44ef7c,22,8,14,30,1,1768971566,2026-01-21 00:01:16
0138452a-b9f4-4aee-80b0-7fae9a122ffe,26,20,6,12,1,1768971561,2026-01-21 00:01:16
66dbe15d-0aca-11e7-82f6-3863bb44ef7c,13,1,12,12,1,1768971561,2026-01-21 00:01:16
7dda8844-60ba-4449-b05c-54c1d14ab5fb,58,43,15,10,1,1768971561,2026-01-21 00:01:16
3eb10c63-ea4c-4161-b07d-a29034f7367a,8,3,5,10,1,1768971560,2026-01-21 00:01:16
f523c481-ba41-44ba-96e1-0c431fbea558,4,2,2,19,1,1768971560,2026-01-21 00:01:16
83a5d761-57d0-4cd6-aa2b-7eb350120d99,10,5,5,10,1,1768971565,2026-01-21 00:01:16
f401cd5f-cb41-41f8-a857-4a4dfe778f94,21,11,10,4,1,1768971565,2026-01-21 00:01:16
ca843847-923a-40b7-80ca-c1c3fff6e818,1,1,0,17,1,1768971560,2026-01-21 00:01:16
3db799ba-b574-4e5f-95e5-c767bec2acb6,22,10,12,5,1,1768971567,2026-01-21 00:01:16
754ac5df-f2b5-4636-8c58-ed84ea262bde,2,2,0,18,1,1768971568,2026-01-21 00:01:16
1860189650739626488,2,0,2,19,1,1768971568,2026-01-21 00:01:16
69717638-5c4a-47a7-bccb-3b42c81eb09f,12,5,7,6,1,1768971567,2026-01-21 00:01:16
5645b05e-85be-460d-8506-cacd20bff233,27,2,25,2,1,1768971568,2026-01-21 00:01:16
66dd4d70-0aca-11e7-82f6-3863bb44ef7c,13,8,5,26,1,1768971570,2026-01-21 00:01:16
1848241791125254746,15,1,14,1,1,1768971569,2026-01-21 00:01:16
1882824287789509296,20,18,2,24,1,1768971570,2026-01-21 00:01:16
d8778570-f7f2-458d-82f5-9ad39210a501,38,33,5,8,1,1768971570,2026-01-21 00:01:16
1804892772559499512,32,6,26,0,1,1768971570,2026-01-21 00:01:16
66de73fd-0aca-11e7-82f6-3863bb44ef7c,12,8,4,13,1,1768971566,2026-01-21 00:01:16
66dc80b4-0aca-11e7-82f6-3863bb44ef7c,3,2,1,56,1,1768971567,2026-01-21 00:01:16
0bd9bd58-42e6-4680-9d19-83943372221f,13,12,1,9,1,1768971569,2026-01-21 00:01:16
a4d041fd-c5fa-4f52-800c-25d7a661a875,1,1,0,20,1,1768971566,2026-01-21 00:01:16
1869753057823626206,11,0,11,12,1,1768971566,2026-01-21 00:01:16
1871698348432996504,12,1,11,9,1,1768971568,2026-01-21 00:01:16
1786698321265653818,14,14,0,21,1,1768971571,2026-01-21 00:01:16
abc1311e-e000-4211-af9e-0cf92242711e,1,1,0,21,1,1768971568,2026-01-21 00:01:16
38af3d1a-9916-46cf-b22e-86fc8648bf30,9,0,9,10,1,1768971592,2026-01-21 00:01:16
b713367c-3572-4225-b74a-9319ab537838,1,0,1,18,1,1768971595,2026-01-21 00:01:16
66db41bf-0aca-11e7-82f6-3863bb44ef7c,28,0,28,2,1,1768971595,2026-01-21 00:01:16
66dc0dab-0aca-11e7-82f6-3863bb44ef7c,13,12,1,102,1,1768971594,2026-01-21 00:01:16
4e747443-d481-4aea-a6d1-cf20204af4ba,13,1,12,7,1,1768971595,2026-01-21 00:01:16
1869753484503987044,5,3,2,14,1,1768971596,2026-01-21 00:01:16
99614ecb-2329-49fa-a13a-fa1ef2bb32d6,3,0,3,14,1,1768971595,2026-01-21 00:01:16
66dd056e-0aca-11e7-82f6-3863bb44ef7c,3,1,2,14,1,1768971595,2026-01-21 00:01:16
66de63cd-0aca-11e7-82f6-3863bb44ef7c,15,6,9,4,1,1768971595,2026-01-21 00:01:16
5a24acbb-94ef-4cb5-9db8-f6073ac26a2b,2,0,2,17,1,1768971596,2026-01-21 00:01:16
66dde76a-0aca-11e7-82f6-3863bb44ef7c,9,8,1,13,1,1768971596,2026-01-21 00:01:16
545a32d3-b74c-4dc2-b82c-a6d185dd4666,4,4,0,14,1,1768971596,2026-01-21 00:01:16
66dc7f02-0aca-11e7-82f6-3863bb44ef7c,94,84,10,14,1,1768971596,2026-01-21 00:01:16
66de85d2-0aca-11e7-82f6-3863bb44ef7c,38,25,13,6,1,1768971597,2026-01-21 00:01:16
62f8f806-bd04-4282-9c5d-ad4293644e3c,10,3,7,7,1,1768971597,2026-01-21 00:01:16
66dc7ba2-0aca-11e7-82f6-3863bb44ef7c,21,9,12,11,1,1768971597,2026-01-21 00:01:16
66dd1d0f-0aca-11e7-82f6-3863bb44ef7c,27,12,15,1,1,1768971597,2026-01-21 00:01:16
cbf76774-1276-4cf8-9442-f00571f1451c,27,27,0,2,1,1768971597,2026-01-21 00:01:16
66dd1d9c-0aca-11e7-82f6-3863bb44ef7c,25,10,15,3,1,1768971597,2026-01-21 00:01:16
576abdc1-986e-48b0-bde2-051a13d3ff59,9,2,7,7,1,1768971597,2026-01-21 00:01:16
3f05490b-a3d8-4d15-bd25-0212555b5dff,17,2,15,3,1,1768971597,2026-01-21 00:01:16
18a2cbb6-91f2-4393-82fb-b40a8ba90f20,2,0,2,18,1,1768971598,2026-01-21 00:01:16
66dd24ca-0aca-11e7-82f6-3863bb44ef7c,39,24,15,5,1,1768971597,2026-01-21 00:01:16
44c23eaa-7ddf-40b3-8373-6f3880c5e1b1,3,2,1,15,1,1768971597,2026-01-21 00:01:16
66dbc420-0aca-11e7-82f6-3863bb44ef7c,7,6,1,44,1,1768971598,2026-01-21 00:01:16
1965202298784063998,5,4,1,21,1,1768971598,2026-01-21 00:01:16
2171903221356328154,0,0,0,0,0,86400,2026-01-21 00:01:16
2171903733697659376,0,0,0,0,0,86400,2026-01-21 00:01:16
2171903845366809074,0,0,0,0,0,86400,2026-01-21 00:01:16
d67375ea-3f93-4996-b0dc-f542341f2e6a,0,0,0,0,0,86400,2026-01-21 00:01:16
a93cb1ec-fb37-4faf-a7e7-d1e5a9e9af95,0,0,0,0,0,86400,2026-01-21 00:01:16
ab5c5ee6-9c4e-4aaa-a14e-d236d3e01d9a,0,0,0,0,0,86400,2026-01-21 00:01:16
32c60668-a192-4d06-aa7c-6d6f7aed6b45,0,0,0,0,0,86400,2026-01-21 00:01:16
fd0e86e3-079d-40aa-8231-ec2cbdbd9e7f,0,0,0,0,0,86400,2026-01-21 00:01:16
66dccad8-0aca-11e7-82f6-3863bb44ef7c,0,0,0,0,0,86400,2026-01-21 00:01:16
d2024260-cc58-451b-9417-3a695f8a1b34,0,0,0,0,0,1767211364,2026-01-21 00:01:16
1880643497376459348,0,0,0,25,0,1768903727,2026-01-21 00:01:16
bf317efc-13f1-42be-8243-373a29354033,4,1,3,21,1,1768971477,2026-01-21 00:01:16
66ddbd20-0aca-11e7-82f6-3863bb44ef7c,91,72,19,2,1,1768971477,2026-01-21 00:01:16
1860189190334925058,3,0,3,18,1,1768971478,2026-01-21 00:01:16
ed5c92f1-3293-4385-9e2b-9b716a096a19,10,10,0,47,1,1768971479,2026-01-21 00:01:16
1851254360969534132,7,5,2,17,1,1768971477,2026-01-21 00:01:16
1877920686883352866,19,8,11,1,1,1768971480,2026-01-21 00:01:16
1906951766876655628,2,0,2,26,1,1768971482,2026-01-21 00:01:16
1786687245202023014,32,8,24,1,1,1768971483,2026-01-21 00:01:16
66dc481a-0aca-11e7-82f6-3863bb44ef7c,66,36,30,2,1,1768971481,2026-01-21 00:01:16
8f672aa7-08a1-4fe2-a471-06f219c0eb1b,1,1,0,14,1,1768971481,2026-01-21 00:01:16
7f8cb36a-2bf4-4d57-afbd-331310f25355,14,1,13,22,1,1768971481,2026-01-21 00:01:16
cf284d60-23e7-49ec-91dc-8bfedb59cb6a,17,1,16,2,1,1768971481,2026-01-21 00:01:16
ddc8ca6c-dceb-4603-ab1e-4bd972ca2a3d,9,2,7,8,1,1768971483,2026-01-21 00:01:16
753591ba-36f7-4ded-ab7d-40df9994a05f,10,6,4,13,1,1768971479,2026-01-21 00:01:16
1898455214498195676,3,2,1,16,1,1768971478,2026-01-21 00:01:16
1786699974232881542,6,1,5,14,1,1768971479,2026-01-21 00:01:16
d0b87aa7-7e19-40d2-8f7d-6a622e6ac391,4,1,3,19,1,1768971479,2026-01-21 00:01:16
2bf9addc-038b-48fe-8794-dde085c5e5dc,19,12,7,28,1,1768971487,2026-01-21 00:01:16
380394f7-64fa-4a65-a4d1-7bcaddd41fab,15,9,6,4,1,1768971486,2026-01-21 00:01:16
81a34754-ae08-47a6-964d-4733849a8fab,3,1,2,25,1,1768971485,2026-01-21 00:01:16
1827839088308194240,104,90,14,10,1,1768971486,2026-01-21 00:01:16
8456b63c-37c6-49a6-8c02-bb6dcfc35041,13,10,3,9,1,1768971486,2026-01-21 00:01:16
a82cc641-0926-4a63-b488-7060ab7dcd74,25,17,8,5,1,1768971486,2026-01-21 00:01:16
4f57360d-a4cb-4568-b74a-f3086ccaee2e,7,3,4,13,1,1768971488,2026-01-21 00:01:16
989fdf95-cfb9-475c-ba0c-3152fd3a16e0,15,12,3,4,1,1768971489,2026-01-21 00:01:16
66de59bd-0aca-11e7-82f6-3863bb44ef7c,18,6,12,4,1,1768971489,2026-01-21 00:01:16
66db3997-0aca-11e7-82f6-3863bb44ef7c,11,0,11,65,1,1768971489,2026-01-21 00:01:16
66db4282-0aca-11e7-82f6-3863bb44ef7c,52,23,29,23,1,1768971490,2026-01-21 00:01:16
66db5e6a-0aca-11e7-82f6-3863bb44ef7c,9,7,2,9,1,1768971491,2026-01-21 00:01:16
2098359443836787630,16,15,1,55,1,1768971492,2026-01-21 00:01:16
c0a3b8fe-ba64-4cbb-b010-f760998d6c3a,12,12,0,7,1,1768971493,2026-01-21 00:01:16
fec4aa1b-9fc1-4dd9-ab39-c1d7370a6e54,7,1,6,14,1,1768971493,2026-01-21 00:01:16
66db3f62-0aca-11e7-82f6-3863bb44ef7c,23,3,20,32,1,1768971493,2026-01-21 00:01:16
c37931bb-8571-4671-a9a8-f3cf23897680,49,27,22,42,1,1768971490,2026-01-21 00:01:16
66dca682-0aca-11e7-82f6-3863bb44ef7c,28,21,7,34,1,1768971490,2026-01-21 00:01:16
9c2a741d-7f3e-4aa1-b58b-db5c3e6bcb20,1,0,1,27,1,1768971490,2026-01-21 00:01:16
2123939077451327830,3,0,3,7,1,1768971491,2026-01-21 00:01:16
1875023224873448258,8,0,8,12,1,1768971495,2026-01-21 00:01:16
8d2eff37-be09-4b46-a95d-abff89e16d56,8,0,8,9,1,1768971494,2026-01-21 00:01:16
679dcf08-d88c-4d1b-b81d-fe9f4aabbff7,4,1,3,21,1,1768971494,2026-01-21 00:01:16
4775fd25-2240-44d7-884a-d777d15a9b5e,8,7,1,12,1,1768971491,2026-01-21 00:01:16
1854537815365165328,0,0,0,19,1,1768971491,2026-01-21 00:01:16
afd76a0e-ceb8-4d18-a427-b378c4d07a75,20,4,16,9,1,1768971494,2026-01-21 00:01:16
9d23b0e9-a478-407c-a0e0-0aff1b0398fc,1,1,0,20,1,1768971496,2026-01-21 00:01:16
66dc0bbd-0aca-11e7-82f6-3863bb44ef7c,28,8,20,9,1,1768971496,2026-01-21 00:01:16
c0a2d591-4eed-488b-b88b-0b23990e3756,16,0,16,1,1,1768971497,2026-01-21 00:01:16
68827e5f-ed28-45de-99bf-66093a8c504f,7,5,2,13,1,1768971497,2026-01-21 00:01:16
02fb0f6a-b1dc-4e1c-97f8-fe70462670a3,23,3,20,3,1,1768971498,2026-01-21 00:01:16
1887292564377354448,4,2,2,25,1,1768971495,2026-01-21 00:01:16
7d9a1b9e-0123-4561-a111-b3735fada687,5,0,5,17,1,1768971496,2026-01-21 00:01:16
4d4a3e7b-1005-4bfd-8680-340a20cacbee,17,9,8,4,1,1768971496,2026-01-21 00:01:16
66ddb6d9-0aca-11e7-82f6-3863bb44ef7c,48,16,32,16,1,1768971499,2026-01-21 00:01:16
5600446d-a00a-45e6-9dc3-550adfd63e39,3,3,0,15,1,1768971499,2026-01-21 00:01:16
66de88d7-0aca-11e7-82f6-3863bb44ef7c,24,19,5,22,1,1768971499,2026-01-21 00:01:16
199ea9dd-8f7e-4e05-a730-55edaacd8787,9,7,2,48,1,1768971500,2026-01-21 00:01:16
514f3dda-4d08-464c-b2d4-5706d400065a,2,1,1,14,1,1768971501,2026-01-21 00:01:16
c56739c2-b310-4d73-ab0e-b6036abd9561,21,5,16,4,1,1768971500,2026-01-21 00:01:16
66db6da2-0aca-11e7-82f6-3863bb44ef7c,45,37,8,6,1,1768971499,2026-01-21 00:01:16
66dde208-0aca-11e7-82f6-3863bb44ef7c,37,37,0,0,1,1768971501,2026-01-21 00:01:16
1838618090943186984,19,2,17,4,1,1768971502,2026-01-21 00:01:16
6651fc84-09d1-4cdb-a8d5-7d6345fb3466,13,1,12,4,1,1768971502,2026-01-21 00:01:16
2126623199408050430,10,2,8,6,1,1768971504,2026-01-21 00:01:16
b30815c0-99b6-451b-be15-902992cb8abb,47,46,1,10,1,1768971504,2026-01-21 00:01:16
9b7e3b8b-97ef-4038-820c-7cd1c1a34fc7,12,2,10,12,1,1768971505,2026-01-21 00:01:16
7380e377-936d-47d7-8abe-0f666d47465e,3,2,1,17,1,1768971505,2026-01-21 00:01:16
e73cf71b-db05-44f9-b57a-689d65320d68,2,0,2,28,1,1768971505,2026-01-21 00:01:16
774c5443-d463-42b3-bfc5-b0ab3c56fe35,21,21,0,11,1,1768971506,2026-01-21 00:01:16
be435dfd-e859-487c-ae32-3d2b76d49a49,13,3,10,5,1,1768971502,2026-01-21 00:01:16
9719498d-bd5c-4424-86ac-dfe0795c57d1,5,2,3,16,1,1768971501,2026-01-21 00:01:16
1834145868297717964,4,0,4,14,1,1768971503,2026-01-21 00:01:16
b1e496f1-43cf-48d0-be49-ab0d760c00bf,3,0,3,25,1,1768971503,2026-01-21 00:01:16
8e631be4-1e0c-4627-a261-18f0003d0ba2,8,6,2,33,1,1768971504,2026-01-21 00:01:16
1836581441921155232,9,8,1,9,1,1768971507,2026-01-21 00:01:16
fe65853e-b20a-4250-9677-2aa177283b72,9,0,9,10,1,1768971507,2026-01-21 00:01:16
0c923abb-298a-4a47-b132-9fae73cc59e6,29,24,5,8,1,1768971507,2026-01-21 00:01:16
ebce9ecb-9678-4c42-89d7-08e54bc6fe90,3,3,0,15,1,1768971501,2026-01-21 00:01:16
868586b3-ddc7-4b4b-9bed-a1e487033aaa,43,11,32,2,1,1768971510,2026-01-21 00:01:16
e10a6e12-d98c-4625-940a-9f83d9b2f6c4,17,4,13,4,1,1768971511,2026-01-21 00:01:16
66dd243c-0aca-11e7-82f6-3863bb44ef7c,42,3,38,35,1,1768971511,2026-01-21 00:01:16
80969478-8dbc-42e1-8e16-ac0132a431c2,21,1,20,4,1,1768971511,2026-01-21 00:01:16
66dc7de9-0aca-11e7-82f6-3863bb44ef7c,95,65,30,18,1,1768971511,2026-01-21 00:01:16
66dbebad-0aca-11e7-82f6-3863bb44ef7c,26,13,13,22,1,1768971507,2026-01-21 00:01:16
66db9cc4-0aca-11e7-82f6-3863bb44ef7c,13,6,7,24,1,1768971508,2026-01-21 00:01:16
bdcbd89b-9ae0-461b-aa1d-7db7ead07400,18,4,14,8,1,1768971510,2026-01-21 00:01:16
1817432233006383832,20,1,19,2,1,1768971508,2026-01-21 00:01:16
66db8ca4-0aca-11e7-82f6-3863bb44ef7c,46,24,22,13,1,1768971512,2026-01-21 00:01:16
1828964993433043090,0,0,0,5,0,1768956955,2026-01-21 00:01:16
3f878b81-324e-4673-9221-43d34647e76f,12,1,11,3,1,1768971510,2026-01-21 00:01:16
2018303498843153278,24,10,14,4,1,1768971511,2026-01-21 00:01:16
92a51669-deec-45a9-8494-fafdf6356c51,6,3,3,26,1,1768971517,2026-01-21 00:01:16
1786697932047949952,8,4,4,15,1,1768971515,2026-01-21 00:01:16
54782566-697b-497e-a503-dc1f39963eb2,6,6,0,19,1,1768971515,2026-01-21 00:01:16
85ba92ab-8d0a-4d17-9d07-0173e16d3b6d,3,1,2,16,1,1768971515,2026-01-21 00:01:16
94624d6e-4150-4ab1-92ff-bf55cb58ab61,2,1,1,16,1,1768971516,2026-01-21 00:01:16
66dc3f08-0aca-11e7-82f6-3863bb44ef7c,98,76,22,2,1,1768971515,2026-01-21 00:01:16
66dbcf18-0aca-11e7-82f6-3863bb44ef7c,65,18,47,8,1,1768971516,2026-01-21 00:01:16
4a4c7548-2466-48ef-8d7e-0aa4d6acb69e,4,2,2,16,1,1768971514,2026-01-21 00:01:16
4753c893-e4bd-4d6a-bc4d-42209a19ebeb,1,1,0,16,1,1768971514,2026-01-21 00:01:16
9b4a92ae-cefe-467a-8e35-5ce02d4f3a45,4,1,3,14,1,1768971513,2026-01-21 00:01:16
dccab832-b4a2-4105-927d-b52ec0d92c92,18,6,12,0,1,1768971517,2026-01-21 00:01:16
66dd43bd-0aca-11e7-82f6-3863bb44ef7c,16,14,2,29,1,1768971522,2026-01-21 00:01:16
2e5cde21-f0a2-4396-899e-6df275e99212,5,5,0,15,1,1768971522,2026-01-21 00:01:16
1814907062275537820,15,3,12,12,1,1768971519,2026-01-21 00:01:16
fb180cce-96ee-4e66-b3ce-000f3db6e670,3,3,0,27,1,1768971519,2026-01-21 00:01:16
66de542a-0aca-11e7-82f6-3863bb44ef7c,41,2,39,3,1,1768971520,2026-01-21 00:01:16
fac701fb-c433-496e-933b-ea137dbe7fe1,4,1,3,12,1,1768971520,2026-01-21 00:01:16
711ccb32-e1bc-4577-ac7b-50592cc9b8a0,23,7,16,1,1,1768971520,2026-01-21 00:01:16
6ae35aa8-644e-4b2c-b6a4-6570192f78ab,14,0,14,15,1,1768971520,2026-01-21 00:01:16
101c813e-02a8-4b6b-bd5d-981c1ea62019,3,3,0,18,1,1768971521,2026-01-21 00:01:16
1846085533896197012,20,1,19,0,1,1768971521,2026-01-21 00:01:16
66dc741f-0aca-11e7-82f6-3863bb44ef7c,51,44,7,10,1,1768971523,2026-01-21 00:01:16
1817432954560889524,8,0,8,12,1,1768971524,2026-01-21 00:01:16
1958457675193833900,10,3,7,12,1,1768971524,2026-01-21 00:01:16
1a083890-e22b-4f81-8d98-567784034916,20,2,18,3,1,1768971524,2026-01-21 00:01:16
a958a8af-a0cc-4bca-9114-93c74ce3c693,3,3,0,19,1,1768971524,2026-01-21 00:01:16
1859811213834095332,15,0,15,9,1,1768971524,2026-01-21 00:01:16
a37bd0e0-d1e9-4302-9ff7-286e415aff1c,17,9,8,0,1,1768971518,2026-01-21 00:01:16
ace80a8c-6196-484e-8dd0-061e3c90389b,2,1,1,27,1,1768971519,2026-01-21 00:01:16
0eacb768-c7d5-4499-9182-9a1331d9280c,25,0,25,3,1,1768971522,2026-01-21 00:01:16
1849009534951225816,5,1,4,11,1,1768971523,2026-01-21 00:01:16
06f0d251-e1e3-435c-8c5f-9b991a14ca4a,6,5,1,19,1,1768971538,2026-01-21 00:01:16
0197e9da-ae03-40a7-8270-fe500bfc9e18,4,4,0,15,1,1768971538,2026-01-21 00:01:16
2121032507515216178,8,2,6,2,1,1768971538,2026-01-21 00:01:16
66de3fde-0aca-11e7-82f6-3863bb44ef7c,7,3,4,16,1,1768971535,2026-01-21 00:01:16
66db6889-0aca-11e7-82f6-3863bb44ef7c,6,6,0,25,1,1768971536,2026-01-21 00:01:16
1945125910957847430,3,1,2,16,1,1768971536,2026-01-21 00:01:16
1876864480506022446,16,0,16,5,1,1768971536,2026-01-21 00:01:16
2121032193446634360,3,1,2,8,1,1768971536,2026-01-21 00:01:16
bd30f2a1-38ec-474d-9e36-07f688e87427,14,9,5,1,1,1768971536,2026-01-21 00:01:16
6ca15d94-897a-4c81-ab47-366829afb7c4,0,0,0,22,1,1768971536,2026-01-21 00:01:16
2126579619522812246,11,4,7,2,1,1768971536,2026-01-21 00:01:16
1786697528321024934,38,6,32,1,1,1768971536,2026-01-21 00:01:16
66dc9223-0aca-11e7-82f6-3863bb44ef7c,3,0,3,81,1,1768971537,2026-01-21 00:01:16
f54ad1f8-fe58-49ac-82ae-b742aec66829,49,40,9,22,1,1768971535,2026-01-21 00:01:16
ffef95fa-600b-4f08-b2ce-e8eb034ebfd8,16,16,0,15,1,1768971539,2026-01-21 00:01:16
66db7a0d-0aca-11e7-82f6-3863bb44ef7c,45,21,24,6,1,1768971539,2026-01-21 00:01:16
9e0b3452-ef6d-4e94-8c05-7bef199cdb74,10,6,4,10,1,1768971537,2026-01-21 00:01:16
d52d4171-fd60-4a28-b7e2-89f3693e0591,12,5,7,5,1,1768971539,2026-01-21 00:01:16
1843486390605672640,4,1,3,21,1,1768971539,2026-01-21 00:01:16
1202a491-9f76-4609-9b5c-eb7723ab5b45,11,3,8,7,1,1768971539,2026-01-21 00:01:16
ffaa8f6a-a4ea-4d3a-a57c-f42f77cd4581,0,0,0,24,1,1768971536,2026-01-21 00:01:16
17ba4945-b202-4667-965f-211d80622646,14,0,14,8,1,1768971536,2026-01-21 00:01:16
398aa734-3893-4dba-a704-57ae8632c4f9,6,5,1,15,1,1768971527,2026-01-21 00:01:16
852218fc-5e5b-4153-bc3f-03760b57e68a,4,0,4,17,1,1768971527,2026-01-21 00:01:16
c29c9178-bcb1-4c0c-b789-f4a89512a4e4,2,0,2,17,1,1768971526,2026-01-21 00:01:16
a1112e04-bc50-4782-b3d6-bb5902c0e8db,2,2,0,19,1,1768971526,2026-01-21 00:01:16
e1a3f2f9-618f-4727-b2d6-676e02aadf17,12,3,9,6,1,1768971526,2026-01-21 00:01:16
66ddef96-0aca-11e7-82f6-3863bb44ef7c,37,16,21,7,1,1768971526,2026-01-21 00:01:16
66db89a3-0aca-11e7-82f6-3863bb44ef7c,58,7,51,11,1,1768971525,2026-01-21 00:01:16
956de8aa-9e06-4efb-8eb0-35fe9b274a48,17,17,0,1,1,1768971526,2026-01-21 00:01:16
b9c209b2-6284-4f5a-a32a-680ef9da1c1f,0,0,0,18,1,1768971530,2026-01-21 00:01:16
bde94a25-6089-4490-af3a-8cc5702230b8,88,71,17,11,1,1768971529,2026-01-21 00:01:16
66de44ba-0aca-11e7-82f6-3863bb44ef7c,32,16,16,5,1,1768971527,2026-01-21 00:01:16
66de1f7f-0aca-11e7-82f6-3863bb44ef7c,24,9,15,5,1,1768971528,2026-01-21 00:01:16
62e2b1dd-ca52-4e1c-a112-1d8846b9d9b5,15,3,12,2,1,1768971532,2026-01-21 00:01:16
1945126257666675246,9,4,5,12,1,1768971533,2026-01-21 00:01:16
50575cba-95ac-4134-9da1-3eec8253afc4,5,2,3,31,1,1768971533,2026-01-21 00:01:16
1871972060496771504,2,2,0,15,1,1768971531,2026-01-21 00:01:16
5d994b32-b7a5-450d-9bbb-93bf3b03e6d5,0,0,0,17,1,1768971531,2026-01-21 00:01:16
5eac53d0-5510-441a-9dbb-76bd38acf4ef,1,0,1,15,1,1768971532,2026-01-21 00:01:16
1893519215751496610,31,1,30,0,1,1768971532,2026-01-21 00:01:16
d9bc0b3e-1af8-4cb6-a082-8ef1245ef329,9,5,4,15,1,1768971531,2026-01-21 00:01:16
1864605659096685518,0,0,0,17,1,1768971534,2026-01-21 00:01:16
1834145468418707676,13,0,13,5,1,1768971530,2026-01-21 00:01:16
fea72f55-d296-47af-9446-149688dcccbd,1,1,0,14,1,1768971545,2026-01-21 00:01:16
66dc1d0c-0aca-11e7-82f6-3863bb44ef7c,18,14,4,10,1,1768971541,2026-01-21 00:01:16
66dd4ac1-0aca-11e7-82f6-3863bb44ef7c,8,7,1,29,1,1768971541,2026-01-21 00:01:16
d8e02e7b-632b-4fbe-95b9-80efa47473e3,3,3,0,17,1,1768971542,2026-01-21 00:01:16
66dcca0d-0aca-11e7-82f6-3863bb44ef7c,3,0,3,19,1,1768971539,2026-01-21 00:01:16
bb6bba3f-19a0-4ebb-a454-4ac678d9d62d,1,1,0,20,1,1768971540,2026-01-21 00:01:16
999865d2-0735-4e85-a9d4-00810231530e,7,2,5,15,1,1768971540,2026-01-21 00:01:16
1854538793462575652,10,0,10,8,1,1768971541,2026-01-21 00:01:16
18326827-dcae-47e0-8518-c4bb9e21eef6,28,0,28,3,1,1768971540,2026-01-21 00:01:16
1815967674683118258,21,0,21,2,1,1768971544,2026-01-21 00:01:16
66dbf062-0aca-11e7-82f6-3863bb44ef7c,40,25,15,2,1,1768971545,2026-01-21 00:01:16
2436e886-dc53-47cb-8733-d663f9dcd922,3,2,1,21,1,1768971544,2026-01-21 00:01:16
66db3ba0-0aca-11e7-82f6-3863bb44ef7c,51,43,8,19,1,1768971545,2026-01-21 00:01:16
1813395029173762108,40,40,0,1,1,1768971543,2026-01-21 00:01:16
66de110b-0aca-11e7-82f6-3863bb44ef7c,22,4,18,16,1,1768971543,2026-01-21 00:01:16
a6a132f9-89bf-42a4-afe6-1ca449b7f570,7,6,1,11,1,1768971543,2026-01-21 00:01:16
65a1b09d-560d-46bf-8f5d-7f59471a587e,3,2,1,18,1,1768971543,2026-01-21 00:01:16
22e38a04-e70d-4484-bbf3-f6e8c64fdbd4,5,4,1,18,1,1768971550,2026-01-21 00:01:16
77463580-6421-403d-b170-f2660c216175,2,2,0,21,1,1768971550,2026-01-21 00:01:16
f3b359e2-7983-4aaf-b6b0-e3b7d30816a4,18,4,14,1,1,1768971550,2026-01-21 00:01:16
1854255035042870020,9,1,8,7,1,1768971551,2026-01-21 00:01:16
4543214c-c9d4-4f20-9cd9-dd05cc365931,40,32,8,5,1,1768971551,2026-01-21 00:01:16
e982e1cb-7e7b-4769-85b8-565925200654,7,0,7,17,1,1768971551,2026-01-21 00:01:16
01b7973e-c92e-4fbe-890e-2c24de33ce0e,11,2,9,7,1,1768971549,2026-01-21 00:01:16
66dc90d5-0aca-11e7-82f6-3863bb44ef7c,35,25,10,0,1,1768971549,2026-01-21 00:01:16
d7f55e1b-12db-49d1-9cd8-4fb464745841,11,1,10,14,1,1768971550,2026-01-21 00:01:16
b7c6ce96-a24d-4c1e-93ee-6f49c1adf119,3,1,2,12,1,1768971549,2026-01-21 00:01:16
b7d7543b-74ac-4a48-a3c4-412f9ffbc727,11,0,11,13,1,1768971550,2026-01-21 00:01:16
1815968422007427668,8,2,6,11,1,1768971549,2026-01-21 00:01:16
e6f3c665-0c87-4f34-a5e8-69baeed7b7bf,7,2,5,13,1,1768971549,2026-01-21 00:01:16
66dcbf69-0aca-11e7-82f6-3863bb44ef7c,8,5,3,10,1,1768971549,2026-01-21 00:01:16
1862759079900600428,1,0,1,17,1,1768971548,2026-01-21 00:01:16
e666a344-1afb-4512-b2e9-2fc5ed71be2b,1,1,0,22,1,1768971547,2026-01-21 00:01:16
145bbc0d-8976-45ae-9565-158ba564d3d1,21,6,15,4,1,1768971546,2026-01-21 00:01:16
bc512527-7863-48d5-aea8-3de470abc1ee,7,4,3,11,1,1768971547,2026-01-21 00:01:16
7a15d81b-357e-42e0-b208-93ffd562fd63,1,0,1,24,1,1768971547,2026-01-21 00:01:16
39f756c2-3904-463e-95a8-8d8e3540e845,50,24,26,16,1,1768971547,2026-01-21 00:01:16
36025f2c-ee4d-4c1a-832d-733cf37f98ef,4,3,1,26,1,1768971547,2026-01-21 00:01:16
b319c797-71ff-490c-b965-ba2ac0f50da0,3,2,1,14,1,1768971546,2026-01-21 00:01:16
66dc8bfd-0aca-11e7-82f6-3863bb44ef7c,23,11,12,27,1,1768971554,2026-01-21 00:01:16
79399e32-a6c6-4732-8ad4-9f9140a86b21,18,13,5,2,1,1768971554,2026-01-21 00:01:16
66de103b-0aca-11e7-82f6-3863bb44ef7c,15,8,7,5,1,1768971554,2026-01-21 00:01:16
efa2a82f-eb4a-4b82-a602-6c42cb984101,3,1,2,14,1,1768971554,2026-01-21 00:01:16
16a4effc-282e-4053-b47b-31f734d50c08,15,2,13,7,1,1768971554,2026-01-21 00:01:16
5f2766b0-362e-49e5-ab09-05e2c4b6f626,0,0,0,18,1,1768971555,2026-01-21 00:01:16
1819720453019329398,3,0,3,18,1,1768971554,2026-01-21 00:01:16
66dc24b8-0aca-11e7-82f6-3863bb44ef7c,38,3,35,31,1,1768971555,2026-01-21 00:01:16
1820420224296772166,15,7,8,8,1,1768971556,2026-01-21 00:01:16
1861680889400379678,15,12,3,3,1,1768971556,2026-01-21 00:01:16
1908785111291682996,5,2,3,13,1,1768971556,2026-01-21 00:01:16
66dd18dd-0aca-11e7-82f6-3863bb44ef7c,12,5,7,12,1,1768971556,2026-01-21 00:01:16
f882ccc8-45aa-426b-aef6-514fe1d3d9cc,11,6,5,18,1,1768971557,2026-01-21 00:01:16
55146e49-9bc4-4f13-bdf7-25422342b638,1,1,0,16,1,1768971553,2026-01-21 00:01:16
66db79a3-0aca-11e7-82f6-3863bb44ef7c,38,33,5,10,1,1768971553,2026-01-21 00:01:16
eb8fcff2-6f58-4724-b564-ebc9a8d374d8,16,0,16,2,1,1768971554,2026-01-21 00:01:16
e72f0aec-2293-4636-988c-b9d30df092f8,36,30,6,4,1,1768971557,2026-01-21 00:01:16
b930dd82-92d0-4d86-b896-7d8b827c2d5f,1,0,1,16,1,1768971557,2026-01-21 00:01:16
66dd4f31-0aca-11e7-82f6-3863bb44ef7c,13,11,2,21,1,1768971552,2026-01-21 00:01:16
1846086463217404850,23,8,15,1,1,1768971552,2026-01-21 00:01:16
b7df61c0-8ead-46cb-9d6e-a6a3011ffb71,7,2,5,18,1,1768971551,2026-01-21 00:01:16
e4980fd0-e540-40ca-acba-c2a74f3294fc,3,3,0,20,1,1768971552,2026-01-21 00:01:16
2010065065442370322,1,1,0,22,1,1768971552,2026-01-21 00:01:16
1835247469495105628,3,0,3,18,1,1768971552,2026-01-21 00:01:16
1880643915885220532,4,4,0,26,1,1768971555,2026-01-21 00:01:16
d946ce73-5487-4ab7-b429-cf873e9af5b5,11,2,9,8,1,1768971555,2026-01-21 00:01:16
66db33fc-0aca-11e7-82f6-3863bb44ef7c,28,19,9,39,1,1768971556,2026-01-21 00:01:16
d08be53f-9691-4d6f-81f3-7d052abb7dd6,5,2,3,13,1,1768971555,2026-01-21 00:01:16
330ee4e3-29cb-48e5-845f-a8ccf1aa2ce6,2,0,2,24,1,1768971557,2026-01-21 00:01:16
66dce4fc-0aca-11e7-82f6-3863bb44ef7c,8,2,6,17,1,1768971557,2026-01-21 00:01:16
66de269c-0aca-11e7-82f6-3863bb44ef7c,12,7,5,20,1,1768971554,2026-01-21 00:01:16
5f968a1b-ee60-43a0-ad25-05211e09e436,9,4,5,11,1,1768971555,2026-01-21 00:01:16
1934770108420609000,1,0,1,16,1,1768971555,2026-01-21 00:01:16
66dcccfe-0aca-11e7-82f6-3863bb44ef7c,3,0,3,13,1,1768971560,2026-01-21 00:01:16
8f72fe26-98aa-4e87-a612-9ae0eb1d9a38,19,2,17,1,1,1768971561,2026-01-21 00:01:16
c042a307-2d7d-4ee9-95b7-a7505a3428c2,17,12,5,18,1,1768971561,2026-01-21 00:01:16
6908ae75-b9a1-4f20-b192-95dc43e858a8,7,2,5,9,1,1768971560,2026-01-21 00:01:16
0e5be726-2452-42a0-9be8-ea85c8408e4c,9,5,4,12,1,1768971561,2026-01-21 00:01:16
1975559886658995034,0,0,0,24,1,1768971561,2026-01-21 00:01:16
66dd20eb-0aca-11e7-82f6-3863bb44ef7c,34,26,8,0,1,1768971560,2026-01-21 00:01:16
426862de-f8f2-4967-ba41-76680a4b460c,2,1,1,12,1,1768971560,2026-01-21 00:01:16
1828969726487003714,8,1,7,10,1,1768971560,2026-01-21 00:01:16
66dd455e-0aca-11e7-82f6-3863bb44ef7c,32,31,1,5,1,1768971560,2026-01-21 00:01:16
c4d6b123-df5a-446d-b0ae-d3c4846565d5,8,5,3,16,1,1768971561,2026-01-21 00:01:16
c02864f0-2611-440b-98f4-45fddfd545fe,20,2,18,3,1,1768971559,2026-01-21 00:01:16
66db269c-0aca-11e7-82f6-3863bb44ef7c,19,19,0,11,1,1768971559,2026-01-21 00:01:16
48e7e465-f861-452a-9bf7-7eacd0b2bcac,19,0,19,0,1,1768971562,2026-01-21 00:01:16
66dd266a-0aca-11e7-82f6-3863bb44ef7c,32,5,26,1,1,1768971562,2026-01-21 00:01:16
4168e5a4-c7ec-4045-bfc8-84ac5edbe845,35,25,10,9,1,1768971563,2026-01-21 00:01:16
9e014047-d675-418b-a03c-84d974a25134,0,0,0,30,1,1768971563,2026-01-21 00:01:16
1877653505745721834,4,3,1,15,1,1768971561,2026-01-21 00:01:16
ecbfcdb7-fffc-4d45-bed2-1510fd45834d,8,2,6,9,1,1768971558,2026-01-21 00:01:16
66dc1e55-0aca-11e7-82f6-3863bb44ef7c,10,5,5,52,1,1768971563,2026-01-21 00:01:16
1814900752968579218,12,0,12,9,1,1768971560,2026-01-21 00:01:16
1828965887815635862,3,1,2,18,1,1768971567,2026-01-21 00:01:16
1851674088959433552,4,0,4,17,1,1768971567,2026-01-21 00:01:16
760ebaea-f7c7-45ad-aa3b-395d97adcf8f,9,2,7,13,1,1768971567,2026-01-21 00:01:16
66de1c33-0aca-11e7-82f6-3863bb44ef7c,27,20,7,21,1,1768971567,2026-01-21 00:01:16
9b721468-3b28-429d-9e13-580cdf00a6a4,17,3,14,6,1,1768971567,2026-01-21 00:01:16
2142879839954225698,4,1,3,12,1,1768971567,2026-01-21 00:01:16
0cde9bcd-0dcb-45dc-9c9a-3e5485b5452e,0,0,0,17,1,1768971567,2026-01-21 00:01:16
0927e331-866f-4d99-99b4-04edde99117a,18,7,11,21,1,1768971568,2026-01-21 00:01:16
1845677022981917240,13,1,12,4,1,1768971564,2026-01-21 00:01:16
1786375597504305174,29,3,26,11,1,1768971564,2026-01-21 00:01:16
d1c204d7-d575-417d-b134-6ebdf7e99f98,12,11,1,9,1,1768971565,2026-01-21 00:01:16
8ef6ec7d-e898-4edc-8f3f-af888f8c5ef4,4,0,4,17,1,1768971565,2026-01-21 00:01:16
1882735457106787122,18,11,7,7,1,1768971565,2026-01-21 00:01:16
2121032973750651666,3,0,3,10,1,1768971565,2026-01-21 00:01:16
1860188069348460678,19,0,19,0,1,1768971564,2026-01-21 00:01:16
b9deb521-41b6-4f8a-ac78-0e58e3977f2c,11,0,11,13,1,1768971564,2026-01-21 00:01:16
66dd23a9-0aca-11e7-82f6-3863bb44ef7c,12,10,2,15,1,1768971569,2026-01-21 00:01:16
66dc9068-0aca-11e7-82f6-3863bb44ef7c,21,6,15,47,1,1768971568,2026-01-21 00:01:16
1841926579628419438,3,2,1,14,1,1768971568,2026-01-21 00:01:16
c45aa693-fedd-478f-ade9-bf176c4e32ff,7,1,6,12,1,1768971565,2026-01-21 00:01:16
66db2e3a-0aca-11e7-82f6-3863bb44ef7c,50,42,8,0,1,1768971566,2026-01-21 00:01:16
35b8b636-18d3-4860-b0a9-39c0bce96a10,11,0,11,16,1,1768971565,2026-01-21 00:01:16
52e81f02-b1f9-45d6-9e5c-e15277de1268,5,3,2,18,1,1768971566,2026-01-21 00:01:16
467e1de6-73a6-480f-9e83-fd1b03b71047,13,3,10,11,1,1768971570,2026-01-21 00:01:16
66dbca0f-0aca-11e7-82f6-3863bb44ef7c,46,34,12,10,1,1768971570,2026-01-21 00:01:16
64de0666-b9ab-404e-a16b-03e449bb5b4d,4,4,0,14,1,1768971568,2026-01-21 00:01:16
a70b26b7-fbad-4787-bf15-29f7b13a19ab,4,1,3,16,1,1768971572,2026-01-21 00:01:16
66dc79e6-0aca-11e7-82f6-3863bb44ef7c,3,2,1,19,1,1768971572,2026-01-21 00:01:16
33c533cd-5f0e-4c15-a00a-6a2bf1e2d077,22,18,4,39,1,1768971573,2026-01-21 00:01:16
2124426189188761638,13,13,0,1,1,1768971573,2026-01-21 00:01:16
66dcf023-0aca-11e7-82f6-3863bb44ef7c,14,7,7,5,1,1768971573,2026-01-21 00:01:16
e6c2a46e-431a-4101-af84-870f660ff4cb,7,7,0,61,1,1768971573,2026-01-21 00:01:16
3299ff79-36aa-42ef-b7f1-c40e95c8f570,21,1,20,22,1,1768971571,2026-01-21 00:01:16
66dcf640-0aca-11e7-82f6-3863bb44ef7c,21,6,15,3,1,1768971571,2026-01-21 00:01:16
1786696564295760054,9,6,3,17,1,1768971571,2026-01-21 00:01:16
66db631c-0aca-11e7-82f6-3863bb44ef7c,59,44,15,10,1,1768971571,2026-01-21 00:01:16
1820420022433309054,24,10,14,0,1,1768971570,2026-01-21 00:01:16
1848241425697670086,33,10,23,3,1,1768971570,2026-01-21 00:01:16
aa0e6301-4162-428d-8943-7b684089b0d1,5,0,5,13,1,1768971571,2026-01-21 00:01:16
f06c01c3-fd7f-443c-a0c7-fc9233d77f6a,2,2,0,19,1,1768971573,2026-01-21 00:01:16
7f6674c4-5568-4766-b172-0385348ae184,3,3,0,17,1,1768971574,2026-01-21 00:01:16
66dc8768-0aca-11e7-82f6-3863bb44ef7c,24,11,13,16,1,1768971574,2026-01-21 00:01:16
324af152-33ea-48a7-8bb0-ad8b6f31571f,37,6,31,8,1,1768971571,2026-01-21 00:01:16
f752c376-3a6f-4cd3-b9fd-3c049d45a9a6,3,1,2,16,1,1768971571,2026-01-21 00:01:16
14f928c6-9a51-40a2-b7e6-a74e8b351dbf,10,3,7,11,1,1768971577,2026-01-21 00:01:16
1843486597735840252,17,3,14,5,1,1768971578,2026-01-21 00:01:16
6a52ceae-3b97-487a-9438-de844bfbf1c2,9,4,5,10,1,1768971578,2026-01-21 00:01:16
66dc9143-0aca-11e7-82f6-3863bb44ef7c,12,5,7,23,1,1768971578,2026-01-21 00:01:16
1804894168423871442,21,9,12,4,1,1768971576,2026-01-21 00:01:16
bb0ce308-e5d9-48c7-9f4b-cf0120f2c39a,0,0,0,23,1,1768971577,2026-01-21 00:01:16
cd72b9da-b7c6-4785-92b5-0fb2130f0d7b,0,0,0,22,1,1768971577,2026-01-21 00:01:16
1848241963446241866,16,9,7,1,1,1768971577,2026-01-21 00:01:16
31f340f3-3201-449e-b017-a26813aa448f,3,2,1,15,1,1768971575,2026-01-21 00:01:16
1838070626762830158,7,2,5,13,1,1768971576,2026-01-21 00:01:16
7cb65297-c880-459a-b054-4e059576c02a,3,2,1,16,1,1768971575,2026-01-21 00:01:16
40914c6b-293d-49ac-b83a-d9d4af998aea,8,5,3,10,1,1768971576,2026-01-21 00:01:16
2121033322026834516,10,0,10,3,1,1768971576,2026-01-21 00:01:16
514afe43-84d4-4941-8281-75a93c5cd365,6,2,4,10,1,1768971576,2026-01-21 00:01:16
5e93b806-08e1-4ef9-98ae-d3dda20e0469,19,15,4,5,1,1768971579,2026-01-21 00:01:16
b47e5ffd-4215-4476-a89b-ebe52111f763,21,0,21,14,1,1768971579,2026-01-21 00:01:16
0cc38ba1-4625-4821-9a6f-e490525cbce2,5,4,1,14,1,1768971579,2026-01-21 00:01:16
1860188607062574024,2,0,2,16,1,1768971577,2026-01-21 00:01:16
1786697166576476490,33,29,4,11,1,1768971577,2026-01-21 00:01:16
bb07a569-cc74-439e-b424-916c0304f136,14,13,1,14,1,1768971577,2026-01-21 00:01:16
7f1b4c40-d9fa-4182-be0e-a993655cfb6f,19,11,8,3,1,1768971574,2026-01-21 00:01:16
2009671276352543716,9,9,0,11,1,1768971575,2026-01-21 00:01:16
e6b6c6e2-5fcb-47cd-8f2d-4324b7c977c8,4,3,1,15,1,1768971574,2026-01-21 00:01:16
2121032035614514006,11,0,11,1,1,1768971578,2026-01-21 00:01:16
c8060816-b4aa-4fd9-bc66-af28bf61dc87,1,1,0,20,1,1768971579,2026-01-21 00:01:16
1849008925260421550,15,1,14,6,1,1768971580,2026-01-21 00:01:16
daefc84c-1b16-4220-8e1f-10ea4866fdc7,60,55,5,44,1,1768971580,2026-01-21 00:01:16
1869753340438110380,7,0,7,11,1,1768971580,2026-01-21 00:01:16
15e1568b-f502-47a2-9d3d-b5aaa1edc239,5,2,3,14,1,1768971580,2026-01-21 00:01:16
1833865926273309136,13,7,6,47,1,1768971580,2026-01-21 00:01:16
8a13182a-4823-4fe7-afcd-a4ef0b134ed9,4,2,2,12,1,1768971580,2026-01-21 00:01:16
1885718199416500650,10,2,8,13,1,1768971582,2026-01-21 00:01:16
2123939659270367896,8,3,5,7,1,1768971582,2026-01-21 00:01:16
d837d1b0-8f80-4f6c-ae45-5dd0deec6977,21,4,17,1,1,1768971582,2026-01-21 00:01:16
66db479e-0aca-11e7-82f6-3863bb44ef7c,25,8,17,11,1,1768971583,2026-01-21 00:01:16
ccaadb70-6c87-4ccc-9914-a3167bd1bc0e,6,3,3,24,1,1768971583,2026-01-21 00:01:16
7a771842-c090-4da1-8c13-72b7f4f50a87,18,1,17,15,1,1768971581,2026-01-21 00:01:16
1838071090619298218,17,11,6,10,1,1768971581,2026-01-21 00:01:16
2142879485385917038,15,13,2,15,1,1768971581,2026-01-21 00:01:16
3f031133-ec95-4a92-9d63-2ae28183f498,18,17,1,1,1,1768971585,2026-01-21 00:01:16
3db2fa34-0b56-4644-9ae9-bbee1583e717,10,5,5,15,1,1768971585,2026-01-21 00:01:16
66dc82ef-0aca-11e7-82f6-3863bb44ef7c,27,24,3,34,1,1768971588,2026-01-21 00:01:16
9ac5758f-0419-4e28-8387-6bcd28db17fa,10,1,9,8,1,1768971588,2026-01-21 00:01:16
1814900898997467540,7,0,7,12,1,1768971588,2026-01-21 00:01:16
52dd11f4-bbd0-49ab-912b-06fac40d275d,18,10,8,10,1,1768971587,2026-01-21 00:01:16
a90e9ad3-4347-4fa4-b031-9bf1f69ce049,2,1,1,16,1,1768971588,2026-01-21 00:01:16
3bf69f3e-23f6-4abe-b5fe-dabe6b0ea066,16,15,1,7,1,1768971583,2026-01-21 00:01:16
d11db4cd-f9bf-430b-ac19-104fef323b24,2,2,0,18,1,1768971583,2026-01-21 00:01:16
2132211694027383298,16,9,7,0,1,1768971583,2026-01-21 00:01:16
66dd4bf7-0aca-11e7-82f6-3863bb44ef7c,15,11,4,27,1,1768971583,2026-01-21 00:01:16
94bcf812-5cff-460c-841f-54876ed1e7a4,1,1,0,17,1,1768971583,2026-01-21 00:01:16
1828967346753327602,7,1,6,11,1,1768971584,2026-01-21 00:01:16
3ff00115-e8da-4326-97d3-7bf4fe4df7a5,2,1,1,17,1,1768971582,2026-01-21 00:01:16
01839a78-f228-4706-8f7f-147b857492f2,3,2,1,15,1,1768971583,2026-01-21 00:01:16
66dd51e6-0aca-11e7-82f6-3863bb44ef7c,29,24,5,44,1,1768971581,2026-01-21 00:01:16
1843486189591985058,0,0,0,22,1,1768971582,2026-01-21 00:01:16
46dca5c6-7bd3-4a4f-aa1e-33aa66652294,16,3,13,11,1,1768971582,2026-01-21 00:01:16
8f1fdf4b-ecca-4f03-b04c-e10fe596e2c7,0,0,0,26,1,1768971587,2026-01-21 00:01:16
66db6d40-0aca-11e7-82f6-3863bb44ef7c,53,43,11,10,1,1768971587,2026-01-21 00:01:16
66db3708-0aca-11e7-82f6-3863bb44ef7c,17,2,15,21,1,1768971587,2026-01-21 00:01:16
1861683747231494964,4,3,1,12,1,1768971587,2026-01-21 00:01:16
1a5eae13-8f27-4875-8330-a796c95f8ad6,2,0,2,14,1,1768971586,2026-01-21 00:01:16
2127386600787000162,1,1,0,22,1,1768971586,2026-01-21 00:01:16
2007842506069575758,17,2,15,3,1,1768971586,2026-01-21 00:01:16
2124037656159914878,5,3,2,6,1,1768971587,2026-01-21 00:01:16
66dd3fc3-0aca-11e7-82f6-3863bb44ef7c,21,16,5,16,1,1768971593,2026-01-21 00:01:16
9991b75b-a9ba-4abc-bf84-0108291be05a,10,1,9,14,1,1768971593,2026-01-21 00:01:16
2cd651e7-1e3a-4cd9-8fd1-a2416e032f6e,2,2,0,21,1,1768971594,2026-01-21 00:01:16
1947001743402778700,4,1,3,17,1,1768971593,2026-01-21 00:01:16
29223935-a682-411c-9f25-577bbb9804fc,18,2,16,0,1,1768971593,2026-01-21 00:01:16
ea9a19a6-acea-4286-a723-b5481c90a3c0,24,2,22,1,1,1768971584,2026-01-21 00:01:16
1198e739-787c-4ce4-aa63-ffaf98506e9c,5,1,4,57,1,1768971585,2026-01-21 00:01:16
66dc7659-0aca-11e7-82f6-3863bb44ef7c,86,63,23,31,1,1768971585,2026-01-21 00:01:16
66de1368-0aca-11e7-82f6-3863bb44ef7c,38,14,24,0,1,1768971585,2026-01-21 00:01:16
40eaa69a-d3ab-48fc-b395-b5bdc6a1aa85,9,2,7,10,1,1768971585,2026-01-21 00:01:16
1835249317786962140,0,0,0,26,1,1768971585,2026-01-21 00:01:16
66db65aa-0aca-11e7-82f6-3863bb44ef7c,74,39,35,23,1,1768971592,2026-01-21 00:01:16
1814906873296976512,7,1,6,13,1,1768971592,2026-01-21 00:01:16
2868db5b-df51-4c36-8515-ef77a5b092c2,15,0,15,1,1,1768971592,2026-01-21 00:01:16
7f3aa940-18ef-4900-89dc-cdb05f693f31,1,1,0,18,1,1768971592,2026-01-21 00:01:16
0ebdda6a-37e4-4ff4-94e8-3947f49d8e24,3,1,2,19,1,1768971592,2026-01-21 00:01:16
785b3e6b-dab5-4d25-afab-e2a1ef918669,10,2,8,14,1,1768971591,2026-01-21 00:01:16
c9cd8c29-7f0b-4979-9a0e-bec4613d2600,0,0,0,19,1,1768971591,2026-01-21 00:01:16
66dbcdfc-0aca-11e7-82f6-3863bb44ef7c,1,0,1,54,1,1768971591,2026-01-21 00:01:16
a76299eb-73f7-401c-aa8b-edff9ef003bd,31,13,18,10,1,1768971591,2026-01-21 00:01:16
a724eb92-55ca-4b9f-9a87-c2e87b3cbd40,1,1,0,19,1,1768971594,2026-01-21 00:01:16
66de0bcb-0aca-11e7-82f6-3863bb44ef7c,15,11,4,40,1,1768971594,2026-01-21 00:01:16
66de1bc3-0aca-11e7-82f6-3863bb44ef7c,9,0,9,46,1,1768971594,2026-01-21 00:01:16
66dd2786-0aca-11e7-82f6-3863bb44ef7c,20,6,14,5,1,1768971595,2026-01-21 00:01:16
66db46d7-0aca-11e7-82f6-3863bb44ef7c,13,6,7,16,1,1768971591,2026-01-21 00:01:16
66dc85bb-0aca-11e7-82f6-3863bb44ef7c,39,28,11,0,1,1768971590,2026-01-21 00:01:16
66ddea2a-0aca-11e7-82f6-3863bb44ef7c,53,17,36,14,1,1768971594,2026-01-21 00:01:16
1835247745828931742,2,1,1,17,1,1768971585,2026-01-21 00:01:16
55ccb271-7035-422e-bee1-20e84caa0217,36,0,36,11,1,1768971586,2026-01-21 00:01:16
1865017865553426604,8,0,8,9,1,1768971586,2026-01-21 00:01:16
189f573b-a2d0-40d2-af15-83c5015d93e2,6,6,0,17,1,1768971586,2026-01-21 00:01:16
2111353842893366258,0,0,0,31,1,1768971586,2026-01-21 00:01:16
db91c9e0-d80b-4cb4-9cc2-9453ec8fbeac,2,2,0,15,1,1768971586,2026-01-21 00:01:16
4d674595-187c-417c-a691-676c4446c9fc,10,4,6,12,1,1768971586,2026-01-21 00:01:16
66de4f9c-0aca-11e7-82f6-3863bb44ef7c,24,1,23,5,1,1768971586,2026-01-21 00:01:16
9a37d8a1-990b-484c-9603-262dbd1165cc,6,2,4,12,1,1768971586,2026-01-21 00:01:16
1838685618105506490,0,0,0,18,1,1768971587,2026-01-21 00:01:16
87091002-cc25-452a-b5d9-f8d0c3fce422,1,1,0,22,1,1768971589,2026-01-21 00:01:16
66dea52b-0aca-11e7-82f6-3863bb44ef7c,0,0,0,18,1,1768971588,2026-01-21 00:01:16
17aba164-9d41-4336-9767-2218b8994ded,14,3,11,8,1,1768971588,2026-01-21 00:01:16
1843486667668726558,22,2,20,2,1,1768971589,2026-01-21 00:01:16
f72a253f-3cef-4da8-9591-0cbd3a692162,29,19,10,13,1,1768971588,2026-01-21 00:01:16
1817431953833509324,9,2,7,12,1,1768971589,2026-01-21 00:01:16
77b21502-a7a2-40b4-8f3e-f9c6c6ef0939,11,1,10,14,1,1768971589,2026-01-21 00:01:16
1849009244468810224,16,1,15,3,1,1768971589,2026-01-21 00:01:16
2104278402820534724,22,5,17,17,1,1768971589,2026-01-21 00:01:16
66dc22a7-0aca-11e7-82f6-3863bb44ef7c,24,9,15,20,1,1768971590,2026-01-21 00:01:16
b03adb87-2bd9-43a5-a822-7d06a9ee2d81,25,0,25,4,1,1768971590,2026-01-21 00:01:16
1856847127505992556,0,0,0,0,0,1768971590,2026-01-21 00:01:16
66dc48ef-0aca-11e7-82f6-3863bb44ef7c,35,35,0,28,1,1768971590,2026-01-21 00:01:16
b64eb0a5-d6d4-4f45-8c9a-e2d004819c99,7,2,5,11,1,1768971590,2026-01-21 00:01:16
1864606193814670106,6,1,5,16,1,1768971590,2026-01-21 00:01:16
a23a40c3-6da5-4b0f-bb6b-8bfc01ec2261,8,1,7,10,1,1768971590,2026-01-21 00:01:16
2121032708855884414,7,3,4,8,1,1768971590,2026-01-21 00:01:16
48b19cc8-bf45-4602-89ac-a8c0a0560c43,17,7,10,2,1,1768971590,2026-01-21 00:01:16
03872f6b-a522-4c41-a4f2-5d0c41779e7b,0,0,0,19,1,1768971596,2026-01-21 00:01:16
cc7b86cf-a2fb-4738-b967-de7b197dc930,3,1,2,37,1,1768971596,2026-01-21 00:01:16
1860187430946456420,1,0,1,17,1,1768971596,2026-01-21 00:01:16
5f7ac86c-1a98-4603-8749-4bb83ac84acd,22,19,3,30,1,1768971595,2026-01-21 00:01:16
94771406-6712-4508-9392-11e9d90e1185,17,12,5,0,1,1768971596,2026-01-21 00:01:16
2b33334b-243c-4a16-a6d2-32304c8884f1,2,2,0,18,1,1768971595,2026-01-21 00:01:16
2124425670552673214,1,1,0,12,1,1768971597,2026-01-21 00:01:16
e2fc6d90-8deb-4e21-961d-9d5208c1f986,18,16,2,11,1,1768971596,2026-01-21 00:01:16
923a60f7-2a0e-4a31-8dd5-66c8518c929e,7,2,5,12,1,1768971597,2026-01-21 00:01:16
66dde3b1-0aca-11e7-82f6-3863bb44ef7c,17,7,10,16,1,1768971597,2026-01-21 00:01:16
dadd2084-d844-46f5-b7a4-128d31eeba8e,0,0,0,18,1,1768971596,2026-01-21 00:01:16
99142ec8-c0e7-47ca-916c-c1097d48e133,12,6,6,29,1,1768971597,2026-01-21 00:01:16
c530a1cb-7c60-4651-be8a-9bfa5eb43f8a,10,2,8,24,1,1768971597,2026-01-21 00:01:16
66dc864c-0aca-11e7-82f6-3863bb44ef7c,21,16,5,5,1,1768971598,2026-01-21 00:01:16
c7ffe3fa-9cd6-4d35-9060-7d5822381442,38,27,11,36,1,1768971597,2026-01-21 00:01:16
81640d04-c36a-4fb1-98b0-85be10be516c,7,0,7,13,1,1768971598,2026-01-21 00:01:16
1815967051912860522,24,0,24,5,1,1768971598,2026-01-21 00:01:16
dc8223ad-4108-40a8-9ff5-35e8490b4077,0,0,0,0,0,86400,2026-01-21 00:01:16
1815968147129520346,0,0,0,0,0,86400,2026-01-21 00:01:16
2004153375425087884,0,0,0,0,0,86400,2026-01-21 00:01:16
1861683496445528180,0,0,0,0,0,86400,2026-01-21 00:01:16
66dc7a7d-0aca-11e7-82f6-3863bb44ef7c,0,0,0,0,0,1760532172,2026-01-21 00:01:16
2171902770580328596,0,0,0,0,0,86400,2026-01-21 00:01:16
2171902875345687974,0,0,0,0,0,86400,2026-01-21 00:01:16
2171904090179944948,0,0,0,0,0,86400,2026-01-21 00:01:16
66db473c-0aca-11e7-82f6-3863bb44ef7c,0,0,0,3,0,1768246235,2026-01-21 00:01:16
0109f17a-2378-4500-9648-88bdb31ec612,31,0,31,3,1,1768971478,2026-01-21 00:01:16
66dbb869-0aca-11e7-82f6-3863bb44ef7c,6,2,4,13,1,1768971477,2026-01-21 00:01:16
cad68b8c-6d68-4c5f-88fe-b1aa3e40727a,13,1,12,8,1,1768971529,2026-01-21 00:01:16
cac843c2-8b21-47bb-a3b9-712f95d7f7aa,18,3,15,0,1,1768971529,2026-01-21 00:01:16
66dc259a-0aca-11e7-82f6-3863bb44ef7c,10,10,0,72,1,1768971529,2026-01-21 00:01:16
2366d8a4-7a49-42f3-9afe-efd2b200336b,6,5,1,13,1,1768971530,2026-01-21 00:01:16
db41cc62-86ea-4421-bfaf-9b6511cfee10,0,0,0,30,1,1768971530,2026-01-21 00:01:16
66dbc60f-0aca-11e7-82f6-3863bb44ef7c,1,1,0,4,1,1768971531,2026-01-21 00:01:16
66dc4599-0aca-11e7-82f6-3863bb44ef7c,18,13,5,6,1,1768971532,2026-01-21 00:01:16
2687f2e1-3529-464d-82eb-e4f61440c563,2,1,1,15,1,1768971533,2026-01-21 00:01:16
1b985e4b-88de-42a8-95be-dce37dbbc5c5,9,1,8,14,1,1768971532,2026-01-21 00:01:16
96a0b676-e966-4d96-b04b-ceb8149cedcd,4,2,2,18,1,1768971533,2026-01-21 00:01:16
79c4a612-a5df-4814-9e6b-6305da61ebc4,16,0,16,2,1,1768971533,2026-01-21 00:01:16
2c321ea3-e1dd-4d32-be70-bd158fe1f568,45,32,13,30,1,1768971531,2026-01-21 00:01:16
66dc2bc5-0aca-11e7-82f6-3863bb44ef7c,23,15,8,83,1,1768971530,2026-01-21 00:01:16
61647ec6-dfd6-4d1c-8800-d488d390c627,16,12,4,17,1,1768971530,2026-01-21 00:01:16
66dc8f1f-0aca-11e7-82f6-3863bb44ef7c,33,18,15,19,1,1768971530,2026-01-21 00:01:16
f91170e6-a33c-4870-94da-9d51510515d2,2,1,1,15,1,1768971530,2026-01-21 00:01:16
0f536c08-dde3-40af-a66d-1fe1e7edecd2,4,0,4,16,1,1768971531,2026-01-21 00:01:16
66db63f4-0aca-11e7-82f6-3863bb44ef7c,14,2,12,2,1,1768971533,2026-01-21 00:01:16
ca4e4962-2169-4559-8f60-b05ab7809750,12,4,8,18,1,1768971534,2026-01-21 00:01:16
a3e2b360-f050-48ea-b8c8-57d897b8f7fc,2,0,2,14,1,1768971530,2026-01-21 00:01:16
1964061627836181486,3,2,1,82,1,1768971528,2026-01-21 00:01:16
594b4656-9d83-4301-8967-3b92c126531c,21,12,9,1,1,1768971532,2026-01-21 00:01:16
c0c6a931-c1d3-4202-a433-c4127a4cd846,3,0,3,16,1,1768971539,2026-01-21 00:01:16
1d167807-0aa8-413a-b7a0-01c2ca8a6a60,8,5,3,13,1,1768971540,2026-01-21 00:01:16
66db34fc-0aca-11e7-82f6-3863bb44ef7c,7,4,3,25,1,1768971540,2026-01-21 00:01:16
66dc7cc3-0aca-11e7-82f6-3863bb44ef7c,6,5,1,31,1,1768971541,2026-01-21 00:01:16
a33a2d11-33a5-46ad-a086-5698ac17b7b4,29,7,22,3,1,1768971537,2026-01-21 00:01:16
66ddeffd-0aca-11e7-82f6-3863bb44ef7c,8,7,1,9,1,1768971536,2026-01-21 00:01:16
66dce567-0aca-11e7-82f6-3863bb44ef7c,2,0,2,17,1,1768971537,2026-01-21 00:01:16
f15ccc6e-5a7c-46e7-b505-0bfc9cae3d83,8,3,5,19,1,1768971537,2026-01-21 00:01:16
1828967830172187422,2,2,0,25,1,1768971535,2026-01-21 00:01:16
5c3c345d-1975-400d-a9d8-18815816886e,17,9,8,38,1,1768971535,2026-01-21 00:01:16
2022386456542683974,26,0,26,6,1,1768971535,2026-01-21 00:01:16
002e6e9f-ced2-47b0-bc7e-ccf38c3b4b0f,7,2,5,12,1,1768971541,2026-01-21 00:01:16
6f21be51-6fde-4cde-b1db-b102a5f67300,21,3,18,0,1,1768971541,2026-01-21 00:01:16
1861682702044957494,11,10,1,7,1,1768971541,2026-01-21 00:01:16
993fc83f-52c6-43f4-bb49-4abe4ad48150,0,0,0,18,1,1768971535,2026-01-21 00:01:16
cc758f1a-8b28-4ff5-bc75-fbe62c453378,1,1,0,19,1,1768971536,2026-01-21 00:01:16
fd081854-3f37-420a-9785-ea63c09c12ad,3,1,2,16,1,1768971536,2026-01-21 00:01:16
1869439368558197224,2,0,2,16,1,1768971539,2026-01-21 00:01:16
1947367330341251364,4,3,1,16,1,1768971539,2026-01-21 00:01:16
66db8d89-0aca-11e7-82f6-3863bb44ef7c,53,50,3,2,1,1768971540,2026-01-21 00:01:16
063e7e78-b810-4a2f-8045-a82a0d69d752,21,14,7,21,1,1768971538,2026-01-21 00:01:16
fe93b3ae-1d86-4ee9-9eb6-9e11808966aa,12,4,8,7,1,1768971536,2026-01-21 00:01:16
2137774972219769002,10,2,8,0,1,1768971545,2026-01-21 00:01:16
844c68cc-19f0-474a-86d3-4af170117aae,2,2,0,19,1,1768971546,2026-01-21 00:01:16
ad41e353-033e-484f-8d76-78014e11e9d7,5,2,3,13,1,1768971546,2026-01-21 00:01:16
b0cc08dc-e7dd-48d1-8901-ba496f3ff2f5,36,32,4,1,1,1768971544,2026-01-21 00:01:16
1e83ffdc-8e72-45c0-8210-4f37e60505c9,17,6,11,17,1,1768971544,2026-01-21 00:01:16
d8673258-9513-4ed2-86bf-bef62e7e4e30,1,1,0,15,1,1768971545,2026-01-21 00:01:16
43f3d3c7-46b0-4812-879d-15afe8804c5f,24,13,11,1,1,1768971543,2026-01-21 00:01:16
66dc2172-0aca-11e7-82f6-3863bb44ef7c,5,0,5,75,1,1768971543,2026-01-21 00:01:16
2119506830683992262,30,20,10,18,1,1768971544,2026-01-21 00:01:16
203d7b9a-8666-4af1-81c7-f9fc36aa0952,1,1,0,16,1,1768971543,2026-01-21 00:01:16
66dd2811-0aca-11e7-82f6-3863bb44ef7c,15,2,13,27,1,1768971543,2026-01-21 00:01:16
66dcc5ca-0aca-11e7-82f6-3863bb44ef7c,0,0,0,0,0,1768971542,2026-01-21 00:01:16
1815968026870435892,11,5,6,11,1,1768971543,2026-01-21 00:01:16
d9ea5210-50b3-4342-9801-f896bd21f4a1,1,1,0,20,1,1768971542,2026-01-21 00:01:16
9a52fbc1-d87a-4a65-941d-12fd55dbcdde,18,0,18,2,1,1768971547,2026-01-21 00:01:16
2126621966735272262,8,0,8,4,1,1768971546,2026-01-21 00:01:16
66dd546c-0aca-11e7-82f6-3863bb44ef7c,3,1,2,18,1,1768971547,2026-01-21 00:01:16
1893622839585237496,37,24,13,35,1,1768971552,2026-01-21 00:01:16
d7632897-a6eb-4f8f-9ab2-c66426620fbf,8,0,8,7,1,1768971552,2026-01-21 00:01:16
b608193c-46ae-4b61-9e7a-4671e7c3b96e,4,2,2,15,1,1768971552,2026-01-21 00:01:16
1884688942632618210,12,12,0,10,1,1768971552,2026-01-21 00:01:16
66db88f5-0aca-11e7-82f6-3863bb44ef7c,7,0,7,29,1,1768971548,2026-01-21 00:01:16
4eb6d6a8-ecc1-4e89-a586-4f96ed3d83e1,1,1,0,27,1,1768971548,2026-01-21 00:01:16
2098714441479661752,4,4,0,10,1,1768971548,2026-01-21 00:01:16
e612122d-e0fd-4ebf-8d51-0f48f9d1b580,14,3,11,6,1,1768971549,2026-01-21 00:01:16
66ddd369-0aca-11e7-82f6-3863bb44ef7c,44,34,10,17,1,1768971550,2026-01-21 00:01:16
1f872052-38c4-4701-96c4-c363de51c2b5,17,7,10,34,1,1768971550,2026-01-21 00:01:16
1828969323789472168,8,1,7,8,1,1768971550,2026-01-21 00:01:16
66dd2208-0aca-11e7-82f6-3863bb44ef7c,19,3,16,23,1,1768971548,2026-01-21 00:01:16
b9d3134b-697f-4a0f-b90f-d95f6c69ffda,10,1,9,9,1,1768971549,2026-01-21 00:01:16
66de5773-0aca-11e7-82f6-3863bb44ef7c,14,6,8,0,1,1768971549,2026-01-21 00:01:16
0b94cc1e-2327-4679-99d9-3b21ddc02051,18,4,14,14,1,1768971551,2026-01-21 00:01:16
c066c90a-efb1-4f8b-aa15-38ba4edd4ebc,7,2,5,13,1,1768971551,2026-01-21 00:01:16
ba0a4ada-c9f6-48b4-a7b3-7220f6fb88c2,2,1,1,20,1,1768971551,2026-01-21 00:01:16
66dc4b4c-0aca-11e7-82f6-3863bb44ef7c,0,0,0,59,1,1768971551,2026-01-21 00:01:16
66dc0cc7-0aca-11e7-82f6-3863bb44ef7c,5,4,1,45,1,1768971553,2026-01-21 00:01:16
ce95fbdd-b7d2-46fc-910d-5c170e4b7610,3,0,3,15,1,1768971553,2026-01-21 00:01:16
387e2863-83ad-4589-8004-794a7b624801,11,4,7,8,1,1768971553,2026-01-21 00:01:16
2104275164415193448,41,14,27,25,1,1768971553,2026-01-21 00:01:16
66ddede1-0aca-11e7-82f6-3863bb44ef7c,12,5,7,18,1,1768971553,2026-01-21 00:01:16
66db40ef-0aca-11e7-82f6-3863bb44ef7c,23,21,2,36,1,1768971553,2026-01-21 00:01:16
66dbe7b6-0aca-11e7-82f6-3863bb44ef7c,6,6,0,21,1,1768971553,2026-01-21 00:01:16
1938139112487078732,24,11,13,7,1,1768971554,2026-01-21 00:01:16
ad17bd9a-735b-4a11-8ad3-dc7800e342af,23,10,13,12,1,1768971555,2026-01-21 00:01:16
e58234a3-5b23-427e-948f-c1e4571b2bfa,31,15,16,26,1,1768971547,2026-01-21 00:01:16
062ffe5a-aa91-412d-8210-23d562c7e7f8,2,2,0,16,1,1768971558,2026-01-21 00:01:16
b55f9b55-7fa7-4f0f-9732-78cbe07452e1,16,4,12,10,1,1768971558,2026-01-21 00:01:16
66db2d2b-0aca-11e7-82f6-3863bb44ef7c,40,40,0,7,1,1768971557,2026-01-21 00:01:16
66dcfaf6-0aca-11e7-82f6-3863bb44ef7c,11,2,9,7,1,1768971557,2026-01-21 00:01:16
bb32aad7-8308-4ff8-b073-d5b518ffdd09,0,0,0,38,1,1768971557,2026-01-21 00:01:16
66de4078-0aca-11e7-82f6-3863bb44ef7c,14,1,13,7,1,1768971558,2026-01-21 00:01:16
66dd0808-0aca-11e7-82f6-3863bb44ef7c,3,1,2,23,1,1768971556,2026-01-21 00:01:16
66de5e5b-0aca-11e7-82f6-3863bb44ef7c,5,4,1,35,1,1768971557,2026-01-21 00:01:16
66de5613-0aca-11e7-82f6-3863bb44ef7c,72,17,55,1,1,1768971557,2026-01-21 00:01:16
1932126716328112534,20,0,20,1,1,1768971557,2026-01-21 00:01:16
7a8b474b-7577-4316-a192-d57576d194a3,1,0,1,19,1,1768971559,2026-01-21 00:01:16
66db4671-0aca-11e7-82f6-3863bb44ef7c,18,15,3,28,1,1768971560,2026-01-21 00:01:16
f4f9a09c-010c-430c-a766-3390c44b4962,0,0,0,16,1,1768971559,2026-01-21 00:01:16
66de65a4-0aca-11e7-82f6-3863bb44ef7c,1,0,1,20,1,1768971560,2026-01-21 00:01:16
1318e05a-2506-43c6-b49d-4c1f7f69a267,9,8,1,7,1,1768971555,2026-01-21 00:01:16
e34bb92f-6911-449a-999b-5bc80e0322fe,3,2,1,15,1,1768971559,2026-01-21 00:01:16
b506be9e-45d3-43d1-a262-27d8fa91e974,2,0,2,27,1,1768971555,2026-01-21 00:01:16
eafa19ed-88c2-4efc-bd73-3961f85b6063,31,18,13,7,1,1768971561,2026-01-21 00:01:16
1854538169357726138,2,1,1,15,1,1768971562,2026-01-21 00:01:16
36b55a0f-e55d-4849-859a-09b3273fb782,10,0,10,11,1,1768971562,2026-01-21 00:01:16
9ea2afff-a146-4824-89b6-39d5bdfac795,11,10,1,9,1,1768971562,2026-01-21 00:01:16
1885442082749874736,3,3,0,18,1,1768971562,2026-01-21 00:01:16
35a5b4d6-2d90-4b60-b68b-03bb60fb1afc,3,3,0,15,1,1768971562,2026-01-21 00:01:16
66dcac42-0aca-11e7-82f6-3863bb44ef7c,42,1,41,8,1,1768971562,2026-01-21 00:01:16
e1886e7a-62b1-4359-9835-8ab5a16371ae,3,1,2,19,1,1768971563,2026-01-21 00:01:16
1860189813948384088,20,11,9,5,1,1768971563,2026-01-21 00:01:16
66dea674-0aca-11e7-82f6-3863bb44ef7c,5,2,3,15,1,1768971563,2026-01-21 00:01:16
5736cd70-be41-483e-8d82-721874f40e6e,5,1,4,15,1,1768971562,2026-01-21 00:01:16
66db64d1-0aca-11e7-82f6-3863bb44ef7c,9,3,6,11,1,1768971563,2026-01-21 00:01:16
1815967159287043052,9,1,8,14,1,1768971565,2026-01-21 00:01:16
1856766912456610780,0,0,0,23,1,1768971565,2026-01-21 00:01:16
1869851741257474316,27,2,25,0,1,1768971565,2026-01-21 00:01:16
e8a6c13b-1f6e-4e6b-bdf8-9b0e597e4a62,9,6,3,25,1,1768971560,2026-01-21 00:01:16
66de10a8-0aca-11e7-82f6-3863bb44ef7c,16,4,12,15,1,1768971560,2026-01-21 00:01:16
341730d7-a61d-499d-8c07-fa015f644e54,62,53,9,16,1,1768971560,2026-01-21 00:01:16
1846085626867634660,4,1,3,17,1,1768971560,2026-01-21 00:01:16
66de0933-0aca-11e7-82f6-3863bb44ef7c,24,3,21,2,1,1768971561,2026-01-21 00:01:16
66dd4b91-0aca-11e7-82f6-3863bb44ef7c,9,4,5,29,1,1768971564,2026-01-21 00:01:16
66db2fd0-0aca-11e7-82f6-3863bb44ef7c,6,2,2,26,1,1768971564,2026-01-21 00:01:16
f3c68cfb-52fd-48c8-b6e5-85c179fee0b3,12,0,12,11,1,1768971565,2026-01-21 00:01:16
1817432104157364846,21,1,20,0,1,1768971563,2026-01-21 00:01:16
4c3b6e25-b0c2-4a3f-b07e-cd60cd1b0ac0,1,1,0,14,1,1768971563,2026-01-21 00:01:16
141eb0e0-e78d-411a-a0be-202a6424cc93,17,7,10,6,1,1768971564,2026-01-21 00:01:16
4dcff9e7-7cb6-4d3d-ad67-c2e4c05933d3,6,0,6,16,1,1768971566,2026-01-21 00:01:16
1828967607558607844,4,0,4,13,1,1768971566,2026-01-21 00:01:16
c809158b-ca8f-4a77-a800-8ee9d287c056,2,1,1,14,1,1768971566,2026-01-21 00:01:16
9092515e-eef6-478f-910f-1cd19d06bebb,2,1,1,33,1,1768971566,2026-01-21 00:01:16
2127386446510160022,0,0,0,19,1,1768971566,2026-01-21 00:01:16
88e64257-298c-4b8d-8886-77b9b66dcec1,21,13,8,28,1,1768971567,2026-01-21 00:01:16
18fcd2c1-dc8b-4a52-9f18-e9b9003bbea5,29,26,3,21,1,1768971567,2026-01-21 00:01:16
1841240663447542046,4,1,3,12,1,1768971568,2026-01-21 00:01:16
9b70cbe2-25fc-42f8-b6e6-ac21ef248e4b,3,2,0,16,1,1768971568,2026-01-21 00:01:16
66ddee56-0aca-11e7-82f6-3863bb44ef7c,20,15,5,1,1,1768971569,2026-01-21 00:01:16
787fe4b2-6029-4f71-917e-892479d8d64e,10,2,8,8,1,1768971571,2026-01-21 00:01:16
66dde845-0aca-11e7-82f6-3863bb44ef7c,14,12,2,20,1,1768971571,2026-01-21 00:01:16
bbb48e80-7d2f-4b3c-bb8c-591bc931945a,17,12,5,2,1,1768971569,2026-01-21 00:01:16
59e3766c-0629-4ff1-a1d9-bc0514a55487,3,0,3,19,1,1768971569,2026-01-21 00:01:16
1851999409149780880,13,3,10,10,1,1768971570,2026-01-21 00:01:16
e0b80983-c520-47e3-9c8d-a17fff5e5582,13,0,13,6,1,1768971570,2026-01-21 00:01:16
db29242d-6ff3-4e22-85fe-45fa3d03ec39,3,1,2,16,1,1768971570,2026-01-21 00:01:16
66dd039b-0aca-11e7-82f6-3863bb44ef7c,0,0,0,25,1,1768971571,2026-01-21 00:01:16
1814900632709495794,16,6,10,7,1,1768971568,2026-01-21 00:01:16
1869439561831725810,6,0,6,19,1,1768971567,2026-01-21 00:01:16
66dc1c5c-0aca-11e7-82f6-3863bb44ef7c,45,29,16,27,1,1768971576,2026-01-21 00:01:16
1835247196073118026,11,2,9,6,1,1768971577,2026-01-21 00:01:16
1843486464469891376,4,3,1,14,1,1768971579,2026-01-21 00:01:16
96878d29-481d-48dc-bcdc-a5f1ce88c76d,4,3,1,15,1,1768971579,2026-01-21 00:01:16
66dded7a-0aca-11e7-82f6-3863bb44ef7c,25,24,1,2,1,1768971579,2026-01-21 00:01:16
1869753812884512816,7,4,3,13,1,1768971579,2026-01-21 00:01:16
dfad8e49-7e1b-4376-90b4-7a449319f294,4,4,0,17,1,1768971579,2026-01-21 00:01:16
66de482a-0aca-11e7-82f6-3863bb44ef7c,6,5,1,11,1,1768971579,2026-01-21 00:01:16
66de867e-0aca-11e7-82f6-3863bb44ef7c,1,0,1,29,1,1768971580,2026-01-21 00:01:16
2b54cb2c-31be-4620-a13c-0fa72b58c90a,3,2,1,23,1,1768971573,2026-01-21 00:01:16
2f656bc4-7743-4326-8330-a22bd41d9d17,29,26,3,9,1,1768971573,2026-01-21 00:01:16
3eed817a-63e5-424b-8ed3-c809db5488f7,48,27,21,3,1,1768971574,2026-01-21 00:01:16
dd351a72-4241-4275-843d-0fffa8a1f414,14,11,3,9,1,1768971574,2026-01-21 00:01:16
dad3b7df-ec40-4d54-bfdb-5e82be84d742,5,2,3,17,1,1768971574,2026-01-21 00:01:16
c2800791-1911-4f2b-8fc7-bed280c557c0,40,37,3,1,1,1768971574,2026-01-21 00:01:16
66db3606-0aca-11e7-82f6-3863bb44ef7c,15,14,1,42,1,1768971574,2026-01-21 00:01:16
de6f4206-3aa9-4cb9-aae0-8547d2cd6854,20,0,20,2,1,1768971578,2026-01-21 00:01:16
3d339282-d5c7-41ec-b634-6a988aefd440,3,1,2,14,1,1768971578,2026-01-21 00:01:16
66dc41bb-0aca-11e7-82f6-3863bb44ef7c,47,35,12,5,1,1768971578,2026-01-21 00:01:16
1861681121800951962,14,4,10,7,1,1768971575,2026-01-21 00:01:16
1899178885660253096,24,19,5,0,1,1768971576,2026-01-21 00:01:16
1828966363527611286,15,1,14,4,1,1768971574,2026-01-21 00:01:16
66de2556-0aca-11e7-82f6-3863bb44ef7c,20,11,9,58,1,1768971575,2026-01-21 00:01:16
66dc252e-0aca-11e7-82f6-3863bb44ef7c,33,20,13,0,1,1768971572,2026-01-21 00:01:16
ca4795a2-6ab3-4597-bf59-f0155ac1637c,12,7,5,52,1,1768971572,2026-01-21 00:01:16
9c1c3499-1b11-471f-b59a-87d9e27e15c5,4,3,1,17,1,1768971573,2026-01-21 00:01:16
7a725e59-49be-4c1d-9c3d-3b3a8ed1232f,10,10,0,11,1,1768971573,2026-01-21 00:01:16
88ee054e-bdeb-4305-8f3b-76eb964f2c84,7,4,3,8,1,1768971572,2026-01-21 00:01:16
66de8a86-0aca-11e7-82f6-3863bb44ef7c,0,0,0,54,1,1768971573,2026-01-21 00:01:16
2126274308236524392,3,1,2,8,1,1768971582,2026-01-21 00:01:16
6076e321-85d8-4e0e-ae18-86bb8cbbda1b,16,0,16,1,1,1768971582,2026-01-21 00:01:16
66dde197-0aca-11e7-82f6-3863bb44ef7c,18,16,2,23,1,1768971582,2026-01-21 00:01:16
a2f71eea-05a2-4fe7-99ab-f74535c880ae,8,6,2,16,1,1768971582,2026-01-21 00:01:16
901cab1a-a77e-424e-b602-16883e792f93,5,3,2,12,1,1768971582,2026-01-21 00:01:16
1875433315773395778,8,4,4,22,1,1768971582,2026-01-21 00:01:16
66db2db5-0aca-11e7-82f6-3863bb44ef7c,53,1,52,3,1,1768971582,2026-01-21 00:01:16
3e9e50cc-f336-439f-bd0b-dec5499c038d,39,37,2,6,1,1768971582,2026-01-21 00:01:16
66dbbc4a-0aca-11e7-82f6-3863bb44ef7c,16,6,10,8,1,1768971580,2026-01-21 00:01:16
66db74a5-0aca-11e7-82f6-3863bb44ef7c,42,15,27,9,1,1768971580,2026-01-21 00:01:16
74feba30-26a5-4949-b3a0-d6e13ba1a20c,8,3,5,9,1,1768971580,2026-01-21 00:01:16
1786697003367719132,30,5,25,7,1,1768971580,2026-01-21 00:01:16
26176e86-8362-4c91-a693-6aa3f9ce0b73,9,7,2,11,1,1768971581,2026-01-21 00:01:16
1869753195262578852,3,0,3,12,1,1768971584,2026-01-21 00:01:16
66dea6e1-0aca-11e7-82f6-3863bb44ef7c,3,2,1,61,1,1768971585,2026-01-21 00:01:16
305c221f-4e0b-4a5a-902c-3d1043dfe606,4,3,1,14,1,1768971585,2026-01-21 00:01:16
956e9f8d-d23a-4a0e-bf28-84180e818af7,15,12,3,10,1,1768971585,2026-01-21 00:01:16
83d1ff16-ba56-4eae-aa6a-b37b6439db82,2,0,2,27,1,1768971581,2026-01-21 00:01:16
2123940148896639644,7,7,0,2,1,1768971580,2026-01-21 00:01:16
9d95a4a9-bcfe-4189-bb7d-abd9992ecbaf,11,2,9,5,1,1768971581,2026-01-21 00:01:16
1b22c037-207d-454a-90aa-8f22d0a8a7e3,20,6,14,1,1,1768971580,2026-01-21 00:01:16
8b1222da-612f-4482-ab34-9467c4ed28e3,7,2,5,16,1,1768971581,2026-01-21 00:01:16
df243d7f-e6ae-435c-9895-aecbcff9cada,12,8,4,16,1,1768971582,2026-01-21 00:01:16
361dd964-db79-47dd-b044-eac88c735249,1,1,0,17,1,1768971586,2026-01-21 00:01:16
a4bb6fac-b795-4aa7-a266-613419019290,0,0,0,18,1,1768971586,2026-01-21 00:01:16
1954806962718223342,39,19,20,4,1,1768971587,2026-01-21 00:01:16
66dcbe7c-0aca-11e7-82f6-3863bb44ef7c,1,0,1,17,1,1768971587,2026-01-21 00:01:16
724aeecc-8c91-4afc-b97c-72a98de452c9,1,0,1,16,1,1768971586,2026-01-21 00:01:16
632b140c-65de-4f50-9cc2-c001ae011aea,6,4,2,50,1,1768971586,2026-01-21 00:01:16
1851674145014649512,6,0,6,19,1,1768971585,2026-01-21 00:01:16
085da8d4-9465-46f0-82d1-10c9c9177d64,2,1,1,17,1,1768971586,2026-01-21 00:01:16
55fda28d-56a8-4db2-b42a-072714f18471,15,0,15,3,1,1768971585,2026-01-21 00:01:16
66db402c-0aca-11e7-82f6-3863bb44ef7c,76,32,44,11,1,1768971585,2026-01-21 00:01:16
61bc2467-aa8c-4386-ba9e-3f01120bd6b8,4,4,0,19,1,1768971586,2026-01-21 00:01:16
e8df73bd-5d3d-47c9-b04d-bcec4db5540f,61,15,46,2,1,1768971586,2026-01-21 00:01:16
93c28953-7e65-436e-9c5a-9d7ca0e3729f,16,14,2,7,1,1768971583,2026-01-21 00:01:16
a58ff2e3-a5ae-4070-a26d-ddfe8cc6fc58,13,11,2,9,1,1768971583,2026-01-21 00:01:16
53e30d38-a110-42b4-a8f9-ca801a847ac7,36,28,8,9,1,1768971583,2026-01-21 00:01:16
1861271680294357158,15,6,9,7,1,1768971583,2026-01-21 00:01:16
ebfafca3-5818-4e6f-8374-98f44a0ca0c6,2,1,1,24,1,1768971584,2026-01-21 00:01:16
66dc21d4-0aca-11e7-82f6-3863bb44ef7c,1,0,1,49,1,1768971480,2026-01-21 00:01:16
2124037775602344266,7,3,4,9,1,1768971480,2026-01-21 00:01:16
66dd1585-0aca-11e7-82f6-3863bb44ef7c,39,4,35,0,1,1768971483,2026-01-21 00:01:16
a8560d28-9ee1-4af4-9180-7e9c4dd0d147,14,3,11,2,1,1768971481,2026-01-21 00:01:16
66db3273-0aca-11e7-82f6-3863bb44ef7c,47,42,5,3,1,1768971481,2026-01-21 00:01:16
66db7a71-0aca-11e7-82f6-3863bb44ef7c,5,5,0,34,1,1768971482,2026-01-21 00:01:16
1860188907884823208,1,1,0,18,1,1768971483,2026-01-21 00:01:16
d7bdc3d7-6e6d-4899-9cc7-f4238a86c695,4,1,3,19,1,1768971481,2026-01-21 00:01:16
66dc76cd-0aca-11e7-82f6-3863bb44ef7c,32,18,14,1,1,1768971484,2026-01-21 00:01:16
6a9b19e3-cd69-4e0c-9b28-1889db936c7c,6,5,1,13,1,1768971489,2026-01-21 00:01:16
9c147c77-11da-4d0b-8a21-a8042ec8031b,8,2,6,10,1,1768971490,2026-01-21 00:01:16
dc34ba4c-d8e5-4674-a02e-210c950c05c1,11,9,2,13,1,1768971484,2026-01-21 00:01:16
7603028c-8b04-4918-8a25-a087ce57aea4,5,0,5,25,1,1768971485,2026-01-21 00:01:16
5dc8ddac-979e-4ae5-b879-3670cca7482d,6,0,6,14,1,1768971485,2026-01-21 00:01:16
1e6c5d0c-f406-4b60-88f6-6284a38d3930,3,3,0,16,1,1768971485,2026-01-21 00:01:16
5780ae63-54e5-48e3-a00c-9c403cb75401,7,2,5,14,1,1768971490,2026-01-21 00:01:16
cd118a8f-a7d1-4b7a-a6d3-d9e875cb29df,16,12,4,8,1,1768971491,2026-01-21 00:01:16
afc79a38-e26d-48f7-94e4-d0aca8fd1c49,1,0,1,15,1,1768971491,2026-01-21 00:01:16
66de5095-0aca-11e7-82f6-3863bb44ef7c,7,0,7,12,1,1768971486,2026-01-21 00:01:16
a1acdab2-29c7-4956-8b2e-24b39dc2ff13,29,17,12,26,1,1768971492,2026-01-21 00:01:16
1836581534415880440,5,2,3,21,1,1768971492,2026-01-21 00:01:16
d33261e6-600e-4756-ad03-a9facbd8ace1,13,4,9,8,1,1768971499,2026-01-21 00:01:16
122111c9-9a61-4372-a756-fb2495611cb6,2,0,2,16,1,1768971499,2026-01-21 00:01:16
647a2a80-9630-41b0-9b91-1f464b0bf3cc,41,39,2,36,1,1768971496,2026-01-21 00:01:16
62089e99-7f73-4f59-816d-57f9793484a1,17,11,6,4,1,1768971496,2026-01-21 00:01:16
59ad8f95-32a4-43de-b1c3-79c667b2d2df,7,2,5,20,1,1768971497,2026-01-21 00:01:16
1828969112306680612,1,1,0,16,1,1768971497,2026-01-21 00:01:16
66dde914-0aca-11e7-82f6-3863bb44ef7c,32,19,13,3,1,1768971497,2026-01-21 00:01:16
c3d5f47f-cfc3-4c1f-86bb-bcf770d2949b,9,2,7,16,1,1768971497,2026-01-21 00:01:16
85b77b8d-32b8-4049-a407-64319916e2c5,1,1,0,17,1,1768971498,2026-01-21 00:01:16
45865207-8700-4ef2-99ed-b08889ef0250,10,4,6,9,1,1768971498,2026-01-21 00:01:16
66de2b97-0aca-11e7-82f6-3863bb44ef7c,32,23,9,5,1,1768971498,2026-01-21 00:01:16
23bc4d9b-1ec2-45fb-9228-e41517346b24,17,8,9,1,1,1768971499,2026-01-21 00:01:16
1828969515711812276,21,16,5,1,1,1768971494,2026-01-21 00:01:16
550153a5-2ea1-4c76-b1cd-77667005f55d,22,10,12,5,1,1768971494,2026-01-21 00:01:16
66dce5c9-0aca-11e7-82f6-3863bb44ef7c,16,10,6,3,1,1768971501,2026-01-21 00:01:16
1828967027013302842,7,0,7,11,1,1768971502,2026-01-21 00:01:16
bfbd1f09-afd2-49d2-8674-3a07b3c929a4,16,5,11,5,1,1768971502,2026-01-21 00:01:16
66de099d-0aca-11e7-82f6-3863bb44ef7c,9,5,4,29,1,1768971502,2026-01-21 00:01:16
04d557d6-6bc3-4244-b0f1-81ed1449ccd6,8,6,2,10,1,1768971502,2026-01-21 00:01:16
1848242058183072050,15,4,11,4,1,1768971503,2026-01-21 00:01:16
66db7637-0aca-11e7-82f6-3863bb44ef7c,14,6,8,29,1,1768971503,2026-01-21 00:01:16
b0239a13-649a-4d31-aa04-56b8aaeba4d4,2,0,2,16,1,1768971503,2026-01-21 00:01:16
fa14408f-6e88-4668-86ee-ce10ea707f36,55,15,40,12,1,1768971504,2026-01-21 00:01:16
47bcbcc1-9241-4e65-99f1-07c15543be1b,10,3,7,21,1,1768971506,2026-01-21 00:01:16
b94d0241-bce7-44a9-ab1c-ece0740a4134,14,8,6,2,1,1768971506,2026-01-21 00:01:16
66dea894-0aca-11e7-82f6-3863bb44ef7c,38,18,20,7,1,1768971506,2026-01-21 00:01:16
66dd448f-0aca-11e7-82f6-3863bb44ef7c,38,38,0,4,1,1768971500,2026-01-21 00:01:16
c46a2889-258b-4fc5-a452-1d4e7dfe683a,2,2,0,15,1,1768971500,2026-01-21 00:01:16
b516fedb-3ced-4683-8c17-7e5f6dadf04d,21,7,14,13,1,1768971506,2026-01-21 00:01:16
3863f086-ae35-4d0e-8c91-2b6e3e5827a1,13,0,13,23,1,1768971506,2026-01-21 00:01:16
66db5c14-0aca-11e7-82f6-3863bb44ef7c,27,20,7,0,1,1768971507,2026-01-21 00:01:16
284b08f2-3d26-4f52-9463-25e4a07c16f7,13,0,13,8,1,1768971507,2026-01-21 00:01:16
66db2afe-0aca-11e7-82f6-3863bb44ef7c,45,30,15,1,1,1768971504,2026-01-21 00:01:16
66de5ace-0aca-11e7-82f6-3863bb44ef7c,8,4,4,12,1,1768971504,2026-01-21 00:01:16
66dcc047-0aca-11e7-82f6-3863bb44ef7c,12,6,6,10,1,1768971504,2026-01-21 00:01:16
1828966104320053340,11,1,10,7,1,1768971500,2026-01-21 00:01:16
d5d589e6-457f-4cd4-bf78-59165dce28b2,20,7,13,4,1,1768971500,2026-01-21 00:01:16
3c135a2e-eeea-4e81-9c0a-8d14a6049198,10,2,8,9,1,1768971504,2026-01-21 00:01:16
2026068766494475116,31,24,7,3,1,1768971504,2026-01-21 00:01:16
d6834194-029d-4e2d-83b0-ee78ab5acda2,11,2,9,7,1,1768971504,2026-01-21 00:01:16
1786696384892428996,12,10,2,8,1,1768971506,2026-01-21 00:01:16
d47c856e-8cda-4da0-b8eb-1ccf0e6ef7ab,9,1,8,19,1,1768971512,2026-01-21 00:01:16
1861682444178541220,23,0,23,12,1,1768971508,2026-01-21 00:01:16
d1138533-504c-4d29-b71c-299e1d31f159,19,0,19,17,1,1768971508,2026-01-21 00:01:16
d7904cd0-4b1b-47d0-8103-937bcf5ff845,17,8,9,0,1,1768971508,2026-01-21 00:01:16
2143247416766638978,5,0,5,39,1,1768971508,2026-01-21 00:01:16
cc834d78-6eca-450a-ae00-a5ffc6f1a7a6,15,0,15,0,1,1768971508,2026-01-21 00:01:16
e4645d0d-8b76-4c46-b2b9-be25592e0659,11,5,6,13,1,1768971510,2026-01-21 00:01:16
821b19c1-ab13-4482-9580-770288a377a7,3,0,3,38,1,1768971511,2026-01-21 00:01:16
66dbf518-0aca-11e7-82f6-3863bb44ef7c,12,3,9,15,1,1768971509,2026-01-21 00:01:16
285ad3c2-3ffe-45bb-8765-9c20a69641a6,14,8,6,3,1,1768971510,2026-01-21 00:01:16
1860187181307969634,18,0,18,2,1,1768971512,2026-01-21 00:01:16
1d130e43-0408-4423-bb52-77a08372cefa,1,0,1,22,1,1768971512,2026-01-21 00:01:16
623c9658-5544-4254-847e-738763cf45a3,5,1,4,14,1,1768971510,2026-01-21 00:01:16
66dde8ac-0aca-11e7-82f6-3863bb44ef7c,8,5,3,29,1,1768971516,2026-01-21 00:01:16
2743a950-3a1f-4a58-8fe0-f4105033e0e3,17,15,2,6,1,1768971516,2026-01-21 00:01:16
94f77501-32e5-4539-90c6-82d4198f7991,12,9,3,9,1,1768971516,2026-01-21 00:01:16
1836581807397045112,4,3,1,20,1,1768971517,2026-01-21 00:01:16
fda0c217-9504-4b26-8a25-e40b603ee5fa,2,2,0,14,1,1768971514,2026-01-21 00:01:16
1860190006584693708,7,4,3,12,1,1768971514,2026-01-21 00:01:16
1838070776953752336,2,1,1,20,1,1768971515,2026-01-21 00:01:16
0dc63044-e19c-474d-9df1-c3e504d03b07,31,16,15,14,1,1768971513,2026-01-21 00:01:16
b62bcd96-c2db-447c-bdd5-d3c18f174858,7,1,6,9,1,1768971514,2026-01-21 00:01:16
2124382079594320876,8,4,4,6,1,1768971514,2026-01-21 00:01:16
2576805f-9732-4c74-8f1d-57715e8cdfa2,15,8,7,13,1,1768971517,2026-01-21 00:01:16
1880644160834607498,18,11,7,4,1,1768971517,2026-01-21 00:01:16
bbaae5d3-7e2b-46a8-872e-152404c664f7,20,0,20,7,1,1768971515,2026-01-21 00:01:16
e5b2a7ce-d867-465b-8446-743e00617068,2,1,1,17,1,1768971515,2026-01-21 00:01:16
344b52b0-73a9-4fe3-9132-23d0502dc0ae,4,1,3,14,1,1768971516,2026-01-21 00:01:16
1875672501601550456,0,0,0,18,1,1768971517,2026-01-21 00:01:16
4b67c6e0-d603-4fbc-afbe-0b8952f4f7af,8,1,7,27,1,1768971523,2026-01-21 00:01:16
ecc52c52-e2d9-4e73-8f9c-18ad8e9b0606,13,5,8,8,1,1768971523,2026-01-21 00:01:16
d3433b47-99a7-4b21-9fa7-d7052bb5c23b,2,1,1,13,1,1768971523,2026-01-21 00:01:16
1846085927885781554,11,1,10,10,1,1768971523,2026-01-21 00:01:16
4034789e-b70d-4aae-bf18-3ed37a4d751f,16,5,11,3,1,1768971523,2026-01-21 00:01:16
d7d297fd-36dc-42f2-8e3b-24b1003be874,15,8,7,0,1,1768971521,2026-01-21 00:01:16
582cd775-0178-47f5-b707-6d5869f077ba,15,0,15,16,1,1768971521,2026-01-21 00:01:16
66dbe848-0aca-11e7-82f6-3863bb44ef7c,101,74,27,17,1,1768971521,2026-01-21 00:01:16
67f60e7e-397a-4e47-b7f9-d10bd67133b3,0,0,0,51,1,1768971521,2026-01-21 00:01:16
7bdd60e9-c0fd-40f6-aa9a-d5fa004d4fe3,9,3,6,10,1,1768971521,2026-01-21 00:01:16
8d097a6d-f17c-4195-9dd4-42527b371c71,10,9,1,52,1,1768971521,2026-01-21 00:01:16
66dbe8d6-0aca-11e7-82f6-3863bb44ef7c,30,28,2,21,1,1768971522,2026-01-21 00:01:16
1893542109140147108,9,3,6,11,1,1768971518,2026-01-21 00:01:16
66de08c9-0aca-11e7-82f6-3863bb44ef7c,14,1,13,6,1,1768971518,2026-01-21 00:01:16
8fa2fafb-fa07-48b2-b159-bffbea7176d4,3,3,0,16,1,1768971518,2026-01-21 00:01:16
78b4aa30-e4e9-4447-9419-c89f8527892e,5,3,2,16,1,1768971519,2026-01-21 00:01:16
be2bdee1-e3e9-45cc-94f0-2ba81a722ba3,16,11,5,2,1,1768971524,2026-01-21 00:01:16
82dd89f6-1e5a-4a8f-8660-13cb64349e94,4,0,4,14,1,1768971524,2026-01-21 00:01:16
42032bf9-4599-4035-bc01-c80bec1a7122,4,0,4,16,1,1768971524,2026-01-21 00:01:16
1834145330979754058,0,0,0,25,1,1768971524,2026-01-21 00:01:16
328d778a-7e71-4240-acae-b84f0fdaa5c5,0,0,0,25,1,1768971524,2026-01-21 00:01:16
1840540966407039246,19,3,16,0,1,1768971520,2026-01-21 00:01:16
1828968794479100296,8,2,6,9,1,1768971520,2026-01-21 00:01:16
3c6c0d12-80dd-4c49-b7c5-e3549588b8cf,11,3,8,14,1,1768971520,2026-01-21 00:01:16
90c35466-db3c-4b0d-993e-6e92883773b4,58,31,27,12,1,1768971519,2026-01-21 00:01:16
66dea596-0aca-11e7-82f6-3863bb44ef7c,7,6,1,17,1,1768971520,2026-01-21 00:01:16
45e8c326-b12d-4be6-b040-bb6de9986d25,15,6,9,5,1,1768971524,2026-01-21 00:01:16
eb41a103-0196-4f19-a440-256167191a7d,2,2,0,16,1,1768971525,2026-01-21 00:01:16
3c8847a6-c12a-40fd-9b22-4582ac1a0d9d,17,15,2,6,1,1768971526,2026-01-21 00:01:16
668ef22c-4665-4f42-bf6a-ab9e8a2899b1,15,7,8,8,1,1768971526,2026-01-21 00:01:16
66db69d0-0aca-11e7-82f6-3863bb44ef7c,32,19,13,0,1,1768971526,2026-01-21 00:01:16
1846086665080867236,13,4,9,7,1,1768971525,2026-01-21 00:01:16
15cb007b-bfca-4ad7-bfc6-44bf3d36785a,27,1,26,0,1,1768971525,2026-01-21 00:01:16
44a80c48-c1a9-4ff1-92eb-6bf8be492f5e,10,8,2,11,1,1768971526,2026-01-21 00:01:16
66dd1846-0aca-11e7-82f6-3863bb44ef7c,36,9,27,10,1,1768971527,2026-01-21 00:01:16
1796642668661690940,15,3,12,6,1,1768971527,2026-01-21 00:01:16
1860188194745712748,14,1,13,8,1,1768971525,2026-01-21 00:01:16
66de4594-0aca-11e7-82f6-3863bb44ef7c,13,8,5,13,1,1768971525,2026-01-21 00:01:16
625711ba-3b5d-46a7-a8f9-7f4eb17ec1be,6,2,4,18,1,1768971528,2026-01-21 00:01:16
a0eec052-257a-4c79-8171-6e2ad9864ad0,11,8,3,18,1,1768971528,2026-01-21 00:01:16
1848242216849312578,11,2,9,7,1,1768971528,2026-01-21 00:01:16
be8e6f1c-e8b5-40bd-896d-423052ba3bbc,3,2,1,13,1,1768971588,2026-01-21 00:01:16
ccfa8b82-07a7-4a08-88fc-be261c30a4ca,1,0,1,21,1,1768971589,2026-01-21 00:01:16
2f580cf9-14e2-4300-ba22-f6d88d0312a5,12,3,9,12,1,1768971589,2026-01-21 00:01:16
d3f51f51-7e51-4c75-8600-d76916608707,5,3,2,22,1,1768971589,2026-01-21 00:01:16
e3e6105e-eaa2-43c5-badb-fb8592ad7227,1,0,1,23,1,1768971592,2026-01-21 00:01:16
66dbc551-0aca-11e7-82f6-3863bb44ef7c,2,1,1,50,1,1768971592,2026-01-21 00:01:16
2126579471787670468,12,4,8,9,1,1768971593,2026-01-21 00:01:16
40fd82d6-c0e9-4876-adfb-816140ecfc39,12,9,3,5,1,1768971593,2026-01-21 00:01:16
648e09b6-95c2-40d3-9dac-a43f22eccf38,2,1,1,22,1,1768971590,2026-01-21 00:01:16
d34f2271-10ee-40c3-a93a-09df58860512,6,5,1,11,1,1768971590,2026-01-21 00:01:16
1845676816555735590,10,0,10,12,1,1768971590,2026-01-21 00:01:16
8ea09819-cd88-4732-b047-c0549f0b370f,12,3,9,18,1,1768971591,2026-01-21 00:01:16
66db7152-0aca-11e7-82f6-3863bb44ef7c,43,15,28,5,1,1768971591,2026-01-21 00:01:16
1862008413697896912,0,0,0,19,1,1768971591,2026-01-21 00:01:16
1828965671716082498,15,3,12,2,1,1768971587,2026-01-21 00:01:16
66de186f-0aca-11e7-82f6-3863bb44ef7c,13,5,8,11,1,1768971587,2026-01-21 00:01:16
bd1760ad-3af3-4ede-9bd7-c8fbf46d7192,3,1,2,18,1,1768971587,2026-01-21 00:01:16
1838999521825487230,19,0,19,0,1,1768971588,2026-01-21 00:01:16
b4063b76-1abd-465c-96a4-45f6ee016bc5,3,1,2,14,1,1768971592,2026-01-21 00:01:16
1885439359712500016,0,0,0,23,1,1768971592,2026-01-21 00:01:16
c0e0e578-8ce8-4c9d-be47-b902d8a41050,2,1,1,16,1,1768971592,2026-01-21 00:01:16
66db44e5-0aca-11e7-82f6-3863bb44ef7c,25,10,15,12,1,1768971593,2026-01-21 00:01:16
1903998756008763590,2,2,0,49,1,1768971594,2026-01-21 00:01:16
d9ec5589-c872-46f2-88cd-e54f9c596721,6,0,6,11,1,1768971594,2026-01-21 00:01:16
66de2a00-0aca-11e7-82f6-3863bb44ef7c,28,6,22,6,1,1768971589,2026-01-21 00:01:16
55f6b830-e43e-4227-bfc7-683465236d94,20,9,11,25,1,1768971590,2026-01-21 00:01:16
28be450b-7878-4495-add2-61afd94f375a,18,9,9,1,1,1768971590,2026-01-21 00:01:16
c63e9937-cadb-4813-aee3-5fd3fcc93767,2,2,0,17,1,1768971590,2026-01-21 00:01:16
66dc1beb-0aca-11e7-82f6-3863bb44ef7c,28,20,8,77,1,1768971590,2026-01-21 00:01:16
4bbf50a9-47c2-4a32-97c2-1f6bc4f9d401,24,12,12,7,1,1768971588,2026-01-21 00:01:16
f001fac9-5f19-451e-a752-afde574a8c81,2,2,0,15,1,1768971588,2026-01-21 00:01:16
36edabac-a0c2-471b-abaf-73fdb53a4e5f,1,1,0,19,1,1768971588,2026-01-21 00:01:16
18846fd4-877c-4971-9b6f-1bd8fbc10346,4,2,2,15,1,1768971588,2026-01-21 00:01:16
66dd4b2b-0aca-11e7-82f6-3863bb44ef7c,6,3,3,43,1,1768971592,2026-01-21 00:01:16
66dcc30b-0aca-11e7-82f6-3863bb44ef7c,14,7,7,2,1,1768971594,2026-01-21 00:01:16
1064b4b0-e9c8-4139-ac48-f118305dbe69,5,4,1,17,1,1768971595,2026-01-21 00:01:16
66dda55f-0aca-11e7-82f6-3863bb44ef7c,28,19,9,0,1,1768971595,2026-01-21 00:01:16
66de48f9-0aca-11e7-82f6-3863bb44ef7c,15,1,14,1,1,1768971596,2026-01-21 00:01:16
66dc192f-0aca-11e7-82f6-3863bb44ef7c,9,4,5,12,1,1768971595,2026-01-21 00:01:16
66dbf4ac-0aca-11e7-82f6-3863bb44ef7c,21,10,11,22,1,1768971595,2026-01-21 00:01:16
e780c290-0c52-4ab1-9719-a581be789df3,9,7,2,12,1,1768971595,2026-01-21 00:01:16
547cdccc-7864-4898-97c9-8798d924ef54,53,20,33,9,1,1768971595,2026-01-21 00:01:16
158e7752-27e2-4912-be0b-eb15405aa096,9,3,6,11,1,1768971596,2026-01-21 00:01:16
66dc2238-0aca-11e7-82f6-3863bb44ef7c,10,10,0,65,1,1768971596,2026-01-21 00:01:16
1846086138339179502,12,7,5,11,1,1768971596,2026-01-21 00:01:16
1e3a16ff-65ba-4d34-b3c6-37aff44e085a,13,8,5,26,1,1768971596,2026-01-21 00:01:16
4d79bdb9-7c35-4d35-9f6e-3c1b849c453a,22,17,5,20,1,1768971596,2026-01-21 00:01:16
0c106e83-c47a-4233-b5e4-62bbb75d0bed,0,0,0,17,1,1768971596,2026-01-21 00:01:16
9a40cb60-6ede-4c9e-9d64-dc55cae57f31,1,0,1,26,1,1768971596,2026-01-21 00:01:16
1786375069262703476,23,2,21,5,1,1768971597,2026-01-21 00:01:16
e2b28abd-07a4-4552-ad17-abf155aff28a,14,9,5,7,1,1768971596,2026-01-21 00:01:16
38bb1218-0a9e-41d9-b2ef-25c8626dac29,19,2,17,2,1,1768971596,2026-01-21 00:01:16
66dd41ef-0aca-11e7-82f6-3863bb44ef7c,32,29,3,8,1,1768971597,2026-01-21 00:01:16
9e5fd5b6-c5f2-4694-9406-a44b7d0146d9,34,21,13,1,1,1768971597,2026-01-21 00:01:16
5db1fefa-0f10-4c58-a7ce-113f3164ced8,10,1,9,8,1,1768971597,2026-01-21 00:01:16
1057229c-f8f8-4014-80cd-f40421c61cf0,0,0,0,17,1,1768971598,2026-01-21 00:01:16
bc346753-b68a-4cb3-b93f-b0be68227eae,12,2,10,6,1,1768971598,2026-01-21 00:01:16
66dcf0b3-0aca-11e7-82f6-3863bb44ef7c,5,2,3,22,1,1768971596,2026-01-21 00:01:16
66dbeded-0aca-11e7-82f6-3863bb44ef7c,12,0,12,11,1,1768971597,2026-01-21 00:01:16
66dd491c-0aca-11e7-82f6-3863bb44ef7c,7,3,4,26,1,1768971598,2026-01-21 00:01:16
66dcbbfe-0aca-11e7-82f6-3863bb44ef7c,6,3,4,11,1,1768971598,2026-01-21 00:01:16
66dc8b6a-0aca-11e7-82f6-3863bb44ef7c,40,0,40,11,1,1768971599,2026-01-21 00:01:16
0e003543-3656-448f-8a93-029d265f2e26,25,2,23,6,1,1768971598,2026-01-21 00:01:16
aa8fc8b7-b66c-41d9-9885-30b8af599378,0,0,0,0,0,86400,2026-01-21 00:01:16
308e055a-b8aa-447d-8803-8677c88af0ba,0,0,0,0,0,86400,2026-01-21 00:01:16
1906248765431831024,0,0,0,0,0,86400,2026-01-21 00:01:16
067d5007-bda5-4697-b0a2-ccc2837f295c,0,0,0,0,0,86400,2026-01-21 00:01:16
66db316a-0aca-11e7-82f6-3863bb44ef7c,0,0,0,0,0,86400,2026-01-21 00:01:16
1954778813955578360,0,0,0,0,0,86400,2026-01-21 00:01:16
2171904301452603832,0,0,0,0,0,86400,2026-01-21 00:01:16
2124037384760320326,0,0,0,0,0,86400,2026-01-21 00:01:16
c9c09ed0-0a52-4d6a-a999-b0848874e51f,0,0,0,30,0,1768571529,2026-01-21 00:01:16
3bfc859b-5c5f-43bc-b2e7-b64ed8ea9ede,7,0,7,12,1,1768971411,2026-01-21 00:01:16
a4368364-fa79-493c-8478-1d3471a6077f,0,0,0,54,0,1768946860,2026-01-21 00:01:16
2126224759932600578,3,2,1,6,1,1768971348,2026-01-21 00:01:16
01f01352-50d4-484e-a611-576b18ac373a,20,1,19,12,1,1768971484,2026-01-21 00:01:16
aa120a3a-9f2b-4dfc-a88b-384bbb66838a,0,0,0,22,1,1768971485,2026-01-21 00:01:16
18267c09-1916-48d8-951c-caf88c89edd1,3,1,2,13,1,1768971486,2026-01-21 00:01:16
c0df5c09-2c07-4689-9fe8-36ed81301d7d,3,2,1,18,1,1768971486,2026-01-21 00:01:16
cd4b8e12-b2c7-479b-900d-59cf7d8c4276,14,1,13,1,1,1768971486,2026-01-21 00:01:16
1843486757863039016,14,3,11,6,1,1768971481,2026-01-21 00:01:16
ab692d1f-5a4a-4fff-b929-013c3a7e8a98,0,0,0,18,1,1768971482,2026-01-21 00:01:16
1828969851041055492,11,7,4,11,1,1768971482,2026-01-21 00:01:16
1978170169761096104,18,4,14,16,1,1768971482,2026-01-21 00:01:16
66dd4841-0aca-11e7-82f6-3863bb44ef7c,30,23,7,12,1,1768971482,2026-01-21 00:01:16
311269f4-53dc-4f83-b26b-ecb6e8e160ed,4,3,1,15,1,1768971483,2026-01-21 00:01:16
66dd9213-0aca-11e7-82f6-3863bb44ef7c,14,12,2,27,1,1768971479,2026-01-21 00:01:16
ab5585c8-c2cf-4bab-96cf-d02eced4f6e3,8,6,2,37,1,1768971480,2026-01-21 00:01:16
09b00240-4c2a-4900-9d09-f13344461c02,14,9,5,4,1,1768971480,2026-01-21 00:01:16
66db29e6-0aca-11e7-82f6-3863bb44ef7c,9,7,2,8,1,1768971480,2026-01-21 00:01:16
1431ec5c-242d-401b-b672-dbf95155999b,2,2,0,14,1,1768971483,2026-01-21 00:01:16
facb0195-8daa-46e3-95e1-6f22fb678e8a,1,1,0,18,1,1768971484,2026-01-21 00:01:16
1861681435029604706,23,15,8,0,1,1768971484,2026-01-21 00:01:16
66de4c32-0aca-11e7-82f6-3863bb44ef7c,14,0,14,8,1,1768971480,2026-01-21 00:01:16
66db8c10-0aca-11e7-82f6-3863bb44ef7c,23,12,11,12,1,1768971478,2026-01-21 00:01:16
9505c2b7-0c3a-4791-8471-d2092a86291f,0,0,0,3,0,1768970904,2026-01-21 00:01:16
66dbf73d-0aca-11e7-82f6-3863bb44ef7c,32,24,8,3,1,1768971490,2026-01-21 00:01:16
1862787990429630662,3,3,0,15,1,1768971490,2026-01-21 00:01:16
058ee86d-ce2a-4597-99f7-f78f082b33e3,0,0,0,18,1,1768971489,2026-01-21 00:01:16
6fcad2af-c3e2-47a4-8942-023ae4047e67,12,8,4,5,1,1768971506,2026-01-21 00:01:16
1828968691399885056,10,2,8,3,1,1768971506,2026-01-21 00:01:16
b3a9057e-7ff6-4117-b96e-e71c173cf1e9,10,1,9,7,1,1768971507,2026-01-21 00:01:16
1786698815186893280,33,27,6,1,1,1768971506,2026-01-21 00:01:16
412c1416-d15b-4e6a-9691-da4c3cc0d0d2,36,33,3,25,1,1768971509,2026-01-21 00:01:16
66dea4bf-0aca-11e7-82f6-3863bb44ef7c,32,15,17,7,1,1768971508,2026-01-21 00:01:16
66dbc982-0aca-11e7-82f6-3863bb44ef7c,16,16,0,90,1,1768971509,2026-01-21 00:01:16
1838070703178521596,1,0,1,18,1,1768971505,2026-01-21 00:01:16
66dc3a1a-0aca-11e7-82f6-3863bb44ef7c,3,1,2,47,1,1768971505,2026-01-21 00:01:16
a35d03cf-bd72-4da4-a4ac-bd25b3f8dce3,15,9,6,3,1,1768971506,2026-01-21 00:01:16
7d455e9a-20b4-4b03-8248-0d982fdfa21b,0,0,0,22,1,1768971505,2026-01-21 00:01:16
6661108f-28eb-4671-ad0c-36a311d325aa,7,1,6,11,1,1768971507,2026-01-21 00:01:16
38975061-0d90-43a3-87c1-8905b374d5d9,17,1,16,7,1,1768971508,2026-01-21 00:01:16
1814900353536621062,10,4,6,19,1,1768971508,2026-01-21 00:01:16
66dc0d3a-0aca-11e7-82f6-3863bb44ef7c,16,9,7,3,1,1768971506,2026-01-21 00:01:16
dcdaa64b-4d2c-4017-bfb9-da25924f851d,7,6,1,14,1,1768971510,2026-01-21 00:01:16
1929513834381415014,4,1,3,16,1,1768971494,2026-01-21 00:01:16
4753c1ba-a86e-431e-94fb-06403cdee4d7,19,13,6,11,1,1768971495,2026-01-21 00:01:16
c7be2714-14db-421f-a19e-f6a7bf6e8d26,1,1,0,21,1,1768971493,2026-01-21 00:01:16
b9970fb5-176c-4a66-8772-6d76c4b6245a,3,0,3,15,1,1768971494,2026-01-21 00:01:16
43eac213-4603-4bc2-b6d6-b45013396282,19,10,9,16,1,1768971495,2026-01-21 00:01:16
e24cb64d-10c2-48db-9440-59e63c0f1c95,10,5,5,15,1,1768971496,2026-01-21 00:01:16
833bc8bc-3c32-4481-9c14-9a88aa7accec,15,3,12,23,1,1768971496,2026-01-21 00:01:16
b6a4770e-9077-4a0e-a0fb-b45b1d457559,49,33,16,7,1,1768971496,2026-01-21 00:01:16
6db97fde-68ae-4d2b-b121-b7c17838bbe7,2,1,1,16,1,1768971486,2026-01-21 00:01:16
bdefa3e3-aa5a-40eb-b7f8-542de55063e9,7,2,5,11,1,1768971487,2026-01-21 00:01:16
59f0cb81-e31b-4ba9-9159-3437c52f7505,0,0,0,17,1,1768971497,2026-01-21 00:01:16
bf5a9ad8-6725-4ade-967d-aba612d423bf,21,12,9,1,1,1768971495,2026-01-21 00:01:16
a381b37a-a928-4834-87ee-da9922cb3b3d,12,4,8,20,1,1768971495,2026-01-21 00:01:16
1931758629658304788,6,0,6,16,1,1768971495,2026-01-21 00:01:16
1817432606668538118,12,9,3,13,1,1768971488,2026-01-21 00:01:16
c1144380-c1ac-4315-9b1a-4b4e870ac688,2,1,1,16,1,1768971488,2026-01-21 00:01:16
1884599469785421928,33,32,1,6,1,1768971517,2026-01-21 00:01:16
5f0aa684-a1c5-4119-827f-7860f1cd4ccd,10,2,8,13,1,1768971517,2026-01-21 00:01:16
9bd28b11-cf11-4938-abb2-dfa5ec800e32,26,5,21,3,1,1768971517,2026-01-21 00:01:16
66dc7b10-0aca-11e7-82f6-3863bb44ef7c,5,5,0,72,1,1768971518,2026-01-21 00:01:16
7e7d974c-a6ec-4d9a-b4ed-01a4d2056d8b,1,0,1,18,1,1768971518,2026-01-21 00:01:16
1836581628905160976,13,4,9,7,1,1768971518,2026-01-21 00:01:16
66dbea8d-0aca-11e7-82f6-3863bb44ef7c,17,4,13,29,1,1768971518,2026-01-21 00:01:16
897e8739-ee1d-4b2e-b151-ad7e64e87697,14,5,9,14,1,1768971520,2026-01-21 00:01:16
c01a9c97-6c04-4e3f-ad0b-958801d94ca1,14,3,11,0,1,1768971516,2026-01-21 00:01:16
96cf4c1a-db2c-4d4b-af34-c31281b5904b,13,9,4,4,1,1768971516,2026-01-21 00:01:16
1817433126359581672,9,0,9,13,1,1768971516,2026-01-21 00:01:16
6fd84197-56e2-47df-849f-701aca0e7cc3,3,0,3,15,1,1768971516,2026-01-21 00:01:16
66de6100-0aca-11e7-82f6-3863bb44ef7c,24,0,24,7,1,1768971517,2026-01-21 00:01:16
1828967717120678322,13,9,4,9,1,1768971518,2026-01-21 00:01:16
35915f48-31c5-499a-b845-2ca2fb541904,19,0,19,20,1,1768971550,2026-01-21 00:01:16
d55dd622-0ced-4e4d-9ea5-2ef2cb6481a9,18,9,9,17,1,1768971550,2026-01-21 00:01:16
1817432787057164808,19,13,6,0,1,1768971551,2026-01-21 00:01:16
66dcf394-0aca-11e7-82f6-3863bb44ef7c,11,8,3,19,1,1768971551,2026-01-21 00:01:16
eef98eb6-f550-49f9-a910-4d2863e6a591,5,5,0,13,1,1768971551,2026-01-21 00:01:16
66dc51e9-0aca-11e7-82f6-3863bb44ef7c,19,11,8,27,1,1768971550,2026-01-21 00:01:16
66ddeca9-0aca-11e7-82f6-3863bb44ef7c,17,3,14,0,1,1768971549,2026-01-21 00:01:16
66dd1b65-0aca-11e7-82f6-3863bb44ef7c,27,7,20,30,1,1768971550,2026-01-21 00:01:16
ed1199e4-d9a6-4d9e-8c81-62bcd7510a11,16,15,1,13,1,1768971550,2026-01-21 00:01:16
c83e1ef5-776e-417e-8ee2-d08ca121f884,5,4,1,20,1,1768971550,2026-01-21 00:01:16
24f431ca-c2a5-46be-966b-b8d4c3e4b346,4,3,1,11,1,1768971547,2026-01-21 00:01:16
66dde9af-0aca-11e7-82f6-3863bb44ef7c,14,10,4,12,1,1768971548,2026-01-21 00:01:16
72196024-6f2b-45cb-9764-609911c7dc0b,16,9,7,32,1,1768971547,2026-01-21 00:01:16
ff2869f0-4381-4cf3-863e-a0d776ec53b4,89,44,45,1,1,1768971548,2026-01-21 00:01:16
49d2cd03-f508-483f-a7c9-7fd450e5e6db,13,3,10,5,1,1768971548,2026-01-21 00:01:16
66de871c-0aca-11e7-82f6-3863bb44ef7c,0,0,0,58,1,1768971552,2026-01-21 00:01:16
66db4351-0aca-11e7-82f6-3863bb44ef7c,57,26,31,15,1,1768971552,2026-01-21 00:01:16
dfe2c398-ff5c-4a8d-83c8-fa18801540d8,11,0,11,11,1,1768971553,2026-01-21 00:01:16
2126624466406238560,8,3,5,3,1,1768971548,2026-01-21 00:01:16
1835250318514342456,10,1,9,17,1,1768971548,2026-01-21 00:01:16
d319629d-63cf-4765-9f69-5569f35d6469,6,2,4,12,1,1768971549,2026-01-21 00:01:16
74e104fb-1ddc-4f3e-a60b-220b6c4f300b,2,2,0,14,1,1768971549,2026-01-21 00:01:16
5d049d4b-0736-4323-834a-1b2454bd6551,14,13,1,10,1,1768971549,2026-01-21 00:01:16
add829db-2feb-4e81-af61-056791a6e53b,4,3,1,25,1,1768971552,2026-01-21 00:01:16
1960020817312746312,54,25,29,60,1,1768971552,2026-01-21 00:01:16
6c3b486e-603c-4158-91ac-adc06ac01535,10,0,10,15,1,1768971552,2026-01-21 00:01:16
2b848257-dc2e-4dd0-b840-d5e046972789,6,0,6,11,1,1768971551,2026-01-21 00:01:16
1ddadf67-ae08-4e86-bdda-236629b9eabd,6,1,5,18,1,1768971551,2026-01-21 00:01:16
2126624772423916318,6,1,5,3,1,1768971551,2026-01-21 00:01:16
079b5a90-1d2b-40b2-b1e9-71c075f16b89,7,3,4,9,1,1768971567,2026-01-21 00:01:16
01a1343d-9c7b-4a83-8a5a-a600187f19c4,1,0,1,28,1,1768971567,2026-01-21 00:01:16
1789e458-c466-4d77-aba6-365f5c3823ed,8,0,8,9,1,1768971567,2026-01-21 00:01:16
66de2625-0aca-11e7-82f6-3863bb44ef7c,15,7,8,18,1,1768971568,2026-01-21 00:01:16
1828968611856235508,2,1,1,16,1,1768971568,2026-01-21 00:01:16
66db6cd4-0aca-11e7-82f6-3863bb44ef7c,42,23,19,10,1,1768971568,2026-01-21 00:01:16
05969d95-8a64-4007-abf1-afb847f2d426,10,5,5,13,1,1768971569,2026-01-21 00:01:16
9f702c67-b591-4492-ba90-eb3c7e793dad,12,2,10,9,1,1768971569,2026-01-21 00:01:16
c04cef84-3fcd-4fd9-9e40-8e07453dbe19,5,1,4,12,1,1768971569,2026-01-21 00:01:16
904930bd-2671-4695-9c1a-8a894b041129,12,12,0,53,1,1768971569,2026-01-21 00:01:16
9790606b-a00d-4d5e-b6ec-abd11c9d25b3,0,0,0,17,1,1768971565,2026-01-21 00:01:16
2a47ef14-1cbe-4ec6-841d-cc277627fe20,17,15,2,11,1,1768971566,2026-01-21 00:01:16
876683ce-9bce-4fad-8d1c-6b331fa07b5c,40,16,24,5,1,1768971566,2026-01-21 00:01:16
40042fb4-6ddd-4f74-bb52-5af3e4e08c8d,16,0,16,6,1,1768971566,2026-01-21 00:01:16
1869754004195029842,0,0,0,21,1,1768971563,2026-01-21 00:01:16
1857217122161783302,23,5,18,5,1,1768971564,2026-01-21 00:01:16
1828968199249922252,2,1,1,18,1,1768971567,2026-01-21 00:01:16
1e590819-53fd-415c-bc28-aed605ad3bcb,7,3,4,9,1,1768971563,2026-01-21 00:01:16
66ddb7bf-0aca-11e7-82f6-3863bb44ef7c,27,27,0,21,1,1768971573,2026-01-21 00:01:16
66dd4051-0aca-11e7-82f6-3863bb44ef7c,29,23,6,18,1,1768971574,2026-01-21 00:01:16
cb04be8e-8edc-4c9d-bfc0-76f94e3a3d9b,33,1,32,9,1,1768971573,2026-01-21 00:01:16
1d8e51b0-8131-4c1f-93fb-f04952c157c0,4,1,3,23,1,1768971574,2026-01-21 00:01:16
b636a06c-c10e-417a-ac22-14cadb8f8993,16,5,11,2,1,1768971574,2026-01-21 00:01:16
2126225134412534550,13,7,6,2,1,1768971570,2026-01-21 00:01:16
66db3aa3-0aca-11e7-82f6-3863bb44ef7c,41,38,3,11,1,1768971570,2026-01-21 00:01:16
1945125793810207148,5,1,4,12,1,1768971570,2026-01-21 00:01:16
daaa3ac1-594c-48d2-9431-a8ced305ed5a,2,2,0,16,1,1768971571,2026-01-21 00:01:16
138094a0-cd7d-4014-9b21-4fb2afd3980e,16,12,4,8,1,1768971569,2026-01-21 00:01:16
1786696251091417274,31,15,16,4,1,1768971569,2026-01-21 00:01:16
1828969417249358046,5,1,4,14,1,1768971569,2026-01-21 00:01:16
bd318c15-5c3d-4e72-9837-3b4bd37707e0,2,2,0,16,1,1768971570,2026-01-21 00:01:16
2126274178538511162,8,0,8,3,1,1768971571,2026-01-21 00:01:16
66dc7957-0aca-11e7-82f6-3863bb44ef7c,21,8,13,55,1,1768971571,2026-01-21 00:01:16
8fc95e31-b025-4d2b-b5aa-240465366480,12,11,1,9,1,1768971572,2026-01-21 00:01:16
454b4a83-d0b1-42a2-8163-261e2a9d6ab9,21,12,9,58,1,1768971572,2026-01-21 00:01:16
7a701539-2c10-4abe-803f-525785ebb7fb,1,0,1,20,1,1768971572,2026-01-21 00:01:16
1861680103893703034,5,5,0,15,1,1768971572,2026-01-21 00:01:16
66dc78c4-0aca-11e7-82f6-3863bb44ef7c,39,25,14,17,1,1768971573,2026-01-21 00:01:16
4780d9d1-b886-4e72-9d18-cb152f73e10a,2,1,1,17,1,1768971573,2026-01-21 00:01:16
1597ea95-0b6b-425a-8d13-ed86ee0754b5,5,2,3,15,1,1768971573,2026-01-21 00:01:16
1e226f22-034f-4b99-8184-a8eaa591fbd8,13,11,3,32,1,1768971572,2026-01-21 00:01:16
531e6d94-5f4c-4ef0-9c83-47191be9d8f9,1,1,0,16,1,1768971573,2026-01-21 00:01:16
66dbc6ae-0aca-11e7-82f6-3863bb44ef7c,26,22,4,36,1,1768971492,2026-01-21 00:01:16
1835247352748090208,1,1,0,21,1,1768971492,2026-01-21 00:01:16
66de1580-0aca-11e7-82f6-3863bb44ef7c,8,7,1,29,1,1768971504,2026-01-21 00:01:16
46a1ff6c-6131-414a-9ef6-65a8db7d305f,1,1,0,22,1,1768971501,2026-01-21 00:01:16
8603535e-0d7a-4c5b-ae77-27b9f5770bfa,21,15,6,4,1,1768971501,2026-01-21 00:01:16
60a061d5-d984-4573-af3c-2054f4f59e94,3,1,2,15,1,1768971501,2026-01-21 00:01:16
66dde2d9-0aca-11e7-82f6-3863bb44ef7c,24,16,8,11,1,1768971502,2026-01-21 00:01:16
febf420f-bbec-4044-a3af-69959e018ccb,17,17,0,4,1,1768971502,2026-01-21 00:01:16
918af7b2-e05c-477a-a8c0-7dcff984c566,9,1,8,29,1,1768971502,2026-01-21 00:01:16
66dd49eb-0aca-11e7-82f6-3863bb44ef7c,12,6,6,16,1,1768971502,2026-01-21 00:01:16
8df41833-c7bf-4171-bdab-58d64f6ade54,21,6,15,0,1,1768971499,2026-01-21 00:01:16
b90574d1-e9e7-45be-8adb-e38cb285fea5,9,6,3,9,1,1768971500,2026-01-21 00:01:16
b200a8bf-2d79-4511-9a16-ac41e7245622,20,1,19,3,1,1768971503,2026-01-21 00:01:16
29b21bd8-2459-4727-b1f0-d73592db3321,9,2,7,20,1,1768971503,2026-01-21 00:01:16
78e93937-53d1-4c9b-99ad-0460f908ed2d,10,9,1,14,1,1768971502,2026-01-21 00:01:16
1913995167022829826,20,3,17,0,1,1768971498,2026-01-21 00:01:16
1791472201147965920,12,4,8,50,1,1768971499,2026-01-21 00:01:16
66de1b5b-0aca-11e7-82f6-3863bb44ef7c,7,4,3,18,1,1768971499,2026-01-21 00:01:16
1945126147213275898,6,5,1,16,1,1768971499,2026-01-21 00:01:16
9e3603ee-2b7d-4147-a7b5-48bbd778902c,15,15,0,42,1,1768971532,2026-01-21 00:01:16
66dc0c53-0aca-11e7-82f6-3863bb44ef7c,12,4,8,8,1,1768971532,2026-01-21 00:01:16
1817627670084542818,13,4,9,9,1,1768971533,2026-01-21 00:01:16
19002a4c-3229-450b-ad69-76948696e60d,1,0,1,17,1,1768971533,2026-01-21 00:01:16
3c21925c-d68e-497c-b501-982d3eb3e852,15,11,4,6,1,1768971533,2026-01-21 00:01:16
8c700e85-cfdb-4eef-ba49-53bd69c004ed,9,2,7,10,1,1768971533,2026-01-21 00:01:16
2039088532741595744,41,16,25,10,1,1768971537,2026-01-21 00:01:16
2053867202510006310,18,4,14,3,1,1768971536,2026-01-21 00:01:16
cbcbd880-9662-4ab1-b530-781bb101ed1f,4,3,1,12,1,1768971534,2026-01-21 00:01:16
160e21da-6dd2-47ff-8385-e13c8cdce4fa,23,2,21,0,1,1768971535,2026-01-21 00:01:16
66db3d2a-0aca-11e7-82f6-3863bb44ef7c,16,0,16,43,1,1768971535,2026-01-21 00:01:16
344064f8-e82f-40fb-b235-aff506b77ae5,7,4,3,22,1,1768971533,2026-01-21 00:01:16
99d149f9-ad40-461e-beea-fcbf086f9b5a,20,8,12,46,1,1768971536,2026-01-21 00:01:16
66dc91b5-0aca-11e7-82f6-3863bb44ef7c,21,6,15,24,1,1768971536,2026-01-21 00:01:16
fdf21800-6106-4739-b7d5-b379b19e5732,10,5,5,10,1,1768971537,2026-01-21 00:01:16
66dbef85-0aca-11e7-82f6-3863bb44ef7c,31,10,21,4,1,1768971537,2026-01-21 00:01:16
66dbce8a-0aca-11e7-82f6-3863bb44ef7c,57,32,25,2,1,1768971537,2026-01-21 00:01:16
5cb3a92d-f284-477c-bf63-ea72d24e8a7d,11,1,10,6,1,1768971538,2026-01-21 00:01:16
66dc1545-0aca-11e7-82f6-3863bb44ef7c,18,4,14,6,1,1768971534,2026-01-21 00:01:16
65e7908a-a73e-4f8e-9967-0d0677f62bc4,14,4,10,7,1,1768971534,2026-01-21 00:01:16
05b9e7cd-f3a2-4d48-b7c4-f5fbe09d9de3,9,3,6,18,1,1768971534,2026-01-21 00:01:16
720c0d64-7828-4dba-bff9-4d99f4e3a9fc,5,3,2,16,1,1768971536,2026-01-21 00:01:16
1835249964093653018,2,0,2,21,1,1768971537,2026-01-21 00:01:16
1848241332086049696,1,0,1,20,1,1768971537,2026-01-21 00:01:16
66de1448-0aca-11e7-82f6-3863bb44ef7c,0,0,0,28,1,1768971538,2026-01-21 00:01:16
27c71510-d515-4add-b660-6efd6f225cd1,20,17,3,5,1,1768971537,2026-01-21 00:01:16
e6a32ec8-fc8b-4ed6-93a2-3ace3921b89d,16,16,0,10,1,1768971537,2026-01-21 00:01:16
f6c33f22-d650-4935-a928-fb693a828b5f,0,0,0,22,1,1768971540,2026-01-21 00:01:16
0e82ab9f-8c93-4302-b9df-342f8135a05c,20,0,20,0,1,1768971540,2026-01-21 00:01:16
1862788101231526152,16,7,9,14,1,1768971540,2026-01-21 00:01:16
66dc209c-0aca-11e7-82f6-3863bb44ef7c,60,38,22,2,1,1768971540,2026-01-21 00:01:16
8ce7325e-d5c7-46f9-9b73-95356e48c3eb,21,16,5,2,1,1768971540,2026-01-21 00:01:16
6f484a9d-c535-451e-a18f-f3afdc0a27af,31,9,22,8,1,1768971539,2026-01-21 00:01:16
20f3a578-4dfa-45ca-a917-b394d77ee08e,17,3,14,12,1,1768971538,2026-01-21 00:01:16
c05cd2e2-74e8-4526-a62b-d631e005fdd8,27,4,23,1,1,1768971539,2026-01-21 00:01:16
2a9e2320-083d-4044-aedf-0c15ecfefe61,4,2,2,18,1,1768971539,2026-01-21 00:01:16
66dbf667-0aca-11e7-82f6-3863bb44ef7c,67,31,36,1,1,1768971539,2026-01-21 00:01:16
1b28836b-29fd-47a7-9a98-44cd792918fb,36,5,31,13,1,1768971541,2026-01-21 00:01:16
22ac9559-d7f1-4dcd-ae3e-f6caf586a455,4,2,2,20,1,1768971541,2026-01-21 00:01:16
c5861c24-5ac1-41df-82f1-31748d03e868,58,49,9,7,1,1768971541,2026-01-21 00:01:16
c2291f8e-3b07-4671-82af-2b947825de4a,55,40,15,10,1,1768971543,2026-01-21 00:01:16
1989279523593928720,106,86,20,0,1,1768971543,2026-01-21 00:01:16
0579ff13-5d5b-4cbd-bc6e-3e9396591aef,7,2,5,11,1,1768971544,2026-01-21 00:01:16
1914337145288845316,16,3,13,6,1,1768971543,2026-01-21 00:01:16
66dcbdc2-0aca-11e7-82f6-3863bb44ef7c,5,2,3,16,1,1768971543,2026-01-21 00:01:16
66db3f01-0aca-11e7-82f6-3863bb44ef7c,39,28,11,8,1,1768971543,2026-01-21 00:01:16
e51c8b72-460f-41c2-a5ca-de85d3f46a30,18,7,11,34,1,1768971544,2026-01-21 00:01:16
66dd2556-0aca-11e7-82f6-3863bb44ef7c,29,11,18,14,1,1768971545,2026-01-21 00:01:16
30985a9c-afe4-4b98-a72c-2c72bb35603e,4,3,1,13,1,1768971545,2026-01-21 00:01:16
66de27da-0aca-11e7-82f6-3863bb44ef7c,14,7,7,10,1,1768971545,2026-01-21 00:01:16
533f25a0-514f-456f-9d87-5fdcb4ee42f4,4,3,1,14,1,1768971546,2026-01-21 00:01:16
bfea6c5b-2e1a-42c5-8199-2ded6042d57b,9,0,9,15,1,1768971545,2026-01-21 00:01:16
a11a0000-19cf-4053-b3a1-3a5886d7446c,26,12,14,13,1,1768971546,2026-01-21 00:01:16
66dccd65-0aca-11e7-82f6-3863bb44ef7c,18,1,17,8,1,1768971547,2026-01-21 00:01:16
66dd8bd9-0aca-11e7-82f6-3863bb44ef7c,17,11,6,6,1,1768971547,2026-01-21 00:01:16
2126621026154598618,11,2,9,1,1,1768971546,2026-01-21 00:01:16
fbb2d76c-1d47-4fb1-9c07-622fcace38a5,21,0,21,6,1,1768971546,2026-01-21 00:01:16
aba6e644-3ac8-4cdc-9bc6-763e9d82dee9,14,4,10,9,1,1768971497,2026-01-21 00:01:16
88c1303b-3349-4591-bf08-c7e40cf3537a,28,10,18,17,1,1768971498,2026-01-21 00:01:16
968d40e0-2a5b-4f6c-a161-fad1631b609b,10,9,1,4,1,1768971498,2026-01-21 00:01:16
66db32fb-0aca-11e7-82f6-3863bb44ef7c,8,4,4,84,1,1768971498,2026-01-21 00:01:16
b94cc90e-9ca2-4471-8371-23be051e0157,0,0,0,76,1,1768971513,2026-01-21 00:01:16
1822663143025657920,20,4,16,4,1,1768971514,2026-01-21 00:01:16
1879859065051787718,16,12,4,4,1,1768971514,2026-01-21 00:01:16
66de1295-0aca-11e7-82f6-3863bb44ef7c,18,7,11,1,1,1768971514,2026-01-21 00:01:16
a04bf523-3c76-4fad-88bf-e99037f9b796,12,4,8,8,1,1768971512,2026-01-21 00:01:16
cd5e7c3e-c618-416a-ae99-b509bd56e1b2,7,0,7,21,1,1768971512,2026-01-21 00:01:16
d07790cd-1acd-4f74-b5f1-3d70f8a8a526,2,0,2,22,1,1768971513,2026-01-21 00:01:16
1815967313905864892,10,5,5,5,1,1768971513,2026-01-21 00:01:16
1860189426558126796,11,2,9,11,1,1768971513,2026-01-21 00:01:16
e71d152c-c2df-4d3e-a9af-139f2529bac6,12,0,12,4,1,1768971513,2026-01-21 00:01:16
3bdd81c8-3112-45e6-ae72-11a3f4fa5921,16,2,14,7,1,1768971513,2026-01-21 00:01:16
bca594e5-779f-4866-bd6b-818871f97d38,15,0,15,14,1,1768971513,2026-01-21 00:01:16
faf021ad-9de5-44bd-b7f5-48127e8d5fea,21,1,20,2,1,1768971512,2026-01-21 00:01:16
50e05a9f-dce6-4315-a10d-1fa786fc18ee,8,5,3,43,1,1768971512,2026-01-21 00:01:16
66dc73b0-0aca-11e7-82f6-3863bb44ef7c,31,28,3,6,1,1768971515,2026-01-21 00:01:16
b3c8aaaf-6e1c-4f56-9391-b79e883b8009,3,1,2,20,1,1768971515,2026-01-21 00:01:16
66db95e5-0aca-11e7-82f6-3863bb44ef7c,38,16,22,1,1,1768971515,2026-01-21 00:01:16
9789dc0f-1eb6-4830-bda9-1ce5f1413e19,4,4,0,13,1,1768971513,2026-01-21 00:01:16
36ddce8f-bd83-4a05-b601-b526fb4d8628,3,2,1,16,1,1768971514,2026-01-21 00:01:16
cdb6e2aa-4da3-4ed7-9b13-ce626addf6b0,20,9,11,27,1,1768971513,2026-01-21 00:01:16
7dcc5a03-5997-4250-9207-fa8b6f027c86,14,4,10,12,1,1768971520,2026-01-21 00:01:16
66dbe4db-0aca-11e7-82f6-3863bb44ef7c,78,63,15,3,1,1768971521,2026-01-21 00:01:16
c38e2cfc-04e6-419c-8bf8-d8713ccf6ea7,52,8,44,2,1,1768971521,2026-01-21 00:01:16
66dcbefb-0aca-11e7-82f6-3863bb44ef7c,6,2,4,11,1,1768971523,2026-01-21 00:01:16
61be9a4a-737c-413a-9b72-d47b28a366d5,14,7,7,6,1,1768971524,2026-01-21 00:01:16
eb6c2359-4825-4bf4-8f2d-8b6dd2bf4212,32,22,10,4,1,1768971524,2026-01-21 00:01:16
18d980e5-ba08-4bc3-832e-03eb71865768,20,12,8,3,1,1768971524,2026-01-21 00:01:16
3134bce7-0bb9-4a45-9c87-60a8cb681d72,9,5,4,6,1,1768971524,2026-01-21 00:01:16
66db30e0-0aca-11e7-82f6-3863bb44ef7c,1,1,0,88,1,1768971521,2026-01-21 00:01:16
66dded11-0aca-11e7-82f6-3863bb44ef7c,20,1,19,16,1,1768971522,2026-01-21 00:01:16
1835249854657874848,3,1,2,14,1,1768971522,2026-01-21 00:01:16
4e1a13af-1c3b-48f2-8586-5edceea97d61,1,1,0,17,1,1768971523,2026-01-21 00:01:16
66de2201-0aca-11e7-82f6-3863bb44ef7c,14,12,2,19,1,1768971523,2026-01-21 00:01:16
6bc5598a-9eb8-44d2-adc0-d93b93af1924,17,5,12,0,1,1768971523,2026-01-21 00:01:16
08b9c491-a589-4e75-996c-2455c26fb356,2,1,1,17,1,1768971524,2026-01-21 00:01:16
672d71ab-2c23-4bd2-9ed2-34e54aa4b5b5,5,4,1,10,1,1768971525,2026-01-21 00:01:16
21361381-fd4a-44a4-bfa7-61f075192ce9,7,6,1,17,1,1768971529,2026-01-21 00:01:16
1843486301383097150,4,2,2,19,1,1768971529,2026-01-21 00:01:16
1875413335585534272,2,0,2,19,1,1768971531,2026-01-21 00:01:16
91ca68bd-5ac1-470b-a26d-1ec98ea9cca4,13,1,12,11,1,1768971531,2026-01-21 00:01:16
0f9423bd-98dd-4919-b6e3-28880ff7ecca,4,3,1,14,1,1768971532,2026-01-21 00:01:16
66db6aae-0aca-11e7-82f6-3863bb44ef7c,27,18,9,56,1,1768971526,2026-01-21 00:01:16
16280b32-7e5b-4a18-930b-212eac10faaa,1,0,1,19,1,1768971528,2026-01-21 00:01:16
8dc8c0b3-4d70-40fe-a75a-86e30ecb676b,16,2,14,1,1,1768971528,2026-01-21 00:01:16
a6287af0-9a9e-4708-b61f-8e758be4b914,13,7,6,6,1,1768971530,2026-01-21 00:01:16
348c5e65-cbc3-4da6-9856-fc253a0ba546,13,12,1,38,1,1768971530,2026-01-21 00:01:16
141ba25c-f4ea-4cec-ae7e-022401e23087,3,2,1,11,1,1768971530,2026-01-21 00:01:16
9341ee1c-d456-4858-a451-70cbbd73d084,8,3,5,19,1,1768971530,2026-01-21 00:01:16
66dde079-0aca-11e7-82f6-3863bb44ef7c,9,6,3,30,1,1768971531,2026-01-21 00:01:16
66f68197-4897-4576-896a-48e0312104c5,5,3,2,21,1,1768971525,2026-01-21 00:01:16
ecb2eebe-67c0-43b8-baae-71abb1a0ec6a,0,0,0,22,1,1768971525,2026-01-21 00:01:16
1ec7ef9f-ab60-4a64-821d-883ba547273a,1,1,0,15,1,1768971557,2026-01-21 00:01:16
66dd40dd-0aca-11e7-82f6-3863bb44ef7c,12,10,2,19,1,1768971555,2026-01-21 00:01:16
1947313784686131504,11,0,11,7,1,1768971555,2026-01-21 00:01:16
2e74ea1d-02a0-47bf-9665-dce2d65de8d7,19,8,11,27,1,1768971555,2026-01-21 00:01:16
6a671276-d345-4a4c-a7df-98f5dbb19e4c,6,5,1,14,1,1768971555,2026-01-21 00:01:16
66dcf897-0aca-11e7-82f6-3863bb44ef7c,4,3,1,24,1,1768971555,2026-01-21 00:01:16
5adcaaaf-5386-441d-827c-8d65c4f4405e,1,1,0,20,1,1768971554,2026-01-21 00:01:16
2af3ecc3-4f43-468a-a7cc-bb4804ee3e7a,16,11,5,36,1,1768971554,2026-01-21 00:01:16
66de20c8-0aca-11e7-82f6-3863bb44ef7c,11,10,1,17,1,1768971555,2026-01-21 00:01:16
1861682960046954694,20,17,3,3,1,1768971552,2026-01-21 00:01:16
2053884382031338034,12,3,9,32,1,1768971553,2026-01-21 00:01:16
d5ca6311-7471-480f-9c79-38baaafe34ba,17,15,2,11,1,1768971553,2026-01-21 00:01:16
66ddb595-0aca-11e7-82f6-3863bb44ef7c,5,2,3,12,1,1768971556,2026-01-21 00:01:16
1836581714456697424,8,1,7,15,1,1768971557,2026-01-21 00:01:16
66dd4981-0aca-11e7-82f6-3863bb44ef7c,17,4,13,8,1,1768971556,2026-01-21 00:01:16
66de1af4-0aca-11e7-82f6-3863bb44ef7c,9,6,3,25,1,1768971556,2026-01-21 00:01:16
66de5a47-0aca-11e7-82f6-3863bb44ef7c,20,8,12,12,1,1768971555,2026-01-21 00:01:16
e35494b4-5811-4d2a-87de-4430e56bce2d,1,1,0,18,1,1768971556,2026-01-21 00:01:16
1828966882896859944,0,0,0,17,1,1768971558,2026-01-21 00:01:16
de449a58-0edf-4d36-91b4-4b313576e945,11,3,8,6,1,1768971557,2026-01-21 00:01:16
42bf7170-61ab-44a0-aafe-1b89d7271718,16,10,6,13,1,1768971560,2026-01-21 00:01:16
66dd42eb-0aca-11e7-82f6-3863bb44ef7c,0,0,0,60,1,1768971560,2026-01-21 00:01:16
b1f67e5c-7c26-4bf3-a90e-1500a3160d60,5,0,5,18,1,1768971560,2026-01-21 00:01:16
1820420129807491554,15,1,14,3,1,1768971560,2026-01-21 00:01:16
af626e61-9f83-4602-a9b1-038b1c1430e6,14,2,12,2,1,1768971560,2026-01-21 00:01:16
3bf91ca1-14fd-4e51-858e-36a203f1af2a,2,2,0,15,1,1768971561,2026-01-21 00:01:16
1834145064843958330,16,4,12,4,1,1768971561,2026-01-21 00:01:16
6067af3d-f7ed-4149-a394-2fc2eb295872,50,13,37,7,1,1768971558,2026-01-21 00:01:16
66dcc65c-0aca-11e7-82f6-3863bb44ef7c,8,6,2,7,1,1768971558,2026-01-21 00:01:16
66db3cab-0aca-11e7-82f6-3863bb44ef7c,23,10,13,7,1,1768971559,2026-01-21 00:01:16
1794096976946852066,38,35,3,26,1,1768971559,2026-01-21 00:01:16
1846086768160082632,22,0,22,2,1,1768971559,2026-01-21 00:01:16
66dbc8f5-0aca-11e7-82f6-3863bb44ef7c,60,47,13,8,1,1768971557,2026-01-21 00:01:16
74a1dc19-f894-4246-99f1-476a92452995,4,2,2,21,1,1768971561,2026-01-21 00:01:16
2133952475068346460,38,4,33,15,1,1768971563,2026-01-21 00:01:16
581d8683-c217-4f96-89cb-b5a94d780b83,1,1,0,75,1,1768971561,2026-01-21 00:01:16
1869754328201607270,3,0,3,13,1,1768971576,2026-01-21 00:01:16
e7739b9e-7cc6-4cbb-98d3-669b8e2ae98b,5,0,5,16,1,1768971576,2026-01-21 00:01:16
1786698158713921798,22,1,21,18,1,1768971576,2026-01-21 00:01:16
8a24490d-d5c5-4bac-9e36-56967834fc10,0,0,0,20,1,1768971576,2026-01-21 00:01:16
84b30f68-5404-453a-ae86-a2baff03a2c9,2,0,2,14,1,1768971576,2026-01-21 00:01:16
10c13fe2-34cb-4aff-bea1-4f5ce877769b,9,5,4,6,1,1768971577,2026-01-21 00:01:16
c1c33a35-751f-4dd6-baef-82db46f7ab46,9,3,6,22,1,1768971577,2026-01-21 00:01:16
66de07ec-0aca-11e7-82f6-3863bb44ef7c,21,1,20,4,1,1768971577,2026-01-21 00:01:16
88bf1344-354f-4699-bdbd-1c2584fc41ee,30,4,26,5,1,1768971577,2026-01-21 00:01:16
aa8270ec-4441-47d2-854b-5852e65fae66,2,0,2,16,1,1768971577,2026-01-21 00:01:16
1860187692409078310,5,0,5,17,1,1768971576,2026-01-21 00:01:16
1882735162923150168,23,5,18,1,1,1768971577,2026-01-21 00:01:16
66db4158-0aca-11e7-82f6-3863bb44ef7c,26,22,4,9,1,1768971577,2026-01-21 00:01:16
db02e1ea-acc1-4f45-8e3c-d37468b0b5a6,0,0,0,18,1,1768971579,2026-01-21 00:01:16
2c2cdc55-52a3-4140-b4d3-8409a98f130f,9,5,4,16,1,1768971579,2026-01-21 00:01:16
66dbf442-0aca-11e7-82f6-3863bb44ef7c,25,17,8,53,1,1768971579,2026-01-21 00:01:16
30d6520e-b612-4240-a9ff-eec12b02b263,7,4,3,11,1,1768971579,2026-01-21 00:01:16
9459fca8-b044-4ed1-8f2c-c5db11ba868f,9,2,7,19,1,1768971579,2026-01-21 00:01:16
0183d7d4-9e11-4429-94db-666a31239871,16,3,13,9,1,1768971580,2026-01-21 00:01:16
8cb0375d-bcb2-4c90-9773-41c3c8fdf8d8,19,9,10,62,1,1768971578,2026-01-21 00:01:16
943be327-0320-4ae1-8eb0-8a56f86a4fb6,8,4,4,16,1,1768971578,2026-01-21 00:01:16
66dd1ad8-0aca-11e7-82f6-3863bb44ef7c,17,1,16,6,1,1768971577,2026-01-21 00:01:16
66db2953-0aca-11e7-82f6-3863bb44ef7c,46,4,42,3,1,1768971578,2026-01-21 00:01:16
1c82b223-42ba-4d15-8e8a-bd8ae2a57cde,5,2,3,11,1,1768971578,2026-01-21 00:01:16
bf093f72-1d8d-44ae-91b5-e36958a27976,4,0,4,16,1,1768971578,2026-01-21 00:01:16
16cbe771-8fca-4437-b9d2-374e00da6c3a,11,2,9,10,1,1768971579,2026-01-21 00:01:16
2126622876727162948,6,1,5,3,1,1768971577,2026-01-21 00:01:16
66dcbb2c-0aca-11e7-82f6-3863bb44ef7c,11,3,8,16,1,1768971577,2026-01-21 00:01:16
66dde559-0aca-11e7-82f6-3863bb44ef7c,27,27,0,6,1,1768971578,2026-01-21 00:01:16
1846449740982645546,15,0,15,4,1,1768971575,2026-01-21 00:01:16
66dbe250-0aca-11e7-82f6-3863bb44ef7c,2,1,1,15,1,1768971575,2026-01-21 00:01:16
96a4da57-107a-43d1-8828-4749d5555461,9,0,9,21,1,1768971581,2026-01-21 00:01:16
66de56e5-0aca-11e7-82f6-3863bb44ef7c,21,2,19,3,1,1768971575,2026-01-21 00:01:16
1823008917260927616,17,5,12,7,1,1768971575,2026-01-21 00:01:16
66de5d57-0aca-11e7-82f6-3863bb44ef7c,0,0,0,21,1,1768971575,2026-01-21 00:01:16
66db8fde-0aca-11e7-82f6-3863bb44ef7c,40,21,19,11,1,1768971575,2026-01-21 00:01:16
66dc8c90-0aca-11e7-82f6-3863bb44ef7c,7,3,4,17,1,1768971580,2026-01-21 00:01:16
98af0e1d-ea33-4c6e-95fe-97846e81081e,14,12,2,6,1,1768971580,2026-01-21 00:01:16
95a52ce4-3597-47d1-8d6f-427cb3b8ca6a,1,0,1,22,1,1768971581,2026-01-21 00:01:16
ad037fe2-4a28-4b55-863c-229aada0b43a,6,0,6,13,1,1768971584,2026-01-21 00:01:16
b5010362-af16-4357-8fb7-5958576954c0,9,1,8,19,1,1768971584,2026-01-21 00:01:16
30a75e12-5327-48f0-8155-3925aa934054,6,6,0,12,1,1768971585,2026-01-21 00:01:16
8f9ce302-2a6d-443c-8fe0-625b20021ea2,11,3,8,13,1,1768971585,2026-01-21 00:01:16
4cd5a87d-7618-4a15-892d-8cf29eec865c,17,4,13,1,1,1768971585,2026-01-21 00:01:16
66dba0ba-0aca-11e7-82f6-3863bb44ef7c,13,4,9,26,1,1768971585,2026-01-21 00:01:16
66dc4bd9-0aca-11e7-82f6-3863bb44ef7c,70,52,18,24,1,1768971584,2026-01-21 00:01:16
5b0b689f-9bd2-4743-b4cc-d4629a9a709b,18,3,15,4,1,1768971585,2026-01-21 00:01:16
9e9acfaf-0bbf-4bc2-a825-b2befb6bee55,22,14,8,6,1,1768971585,2026-01-21 00:01:16
fbee1143-e93f-418d-b6bc-8fde4a9a8746,15,8,7,33,1,1768971585,2026-01-21 00:01:16
026fd07d-d810-45dc-9237-a3d84dce4fa9,11,2,9,11,1,1768971583,2026-01-21 00:01:16
1900647078394106472,5,1,4,12,1,1768971584,2026-01-21 00:01:16
de0c1800-f7cc-41b4-ab7a-c9d219180d06,3,0,3,57,1,1768971584,2026-01-21 00:01:16
1860187301567054286,6,4,2,11,1,1768971584,2026-01-21 00:01:16
26568d39-db49-4354-a5c1-c81a3c856285,6,0,6,11,1,1768971581,2026-01-21 00:01:16
ab79da3d-f92a-42de-a76d-e05b5d7e724c,0,0,0,14,1,1768971581,2026-01-21 00:01:16
c0b541ae-9e66-4739-babb-483180747dc2,4,2,2,13,1,1768971581,2026-01-21 00:01:16
66dc86d9-0aca-11e7-82f6-3863bb44ef7c,48,1,47,16,1,1768971581,2026-01-21 00:01:16
39112ced-337f-4b71-9df6-291cd4265cc9,21,2,19,1,1,1768971581,2026-01-21 00:01:16
1851955603137491568,29,1,28,1,1,1768971581,2026-01-21 00:01:16
66de47bf-0aca-11e7-82f6-3863bb44ef7c,14,6,8,2,1,1768971582,2026-01-21 00:01:16
2122552934440059494,3,1,2,13,1,1768971582,2026-01-21 00:01:16
1877651952425321214,7,0,7,10,1,1768971582,2026-01-21 00:01:16
403c310e-26d5-4db5-9928-13c38b25053d,1,1,0,22,1,1768971585,2026-01-21 00:01:16
66dd25e0-0aca-11e7-82f6-3863bb44ef7c,17,7,10,2,1,1768971586,2026-01-21 00:01:16
e15a5c77-70b0-4b9d-9eae-f10ddda7d994,0,0,0,22,1,1768971586,2026-01-21 00:01:16
66db237e-0aca-11e7-82f6-3863bb44ef7c,20,9,11,34,1,1768971586,2026-01-21 00:01:16
dd8627c8-4190-4a30-8758-e77a7b010437,9,4,5,38,1,1768971586,2026-01-21 00:01:16
d5788cfa-817e-4b65-b43f-edda222a3c3c,13,9,4,11,1,1768971586,2026-01-21 00:01:16
557f8d40-dec1-4c61-bd03-a0d1a6ea0e4b,24,11,13,4,1,1768971586,2026-01-21 00:01:16
66dca6f4-0aca-11e7-82f6-3863bb44ef7c,6,5,1,27,1,1768971585,2026-01-21 00:01:16
ab40ffde-f331-4194-adab-cb8c60b63f28,6,4,2,19,1,1768971589,2026-01-21 00:01:16
4223f276-a4d4-45e0-b914-67f5ef1e81ba,3,1,2,20,1,1768971589,2026-01-21 00:01:16
a1cf7115-8e38-4300-aac8-3a2fddca0e23,20,7,13,13,1,1768971589,2026-01-21 00:01:16
66dc36c3-0aca-11e7-82f6-3863bb44ef7c,50,9,41,30,1,1768971589,2026-01-21 00:01:16
66de2131-0aca-11e7-82f6-3863bb44ef7c,18,16,2,19,1,1768971589,2026-01-21 00:01:16
97bcf094-ad77-4743-9c94-832c7300c090,4,1,3,12,1,1768971587,2026-01-21 00:01:16
66dcec6b-0aca-11e7-82f6-3863bb44ef7c,10,9,1,26,1,1768971587,2026-01-21 00:01:16
05c5e17c-7aa9-49b7-9da3-9db4858ec1fc,25,20,5,1,1,1768971587,2026-01-21 00:01:16
16e17ca1-b2dc-47d0-8c8b-199cb4736fe7,9,5,4,10,1,1768971587,2026-01-21 00:01:16
d56a8542-048a-4aca-ac7f-f27a9e6c908b,12,3,9,14,1,1768971588,2026-01-21 00:01:16
2123940513700131194,9,6,3,6,1,1768971588,2026-01-21 00:01:16
56e18295-f760-4bf3-8aa3-5a1e4ebf606f,7,2,5,13,1,1768971588,2026-01-21 00:01:16
66db9845-0aca-11e7-82f6-3863bb44ef7c,47,39,8,8,1,1768971588,2026-01-21 00:01:16
9e99abca-c679-4788-9a4e-39066660bd6a,8,4,4,9,1,1768971589,2026-01-21 00:01:16
66db3a1e-0aca-11e7-82f6-3863bb44ef7c,8,8,0,12,1,1768971588,2026-01-21 00:01:16
1828968994833044184,8,0,8,11,1,1768971592,2026-01-21 00:01:16
09a0c507-7cda-4f3f-9988-78de0baa28e4,5,2,3,14,1,1768971593,2026-01-21 00:01:16
89171660-8cef-443f-8f75-67503532d1ce,12,2,10,6,1,1768971592,2026-01-21 00:01:16
1835246815877178358,10,3,7,10,1,1768971592,2026-01-21 00:01:16
c702c094-b08f-449d-a41d-b3724f147491,2,2,0,19,1,1768971591,2026-01-21 00:01:16
653ba606-f397-41e6-adc4-f775bf2d0c9f,12,0,12,10,1,1768971591,2026-01-21 00:01:16
66de1f17-0aca-11e7-82f6-3863bb44ef7c,31,30,1,3,1,1768971591,2026-01-21 00:01:16
1960020540642077008,25,20,5,23,1,1768971591,2026-01-21 00:01:16
d473f31f-68f2-4777-a364-ed127db04345,8,2,6,8,1,1768971591,2026-01-21 00:01:16
acfeadeb-73bb-4ec3-b809-78675b01af74,5,4,1,15,1,1768971590,2026-01-21 00:01:16
1975518396279321266,41,35,6,32,1,1768971590,2026-01-21 00:01:16
490ca6cc-c2a2-4838-acf0-4704ed60dc51,22,19,3,27,1,1768971590,2026-01-21 00:01:16
66de06ef-0aca-11e7-82f6-3863bb44ef7c,19,2,17,5,1,1768971590,2026-01-21 00:01:16
6853d09a-cbd8-4378-bc23-02e8bba0b4da,3,1,2,19,1,1768971590,2026-01-21 00:01:16
72796825-88b1-43a0-bb6d-2b41d337b1fc,28,15,13,2,1,1768971590,2026-01-21 00:01:16
66dd4de9-0aca-11e7-82f6-3863bb44ef7c,0,0,0,52,1,1768971591,2026-01-21 00:01:16
9157a3bc-43fa-4221-8bb8-17273fc09540,17,8,9,7,1,1768971591,2026-01-21 00:01:16
66db6e49-0aca-11e7-82f6-3863bb44ef7c,3,1,2,42,1,1768971591,2026-01-21 00:01:16
77a498ea-5693-46cc-a4b1-6e428f574797,16,0,16,8,1,1768971587,2026-01-21 00:01:16
1d977221-b2b5-4fa2-bba0-b00136834fb3,4,0,4,14,1,1768971593,2026-01-21 00:01:16
b1f3eb8c-07f9-479f-a8ab-f04e094bc7d0,9,3,6,11,1,1768971594,2026-01-21 00:01:16
cae4f2f4-9642-474c-95cc-6cc07592f120,1,1,0,33,1,1768971594,2026-01-21 00:01:16
1882736039096477712,29,22,6,9,1,1768971594,2026-01-21 00:01:16
2121033124458338894,9,1,8,4,1,1768971594,2026-01-21 00:01:16
17aeb1e3-fd18-4cf9-9473-17dfa5b0a312,14,12,2,9,1,1768971594,2026-01-21 00:01:16
4dde902d-512c-4e9e-8899-a68424ed87c0,11,1,10,22,1,1768971595,2026-01-21 00:01:16
66dd470b-0aca-11e7-82f6-3863bb44ef7c,9,6,3,35,1,1768971594,2026-01-21 00:01:16
1838617691511229014,6,6,0,17,1,1768971595,2026-01-21 00:01:16
016ee47a-4871-4209-91cb-bf3ceeddc991,8,5,3,10,1,1768971595,2026-01-21 00:01:16
17c45d34-0d8d-46ba-9078-e9a2a7c5867c,1,1,0,29,1,1768971595,2026-01-21 00:01:16
2c366f4b-8319-41bf-ab8e-2fba3a952feb,7,7,0,43,1,1768971595,2026-01-21 00:01:16
dba67615-a7e0-4c44-ab1b-b464033ec9b9,16,7,9,3,1,1768971596,2026-01-21 00:01:16
062f0ac2-b3b6-4c15-b470-92ce9b592635,14,4,10,5,1,1768971596,2026-01-21 00:01:16
66dcca76-0aca-11e7-82f6-3863bb44ef7c,0,0,0,22,1,1768971596,2026-01-21 00:01:16
0f51cb84-e386-44ac-947f-a969f7617d17,17,4,13,6,1,1768971596,2026-01-21 00:01:16
66de4408-0aca-11e7-82f6-3863bb44ef7c,11,5,6,11,1,1768971596,2026-01-21 00:01:16
1823008749757202820,14,1,13,8,1,1768971596,2026-01-21 00:01:16
66ddb41c-0aca-11e7-82f6-3863bb44ef7c,35,24,11,0,1,1768971596,2026-01-21 00:01:16
66dd52c8-0aca-11e7-82f6-3863bb44ef7c,11,11,0,28,1,1768971597,2026-01-21 00:01:16
66db6387-0aca-11e7-82f6-3863bb44ef7c,90,67,23,20,1,1768971597,2026-01-21 00:01:16
66dc28bd-0aca-11e7-82f6-3863bb44ef7c,0,0,0,56,1,1768971597,2026-01-21 00:01:16
d873e463-2dc9-4bf8-86c7-fea8ddaa3a9f,2,2,0,14,1,1768971598,2026-01-21 00:01:16
2170352212111402482,31,16,15,41,1,1768971597,2026-01-21 00:01:16
9dde927d-9984-4f97-bcd0-fbcb59e6ca66,12,2,10,6,1,1768971598,2026-01-21 00:01:16
66de1a8a-0aca-11e7-82f6-3863bb44ef7c,14,11,3,11,1,1768971598,2026-01-21 00:01:16
7efcb97f-6c8f-4445-86a9-3f758a822f17,20,20,0,21,1,1768971598,2026-01-21 00:01:16
0096fecb-3a56-4585-9204-aa9554f7bc49,23,15,8,21,1,1768971598,2026-01-21 00:01:16
1286480d-5d6d-4a47-9fac-e156dba2b6fc,31,16,15,26,1,1768971598,2026-01-21 00:01:16
78ec2f0d-c309-46d4-8808-7eb1a0674e38,9,9,0,20,1,1768971598,2026-01-21 00:01:16
1835250080052323168,0,0,0,0,0,86400,2026-01-21 00:01:16
2171903032377767128,0,0,0,0,0,86400,2026-01-21 00:01:16
2171903385631266470,0,0,0,0,0,86400,2026-01-21 00:01:16
2171903970740122034,0,0,0,0,0,86400,2026-01-21 00:01:16
2171902607371571344,0,0,0,0,0,86400,2026-01-21 00:01:16
66db3816-0aca-11e7-82f6-3863bb44ef7c,35,11,24,5,1,1768971478,2026-01-21 00:01:16
66dc4fb5-0aca-11e7-82f6-3863bb44ef7c,41,29,12,1,1,1768971479,2026-01-21 00:01:16
66de1a1f-0aca-11e7-82f6-3863bb44ef7c,10,8,2,24,1,1768971477,2026-01-21 00:01:16
4bc6f4d0-edd5-4eb0-a704-f7ce0d693aac,0,0,0,21,1,1768971477,2026-01-21 00:01:16
5b4a4b20-539b-47c1-9228-1f1f124b3ec9,11,1,10,10,1,1768971480,2026-01-21 00:01:16
9206af28-03bf-43e3-a8b0-354792921466,10,3,7,10,1,1768971480,2026-01-21 00:01:16
1828966747840428256,3,0,3,14,1,1768971479,2026-01-21 00:01:16
66dc7e75-0aca-11e7-82f6-3863bb44ef7c,5,3,2,62,1,1768971484,2026-01-21 00:01:16
1846086562569586930,13,3,10,5,1,1768971484,2026-01-21 00:01:16
1860189075388547142,2,1,1,18,1,1768971484,2026-01-21 00:01:16
c229f0ca-bdd1-4aa0-8906-a3e809e12889,4,0,4,17,1,1768971485,2026-01-21 00:01:16
ee1d39c5-47c8-4527-9456-3719c50b7be5,15,4,11,2,1,1768971481,2026-01-21 00:01:16
d5cb6e67-addb-46d4-93e7-832371736d45,25,1,24,6,1,1768971481,2026-01-21 00:01:16
c4377169-c19e-47e1-90a4-c4e14bb41601,5,2,3,16,1,1768971481,2026-01-21 00:01:16
c9e76fa9-54e2-4161-9798-4787bf04217a,11,2,9,8,1,1768971481,2026-01-21 00:01:16
9d56294e-61fc-4176-bb9c-4692f45bb374,16,3,13,6,1,1768971483,2026-01-21 00:01:16
66dd1eb2-0aca-11e7-82f6-3863bb44ef7c,30,22,8,0,1,1768971483,2026-01-21 00:01:16
1857515306802639416,22,2,20,1,1,1768971482,2026-01-21 00:01:16
66dbcb2f-0aca-11e7-82f6-3863bb44ef7c,30,30,0,26,1,1768971487,2026-01-21 00:01:16
66dbc7d2-0aca-11e7-82f6-3863bb44ef7c,13,6,7,17,1,1768971486,2026-01-21 00:01:16
66dd2292-0aca-11e7-82f6-3863bb44ef7c,1,0,1,44,1,1768971486,2026-01-21 00:01:16
70634bc4-4d90-42d4-8f6a-3f29fa8f7f77,8,4,4,26,1,1768971485,2026-01-21 00:01:16
66dc7802-0aca-11e7-82f6-3863bb44ef7c,15,13,2,37,1,1768971489,2026-01-21 00:01:16
36d80620-9774-487e-8eb0-cf5f18a39321,2,2,0,26,1,1768971487,2026-01-21 00:01:16
0e240143-2f86-4754-8345-4994750d99f1,13,3,10,5,1,1768971487,2026-01-21 00:01:16
2126965369631090816,8,3,5,7,1,1768971492,2026-01-21 00:01:16
034f7f3d-e632-475a-aa01-894480d153df,8,5,3,11,1,1768971492,2026-01-21 00:01:16
1835247598942507168,2,0,2,16,1,1768971490,2026-01-21 00:01:16
1945126022626996350,5,0,5,20,1,1768971491,2026-01-21 00:01:16
4cfd4097-0aee-4f11-9aea-55f99397bf33,8,7,1,10,1,1768971491,2026-01-21 00:01:16
1967778612889039234,7,1,6,28,1,1768971489,2026-01-21 00:01:16
00d94dfc-3695-47e1-aba6-7f319dd2eb08,2,0,2,20,1,1768971488,2026-01-21 00:01:16
398ebef6-dcc2-4305-b1d2-47efafdaa85c,2,2,0,18,1,1768971488,2026-01-21 00:01:16
1828966227118051662,18,2,16,1,1,1768971489,2026-01-21 00:01:16
266c8621-fdea-4a7e-9d35-18ca1684d526,8,4,4,13,1,1768971496,2026-01-21 00:01:16
081d243e-d75e-4e2a-bdae-a990b2397532,10,6,4,12,1,1768971495,2026-01-21 00:01:16
d7c56fef-1bf9-4315-85af-8638c534b402,17,16,1,20,1,1768971495,2026-01-21 00:01:16
814dd1a9-100c-4b1b-8110-6319bbd464e9,4,4,0,16,1,1768971498,2026-01-21 00:01:16
1dba415a-2c46-419e-838d-7e068b8d7d6f,9,0,9,12,1,1768971497,2026-01-21 00:01:16
60c5a043-1367-4a27-96ee-394ba60e2154,20,16,4,8,1,1768971498,2026-01-21 00:01:16
1856767361963389606,17,0,17,0,1,1768971496,2026-01-21 00:01:16
5d101095-011e-4541-ae64-bed8b52807b3,11,9,2,10,1,1768971496,2026-01-21 00:01:16
186092d1-a431-45db-8198-d5ba13334d79,16,3,13,4,1,1768971506,2026-01-21 00:01:16
b1cdec34-d4f9-4313-be82-729bb9f7bb18,9,1,8,11,1,1768971507,2026-01-21 00:01:16
5782a158-b596-4936-a451-32ccc131a57d,4,2,2,15,1,1768971507,2026-01-21 00:01:16
72719900-dd61-40bd-9f4a-40d70c47590c,9,5,4,18,1,1768971509,2026-01-21 00:01:16
23539f3b-fb83-4f34-b8b8-9f1f37b5e646,17,2,15,16,1,1768971509,2026-01-21 00:01:16
1815968345907104578,17,0,17,10,1,1768971509,2026-01-21 00:01:16
d4c34830-972f-4cd1-81bb-071df209d065,4,2,2,13,1,1768971509,2026-01-21 00:01:16
1862787688044743624,16,2,14,3,1,1768971509,2026-01-21 00:01:16
1885440410432338078,1,0,1,21,1,1768971507,2026-01-21 00:01:16
0cb63737-64c9-42a9-9479-280d49ed015a,9,2,7,14,1,1768971508,2026-01-21 00:01:16
66dc11a7-0aca-11e7-82f6-3863bb44ef7c,78,56,22,5,1,1768971505,2026-01-21 00:01:16
1786696780996714874,17,8,9,11,1,1768971505,2026-01-21 00:01:16
2ec2f95c-675c-4c59-856f-1fb38df59fa2,1,1,0,17,1,1768971505,2026-01-21 00:01:16
66dca5f3-0aca-11e7-82f6-3863bb44ef7c,9,6,3,37,1,1768971509,2026-01-21 00:01:16
66db5d92-0aca-11e7-82f6-3863bb44ef7c,17,13,4,2,1,1768971509,2026-01-21 00:01:16
ba7bf20d-b6bc-43dd-bf30-acb940eaeec8,3,1,2,13,1,1768971519,2026-01-21 00:01:16
3d340fc5-8c86-4d5e-974d-ae28958e61e8,11,9,2,43,1,1768971520,2026-01-21 00:01:16
2ad41c1f-5636-4a63-ad52-761e2613061a,0,0,0,19,1,1768971520,2026-01-21 00:01:16
66de0c43-0aca-11e7-82f6-3863bb44ef7c,25,1,24,1,1,1768971520,2026-01-21 00:01:16
66db3898-0aca-11e7-82f6-3863bb44ef7c,11,9,2,20,1,1768971518,2026-01-21 00:01:16
fe6f022b-7fdb-44fe-80bb-cbfc500959bf,4,1,3,17,1,1768971518,2026-01-21 00:01:16
d29ea280-8b64-4a35-b12b-245525ae2a3a,25,16,9,27,1,1768971519,2026-01-21 00:01:16
1828967208126648828,9,4,5,9,1,1768971517,2026-01-21 00:01:16
66dcb9f7-0aca-11e7-82f6-3863bb44ef7c,5,0,5,18,1,1768971518,2026-01-21 00:01:16
c0ce2a38-04f5-4333-8818-2a3faa84f214,27,6,21,0,1,1768971518,2026-01-21 00:01:16
1849009794224623642,16,0,16,0,1,1768971515,2026-01-21 00:01:16
014a931b-8e1c-438a-8a22-f267ddd1e0d2,30,7,23,13,1,1768971516,2026-01-21 00:01:16
5b4a90b8-426d-4a40-a7ca-87e51d690883,20,19,1,17,1,1768971516,2026-01-21 00:01:16
66dd3cb4-0aca-11e7-82f6-3863bb44ef7c,0,0,0,2,0,1768962787,2026-01-21 00:01:16
bcd3ee0f-21d7-4cc8-ac45-ccea48b6fc1b,10,6,4,12,1,1768971504,2026-01-21 00:01:16
eab2749b-2f79-4797-a0a6-0579b27e6929,16,1,15,22,1,1768971500,2026-01-21 00:01:16
66dcecfa-0aca-11e7-82f6-3863bb44ef7c,11,10,1,19,1,1768971501,2026-01-21 00:01:16
1828968327357059242,2,1,1,19,1,1768971499,2026-01-21 00:01:16
8c2ed08f-1660-4db8-9168-4709427c23ed,10,3,7,7,1,1768971499,2026-01-21 00:01:16
3a51a25f-3e9b-4aea-84ee-39e9a3acc7fd,11,1,10,12,1,1768971499,2026-01-21 00:01:16
66de4897-0aca-11e7-82f6-3863bb44ef7c,18,0,18,1,1,1768971499,2026-01-21 00:01:16
66dc4334-0aca-11e7-82f6-3863bb44ef7c,21,14,7,1,1,1768971503,2026-01-21 00:01:16
89ff4db3-8a29-4565-a366-6fea4b3afc39,13,4,9,6,1,1768971503,2026-01-21 00:01:16
66dbf215-0aca-11e7-82f6-3863bb44ef7c,20,3,17,25,1,1768971510,2026-01-21 00:01:16
7cd61426-ed98-434e-9235-56ed856fead6,11,6,5,10,1,1768971511,2026-01-21 00:01:16
a7a175ff-8ffb-477c-a40b-6d47ce92305d,15,5,10,6,1,1768971511,2026-01-21 00:01:16
ee1ba75f-baf5-4852-929c-8b7ad310f55a,14,10,4,10,1,1768971511,2026-01-21 00:01:16
a7c09fde-76e8-4a56-b61d-8ca940432efd,1,1,0,22,1,1768971511,2026-01-21 00:01:16
6dec8948-44c7-4085-9682-446a891feb42,14,1,13,2,1,1768971510,2026-01-21 00:01:16
66de0dfd-0aca-11e7-82f6-3863bb44ef7c,28,25,3,10,1,1768971510,2026-01-21 00:01:16
16c54bf4-194b-4f26-9c49-a42901b4748d,2,1,1,19,1,1768971510,2026-01-21 00:01:16
2fe3e166-2d2f-41c8-b522-fdf8ee3ae16f,7,4,3,12,1,1768971510,2026-01-21 00:01:16
bda1fab4-5065-42df-a8ff-514e6064ab6e,20,1,19,0,1,1768971510,2026-01-21 00:01:16
c8197f4b-02b0-4cc3-96af-df5fec27a279,2,1,1,13,1,1768971510,2026-01-21 00:01:16
36aaebb9-ef10-41a5-b20b-753bf8a3fed8,2,1,1,15,1,1768971510,2026-01-21 00:01:16
7a8bf573-275f-41d5-ad8b-1ff9ee7c2dce,11,4,7,13,1,1768971514,2026-01-21 00:01:16
1835244925191295588,2,2,0,19,1,1768971515,2026-01-21 00:01:16
89d4a926-f1ae-4bf2-bf2d-59cff3881579,72,7,65,0,1,1768971512,2026-01-21 00:01:16
1849010295160437584,15,7,8,0,1,1768971512,2026-01-21 00:01:16
c1e24edf-7192-433f-8d38-be5b6b3647c5,2,2,0,27,1,1768971513,2026-01-21 00:01:16
1835249197527877718,0,0,0,18,1,1768971523,2026-01-21 00:01:16
8ea3301f-6940-4e0f-80f0-7a3e54b2eaa5,3,3,0,14,1,1768971523,2026-01-21 00:01:16
454fe70c-1d53-4af2-a9ea-1d4bd9f59799,2,1,1,17,1,1768971522,2026-01-21 00:01:16
66dcc920-0aca-11e7-82f6-3863bb44ef7c,3,1,2,15,1,1768971522,2026-01-21 00:01:16
16836c76-c412-4ec3-bac8-3c6a5a3d9745,4,2,2,14,1,1768971522,2026-01-21 00:01:16
7c42f9fc-d280-4841-ad96-e3cc53ee3759,15,3,12,7,1,1768971525,2026-01-21 00:01:16
46bdd925-fb6c-4654-85d8-e0db4da62abf,23,8,15,13,1,1768971525,2026-01-21 00:01:16
971cddfa-695e-4b44-ba8b-26154ab4a83b,6,5,1,11,1,1768971525,2026-01-21 00:01:16
66db5f40-0aca-11e7-82f6-3863bb44ef7c,34,27,7,5,1,1768971525,2026-01-21 00:01:16
5a5a38d1-f28d-4e51-bf85-27bb384135c7,29,0,29,3,1,1768971525,2026-01-21 00:01:16
66dbecd0-0aca-11e7-82f6-3863bb44ef7c,27,17,10,19,1,1768971525,2026-01-21 00:01:16
66dcba5e-0aca-11e7-82f6-3863bb44ef7c,2,0,2,16,1,1768971526,2026-01-21 00:01:16
1828969634783171152,19,3,16,0,1,1768971526,2026-01-21 00:01:16
66dde271-0aca-11e7-82f6-3863bb44ef7c,20,8,12,24,1,1768971526,2026-01-21 00:01:16
fcb1c3a3-04b6-45cf-bc9a-deb71198804e,1,1,0,16,1,1768971521,2026-01-21 00:01:16
1879828885264130640,12,5,7,7,1,1768971524,2026-01-21 00:01:16
8ec47777-852d-4059-a5ea-12eef71a9606,36,5,31,0,1,1768971520,2026-01-21 00:01:16
2126624118513887578,9,5,4,5,1,1768971520,2026-01-21 00:01:16
3c73cc9f-3c09-4ac4-a4ea-22b4f027bf23,16,3,13,5,1,1768971521,2026-01-21 00:01:16
32d3adc3-c3dd-4a97-a4db-95d467f3c3aa,0,0,0,31,1,1768971521,2026-01-21 00:01:16
66dbbeda-0aca-11e7-82f6-3863bb44ef7c,26,14,12,51,1,1768971530,2026-01-21 00:01:16
5ffde991-1125-443e-bc97-6827b2b9c97b,14,7,7,8,1,1768971530,2026-01-21 00:01:16
66db460d-0aca-11e7-82f6-3863bb44ef7c,28,0,28,1,1,1768971531,2026-01-21 00:01:16
66dc42a0-0aca-11e7-82f6-3863bb44ef7c,16,8,8,9,1,1768971531,2026-01-21 00:01:16
3edec530-4791-4872-8912-2a2397a903a4,40,19,21,28,1,1768971531,2026-01-21 00:01:16
66dccc99-0aca-11e7-82f6-3863bb44ef7c,7,0,7,23,1,1768971529,2026-01-21 00:01:16
44a43ebf-cacf-4251-9ceb-e1c331ef1673,0,0,0,17,1,1768971530,2026-01-21 00:01:16
1835246516012366338,8,3,5,12,1,1768971532,2026-01-21 00:01:16
66db4417-0aca-11e7-82f6-3863bb44ef7c,51,44,7,3,1,1768971533,2026-01-21 00:01:16
76c1ef9c-3984-4b4e-bff4-5c398e2395bd,14,10,4,9,1,1768971530,2026-01-21 00:01:16
1a92d2d3-ddf1-4f34-b28c-ce7a064b9a3e,8,2,6,12,1,1768971530,2026-01-21 00:01:16
1797078913880883846,2,1,1,16,1,1768971532,2026-01-21 00:01:16
1ecc9936-ee0c-44b2-baa8-237564c8e4fd,43,17,26,1,1,1768971532,2026-01-21 00:01:16
1875395639434791520,0,0,0,18,1,1768971527,2026-01-21 00:01:16
ee70b21e-4a95-4bdf-802c-50f83a76971d,6,4,2,19,1,1768971527,2026-01-21 00:01:16
2163290511399492946,2,1,1,9,1,1768971524,2026-01-21 00:01:16
66dcf922-0aca-11e7-82f6-3863bb44ef7c,18,9,9,11,1,1768971526,2026-01-21 00:01:16
18b19467-28ac-4496-b3e4-f6028b1c5105,6,1,5,22,1,1768971539,2026-01-21 00:01:16
2124425954553309758,11,7,4,1,1,1768971540,2026-01-21 00:01:16
1848242143834868452,14,1,13,2,1,1768971540,2026-01-21 00:01:16
66dc210e-0aca-11e7-82f6-3863bb44ef7c,15,14,1,16,1,1768971540,2026-01-21 00:01:16
8d8a381c-21df-4095-837e-65924d85a06d,2,2,0,18,1,1768971540,2026-01-21 00:01:16
82b97827-1801-4b7b-b3de-16447a8dd025,6,6,0,12,1,1768971544,2026-01-21 00:01:16
13b82a41-c25b-428f-a07b-5f5d8340c6f2,5,4,1,13,1,1768971544,2026-01-21 00:01:16
66db2f4c-0aca-11e7-82f6-3863bb44ef7c,31,20,11,46,1,1768971545,2026-01-21 00:01:16
06109e92-4363-445a-9743-0457f6799530,27,27,0,47,1,1768971544,2026-01-21 00:01:16
1848241879913802606,17,8,9,1,1,1768971544,2026-01-21 00:01:16
c829b6af-002b-4d04-af56-6924d4ad0aa2,1,1,0,26,1,1768971545,2026-01-21 00:01:16
e3470e29-934c-41f1-8fe7-82135ed2d620,2,0,2,55,1,1768971545,2026-01-21 00:01:16
1861681740276243358,11,9,2,9,1,1768971545,2026-01-21 00:01:16
66db90f1-0aca-11e7-82f6-3863bb44ef7c,32,29,3,29,1,1768971545,2026-01-21 00:01:16
981f1311-004f-41c3-ba5b-3679f78aeb70,13,1,12,4,1,1768971545,2026-01-21 00:01:16
66db930d-0aca-11e7-82f6-3863bb44ef7c,17,8,9,9,1,1768971545,2026-01-21 00:01:16
1817432346178415570,9,6,3,11,1,1768971542,2026-01-21 00:01:16
c72970e7-7f1a-4671-bf55-fc34be7c9413,13,3,10,3,1,1768971542,2026-01-21 00:01:16
90fca941-2212-43bf-b104-ce32c4270d4d,1,1,0,18,1,1768971542,2026-01-21 00:01:16
1838999304404452058,16,1,15,4,1,1768971543,2026-01-21 00:01:16
b976906e-81c4-44c5-a160-e17815c0d47b,5,2,3,23,1,1768971546,2026-01-21 00:01:16
d7c12bf1-1ec8-496a-beca-90ba76c53241,6,2,4,11,1,1768971544,2026-01-21 00:01:16
61c82689-3f4c-495d-8f44-e71de8f04088,16,5,11,62,1,1768971540,2026-01-21 00:01:16
b4ae292d-5e89-4c58-8154-0496893394b5,0,0,0,22,1,1768971540,2026-01-21 00:01:16
3d6b7c84-7e5a-454d-aa9d-c66eb92383be,7,4,3,14,1,1768971541,2026-01-21 00:01:16
66dc0f1b-0aca-11e7-82f6-3863bb44ef7c,64,51,13,3,1,1768971541,2026-01-21 00:01:16
74f913d2-6eac-49ce-bd6d-53a06fa855a6,6,3,3,14,1,1768971547,2026-01-21 00:01:16
66dc8025-0aca-11e7-82f6-3863bb44ef7c,66,60,6,16,1,1768971528,2026-01-21 00:01:16
7b0227aa-bbf5-4731-a49a-765b4afac483,31,11,20,42,1,1768971528,2026-01-21 00:01:16
676b7b4d-b1c0-4c97-8ac3-5fe665e51108,0,0,0,23,1,1768971528,2026-01-21 00:01:16
e63c8dac-ab44-48c8-83a0-92c53a00f12e,0,0,0,28,1,1768971529,2026-01-21 00:01:16
1d440638-ec50-4ccb-9a82-0e3247a87c63,38,14,24,1,1,1768971528,2026-01-21 00:01:16
66dbeb1b-0aca-11e7-82f6-3863bb44ef7c,11,8,3,24,1,1768971534,2026-01-21 00:01:16
66db728c-0aca-11e7-82f6-3863bb44ef7c,8,7,1,49,1,1768971534,2026-01-21 00:01:16
ab29ce96-c2e8-4929-b27b-e0fe4aae17d5,8,1,7,9,1,1768971535,2026-01-21 00:01:16
8b830188-101e-44bf-a755-5e6c611e3edc,22,1,21,4,1,1768971534,2026-01-21 00:01:16
201edb67-d071-4b67-bafd-131e5c273e9f,16,1,15,3,1,1768971535,2026-01-21 00:01:16
9b0c2c99-214f-4e15-b476-1626c03a9e4e,58,47,11,3,1,1768971535,2026-01-21 00:01:16
1b962833-d769-418e-b1ef-5a183bb5eb1a,11,1,10,5,1,1768971536,2026-01-21 00:01:16
174bf571-e597-463d-84bc-611c4a13d85e,0,0,0,27,1,1768971537,2026-01-21 00:01:16
c36cfa58-29fe-4c0c-a14f-41c3463487fd,2,1,1,18,1,1768971537,2026-01-21 00:01:16
af72781c-fe0b-4b73-a7df-201f9780ea9c,47,32,15,2,1,1768971538,2026-01-21 00:01:16
1857217349795049790,4,1,3,11,1,1768971536,2026-01-21 00:01:16
0b857ee5-3d10-4152-952e-95fbaf06677a,6,6,0,23,1,1768971535,2026-01-21 00:01:16
ce700c09-6095-4b20-ab65-07defdd1a7d7,13,0,13,6,1,1768971536,2026-01-21 00:01:16
66dd9b0f-0aca-11e7-82f6-3863bb44ef7c,24,18,6,15,1,1768971538,2026-01-21 00:01:16
3893eeef-06a8-47b1-95f2-a85454f7d5c9,4,0,4,16,1,1768971539,2026-01-21 00:01:16
dfb8b9c8-3006-4b76-963a-95f7471dc0a8,18,6,12,2,1,1768971539,2026-01-21 00:01:16
1791188268875152272,44,15,29,4,1,1768971539,2026-01-21 00:01:16
66dbefee-0aca-11e7-82f6-3863bb44ef7c,2,0,2,12,1,1768971539,2026-01-21 00:01:16
f6143531-4a16-4aac-9b55-573ef7ef162e,12,1,11,8,1,1768971534,2026-01-21 00:01:16
2123938400844950144,4,1,3,12,1,1768971578,2026-01-21 00:01:16
1fba77e2-66ab-4e9c-9f9a-4ec4f11fd80b,5,2,3,20,1,1768971578,2026-01-21 00:01:16
272c0389-5e4a-41a9-ad6c-2dccdfa55af9,7,2,5,16,1,1768971578,2026-01-21 00:01:16
66de0a0a-0aca-11e7-82f6-3863bb44ef7c,13,5,8,12,1,1768971578,2026-01-21 00:01:16
6ff2eec8-2b72-490a-b1c3-f9892ab3a724,22,14,8,25,1,1768971578,2026-01-21 00:01:16
11a8d465-b4eb-466b-a6ca-055f73994231,15,4,11,11,1,1768971579,2026-01-21 00:01:16
66de4336-0aca-11e7-82f6-3863bb44ef7c,20,3,17,12,1,1768971579,2026-01-21 00:01:16
1891277309535701686,1,1,0,22,1,1768971578,2026-01-21 00:01:16
66db72f1-0aca-11e7-82f6-3863bb44ef7c,44,16,28,4,1,1768971576,2026-01-21 00:01:16
627c77c0-0088-4ba8-ba66-73e0e3d3fe77,5,2,3,18,1,1768971576,2026-01-21 00:01:16
b471c112-1770-4dfe-9e13-fe7479dcb5a5,24,1,23,1,1,1768971579,2026-01-21 00:01:16
66dce660-0aca-11e7-82f6-3863bb44ef7c,8,2,7,15,1,1768971579,2026-01-21 00:01:16
c0f952d9-538e-4836-b936-fa97123cbf13,10,5,5,8,1,1768971580,2026-01-21 00:01:16
067b53bd-33bf-4698-8103-3931a5f32a37,9,3,6,9,1,1768971580,2026-01-21 00:01:16
2ec1235f-a043-4e3a-9ba1-56f7dd4624b7,3,0,3,17,1,1768971580,2026-01-21 00:01:16
c7dbc7b5-240b-494d-8663-dbee4103a20c,11,1,10,8,1,1768971580,2026-01-21 00:01:16
1882736243099681438,15,8,7,19,1,1768971580,2026-01-21 00:01:16
1913988158376585970,26,8,18,0,1,1768971580,2026-01-21 00:01:16
66dc7d58-0aca-11e7-82f6-3863bb44ef7c,68,46,22,4,1,1768971580,2026-01-21 00:01:16
1838070940162509196,5,1,4,16,1,1768971581,2026-01-21 00:01:16
b7af52d2-fd23-4970-8513-be7c681480c4,49,38,11,6,1,1768971581,2026-01-21 00:01:16
66dbc745-0aca-11e7-82f6-3863bb44ef7c,34,25,9,5,1,1768971577,2026-01-21 00:01:16
49703a2d-15e9-4af4-b80e-cca664d7ea18,4,0,4,15,1,1768971577,2026-01-21 00:01:16
66ddf310-0aca-11e7-82f6-3863bb44ef7c,23,7,16,14,1,1768971578,2026-01-21 00:01:16
1851947582840610924,5,1,4,15,1,1768971577,2026-01-21 00:01:16
0575e356-72f4-4251-8e15-574cf60bd190,10,8,2,9,1,1768971577,2026-01-21 00:01:16
66ddef2d-0aca-11e7-82f6-3863bb44ef7c,13,5,8,9,1,1768971576,2026-01-21 00:01:16
f8c1c90f-4ec0-44bd-b097-cfafc887744d,50,14,36,2,1,1768971589,2026-01-21 00:01:16
1845676917264180046,11,1,10,8,1,1768971589,2026-01-21 00:01:16
66dbf362-0aca-11e7-82f6-3863bb44ef7c,31,3,28,11,1,1768971589,2026-01-21 00:01:16
5fdf435f-6080-4b1d-966c-3b9d08450c4d,11,2,9,8,1,1768971589,2026-01-21 00:01:16
1828968462257099768,0,0,0,18,1,1768971589,2026-01-21 00:01:16
4aa6bb27-b76b-444e-a3ce-6fb25b822494,6,0,6,13,1,1768971592,2026-01-21 00:01:16
b79bb851-130f-473d-83fc-f602aa0a4ca9,6,0,6,13,1,1768971592,2026-01-21 00:01:16
116dbc02-a3c1-4b65-9f73-2a09a2aa1379,56,15,41,24,1,1768971592,2026-01-21 00:01:16
66dde703-0aca-11e7-82f6-3863bb44ef7c,21,14,7,7,1,1768971593,2026-01-21 00:01:16
c6c10756-ef41-491a-8e6c-ee0aa27b8cbe,0,0,0,19,1,1768971593,2026-01-21 00:01:16
2527619f-ef89-425c-bf3b-60cc0ec519bf,37,13,24,19,1,1768971593,2026-01-21 00:01:16
340036c3-2787-4998-9a77-fe54f352d619,4,4,0,13,1,1768971593,2026-01-21 00:01:16
cda60c6d-80f3-41b7-8ece-fe997f6dafb5,1,0,1,20,1,1768971593,2026-01-21 00:01:16
ff1e98d3-ae7d-4c53-a531-1845bee1d346,4,4,0,32,1,1768971594,2026-01-21 00:01:16
edc9b877-c311-46b4-a780-59ee7e692324,11,6,5,24,1,1768971594,2026-01-21 00:01:16
c3b255d8-b690-4825-b1e9-a1d1680e5542,9,2,7,10,1,1768971594,2026-01-21 00:01:16
1913990214925537808,31,14,17,3,1,1768971588,2026-01-21 00:01:16
f3eb962c-314a-4431-bac7-2eb2ffbe2fd2,2,0,2,13,1,1768971588,2026-01-21 00:01:16
f365afa3-e8a5-439d-975d-6c2b064f30df,1,1,0,27,1,1768971588,2026-01-21 00:01:16
b16e9f3f-9b07-486f-a1ca-c76030f5ea64,9,2,7,11,1,1768971591,2026-01-21 00:01:16
f0115d11-c678-4274-8bb7-d486dbb63361,15,2,13,2,1,1768971592,2026-01-21 00:01:16
1963272613486484230,66,51,15,3,1,1768971591,2026-01-21 00:01:16
1846086263936934630,17,2,15,0,1,1768971588,2026-01-21 00:01:16
fc5ee04d-710b-45ba-aae0-303b8e95ea89,5,2,3,14,1,1768971589,2026-01-21 00:01:16
3ac37967-e174-421a-bfeb-d02249fb1266,4,2,2,19,1,1768971590,2026-01-21 00:01:16
66db3583-0aca-11e7-82f6-3863bb44ef7c,54,37,17,8,1,1768971590,2026-01-21 00:01:16
1826348745879909352,16,3,13,0,1,1768971590,2026-01-21 00:01:16
fffb18be-14b3-412f-a808-107a98cd9e58,1,1,0,17,1,1768971550,2026-01-21 00:01:16
9be6c750-85b6-4e81-bace-1a8ffe941d7b,4,0,4,16,1,1768971548,2026-01-21 00:01:16
1808184356986544410,7,3,4,23,1,1768971548,2026-01-21 00:01:16
00d3e65e-b614-4408-aaa9-939ed96ce645,29,27,2,21,1,1768971548,2026-01-21 00:01:16
66ddbdb1-0aca-11e7-82f6-3863bb44ef7c,11,4,7,10,1,1768971548,2026-01-21 00:01:16
1864605926072998676,4,3,1,14,1,1768971547,2026-01-21 00:01:16
66de18d7-0aca-11e7-82f6-3863bb44ef7c,14,0,14,6,1,1768971547,2026-01-21 00:01:16
66dcc3e5-0aca-11e7-82f6-3863bb44ef7c,3,1,2,17,1,1768971547,2026-01-21 00:01:16
66dc462a-0aca-11e7-82f6-3863bb44ef7c,73,47,26,3,1,1768971548,2026-01-21 00:01:16
6cb5fac5-f7e8-4ec9-94cf-816771d91ecd,22,3,19,5,1,1768971552,2026-01-21 00:01:16
1861680383828308814,10,10,0,8,1,1768971552,2026-01-21 00:01:16
b9b58379-b29a-4fa8-ba72-c647728e1686,14,12,2,4,1,1768971553,2026-01-21 00:01:16
1861682182353914188,11,1,10,8,1,1768971553,2026-01-21 00:01:16
2126623405008140358,9,5,4,1,1,1768971553,2026-01-21 00:01:16
914e3e7c-87da-4f52-aa03-5449c6361fa2,6,3,3,9,1,1768971553,2026-01-21 00:01:16
6fefe1b3-5f0d-47aa-b1dd-cec211239950,2,0,2,20,1,1768971549,2026-01-21 00:01:16
1861681959015615218,0,0,0,25,1,1768971550,2026-01-21 00:01:16
1869439170989701358,14,2,12,7,1,1768971554,2026-01-21 00:01:16
bb58e953-4953-4fbe-9ef2-367488dfef9b,6,6,0,16,1,1768971554,2026-01-21 00:01:16
0e3dedfb-df10-4900-a67b-95349a81bc5c,24,2,22,0,1,1768971554,2026-01-21 00:01:16
f3f46097-54cf-4c30-805a-6b2a4851eed7,3,2,1,21,1,1768971554,2026-01-21 00:01:16
178bad16-1b02-4264-94c0-a8fd0faa60fe,3,3,0,31,1,1768971554,2026-01-21 00:01:16
d7a7789b-a052-4a69-a4ec-59436b0f8d75,7,0,7,10,1,1768971554,2026-01-21 00:01:16
1828967499459705054,9,0,9,8,1,1768971556,2026-01-21 00:01:16
8dfff4bd-0f3c-43af-bc55-a63850f66c6b,9,2,7,8,1,1768971556,2026-01-21 00:01:16
66dc2606-0aca-11e7-82f6-3863bb44ef7c,70,31,39,6,1,1768971556,2026-01-21 00:01:16
941ea42c-47fe-4d63-a6f5-e0e200f01633,8,4,4,9,1,1768971556,2026-01-21 00:01:16
1828966490867110420,10,2,8,8,1,1768971556,2026-01-21 00:01:16
2088792249063596144,24,16,8,5,1,1768971556,2026-01-21 00:01:16
4e862dc1-0652-4f29-a26f-315d763df67d,18,13,5,37,1,1768971557,2026-01-21 00:01:16
fc774664-3c9b-4a8f-a79e-f6907db00a1d,14,3,11,18,1,1768971557,2026-01-21 00:01:16
7e70b65e-00c1-40d5-984d-17232a4ee05e,40,26,14,4,1,1768971557,2026-01-21 00:01:16
c466f15e-715f-411e-904e-1a71fb574cdd,80,40,40,2,1,1768971558,2026-01-21 00:01:16
1835250199411134468,10,3,7,12,1,1768971558,2026-01-21 00:01:16
1814907277023901890,21,0,21,1,1,1768971557,2026-01-21 00:01:16
023127f2-a6e0-4fae-ba34-178acccb993e,1,1,0,20,1,1768971557,2026-01-21 00:01:16
66dc1702-0aca-11e7-82f6-3863bb44ef7c,27,21,6,37,1,1768971558,2026-01-21 00:01:16
de97a7d0-fbb3-4c13-ba6a-2bbd441751fe,12,6,6,6,1,1768971558,2026-01-21 00:01:16
0e8bfd72-c494-4d3e-85e2-4f98b801fe3b,6,2,4,13,1,1768971555,2026-01-21 00:01:16
49f86083-851b-475d-b9ab-64e01b81f725,0,0,0,22,1,1768971555,2026-01-21 00:01:16
1846086027713733188,7,1,6,5,1,1768971560,2026-01-21 00:01:16
66db3fc9-0aca-11e7-82f6-3863bb44ef7c,23,11,12,20,1,1768971560,2026-01-21 00:01:16
3d835eaa-a102-42c5-b6c0-2c693b1d0677,32,31,1,24,1,1768971560,2026-01-21 00:01:16
66de4b0b-0aca-11e7-82f6-3863bb44ef7c,26,8,18,4,1,1768971560,2026-01-21 00:01:16
66dc7c31-0aca-11e7-82f6-3863bb44ef7c,37,26,11,4,1,1768971561,2026-01-21 00:01:16
5864d88d-a0fd-40ad-beee-896118d9360d,16,0,16,2,1,1768971561,2026-01-21 00:01:16
66dd4356-0aca-11e7-82f6-3863bb44ef7c,14,11,3,29,1,1768971560,2026-01-21 00:01:16
66dbf6d2-0aca-11e7-82f6-3863bb44ef7c,13,7,6,14,1,1768971561,2026-01-21 00:01:16
2123939242997647892,8,1,7,6,1,1768971559,2026-01-21 00:01:16
1869754143518014264,12,1,11,26,1,1768971559,2026-01-21 00:01:16
adb67652-c20d-4dd2-8e89-d6015b801c1a,1,1,0,17,1,1768971562,2026-01-21 00:01:16
3c5a8531-4eec-4695-b4f8-8a1158890e78,16,13,3,1,1,1768971562,2026-01-21 00:01:16
f3525aa7-9d69-4ea2-9278-4df92db1afa1,15,9,6,4,1,1768971560,2026-01-21 00:01:16
66dbf140-0aca-11e7-82f6-3863bb44ef7c,82,60,22,1,1,1768971565,2026-01-21 00:01:16
d5d2aebc-158c-43ec-9105-2a779d0245d8,0,0,0,18,1,1768971565,2026-01-21 00:01:16
1834145204469569922,18,3,15,2,1,1768971566,2026-01-21 00:01:16
66de602e-0aca-11e7-82f6-3863bb44ef7c,43,0,43,6,1,1768971566,2026-01-21 00:01:16
3b530cff-dd26-4cfd-b570-a85fd53354fe,32,10,22,12,1,1768971566,2026-01-21 00:01:16
1860188331547447938,2,2,0,18,1,1768971562,2026-01-21 00:01:16
66db281e-0aca-11e7-82f6-3863bb44ef7c,47,20,27,13,1,1768971562,2026-01-21 00:01:16
1880644037244334512,24,14,10,0,1,1768971563,2026-01-21 00:01:16
7e36cd9b-b271-42e5-b344-b7a3771c795e,17,0,17,26,1,1768971563,2026-01-21 00:01:16
3e4a2c26-7527-469c-b4f4-1ef8d40fd20d,3,1,2,13,1,1768971563,2026-01-21 00:01:16
08bf2fe0-219d-48cd-87c5-6163b3a2eafd,8,5,3,17,1,1768971563,2026-01-21 00:01:16
66db43b5-0aca-11e7-82f6-3863bb44ef7c,9,7,2,11,1,1768971563,2026-01-21 00:01:16
a6492ad5-d13e-48b0-a0d5-08e60ad93e53,69,25,44,0,1,1768971563,2026-01-21 00:01:16
66de077f-0aca-11e7-82f6-3863bb44ef7c,13,10,3,43,1,1768971563,2026-01-21 00:01:16
f42b3158-3f78-4a62-964a-8cc554d69c35,12,1,11,4,1,1768971564,2026-01-21 00:01:16
566935d6-4d66-4b42-9822-f2a816e357b9,11,5,6,12,1,1768971566,2026-01-21 00:01:16
66dcf30d-0aca-11e7-82f6-3863bb44ef7c,6,1,5,19,1,1768971565,2026-01-21 00:01:16
0e405c35-322f-4705-8ea7-769eb3fd028a,5,0,5,12,1,1768971567,2026-01-21 00:01:16
66dc89ae-0aca-11e7-82f6-3863bb44ef7c,4,2,2,31,1,1768971567,2026-01-21 00:01:16
0efa08a3-1c38-48fe-ab37-8c9b72b20126,13,4,9,5,1,1768971567,2026-01-21 00:01:16
324e55da-fec0-43a2-b622-27774381ab7f,2,1,1,15,1,1768971567,2026-01-21 00:01:16
cb4926e6-0a79-4902-80ee-d365fbf42aec,1,1,0,20,1,1768971568,2026-01-21 00:01:16
1905394575114219798,1,0,1,28,1,1768971568,2026-01-21 00:01:16
14391923-6727-4359-92e9-03e0b5094753,32,16,16,16,1,1768971568,2026-01-21 00:01:16
8f3a6711-fd05-4ce1-acf8-9d72b4a1bf97,4,3,1,16,1,1768971564,2026-01-21 00:01:16
1856767555236917834,16,0,16,7,1,1768971563,2026-01-21 00:01:16
2124037510131026812,20,12,8,1,1,1768971575,2026-01-21 00:01:16
7c7cb750-6613-48a4-bfae-9240968f1fad,23,15,8,15,1,1768971575,2026-01-21 00:01:16
8c6cba48-d803-4a90-99f7-e06edcdbbf92,11,8,3,11,1,1768971575,2026-01-21 00:01:16
66ddd545-0aca-11e7-82f6-3863bb44ef7c,54,41,13,31,1,1768971575,2026-01-21 00:01:16
99b7c9a5-9679-417f-b884-21c4b240aa99,9,3,6,9,1,1768971575,2026-01-21 00:01:16
66db3e32-0aca-11e7-82f6-3863bb44ef7c,43,2,41,0,1,1768971576,2026-01-21 00:01:16
66dd4423-0aca-11e7-82f6-3863bb44ef7c,32,32,0,10,1,1768971576,2026-01-21 00:01:16
039d4cc9-8560-4d22-88c3-20753c54a50f,10,0,10,14,1,1768971574,2026-01-21 00:01:16
e25f8dee-c110-489f-a978-464ac5c84ca2,20,17,3,5,1,1768971574,2026-01-21 00:01:16
33af8810-cda5-4b61-9c38-0235f9d59aaa,19,3,16,6,1,1768971574,2026-01-21 00:01:16
66dc8d1d-0aca-11e7-82f6-3863bb44ef7c,10,1,9,48,1,1768971572,2026-01-21 00:01:16
1835246381185208614,3,1,2,18,1,1768971572,2026-01-21 00:01:16
3ac7b47b-2253-4a0b-bf7d-8a2eb6b78a38,25,19,6,13,1,1768971572,2026-01-21 00:01:16
b83b2a73-af8e-4b82-b61e-aeaaf075fbe2,2,2,0,23,1,1768971572,2026-01-21 00:01:16
1861683217585879154,27,9,18,18,1,1768971573,2026-01-21 00:01:16
2025623258130320038,20,7,13,13,1,1768971573,2026-01-21 00:01:16
4fb1ee23-4511-47c4-8698-0c46673dc86c,0,0,0,19,1,1768971573,2026-01-21 00:01:16
e0a9ed84-55f9-40f5-90fa-87db17d2f933,11,1,10,7,1,1768971574,2026-01-21 00:01:16
66de14af-0aca-11e7-82f6-3863bb44ef7c,29,1,28,6,1,1768971570,2026-01-21 00:01:16
b53b5e8f-9503-48d1-b3e3-9347ecef38e2,0,0,0,33,1,1768971571,2026-01-21 00:01:16
298d4e45-c6d2-45f1-a07a-11606026a6e4,7,2,5,10,1,1768971571,2026-01-21 00:01:16
1794096824496960148,25,18,7,18,1,1768971571,2026-01-21 00:01:16
66db28b5-0aca-11e7-82f6-3863bb44ef7c,62,3,59,11,1,1768971571,2026-01-21 00:01:16
1846085836152179090,6,0,6,13,1,1768971569,2026-01-21 00:01:16
1835249448692130546,10,8,2,11,1,1768971569,2026-01-21 00:01:16
66dea8ff-0aca-11e7-82f6-3863bb44ef7c,6,3,3,31,1,1768971570,2026-01-21 00:01:16
57f144cb-375d-4eee-b458-e288116cb8f7,12,6,6,3,1,1768971574,2026-01-21 00:01:16
66dcc44a-0aca-11e7-82f6-3863bb44ef7c,7,5,2,10,1,1768971575,2026-01-21 00:01:16
0258da92-f770-4acc-b20b-91b78aff791e,17,1,16,4,1,1768971575,2026-01-21 00:01:16
3575749f-123a-4a80-870d-7ca7c7f9c8a9,7,2,5,17,1,1768971585,2026-01-21 00:01:16
05d03a63-b5f2-40d9-9a3d-d2fe666a307f,8,1,7,16,1,1768971585,2026-01-21 00:01:16
66dc176f-0aca-11e7-82f6-3863bb44ef7c,73,63,10,3,1,1768971586,2026-01-21 00:01:16
1792225684155730482,4,4,0,18,1,1768971585,2026-01-21 00:01:16
66dc8382-0aca-11e7-82f6-3863bb44ef7c,14,12,2,63,1,1768971586,2026-01-21 00:01:16
f6cf3ecc-b3ad-4291-8c24-277f28f64ba1,1,1,0,19,1,1768971586,2026-01-21 00:01:16
66ddebce-0aca-11e7-82f6-3863bb44ef7c,19,14,5,7,1,1768971586,2026-01-21 00:01:16
1890927910885612334,25,2,23,0,1,1768971586,2026-01-21 00:01:16
3fed8016-0be0-47f5-8663-2e850ec47288,21,2,19,1,1,1768971587,2026-01-21 00:01:16
28a2436d-a52b-4fa4-874c-e096012a926d,15,15,0,1,1,1768971587,2026-01-21 00:01:16
1984510483573713186,21,6,15,39,1,1768971587,2026-01-21 00:01:16
0f6fd186-656a-41b3-ba4a-456d22da177c,22,6,16,14,1,1768971582,2026-01-21 00:01:16
93e2e1a5-49c5-41f8-a6bf-b399b6a5140d,32,19,13,34,1,1768971582,2026-01-21 00:01:16
1abd4668-ed6b-4930-8177-17239ae75a9e,1,1,0,18,1,1768971582,2026-01-21 00:01:16
2126621627432855870,7,0,7,3,1,1768971582,2026-01-21 00:01:16
7b56cbab-9d93-4043-bfa5-63eb6b3e5281,12,5,7,5,1,1768971582,2026-01-21 00:01:16
0df3a035-5a38-4ec2-826a-0a5376e8d8a0,6,5,1,16,1,1768971582,2026-01-21 00:01:16
a4c9faeb-2234-457d-ad56-1ab14104b538,2,2,0,16,1,1768971584,2026-01-21 00:01:16
4956ad8b-06d6-4af4-bcc8-735c45439608,3,3,0,16,1,1768971585,2026-01-21 00:01:16
26599393-b967-44a6-a998-cb72ca53cd9e,1,0,1,19,1,1768971585,2026-01-21 00:01:16
2126224876714496782,5,2,3,2,1,1768971585,2026-01-21 00:01:16
e36b5913-8e46-4c2a-b9be-73bdf8ee548b,26,7,19,29,1,1768971585,2026-01-21 00:01:16
1817432709747753390,10,3,7,13,1,1768971586,2026-01-21 00:01:16
66dde7dc-0aca-11e7-82f6-3863bb44ef7c,15,13,2,6,1,1768971587,2026-01-21 00:01:16
a82599ce-99ca-4670-8053-baada198034a,52,7,45,3,1,1768971583,2026-01-21 00:01:16
b5861c2d-d687-4308-bf2d-5f69fc28cc4a,14,2,12,8,1,1768971584,2026-01-21 00:01:16
1817803079955479336,13,3,10,8,1,1768971584,2026-01-21 00:01:16
66ddeb67-0aca-11e7-82f6-3863bb44ef7c,17,12,5,7,1,1768971584,2026-01-21 00:01:16
f47e1ce9-ff3f-49e9-9a2f-aa5be45d70da,10,0,10,12,1,1768971583,2026-01-21 00:01:16
f47c7f15-1c30-4199-a09f-134f0f0f684b,5,3,2,18,1,1768971583,2026-01-21 00:01:16
9eb98b3b-ea35-483f-91f6-d90c506152db,12,8,4,9,1,1768971583,2026-01-21 00:01:16
7d41ac98-df88-497a-aef9-968660e6da0f,9,8,1,26,1,1768971587,2026-01-21 00:01:16
00284700-9d22-42ce-8485-113fed9879c1,10,8,2,8,1,1768971588,2026-01-21 00:01:16
66dd9dba-0aca-11e7-82f6-3863bb44ef7c,34,25,9,11,1,1768971587,2026-01-21 00:01:16
1960021056359127624,13,1,12,9,1,1768971594,2026-01-21 00:01:16
a68acb0c-4244-416a-bf59-ca55d3120cdd,16,10,6,5,1,1768971595,2026-01-21 00:01:16
bdc116cd-4d63-4693-846c-ec5073314007,8,7,1,12,1,1768971595,2026-01-21 00:01:16
1856767203049599002,12,2,10,8,1,1768971594,2026-01-21 00:01:16
a5bd1f58-7df8-4df6-9636-372f1bc194be,35,10,25,1,1,1768971595,2026-01-21 00:01:16
66dd4f9b-0aca-11e7-82f6-3863bb44ef7c,17,7,10,18,1,1768971595,2026-01-21 00:01:16
699d3378-6ea8-465f-888b-c49c60089ce8,1,0,1,17,1,1768971595,2026-01-21 00:01:16
606c7384-75e9-4988-858a-07b88b3a9413,24,4,20,14,1,1768971596,2026-01-21 00:01:16
7af717b9-99ce-4cce-94b4-b445a40537a1,21,1,20,0,1,1768971595,2026-01-21 00:01:16
5a6218aa-c5b7-4436-93c1-dee7cb5322d9,11,3,8,13,1,1768971596,2026-01-21 00:01:16
66dd1bf3-0aca-11e7-82f6-3863bb44ef7c,34,2,32,9,1,1768971596,2026-01-21 00:01:16
dee5a590-7cda-465e-8351-b0622a5e2ad3,10,4,6,6,1,1768971597,2026-01-21 00:01:16
d9160982-2d9b-4f08-9469-a559a7b62809,21,11,10,66,1,1768971597,2026-01-21 00:01:16
06e5447e-35b8-45cb-b3bb-937791a6f8ae,13,1,12,6,1,1768971597,2026-01-21 00:01:16
1960021358478625244,24,14,10,48,1,1768971597,2026-01-21 00:01:16
822d96e8-fb6c-463a-b866-aec9e408ad5e,17,5,12,0,1,1768971597,2026-01-21 00:01:16
66db9675-0aca-11e7-82f6-3863bb44ef7c,3,0,3,22,1,1768971598,2026-01-21 00:01:16
b43ecf62-4c9d-4b06-ac9a-5837084f769f,0,0,0,21,1,1768971597,2026-01-21 00:01:16
8066575c-f8e9-4e14-95ea-8d25ceeae2ca,13,10,3,20,1,1768971598,2026-01-21 00:01:16
1828968082192898522,4,2,2,17,1,1768971598,2026-01-21 00:01:16
7155b0a6-2545-4b02-ae8c-9c0c4220f8c3,4,3,1,16,1,1768971598,2026-01-21 00:01:16
1786686999403592506,25,18,7,4,1,1768971598,2026-01-21 00:01:16
92ffa9d6-8cb1-44cf-8059-391b03d58071,3,3,0,24,1,1768971598,2026-01-21 00:01:16
7478be11-37d8-49b1-a253-f0810045f6ff,0,0,0,15,0,1768784629,2026-01-21 00:01:16
2116636101124803154,10,0,10,4,1,1768971442,2026-01-21 00:01:16
6107e75a-2493-4e3d-a3e0-d4886d3416e5,11,2,9,2,1,1768971529,2026-01-21 00:01:16
66dd6721-0aca-11e7-82f6-3863bb44ef7c,6,2,4,12,1,1768971529,2026-01-21 00:01:16
f417d8da-0f15-49b0-9e3c-3c3e55c2691d,16,7,9,5,1,1768971582,2026-01-21 00:01:16
66dd5960-0aca-11e7-82f6-3863bb44ef7c,1,0,1,18,1,1768971584,2026-01-21 00:01:16
66dd5e69-0aca-11e7-82f6-3863bb44ef7c,8,0,8,10,1,1768971584,2026-01-21 00:01:16
d09709d2-e119-48c4-aa22-29432a13a35a,9,6,3,4,1,1768971586,2026-01-21 00:01:16
537a2f47-26a3-4776-ba9d-e2acd2ffbee1,3,0,3,4,1,1768971587,2026-01-21 00:01:16
2108372562172578194,18,17,1,0,1,1768971516,2026-01-21 00:01:16
681a8bdb-65ff-4078-a5de-74927502da4e,10,5,5,7,1,1768971549,2026-01-21 00:01:16
2116635307734817684,5,3,2,9,1,1768971593,2026-01-21 00:01:16
3d1db3fa-1df5-46c8-baf3-619b729f5bda,10,8,2,8,1,1768971501,2026-01-21 00:01:16
2de92329-48d0-4cf7-85df-172f91bbb320,14,10,4,13,1,1768971523,2026-01-21 00:01:16
4a48175b-c239-4d5e-b1b8-03eda4239678,15,1,14,14,1,1768971577,2026-01-21 00:01:16
1839334257267825432,10,2,8,2,1,1768971573,2026-01-21 00:01:16
66ddda59-0aca-11e7-82f6-3863bb44ef7c,5,2,3,9,1,1768971489,2026-01-21 00:01:16
66dd8479-0aca-11e7-82f6-3863bb44ef7c,15,6,9,6,1,1768971493,2026-01-21 00:01:16
2116635993049651742,4,1,3,8,1,1768971559,2026-01-21 00:01:16
e163ce54-4c39-43c5-9831-e10a2603527d,18,4,14,3,1,1768971596,2026-01-21 00:01:16
a59f4f11-5d52-43a2-8a32-ae71137a6af8,0,0,0,6,0,1768903723,2026-01-21 00:01:16
66ddde40-0aca-11e7-82f6-3863bb44ef7c,0,0,0,10,0,1768912025,2026-01-21 00:01:16
915057d4-edbc-4c73-8d81-dda33d600d58,12,5,7,5,1,1768971499,2026-01-21 00:01:16
66ddded0-0aca-11e7-82f6-3863bb44ef7c,10,8,2,3,1,1768971510,2026-01-21 00:01:16
66dd650d-0aca-11e7-82f6-3863bb44ef7c,10,7,3,4,1,1768971522,2026-01-21 00:01:16
ded4386f-9f69-43c6-a566-4511920c3e39,11,3,8,11,1,1768971536,2026-01-21 00:01:16
21c4a77d-b1ae-4262-b143-087fd14a07b8,10,5,5,7,1,1768971536,2026-01-21 00:01:16
2108372790290481846,3,3,0,11,1,1768971527,2026-01-21 00:01:16
66dd9183-0aca-11e7-82f6-3863bb44ef7c,1,0,1,11,1,1768971525,2026-01-21 00:01:16
66dd7cab-0aca-11e7-82f6-3863bb44ef7c,7,3,4,14,1,1768971530,2026-01-21 00:01:16
c32d6965-4fae-4f1f-a5f2-7f2ef5f439fc,9,5,4,11,1,1768971531,2026-01-21 00:01:16
3742e2ab-6cd0-40cf-846a-72cbe637afe1,11,3,8,17,1,1768971541,2026-01-21 00:01:16
66dddae7-0aca-11e7-82f6-3863bb44ef7c,5,4,1,12,1,1768971542,2026-01-21 00:01:16
66dd8043-0aca-11e7-82f6-3863bb44ef7c,6,5,1,11,1,1768971550,2026-01-21 00:01:16
e2c00264-9eea-446d-a1b7-27cef3aed403,6,4,2,6,1,1768971548,2026-01-21 00:01:16
2036428272250118978,12,7,5,7,1,1768971560,2026-01-21 00:01:16
66dd83fc-0aca-11e7-82f6-3863bb44ef7c,14,3,11,8,1,1768971576,2026-01-21 00:01:16
f841ae52-0bbb-49db-b6eb-f898fbce6108,8,7,1,10,1,1768971579,2026-01-21 00:01:16
0bb12c94-efdb-40ac-98fe-9521ba373b57,3,0,3,26,1,1768971586,2026-01-21 00:01:16
66dddc98-0aca-11e7-82f6-3863bb44ef7c,16,8,8,8,1,1768971587,2026-01-21 00:01:16
43318169-d1ae-4a1a-9578-23cfa3fdbac9,9,5,4,11,1,1768971593,2026-01-21 00:01:16
66dd836d-0aca-11e7-82f6-3863bb44ef7c,9,2,7,13,1,1768971596,2026-01-21 00:01:16
823c0615-2832-4e76-85f0-7cf527151aba,0,0,0,0,0,86400,2026-01-21 00:01:16
66ddd78e-0aca-11e7-82f6-3863bb44ef7c,0,0,0,6,0,1768866796,2026-01-21 00:01:16
1ec24ce3-2b69-4f3a-a153-c73e583d11f3,2,1,1,16,1,1768971534,2026-01-21 00:01:16
66dd7f10-0aca-11e7-82f6-3863bb44ef7c,11,7,4,14,1,1768971542,2026-01-21 00:01:16
dd8b2f53-8b94-4082-9576-994a4962f9d5,8,8,0,9,1,1768971538,2026-01-21 00:01:16
66dd58f2-0aca-11e7-82f6-3863bb44ef7c,4,0,4,9,1,1768971538,2026-01-21 00:01:16
66dd5f99-0aca-11e7-82f6-3863bb44ef7c,12,4,8,3,1,1768971544,2026-01-21 00:01:16
2058728861810389252,8,0,8,13,1,1768971543,2026-01-21 00:01:16
22cd02a2-228f-4eeb-b249-cbea51a0e219,9,5,4,9,1,1768971542,2026-01-21 00:01:16
2116635185595800086,9,6,3,2,1,1768971561,2026-01-21 00:01:16
66dd630c-0aca-11e7-82f6-3863bb44ef7c,15,9,6,3,1,1768971565,2026-01-21 00:01:16
33a797e8-6be2-4868-b9f6-1be157eaa0a5,2,2,0,17,1,1768971563,2026-01-21 00:01:16
ccfa1f8f-f930-45f2-9cda-375c01596ca2,1,1,0,17,1,1768971582,2026-01-21 00:01:16
5f798c51-5d8b-4add-9f81-341f54a82ffa,11,3,8,5,1,1768971587,2026-01-21 00:01:16
2290031f-e7d8-40a3-9ad6-566df493bbbc,6,0,6,30,1,1768971585,2026-01-21 00:01:16
2116635417524034072,5,5,0,8,1,1768971586,2026-01-21 00:01:16
fadf00cf-d84a-49e8-9607-c67154915412,0,0,0,5,0,1768958775,2026-01-21 00:01:16
655b0878-c22b-4f8c-8675-21bf30d1eebf,9,2,7,6,1,1768971501,2026-01-21 00:01:16
66dd63de-0aca-11e7-82f6-3863bb44ef7c,13,9,4,3,1,1768971517,2026-01-21 00:01:16
1849747691035224144,11,4,7,3,1,1768971514,2026-01-21 00:01:16
2108373096850688302,0,0,0,14,1,1768971524,2026-01-21 00:01:16
8ae0bf30-9979-461e-a947-2dd89f293b40,10,3,7,3,1,1768971591,2026-01-21 00:01:16
2116635868495600156,4,2,2,9,1,1768971588,2026-01-21 00:01:16
2108372139456801688,14,5,9,4,1,1768971594,2026-01-21 00:01:16
2157737368545384190,2,2,0,14,1,1768971599,2026-01-21 00:01:16
2158919319277979600,8,5,3,5,1,1768971445,2026-01-21 00:01:16
66ddd81a-0aca-11e7-82f6-3863bb44ef7c,0,0,0,8,0,1768877727,2026-01-21 00:01:16
1844599666569400604,12,0,12,11,1,1768971485,2026-01-21 00:01:16
66dd7fe2-0aca-11e7-82f6-3863bb44ef7c,10,2,8,12,1,1768971481,2026-01-21 00:01:16
2165507807810224012,1,1,0,8,1,1768971491,2026-01-21 00:01:16
66dd7b37-0aca-11e7-82f6-3863bb44ef7c,15,9,6,10,1,1768971490,2026-01-21 00:01:16
2157736614125310040,6,4,2,10,1,1768971487,2026-01-21 00:01:16
2108372029596633484,5,2,3,7,1,1768971449,2026-01-21 00:01:16
3371df76-39db-43ab-b3d6-fac0be55311f,11,5,6,3,1,1768971517,2026-01-21 00:01:16
66dd6441-0aca-11e7-82f6-3863bb44ef7c,9,3,6,5,1,1768971569,2026-01-21 00:01:16
66dd8b48-0aca-11e7-82f6-3863bb44ef7c,12,9,3,7,1,1768971571,2026-01-21 00:01:16
2108373197827738014,13,6,7,8,1,1768971463,2026-01-21 00:01:16
66dd6000-0aca-11e7-82f6-3863bb44ef7c,12,9,3,9,1,1768971527,2026-01-21 00:01:16
4aecd6f2-8a84-4bed-a528-dc6870877292,8,7,1,10,1,1768971575,2026-01-21 00:01:16
2116885281736356212,5,2,3,7,1,1768971585,2026-01-21 00:01:16
66dddf5f-0aca-11e7-82f6-3863bb44ef7c,1,1,0,12,1,1768971589,2026-01-21 00:01:16
66dd80ac-0aca-11e7-82f6-3863bb44ef7c,6,1,5,14,1,1768971592,2026-01-21 00:01:16
66ddd8a8-0aca-11e7-82f6-3863bb44ef7c,0,0,0,7,0,1768950829,2026-01-21 00:01:16
46813ecf-8df4-4c8f-9579-0179e0b36ba6,0,0,0,5,0,1768950007,2026-01-21 00:01:16
66dddc08-0aca-11e7-82f6-3863bb44ef7c,0,0,0,1,0,1768955549,2026-01-21 00:01:16
66dddd28-0aca-11e7-82f6-3863bb44ef7c,0,0,0,9,0,1768952668,2026-01-21 00:01:16
2108372356498784942,8,2,6,1,1,1768971508,2026-01-21 00:01:16
66dd5f24-0aca-11e7-82f6-3863bb44ef7c,13,6,7,9,1,1768971501,2026-01-21 00:01:16
b6a13f2b-deb4-4f4d-9d67-7d23bee27c88,5,1,4,9,1,1768971513,2026-01-21 00:01:16
2116634708854430228,9,1,8,9,1,1768971526,2026-01-21 00:01:16
66dd5a42-0aca-11e7-82f6-3863bb44ef7c,15,13,2,6,1,1768971527,2026-01-21 00:01:16
bd6f422b-d7ae-4d7e-9261-653fdd8e6888,24,15,9,1,1,1768971540,2026-01-21 00:01:16
66ddddb4-0aca-11e7-82f6-3863bb44ef7c,6,5,1,7,1,1768971536,2026-01-21 00:01:16
2088688422524183306,6,0,6,31,1,1768971593,2026-01-21 00:01:16
66ddd93e-0aca-11e7-82f6-3863bb44ef7c,12,4,8,1,1,1768971547,2026-01-21 00:01:16
5faf99b8-9046-450f-9d2a-d13279b3d016,11,5,6,17,1,1768971554,2026-01-21 00:01:16
519824e4-69ba-4270-a395-17c204f328f8,2,1,1,17,1,1768971566,2026-01-21 00:01:16
2116635527663355916,0,0,0,11,1,1768971567,2026-01-21 00:01:16
2108372903577159978,5,4,1,9,1,1768971565,2026-01-21 00:01:16
2116636221383887448,15,0,15,3,1,1768971564,2026-01-21 00:01:16
5aa81a37-ea1d-4bf6-ab40-4751c6b4fb08,8,7,1,8,1,1768971573,2026-01-21 00:01:16
9d344652-976b-4c2d-bede-2ef19b0fbf13,12,6,6,5,1,1768971570,2026-01-21 00:01:16
cbc48689-7805-49dd-9669-5471f4b7b6fb,1,1,0,21,1,1768971584,2026-01-21 00:01:16
581211b2-4e42-48f2-8a8f-5f968cb1c5df,1,0,1,27,1,1768971583,2026-01-21 00:01:16
2108373961268485100,5,1,4,9,1,1768971596,2026-01-21 00:01:16
41495491-5d89-4e14-aab9-c3db04aad399,0,0,0,0,0,86400,2026-01-21 00:49:40
1905837242740508940,0,0,0,0,0,86400,2026-01-21 00:49:40
b9720921-8170-43ea-a5ae-b61b9161eb49,0,0,0,0,0,86400,2026-01-21 00:49:40
2171903488884523500,0,0,0,0,0,86400,2026-01-21 00:49:40
2171903608969565866,0,0,0,0,0,86400,2026-01-21 00:49:40
2171904223419888148,0,0,0,0,0,86400,2026-01-21 00:49:40
498d7e8e-5164-4f26-9ce6-399947d73b1a,0,0,0,3,0,1768935415,2026-01-21 00:49:40
2124036103510616644,5,0,5,6,1,1768974283,2026-01-21 00:49:40
96e72113-3681-4d19-88bb-032e76720093,0,0,0,0,0,1768933579,2026-01-21 00:49:40
66dde103-0aca-11e7-82f6-3863bb44ef7c,0,0,0,4,0,1768943264,2026-01-21 00:49:40
66dcc37f-0aca-11e7-82f6-3863bb44ef7c,0,0,0,17,0,1768962238,2026-01-21 00:49:40
2126224996973581072,9,8,1,3,1,1768974353,2026-01-21 00:49:40
1962547377975794462,13,10,2,9,1,1768974367,2026-01-21 00:49:40
56b3ca32-104a-4920-a879-a97a820858c4,13,1,12,12,1,1768974368,2026-01-21 00:49:40
1862008939006380034,3,1,2,17,1,1768974364,2026-01-21 00:49:40
1f088432-0460-421e-a1d9-36890fa5396d,6,3,3,11,1,1768974363,2026-01-21 00:49:40
1786698321265653818,14,14,0,21,1,1768974363,2026-01-21 00:49:40
640a9a95-194f-42f5-8d88-1df67129f388,10,2,8,6,1,1768974363,2026-01-21 00:49:40
c606bae0-889c-47c3-8202-9463ef147655,17,3,14,6,1,1768974367,2026-01-21 00:49:40
66de12ff-0aca-11e7-82f6-3863bb44ef7c,17,11,6,2,1,1768974367,2026-01-21 00:49:40
d8778570-f7f2-458d-82f5-9ad39210a501,39,34,5,10,1,1768974362,2026-01-21 00:49:40
b4974d89-932c-4a9f-a264-2ea0cf70613e,2,2,0,16,1,1768974366,2026-01-21 00:49:40
1960019951675478680,8,6,2,21,1,1768974366,2026-01-21 00:49:40
7a1ad7c0-4958-4354-91a1-11bf13348abd,15,3,12,1,1,1768974366,2026-01-21 00:49:40
c63a83a0-bda1-40a6-835b-f82c363543b9,2,0,2,17,1,1768974366,2026-01-21 00:49:40
84a7baff-415b-4ab9-a859-74c2801483ce,12,0,12,6,1,1768974377,2026-01-21 00:49:40
29ced315-14b5-4edc-bef2-665316dfe3dd,27,10,17,18,1,1768974378,2026-01-21 00:49:40
0fa27bd7-b182-4e7a-b5bb-90f4249cb368,11,7,4,10,1,1768974374,2026-01-21 00:49:40
33840944-aa92-4d91-9de8-d29e5cd0b2d9,27,5,22,0,1,1768974374,2026-01-21 00:49:40
66dd4ccc-0aca-11e7-82f6-3863bb44ef7c,15,8,7,35,1,1768974375,2026-01-21 00:49:40
4f814d78-5d8d-458b-877e-2ca449b865be,2,0,2,19,1,1768974375,2026-01-21 00:49:40
1b00fb53-da32-4b14-9a9a-84a391c8951c,1,0,1,27,1,1768974379,2026-01-21 00:49:40
dad39e68-53f5-47c2-87e2-b1cc0e34f90f,7,3,4,11,1,1768974378,2026-01-21 00:49:40
1929504694747056164,0,0,0,39,1,1768974379,2026-01-21 00:49:40
6fb81fda-f0b5-4242-90f9-88d0214feb8d,3,3,0,15,1,1768974376,2026-01-21 00:49:40
29a41b09-698f-43e2-82ff-f94f73e74841,16,0,16,2,1,1768974379,2026-01-21 00:49:40
d73e26de-8534-4b46-a321-3cae295ef9b2,0,0,0,31,1,1768974380,2026-01-21 00:49:40
c7604869-5b55-40cf-812e-fc97901bdf14,40,14,26,1,1,1768974374,2026-01-21 00:49:40
0b613329-b8c8-4b8c-ad40-79952aa41157,20,12,8,0,1,1768974380,2026-01-21 00:49:40
b371c432-b682-412f-9b85-8df84ce7a9f3,5,1,4,11,1,1768974378,2026-01-21 00:49:40
63a838a8-9acf-4ba1-91f5-c676f6ef2f7d,13,4,9,7,1,1768974358,2026-01-21 00:49:40
83a5d761-57d0-4cd6-aa2b-7eb350120d99,10,5,5,10,1,1768974358,2026-01-21 00:49:40
a4d041fd-c5fa-4f52-800c-25d7a661a875,1,1,0,20,1,1768974359,2026-01-21 00:49:40
1869753057823626206,11,0,11,12,1,1768974358,2026-01-21 00:49:40
1838070843306263244,1,1,0,17,1,1768974361,2026-01-21 00:49:40
0bd9bd58-42e6-4680-9d19-83943372221f,13,12,1,9,1,1768974361,2026-01-21 00:49:40
1848241791125254746,15,1,14,1,1,1768974361,2026-01-21 00:49:40
66dd26f9-0aca-11e7-82f6-3863bb44ef7c,25,7,18,5,1,1768974357,2026-01-21 00:49:40
1871698348432996504,12,1,11,9,1,1768974360,2026-01-21 00:49:40
5645b05e-85be-460d-8506-cacd20bff233,27,2,25,2,1,1768974360,2026-01-21 00:49:40
66dc80b4-0aca-11e7-82f6-3863bb44ef7c,3,2,1,56,1,1768974360,2026-01-21 00:49:40
66db6963-0aca-11e7-82f6-3863bb44ef7c,50,13,37,25,1,1768974372,2026-01-21 00:49:40
abc1311e-e000-4211-af9e-0cf92242711e,1,1,0,21,1,1768974371,2026-01-21 00:49:40
ca7ec509-cefc-4ac6-b729-08999d191051,20,3,17,2,1,1768974372,2026-01-21 00:49:40
c71cca54-17f6-42bc-ba94-3f5bd9c70197,35,0,35,10,1,1768974371,2026-01-21 00:49:40
90b141b9-c39f-4a26-a32d-08c7d1474d52,9,9,0,13,1,1768974371,2026-01-21 00:49:40
12279d2b-29f6-4e02-a7f0-244970f7edd5,9,2,7,17,1,1768974368,2026-01-21 00:49:40
f34ea09d-32f9-492c-9124-99059bc0b5dd,16,2,14,5,1,1768974369,2026-01-21 00:49:40
1d32e684-602b-46b6-8c96-ab47b57a03f3,9,7,2,14,1,1768974369,2026-01-21 00:49:40
c80c55c4-d623-42d7-8acf-6bfa68a84ecb,0,0,0,18,1,1768974369,2026-01-21 00:49:40
cf1a96a7-f695-4ba2-bcf2-899552e21e47,11,6,5,8,1,1768974369,2026-01-21 00:49:40
d11b9869-8964-4b79-aafc-4b60ad1b44c4,11,1,10,12,1,1768974371,2026-01-21 00:49:40
faf98f78-51ab-4248-b7e7-f402902385a6,2,2,0,16,1,1768974371,2026-01-21 00:49:40
1835246937517543544,19,3,16,0,1,1768974372,2026-01-21 00:49:40
af72ab76-c6cb-4994-af96-51fa8846ecdc,4,4,0,15,1,1768974373,2026-01-21 00:49:40
1834145589124844432,1,0,1,17,1,1768974373,2026-01-21 00:49:40
ca5cc034-a95d-446e-8314-6691589886b1,17,16,1,1,1,1768974370,2026-01-21 00:49:40
66dde4ef-0aca-11e7-82f6-3863bb44ef7c,10,8,2,12,1,1768974370,2026-01-21 00:49:40
66dde69c-0aca-11e7-82f6-3863bb44ef7c,3,3,0,17,1,1768974371,2026-01-21 00:49:40
655ad2f2-6bcc-4eee-95a9-4f528c0b81cd,7,3,4,9,1,1768974372,2026-01-21 00:49:40
3a89411a-0bc6-4ba3-bc56-fab950c8eba1,18,0,18,1,1,1768974372,2026-01-21 00:49:40
26217b73-7bb5-46e6-8094-1db05becd617,19,13,6,8,1,1768974369,2026-01-21 00:49:40
1786697771181570266,23,11,12,16,1,1768974401,2026-01-21 00:49:40
1854538387432581604,18,1,17,0,1,1768974401,2026-01-21 00:49:40
1860189327773878824,17,0,17,6,1,1768974401,2026-01-21 00:49:40
0de1f95f-8b1b-4e5e-9eff-73c63265b0ab,17,7,10,12,1,1768974401,2026-01-21 00:49:40
f8c242cd-da59-4f0e-afd6-832bbdd7d328,15,4,11,4,1,1768974402,2026-01-21 00:49:40
162d5859-b735-4ff7-9613-01b21f22c1cd,29,14,15,6,1,1768974402,2026-01-21 00:49:40
99614ecb-2329-49fa-a13a-fa1ef2bb32d6,3,0,3,14,1,1768974400,2026-01-21 00:49:40
66dbcd6c-0aca-11e7-82f6-3863bb44ef7c,31,26,5,1,1,1768974400,2026-01-21 00:49:40
09dfc0e3-a448-477c-bb3c-9467dc51ef8d,70,34,36,2,1,1768974401,2026-01-21 00:49:40
2ebbe93b-a013-464a-b4a5-0eba96f89676,18,17,1,1,1,1768974401,2026-01-21 00:49:40
4e9a1c3a-20e2-4fd5-b8de-fbf8d43e7bcc,2,0,2,19,1,1768974398,2026-01-21 00:49:40
66dc3e89-0aca-11e7-82f6-3863bb44ef7c,35,28,7,29,1,1768974398,2026-01-21 00:49:40
38af3d1a-9916-46cf-b22e-86fc8648bf30,9,0,9,10,1,1768974398,2026-01-21 00:49:40
66db75cc-0aca-11e7-82f6-3863bb44ef7c,43,25,18,0,1,1768974399,2026-01-21 00:49:40
f523c481-ba41-44ba-96e1-0c431fbea558,4,2,2,19,1,1768974399,2026-01-21 00:49:40
1f8f6714-42a7-45d5-86cd-a093c940b2c9,4,4,0,21,1,1768974400,2026-01-21 00:49:40
66ddea99-0aca-11e7-82f6-3863bb44ef7c,7,7,0,14,1,1768974400,2026-01-21 00:49:40
66dd24ca-0aca-11e7-82f6-3863bb44ef7c,39,24,15,5,1,1768974402,2026-01-21 00:49:40
66dc120f-0aca-11e7-82f6-3863bb44ef7c,30,24,6,41,1,1768974401,2026-01-21 00:49:40
98ebf9c6-1d94-4e21-9007-c623875fdb5e,14,1,13,3,1,1768974400,2026-01-21 00:49:40
2100948436010992354,6,5,1,7,1,1768974398,2026-01-21 00:49:40
54df610f-0e47-4958-98ca-37bb1b1c4dca,2,1,1,21,1,1768974399,2026-01-21 00:49:40
4d24ab76-2f4a-4004-9fc5-09c00c1d9aa4,28,11,17,0,1,1768974402,2026-01-21 00:49:40
1859438049977968878,12,0,12,16,1,1768974410,2026-01-21 00:49:40
7d5fa1f0-4069-4d5d-b735-5d500597394a,44,24,20,7,1,1768974410,2026-01-21 00:49:40
8caf71df-76c3-43fb-be98-d555d2291460,1,0,1,25,1,1768974410,2026-01-21 00:49:40
4e747443-d481-4aea-a6d1-cf20204af4ba,13,1,12,7,1,1768974410,2026-01-21 00:49:40
bc9c9006-3d40-400d-8b5c-17f56e6dfcee,3,1,2,23,1,1768974411,2026-01-21 00:49:40
6969d756-33a6-4a0b-83d0-3db38bc382d1,26,1,25,3,1,1768974411,2026-01-21 00:49:40
e9b3a725-6963-4151-8f7f-9beeb51fa20f,4,4,0,11,1,1768974411,2026-01-21 00:49:40
ff745407-c087-4c0d-a965-98baf078f292,14,13,1,6,1,1768974409,2026-01-21 00:49:40
f3140fb8-347b-4dca-96df-eeef2d1bfc50,5,4,1,12,1,1768974409,2026-01-21 00:49:40
922763d6-d73c-4678-8bcd-f42ee3a236db,3,2,1,17,1,1768974409,2026-01-21 00:49:40
1dacb0f6-29f5-4d1b-b910-92ffa5b4ca5d,7,4,3,29,1,1768974413,2026-01-21 00:49:40
2c8b263e-952c-4941-a671-ef0ebb062632,14,0,14,6,1,1768974414,2026-01-21 00:49:40
44c23eaa-7ddf-40b3-8373-6f3880c5e1b1,3,2,1,15,1,1768974413,2026-01-21 00:49:40
66dc0dab-0aca-11e7-82f6-3863bb44ef7c,12,11,1,103,1,1768974387,2026-01-21 00:49:40
24509e46-a0de-47e8-ba40-9441da68952a,5,4,1,13,1,1768974409,2026-01-21 00:49:40
74723006-b32f-4590-8cc7-f15eec3808fe,8,1,7,19,1,1768974413,2026-01-21 00:49:40
66db9e99-0aca-11e7-82f6-3863bb44ef7c,6,5,1,11,1,1768974413,2026-01-21 00:49:40
1814548067447122618,31,20,11,0,1,1768974413,2026-01-21 00:49:40
66dc1687-0aca-11e7-82f6-3863bb44ef7c,0,0,0,10,1,1768974414,2026-01-21 00:49:40
a45a712c-1e3d-4fee-bef8-adafafd80670,4,3,1,13,1,1768974414,2026-01-21 00:49:40
3db799ba-b574-4e5f-95e5-c767bec2acb6,21,9,12,6,1,1768974412,2026-01-21 00:49:40
1799624430022654108,17,1,16,4,1,1768974412,2026-01-21 00:49:40
66dd2060-0aca-11e7-82f6-3863bb44ef7c,47,5,42,2,1,1768974381,2026-01-21 00:49:40
66dcc8b3-0aca-11e7-82f6-3863bb44ef7c,4,1,3,13,1,1768974381,2026-01-21 00:49:40
ff9581d3-3e1a-463a-bdab-d8150c468be2,1,1,0,31,1,1768974384,2026-01-21 00:49:40
66de4bbb-0aca-11e7-82f6-3863bb44ef7c,13,2,11,9,1,1768974384,2026-01-21 00:49:40
cd2d9dab-7708-4685-a56f-9412c738de7e,18,1,17,0,1,1768974384,2026-01-21 00:49:40
66de0a78-0aca-11e7-82f6-3863bb44ef7c,16,1,15,3,1,1768974385,2026-01-21 00:49:40
1859088223746072684,3,1,2,13,1,1768974385,2026-01-21 00:49:40
d040a7b3-85b5-4c0d-9c92-3f4ad0082143,0,0,0,28,1,1768974383,2026-01-21 00:49:40
1814907423052790164,15,0,15,7,1,1768974382,2026-01-21 00:49:40
2126623007192357636,6,0,6,4,1,1768974324,2026-01-21 00:49:40
bc5235a5-7f10-4a27-806e-9c25fa700959,11,1,10,29,1,1768974383,2026-01-21 00:49:40
517409d3-a94a-4140-a6de-ff0de9221ed2,4,1,3,17,1,1768974383,2026-01-21 00:49:40
7aa86431-bbc5-4d9c-8198-9630c9d32a22,7,0,7,13,1,1768974383,2026-01-21 00:49:40
b713367c-3572-4225-b74a-9319ab537838,1,0,1,18,1,1768974387,2026-01-21 00:49:40
1882824287789509296,20,18,2,24,1,1768974386,2026-01-21 00:49:40
75352ab4-8a31-4926-8b59-048a9e506452,10,1,9,4,1,1768974387,2026-01-21 00:49:40
5a24acbb-94ef-4cb5-9db8-f6073ac26a2b,2,0,2,17,1,1768974388,2026-01-21 00:49:40
576abdc1-986e-48b0-bde2-051a13d3ff59,9,2,7,7,1,1768974389,2026-01-21 00:49:40
66de17f7-0aca-11e7-82f6-3863bb44ef7c,11,9,2,24,1,1768974389,2026-01-21 00:49:40
1965202298784063998,5,4,1,21,1,1768974390,2026-01-21 00:49:40
66dde76a-0aca-11e7-82f6-3863bb44ef7c,9,8,1,13,1,1768974389,2026-01-21 00:49:40
d470e82e-d109-4e2e-b66a-f5e944cbfe97,18,5,13,0,1,1768974390,2026-01-21 00:49:40
92fc1ad7-0867-4655-b02f-ede65d336b14,4,0,4,14,1,1768974392,2026-01-21 00:49:40
b0bac4ef-bb57-4598-a433-75c281170d5b,4,0,4,18,1,1768974392,2026-01-21 00:49:40
66de63cd-0aca-11e7-82f6-3863bb44ef7c,16,7,9,3,1,1768974387,2026-01-21 00:49:40
d89dc10f-9be3-45a5-9c3c-06c04c963436,18,2,16,2,1,1768974390,2026-01-21 00:49:40
62f8f806-bd04-4282-9c5d-ad4293644e3c,9,2,7,8,1,1768974390,2026-01-21 00:49:40
1861678548643203686,3,0,3,22,1,1768974390,2026-01-21 00:49:40
69717638-5c4a-47a7-bccb-3b42c81eb09f,12,5,7,6,1,1768974390,2026-01-21 00:49:40
66dbc37a-0aca-11e7-82f6-3863bb44ef7c,24,18,6,31,1,1768974391,2026-01-21 00:49:40
2137775326353803668,12,3,9,1,1,1768974396,2026-01-21 00:49:40
66de4959-0aca-11e7-82f6-3863bb44ef7c,16,5,11,8,1,1768974396,2026-01-21 00:49:40
a2ef8ed2-6031-4049-b7dc-9838ef39889b,13,1,12,2,1,1768974396,2026-01-21 00:49:40
1917312704757770810,34,27,7,2,1,1768974396,2026-01-21 00:49:40
2124381939991318658,12,11,1,3,1,1768974396,2026-01-21 00:49:40
4c03fa2d-89da-4f0b-8f19-c7de5edbe256,25,4,21,0,1,1768974397,2026-01-21 00:49:40
66dd46a2-0aca-11e7-82f6-3863bb44ef7c,28,18,10,18,1,1768974395,2026-01-21 00:49:40
1817822909864556798,17,15,2,10,1,1768974395,2026-01-21 00:49:40
2171919049376995084,2,1,1,29,1,1768974394,2026-01-21 00:49:40
66dd4c5f-0aca-11e7-82f6-3863bb44ef7c,14,11,3,46,1,1768974394,2026-01-21 00:49:40
566a6389-5c22-49ca-8c24-4d9eea135170,1,1,0,25,1,1768974397,2026-01-21 00:49:40
1975518133370609774,64,58,6,34,1,1768974393,2026-01-21 00:49:40
c2d549f8-f54c-4a0d-9ecd-6e6f79118279,16,10,6,6,1,1768974397,2026-01-21 00:49:40
66dce8db-0aca-11e7-82f6-3863bb44ef7c,19,10,9,22,1,1768974394,2026-01-21 00:49:40
66dde630-0aca-11e7-82f6-3863bb44ef7c,53,8,45,16,1,1768974404,2026-01-21 00:49:40
180b83a0-329c-4069-87be-df862cb1baed,20,16,4,2,1,1768974405,2026-01-21 00:49:40
66dd01c5-0aca-11e7-82f6-3863bb44ef7c,4,4,0,21,1,1768974405,2026-01-21 00:49:40
59af018a-2ee9-489a-b445-bb6fba9c1119,8,4,4,8,1,1768974405,2026-01-21 00:49:40
1794852638057746848,21,1,20,0,1,1768974405,2026-01-21 00:49:40
66dd4d70-0aca-11e7-82f6-3863bb44ef7c,13,8,5,26,1,1768974405,2026-01-21 00:49:40
1846085734612252774,5,1,4,17,1,1768974405,2026-01-21 00:49:40
f62526d4-9c6a-4c76-be76-c64b5be669d2,6,4,2,15,1,1768974405,2026-01-21 00:49:40
475c44e1-31e3-4c60-b071-af2ca3f7618c,1,1,0,20,1,1768974405,2026-01-21 00:49:40
816e50eb-dc4b-47dc-b773-154e2020cb0d,1,1,0,18,1,1768974405,2026-01-21 00:49:40
66de5005-0aca-11e7-82f6-3863bb44ef7c,21,5,16,5,1,1768974403,2026-01-21 00:49:40
324e93c8-4f3d-4a5f-becd-00e6f49fe4dd,18,0,18,0,1,1768974404,2026-01-21 00:49:40
66dc2c78-0aca-11e7-82f6-3863bb44ef7c,14,7,7,68,1,1768974404,2026-01-21 00:49:40
82c85f05-4722-48ae-9f64-0522012eb3c8,6,1,5,19,1,1768974404,2026-01-21 00:49:40
c00ef46d-fcde-48e2-afbd-0fb595fe3fa7,26,14,12,4,1,1768974406,2026-01-21 00:49:40
2a66ed0a-5e6d-4893-a1d1-876bb2bac4be,5,0,5,21,1,1768974406,2026-01-21 00:49:40
e9575102-1081-4c30-8d15-ea95913579e2,3,2,1,15,1,1768974406,2026-01-21 00:49:40
66dd4ec7-0aca-11e7-82f6-3863bb44ef7c,36,19,17,37,1,1768974406,2026-01-21 00:49:40
9af90faf-0b9b-451b-9cb0-20ff421ca1d9,2,0,2,23,1,1768974406,2026-01-21 00:49:40
66de0d91-0aca-11e7-82f6-3863bb44ef7c,26,1,25,2,1,1768974406,2026-01-21 00:49:40
528ed1e0-75aa-45be-8afe-c3f1c950782f,9,1,8,11,1,1768974406,2026-01-21 00:49:40
f401cd5f-cb41-41f8-a857-4a4dfe778f94,21,11,10,4,1,1768974407,2026-01-21 00:49:40
2104286315955915532,20,15,5,44,1,1768974407,2026-01-21 00:49:40
a3d72b5b-9587-4f33-9722-c01e20a9b358,2,2,0,26,1,1768974407,2026-01-21 00:49:40
66db408f-0aca-11e7-82f6-3863bb44ef7c,35,5,30,0,1,1768974407,2026-01-21 00:49:40
c3062f44-c5b9-4650-a4ec-cc66cbf5b944,3,2,1,14,1,1768974408,2026-01-21 00:49:40
ceb179f3-89c3-4c3e-8a0a-3415406a9463,12,12,0,11,1,1768974409,2026-01-21 00:49:40
1804892772559499512,31,5,26,1,1,1768974415,2026-01-21 00:49:40
823ef531-40e6-4397-b973-86bf5b032076,2,1,1,22,1,1768974416,2026-01-21 00:49:40
912813fc-fde4-4430-8443-a4fa21477e7f,0,0,0,22,1,1768974416,2026-01-21 00:49:40
19b61564-7629-41b4-80c8-1756135a5442,3,3,0,15,1,1768974418,2026-01-21 00:49:40
1828968883163894358,8,0,8,8,1,1768974417,2026-01-21 00:49:40
f681f980-185d-45b9-8490-bb2606624dd4,3,3,0,15,1,1768974418,2026-01-21 00:49:40
1862008701134683118,7,1,6,16,1,1768974418,2026-01-21 00:49:40
563389a0-d90f-4155-9c50-528459df26aa,3,2,1,22,1,1768974418,2026-01-21 00:49:40
66de13dc-0aca-11e7-82f6-3863bb44ef7c,0,0,0,0,0,1768974414,2026-01-21 00:49:40
645e4365-653f-48ce-bc15-5fcc287be56f,21,17,4,47,1,1768974414,2026-01-21 00:49:40
69f84045-48f9-4c6c-90d3-0503e5ed39e9,16,12,4,6,1,1768974415,2026-01-21 00:49:40
53ef19c6-eaa7-47f7-807e-f51b574b1be0,9,0,9,3,1,1768974419,2026-01-21 00:49:40
66db447a-0aca-11e7-82f6-3863bb44ef7c,38,32,6,9,1,1768974419,2026-01-21 00:49:40
6fab98b7-b06a-49d8-a4d1-087ffce0ebcf,0,0,0,16,1,1768974419,2026-01-21 00:49:40
cb05443c-e68e-48f7-8d17-35353fa19d4d,21,6,15,32,1,1768974420,2026-01-21 00:49:40
66dc0f8a-0aca-11e7-82f6-3863bb44ef7c,35,3,32,19,1,1768974420,2026-01-21 00:49:40
66dba303-0aca-11e7-82f6-3863bb44ef7c,4,0,4,9,1,1768974420,2026-01-21 00:49:40
ed279ef2-52ee-4ff2-9a52-edd8137ea034,9,9,0,16,1,1768974421,2026-01-21 00:49:40
1835618878584115330,21,5,16,0,1,1768974417,2026-01-21 00:49:40
9635affa-8b18-42d5-84c4-7f67ad5ef9d0,8,4,4,10,1,1768974417,2026-01-21 00:49:40
f833d403-2cf5-424a-a3b3-0314a44b4a67,18,12,6,13,1,1768974417,2026-01-21 00:49:40
7a6fc75f-a605-4dd6-b567-b2bbbfb862f3,16,15,1,1,1,1768974418,2026-01-21 00:49:40
64f0f28c-bedc-42d5-b107-ecdd48fc30cd,22,22,0,77,1,1768974418,2026-01-21 00:49:40
1950648049868542106,10,6,4,15,1,1768974417,2026-01-21 00:49:40
1828966626550010820,18,3,15,0,1,1768974423,2026-01-21 00:49:40
00967b8f-1a4d-4131-a65a-17fa8ca89e28,9,4,5,9,1,1768974423,2026-01-21 00:49:40
66de6346-0aca-11e7-82f6-3863bb44ef7c,21,14,7,13,1,1768974423,2026-01-21 00:49:40
66ddb66e-0aca-11e7-82f6-3863bb44ef7c,6,2,4,21,1,1768974424,2026-01-21 00:49:40
1869753654337059182,18,13,5,2,1,1768974424,2026-01-21 00:49:40
c602146e-d69d-43b6-9e8f-054c4df5377e,12,1,11,6,1,1768974422,2026-01-21 00:49:40
e35c42c6-8b73-4528-b08d-c94b75624b40,13,3,10,8,1,1768974422,2026-01-21 00:49:40
44fa161f-eb62-459b-b53e-da83788cfa2a,7,5,2,22,1,1768974421,2026-01-21 00:49:40
66dbe571-0aca-11e7-82f6-3863bb44ef7c,45,34,11,14,1,1768974421,2026-01-21 00:49:40
b4f990dd-36bb-46b3-9eea-4b980bd43c2d,5,4,1,16,1,1768974421,2026-01-21 00:49:40
633fbc4c-7617-47ba-a393-aad7a8d26a3e,19,1,18,2,1,1768974424,2026-01-21 00:49:40
9394fb49-583f-4426-8d2f-a2b0ffb584d2,15,12,3,34,1,1768974424,2026-01-21 00:49:40
1bb1af93-b433-4da7-8054-009c85f7755a,4,1,3,14,1,1768974425,2026-01-21 00:49:40
66de73fd-0aca-11e7-82f6-3863bb44ef7c,12,8,4,13,1,1768974426,2026-01-21 00:49:40
18eccc71-66be-4e4c-8335-095a9bf0df94,0,0,0,0,0,1768974425,2026-01-21 00:49:40
1934749166596673908,28,9,19,17,1,1768974426,2026-01-21 00:49:40
754ac5df-f2b5-4636-8c58-ed84ea262bde,2,2,0,18,1,1768974426,2026-01-21 00:49:40
66dce9b5-0aca-11e7-82f6-3863bb44ef7c,7,0,7,24,1,1768974425,2026-01-21 00:49:40
372c592e-09d8-400c-9595-2aa3510f39b0,2,2,0,21,1,1768974430,2026-01-21 00:49:40
1835250442210857240,20,2,18,0,1,1768974430,2026-01-21 00:49:40
6fd61eee-d0ef-4580-9704-bd06b82bcb61,1,1,0,26,1,1768974430,2026-01-21 00:49:40
1864605386632012480,3,0,3,15,1,1768974430,2026-01-21 00:49:40
dccaeeb5-c53a-4f48-80e6-05675b71a8c8,10,1,9,18,1,1768974430,2026-01-21 00:49:40
1840504138040045682,7,3,4,13,1,1768974427,2026-01-21 00:49:40
66db3687-0aca-11e7-82f6-3863bb44ef7c,26,17,9,8,1,1768974427,2026-01-21 00:49:40
66dd3d7f-0aca-11e7-82f6-3863bb44ef7c,6,2,4,29,1,1768974427,2026-01-21 00:49:40
66de0cab-0aca-11e7-82f6-3863bb44ef7c,34,2,32,1,1,1768974427,2026-01-21 00:49:40
d5cabb43-6c78-4022-964e-a8b02470509e,23,9,14,0,1,1768974431,2026-01-21 00:49:40
1840540852548303628,2,2,0,14,1,1768974432,2026-01-21 00:49:40
4efda436-cd19-4ec3-acc7-1a622f723264,8,6,2,11,1,1768974432,2026-01-21 00:49:40
eb07bdfc-3a6f-40eb-96d2-0b92ac371619,2,0,2,17,1,1768974432,2026-01-21 00:49:40
c3189056-8eda-4278-891f-e8e15c2d759a,3,2,1,23,1,1768974428,2026-01-21 00:49:40
66db9c2e-0aca-11e7-82f6-3863bb44ef7c,9,4,5,30,1,1768974428,2026-01-21 00:49:40
1848241684520917882,10,0,10,4,1,1768974429,2026-01-21 00:49:40
1880643645302280466,8,6,2,19,1,1768974426,2026-01-21 00:49:40
1786700154621508184,9,7,2,19,1,1768974426,2026-01-21 00:49:40
66dd17a5-0aca-11e7-82f6-3863bb44ef7c,23,9,14,26,1,1768974427,2026-01-21 00:49:40
595cf79f-7783-4373-b3d5-775bcf76033b,1,1,0,16,1,1768974432,2026-01-21 00:49:40
77e31650-e86a-4b06-b2de-b92df2a7a7f5,28,9,19,2,1,1768974432,2026-01-21 00:49:40
765ee572-6c7a-4ed3-a2d4-f1496ea53996,22,3,19,1,1,1768974432,2026-01-21 00:49:40
1851674198082642572,19,1,18,1,1,1768974438,2026-01-21 00:49:40
1846086362824884662,20,0,20,0,1,1768974438,2026-01-21 00:49:40
1831178352265562334,15,2,13,12,1,1768974438,2026-01-21 00:49:40
66db2a71-0aca-11e7-82f6-3863bb44ef7c,27,6,21,16,1,1768974438,2026-01-21 00:49:40
66de2707-0aca-11e7-82f6-3863bb44ef7c,21,18,3,25,1,1768974439,2026-01-21 00:49:40
1822663031356509142,15,3,12,4,1,1768974436,2026-01-21 00:49:40
493e046c-5d62-4772-90c4-b6a9f4afcd39,14,9,5,4,1,1768974436,2026-01-21 00:49:40
66db3053-0aca-11e7-82f6-3863bb44ef7c,60,42,18,9,1,1768974435,2026-01-21 00:49:40
1871698223344654662,3,2,1,22,1,1768974435,2026-01-21 00:49:40
0ddb965d-95ef-4ce3-bde6-81a56ac1fbd2,1,1,0,29,1,1768974435,2026-01-21 00:49:40
0f45bcf6-7028-4584-a51e-4129847dbebc,38,22,16,0,1,1768974436,2026-01-21 00:49:40
d18512f9-52c8-4175-92b9-b6258dc30748,1,1,0,19,1,1768974437,2026-01-21 00:49:40
2121032386733337206,14,3,11,0,1,1768974438,2026-01-21 00:49:40
66dc8a3d-0aca-11e7-82f6-3863bb44ef7c,26,6,20,48,1,1768974438,2026-01-21 00:49:40
66de25bd-0aca-11e7-82f6-3863bb44ef7c,68,0,68,10,1,1768974433,2026-01-21 00:49:40
a2cf5872-bd4c-4311-832e-d62fd779ecc3,5,2,3,15,1,1768974434,2026-01-21 00:49:40
1814907590556515014,13,2,11,8,1,1768974434,2026-01-21 00:49:40
943a1a27-1328-4823-8945-28d845280383,22,22,0,2,1,1768974434,2026-01-21 00:49:40
59b747c1-fbfb-4a3d-9394-8d06834d7c98,18,9,9,1,1,1768974433,2026-01-21 00:49:40
66dd5407-0aca-11e7-82f6-3863bb44ef7c,17,8,9,60,1,1768974433,2026-01-21 00:49:40
66dc7ba2-0aca-11e7-82f6-3863bb44ef7c,21,9,12,9,1,1768974433,2026-01-21 00:49:40
c4e9905f-457b-4be0-a878-2aa53fa0b09b,20,5,15,2,1,1768974433,2026-01-21 00:49:40
1876800925490112950,6,1,5,10,1,1768974433,2026-01-21 00:49:40
6e5a8cab-cf1a-4584-8133-01835b56ad71,13,2,11,12,1,1768974433,2026-01-21 00:49:40
37a37e5b-f975-4f92-a897-dca8e4670631,14,10,4,4,1,1768974433,2026-01-21 00:49:40
1862788202397235246,15,3,12,4,1,1768974433,2026-01-21 00:49:40
0f98907a-d4cc-45e0-b174-7d9dfda74106,6,0,6,25,1,1768974437,2026-01-21 00:49:40
cb9840a3-4ae2-420d-865c-9ac45e2f5485,15,9,6,0,1,1768974437,2026-01-21 00:49:40
cc5f0e68-dd5f-4db1-81c7-04a4d6674fba,12,0,12,5,1,1768974433,2026-01-21 00:49:40
06439006-11b6-44f0-8545-c9d39035f32a,72,63,9,0,1,1768974439,2026-01-21 00:49:40
19d17911-1e4a-41fa-b62b-719aa0a6182e,33,19,14,4,1,1768974439,2026-01-21 00:49:40
d979131e-0b9f-4aa2-88c5-46d4ff94abc8,10,5,5,8,1,1768974439,2026-01-21 00:49:40
1817432434869846072,10,2,8,10,1,1768974440,2026-01-21 00:49:40
66dd1f44-0aca-11e7-82f6-3863bb44ef7c,18,18,0,8,1,1768974440,2026-01-21 00:49:40
66de205d-0aca-11e7-82f6-3863bb44ef7c,10,9,1,14,1,1768974440,2026-01-21 00:49:40
32cc1603-a4b5-4099-b7bf-681de451b04a,27,2,25,19,1,1768974440,2026-01-21 00:49:40
1888015107269225164,24,20,4,16,1,1768974449,2026-01-21 00:49:40
1096fc76-794e-4343-8eb0-0dd6c9a48266,2,2,0,15,1,1768974449,2026-01-21 00:49:40
66dbee85-0aca-11e7-82f6-3863bb44ef7c,16,8,8,57,1,1768974450,2026-01-21 00:49:40
1960020234227886806,4,4,0,46,1,1768974450,2026-01-21 00:49:40
2126622241630343402,15,11,4,4,1,1768974449,2026-01-21 00:49:40
7f4753d7-8d58-48bd-a881-de5bff08b27d,4,1,3,21,1,1768974447,2026-01-21 00:49:40
901ad0c4-383e-490a-8b54-0656ce2358d6,9,1,8,10,1,1768974448,2026-01-21 00:49:40
ec42fb3a-af54-46aa-a8b3-b17d72ed4475,19,9,10,0,1,1768974448,2026-01-21 00:49:40
66dbe68e-0aca-11e7-82f6-3863bb44ef7c,48,43,5,7,1,1768974448,2026-01-21 00:49:40
66dc1d80-0aca-11e7-82f6-3863bb44ef7c,26,22,4,8,1,1768974442,2026-01-21 00:49:40
ba33c334-e17d-4478-ae3c-9c2f4dbfbb51,6,3,3,10,1,1768974448,2026-01-21 00:49:40
7f402242-dc1b-4a48-ba21-58c4fa7216b4,17,4,13,1,1,1768974448,2026-01-21 00:49:40
66dc3ab9-0aca-11e7-82f6-3863bb44ef7c,33,31,2,28,1,1768974448,2026-01-21 00:49:40
d45b62b9-7d6b-43b2-bf1e-2c898c55dfd2,11,7,4,7,1,1768974448,2026-01-21 00:49:40
c190f78c-77ad-469e-aecc-e2af7bb6d92a,20,3,17,2,1,1768974449,2026-01-21 00:49:40
3d68a3fd-91da-49e8-9cd5-69b333863789,17,4,13,2,1,1768974449,2026-01-21 00:49:40
b442a648-e9f4-4893-951a-64d258bc0e55,16,10,6,11,1,1768974450,2026-01-21 00:49:40
66dd4a52-0aca-11e7-82f6-3863bb44ef7c,11,11,0,19,1,1768974451,2026-01-21 00:49:40
5f63411c-91ce-4788-a567-d388cc812a15,7,1,6,22,1,1768974450,2026-01-21 00:49:40
3f05490b-a3d8-4d15-bd25-0212555b5dff,17,2,15,3,1,1768974451,2026-01-21 00:49:40
66dc292c-0aca-11e7-82f6-3863bb44ef7c,33,22,11,18,1,1768974451,2026-01-21 00:49:40
55a4dc76-d839-4e06-9bf4-2f343391343c,8,6,2,11,1,1768974451,2026-01-21 00:49:40
66dc8db1-0aca-11e7-82f6-3863bb44ef7c,46,0,46,8,1,1768974451,2026-01-21 00:49:40
66dbe96d-0aca-11e7-82f6-3863bb44ef7c,32,11,21,16,1,1768974446,2026-01-21 00:49:40
66de43a5-0aca-11e7-82f6-3863bb44ef7c,10,4,6,11,1,1768974447,2026-01-21 00:49:40
66dc81ce-0aca-11e7-82f6-3863bb44ef7c,13,5,8,59,1,1768974447,2026-01-21 00:49:40
1849010133527040242,14,9,5,7,1,1768974447,2026-01-21 00:49:40
18415ea7-efce-408d-bcb9-4693fb088dda,32,21,11,0,1,1768974447,2026-01-21 00:49:40
fda18503-7488-4b91-b74c-949a90401e83,7,5,2,10,1,1768974447,2026-01-21 00:49:40
c638ec67-9ac0-416f-944f-619926144931,64,64,0,57,1,1768974447,2026-01-21 00:49:40
1898751402035634700,9,2,7,7,1,1768974447,2026-01-21 00:49:40
1859808514684217788,2,2,0,19,1,1768974452,2026-01-21 00:49:40
1814901062206225038,5,1,4,14,1,1768974452,2026-01-21 00:49:40
66dcc0b2-0aca-11e7-82f6-3863bb44ef7c,3,0,3,19,1,1768974446,2026-01-21 00:49:40
66de2274-0aca-11e7-82f6-3863bb44ef7c,22,12,10,0,1,1768974446,2026-01-21 00:49:40
bbc3c1df-f7db-4f54-8d5c-b8f4269ecb48,16,12,4,3,1,1768974447,2026-01-21 00:49:40
0630217a-3913-47d9-9540-cf85688296a5,5,4,1,12,1,1768974446,2026-01-21 00:49:40
20ff5447-eac3-43b7-820f-f6fa3a2e12a8,15,1,14,4,1,1768974446,2026-01-21 00:49:40
292ad4f3-9fb0-44ec-9e61-613c711f73c1,7,1,6,12,1,1768974449,2026-01-21 00:49:40
66de2199-0aca-11e7-82f6-3863bb44ef7c,19,3,16,9,1,1768974451,2026-01-21 00:49:40
1786698974100683436,4,0,4,46,1,1768974441,2026-01-21 00:49:40
e152a2e1-c510-404e-a100-24246bb6cc95,5,2,3,12,1,1768974441,2026-01-21 00:49:40
2637fed8-1e2a-460b-83eb-3eb32ace0f4e,1,1,0,47,1,1768974441,2026-01-21 00:49:40
1927314940904608224,11,3,8,14,1,1768974442,2026-01-21 00:49:40
f5393bc2-36d4-4508-bf51-fa48d121f751,25,17,8,1,1,1768974442,2026-01-21 00:49:40
bfe5e69d-89ff-48b3-bf20-80cbdfa443e0,28,13,15,23,1,1768974442,2026-01-21 00:49:40
66de19ab-0aca-11e7-82f6-3863bb44ef7c,12,12,0,18,1,1768974442,2026-01-21 00:49:40
1869753484503987044,5,3,2,14,1,1768974442,2026-01-21 00:49:40
66dc17df-0aca-11e7-82f6-3863bb44ef7c,0,0,0,0,0,1768974442,2026-01-21 00:49:40
66de85d2-0aca-11e7-82f6-3863bb44ef7c,37,24,13,8,1,1768974443,2026-01-21 00:49:40
66dd9fa6-0aca-11e7-82f6-3863bb44ef7c,11,10,1,46,1,1768974443,2026-01-21 00:49:40
2124036994734951288,7,1,6,1,1,1768974443,2026-01-21 00:49:40
bacfe3c2-7946-45ed-91f9-f5b91791de75,7,3,4,19,1,1768974440,2026-01-21 00:49:40
b4b5824b-3c23-44b7-92a3-cec6a54583a0,8,0,8,9,1,1768974441,2026-01-21 00:49:40
66db76a1-0aca-11e7-82f6-3863bb44ef7c,21,16,5,71,1,1768974445,2026-01-21 00:49:40
8aad788d-c7eb-4fca-a426-c39f47741a6f,17,3,14,9,1,1768974445,2026-01-21 00:49:40
1838071008881986168,12,0,12,15,1,1768974445,2026-01-21 00:49:40
78aabb95-6195-4aa7-ab0d-5748eeb26bd1,17,7,10,15,1,1768974444,2026-01-21 00:49:40
1815968237323833702,18,2,16,3,1,1768974444,2026-01-21 00:49:40
b79c8433-9dd1-4d68-9156-7f2c2162bafe,15,13,2,13,1,1768974444,2026-01-21 00:49:40
6cd10426-b4e9-40e1-9b35-61f609190ac0,9,2,7,24,1,1768974444,2026-01-21 00:49:40
2124035976827702128,5,5,0,7,1,1768974443,2026-01-21 00:49:40
579e583e-60ab-4f2a-83d0-fabebddfcd0f,9,8,1,7,1,1768974443,2026-01-21 00:49:40
66dc686c-0aca-11e7-82f6-3863bb44ef7c,63,52,11,30,1,1768974445,2026-01-21 00:49:40
ab6aadd8-fa45-43aa-abea-c8e01ec5a0c8,17,1,16,5,1,1768974445,2026-01-21 00:49:40
66880044-5411-4143-af39-eaa0a0fd0528,14,13,1,20,1,1768974441,2026-01-21 00:49:40
66ddec3e-0aca-11e7-82f6-3863bb44ef7c,13,10,3,8,1,1768974442,2026-01-21 00:49:40
fbaffdbd-dab5-4127-9bd5-36bf58093ea8,9,6,3,14,1,1768974453,2026-01-21 00:49:40
3e1bdcec-e762-4e83-b447-007f05923cce,12,10,2,10,1,1768974453,2026-01-21 00:49:40
1860189650739626488,2,0,2,19,1,1768974453,2026-01-21 00:49:40
0687075b-cf2d-4130-a859-fe841aafbd3f,21,4,17,3,1,1768974454,2026-01-21 00:49:40
8d650b03-920d-4d44-a48f-8d9a1a0ba264,12,2,10,7,1,1768974454,2026-01-21 00:49:40
b35ba3c0-d3e8-4b1a-b63b-73a7bb518c9e,5,1,4,13,1,1768974454,2026-01-21 00:49:40
1828967979464708718,6,4,2,17,1,1768974452,2026-01-21 00:49:40
6d766daf-9298-4059-a329-1818582d495f,14,13,1,4,1,1768974452,2026-01-21 00:49:40
66dc3782-0aca-11e7-82f6-3863bb44ef7c,26,17,9,3,1,1768974453,2026-01-21 00:49:40
f9ed9a6b-097e-48b9-a9d1-79d084dcd2d9,2,0,2,13,1,1768974456,2026-01-21 00:49:40
66de677e-0aca-11e7-82f6-3863bb44ef7c,19,11,8,7,1,1768974456,2026-01-21 00:49:40
66ddeaff-0aca-11e7-82f6-3863bb44ef7c,12,3,9,16,1,1768974456,2026-01-21 00:49:40
66db93a1-0aca-11e7-82f6-3863bb44ef7c,18,13,5,18,1,1768974456,2026-01-21 00:49:40
6476c5fd-611e-436c-9736-e0f43bb7774e,15,1,14,3,1,1768974456,2026-01-21 00:49:40
1869743938848725856,72,67,5,14,1,1768974456,2026-01-21 00:49:40
191d5d54-de64-4312-99c7-eee141efa4ef,2,1,1,20,1,1768974455,2026-01-21 00:49:40
038b7369-9c6e-4eb2-8569-f7461443302f,19,5,14,0,1,1768974455,2026-01-21 00:49:40
1d3a8670-09b3-4127-b750-af5311e565f0,9,0,9,6,1,1768974455,2026-01-21 00:49:40
66db41bf-0aca-11e7-82f6-3863bb44ef7c,28,0,28,2,1,1768974455,2026-01-21 00:49:40
1828965172312150882,13,1,12,7,1,1768974457,2026-01-21 00:49:40
ad57266c-34da-43da-8b48-2ba856002fbf,0,0,0,26,1,1768974457,2026-01-21 00:49:40
1826348248869574940,16,5,11,14,1,1768974457,2026-01-21 00:49:40
66db277a-0aca-11e7-82f6-3863bb44ef7c,14,1,13,11,1,1768974457,2026-01-21 00:49:40
66dd1d0f-0aca-11e7-82f6-3863bb44ef7c,26,12,14,1,1,1768974457,2026-01-21 00:49:40
26b3a82b-3487-44c2-85f1-eddb5a8a3a9d,18,0,18,5,1,1768974461,2026-01-21 00:49:40
66dd217d-0aca-11e7-82f6-3863bb44ef7c,27,21,6,0,1,1768974461,2026-01-21 00:49:40
1835246658344669972,1,1,0,18,1,1768974461,2026-01-21 00:49:40
66dc10d1-0aca-11e7-82f6-3863bb44ef7c,24,11,13,19,1,1768974461,2026-01-21 00:49:40
b96507c5-7c90-499d-9c45-58f25d6f636a,1,1,0,19,1,1768974461,2026-01-21 00:49:40
66dbef15-0aca-11e7-82f6-3863bb44ef7c,48,15,33,2,1,1768974462,2026-01-21 00:49:40
2546c9b9-5b1a-4e9f-a9cc-f8b986b79748,20,9,11,2,1,1768974462,2026-01-21 00:49:40
bf880f45-422c-4e0b-b3b0-2b1f5ba94da4,4,2,2,14,1,1768974463,2026-01-21 00:49:40
66de71af-0aca-11e7-82f6-3863bb44ef7c,22,11,10,14,1,1768974463,2026-01-21 00:49:40
f3782e27-c49a-4ee9-b188-0c13cad54688,7,0,7,10,1,1768974464,2026-01-21 00:49:40
e85c3165-ad0a-44a3-9683-d8cf7575f465,19,6,13,8,1,1768974462,2026-01-21 00:49:40
42c3bb6e-0478-4e4a-af10-151f5f4dffb9,16,3,13,1,1,1768974462,2026-01-21 00:49:40
62b97c1e-9d06-4c5e-b9c3-d76099e37fe4,12,6,6,13,1,1768974462,2026-01-21 00:49:40
16e70b05-5b73-4930-9dcf-f79e5ce9eaf5,12,1,11,10,1,1768974462,2026-01-21 00:49:40
5526b855-dc09-4159-a20a-99651861a481,4,3,1,18,1,1768974463,2026-01-21 00:49:40
1860188747953293684,6,0,6,10,1,1768974463,2026-01-21 00:49:40
837b7db3-55c6-4595-a497-834972631752,3,3,0,13,1,1768974460,2026-01-21 00:49:40
d265dbc7-ef55-4f5b-8a2b-f2015dc71fb8,17,0,17,8,1,1768974460,2026-01-21 00:49:40
1b038e21-e199-4c47-bef0-f4bcdc06b73b,39,35,4,0,1,1768974460,2026-01-21 00:49:40
1851254468343716806,18,1,17,2,1,1768974461,2026-01-21 00:49:40
545a32d3-b74c-4dc2-b82c-a6d185dd4666,4,4,0,14,1,1768974458,2026-01-21 00:49:40
66dea7b5-0aca-11e7-82f6-3863bb44ef7c,4,0,4,36,1,1768974458,2026-01-21 00:49:40
ffae66ec-7c16-436f-bd0a-eedf81d580e7,3,1,2,18,1,1768974458,2026-01-21 00:49:40
481624f3-9377-4dfd-a5dd-de05a7fef760,3,0,3,16,1,1768974459,2026-01-21 00:49:40
1937777808143497236,5,4,1,28,1,1768974459,2026-01-21 00:49:40
61f2ffd4-159a-42b3-a4d9-3fdfc3349074,3,1,2,17,1,1768974459,2026-01-21 00:49:40
1854538962214948918,19,1,18,0,1,1768974459,2026-01-21 00:49:40
eb217a2c-1dd0-4690-a34e-ecc1a708f883,2,0,2,17,1,1768974459,2026-01-21 00:49:40
66de1fe7-0aca-11e7-82f6-3863bb44ef7c,10,3,7,15,1,1768974460,2026-01-21 00:49:40
8a89684b-40a5-49fe-b75d-fdf32ffa8102,15,2,13,4,1,1768974458,2026-01-21 00:49:40
1815967442754883940,22,2,20,8,1,1768974459,2026-01-21 00:49:40
5145ad1c-241f-4448-a742-739bd5c518c2,8,2,6,9,1,1768974459,2026-01-21 00:49:40
81bec993-29a5-4e70-8f60-eecdf16c7be4,17,10,7,9,1,1768974464,2026-01-21 00:49:40
d80c274e-d17d-4a00-9b76-274c9fe4d0e1,3,1,2,32,1,1768974462,2026-01-21 00:49:40
59df3823-0369-4a10-8132-05df34a170af,13,0,13,31,1,1768974467,2026-01-21 00:49:40
66dd1c7f-0aca-11e7-82f6-3863bb44ef7c,13,7,6,37,1,1768974467,2026-01-21 00:49:40
b4a320d6-2611-4940-96ca-17fb297ec826,20,7,13,1,1,1768974467,2026-01-21 00:49:40
1862002854876824190,4,2,2,15,1,1768974467,2026-01-21 00:49:40
66dcbac5-0aca-11e7-82f6-3863bb44ef7c,7,3,4,11,1,1768974467,2026-01-21 00:49:40
493850bd-125b-49f5-932b-bf999504fb06,7,4,3,11,1,1768974464,2026-01-21 00:49:40
499e10ad-c008-461e-8cf7-20757218a9cc,3,2,1,20,1,1768974465,2026-01-21 00:49:40
22ab59a8-0af4-4101-9350-a7af88e37c2e,6,1,5,13,1,1768974465,2026-01-21 00:49:40
66dbec40-0aca-11e7-82f6-3863bb44ef7c,22,8,14,30,1,1768974465,2026-01-21 00:49:40
1875415144760576328,17,17,0,6,1,1768974465,2026-01-21 00:49:40
bcb08532-f0d5-4c0e-ad8a-4ddacc204791,4,3,1,13,1,1768974465,2026-01-21 00:49:40
549b5bc4-b949-4eeb-8ffb-2215e1e49892,42,33,9,12,1,1768974465,2026-01-21 00:49:40
807e9f5a-49b6-4b7e-847b-4a60cff330ed,3,3,0,14,1,1768974465,2026-01-21 00:49:40
66de0861-0aca-11e7-82f6-3863bb44ef7c,24,23,1,1,1,1768974468,2026-01-21 00:49:40
66dc7773-0aca-11e7-82f6-3863bb44ef7c,25,7,18,19,1,1768974467,2026-01-21 00:49:40
068b919c-f649-4091-8e12-ccf37191cad5,1,0,1,17,1,1768974468,2026-01-21 00:49:40
1814906692908349788,9,0,9,12,1,1768974468,2026-01-21 00:49:40
3134c2d4-b090-4eb8-ab44-6f9622098f72,4,3,1,18,1,1768974466,2026-01-21 00:49:40
b896d83d-5524-4c9c-a2aa-c1b0edaadc22,3,2,1,14,1,1768974466,2026-01-21 00:49:40
1849009654626746672,15,1,14,1,1,1768974465,2026-01-21 00:49:40
66de2b2f-0aca-11e7-82f6-3863bb44ef7c,48,2,46,2,1,1768974466,2026-01-21 00:49:40
ef6216aa-d3c8-46bb-8c6b-b62f8ba51b16,5,0,5,15,1,1768974468,2026-01-21 00:49:40
18a2cbb6-91f2-4393-82fb-b40a8ba90f20,2,0,2,18,1,1768974468,2026-01-21 00:49:40
2124037250266884686,10,2,8,1,1,1768974468,2026-01-21 00:49:40
6542d952-ca19-410e-9290-ee6b7a6e14cf,1,1,0,19,1,1768974468,2026-01-21 00:49:40
0dd71c6d-11ee-4ad4-ba99-36b9ad36112c,11,5,6,9,1,1768974468,2026-01-21 00:49:40
81a98b0b-cfd6-48b4-90bd-806ebbc264a0,3,2,1,15,1,1768974469,2026-01-21 00:49:40
d2b23c87-b7c3-48c2-a634-db4b76ecbcf7,5,0,5,14,1,1768974469,2026-01-21 00:49:40
93da4d1b-d574-45b0-85d7-5b82e2887267,17,1,16,4,1,1768974468,2026-01-21 00:49:40
2124425439157234232,2,1,1,11,1,1768974469,2026-01-21 00:49:40
525535e3-dde3-47b4-9c2e-0174eaa4f2bb,17,5,12,2,1,1768974469,2026-01-21 00:49:40
c8c39d85-4ce7-46c5-b709-998067200780,0,0,0,22,1,1768974469,2026-01-21 00:49:40
2124426077519611940,6,5,1,9,1,1768974469,2026-01-21 00:49:40
66dc6a86-0aca-11e7-82f6-3863bb44ef7c,11,9,2,67,1,1768974464,2026-01-21 00:49:40
66dc2995-0aca-11e7-82f6-3863bb44ef7c,41,31,10,8,1,1768974464,2026-01-21 00:49:40
66db6f2e-0aca-11e7-82f6-3863bb44ef7c,9,5,4,33,1,1768974464,2026-01-21 00:49:40
1986707977001495180,4,2,2,15,1,1768974466,2026-01-21 00:49:40
1846085439406916338,4,4,0,19,1,1768974470,2026-01-21 00:49:40
66dd515d-0aca-11e7-82f6-3863bb44ef7c,20,11,9,4,1,1768974470,2026-01-21 00:49:40
66dc840f-0aca-11e7-82f6-3863bb44ef7c,11,8,3,47,1,1768974470,2026-01-21 00:49:40
66dced76-0aca-11e7-82f6-3863bb44ef7c,4,3,1,21,1,1768974471,2026-01-21 00:49:40
66de1516-0aca-11e7-82f6-3863bb44ef7c,16,5,11,16,1,1768974471,2026-01-21 00:49:40
66dd45c7-0aca-11e7-82f6-3863bb44ef7c,18,12,6,13,1,1768974471,2026-01-21 00:49:40
0fde06c2-632c-46a9-8866-f4e855604f74,26,23,3,39,1,1768974471,2026-01-21 00:49:40
2138075988152462096,16,2,14,2,1,1768974471,2026-01-21 00:49:40
26cae473-0e59-4af7-bad5-bb6fec85c8bc,4,4,0,17,1,1768974471,2026-01-21 00:49:40
ebae0b66-e463-4ded-9b7a-43c0aca9b37a,14,5,9,6,1,1768974472,2026-01-21 00:49:40
c2bb1874-bcb7-47c5-aa7d-05423b9087e8,2,0,2,17,1,1768974472,2026-01-21 00:49:40
66dd056e-0aca-11e7-82f6-3863bb44ef7c,3,1,2,14,1,1768974472,2026-01-21 00:49:40
66dbc420-0aca-11e7-82f6-3863bb44ef7c,7,6,1,44,1,1768974473,2026-01-21 00:49:40
023cf549-bd85-4f9a-abd8-70ba29d7e86b,14,12,2,6,1,1768974473,2026-01-21 00:49:40
6b60bf55-3da4-439a-bde1-fc80be8623ba,0,0,0,22,1,1768974473,2026-01-21 00:49:40
ca843847-923a-40b7-80ca-c1c3fff6e818,1,1,0,17,1,1768974473,2026-01-21 00:49:40
3eb10c63-ea4c-4161-b07d-a29034f7367a,8,3,5,10,1,1768974473,2026-01-21 00:49:40
cbf76774-1276-4cf8-9442-f00571f1451c,27,27,0,2,1,1768974473,2026-01-21 00:49:40
66de1ea2-0aca-11e7-82f6-3863bb44ef7c,11,11,0,8,1,1768974474,2026-01-21 00:49:40
0138452a-b9f4-4aee-80b0-7fae9a122ffe,26,20,6,12,1,1768974474,2026-01-21 00:49:40
66dbe15d-0aca-11e7-82f6-3863bb44ef7c,13,1,12,12,1,1768974475,2026-01-21 00:49:40
2126623765785393224,2,1,1,17,1,1768974475,2026-01-21 00:49:40
7938263e-e5b8-4ca7-b8bf-1adbaae5fead,15,5,10,12,1,1768974475,2026-01-21 00:49:40
2124037125711300644,22,14,8,1,1,1768974475,2026-01-21 00:49:40
053312f2-e77e-4674-b28b-ad357fbcb4ee,28,14,14,34,1,1768974476,2026-01-21 00:49:40
66dc7f02-0aca-11e7-82f6-3863bb44ef7c,91,82,9,17,1,1768974476,2026-01-21 00:49:40
66db4549-0aca-11e7-82f6-3863bb44ef7c,18,13,5,5,1,1768974476,2026-01-21 00:49:40
7dda8844-60ba-4449-b05c-54c1d14ab5fb,58,43,15,10,1,1768974475,2026-01-21 00:49:40
7779e057-b33e-46a7-8a1e-8c28bcd9a558,12,2,10,7,1,1768974476,2026-01-21 00:49:40
2124426307973079924,3,0,3,6,1,1768974476,2026-01-21 00:49:40
1828965347681089818,10,0,10,10,1,1768974477,2026-01-21 00:49:40
4568f854-1268-45cf-bac8-82286ef40ae6,10,2,8,8,1,1768974477,2026-01-21 00:49:40
47da6ab2-c841-4f2d-97ef-dd8d441c96b1,2,1,1,15,1,1768974477,2026-01-21 00:49:40
457ea5d7-d643-4028-87db-46dee0b81555,24,21,3,0,1,1768974477,2026-01-21 00:49:40
66dbcbbc-0aca-11e7-82f6-3863bb44ef7c,52,12,40,17,1,1768974477,2026-01-21 00:49:40
dd482585-3028-453f-a98d-55019db9b26c,37,0,37,4,1,1768974477,2026-01-21 00:49:40
581bc4fe-cf14-4767-8377-6fa156ff8a29,9,2,7,8,1,1768974477,2026-01-21 00:49:40
1795146692060860976,18,6,12,4,1,1768974478,2026-01-21 00:49:40
66dd1d9c-0aca-11e7-82f6-3863bb44ef7c,26,11,15,2,1,1768974478,2026-01-21 00:49:40
ab5c5ee6-9c4e-4aaa-a14e-d236d3e01d9a,0,0,0,0,0,86400,2026-01-21 00:49:40
a93cb1ec-fb37-4faf-a7e7-d1e5a9e9af95,0,0,0,0,0,86400,2026-01-21 00:49:40
32c60668-a192-4d06-aa7c-6d6f7aed6b45,0,0,0,0,0,86400,2026-01-21 00:49:40
fd0e86e3-079d-40aa-8231-ec2cbdbd9e7f,0,0,0,0,0,86400,2026-01-21 00:49:40
d67375ea-3f93-4996-b0dc-f542341f2e6a,0,0,0,0,0,86400,2026-01-21 00:49:40
66dccad8-0aca-11e7-82f6-3863bb44ef7c,0,0,0,0,0,86400,2026-01-21 00:49:40
d2024260-cc58-451b-9417-3a695f8a1b34,0,0,0,0,0,1767211364,2026-01-21 00:49:40
2171903221356328154,0,0,0,0,0,86400,2026-01-21 00:49:40
2171903733697659376,0,0,0,0,0,86400,2026-01-21 00:49:40
2171903845366809074,0,0,0,0,0,86400,2026-01-21 00:49:40
1880643497376459348,0,0,0,25,0,1768903727,2026-01-21 00:49:40
2121032973750651666,3,0,3,10,1,1768974341,2026-01-21 00:49:40
2124426189188761638,13,13,0,1,1,1768974354,2026-01-21 00:49:40
66db2e3a-0aca-11e7-82f6-3863bb44ef7c,50,42,8,0,1,1768974359,2026-01-21 00:49:40
1841926579628419438,3,2,1,14,1,1768974360,2026-01-21 00:49:40
52e81f02-b1f9-45d6-9e5c-e15277de1268,5,3,2,18,1,1768974358,2026-01-21 00:49:40
2009671276352543716,10,10,0,10,1,1768974366,2026-01-21 00:49:40
1820420022433309054,24,10,14,0,1,1768974362,2026-01-21 00:49:40
2121032507515216178,8,2,6,2,1,1768974332,2026-01-21 00:49:40
1786696564295760054,9,6,3,17,1,1768974363,2026-01-21 00:49:40
66db631c-0aca-11e7-82f6-3863bb44ef7c,59,44,15,15,1,1768974364,2026-01-21 00:49:40
1848241425697670086,33,10,23,3,1,1768974363,2026-01-21 00:49:40
1869753340438110380,7,0,7,11,1,1768974371,2026-01-21 00:49:40
1838070626762830158,7,2,5,13,1,1768974367,2026-01-21 00:49:40
bb0ce308-e5d9-48c7-9f4b-cf0120f2c39a,0,0,0,23,1,1768974368,2026-01-21 00:49:40
1860188607062574024,2,0,2,16,1,1768974368,2026-01-21 00:49:40
bb07a569-cc74-439e-b424-916c0304f136,14,13,1,14,1,1768974369,2026-01-21 00:49:40
1848241963446241866,16,9,7,1,1,1768974369,2026-01-21 00:49:40
c8060816-b4aa-4fd9-bc66-af28bf61dc87,1,1,0,20,1,1768974370,2026-01-21 00:49:40
1849008925260421550,15,1,14,6,1,1768974372,2026-01-21 00:49:40
daefc84c-1b16-4220-8e1f-10ea4866fdc7,58,54,4,46,1,1768974372,2026-01-21 00:49:40
e6b6c6e2-5fcb-47cd-8f2d-4324b7c977c8,4,3,1,15,1,1768974367,2026-01-21 00:49:40
64de0666-b9ab-404e-a16b-03e449bb5b4d,4,4,0,14,1,1768974367,2026-01-21 00:49:40
31f340f3-3201-449e-b017-a26813aa448f,3,2,1,15,1,1768974367,2026-01-21 00:49:40
66dc9143-0aca-11e7-82f6-3863bb44ef7c,12,5,7,23,1,1768974370,2026-01-21 00:49:40
0cc38ba1-4625-4821-9a6f-e490525cbce2,5,4,1,14,1,1768974370,2026-01-21 00:49:40
1828964993433043090,0,0,0,5,0,1768956955,2026-01-21 00:49:40
1786697166576476490,33,28,5,12,1,1768974373,2026-01-21 00:49:40
7a771842-c090-4da1-8c13-72b7f4f50a87,16,0,16,17,1,1768974373,2026-01-21 00:49:40
2142879485385917038,15,13,2,15,1,1768974373,2026-01-21 00:49:40
1885718199416500650,10,2,8,13,1,1768974373,2026-01-21 00:49:40
3bf69f3e-23f6-4abe-b5fe-dabe6b0ea066,16,15,1,7,1,1768974375,2026-01-21 00:49:40
b47e5ffd-4215-4476-a89b-ebe52111f763,21,0,21,14,1,1768974375,2026-01-21 00:49:40
66db479e-0aca-11e7-82f6-3863bb44ef7c,26,9,17,10,1,1768974375,2026-01-21 00:49:40
ccaadb70-6c87-4ccc-9914-a3167bd1bc0e,6,3,3,24,1,1768974375,2026-01-21 00:49:40
d837d1b0-8f80-4f6c-ae45-5dd0deec6977,21,4,17,1,1,1768974374,2026-01-21 00:49:40
d11db4cd-f9bf-430b-ac19-104fef323b24,2,2,0,18,1,1768974374,2026-01-21 00:49:40
1786375597504305174,28,3,25,12,1,1768974374,2026-01-21 00:49:40
2121032035614514006,11,0,11,1,1,1768974376,2026-01-21 00:49:40
3db2fa34-0b56-4644-9ae9-bbee1583e717,10,5,5,15,1,1768974376,2026-01-21 00:49:40
3f031133-ec95-4a92-9d63-2ae28183f498,18,17,1,1,1,1768974376,2026-01-21 00:49:40
66de1368-0aca-11e7-82f6-3863bb44ef7c,38,14,24,0,1,1768974377,2026-01-21 00:49:40
1838071090619298218,17,11,6,10,1,1768974373,2026-01-21 00:49:40
ea9a19a6-acea-4286-a723-b5481c90a3c0,24,2,22,1,1,1768974376,2026-01-21 00:49:40
db91c9e0-d80b-4cb4-9cc2-9453ec8fbeac,1,1,0,16,1,1768974377,2026-01-21 00:49:40
66de4f9c-0aca-11e7-82f6-3863bb44ef7c,23,1,22,6,1,1768974377,2026-01-21 00:49:40
9a37d8a1-990b-484c-9603-262dbd1165cc,6,2,4,12,1,1768974378,2026-01-21 00:49:40
1838685618105506490,0,0,0,18,1,1768974378,2026-01-21 00:49:40
2127386600787000162,1,1,0,22,1,1768974378,2026-01-21 00:49:40
1861683747231494964,4,3,1,12,1,1768974379,2026-01-21 00:49:40
66dea52b-0aca-11e7-82f6-3863bb44ef7c,1,0,1,17,1,1768974380,2026-01-21 00:49:40
a23a40c3-6da5-4b0f-bb6b-8bfc01ec2261,8,1,7,10,1,1768974381,2026-01-21 00:49:40
1849009244468810224,16,1,15,3,1,1768974381,2026-01-21 00:49:40
b03adb87-2bd9-43a5-a822-7d06a9ee2d81,25,0,25,4,1,1768974381,2026-01-21 00:49:40
66dc82ef-0aca-11e7-82f6-3863bb44ef7c,25,23,2,36,1,1768974382,2026-01-21 00:49:40
66dc22a7-0aca-11e7-82f6-3863bb44ef7c,25,9,16,19,1,1768974382,2026-01-21 00:49:40
785b3e6b-dab5-4d25-afab-e2a1ef918669,10,2,8,14,1,1768974382,2026-01-21 00:49:40
66dc85bb-0aca-11e7-82f6-3863bb44ef7c,38,28,10,1,1,1768974383,2026-01-21 00:49:40
66dc48ef-0aca-11e7-82f6-3863bb44ef7c,35,35,0,28,1,1768974383,2026-01-21 00:49:40
4d674595-187c-417c-a691-676c4446c9fc,10,4,6,12,1,1768974379,2026-01-21 00:49:40
a90e9ad3-4347-4fa4-b031-9bf1f69ce049,2,1,1,16,1,1768974380,2026-01-21 00:49:40
66db3708-0aca-11e7-82f6-3863bb44ef7c,17,2,15,21,1,1768974380,2026-01-21 00:49:40
52dd11f4-bbd0-49ab-912b-06fac40d275d,18,10,8,10,1,1768974380,2026-01-21 00:49:40
b64eb0a5-d6d4-4f45-8c9a-e2d004819c99,8,3,5,10,1,1768974382,2026-01-21 00:49:40
87091002-cc25-452a-b5d9-f8d0c3fce422,1,1,0,22,1,1768974382,2026-01-21 00:49:40
66dbcdfc-0aca-11e7-82f6-3863bb44ef7c,1,0,1,54,1,1768974383,2026-01-21 00:49:40
a76299eb-73f7-401c-aa8b-edff9ef003bd,31,13,18,9,1,1768974384,2026-01-21 00:49:40
9991b75b-a9ba-4abc-bf84-0108291be05a,10,1,9,14,1,1768974385,2026-01-21 00:49:40
29223935-a682-411c-9f25-577bbb9804fc,18,2,16,0,1,1768974385,2026-01-21 00:49:40
03872f6b-a522-4c41-a4f2-5d0c41779e7b,0,0,0,19,1,1768974388,2026-01-21 00:49:40
94771406-6712-4508-9392-11e9d90e1185,17,12,5,0,1,1768974388,2026-01-21 00:49:40
923a60f7-2a0e-4a31-8dd5-66c8518c929e,7,2,5,12,1,1768974389,2026-01-21 00:49:40
1860187430946456420,1,0,1,17,1,1768974389,2026-01-21 00:49:40
8f1fdf4b-ecca-4f03-b04c-e10fe596e2c7,19,15,4,7,1,1768974389,2026-01-21 00:49:40
66de0bcb-0aca-11e7-82f6-3863bb44ef7c,15,11,4,40,1,1768974387,2026-01-21 00:49:40
2b33334b-243c-4a16-a6d2-32304c8884f1,2,2,0,18,1,1768974387,2026-01-21 00:49:40
2cd651e7-1e3a-4cd9-8fd1-a2416e032f6e,2,2,0,21,1,1768974386,2026-01-21 00:49:40
66dde3b1-0aca-11e7-82f6-3863bb44ef7c,17,7,10,16,1,1768974390,2026-01-21 00:49:40
81640d04-c36a-4fb1-98b0-85be10be516c,7,0,7,13,1,1768974390,2026-01-21 00:49:40
c7ffe3fa-9cd6-4d35-9060-7d5822381442,39,28,11,35,1,1768974390,2026-01-21 00:49:40
fec4aa1b-9fc1-4dd9-ab39-c1d7370a6e54,7,1,6,14,1,1768974390,2026-01-21 00:49:40
1851254360969534132,7,5,2,17,1,1768974390,2026-01-21 00:49:40
0cde9bcd-0dcb-45dc-9c9a-3e5485b5452e,0,0,0,17,1,1768974391,2026-01-21 00:49:40
1864606193814670106,6,1,5,16,1,1768974391,2026-01-21 00:49:40
3299ff79-36aa-42ef-b7f1-c40e95c8f570,19,0,19,24,1,1768974391,2026-01-21 00:49:40
94bcf812-5cff-460c-841f-54876ed1e7a4,1,1,0,17,1,1768974391,2026-01-21 00:49:40
2104278402820534724,23,6,17,16,1,1768974391,2026-01-21 00:49:40
1786699974232881542,6,1,5,14,1,1768974392,2026-01-21 00:49:40
55ccb271-7035-422e-bee1-20e84caa0217,36,0,36,11,1,1768974396,2026-01-21 00:49:40
1906951766876655628,2,0,2,26,1,1768974395,2026-01-21 00:49:40
66db6d40-0aca-11e7-82f6-3863bb44ef7c,54,43,11,10,1,1768974393,2026-01-21 00:49:40
9d23b0e9-a478-407c-a0e0-0aff1b0398fc,1,1,0,20,1,1768974394,2026-01-21 00:49:40
66dc481a-0aca-11e7-82f6-3863bb44ef7c,67,37,30,1,1,1768974393,2026-01-21 00:49:40
66ddbd20-0aca-11e7-82f6-3863bb44ef7c,92,71,21,1,1,1768974392,2026-01-21 00:49:40
c530a1cb-7c60-4651-be8a-9bfa5eb43f8a,28,20,8,6,1,1768974392,2026-01-21 00:49:40
ed5c92f1-3293-4385-9e2b-9b716a096a19,10,10,0,47,1,1768974393,2026-01-21 00:49:40
514afe43-84d4-4941-8281-75a93c5cd365,6,2,4,10,1,1768974399,2026-01-21 00:49:40
1834145868297717964,4,0,4,14,1,1768974400,2026-01-21 00:49:40
380394f7-64fa-4a65-a4d1-7bcaddd41fab,15,9,6,4,1,1768974400,2026-01-21 00:49:40
cc7b86cf-a2fb-4738-b967-de7b197dc930,2,0,2,38,1,1768974400,2026-01-21 00:49:40
8a13182a-4823-4fe7-afcd-a4ef0b134ed9,4,2,2,12,1,1768974400,2026-01-21 00:49:40
5f2766b0-362e-49e5-ab09-05e2c4b6f626,0,0,0,18,1,1768974401,2026-01-21 00:49:40
1786697932047949952,8,4,4,15,1,1768974402,2026-01-21 00:49:40
2123939659270367896,8,3,5,7,1,1768974402,2026-01-21 00:49:40
81a34754-ae08-47a6-964d-4733849a8fab,3,1,2,25,1,1768974398,2026-01-21 00:49:40
66dd455e-0aca-11e7-82f6-3863bb44ef7c,32,31,1,5,1,1768974399,2026-01-21 00:49:40
66dd4ac1-0aca-11e7-82f6-3863bb44ef7c,9,8,1,28,1,1768974399,2026-01-21 00:49:40
9ac5758f-0419-4e28-8387-6bcd28db17fa,10,1,9,8,1,1768974397,2026-01-21 00:49:40
66dbf062-0aca-11e7-82f6-3863bb44ef7c,39,24,15,3,1,1768974400,2026-01-21 00:49:40
2bf9addc-038b-48fe-8794-dde085c5e5dc,20,12,8,30,1,1768974401,2026-01-21 00:49:40
1827839088308194240,105,91,14,9,1,1768974401,2026-01-21 00:49:40
66dd43bd-0aca-11e7-82f6-3863bb44ef7c,16,14,2,29,1,1768974398,2026-01-21 00:49:40
2111353842893366258,0,0,0,31,1,1768974397,2026-01-21 00:49:40
66db79a3-0aca-11e7-82f6-3863bb44ef7c,40,35,5,8,1,1768974398,2026-01-21 00:49:40
5eac53d0-5510-441a-9dbb-76bd38acf4ef,1,0,1,15,1,1768974398,2026-01-21 00:49:40
4f57360d-a4cb-4568-b74a-f3086ccaee2e,7,3,4,13,1,1768974402,2026-01-21 00:49:40
36025f2c-ee4d-4c1a-832d-733cf37f98ef,4,3,1,26,1,1768974401,2026-01-21 00:49:40
1849009534951225816,5,1,4,11,1,1768974399,2026-01-21 00:49:40
989fdf95-cfb9-475c-ba0c-3152fd3a16e0,15,12,3,4,1,1768974402,2026-01-21 00:49:40
66dd23a9-0aca-11e7-82f6-3863bb44ef7c,12,10,2,15,1,1768974403,2026-01-21 00:49:40
68827e5f-ed28-45de-99bf-66093a8c504f,8,6,2,12,1,1768974403,2026-01-21 00:49:40
2142879839954225698,4,1,3,12,1,1768974403,2026-01-21 00:49:40
1a083890-e22b-4f81-8d98-567784034916,20,2,18,3,1,1768974404,2026-01-21 00:49:40
66dbca0f-0aca-11e7-82f6-3863bb44ef7c,46,34,12,10,1,1768974404,2026-01-21 00:49:40
9c2a741d-7f3e-4aa1-b58b-db5c3e6bcb20,1,0,1,27,1,1768974404,2026-01-21 00:49:40
4775fd25-2240-44d7-884a-d777d15a9b5e,8,7,1,12,1,1768974404,2026-01-21 00:49:40
bf317efc-13f1-42be-8243-373a29354033,4,1,3,21,1,1768974404,2026-01-21 00:49:40
1947001743402778700,4,1,3,17,1,1768974404,2026-01-21 00:49:40
1887292564377354448,4,2,2,25,1,1768974406,2026-01-21 00:49:40
c0a3b8fe-ba64-4cbb-b010-f760998d6c3a,12,12,0,7,1,1768974406,2026-01-21 00:49:40
2098359443836787630,16,15,1,55,1,1768974406,2026-01-21 00:49:40
ace80a8c-6196-484e-8dd0-061e3c90389b,2,1,1,27,1,1768974405,2026-01-21 00:49:40
467e1de6-73a6-480f-9e83-fd1b03b71047,13,3,10,11,1,1768974405,2026-01-21 00:49:40
66db4282-0aca-11e7-82f6-3863bb44ef7c,52,23,29,23,1,1768974407,2026-01-21 00:49:40
679dcf08-d88c-4d1b-b81d-fe9f4aabbff7,4,1,3,21,1,1768974407,2026-01-21 00:49:40
9b7e3b8b-97ef-4038-820c-7cd1c1a34fc7,12,2,10,12,1,1768974405,2026-01-21 00:49:40
2121033322026834516,10,0,10,3,1,1768974406,2026-01-21 00:49:40
02fb0f6a-b1dc-4e1c-97f8-fe70462670a3,23,3,20,3,1,1768974411,2026-01-21 00:49:40
66dbebad-0aca-11e7-82f6-3863bb44ef7c,27,14,13,21,1,1768974411,2026-01-21 00:49:40
514f3dda-4d08-464c-b2d4-5706d400065a,2,1,1,14,1,1768974412,2026-01-21 00:49:40
66de88d7-0aca-11e7-82f6-3863bb44ef7c,24,19,5,22,1,1768974413,2026-01-21 00:49:40
66ddb6d9-0aca-11e7-82f6-3863bb44ef7c,49,17,32,15,1,1768974413,2026-01-21 00:49:40
ebce9ecb-9678-4c42-89d7-08e54bc6fe90,3,3,0,15,1,1768974414,2026-01-21 00:49:40
66db6da2-0aca-11e7-82f6-3863bb44ef7c,45,37,8,6,1,1768974414,2026-01-21 00:49:40
afd76a0e-ceb8-4d18-a427-b378c4d07a75,20,4,16,9,1,1768974408,2026-01-21 00:49:40
7f8cb36a-2bf4-4d57-afbd-331310f25355,14,1,13,22,1,1768974408,2026-01-21 00:49:40
774c5443-d463-42b3-bfc5-b0ab3c56fe35,21,21,0,11,1,1768974410,2026-01-21 00:49:40
66dc0bbd-0aca-11e7-82f6-3863bb44ef7c,28,8,20,9,1,1768974410,2026-01-21 00:49:40
66db9cc4-0aca-11e7-82f6-3863bb44ef7c,13,6,7,24,1,1768974410,2026-01-21 00:49:40
c0a2d591-4eed-488b-b88b-0b23990e3756,16,0,16,1,1,1768974410,2026-01-21 00:49:40
a1112e04-bc50-4782-b3d6-bb5902c0e8db,2,2,0,19,1,1768974410,2026-01-21 00:49:40
1835249317786962140,0,0,0,26,1,1768974409,2026-01-21 00:49:40
48b19cc8-bf45-4602-89ac-a8c0a0560c43,17,7,10,2,1,1768974410,2026-01-21 00:49:40
7d9a1b9e-0123-4561-a111-b3735fada687,5,0,5,17,1,1768974409,2026-01-21 00:49:40
66de59bd-0aca-11e7-82f6-3863bb44ef7c,18,6,12,4,1,1768974412,2026-01-21 00:49:40
2121032193446634360,3,1,2,8,1,1768974413,2026-01-21 00:49:40
66dcccfe-0aca-11e7-82f6-3863bb44ef7c,3,0,3,13,1,1768974410,2026-01-21 00:49:40
a37bd0e0-d1e9-4302-9ff7-286e415aff1c,17,9,8,0,1,1768974414,2026-01-21 00:49:40
66db3f62-0aca-11e7-82f6-3863bb44ef7c,23,3,20,32,1,1768974414,2026-01-21 00:49:40
be435dfd-e859-487c-ae32-3d2b76d49a49,13,3,10,5,1,1768974414,2026-01-21 00:49:40
1875023224873448258,8,0,8,12,1,1768974415,2026-01-21 00:49:40
a70b26b7-fbad-4787-bf15-29f7b13a19ab,4,1,3,16,1,1768974415,2026-01-21 00:49:40
9719498d-bd5c-4424-86ac-dfe0795c57d1,5,2,3,16,1,1768974415,2026-01-21 00:49:40
4a4c7548-2466-48ef-8d7e-0aa4d6acb69e,4,2,2,16,1,1768974418,2026-01-21 00:49:40
b30815c0-99b6-451b-be15-902992cb8abb,49,46,3,8,1,1768974419,2026-01-21 00:49:40
66de1f7f-0aca-11e7-82f6-3863bb44ef7c,23,8,15,6,1,1768974420,2026-01-21 00:49:40
fe65853e-b20a-4250-9677-2aa177283b72,9,0,9,10,1,1768974420,2026-01-21 00:49:40
01839a78-f228-4706-8f7f-147b857492f2,3,2,1,15,1,1768974418,2026-01-21 00:49:40
7380e377-936d-47d7-8abe-0f666d47465e,3,2,1,17,1,1768974418,2026-01-21 00:49:40
66dc7de9-0aca-11e7-82f6-3863bb44ef7c,100,68,32,14,1,1768974418,2026-01-21 00:49:40
2121032708855884414,7,3,4,8,1,1768974418,2026-01-21 00:49:40
1838618090943186984,19,2,17,4,1,1768974415,2026-01-21 00:49:40
b1e496f1-43cf-48d0-be49-ab0d760c00bf,3,0,3,25,1,1768974416,2026-01-21 00:49:40
66db46d7-0aca-11e7-82f6-3863bb44ef7c,14,7,7,15,1,1768974421,2026-01-21 00:49:40
e6c2a46e-431a-4101-af84-870f660ff4cb,7,7,0,61,1,1768974416,2026-01-21 00:49:40
66dd4bf7-0aca-11e7-82f6-3863bb44ef7c,15,11,4,27,1,1768974417,2026-01-21 00:49:40
199ea9dd-8f7e-4e05-a730-55edaacd8787,8,6,2,49,1,1768974414,2026-01-21 00:49:40
66dde208-0aca-11e7-82f6-3863bb44ef7c,37,37,0,0,1,1768974414,2026-01-21 00:49:40
3f878b81-324e-4673-9221-43d34647e76f,12,1,11,3,1,1768974424,2026-01-21 00:49:40
01b7973e-c92e-4fbe-890e-2c24de33ce0e,11,2,9,7,1,1768974424,2026-01-21 00:49:40
2018303498843153278,23,9,14,4,1,1768974424,2026-01-21 00:49:40
e10a6e12-d98c-4625-940a-9f83d9b2f6c4,17,4,13,4,1,1768974425,2026-01-21 00:49:40
868586b3-ddc7-4b4b-9bed-a1e487033aaa,43,11,32,2,1,1768974425,2026-01-21 00:49:40
1828965887815635862,3,1,2,18,1,1768974422,2026-01-21 00:49:40
bdcbd89b-9ae0-461b-aa1d-7db7ead07400,17,3,14,9,1,1768974423,2026-01-21 00:49:40
2007842506069575758,17,2,15,3,1,1768974424,2026-01-21 00:49:40
753591ba-36f7-4ded-ab7d-40df9994a05f,11,6,5,12,1,1768974422,2026-01-21 00:49:40
8f672aa7-08a1-4fe2-a471-06f219c0eb1b,1,1,0,14,1,1768974422,2026-01-21 00:49:40
1833865926273309136,13,7,6,47,1,1768974425,2026-01-21 00:49:40
80969478-8dbc-42e1-8e16-ac0132a431c2,21,1,20,4,1,1768974425,2026-01-21 00:49:40
7f6674c4-5568-4766-b172-0385348ae184,3,3,0,17,1,1768974425,2026-01-21 00:49:40
1a5eae13-8f27-4875-8330-a796c95f8ad6,2,0,2,14,1,1768974425,2026-01-21 00:49:40
66dd243c-0aca-11e7-82f6-3863bb44ef7c,42,3,38,35,1,1768974426,2026-01-21 00:49:40
66dcf640-0aca-11e7-82f6-3863bb44ef7c,21,6,15,4,1,1768974423,2026-01-21 00:49:40
1198e739-787c-4ce4-aa63-ffaf98506e9c,5,1,4,57,1,1768974423,2026-01-21 00:49:40
9b4a92ae-cefe-467a-8e35-5ce02d4f3a45,4,1,3,14,1,1768974426,2026-01-21 00:49:40
46dca5c6-7bd3-4a4f-aa1e-33aa66652294,16,3,13,11,1,1768974426,2026-01-21 00:49:40
66dc8768-0aca-11e7-82f6-3863bb44ef7c,24,11,13,16,1,1768974433,2026-01-21 00:49:40
fb180cce-96ee-4e66-b3ce-000f3db6e670,3,2,1,27,1,1768974434,2026-01-21 00:49:40
66de542a-0aca-11e7-82f6-3863bb44ef7c,41,2,39,3,1,1768974434,2026-01-21 00:49:40
5e93b806-08e1-4ef9-98ae-d3dda20e0469,19,15,4,5,1,1768974436,2026-01-21 00:49:40
66dd51e6-0aca-11e7-82f6-3863bb44ef7c,29,24,5,44,1,1768974436,2026-01-21 00:49:40
0eacb768-c7d5-4499-9182-9a1331d9280c,25,0,25,3,1,1768974436,2026-01-21 00:49:40
66db3997-0aca-11e7-82f6-3863bb44ef7c,11,0,11,65,1,1768974436,2026-01-21 00:49:40
1814900898997467540,7,0,7,12,1,1768974436,2026-01-21 00:49:40
66db6889-0aca-11e7-82f6-3863bb44ef7c,6,6,0,26,1,1768974432,2026-01-21 00:49:40
1814907062275537820,15,3,12,12,1,1768974433,2026-01-21 00:49:40
6ae35aa8-644e-4b2c-b6a4-6570192f78ab,14,0,14,15,1,1768974433,2026-01-21 00:49:40
2124425670552673214,1,1,0,12,1,1768974433,2026-01-21 00:49:40
66dc741f-0aca-11e7-82f6-3863bb44ef7c,50,43,7,15,1,1768974437,2026-01-21 00:49:40
2123939077451327830,3,0,3,7,1,1768974438,2026-01-21 00:49:40
956de8aa-9e06-4efb-8eb0-35fe9b274a48,17,17,0,1,1,1768974438,2026-01-21 00:49:40
1859811213834095332,15,0,15,9,1,1768974438,2026-01-21 00:49:40
c37931bb-8571-4671-a9a8-f3cf23897680,49,27,22,42,1,1768974438,2026-01-21 00:49:40
66de1bc3-0aca-11e7-82f6-3863bb44ef7c,12,2,10,45,1,1768974434,2026-01-21 00:49:40
1846085533896197012,20,1,19,0,1,1768974435,2026-01-21 00:49:40
2e5cde21-f0a2-4396-899e-6df275e99212,5,5,0,15,1,1768974435,2026-01-21 00:49:40
f752c376-3a6f-4cd3-b9fd-3c049d45a9a6,3,1,2,15,1,1768974435,2026-01-21 00:49:40
1958457675193833900,10,3,7,12,1,1768974437,2026-01-21 00:49:40
1815967051912860522,23,0,23,6,1,1768974437,2026-01-21 00:49:40
1817432954560889524,8,0,8,12,1,1768974437,2026-01-21 00:49:40
0927e331-866f-4d99-99b4-04edde99117a,18,7,11,21,1,1768974437,2026-01-21 00:49:40
1828969726487003714,8,1,7,10,1,1768974434,2026-01-21 00:49:40
101c813e-02a8-4b6b-bd5d-981c1ea62019,3,3,0,18,1,1768974434,2026-01-21 00:49:40
a958a8af-a0cc-4bca-9114-93c74ce3c693,3,3,0,19,1,1768974437,2026-01-21 00:49:40
1786687245202023014,33,9,24,0,1,1768974430,2026-01-21 00:49:40
1817432233006383832,20,1,19,2,1,1768974430,2026-01-21 00:49:40
b9c209b2-6284-4f5a-a32a-680ef9da1c1f,0,0,0,18,1,1768974431,2026-01-21 00:49:40
92a51669-deec-45a9-8494-fafdf6356c51,6,3,3,26,1,1768974431,2026-01-21 00:49:40
1836581441921155232,9,8,1,9,1,1768974431,2026-01-21 00:49:40
cd72b9da-b7c6-4785-92b5-0fb2130f0d7b,0,0,0,22,1,1768974431,2026-01-21 00:49:40
c56739c2-b310-4d73-ab0e-b6036abd9561,21,4,17,4,1,1768974432,2026-01-21 00:49:40
7f1b4c40-d9fa-4182-be0e-a993655cfb6f,19,11,8,3,1,1768974432,2026-01-21 00:49:40
7cb65297-c880-459a-b054-4e059576c02a,3,2,1,16,1,1768974432,2026-01-21 00:49:40
4753c893-e4bd-4d6a-bc4d-42209a19ebeb,1,1,0,16,1,1768974427,2026-01-21 00:49:40
2124037656159914878,5,3,2,6,1,1768974427,2026-01-21 00:49:40
6a52ceae-3b97-487a-9438-de844bfbf1c2,9,4,5,10,1,1768974428,2026-01-21 00:49:40
66dbcf18-0aca-11e7-82f6-3863bb44ef7c,65,18,47,8,1,1768974430,2026-01-21 00:49:40
54782566-697b-497e-a503-dc1f39963eb2,6,6,0,19,1,1768974428,2026-01-21 00:49:40
8456b63c-37c6-49a6-8c02-bb6dcfc35041,13,10,3,9,1,1768974429,2026-01-21 00:49:40
85ba92ab-8d0a-4d17-9d07-0173e16d3b6d,4,1,3,15,1,1768974429,2026-01-21 00:49:40
3ff00115-e8da-4326-97d3-7bf4fe4df7a5,2,1,1,17,1,1768974429,2026-01-21 00:49:40
66dc3f08-0aca-11e7-82f6-3863bb44ef7c,99,77,22,1,1,1768974429,2026-01-21 00:49:40
66db8ca4-0aca-11e7-82f6-3863bb44ef7c,45,24,21,14,1,1768974428,2026-01-21 00:49:40
94624d6e-4150-4ab1-92ff-bf55cb58ab61,2,1,1,16,1,1768974428,2026-01-21 00:49:40
a724eb92-55ca-4b9f-9a87-c2e87b3cbd40,1,1,0,19,1,1768974428,2026-01-21 00:49:40
852218fc-5e5b-4153-bc3f-03760b57e68a,4,0,4,17,1,1768974440,2026-01-21 00:49:40
66ddef96-0aca-11e7-82f6-3863bb44ef7c,37,16,21,7,1,1768974440,2026-01-21 00:49:40
66db89a3-0aca-11e7-82f6-3863bb44ef7c,59,8,51,14,1,1768974440,2026-01-21 00:49:40
398aa734-3893-4dba-a704-57ae8632c4f9,6,5,1,15,1,1768974441,2026-01-21 00:49:40
c29c9178-bcb1-4c0c-b789-f4a89512a4e4,2,0,2,17,1,1768974439,2026-01-21 00:49:40
e1a3f2f9-618f-4727-b2d6-676e02aadf17,12,3,9,6,1,1768974439,2026-01-21 00:49:40
77b21502-a7a2-40b4-8f3e-f9c6c6ef0939,11,1,10,14,1,1768974439,2026-01-21 00:49:40
66dc9068-0aca-11e7-82f6-3863bb44ef7c,21,6,15,51,1,1768974440,2026-01-21 00:49:40
7f3aa940-18ef-4900-89dc-cdb05f693f31,3,1,2,16,1,1768974442,2026-01-21 00:49:40
66dca682-0aca-11e7-82f6-3863bb44ef7c,29,22,7,33,1,1768974442,2026-01-21 00:49:40
66dd266a-0aca-11e7-82f6-3863bb44ef7c,30,4,26,2,1,1768974442,2026-01-21 00:49:40
f72a253f-3cef-4da8-9591-0cbd3a692162,30,18,12,12,1,1768974442,2026-01-21 00:49:40
1834145468418707676,13,0,13,5,1,1768974442,2026-01-21 00:49:40
1893519215751496610,31,1,30,0,1,1768974445,2026-01-21 00:49:40
cf284d60-23e7-49ec-91dc-8bfedb59cb6a,17,1,16,2,1,1768974445,2026-01-21 00:49:40
66db5e6a-0aca-11e7-82f6-3863bb44ef7c,9,7,2,9,1,1768974446,2026-01-21 00:49:40
5f7ac86c-1a98-4603-8749-4bb83ac84acd,23,20,3,29,1,1768974441,2026-01-21 00:49:40
66de44ba-0aca-11e7-82f6-3863bb44ef7c,32,16,16,5,1,1768974441,2026-01-21 00:49:40
1871972060496771504,2,2,0,15,1,1768974444,2026-01-21 00:49:40
1860188069348460678,22,3,19,0,1,1768974444,2026-01-21 00:49:40
bde94a25-6089-4490-af3a-8cc5702230b8,88,71,17,11,1,1768974444,2026-01-21 00:49:40
62e2b1dd-ca52-4e1c-a112-1d8846b9d9b5,15,3,12,2,1,1768974445,2026-01-21 00:49:40
66de1c33-0aca-11e7-82f6-3863bb44ef7c,28,21,7,20,1,1768974443,2026-01-21 00:49:40
5d994b32-b7a5-450d-9bbb-93bf3b03e6d5,0,0,0,17,1,1768974444,2026-01-21 00:49:40
33c533cd-5f0e-4c15-a00a-6a2bf1e2d077,22,18,4,39,1,1768974442,2026-01-21 00:49:40
9e0b3452-ef6d-4e94-8c05-7bef199cdb74,8,4,4,12,1,1768974450,2026-01-21 00:49:40
f54ad1f8-fe58-49ac-82ae-b742aec66829,49,40,9,27,1,1768974450,2026-01-21 00:49:40
2126579619522812246,11,4,7,2,1,1768974450,2026-01-21 00:49:40
9b721468-3b28-429d-9e13-580cdf00a6a4,17,3,14,6,1,1768974450,2026-01-21 00:49:40
0197e9da-ae03-40a7-8270-fe500bfc9e18,4,4,0,15,1,1768974451,2026-01-21 00:49:40
06f0d251-e1e3-435c-8c5f-9b991a14ca4a,6,5,1,19,1,1768974451,2026-01-21 00:49:40
66de3fde-0aca-11e7-82f6-3863bb44ef7c,3,1,2,20,1,1768974448,2026-01-21 00:49:40
17ba4945-b202-4667-965f-211d80622646,14,0,14,8,1,1768974449,2026-01-21 00:49:40
ffaa8f6a-a4ea-4d3a-a57c-f42f77cd4581,0,0,0,24,1,1768974450,2026-01-21 00:49:40
a82cc641-0926-4a63-b488-7060ab7dcd74,26,18,8,4,1,1768974449,2026-01-21 00:49:40
1786697528321024934,38,6,32,2,1,1768974450,2026-01-21 00:49:40
1876864480506022446,16,0,16,5,1,1768974450,2026-01-21 00:49:40
1864605659096685518,0,0,0,17,1,1768974447,2026-01-21 00:49:40
50575cba-95ac-4134-9da1-3eec8253afc4,5,2,3,31,1,1768974447,2026-01-21 00:49:40
1865017865553426604,8,0,8,9,1,1768974447,2026-01-21 00:49:40
fac701fb-c433-496e-933b-ea137dbe7fe1,4,1,3,12,1,1768974448,2026-01-21 00:49:40
66dd2786-0aca-11e7-82f6-3863bb44ef7c,20,6,14,5,1,1768974448,2026-01-21 00:49:40
dccab832-b4a2-4105-927d-b52ec0d92c92,17,5,12,1,1,1768974446,2026-01-21 00:49:40
d9bc0b3e-1af8-4cb6-a082-8ef1245ef329,9,5,4,15,1,1768974446,2026-01-21 00:49:40
bd30f2a1-38ec-474d-9e36-07f688e87427,14,9,5,1,1,1768974450,2026-01-21 00:49:40
6ca15d94-897a-4c81-ab47-366829afb7c4,0,0,0,22,1,1768974450,2026-01-21 00:49:40
1945126257666675246,9,4,5,12,1,1768974447,2026-01-21 00:49:40
1817431953833509324,10,3,7,11,1,1768974451,2026-01-21 00:49:40
d52d4171-fd60-4a28-b7e2-89f3693e0591,12,5,7,5,1,1768974451,2026-01-21 00:49:40
1202a491-9f76-4609-9b5c-eb7723ab5b45,11,3,8,7,1,1768974452,2026-01-21 00:49:40
0c923abb-298a-4a47-b132-9fae73cc59e6,30,24,6,11,1,1768974452,2026-01-21 00:49:40
66db7a0d-0aca-11e7-82f6-3863bb44ef7c,44,21,23,7,1,1768974452,2026-01-21 00:49:40
66dc9223-0aca-11e7-82f6-3863bb44ef7c,4,1,3,80,1,1768974452,2026-01-21 00:49:40
2010065065442370322,0,0,0,23,1,1768974453,2026-01-21 00:49:40
ffef95fa-600b-4f08-b2ce-e8eb034ebfd8,16,16,0,15,1,1768974452,2026-01-21 00:49:40
66dcca0d-0aca-11e7-82f6-3863bb44ef7c,3,0,3,19,1,1768974453,2026-01-21 00:49:40
4168e5a4-c7ec-4045-bfc8-84ac5edbe845,34,24,10,10,1,1768974453,2026-01-21 00:49:40
1843486390605672640,4,1,3,21,1,1768974453,2026-01-21 00:49:40
ecbfcdb7-fffc-4d45-bed2-1510fd45834d,9,3,6,9,1,1768974453,2026-01-21 00:49:40
65a1b09d-560d-46bf-8f5d-7f59471a587e,2,1,1,19,1,1768974456,2026-01-21 00:49:40
8e631be4-1e0c-4627-a261-18f0003d0ba2,7,5,2,34,1,1768974457,2026-01-21 00:49:40
66de110b-0aca-11e7-82f6-3863bb44ef7c,22,4,18,16,1,1768974457,2026-01-21 00:49:40
1815967674683118258,21,0,21,2,1,1768974457,2026-01-21 00:49:40
2436e886-dc53-47cb-8733-d663f9dcd922,3,2,1,21,1,1768974457,2026-01-21 00:49:40
a6a132f9-89bf-42a4-afe6-1ca449b7f570,7,6,1,11,1,1768974457,2026-01-21 00:49:40
324af152-33ea-48a7-8bb0-ad8b6f31571f,37,6,31,8,1,1768974458,2026-01-21 00:49:40
40914c6b-293d-49ac-b83a-d9d4af998aea,8,5,3,10,1,1768974456,2026-01-21 00:49:40
14f928c6-9a51-40a2-b7e6-a74e8b351dbf,10,3,7,11,1,1768974456,2026-01-21 00:49:40
1813395029173762108,41,41,0,0,1,1768974457,2026-01-21 00:49:40
bb6bba3f-19a0-4ebb-a454-4ac678d9d62d,1,1,0,20,1,1768974453,2026-01-21 00:49:40
999865d2-0735-4e85-a9d4-00810231530e,7,2,5,14,1,1768974454,2026-01-21 00:49:40
1854538793462575652,10,0,10,8,1,1768974454,2026-01-21 00:49:40
1860189190334925058,3,0,3,18,1,1768974455,2026-01-21 00:49:40
18326827-dcae-47e0-8518-c4bb9e21eef6,28,0,28,3,1,1768974455,2026-01-21 00:49:40
d8e02e7b-632b-4fbe-95b9-80efa47473e3,3,3,0,17,1,1768974455,2026-01-21 00:49:40
c9cd8c29-7f0b-4979-9a0e-bec4613d2600,0,0,0,19,1,1768974454,2026-01-21 00:49:40
66dc1d0c-0aca-11e7-82f6-3863bb44ef7c,17,12,5,11,1,1768974454,2026-01-21 00:49:40
66dcf023-0aca-11e7-82f6-3863bb44ef7c,14,7,7,5,1,1768974453,2026-01-21 00:49:40
1862759079900600428,1,0,1,17,1,1768974461,2026-01-21 00:49:40
4d4a3e7b-1005-4bfd-8680-340a20cacbee,17,9,8,4,1,1768974461,2026-01-21 00:49:40
fea72f55-d296-47af-9446-149688dcccbd,1,1,0,14,1,1768974462,2026-01-21 00:49:40
17aba164-9d41-4336-9767-2218b8994ded,14,3,11,8,1,1768974461,2026-01-21 00:49:40
760ebaea-f7c7-45ad-aa3b-395d97adcf8f,8,1,7,13,1,1768974462,2026-01-21 00:49:40
e6f3c665-0c87-4f34-a5e8-69baeed7b7bf,7,2,5,13,1,1768974462,2026-01-21 00:49:40
40eaa69a-d3ab-48fc-b395-b5bdc6a1aa85,9,2,7,10,1,1768974462,2026-01-21 00:49:40
66dcbf69-0aca-11e7-82f6-3863bb44ef7c,8,5,3,10,1,1768974462,2026-01-21 00:49:40
1815968422007427668,8,2,6,11,1,1768974462,2026-01-21 00:49:40
1843486189591985058,0,0,0,22,1,1768974462,2026-01-21 00:49:40
b7c6ce96-a24d-4c1e-93ee-6f49c1adf119,3,1,2,12,1,1768974462,2026-01-21 00:49:40
426862de-f8f2-4967-ba41-76680a4b460c,5,4,1,12,1,1768974462,2026-01-21 00:49:40
aa0e6301-4162-428d-8943-7b684089b0d1,5,0,5,13,1,1768974463,2026-01-21 00:49:40
d7f55e1b-12db-49d1-9cd8-4fb464745841,11,1,10,14,1,1768974463,2026-01-21 00:49:40
e982e1cb-7e7b-4769-85b8-565925200654,6,0,6,18,1,1768974464,2026-01-21 00:49:40
22e38a04-e70d-4484-bbf3-f6e8c64fdbd4,5,4,1,18,1,1768974464,2026-01-21 00:49:40
9e014047-d675-418b-a03c-84d974a25134,0,0,0,30,1,1768974464,2026-01-21 00:49:40
66dd3fc3-0aca-11e7-82f6-3863bb44ef7c,21,16,5,16,1,1768974459,2026-01-21 00:49:40
1945125910957847430,3,1,2,16,1,1768974459,2026-01-21 00:49:40
66db3ba0-0aca-11e7-82f6-3863bb44ef7c,49,41,8,21,1,1768974459,2026-01-21 00:49:40
f3b359e2-7983-4aaf-b6b0-e3b7d30816a4,18,4,14,1,1,1768974459,2026-01-21 00:49:40
1851674088959433552,5,1,4,16,1,1768974460,2026-01-21 00:49:40
b319c797-71ff-490c-b965-ba2ac0f50da0,4,3,1,13,1,1768974459,2026-01-21 00:49:40
bc512527-7863-48d5-aea8-3de470abc1ee,7,4,3,11,1,1768974461,2026-01-21 00:49:40
e666a344-1afb-4512-b2e9-2fc5ed71be2b,0,0,0,23,1,1768974461,2026-01-21 00:49:40
7a15d81b-357e-42e0-b208-93ffd562fd63,1,0,1,24,1,1768974461,2026-01-21 00:49:40
39f756c2-3904-463e-95a8-8d8e3540e845,50,24,26,16,1,1768974461,2026-01-21 00:49:40
1835247745828931742,1,0,1,18,1,1768974461,2026-01-21 00:49:40
1843486667668726558,22,2,20,2,1,1768974463,2026-01-21 00:49:40
66de269c-0aca-11e7-82f6-3863bb44ef7c,12,7,5,20,1,1768974468,2026-01-21 00:49:40
1820420224296772166,15,7,8,8,1,1768974469,2026-01-21 00:49:40
2132211694027383298,16,9,7,0,1,1768974469,2026-01-21 00:49:40
1814906873296976512,7,1,6,13,1,1768974468,2026-01-21 00:49:40
1880643915885220532,4,4,0,26,1,1768974469,2026-01-21 00:49:40
79399e32-a6c6-4732-8ad4-9f9140a86b21,19,14,5,1,1,1768974469,2026-01-21 00:49:40
1908785111291682996,5,2,3,13,1,1768974469,2026-01-21 00:49:40
77463580-6421-403d-b170-f2660c216175,2,2,0,21,1,1768974469,2026-01-21 00:49:40
66dc24b8-0aca-11e7-82f6-3863bb44ef7c,39,4,35,30,1,1768974469,2026-01-21 00:49:40
99142ec8-c0e7-47ca-916c-c1097d48e133,14,8,6,27,1,1768974467,2026-01-21 00:49:40
1819720453019329398,3,0,3,18,1,1768974468,2026-01-21 00:49:40
66dd4f31-0aca-11e7-82f6-3863bb44ef7c,12,10,2,22,1,1768974467,2026-01-21 00:49:40
66de103b-0aca-11e7-82f6-3863bb44ef7c,15,8,7,5,1,1768974468,2026-01-21 00:49:40
1934770108420609000,1,0,1,16,1,1768974468,2026-01-21 00:49:40
16a4effc-282e-4053-b47b-31f734d50c08,15,2,13,7,1,1768974468,2026-01-21 00:49:40
d946ce73-5487-4ab7-b429-cf873e9af5b5,11,2,9,8,1,1768974468,2026-01-21 00:49:40
e73cf71b-db05-44f9-b57a-689d65320d68,2,0,2,28,1,1768974465,2026-01-21 00:49:40
1835247469495105628,3,0,3,18,1,1768974465,2026-01-21 00:49:40
b7df61c0-8ead-46cb-9d6e-a6a3011ffb71,6,1,5,19,1,1768974464,2026-01-21 00:49:40
1846086463217404850,23,8,15,1,1,1768974465,2026-01-21 00:49:40
4543214c-c9d4-4f20-9cd9-dd05cc365931,40,32,8,5,1,1768974465,2026-01-21 00:49:40
e4980fd0-e540-40ca-acba-c2a74f3294fc,3,3,0,20,1,1768974465,2026-01-21 00:49:40
1804894168423871442,22,9,12,3,1,1768974465,2026-01-21 00:49:40
b7d7543b-74ac-4a48-a3c4-412f9ffbc727,11,0,11,13,1,1768974465,2026-01-21 00:49:40
1856847127505992556,0,0,0,0,0,1768974466,2026-01-21 00:49:40
66dc8bfd-0aca-11e7-82f6-3863bb44ef7c,24,12,12,26,1,1768974467,2026-01-21 00:49:40
efa2a82f-eb4a-4b82-a602-6c42cb984101,4,2,2,13,1,1768974467,2026-01-21 00:49:40
2126623199408050430,10,2,8,6,1,1768974467,2026-01-21 00:49:40
1861680889400379678,15,12,3,3,1,1768974470,2026-01-21 00:49:40
5f968a1b-ee60-43a0-ad25-05211e09e436,9,4,5,11,1,1768974470,2026-01-21 00:49:40
dadd2084-d844-46f5-b7a4-128d31eeba8e,0,0,0,18,1,1768974470,2026-01-21 00:49:40
66dc79e6-0aca-11e7-82f6-3863bb44ef7c,2,1,1,20,1,1768974467,2026-01-21 00:49:40
eb8fcff2-6f58-4724-b564-ebc9a8d374d8,17,1,16,1,1,1768974467,2026-01-21 00:49:40
66db65aa-0aca-11e7-82f6-3863bb44ef7c,72,37,35,25,1,1768974465,2026-01-21 00:49:40
0ebdda6a-37e4-4ff4-94e8-3947f49d8e24,3,1,2,19,1,1768974466,2026-01-21 00:49:40
66ddea2a-0aca-11e7-82f6-3863bb44ef7c,53,17,36,19,1,1768974465,2026-01-21 00:49:40
55146e49-9bc4-4f13-bdf7-25422342b638,1,1,0,16,1,1768974465,2026-01-21 00:49:40
6651fc84-09d1-4cdb-a8d5-7d6345fb3466,13,1,12,4,1,1768974465,2026-01-21 00:49:40
1877920686883352866,19,8,11,1,1,1768974470,2026-01-21 00:49:40
f882ccc8-45aa-426b-aef6-514fe1d3d9cc,11,6,5,18,1,1768974470,2026-01-21 00:49:40
189f573b-a2d0-40d2-af15-83c5015d93e2,6,6,0,17,1,1768974472,2026-01-21 00:49:40
c02864f0-2611-440b-98f4-45fddfd545fe,20,2,18,3,1,1768974472,2026-01-21 00:49:40
1828967346753327602,7,1,6,11,1,1768974472,2026-01-21 00:49:40
66db269c-0aca-11e7-82f6-3863bb44ef7c,19,19,0,11,1,1768974472,2026-01-21 00:49:40
66dd18dd-0aca-11e7-82f6-3863bb44ef7c,12,5,7,12,1,1768974471,2026-01-21 00:49:40
b930dd82-92d0-4d86-b896-7d8b827c2d5f,1,0,1,16,1,1768974471,2026-01-21 00:49:40
c4d6b123-df5a-446d-b0ae-d3c4846565d5,8,5,3,16,1,1768974475,2026-01-21 00:49:40
8d2eff37-be09-4b46-a95d-abff89e16d56,8,0,8,9,1,1768974475,2026-01-21 00:49:40
c042a307-2d7d-4ee9-95b7-a7505a3428c2,16,10,6,19,1,1768974475,2026-01-21 00:49:40
d0b87aa7-7e19-40d2-8f7d-6a622e6ac391,4,1,3,19,1,1768974475,2026-01-21 00:49:40
6908ae75-b9a1-4f20-b192-95dc43e858a8,7,2,5,9,1,1768974473,2026-01-21 00:49:40
e72f0aec-2293-4636-988c-b9d30df092f8,35,29,6,4,1,1768974473,2026-01-21 00:49:40
66dc864c-0aca-11e7-82f6-3863bb44ef7c,21,16,5,5,1,1768974473,2026-01-21 00:49:40
1843486597735840252,17,3,14,5,1,1768974474,2026-01-21 00:49:40
1975559886658995034,0,0,0,24,1,1768974475,2026-01-21 00:49:40
15e1568b-f502-47a2-9d3d-b5aaa1edc239,5,2,3,14,1,1768974475,2026-01-21 00:49:40
48e7e465-f861-452a-9bf7-7eacd0b2bcac,19,0,19,0,1,1768974475,2026-01-21 00:49:40
1898455214498195676,3,2,1,16,1,1768974475,2026-01-21 00:49:40
66dd20eb-0aca-11e7-82f6-3863bb44ef7c,34,26,8,0,1,1768974476,2026-01-21 00:49:40
5600446d-a00a-45e6-9dc3-550adfd63e39,3,3,0,15,1,1768974474,2026-01-21 00:49:40
1877653505745721834,4,3,1,15,1,1768974474,2026-01-21 00:49:40
0e5be726-2452-42a0-9be8-ea85c8408e4c,9,5,4,12,1,1768974474,2026-01-21 00:49:40
1814900752968579218,12,0,12,9,1,1768974474,2026-01-21 00:49:40
d08be53f-9691-4d6f-81f3-7d052abb7dd6,4,2,2,14,1,1768974474,2026-01-21 00:49:40
8f72fe26-98aa-4e87-a612-9ae0eb1d9a38,19,2,17,1,1,1768974474,2026-01-21 00:49:40
66dc90d5-0aca-11e7-82f6-3863bb44ef7c,35,25,10,0,1,1768974474,2026-01-21 00:49:40
ddc8ca6c-dceb-4603-ab1e-4bd972ca2a3d,9,2,7,8,1,1768974471,2026-01-21 00:49:40
330ee4e3-29cb-48e5-845f-a8ccf1aa2ce6,2,0,2,24,1,1768974471,2026-01-21 00:49:40
66dce4fc-0aca-11e7-82f6-3863bb44ef7c,7,2,5,18,1,1768974471,2026-01-21 00:49:40
66dc7659-0aca-11e7-82f6-3863bb44ef7c,85,63,23,31,1,1768974476,2026-01-21 00:49:40
f06c01c3-fd7f-443c-a0c7-fc9233d77f6a,2,2,0,19,1,1768974476,2026-01-21 00:49:40
66dc1e55-0aca-11e7-82f6-3863bb44ef7c,10,5,5,52,1,1768974476,2026-01-21 00:49:40
2868db5b-df51-4c36-8515-ef77a5b092c2,15,0,15,1,1,1768974476,2026-01-21 00:49:40
145bbc0d-8976-45ae-9565-158ba564d3d1,21,6,15,4,1,1768974476,2026-01-21 00:49:40
66db33fc-0aca-11e7-82f6-3863bb44ef7c,28,19,9,39,1,1768974477,2026-01-21 00:49:40
711ccb32-e1bc-4577-ac7b-50592cc9b8a0,23,7,16,1,1,1768974477,2026-01-21 00:49:40
d1c204d7-d575-417d-b134-6ebdf7e99f98,12,11,1,9,1,1768974477,2026-01-21 00:49:40
1854537815365165328,0,0,0,19,1,1768974477,2026-01-21 00:49:40
1845677022981917240,13,1,12,4,1,1768974477,2026-01-21 00:49:40
b9deb521-41b6-4f8a-ac78-0e58e3977f2c,11,0,11,13,1,1768974477,2026-01-21 00:49:40
1854255035042870020,9,1,8,7,1,1768974478,2026-01-21 00:49:40
8ef6ec7d-e898-4edc-8f3f-af888f8c5ef4,4,0,4,17,1,1768974478,2026-01-21 00:49:40
1882735457106787122,18,11,7,7,1,1768974479,2026-01-21 00:49:40
c45aa693-fedd-478f-ade9-bf176c4e32ff,7,1,6,12,1,1768974479,2026-01-21 00:49:40
35b8b636-18d3-4860-b0a9-39c0bce96a10,11,0,11,16,1,1768974479,2026-01-21 00:49:40
e2fc6d90-8deb-4e21-961d-9d5208c1f986,17,15,2,12,1,1768974479,2026-01-21 00:49:40
dc8223ad-4108-40a8-9ff5-35e8490b4077,0,0,0,0,0,86400,2026-01-21 00:49:40
2004153375425087884,0,0,0,0,0,86400,2026-01-21 00:49:40
1815968147129520346,0,0,0,0,0,86400,2026-01-21 00:49:40
1861683496445528180,0,0,0,0,0,86400,2026-01-21 00:49:40
66dc7a7d-0aca-11e7-82f6-3863bb44ef7c,0,0,0,0,0,1760532172,2026-01-21 00:49:40
2171904090179944948,0,0,0,0,0,86400,2026-01-21 00:49:40
2171902875345687974,0,0,0,0,0,86400,2026-01-21 00:49:40
2171902770580328596,0,0,0,0,0,86400,2026-01-21 00:49:40
66db473c-0aca-11e7-82f6-3863bb44ef7c,0,0,0,3,0,1768246235,2026-01-21 00:49:40
1869439561831725810,6,0,6,19,1,1768974364,2026-01-21 00:49:40
7a725e59-49be-4c1d-9c3d-3b3a8ed1232f,10,10,0,11,1,1768974364,2026-01-21 00:49:40
dd351a72-4241-4275-843d-0fffa8a1f414,14,11,3,9,1,1768974364,2026-01-21 00:49:40
66db3606-0aca-11e7-82f6-3863bb44ef7c,13,12,1,44,1,1768974367,2026-01-21 00:49:40
1899178885660253096,24,19,5,0,1,1768974368,2026-01-21 00:49:40
9c1c3499-1b11-471f-b59a-87d9e27e15c5,4,3,1,17,1,1768974365,2026-01-21 00:49:40
66dd039b-0aca-11e7-82f6-3863bb44ef7c,0,0,0,25,1,1768974365,2026-01-21 00:49:40
1861681121800951962,14,4,10,7,1,1768974367,2026-01-21 00:49:40
2b54cb2c-31be-4620-a13c-0fa72b58c90a,2,1,1,24,1,1768974365,2026-01-21 00:49:40
e8df73bd-5d3d-47c9-b04d-bcec4db5540f,61,15,46,2,1,1768974369,2026-01-21 00:49:40
66dbc551-0aca-11e7-82f6-3863bb44ef7c,1,0,1,51,1,1768974369,2026-01-21 00:49:40
085da8d4-9465-46f0-82d1-10c9c9177d64,2,1,1,17,1,1768974377,2026-01-21 00:49:40
66dea6e1-0aca-11e7-82f6-3863bb44ef7c,3,2,1,61,1,1768974377,2026-01-21 00:49:40
55fda28d-56a8-4db2-b42a-072714f18471,15,0,15,3,1,1768974377,2026-01-21 00:49:40
66db402c-0aca-11e7-82f6-3863bb44ef7c,76,32,44,11,1,1768974377,2026-01-21 00:49:40
1861271680294357158,15,6,9,7,1,1768974375,2026-01-21 00:49:40
93c28953-7e65-436e-9c5a-9d7ca0e3729f,18,16,2,4,1,1768974375,2026-01-21 00:49:40
3e9e50cc-f336-439f-bd0b-dec5499c038d,39,37,2,6,1,1768974375,2026-01-21 00:49:40
26176e86-8362-4c91-a693-6aa3f9ce0b73,8,6,2,12,1,1768974375,2026-01-21 00:49:40
66dde197-0aca-11e7-82f6-3863bb44ef7c,18,16,2,23,1,1768974375,2026-01-21 00:49:40
66db2db5-0aca-11e7-82f6-3863bb44ef7c,53,1,52,3,1,1768974375,2026-01-21 00:49:40
53e30d38-a110-42b4-a8f9-ca801a847ac7,36,28,8,9,1,1768974376,2026-01-21 00:49:40
901cab1a-a77e-424e-b602-16883e792f93,5,3,2,12,1,1768974374,2026-01-21 00:49:40
66db74a5-0aca-11e7-82f6-3863bb44ef7c,42,15,27,9,1,1768974374,2026-01-21 00:49:40
66dbbc4a-0aca-11e7-82f6-3863bb44ef7c,16,6,10,8,1,1768974374,2026-01-21 00:49:40
a2f71eea-05a2-4fe7-99ab-f74535c880ae,8,6,2,16,1,1768974376,2026-01-21 00:49:40
ebfafca3-5818-4e6f-8374-98f44a0ca0c6,2,1,1,24,1,1768974376,2026-01-21 00:49:40
d3f51f51-7e51-4c75-8600-d76916608707,5,3,2,22,1,1768974389,2026-01-21 00:49:40
956e9f8d-d23a-4a0e-bf28-84180e818af7,15,12,3,10,1,1768974389,2026-01-21 00:49:40
4d79bdb9-7c35-4d35-9f6e-3c1b849c453a,22,17,5,20,1,1768974389,2026-01-21 00:49:40
66dcc30b-0aca-11e7-82f6-3863bb44ef7c,14,7,7,2,1,1768974386,2026-01-21 00:49:40
158e7752-27e2-4912-be0b-eb15405aa096,9,3,6,11,1,1768974387,2026-01-21 00:49:40
66de48f9-0aca-11e7-82f6-3863bb44ef7c,15,1,14,1,1,1768974387,2026-01-21 00:49:40
0e003543-3656-448f-8a93-029d265f2e26,26,2,24,5,1,1768974390,2026-01-21 00:49:40
9a40cb60-6ede-4c9e-9d64-dc55cae57f31,1,0,1,26,1,1768974388,2026-01-21 00:49:40
d9ec5589-c872-46f2-88cd-e54f9c596721,6,0,6,11,1,1768974386,2026-01-21 00:49:40
1903998756008763590,2,2,0,49,1,1768974386,2026-01-21 00:49:40
66db44e5-0aca-11e7-82f6-3863bb44ef7c,25,10,15,12,1,1768974386,2026-01-21 00:49:40
5db1fefa-0f10-4c58-a7ce-113f3164ced8,11,2,9,7,1,1768974389,2026-01-21 00:49:40
0c106e83-c47a-4233-b5e4-62bbb75d0bed,0,0,0,17,1,1768974388,2026-01-21 00:49:40
d7bdc3d7-6e6d-4899-9cc7-f4238a86c695,4,1,3,19,1,1768974394,2026-01-21 00:49:40
66dc21d4-0aca-11e7-82f6-3863bb44ef7c,1,0,1,49,1,1768974395,2026-01-21 00:49:40
66dbb869-0aca-11e7-82f6-3863bb44ef7c,6,2,4,13,1,1768974390,2026-01-21 00:49:40
66dcc5ca-0aca-11e7-82f6-3863bb44ef7c,0,0,0,0,0,1768974391,2026-01-21 00:49:40
66dbf518-0aca-11e7-82f6-3863bb44ef7c,12,3,9,15,1,1768974391,2026-01-21 00:49:40
66de2b97-0aca-11e7-82f6-3863bb44ef7c,32,23,9,5,1,1768974393,2026-01-21 00:49:40
1861682702044957494,11,10,1,7,1,1768974394,2026-01-21 00:49:40
002e6e9f-ced2-47b0-bc7e-ccf38c3b4b0f,7,2,5,12,1,1768974396,2026-01-21 00:49:40
66db7a71-0aca-11e7-82f6-3863bb44ef7c,4,4,0,35,1,1768974396,2026-01-21 00:49:40
1841240663447542046,4,1,3,12,1,1768974392,2026-01-21 00:49:40
1848242058183072050,15,4,11,4,1,1768974392,2026-01-21 00:49:40
dc34ba4c-d8e5-4674-a02e-210c950c05c1,11,9,2,13,1,1768974396,2026-01-21 00:49:40
1786697003367719132,29,4,25,9,1,1768974393,2026-01-21 00:49:40
e0b80983-c520-47e3-9c8d-a17fff5e5582,13,0,13,6,1,1768974402,2026-01-21 00:49:40
6a9b19e3-cd69-4e0c-9b28-1889db936c7c,6,5,1,13,1,1768974402,2026-01-21 00:49:40
1860188907884823208,1,1,0,18,1,1768974403,2026-01-21 00:49:40
062ffe5a-aa91-412d-8210-23d562c7e7f8,2,2,0,16,1,1768974402,2026-01-21 00:49:40
66de4594-0aca-11e7-82f6-3863bb44ef7c,13,8,5,13,1,1768974403,2026-01-21 00:49:40
2026068766494475116,31,24,7,3,1,1768974403,2026-01-21 00:49:40
66dd2208-0aca-11e7-82f6-3863bb44ef7c,19,3,16,23,1,1768974403,2026-01-21 00:49:40
9d95a4a9-bcfe-4189-bb7d-abd9992ecbaf,11,2,9,5,1,1768974404,2026-01-21 00:49:40
40fd82d6-c0e9-4876-adfb-816140ecfc39,12,9,3,5,1,1768974406,2026-01-21 00:49:40
7bdd60e9-c0fd-40f6-aa9a-d5fa004d4fe3,9,3,6,10,1,1768974406,2026-01-21 00:49:40
66de08c9-0aca-11e7-82f6-3863bb44ef7c,14,1,13,6,1,1768974406,2026-01-21 00:49:40
5780ae63-54e5-48e3-a00c-9c403cb75401,7,2,5,14,1,1768974406,2026-01-21 00:49:40
1836581534415880440,5,2,3,21,1,1768974405,2026-01-21 00:49:40
66db2d2b-0aca-11e7-82f6-3863bb44ef7c,39,39,0,7,1,1768974404,2026-01-21 00:49:40
1e3a16ff-65ba-4d34-b3c6-37aff44e085a,13,8,5,26,1,1768974407,2026-01-21 00:49:40
66db64d1-0aca-11e7-82f6-3863bb44ef7c,9,3,6,11,1,1768974414,2026-01-21 00:49:40
66dce5c9-0aca-11e7-82f6-3863bb44ef7c,16,10,6,3,1,1768974414,2026-01-21 00:49:40
66dd448f-0aca-11e7-82f6-3863bb44ef7c,38,38,0,4,1,1768974415,2026-01-21 00:49:40
66de482a-0aca-11e7-82f6-3863bb44ef7c,6,5,1,11,1,1768974414,2026-01-21 00:49:40
1828966104320053340,11,1,10,7,1,1768974415,2026-01-21 00:49:40
66dea894-0aca-11e7-82f6-3863bb44ef7c,38,18,20,7,1,1768974415,2026-01-21 00:49:40
fe93b3ae-1d86-4ee9-9eb6-9e11808966aa,13,5,8,6,1,1768974415,2026-01-21 00:49:40
47bcbcc1-9241-4e65-99f1-07c15543be1b,9,2,7,22,1,1768974416,2026-01-21 00:49:40
d5d589e6-457f-4cd4-bf78-59165dce28b2,20,7,13,4,1,1768974416,2026-01-21 00:49:40
b0239a13-649a-4d31-aa04-56b8aaeba4d4,2,0,2,16,1,1768974416,2026-01-21 00:49:40
66db7637-0aca-11e7-82f6-3863bb44ef7c,17,8,9,26,1,1768974416,2026-01-21 00:49:40
04d557d6-6bc3-4244-b0f1-81ed1449ccd6,8,6,2,10,1,1768974416,2026-01-21 00:49:40
66de8a86-0aca-11e7-82f6-3863bb44ef7c,0,0,0,54,1,1768974416,2026-01-21 00:49:40
66de099d-0aca-11e7-82f6-3863bb44ef7c,10,6,4,28,1,1768974417,2026-01-21 00:49:40
66db2fd0-0aca-11e7-82f6-3863bb44ef7c,4,2,2,26,1,1768974417,2026-01-21 00:49:40
62089e99-7f73-4f59-816d-57f9793484a1,17,11,6,4,1,1768974417,2026-01-21 00:49:40
3c135a2e-eeea-4e81-9c0a-8d14a6049198,10,2,8,9,1,1768974417,2026-01-21 00:49:40
66de5ace-0aca-11e7-82f6-3863bb44ef7c,8,4,4,12,1,1768974417,2026-01-21 00:49:40
1875433315773395778,8,4,4,22,1,1768974418,2026-01-21 00:49:40
66db2afe-0aca-11e7-82f6-3863bb44ef7c,44,28,16,1,1,1768974418,2026-01-21 00:49:40
3d339282-d5c7-41ec-b634-6a988aefd440,3,1,2,14,1,1768974418,2026-01-21 00:49:40
d33261e6-600e-4756-ad03-a9facbd8ace1,13,4,9,9,1,1768974418,2026-01-21 00:49:40
2098714441479661752,4,4,0,10,1,1768974418,2026-01-21 00:49:40
2124037775602344266,7,3,4,9,1,1768974418,2026-01-21 00:49:40
821b19c1-ab13-4482-9580-770288a377a7,3,0,3,38,1,1768974418,2026-01-21 00:49:40
2576805f-9732-4c74-8f1d-57715e8cdfa2,15,8,7,13,1,1768974418,2026-01-21 00:49:40
fa14408f-6e88-4668-86ee-ce10ea707f36,55,15,40,12,1,1768974418,2026-01-21 00:49:40
88ee054e-bdeb-4305-8f3b-76eb964f2c84,7,4,3,8,1,1768974419,2026-01-21 00:49:40
1893542109140147108,9,3,6,11,1,1768974419,2026-01-21 00:49:40
594b4656-9d83-4301-8967-3b92c126531c,21,12,9,1,1,1768974420,2026-01-21 00:49:40
1786696384892428996,12,10,2,8,1,1768974418,2026-01-21 00:49:40
141eb0e0-e78d-411a-a0be-202a6424cc93,20,10,10,6,1,1768974414,2026-01-21 00:49:40
6076e321-85d8-4e0e-ae18-86bb8cbbda1b,16,0,16,1,1,1768974420,2026-01-21 00:49:40
2143247416766638978,7,2,5,37,1,1768974422,2026-01-21 00:49:40
28be450b-7878-4495-add2-61afd94f375a,18,9,9,1,1,1768974422,2026-01-21 00:49:40
dad3b7df-ec40-4d54-bfdb-5e82be84d742,5,2,3,17,1,1768974423,2026-01-21 00:49:40
66dcc047-0aca-11e7-82f6-3863bb44ef7c,12,6,6,10,1,1768974420,2026-01-21 00:49:40
66db5c14-0aca-11e7-82f6-3863bb44ef7c,27,20,7,0,1,1768974420,2026-01-21 00:49:40
284b08f2-3d26-4f52-9463-25e4a07c16f7,14,1,13,7,1,1768974420,2026-01-21 00:49:40
3eed817a-63e5-424b-8ed3-c809db5488f7,48,27,21,3,1,1768974420,2026-01-21 00:49:40
66dc4599-0aca-11e7-82f6-3863bb44ef7c,19,14,5,5,1,1768974423,2026-01-21 00:49:40
db29242d-6ff3-4e22-85fe-45fa3d03ec39,3,1,2,16,1,1768974424,2026-01-21 00:49:40
66de5613-0aca-11e7-82f6-3863bb44ef7c,72,17,55,1,1,1768974421,2026-01-21 00:49:40
1861682444178541220,23,0,23,12,1,1768974422,2026-01-21 00:49:40
d7904cd0-4b1b-47d0-8103-937bcf5ff845,17,8,9,0,1,1768974422,2026-01-21 00:49:40
cc834d78-6eca-450a-ae00-a5ffc6f1a7a6,15,0,15,0,1,1768974421,2026-01-21 00:49:40
fd081854-3f37-420a-9785-ea63c09c12ad,3,1,2,16,1,1768974421,2026-01-21 00:49:40
66dbc60f-0aca-11e7-82f6-3863bb44ef7c,0,0,0,4,1,1768974340,2026-01-21 00:49:40
66ddee56-0aca-11e7-82f6-3863bb44ef7c,20,15,5,1,1,1768974360,2026-01-21 00:49:40
c809158b-ca8f-4a77-a800-8ee9d287c056,2,1,1,14,1,1768974359,2026-01-21 00:49:40
1814900632709495794,16,6,10,7,1,1768974360,2026-01-21 00:49:40
bbb48e80-7d2f-4b3c-bb8c-591bc931945a,17,12,5,2,1,1768974361,2026-01-21 00:49:40
1954806962718223342,39,19,20,4,1,1768974359,2026-01-21 00:49:40
74feba30-26a5-4949-b3a0-d6e13ba1a20c,8,3,5,9,1,1768974371,2026-01-21 00:49:40
66dded7a-0aca-11e7-82f6-3863bb44ef7c,25,24,1,2,1,1768974371,2026-01-21 00:49:40
1869753812884512816,8,5,3,12,1,1768974371,2026-01-21 00:49:40
96878d29-481d-48dc-bcdc-a5f1ce88c76d,4,3,1,15,1,1768974371,2026-01-21 00:49:40
1828967607558607844,4,0,4,13,1,1768974371,2026-01-21 00:49:40
8b1222da-612f-4482-ab34-9467c4ed28e3,7,2,5,16,1,1768974373,2026-01-21 00:49:40
df243d7f-e6ae-435c-9895-aecbcff9cada,12,8,4,16,1,1768974373,2026-01-21 00:49:40
1856766912456610780,0,0,0,23,1,1768974357,2026-01-21 00:49:40
1815967159287043052,9,1,8,14,1,1768974357,2026-01-21 00:49:40
1869851741257474316,27,2,25,0,1,1768974357,2026-01-21 00:49:40
66dc41bb-0aca-11e7-82f6-3863bb44ef7c,47,35,12,5,1,1768974370,2026-01-21 00:49:40
2137774972219769002,10,2,8,0,1,1768974382,2026-01-21 00:49:40
1845676816555735590,10,0,10,12,1,1768974382,2026-01-21 00:49:40
632b140c-65de-4f50-9cc2-c001ae011aea,6,4,2,50,1,1768974383,2026-01-21 00:49:40
66db7152-0aca-11e7-82f6-3863bb44ef7c,43,15,28,5,1,1768974383,2026-01-21 00:49:40
b4063b76-1abd-465c-96a4-45f6ee016bc5,2,0,2,15,1,1768974383,2026-01-21 00:49:40
83d1ff16-ba56-4eae-aa6a-b37b6439db82,2,0,2,27,1,1768974381,2026-01-21 00:49:40
2f580cf9-14e2-4300-ba22-f6d88d0312a5,12,3,9,12,1,1768974381,2026-01-21 00:49:40
66de2a00-0aca-11e7-82f6-3863bb44ef7c,28,6,22,6,1,1768974382,2026-01-21 00:49:40
55f6b830-e43e-4227-bfc7-683465236d94,20,9,11,25,1,1768974382,2026-01-21 00:49:40
ccfa8b82-07a7-4a08-88fc-be261c30a4ca,1,0,1,21,1,1768974380,2026-01-21 00:49:40
f001fac9-5f19-451e-a752-afde574a8c81,2,2,0,15,1,1768974381,2026-01-21 00:49:40
66dcbe7c-0aca-11e7-82f6-3863bb44ef7c,1,0,1,17,1,1768974379,2026-01-21 00:49:40
36edabac-a0c2-471b-abaf-73fdb53a4e5f,1,1,0,19,1,1768974379,2026-01-21 00:49:40
9092515e-eef6-478f-910f-1cd19d06bebb,2,1,1,33,1,1768974379,2026-01-21 00:49:40
18846fd4-877c-4971-9b6f-1bd8fbc10346,4,2,2,15,1,1768974379,2026-01-21 00:49:40
1828965671716082498,14,2,12,3,1,1768974379,2026-01-21 00:49:40
c0e0e578-8ce8-4c9d-be47-b902d8a41050,2,1,1,16,1,1768974383,2026-01-21 00:49:40
1862008413697896912,0,0,0,19,1,1768974383,2026-01-21 00:49:40
8ea09819-cd88-4732-b047-c0549f0b370f,12,3,9,18,1,1768974383,2026-01-21 00:49:40
4bbf50a9-47c2-4a32-97c2-1f6bc4f9d401,23,11,12,8,1,1768974380,2026-01-21 00:49:40
305c221f-4e0b-4a5a-902c-3d1043dfe606,4,3,1,14,1,1768974397,2026-01-21 00:49:40
203d7b9a-8666-4af1-81c7-f9fc36aa0952,1,1,0,16,1,1768974398,2026-01-21 00:49:40
c2800791-1911-4f2b-8fc7-bed280c557c0,40,37,3,1,1,1768974398,2026-01-21 00:49:40
5dc8ddac-979e-4ae5-b879-3670cca7482d,6,0,6,14,1,1768974398,2026-01-21 00:49:40
66dc76cd-0aca-11e7-82f6-3863bb44ef7c,32,18,14,1,1,1768974400,2026-01-21 00:49:40
b516fedb-3ced-4683-8c17-7e5f6dadf04d,20,6,14,14,1,1768974400,2026-01-21 00:49:40
2127386446510160022,0,0,0,19,1,1768974396,2026-01-21 00:49:40
66de186f-0aca-11e7-82f6-3863bb44ef7c,13,5,8,11,1,1768974399,2026-01-21 00:49:40
1e6c5d0c-f406-4b60-88f6-6284a38d3930,3,3,0,16,1,1768974399,2026-01-21 00:49:40
a58ff2e3-a5ae-4070-a26d-ddfe8cc6fc58,13,11,2,9,1,1768974399,2026-01-21 00:49:40
2f656bc4-7743-4326-8330-a22bd41d9d17,30,27,3,8,1,1768974399,2026-01-21 00:49:40
7a8b474b-7577-4316-a192-d57576d194a3,3,1,2,17,1,1768974399,2026-01-21 00:49:40
66de5095-0aca-11e7-82f6-3863bb44ef7c,7,0,7,12,1,1768974399,2026-01-21 00:49:40
1860189813948384088,20,11,9,5,1,1768974399,2026-01-21 00:49:40
d3433b47-99a7-4b21-9fa7-d7052bb5c23b,2,1,1,13,1,1768974397,2026-01-21 00:49:40
1860188194745712748,14,1,13,8,1,1768974397,2026-01-21 00:49:40
bbaae5d3-7e2b-46a8-872e-152404c664f7,20,0,20,7,1,1768974397,2026-01-21 00:49:40
a8560d28-9ee1-4af4-9180-7e9c4dd0d147,15,4,11,2,1,1768974400,2026-01-21 00:49:40
66dd546c-0aca-11e7-82f6-3863bb44ef7c,3,1,2,18,1,1768974409,2026-01-21 00:49:40
66dd1846-0aca-11e7-82f6-3863bb44ef7c,36,9,27,9,1,1768974410,2026-01-21 00:49:40
61bc2467-aa8c-4386-ba9e-3f01120bd6b8,4,4,0,19,1,1768974410,2026-01-21 00:49:40
1828969112306680612,2,1,1,16,1,1768974410,2026-01-21 00:49:40
66dde914-0aca-11e7-82f6-3863bb44ef7c,32,19,13,3,1,1768974411,2026-01-21 00:49:40
550153a5-2ea1-4c76-b1cd-77667005f55d,21,9,12,6,1,1768974407,2026-01-21 00:49:40
66dce567-0aca-11e7-82f6-3863bb44ef7c,3,1,2,16,1,1768974408,2026-01-21 00:49:40
e8a6c13b-1f6e-4e6b-bdf8-9b0e597e4a62,11,8,3,24,1,1768974413,2026-01-21 00:49:40
66db4671-0aca-11e7-82f6-3863bb44ef7c,17,14,3,29,1,1768974411,2026-01-21 00:49:40
23bc4d9b-1ec2-45fb-9228-e41517346b24,17,8,9,1,1,1768974412,2026-01-21 00:49:40
1828969515711812276,21,16,5,1,1,1768974412,2026-01-21 00:49:40
1846086138339179502,12,7,5,11,1,1768974412,2026-01-21 00:49:40
be8e6f1c-e8b5-40bd-896d-423052ba3bbc,3,2,1,13,1,1768974412,2026-01-21 00:49:40
1057229c-f8f8-4014-80cd-f40421c61cf0,0,0,0,17,1,1768974413,2026-01-21 00:49:40
c46a2889-258b-4fc5-a452-1d4e7dfe683a,2,2,0,15,1,1768974413,2026-01-21 00:49:40
2119506830683992262,30,20,10,18,1,1768974413,2026-01-21 00:49:40
122111c9-9a61-4372-a756-fb2495611cb6,4,2,2,14,1,1768974413,2026-01-21 00:49:40
1869439368558197224,2,0,2,16,1,1768974408,2026-01-21 00:49:40
66dd41ef-0aca-11e7-82f6-3863bb44ef7c,30,27,3,10,1,1768974427,2026-01-21 00:49:40
66de5773-0aca-11e7-82f6-3863bb44ef7c,14,6,8,0,1,1768974427,2026-01-21 00:49:40
1d130e43-0408-4423-bb52-77a08372cefa,1,0,1,22,1,1768974427,2026-01-21 00:49:40
2123940148896639644,7,7,0,2,1,1768974427,2026-01-21 00:49:40
0dc63044-e19c-474d-9df1-c3e504d03b07,31,16,15,14,1,1768974427,2026-01-21 00:49:40
fda0c217-9504-4b26-8a25-e40b603ee5fa,2,2,0,14,1,1768974427,2026-01-21 00:49:40
bd1760ad-3af3-4ede-9bd7-c8fbf46d7192,3,1,2,18,1,1768974428,2026-01-21 00:49:40
2743a950-3a1f-4a58-8fe0-f4105033e0e3,17,15,2,6,1,1768974429,2026-01-21 00:49:40
1860190006584693708,7,4,3,12,1,1768974429,2026-01-21 00:49:40
1836581807397045112,2,2,0,22,1,1768974430,2026-01-21 00:49:40
4b67c6e0-d603-4fbc-afbe-0b8952f4f7af,7,0,7,28,1,1768974426,2026-01-21 00:49:40
d47c856e-8cda-4da0-b8eb-1ccf0e6ef7ab,9,1,8,19,1,1768974426,2026-01-21 00:49:40
1786375069262703476,24,2,22,4,1,1768974426,2026-01-21 00:49:40
1835247196073118026,11,2,9,6,1,1768974426,2026-01-21 00:49:40
1860187181307969634,18,0,18,2,1,1768974425,2026-01-21 00:49:40
3c8847a6-c12a-40fd-9b22-4582ac1a0d9d,17,15,2,6,1,1768974425,2026-01-21 00:49:40
344b52b0-73a9-4fe3-9132-23d0502dc0ae,4,1,3,14,1,1768974430,2026-01-21 00:49:40
1875672501601550456,0,0,0,18,1,1768974430,2026-01-21 00:49:40
0109f17a-2378-4500-9648-88bdb31ec612,31,0,31,3,1,1768974430,2026-01-21 00:49:40
1851674145014649512,6,0,6,19,1,1768974431,2026-01-21 00:49:40
66dde8ac-0aca-11e7-82f6-3863bb44ef7c,10,7,3,27,1,1768974430,2026-01-21 00:49:40
94f77501-32e5-4539-90c6-82d4198f7991,12,9,3,9,1,1768974430,2026-01-21 00:49:40
3c6c0d12-80dd-4c49-b7c5-e3549588b8cf,11,3,8,14,1,1768974433,2026-01-21 00:49:40
1840540966407039246,19,3,16,0,1,1768974433,2026-01-21 00:49:40
66dd1585-0aca-11e7-82f6-3863bb44ef7c,39,4,35,0,1,1768974433,2026-01-21 00:49:40
90c35466-db3c-4b0d-993e-6e92883773b4,57,31,26,13,1,1768974433,2026-01-21 00:49:40
66db3273-0aca-11e7-82f6-3863bb44ef7c,47,42,5,3,1,1768974433,2026-01-21 00:49:40
1828968794479100296,8,2,6,9,1,1768974432,2026-01-21 00:49:40
1834145330979754058,0,0,0,25,1,1768974432,2026-01-21 00:49:40
67f60e7e-397a-4e47-b7f9-d10bd67133b3,0,0,0,51,1,1768974435,2026-01-21 00:49:40
8d097a6d-f17c-4195-9dd4-42527b371c71,11,10,1,51,1,1768974435,2026-01-21 00:49:40
66dbe8d6-0aca-11e7-82f6-3863bb44ef7c,28,27,1,24,1,1768974435,2026-01-21 00:49:40
1843486464469891376,4,3,1,14,1,1768974436,2026-01-21 00:49:40
66ddeffd-0aca-11e7-82f6-3863bb44ef7c,8,7,1,9,1,1768974434,2026-01-21 00:49:40
82dd89f6-1e5a-4a8f-8660-13cb64349e94,4,0,4,14,1,1768974434,2026-01-21 00:49:40
d7d297fd-36dc-42f2-8e3b-24b1003be874,15,8,7,0,1,1768974434,2026-01-21 00:49:40
4c3b6e25-b0c2-4a3f-b07e-cd60cd1b0ac0,1,1,0,14,1,1768974434,2026-01-21 00:49:40
547cdccc-7864-4898-97c9-8798d924ef54,53,20,33,12,1,1768974433,2026-01-21 00:49:40
66dea596-0aca-11e7-82f6-3863bb44ef7c,8,6,2,16,1,1768974433,2026-01-21 00:49:40
648e09b6-95c2-40d3-9dac-a43f22eccf38,2,1,1,22,1,1768974435,2026-01-21 00:49:40
1880644160834607498,18,11,7,4,1,1768974431,2026-01-21 00:49:40
1885439359712500016,0,0,0,23,1,1768974431,2026-01-21 00:49:40
8fa2fafb-fa07-48b2-b159-bffbea7176d4,3,3,0,16,1,1768974432,2026-01-21 00:49:40
66dc2bc5-0aca-11e7-82f6-3863bb44ef7c,22,15,7,84,1,1768974436,2026-01-21 00:49:40
1846085927885781554,11,1,10,10,1,1768974436,2026-01-21 00:49:40
4034789e-b70d-4aae-bf18-3ed37a4d751f,16,5,11,3,1,1768974436,2026-01-21 00:49:40
66dc2238-0aca-11e7-82f6-3863bb44ef7c,9,9,0,66,1,1768974437,2026-01-21 00:49:40
42032bf9-4599-4035-bc01-c80bec1a7122,4,0,4,16,1,1768974437,2026-01-21 00:49:40
ecc52c52-e2d9-4e73-8f9c-18ad8e9b0606,13,5,8,8,1,1768974437,2026-01-21 00:49:40
45e8c326-b12d-4be6-b040-bb6de9986d25,16,7,9,4,1,1768974437,2026-01-21 00:49:40
f15ccc6e-5a7c-46e7-b505-0bfc9cae3d83,8,3,5,19,1,1768974438,2026-01-21 00:49:40
b62bcd96-c2db-447c-bdd5-d3c18f174858,7,1,6,9,1,1768974439,2026-01-21 00:49:40
1846086665080867236,13,4,9,7,1,1768974439,2026-01-21 00:49:40
44a80c48-c1a9-4ff1-92eb-6bf8be492f5e,10,8,2,11,1,1768974439,2026-01-21 00:49:40
be2bdee1-e3e9-45cc-94f0-2ba81a722ba3,16,11,5,2,1,1768974438,2026-01-21 00:49:40
eb41a103-0196-4f19-a440-256167191a7d,2,2,0,16,1,1768974438,2026-01-21 00:49:40
328d778a-7e71-4240-acae-b84f0fdaa5c5,0,0,0,25,1,1768974438,2026-01-21 00:49:40
66dbe848-0aca-11e7-82f6-3863bb44ef7c,101,74,27,17,1,1768974438,2026-01-21 00:49:40
85b77b8d-32b8-4049-a407-64319916e2c5,1,1,0,17,1,1768974438,2026-01-21 00:49:40
668ef22c-4665-4f42-bf6a-ab9e8a2899b1,16,8,8,7,1,1768974440,2026-01-21 00:49:40
e3e6105e-eaa2-43c5-badb-fb8592ad7227,1,0,1,23,1,1768974440,2026-01-21 00:49:40
7603028c-8b04-4918-8a25-a087ce57aea4,5,0,5,25,1,1768974458,2026-01-21 00:49:40
dfad8e49-7e1b-4376-90b4-7a449319f294,4,4,0,17,1,1768974458,2026-01-21 00:49:40
66dd2811-0aca-11e7-82f6-3863bb44ef7c,14,1,13,28,1,1768974458,2026-01-21 00:49:40
66dc2172-0aca-11e7-82f6-3863bb44ef7c,5,0,5,75,1,1768974458,2026-01-21 00:49:40
1f872052-38c4-4701-96c4-c363de51c2b5,17,7,10,34,1,1768974458,2026-01-21 00:49:40
66dc1beb-0aca-11e7-82f6-3863bb44ef7c,28,20,8,77,1,1768974443,2026-01-21 00:49:40
9c147c77-11da-4d0b-8a21-a8042ec8031b,7,2,5,11,1,1768974453,2026-01-21 00:49:40
66db34fc-0aca-11e7-82f6-3863bb44ef7c,7,4,3,25,1,1768974454,2026-01-21 00:49:40
78b4aa30-e4e9-4447-9419-c89f8527892e,5,3,2,16,1,1768974454,2026-01-21 00:49:40
66dc1c5c-0aca-11e7-82f6-3863bb44ef7c,46,30,16,26,1,1768974443,2026-01-21 00:49:40
1828967027013302842,7,0,7,11,1,1768974453,2026-01-21 00:49:40
66db8d89-0aca-11e7-82f6-3863bb44ef7c,54,51,3,1,1,1768974454,2026-01-21 00:49:40
387e2863-83ad-4589-8004-794a7b624801,11,4,7,8,1,1768974454,2026-01-21 00:49:40
6f21be51-6fde-4cde-b1db-b102a5f67300,21,3,18,0,1,1768974454,2026-01-21 00:49:40
1815968026870435892,11,5,6,11,1,1768974456,2026-01-21 00:49:40
d9ea5210-50b3-4342-9801-f896bd21f4a1,1,1,0,20,1,1768974456,2026-01-21 00:49:40
b0cc08dc-e7dd-48d1-8901-ba496f3ff2f5,38,34,4,1,1,1768974456,2026-01-21 00:49:40
063e7e78-b810-4a2f-8045-a82a0d69d752,22,15,7,20,1,1768974452,2026-01-21 00:49:40
1947367330341251364,4,3,1,16,1,1768974452,2026-01-21 00:49:40
1d167807-0aa8-413a-b7a0-01c2ca8a6a60,8,5,3,13,1,1768974453,2026-01-21 00:49:40
bc346753-b68a-4cb3-b93f-b0be68227eae,11,1,10,7,1,1768974453,2026-01-21 00:49:40
de6f4206-3aa9-4cb9-aae0-8547d2cd6854,20,0,20,2,1,1768974453,2026-01-21 00:49:40
66dc7cc3-0aca-11e7-82f6-3863bb44ef7c,5,4,1,32,1,1768974454,2026-01-21 00:49:40
88e64257-298c-4b8d-8886-77b9b66dcec1,21,13,8,28,1,1768974455,2026-01-21 00:49:40
66de867e-0aca-11e7-82f6-3863bb44ef7c,1,0,1,29,1,1768974457,2026-01-21 00:49:40
66dde845-0aca-11e7-82f6-3863bb44ef7c,14,12,2,20,1,1768974458,2026-01-21 00:49:40
66de2556-0aca-11e7-82f6-3863bb44ef7c,19,10,9,59,1,1768974458,2026-01-21 00:49:40
d8673258-9513-4ed2-86bf-bef62e7e4e30,1,1,0,15,1,1768974458,2026-01-21 00:49:40
844c68cc-19f0-474a-86d3-4af170117aae,2,2,0,19,1,1768974459,2026-01-21 00:49:40
1964061627836181486,3,2,1,82,1,1768974442,2026-01-21 00:49:40
afc79a38-e26d-48f7-94e4-d0aca8fd1c49,1,0,1,15,1,1768974442,2026-01-21 00:49:40
db41cc62-86ea-4421-bfaf-9b6511cfee10,0,0,0,30,1,1768974443,2026-01-21 00:49:40
285ad3c2-3ffe-45bb-8765-9c20a69641a6,15,9,6,2,1,1768974444,2026-01-21 00:49:40
66dc8f1f-0aca-11e7-82f6-3863bb44ef7c,33,18,15,19,1,1768974444,2026-01-21 00:49:40
61647ec6-dfd6-4d1c-8800-d488d390c627,16,12,4,17,1,1768974444,2026-01-21 00:49:40
66dc192f-0aca-11e7-82f6-3863bb44ef7c,9,4,5,12,1,1768974442,2026-01-21 00:49:40
2126621966735272262,8,0,8,4,1,1768974445,2026-01-21 00:49:40
2126579471787670468,12,4,8,9,1,1768974443,2026-01-21 00:49:40
66dc259a-0aca-11e7-82f6-3863bb44ef7c,9,9,0,73,1,1768974443,2026-01-21 00:49:40
2366d8a4-7a49-42f3-9afe-efd2b200336b,5,5,0,14,1,1768974443,2026-01-21 00:49:40
f91170e6-a33c-4870-94da-9d51510515d2,1,0,1,16,1,1768974443,2026-01-21 00:49:40
1064b4b0-e9c8-4139-ac48-f118305dbe69,4,3,1,18,1,1768974445,2026-01-21 00:49:40
2c321ea3-e1dd-4d32-be70-bd158fe1f568,46,33,13,30,1,1768974445,2026-01-21 00:49:40
79c4a612-a5df-4814-9e6b-6305da61ebc4,16,0,16,2,1,1768974446,2026-01-21 00:49:40
59e3766c-0629-4ff1-a1d9-bc0514a55487,1,0,1,21,1,1768974441,2026-01-21 00:49:40
15cb007b-bfca-4ad7-bfc6-44bf3d36785a,27,1,26,0,1,1768974439,2026-01-21 00:49:40
d1138533-504c-4d29-b71c-299e1d31f159,19,0,19,17,1,1768974439,2026-01-21 00:49:40
a3e2b360-f050-48ea-b8c8-57d897b8f7fc,2,0,2,14,1,1768974445,2026-01-21 00:49:40
1b985e4b-88de-42a8-95be-dce37dbbc5c5,9,1,8,14,1,1768974446,2026-01-21 00:49:40
1828969323789472168,8,1,7,8,1,1768974463,2026-01-21 00:49:40
66dc252e-0aca-11e7-82f6-3863bb44ef7c,33,20,13,0,1,1768974463,2026-01-21 00:49:40
3863f086-ae35-4d0e-8c91-2b6e3e5827a1,14,1,13,22,1,1768974463,2026-01-21 00:49:40
66ddd369-0aca-11e7-82f6-3863bb44ef7c,44,34,10,17,1,1768974464,2026-01-21 00:49:40
66dd4b2b-0aca-11e7-82f6-3863bb44ef7c,6,3,3,43,1,1768974460,2026-01-21 00:49:40
9a52fbc1-d87a-4a65-941d-12fd55dbcdde,18,0,18,2,1,1768974460,2026-01-21 00:49:40
4dcff9e7-7cb6-4d3d-ad67-c2e4c05933d3,7,1,6,15,1,1768974461,2026-01-21 00:49:40
1b22c037-207d-454a-90aa-8f22d0a8a7e3,20,6,14,1,1,1768974461,2026-01-21 00:49:40
e5b2a7ce-d867-465b-8446-743e00617068,2,1,1,17,1,1768974462,2026-01-21 00:49:40
ca4795a2-6ab3-4597-bf59-f0155ac1637c,11,6,5,53,1,1768974463,2026-01-21 00:49:40
38bb1218-0a9e-41d9-b2ef-25c8626dac29,19,2,17,2,1,1768974462,2026-01-21 00:49:40
96a0b676-e966-4d96-b04b-ceb8149cedcd,4,2,2,18,1,1768974463,2026-01-21 00:49:40
ad41e353-033e-484f-8d76-78014e11e9d7,4,1,3,14,1,1768974459,2026-01-21 00:49:40
bfbd1f09-afd2-49d2-8674-3a07b3c929a4,16,5,11,5,1,1768974459,2026-01-21 00:49:40
1838999521825487230,19,0,19,0,1,1768974461,2026-01-21 00:49:40
66db88f5-0aca-11e7-82f6-3863bb44ef7c,7,0,7,29,1,1768974461,2026-01-21 00:49:40
b9d3134b-697f-4a0f-b90f-d95f6c69ffda,10,1,9,9,1,1768974462,2026-01-21 00:49:40
4eb6d6a8-ecc1-4e89-a586-4f96ed3d83e1,1,1,0,27,1,1768974462,2026-01-21 00:49:40
0f536c08-dde3-40af-a66d-1fe1e7edecd2,4,0,4,16,1,1768974463,2026-01-21 00:49:40
e58234a3-5b23-427e-948f-c1e4571b2bfa,31,15,16,26,1,1768974461,2026-01-21 00:49:40
1796642668661690940,15,3,12,6,1,1768974440,2026-01-21 00:49:40
cd118a8f-a7d1-4b7a-a6d3-d9e875cb29df,16,12,4,8,1,1768974441,2026-01-21 00:49:40
a0eec052-257a-4c79-8171-6e2ad9864ad0,10,8,2,19,1,1768974441,2026-01-21 00:49:40
1848242216849312578,11,2,9,7,1,1768974441,2026-01-21 00:49:40
625711ba-3b5d-46a7-a8f9-7f4eb17ec1be,6,2,4,18,1,1768974441,2026-01-21 00:49:40
1893622839585237496,36,22,14,36,1,1768974441,2026-01-21 00:49:40
2687f2e1-3529-464d-82eb-e4f61440c563,2,1,1,15,1,1768974446,2026-01-21 00:49:40
66db63f4-0aca-11e7-82f6-3863bb44ef7c,13,1,12,3,1,1768974447,2026-01-21 00:49:40
5c3c345d-1975-400d-a9d8-18815816886e,17,9,8,37,1,1768974447,2026-01-21 00:49:40
1828967830172187422,2,2,0,25,1,1768974448,2026-01-21 00:49:40
c63e9937-cadb-4813-aee3-5fd3fcc93767,2,2,0,17,1,1768974448,2026-01-21 00:49:40
1851999409149780880,13,3,10,10,1,1768974449,2026-01-21 00:49:40
cc758f1a-8b28-4ff5-bc75-fbe62c453378,1,1,0,19,1,1768974448,2026-01-21 00:49:40
cad68b8c-6d68-4c5f-88fe-b1aa3e40727a,13,1,12,8,1,1768974449,2026-01-21 00:49:40
993fc83f-52c6-43f4-bb49-4abe4ad48150,0,0,0,18,1,1768974449,2026-01-21 00:49:40
2022386456542683974,26,0,26,6,1,1768974449,2026-01-21 00:49:40
e4645d0d-8b76-4c46-b2b9-be25592e0659,10,4,6,14,1,1768974450,2026-01-21 00:49:40
1828966363527611286,15,1,14,4,1,1768974451,2026-01-21 00:49:40
5736cd70-be41-483e-8d82-721874f40e6e,5,1,4,15,1,1768974451,2026-01-21 00:49:40
a33a2d11-33a5-46ad-a086-5698ac17b7b4,29,7,22,3,1,1768974451,2026-01-21 00:49:40
1869753195262578852,3,0,3,12,1,1768974451,2026-01-21 00:49:40
787fe4b2-6029-4f71-917e-892479d8d64e,11,3,8,7,1,1768974452,2026-01-21 00:49:40
ca4e4962-2169-4559-8f60-b05ab7809750,12,4,8,18,1,1768974447,2026-01-21 00:49:40
c3d5f47f-cfc3-4c1f-86bb-bcf770d2949b,9,2,7,16,1,1768974447,2026-01-21 00:49:40
d34f2271-10ee-40c3-a93a-09df58860512,7,6,1,10,1,1768974448,2026-01-21 00:49:40
18fcd2c1-dc8b-4a52-9f18-e9b9003bbea5,29,26,3,21,1,1768974447,2026-01-21 00:49:40
b608193c-46ae-4b61-9e7a-4671e7c3b96e,4,2,2,15,1,1768974465,2026-01-21 00:49:40
582cd775-0178-47f5-b707-6d5869f077ba,15,0,15,16,1,1768974466,2026-01-21 00:49:40
1884688942632618210,12,12,0,10,1,1768974466,2026-01-21 00:49:40
647a2a80-9630-41b0-9b91-1f464b0bf3cc,42,40,2,35,1,1768974466,2026-01-21 00:49:40
ad17bd9a-735b-4a11-8ad3-dc7800e342af,23,10,13,12,1,1768974470,2026-01-21 00:49:40
66dcbbfe-0aca-11e7-82f6-3863bb44ef7c,7,3,4,11,1,1768974469,2026-01-21 00:49:40
66dcfaf6-0aca-11e7-82f6-3863bb44ef7c,11,2,9,7,1,1768974470,2026-01-21 00:49:40
1932126716328112534,20,0,20,1,1,1768974470,2026-01-21 00:49:40
0b94cc1e-2327-4679-99d9-3b21ddc02051,17,3,14,14,1,1768974464,2026-01-21 00:49:40
c066c90a-efb1-4f8b-aa15-38ba4edd4ebc,7,2,5,13,1,1768974464,2026-01-21 00:49:40
66dbeded-0aca-11e7-82f6-3863bb44ef7c,12,0,12,11,1,1768974464,2026-01-21 00:49:40
d7632897-a6eb-4f8f-9ab2-c66426620fbf,8,0,8,7,1,1768974465,2026-01-21 00:49:40
724aeecc-8c91-4afc-b97c-72a98de452c9,1,0,1,16,1,1768974465,2026-01-21 00:49:40
ba0a4ada-c9f6-48b4-a7b3-7220f6fb88c2,2,1,1,20,1,1768974465,2026-01-21 00:49:40
66dc4b4c-0aca-11e7-82f6-3863bb44ef7c,0,0,0,59,1,1768974465,2026-01-21 00:49:40
e612122d-e0fd-4ebf-8d51-0f48f9d1b580,14,3,11,6,1,1768974468,2026-01-21 00:49:40
b506be9e-45d3-43d1-a262-27d8fa91e974,3,0,3,26,1,1768974469,2026-01-21 00:49:40
66dd0808-0aca-11e7-82f6-3863bb44ef7c,3,1,2,23,1,1768974469,2026-01-21 00:49:40
66dc0cc7-0aca-11e7-82f6-3863bb44ef7c,8,7,1,42,1,1768974467,2026-01-21 00:49:40
ce95fbdd-b7d2-46fc-910d-5c170e4b7610,3,0,3,15,1,1768974467,2026-01-21 00:49:40
66ddede1-0aca-11e7-82f6-3863bb44ef7c,12,5,7,18,1,1768974467,2026-01-21 00:49:40
2104275164415193448,41,14,27,25,1,1768974467,2026-01-21 00:49:40
623c9658-5544-4254-847e-738763cf45a3,5,1,4,14,1,1768974467,2026-01-21 00:49:40
66db40ef-0aca-11e7-82f6-3863bb44ef7c,22,20,2,37,1,1768974466,2026-01-21 00:49:40
b94d0241-bce7-44a9-ab1c-ece0740a4134,15,9,6,0,1,1768974466,2026-01-21 00:49:40
66dbe7b6-0aca-11e7-82f6-3863bb44ef7c,6,6,0,21,1,1768974466,2026-01-21 00:49:40
1e83ffdc-8e72-45c0-8210-4f37e60505c9,16,5,11,18,1,1768974467,2026-01-21 00:49:40
1938139112487078732,24,11,13,7,1,1768974468,2026-01-21 00:49:40
2126274308236524392,3,1,2,8,1,1768974468,2026-01-21 00:49:40
cac843c2-8b21-47bb-a3b9-712f95d7f7aa,18,3,15,0,1,1768974468,2026-01-21 00:49:40
66de65a4-0aca-11e7-82f6-3863bb44ef7c,1,0,1,20,1,1768974474,2026-01-21 00:49:40
66de0933-0aca-11e7-82f6-3863bb44ef7c,24,3,21,2,1,1768974474,2026-01-21 00:49:40
341730d7-a61d-499d-8c07-fa015f644e54,62,53,9,16,1,1768974474,2026-01-21 00:49:40
a4bb6fac-b795-4aa7-a266-613419019290,0,0,0,18,1,1768974474,2026-01-21 00:49:40
e2b28abd-07a4-4552-ad17-abf155aff28a,14,9,5,8,1,1768974475,2026-01-21 00:49:40
66dcac42-0aca-11e7-82f6-3863bb44ef7c,42,1,41,8,1,1768974475,2026-01-21 00:49:40
1854538169357726138,2,1,1,15,1,1768974475,2026-01-21 00:49:40
35a5b4d6-2d90-4b60-b68b-03bb60fb1afc,3,3,0,15,1,1768974475,2026-01-21 00:49:40
9ea2afff-a146-4824-89b6-39d5bdfac795,11,10,1,9,1,1768974475,2026-01-21 00:49:40
66dbf4ac-0aca-11e7-82f6-3863bb44ef7c,21,10,11,22,1,1768974476,2026-01-21 00:49:40
eafa19ed-88c2-4efc-bd73-3961f85b6063,31,18,13,7,1,1768974475,2026-01-21 00:49:40
66db69d0-0aca-11e7-82f6-3863bb44ef7c,32,19,13,0,1,1768974476,2026-01-21 00:49:40
59ad8f95-32a4-43de-b1c3-79c667b2d2df,6,1,5,21,1,1768974471,2026-01-21 00:49:40
1318e05a-2506-43c6-b49d-4c1f7f69a267,8,7,1,8,1,1768974471,2026-01-21 00:49:40
361dd964-db79-47dd-b044-eac88c735249,1,1,0,17,1,1768974471,2026-01-21 00:49:40
66de4078-0aca-11e7-82f6-3863bb44ef7c,14,1,13,7,1,1768974471,2026-01-21 00:49:40
e34bb92f-6911-449a-999b-5bc80e0322fe,3,2,1,15,1,1768974471,2026-01-21 00:49:40
1838070776953752336,2,1,1,20,1,1768974473,2026-01-21 00:49:40
43f3d3c7-46b0-4812-879d-15afe8804c5f,24,14,11,0,1,1768974473,2026-01-21 00:49:40
bb32aad7-8308-4ff8-b073-d5b518ffdd09,0,0,0,38,1,1768974473,2026-01-21 00:49:40
66de10a8-0aca-11e7-82f6-3863bb44ef7c,15,3,12,16,1,1768974474,2026-01-21 00:49:40
1846085626867634660,5,2,3,16,1,1768974474,2026-01-21 00:49:40
d6834194-029d-4e2d-83b0-ee78ab5acda2,10,1,9,8,1,1768974472,2026-01-21 00:49:40
b55f9b55-7fa7-4f0f-9732-78cbe07452e1,17,5,12,9,1,1768974472,2026-01-21 00:49:40
f4f9a09c-010c-430c-a766-3390c44b4962,0,0,0,16,1,1768974472,2026-01-21 00:49:40
45865207-8700-4ef2-99ed-b08889ef0250,10,4,6,9,1,1768974472,2026-01-21 00:49:40
c0c6a931-c1d3-4202-a433-c4127a4cd846,3,0,3,16,1,1768974475,2026-01-21 00:49:40
1885442082749874736,3,3,0,18,1,1768974475,2026-01-21 00:49:40
66dcf0b3-0aca-11e7-82f6-3863bb44ef7c,5,2,3,22,1,1768974475,2026-01-21 00:49:40
9b70cbe2-25fc-42f8-b6e6-ac21ef248e4b,3,3,0,15,1,1768974473,2026-01-21 00:49:40
66de5e5b-0aca-11e7-82f6-3863bb44ef7c,7,6,1,33,1,1768974471,2026-01-21 00:49:40
e780c290-0c52-4ab1-9719-a581be789df3,9,7,2,12,1,1768974475,2026-01-21 00:49:40
e1886e7a-62b1-4359-9835-8ab5a16371ae,3,1,2,19,1,1768974476,2026-01-21 00:49:40
1817432104157364846,21,1,20,0,1,1768974476,2026-01-21 00:49:40
66dea674-0aca-11e7-82f6-3863bb44ef7c,5,2,3,15,1,1768974476,2026-01-21 00:49:40
9e5fd5b6-c5f2-4694-9406-a44b7d0146d9,34,21,13,1,1,1768974477,2026-01-21 00:49:40
66dc8b6a-0aca-11e7-82f6-3863bb44ef7c,40,0,40,11,1,1768974477,2026-01-21 00:49:40
2124382079594320876,8,4,4,6,1,1768974477,2026-01-21 00:49:40
36b55a0f-e55d-4849-859a-09b3273fb782,10,0,10,11,1,1768974477,2026-01-21 00:49:40
66dda55f-0aca-11e7-82f6-3863bb44ef7c,28,19,9,0,1,1768974477,2026-01-21 00:49:40
66dd4b91-0aca-11e7-82f6-3863bb44ef7c,9,4,5,29,1,1768974478,2026-01-21 00:49:40
a1acdab2-29c7-4956-8b2e-24b39dc2ff13,26,15,11,29,1,1768974478,2026-01-21 00:49:40
66dd491c-0aca-11e7-82f6-3863bb44ef7c,8,3,5,25,1,1768974478,2026-01-21 00:49:40
f3c68cfb-52fd-48c8-b6e5-85c179fee0b3,12,0,12,11,1,1768974478,2026-01-21 00:49:40
1954778813955578360,0,0,0,0,0,86400,2026-01-21 00:49:40
067d5007-bda5-4697-b0a2-ccc2837f295c,0,0,0,0,0,86400,2026-01-21 00:49:40
1906248765431831024,0,0,0,0,0,86400,2026-01-21 00:49:40
308e055a-b8aa-447d-8803-8677c88af0ba,0,0,0,0,0,86400,2026-01-21 00:49:40
66db316a-0aca-11e7-82f6-3863bb44ef7c,0,0,0,0,0,86400,2026-01-21 00:49:40
aa8fc8b7-b66c-41d9-9885-30b8af599378,0,0,0,0,0,86400,2026-01-21 00:49:40
2171904301452603832,0,0,0,0,0,86400,2026-01-21 00:49:40
2124037384760320326,0,0,0,0,0,86400,2026-01-21 00:49:40
3bfc859b-5c5f-43bc-b2e7-b64ed8ea9ede,7,0,7,12,1,1768974074,2026-01-21 00:49:40
c9c09ed0-0a52-4d6a-a999-b0848874e51f,0,0,0,30,0,1768571529,2026-01-21 00:49:40
2126621026154598618,11,2,9,1,1,1768974352,2026-01-21 00:49:40
a4368364-fa79-493c-8478-1d3471a6077f,0,0,0,54,0,1768946860,2026-01-21 00:49:40
9505c2b7-0c3a-4791-8471-d2092a86291f,0,0,0,3,0,1768970904,2026-01-21 00:49:40
66dc7957-0aca-11e7-82f6-3863bb44ef7c,21,8,13,55,1,1768974363,2026-01-21 00:49:40
1877651952425321214,7,0,7,10,1,1768974364,2026-01-21 00:49:40
7a701539-2c10-4abe-803f-525785ebb7fb,1,0,1,20,1,1768974364,2026-01-21 00:49:40
454b4a83-d0b1-42a2-8163-261e2a9d6ab9,25,15,10,54,1,1768974365,2026-01-21 00:49:40
10c13fe2-34cb-4aff-bea1-4f5ce877769b,8,4,4,7,1,1768974364,2026-01-21 00:49:40
84b30f68-5404-453a-ae86-a2baff03a2c9,2,0,2,14,1,1768974368,2026-01-21 00:49:40
1860187301567054286,6,4,2,11,1,1768974368,2026-01-21 00:49:40
1945125793810207148,5,1,4,12,1,1768974362,2026-01-21 00:49:40
1786696251091417274,33,17,16,2,1,1768974362,2026-01-21 00:49:40
8fc95e31-b025-4d2b-b5aa-240465366480,13,12,1,8,1,1768974365,2026-01-21 00:49:40
1869754328201607270,3,0,3,13,1,1768974368,2026-01-21 00:49:40
66dd1ad8-0aca-11e7-82f6-3863bb44ef7c,17,1,16,6,1,1768974369,2026-01-21 00:49:40
1882735162923150168,23,5,18,1,1,1768974369,2026-01-21 00:49:40
1823008917260927616,17,5,12,7,1,1768974366,2026-01-21 00:49:40
66dd4051-0aca-11e7-82f6-3863bb44ef7c,29,23,6,18,1,1768974367,2026-01-21 00:49:40
66de5d57-0aca-11e7-82f6-3863bb44ef7c,0,0,0,21,1,1768974367,2026-01-21 00:49:40
66db3aa3-0aca-11e7-82f6-3863bb44ef7c,41,38,3,11,1,1768974363,2026-01-21 00:49:40
1d977221-b2b5-4fa2-bba0-b00136834fb3,4,0,4,14,1,1768974369,2026-01-21 00:49:40
1c82b223-42ba-4d15-8e8a-bd8ae2a57cde,6,3,3,10,1,1768974370,2026-01-21 00:49:40
66db4158-0aca-11e7-82f6-3863bb44ef7c,26,22,4,9,1,1768974370,2026-01-21 00:49:40
8cb0375d-bcb2-4c90-9773-41c3c8fdf8d8,19,9,10,62,1,1768974371,2026-01-21 00:49:40
66dbf442-0aca-11e7-82f6-3863bb44ef7c,24,16,8,54,1,1768974371,2026-01-21 00:49:40
96a4da57-107a-43d1-8828-4749d5555461,9,0,9,21,1,1768974373,2026-01-21 00:49:40
16e17ca1-b2dc-47d0-8c8b-199cb4736fe7,9,5,4,10,1,1768974373,2026-01-21 00:49:40
0183d7d4-9e11-4429-94db-666a31239871,16,3,13,9,1,1768974372,2026-01-21 00:49:40
39112ced-337f-4b71-9df6-291cd4265cc9,21,2,19,1,1,1768974372,2026-01-21 00:49:40
c0b541ae-9e66-4739-babb-483180747dc2,4,2,2,13,1,1768974372,2026-01-21 00:49:40
943be327-0320-4ae1-8eb0-8a56f86a4fb6,8,4,4,16,1,1768974369,2026-01-21 00:49:40
16cbe771-8fca-4437-b9d2-374e00da6c3a,11,2,9,10,1,1768974371,2026-01-21 00:49:40
1828968199249922252,2,1,1,18,1,1768974358,2026-01-21 00:49:40
01a1343d-9c7b-4a83-8a5a-a600187f19c4,1,0,1,28,1,1768974359,2026-01-21 00:49:40
66de2625-0aca-11e7-82f6-3863bb44ef7c,15,7,8,18,1,1768974360,2026-01-21 00:49:40
138094a0-cd7d-4014-9b21-4fb2afd3980e,17,12,5,7,1,1768974361,2026-01-21 00:49:40
40042fb4-6ddd-4f74-bb52-5af3e4e08c8d,16,0,16,6,1,1768974358,2026-01-21 00:49:40
1975518396279321266,42,36,6,32,1,1768974360,2026-01-21 00:49:40
aa8270ec-4441-47d2-854b-5852e65fae66,2,0,2,16,1,1768974379,2026-01-21 00:49:40
66db237e-0aca-11e7-82f6-3863bb44ef7c,21,10,11,33,1,1768974379,2026-01-21 00:49:40
dba67615-a7e0-4c44-ab1b-b464033ec9b9,16,7,9,3,1,1768974379,2026-01-21 00:49:40
77a498ea-5693-46cc-a4b1-6e428f574797,16,0,16,8,1,1768974380,2026-01-21 00:49:40
56e18295-f760-4bf3-8aa3-5a1e4ebf606f,6,1,5,14,1,1768974380,2026-01-21 00:49:40
d5788cfa-817e-4b65-b43f-edda222a3c3c,13,9,4,11,1,1768974375,2026-01-21 00:49:40
72796825-88b1-43a0-bb6d-2b41d337b1fc,28,15,13,2,1,1768974375,2026-01-21 00:49:40
b1f3eb8c-07f9-479f-a8ab-f04e094bc7d0,9,3,6,11,1,1768974375,2026-01-21 00:49:40
26568d39-db49-4354-a5c1-c81a3c856285,6,0,6,11,1,1768974375,2026-01-21 00:49:40
b5010362-af16-4357-8fb7-5958576954c0,9,1,8,19,1,1768974377,2026-01-21 00:49:40
30a75e12-5327-48f0-8155-3925aa934054,6,6,0,12,1,1768974376,2026-01-21 00:49:40
66dca6f4-0aca-11e7-82f6-3863bb44ef7c,6,5,1,27,1,1768974377,2026-01-21 00:49:40
1851955603137491568,29,1,28,1,1,1768974374,2026-01-21 00:49:40
66de1f17-0aca-11e7-82f6-3863bb44ef7c,31,30,1,3,1,1768974383,2026-01-21 00:49:40
66dd4de9-0aca-11e7-82f6-3863bb44ef7c,0,0,0,52,1,1768974383,2026-01-21 00:49:40
89171660-8cef-443f-8f75-67503532d1ce,12,2,10,6,1,1768974384,2026-01-21 00:49:40
66db6e49-0aca-11e7-82f6-3863bb44ef7c,2,0,2,43,1,1768974384,2026-01-21 00:49:40
1960020540642077008,24,18,6,24,1,1768974383,2026-01-21 00:49:40
9157a3bc-43fa-4221-8bb8-17273fc09540,17,8,9,7,1,1768974383,2026-01-21 00:49:40
09a0c507-7cda-4f3f-9988-78de0baa28e4,5,2,3,14,1,1768974384,2026-01-21 00:49:40
d473f31f-68f2-4777-a364-ed127db04345,8,2,6,8,1,1768974385,2026-01-21 00:49:40
daaa3ac1-594c-48d2-9431-a8ced305ed5a,2,2,0,16,1,1768974380,2026-01-21 00:49:40
66dc36c3-0aca-11e7-82f6-3863bb44ef7c,51,9,42,29,1,1768974381,2026-01-21 00:49:40
c702c094-b08f-449d-a41d-b3724f147491,3,3,0,18,1,1768974381,2026-01-21 00:49:40
4223f276-a4d4-45e0-b914-67f5ef1e81ba,3,1,2,20,1,1768974381,2026-01-21 00:49:40
acfeadeb-73bb-4ec3-b809-78675b01af74,5,4,1,15,1,1768974381,2026-01-21 00:49:40
17aeb1e3-fd18-4cf9-9473-17dfa5b0a312,13,11,2,10,1,1768974385,2026-01-21 00:49:40
66de2131-0aca-11e7-82f6-3863bb44ef7c,17,15,2,20,1,1768974382,2026-01-21 00:49:40
0f51cb84-e386-44ac-947f-a969f7617d17,17,4,13,6,1,1768974390,2026-01-21 00:49:40
cae4f2f4-9642-474c-95cc-6cc07592f120,1,1,0,33,1,1768974387,2026-01-21 00:49:40
66de4408-0aca-11e7-82f6-3863bb44ef7c,11,5,6,11,1,1768974388,2026-01-21 00:49:40
016ee47a-4871-4209-91cb-bf3ceeddc991,8,5,3,10,1,1768974387,2026-01-21 00:49:40
1838617691511229014,7,7,0,16,1,1768974387,2026-01-21 00:49:40
1823008749757202820,14,1,13,8,1,1768974388,2026-01-21 00:49:40
66dc28bd-0aca-11e7-82f6-3863bb44ef7c,1,1,0,55,1,1768974389,2026-01-21 00:49:40
9459fca8-b044-4ed1-8f2c-c5db11ba868f,9,2,7,19,1,1768974389,2026-01-21 00:49:40
18d980e5-ba08-4bc3-832e-03eb71865768,20,12,8,3,1,1768974391,2026-01-21 00:49:40
aa120a3a-9f2b-4dfc-a88b-384bbb66838a,0,0,0,22,1,1768974398,2026-01-21 00:49:40
66de27da-0aca-11e7-82f6-3863bb44ef7c,14,7,7,10,1,1768974399,2026-01-21 00:49:40
1834145064843958330,16,4,12,4,1,1768974404,2026-01-21 00:49:40
8ce7325e-d5c7-46f9-9b73-95356e48c3eb,21,16,5,2,1,1768974404,2026-01-21 00:49:40
66db2953-0aca-11e7-82f6-3863bb44ef7c,46,4,42,3,1,1768974401,2026-01-21 00:49:40
66ddb7bf-0aca-11e7-82f6-3863bb44ef7c,27,27,0,21,1,1768974402,2026-01-21 00:49:40
1817432606668538118,12,9,3,13,1,1768974401,2026-01-21 00:49:40
058ee86d-ce2a-4597-99f7-f78f082b33e3,0,0,0,18,1,1768974402,2026-01-21 00:49:40
66dd4981-0aca-11e7-82f6-3863bb44ef7c,17,4,13,8,1,1768974404,2026-01-21 00:49:40
2133952475068346460,36,3,33,16,1,1768974402,2026-01-21 00:49:40
bdefa3e3-aa5a-40eb-b7f8-542de55063e9,7,2,5,11,1,1768974400,2026-01-21 00:49:40
1828968691399885056,10,2,8,3,1,1768974405,2026-01-21 00:49:40
1835247352748090208,1,1,0,21,1,1768974405,2026-01-21 00:49:40
66de5a47-0aca-11e7-82f6-3863bb44ef7c,20,8,12,12,1,1768974405,2026-01-21 00:49:40
66dc78c4-0aca-11e7-82f6-3863bb44ef7c,39,24,15,21,1,1768974393,2026-01-21 00:49:40
66db29e6-0aca-11e7-82f6-3863bb44ef7c,9,7,2,8,1,1768974394,2026-01-21 00:49:40
833bc8bc-3c32-4481-9c14-9a88aa7accec,16,4,12,22,1,1768974394,2026-01-21 00:49:40
ab5585c8-c2cf-4bab-96cf-d02eced4f6e3,7,5,2,38,1,1768974394,2026-01-21 00:49:40
09b00240-4c2a-4900-9d09-f13344461c02,14,9,5,4,1,1768974394,2026-01-21 00:49:40
e24cb64d-10c2-48db-9440-59e63c0f1c95,9,5,4,16,1,1768974409,2026-01-21 00:49:40
a381b37a-a928-4834-87ee-da9922cb3b3d,12,4,8,20,1,1768974410,2026-01-21 00:49:40
026fd07d-d810-45dc-9237-a3d84dce4fa9,11,2,9,11,1,1768974409,2026-01-21 00:49:40
97bcf094-ad77-4743-9c94-832c7300c090,4,1,3,12,1,1768974409,2026-01-21 00:49:40
2a9e2320-083d-4044-aedf-0c15ecfefe61,4,2,2,18,1,1768974410,2026-01-21 00:49:40
1597ea95-0b6b-425a-8d13-ed86ee0754b5,5,2,3,15,1,1768974410,2026-01-21 00:49:40
cd4b8e12-b2c7-479b-900d-59cf7d8c4276,13,1,12,2,1,1768974407,2026-01-21 00:49:40
66dc51e9-0aca-11e7-82f6-3863bb44ef7c,20,11,9,26,1,1768974407,2026-01-21 00:49:40
c5861c24-5ac1-41df-82f1-31748d03e868,56,49,7,9,1,1768974408,2026-01-21 00:49:40
1929513834381415014,4,1,3,16,1,1768974408,2026-01-21 00:49:40
1931758629658304788,6,0,6,16,1,1768974408,2026-01-21 00:49:40
66dbc6ae-0aca-11e7-82f6-3863bb44ef7c,26,22,4,36,1,1768974406,2026-01-21 00:49:40
c7be2714-14db-421f-a19e-f6a7bf6e8d26,1,1,0,21,1,1768974406,2026-01-21 00:49:40
66dc4bd9-0aca-11e7-82f6-3863bb44ef7c,69,51,18,25,1,1768974407,2026-01-21 00:49:40
66dbe250-0aca-11e7-82f6-3863bb44ef7c,2,1,1,15,1,1768974407,2026-01-21 00:49:40
b9970fb5-176c-4a66-8772-6d76c4b6245a,3,0,3,15,1,1768974407,2026-01-21 00:49:40
05969d95-8a64-4007-abf1-afb847f2d426,11,6,5,12,1,1768974407,2026-01-21 00:49:40
29b21bd8-2459-4727-b1f0-d73592db3321,10,3,7,19,1,1768974406,2026-01-21 00:49:40
2123940513700131194,9,6,3,6,1,1768974422,2026-01-21 00:49:40
66ddeca9-0aca-11e7-82f6-3863bb44ef7c,16,2,14,1,1,1768974422,2026-01-21 00:49:40
a1cf7115-8e38-4300-aac8-3a2fddca0e23,20,7,13,13,1,1768974422,2026-01-21 00:49:40
66dbc982-0aca-11e7-82f6-3863bb44ef7c,15,15,0,91,1,1768974422,2026-01-21 00:49:40
66db30e0-0aca-11e7-82f6-3863bb44ef7c,3,3,0,86,1,1768974422,2026-01-21 00:49:40
38975061-0d90-43a3-87c1-8905b374d5d9,17,1,16,7,1,1768974423,2026-01-21 00:49:40
66dea4bf-0aca-11e7-82f6-3863bb44ef7c,31,15,16,8,1,1768974422,2026-01-21 00:49:40
490ca6cc-c2a2-4838-acf0-4704ed60dc51,22,19,3,27,1,1768974423,2026-01-21 00:49:40
2126224759932600578,3,2,1,6,1,1768974419,2026-01-21 00:49:40
a35d03cf-bd72-4da4-a4ac-bd25b3f8dce3,15,9,6,3,1,1768974419,2026-01-21 00:49:40
1e226f22-034f-4b99-8184-a8eaa591fbd8,14,11,3,32,1,1768974418,2026-01-21 00:49:40
1828969417249358046,5,1,4,14,1,1768974418,2026-01-21 00:49:40
66de1580-0aca-11e7-82f6-3863bb44ef7c,8,7,1,29,1,1768974418,2026-01-21 00:49:40
fbee1143-e93f-418d-b6bc-8fde4a9a8746,15,8,7,33,1,1768974420,2026-01-21 00:49:40
b3a9057e-7ff6-4117-b96e-e71c173cf1e9,10,1,9,7,1,1768974420,2026-01-21 00:49:40
6db97fde-68ae-4d2b-b121-b7c17838bbe7,2,1,1,16,1,1768974420,2026-01-21 00:49:40
1960020817312746312,53,25,28,61,1,1768974420,2026-01-21 00:49:40
74e104fb-1ddc-4f3e-a60b-220b6c4f300b,2,2,0,14,1,1768974418,2026-01-21 00:49:40
b3c8aaaf-6e1c-4f56-9391-b79e883b8009,3,1,2,20,1,1768974418,2026-01-21 00:49:40
1835249854657874848,3,1,2,14,1,1768974435,2026-01-21 00:49:40
ad037fe2-4a28-4b55-863c-229aada0b43a,6,0,6,13,1,1768974435,2026-01-21 00:49:40
66dc3a1a-0aca-11e7-82f6-3863bb44ef7c,2,1,1,48,1,1768974435,2026-01-21 00:49:40
66dd52c8-0aca-11e7-82f6-3863bb44ef7c,11,11,0,28,1,1768974435,2026-01-21 00:49:40
66dded11-0aca-11e7-82f6-3863bb44ef7c,20,1,19,16,1,1768974436,2026-01-21 00:49:40
1828967717120678322,13,9,4,9,1,1768974433,2026-01-21 00:49:40
1814900353536621062,10,4,6,19,1,1768974433,2026-01-21 00:49:40
2126274178538511162,8,0,8,3,1,1768974433,2026-01-21 00:49:40
c1144380-c1ac-4315-9b1a-4b4e870ac688,2,1,1,16,1,1768974433,2026-01-21 00:49:40
66db6cd4-0aca-11e7-82f6-3863bb44ef7c,44,24,20,6,1,1768974428,2026-01-21 00:49:40
1431ec5c-242d-401b-b672-dbf95155999b,2,2,0,14,1,1768974429,2026-01-21 00:49:40
c01a9c97-6c04-4e3f-ad0b-958801d94ca1,14,3,11,0,1,1768974429,2026-01-21 00:49:40
faf021ad-9de5-44bd-b7f5-48127e8d5fea,21,1,20,2,1,1768974428,2026-01-21 00:49:40
66dc73b0-0aca-11e7-82f6-3863bb44ef7c,33,30,3,3,1,1768974428,2026-01-21 00:49:40
1947313784686131504,11,0,11,7,1,1768974428,2026-01-21 00:49:40
96cf4c1a-db2c-4d4b-af34-c31281b5904b,14,10,4,3,1,1768974429,2026-01-21 00:49:40
6fd84197-56e2-47df-849f-701aca0e7cc3,4,1,3,14,1,1768974429,2026-01-21 00:49:40
1828968994833044184,9,1,8,10,1,1768974431,2026-01-21 00:49:40
2c2cdc55-52a3-4140-b4d3-8409a98f130f,9,5,4,16,1,1768974432,2026-01-21 00:49:40
66dcc65c-0aca-11e7-82f6-3863bb44ef7c,8,6,2,7,1,1768974432,2026-01-21 00:49:40
66dbea8d-0aca-11e7-82f6-3863bb44ef7c,17,4,13,29,1,1768974432,2026-01-21 00:49:40
95a52ce4-3597-47d1-8d6f-427cb3b8ca6a,1,0,1,22,1,1768974434,2026-01-21 00:49:40
5f0aa684-a1c5-4119-827f-7860f1cd4ccd,11,2,9,12,1,1768974433,2026-01-21 00:49:40
e7739b9e-7cc6-4cbb-98d3-669b8e2ae98b,5,0,5,16,1,1768974434,2026-01-21 00:49:40
2126225134412534550,13,7,6,2,1,1768974435,2026-01-21 00:49:40
557f8d40-dec1-4c61-bd03-a0d1a6ea0e4b,24,11,13,4,1,1768974430,2026-01-21 00:49:40
30d6520e-b612-4240-a9ff-eec12b02b263,7,4,3,11,1,1768974431,2026-01-21 00:49:40
1836581628905160976,13,4,9,7,1,1768974431,2026-01-21 00:49:40
66de6100-0aca-11e7-82f6-3863bb44ef7c,24,0,24,7,1,1768974431,2026-01-21 00:49:40
1978170169761096104,18,4,14,16,1,1768974431,2026-01-21 00:49:40
1875413335585534272,2,0,2,19,1,1768974454,2026-01-21 00:49:40
1861682960046954694,20,17,3,3,1,1768974454,2026-01-21 00:49:40
66dd9213-0aca-11e7-82f6-3863bb44ef7c,14,12,2,27,1,1768974454,2026-01-21 00:49:40
1836581714456697424,8,1,7,15,1,1768974454,2026-01-21 00:49:40
22ac9559-d7f1-4dcd-ae3e-f6caf586a455,4,2,2,20,1,1768974454,2026-01-21 00:49:40
66dc209c-0aca-11e7-82f6-3863bb44ef7c,60,38,22,2,1,1768974454,2026-01-21 00:49:40
4dde902d-512c-4e9e-8899-a68424ed87c0,11,1,10,22,1,1768974455,2026-01-21 00:49:40
8a24490d-d5c5-4bac-9e36-56967834fc10,0,0,0,20,1,1768974455,2026-01-21 00:49:40
1b28836b-29fd-47a7-9a98-44cd792918fb,35,4,31,14,1,1768974455,2026-01-21 00:49:40
66dbf667-0aca-11e7-82f6-3863bb44ef7c,67,31,36,1,1,1768974453,2026-01-21 00:49:40
c05cd2e2-74e8-4526-a62b-d631e005fdd8,27,4,23,1,1,1768974453,2026-01-21 00:49:40
cb04be8e-8edc-4c9d-bfc0-76f94e3a3d9b,33,1,32,9,1,1768974453,2026-01-21 00:49:40
1862788101231526152,16,7,9,14,1,1768974453,2026-01-21 00:49:40
bd318c15-5c3d-4e72-9837-3b4bd37707e0,2,2,0,16,1,1768974453,2026-01-21 00:49:40
66dde559-0aca-11e7-82f6-3863bb44ef7c,27,27,0,6,1,1768974454,2026-01-21 00:49:40
403c310e-26d5-4db5-9928-13c38b25053d,1,1,0,22,1,1768974456,2026-01-21 00:49:40
1914337145288845316,16,3,13,6,1,1768974456,2026-01-21 00:49:40
66dcbdc2-0aca-11e7-82f6-3863bb44ef7c,5,2,3,16,1,1768974456,2026-01-21 00:49:40
9e9acfaf-0bbf-4bc2-a825-b2befb6bee55,23,14,9,9,1,1768974457,2026-01-21 00:49:40
66dcca76-0aca-11e7-82f6-3863bb44ef7c,0,0,0,22,1,1768974456,2026-01-21 00:49:40
9e3603ee-2b7d-4147-a7b5-48bbd778902c,13,13,0,44,1,1768974457,2026-01-21 00:49:40
d56a8542-048a-4aca-ac7f-f27a9e6c908b,12,3,9,14,1,1768974457,2026-01-21 00:49:40
66db3f01-0aca-11e7-82f6-3863bb44ef7c,38,27,11,9,1,1768974457,2026-01-21 00:49:40
f6c33f22-d650-4935-a928-fb693a828b5f,0,0,0,22,1,1768974453,2026-01-21 00:49:40
88bf1344-354f-4699-bdbd-1c2584fc41ee,30,4,26,5,1,1768974454,2026-01-21 00:49:40
0579ff13-5d5b-4cbd-bc6e-3e9396591aef,7,2,5,11,1,1768974456,2026-01-21 00:49:40
72196024-6f2b-45cb-9764-609911c7dc0b,15,8,7,33,1,1768974460,2026-01-21 00:49:40
0e82ab9f-8c93-4302-b9df-342f8135a05c,20,0,20,0,1,1768974461,2026-01-21 00:49:40
66dccd65-0aca-11e7-82f6-3863bb44ef7c,18,1,17,8,1,1768974461,2026-01-21 00:49:40
66dde9af-0aca-11e7-82f6-3863bb44ef7c,14,10,4,12,1,1768974461,2026-01-21 00:49:40
ff2869f0-4381-4cf3-863e-a0d776ec53b4,89,44,45,1,1,1768974461,2026-01-21 00:49:40
49d2cd03-f508-483f-a7c9-7fd450e5e6db,13,3,10,5,1,1768974461,2026-01-21 00:49:40
66db6387-0aca-11e7-82f6-3863bb44ef7c,86,67,19,24,1,1768974461,2026-01-21 00:49:40
7d455e9a-20b4-4b03-8248-0d982fdfa21b,0,0,0,22,1,1768974462,2026-01-21 00:49:40
c2291f8e-3b07-4671-82af-2b947825de4a,55,40,15,10,1,1768974457,2026-01-21 00:49:40
2126622876727162948,6,1,5,3,1,1768974457,2026-01-21 00:49:40
9e99abca-c679-4788-9a4e-39066660bd6a,8,4,4,9,1,1768974458,2026-01-21 00:49:40
1989279523593928720,106,86,20,0,1,1768974458,2026-01-21 00:49:40
66dcbb2c-0aca-11e7-82f6-3863bb44ef7c,11,3,8,16,1,1768974458,2026-01-21 00:49:40
66dd8bd9-0aca-11e7-82f6-3863bb44ef7c,17,11,6,6,1,1768974460,2026-01-21 00:49:40
581d8683-c217-4f96-89cb-b5a94d780b83,1,1,0,75,1,1768974460,2026-01-21 00:49:40
30985a9c-afe4-4b98-a72c-2c72bb35603e,4,3,1,13,1,1768974460,2026-01-21 00:49:40
a11a0000-19cf-4053-b3a1-3a5886d7446c,26,12,14,13,1,1768974460,2026-01-21 00:49:40
bfea6c5b-2e1a-42c5-8199-2ded6042d57b,9,0,9,15,1,1768974459,2026-01-21 00:49:40
66dd2556-0aca-11e7-82f6-3863bb44ef7c,30,11,19,13,1,1768974459,2026-01-21 00:49:40
e51c8b72-460f-41c2-a5ca-de85d3f46a30,19,8,11,33,1,1768974458,2026-01-21 00:49:40
fbb2d76c-1d47-4fb1-9c07-622fcace38a5,21,0,21,6,1,1768974459,2026-01-21 00:49:40
24f431ca-c2a5-46be-966b-b8d4c3e4b346,3,2,1,11,1,1768974459,2026-01-21 00:49:40
2b848257-dc2e-4dd0-b840-d5e046972789,6,0,6,11,1,1768974464,2026-01-21 00:49:40
ed1199e4-d9a6-4d9e-8c81-62bcd7510a11,15,14,1,14,1,1768974464,2026-01-21 00:49:40
1817432787057164808,18,12,6,1,1,1768974464,2026-01-21 00:49:40
2122552934440059494,3,1,2,13,1,1768974464,2026-01-21 00:49:40
1828968611856235508,2,1,1,16,1,1768974464,2026-01-21 00:49:40
c83e1ef5-776e-417e-8ee2-d08ca121f884,6,5,1,20,1,1768974464,2026-01-21 00:49:40
eef98eb6-f550-49f9-a910-4d2863e6a591,4,4,0,13,1,1768974465,2026-01-21 00:49:40
35915f48-31c5-499a-b845-2ca2fb541904,19,0,19,20,1,1768974465,2026-01-21 00:49:40
66dd42eb-0aca-11e7-82f6-3863bb44ef7c,0,0,0,60,1,1768974462,2026-01-21 00:49:40
1835250318514342456,10,1,9,17,1,1768974462,2026-01-21 00:49:40
d319629d-63cf-4765-9f69-5569f35d6469,6,2,4,12,1,1768974462,2026-01-21 00:49:40
c1c33a35-751f-4dd6-baef-82db46f7ab46,9,3,6,22,1,1768974462,2026-01-21 00:49:40
5d049d4b-0736-4323-834a-1b2454bd6551,14,13,1,10,1,1768974462,2026-01-21 00:49:40
66dde079-0aca-11e7-82f6-3863bb44ef7c,9,6,3,30,1,1768974463,2026-01-21 00:49:40
46a1ff6c-6131-414a-9ef6-65a8db7d305f,2,2,0,21,1,1768974463,2026-01-21 00:49:40
1286480d-5d6d-4a47-9fac-e156dba2b6fc,30,15,15,26,1,1768974464,2026-01-21 00:49:40
08b9c491-a589-4e75-996c-2455c26fb356,2,1,1,17,1,1768974457,2026-01-21 00:49:40
4e1a13af-1c3b-48f2-8586-5edceea97d61,1,1,0,17,1,1768974395,2026-01-21 00:49:40
66dd4841-0aca-11e7-82f6-3863bb44ef7c,30,23,7,12,1,1768974396,2026-01-21 00:49:40
311269f4-53dc-4f83-b26b-ecb6e8e160ed,4,3,1,15,1,1768974396,2026-01-21 00:49:40
897e8739-ee1d-4b2e-b151-ad7e64e87697,15,6,9,13,1,1768974392,2026-01-21 00:49:40
6fcad2af-c3e2-47a4-8942-023ae4047e67,12,8,4,5,1,1768974392,2026-01-21 00:49:40
b636a06c-c10e-417a-ac22-14cadb8f8993,16,5,11,2,1,1768974392,2026-01-21 00:49:40
3134bce7-0bb9-4a45-9c87-60a8cb681d72,9,5,4,6,1,1768974395,2026-01-21 00:49:40
1828969851041055492,11,7,4,11,1,1768974395,2026-01-21 00:49:40
1861681435029604706,23,15,8,0,1,1768974397,2026-01-21 00:49:40
facb0195-8daa-46e3-95e1-6f22fb678e8a,1,1,0,18,1,1768974397,2026-01-21 00:49:40
01f01352-50d4-484e-a611-576b18ac373a,19,0,19,13,1,1768974397,2026-01-21 00:49:40
66db3a1e-0aca-11e7-82f6-3863bb44ef7c,8,8,0,12,1,1768974398,2026-01-21 00:49:40
9dde927d-9984-4f97-bcd0-fbcb59e6ca66,12,2,10,6,1,1768974393,2026-01-21 00:49:40
66dd25e0-0aca-11e7-82f6-3863bb44ef7c,17,7,10,2,1,1768974413,2026-01-21 00:49:40
b90574d1-e9e7-45be-8adb-e38cb285fea5,9,6,3,9,1,1768974413,2026-01-21 00:49:40
3bdd81c8-3112-45e6-ae72-11a3f4fa5921,16,2,14,7,1,1768974413,2026-01-21 00:49:40
1791472201147965920,12,4,8,50,1,1768974413,2026-01-21 00:49:40
60a061d5-d984-4573-af3c-2054f4f59e94,4,2,2,14,1,1768974414,2026-01-21 00:49:40
9bd28b11-cf11-4938-abb2-dfa5ec800e32,26,5,21,3,1,1768974414,2026-01-21 00:49:40
db02e1ea-acc1-4f45-8e3c-d37468b0b5a6,0,0,0,18,1,1768974414,2026-01-21 00:49:40
1835246815877178358,10,3,7,10,1,1768974415,2026-01-21 00:49:40
7e7d974c-a6ec-4d9a-b4ed-01a4d2056d8b,1,0,1,18,1,1768974414,2026-01-21 00:49:40
1846449740982645546,16,0,16,3,1,1768974415,2026-01-21 00:49:40
50e05a9f-dce6-4315-a10d-1fa786fc18ee,7,4,3,44,1,1768974415,2026-01-21 00:49:40
66db9845-0aca-11e7-82f6-3863bb44ef7c,47,39,8,8,1,1768974415,2026-01-21 00:49:40
febf420f-bbec-4044-a3af-69959e018ccb,17,17,0,4,1,1768974415,2026-01-21 00:49:40
918af7b2-e05c-477a-a8c0-7dcff984c566,9,1,8,29,1,1768974416,2026-01-21 00:49:40
78e93937-53d1-4c9b-99ad-0460f908ed2d,10,9,1,14,1,1768974416,2026-01-21 00:49:40
b200a8bf-2d79-4511-9a16-ac41e7245622,20,1,19,3,1,1768974416,2026-01-21 00:49:40
2126624772423916318,6,1,5,3,1,1768974416,2026-01-21 00:49:40
66dd49eb-0aca-11e7-82f6-3863bb44ef7c,12,6,6,16,1,1768974416,2026-01-21 00:49:40
bf5a9ad8-6725-4ade-967d-aba612d423bf,21,12,9,1,1,1768974417,2026-01-21 00:49:40
66de1b5b-0aca-11e7-82f6-3863bb44ef7c,7,4,3,18,1,1768974412,2026-01-21 00:49:40
2039088532741595744,41,16,25,10,1,1768974412,2026-01-21 00:49:40
66dc8c90-0aca-11e7-82f6-3863bb44ef7c,10,5,5,15,1,1768974413,2026-01-21 00:49:40
8df41833-c7bf-4171-bdab-58d64f6ade54,21,6,15,0,1,1768974413,2026-01-21 00:49:40
b6a4770e-9077-4a0e-a0fb-b45b1d457559,49,34,15,7,1,1768974410,2026-01-21 00:49:40
aba6e644-3ac8-4cdc-9bc6-763e9d82dee9,14,4,10,9,1,1768974410,2026-01-21 00:49:40
59f0cb81-e31b-4ba9-9159-3437c52f7505,0,0,0,17,1,1768974411,2026-01-21 00:49:40
66dde2d9-0aca-11e7-82f6-3863bb44ef7c,24,16,8,11,1,1768974417,2026-01-21 00:49:40
d5ca6311-7471-480f-9c79-38baaafe34ba,17,15,2,11,1,1768974417,2026-01-21 00:49:40
1945126147213275898,5,4,1,17,1,1768974412,2026-01-21 00:49:40
cdb6e2aa-4da3-4ed7-9b13-ce626addf6b0,23,12,11,24,1,1768974412,2026-01-21 00:49:40
653ba606-f397-41e6-adc4-f775bf2d0c9f,12,0,12,10,1,1768974412,2026-01-21 00:49:40
88c1303b-3349-4591-bf08-c7e40cf3537a,28,10,18,17,1,1768974412,2026-01-21 00:49:40
8f9ce302-2a6d-443c-8fe0-625b20021ea2,11,3,8,13,1,1768974415,2026-01-21 00:49:40
1822663143025657920,20,4,16,4,1,1768974426,2026-01-21 00:49:40
1879859065051787718,16,12,4,4,1,1768974427,2026-01-21 00:49:40
1817627670084542818,12,3,9,10,1,1768974427,2026-01-21 00:49:40
8603535e-0d7a-4c5b-ae77-27b9f5770bfa,21,15,6,4,1,1768974424,2026-01-21 00:49:40
5b0b689f-9bd2-4743-b4cc-d4629a9a709b,18,3,15,4,1,1768974425,2026-01-21 00:49:40
348c5e65-cbc3-4da6-9856-fc253a0ba546,13,10,3,38,1,1768974423,2026-01-21 00:49:40
dcdaa64b-4d2c-4017-bfb9-da25924f851d,8,7,1,13,1,1768974425,2026-01-21 00:49:40
1815967313905864892,10,5,5,5,1,1768974425,2026-01-21 00:49:40
e71d152c-c2df-4d3e-a9af-139f2529bac6,12,0,12,4,1,1768974425,2026-01-21 00:49:40
cd5e7c3e-c618-416a-ae99-b509bd56e1b2,6,0,6,22,1,1768974425,2026-01-21 00:49:40
a04bf523-3c76-4fad-88bf-e99037f9b796,12,4,8,8,1,1768974426,2026-01-21 00:49:40
412c1416-d15b-4e6a-9691-da4c3cc0d0d2,36,33,3,25,1,1768974423,2026-01-21 00:49:40
1860189426558126796,10,1,9,12,1,1768974426,2026-01-21 00:49:40
4cd5a87d-7618-4a15-892d-8cf29eec865c,17,4,13,1,1,1768974424,2026-01-21 00:49:40
66de1295-0aca-11e7-82f6-3863bb44ef7c,18,7,11,1,1,1768974428,2026-01-21 00:49:40
bca594e5-779f-4866-bd6b-818871f97d38,17,2,15,12,1,1768974427,2026-01-21 00:49:40
66db95e5-0aca-11e7-82f6-3863bb44ef7c,38,16,22,1,1,1768974441,2026-01-21 00:49:40
4753c1ba-a86e-431e-94fb-06403cdee4d7,19,13,6,11,1,1768974441,2026-01-21 00:49:40
876683ce-9bce-4fad-8d1c-6b331fa07b5c,38,14,24,7,1,1768974441,2026-01-21 00:49:40
66db8c10-0aca-11e7-82f6-3863bb44ef7c,23,12,11,12,1,1768974442,2026-01-21 00:49:40
66dd1b65-0aca-11e7-82f6-3863bb44ef7c,27,7,20,30,1,1768974442,2026-01-21 00:49:40
43eac213-4603-4bc2-b6d6-b45013396282,20,10,10,15,1,1768974442,2026-01-21 00:49:40
66db32fb-0aca-11e7-82f6-3863bb44ef7c,7,3,4,86,1,1768974442,2026-01-21 00:49:40
66f68197-4897-4576-896a-48e0312104c5,7,4,3,19,1,1768974439,2026-01-21 00:49:40
4780d9d1-b886-4e72-9d18-cb152f73e10a,2,1,1,17,1,1768974439,2026-01-21 00:49:40
ecb2eebe-67c0-43b8-baae-71abb1a0ec6a,0,0,0,22,1,1768974439,2026-01-21 00:49:40
d07790cd-1acd-4f74-b5f1-3d70f8a8a526,2,0,2,22,1,1768974440,2026-01-21 00:49:40
66db6aae-0aca-11e7-82f6-3863bb44ef7c,27,18,9,56,1,1768974440,2026-01-21 00:49:40
1843486301383097150,3,1,2,20,1,1768974441,2026-01-21 00:49:40
16280b32-7e5b-4a18-930b-212eac10faaa,1,0,1,19,1,1768974441,2026-01-21 00:49:40
8dc8c0b3-4d70-40fe-a75a-86e30ecb676b,16,2,14,1,1,1768974441,2026-01-21 00:49:40
1843486757863039016,14,3,11,6,1,1768974441,2026-01-21 00:49:40
66de2201-0aca-11e7-82f6-3863bb44ef7c,14,12,2,19,1,1768974437,2026-01-21 00:49:40
61be9a4a-737c-413a-9b72-d47b28a366d5,15,8,7,5,1,1768974437,2026-01-21 00:49:40
c38e2cfc-04e6-419c-8bf8-d8713ccf6ea7,52,8,44,2,1,1768974437,2026-01-21 00:49:40
ab40ffde-f331-4194-adab-cb8c60b63f28,7,5,2,18,1,1768974438,2026-01-21 00:49:40
672d71ab-2c23-4bd2-9ed2-34e54aa4b5b5,5,4,1,10,1,1768974438,2026-01-21 00:49:40
eb6c2359-4825-4bf4-8f2d-8b6dd2bf4212,31,21,10,6,1,1768974438,2026-01-21 00:49:40
05c5e17c-7aa9-49b7-9da3-9db4858ec1fc,25,20,5,1,1,1768974439,2026-01-21 00:49:40
7dcc5a03-5997-4250-9207-fa8b6f027c86,14,4,10,12,1,1768974436,2026-01-21 00:49:40
6bc5598a-9eb8-44d2-adc0-d93b93af1924,17,5,12,0,1,1768974436,2026-01-21 00:49:40
66dcbefb-0aca-11e7-82f6-3863bb44ef7c,7,3,4,10,1,1768974436,2026-01-21 00:49:40
21361381-fd4a-44a4-bfa7-61f075192ce9,7,6,1,17,1,1768974443,2026-01-21 00:49:40
66dbf73d-0aca-11e7-82f6-3863bb44ef7c,33,25,8,2,1,1768974443,2026-01-21 00:49:40
1ec7ef9f-ab60-4a64-821d-883ba547273a,1,1,0,15,1,1768974443,2026-01-21 00:49:40
e15a5c77-70b0-4b9d-9eae-f10ddda7d994,0,0,0,22,1,1768974435,2026-01-21 00:49:40
66dbe4db-0aca-11e7-82f6-3863bb44ef7c,81,66,15,0,1,1768974437,2026-01-21 00:49:40
968d40e0-2a5b-4f6c-a161-fad1631b609b,10,9,1,4,1,1768974436,2026-01-21 00:49:40
1862787990429630662,3,3,0,15,1,1768974437,2026-01-21 00:49:40
1786698815186893280,34,28,6,0,1,1768974442,2026-01-21 00:49:40
05b9e7cd-f3a2-4d48-b7c4-f5fbe09d9de3,8,2,6,19,1,1768974447,2026-01-21 00:49:40
d873e463-2dc9-4bf8-86c7-fea8ddaa3a9f,2,2,0,14,1,1768974447,2026-01-21 00:49:40
66dcf394-0aca-11e7-82f6-3863bb44ef7c,11,8,3,19,1,1768974448,2026-01-21 00:49:40
6067af3d-f7ed-4149-a394-2fc2eb295872,50,13,37,7,1,1768974448,2026-01-21 00:49:40
6661108f-28eb-4671-ad0c-36a311d325aa,7,1,6,11,1,1768974448,2026-01-21 00:49:40
66de1448-0aca-11e7-82f6-3863bb44ef7c,0,0,0,28,1,1768974448,2026-01-21 00:49:40
1786698158713921798,23,2,21,17,1,1768974449,2026-01-21 00:49:40
2053867202510006310,18,4,14,3,1,1768974449,2026-01-21 00:49:40
344064f8-e82f-40fb-b235-aff506b77ae5,7,4,3,22,1,1768974449,2026-01-21 00:49:40
1884599469785421928,34,33,1,5,1,1768974449,2026-01-21 00:49:40
78ec2f0d-c309-46d4-8808-7eb1a0674e38,9,9,0,20,1,1768974450,2026-01-21 00:49:40
c04cef84-3fcd-4fd9-9e40-8e07453dbe19,5,1,4,12,1,1768974443,2026-01-21 00:49:40
91ca68bd-5ac1-470b-a26d-1ec98ea9cca4,13,1,12,11,1,1768974444,2026-01-21 00:49:40
a6287af0-9a9e-4708-b61f-8e758be4b914,14,7,7,5,1,1768974444,2026-01-21 00:49:40
9341ee1c-d456-4858-a451-70cbbd73d084,8,3,5,19,1,1768974444,2026-01-21 00:49:40
1860187692409078310,5,0,5,17,1,1768974444,2026-01-21 00:49:40
66de47bf-0aca-11e7-82f6-3863bb44ef7c,14,6,8,2,1,1768974444,2026-01-21 00:49:40
66de20c8-0aca-11e7-82f6-3863bb44ef7c,12,11,1,16,1,1768974444,2026-01-21 00:49:40
19002a4c-3229-450b-ad69-76948696e60d,1,0,1,17,1,1768974445,2026-01-21 00:49:40
de0c1800-f7cc-41b4-ab7a-c9d219180d06,4,2,2,56,1,1768974445,2026-01-21 00:49:40
cbcbd880-9662-4ab1-b530-781bb101ed1f,4,3,1,12,1,1768974447,2026-01-21 00:49:40
8c700e85-cfdb-4eef-ba49-53bd69c004ed,9,2,7,10,1,1768974447,2026-01-21 00:49:40
141ba25c-f4ea-4cec-ae7e-022401e23087,3,2,1,11,1,1768974445,2026-01-21 00:49:40
66dc0c53-0aca-11e7-82f6-3863bb44ef7c,12,4,8,8,1,1768974445,2026-01-21 00:49:40
5adcaaaf-5386-441d-827c-8d65c4f4405e,1,1,0,20,1,1768974446,2026-01-21 00:49:40
0f9423bd-98dd-4919-b6e3-28880ff7ecca,4,3,1,14,1,1768974446,2026-01-21 00:49:40
3c21925c-d68e-497c-b501-982d3eb3e852,14,10,4,6,1,1768974446,2026-01-21 00:49:40
1d8e51b0-8131-4c1f-93fb-f04952c157c0,3,0,3,24,1,1768974447,2026-01-21 00:49:40
160e21da-6dd2-47ff-8385-e13c8cdce4fa,23,2,21,0,1,1768974448,2026-01-21 00:49:40
1794096976946852066,37,34,3,27,1,1768974452,2026-01-21 00:49:40
66ddb41c-0aca-11e7-82f6-3863bb44ef7c,35,24,11,0,1,1768974452,2026-01-21 00:49:40
904930bd-2671-4695-9c1a-8a894b041129,12,12,0,53,1,1768974453,2026-01-21 00:49:40
66db3d2a-0aca-11e7-82f6-3863bb44ef7c,16,0,16,43,1,1768974450,2026-01-21 00:49:40
74a1dc19-f894-4246-99f1-476a92452995,4,2,2,21,1,1768974450,2026-01-21 00:49:40
66dbce8a-0aca-11e7-82f6-3863bb44ef7c,54,29,25,5,1,1768974450,2026-01-21 00:49:40
2a47ef14-1cbe-4ec6-841d-cc277627fe20,17,15,2,11,1,1768974450,2026-01-21 00:49:40
1848241332086049696,1,0,1,20,1,1768974450,2026-01-21 00:49:40
e6a32ec8-fc8b-4ed6-93a2-3ace3921b89d,16,16,0,10,1,1768974451,2026-01-21 00:49:40
062f0ac2-b3b6-4c15-b470-92ce9b592635,14,4,10,5,1,1768974451,2026-01-21 00:49:40
66dc91b5-0aca-11e7-82f6-3863bb44ef7c,20,5,15,25,1,1768974451,2026-01-21 00:49:40
5cb3a92d-f284-477c-bf63-ea72d24e8a7d,11,1,10,6,1,1768974451,2026-01-21 00:49:40
66de4c32-0aca-11e7-82f6-3863bb44ef7c,14,0,14,8,1,1768974451,2026-01-21 00:49:40
18267c09-1916-48d8-951c-caf88c89edd1,4,2,2,12,1,1768974451,2026-01-21 00:49:40
99d149f9-ad40-461e-beea-fcbf086f9b5a,21,9,12,45,1,1768974451,2026-01-21 00:49:40
27c71510-d515-4add-b660-6efd6f225cd1,20,17,3,5,1,1768974451,2026-01-21 00:49:40
65e7908a-a73e-4f8e-9967-0d0677f62bc4,14,4,10,7,1,1768974451,2026-01-21 00:49:40
079b5a90-1d2b-40b2-b1e9-71c075f16b89,7,3,4,9,1,1768974451,2026-01-21 00:49:40
1882736039096477712,27,21,6,10,1,1768974450,2026-01-21 00:49:40
fdf21800-6106-4739-b7d5-b379b19e5732,10,5,5,10,1,1768974450,2026-01-21 00:49:40
6f484a9d-c535-451e-a18f-f3afdc0a27af,31,9,22,8,1,1768974450,2026-01-21 00:49:40
66dbef85-0aca-11e7-82f6-3863bb44ef7c,31,10,21,4,1,1768974451,2026-01-21 00:49:40
1ddadf67-ae08-4e86-bdda-236629b9eabd,7,2,5,17,1,1768974465,2026-01-21 00:49:40
6c3b486e-603c-4158-91ac-adc06ac01535,10,0,10,15,1,1768974465,2026-01-21 00:49:40
e35494b4-5811-4d2a-87de-4430e56bce2d,1,1,0,18,1,1768974465,2026-01-21 00:49:40
add829db-2feb-4e81-af61-056791a6e53b,5,4,1,24,1,1768974465,2026-01-21 00:49:40
36ddce8f-bd83-4a05-b601-b526fb4d8628,3,2,1,16,1,1768974465,2026-01-21 00:49:40
1861680103893703034,5,5,0,15,1,1768974466,2026-01-21 00:49:40
66dc0d3a-0aca-11e7-82f6-3863bb44ef7c,16,9,7,3,1,1768974466,2026-01-21 00:49:40
66de871c-0aca-11e7-82f6-3863bb44ef7c,0,0,0,58,1,1768974466,2026-01-21 00:49:40
2053884382031338034,11,2,9,33,1,1768974467,2026-01-21 00:49:40
d55dd622-0ced-4e4d-9ea5-2ef2cb6481a9,18,9,9,17,1,1768974467,2026-01-21 00:49:40
66de1af4-0aca-11e7-82f6-3863bb44ef7c,10,7,3,24,1,1768974470,2026-01-21 00:49:40
c0df5c09-2c07-4689-9fe8-36ed81301d7d,3,2,1,18,1,1768974470,2026-01-21 00:49:40
1838070703178521596,1,0,1,18,1,1768974468,2026-01-21 00:49:40
66db4351-0aca-11e7-82f6-3863bb44ef7c,57,26,31,15,1,1768974468,2026-01-21 00:49:40
1900647078394106472,6,2,4,11,1,1768974468,2026-01-21 00:49:40
9789dc0f-1eb6-4830-bda9-1ce5f1413e19,4,4,0,13,1,1768974468,2026-01-21 00:49:40
2126624466406238560,8,3,5,3,1,1768974468,2026-01-21 00:49:40
66dc7b10-0aca-11e7-82f6-3863bb44ef7c,4,4,0,73,1,1768974468,2026-01-21 00:49:40
6a671276-d345-4a4c-a7df-98f5dbb19e4c,6,5,1,14,1,1768974468,2026-01-21 00:49:40
2af3ecc3-4f43-468a-a7cc-bb4804ee3e7a,15,10,5,37,1,1768974468,2026-01-21 00:49:40
66dd40dd-0aca-11e7-82f6-3863bb44ef7c,11,9,2,20,1,1768974469,2026-01-21 00:49:40
66dcf897-0aca-11e7-82f6-3863bb44ef7c,4,3,1,24,1,1768974469,2026-01-21 00:49:40
1913995167022829826,20,3,17,0,1,1768974467,2026-01-21 00:49:40
98af0e1d-ea33-4c6e-95fe-97846e81081e,14,12,2,6,1,1768974467,2026-01-21 00:49:40
66db8fde-0aca-11e7-82f6-3863bb44ef7c,40,21,19,11,1,1768974467,2026-01-21 00:49:40
2121033124458338894,9,1,8,4,1,1768974468,2026-01-21 00:49:40
66ddb595-0aca-11e7-82f6-3863bb44ef7c,5,2,3,12,1,1768974469,2026-01-21 00:49:40
66dc1545-0aca-11e7-82f6-3863bb44ef7c,18,4,14,6,1,1768974469,2026-01-21 00:49:40
2e74ea1d-02a0-47bf-9665-dce2d65de8d7,19,8,11,27,1,1768974469,2026-01-21 00:49:40
dfe2c398-ff5c-4a8d-83c8-fa18801540d8,11,0,11,18,1,1768974466,2026-01-21 00:49:40
bf093f72-1d8d-44ae-91b5-e36958a27976,4,0,4,16,1,1768974470,2026-01-21 00:49:40
de449a58-0edf-4d36-91b4-4b313576e945,11,3,8,6,1,1768974470,2026-01-21 00:49:40
b1f67e5c-7c26-4bf3-a90e-1500a3160d60,5,0,5,18,1,1768974473,2026-01-21 00:49:40
af626e61-9f83-4602-a9b1-038b1c1430e6,14,2,12,2,1,1768974473,2026-01-21 00:49:40
17c45d34-0d8d-46ba-9078-e9a2a7c5867c,1,1,0,29,1,1768974474,2026-01-21 00:49:40
9f702c67-b591-4492-ba90-eb3c7e793dad,12,2,10,9,1,1768974474,2026-01-21 00:49:40
20f3a578-4dfa-45ca-a917-b394d77ee08e,17,3,14,12,1,1768974474,2026-01-21 00:49:40
66dd470b-0aca-11e7-82f6-3863bb44ef7c,9,6,3,35,1,1768974477,2026-01-21 00:49:40
2c366f4b-8319-41bf-ab8e-2fba3a952feb,7,7,0,43,1,1768974476,2026-01-21 00:49:40
1789e458-c466-4d77-aba6-365f5c3823ed,8,0,8,9,1,1768974477,2026-01-21 00:49:40
66de06ef-0aca-11e7-82f6-3863bb44ef7c,19,2,17,5,1,1768974477,2026-01-21 00:49:40
66de1a8a-0aca-11e7-82f6-3863bb44ef7c,14,11,3,11,1,1768974477,2026-01-21 00:49:40
ab692d1f-5a4a-4fff-b929-013c3a7e8a98,0,0,0,18,1,1768974477,2026-01-21 00:49:40
1817433126359581672,9,0,9,13,1,1768974477,2026-01-21 00:49:40
1857217122161783302,22,4,18,6,1,1768974477,2026-01-21 00:49:40
1869754004195029842,0,0,0,21,1,1768974476,2026-01-21 00:49:40
1e590819-53fd-415c-bc28-aed605ad3bcb,5,1,4,11,1,1768974476,2026-01-21 00:49:40
42bf7170-61ab-44a0-aafe-1b89d7271718,15,9,6,14,1,1768974474,2026-01-21 00:49:40
66de56e5-0aca-11e7-82f6-3863bb44ef7c,21,2,19,3,1,1768974474,2026-01-21 00:49:40
3bf91ca1-14fd-4e51-858e-36a203f1af2a,2,2,0,15,1,1768974475,2026-01-21 00:49:40
6853d09a-cbd8-4378-bc23-02e8bba0b4da,3,1,2,19,1,1768974475,2026-01-21 00:49:40
66dc86d9-0aca-11e7-82f6-3863bb44ef7c,49,1,48,15,1,1768974475,2026-01-21 00:49:40
1835249964093653018,2,0,2,21,1,1768974471,2026-01-21 00:49:40
1828966882896859944,0,0,0,17,1,1768974471,2026-01-21 00:49:40
533f25a0-514f-456f-9d87-5fdcb4ee42f4,4,3,1,14,1,1768974472,2026-01-21 00:49:40
66dbc8f5-0aca-11e7-82f6-3863bb44ef7c,61,48,13,7,1,1768974472,2026-01-21 00:49:40
66de07ec-0aca-11e7-82f6-3863bb44ef7c,21,1,20,4,1,1768974472,2026-01-21 00:49:40
1846086768160082632,22,0,22,2,1,1768974472,2026-01-21 00:49:40
66db3cab-0aca-11e7-82f6-3863bb44ef7c,23,10,13,7,1,1768974472,2026-01-21 00:49:40
dd8627c8-4190-4a30-8758-e77a7b010437,8,4,4,39,1,1768974472,2026-01-21 00:49:40
ab79da3d-f92a-42de-a76d-e05b5d7e724c,0,0,0,14,1,1768974472,2026-01-21 00:49:40
b94cc90e-9ca2-4471-8371-23be051e0157,0,0,0,76,1,1768974473,2026-01-21 00:49:40
1820420129807491554,15,1,14,3,1,1768974473,2026-01-21 00:49:40
531e6d94-5f4c-4ef0-9c83-47191be9d8f9,1,1,0,16,1,1768974473,2026-01-21 00:49:40
66dba0ba-0aca-11e7-82f6-3863bb44ef7c,12,3,9,27,1,1768974473,2026-01-21 00:49:40
720c0d64-7828-4dba-bff9-4d99f4e3a9fc,6,4,2,15,1,1768974472,2026-01-21 00:49:40
2170352212111402482,31,16,15,41,1,1768974478,2026-01-21 00:49:40
9790606b-a00d-4d5e-b6ec-abd11c9d25b3,0,0,0,17,1,1768974478,2026-01-21 00:49:40
66dcec6b-0aca-11e7-82f6-3863bb44ef7c,10,9,1,26,1,1768974478,2026-01-21 00:49:40
7efcb97f-6c8f-4445-86a9-3f758a822f17,20,20,0,21,1,1768974478,2026-01-21 00:49:40
0096fecb-3a56-4585-9204-aa9554f7bc49,24,15,9,20,1,1768974478,2026-01-21 00:49:40
1835250080052323168,0,0,0,0,0,86400,2026-01-21 00:49:40
2171902607371571344,0,0,0,0,0,86400,2026-01-21 00:49:40
2171903032377767128,0,0,0,0,0,86400,2026-01-21 00:49:40
2171903385631266470,0,0,0,0,0,86400,2026-01-21 00:49:40
2171903970740122034,0,0,0,0,0,86400,2026-01-21 00:49:40
66dd3cb4-0aca-11e7-82f6-3863bb44ef7c,0,0,0,2,0,1768962787,2026-01-21 00:49:40
66dcf30d-0aca-11e7-82f6-3863bb44ef7c,6,1,5,19,1,1768974358,2026-01-21 00:49:40
0efa08a3-1c38-48fe-ab37-8c9b72b20126,13,4,9,5,1,1768974359,2026-01-21 00:49:40
66de602e-0aca-11e7-82f6-3863bb44ef7c,43,0,43,6,1,1768974359,2026-01-21 00:49:40
d5d2aebc-158c-43ec-9105-2a779d0245d8,0,0,0,18,1,1768974357,2026-01-21 00:49:40
9eb98b3b-ea35-483f-91f6-d90c506152db,13,9,4,8,1,1768974363,2026-01-21 00:49:40
66db28b5-0aca-11e7-82f6-3863bb44ef7c,62,3,59,11,1,1768974364,2026-01-21 00:49:40
14391923-6727-4359-92e9-03e0b5094753,32,16,16,16,1,1768974361,2026-01-21 00:49:40
1794096824496960148,25,18,7,18,1,1768974364,2026-01-21 00:49:40
57f144cb-375d-4eee-b458-e288116cb8f7,12,6,6,3,1,1768974365,2026-01-21 00:49:40
e25f8dee-c110-489f-a978-464ac5c84ca2,19,16,3,6,1,1768974366,2026-01-21 00:49:40
8c6cba48-d803-4a90-99f7-e06edcdbbf92,13,10,3,9,1,1768974366,2026-01-21 00:49:40
1846085836152179090,6,0,6,13,1,1768974360,2026-01-21 00:49:40
66dea8ff-0aca-11e7-82f6-3863bb44ef7c,6,3,3,31,1,1768974364,2026-01-21 00:49:40
33af8810-cda5-4b61-9c38-0235f9d59aaa,19,3,16,6,1,1768974366,2026-01-21 00:49:40
6ff2eec8-2b72-490a-b1c3-f9892ab3a724,23,15,8,24,1,1768974371,2026-01-21 00:49:40
272c0389-5e4a-41a9-ad6c-2dccdfa55af9,7,2,5,16,1,1768974372,2026-01-21 00:49:40
1838070940162509196,5,1,4,16,1,1768974372,2026-01-21 00:49:40
66dc7d58-0aca-11e7-82f6-3863bb44ef7c,68,46,22,4,1,1768974373,2026-01-21 00:49:40
edc9b877-c311-46b4-a780-59ee7e692324,11,6,5,24,1,1768974372,2026-01-21 00:49:40
067b53bd-33bf-4698-8103-3931a5f32a37,9,3,6,9,1,1768974372,2026-01-21 00:49:40
2ec1235f-a043-4e3a-9ba1-56f7dd4624b7,4,1,3,16,1,1768974372,2026-01-21 00:49:40
627c77c0-0088-4ba8-ba66-73e0e3d3fe77,5,2,3,18,1,1768974368,2026-01-21 00:49:40
1890927910885612334,25,2,23,0,1,1768974368,2026-01-21 00:49:40
66dd4423-0aca-11e7-82f6-3863bb44ef7c,32,32,0,10,1,1768974368,2026-01-21 00:49:40
66db3e32-0aca-11e7-82f6-3863bb44ef7c,43,2,41,0,1,1768974368,2026-01-21 00:49:40
66db72f1-0aca-11e7-82f6-3863bb44ef7c,44,16,28,4,1,1768974369,2026-01-21 00:49:40
1882736243099681438,15,8,7,19,1,1768974367,2026-01-21 00:49:40
66ddef2d-0aca-11e7-82f6-3863bb44ef7c,12,4,8,10,1,1768974368,2026-01-21 00:49:40
0f6fd186-656a-41b3-ba4a-456d22da177c,22,6,16,14,1,1768974374,2026-01-21 00:49:40
1fba77e2-66ab-4e9c-9f9a-4ec4f11fd80b,5,2,3,20,1,1768974370,2026-01-21 00:49:40
66de0a0a-0aca-11e7-82f6-3863bb44ef7c,13,5,8,12,1,1768974369,2026-01-21 00:49:40
0258da92-f770-4acc-b20b-91b78aff791e,15,0,15,6,1,1768974367,2026-01-21 00:49:40
66dbf140-0aca-11e7-82f6-3863bb44ef7c,83,61,22,0,1,1768974375,2026-01-21 00:49:40
cb4926e6-0a79-4902-80ee-d365fbf42aec,1,1,0,20,1,1768974379,2026-01-21 00:49:40
2126621627432855870,7,0,7,3,1,1768974285,2026-01-21 00:49:40
a68acb0c-4244-416a-bf59-ca55d3120cdd,16,10,6,5,1,1768974377,2026-01-21 00:49:40
f6cf3ecc-b3ad-4291-8c24-277f28f64ba1,1,1,0,19,1,1768974377,2026-01-21 00:49:40
66ddebce-0aca-11e7-82f6-3863bb44ef7c,20,15,5,7,1,1768974378,2026-01-21 00:49:40
e36b5913-8e46-4c2a-b9be-73bdf8ee548b,26,7,19,29,1,1768974378,2026-01-21 00:49:40
a4c9faeb-2234-457d-ad56-1ab14104b538,1,1,0,17,1,1768974376,2026-01-21 00:49:40
66dde7dc-0aca-11e7-82f6-3863bb44ef7c,15,13,2,6,1,1768974375,2026-01-21 00:49:40
00284700-9d22-42ce-8485-113fed9879c1,10,8,2,8,1,1768974380,2026-01-21 00:49:40
1845676917264180046,11,1,10,8,1,1768974380,2026-01-21 00:49:40
66ddeb67-0aca-11e7-82f6-3863bb44ef7c,16,11,5,11,1,1768974376,2026-01-21 00:49:40
1abd4668-ed6b-4930-8177-17239ae75a9e,1,1,0,18,1,1768974376,2026-01-21 00:49:40
c7dbc7b5-240b-494d-8663-dbee4103a20c,12,1,11,7,1,1768974376,2026-01-21 00:49:40
f3eb962c-314a-4431-bac7-2eb2ffbe2fd2,2,0,2,13,1,1768974380,2026-01-21 00:49:40
1828968462257099768,1,0,1,18,1,1768974380,2026-01-21 00:49:40
1913990214925537808,31,14,17,3,1,1768974381,2026-01-21 00:49:40
fc5ee04d-710b-45ba-aae0-303b8e95ea89,5,2,3,14,1,1768974381,2026-01-21 00:49:40
4aa6bb27-b76b-444e-a3ce-6fb25b822494,6,0,6,13,1,1768974383,2026-01-21 00:49:40
1963272613486484230,66,51,15,3,1,1768974384,2026-01-21 00:49:40
e0a9ed84-55f9-40f5-90fa-87db17d2f933,11,1,10,7,1,1768974385,2026-01-21 00:49:40
f8c1c90f-4ec0-44bd-b097-cfafc887744d,49,14,35,3,1,1768974382,2026-01-21 00:49:40
116dbc02-a3c1-4b65-9f73-2a09a2aa1379,56,15,41,24,1,1768974385,2026-01-21 00:49:40
3ac37967-e174-421a-bfeb-d02249fb1266,4,2,2,19,1,1768974382,2026-01-21 00:49:40
66dbf362-0aca-11e7-82f6-3863bb44ef7c,31,3,28,11,1,1768974382,2026-01-21 00:49:40
1856767203049599002,12,2,10,8,1,1768974386,2026-01-21 00:49:40
bdc116cd-4d63-4693-846c-ec5073314007,8,7,1,12,1,1768974386,2026-01-21 00:49:40
66dd4f9b-0aca-11e7-82f6-3863bb44ef7c,17,7,10,18,1,1768974387,2026-01-21 00:49:40
ff1e98d3-ae7d-4c53-a531-1845bee1d346,4,4,0,32,1,1768974387,2026-01-21 00:49:40
1828968082192898522,4,2,2,17,1,1768974389,2026-01-21 00:49:40
06e5447e-35b8-45cb-b3bb-937791a6f8ae,13,1,12,6,1,1768974389,2026-01-21 00:49:40
b83b2a73-af8e-4b82-b61e-aeaaf075fbe2,3,3,0,22,1,1768974390,2026-01-21 00:49:40
7155b0a6-2545-4b02-ae8c-9c0c4220f8c3,4,3,1,16,1,1768974390,2026-01-21 00:49:40
c3b255d8-b690-4825-b1e9-a1d1680e5542,9,2,7,10,1,1768974388,2026-01-21 00:49:40
1960021358478625244,27,17,10,46,1,1768974389,2026-01-21 00:49:40
1786686999403592506,25,18,7,4,1,1768974391,2026-01-21 00:49:40
0e240143-2f86-4754-8345-4994750d99f1,13,3,10,5,1,1768974391,2026-01-21 00:49:40
66de1a1f-0aca-11e7-82f6-3863bb44ef7c,10,8,2,24,1,1768974391,2026-01-21 00:49:40
1960021056359127624,14,2,12,9,1,1768974391,2026-01-21 00:49:40
3b530cff-dd26-4cfd-b570-a85fd53354fe,32,10,22,12,1,1768974392,2026-01-21 00:49:40
9206af28-03bf-43e3-a8b0-354792921466,10,3,7,10,1,1768974392,2026-01-21 00:49:40
2527619f-ef89-425c-bf3b-60cc0ec519bf,37,13,24,19,1,1768974388,2026-01-21 00:49:40
606c7384-75e9-4988-858a-07b88b3a9413,24,4,20,14,1,1768974388,2026-01-21 00:49:40
7af717b9-99ce-4cce-94b4-b445a40537a1,21,1,20,0,1,1768974386,2026-01-21 00:49:40
8066575c-f8e9-4e14-95ea-8d25ceeae2ca,13,10,3,20,1,1768974390,2026-01-21 00:49:40
4bc6f4d0-edd5-4eb0-a704-f7ce0d693aac,0,0,0,21,1,1768974391,2026-01-21 00:49:40
06109e92-4363-445a-9743-0457f6799530,23,23,0,51,1,1768974397,2026-01-21 00:49:40
1846086562569586930,13,3,10,5,1,1768974397,2026-01-21 00:49:40
8ec47777-852d-4059-a5ea-12eef71a9606,36,5,31,0,1,1768974398,2026-01-21 00:49:40
034f7f3d-e632-475a-aa01-894480d153df,8,5,3,11,1,1768974392,2026-01-21 00:49:40
5b4a4b20-539b-47c1-9228-1f1f124b3ec9,11,1,10,10,1,1768974393,2026-01-21 00:49:40
66dd2292-0aca-11e7-82f6-3863bb44ef7c,1,0,1,44,1,1768974392,2026-01-21 00:49:40
ee1d39c5-47c8-4527-9456-3719c50b7be5,15,4,11,2,1,1768974393,2026-01-21 00:49:40
66dbf6d2-0aca-11e7-82f6-3863bb44ef7c,13,7,6,14,1,1768974393,2026-01-21 00:49:40
c4377169-c19e-47e1-90a4-c4e14bb41601,5,2,3,16,1,1768974394,2026-01-21 00:49:40
1817432346178415570,9,6,3,11,1,1768974394,2026-01-21 00:49:40
b1cdec34-d4f9-4313-be82-729bb9f7bb18,9,1,8,11,1,1768974394,2026-01-21 00:49:40
3ac7b47b-2253-4a0b-bf7d-8a2eb6b78a38,25,19,6,13,1,1768974395,2026-01-21 00:49:40
1797078913880883846,2,1,1,16,1,1768974395,2026-01-21 00:49:40
1857515306802639416,22,2,20,1,1,1768974395,2026-01-21 00:49:40
16c54bf4-194b-4f26-9c49-a42901b4748d,3,2,1,18,1,1768974395,2026-01-21 00:49:40
4956ad8b-06d6-4af4-bcc8-735c45439608,3,3,0,16,1,1768974395,2026-01-21 00:49:40
d5cb6e67-addb-46d4-93e7-832371736d45,24,1,23,7,1,1768974395,2026-01-21 00:49:40
9d56294e-61fc-4176-bb9c-4692f45bb374,16,3,13,6,1,1768974395,2026-01-21 00:49:40
66dc7e75-0aca-11e7-82f6-3863bb44ef7c,5,3,2,62,1,1768974398,2026-01-21 00:49:40
70634bc4-4d90-42d4-8f6a-3f29fa8f7f77,7,3,4,27,1,1768974398,2026-01-21 00:49:40
5864d88d-a0fd-40ad-beee-896118d9360d,16,0,16,2,1,1768974399,2026-01-21 00:49:40
c6c10756-ef41-491a-8e6c-ee0aa27b8cbe,0,0,0,19,1,1768974399,2026-01-21 00:49:40
c9e76fa9-54e2-4161-9798-4787bf04217a,11,2,9,8,1,1768974394,2026-01-21 00:49:40
f42b3158-3f78-4a62-964a-8cc554d69c35,13,2,11,3,1,1768974403,2026-01-21 00:49:40
1945126022626996350,5,0,5,20,1,1768974403,2026-01-21 00:49:40
1835247598942507168,2,0,2,16,1,1768974403,2026-01-21 00:49:40
66ddf310-0aca-11e7-82f6-3863bb44ef7c,23,7,16,14,1,1768974399,2026-01-21 00:49:40
324e55da-fec0-43a2-b622-27774381ab7f,3,2,1,14,1,1768974399,2026-01-21 00:49:40
b79bb851-130f-473d-83fc-f602aa0a4ca9,6,0,6,13,1,1768974399,2026-01-21 00:49:40
66dbc7d2-0aca-11e7-82f6-3863bb44ef7c,13,6,7,17,1,1768974400,2026-01-21 00:49:40
398ebef6-dcc2-4305-b1d2-47efafdaa85c,2,2,0,18,1,1768974401,2026-01-21 00:49:40
36d80620-9774-487e-8eb0-cf5f18a39321,2,2,0,26,1,1768974401,2026-01-21 00:49:40
00d94dfc-3695-47e1-aba6-7f319dd2eb08,2,0,2,20,1,1768974401,2026-01-21 00:49:40
1846086027713733188,7,1,6,5,1,1768974402,2026-01-21 00:49:40
1851947582840610924,5,1,4,15,1,1768974404,2026-01-21 00:49:40
66dde703-0aca-11e7-82f6-3863bb44ef7c,21,14,7,7,1,1768974404,2026-01-21 00:49:40
66db728c-0aca-11e7-82f6-3863bb44ef7c,10,9,1,47,1,1768974405,2026-01-21 00:49:40
1828966227118051662,18,2,16,1,1,1768974402,2026-01-21 00:49:40
66dbc745-0aca-11e7-82f6-3863bb44ef7c,36,27,9,3,1,1768974400,2026-01-21 00:49:40
3575749f-123a-4a80-870d-7ca7c7f9c8a9,8,3,5,16,1,1768974400,2026-01-21 00:49:40
0e405c35-322f-4705-8ea7-769eb3fd028a,6,1,5,11,1,1768974411,2026-01-21 00:49:40
60c5a043-1367-4a27-96ee-394ba60e2154,20,16,4,8,1,1768974411,2026-01-21 00:49:40
1860189075388547142,2,1,1,18,1,1768974409,2026-01-21 00:49:40
1856767361963389606,17,0,17,0,1,1768974409,2026-01-21 00:49:40
66db3583-0aca-11e7-82f6-3863bb44ef7c,54,37,17,8,1,1768974410,2026-01-21 00:49:40
266c8621-fdea-4a7e-9d35-18ca1684d526,8,4,4,13,1,1768974409,2026-01-21 00:49:40
ee70b21e-4a95-4bdf-802c-50f83a76971d,6,4,2,19,1,1768974410,2026-01-21 00:49:40
1dba415a-2c46-419e-838d-7e068b8d7d6f,9,0,9,12,1,1768974410,2026-01-21 00:49:40
b53b5e8f-9503-48d1-b3e3-9347ecef38e2,0,0,0,33,1,1768974410,2026-01-21 00:49:40
0cb63737-64c9-42a9-9479-280d49ed015a,9,2,7,14,1,1768974407,2026-01-21 00:49:40
1817803079955479336,13,3,10,8,1,1768974406,2026-01-21 00:49:40
b43ecf62-4c9d-4b06-ac9a-5837084f769f,0,0,0,21,1,1768974407,2026-01-21 00:49:40
039d4cc9-8560-4d22-88c3-20753c54a50f,10,0,10,14,1,1768974406,2026-01-21 00:49:40
971cddfa-695e-4b44-ba8b-26154ab4a83b,6,5,1,11,1,1768974409,2026-01-21 00:49:40
1891277309535701686,1,1,0,22,1,1768974418,2026-01-21 00:49:40
66dc4334-0aca-11e7-82f6-3863bb44ef7c,21,14,7,1,1,1768974418,2026-01-21 00:49:40
1a92d2d3-ddf1-4f34-b28c-ce7a064b9a3e,9,3,6,11,1,1768974419,2026-01-21 00:49:40
66db3816-0aca-11e7-82f6-3863bb44ef7c,35,11,24,5,1,1768974414,2026-01-21 00:49:40
66de4336-0aca-11e7-82f6-3863bb44ef7c,20,3,17,12,1,1768974414,2026-01-21 00:49:40
13b82a41-c25b-428f-a07b-5f5d8340c6f2,6,5,1,12,1,1768974415,2026-01-21 00:49:40
66dcecfa-0aca-11e7-82f6-3863bb44ef7c,11,10,1,19,1,1768974415,2026-01-21 00:49:40
66de077f-0aca-11e7-82f6-3863bb44ef7c,13,10,3,43,1,1768974412,2026-01-21 00:49:40
1828968327357059242,2,1,1,19,1,1768974412,2026-01-21 00:49:40
814dd1a9-100c-4b1b-8110-6319bbd464e9,4,4,0,16,1,1768974412,2026-01-21 00:49:40
8c2ed08f-1660-4db8-9168-4709427c23ed,10,3,7,7,1,1768974412,2026-01-21 00:49:40
3a51a25f-3e9b-4aea-84ee-39e9a3acc7fd,11,1,10,12,1,1768974412,2026-01-21 00:49:40
66de4897-0aca-11e7-82f6-3863bb44ef7c,18,0,18,1,1,1768974412,2026-01-21 00:49:40
b7af52d2-fd23-4970-8513-be7c681480c4,49,38,11,6,1,1768974413,2026-01-21 00:49:40
7e70b65e-00c1-40d5-984d-17232a4ee05e,40,26,14,4,1,1768974413,2026-01-21 00:49:40
2123938400844950144,4,1,3,12,1,1768974417,2026-01-21 00:49:40
c8197f4b-02b0-4cc3-96af-df5fec27a279,2,1,1,13,1,1768974417,2026-01-21 00:49:40
89ff4db3-8a29-4565-a366-6fea4b3afc39,13,4,9,6,1,1768974416,2026-01-21 00:49:40
f47e1ce9-ff3f-49e9-9a2f-aa5be45d70da,11,1,10,11,1,1768974416,2026-01-21 00:49:40
2ec2f95c-675c-4c59-856f-1fb38df59fa2,1,1,0,17,1,1768974418,2026-01-21 00:49:40
1815968345907104578,17,0,17,10,1,1768974422,2026-01-21 00:49:40
6dec8948-44c7-4085-9682-446a891feb42,15,1,14,1,1,1768974423,2026-01-21 00:49:40
bda1fab4-5065-42df-a8ff-514e6064ab6e,20,1,19,0,1,1768974423,2026-01-21 00:49:40
cda60c6d-80f3-41b7-8ece-fe997f6dafb5,1,0,1,20,1,1768974420,2026-01-21 00:49:40
66db3898-0aca-11e7-82f6-3863bb44ef7c,11,9,2,20,1,1768974422,2026-01-21 00:49:40
1862787688044743624,18,4,14,3,1,1768974422,2026-01-21 00:49:40
1885440410432338078,1,0,1,21,1,1768974421,2026-01-21 00:49:40
66de0dfd-0aca-11e7-82f6-3863bb44ef7c,28,25,3,10,1,1768974424,2026-01-21 00:49:40
2fe3e166-2d2f-41c8-b522-fdf8ee3ae16f,7,4,3,12,1,1768974424,2026-01-21 00:49:40
66dca5f3-0aca-11e7-82f6-3863bb44ef7c,8,5,3,38,1,1768974423,2026-01-21 00:49:40
a7a175ff-8ffb-477c-a40b-6d47ce92305d,15,5,10,6,1,1768974424,2026-01-21 00:49:40
2163290511399492946,2,1,1,9,1,1768974421,2026-01-21 00:49:40
72719900-dd61-40bd-9f4a-40d70c47590c,9,5,4,18,1,1768974421,2026-01-21 00:49:40
1786696780996714874,17,8,9,11,1,1768974419,2026-01-21 00:49:40
bcd3ee0f-21d7-4cc8-ac45-ccea48b6fc1b,10,6,4,12,1,1768974425,2026-01-21 00:49:40
c1e24edf-7192-433f-8d38-be5b6b3647c5,2,2,0,27,1,1768974426,2026-01-21 00:49:40
a7c09fde-76e8-4a56-b61d-8ca940432efd,1,1,0,22,1,1768974426,2026-01-21 00:49:40
66dcc44a-0aca-11e7-82f6-3863bb44ef7c,7,5,2,10,1,1768974426,2026-01-21 00:49:40
89d4a926-f1ae-4bf2-bf2d-59cff3881579,72,7,65,0,1,1768974426,2026-01-21 00:49:40
26599393-b967-44a6-a998-cb72ca53cd9e,1,0,1,19,1,1768974426,2026-01-21 00:49:40
5a6218aa-c5b7-4436-93c1-dee7cb5322d9,11,3,8,13,1,1768974427,2026-01-21 00:49:40
66db5d92-0aca-11e7-82f6-3863bb44ef7c,17,13,4,2,1,1768974425,2026-01-21 00:49:40
66dbf215-0aca-11e7-82f6-3863bb44ef7c,20,3,17,25,1,1768974425,2026-01-21 00:49:40
1826348745879909352,16,3,13,0,1,1768974425,2026-01-21 00:49:40
1849010295160437584,15,7,8,0,1,1768974425,2026-01-21 00:49:40
d7c56fef-1bf9-4315-85af-8638c534b402,17,16,1,20,1,1768974425,2026-01-21 00:49:40
0df3a035-5a38-4ec2-826a-0a5376e8d8a0,6,5,1,16,1,1768974429,2026-01-21 00:49:40
1849009794224623642,16,0,16,0,1,1768974429,2026-01-21 00:49:40
2124425954553309758,11,7,4,1,1,1768974429,2026-01-21 00:49:40
f365afa3-e8a5-439d-975d-6c2b064f30df,1,1,0,27,1,1768974427,2026-01-21 00:49:40
1835244925191295588,2,2,0,19,1,1768974427,2026-01-21 00:49:40
f0115d11-c678-4274-8bb7-d486dbb63361,15,2,13,2,1,1768974430,2026-01-21 00:49:40
1828967208126648828,9,4,5,9,1,1768974430,2026-01-21 00:49:40
a82599ce-99ca-4670-8053-baada198034a,51,6,45,4,1,1768974430,2026-01-21 00:49:40
014a931b-8e1c-438a-8a22-f267ddd1e0d2,30,7,23,13,1,1768974430,2026-01-21 00:49:40
7c42f9fc-d280-4841-ad96-e3cc53ee3759,15,3,12,7,1,1768974430,2026-01-21 00:49:40
36aaebb9-ef10-41a5-b20b-753bf8a3fed8,2,1,1,15,1,1768974430,2026-01-21 00:49:40
2ad41c1f-5636-4a63-ad52-761e2613061a,0,0,0,19,1,1768974431,2026-01-21 00:49:40
66dbecd0-0aca-11e7-82f6-3863bb44ef7c,27,17,10,19,1,1768974431,2026-01-21 00:49:40
fe6f022b-7fdb-44fe-80bb-cbfc500959bf,4,1,3,17,1,1768974431,2026-01-21 00:49:40
1835250199411134468,10,3,7,12,1,1768974431,2026-01-21 00:49:40
4fb1ee23-4511-47c4-8698-0c46673dc86c,0,0,0,19,1,1768974433,2026-01-21 00:49:40
66de0c43-0aca-11e7-82f6-3863bb44ef7c,25,1,24,1,1,1768974433,2026-01-21 00:49:40
d9160982-2d9b-4f08-9469-a559a7b62809,19,9,10,68,1,1768974434,2026-01-21 00:49:40
d29ea280-8b64-4a35-b12b-245525ae2a3a,24,15,9,28,1,1768974434,2026-01-21 00:49:40
3c73cc9f-3c09-4ac4-a4ea-22b4f027bf23,16,3,13,5,1,1768974434,2026-01-21 00:49:40
ba7bf20d-b6bc-43dd-bf30-acb940eaeec8,2,0,2,14,1,1768974432,2026-01-21 00:49:40
1835246381185208614,3,1,2,18,1,1768974432,2026-01-21 00:49:40
c0ce2a38-04f5-4333-8818-2a3faa84f214,27,6,21,0,1,1768974432,2026-01-21 00:49:40
298d4e45-c6d2-45f1-a07a-11606026a6e4,6,1,5,11,1,1768974432,2026-01-21 00:49:40
8ea3301f-6940-4e0f-80f0-7a3e54b2eaa5,3,3,0,14,1,1768974437,2026-01-21 00:49:40
1879828885264130640,12,5,7,7,1,1768974437,2026-01-21 00:49:40
c0f952d9-538e-4836-b936-fa97123cbf13,10,5,5,8,1,1768974438,2026-01-21 00:49:40
eab2749b-2f79-4797-a0a6-0579b27e6929,16,1,15,22,1,1768974438,2026-01-21 00:49:40
92ffa9d6-8cb1-44cf-8059-391b03d58071,2,2,0,24,1,1768974435,2026-01-21 00:49:40
b471c112-1770-4dfe-9e13-fe7479dcb5a5,24,1,23,1,1,1768974436,2026-01-21 00:49:40
32d3adc3-c3dd-4a97-a4db-95d467f3c3aa,1,0,1,30,1,1768974434,2026-01-21 00:49:40
fcb1c3a3-04b6-45cf-bc9a-deb71198804e,1,1,0,16,1,1768974435,2026-01-21 00:49:40
454fe70c-1d53-4af2-a9ea-1d4bd9f59799,2,1,1,17,1,1768974434,2026-01-21 00:49:40
66dcc920-0aca-11e7-82f6-3863bb44ef7c,3,1,2,15,1,1768974435,2026-01-21 00:49:40
1835249197527877718,0,0,0,18,1,1768974436,2026-01-21 00:49:40
66dd1eb2-0aca-11e7-82f6-3863bb44ef7c,29,21,8,1,1,1768974437,2026-01-21 00:49:40
3d340fc5-8c86-4d5e-974d-ae28958e61e8,10,8,2,44,1,1768974434,2026-01-21 00:49:40
1d440638-ec50-4ccb-9a82-0e3247a87c63,38,14,24,1,1,1768974443,2026-01-21 00:49:40
7a8bf573-275f-41d5-ad8b-1ff9ee7c2dce,10,3,7,14,1,1768974443,2026-01-21 00:49:40
44a43ebf-cacf-4251-9ceb-e1c331ef1673,0,0,0,17,1,1768974442,2026-01-21 00:49:40
66dbbeda-0aca-11e7-82f6-3863bb44ef7c,27,15,12,50,1,1768974444,2026-01-21 00:49:40
66dcf922-0aca-11e7-82f6-3863bb44ef7c,17,8,9,12,1,1768974440,2026-01-21 00:49:40
66dde271-0aca-11e7-82f6-3863bb44ef7c,19,7,12,25,1,1768974440,2026-01-21 00:49:40
4cfd4097-0aee-4f11-9aea-55f99397bf33,8,7,1,10,1,1768974441,2026-01-21 00:49:40
66ddd545-0aca-11e7-82f6-3863bb44ef7c,54,41,13,31,1,1768974441,2026-01-21 00:49:40
1875395639434791520,0,0,0,18,1,1768974441,2026-01-21 00:49:40
5ffde991-1125-443e-bc97-6827b2b9c97b,14,7,7,8,1,1768974445,2026-01-21 00:49:40
66db460d-0aca-11e7-82f6-3863bb44ef7c,28,0,28,1,1,1768974445,2026-01-21 00:49:40
66dc42a0-0aca-11e7-82f6-3863bb44ef7c,18,11,7,7,1,1768974445,2026-01-21 00:49:40
23539f3b-fb83-4f34-b8b8-9f1f37b5e646,17,2,15,16,1,1768974446,2026-01-21 00:49:40
1835246516012366338,8,3,5,12,1,1768974445,2026-01-21 00:49:40
46bdd925-fb6c-4654-85d8-e0db4da62abf,23,8,15,13,1,1768974438,2026-01-21 00:49:40
66dcba5e-0aca-11e7-82f6-3863bb44ef7c,0,0,0,18,1,1768974438,2026-01-21 00:49:40
1828969634783171152,19,3,16,0,1,1768974439,2026-01-21 00:49:40
7b56cbab-9d93-4043-bfa5-63eb6b3e5281,12,5,7,5,1,1768974439,2026-01-21 00:49:40
66db5f40-0aca-11e7-82f6-3863bb44ef7c,34,27,7,5,1,1768974439,2026-01-21 00:49:40
5a5a38d1-f28d-4e51-bf85-27bb384135c7,29,0,29,3,1,1768974440,2026-01-21 00:49:40
66dbcb2f-0aca-11e7-82f6-3863bb44ef7c,30,30,0,26,1,1768974440,2026-01-21 00:49:40
ab29ce96-c2e8-4929-b27b-e0fe4aae17d5,8,1,7,9,1,1768974444,2026-01-21 00:49:40
5782a158-b596-4936-a451-32ccc131a57d,4,2,2,15,1,1768974442,2026-01-21 00:49:40
76c1ef9c-3984-4b4e-bff4-5c398e2395bd,14,10,4,9,1,1768974443,2026-01-21 00:49:40
66dc8025-0aca-11e7-82f6-3863bb44ef7c,69,63,6,13,1,1768974442,2026-01-21 00:49:40
66dbeb1b-0aca-11e7-82f6-3863bb44ef7c,12,9,3,23,1,1768974448,2026-01-21 00:49:40
8b830188-101e-44bf-a755-5e6c611e3edc,22,1,21,4,1,1768974448,2026-01-21 00:49:40
c229f0ca-bdd1-4aa0-8906-a3e809e12889,5,1,4,16,1,1768974449,2026-01-21 00:49:40
1b962833-d769-418e-b1ef-5a183bb5eb1a,11,1,10,5,1,1768974449,2026-01-21 00:49:40
1835249448692130546,10,8,2,11,1,1768974450,2026-01-21 00:49:40
174bf571-e597-463d-84bc-611c4a13d85e,0,0,0,27,1,1768974450,2026-01-21 00:49:40
676b7b4d-b1c0-4c97-8ac3-5fe665e51108,0,0,0,23,1,1768974450,2026-01-21 00:49:40
9be6c750-85b6-4e81-bace-1a8ffe941d7b,3,0,3,16,1,1768974451,2026-01-21 00:49:40
7c7cb750-6613-48a4-bfae-9240968f1fad,23,15,8,15,1,1768974446,2026-01-21 00:49:40
66dccc99-0aca-11e7-82f6-3863bb44ef7c,7,0,7,23,1,1768974446,2026-01-21 00:49:40
66db4417-0aca-11e7-82f6-3863bb44ef7c,51,44,7,3,1,1768974447,2026-01-21 00:49:40
1ecc9936-ee0c-44b2-baa8-237564c8e4fd,43,17,26,1,1,1768974446,2026-01-21 00:49:40
f6143531-4a16-4aac-9b55-573ef7ef162e,12,1,11,8,1,1768974447,2026-01-21 00:49:40
5b4a90b8-426d-4a40-a7ca-87e51d690883,20,19,1,17,1,1768974447,2026-01-21 00:49:40
16836c76-c412-4ec3-bac8-3c6a5a3d9745,4,2,2,14,1,1768974447,2026-01-21 00:49:40
2025623258130320038,20,7,13,13,1,1768974447,2026-01-21 00:49:40
66dc0f1b-0aca-11e7-82f6-3863bb44ef7c,64,51,13,3,1,1768974449,2026-01-21 00:49:40
9b0c2c99-214f-4e15-b476-1626c03a9e4e,58,47,11,3,1,1768974449,2026-01-21 00:49:40
ce700c09-6095-4b20-ab65-07defdd1a7d7,13,0,13,6,1,1768974449,2026-01-21 00:49:40
66dd1bf3-0aca-11e7-82f6-3863bb44ef7c,33,2,31,9,1,1768974449,2026-01-21 00:49:40
66db3fc9-0aca-11e7-82f6-3863bb44ef7c,23,11,12,20,1,1768974449,2026-01-21 00:49:40
af72781c-fe0b-4b73-a7df-201f9780ea9c,47,32,15,2,1,1768974452,2026-01-21 00:49:40
66dd9b0f-0aca-11e7-82f6-3863bb44ef7c,24,18,6,15,1,1768974451,2026-01-21 00:49:40
3893eeef-06a8-47b1-95f2-a85454f7d5c9,4,0,4,16,1,1768974452,2026-01-21 00:49:40
66dbefee-0aca-11e7-82f6-3863bb44ef7c,2,0,2,12,1,1768974452,2026-01-21 00:49:40
c36cfa58-29fe-4c0c-a14f-41c3463487fd,2,1,1,18,1,1768974451,2026-01-21 00:49:40
2126224876714496782,5,2,3,2,1,1768974454,2026-01-21 00:49:40
3edec530-4791-4872-8912-2a2397a903a4,40,19,21,28,1,1768974454,2026-01-21 00:49:40
66dc210e-0aca-11e7-82f6-3863bb44ef7c,15,14,1,16,1,1768974454,2026-01-21 00:49:40
1861683217585879154,27,9,18,18,1,1768974454,2026-01-21 00:49:40
1828966747840428256,3,0,3,14,1,1768974455,2026-01-21 00:49:40
18b19467-28ac-4496-b3e4-f6028b1c5105,26,21,5,2,1,1768974455,2026-01-21 00:49:40
90fca941-2212-43bf-b104-ce32c4270d4d,1,1,0,18,1,1768974455,2026-01-21 00:49:40
f47c7f15-1c30-4199-a09f-134f0f0f684b,5,3,2,18,1,1768974453,2026-01-21 00:49:40
d4c34830-972f-4cd1-81bb-071df209d065,4,2,2,13,1,1768974453,2026-01-21 00:49:40
1791188268875152272,44,15,29,4,1,1768974453,2026-01-21 00:49:40
1848242143834868452,14,1,13,2,1,1768974454,2026-01-21 00:49:40
3d6b7c84-7e5a-454d-aa9d-c66eb92383be,7,4,3,14,1,1768974454,2026-01-21 00:49:40
8d8a381c-21df-4095-837e-65924d85a06d,2,2,0,18,1,1768974453,2026-01-21 00:49:40
566935d6-4d66-4b42-9822-f2a816e357b9,11,5,6,12,1,1768974454,2026-01-21 00:49:40
b4ae292d-5e89-4c58-8154-0496893394b5,0,0,0,22,1,1768974453,2026-01-21 00:49:40
d7c12bf1-1ec8-496a-beca-90ba76c53241,6,2,4,11,1,1768974456,2026-01-21 00:49:40
dfb8b9c8-3006-4b76-963a-95f7471dc0a8,18,6,12,2,1,1768974457,2026-01-21 00:49:40
1967778612889039234,7,1,6,28,1,1768974457,2026-01-21 00:49:40
1869754143518014264,12,1,11,26,1,1768974457,2026-01-21 00:49:40
66dc8d1d-0aca-11e7-82f6-3863bb44ef7c,10,1,9,48,1,1768974458,2026-01-21 00:49:40
66dc176f-0aca-11e7-82f6-3863bb44ef7c,73,63,10,3,1,1768974443,2026-01-21 00:49:40
1848241879913802606,17,8,9,1,1,1768974458,2026-01-21 00:49:40
66dc11a7-0aca-11e7-82f6-3863bb44ef7c,77,55,22,6,1,1768974458,2026-01-21 00:49:40
c829b6af-002b-4d04-af56-6924d4ad0aa2,1,1,0,26,1,1768974458,2026-01-21 00:49:40
0575e356-72f4-4251-8e15-574cf60bd190,10,8,2,9,1,1768974458,2026-01-21 00:49:40
1861681740276243358,11,9,2,9,1,1768974458,2026-01-21 00:49:40
8f3a6711-fd05-4ce1-acf8-9d72b4a1bf97,4,3,1,16,1,1768974455,2026-01-21 00:49:40
c72970e7-7f1a-4671-bf55-fc34be7c9413,13,3,10,3,1,1768974456,2026-01-21 00:49:40
82b97827-1801-4b7b-b3de-16447a8dd025,6,6,0,12,1,1768974456,2026-01-21 00:49:40
1838999304404452058,16,1,15,4,1,1768974456,2026-01-21 00:49:40
201edb67-d071-4b67-bafd-131e5c273e9f,16,1,15,3,1,1768974453,2026-01-21 00:49:40
66dce660-0aca-11e7-82f6-3863bb44ef7c,9,2,7,15,1,1768974461,2026-01-21 00:49:40
e3470e29-934c-41f1-8fe7-82135ed2d620,2,0,2,55,1,1768974461,2026-01-21 00:49:40
1808184356986544410,8,4,4,22,1,1768974461,2026-01-21 00:49:40
1792225684155730482,4,4,0,18,1,1768974461,2026-01-21 00:49:40
1861681959015615218,0,0,0,25,1,1768974461,2026-01-21 00:49:40
66dc462a-0aca-11e7-82f6-3863bb44ef7c,74,48,26,4,1,1768974462,2026-01-21 00:49:40
74f913d2-6eac-49ce-bd6d-53a06fa855a6,6,3,3,14,1,1768974461,2026-01-21 00:49:40
28a2436d-a52b-4fa4-874c-e096012a926d,15,15,0,1,1,1768974462,2026-01-21 00:49:40
66de18d7-0aca-11e7-82f6-3863bb44ef7c,14,0,14,6,1,1768974462,2026-01-21 00:49:40
2126623405008140358,9,5,4,1,1,1768974462,2026-01-21 00:49:40
66ddbdb1-0aca-11e7-82f6-3863bb44ef7c,11,4,7,10,1,1768974462,2026-01-21 00:49:40
1864605926072998676,4,3,1,14,1,1768974460,2026-01-21 00:49:40
b976906e-81c4-44c5-a160-e17815c0d47b,5,2,3,23,1,1768974460,2026-01-21 00:49:40
66db90f1-0aca-11e7-82f6-3863bb44ef7c,32,29,3,29,1,1768974460,2026-01-21 00:49:40
981f1311-004f-41c3-ba5b-3679f78aeb70,13,1,12,4,1,1768974460,2026-01-21 00:49:40
66dcc3e5-0aca-11e7-82f6-3863bb44ef7c,3,1,2,17,1,1768974460,2026-01-21 00:49:40
3fed8016-0be0-47f5-8663-2e850ec47288,21,2,19,1,1,1768974461,2026-01-21 00:49:40
66db2f4c-0aca-11e7-82f6-3863bb44ef7c,31,20,11,46,1,1768974459,2026-01-21 00:49:40
5d101095-011e-4541-ae64-bed8b52807b3,11,9,2,10,1,1768974459,2026-01-21 00:49:40
66dc7802-0aca-11e7-82f6-3863bb44ef7c,15,12,3,37,1,1768974459,2026-01-21 00:49:40
61c82689-3f4c-495d-8f44-e71de8f04088,14,3,11,64,1,1768974463,2026-01-21 00:49:40
1817432709747753390,11,3,8,12,1,1768974463,2026-01-21 00:49:40
66db43b5-0aca-11e7-82f6-3863bb44ef7c,9,7,2,11,1,1768974463,2026-01-21 00:49:40
1834145204469569922,18,3,15,2,1,1768974463,2026-01-21 00:49:40
1880644037244334512,24,14,10,0,1,1768974464,2026-01-21 00:49:40
66dc89ae-0aca-11e7-82f6-3863bb44ef7c,5,3,2,31,1,1768974464,2026-01-21 00:49:40
66de14af-0aca-11e7-82f6-3863bb44ef7c,29,1,28,6,1,1768974464,2026-01-21 00:49:40
00d3e65e-b614-4408-aaa9-939ed96ce645,29,27,2,21,1,1768974464,2026-01-21 00:49:40
7cd61426-ed98-434e-9235-56ed856fead6,12,7,5,9,1,1768974463,2026-01-21 00:49:40
1846086263936934630,17,2,15,0,1,1768974463,2026-01-21 00:49:40
6fefe1b3-5f0d-47aa-b1dd-cec211239950,2,0,2,20,1,1768974464,2026-01-21 00:49:40
fffb18be-14b3-412f-a808-107a98cd9e58,1,1,0,17,1,1768974464,2026-01-21 00:49:40
822d96e8-fb6c-463a-b866-aec9e408ad5e,17,5,12,1,1,1768974464,2026-01-21 00:49:40
4e862dc1-0652-4f29-a26f-315d763df67d,18,13,5,37,1,1768974469,2026-01-21 00:49:40
66dcb9f7-0aca-11e7-82f6-3863bb44ef7c,5,0,5,18,1,1768974469,2026-01-21 00:49:40
1828967499459705054,9,0,9,8,1,1768974469,2026-01-21 00:49:40
941ea42c-47fe-4d63-a6f5-e0e200f01633,8,4,4,9,1,1768974469,2026-01-21 00:49:40
1828966490867110420,10,2,8,8,1,1768974469,2026-01-21 00:49:40
2088792249063596144,24,16,8,5,1,1768974470,2026-01-21 00:49:40
7b0227aa-bbf5-4731-a49a-765b4afac483,30,10,20,43,1,1768974470,2026-01-21 00:49:40
66dc8382-0aca-11e7-82f6-3863bb44ef7c,14,12,2,63,1,1768974471,2026-01-21 00:49:40
2123939242997647892,8,1,7,6,1,1768974471,2026-01-21 00:49:40
66dc2606-0aca-11e7-82f6-3863bb44ef7c,71,32,39,5,1,1768974470,2026-01-21 00:49:40
1814907277023901890,21,0,21,1,1,1768974470,2026-01-21 00:49:40
023127f2-a6e0-4fae-ba34-178acccb993e,1,1,0,20,1,1768974470,2026-01-21 00:49:40
6cb5fac5-f7e8-4ec9-94cf-816771d91ecd,22,3,19,5,1,1768974466,2026-01-21 00:49:40
1869439170989701358,14,2,12,7,1,1768974466,2026-01-21 00:49:40
914e3e7c-87da-4f52-aa03-5449c6361fa2,6,3,3,9,1,1768974466,2026-01-21 00:49:40
1861682182353914188,11,1,10,8,1,1768974466,2026-01-21 00:49:40
66dc4fb5-0aca-11e7-82f6-3863bb44ef7c,37,27,10,5,1,1768974466,2026-01-21 00:49:40
bb58e953-4953-4fbe-9ef2-367488dfef9b,7,7,0,15,1,1768974467,2026-01-21 00:49:40
b9b58379-b29a-4fa8-ba72-c647728e1686,14,12,2,4,1,1768974465,2026-01-21 00:49:40
99b7c9a5-9679-417f-b884-21c4b240aa99,9,3,6,9,1,1768974465,2026-01-21 00:49:40
7d41ac98-df88-497a-aef9-968660e6da0f,10,9,1,25,1,1768974465,2026-01-21 00:49:40
1861680383828308814,10,10,0,8,1,1768974465,2026-01-21 00:49:40
49f86083-851b-475d-b9ab-64e01b81f725,0,0,0,22,1,1768974465,2026-01-21 00:49:40
2126624118513887578,9,5,4,5,1,1768974465,2026-01-21 00:49:40
66de4b0b-0aca-11e7-82f6-3863bb44ef7c,26,8,18,4,1,1768974466,2026-01-21 00:49:40
0e3dedfb-df10-4900-a67b-95349a81bc5c,24,2,22,0,1,1768974467,2026-01-21 00:49:40
d7a7789b-a052-4a69-a4ec-59436b0f8d75,7,0,7,10,1,1768974468,2026-01-21 00:49:40
2126965369631090816,8,3,5,7,1,1768974468,2026-01-21 00:49:40
178bad16-1b02-4264-94c0-a8fd0faa60fe,3,3,0,31,1,1768974468,2026-01-21 00:49:40
a5bd1f58-7df8-4df6-9636-372f1bc194be,35,10,25,1,1,1768974468,2026-01-21 00:49:40
66db9675-0aca-11e7-82f6-3863bb44ef7c,4,1,3,21,1,1768974468,2026-01-21 00:49:40
b16e9f3f-9b07-486f-a1ca-c76030f5ea64,9,2,7,11,1,1768974468,2026-01-21 00:49:40
0e8bfd72-c494-4d3e-85e2-4f98b801fe3b,6,2,4,13,1,1768974469,2026-01-21 00:49:40
66dd9dba-0aca-11e7-82f6-3863bb44ef7c,33,24,9,12,1,1768974466,2026-01-21 00:49:40
dee5a590-7cda-465e-8351-b0622a5e2ad3,11,5,6,6,1,1768974466,2026-01-21 00:49:40
fc774664-3c9b-4a8f-a79e-f6907db00a1d,14,3,11,18,1,1768974471,2026-01-21 00:49:40
3e4a2c26-7527-469c-b4f4-1ef8d40fd20d,3,1,2,13,1,1768974475,2026-01-21 00:49:40
08bf2fe0-219d-48cd-87c5-6163b3a2eafd,8,5,3,17,1,1768974476,2026-01-21 00:49:40
66db281e-0aca-11e7-82f6-3863bb44ef7c,47,20,27,13,1,1768974476,2026-01-21 00:49:40
0b857ee5-3d10-4152-952e-95fbaf06677a,6,6,0,23,1,1768974476,2026-01-21 00:49:40
1856767555236917834,16,0,16,7,1,1768974476,2026-01-21 00:49:40
ee1ba75f-baf5-4852-929c-8b7ad310f55a,14,10,4,10,1,1768974473,2026-01-21 00:49:40
b5861c2d-d687-4308-bf2d-5f69fc28cc4a,14,2,12,8,1,1768974473,2026-01-21 00:49:40
f3f46097-54cf-4c30-805a-6b2a4851eed7,4,3,1,20,1,1768974473,2026-01-21 00:49:40
3d835eaa-a102-42c5-b6c0-2c693b1d0677,32,31,1,24,1,1768974474,2026-01-21 00:49:40
66dc7c31-0aca-11e7-82f6-3863bb44ef7c,37,26,11,3,1,1768974474,2026-01-21 00:49:40
5fdf435f-6080-4b1d-966c-3b9d08450c4d,11,2,9,8,1,1768974471,2026-01-21 00:49:40
66dc1702-0aca-11e7-82f6-3863bb44ef7c,28,21,7,36,1,1768974471,2026-01-21 00:49:40
11a8d465-b4eb-466b-a6ca-055f73994231,15,4,11,11,1,1768974471,2026-01-21 00:49:40
93e2e1a5-49c5-41f8-a6bf-b399b6a5140d,32,19,13,34,1,1768974472,2026-01-21 00:49:40
1913988158376585970,26,8,18,0,1,1768974471,2026-01-21 00:49:40
66dd4356-0aca-11e7-82f6-3863bb44ef7c,14,11,3,29,1,1768974474,2026-01-21 00:49:40
05d03a63-b5f2-40d9-9a3d-d2fe666a307f,8,1,7,16,1,1768974475,2026-01-21 00:49:40
081d243e-d75e-4e2a-bdae-a990b2397532,10,6,4,12,1,1768974475,2026-01-21 00:49:40
adb67652-c20d-4dd2-8e89-d6015b801c1a,1,1,0,17,1,1768974475,2026-01-21 00:49:40
1860188331547447938,1,1,0,19,1,1768974475,2026-01-21 00:49:40
699d3378-6ea8-465f-888b-c49c60089ce8,2,1,1,16,1,1768974473,2026-01-21 00:49:40
f3525aa7-9d69-4ea2-9278-4df92db1afa1,15,9,6,4,1,1768974473,2026-01-21 00:49:40
de97a7d0-fbb3-4c13-ba6a-2bbd441751fe,12,6,6,6,1,1768974473,2026-01-21 00:49:40
c466f15e-715f-411e-904e-1a71fb574cdd,81,42,39,2,1,1768974473,2026-01-21 00:49:40
7e36cd9b-b271-42e5-b344-b7a3771c795e,17,0,17,25,1,1768974473,2026-01-21 00:49:40
1905394575114219798,1,0,1,28,1,1768974473,2026-01-21 00:49:40
49703a2d-15e9-4af4-b80e-cca664d7ea18,5,1,4,14,1,1768974472,2026-01-21 00:49:40
1984510483573713186,21,6,15,39,1,1768974475,2026-01-21 00:49:40
1857217349795049790,4,1,3,11,1,1768974475,2026-01-21 00:49:40
8dfff4bd-0f3c-43af-bc55-a63850f66c6b,9,2,7,8,1,1768974476,2026-01-21 00:49:40
a6492ad5-d13e-48b0-a0d5-08e60ad93e53,69,25,44,0,1,1768974477,2026-01-21 00:49:40
66db930d-0aca-11e7-82f6-3863bb44ef7c,17,8,9,9,1,1768974477,2026-01-21 00:49:40
186092d1-a431-45db-8198-d5ba13334d79,16,3,13,4,1,1768974478,2026-01-21 00:49:40
3c5a8531-4eec-4695-b4f8-8a1158890e78,16,13,3,1,1,1768974477,2026-01-21 00:49:40
2124037510131026812,20,12,8,1,1,1768974478,2026-01-21 00:49:40
e63c8dac-ab44-48c8-83a0-92c53a00f12e,0,0,0,28,1,1768974478,2026-01-21 00:49:40
340036c3-2787-4998-9a77-fe54f352d619,4,4,0,13,1,1768974478,2026-01-21 00:49:40
7478be11-37d8-49b1-a253-f0810045f6ff,0,0,0,15,0,1768784629,2026-01-21 00:49:40
4a48175b-c239-4d5e-b1b8-03eda4239678,15,1,14,14,1,1768974369,2026-01-21 00:49:40
f417d8da-0f15-49b0-9e3c-3c3e55c2691d,16,7,9,5,1,1768974376,2026-01-21 00:49:40
66dd5e69-0aca-11e7-82f6-3863bb44ef7c,8,0,8,10,1,1768974383,2026-01-21 00:49:40
e163ce54-4c39-43c5-9831-e10a2603527d,19,4,15,2,1,1768974387,2026-01-21 00:49:40
66ddda59-0aca-11e7-82f6-3863bb44ef7c,5,2,3,9,1,1768974397,2026-01-21 00:49:40
2116636101124803154,10,0,10,4,1,1768974397,2026-01-21 00:49:40
66dd8479-0aca-11e7-82f6-3863bb44ef7c,14,6,8,7,1,1768974407,2026-01-21 00:49:40
d09709d2-e119-48c4-aa22-29432a13a35a,9,6,3,4,1,1768974413,2026-01-21 00:49:40
66dd5960-0aca-11e7-82f6-3863bb44ef7c,2,0,2,17,1,1768974409,2026-01-21 00:49:40
3d1db3fa-1df5-46c8-baf3-619b729f5bda,10,8,2,8,1,1768974414,2026-01-21 00:49:40
6107e75a-2493-4e3d-a3e0-d4886d3416e5,11,2,9,2,1,1768974435,2026-01-21 00:49:40
2de92329-48d0-4cf7-85df-172f91bbb320,16,12,4,13,1,1768974437,2026-01-21 00:49:40
66dd6721-0aca-11e7-82f6-3863bb44ef7c,6,2,4,12,1,1768974442,2026-01-21 00:49:40
2116635307734817684,5,3,2,9,1,1768974463,2026-01-21 00:49:40
681a8bdb-65ff-4078-a5de-74927502da4e,10,5,5,7,1,1768974464,2026-01-21 00:49:40
537a2f47-26a3-4776-ba9d-e2acd2ffbee1,3,0,3,4,1,1768974471,2026-01-21 00:49:40
2116635993049651742,4,1,3,8,1,1768974471,2026-01-21 00:49:40
1839334257267825432,10,2,8,2,1,1768974476,2026-01-21 00:49:40
2108372562172578194,18,17,1,0,1,1768974479,2026-01-21 00:49:40
a59f4f11-5d52-43a2-8a32-ae71137a6af8,0,0,0,6,0,1768903723,2026-01-21 00:49:40
66ddde40-0aca-11e7-82f6-3863bb44ef7c,0,0,0,10,0,1768912025,2026-01-21 00:49:40
66dddc98-0aca-11e7-82f6-3863bb44ef7c,16,8,8,8,1,1768974412,2026-01-21 00:49:40
915057d4-edbc-4c73-8d81-dda33d600d58,12,5,7,5,1,1768974412,2026-01-21 00:49:40
2108372790290481846,3,3,0,11,1,1768974429,2026-01-21 00:49:40
ded4386f-9f69-43c6-a566-4511920c3e39,11,3,8,11,1,1768974432,2026-01-21 00:49:40
66dd9183-0aca-11e7-82f6-3863bb44ef7c,2,1,1,10,1,1768974439,2026-01-21 00:49:40
21c4a77d-b1ae-4262-b143-087fd14a07b8,12,6,6,5,1,1768974449,2026-01-21 00:49:40
c32d6965-4fae-4f1f-a5f2-7f2ef5f439fc,10,5,5,10,1,1768974446,2026-01-21 00:49:40
66dd7cab-0aca-11e7-82f6-3863bb44ef7c,7,3,4,14,1,1768974443,2026-01-21 00:49:40
0bb12c94-efdb-40ac-98fe-9521ba373b57,3,0,3,26,1,1768974444,2026-01-21 00:49:40
3742e2ab-6cd0-40cf-846a-72cbe637afe1,13,5,8,17,1,1768974455,2026-01-21 00:49:40
2036428272250118978,12,7,5,7,1,1768974452,2026-01-21 00:49:40
66dddae7-0aca-11e7-82f6-3863bb44ef7c,4,3,1,13,1,1768974456,2026-01-21 00:49:40
e2c00264-9eea-446d-a1b7-27cef3aed403,6,4,2,6,1,1768974461,2026-01-21 00:49:40
66dd8043-0aca-11e7-82f6-3863bb44ef7c,7,6,1,10,1,1768974462,2026-01-21 00:49:40
66dd83fc-0aca-11e7-82f6-3863bb44ef7c,14,3,11,8,1,1768974368,2026-01-21 00:49:40
66dd836d-0aca-11e7-82f6-3863bb44ef7c,9,2,7,13,1,1768974388,2026-01-21 00:49:40
43318169-d1ae-4a1a-9578-23cfa3fdbac9,9,5,4,11,1,1768974385,2026-01-21 00:49:40
66ddded0-0aca-11e7-82f6-3863bb44ef7c,10,8,2,3,1,1768974471,2026-01-21 00:49:40
66dd650d-0aca-11e7-82f6-3863bb44ef7c,11,8,3,3,1,1768974462,2026-01-21 00:49:40
f841ae52-0bbb-49db-b6eb-f898fbce6108,8,7,1,10,1,1768974474,2026-01-21 00:49:40
823c0615-2832-4e76-85f0-7cf527151aba,0,0,0,0,0,86400,2026-01-21 00:49:40
fadf00cf-d84a-49e8-9607-c67154915412,0,0,0,5,0,1768958775,2026-01-21 00:49:40
66ddd78e-0aca-11e7-82f6-3863bb44ef7c,0,0,0,6,0,1768866796,2026-01-21 00:49:40
2116635417524034072,5,5,0,7,1,1768974337,2026-01-21 00:49:40
2157737368545384190,2,2,0,14,1,1768974349,2026-01-21 00:49:40
ccfa1f8f-f930-45f2-9cda-375c01596ca2,1,1,0,17,1,1768974375,2026-01-21 00:49:40
2108373096850688302,0,0,0,14,1,1768974394,2026-01-21 00:49:40
66dd630c-0aca-11e7-82f6-3863bb44ef7c,15,9,6,3,1,1768974395,2026-01-21 00:49:40
655b0878-c22b-4f8c-8675-21bf30d1eebf,9,2,7,6,1,1768974397,2026-01-21 00:49:40
2290031f-e7d8-40a3-9ad6-566df493bbbc,5,0,5,31,1,1768974400,2026-01-21 00:49:40
1849747691035224144,11,4,7,3,1,1768974415,2026-01-21 00:49:40
66dd7f10-0aca-11e7-82f6-3863bb44ef7c,11,7,4,14,1,1768974419,2026-01-21 00:49:40
2116635868495600156,4,2,2,9,1,1768974434,2026-01-21 00:49:40
8ae0bf30-9979-461e-a947-2dd89f293b40,9,2,7,3,1,1768974432,2026-01-21 00:49:40
66dd58f2-0aca-11e7-82f6-3863bb44ef7c,4,0,4,9,1,1768974451,2026-01-21 00:49:40
1ec24ce3-2b69-4f3a-a153-c73e583d11f3,2,1,1,16,1,1768974446,2026-01-21 00:49:40
66dd63de-0aca-11e7-82f6-3863bb44ef7c,13,9,4,3,1,1768974456,2026-01-21 00:49:40
22cd02a2-228f-4eeb-b249-cbea51a0e219,9,5,4,9,1,1768974455,2026-01-21 00:49:40
2058728861810389252,7,0,7,14,1,1768974458,2026-01-21 00:49:40
66dd5f99-0aca-11e7-82f6-3863bb44ef7c,12,4,8,3,1,1768974459,2026-01-21 00:49:40
dd8b2f53-8b94-4082-9576-994a4962f9d5,8,8,0,10,1,1768974459,2026-01-21 00:49:40
5f798c51-5d8b-4add-9f81-341f54a82ffa,11,3,8,5,1,1768974461,2026-01-21 00:49:40
2108372139456801688,14,5,9,4,1,1768974467,2026-01-21 00:49:40
2116635185595800086,9,6,3,2,1,1768974479,2026-01-21 00:49:40
33a797e8-6be2-4868-b9f6-1be157eaa0a5,2,2,0,17,1,1768974479,2026-01-21 00:49:40
66ddd81a-0aca-11e7-82f6-3863bb44ef7c,0,0,0,8,0,1768877727,2026-01-21 00:49:40
2116885281736356212,5,2,3,7,1,1768974288,2026-01-21 00:49:40
66dddf5f-0aca-11e7-82f6-3863bb44ef7c,1,1,0,12,1,1768974380,2026-01-21 00:49:40
4aecd6f2-8a84-4bed-a528-dc6870877292,7,7,0,11,1,1768974437,2026-01-21 00:49:40
2108372029596633484,5,2,3,7,1,1768974441,2026-01-21 00:49:40
66dd7fe2-0aca-11e7-82f6-3863bb44ef7c,10,2,8,12,1,1768974440,2026-01-21 00:49:40
66dd7b37-0aca-11e7-82f6-3863bb44ef7c,15,9,6,10,1,1768974400,2026-01-21 00:49:40
66dd6000-0aca-11e7-82f6-3863bb44ef7c,12,9,3,9,1,1768974426,2026-01-21 00:49:40
3371df76-39db-43ab-b3d6-fac0be55311f,11,5,6,3,1,1768974432,2026-01-21 00:49:40
66dd6441-0aca-11e7-82f6-3863bb44ef7c,9,3,6,5,1,1768974360,2026-01-21 00:49:40
66dd80ac-0aca-11e7-82f6-3863bb44ef7c,6,1,5,14,1,1768974422,2026-01-21 00:49:40
1844599666569400604,12,0,12,11,1,1768974417,2026-01-21 00:49:40
2165507807810224012,1,1,0,8,1,1768974453,2026-01-21 00:49:40
66dd8b48-0aca-11e7-82f6-3863bb44ef7c,12,9,3,6,1,1768974454,2026-01-21 00:49:40
2158919319277979600,8,5,3,5,1,1768974459,2026-01-21 00:49:40
2157736614125310040,6,4,2,10,1,1768974460,2026-01-21 00:49:40
2108373197827738014,13,6,7,8,1,1768974455,2026-01-21 00:49:40
66ddd8a8-0aca-11e7-82f6-3863bb44ef7c,0,0,0,7,0,1768950829,2026-01-21 00:49:40
66dddd28-0aca-11e7-82f6-3863bb44ef7c,0,0,0,9,0,1768952668,2026-01-21 00:49:40
5aa81a37-ea1d-4bf6-ab40-4751c6b4fb08,8,7,1,8,1,1768974366,2026-01-21 00:49:40
9d344652-976b-4c2d-bede-2ef19b0fbf13,12,6,6,5,1,1768974362,2026-01-21 00:49:40
46813ecf-8df4-4c8f-9579-0179e0b36ba6,0,0,0,5,0,1768950007,2026-01-21 00:49:40
66dddc08-0aca-11e7-82f6-3863bb44ef7c,0,0,0,1,0,1768955549,2026-01-21 00:49:40
2116636221383887448,15,0,15,3,1,1768974408,2026-01-21 00:49:40
2108372356498784942,8,2,6,1,1,1768974408,2026-01-21 00:49:40
b6a13f2b-deb4-4f4d-9d67-7d23bee27c88,5,1,4,9,1,1768974409,2026-01-21 00:49:40
cbc48689-7805-49dd-9669-5471f4b7b6fb,1,1,0,21,1,1768974378,2026-01-21 00:49:40
66dd5a42-0aca-11e7-82f6-3863bb44ef7c,16,14,2,6,1,1768974402,2026-01-21 00:49:40
66dd5f24-0aca-11e7-82f6-3863bb44ef7c,13,6,7,9,1,1768974415,2026-01-21 00:49:40
581211b2-4e42-48f2-8a8f-5f968cb1c5df,1,0,1,27,1,1768974415,2026-01-21 00:49:40
2116635527663355916,0,0,0,11,1,1768974418,2026-01-21 00:49:40
2116634708854430228,9,1,8,9,1,1768974435,2026-01-21 00:49:40
2108373961268485100,5,1,4,9,1,1768974434,2026-01-21 00:49:40
66ddddb4-0aca-11e7-82f6-3863bb44ef7c,6,5,1,7,1,1768974448,2026-01-21 00:49:40
bd6f422b-d7ae-4d7e-9261-653fdd8e6888,24,15,9,1,1,1768974453,2026-01-21 00:49:40
519824e4-69ba-4270-a395-17c204f328f8,3,1,2,17,1,1768974456,2026-01-21 00:49:40
66ddd93e-0aca-11e7-82f6-3863bb44ef7c,12,4,8,1,1,1768974456,2026-01-21 00:49:40
2088688422524183306,5,0,5,32,1,1768974462,2026-01-21 00:49:40
5faf99b8-9046-450f-9d2a-d13279b3d016,11,5,6,17,1,1768974468,2026-01-21 00:49:40
2108372903577159978,5,4,1,9,1,1768974472,2026-01-21 00:49:40
498d7e8e-5164-4f26-9ce6-399947d73b1a,0,0,0,3,0,1768935415,2026-01-21 01:22:45
1905837242740508940,0,0,0,0,0,86400,2026-01-21 01:22:45
41495491-5d89-4e14-aab9-c3db04aad399,0,0,0,0,0,86400,2026-01-21 01:22:45
b9720921-8170-43ea-a5ae-b61b9161eb49,0,0,0,0,0,86400,2026-01-21 01:22:45
2171903488884523500,0,0,0,0,0,86400,2026-01-21 01:22:45
2171903608969565866,0,0,0,0,0,86400,2026-01-21 01:22:45
2171904223419888148,0,0,0,0,0,86400,2026-01-21 01:22:45
2124381939991318658,12,11,1,3,1,1768976312,2026-01-21 01:22:45
66dc8a3d-0aca-11e7-82f6-3863bb44ef7c,26,6,20,48,1,1768976338,2026-01-21 01:22:45
a2ef8ed2-6031-4049-b7dc-9838ef39889b,13,1,12,2,1,1768976338,2026-01-21 01:22:45
1828965347681089818,10,0,10,10,1,1768976338,2026-01-21 01:22:45
4c03fa2d-89da-4f0b-8f19-c7de5edbe256,24,3,21,0,1,1768976338,2026-01-21 01:22:45
1817822909864556798,16,15,1,11,1,1768976338,2026-01-21 01:22:45
1799624430022654108,17,1,16,4,1,1768976354,2026-01-21 01:22:45
6969d756-33a6-4a0b-83d0-3db38bc382d1,26,1,25,3,1,1768976354,2026-01-21 01:22:45
66dd4ec7-0aca-11e7-82f6-3863bb44ef7c,36,19,17,37,1,1768976349,2026-01-21 01:22:45
bc9c9006-3d40-400d-8b5c-17f56e6dfcee,3,1,2,23,1,1768976353,2026-01-21 01:22:45
f3140fb8-347b-4dca-96df-eeef2d1bfc50,4,3,1,13,1,1768976351,2026-01-21 01:22:45
581bc4fe-cf14-4767-8377-6fa156ff8a29,9,2,7,8,1,1768976352,2026-01-21 01:22:45
66db93a1-0aca-11e7-82f6-3863bb44ef7c,18,13,5,18,1,1768976352,2026-01-21 01:22:45
922763d6-d73c-4678-8bcd-f42ee3a236db,3,2,1,17,1,1768976351,2026-01-21 01:22:45
66dd9fa6-0aca-11e7-82f6-3863bb44ef7c,12,11,1,45,1,1768976353,2026-01-21 01:22:45
7d5fa1f0-4069-4d5d-b735-5d500597394a,44,24,20,7,1,1768976362,2026-01-21 01:22:45
66dba303-0aca-11e7-82f6-3863bb44ef7c,4,0,4,9,1,1768976362,2026-01-21 01:22:45
66db447a-0aca-11e7-82f6-3863bb44ef7c,38,32,6,9,1,1768976362,2026-01-21 01:22:45
b4f990dd-36bb-46b3-9eea-4b980bd43c2d,5,4,1,16,1,1768976364,2026-01-21 01:22:45
1860188747953293684,6,0,6,10,1,1768976364,2026-01-21 01:22:45
77e31650-e86a-4b06-b2de-b92df2a7a7f5,29,9,20,1,1,1768976364,2026-01-21 01:22:45
c602146e-d69d-43b6-9e8f-054c4df5377e,12,1,11,6,1,1768976364,2026-01-21 01:22:45
1828966626550010820,18,3,15,0,1,1768976365,2026-01-21 01:22:45
00967b8f-1a4d-4131-a65a-17fa8ca89e28,9,4,5,9,1,1768976365,2026-01-21 01:22:45
66ddb66e-0aca-11e7-82f6-3863bb44ef7c,6,2,4,21,1,1768976365,2026-01-21 01:22:45
8d650b03-920d-4d44-a48f-8d9a1a0ba264,12,2,10,7,1,1768976365,2026-01-21 01:22:45
038b7369-9c6e-4eb2-8569-f7461443302f,19,5,14,0,1,1768976366,2026-01-21 01:22:45
66de6346-0aca-11e7-82f6-3863bb44ef7c,21,14,7,13,1,1768976366,2026-01-21 01:22:45
1854538387432581604,18,1,17,0,1,1768976366,2026-01-21 01:22:45
53ef19c6-eaa7-47f7-807e-f51b574b1be0,9,0,9,3,1,1768976361,2026-01-21 01:22:45
1869753654337059182,18,13,5,2,1,1768976366,2026-01-21 01:22:45
816e50eb-dc4b-47dc-b773-154e2020cb0d,1,1,0,18,1,1768976363,2026-01-21 01:22:45
44fa161f-eb62-459b-b53e-da83788cfa2a,7,5,2,22,1,1768976363,2026-01-21 01:22:45
c4e9905f-457b-4be0-a878-2aa53fa0b09b,20,5,15,2,1,1768976364,2026-01-21 01:22:45
1851674198082642572,19,1,18,1,1,1768976380,2026-01-21 01:22:45
1831178352265562334,15,2,13,12,1,1768976381,2026-01-21 01:22:45
d979131e-0b9f-4aa2-88c5-46d4ff94abc8,10,5,5,8,1,1768976381,2026-01-21 01:22:45
66de1516-0aca-11e7-82f6-3863bb44ef7c,16,5,11,16,1,1768976381,2026-01-21 01:22:45
81a98b0b-cfd6-48b4-90bd-806ebbc264a0,3,2,1,15,1,1768976384,2026-01-21 01:22:45
66ddec3e-0aca-11e7-82f6-3863bb44ef7c,14,11,3,7,1,1768976384,2026-01-21 01:22:45
f5393bc2-36d4-4508-bf51-fa48d121f751,25,17,8,1,1,1768976384,2026-01-21 01:22:45
3d68a3fd-91da-49e8-9cd5-69b333863789,17,4,13,2,1,1768976385,2026-01-21 01:22:45
66880044-5411-4143-af39-eaa0a0fd0528,14,13,1,20,1,1768976383,2026-01-21 01:22:45
66de2707-0aca-11e7-82f6-3863bb44ef7c,21,18,3,25,1,1768976382,2026-01-21 01:22:45
1817432434869846072,10,2,8,10,1,1768976382,2026-01-21 01:22:45
2124426077519611940,6,5,1,9,1,1768976319,2026-01-21 01:22:45
19d17911-1e4a-41fa-b62b-719aa0a6182e,33,19,14,4,1,1768976382,2026-01-21 01:22:45
493e046c-5d62-4772-90c4-b6a9f4afcd39,14,9,5,4,1,1768976387,2026-01-21 01:22:45
0dd71c6d-11ee-4ad4-ba99-36b9ad36112c,11,5,6,9,1,1768976387,2026-01-21 01:22:45
66de205d-0aca-11e7-82f6-3863bb44ef7c,10,9,1,14,1,1768976383,2026-01-21 01:22:45
b4b5824b-3c23-44b7-92a3-cec6a54583a0,8,0,8,9,1,1768976383,2026-01-21 01:22:45
2124426307973079924,3,0,3,6,1,1768976278,2026-01-21 01:22:45
78aabb95-6195-4aa7-ab0d-5748eeb26bd1,17,7,10,15,1,1768976386,2026-01-21 01:22:45
1815968237323833702,18,2,16,3,1,1768976386,2026-01-21 01:22:45
74723006-b32f-4590-8cc7-f15eec3808fe,8,1,7,19,1,1768976357,2026-01-21 01:22:45
e85c3165-ad0a-44a3-9683-d8cf7575f465,19,6,13,8,1,1768976359,2026-01-21 01:22:45
f833d403-2cf5-424a-a3b3-0314a44b4a67,18,12,6,13,1,1768976360,2026-01-21 01:22:45
563389a0-d90f-4155-9c50-528459df26aa,2,1,1,23,1,1768976360,2026-01-21 01:22:45
912813fc-fde4-4430-8443-a4fa21477e7f,0,0,0,22,1,1768976358,2026-01-21 01:22:45
9635affa-8b18-42d5-84c4-7f67ad5ef9d0,8,4,4,10,1,1768976358,2026-01-21 01:22:45
38af3d1a-9916-46cf-b22e-86fc8648bf30,9,0,9,10,1,1768976359,2026-01-21 01:22:45
7a6fc75f-a605-4dd6-b567-b2bbbfb862f3,16,15,1,1,1,1768976360,2026-01-21 01:22:45
1835618878584115330,21,5,16,0,1,1768976360,2026-01-21 01:22:45
823ef531-40e6-4397-b973-86bf5b032076,22,19,3,2,1,1768976358,2026-01-21 01:22:45
6fab98b7-b06a-49d8-a4d1-087ffce0ebcf,0,0,0,16,1,1768976361,2026-01-21 01:22:45
66db9e99-0aca-11e7-82f6-3863bb44ef7c,6,5,1,11,1,1768976372,2026-01-21 01:22:45
1864605386632012480,3,0,3,15,1,1768976372,2026-01-21 01:22:45
dccaeeb5-c53a-4f48-80e6-05675b71a8c8,9,1,8,19,1,1768976373,2026-01-21 01:22:45
372c592e-09d8-400c-9595-2aa3510f39b0,2,2,0,21,1,1768976373,2026-01-21 01:22:45
c8c39d85-4ce7-46c5-b709-998067200780,0,0,0,22,1,1768976373,2026-01-21 01:22:45
2100948436010992354,6,5,1,7,1,1768976380,2026-01-21 01:22:45
4efda436-cd19-4ec3-acc7-1a622f723264,8,6,2,11,1,1768976378,2026-01-21 01:22:45
8aad788d-c7eb-4fca-a426-c39f47741a6f,17,3,14,9,1,1768976379,2026-01-21 01:22:45
d5cabb43-6c78-4022-964e-a8b02470509e,23,9,14,0,1,1768976374,2026-01-21 01:22:45
765ee572-6c7a-4ed3-a2d4-f1496ea53996,22,3,19,1,1,1768976374,2026-01-21 01:22:45
66dd5407-0aca-11e7-82f6-3863bb44ef7c,17,8,9,60,1,1768976376,2026-01-21 01:22:45
2137775326353803668,12,3,9,1,1,1768976377,2026-01-21 01:22:45
943a1a27-1328-4823-8945-28d845280383,22,22,0,2,1,1768976377,2026-01-21 01:22:45
f681f980-185d-45b9-8490-bb2606624dd4,3,3,0,15,1,1768976377,2026-01-21 01:22:45
66db3053-0aca-11e7-82f6-3863bb44ef7c,60,42,18,9,1,1768976377,2026-01-21 01:22:45
0ddb965d-95ef-4ce3-bde6-81a56ac1fbd2,1,1,0,29,1,1768976378,2026-01-21 01:22:45
26b3a82b-3487-44c2-85f1-eddb5a8a3a9d,18,0,18,5,1,1768976378,2026-01-21 01:22:45
1871698223344654662,3,2,1,22,1,1768976378,2026-01-21 01:22:45
a2cf5872-bd4c-4311-832e-d62fd779ecc3,5,2,3,15,1,1768976376,2026-01-21 01:22:45
595cf79f-7783-4373-b3d5-775bcf76033b,1,1,0,16,1,1768976374,2026-01-21 01:22:45
6fd61eee-d0ef-4580-9704-bd06b82bcb61,1,1,0,26,1,1768976374,2026-01-21 01:22:45
1840540852548303628,2,2,0,14,1,1768976374,2026-01-21 01:22:45
66de677e-0aca-11e7-82f6-3863bb44ef7c,19,11,8,7,1,1768976375,2026-01-21 01:22:45
eb07bdfc-3a6f-40eb-96d2-0b92ac371619,2,0,2,17,1,1768976375,2026-01-21 01:22:45
cc5f0e68-dd5f-4db1-81c7-04a4d6674fba,12,0,12,5,1,1768976375,2026-01-21 01:22:45
37a37e5b-f975-4f92-a897-dca8e4670631,14,10,4,4,1,1768976375,2026-01-21 01:22:45
1862788202397235246,15,3,12,4,1,1768976375,2026-01-21 01:22:45
54df610f-0e47-4958-98ca-37bb1b1c4dca,3,2,1,20,1,1768976342,2026-01-21 01:22:45
cb9840a3-4ae2-420d-865c-9ac45e2f5485,15,9,6,0,1,1768976342,2026-01-21 01:22:45
69f84045-48f9-4c6c-90d3-0503e5ed39e9,16,12,4,6,1,1768976342,2026-01-21 01:22:45
1f8f6714-42a7-45d5-86cd-a093c940b2c9,2,2,0,23,1,1768976343,2026-01-21 01:22:45
24509e46-a0de-47e8-ba40-9441da68952a,5,4,1,13,1,1768976343,2026-01-21 01:22:45
2ebbe93b-a013-464a-b4a5-0eba96f89676,18,17,1,1,1,1768976343,2026-01-21 01:22:45
1860189327773878824,17,0,17,6,1,1768976344,2026-01-21 01:22:45
66dc840f-0aca-11e7-82f6-3863bb44ef7c,11,8,3,47,1,1768976340,2026-01-21 01:22:45
4e9a1c3a-20e2-4fd5-b8de-fbf8d43e7bcc,2,0,2,19,1,1768976341,2026-01-21 01:22:45
66db75cc-0aca-11e7-82f6-3863bb44ef7c,43,25,18,0,1,1768976341,2026-01-21 01:22:45
22ab59a8-0af4-4101-9350-a7af88e37c2e,6,1,5,13,1,1768976339,2026-01-21 01:22:45
dd482585-3028-453f-a98d-55019db9b26c,37,0,37,4,1,1768976344,2026-01-21 01:22:45
1786697771181570266,23,11,12,16,1,1768976344,2026-01-21 01:22:45
4d24ab76-2f4a-4004-9fc5-09c00c1d9aa4,28,11,17,0,1,1768976340,2026-01-21 01:22:45
66dc3e89-0aca-11e7-82f6-3863bb44ef7c,36,29,7,28,1,1768976340,2026-01-21 01:22:45
66dbcd6c-0aca-11e7-82f6-3863bb44ef7c,31,26,5,1,1,1768976343,2026-01-21 01:22:45
e9575102-1081-4c30-8d15-ea95913579e2,3,2,1,15,1,1768976348,2026-01-21 01:22:45
66de0d91-0aca-11e7-82f6-3863bb44ef7c,25,0,25,3,1,1768976349,2026-01-21 01:22:45
528ed1e0-75aa-45be-8afe-c3f1c950782f,9,1,8,11,1,1768976349,2026-01-21 01:22:45
1846085734612252774,5,1,4,17,1,1768976347,2026-01-21 01:22:45
66dd4d70-0aca-11e7-82f6-3863bb44ef7c,13,8,5,26,1,1768976348,2026-01-21 01:22:45
66dd01c5-0aca-11e7-82f6-3863bb44ef7c,4,4,0,21,1,1768976348,2026-01-21 01:22:45
f62526d4-9c6a-4c76-be76-c64b5be669d2,6,4,2,15,1,1768976348,2026-01-21 01:22:45
66dc0f8a-0aca-11e7-82f6-3863bb44ef7c,35,3,32,19,1,1768976345,2026-01-21 01:22:45
66dd24ca-0aca-11e7-82f6-3863bb44ef7c,39,24,15,5,1,1768976345,2026-01-21 01:22:45
1096fc76-794e-4343-8eb0-0dd6c9a48266,2,2,0,15,1,1768976345,2026-01-21 01:22:45
66de5005-0aca-11e7-82f6-3863bb44ef7c,21,5,16,5,1,1768976346,2026-01-21 01:22:45
82c85f05-4722-48ae-9f64-0522012eb3c8,6,1,5,19,1,1768976346,2026-01-21 01:22:45
324e93c8-4f3d-4a5f-becd-00e6f49fe4dd,18,0,18,1,1,1768976347,2026-01-21 01:22:45
1794852638057746848,21,1,20,0,1,1768976347,2026-01-21 01:22:45
bacfe3c2-7946-45ed-91f9-f5b91791de75,7,3,4,19,1,1768976347,2026-01-21 01:22:45
180b83a0-329c-4069-87be-df862cb1baed,20,16,4,2,1,1768976347,2026-01-21 01:22:45
c00ef46d-fcde-48e2-afbd-0fb595fe3fa7,26,14,12,4,1,1768976348,2026-01-21 01:22:45
66dc2c78-0aca-11e7-82f6-3863bb44ef7c,15,8,7,67,1,1768976347,2026-01-21 01:22:45
66dde630-0aca-11e7-82f6-3863bb44ef7c,54,9,45,15,1,1768976347,2026-01-21 01:22:45
59af018a-2ee9-489a-b445-bb6fba9c1119,8,4,4,8,1,1768976347,2026-01-21 01:22:45
eb217a2c-1dd0-4690-a34e-ecc1a708f883,2,0,2,17,1,1768976368,2026-01-21 01:22:45
1880643645302280466,8,6,2,19,1,1768976368,2026-01-21 01:22:45
66dd46a2-0aca-11e7-82f6-3863bb44ef7c,27,17,10,19,1,1768976368,2026-01-21 01:22:45
1822663031356509142,15,3,12,4,1,1768976370,2026-01-21 01:22:45
475c44e1-31e3-4c60-b071-af2ca3f7618c,1,1,0,20,1,1768976370,2026-01-21 01:22:45
66de0cab-0aca-11e7-82f6-3863bb44ef7c,34,2,32,1,1,1768976371,2026-01-21 01:22:45
1848241684520917882,10,0,10,4,1,1768976371,2026-01-21 01:22:45
66dce9b5-0aca-11e7-82f6-3863bb44ef7c,7,0,7,24,1,1768976367,2026-01-21 01:22:45
cb05443c-e68e-48f7-8d17-35353fa19d4d,21,6,15,32,1,1768976370,2026-01-21 01:22:45
2124035976827702128,5,5,0,9,1,1768976369,2026-01-21 01:22:45
1840504138040045682,7,3,4,13,1,1768976371,2026-01-21 01:22:45
1786700154621508184,9,7,2,19,1,1768976369,2026-01-21 01:22:45
66db9c2e-0aca-11e7-82f6-3863bb44ef7c,9,4,5,30,1,1768976371,2026-01-21 01:22:45
1835250442210857240,20,2,18,0,1,1768976372,2026-01-21 01:22:45
66de4959-0aca-11e7-82f6-3863bb44ef7c,16,5,11,8,1,1768976390,2026-01-21 01:22:45
c638ec67-9ac0-416f-944f-619926144931,64,64,0,57,1,1768976391,2026-01-21 01:22:45
c190f78c-77ad-469e-aecc-e2af7bb6d92a,20,3,17,2,1,1768976391,2026-01-21 01:22:45
292ad4f3-9fb0-44ec-9e61-613c711f73c1,7,1,6,12,1,1768976391,2026-01-21 01:22:45
66de13dc-0aca-11e7-82f6-3863bb44ef7c,0,0,0,0,0,1768976392,2026-01-21 01:22:45
1814907590556515014,13,2,11,8,1,1768976387,2026-01-21 01:22:45
ad57266c-34da-43da-8b48-2ba856002fbf,0,0,0,26,1,1768976387,2026-01-21 01:22:45
6b60bf55-3da4-439a-bde1-fc80be8623ba,0,0,0,22,1,1768976388,2026-01-21 01:22:45
ff745407-c087-4c0d-a965-98baf078f292,14,13,1,6,1,1768976387,2026-01-21 01:22:45
66dc686c-0aca-11e7-82f6-3863bb44ef7c,63,52,11,30,1,1768976388,2026-01-21 01:22:45
66dbe96d-0aca-11e7-82f6-3863bb44ef7c,32,11,21,16,1,1768976389,2026-01-21 01:22:45
66de43a5-0aca-11e7-82f6-3863bb44ef7c,10,4,6,11,1,1768976389,2026-01-21 01:22:45
1898751402035634700,10,3,7,6,1,1768976389,2026-01-21 01:22:45
96e72113-3681-4d19-88bb-032e76720093,0,0,0,0,0,1768933579,2026-01-21 01:22:45
d45b62b9-7d6b-43b2-bf1e-2c898c55dfd2,11,7,4,7,1,1768976390,2026-01-21 01:22:45
66dbe68e-0aca-11e7-82f6-3863bb44ef7c,48,43,5,7,1,1768976391,2026-01-21 01:22:45
ba33c334-e17d-4478-ae3c-9c2f4dbfbb51,6,3,3,10,1,1768976390,2026-01-21 01:22:45
7f402242-dc1b-4a48-ba21-58c4fa7216b4,17,4,13,1,1,1768976389,2026-01-21 01:22:45
20ff5447-eac3-43b7-820f-f6fa3a2e12a8,15,1,14,4,1,1768976389,2026-01-21 01:22:45
66de19ab-0aca-11e7-82f6-3863bb44ef7c,12,12,0,18,1,1768976389,2026-01-21 01:22:45
66dc3ab9-0aca-11e7-82f6-3863bb44ef7c,33,31,2,28,1,1768976391,2026-01-21 01:22:45
66dc1687-0aca-11e7-82f6-3863bb44ef7c,0,0,0,11,1,1768976392,2026-01-21 01:22:45
f9ed9a6b-097e-48b9-a9d1-79d084dcd2d9,2,0,2,13,1,1768976392,2026-01-21 01:22:45
b96507c5-7c90-499d-9c45-58f25d6f636a,1,1,0,19,1,1768976392,2026-01-21 01:22:45
2546c9b9-5b1a-4e9f-a9cc-f8b986b79748,20,9,11,2,1,1768976392,2026-01-21 01:22:45
901ad0c4-383e-490a-8b54-0656ce2358d6,9,1,8,10,1,1768976392,2026-01-21 01:22:45
bbc3c1df-f7db-4f54-8d5c-b8f4269ecb48,16,12,4,3,1,1768976388,2026-01-21 01:22:45
1888015107269225164,24,20,4,16,1,1768976389,2026-01-21 01:22:45
0630217a-3913-47d9-9540-cf85688296a5,5,4,1,12,1,1768976389,2026-01-21 01:22:45
62b97c1e-9d06-4c5e-b9c3-d76099e37fe4,11,5,6,14,1,1768976405,2026-01-21 01:22:45
5526b855-dc09-4159-a20a-99651861a481,4,3,1,18,1,1768976405,2026-01-21 01:22:45
6cd10426-b4e9-40e1-9b35-61f609190ac0,9,2,7,24,1,1768976405,2026-01-21 01:22:45
d2b23c87-b7c3-48c2-a634-db4b76ecbcf7,5,0,5,14,1,1768976405,2026-01-21 01:22:45
bf880f45-422c-4e0b-b3b0-2b1f5ba94da4,4,2,2,14,1,1768976405,2026-01-21 01:22:45
66de71af-0aca-11e7-82f6-3863bb44ef7c,22,11,10,14,1,1768976405,2026-01-21 01:22:45
1859438049977968878,12,0,12,16,1,1768976408,2026-01-21 01:22:45
807e9f5a-49b6-4b7e-847b-4a60cff330ed,2,2,0,15,1,1768976408,2026-01-21 01:22:45
b896d83d-5524-4c9c-a2aa-c1b0edaadc22,3,2,1,17,1,1768976408,2026-01-21 01:22:45
66dd17a5-0aca-11e7-82f6-3863bb44ef7c,23,9,14,26,1,1768976409,2026-01-21 01:22:45
bfe5e69d-89ff-48b3-bf20-80cbdfa443e0,28,13,15,23,1,1768976409,2026-01-21 01:22:45
1875415144760576328,17,17,0,6,1,1768976407,2026-01-21 01:22:45
66db6f2e-0aca-11e7-82f6-3863bb44ef7c,9,5,4,33,1,1768976407,2026-01-21 01:22:45
1849009654626746672,15,1,14,1,1,1768976407,2026-01-21 01:22:45
e35c42c6-8b73-4528-b08d-c94b75624b40,13,3,10,8,1,1768976406,2026-01-21 01:22:45
3134c2d4-b090-4eb8-ab44-6f9622098f72,4,3,1,18,1,1768976406,2026-01-21 01:22:45
66dc2995-0aca-11e7-82f6-3863bb44ef7c,41,31,10,8,1,1768976406,2026-01-21 01:22:45
8caf71df-76c3-43fb-be98-d555d2291460,1,0,1,25,1,1768976410,2026-01-21 01:22:45
98ebf9c6-1d94-4e21-9007-c623875fdb5e,14,1,13,3,1,1768976410,2026-01-21 01:22:45
068b919c-f649-4091-8e12-ccf37191cad5,1,0,1,17,1,1768976410,2026-01-21 01:22:45
66de2b2f-0aca-11e7-82f6-3863bb44ef7c,48,2,46,2,1,1768976409,2026-01-21 01:22:45
1d3a8670-09b3-4127-b750-af5311e565f0,9,0,9,10,1,1768976409,2026-01-21 01:22:45
b4a320d6-2611-4940-96ca-17fb297ec826,20,7,13,1,1,1768976409,2026-01-21 01:22:45
81bec993-29a5-4e70-8f60-eecdf16c7be4,17,10,7,9,1,1768976406,2026-01-21 01:22:45
32cc1603-a4b5-4099-b7bf-681de451b04a,27,2,25,19,1,1768976411,2026-01-21 01:22:45
1950648049868542106,10,6,4,15,1,1768976410,2026-01-21 01:22:45
b442a648-e9f4-4893-951a-64d258bc0e55,17,11,6,10,1,1768976410,2026-01-21 01:22:45
59df3823-0369-4a10-8132-05df34a170af,13,0,13,31,1,1768976410,2026-01-21 01:22:45
18a2cbb6-91f2-4393-82fb-b40a8ba90f20,2,0,2,18,1,1768976410,2026-01-21 01:22:45
6542d952-ca19-410e-9290-ee6b7a6e14cf,1,1,0,19,1,1768976410,2026-01-21 01:22:45
2a66ed0a-5e6d-4893-a1d1-876bb2bac4be,5,0,5,21,1,1768976409,2026-01-21 01:22:45
66dc7773-0aca-11e7-82f6-3863bb44ef7c,25,7,18,19,1,1768976410,2026-01-21 01:22:45
59b747c1-fbfb-4a3d-9394-8d06834d7c98,18,9,9,1,1,1768976393,2026-01-21 01:22:45
5f63411c-91ce-4788-a567-d388cc812a15,7,1,6,22,1,1768976393,2026-01-21 01:22:45
55a4dc76-d839-4e06-9bf4-2f343391343c,8,6,2,11,1,1768976393,2026-01-21 01:22:45
3e1bdcec-e762-4e83-b447-007f05923cce,12,10,2,10,1,1768976396,2026-01-21 01:22:45
b35ba3c0-d3e8-4b1a-b63b-73a7bb518c9e,5,1,4,13,1,1768976397,2026-01-21 01:22:45
fbaffdbd-dab5-4127-9bd5-36bf58093ea8,9,6,3,14,1,1768976395,2026-01-21 01:22:45
66dc3782-0aca-11e7-82f6-3863bb44ef7c,26,17,9,3,1,1768976396,2026-01-21 01:22:45
2126224996973581072,9,8,1,3,1,1768976326,2026-01-21 01:22:45
191d5d54-de64-4312-99c7-eee141efa4ef,2,1,1,20,1,1768976397,2026-01-21 01:22:45
66dc17df-0aca-11e7-82f6-3863bb44ef7c,0,0,0,0,0,1768976397,2026-01-21 01:22:45
66dd4a52-0aca-11e7-82f6-3863bb44ef7c,11,11,0,19,1,1768976393,2026-01-21 01:22:45
66dc8db1-0aca-11e7-82f6-3863bb44ef7c,46,0,46,8,1,1768976393,2026-01-21 01:22:45
1934749166596673908,28,9,19,17,1,1768976397,2026-01-21 01:22:45
66dde103-0aca-11e7-82f6-3863bb44ef7c,0,0,0,4,0,1768943264,2026-01-21 01:22:45
16e70b05-5b73-4930-9dcf-f79e5ce9eaf5,12,1,11,10,1,1768976395,2026-01-21 01:22:45
18415ea7-efce-408d-bcb9-4693fb088dda,32,21,11,0,1,1768976397,2026-01-21 01:22:45
66dc81ce-0aca-11e7-82f6-3863bb44ef7c,13,5,8,59,1,1768976390,2026-01-21 01:22:45
66dbef15-0aca-11e7-82f6-3863bb44ef7c,49,15,34,1,1,1768976418,2026-01-21 01:22:45
8a89684b-40a5-49fe-b75d-fdf32ffa8102,15,2,13,4,1,1768976418,2026-01-21 01:22:45
7dda8844-60ba-4449-b05c-54c1d14ab5fb,58,43,15,10,1,1768976418,2026-01-21 01:22:45
4568f854-1268-45cf-bac8-82286ef40ae6,10,2,8,8,1,1768976419,2026-01-21 01:22:45
66de0861-0aca-11e7-82f6-3863bb44ef7c,24,23,1,1,1,1768976418,2026-01-21 01:22:45
7779e057-b33e-46a7-8a1e-8c28bcd9a558,12,2,10,7,1,1768976418,2026-01-21 01:22:45
19b61564-7629-41b4-80c8-1756135a5442,3,3,0,15,1,1768976420,2026-01-21 01:22:45
47da6ab2-c841-4f2d-97ef-dd8d441c96b1,2,1,1,15,1,1768976419,2026-01-21 01:22:45
457ea5d7-d643-4028-87db-46dee0b81555,24,21,3,0,1,1768976419,2026-01-21 01:22:45
1786698974100683436,4,0,4,46,1,1768976419,2026-01-21 01:22:45
66dd26f9-0aca-11e7-82f6-3863bb44ef7c,26,8,18,5,1,1768976421,2026-01-21 01:22:45
c2bb1874-bcb7-47c5-aa7d-05423b9087e8,2,1,2,16,1,1768976421,2026-01-21 01:22:45
0f45bcf6-7028-4584-a51e-4129847dbebc,38,22,16,0,1,1768976445,2026-01-21 01:22:45
66de17f7-0aca-11e7-82f6-3863bb44ef7c,11,9,2,24,1,1768976445,2026-01-21 01:22:45
1814907423052790164,15,0,15,7,1,1768976446,2026-01-21 01:22:45
1bb1af93-b433-4da7-8054-009c85f7755a,4,1,3,14,1,1768976446,2026-01-21 01:22:45
d73e26de-8534-4b46-a321-3cae295ef9b2,0,0,0,31,1,1768976444,2026-01-21 01:22:45
dad39e68-53f5-47c2-87e2-b1cc0e34f90f,8,4,4,10,1,1768976443,2026-01-21 01:22:45
0b613329-b8c8-4b8c-ad40-79952aa41157,19,11,8,1,1,1768976444,2026-01-21 01:22:45
66dd2060-0aca-11e7-82f6-3863bb44ef7c,47,5,42,2,1,1768976444,2026-01-21 01:22:45
1814548067447122618,31,20,11,0,1,1768976444,2026-01-21 01:22:45
66dcc8b3-0aca-11e7-82f6-3863bb44ef7c,4,1,3,13,1,1768976445,2026-01-21 01:22:45
1960020234227886806,4,4,0,46,1,1768976444,2026-01-21 01:22:45
d18512f9-52c8-4175-92b9-b6258dc30748,1,1,0,19,1,1768976444,2026-01-21 01:22:45
1869753057823626206,11,0,11,12,1,1768976445,2026-01-21 01:22:45
06439006-11b6-44f0-8545-c9d39035f32a,72,63,9,0,1,1768976445,2026-01-21 01:22:45
2104286315955915532,20,15,5,44,1,1768976445,2026-01-21 01:22:45
1986707977001495180,4,2,2,15,1,1768976445,2026-01-21 01:22:45
e9b3a725-6963-4151-8f7f-9beeb51fa20f,4,4,0,11,1,1768976448,2026-01-21 01:22:45
6e5a8cab-cf1a-4584-8133-01835b56ad71,13,2,11,12,1,1768976448,2026-01-21 01:22:45
2124425439157234232,2,1,1,11,1,1768976448,2026-01-21 01:22:45
1826348248869574940,16,5,11,14,1,1768976449,2026-01-21 01:22:45
66dc7ba2-0aca-11e7-82f6-3863bb44ef7c,21,9,12,9,1,1768976449,2026-01-21 01:22:45
93da4d1b-d574-45b0-85d7-5b82e2887267,17,1,16,4,1,1768976449,2026-01-21 01:22:45
e152a2e1-c510-404e-a100-24246bb6cc95,5,2,3,12,1,1768976449,2026-01-21 01:22:45
d040a7b3-85b5-4c0d-9c92-3f4ad0082143,0,0,0,28,1,1768976446,2026-01-21 01:22:45
66dbe571-0aca-11e7-82f6-3863bb44ef7c,45,34,11,14,1,1768976447,2026-01-21 01:22:45
bc5235a5-7f10-4a27-806e-9c25fa700959,11,1,10,29,1,1768976447,2026-01-21 01:22:45
66de4bbb-0aca-11e7-82f6-3863bb44ef7c,12,1,11,10,1,1768976447,2026-01-21 01:22:45
66dd056e-0aca-11e7-82f6-3863bb44ef7c,3,1,2,14,1,1768976447,2026-01-21 01:22:45
ec42fb3a-af54-46aa-a8b3-b17d72ed4475,18,9,9,0,1,1768976447,2026-01-21 01:22:45
1876800925490112950,6,1,5,10,1,1768976447,2026-01-21 01:22:45
517409d3-a94a-4140-a6de-ff0de9221ed2,4,1,3,17,1,1768976448,2026-01-21 01:22:45
1859088223746072684,3,1,2,13,1,1768976449,2026-01-21 01:22:45
1927314940904608224,11,3,8,14,1,1768976448,2026-01-21 01:22:45
66de0a78-0aca-11e7-82f6-3863bb44ef7c,16,1,15,3,1,1768976448,2026-01-21 01:22:45
1862008701134683118,7,1,6,16,1,1768976445,2026-01-21 01:22:45
0de1f95f-8b1b-4e5e-9eff-73c63265b0ab,17,7,10,12,1,1768976446,2026-01-21 01:22:45
66de2199-0aca-11e7-82f6-3863bb44ef7c,19,3,16,9,1,1768976450,2026-01-21 01:22:45
b713367c-3572-4225-b74a-9319ab537838,1,0,1,18,1,1768976450,2026-01-21 01:22:45
ab6aadd8-fa45-43aa-abea-c8e01ec5a0c8,17,1,16,5,1,1768976450,2026-01-21 01:22:45
2126622241630343402,15,11,4,4,1,1768976451,2026-01-21 01:22:45
5a24acbb-94ef-4cb5-9db8-f6073ac26a2b,2,0,2,17,1,1768976451,2026-01-21 01:22:45
66dc0dab-0aca-11e7-82f6-3863bb44ef7c,12,11,1,103,1,1768976451,2026-01-21 01:22:45
cd2d9dab-7708-4685-a56f-9412c738de7e,18,1,17,0,1,1768976451,2026-01-21 01:22:45
66db408f-0aca-11e7-82f6-3863bb44ef7c,35,5,30,0,1,1768976452,2026-01-21 01:22:45
66db41bf-0aca-11e7-82f6-3863bb44ef7c,28,0,28,2,1,1768976452,2026-01-21 01:22:45
576abdc1-986e-48b0-bde2-051a13d3ff59,9,2,7,7,1,1768976452,2026-01-21 01:22:45
d470e82e-d109-4e2e-b66a-f5e944cbfe97,18,5,13,0,1,1768976453,2026-01-21 01:22:45
1965202298784063998,5,4,1,21,1,1768976453,2026-01-21 01:22:45
1869753484503987044,5,3,2,14,1,1768976451,2026-01-21 01:22:45
62f8f806-bd04-4282-9c5d-ad4293644e3c,9,2,7,8,1,1768976452,2026-01-21 01:22:45
1846085439406916338,3,3,0,20,1,1768976452,2026-01-21 01:22:45
2124037125711300644,22,14,8,1,1,1768976452,2026-01-21 01:22:45
2126623007192357636,6,0,6,4,1,1768976442,2026-01-21 01:22:45
66dd1f44-0aca-11e7-82f6-3863bb44ef7c,18,18,0,8,1,1768976455,2026-01-21 01:22:45
023cf549-bd85-4f9a-abd8-70ba29d7e86b,14,12,2,6,1,1768976455,2026-01-21 01:22:45
92fc1ad7-0867-4655-b02f-ede65d336b14,4,0,4,14,1,1768976455,2026-01-21 01:22:45
2138075988152462096,16,2,14,2,1,1768976455,2026-01-21 01:22:45
66de2274-0aca-11e7-82f6-3863bb44ef7c,22,12,10,0,1,1768976453,2026-01-21 01:22:45
645e4365-653f-48ce-bc15-5fcc287be56f,21,17,4,47,1,1768976454,2026-01-21 01:22:45
4f814d78-5d8d-458b-877e-2ca449b865be,2,0,2,19,1,1768976454,2026-01-21 01:22:45
66de63cd-0aca-11e7-82f6-3863bb44ef7c,16,7,9,3,1,1768976454,2026-01-21 01:22:45
66dc7f02-0aca-11e7-82f6-3863bb44ef7c,91,82,9,17,1,1768976454,2026-01-21 01:22:45
1861678548643203686,3,0,3,22,1,1768976454,2026-01-21 01:22:45
75352ab4-8a31-4926-8b59-048a9e506452,10,0,10,4,1,1768976451,2026-01-21 01:22:45
64f0f28c-bedc-42d5-b107-ecdd48fc30cd,23,23,0,76,1,1768976452,2026-01-21 01:22:45
66de85d2-0aca-11e7-82f6-3863bb44ef7c,38,25,13,7,1,1768976451,2026-01-21 01:22:45
1795146692060860976,18,6,12,4,1,1768976451,2026-01-21 01:22:45
66dde76a-0aca-11e7-82f6-3863bb44ef7c,8,7,1,14,1,1768976453,2026-01-21 01:22:45
4e747443-d481-4aea-a6d1-cf20204af4ba,13,1,12,7,1,1768976454,2026-01-21 01:22:45
f8c242cd-da59-4f0e-afd6-832bbdd7d328,15,4,11,4,1,1768976401,2026-01-21 01:22:45
1854538962214948918,19,1,18,0,1,1768976401,2026-01-21 01:22:45
66dd3d7f-0aca-11e7-82f6-3863bb44ef7c,6,2,4,29,1,1768976402,2026-01-21 01:22:45
1937777808143497236,5,4,1,28,1,1768976401,2026-01-21 01:22:45
d265dbc7-ef55-4f5b-8a2b-f2015dc71fb8,17,0,17,8,1,1768976402,2026-01-21 01:22:45
ceb179f3-89c3-4c3e-8a0a-3415406a9463,12,12,0,11,1,1768976394,2026-01-21 01:22:45
6d766daf-9298-4059-a329-1818582d495f,14,13,1,4,1,1768976394,2026-01-21 01:22:45
1859808514684217788,2,2,0,19,1,1768976394,2026-01-21 01:22:45
66ddeaff-0aca-11e7-82f6-3863bb44ef7c,13,3,10,15,1,1768976394,2026-01-21 01:22:45
1828967979464708718,6,4,2,17,1,1768976394,2026-01-21 01:22:45
ed279ef2-52ee-4ff2-9a52-edd8137ea034,9,9,0,16,1,1768976395,2026-01-21 01:22:45
053312f2-e77e-4674-b28b-ad357fbcb4ee,28,14,14,34,1,1768976394,2026-01-21 01:22:45
66de1fe7-0aca-11e7-82f6-3863bb44ef7c,10,3,7,15,1,1768976403,2026-01-21 01:22:45
61f2ffd4-159a-42b3-a4d9-3fdfc3349074,3,1,2,17,1,1768976403,2026-01-21 01:22:45
66dd217d-0aca-11e7-82f6-3863bb44ef7c,27,21,6,0,1,1768976403,2026-01-21 01:22:45
1835246658344669972,1,1,0,18,1,1768976403,2026-01-21 01:22:45
1851254468343716806,19,2,17,1,1,1768976403,2026-01-21 01:22:45
837b7db3-55c6-4595-a497-834972631752,3,3,0,13,1,1768976403,2026-01-21 01:22:45
1917312704757770810,34,27,7,2,1,1768976399,2026-01-21 01:22:45
162d5859-b735-4ff7-9613-01b21f22c1cd,29,14,15,6,1,1768976400,2026-01-21 01:22:45
1814906692908349788,9,0,9,12,1,1768976400,2026-01-21 01:22:45
1828965172312150882,14,2,12,7,1,1768976399,2026-01-21 01:22:45
0687075b-cf2d-4130-a859-fe841aafbd3f,21,4,17,3,1,1768976399,2026-01-21 01:22:45
1dacb0f6-29f5-4d1b-b910-92ffa5b4ca5d,11,8,3,29,1,1768976398,2026-01-21 01:22:45
1869743938848725856,72,67,5,14,1,1768976399,2026-01-21 01:22:45
66db277a-0aca-11e7-82f6-3863bb44ef7c,14,1,13,11,1,1768976399,2026-01-21 01:22:45
66dea7b5-0aca-11e7-82f6-3863bb44ef7c,4,0,4,36,1,1768976401,2026-01-21 01:22:45
ffae66ec-7c16-436f-bd0a-eedf81d580e7,3,1,2,18,1,1768976401,2026-01-21 01:22:45
1815967442754883940,22,2,20,8,1,1768976401,2026-01-21 01:22:45
66dcc37f-0aca-11e7-82f6-3863bb44ef7c,0,0,0,17,0,1768962238,2026-01-21 01:22:45
5145ad1c-241f-4448-a742-739bd5c518c2,8,2,6,9,1,1768976401,2026-01-21 01:22:45
44c23eaa-7ddf-40b3-8373-6f3880c5e1b1,3,2,1,15,1,1768976403,2026-01-21 01:22:45
1b038e21-e199-4c47-bef0-f4bcdc06b73b,39,35,4,0,1,1768976403,2026-01-21 01:22:45
1846086362824884662,20,0,20,0,1,1768976400,2026-01-21 01:22:45
66dd1d0f-0aca-11e7-82f6-3863bb44ef7c,26,12,14,1,1,1768976400,2026-01-21 01:22:45
481624f3-9377-4dfd-a5dd-de05a7fef760,3,0,3,16,1,1768976401,2026-01-21 01:22:45
6476c5fd-611e-436c-9736-e0f43bb7774e,15,1,14,3,1,1768976398,2026-01-21 01:22:45
66db3687-0aca-11e7-82f6-3863bb44ef7c,26,17,9,8,1,1768976398,2026-01-21 01:22:45
d80c274e-d17d-4a00-9b76-274c9fe4d0e1,3,1,2,32,1,1768976404,2026-01-21 01:22:45
66dc10d1-0aca-11e7-82f6-3863bb44ef7c,24,11,13,19,1,1768976404,2026-01-21 01:22:45
42c3bb6e-0478-4e4a-af10-151f5f4dffb9,16,3,13,1,1,1768976404,2026-01-21 01:22:45
b4974d89-932c-4a9f-a264-2ea0cf70613e,2,2,0,16,1,1768976430,2026-01-21 01:22:45
d89dc10f-9be3-45a5-9c3c-06c04c963436,18,2,16,2,1,1768976431,2026-01-21 01:22:45
bcb08532-f0d5-4c0e-ad8a-4ddacc204791,4,3,1,13,1,1768976431,2026-01-21 01:22:45
549b5bc4-b949-4eeb-8ffb-2215e1e49892,42,33,9,12,1,1768976429,2026-01-21 01:22:45
a3d72b5b-9587-4f33-9722-c01e20a9b358,2,2,0,26,1,1768976430,2026-01-21 01:22:45
2124037250266884686,10,2,8,1,1,1768976283,2026-01-21 01:22:45
66dc1d80-0aca-11e7-82f6-3863bb44ef7c,24,20,4,10,1,1768976430,2026-01-21 01:22:45
1960019951675478680,8,6,2,21,1,1768976430,2026-01-21 01:22:45
c606bae0-889c-47c3-8202-9463ef147655,17,3,14,6,1,1768976430,2026-01-21 01:22:45
c63a83a0-bda1-40a6-835b-f82c363543b9,2,0,2,17,1,1768976430,2026-01-21 01:22:45
66dc120f-0aca-11e7-82f6-3863bb44ef7c,30,24,6,41,1,1768976430,2026-01-21 01:22:45
b79c8433-9dd1-4d68-9156-7f2c2162bafe,15,13,2,13,1,1768976427,2026-01-21 01:22:45
f401cd5f-cb41-41f8-a857-4a4dfe778f94,21,11,10,4,1,1768976427,2026-01-21 01:22:45
754ac5df-f2b5-4636-8c58-ed84ea262bde,2,2,0,18,1,1768976428,2026-01-21 01:22:45
1862008939006380034,3,1,2,17,1,1768976428,2026-01-21 01:22:45
66dbec40-0aca-11e7-82f6-3863bb44ef7c,22,8,14,30,1,1768976428,2026-01-21 01:22:45
1962547377975794462,14,11,2,8,1,1768976431,2026-01-21 01:22:45
0f98907a-d4cc-45e0-b174-7d9dfda74106,6,0,6,25,1,1768976432,2026-01-21 01:22:45
12279d2b-29f6-4e02-a7f0-244970f7edd5,9,2,7,17,1,1768976432,2026-01-21 01:22:45
c80c55c4-d623-42d7-8acf-6bfa68a84ecb,0,0,0,18,1,1768976432,2026-01-21 01:22:45
56b3ca32-104a-4920-a879-a97a820858c4,13,1,12,12,1,1768976432,2026-01-21 01:22:45
566a6389-5c22-49ca-8c24-4d9eea135170,1,1,0,25,1,1768976427,2026-01-21 01:22:45
66db76a1-0aca-11e7-82f6-3863bb44ef7c,21,16,5,71,1,1768976428,2026-01-21 01:22:45
499e10ad-c008-461e-8cf7-20757218a9cc,3,2,1,20,1,1768976428,2026-01-21 01:22:45
cf1a96a7-f695-4ba2-bcf2-899552e21e47,11,6,5,8,1,1768976433,2026-01-21 01:22:45
26217b73-7bb5-46e6-8094-1db05becd617,19,13,6,8,1,1768976433,2026-01-21 01:22:45
c3189056-8eda-4278-891f-e8e15c2d759a,3,2,1,23,1,1768976433,2026-01-21 01:22:45
faf98f78-51ab-4248-b7e7-f402902385a6,2,2,0,16,1,1768976435,2026-01-21 01:22:45
1814901062206225038,5,1,4,14,1,1768976435,2026-01-21 01:22:45
655ad2f2-6bcc-4eee-95a9-4f528c0b81cd,7,3,4,9,1,1768976435,2026-01-21 01:22:45
ca7ec509-cefc-4ac6-b729-08999d191051,20,3,17,2,1,1768976436,2026-01-21 01:22:45
d11b9869-8964-4b79-aafc-4b60ad1b44c4,11,1,10,12,1,1768976436,2026-01-21 01:22:45
3a89411a-0bc6-4ba3-bc56-fab950c8eba1,18,0,18,1,1,1768976436,2026-01-21 01:22:45
633fbc4c-7617-47ba-a393-aad7a8d26a3e,19,1,18,2,1,1768976434,2026-01-21 01:22:45
1835246937517543544,19,3,16,0,1,1768976434,2026-01-21 01:22:45
66dde4ef-0aca-11e7-82f6-3863bb44ef7c,10,8,2,12,1,1768976434,2026-01-21 01:22:45
c71cca54-17f6-42bc-ba94-3f5bd9c70197,35,0,35,10,1,1768976435,2026-01-21 01:22:45
2121032386733337206,14,3,11,0,1,1768976432,2026-01-21 01:22:45
2124036994734951288,7,1,6,1,1,1768976413,2026-01-21 01:22:45
f34ea09d-32f9-492c-9124-99059bc0b5dd,16,2,14,5,1,1768976433,2026-01-21 01:22:45
1804892772559499512,32,6,26,0,1,1768976433,2026-01-21 01:22:45
66de12ff-0aca-11e7-82f6-3863bb44ef7c,17,11,6,2,1,1768976433,2026-01-21 01:22:45
ca5cc034-a95d-446e-8314-6691589886b1,17,16,1,1,1,1768976433,2026-01-21 01:22:45
ff9581d3-3e1a-463a-bdab-d8150c468be2,1,1,0,31,1,1768976434,2026-01-21 01:22:45
af72ab76-c6cb-4994-af96-51fa8846ecdc,4,4,0,15,1,1768976436,2026-01-21 01:22:45
66dbee85-0aca-11e7-82f6-3863bb44ef7c,16,8,8,57,1,1768976437,2026-01-21 01:22:45
9394fb49-583f-4426-8d2f-a2b0ffb584d2,15,12,3,34,1,1768976435,2026-01-21 01:22:45
66db6963-0aca-11e7-82f6-3863bb44ef7c,48,11,37,27,1,1768976436,2026-01-21 01:22:45
1828968883163894358,8,0,8,8,1,1768976437,2026-01-21 01:22:45
09dfc0e3-a448-477c-bb3c-9467dc51ef8d,69,34,35,3,1,1768976437,2026-01-21 01:22:45
1d32e684-602b-46b6-8c96-ab47b57a03f3,9,7,2,14,1,1768976432,2026-01-21 01:22:45
66de25bd-0aca-11e7-82f6-3863bb44ef7c,68,0,68,10,1,1768976414,2026-01-21 01:22:45
66dc6a86-0aca-11e7-82f6-3863bb44ef7c,11,9,2,67,1,1768976415,2026-01-21 01:22:45
26cae473-0e59-4af7-bad5-bb6fec85c8bc,4,4,0,17,1,1768976415,2026-01-21 01:22:45
ca843847-923a-40b7-80ca-c1c3fff6e818,1,1,0,17,1,1768976415,2026-01-21 01:22:45
3eb10c63-ea4c-4161-b07d-a29034f7367a,8,3,5,10,1,1768976415,2026-01-21 01:22:45
ebae0b66-e463-4ded-9b7a-43c0aca9b37a,15,6,9,5,1,1768976415,2026-01-21 01:22:45
0138452a-b9f4-4aee-80b0-7fae9a122ffe,27,21,6,11,1,1768976416,2026-01-21 01:22:45
0fde06c2-632c-46a9-8866-f4e855604f74,26,23,3,39,1,1768976414,2026-01-21 01:22:45
66dd45c7-0aca-11e7-82f6-3863bb44ef7c,18,12,6,13,1,1768976414,2026-01-21 01:22:45
ef6216aa-d3c8-46bb-8c6b-b62f8ba51b16,5,0,5,15,1,1768976411,2026-01-21 01:22:45
f523c481-ba41-44ba-96e1-0c431fbea558,4,2,2,19,1,1768976411,2026-01-21 01:22:45
18eccc71-66be-4e4c-8335-095a9bf0df94,0,0,0,0,0,1768976411,2026-01-21 01:22:45
525535e3-dde3-47b4-9c2e-0174eaa4f2bb,17,5,12,2,1,1768976412,2026-01-21 01:22:45
66de1ea2-0aca-11e7-82f6-3863bb44ef7c,11,11,0,8,1,1768976417,2026-01-21 01:22:45
7938263e-e5b8-4ca7-b8bf-1adbaae5fead,15,5,10,12,1,1768976417,2026-01-21 01:22:45
66dbe15d-0aca-11e7-82f6-3863bb44ef7c,14,2,12,11,1,1768976417,2026-01-21 01:22:45
1862002854876824190,4,2,2,15,1,1768976413,2026-01-21 01:22:45
66dced76-0aca-11e7-82f6-3863bb44ef7c,4,3,1,21,1,1768976413,2026-01-21 01:22:45
66dd515d-0aca-11e7-82f6-3863bb44ef7c,20,11,9,4,1,1768976412,2026-01-21 01:22:45
2637fed8-1e2a-460b-83eb-3eb32ace0f4e,1,1,0,47,1,1768976414,2026-01-21 01:22:45
3db799ba-b574-4e5f-95e5-c767bec2acb6,21,9,12,6,1,1768976423,2026-01-21 01:22:45
69717638-5c4a-47a7-bccb-3b42c81eb09f,12,5,7,6,1,1768976423,2026-01-21 01:22:45
1860189650739626488,2,0,2,19,1,1768976424,2026-01-21 01:22:45
abc1311e-e000-4211-af9e-0cf92242711e,1,1,0,21,1,1768976424,2026-01-21 01:22:45
5645b05e-85be-460d-8506-cacd20bff233,27,2,25,2,1,1768976424,2026-01-21 01:22:45
66dc80b4-0aca-11e7-82f6-3863bb44ef7c,3,2,1,56,1,1768976424,2026-01-21 01:22:45
fda18503-7488-4b91-b74c-949a90401e83,7,5,2,10,1,1768976424,2026-01-21 01:22:45
0bd9bd58-42e6-4680-9d19-83943372221f,13,12,1,9,1,1768976424,2026-01-21 01:22:45
1871698348432996504,12,1,11,9,1,1768976424,2026-01-21 01:22:45
1838070843306263244,1,1,0,17,1,1768976424,2026-01-21 01:22:45
a4d041fd-c5fa-4f52-800c-25d7a661a875,1,1,0,20,1,1768976422,2026-01-21 01:22:45
66dc292c-0aca-11e7-82f6-3863bb44ef7c,34,23,11,17,1,1768976425,2026-01-21 01:22:45
1882824287789509296,20,18,2,24,1,1768976426,2026-01-21 01:22:45
63a838a8-9acf-4ba1-91f5-c676f6ef2f7d,13,4,9,7,1,1768976423,2026-01-21 01:22:45
66de73fd-0aca-11e7-82f6-3863bb44ef7c,12,8,4,13,1,1768976422,2026-01-21 01:22:45
83a5d761-57d0-4cd6-aa2b-7eb350120d99,10,5,5,10,1,1768976422,2026-01-21 01:22:45
1f088432-0460-421e-a1d9-36890fa5396d,6,3,3,11,1,1768976426,2026-01-21 01:22:45
1786698321265653818,14,14,0,21,1,1768976427,2026-01-21 01:22:45
d8778570-f7f2-458d-82f5-9ad39210a501,39,34,5,10,1,1768976427,2026-01-21 01:22:45
640a9a95-194f-42f5-8d88-1df67129f388,10,2,8,6,1,1768976427,2026-01-21 01:22:45
66dde69c-0aca-11e7-82f6-3863bb44ef7c,3,3,0,17,1,1768976440,2026-01-21 01:22:45
84a7baff-415b-4ab9-a859-74c2801483ce,12,0,12,6,1,1768976441,2026-01-21 01:22:45
2c8b263e-952c-4941-a671-ef0ebb062632,14,0,14,6,1,1768976441,2026-01-21 01:22:45
a45a712c-1e3d-4fee-bef8-adafafd80670,4,3,1,13,1,1768976441,2026-01-21 01:22:45
2124036103510616644,5,0,5,6,1,1768976441,2026-01-21 01:22:45
b371c432-b682-412f-9b85-8df84ce7a9f3,5,1,4,11,1,1768976441,2026-01-21 01:22:45
7aa86431-bbc5-4d9c-8198-9630c9d32a22,7,0,7,13,1,1768976441,2026-01-21 01:22:45
90b141b9-c39f-4a26-a32d-08c7d1474d52,9,9,0,13,1,1768976441,2026-01-21 01:22:45
29ced315-14b5-4edc-bef2-665316dfe3dd,27,10,17,18,1,1768976442,2026-01-21 01:22:45
9af90faf-0b9b-451b-9cb0-20ff421ca1d9,2,0,2,23,1,1768976442,2026-01-21 01:22:45
1838071008881986168,12,0,12,15,1,1768976442,2026-01-21 01:22:45
29a41b09-698f-43e2-82ff-f94f73e74841,16,0,16,2,1,1768976443,2026-01-21 01:22:45
66ddea99-0aca-11e7-82f6-3863bb44ef7c,6,6,0,15,1,1768976443,2026-01-21 01:22:45
1929504694747056164,0,0,0,39,1,1768976443,2026-01-21 01:22:45
66dcbac5-0aca-11e7-82f6-3863bb44ef7c,7,3,4,11,1,1768976443,2026-01-21 01:22:45
33840944-aa92-4d91-9de8-d29e5cd0b2d9,27,5,22,0,1,1768976438,2026-01-21 01:22:45
0fa27bd7-b182-4e7a-b5bb-90f4249cb368,12,8,4,10,1,1768976438,2026-01-21 01:22:45
66dd4ccc-0aca-11e7-82f6-3863bb44ef7c,15,8,7,35,1,1768976439,2026-01-21 01:22:45
1834145589124844432,1,0,1,17,1,1768976437,2026-01-21 01:22:45
c3062f44-c5b9-4650-a4ec-cc66cbf5b944,3,2,1,14,1,1768976437,2026-01-21 01:22:45
c2d549f8-f54c-4a0d-9ecd-6e6f79118279,16,10,6,6,1,1768976437,2026-01-21 01:22:45
6fb81fda-f0b5-4242-90f9-88d0214feb8d,3,3,0,15,1,1768976440,2026-01-21 01:22:45
66dd1c7f-0aca-11e7-82f6-3863bb44ef7c,14,8,6,36,1,1768976438,2026-01-21 01:22:45
66dbcbbc-0aca-11e7-82f6-3863bb44ef7c,52,12,40,17,1,1768976438,2026-01-21 01:22:45
c7604869-5b55-40cf-812e-fc97901bdf14,40,14,26,1,1,1768976438,2026-01-21 01:22:45
2126623765785393224,2,1,1,17,1,1768976428,2026-01-21 01:22:45
66dcc0b2-0aca-11e7-82f6-3863bb44ef7c,3,0,3,19,1,1768976439,2026-01-21 01:22:45
493850bd-125b-49f5-932b-bf999504fb06,7,4,3,11,1,1768976439,2026-01-21 01:22:45
1b00fb53-da32-4b14-9a9a-84a391c8951c,1,0,1,27,1,1768976442,2026-01-21 01:22:45
b0bac4ef-bb57-4598-a433-75c281170d5b,4,0,4,18,1,1768976456,2026-01-21 01:22:45
7f4753d7-8d58-48bd-a881-de5bff08b27d,4,1,3,21,1,1768976456,2026-01-21 01:22:45
7a1ad7c0-4958-4354-91a1-11bf13348abd,15,3,12,1,1,1768976456,2026-01-21 01:22:45
66dbc37a-0aca-11e7-82f6-3863bb44ef7c,24,18,6,31,1,1768976456,2026-01-21 01:22:45
99614ecb-2329-49fa-a13a-fa1ef2bb32d6,3,0,3,14,1,1768976456,2026-01-21 01:22:45
66db2a71-0aca-11e7-82f6-3863bb44ef7c,26,5,21,17,1,1768976457,2026-01-21 01:22:45
545a32d3-b74c-4dc2-b82c-a6d185dd4666,4,4,0,17,1,1768976456,2026-01-21 01:22:45
1848241791125254746,15,1,14,2,1,1768976457,2026-01-21 01:22:45
cbf76774-1276-4cf8-9442-f00571f1451c,27,27,0,2,1,1768976457,2026-01-21 01:22:45
3f05490b-a3d8-4d15-bd25-0212555b5dff,16,1,15,4,1,1768976457,2026-01-21 01:22:45
66dd4c5f-0aca-11e7-82f6-3863bb44ef7c,14,11,3,46,1,1768976458,2026-01-21 01:22:45
66dbc420-0aca-11e7-82f6-3863bb44ef7c,6,5,1,45,1,1768976458,2026-01-21 01:22:45
66db4549-0aca-11e7-82f6-3863bb44ef7c,18,13,5,5,1,1768976458,2026-01-21 01:22:45
579e583e-60ab-4f2a-83d0-fabebddfcd0f,9,8,1,7,1,1768976458,2026-01-21 01:22:45
1849010133527040242,14,9,5,7,1,1768976458,2026-01-21 01:22:45
66dd1d9c-0aca-11e7-82f6-3863bb44ef7c,26,11,15,2,1,1768976459,2026-01-21 01:22:45
66dce8db-0aca-11e7-82f6-3863bb44ef7c,22,11,11,19,1,1768976458,2026-01-21 01:22:45
f3782e27-c49a-4ee9-b188-0c13cad54688,7,0,7,10,1,1768976457,2026-01-21 01:22:45
1975518133370609774,64,58,6,34,1,1768976457,2026-01-21 01:22:45
2171919049376995084,2,1,1,29,1,1768976458,2026-01-21 01:22:45
2171903221356328154,0,0,0,0,0,86400,2026-01-21 01:22:45
2171903733697659376,0,0,0,0,0,86400,2026-01-21 01:22:45
2171903845366809074,0,0,0,0,0,86400,2026-01-21 01:22:45
d67375ea-3f93-4996-b0dc-f542341f2e6a,0,0,0,0,0,86400,2026-01-21 01:22:45
a93cb1ec-fb37-4faf-a7e7-d1e5a9e9af95,0,0,0,0,0,86400,2026-01-21 01:22:45
ab5c5ee6-9c4e-4aaa-a14e-d236d3e01d9a,0,0,0,0,0,86400,2026-01-21 01:22:45
32c60668-a192-4d06-aa7c-6d6f7aed6b45,0,0,0,0,0,86400,2026-01-21 01:22:45
fd0e86e3-079d-40aa-8231-ec2cbdbd9e7f,0,0,0,0,0,86400,2026-01-21 01:22:45
66dccad8-0aca-11e7-82f6-3863bb44ef7c,0,0,0,0,0,86400,2026-01-21 01:22:45
d2024260-cc58-451b-9417-3a695f8a1b34,0,0,0,0,0,1767211364,2026-01-21 01:22:45
7f8cb36a-2bf4-4d57-afbd-331310f25355,14,1,13,22,1,1768976337,2026-01-21 01:22:45
cf284d60-23e7-49ec-91dc-8bfedb59cb6a,17,1,16,2,1,1768976338,2026-01-21 01:22:45
2124425670552673214,1,1,0,12,1,1768976325,2026-01-21 01:22:45
66de1f7f-0aca-11e7-82f6-3863bb44ef7c,24,9,15,6,1,1768976340,2026-01-21 01:22:45
66dd43bd-0aca-11e7-82f6-3863bb44ef7c,16,14,2,29,1,1768976340,2026-01-21 01:22:45
a82cc641-0926-4a63-b488-7060ab7dcd74,26,18,8,4,1,1768976342,2026-01-21 01:22:45
1827839088308194240,105,91,14,11,1,1768976343,2026-01-21 01:22:45
1834145868297717964,4,0,4,14,1,1768976342,2026-01-21 01:22:45
380394f7-64fa-4a65-a4d1-7bcaddd41fab,15,9,6,4,1,1768976342,2026-01-21 01:22:45
9b721468-3b28-429d-9e13-580cdf00a6a4,16,2,14,7,1,1768976341,2026-01-21 01:22:45
ddc8ca6c-dceb-4603-ab1e-4bd972ca2a3d,9,2,7,8,1,1768976338,2026-01-21 01:22:45
1786687245202023014,33,9,24,0,1,1768976338,2026-01-21 01:22:45
8456b63c-37c6-49a6-8c02-bb6dcfc35041,13,10,3,9,1,1768976342,2026-01-21 01:22:45
66dbf062-0aca-11e7-82f6-3863bb44ef7c,39,24,15,3,1,1768976343,2026-01-21 01:22:45
c0a3b8fe-ba64-4cbb-b010-f760998d6c3a,13,13,0,6,1,1768976348,2026-01-21 01:22:45
66dca682-0aca-11e7-82f6-3863bb44ef7c,31,24,7,31,1,1768976347,2026-01-21 01:22:45
1854255035042870020,9,1,8,7,1,1768976348,2026-01-21 01:22:45
711ccb32-e1bc-4577-ac7b-50592cc9b8a0,23,7,16,1,1,1768976346,2026-01-21 01:22:45
4775fd25-2240-44d7-884a-d777d15a9b5e,8,7,1,12,1,1768976346,2026-01-21 01:22:45
66db3997-0aca-11e7-82f6-3863bb44ef7c,11,0,11,65,1,1768976346,2026-01-21 01:22:45
9c2a741d-7f3e-4aa1-b58b-db5c3e6bcb20,1,0,1,27,1,1768976347,2026-01-21 01:22:45
66de59bd-0aca-11e7-82f6-3863bb44ef7c,18,5,13,4,1,1768976345,2026-01-21 01:22:45
4f57360d-a4cb-4568-b74a-f3086ccaee2e,7,3,4,13,1,1768976345,2026-01-21 01:22:45
989fdf95-cfb9-475c-ba0c-3152fd3a16e0,15,12,3,4,1,1768976345,2026-01-21 01:22:45
8d2eff37-be09-4b46-a95d-abff89e16d56,8,0,8,9,1,1768976349,2026-01-21 01:22:45
679dcf08-d88c-4d1b-b81d-fe9f4aabbff7,4,1,3,21,1,1768976350,2026-01-21 01:22:45
66db4282-0aca-11e7-82f6-3863bb44ef7c,52,23,29,23,1,1768976347,2026-01-21 01:22:45
02fb0f6a-b1dc-4e1c-97f8-fe70462670a3,22,2,20,3,1,1768976354,2026-01-21 01:22:45
afd76a0e-ceb8-4d18-a427-b378c4d07a75,20,4,16,9,1,1768976350,2026-01-21 01:22:45
7d9a1b9e-0123-4561-a111-b3735fada687,5,0,5,17,1,1768976351,2026-01-21 01:22:45
5600446d-a00a-45e6-9dc3-550adfd63e39,3,3,0,15,1,1768976355,2026-01-21 01:22:45
4d4a3e7b-1005-4bfd-8680-340a20cacbee,17,9,8,4,1,1768976352,2026-01-21 01:22:45
c0a2d591-4eed-488b-b88b-0b23990e3756,16,0,16,1,1,1768976352,2026-01-21 01:22:45
66dc0bbd-0aca-11e7-82f6-3863bb44ef7c,28,8,20,9,1,1768976352,2026-01-21 01:22:45
1875023224873448258,8,0,8,12,1,1768976350,2026-01-21 01:22:45
68827e5f-ed28-45de-99bf-66093a8c504f,8,6,2,12,1,1768976359,2026-01-21 01:22:45
9e014047-d675-418b-a03c-84d974a25134,0,0,0,30,1,1768976359,2026-01-21 01:22:45
b1e496f1-43cf-48d0-be49-ab0d760c00bf,3,0,3,25,1,1768976359,2026-01-21 01:22:45
9719498d-bd5c-4424-86ac-dfe0795c57d1,5,2,3,16,1,1768976358,2026-01-21 01:22:45
1887292564377354448,4,2,2,25,1,1768976357,2026-01-21 01:22:45
1838618090943186984,19,2,17,4,1,1768976358,2026-01-21 01:22:45
6651fc84-09d1-4cdb-a8d5-7d6345fb3466,13,1,12,4,1,1768976358,2026-01-21 01:22:45
514f3dda-4d08-464c-b2d4-5706d400065a,2,1,1,14,1,1768976361,2026-01-21 01:22:45
e73cf71b-db05-44f9-b57a-689d65320d68,2,0,2,28,1,1768976361,2026-01-21 01:22:45
8e631be4-1e0c-4627-a261-18f0003d0ba2,7,5,2,34,1,1768976361,2026-01-21 01:22:45
66ddb6d9-0aca-11e7-82f6-3863bb44ef7c,49,17,32,15,1,1768976362,2026-01-21 01:22:45
c56739c2-b310-4d73-ab0e-b6036abd9561,21,4,17,4,1,1768976357,2026-01-21 01:22:45
199ea9dd-8f7e-4e05-a730-55edaacd8787,7,6,1,50,1,1768976357,2026-01-21 01:22:45
be435dfd-e859-487c-ae32-3d2b76d49a49,13,3,10,5,1,1768976356,2026-01-21 01:22:45
7380e377-936d-47d7-8abe-0f666d47465e,3,2,1,17,1,1768976360,2026-01-21 01:22:45
ebce9ecb-9678-4c42-89d7-08e54bc6fe90,3,3,0,15,1,1768976356,2026-01-21 01:22:45
66db6da2-0aca-11e7-82f6-3863bb44ef7c,45,37,8,6,1,1768976357,2026-01-21 01:22:45
66dde208-0aca-11e7-82f6-3863bb44ef7c,37,37,0,0,1,1768976357,2026-01-21 01:22:45
bdcbd89b-9ae0-461b-aa1d-7db7ead07400,17,3,14,9,1,1768976365,2026-01-21 01:22:45
3f878b81-324e-4673-9221-43d34647e76f,11,0,11,4,1,1768976366,2026-01-21 01:22:45
2018303498843153278,24,10,14,4,1,1768976367,2026-01-21 01:22:45
80969478-8dbc-42e1-8e16-ac0132a431c2,21,1,20,4,1,1768976367,2026-01-21 01:22:45
2098359443836787630,16,15,1,55,1,1768976367,2026-01-21 01:22:45
1836581441921155232,8,7,1,10,1,1768976362,2026-01-21 01:22:45
fe65853e-b20a-4250-9677-2aa177283b72,10,1,9,9,1,1768976362,2026-01-21 01:22:45
0c923abb-298a-4a47-b132-9fae73cc59e6,30,24,6,11,1,1768976363,2026-01-21 01:22:45
426862de-f8f2-4967-ba41-76680a4b460c,5,4,1,12,1,1768976364,2026-01-21 01:22:45
1a5eae13-8f27-4875-8330-a796c95f8ad6,2,0,2,14,1,1768976367,2026-01-21 01:22:45
868586b3-ddc7-4b4b-9bed-a1e487033aaa,43,11,32,2,1,1768976367,2026-01-21 01:22:45
9b7e3b8b-97ef-4038-820c-7cd1c1a34fc7,12,2,10,12,1,1768976368,2026-01-21 01:22:45
9b4a92ae-cefe-467a-8e35-5ce02d4f3a45,4,1,3,14,1,1768976368,2026-01-21 01:22:45
66db5e6a-0aca-11e7-82f6-3863bb44ef7c,9,7,2,9,1,1768976368,2026-01-21 01:22:45
774c5443-d463-42b3-bfc5-b0ab3c56fe35,21,21,0,11,1,1768976369,2026-01-21 01:22:45
4753c893-e4bd-4d6a-bc4d-42209a19ebeb,1,1,0,16,1,1768976369,2026-01-21 01:22:45
66db9cc4-0aca-11e7-82f6-3863bb44ef7c,13,6,7,24,1,1768976368,2026-01-21 01:22:45
66dd243c-0aca-11e7-82f6-3863bb44ef7c,42,4,38,35,1,1768976369,2026-01-21 01:22:45
66dbebad-0aca-11e7-82f6-3863bb44ef7c,27,14,13,21,1,1768976370,2026-01-21 01:22:45
a724eb92-55ca-4b9f-9a87-c2e87b3cbd40,1,1,0,19,1,1768976371,2026-01-21 01:22:45
e10a6e12-d98c-4625-940a-9f83d9b2f6c4,17,4,13,4,1,1768976371,2026-01-21 01:22:45
94624d6e-4150-4ab1-92ff-bf55cb58ab61,2,1,1,16,1,1768976370,2026-01-21 01:22:45
54782566-697b-497e-a503-dc1f39963eb2,6,6,0,19,1,1768976370,2026-01-21 01:22:45
85ba92ab-8d0a-4d17-9d07-0173e16d3b6d,4,1,3,15,1,1768976371,2026-01-21 01:22:45
66dc3f08-0aca-11e7-82f6-3863bb44ef7c,100,78,22,0,1,1768976372,2026-01-21 01:22:45
dccab832-b4a2-4105-927d-b52ec0d92c92,17,5,12,1,1,1768976373,2026-01-21 01:22:45
66dc7de9-0aca-11e7-82f6-3863bb44ef7c,100,68,32,14,1,1768976373,2026-01-21 01:22:45
66dbcf18-0aca-11e7-82f6-3863bb44ef7c,65,18,47,8,1,1768976373,2026-01-21 01:22:45
92a51669-deec-45a9-8494-fafdf6356c51,6,3,3,26,1,1768976373,2026-01-21 01:22:45
1846085533896197012,20,1,19,0,1,1768976377,2026-01-21 01:22:45
2e5cde21-f0a2-4396-899e-6df275e99212,5,5,0,15,1,1768976377,2026-01-21 01:22:45
1786697932047949952,8,4,4,15,1,1768976377,2026-01-21 01:22:45
5e93b806-08e1-4ef9-98ae-d3dda20e0469,19,15,4,5,1,1768976377,2026-01-21 01:22:45
ace80a8c-6196-484e-8dd0-061e3c90389b,2,1,1,27,1,1768976383,2026-01-21 01:22:45
398aa734-3893-4dba-a704-57ae8632c4f9,6,5,1,15,1,1768976383,2026-01-21 01:22:45
2bf9addc-038b-48fe-8794-dde085c5e5dc,20,12,8,30,1,1768976383,2026-01-21 01:22:45
66db89a3-0aca-11e7-82f6-3863bb44ef7c,59,8,51,14,1,1768976383,2026-01-21 01:22:45
1859811213834095332,15,0,15,9,1,1768976384,2026-01-21 01:22:45
66de44ba-0aca-11e7-82f6-3863bb44ef7c,32,16,16,5,1,1768976384,2026-01-21 01:22:45
a958a8af-a0cc-4bca-9114-93c74ce3c693,4,4,0,18,1,1768976379,2026-01-21 01:22:45
66dc741f-0aca-11e7-82f6-3863bb44ef7c,51,44,7,14,1,1768976379,2026-01-21 01:22:45
1817432954560889524,8,0,8,12,1,1768976379,2026-01-21 01:22:45
1958457675193833900,11,4,7,11,1,1768976379,2026-01-21 01:22:45
a37bd0e0-d1e9-4302-9ff7-286e415aff1c,17,9,8,0,1,1768976381,2026-01-21 01:22:45
956de8aa-9e06-4efb-8eb0-35fe9b274a48,17,17,0,1,1,1768976380,2026-01-21 01:22:45
c29c9178-bcb1-4c0c-b789-f4a89512a4e4,2,0,2,17,1,1768976381,2026-01-21 01:22:45
852218fc-5e5b-4153-bc3f-03760b57e68a,4,0,4,17,1,1768976382,2026-01-21 01:22:45
66ddef96-0aca-11e7-82f6-3863bb44ef7c,37,16,21,7,1,1768976382,2026-01-21 01:22:45
66dc9068-0aca-11e7-82f6-3863bb44ef7c,21,6,15,51,1,1768976382,2026-01-21 01:22:45
1834145468418707676,13,0,13,5,1,1768976384,2026-01-21 01:22:45
66dd266a-0aca-11e7-82f6-3863bb44ef7c,30,4,26,2,1,1768976385,2026-01-21 01:22:45
33c533cd-5f0e-4c15-a00a-6a2bf1e2d077,21,17,4,40,1,1768976385,2026-01-21 01:22:45
0eacb768-c7d5-4499-9182-9a1331d9280c,25,0,25,3,1,1768976378,2026-01-21 01:22:45
66de88d7-0aca-11e7-82f6-3863bb44ef7c,24,19,5,22,1,1768976368,2026-01-21 01:22:45
4a4c7548-2466-48ef-8d7e-0aa4d6acb69e,3,1,2,17,1,1768976375,2026-01-21 01:22:45
1814907062275537820,15,3,12,12,1,1768976375,2026-01-21 01:22:45
101c813e-02a8-4b6b-bd5d-981c1ea62019,3,3,0,18,1,1768976375,2026-01-21 01:22:45
2121032973750651666,3,0,3,10,1,1768976376,2026-01-21 01:22:45
fb180cce-96ee-4e66-b3ce-000f3db6e670,5,4,1,25,1,1768976376,2026-01-21 01:22:45
66de542a-0aca-11e7-82f6-3863bb44ef7c,41,2,39,3,1,1768976377,2026-01-21 01:22:45
6ae35aa8-644e-4b2c-b6a4-6570192f78ab,14,0,14,15,1,1768976375,2026-01-21 01:22:45
fac701fb-c433-496e-933b-ea137dbe7fe1,4,1,3,12,1,1768976376,2026-01-21 01:22:45
1828969726487003714,8,1,7,10,1,1768976376,2026-01-21 01:22:45
c37931bb-8571-4671-a9a8-f3cf23897680,50,28,22,42,1,1768976387,2026-01-21 01:22:45
d9bc0b3e-1af8-4cb6-a082-8ef1245ef329,7,3,4,17,1,1768976389,2026-01-21 01:22:45
1945126257666675246,9,4,5,12,1,1768976389,2026-01-21 01:22:45
1880643497376459348,0,0,0,25,0,1768903727,2026-01-21 01:22:45
1865017865553426604,8,0,8,9,1,1768976389,2026-01-21 01:22:45
1864605659096685518,0,0,0,17,1,1768976389,2026-01-21 01:22:45
62e2b1dd-ca52-4e1c-a112-1d8846b9d9b5,15,3,12,2,1,1768976387,2026-01-21 01:22:45
a1112e04-bc50-4782-b3d6-bb5902c0e8db,2,2,0,19,1,1768976387,2026-01-21 01:22:45
1893519215751496610,31,1,30,0,1,1768976388,2026-01-21 01:22:45
1a083890-e22b-4f81-8d98-567784034916,20,2,18,3,1,1768976388,2026-01-21 01:22:45
1817432233006383832,20,1,19,2,1,1768976385,2026-01-21 01:22:45
1871972060496771504,2,2,0,15,1,1768976386,2026-01-21 01:22:45
5d994b32-b7a5-450d-9bbb-93bf3b03e6d5,0,0,0,17,1,1768976386,2026-01-21 01:22:45
1849009534951225816,5,1,4,11,1,1768976386,2026-01-21 01:22:45
50575cba-95ac-4134-9da1-3eec8253afc4,5,2,3,31,1,1768976390,2026-01-21 01:22:45
1786697528321024934,38,6,32,2,1,1768976392,2026-01-21 01:22:45
1876864480506022446,16,0,16,5,1,1768976392,2026-01-21 01:22:45
0197e9da-ae03-40a7-8270-fe500bfc9e18,4,4,0,15,1,1768976392,2026-01-21 01:22:45
ffaa8f6a-a4ea-4d3a-a57c-f42f77cd4581,0,0,0,24,1,1768976392,2026-01-21 01:22:45
bd30f2a1-38ec-474d-9e36-07f688e87427,14,9,5,1,1,1768976392,2026-01-21 01:22:45
06f0d251-e1e3-435c-8c5f-9b991a14ca4a,6,5,1,19,1,1768976393,2026-01-21 01:22:45
bb6bba3f-19a0-4ebb-a454-4ac678d9d62d,15,13,2,5,1,1768976395,2026-01-21 01:22:45
5eac53d0-5510-441a-9dbb-76bd38acf4ef,1,0,1,15,1,1768976395,2026-01-21 01:22:45
1843486390605672640,4,1,3,21,1,1768976395,2026-01-21 01:22:45
ffef95fa-600b-4f08-b2ce-e8eb034ebfd8,16,16,0,15,1,1768976396,2026-01-21 01:22:45
66dcca0d-0aca-11e7-82f6-3863bb44ef7c,3,0,3,19,1,1768976395,2026-01-21 01:22:45
99142ec8-c0e7-47ca-916c-c1097d48e133,14,8,6,27,1,1768976394,2026-01-21 01:22:45
66db7a0d-0aca-11e7-82f6-3863bb44ef7c,44,21,23,7,1,1768976394,2026-01-21 01:22:45
66de3fde-0aca-11e7-82f6-3863bb44ef7c,3,1,2,20,1,1768976391,2026-01-21 01:22:45
1945125910957847430,3,1,2,16,1,1768976391,2026-01-21 01:22:45
17ba4945-b202-4667-965f-211d80622646,14,0,14,8,1,1768976391,2026-01-21 01:22:45
66dc9223-0aca-11e7-82f6-3863bb44ef7c,4,1,3,80,1,1768976396,2026-01-21 01:22:45
6ca15d94-897a-4c81-ab47-366829afb7c4,0,0,0,22,1,1768976392,2026-01-21 01:22:45
9e0b3452-ef6d-4e94-8c05-7bef199cdb74,8,4,4,12,1,1768976393,2026-01-21 01:22:45
d8e02e7b-632b-4fbe-95b9-80efa47473e3,3,3,0,17,1,1768976397,2026-01-21 01:22:45
18326827-dcae-47e0-8518-c4bb9e21eef6,28,0,28,3,1,1768976397,2026-01-21 01:22:45
d52d4171-fd60-4a28-b7e2-89f3693e0591,12,5,7,5,1,1768976398,2026-01-21 01:22:45
66dc1d0c-0aca-11e7-82f6-3863bb44ef7c,17,12,5,11,1,1768976397,2026-01-21 01:22:45
999865d2-0735-4e85-a9d4-00810231530e,7,2,5,14,1,1768976396,2026-01-21 01:22:45
fea72f55-d296-47af-9446-149688dcccbd,1,1,0,14,1,1768976401,2026-01-21 01:22:45
b319c797-71ff-490c-b965-ba2ac0f50da0,4,3,1,13,1,1768976401,2026-01-21 01:22:45
65a1b09d-560d-46bf-8f5d-7f59471a587e,2,1,1,19,1,1768976398,2026-01-21 01:22:45
1813395029173762108,41,41,0,0,1,1768976399,2026-01-21 01:22:45
2436e886-dc53-47cb-8733-d663f9dcd922,3,2,1,21,1,1768976400,2026-01-21 01:22:45
a6a132f9-89bf-42a4-afe6-1ca449b7f570,7,6,1,11,1,1768976399,2026-01-21 01:22:45
66de110b-0aca-11e7-82f6-3863bb44ef7c,22,4,18,16,1,1768976400,2026-01-21 01:22:45
1815967674683118258,21,0,21,2,1,1768976400,2026-01-21 01:22:45
1854538793462575652,10,0,10,8,1,1768976396,2026-01-21 01:22:45
66db3ba0-0aca-11e7-82f6-3863bb44ef7c,50,42,8,20,1,1768976401,2026-01-21 01:22:45
e666a344-1afb-4512-b2e9-2fc5ed71be2b,0,0,0,23,1,1768976403,2026-01-21 01:22:45
7a15d81b-357e-42e0-b208-93ffd562fd63,1,0,1,24,1,1768976403,2026-01-21 01:22:45
1862759079900600428,1,0,1,17,1,1768976403,2026-01-21 01:22:45
bc512527-7863-48d5-aea8-3de470abc1ee,7,4,3,11,1,1768976403,2026-01-21 01:22:45
66dcbf69-0aca-11e7-82f6-3863bb44ef7c,8,5,3,10,1,1768976404,2026-01-21 01:22:45
b7c6ce96-a24d-4c1e-93ee-6f49c1adf119,3,1,2,12,1,1768976404,2026-01-21 01:22:45
d7f55e1b-12db-49d1-9cd8-4fb464745841,11,1,10,14,1,1768976406,2026-01-21 01:22:45
b7d7543b-74ac-4a48-a3c4-412f9ffbc727,11,0,11,13,1,1768976406,2026-01-21 01:22:45
e982e1cb-7e7b-4769-85b8-565925200654,6,0,6,18,1,1768976406,2026-01-21 01:22:45
66dd4ac1-0aca-11e7-82f6-3863bb44ef7c,9,8,1,28,1,1768976405,2026-01-21 01:22:45
66db8ca4-0aca-11e7-82f6-3863bb44ef7c,45,24,21,14,1,1768976405,2026-01-21 01:22:45
39f756c2-3904-463e-95a8-8d8e3540e845,50,24,26,16,1,1768976403,2026-01-21 01:22:45
e6f3c665-0c87-4f34-a5e8-69baeed7b7bf,7,2,5,13,1,1768976404,2026-01-21 01:22:45
1860188069348460678,22,3,19,0,1,1768976406,2026-01-21 01:22:45
77463580-6421-403d-b170-f2660c216175,2,2,0,21,1,1768976406,2026-01-21 01:22:45
d946ce73-5487-4ab7-b429-cf873e9af5b5,11,2,9,8,1,1768976410,2026-01-21 01:22:45
66de103b-0aca-11e7-82f6-3863bb44ef7c,15,8,7,5,1,1768976410,2026-01-21 01:22:45
efa2a82f-eb4a-4b82-a602-6c42cb984101,4,2,2,13,1,1768976410,2026-01-21 01:22:45
d08be53f-9691-4d6f-81f3-7d052abb7dd6,4,2,2,14,1,1768976410,2026-01-21 01:22:45
1934770108420609000,1,0,1,16,1,1768976410,2026-01-21 01:22:45
66de269c-0aca-11e7-82f6-3863bb44ef7c,12,7,5,20,1,1768976411,2026-01-21 01:22:45
1820420224296772166,15,7,8,8,1,1768976411,2026-01-21 01:22:45
1908785111291682996,5,2,3,13,1,1768976411,2026-01-21 01:22:45
16a4effc-282e-4053-b47b-31f734d50c08,15,2,13,7,1,1768976410,2026-01-21 01:22:45
1880643915885220532,4,4,0,26,1,1768976411,2026-01-21 01:22:45
66dc8bfd-0aca-11e7-82f6-3863bb44ef7c,24,12,12,26,1,1768976410,2026-01-21 01:22:45
1819720453019329398,3,0,3,18,1,1768976410,2026-01-21 01:22:45
eb8fcff2-6f58-4724-b564-ebc9a8d374d8,17,1,16,1,1,1768976409,2026-01-21 01:22:45
66dd4f31-0aca-11e7-82f6-3863bb44ef7c,12,10,2,22,1,1768976411,2026-01-21 01:22:45
01b7973e-c92e-4fbe-890e-2c24de33ce0e,11,2,9,7,1,1768976412,2026-01-21 01:22:45
66dc24b8-0aca-11e7-82f6-3863bb44ef7c,39,4,35,30,1,1768976412,2026-01-21 01:22:45
1846086463217404850,23,8,15,1,1,1768976407,2026-01-21 01:22:45
e4980fd0-e540-40ca-acba-c2a74f3294fc,3,3,0,20,1,1768976407,2026-01-21 01:22:45
55146e49-9bc4-4f13-bdf7-25422342b638,1,1,0,16,1,1768976407,2026-01-21 01:22:45
4543214c-c9d4-4f20-9cd9-dd05cc365931,40,32,8,5,1,1768976407,2026-01-21 01:22:45
22e38a04-e70d-4484-bbf3-f6e8c64fdbd4,5,4,1,18,1,1768976407,2026-01-21 01:22:45
1815968422007427668,8,2,6,11,1,1768976407,2026-01-21 01:22:45
1835247469495105628,3,0,3,18,1,1768976407,2026-01-21 01:22:45
79399e32-a6c6-4732-8ad4-9f9140a86b21,19,14,5,1,1,1768976411,2026-01-21 01:22:45
66dd20eb-0aca-11e7-82f6-3863bb44ef7c,34,26,8,0,1,1768976415,2026-01-21 01:22:45
2126579619522812246,11,4,7,2,1,1768976415,2026-01-21 01:22:45
8f72fe26-98aa-4e87-a612-9ae0eb1d9a38,19,2,17,1,1,1768976416,2026-01-21 01:22:45
b930dd82-92d0-4d86-b896-7d8b827c2d5f,1,0,1,16,1,1768976412,2026-01-21 01:22:45
36025f2c-ee4d-4c1a-832d-733cf37f98ef,4,3,1,26,1,1768976413,2026-01-21 01:22:45
66dd18dd-0aca-11e7-82f6-3863bb44ef7c,12,5,7,12,1,1768976413,2026-01-21 01:22:45
f882ccc8-45aa-426b-aef6-514fe1d3d9cc,11,6,5,18,1,1768976413,2026-01-21 01:22:45
330ee4e3-29cb-48e5-845f-a8ccf1aa2ce6,2,0,2,24,1,1768976413,2026-01-21 01:22:45
c02864f0-2611-440b-98f4-45fddfd545fe,20,2,18,3,1,1768976415,2026-01-21 01:22:45
66db269c-0aca-11e7-82f6-3863bb44ef7c,19,19,0,11,1,1768976415,2026-01-21 01:22:45
6908ae75-b9a1-4f20-b192-95dc43e858a8,7,2,5,9,1,1768976415,2026-01-21 01:22:45
5f968a1b-ee60-43a0-ad25-05211e09e436,9,4,5,11,1,1768976413,2026-01-21 01:22:45
66dce4fc-0aca-11e7-82f6-3863bb44ef7c,7,2,5,18,1,1768976413,2026-01-21 01:22:45
2010065065442370322,0,0,0,23,1,1768976414,2026-01-21 01:22:45
1814900752968579218,12,0,12,9,1,1768976417,2026-01-21 01:22:45
48e7e465-f861-452a-9bf7-7eacd0b2bcac,19,0,19,0,1,1768976417,2026-01-21 01:22:45
1975559886658995034,0,0,0,24,1,1768976417,2026-01-21 01:22:45
1877653505745721834,4,3,1,15,1,1768976416,2026-01-21 01:22:45
c4d6b123-df5a-446d-b0ae-d3c4846565d5,9,6,3,15,1,1768976416,2026-01-21 01:22:45
1861680889400379678,15,12,3,3,1,1768976412,2026-01-21 01:22:45
f3b359e2-7983-4aaf-b6b0-e3b7d30816a4,18,4,14,1,1,1768976414,2026-01-21 01:22:45
66db33fc-0aca-11e7-82f6-3863bb44ef7c,27,19,8,40,1,1768976413,2026-01-21 01:22:45
52e81f02-b1f9-45d6-9e5c-e15277de1268,5,3,2,18,1,1768976422,2026-01-21 01:22:45
760ebaea-f7c7-45ad-aa3b-395d97adcf8f,8,1,7,14,1,1768976422,2026-01-21 01:22:45
1786375597504305174,28,3,25,12,1,1768976422,2026-01-21 01:22:45
66dd455e-0aca-11e7-82f6-3863bb44ef7c,32,31,1,5,1,1768976422,2026-01-21 01:22:45
1828965887815635862,3,1,2,18,1,1768976422,2026-01-21 01:22:45
66ddea2a-0aca-11e7-82f6-3863bb44ef7c,54,18,36,18,1,1768976422,2026-01-21 01:22:45
66dcccfe-0aca-11e7-82f6-3863bb44ef7c,3,0,3,13,1,1768976422,2026-01-21 01:22:45
2142879839954225698,4,1,3,12,1,1768976423,2026-01-21 01:22:45
66db79a3-0aca-11e7-82f6-3863bb44ef7c,40,35,5,8,1,1768976417,2026-01-21 01:22:45
c042a307-2d7d-4ee9-95b7-a7505a3428c2,16,10,6,19,1,1768976418,2026-01-21 01:22:45
e72f0aec-2293-4636-988c-b9d30df092f8,34,29,5,5,1,1768976418,2026-01-21 01:22:45
5f2766b0-362e-49e5-ab09-05e2c4b6f626,0,0,0,18,1,1768976418,2026-01-21 01:22:45
8ef6ec7d-e898-4edc-8f3f-af888f8c5ef4,4,0,4,17,1,1768976421,2026-01-21 01:22:45
35b8b636-18d3-4860-b0a9-39c0bce96a10,12,1,11,15,1,1768976421,2026-01-21 01:22:45
1882735457106787122,18,11,7,7,1,1768976421,2026-01-21 01:22:45
c45aa693-fedd-478f-ade9-bf176c4e32ff,7,1,6,12,1,1768976421,2026-01-21 01:22:45
66dc1e55-0aca-11e7-82f6-3863bb44ef7c,10,5,5,52,1,1768976419,2026-01-21 01:22:45
b9deb521-41b6-4f8a-ac78-0e58e3977f2c,11,0,11,13,1,1768976419,2026-01-21 01:22:45
1845677022981917240,13,1,12,4,1,1768976419,2026-01-21 01:22:45
ecbfcdb7-fffc-4d45-bed2-1510fd45834d,9,3,6,9,1,1768976420,2026-01-21 01:22:45
d1c204d7-d575-417d-b134-6ebdf7e99f98,12,11,1,9,1,1768976420,2026-01-21 01:22:45
1851674088959433552,5,1,4,16,1,1768976422,2026-01-21 01:22:45
1848241425697670086,33,10,23,3,1,1768976427,2026-01-21 01:22:45
a70b26b7-fbad-4787-bf15-29f7b13a19ab,4,1,3,16,1,1768976427,2026-01-21 01:22:45
1841926579628419438,3,2,1,14,1,1768976423,2026-01-21 01:22:45
64de0666-b9ab-404e-a16b-03e449bb5b4d,5,5,0,13,1,1768976423,2026-01-21 01:22:45
1854537815365165328,0,0,0,19,1,1768976423,2026-01-21 01:22:45
1820420022433309054,24,10,14,0,1,1768976425,2026-01-21 01:22:45
2124426189188761638,13,13,0,1,1,1768976426,2026-01-21 01:22:45
1947001743402778700,4,1,3,17,1,1768976424,2026-01-21 01:22:45
66db2e3a-0aca-11e7-82f6-3863bb44ef7c,50,42,8,0,1,1768976424,2026-01-21 01:22:45
b30815c0-99b6-451b-be15-902992cb8abb,49,46,3,8,1,1768976424,2026-01-21 01:22:45
14f928c6-9a51-40a2-b7e6-a74e8b351dbf,11,3,8,10,1,1768976424,2026-01-21 01:22:45
66dc90d5-0aca-11e7-82f6-3863bb44ef7c,35,25,10,0,1,1768976427,2026-01-21 01:22:45
1786696564295760054,9,6,3,17,1,1768976428,2026-01-21 01:22:45
66db631c-0aca-11e7-82f6-3863bb44ef7c,60,45,15,14,1,1768976428,2026-01-21 01:22:45
aa0e6301-4162-428d-8943-7b684089b0d1,5,0,5,13,1,1768976426,2026-01-21 01:22:45
b7df61c0-8ead-46cb-9d6e-a6a3011ffb71,6,1,5,19,1,1768976428,2026-01-21 01:22:45
1856847127505992556,0,0,0,0,0,1768976428,2026-01-21 01:22:45
514afe43-84d4-4941-8281-75a93c5cd365,6,2,4,10,1,1768976428,2026-01-21 01:22:45
66dcf023-0aca-11e7-82f6-3863bb44ef7c,14,7,7,5,1,1768976428,2026-01-21 01:22:45
4168e5a4-c7ec-4045-bfc8-84ac5edbe845,35,25,10,9,1,1768976428,2026-01-21 01:22:45
e6b6c6e2-5fcb-47cd-8f2d-4324b7c977c8,4,3,1,15,1,1768976430,2026-01-21 01:22:45
66de1c33-0aca-11e7-82f6-3863bb44ef7c,28,21,7,20,1,1768976431,2026-01-21 01:22:45
31f340f3-3201-449e-b017-a26813aa448f,3,2,1,15,1,1768976431,2026-01-21 01:22:45
1838070626762830158,8,3,5,12,1,1768976432,2026-01-21 01:22:45
66dd23a9-0aca-11e7-82f6-3863bb44ef7c,12,10,2,15,1,1768976431,2026-01-21 01:22:45
e6c2a46e-431a-4101-af84-870f660ff4cb,7,7,0,61,1,1768976429,2026-01-21 01:22:45
324af152-33ea-48a7-8bb0-ad8b6f31571f,37,6,31,8,1,1768976429,2026-01-21 01:22:45
7f1b4c40-d9fa-4182-be0e-a993655cfb6f,19,11,8,3,1,1768976430,2026-01-21 01:22:45
7f6674c4-5568-4766-b172-0385348ae184,3,3,0,17,1,1768976430,2026-01-21 01:22:45
66dcf640-0aca-11e7-82f6-3863bb44ef7c,21,6,15,4,1,1768976432,2026-01-21 01:22:45
c8060816-b4aa-4fd9-bc66-af28bf61dc87,1,1,0,20,1,1768976433,2026-01-21 01:22:45
1848241963446241866,16,9,7,1,1,1768976433,2026-01-21 01:22:45
bb07a569-cc74-439e-b424-916c0304f136,14,13,1,14,1,1768976433,2026-01-21 01:22:45
40914c6b-293d-49ac-b83a-d9d4af998aea,8,5,3,10,1,1768976432,2026-01-21 01:22:45
cd72b9da-b7c6-4785-92b5-0fb2130f0d7b,0,0,0,22,1,1768976432,2026-01-21 01:22:45
66dbca0f-0aca-11e7-82f6-3863bb44ef7c,46,34,12,10,1,1768976432,2026-01-21 01:22:45
2121032507515216178,8,2,6,2,1,1768976372,2026-01-21 01:22:45
bb0ce308-e5d9-48c7-9f4b-cf0120f2c39a,0,0,0,23,1,1768976431,2026-01-21 01:22:45
2123939077451327830,3,0,3,7,1,1768976432,2026-01-21 01:22:45
1860188607062574024,2,0,2,16,1,1768976431,2026-01-21 01:22:45
7cb65297-c880-459a-b054-4e059576c02a,3,2,1,16,1,1768976431,2026-01-21 01:22:45
0927e331-866f-4d99-99b4-04edde99117a,18,7,11,21,1,1768976433,2026-01-21 01:22:45
daefc84c-1b16-4220-8e1f-10ea4866fdc7,56,52,4,48,1,1768976437,2026-01-21 01:22:45
7a771842-c090-4da1-8c13-72b7f4f50a87,16,0,16,17,1,1768976437,2026-01-21 01:22:45
66dc8768-0aca-11e7-82f6-3863bb44ef7c,24,11,13,16,1,1768976437,2026-01-21 01:22:45
2126623199408050430,10,2,8,6,1,1768976437,2026-01-21 01:22:45
2142879485385917038,15,13,2,15,1,1768976437,2026-01-21 01:22:45
01839a78-f228-4706-8f7f-147b857492f2,2,1,1,16,1,1768976437,2026-01-21 01:22:45
d837d1b0-8f80-4f6c-ae45-5dd0deec6977,21,4,17,1,1,1768976438,2026-01-21 01:22:45
1828964993433043090,0,0,0,5,0,1768956955,2026-01-21 01:22:45
2009671276352543716,10,10,0,10,1,1768976436,2026-01-21 01:22:45
1849008925260421550,15,1,14,6,1,1768976436,2026-01-21 01:22:45
1838071090619298218,17,11,6,10,1,1768976436,2026-01-21 01:22:45
1786697166576476490,32,27,5,13,1,1768976437,2026-01-21 01:22:45
0e5be726-2452-42a0-9be8-ea85c8408e4c,9,5,4,12,1,1768976437,2026-01-21 01:22:45
1885718199416500650,10,2,8,13,1,1768976437,2026-01-21 01:22:45
66dc79e6-0aca-11e7-82f6-3863bb44ef7c,2,1,1,20,1,1768976435,2026-01-21 01:22:45
b47e5ffd-4215-4476-a89b-ebe52111f763,21,0,21,14,1,1768976435,2026-01-21 01:22:45
1869753340438110380,7,0,7,11,1,1768976435,2026-01-21 01:22:45
0cc38ba1-4625-4821-9a6f-e490525cbce2,5,4,1,14,1,1768976434,2026-01-21 01:22:45
2132211694027383298,16,9,7,0,1,1768976419,2026-01-21 01:22:45
66dc9143-0aca-11e7-82f6-3863bb44ef7c,13,6,7,22,1,1768976434,2026-01-21 01:22:45
f06c01c3-fd7f-443c-a0c7-fc9233d77f6a,2,2,0,19,1,1768976434,2026-01-21 01:22:45
2121032035614514006,11,0,11,1,1,1768976434,2026-01-21 01:22:45
66db3f62-0aca-11e7-82f6-3863bb44ef7c,23,3,20,32,1,1768976435,2026-01-21 01:22:45
a90e9ad3-4347-4fa4-b031-9bf1f69ce049,3,2,1,15,1,1768976443,2026-01-21 01:22:45
66dea52b-0aca-11e7-82f6-3863bb44ef7c,1,0,1,17,1,1768976443,2026-01-21 01:22:45
9ac5758f-0419-4e28-8387-6bcd28db17fa,10,1,9,8,1,1768976443,2026-01-21 01:22:45
66db6d40-0aca-11e7-82f6-3863bb44ef7c,54,43,11,10,1,1768976444,2026-01-21 01:22:45
52dd11f4-bbd0-49ab-912b-06fac40d275d,18,10,8,10,1,1768976444,2026-01-21 01:22:45
f72a253f-3cef-4da8-9591-0cbd3a692162,31,19,12,11,1,1768976444,2026-01-21 01:22:45
b9c209b2-6284-4f5a-a32a-680ef9da1c1f,0,0,0,18,1,1768976438,2026-01-21 01:22:45
66dd51e6-0aca-11e7-82f6-3863bb44ef7c,29,24,5,44,1,1768976438,2026-01-21 01:22:45
467e1de6-73a6-480f-9e83-fd1b03b71047,13,3,10,11,1,1768976438,2026-01-21 01:22:45
ea9a19a6-acea-4286-a723-b5481c90a3c0,24,2,22,1,1,1768976438,2026-01-21 01:22:45
ccaadb70-6c87-4ccc-9914-a3167bd1bc0e,6,3,3,24,1,1768976439,2026-01-21 01:22:45
3bf69f3e-23f6-4abe-b5fe-dabe6b0ea066,16,15,1,7,1,1768976438,2026-01-21 01:22:45
d11db4cd-f9bf-430b-ac19-104fef323b24,2,2,0,18,1,1768976439,2026-01-21 01:22:45
6a52ceae-3b97-487a-9438-de844bfbf1c2,9,4,5,10,1,1768976439,2026-01-21 01:22:45
94bcf812-5cff-460c-841f-54876ed1e7a4,0,0,0,18,1,1768976439,2026-01-21 01:22:45
40eaa69a-d3ab-48fc-b395-b5bdc6a1aa85,9,2,7,10,1,1768976440,2026-01-21 01:22:45
1835249317786962140,0,0,0,26,1,1768976440,2026-01-21 01:22:45
3f031133-ec95-4a92-9d63-2ae28183f498,18,17,1,1,1,1768976440,2026-01-21 01:22:45
1843486597735840252,17,3,14,5,1,1768976441,2026-01-21 01:22:45
db91c9e0-d80b-4cb4-9cc2-9453ec8fbeac,1,1,0,16,1,1768976440,2026-01-21 01:22:45
66de1368-0aca-11e7-82f6-3863bb44ef7c,38,14,24,0,1,1768976441,2026-01-21 01:22:45
2127386600787000162,1,1,0,22,1,1768976442,2026-01-21 01:22:45
1861683747231494964,4,3,1,12,1,1768976442,2026-01-21 01:22:45
3ff00115-e8da-4326-97d3-7bf4fe4df7a5,2,1,1,17,1,1768976442,2026-01-21 01:22:45
8a13182a-4823-4fe7-afcd-a4ef0b134ed9,4,2,2,12,1,1768976441,2026-01-21 01:22:45
9a37d8a1-990b-484c-9603-262dbd1165cc,6,2,4,12,1,1768976441,2026-01-21 01:22:45
1835247745828931742,1,0,1,18,1,1768976441,2026-01-21 01:22:45
1828967346753327602,7,1,6,11,1,1768976439,2026-01-21 01:22:45
3db2fa34-0b56-4644-9ae9-bbee1583e717,10,5,5,15,1,1768976440,2026-01-21 01:22:45
1198e739-787c-4ce4-aa63-ffaf98506e9c,4,0,4,58,1,1768976441,2026-01-21 01:22:45
66db479e-0aca-11e7-82f6-3863bb44ef7c,26,9,17,10,1,1768976442,2026-01-21 01:22:45
8f1fdf4b-ecca-4f03-b04c-e10fe596e2c7,19,15,4,7,1,1768976442,2026-01-21 01:22:45
1838685618105506490,0,0,0,18,1,1768976442,2026-01-21 01:22:45
2111353842893366258,0,0,0,31,1,1768976442,2026-01-21 01:22:45
1849009244468810224,16,1,15,3,1,1768976445,2026-01-21 01:22:45
2104278402820534724,23,6,17,16,1,1768976445,2026-01-21 01:22:45
48b19cc8-bf45-4602-89ac-a8c0a0560c43,17,7,10,2,1,1768976444,2026-01-21 01:22:45
4d674595-187c-417c-a691-676c4446c9fc,10,4,6,12,1,1768976445,2026-01-21 01:22:45
a23a40c3-6da5-4b0f-bb6b-8bfc01ec2261,8,1,7,10,1,1768976445,2026-01-21 01:22:45
46dca5c6-7bd3-4a4f-aa1e-33aa66652294,16,3,13,11,1,1768976445,2026-01-21 01:22:45
15e1568b-f502-47a2-9d3d-b5aaa1edc239,5,2,3,14,1,1768976445,2026-01-21 01:22:45
1833865926273309136,13,7,6,47,1,1768976445,2026-01-21 01:22:45
66db3708-0aca-11e7-82f6-3863bb44ef7c,17,2,15,21,1,1768976444,2026-01-21 01:22:45
f752c376-3a6f-4cd3-b9fd-3c049d45a9a6,3,1,2,15,1,1768976447,2026-01-21 01:22:45
66dc48ef-0aca-11e7-82f6-3863bb44ef7c,35,35,0,28,1,1768976447,2026-01-21 01:22:45
87091002-cc25-452a-b5d9-f8d0c3fce422,1,1,0,22,1,1768976447,2026-01-21 01:22:45
1864606193814670106,6,1,5,16,1,1768976447,2026-01-21 01:22:45
66dc82ef-0aca-11e7-82f6-3863bb44ef7c,25,23,2,36,1,1768976446,2026-01-21 01:22:45
66dc85bb-0aca-11e7-82f6-3863bb44ef7c,39,29,10,0,1,1768976447,2026-01-21 01:22:45
66de1bc3-0aca-11e7-82f6-3863bb44ef7c,12,2,10,45,1,1768976447,2026-01-21 01:22:45
7f3aa940-18ef-4900-89dc-cdb05f693f31,3,1,2,16,1,1768976447,2026-01-21 01:22:45
1202a491-9f76-4609-9b5c-eb7723ab5b45,12,4,8,6,1,1768976448,2026-01-21 01:22:45
29223935-a682-411c-9f25-577bbb9804fc,18,2,16,0,1,1768976448,2026-01-21 01:22:45
9991b75b-a9ba-4abc-bf84-0108291be05a,10,1,9,14,1,1768976449,2026-01-21 01:22:45
1814900898997467540,7,0,7,12,1,1768976449,2026-01-21 01:22:45
bde94a25-6089-4490-af3a-8cc5702230b8,88,71,17,11,1,1768976428,2026-01-21 01:22:45
55ccb271-7035-422e-bee1-20e84caa0217,36,0,36,11,1,1768976447,2026-01-21 01:22:45
66dc22a7-0aca-11e7-82f6-3863bb44ef7c,25,9,16,19,1,1768976447,2026-01-21 01:22:45
66db46d7-0aca-11e7-82f6-3863bb44ef7c,14,7,7,15,1,1768976447,2026-01-21 01:22:45
a76299eb-73f7-401c-aa8b-edff9ef003bd,32,14,18,9,1,1768976448,2026-01-21 01:22:45
2007842506069575758,17,2,15,3,1,1768976448,2026-01-21 01:22:45
2cd651e7-1e3a-4cd9-8fd1-a2416e032f6e,2,2,0,21,1,1768976448,2026-01-21 01:22:45
785b3e6b-dab5-4d25-afab-e2a1ef918669,10,2,8,14,1,1768976446,2026-01-21 01:22:45
c9cd8c29-7f0b-4979-9a0e-bec4613d2600,0,0,0,19,1,1768976446,2026-01-21 01:22:45
2121032193446634360,3,1,2,8,1,1768976446,2026-01-21 01:22:45
1843486189591985058,0,0,0,22,1,1768976446,2026-01-21 01:22:45
77b21502-a7a2-40b4-8f3e-f9c6c6ef0939,11,1,10,14,1,1768976445,2026-01-21 01:22:45
b64eb0a5-d6d4-4f45-8c9a-e2d004819c99,8,3,5,10,1,1768976445,2026-01-21 01:22:45
b03adb87-2bd9-43a5-a822-7d06a9ee2d81,23,0,23,6,1,1768976445,2026-01-21 01:22:45
66dd4bf7-0aca-11e7-82f6-3863bb44ef7c,15,11,4,27,1,1768976450,2026-01-21 01:22:45
2121033322026834516,10,0,10,3,1,1768976388,2026-01-21 01:22:45
66de4f9c-0aca-11e7-82f6-3863bb44ef7c,23,1,22,6,1,1768976450,2026-01-21 01:22:45
2124037656159914878,5,3,2,6,1,1768976451,2026-01-21 01:22:45
66dbcdfc-0aca-11e7-82f6-3863bb44ef7c,1,0,1,54,1,1768976448,2026-01-21 01:22:45
189f573b-a2d0-40d2-af15-83c5015d93e2,6,6,0,17,1,1768976448,2026-01-21 01:22:45
1817431953833509324,10,3,7,11,1,1768976451,2026-01-21 01:22:45
03872f6b-a522-4c41-a4f2-5d0c41779e7b,0,0,0,19,1,1768976451,2026-01-21 01:22:45
0ebdda6a-37e4-4ff4-94e8-3947f49d8e24,3,1,2,19,1,1768976451,2026-01-21 01:22:45
17aba164-9d41-4336-9767-2218b8994ded,14,3,11,8,1,1768976451,2026-01-21 01:22:45
66de0bcb-0aca-11e7-82f6-3863bb44ef7c,15,11,4,40,1,1768976452,2026-01-21 01:22:45
dadd2084-d844-46f5-b7a4-128d31eeba8e,0,0,0,18,1,1768976451,2026-01-21 01:22:45
f54ad1f8-fe58-49ac-82ae-b742aec66829,49,40,9,27,1,1768976452,2026-01-21 01:22:45
1843486667668726558,22,2,20,2,1,1768976452,2026-01-21 01:22:45
923a60f7-2a0e-4a31-8dd5-66c8518c929e,7,2,5,12,1,1768976452,2026-01-21 01:22:45
cc7b86cf-a2fb-4738-b967-de7b197dc930,0,0,0,40,1,1768976452,2026-01-21 01:22:45
94771406-6712-4508-9392-11e9d90e1185,17,12,5,0,1,1768976452,2026-01-21 01:22:45
81a34754-ae08-47a6-964d-4733849a8fab,3,1,2,25,1,1768976453,2026-01-21 01:22:45
66dd2786-0aca-11e7-82f6-3863bb44ef7c,20,6,14,5,1,1768976452,2026-01-21 01:22:45
145bbc0d-8976-45ae-9565-158ba564d3d1,21,6,15,4,1,1768976452,2026-01-21 01:22:45
1860187430946456420,1,0,1,17,1,1768976453,2026-01-21 01:22:45
2868db5b-df51-4c36-8515-ef77a5b092c2,16,0,16,0,1,1768976453,2026-01-21 01:22:45
66db6889-0aca-11e7-82f6-3863bb44ef7c,5,5,0,26,1,1768976453,2026-01-21 01:22:45
66dde3b1-0aca-11e7-82f6-3863bb44ef7c,17,7,10,16,1,1768976453,2026-01-21 01:22:45
e1a3f2f9-618f-4727-b2d6-676e02aadf17,12,3,9,6,1,1768976454,2026-01-21 01:22:45
81640d04-c36a-4fb1-98b0-85be10be516c,7,0,7,13,1,1768976453,2026-01-21 01:22:45
c530a1cb-7c60-4651-be8a-9bfa5eb43f8a,28,20,8,6,1,1768976454,2026-01-21 01:22:45
1814906873296976512,7,1,6,13,1,1768976454,2026-01-21 01:22:45
66db65aa-0aca-11e7-82f6-3863bb44ef7c,71,36,35,26,1,1768976454,2026-01-21 01:22:45
bf317efc-13f1-42be-8243-373a29354033,4,1,3,21,1,1768976455,2026-01-21 01:22:45
1851254360969534132,7,5,2,17,1,1768976455,2026-01-21 01:22:45
fec4aa1b-9fc1-4dd9-ab39-c1d7370a6e54,7,1,6,14,1,1768976454,2026-01-21 01:22:45
1860189190334925058,3,0,3,18,1,1768976454,2026-01-21 01:22:45
0cde9bcd-0dcb-45dc-9c9a-3e5485b5452e,0,0,0,17,1,1768976454,2026-01-21 01:22:45
1898455214498195676,3,2,1,16,1,1768976455,2026-01-21 01:22:45
2121032708855884414,7,3,4,8,1,1768976455,2026-01-21 01:22:45
1786699974232881542,6,1,5,14,1,1768976455,2026-01-21 01:22:45
2b33334b-243c-4a16-a6d2-32304c8884f1,2,2,0,18,1,1768976455,2026-01-21 01:22:45
1815967051912860522,23,0,23,6,1,1768976455,2026-01-21 01:22:45
3299ff79-36aa-42ef-b7f1-c40e95c8f570,19,0,19,24,1,1768976455,2026-01-21 01:22:45
753591ba-36f7-4ded-ab7d-40df9994a05f,11,6,5,12,1,1768976455,2026-01-21 01:22:45
66ddbd20-0aca-11e7-82f6-3863bb44ef7c,92,71,21,1,1,1768976456,2026-01-21 01:22:45
1804894168423871442,22,10,12,3,1,1768976456,2026-01-21 01:22:45
e2fc6d90-8deb-4e21-961d-9d5208c1f986,18,16,2,11,1,1768976456,2026-01-21 01:22:45
d0b87aa7-7e19-40d2-8f7d-6a622e6ac391,4,1,3,19,1,1768976456,2026-01-21 01:22:45
1877920686883352866,19,8,11,1,1,1768976457,2026-01-21 01:22:45
9d23b0e9-a478-407c-a0e0-0aff1b0398fc,1,1,0,20,1,1768976457,2026-01-21 01:22:45
2123939659270367896,8,3,5,7,1,1768976457,2026-01-21 01:22:45
66dc864c-0aca-11e7-82f6-3863bb44ef7c,24,19,5,5,1,1768976457,2026-01-21 01:22:45
66dd3fc3-0aca-11e7-82f6-3863bb44ef7c,22,17,5,19,1,1768976457,2026-01-21 01:22:45
ed5c92f1-3293-4385-9e2b-9b716a096a19,12,12,0,47,1,1768976457,2026-01-21 01:22:45
66dc481a-0aca-11e7-82f6-3863bb44ef7c,68,37,31,0,1,1768976458,2026-01-21 01:22:45
66dc7659-0aca-11e7-82f6-3863bb44ef7c,85,62,23,32,1,1768976458,2026-01-21 01:22:45
8f672aa7-08a1-4fe2-a471-06f219c0eb1b,1,1,0,14,1,1768976458,2026-01-21 01:22:45
1906951766876655628,2,0,2,26,1,1768976458,2026-01-21 01:22:45
c7ffe3fa-9cd6-4d35-9060-7d5822381442,40,29,11,34,1,1768976458,2026-01-21 01:22:45
5f7ac86c-1a98-4603-8749-4bb83ac84acd,21,18,3,31,1,1768976458,2026-01-21 01:22:45
dc8223ad-4108-40a8-9ff5-35e8490b4077,0,0,0,0,0,86400,2026-01-21 01:22:45
1815968147129520346,0,0,0,0,0,86400,2026-01-21 01:22:45
2004153375425087884,0,0,0,0,0,86400,2026-01-21 01:22:45
1861683496445528180,0,0,0,0,0,86400,2026-01-21 01:22:45
66dc7a7d-0aca-11e7-82f6-3863bb44ef7c,0,0,0,0,0,1760532172,2026-01-21 01:22:45
2171902770580328596,0,0,0,0,0,86400,2026-01-21 01:22:45
2171902875345687974,0,0,0,0,0,86400,2026-01-21 01:22:45
2171904090179944948,0,0,0,0,0,86400,2026-01-21 01:22:45
66db473c-0aca-11e7-82f6-3863bb44ef7c,0,0,0,3,0,1768246235,2026-01-21 01:22:45
7bdd60e9-c0fd-40f6-aa9a-d5fa004d4fe3,9,3,6,10,1,1768976281,2026-01-21 01:22:45
66db3273-0aca-11e7-82f6-3863bb44ef7c,47,42,5,3,1,1768976338,2026-01-21 01:22:45
66db7a71-0aca-11e7-82f6-3863bb44ef7c,4,4,0,35,1,1768976338,2026-01-21 01:22:45
66dd1585-0aca-11e7-82f6-3863bb44ef7c,39,4,35,0,1,1768976338,2026-01-21 01:22:45
2126274308236524392,3,1,2,8,1,1768976339,2026-01-21 01:22:45
1860188907884823208,2,2,0,18,1,1768976340,2026-01-21 01:22:45
dc34ba4c-d8e5-4674-a02e-210c950c05c1,11,9,2,13,1,1768976346,2026-01-21 01:22:45
1836581534415880440,5,2,3,21,1,1768976348,2026-01-21 01:22:45
1e3a16ff-65ba-4d34-b3c6-37aff44e085a,13,8,5,26,1,1768976350,2026-01-21 01:22:45
1828969515711812276,21,16,5,1,1,1768976350,2026-01-21 01:22:45
550153a5-2ea1-4c76-b1cd-77667005f55d,20,8,12,7,1,1768976350,2026-01-21 01:22:45
5780ae63-54e5-48e3-a00c-9c403cb75401,7,2,5,14,1,1768976349,2026-01-21 01:22:45
a1acdab2-29c7-4956-8b2e-24b39dc2ff13,26,15,11,29,1,1768976349,2026-01-21 01:22:45
6a9b19e3-cd69-4e0c-9b28-1889db936c7c,6,5,1,13,1,1768976349,2026-01-21 01:22:45
9c147c77-11da-4d0b-8a21-a8042ec8031b,7,2,5,11,1,1768976345,2026-01-21 01:22:45
afc79a38-e26d-48f7-94e4-d0aca8fd1c49,1,0,1,15,1,1768976345,2026-01-21 01:22:45
66dc76cd-0aca-11e7-82f6-3863bb44ef7c,32,18,14,1,1,1768976344,2026-01-21 01:22:45
1860188194745712748,14,1,13,8,1,1768976340,2026-01-21 01:22:45
1893622839585237496,36,22,14,36,1,1768976341,2026-01-21 01:22:45
1e6c5d0c-f406-4b60-88f6-6284a38d3930,3,3,0,16,1,1768976341,2026-01-21 01:22:45
66de5095-0aca-11e7-82f6-3863bb44ef7c,7,0,7,12,1,1768976341,2026-01-21 01:22:45
7603028c-8b04-4918-8a25-a087ce57aea4,4,0,4,26,1,1768976341,2026-01-21 01:22:45
5dc8ddac-979e-4ae5-b879-3670cca7482d,6,0,6,14,1,1768976340,2026-01-21 01:22:45
66dde914-0aca-11e7-82f6-3863bb44ef7c,32,19,13,3,1,1768976353,2026-01-21 01:22:45
23bc4d9b-1ec2-45fb-9228-e41517346b24,17,8,9,1,1,1768976353,2026-01-21 01:22:45
1057229c-f8f8-4014-80cd-f40421c61cf0,0,0,0,17,1,1768976354,2026-01-21 01:22:45
62089e99-7f73-4f59-816d-57f9793484a1,17,11,6,4,1,1768976352,2026-01-21 01:22:45
85b77b8d-32b8-4049-a407-64319916e2c5,1,1,0,17,1,1768976354,2026-01-21 01:22:45
66db4671-0aca-11e7-82f6-3863bb44ef7c,17,14,3,29,1,1768976354,2026-01-21 01:22:45
c3d5f47f-cfc3-4c1f-86bb-bcf770d2949b,9,2,7,16,1,1768976352,2026-01-21 01:22:45
1828969112306680612,2,1,1,16,1,1768976352,2026-01-21 01:22:45
66ddeffd-0aca-11e7-82f6-3863bb44ef7c,8,7,1,9,1,1768976352,2026-01-21 01:22:45
45865207-8700-4ef2-99ed-b08889ef0250,10,4,6,9,1,1768976352,2026-01-21 01:22:45
59ad8f95-32a4-43de-b1c3-79c667b2d2df,6,1,5,21,1,1768976353,2026-01-21 01:22:45
e8a6c13b-1f6e-4e6b-bdf8-9b0e597e4a62,11,8,3,24,1,1768976355,2026-01-21 01:22:45
122111c9-9a61-4372-a756-fb2495611cb6,5,3,2,13,1,1768976355,2026-01-21 01:22:45
3863f086-ae35-4d0e-8c91-2b6e3e5827a1,14,1,13,22,1,1768976357,2026-01-21 01:22:45
bfbd1f09-afd2-49d2-8674-3a07b3c929a4,16,5,11,5,1,1768976357,2026-01-21 01:22:45
04d557d6-6bc3-4244-b0f1-81ed1449ccd6,8,6,2,10,1,1768976357,2026-01-21 01:22:45
1828967027013302842,7,0,7,11,1,1768976358,2026-01-21 01:22:45
66db7637-0aca-11e7-82f6-3863bb44ef7c,16,7,9,27,1,1768976358,2026-01-21 01:22:45
66dd448f-0aca-11e7-82f6-3863bb44ef7c,38,38,0,4,1,1768976358,2026-01-21 01:22:45
66de5ace-0aca-11e7-82f6-3863bb44ef7c,8,4,4,12,1,1768976359,2026-01-21 01:22:45
66de099d-0aca-11e7-82f6-3863bb44ef7c,10,6,4,28,1,1768976359,2026-01-21 01:22:45
d5d589e6-457f-4cd4-bf78-59165dce28b2,20,7,13,4,1,1768976360,2026-01-21 01:22:45
3c135a2e-eeea-4e81-9c0a-8d14a6049198,10,2,8,9,1,1768976360,2026-01-21 01:22:45
66db2afe-0aca-11e7-82f6-3863bb44ef7c,44,28,16,1,1,1768976360,2026-01-21 01:22:45
821b19c1-ab13-4482-9580-770288a377a7,3,0,3,38,1,1768976356,2026-01-21 01:22:45
b0239a13-649a-4d31-aa04-56b8aaeba4d4,2,0,2,16,1,1768976359,2026-01-21 01:22:45
66dce5c9-0aca-11e7-82f6-3863bb44ef7c,16,10,6,3,1,1768976356,2026-01-21 01:22:45
d33261e6-600e-4756-ad03-a9facbd8ace1,13,4,9,9,1,1768976360,2026-01-21 01:22:45
b94d0241-bce7-44a9-ab1c-ece0740a4134,16,10,6,0,1,1768976361,2026-01-21 01:22:45
1786696384892428996,12,10,2,8,1,1768976361,2026-01-21 01:22:45
1828966104320053340,11,1,10,7,1,1768976358,2026-01-21 01:22:45
d1138533-504c-4d29-b71c-299e1d31f159,19,0,19,17,1,1768976366,2026-01-21 01:22:45
cc834d78-6eca-450a-ae00-a5ffc6f1a7a6,15,0,15,0,1,1768976364,2026-01-21 01:22:45
e4645d0d-8b76-4c46-b2b9-be25592e0659,10,4,6,14,1,1768976364,2026-01-21 01:22:45
2143247416766638978,7,2,5,37,1,1768976365,2026-01-21 01:22:45
1861682444178541220,23,0,23,12,1,1768976365,2026-01-21 01:22:45
623c9658-5544-4254-847e-738763cf45a3,5,1,4,14,1,1768976365,2026-01-21 01:22:45
d7904cd0-4b1b-47d0-8103-937bcf5ff845,17,8,9,0,1,1768976362,2026-01-21 01:22:45
d6834194-029d-4e2d-83b0-ee78ab5acda2,10,1,9,8,1,1768976362,2026-01-21 01:22:45
66db5c14-0aca-11e7-82f6-3863bb44ef7c,27,20,7,0,1,1768976362,2026-01-21 01:22:45
66dcc047-0aca-11e7-82f6-3863bb44ef7c,12,6,6,10,1,1768976363,2026-01-21 01:22:45
1860187181307969634,18,0,18,2,1,1768976367,2026-01-21 01:22:45
2026068766494475116,31,24,7,3,1,1768976367,2026-01-21 01:22:45
fa14408f-6e88-4668-86ee-ce10ea707f36,55,15,40,12,1,1768976367,2026-01-21 01:22:45
b62bcd96-c2db-447c-bdd5-d3c18f174858,7,1,6,9,1,1768976369,2026-01-21 01:22:45
1838070776953752336,2,1,1,20,1,1768976369,2026-01-21 01:22:45
e5b2a7ce-d867-465b-8446-743e00617068,2,1,1,17,1,1768976369,2026-01-21 01:22:45
66dd41ef-0aca-11e7-82f6-3863bb44ef7c,30,27,3,10,1,1768976370,2026-01-21 01:22:45
8fa2fafb-fa07-48b2-b159-bffbea7176d4,3,3,0,16,1,1768976373,2026-01-21 01:22:45
1828968794479100296,8,2,6,9,1,1768976374,2026-01-21 01:22:45
66dde8ac-0aca-11e7-82f6-3863bb44ef7c,10,7,3,27,1,1768976373,2026-01-21 01:22:45
78b4aa30-e4e9-4447-9419-c89f8527892e,5,3,2,16,1,1768976374,2026-01-21 01:22:45
1d130e43-0408-4423-bb52-77a08372cefa,1,0,1,22,1,1768976371,2026-01-21 01:22:45
2743a950-3a1f-4a58-8fe0-f4105033e0e3,17,15,2,6,1,1768976371,2026-01-21 01:22:45
d47c856e-8cda-4da0-b8eb-1ccf0e6ef7ab,9,1,8,19,1,1768976370,2026-01-21 01:22:45
fda0c217-9504-4b26-8a25-e40b603ee5fa,2,2,0,14,1,1768976370,2026-01-21 01:22:45
0dc63044-e19c-474d-9df1-c3e504d03b07,31,16,15,14,1,1768976370,2026-01-21 01:22:45
344b52b0-73a9-4fe3-9132-23d0502dc0ae,4,1,3,14,1,1768976370,2026-01-21 01:22:45
4b67c6e0-d603-4fbc-afbe-0b8952f4f7af,7,0,7,28,1,1768976368,2026-01-21 01:22:45
1836581807397045112,1,1,0,23,1,1768976372,2026-01-21 01:22:45
1875672501601550456,0,0,0,18,1,1768976372,2026-01-21 01:22:45
1880644160834607498,18,11,7,4,1,1768976373,2026-01-21 01:22:45
1860190006584693708,7,4,3,12,1,1768976373,2026-01-21 01:22:45
47bcbcc1-9241-4e65-99f1-07c15543be1b,9,2,7,22,1,1768976368,2026-01-21 01:22:45
3c6c0d12-80dd-4c49-b7c5-e3549588b8cf,11,3,8,14,1,1768976375,2026-01-21 01:22:45
2123940148896639644,7,7,0,2,1,1768976369,2026-01-21 01:22:45
1840540966407039246,19,3,16,0,1,1768976375,2026-01-21 01:22:45
547cdccc-7864-4898-97c9-8798d924ef54,53,20,33,12,1,1768976376,2026-01-21 01:22:45
582cd775-0178-47f5-b707-6d5869f077ba,15,0,15,16,1,1768976377,2026-01-21 01:22:45
90c35466-db3c-4b0d-993e-6e92883773b4,57,31,26,13,1,1768976377,2026-01-21 01:22:45
94f77501-32e5-4539-90c6-82d4198f7991,12,9,3,9,1,1768976377,2026-01-21 01:22:45
d7d297fd-36dc-42f2-8e3b-24b1003be874,15,8,7,0,1,1768976377,2026-01-21 01:22:45
66dc2bc5-0aca-11e7-82f6-3863bb44ef7c,22,15,7,84,1,1768976379,2026-01-21 01:22:45
4034789e-b70d-4aae-bf18-3ed37a4d751f,16,5,11,3,1,1768976379,2026-01-21 01:22:45
66de08c9-0aca-11e7-82f6-3863bb44ef7c,14,1,13,6,1,1768976379,2026-01-21 01:22:45
45e8c326-b12d-4be6-b040-bb6de9986d25,17,8,9,3,1,1768976379,2026-01-21 01:22:45
c46a2889-258b-4fc5-a452-1d4e7dfe683a,2,2,0,15,1,1768976378,2026-01-21 01:22:45
8d097a6d-f17c-4195-9dd4-42527b371c71,11,10,1,51,1,1768976378,2026-01-21 01:22:45
66dbe848-0aca-11e7-82f6-3863bb44ef7c,101,74,27,17,1,1768976378,2026-01-21 01:22:45
bbaae5d3-7e2b-46a8-872e-152404c664f7,20,0,20,7,1,1768976378,2026-01-21 01:22:45
67f60e7e-397a-4e47-b7f9-d10bd67133b3,0,0,0,51,1,1768976378,2026-01-21 01:22:45
1846085927885781554,11,1,10,10,1,1768976379,2026-01-21 01:22:45
ecc52c52-e2d9-4e73-8f9c-18ad8e9b0606,13,5,8,8,1,1768976379,2026-01-21 01:22:45
66dbe8d6-0aca-11e7-82f6-3863bb44ef7c,28,26,2,24,1,1768976378,2026-01-21 01:22:45
db41cc62-86ea-4421-bfaf-9b6511cfee10,0,0,0,30,1,1768976385,2026-01-21 01:22:45
66dc2238-0aca-11e7-82f6-3863bb44ef7c,9,9,0,66,1,1768976380,2026-01-21 01:22:45
328d778a-7e71-4240-acae-b84f0fdaa5c5,0,0,0,25,1,1768976380,2026-01-21 01:22:45
be2bdee1-e3e9-45cc-94f0-2ba81a722ba3,15,10,5,3,1,1768976380,2026-01-21 01:22:45
42032bf9-4599-4035-bc01-c80bec1a7122,4,0,4,16,1,1768976380,2026-01-21 01:22:45
eb41a103-0196-4f19-a440-256167191a7d,2,2,0,16,1,1768976380,2026-01-21 01:22:45
a0eec052-257a-4c79-8171-6e2ad9864ad0,10,8,2,19,1,1768976383,2026-01-21 01:22:45
d3433b47-99a7-4b21-9fa7-d7052bb5c23b,2,1,1,13,1,1768976383,2026-01-21 01:22:45
625711ba-3b5d-46a7-a8f9-7f4eb17ec1be,6,2,4,18,1,1768976383,2026-01-21 01:22:45
cad68b8c-6d68-4c5f-88fe-b1aa3e40727a,13,1,12,8,1,1768976383,2026-01-21 01:22:45
668ef22c-4665-4f42-bf6a-ab9e8a2899b1,16,8,8,7,1,1768976383,2026-01-21 01:22:45
66db69d0-0aca-11e7-82f6-3863bb44ef7c,32,19,13,0,1,1768976381,2026-01-21 01:22:45
15cb007b-bfca-4ad7-bfc6-44bf3d36785a,27,1,26,0,1,1768976381,2026-01-21 01:22:45
44a80c48-c1a9-4ff1-92eb-6bf8be492f5e,10,8,2,11,1,1768976382,2026-01-21 01:22:45
2576805f-9732-4c74-8f1d-57715e8cdfa2,15,8,7,13,1,1768976382,2026-01-21 01:22:45
1848242216849312578,11,2,9,7,1,1768976383,2026-01-21 01:22:45
1796642668661690940,15,3,12,6,1,1768976382,2026-01-21 01:22:45
1893542109140147108,9,3,6,11,1,1768976381,2026-01-21 01:22:45
1846086665080867236,13,4,9,7,1,1768976381,2026-01-21 01:22:45
61647ec6-dfd6-4d1c-8800-d488d390c627,16,12,4,17,1,1768976387,2026-01-21 01:22:45
1834145330979754058,0,0,0,25,1,1768976387,2026-01-21 01:22:45
66db63f4-0aca-11e7-82f6-3863bb44ef7c,13,1,12,3,1,1768976387,2026-01-21 01:22:45
1b985e4b-88de-42a8-95be-dce37dbbc5c5,9,1,8,14,1,1768976388,2026-01-21 01:22:45
79c4a612-a5df-4814-9e6b-6305da61ebc4,16,0,16,2,1,1768976388,2026-01-21 01:22:45
66dc259a-0aca-11e7-82f6-3863bb44ef7c,9,8,1,73,1,1768976386,2026-01-21 01:22:45
1064b4b0-e9c8-4139-ac48-f118305dbe69,4,3,1,18,1,1768976387,2026-01-21 01:22:45
ca4e4962-2169-4559-8f60-b05ab7809750,12,4,8,18,1,1768976390,2026-01-21 01:22:45
0f536c08-dde3-40af-a66d-1fe1e7edecd2,4,0,4,16,1,1768976389,2026-01-21 01:22:45
66dc8f1f-0aca-11e7-82f6-3863bb44ef7c,35,18,17,17,1,1768976386,2026-01-21 01:22:45
f91170e6-a33c-4870-94da-9d51510515d2,1,0,1,16,1,1768976385,2026-01-21 01:22:45
66dd1846-0aca-11e7-82f6-3863bb44ef7c,36,9,27,9,1,1768976390,2026-01-21 01:22:45
d34f2271-10ee-40c3-a93a-09df58860512,6,5,1,10,1,1768976390,2026-01-21 01:22:45
1828967830172187422,2,2,0,25,1,1768976390,2026-01-21 01:22:45
2366d8a4-7a49-42f3-9afe-efd2b200336b,6,6,0,14,1,1768976386,2026-01-21 01:22:45
82dd89f6-1e5a-4a8f-8660-13cb64349e94,4,0,4,14,1,1768976385,2026-01-21 01:22:45
3c8847a6-c12a-40fd-9b22-4582ac1a0d9d,17,15,2,6,1,1768976386,2026-01-21 01:22:45
1964061627836181486,3,2,1,82,1,1768976386,2026-01-21 01:22:45
2687f2e1-3529-464d-82eb-e4f61440c563,2,1,1,15,1,1768976388,2026-01-21 01:22:45
2c321ea3-e1dd-4d32-be70-bd158fe1f568,47,34,13,30,1,1768976388,2026-01-21 01:22:45
cac843c2-8b21-47bb-a3b9-712f95d7f7aa,18,3,15,0,1,1768976388,2026-01-21 01:22:45
a3e2b360-f050-48ea-b8c8-57d897b8f7fc,2,0,2,14,1,1768976388,2026-01-21 01:22:45
66de4594-0aca-11e7-82f6-3863bb44ef7c,13,8,5,13,1,1768976389,2026-01-21 01:22:45
cc758f1a-8b28-4ff5-bc75-fbe62c453378,1,1,0,19,1,1768976391,2026-01-21 01:22:45
96a0b676-e966-4d96-b04b-ceb8149cedcd,4,2,2,18,1,1768976391,2026-01-21 01:22:45
2022386456542683974,26,0,26,6,1,1768976391,2026-01-21 01:22:45
2124382079594320876,8,4,4,6,1,1768976392,2026-01-21 01:22:45
993fc83f-52c6-43f4-bb49-4abe4ad48150,0,0,0,18,1,1768976392,2026-01-21 01:22:45
594b4656-9d83-4301-8967-3b92c126531c,21,12,9,1,1,1768976392,2026-01-21 01:22:45
66db2fd0-0aca-11e7-82f6-3863bb44ef7c,4,2,2,26,1,1768976392,2026-01-21 01:22:45
5736cd70-be41-483e-8d82-721874f40e6e,5,1,4,15,1,1768976393,2026-01-21 01:22:45
1d167807-0aa8-413a-b7a0-01c2ca8a6a60,8,5,3,13,1,1768976395,2026-01-21 01:22:45
1947367330341251364,4,3,1,16,1,1768976395,2026-01-21 01:22:45
c0c6a931-c1d3-4202-a433-c4127a4cd846,3,0,3,16,1,1768976395,2026-01-21 01:22:45
063e7e78-b810-4a2f-8045-a82a0d69d752,22,15,7,20,1,1768976395,2026-01-21 01:22:45
a33a2d11-33a5-46ad-a086-5698ac17b7b4,29,7,22,3,1,1768976394,2026-01-21 01:22:45
6f21be51-6fde-4cde-b1db-b102a5f67300,21,3,18,0,1,1768976396,2026-01-21 01:22:45
88e64257-298c-4b8d-8886-77b9b66dcec1,20,12,8,29,1,1768976396,2026-01-21 01:22:45
66db34fc-0aca-11e7-82f6-3863bb44ef7c,7,4,3,25,1,1768976396,2026-01-21 01:22:45
1815968026870435892,11,5,6,11,1,1768976398,2026-01-21 01:22:45
d9ea5210-50b3-4342-9801-f896bd21f4a1,1,1,0,20,1,1768976398,2026-01-21 01:22:45
43f3d3c7-46b0-4812-879d-15afe8804c5f,25,14,11,0,1,1768976398,2026-01-21 01:22:45
fe93b3ae-1d86-4ee9-9eb6-9e11808966aa,13,5,8,6,1,1768976398,2026-01-21 01:22:45
fd081854-3f37-420a-9785-ea63c09c12ad,3,1,2,16,1,1768976399,2026-01-21 01:22:45
66dc2172-0aca-11e7-82f6-3863bb44ef7c,5,0,5,75,1,1768976400,2026-01-21 01:22:45
1e83ffdc-8e72-45c0-8210-4f37e60505c9,16,5,11,18,1,1768976400,2026-01-21 01:22:45
844c68cc-19f0-474a-86d3-4af170117aae,2,2,0,19,1,1768976401,2026-01-21 01:22:45
66dd2811-0aca-11e7-82f6-3863bb44ef7c,13,0,13,29,1,1768976401,2026-01-21 01:22:45
002e6e9f-ced2-47b0-bc7e-ccf38c3b4b0f,7,2,5,12,1,1768976401,2026-01-21 01:22:45
1869439368558197224,2,0,2,16,1,1768976402,2026-01-21 01:22:45
66db8d89-0aca-11e7-82f6-3863bb44ef7c,54,51,3,1,1,1768976397,2026-01-21 01:22:45
66dc7cc3-0aca-11e7-82f6-3863bb44ef7c,6,5,1,32,1,1768976397,2026-01-21 01:22:45
d8673258-9513-4ed2-86bf-bef62e7e4e30,1,1,0,15,1,1768976400,2026-01-21 01:22:45
66dce567-0aca-11e7-82f6-3863bb44ef7c,3,1,2,16,1,1768976400,2026-01-21 01:22:45
5c3c345d-1975-400d-a9d8-18815816886e,18,9,9,36,1,1768976400,2026-01-21 01:22:45
f15ccc6e-5a7c-46e7-b505-0bfc9cae3d83,8,3,5,19,1,1768976398,2026-01-21 01:22:45
ad41e353-033e-484f-8d76-78014e11e9d7,4,1,3,14,1,1768976401,2026-01-21 01:22:45
0b94cc1e-2327-4679-99d9-3b21ddc02051,17,3,14,14,1,1768976406,2026-01-21 01:22:45
66dbeded-0aca-11e7-82f6-3863bb44ef7c,12,0,12,11,1,1768976406,2026-01-21 01:22:45
d7632897-a6eb-4f8f-9ab2-c66426620fbf,8,0,8,7,1,1768976407,2026-01-21 01:22:45
c066c90a-efb1-4f8b-aa15-38ba4edd4ebc,7,2,5,13,1,1768976406,2026-01-21 01:22:45
ba0a4ada-c9f6-48b4-a7b3-7220f6fb88c2,2,1,1,20,1,1768976407,2026-01-21 01:22:45
b9d3134b-697f-4a0f-b90f-d95f6c69ffda,10,1,9,9,1,1768976404,2026-01-21 01:22:45
4eb6d6a8-ecc1-4e89-a586-4f96ed3d83e1,1,1,0,27,1,1768976404,2026-01-21 01:22:45
2119506830683992262,30,20,10,18,1,1768976404,2026-01-21 01:22:45
e612122d-e0fd-4ebf-8d51-0f48f9d1b580,14,3,11,6,1,1768976405,2026-01-21 01:22:45
1828969323789472168,8,1,7,8,1,1768976405,2026-01-21 01:22:45
66ddd369-0aca-11e7-82f6-3863bb44ef7c,44,34,10,17,1,1768976406,2026-01-21 01:22:45
9a52fbc1-d87a-4a65-941d-12fd55dbcdde,18,0,18,2,1,1768976403,2026-01-21 01:22:45
203d7b9a-8666-4af1-81c7-f9fc36aa0952,1,1,0,16,1,1768976403,2026-01-21 01:22:45
66db88f5-0aca-11e7-82f6-3863bb44ef7c,7,0,7,29,1,1768976404,2026-01-21 01:22:45
38bb1218-0a9e-41d9-b2ef-25c8626dac29,19,2,17,2,1,1768976404,2026-01-21 01:22:45
e58234a3-5b23-427e-948f-c1e4571b2bfa,31,15,16,26,1,1768976404,2026-01-21 01:22:45
66dd2208-0aca-11e7-82f6-3863bb44ef7c,19,3,16,23,1,1768976413,2026-01-21 01:22:45
66de5e5b-0aca-11e7-82f6-3863bb44ef7c,7,6,1,33,1,1768976414,2026-01-21 01:22:45
387e2863-83ad-4589-8004-794a7b624801,11,4,7,8,1,1768976414,2026-01-21 01:22:45
1318e05a-2506-43c6-b49d-4c1f7f69a267,8,7,1,8,1,1768976414,2026-01-21 01:22:45
b55f9b55-7fa7-4f0f-9732-78cbe07452e1,17,5,12,9,1,1768976414,2026-01-21 01:22:45
f4f9a09c-010c-430c-a766-3390c44b4962,0,0,0,16,1,1768976414,2026-01-21 01:22:45
ce95fbdd-b7d2-46fc-910d-5c170e4b7610,3,0,3,15,1,1768976408,2026-01-21 01:22:45
66dbe7b6-0aca-11e7-82f6-3863bb44ef7c,5,5,0,22,1,1768976409,2026-01-21 01:22:45
1884688942632618210,12,12,0,10,1,1768976409,2026-01-21 01:22:45
66db40ef-0aca-11e7-82f6-3863bb44ef7c,22,20,2,37,1,1768976409,2026-01-21 01:22:45
b608193c-46ae-4b61-9e7a-4671e7c3b96e,4,2,2,15,1,1768976407,2026-01-21 01:22:45
66dc4b4c-0aca-11e7-82f6-3863bb44ef7c,0,0,0,59,1,1768976408,2026-01-21 01:22:45
66de5773-0aca-11e7-82f6-3863bb44ef7c,13,5,8,0,1,1768976412,2026-01-21 01:22:45
66dcbbfe-0aca-11e7-82f6-3863bb44ef7c,7,2,5,11,1,1768976412,2026-01-21 01:22:45
1932126716328112534,20,0,20,1,1,1768976412,2026-01-21 01:22:45
66dcfaf6-0aca-11e7-82f6-3863bb44ef7c,11,2,9,7,1,1768976412,2026-01-21 01:22:45
ad17bd9a-735b-4a11-8ad3-dc7800e342af,23,10,13,12,1,1768976412,2026-01-21 01:22:45
66dd0808-0aca-11e7-82f6-3863bb44ef7c,3,1,2,23,1,1768976411,2026-01-21 01:22:45
b506be9e-45d3-43d1-a262-27d8fa91e974,3,0,3,26,1,1768976411,2026-01-21 01:22:45
1938139112487078732,24,11,13,7,1,1768976410,2026-01-21 01:22:45
b0cc08dc-e7dd-48d1-8901-ba496f3ff2f5,38,34,4,1,1,1768976410,2026-01-21 01:22:45
1828967607558607844,4,0,4,13,1,1768976424,2026-01-21 01:22:45
1869439561831725810,6,0,6,19,1,1768976423,2026-01-21 01:22:45
1814900632709495794,16,6,10,7,1,1768976424,2026-01-21 01:22:45
4c3b6e25-b0c2-4a3f-b07e-cd60cd1b0ac0,1,1,0,14,1,1768976424,2026-01-21 01:22:45
18fcd2c1-dc8b-4a52-9f18-e9b9003bbea5,29,26,3,21,1,1768976424,2026-01-21 01:22:45
1854538169357726138,2,1,1,15,1,1768976417,2026-01-21 01:22:45
bb32aad7-8308-4ff8-b073-d5b518ffdd09,0,0,0,38,1,1768976417,2026-01-21 01:22:45
1885442082749874736,3,3,0,18,1,1768976417,2026-01-21 01:22:45
9ea2afff-a146-4824-89b6-39d5bdfac795,11,10,1,9,1,1768976418,2026-01-21 01:22:45
1869851741257474316,27,2,25,0,1,1768976422,2026-01-21 01:22:45
1815967159287043052,9,1,8,14,1,1768976422,2026-01-21 01:22:45
66ddee56-0aca-11e7-82f6-3863bb44ef7c,20,15,5,1,1,1768976424,2026-01-21 01:22:45
9b70cbe2-25fc-42f8-b6e6-ac21ef248e4b,3,3,0,15,1,1768976424,2026-01-21 01:22:45
c809158b-ca8f-4a77-a800-8ee9d287c056,2,1,1,14,1,1768976423,2026-01-21 01:22:45
1841240663447542046,5,2,3,11,1,1768976423,2026-01-21 01:22:45
bbb48e80-7d2f-4b3c-bb8c-591bc931945a,17,12,5,2,1,1768976425,2026-01-21 01:22:45
66de5613-0aca-11e7-82f6-3863bb44ef7c,72,17,55,1,1,1768976422,2026-01-21 01:22:45
2127386446510160022,0,0,0,19,1,1768976422,2026-01-21 01:22:45
9092515e-eef6-478f-910f-1cd19d06bebb,3,1,2,32,1,1768976422,2026-01-21 01:22:45
35a5b4d6-2d90-4b60-b68b-03bb60fb1afc,2,2,0,16,1,1768976418,2026-01-21 01:22:45
eafa19ed-88c2-4efc-bd73-3961f85b6063,31,18,13,7,1,1768976418,2026-01-21 01:22:45
66dcac42-0aca-11e7-82f6-3863bb44ef7c,42,1,41,8,1,1768976418,2026-01-21 01:22:45
1f872052-38c4-4701-96c4-c363de51c2b5,17,7,10,34,1,1768976415,2026-01-21 01:22:45
66de65a4-0aca-11e7-82f6-3863bb44ef7c,1,0,1,20,1,1768976416,2026-01-21 01:22:45
66de0933-0aca-11e7-82f6-3863bb44ef7c,24,3,21,2,1,1768976416,2026-01-21 01:22:45
66de10a8-0aca-11e7-82f6-3863bb44ef7c,16,4,12,15,1,1768976416,2026-01-21 01:22:45
e1886e7a-62b1-4359-9835-8ab5a16371ae,3,1,2,19,1,1768976418,2026-01-21 01:22:45
1817432104157364846,21,1,20,0,1,1768976418,2026-01-21 01:22:45
66dc0cc7-0aca-11e7-82f6-3863bb44ef7c,8,7,1,42,1,1768976410,2026-01-21 01:22:45
66ddede1-0aca-11e7-82f6-3863bb44ef7c,11,4,7,19,1,1768976410,2026-01-21 01:22:45
2104275164415193448,41,14,27,25,1,1768976410,2026-01-21 01:22:45
cd118a8f-a7d1-4b7a-a6d3-d9e875cb29df,16,12,4,8,1,1768976416,2026-01-21 01:22:45
1846085626867634660,5,2,3,16,1,1768976416,2026-01-21 01:22:45
66dd546c-0aca-11e7-82f6-3863bb44ef7c,3,1,2,18,1,1768976416,2026-01-21 01:22:45
66dbbc4a-0aca-11e7-82f6-3863bb44ef7c,16,6,10,8,1,1768976438,2026-01-21 01:22:45
1843486464469891376,4,3,1,14,1,1768976438,2026-01-21 01:22:45
1861271680294357158,14,5,9,8,1,1768976438,2026-01-21 01:22:45
647a2a80-9630-41b0-9b91-1f464b0bf3cc,42,40,2,35,1,1768976428,2026-01-21 01:22:45
66de2556-0aca-11e7-82f6-3863bb44ef7c,19,10,9,59,1,1768976439,2026-01-21 01:22:45
1869753195262578852,7,4,3,12,1,1768976439,2026-01-21 01:22:45
bc346753-b68a-4cb3-b93f-b0be68227eae,12,2,10,6,1,1768976439,2026-01-21 01:22:45
3e9e50cc-f336-439f-bd0b-dec5499c038d,39,37,2,6,1,1768976439,2026-01-21 01:22:45
93c28953-7e65-436e-9c5a-9d7ca0e3729f,18,16,2,4,1,1768976439,2026-01-21 01:22:45
8b1222da-612f-4482-ab34-9467c4ed28e3,7,2,5,16,1,1768976436,2026-01-21 01:22:45
26176e86-8362-4c91-a693-6aa3f9ce0b73,8,6,2,12,1,1768976436,2026-01-21 01:22:45
2f656bc4-7743-4326-8330-a22bd41d9d17,30,27,3,8,1,1768976436,2026-01-21 01:22:45
1786697003367719132,29,4,25,9,1,1768976436,2026-01-21 01:22:45
a58ff2e3-a5ae-4070-a26d-ddfe8cc6fc58,13,11,2,9,1,1768976437,2026-01-21 01:22:45
dd351a72-4241-4275-843d-0fffa8a1f414,14,11,3,9,1,1768976434,2026-01-21 01:22:45
ca4795a2-6ab3-4597-bf59-f0155ac1637c,12,7,5,52,1,1768976434,2026-01-21 01:22:45
66dded7a-0aca-11e7-82f6-3863bb44ef7c,25,24,1,2,1,1768976435,2026-01-21 01:22:45
66dde845-0aca-11e7-82f6-3863bb44ef7c,14,12,2,20,1,1768976435,2026-01-21 01:22:45
74feba30-26a5-4949-b3a0-d6e13ba1a20c,8,3,5,9,1,1768976435,2026-01-21 01:22:45
66dc41bb-0aca-11e7-82f6-3863bb44ef7c,46,34,12,6,1,1768976434,2026-01-21 01:22:45
83d1ff16-ba56-4eae-aa6a-b37b6439db82,2,0,2,27,1,1768976437,2026-01-21 01:22:45
901cab1a-a77e-424e-b602-16883e792f93,5,3,2,12,1,1768976437,2026-01-21 01:22:45
1875433315773395778,8,4,4,22,1,1768976437,2026-01-21 01:22:45
2098714441479661752,4,4,0,10,1,1768976369,2026-01-21 01:22:45
df243d7f-e6ae-435c-9895-aecbcff9cada,12,8,4,16,1,1768976437,2026-01-21 01:22:45
66dea894-0aca-11e7-82f6-3863bb44ef7c,38,18,20,7,1,1768976429,2026-01-21 01:22:45
de6f4206-3aa9-4cb9-aae0-8547d2cd6854,20,0,20,2,1,1768976433,2026-01-21 01:22:45
1851999409149780880,13,3,10,10,1,1768976433,2026-01-21 01:22:45
1869753812884512816,8,5,3,12,1,1768976434,2026-01-21 01:22:45
96878d29-481d-48dc-bcdc-a5f1ce88c76d,4,3,1,15,1,1768976434,2026-01-21 01:22:45
2137774972219769002,10,2,8,0,1,1768976438,2026-01-21 01:22:45
66dc4599-0aca-11e7-82f6-3863bb44ef7c,20,15,5,4,1,1768976438,2026-01-21 01:22:45
6076e321-85d8-4e0e-ae18-86bb8cbbda1b,16,0,16,1,1,1768976438,2026-01-21 01:22:45
2126579471787670468,12,4,8,9,1,1768976453,2026-01-21 01:22:45
e3e6105e-eaa2-43c5-badb-fb8592ad7227,1,0,1,23,1,1768976454,2026-01-21 01:22:45
648e09b6-95c2-40d3-9dac-a43f22eccf38,2,1,1,22,1,1768976454,2026-01-21 01:22:45
4d79bdb9-7c35-4d35-9f6e-3c1b849c453a,22,17,5,20,1,1768976454,2026-01-21 01:22:45
66dbb869-0aca-11e7-82f6-3863bb44ef7c,6,2,4,13,1,1768976454,2026-01-21 01:22:45
66dcc5ca-0aca-11e7-82f6-3863bb44ef7c,0,0,0,0,0,1768976454,2026-01-21 01:22:45
40fd82d6-c0e9-4876-adfb-816140ecfc39,12,9,3,5,1,1768976454,2026-01-21 01:22:45
bd1760ad-3af3-4ede-9bd7-c8fbf46d7192,4,2,2,17,1,1768976454,2026-01-21 01:22:45
e8df73bd-5d3d-47c9-b04d-bcec4db5540f,61,15,46,2,1,1768976450,2026-01-21 01:22:45
66dcc30b-0aca-11e7-82f6-3863bb44ef7c,14,7,7,2,1,1768976450,2026-01-21 01:22:45
66dc192f-0aca-11e7-82f6-3863bb44ef7c,9,4,5,12,1,1768976450,2026-01-21 01:22:45
18846fd4-877c-4971-9b6f-1bd8fbc10346,4,2,2,15,1,1768976450,2026-01-21 01:22:45
66db44e5-0aca-11e7-82f6-3863bb44ef7c,25,10,15,12,1,1768976451,2026-01-21 01:22:45
1838999521825487230,19,0,19,0,1,1768976450,2026-01-21 01:22:45
1846086138339179502,12,7,5,11,1,1768976451,2026-01-21 01:22:45
0c106e83-c47a-4233-b5e4-62bbb75d0bed,0,0,0,17,1,1768976451,2026-01-21 01:22:45
3eed817a-63e5-424b-8ed3-c809db5488f7,48,27,21,5,1,1768976451,2026-01-21 01:22:45
5db1fefa-0f10-4c58-a7ce-113f3164ced8,12,3,9,6,1,1768976452,2026-01-21 01:22:45
e2b28abd-07a4-4552-ad17-abf155aff28a,14,9,5,7,1,1768976452,2026-01-21 01:22:45
66dda55f-0aca-11e7-82f6-3863bb44ef7c,28,19,9,0,1,1768976453,2026-01-21 01:22:45
9a40cb60-6ede-4c9e-9d64-dc55cae57f31,0,0,0,27,1,1768976452,2026-01-21 01:22:45
284b08f2-3d26-4f52-9463-25e4a07c16f7,15,2,13,7,1,1768976453,2026-01-21 01:22:45
66de48f9-0aca-11e7-82f6-3863bb44ef7c,15,1,14,1,1,1768976451,2026-01-21 01:22:45
1954806962718223342,39,19,20,4,1,1768976451,2026-01-21 01:22:45
1885439359712500016,0,0,0,23,1,1768976455,2026-01-21 01:22:45
66dbf518-0aca-11e7-82f6-3863bb44ef7c,12,3,9,15,1,1768976455,2026-01-21 01:22:45
0e003543-3656-448f-8a93-029d265f2e26,26,2,24,5,1,1768976454,2026-01-21 01:22:45
e780c290-0c52-4ab1-9719-a581be789df3,9,7,2,12,1,1768976454,2026-01-21 01:22:45
28be450b-7878-4495-add2-61afd94f375a,18,9,9,1,1,1768976450,2026-01-21 01:22:45
66de4078-0aca-11e7-82f6-3863bb44ef7c,14,1,13,7,1,1768976451,2026-01-21 01:22:45
158e7752-27e2-4912-be0b-eb15405aa096,9,3,6,11,1,1768976450,2026-01-21 01:22:45
f3c68cfb-52fd-48c8-b6e5-85c179fee0b3,12,0,12,11,1,1768976420,2026-01-21 01:22:45
36b55a0f-e55d-4849-859a-09b3273fb782,10,0,10,11,1,1768976420,2026-01-21 01:22:45
7a8b474b-7577-4316-a192-d57576d194a3,3,1,2,17,1,1768976420,2026-01-21 01:22:45
66dd4b91-0aca-11e7-82f6-3863bb44ef7c,9,4,5,29,1,1768976420,2026-01-21 01:22:45
66db2d2b-0aca-11e7-82f6-3863bb44ef7c,39,39,0,7,1,1768976421,2026-01-21 01:22:45
062ffe5a-aa91-412d-8210-23d562c7e7f8,2,2,0,16,1,1768976421,2026-01-21 01:22:45
1856766912456610780,0,0,0,23,1,1768976421,2026-01-21 01:22:45
1861681121800951962,14,4,10,7,1,1768976430,2026-01-21 01:22:45
66de8a86-0aca-11e7-82f6-3863bb44ef7c,0,0,0,54,1,1768976430,2026-01-21 01:22:45
66db64d1-0aca-11e7-82f6-3863bb44ef7c,10,4,6,10,1,1768976431,2026-01-21 01:22:45
c2800791-1911-4f2b-8fc7-bed280c557c0,40,37,3,1,1,1768976430,2026-01-21 01:22:45
9c1c3499-1b11-471f-b59a-87d9e27e15c5,4,3,1,17,1,1768976429,2026-01-21 01:22:45
1828966363527611286,15,1,14,4,1,1768976429,2026-01-21 01:22:45
dad3b7df-ec40-4d54-bfdb-5e82be84d742,5,2,3,17,1,1768976429,2026-01-21 01:22:45
2b54cb2c-31be-4620-a13c-0fa72b58c90a,2,1,1,24,1,1768976429,2026-01-21 01:22:45
787fe4b2-6029-4f71-917e-892479d8d64e,11,3,8,7,1,1768976426,2026-01-21 01:22:45
66dd039b-0aca-11e7-82f6-3863bb44ef7c,1,1,0,25,1,1768976427,2026-01-21 01:22:45
7a725e59-49be-4c1d-9c3d-3b3a8ed1232f,10,10,0,11,1,1768976427,2026-01-21 01:22:45
4dcff9e7-7cb6-4d3d-ad67-c2e4c05933d3,7,1,6,15,1,1768976427,2026-01-21 01:22:45
1860189813948384088,20,11,9,5,1,1768976426,2026-01-21 01:22:45
e0b80983-c520-47e3-9c8d-a17fff5e5582,13,0,13,6,1,1768976426,2026-01-21 01:22:45
141eb0e0-e78d-411a-a0be-202a6424cc93,20,10,10,6,1,1768976426,2026-01-21 01:22:45
88ee054e-bdeb-4305-8f3b-76eb964f2c84,7,4,3,8,1,1768976431,2026-01-21 01:22:45
66dea674-0aca-11e7-82f6-3863bb44ef7c,5,2,3,15,1,1768976428,2026-01-21 01:22:45
66db3606-0aca-11e7-82f6-3863bb44ef7c,13,12,1,44,1,1768976433,2026-01-21 01:22:45
2126621966735272262,8,0,8,4,1,1768976413,2026-01-21 01:22:45
66dea596-0aca-11e7-82f6-3863bb44ef7c,8,6,2,16,1,1768976429,2026-01-21 01:22:45
1899178885660253096,24,19,5,0,1,1768976432,2026-01-21 01:22:45
66dc1c5c-0aca-11e7-82f6-3863bb44ef7c,47,31,16,25,1,1768976432,2026-01-21 01:22:45
db29242d-6ff3-4e22-85fe-45fa3d03ec39,3,1,2,16,1,1768976432,2026-01-21 01:22:45
66db402c-0aca-11e7-82f6-3863bb44ef7c,76,32,44,11,1,1768976441,2026-01-21 01:22:45
2124037775602344266,7,3,4,9,1,1768976441,2026-01-21 01:22:45
1851674145014649512,6,0,6,19,1,1768976441,2026-01-21 01:22:45
66dc252e-0aca-11e7-82f6-3863bb44ef7c,33,20,13,0,1,1768976442,2026-01-21 01:22:45
66dde197-0aca-11e7-82f6-3863bb44ef7c,18,16,2,23,1,1768976439,2026-01-21 01:22:45
ebfafca3-5818-4e6f-8374-98f44a0ca0c6,2,1,1,24,1,1768976439,2026-01-21 01:22:45
66db74a5-0aca-11e7-82f6-3863bb44ef7c,42,15,27,9,1,1768976440,2026-01-21 01:22:45
55fda28d-56a8-4db2-b42a-072714f18471,15,0,15,3,1,1768976440,2026-01-21 01:22:45
956e9f8d-d23a-4a0e-bf28-84180e818af7,15,12,3,10,1,1768976440,2026-01-21 01:22:45
dfad8e49-7e1b-4376-90b4-7a449319f294,4,4,0,17,1,1768976441,2026-01-21 01:22:45
66de482a-0aca-11e7-82f6-3863bb44ef7c,6,5,1,11,1,1768976441,2026-01-21 01:22:45
ccfa8b82-07a7-4a08-88fc-be261c30a4ca,1,0,1,21,1,1768976444,2026-01-21 01:22:45
4bbf50a9-47c2-4a32-97c2-1f6bc4f9d401,23,11,12,8,1,1768976445,2026-01-21 01:22:45
59e3766c-0629-4ff1-a1d9-bc0514a55487,1,0,1,21,1,1768976444,2026-01-21 01:22:45
f001fac9-5f19-451e-a752-afde574a8c81,2,2,0,15,1,1768976445,2026-01-21 01:22:45
66de867e-0aca-11e7-82f6-3863bb44ef7c,1,0,1,29,1,1768976443,2026-01-21 01:22:45
66de186f-0aca-11e7-82f6-3863bb44ef7c,13,5,8,11,1,1768976443,2026-01-21 01:22:45
341730d7-a61d-499d-8c07-fa015f644e54,62,53,9,21,1,1768976428,2026-01-21 01:22:45
53e30d38-a110-42b4-a8f9-ca801a847ac7,36,28,8,9,1,1768976440,2026-01-21 01:22:45
085da8d4-9465-46f0-82d1-10c9c9177d64,2,1,1,17,1,1768976441,2026-01-21 01:22:45
a2f71eea-05a2-4fe7-99ab-f74535c880ae,8,6,2,16,1,1768976441,2026-01-21 01:22:45
66dea6e1-0aca-11e7-82f6-3863bb44ef7c,3,2,1,61,1,1768976441,2026-01-21 01:22:45
305c221f-4e0b-4a5a-902c-3d1043dfe606,4,3,1,14,1,1768976441,2026-01-21 01:22:45
9d95a4a9-bcfe-4189-bb7d-abd9992ecbaf,11,2,9,5,1,1768976443,2026-01-21 01:22:45
1828965671716082498,14,2,12,3,1,1768976443,2026-01-21 01:22:45
66db2db5-0aca-11e7-82f6-3863bb44ef7c,53,1,52,3,1,1768976439,2026-01-21 01:22:45
1835247196073118026,11,2,9,6,1,1768976439,2026-01-21 01:22:45
66dcbe7c-0aca-11e7-82f6-3863bb44ef7c,1,0,1,17,1,1768976442,2026-01-21 01:22:45
36edabac-a0c2-471b-abaf-73fdb53a4e5f,1,1,0,19,1,1768976443,2026-01-21 01:22:45
b4063b76-1abd-465c-96a4-45f6ee016bc5,2,0,2,15,1,1768976447,2026-01-21 01:22:45
c0e0e578-8ce8-4c9d-be47-b902d8a41050,2,1,1,16,1,1768976447,2026-01-21 01:22:45
1862008413697896912,2,2,0,19,1,1768976447,2026-01-21 01:22:45
8ea09819-cd88-4732-b047-c0549f0b370f,12,3,9,18,1,1768976448,2026-01-21 01:22:45
be8e6f1c-e8b5-40bd-896d-423052ba3bbc,3,2,1,13,1,1768976448,2026-01-21 01:22:45
632b140c-65de-4f50-9cc2-c001ae011aea,6,4,2,50,1,1768976447,2026-01-21 01:22:45
66dd4b2b-0aca-11e7-82f6-3863bb44ef7c,6,3,3,43,1,1768976449,2026-01-21 01:22:45
1903998756008763590,1,1,0,50,1,1768976449,2026-01-21 01:22:45
e34bb92f-6911-449a-999b-5bc80e0322fe,3,2,1,14,1,1768976449,2026-01-21 01:22:45
d9ec5589-c872-46f2-88cd-e54f9c596721,6,0,6,11,1,1768976450,2026-01-21 01:22:45
a4bb6fac-b795-4aa7-a266-613419019290,0,0,0,18,1,1768976450,2026-01-21 01:22:45
1786375069262703476,24,2,22,4,1,1768976448,2026-01-21 01:22:45
66dbc60f-0aca-11e7-82f6-3863bb44ef7c,1,1,0,4,1,1768976448,2026-01-21 01:22:45
61bc2467-aa8c-4386-ba9e-3f01120bd6b8,4,4,0,19,1,1768976449,2026-01-21 01:22:45
66db7152-0aca-11e7-82f6-3863bb44ef7c,43,15,28,5,1,1768976446,2026-01-21 01:22:45
66dc1beb-0aca-11e7-82f6-3863bb44ef7c,28,20,8,77,1,1768976446,2026-01-21 01:22:45
1845676816555735590,10,0,10,12,1,1768976445,2026-01-21 01:22:45
361dd964-db79-47dd-b044-eac88c735249,1,1,0,17,1,1768976445,2026-01-21 01:22:45
66de2a00-0aca-11e7-82f6-3863bb44ef7c,28,6,22,6,1,1768976445,2026-01-21 01:22:45
1b22c037-207d-454a-90aa-8f22d0a8a7e3,20,6,14,1,1,1768976445,2026-01-21 01:22:45
3d339282-d5c7-41ec-b634-6a988aefd440,3,1,2,14,1,1768976444,2026-01-21 01:22:45
d3f51f51-7e51-4c75-8600-d76916608707,5,3,2,22,1,1768976445,2026-01-21 01:22:45
2f580cf9-14e2-4300-ba22-f6d88d0312a5,12,3,9,12,1,1768976445,2026-01-21 01:22:45
c63e9937-cadb-4813-aee3-5fd3fcc93767,3,3,0,16,1,1768976445,2026-01-21 01:22:45
724aeecc-8c91-4afc-b97c-72a98de452c9,1,0,1,16,1,1768976449,2026-01-21 01:22:45
55f6b830-e43e-4227-bfc7-683465236d94,20,9,11,25,1,1768976446,2026-01-21 01:22:45
0109f17a-2378-4500-9648-88bdb31ec612,31,0,31,3,1,1768976455,2026-01-21 01:22:45
b516fedb-3ced-4683-8c17-7e5f6dadf04d,20,6,14,14,1,1768976456,2026-01-21 01:22:45
66dcf0b3-0aca-11e7-82f6-3863bb44ef7c,5,2,3,22,1,1768976456,2026-01-21 01:22:45
1848242058183072050,15,4,11,4,1,1768976456,2026-01-21 01:22:45
9e5fd5b6-c5f2-4694-9406-a44b7d0146d9,34,21,13,1,1,1768976456,2026-01-21 01:22:45
66dbc551-0aca-11e7-82f6-3863bb44ef7c,1,0,1,51,1,1768976457,2026-01-21 01:22:45
66de2b97-0aca-11e7-82f6-3863bb44ef7c,32,23,9,5,1,1768976457,2026-01-21 01:22:45
285ad3c2-3ffe-45bb-8765-9c20a69641a6,15,9,6,2,1,1768976457,2026-01-21 01:22:45
a8560d28-9ee1-4af4-9180-7e9c4dd0d147,15,4,11,2,1,1768976457,2026-01-21 01:22:45
1861682702044957494,11,10,1,7,1,1768976458,2026-01-21 01:22:45
66dbf4ac-0aca-11e7-82f6-3863bb44ef7c,21,10,11,22,1,1768976458,2026-01-21 01:22:45
66dc8b6a-0aca-11e7-82f6-3863bb44ef7c,40,0,40,11,1,1768976458,2026-01-21 01:22:45
66dd491c-0aca-11e7-82f6-3863bb44ef7c,9,4,5,24,1,1768976458,2026-01-21 01:22:45
d7bdc3d7-6e6d-4899-9cc7-f4238a86c695,4,1,3,19,1,1768976458,2026-01-21 01:22:45
66dc21d4-0aca-11e7-82f6-3863bb44ef7c,1,0,1,49,1,1768976459,2026-01-21 01:22:45
aa8fc8b7-b66c-41d9-9885-30b8af599378,0,0,0,0,0,86400,2026-01-21 01:22:45
308e055a-b8aa-447d-8803-8677c88af0ba,0,0,0,0,0,86400,2026-01-21 01:22:45
1906248765431831024,0,0,0,0,0,86400,2026-01-21 01:22:45
067d5007-bda5-4697-b0a2-ccc2837f295c,0,0,0,0,0,86400,2026-01-21 01:22:45
66db316a-0aca-11e7-82f6-3863bb44ef7c,0,0,0,0,0,86400,2026-01-21 01:22:45
1954778813955578360,0,0,0,0,0,86400,2026-01-21 01:22:45
2171904301452603832,0,0,0,0,0,86400,2026-01-21 01:22:45
2124037384760320326,0,0,0,0,0,86400,2026-01-21 01:22:45
c9c09ed0-0a52-4d6a-a999-b0848874e51f,0,0,0,30,0,1768571529,2026-01-21 01:22:45
2126225134412534550,13,7,6,2,1,1768976283,2026-01-21 01:22:45
66dd4841-0aca-11e7-82f6-3863bb44ef7c,29,23,6,13,1,1768976338,2026-01-21 01:22:45
66dc78c4-0aca-11e7-82f6-3863bb44ef7c,39,24,15,21,1,1768976337,2026-01-21 01:22:45
ab692d1f-5a4a-4fff-b929-013c3a7e8a98,0,0,0,18,1,1768976337,2026-01-21 01:22:45
1828969851041055492,11,7,4,11,1,1768976337,2026-01-21 01:22:45
a381b37a-a928-4834-87ee-da9922cb3b3d,12,4,8,20,1,1768976351,2026-01-21 01:22:45
e24cb64d-10c2-48db-9440-59e63c0f1c95,9,5,4,16,1,1768976352,2026-01-21 01:22:45
43eac213-4603-4bc2-b6d6-b45013396282,20,10,10,15,1,1768976352,2026-01-21 01:22:45
aba6e644-3ac8-4cdc-9bc6-763e9d82dee9,14,4,10,9,1,1768976352,2026-01-21 01:22:45
968d40e0-2a5b-4f6c-a161-fad1631b609b,10,9,1,4,1,1768976353,2026-01-21 01:22:45
b90574d1-e9e7-45be-8adb-e38cb285fea5,9,6,3,9,1,1768976354,2026-01-21 01:22:45
1913995167022829826,20,3,17,0,1,1768976354,2026-01-21 01:22:45
4dde902d-512c-4e9e-8899-a68424ed87c0,11,1,10,22,1,1768976354,2026-01-21 01:22:45
88c1303b-3349-4591-bf08-c7e40cf3537a,28,10,18,17,1,1768976354,2026-01-21 01:22:45
1931758629658304788,6,0,6,16,1,1768976355,2026-01-21 01:22:45
1835247352748090208,1,1,0,21,1,1768976347,2026-01-21 01:22:45
66dd25e0-0aca-11e7-82f6-3863bb44ef7c,17,7,10,2,1,1768976356,2026-01-21 01:22:45
60a061d5-d984-4573-af3c-2054f4f59e94,4,2,2,14,1,1768976356,2026-01-21 01:22:45
1945126147213275898,5,4,1,17,1,1768976356,2026-01-21 01:22:45
46a1ff6c-6131-414a-9ef6-65a8db7d305f,2,2,0,21,1,1768976357,2026-01-21 01:22:45
c7be2714-14db-421f-a19e-f6a7bf6e8d26,2,2,0,20,1,1768976348,2026-01-21 01:22:45
b9970fb5-176c-4a66-8772-6d76c4b6245a,3,0,3,15,1,1768976349,2026-01-21 01:22:45
05969d95-8a64-4007-abf1-afb847f2d426,11,6,5,12,1,1768976349,2026-01-21 01:22:45
66dbc6ae-0aca-11e7-82f6-3863bb44ef7c,26,22,4,36,1,1768976349,2026-01-21 01:22:45
cd4b8e12-b2c7-479b-900d-59cf7d8c4276,13,1,12,2,1,1768976355,2026-01-21 01:22:45
66dc8c90-0aca-11e7-82f6-3863bb44ef7c,10,5,5,15,1,1768976355,2026-01-21 01:22:45
8df41833-c7bf-4171-bdab-58d64f6ade54,21,6,15,0,1,1768976355,2026-01-21 01:22:45
66db32fb-0aca-11e7-82f6-3863bb44ef7c,8,4,4,85,1,1768976356,2026-01-21 01:22:45
b6a4770e-9077-4a0e-a0fb-b45b1d457559,49,34,15,7,1,1768976352,2026-01-21 01:22:45
59f0cb81-e31b-4ba9-9159-3437c52f7505,0,0,0,17,1,1768976353,2026-01-21 01:22:45
4753c1ba-a86e-431e-94fb-06403cdee4d7,19,13,6,11,1,1768976351,2026-01-21 01:22:45
66dea4bf-0aca-11e7-82f6-3863bb44ef7c,31,15,16,8,1,1768976367,2026-01-21 01:22:45
6db97fde-68ae-4d2b-b121-b7c17838bbe7,2,1,1,16,1,1768976375,2026-01-21 01:22:45
66dbea8d-0aca-11e7-82f6-3863bb44ef7c,16,3,13,30,1,1768976375,2026-01-21 01:22:45
1828967717120678322,13,9,4,9,1,1768976375,2026-01-21 01:22:45
66dc7b10-0aca-11e7-82f6-3863bb44ef7c,3,3,0,74,1,1768976376,2026-01-21 01:22:45
66dc73b0-0aca-11e7-82f6-3863bb44ef7c,33,30,3,3,1,1768976371,2026-01-21 01:22:45
1836581628905160976,13,4,9,7,1,1768976374,2026-01-21 01:22:45
66de6100-0aca-11e7-82f6-3863bb44ef7c,24,0,24,7,1,1768976374,2026-01-21 01:22:45
66dcc65c-0aca-11e7-82f6-3863bb44ef7c,8,6,2,7,1,1768976374,2026-01-21 01:22:45
50e05a9f-dce6-4315-a10d-1fa786fc18ee,7,4,3,44,1,1768976377,2026-01-21 01:22:45
1828968691399885056,10,2,8,3,1,1768976371,2026-01-21 01:22:45
1817433126359581672,9,0,9,13,1,1768976371,2026-01-21 01:22:45
faf021ad-9de5-44bd-b7f5-48127e8d5fea,21,1,20,2,1,1768976372,2026-01-21 01:22:45
1884599469785421928,34,33,1,5,1,1768976373,2026-01-21 01:22:45
b3c8aaaf-6e1c-4f56-9391-b79e883b8009,3,1,2,20,1,1768976376,2026-01-21 01:22:45
5f0aa684-a1c5-4119-827f-7860f1cd4ccd,11,2,9,12,1,1768976377,2026-01-21 01:22:45
1835249854657874848,3,1,2,14,1,1768976377,2026-01-21 01:22:45
66dcbefb-0aca-11e7-82f6-3863bb44ef7c,7,3,4,10,1,1768976378,2026-01-21 01:22:45
4e1a13af-1c3b-48f2-8586-5edceea97d61,1,1,0,18,1,1768976383,2026-01-21 01:22:45
16280b32-7e5b-4a18-930b-212eac10faaa,1,0,1,19,1,1768976383,2026-01-21 01:22:45
3bdd81c8-3112-45e6-ae72-11a3f4fa5921,16,2,14,7,1,1768976383,2026-01-21 01:22:45
8dc8c0b3-4d70-40fe-a75a-86e30ecb676b,16,2,14,1,1,1768976383,2026-01-21 01:22:45
ecb2eebe-67c0-43b8-baae-71abb1a0ec6a,0,0,0,22,1,1768976381,2026-01-21 01:22:45
66f68197-4897-4576-896a-48e0312104c5,7,4,3,19,1,1768976381,2026-01-21 01:22:45
eb6c2359-4825-4bf4-8f2d-8b6dd2bf4212,31,21,10,6,1,1768976381,2026-01-21 01:22:45
66de2201-0aca-11e7-82f6-3863bb44ef7c,14,12,2,19,1,1768976380,2026-01-21 01:22:45
7e7d974c-a6ec-4d9a-b4ed-01a4d2056d8b,1,0,1,18,1,1768976380,2026-01-21 01:22:45
7dcc5a03-5997-4250-9207-fa8b6f027c86,14,4,10,12,1,1768976380,2026-01-21 01:22:45
66dbe4db-0aca-11e7-82f6-3863bb44ef7c,78,64,14,3,1,1768976380,2026-01-21 01:22:45
c38e2cfc-04e6-419c-8bf8-d8713ccf6ea7,52,8,44,2,1,1768976380,2026-01-21 01:22:45
08b9c491-a589-4e75-996c-2455c26fb356,2,1,1,17,1,1768976379,2026-01-21 01:22:45
66dd52c8-0aca-11e7-82f6-3863bb44ef7c,11,11,0,28,1,1768976379,2026-01-21 01:22:45
9bd28b11-cf11-4938-abb2-dfa5ec800e32,26,5,21,3,1,1768976379,2026-01-21 01:22:45
6bc5598a-9eb8-44d2-adc0-d93b93af1924,17,5,12,0,1,1768976379,2026-01-21 01:22:45
61be9a4a-737c-413a-9b72-d47b28a366d5,15,8,7,5,1,1768976379,2026-01-21 01:22:45
66db6aae-0aca-11e7-82f6-3863bb44ef7c,27,18,9,56,1,1768976382,2026-01-21 01:22:45
cdb6e2aa-4da3-4ed7-9b13-ce626addf6b0,23,12,11,24,1,1768976378,2026-01-21 01:22:45
66dded11-0aca-11e7-82f6-3863bb44ef7c,20,1,19,16,1,1768976378,2026-01-21 01:22:45
66de871c-0aca-11e7-82f6-3863bb44ef7c,0,0,0,58,1,1768976409,2026-01-21 01:22:45
dfe2c398-ff5c-4a8d-83c8-fa18801540d8,11,0,11,18,1,1768976409,2026-01-21 01:22:45
2053884382031338034,11,2,9,33,1,1768976409,2026-01-21 01:22:45
add829db-2feb-4e81-af61-056791a6e53b,5,4,1,24,1,1768976408,2026-01-21 01:22:45
74e104fb-1ddc-4f3e-a60b-220b6c4f300b,2,2,0,14,1,1768976408,2026-01-21 01:22:45
2126622876727162948,6,1,5,3,1,1768976409,2026-01-21 01:22:45
6a671276-d345-4a4c-a7df-98f5dbb19e4c,5,4,1,15,1,1768976410,2026-01-21 01:22:45
66dcf897-0aca-11e7-82f6-3863bb44ef7c,4,3,1,24,1,1768976411,2026-01-21 01:22:45
1828968611856235508,2,1,1,16,1,1768976407,2026-01-21 01:22:45
eef98eb6-f550-49f9-a910-4d2863e6a591,4,4,0,13,1,1768976407,2026-01-21 01:22:45
35915f48-31c5-499a-b845-2ca2fb541904,19,0,19,20,1,1768976407,2026-01-21 01:22:45
66de27da-0aca-11e7-82f6-3863bb44ef7c,14,7,7,10,1,1768976407,2026-01-21 01:22:45
66db4351-0aca-11e7-82f6-3863bb44ef7c,57,26,31,15,1,1768976412,2026-01-21 01:22:45
66ddeca9-0aca-11e7-82f6-3863bb44ef7c,16,2,14,1,1,1768976412,2026-01-21 01:22:45
1ddadf67-ae08-4e86-bdda-236629b9eabd,7,2,5,17,1,1768976407,2026-01-21 01:22:45
6c3b486e-603c-4158-91ac-adc06ac01535,10,0,10,15,1,1768976407,2026-01-21 01:22:45
66ddb595-0aca-11e7-82f6-3863bb44ef7c,5,2,3,12,1,1768976411,2026-01-21 01:22:45
2af3ecc3-4f43-468a-a7cc-bb4804ee3e7a,15,10,5,37,1,1768976411,2026-01-21 01:22:45
0096fecb-3a56-4585-9204-aa9554f7bc49,26,16,10,19,1,1768976421,2026-01-21 01:22:45
9790606b-a00d-4d5e-b6ec-abd11c9d25b3,0,0,0,17,1,1768976421,2026-01-21 01:22:45
1960020817312746312,52,24,28,62,1,1768976421,2026-01-21 01:22:45
40042fb4-6ddd-4f74-bb52-5af3e4e08c8d,16,0,16,6,1,1768976421,2026-01-21 01:22:45
78ec2f0d-c309-46d4-8808-7eb1a0674e38,9,9,0,20,1,1768976422,2026-01-21 01:22:45
876683ce-9bce-4fad-8d1c-6b331fa07b5c,38,14,24,7,1,1768976423,2026-01-21 01:22:45
079b5a90-1d2b-40b2-b1e9-71c075f16b89,8,4,4,8,1,1768976422,2026-01-21 01:22:45
66dd4981-0aca-11e7-82f6-3863bb44ef7c,17,4,13,8,1,1768976420,2026-01-21 01:22:45
1857217122161783302,22,4,18,6,1,1768976420,2026-01-21 01:22:45
1ec7ef9f-ab60-4a64-821d-883ba547273a,1,1,0,15,1,1768976419,2026-01-21 01:22:45
1836581714456697424,8,1,7,15,1,1768976419,2026-01-21 01:22:45
1789e458-c466-4d77-aba6-365f5c3823ed,8,0,8,9,1,1768976419,2026-01-21 01:22:45
66de5a47-0aca-11e7-82f6-3863bb44ef7c,20,8,12,12,1,1768976419,2026-01-21 01:22:45
1869754004195029842,0,0,0,21,1,1768976418,2026-01-21 01:22:45
e35494b4-5811-4d2a-87de-4430e56bce2d,1,1,0,18,1,1768976418,2026-01-21 01:22:45
1828968199249922252,3,1,2,17,1,1768976422,2026-01-21 01:22:45
6067af3d-f7ed-4149-a394-2fc2eb295872,50,13,37,7,1,1768976422,2026-01-21 01:22:45
66dbc982-0aca-11e7-82f6-3863bb44ef7c,14,14,0,92,1,1768976365,2026-01-21 01:22:45
dcdaa64b-4d2c-4017-bfb9-da25924f851d,8,7,1,13,1,1768976365,2026-01-21 01:22:45
66de1580-0aca-11e7-82f6-3863bb44ef7c,8,7,1,29,1,1768976362,2026-01-21 01:22:45
b3a9057e-7ff6-4117-b96e-e71c173cf1e9,10,1,9,7,1,1768976362,2026-01-21 01:22:45
6661108f-28eb-4671-ad0c-36a311d325aa,7,1,6,11,1,1768976363,2026-01-21 01:22:45
1786698815186893280,34,28,6,0,1,1768976363,2026-01-21 01:22:45
d5ca6311-7471-480f-9c79-38baaafe34ba,17,15,2,11,1,1768976360,2026-01-21 01:22:45
66dc3a1a-0aca-11e7-82f6-3863bb44ef7c,2,1,1,48,1,1768976361,2026-01-21 01:22:45
1838070703178521596,1,0,1,18,1,1768976360,2026-01-21 01:22:45
66dc0d3a-0aca-11e7-82f6-3863bb44ef7c,16,9,7,3,1,1768976360,2026-01-21 01:22:45
66dd49eb-0aca-11e7-82f6-3863bb44ef7c,12,6,6,16,1,1768976360,2026-01-21 01:22:45
7d455e9a-20b4-4b03-8248-0d982fdfa21b,0,0,0,22,1,1768976363,2026-01-21 01:22:45
29b21bd8-2459-4727-b1f0-d73592db3321,10,3,7,19,1,1768976365,2026-01-21 01:22:45
1978170169761096104,18,4,14,16,1,1768976339,2026-01-21 01:22:45
1431ec5c-242d-401b-b672-dbf95155999b,2,2,0,14,1,1768976339,2026-01-21 01:22:45
facb0195-8daa-46e3-95e1-6f22fb678e8a,1,1,0,18,1,1768976339,2026-01-21 01:22:45
1861681435029604706,23,15,8,0,1,1768976340,2026-01-21 01:22:45
bf5a9ad8-6725-4ade-967d-aba612d423bf,21,12,9,1,1,1768976350,2026-01-21 01:22:45
18267c09-1916-48d8-951c-caf88c89edd1,4,2,2,12,1,1768976341,2026-01-21 01:22:45
01f01352-50d4-484e-a611-576b18ac373a,19,1,18,13,1,1768976340,2026-01-21 01:22:45
a4368364-fa79-493c-8478-1d3471a6077f,0,0,0,54,0,1768946860,2026-01-21 01:22:45
66db9845-0aca-11e7-82f6-3863bb44ef7c,46,38,8,9,1,1768976341,2026-01-21 01:22:45
aa120a3a-9f2b-4dfc-a88b-384bbb66838a,0,0,0,22,1,1768976340,2026-01-21 01:22:45
8ce7325e-d5c7-46f9-9b73-95356e48c3eb,21,16,5,2,1,1768976346,2026-01-21 01:22:45
1862787990429630662,3,3,0,15,1,1768976346,2026-01-21 01:22:45
66dbf73d-0aca-11e7-82f6-3863bb44ef7c,34,26,8,1,1,1768976347,2026-01-21 01:22:45
a04bf523-3c76-4fad-88bf-e99037f9b796,13,4,9,7,1,1768976368,2026-01-21 01:22:45
1822663143025657920,20,4,16,4,1,1768976368,2026-01-21 01:22:45
9789dc0f-1eb6-4830-bda9-1ce5f1413e19,4,4,0,13,1,1768976368,2026-01-21 01:22:45
36ddce8f-bd83-4a05-b601-b526fb4d8628,3,2,1,16,1,1768976368,2026-01-21 01:22:45
d07790cd-1acd-4f74-b5f1-3d70f8a8a526,2,0,2,22,1,1768976368,2026-01-21 01:22:45
38975061-0d90-43a3-87c1-8905b374d5d9,17,1,16,7,1,1768976366,2026-01-21 01:22:45
1814900353536621062,11,5,6,18,1,1768976367,2026-01-21 01:22:45
1815967313905864892,10,5,5,5,1,1768976367,2026-01-21 01:22:45
3bfc859b-5c5f-43bc-b2e7-b64ed8ea9ede,7,0,7,12,1,1768976367,2026-01-21 01:22:45
bca594e5-779f-4866-bd6b-818871f97d38,17,2,15,12,1,1768976370,2026-01-21 01:22:45
c01a9c97-6c04-4e3f-ad0b-958801d94ca1,14,3,11,0,1,1768976370,2026-01-21 01:22:45
66de1295-0aca-11e7-82f6-3863bb44ef7c,18,7,11,1,1,1768976371,2026-01-21 01:22:45
96cf4c1a-db2c-4d4b-af34-c31281b5904b,14,10,4,3,1,1768976370,2026-01-21 01:22:45
b94cc90e-9ca2-4471-8371-23be051e0157,0,0,0,76,1,1768976371,2026-01-21 01:22:45
6fd84197-56e2-47df-849f-701aca0e7cc3,4,1,3,14,1,1768976371,2026-01-21 01:22:45
66db95e5-0aca-11e7-82f6-3863bb44ef7c,39,17,22,0,1,1768976371,2026-01-21 01:22:45
1879859065051787718,16,12,4,4,1,1768976370,2026-01-21 01:22:45
cd5e7c3e-c618-416a-ae99-b509bd56e1b2,6,0,6,22,1,1768976368,2026-01-21 01:22:45
1860189426558126796,10,1,9,12,1,1768976367,2026-01-21 01:22:45
e71d152c-c2df-4d3e-a9af-139f2529bac6,12,0,12,4,1,1768976367,2026-01-21 01:22:45
412c1416-d15b-4e6a-9691-da4c3cc0d0d2,36,33,3,25,1,1768976366,2026-01-21 01:22:45
c05cd2e2-74e8-4526-a62b-d631e005fdd8,27,4,23,1,1,1768976395,2026-01-21 01:22:45
f6c33f22-d650-4935-a928-fb693a828b5f,1,1,0,21,1,1768976395,2026-01-21 01:22:45
0e82ab9f-8c93-4302-b9df-342f8135a05c,20,0,20,0,1,1768976395,2026-01-21 01:22:45
bd318c15-5c3d-4e72-9837-3b4bd37707e0,2,2,0,16,1,1768976395,2026-01-21 01:22:45
1989279523593928720,106,86,20,0,1,1768976400,2026-01-21 01:22:45
66db3f01-0aca-11e7-82f6-3863bb44ef7c,38,27,11,9,1,1768976400,2026-01-21 01:22:45
2039088532741595744,41,16,25,12,1,1768976399,2026-01-21 01:22:45
c2291f8e-3b07-4671-82af-2b947825de4a,55,40,15,10,1,1768976400,2026-01-21 01:22:45
20f3a578-4dfa-45ca-a917-b394d77ee08e,17,3,14,12,1,1768976397,2026-01-21 01:22:45
1914337145288845316,16,3,13,6,1,1768976398,2026-01-21 01:22:45
1b28836b-29fd-47a7-9a98-44cd792918fb,34,3,31,15,1,1768976398,2026-01-21 01:22:45
1862788101231526152,16,7,9,14,1,1768976396,2026-01-21 01:22:45
66dbf667-0aca-11e7-82f6-3863bb44ef7c,68,32,36,0,1,1768976396,2026-01-21 01:22:45
22ac9559-d7f1-4dcd-ae3e-f6caf586a455,4,2,2,20,1,1768976397,2026-01-21 01:22:45
66dc209c-0aca-11e7-82f6-3863bb44ef7c,60,38,22,2,1,1768976396,2026-01-21 01:22:45
0579ff13-5d5b-4cbd-bc6e-3e9396591aef,7,2,5,11,1,1768976398,2026-01-21 01:22:45
66de1448-0aca-11e7-82f6-3863bb44ef7c,0,0,0,28,1,1768976398,2026-01-21 01:22:45
2126621026154598618,11,2,9,1,1,1768976398,2026-01-21 01:22:45
66dbce8a-0aca-11e7-82f6-3863bb44ef7c,54,29,25,5,1,1768976399,2026-01-21 01:22:45
e51c8b72-460f-41c2-a5ca-de85d3f46a30,19,8,11,33,1,1768976401,2026-01-21 01:22:45
24f431ca-c2a5-46be-966b-b8d4c3e4b346,3,2,1,11,1,1768976401,2026-01-21 01:22:45
66dcbdc2-0aca-11e7-82f6-3863bb44ef7c,6,3,3,15,1,1768976398,2026-01-21 01:22:45
c5861c24-5ac1-41df-82f1-31748d03e868,56,49,7,9,1,1768976403,2026-01-21 01:22:45
49d2cd03-f508-483f-a7c9-7fd450e5e6db,13,3,10,5,1,1768976403,2026-01-21 01:22:45
30985a9c-afe4-4b98-a72c-2c72bb35603e,4,3,1,13,1,1768976403,2026-01-21 01:22:45
a11a0000-19cf-4053-b3a1-3a5886d7446c,26,12,14,13,1,1768976403,2026-01-21 01:22:45
d319629d-63cf-4765-9f69-5569f35d6469,6,2,4,12,1,1768976404,2026-01-21 01:22:45
9505c2b7-0c3a-4791-8471-d2092a86291f,0,0,0,3,0,1768970904,2026-01-21 01:22:45
2b848257-dc2e-4dd0-b840-d5e046972789,6,0,6,11,1,1768976405,2026-01-21 01:22:45
ed1199e4-d9a6-4d9e-8c81-62bcd7510a11,15,14,1,14,1,1768976406,2026-01-21 01:22:45
c83e1ef5-776e-417e-8ee2-d08ca121f884,6,5,1,20,1,1768976406,2026-01-21 01:22:45
1817432787057164808,18,12,6,1,1,1768976406,2026-01-21 01:22:45
533f25a0-514f-456f-9d87-5fdcb4ee42f4,4,3,1,14,1,1768976401,2026-01-21 01:22:45
bfea6c5b-2e1a-42c5-8199-2ded6042d57b,9,0,9,15,1,1768976401,2026-01-21 01:22:45
66dd2556-0aca-11e7-82f6-3863bb44ef7c,30,11,19,13,1,1768976401,2026-01-21 01:22:45
fbb2d76c-1d47-4fb1-9c07-622fcace38a5,21,0,21,6,1,1768976401,2026-01-21 01:22:45
66dd8bd9-0aca-11e7-82f6-3863bb44ef7c,17,11,6,6,1,1768976402,2026-01-21 01:22:45
66dde9af-0aca-11e7-82f6-3863bb44ef7c,14,10,4,12,1,1768976403,2026-01-21 01:22:45
72196024-6f2b-45cb-9764-609911c7dc0b,15,8,7,33,1,1768976403,2026-01-21 01:22:45
66dccd65-0aca-11e7-82f6-3863bb44ef7c,18,1,17,8,1,1768976403,2026-01-21 01:22:45
ff2869f0-4381-4cf3-863e-a0d776ec53b4,89,44,45,1,1,1768976404,2026-01-21 01:22:45
1835250318514342456,10,1,9,17,1,1768976405,2026-01-21 01:22:45
5d049d4b-0736-4323-834a-1b2454bd6551,14,13,1,10,1,1768976405,2026-01-21 01:22:45
c1144380-c1ac-4315-9b1a-4b4e870ac688,2,1,1,16,1,1768976343,2026-01-21 01:22:45
058ee86d-ce2a-4597-99f7-f78f082b33e3,0,0,0,18,1,1768976344,2026-01-21 01:22:45
c0df5c09-2c07-4689-9fe8-36ed81301d7d,3,2,1,18,1,1768976342,2026-01-21 01:22:45
311269f4-53dc-4f83-b26b-ecb6e8e160ed,4,3,1,15,1,1768976342,2026-01-21 01:22:45
2133952475068346460,36,3,33,16,1,1768976345,2026-01-21 01:22:45
1817432606668538118,12,9,3,13,1,1768976343,2026-01-21 01:22:45
bdefa3e3-aa5a-40eb-b7f8-542de55063e9,7,2,5,11,1,1768976343,2026-01-21 01:22:45
1929513834381415014,4,1,3,16,1,1768976350,2026-01-21 01:22:45
918af7b2-e05c-477a-a8c0-7dcff984c566,9,1,8,29,1,1768976358,2026-01-21 01:22:45
78e93937-53d1-4c9b-99ad-0460f908ed2d,10,9,1,14,1,1768976358,2026-01-21 01:22:45
66de1b5b-0aca-11e7-82f6-3863bb44ef7c,7,4,3,18,1,1768976359,2026-01-21 01:22:45
8603535e-0d7a-4c5b-ae77-27b9f5770bfa,21,15,6,4,1,1768976357,2026-01-21 01:22:45
1791472201147965920,12,4,8,50,1,1768976357,2026-01-21 01:22:45
febf420f-bbec-4044-a3af-69959e018ccb,18,18,0,3,1,1768976357,2026-01-21 01:22:45
66dde2d9-0aca-11e7-82f6-3863bb44ef7c,23,15,8,12,1,1768976360,2026-01-21 01:22:45
b200a8bf-2d79-4511-9a16-ac41e7245622,20,1,19,3,1,1768976359,2026-01-21 01:22:45
1e226f22-034f-4b99-8184-a8eaa591fbd8,14,11,3,32,1,1768976360,2026-01-21 01:22:45
21361381-fd4a-44a4-bfa7-61f075192ce9,7,6,1,17,1,1768976385,2026-01-21 01:22:45
66dd1b65-0aca-11e7-82f6-3863bb44ef7c,27,7,20,30,1,1768976385,2026-01-21 01:22:45
c04cef84-3fcd-4fd9-9e40-8e07453dbe19,5,1,4,12,1,1768976385,2026-01-21 01:22:45
9341ee1c-d456-4858-a451-70cbbd73d084,8,3,5,19,1,1768976386,2026-01-21 01:22:45
5adcaaaf-5386-441d-827c-8d65c4f4405e,1,1,0,20,1,1768976384,2026-01-21 01:22:45
66db30e0-0aca-11e7-82f6-3863bb44ef7c,3,3,0,86,1,1768976384,2026-01-21 01:22:45
1882736039096477712,28,22,6,10,1,1768976385,2026-01-21 01:22:45
19002a4c-3229-450b-ad69-76948696e60d,1,0,1,17,1,1768976387,2026-01-21 01:22:45
1875413335585534272,2,0,2,19,1,1768976386,2026-01-21 01:22:45
cbcbd880-9662-4ab1-b530-781bb101ed1f,4,3,1,12,1,1768976389,2026-01-21 01:22:45
3c21925c-d68e-497c-b501-982d3eb3e852,15,11,4,6,1,1768976388,2026-01-21 01:22:45
91ca68bd-5ac1-470b-a26d-1ec98ea9cca4,13,1,12,11,1,1768976387,2026-01-21 01:22:45
348c5e65-cbc3-4da6-9856-fc253a0ba546,13,10,3,38,1,1768976388,2026-01-21 01:22:45
141ba25c-f4ea-4cec-ae7e-022401e23087,3,2,1,11,1,1768976388,2026-01-21 01:22:45
0f9423bd-98dd-4919-b6e3-28880ff7ecca,4,3,1,14,1,1768976388,2026-01-21 01:22:45
a6287af0-9a9e-4708-b61f-8e758be4b914,14,7,7,5,1,1768976386,2026-01-21 01:22:45
1848241332086049696,1,0,1,20,1,1768976392,2026-01-21 01:22:45
5cb3a92d-f284-477c-bf63-ea72d24e8a7d,11,1,10,6,1,1768976393,2026-01-21 01:22:45
344064f8-e82f-40fb-b235-aff506b77ae5,7,4,3,22,1,1768976392,2026-01-21 01:22:45
fdf21800-6106-4739-b7d5-b379b19e5732,10,5,5,10,1,1768976393,2026-01-21 01:22:45
27c71510-d515-4add-b660-6efd6f225cd1,20,17,3,5,1,1768976393,2026-01-21 01:22:45
65e7908a-a73e-4f8e-9967-0d0677f62bc4,14,4,10,7,1,1768976393,2026-01-21 01:22:45
66db3d2a-0aca-11e7-82f6-3863bb44ef7c,16,0,16,43,1,1768976393,2026-01-21 01:22:45
66dbef85-0aca-11e7-82f6-3863bb44ef7c,31,10,21,4,1,1768976393,2026-01-21 01:22:45
1843486301383097150,3,1,2,20,1,1768976393,2026-01-21 01:22:45
e6a32ec8-fc8b-4ed6-93a2-3ace3921b89d,16,16,0,10,1,1768976393,2026-01-21 01:22:45
99d149f9-ad40-461e-beea-fcbf086f9b5a,23,9,14,43,1,1768976394,2026-01-21 01:22:45
66dc91b5-0aca-11e7-82f6-3863bb44ef7c,20,5,15,25,1,1768976394,2026-01-21 01:22:45
1794096976946852066,37,34,3,27,1,1768976395,2026-01-21 01:22:45
160e21da-6dd2-47ff-8385-e13c8cdce4fa,23,2,21,0,1,1768976392,2026-01-21 01:22:45
66dc1545-0aca-11e7-82f6-3863bb44ef7c,18,4,14,6,1,1768976390,2026-01-21 01:22:45
05b9e7cd-f3a2-4d48-b7c4-f5fbe09d9de3,8,2,6,19,1,1768976390,2026-01-21 01:22:45
8c700e85-cfdb-4eef-ba49-53bd69c004ed,9,2,7,10,1,1768976391,2026-01-21 01:22:45
2053867202510006310,18,4,14,3,1,1768976390,2026-01-21 01:22:45
a35d03cf-bd72-4da4-a4ac-bd25b3f8dce3,15,9,6,3,1,1768976389,2026-01-21 01:22:45
9e3603ee-2b7d-4147-a7b5-48bbd778902c,12,12,0,45,1,1768976389,2026-01-21 01:22:45
3134bce7-0bb9-4a45-9c87-60a8cb681d72,9,5,4,6,1,1768976390,2026-01-21 01:22:45
1835249964093653018,2,0,2,21,1,1768976392,2026-01-21 01:22:45
66ddb41c-0aca-11e7-82f6-3863bb44ef7c,34,23,11,1,1,1768976395,2026-01-21 01:22:45
66dd40dd-0aca-11e7-82f6-3863bb44ef7c,11,9,2,20,1,1768976412,2026-01-21 01:22:45
bf093f72-1d8d-44ae-91b5-e36958a27976,4,0,4,16,1,1768976412,2026-01-21 01:22:45
2e74ea1d-02a0-47bf-9665-dce2d65de8d7,19,8,11,27,1,1768976412,2026-01-21 01:22:45
de449a58-0edf-4d36-91b4-4b313576e945,11,3,8,6,1,1768976412,2026-01-21 01:22:45
66de1af4-0aca-11e7-82f6-3863bb44ef7c,10,7,3,24,1,1768976413,2026-01-21 01:22:45
66dc51e9-0aca-11e7-82f6-3863bb44ef7c,20,11,9,26,1,1768976413,2026-01-21 01:22:45
3bf91ca1-14fd-4e51-858e-36a203f1af2a,2,2,0,15,1,1768976417,2026-01-21 01:22:45
42bf7170-61ab-44a0-aafe-1b89d7271718,15,9,6,14,1,1768976417,2026-01-21 01:22:45
672d71ab-2c23-4bd2-9ed2-34e54aa4b5b5,5,4,1,10,1,1768976417,2026-01-21 01:22:45
66de20c8-0aca-11e7-82f6-3863bb44ef7c,12,11,1,16,1,1768976417,2026-01-21 01:22:45
66dcf394-0aca-11e7-82f6-3863bb44ef7c,10,7,3,20,1,1768976414,2026-01-21 01:22:45
66db3cab-0aca-11e7-82f6-3863bb44ef7c,23,10,13,7,1,1768976414,2026-01-21 01:22:45
1861682960046954694,20,17,3,3,1,1768976415,2026-01-21 01:22:45
1820420129807491554,15,1,14,3,1,1768976415,2026-01-21 01:22:45
66dbc8f5-0aca-11e7-82f6-3863bb44ef7c,61,48,13,7,1,1768976415,2026-01-21 01:22:45
b1f67e5c-7c26-4bf3-a90e-1500a3160d60,5,0,5,18,1,1768976415,2026-01-21 01:22:45
af626e61-9f83-4602-a9b1-038b1c1430e6,14,2,12,2,1,1768976415,2026-01-21 01:22:45
2122552934440059494,3,1,2,13,1,1768976416,2026-01-21 01:22:45
1828966882896859944,0,0,0,17,1,1768976413,2026-01-21 01:22:45
1846086768160082632,22,0,22,2,1,1768976414,2026-01-21 01:22:45
1947313784686131504,11,0,11,7,1,1768976416,2026-01-21 01:22:45
1597ea95-0b6b-425a-8d13-ed86ee0754b5,4,1,3,15,1,1768976427,2026-01-21 01:22:45
9f702c67-b591-4492-ba90-eb3c7e793dad,12,2,10,9,1,1768976427,2026-01-21 01:22:45
2a47ef14-1cbe-4ec6-841d-cc277627fe20,17,15,2,11,1,1768976428,2026-01-21 01:22:45
66dc7957-0aca-11e7-82f6-3863bb44ef7c,21,9,12,55,1,1768976427,2026-01-21 01:22:45
1828969417249358046,5,1,4,14,1,1768976425,2026-01-21 01:22:45
66db6cd4-0aca-11e7-82f6-3863bb44ef7c,44,24,20,6,1,1768976425,2026-01-21 01:22:45
1945125793810207148,5,1,4,12,1,1768976425,2026-01-21 01:22:45
138094a0-cd7d-4014-9b21-4fb2afd3980e,17,12,5,7,1,1768976425,2026-01-21 01:22:45
1786696251091417274,33,17,16,2,1,1768976425,2026-01-21 01:22:45
581d8683-c217-4f96-89cb-b5a94d780b83,1,1,0,75,1,1768976423,2026-01-21 01:22:45
66dd42eb-0aca-11e7-82f6-3863bb44ef7c,0,0,0,60,1,1768976423,2026-01-21 01:22:45
01a1343d-9c7b-4a83-8a5a-a600187f19c4,1,0,1,28,1,1768976423,2026-01-21 01:22:45
d873e463-2dc9-4bf8-86c7-fea8ddaa3a9f,2,2,0,14,1,1768976424,2026-01-21 01:22:45
74a1dc19-f894-4246-99f1-476a92452995,4,2,2,21,1,1768976423,2026-01-21 01:22:45
daaa3ac1-594c-48d2-9431-a8ced305ed5a,2,2,0,16,1,1768976426,2026-01-21 01:22:45
66dde079-0aca-11e7-82f6-3863bb44ef7c,9,6,3,30,1,1768976427,2026-01-21 01:22:45
1975518396279321266,41,35,6,33,1,1768976424,2026-01-21 01:22:45
66de2625-0aca-11e7-82f6-3863bb44ef7c,15,7,8,18,1,1768976424,2026-01-21 01:22:45
7a701539-2c10-4abe-803f-525785ebb7fb,0,0,0,21,1,1768976429,2026-01-21 01:22:45
1e590819-53fd-415c-bc28-aed605ad3bcb,5,1,4,11,1,1768976429,2026-01-21 01:22:45
66dc0c53-0aca-11e7-82f6-3863bb44ef7c,12,4,8,8,1,1768976424,2026-01-21 01:22:45
1834145064843958330,16,4,12,4,1,1768976424,2026-01-21 01:22:45
904930bd-2671-4695-9c1a-8a894b041129,12,12,0,53,1,1768976428,2026-01-21 01:22:45
1286480d-5d6d-4a47-9fac-e156dba2b6fc,30,15,15,26,1,1768976431,2026-01-21 01:22:45
e7739b9e-7cc6-4cbb-98d3-669b8e2ae98b,5,0,5,16,1,1768976431,2026-01-21 01:22:45
66dd4051-0aca-11e7-82f6-3863bb44ef7c,29,23,6,18,1,1768976431,2026-01-21 01:22:45
1869754328201607270,3,0,3,13,1,1768976432,2026-01-21 01:22:45
1882735162923150168,23,5,18,1,1,1768976432,2026-01-21 01:22:45
1d977221-b2b5-4fa2-bba0-b00136834fb3,4,0,4,14,1,1768976432,2026-01-21 01:22:45
66de07ec-0aca-11e7-82f6-3863bb44ef7c,21,1,20,4,1,1768976432,2026-01-21 01:22:45
aa8270ec-4441-47d2-854b-5852e65fae66,2,0,2,16,1,1768976433,2026-01-21 01:22:45
1c82b223-42ba-4d15-8e8a-bd8ae2a57cde,6,3,3,10,1,1768976433,2026-01-21 01:22:45
943be327-0320-4ae1-8eb0-8a56f86a4fb6,8,4,4,16,1,1768976433,2026-01-21 01:22:45
1861680103893703034,5,5,0,15,1,1768976433,2026-01-21 01:22:45
66dcbb2c-0aca-11e7-82f6-3863bb44ef7c,11,3,8,16,1,1768976433,2026-01-21 01:22:45
1823008917260927616,17,5,12,7,1,1768976430,2026-01-21 01:22:45
66de5d57-0aca-11e7-82f6-3863bb44ef7c,0,0,0,21,1,1768976430,2026-01-21 01:22:45
cb04be8e-8edc-4c9d-bfc0-76f94e3a3d9b,33,1,32,9,1,1768976430,2026-01-21 01:22:45
8fc95e31-b025-4d2b-b5aa-240465366480,13,12,1,8,1,1768976430,2026-01-21 01:22:45
84b30f68-5404-453a-ae86-a2baff03a2c9,2,0,2,14,1,1768976431,2026-01-21 01:22:45
b636a06c-c10e-417a-ac22-14cadb8f8993,16,5,11,2,1,1768976429,2026-01-21 01:22:45
66db3aa3-0aca-11e7-82f6-3863bb44ef7c,41,38,3,11,1,1768976429,2026-01-21 01:22:45
66dc86d9-0aca-11e7-82f6-3863bb44ef7c,48,0,48,16,1,1768976429,2026-01-21 01:22:45
66ddb7bf-0aca-11e7-82f6-3863bb44ef7c,27,27,0,21,1,1768976429,2026-01-21 01:22:45
454b4a83-d0b1-42a2-8163-261e2a9d6ab9,29,19,10,50,1,1768976429,2026-01-21 01:22:45
1d8e51b0-8131-4c1f-93fb-f04952c157c0,3,0,3,24,1,1768976429,2026-01-21 01:22:45
66de56e5-0aca-11e7-82f6-3863bb44ef7c,21,2,19,3,1,1768976430,2026-01-21 01:22:45
4780d9d1-b886-4e72-9d18-cb152f73e10a,2,1,1,17,1,1768976434,2026-01-21 01:22:45
66db2953-0aca-11e7-82f6-3863bb44ef7c,46,4,42,3,1,1768976434,2026-01-21 01:22:45
66db4158-0aca-11e7-82f6-3863bb44ef7c,26,22,4,9,1,1768976434,2026-01-21 01:22:45
531e6d94-5f4c-4ef0-9c83-47191be9d8f9,1,1,0,16,1,1768976434,2026-01-21 01:22:45
66dd1ad8-0aca-11e7-82f6-3863bb44ef7c,17,1,16,6,1,1768976431,2026-01-21 01:22:45
2126624466406238560,8,3,5,3,1,1768976434,2026-01-21 01:22:45
1786698158713921798,23,2,21,17,1,1768976438,2026-01-21 01:22:45
66db8fde-0aca-11e7-82f6-3863bb44ef7c,40,21,19,11,1,1768976438,2026-01-21 01:22:45
8a24490d-d5c5-4bac-9e36-56967834fc10,0,0,0,20,1,1768976438,2026-01-21 01:22:45
026fd07d-d810-45dc-9237-a3d84dce4fa9,11,2,9,11,1,1768976438,2026-01-21 01:22:45
6f484a9d-c535-451e-a18f-f3afdc0a27af,31,9,22,8,1,1768976439,2026-01-21 01:22:45
95a52ce4-3597-47d1-8d6f-427cb3b8ca6a,1,0,1,22,1,1768976436,2026-01-21 01:22:45
dba67615-a7e0-4c44-ab1b-b464033ec9b9,16,7,9,3,1,1768976436,2026-01-21 01:22:45
66dbf442-0aca-11e7-82f6-3863bb44ef7c,24,16,8,54,1,1768976436,2026-01-21 01:22:45
9459fca8-b044-4ed1-8f2c-c5db11ba868f,9,2,7,19,1,1768976436,2026-01-21 01:22:45
8cb0375d-bcb2-4c90-9773-41c3c8fdf8d8,19,9,10,62,1,1768976436,2026-01-21 01:22:45
98af0e1d-ea33-4c6e-95fe-97846e81081e,14,12,2,6,1,1768976436,2026-01-21 01:22:45
ab79da3d-f92a-42de-a76d-e05b5d7e724c,0,0,0,14,1,1768976436,2026-01-21 01:22:45
0183d7d4-9e11-4429-94db-666a31239871,16,3,13,9,1,1768976435,2026-01-21 01:22:45
30d6520e-b612-4240-a9ff-eec12b02b263,7,4,3,11,1,1768976435,2026-01-21 01:22:45
1846449740982645546,16,0,16,3,1,1768976435,2026-01-21 01:22:45
10c13fe2-34cb-4aff-bea1-4f5ce877769b,8,4,4,7,1,1768976439,2026-01-21 01:22:45
30a75e12-5327-48f0-8155-3925aa934054,6,6,0,12,1,1768976439,2026-01-21 01:22:45
88bf1344-354f-4699-bdbd-1c2584fc41ee,30,4,26,5,1,1768976440,2026-01-21 01:22:45
c1c33a35-751f-4dd6-baef-82db46f7ab46,9,3,6,22,1,1768976440,2026-01-21 01:22:45
de0c1800-f7cc-41b4-ab7a-c9d219180d06,5,3,2,55,1,1768976440,2026-01-21 01:22:45
26568d39-db49-4354-a5c1-c81a3c856285,6,0,6,11,1,1768976440,2026-01-21 01:22:45
66dbe250-0aca-11e7-82f6-3863bb44ef7c,2,1,1,15,1,1768976437,2026-01-21 01:22:45
1851955603137491568,29,1,28,1,1,1768976438,2026-01-21 01:22:45
96a4da57-107a-43d1-8828-4749d5555461,9,0,9,21,1,1768976437,2026-01-21 01:22:45
2c2cdc55-52a3-4140-b4d3-8409a98f130f,9,5,4,16,1,1768976437,2026-01-21 01:22:45
1860187692409078310,5,0,5,17,1,1768976437,2026-01-21 01:22:45
39112ced-337f-4b71-9df6-291cd4265cc9,21,2,19,1,1,1768976435,2026-01-21 01:22:45
16cbe771-8fca-4437-b9d2-374e00da6c3a,11,2,9,10,1,1768976435,2026-01-21 01:22:45
ad037fe2-4a28-4b55-863c-229aada0b43a,6,0,6,13,1,1768976439,2026-01-21 01:22:45
403c310e-26d5-4db5-9928-13c38b25053d,16,15,1,7,1,1768976440,2026-01-21 01:22:45
4cd5a87d-7618-4a15-892d-8cf29eec865c,17,4,13,1,1,1768976440,2026-01-21 01:22:45
66dca6f4-0aca-11e7-82f6-3863bb44ef7c,6,5,1,27,1,1768976440,2026-01-21 01:22:45
66dcec6b-0aca-11e7-82f6-3863bb44ef7c,10,9,1,26,1,1768976441,2026-01-21 01:22:45
2126624772423916318,6,1,5,3,1,1768976440,2026-01-21 01:22:45
b5010362-af16-4357-8fb7-5958576954c0,9,1,8,19,1,1768976441,2026-01-21 01:22:45
5b0b689f-9bd2-4743-b4cc-d4629a9a709b,18,3,15,4,1,1768976441,2026-01-21 01:22:45
17c45d34-0d8d-46ba-9078-e9a2a7c5867c,1,1,0,29,1,1768976442,2026-01-21 01:22:45
c0b541ae-9e66-4739-babb-483180747dc2,4,2,2,13,1,1768976442,2026-01-21 01:22:45
d55dd622-0ced-4e4d-9ea5-2ef2cb6481a9,18,9,9,17,1,1768976442,2026-01-21 01:22:45
9e9acfaf-0bbf-4bc2-a825-b2befb6bee55,23,14,9,9,1,1768976443,2026-01-21 01:22:45
77a498ea-5693-46cc-a4b1-6e428f574797,16,0,16,8,1,1768976443,2026-01-21 01:22:45
97bcf094-ad77-4743-9c94-832c7300c090,4,1,3,12,1,1768976442,2026-01-21 01:22:45
66dba0ba-0aca-11e7-82f6-3863bb44ef7c,12,3,9,27,1,1768976441,2026-01-21 01:22:45
66db237e-0aca-11e7-82f6-3863bb44ef7c,23,12,11,31,1,1768976443,2026-01-21 01:22:45
9e99abca-c679-4788-9a4e-39066660bd6a,8,4,4,9,1,1768976444,2026-01-21 01:22:45
66db3a1e-0aca-11e7-82f6-3863bb44ef7c,8,8,0,12,1,1768976444,2026-01-21 01:22:45
1860187301567054286,6,4,2,11,1,1768976445,2026-01-21 01:22:45
66db6387-0aca-11e7-82f6-3863bb44ef7c,87,67,20,23,1,1768976443,2026-01-21 01:22:45
1877651952425321214,7,0,7,10,1,1768976443,2026-01-21 01:22:45
d56a8542-048a-4aca-ac7f-f27a9e6c908b,12,3,9,14,1,1768976443,2026-01-21 01:22:45
8f9ce302-2a6d-443c-8fe0-625b20021ea2,12,4,8,12,1,1768976441,2026-01-21 01:22:45
66dc4bd9-0aca-11e7-82f6-3863bb44ef7c,70,52,18,24,1,1768976441,2026-01-21 01:22:45
a1cf7115-8e38-4300-aac8-3a2fddca0e23,20,7,13,13,1,1768976446,2026-01-21 01:22:45
66de06ef-0aca-11e7-82f6-3863bb44ef7c,19,2,17,5,1,1768976446,2026-01-21 01:22:45
6853d09a-cbd8-4378-bc23-02e8bba0b4da,3,1,2,19,1,1768976446,2026-01-21 01:22:45
66dc36c3-0aca-11e7-82f6-3863bb44ef7c,51,9,42,29,1,1768976446,2026-01-21 01:22:45
66de2131-0aca-11e7-82f6-3863bb44ef7c,17,15,2,20,1,1768976446,2026-01-21 01:22:45
1900647078394106472,6,2,4,11,1,1768976446,2026-01-21 01:22:45
56e18295-f760-4bf3-8aa3-5a1e4ebf606f,6,1,5,14,1,1768976446,2026-01-21 01:22:45
1960020540642077008,24,18,6,24,1,1768976446,2026-01-21 01:22:45
66de1f17-0aca-11e7-82f6-3863bb44ef7c,31,30,1,3,1,1768976447,2026-01-21 01:22:45
66dd4de9-0aca-11e7-82f6-3863bb44ef7c,0,0,0,52,1,1768976447,2026-01-21 01:22:45
fbee1143-e93f-418d-b6bc-8fde4a9a8746,15,8,7,33,1,1768976448,2026-01-21 01:22:45
89171660-8cef-443f-8f75-67503532d1ce,12,2,10,6,1,1768976447,2026-01-21 01:22:45
1835246815877178358,10,3,7,10,1,1768976447,2026-01-21 01:22:45
09a0c507-7cda-4f3f-9988-78de0baa28e4,5,2,3,14,1,1768976448,2026-01-21 01:22:45
9157a3bc-43fa-4221-8bb8-17273fc09540,17,8,9,7,1,1768976446,2026-01-21 01:22:45
653ba606-f397-41e6-adc4-f775bf2d0c9f,12,0,12,10,1,1768976446,2026-01-21 01:22:45
d5788cfa-817e-4b65-b43f-edda222a3c3c,13,9,4,11,1,1768976447,2026-01-21 01:22:45
66dcca76-0aca-11e7-82f6-3863bb44ef7c,0,0,0,22,1,1768976449,2026-01-21 01:22:45
17aeb1e3-fd18-4cf9-9473-17dfa5b0a312,13,11,2,10,1,1768976449,2026-01-21 01:22:45
2126274178538511162,8,0,8,3,1,1768976449,2026-01-21 01:22:45
66dd470b-0aca-11e7-82f6-3863bb44ef7c,10,7,3,34,1,1768976449,2026-01-21 01:22:45
dd8627c8-4190-4a30-8758-e77a7b010437,8,4,4,39,1,1768976450,2026-01-21 01:22:45
c702c094-b08f-449d-a41d-b3724f147491,3,3,0,18,1,1768976445,2026-01-21 01:22:45
ab40ffde-f331-4194-adab-cb8c60b63f28,7,5,2,18,1,1768976445,2026-01-21 01:22:45
66de47bf-0aca-11e7-82f6-3863bb44ef7c,14,6,8,2,1,1768976441,2026-01-21 01:22:45
db02e1ea-acc1-4f45-8e3c-d37468b0b5a6,0,0,0,18,1,1768976441,2026-01-21 01:22:45
e15a5c77-70b0-4b9d-9eae-f10ddda7d994,0,0,0,22,1,1768976441,2026-01-21 01:22:45
acfeadeb-73bb-4ec3-b809-78675b01af74,5,4,1,15,1,1768976444,2026-01-21 01:22:45
b1f3eb8c-07f9-479f-a8ab-f04e094bc7d0,9,3,6,11,1,1768976455,2026-01-21 01:22:45
18d980e5-ba08-4bc3-832e-03eb71865768,20,12,8,3,1,1768976455,2026-01-21 01:22:45
0f51cb84-e386-44ac-947f-a969f7617d17,17,4,13,6,1,1768976456,2026-01-21 01:22:45
66db8c10-0aca-11e7-82f6-3863bb44ef7c,22,11,11,13,1,1768976456,2026-01-21 01:22:45
6fcad2af-c3e2-47a4-8942-023ae4047e67,12,8,4,5,1,1768976456,2026-01-21 01:22:45
16e17ca1-b2dc-47d0-8c8b-199cb4736fe7,9,5,4,10,1,1768976450,2026-01-21 01:22:45
016ee47a-4871-4209-91cb-bf3ceeddc991,8,5,3,10,1,1768976450,2026-01-21 01:22:45
d473f31f-68f2-4777-a364-ed127db04345,9,3,6,7,1,1768976450,2026-01-21 01:22:45
1838617691511229014,8,8,0,15,1,1768976451,2026-01-21 01:22:45
cae4f2f4-9642-474c-95cc-6cc07592f120,1,1,0,33,1,1768976452,2026-01-21 01:22:45
490ca6cc-c2a2-4838-acf0-4704ed60dc51,21,18,3,28,1,1768976453,2026-01-21 01:22:45
1817627670084542818,11,2,9,11,1,1768976455,2026-01-21 01:22:45
66dc28bd-0aca-11e7-82f6-3863bb44ef7c,1,1,0,55,1,1768976453,2026-01-21 01:22:45
1828968994833044184,9,1,8,10,1,1768976453,2026-01-21 01:22:45
7efcb97f-6c8f-4445-86a9-3f758a822f17,20,20,0,21,1,1768976454,2026-01-21 01:22:45
4223f276-a4d4-45e0-b914-67f5ef1e81ba,3,1,2,20,1,1768976451,2026-01-21 01:22:45
1823008749757202820,14,1,13,8,1,1768976451,2026-01-21 01:22:45
66de4408-0aca-11e7-82f6-3863bb44ef7c,11,5,6,11,1,1768976452,2026-01-21 01:22:45
2123940513700131194,9,6,3,6,1,1768976452,2026-01-21 01:22:45
05c5e17c-7aa9-49b7-9da3-9db4858ec1fc,24,20,4,1,1,1768976451,2026-01-21 01:22:45
557f8d40-dec1-4c61-bd03-a0d1a6ea0e4b,24,11,13,4,1,1768976451,2026-01-21 01:22:45
66db6e49-0aca-11e7-82f6-3863bb44ef7c,2,0,2,43,1,1768976453,2026-01-21 01:22:45
72796825-88b1-43a0-bb6d-2b41d337b1fc,27,15,12,3,1,1768976453,2026-01-21 01:22:45
9dde927d-9984-4f97-bcd0-fbcb59e6ca66,12,2,10,6,1,1768976453,2026-01-21 01:22:45
2c366f4b-8319-41bf-ab8e-2fba3a952feb,7,7,0,43,1,1768976454,2026-01-21 01:22:45
2121033124458338894,9,1,8,4,1,1768976454,2026-01-21 01:22:45
2a9e2320-083d-4044-aedf-0c15ecfefe61,4,2,2,18,1,1768976457,2026-01-21 01:22:45
897e8739-ee1d-4b2e-b151-ad7e64e87697,15,6,9,13,1,1768976456,2026-01-21 01:22:45
66dd9213-0aca-11e7-82f6-3863bb44ef7c,14,12,2,27,1,1768976457,2026-01-21 01:22:45
66db29e6-0aca-11e7-82f6-3863bb44ef7c,10,8,2,7,1,1768976457,2026-01-21 01:22:45
09b00240-4c2a-4900-9d09-f13344461c02,14,9,5,4,1,1768976457,2026-01-21 01:22:45
66de4c32-0aca-11e7-82f6-3863bb44ef7c,14,0,14,8,1,1768976457,2026-01-21 01:22:45
062f0ac2-b3b6-4c15-b470-92ce9b592635,14,4,10,5,1,1768976457,2026-01-21 01:22:45
720c0d64-7828-4dba-bff9-4d99f4e3a9fc,6,4,2,15,1,1768976457,2026-01-21 01:22:45
833bc8bc-3c32-4481-9c14-9a88aa7accec,16,4,12,22,1,1768976458,2026-01-21 01:22:45
1843486757863039016,14,3,11,6,1,1768976458,2026-01-21 01:22:45
66dde559-0aca-11e7-82f6-3863bb44ef7c,27,27,0,6,1,1768976458,2026-01-21 01:22:45
2126224759932600578,3,2,1,6,1,1768976458,2026-01-21 01:22:45
ab5585c8-c2cf-4bab-96cf-d02eced4f6e3,7,5,2,38,1,1768976458,2026-01-21 01:22:45
2170352212111402482,31,16,15,41,1,1768976458,2026-01-21 01:22:45
66de1a8a-0aca-11e7-82f6-3863bb44ef7c,14,11,3,11,1,1768976458,2026-01-21 01:22:45
1835250080052323168,0,0,0,0,0,86400,2026-01-21 01:22:45
2171903032377767128,0,0,0,0,0,86400,2026-01-21 01:22:45
2171903385631266470,0,0,0,0,0,86400,2026-01-21 01:22:45
2171903970740122034,0,0,0,0,0,86400,2026-01-21 01:22:45
2171902607371571344,0,0,0,0,0,86400,2026-01-21 01:22:45
7cd61426-ed98-434e-9235-56ed856fead6,12,7,5,9,1,1768976366,2026-01-21 01:22:45
bda1fab4-5065-42df-a8ff-514e6064ab6e,20,1,19,0,1,1768976365,2026-01-21 01:22:45
66db5d92-0aca-11e7-82f6-3863bb44ef7c,17,13,4,2,1,1768976366,2026-01-21 01:22:45
a7a175ff-8ffb-477c-a40b-6d47ce92305d,15,5,10,6,1,1768976366,2026-01-21 01:22:45
36aaebb9-ef10-41a5-b20b-753bf8a3fed8,2,1,1,15,1,1768976366,2026-01-21 01:22:45
66de0dfd-0aca-11e7-82f6-3863bb44ef7c,28,25,3,10,1,1768976366,2026-01-21 01:22:45
2fe3e166-2d2f-41c8-b522-fdf8ee3ae16f,7,4,3,12,1,1768976366,2026-01-21 01:22:45
66dca5f3-0aca-11e7-82f6-3863bb44ef7c,8,5,3,38,1,1768976366,2026-01-21 01:22:45
66db43b5-0aca-11e7-82f6-3863bb44ef7c,9,7,2,11,1,1768976367,2026-01-21 01:22:45
1849010295160437584,15,7,8,0,1,1768976367,2026-01-21 01:22:45
6dec8948-44c7-4085-9682-446a891feb42,15,1,14,1,1,1768976364,2026-01-21 01:22:45
d4c34830-972f-4cd1-81bb-071df209d065,4,2,2,13,1,1768976364,2026-01-21 01:22:45
1862787688044743624,18,4,14,3,1,1768976364,2026-01-21 01:22:45
1815968345907104578,17,0,17,10,1,1768976364,2026-01-21 01:22:45
66dbf215-0aca-11e7-82f6-3863bb44ef7c,20,3,17,25,1,1768976368,2026-01-21 01:22:45
c1e24edf-7192-433f-8d38-be5b6b3647c5,2,2,0,27,1,1768976368,2026-01-21 01:22:45
c8197f4b-02b0-4cc3-96af-df5fec27a279,2,1,1,13,1,1768976370,2026-01-21 01:22:45
1885440410432338078,1,0,1,21,1,1768976370,2026-01-21 01:22:45
ee1ba75f-baf5-4852-929c-8b7ad310f55a,14,10,4,10,1,1768976370,2026-01-21 01:22:45
a7c09fde-76e8-4a56-b61d-8ca940432efd,1,1,0,22,1,1768976370,2026-01-21 01:22:45
89d4a926-f1ae-4bf2-bf2d-59cff3881579,72,7,65,2,1,1768976368,2026-01-21 01:22:45
23539f3b-fb83-4f34-b8b8-9f1f37b5e646,17,2,15,18,1,1768976365,2026-01-21 01:22:45
1849009794224623642,16,0,16,0,1,1768976371,2026-01-21 01:22:45
014a931b-8e1c-438a-8a22-f267ddd1e0d2,30,7,23,13,1,1768976367,2026-01-21 01:22:45
66dc7e75-0aca-11e7-82f6-3863bb44ef7c,5,3,2,62,1,1768976341,2026-01-21 01:22:45
66dbc7d2-0aca-11e7-82f6-3863bb44ef7c,14,7,7,16,1,1768976342,2026-01-21 01:22:45
d5cb6e67-addb-46d4-93e7-832371736d45,24,1,23,7,1,1768976343,2026-01-21 01:22:45
00d94dfc-3695-47e1-aba6-7f319dd2eb08,2,0,2,20,1,1768976343,2026-01-21 01:22:45
c229f0ca-bdd1-4aa0-8906-a3e809e12889,5,1,4,16,1,1768976340,2026-01-21 01:22:45
70634bc4-4d90-42d4-8f6a-3f29fa8f7f77,7,3,4,27,1,1768976341,2026-01-21 01:22:45
1846086562569586930,13,3,10,5,1,1768976339,2026-01-21 01:22:45
66dd1eb2-0aca-11e7-82f6-3863bb44ef7c,30,22,8,0,1,1768976341,2026-01-21 01:22:45
66dc7802-0aca-11e7-82f6-3863bb44ef7c,15,12,3,37,1,1768976345,2026-01-21 01:22:45
1945126022626996350,5,0,5,20,1,1768976345,2026-01-21 01:22:45
1835247598942507168,2,0,2,16,1,1768976346,2026-01-21 01:22:45
f365afa3-e8a5-439d-975d-6c2b064f30df,1,1,0,27,1,1768976347,2026-01-21 01:22:45
1856767361963389606,17,0,17,0,1,1768976351,2026-01-21 01:22:45
4cfd4097-0aee-4f11-9aea-55f99397bf33,8,7,1,10,1,1768976349,2026-01-21 01:22:45
081d243e-d75e-4e2a-bdae-a990b2397532,9,5,4,13,1,1768976349,2026-01-21 01:22:45
66dbcb2f-0aca-11e7-82f6-3863bb44ef7c,30,30,0,26,1,1768976343,2026-01-21 01:22:45
398ebef6-dcc2-4305-b1d2-47efafdaa85c,2,2,0,18,1,1768976344,2026-01-21 01:22:45
36d80620-9774-487e-8eb0-cf5f18a39321,2,2,0,26,1,1768976344,2026-01-21 01:22:45
1828966227118051662,18,2,16,1,1,1768976345,2026-01-21 01:22:45
1967778612889039234,7,1,6,28,1,1768976346,2026-01-21 01:22:45
d7c56fef-1bf9-4315-85af-8638c534b402,16,15,1,21,1,1768976351,2026-01-21 01:22:45
1dba415a-2c46-419e-838d-7e068b8d7d6f,9,0,9,12,1,1768976352,2026-01-21 01:22:45
266c8621-fdea-4a7e-9d35-18ca1684d526,8,4,4,13,1,1768976352,2026-01-21 01:22:45
66dd3cb4-0aca-11e7-82f6-3863bb44ef7c,0,0,0,2,0,1768962787,2026-01-21 01:22:45
8c2ed08f-1660-4db8-9168-4709427c23ed,10,3,7,7,1,1768976355,2026-01-21 01:22:45
3a51a25f-3e9b-4aea-84ee-39e9a3acc7fd,11,1,10,12,1,1768976355,2026-01-21 01:22:45
89ff4db3-8a29-4565-a366-6fea4b3afc39,13,4,9,6,1,1768976359,2026-01-21 01:22:45
5d101095-011e-4541-ae64-bed8b52807b3,11,9,2,10,1,1768976354,2026-01-21 01:22:45
60c5a043-1367-4a27-96ee-394ba60e2154,20,16,4,8,1,1768976354,2026-01-21 01:22:45
1828968327357059242,2,1,1,19,1,1768976354,2026-01-21 01:22:45
66de4897-0aca-11e7-82f6-3863bb44ef7c,18,0,18,1,1,1768976354,2026-01-21 01:22:45
814dd1a9-100c-4b1b-8110-6319bbd464e9,4,4,0,16,1,1768976353,2026-01-21 01:22:45
7e70b65e-00c1-40d5-984d-17232a4ee05e,40,26,14,4,1,1768976356,2026-01-21 01:22:45
eab2749b-2f79-4797-a0a6-0579b27e6929,16,1,15,22,1,1768976357,2026-01-21 01:22:45
13b82a41-c25b-428f-a07b-5f5d8340c6f2,6,5,1,12,1,1768976357,2026-01-21 01:22:45
2ec2f95c-675c-4c59-856f-1fb38df59fa2,1,1,0,17,1,1768976360,2026-01-21 01:22:45
186092d1-a431-45db-8198-d5ba13334d79,16,3,13,4,1,1768976361,2026-01-21 01:22:45
5782a158-b596-4936-a451-32ccc131a57d,4,2,2,15,1,1768976361,2026-01-21 01:22:45
66dc4334-0aca-11e7-82f6-3863bb44ef7c,23,16,7,1,1,1768976362,2026-01-21 01:22:45
66dc11a7-0aca-11e7-82f6-3863bb44ef7c,78,56,22,5,1,1768976362,2026-01-21 01:22:45
72719900-dd61-40bd-9f4a-40d70c47590c,9,5,4,18,1,1768976364,2026-01-21 01:22:45
bcd3ee0f-21d7-4cc8-ac45-ccea48b6fc1b,10,6,4,12,1,1768976360,2026-01-21 01:22:45
1786696780996714874,16,7,9,12,1,1768976364,2026-01-21 01:22:45
1828967208126648828,9,4,5,9,1,1768976372,2026-01-21 01:22:45
ba7bf20d-b6bc-43dd-bf30-acb940eaeec8,2,0,2,14,1,1768976374,2026-01-21 01:22:45
c0ce2a38-04f5-4333-8818-2a3faa84f214,27,6,21,0,1,1768976375,2026-01-21 01:22:45
7a8bf573-275f-41d5-ad8b-1ff9ee7c2dce,10,3,7,14,1,1768976371,2026-01-21 01:22:45
66de0c43-0aca-11e7-82f6-3863bb44ef7c,25,1,24,1,1,1768976376,2026-01-21 01:22:45
3c73cc9f-3c09-4ac4-a4ea-22b4f027bf23,16,3,13,5,1,1768976376,2026-01-21 01:22:45
fe6f022b-7fdb-44fe-80bb-cbfc500959bf,4,1,3,17,1,1768976373,2026-01-21 01:22:45
66dcb9f7-0aca-11e7-82f6-3863bb44ef7c,5,0,5,18,1,1768976373,2026-01-21 01:22:45
1835244925191295588,2,2,0,19,1,1768976374,2026-01-21 01:22:45
5b4a90b8-426d-4a40-a7ca-87e51d690883,20,19,1,17,1,1768976373,2026-01-21 01:22:45
454fe70c-1d53-4af2-a9ea-1d4bd9f59799,2,1,1,17,1,1768976376,2026-01-21 01:22:45
66dcc920-0aca-11e7-82f6-3863bb44ef7c,3,1,2,15,1,1768976377,2026-01-21 01:22:45
d29ea280-8b64-4a35-b12b-245525ae2a3a,24,15,9,28,1,1768976377,2026-01-21 01:22:45
32d3adc3-c3dd-4a97-a4db-95d467f3c3aa,1,0,1,30,1,1768976377,2026-01-21 01:22:45
3d340fc5-8c86-4d5e-974d-ae28958e61e8,10,8,2,44,1,1768976377,2026-01-21 01:22:45
2ad41c1f-5636-4a63-ad52-761e2613061a,0,0,0,19,1,1768976381,2026-01-21 01:22:45
66db5f40-0aca-11e7-82f6-3863bb44ef7c,34,27,7,5,1,1768976382,2026-01-21 01:22:45
66db3898-0aca-11e7-82f6-3863bb44ef7c,11,9,2,20,1,1768976382,2026-01-21 01:22:45
66dcf922-0aca-11e7-82f6-3863bb44ef7c,17,8,9,12,1,1768976383,2026-01-21 01:22:45
1875395639434791520,0,0,0,18,1,1768976383,2026-01-21 01:22:45
66dde271-0aca-11e7-82f6-3863bb44ef7c,19,7,12,25,1,1768976383,2026-01-21 01:22:45
676b7b4d-b1c0-4c97-8ac3-5fe665e51108,0,0,0,23,1,1768976383,2026-01-21 01:22:45
7c7cb750-6613-48a4-bfae-9240968f1fad,24,16,8,14,1,1768976380,2026-01-21 01:22:45
1879828885264130640,12,5,7,7,1,1768976380,2026-01-21 01:22:45
1828969634783171152,19,3,16,0,1,1768976380,2026-01-21 01:22:45
46bdd925-fb6c-4654-85d8-e0db4da62abf,24,8,16,12,1,1768976380,2026-01-21 01:22:45
66dcba5e-0aca-11e7-82f6-3863bb44ef7c,0,0,0,18,1,1768976380,2026-01-21 01:22:45
8ea3301f-6940-4e0f-80f0-7a3e54b2eaa5,3,3,0,14,1,1768976378,2026-01-21 01:22:45
1835249197527877718,0,0,0,18,1,1768976378,2026-01-21 01:22:45
5a5a38d1-f28d-4e51-bf85-27bb384135c7,29,0,29,3,1,1768976382,2026-01-21 01:22:45
16836c76-c412-4ec3-bac8-3c6a5a3d9745,4,2,2,14,1,1768976381,2026-01-21 01:22:45
66db4417-0aca-11e7-82f6-3863bb44ef7c,51,44,7,3,1,1768976389,2026-01-21 01:22:45
f6143531-4a16-4aac-9b55-573ef7ef162e,12,1,11,8,1,1768976389,2026-01-21 01:22:45
1ecc9936-ee0c-44b2-baa8-237564c8e4fd,42,16,26,2,1,1768976390,2026-01-21 01:22:45
76c1ef9c-3984-4b4e-bff4-5c398e2395bd,14,10,4,9,1,1768976386,2026-01-21 01:22:45
971cddfa-695e-4b44-ba8b-26154ab4a83b,6,5,1,11,1,1768976386,2026-01-21 01:22:45
66dbbeda-0aca-11e7-82f6-3863bb44ef7c,27,15,12,50,1,1768976386,2026-01-21 01:22:45
3edec530-4791-4872-8912-2a2397a903a4,40,19,21,28,1,1768976386,2026-01-21 01:22:45
66db460d-0aca-11e7-82f6-3863bb44ef7c,28,0,28,1,1,1768976387,2026-01-21 01:22:45
1835246516012366338,8,3,5,12,1,1768976388,2026-01-21 01:22:45
1857217349795049790,4,1,3,11,1,1768976390,2026-01-21 01:22:45
8b830188-101e-44bf-a755-5e6c611e3edc,21,0,21,5,1,1768976390,2026-01-21 01:22:45
66dbeb1b-0aca-11e7-82f6-3863bb44ef7c,12,9,3,27,1,1768976391,2026-01-21 01:22:45
0b857ee5-3d10-4152-952e-95fbaf06677a,6,6,0,23,1,1768976391,2026-01-21 01:22:45
1b962833-d769-418e-b1ef-5a183bb5eb1a,11,1,10,5,1,1768976391,2026-01-21 01:22:45
8ec47777-852d-4059-a5ea-12eef71a9606,36,5,31,0,1,1768976384,2026-01-21 01:22:45
7b0227aa-bbf5-4731-a49a-765b4afac483,30,9,21,43,1,1768976384,2026-01-21 01:22:45
e63c8dac-ab44-48c8-83a0-92c53a00f12e,2,2,0,28,1,1768976385,2026-01-21 01:22:45
66dccc99-0aca-11e7-82f6-3863bb44ef7c,7,0,7,23,1,1768976385,2026-01-21 01:22:45
5ffde991-1125-443e-bc97-6827b2b9c97b,14,7,7,8,1,1768976389,2026-01-21 01:22:45
66dc42a0-0aca-11e7-82f6-3863bb44ef7c,20,12,8,5,1,1768976388,2026-01-21 01:22:45
fcb1c3a3-04b6-45cf-bc9a-deb71198804e,1,1,0,16,1,1768976385,2026-01-21 01:22:45
66dc8025-0aca-11e7-82f6-3863bb44ef7c,69,63,6,13,1,1768976384,2026-01-21 01:22:45
44a43ebf-cacf-4251-9ceb-e1c331ef1673,0,0,0,17,1,1768976385,2026-01-21 01:22:45
7c42f9fc-d280-4841-ad96-e3cc53ee3759,15,3,12,7,1,1768976385,2026-01-21 01:22:45
61c82689-3f4c-495d-8f44-e71de8f04088,13,3,10,65,1,1768976395,2026-01-21 01:22:45
ab29ce96-c2e8-4929-b27b-e0fe4aae17d5,8,1,7,9,1,1768976396,2026-01-21 01:22:45
1d440638-ec50-4ccb-9a82-0e3247a87c63,37,13,24,2,1,1768976396,2026-01-21 01:22:45
3d6b7c84-7e5a-454d-aa9d-c66eb92383be,7,4,3,14,1,1768976396,2026-01-21 01:22:45
566935d6-4d66-4b42-9822-f2a816e357b9,11,5,6,12,1,1768976396,2026-01-21 01:22:45
1848242143834868452,14,1,13,2,1,1768976396,2026-01-21 01:22:45
1791188268875152272,44,15,29,4,1,1768976396,2026-01-21 01:22:45
66dbecd0-0aca-11e7-82f6-3863bb44ef7c,28,18,10,18,1,1768976391,2026-01-21 01:22:45
1a92d2d3-ddf1-4f34-b28c-ce7a064b9a3e,9,3,6,11,1,1768976391,2026-01-21 01:22:45
174bf571-e597-463d-84bc-611c4a13d85e,0,0,0,27,1,1768976392,2026-01-21 01:22:45
ce700c09-6095-4b20-ab65-07defdd1a7d7,13,0,13,6,1,1768976391,2026-01-21 01:22:45
66dc0f1b-0aca-11e7-82f6-3863bb44ef7c,64,51,13,3,1,1768976392,2026-01-21 01:22:45
1984510483573713186,21,6,15,39,1,1768976392,2026-01-21 01:22:45
ee70b21e-4a95-4bdf-802c-50f83a76971d,6,4,2,19,1,1768976393,2026-01-21 01:22:45
66dd1bf3-0aca-11e7-82f6-3863bb44ef7c,33,2,31,9,1,1768976392,2026-01-21 01:22:45
66db3fc9-0aca-11e7-82f6-3863bb44ef7c,23,11,12,20,1,1768976392,2026-01-21 01:22:45
201edb67-d071-4b67-bafd-131e5c273e9f,16,1,15,3,1,1768976393,2026-01-21 01:22:45
c36cfa58-29fe-4c0c-a14f-41c3463487fd,2,1,1,18,1,1768976393,2026-01-21 01:22:45
90fca941-2212-43bf-b104-ce32c4270d4d,1,1,0,18,1,1768976397,2026-01-21 01:22:45
66dbefee-0aca-11e7-82f6-3863bb44ef7c,4,2,2,10,1,1768976394,2026-01-21 01:22:45
66dd9b0f-0aca-11e7-82f6-3863bb44ef7c,24,18,6,15,1,1768976394,2026-01-21 01:22:45
3893eeef-06a8-47b1-95f2-a85454f7d5c9,4,0,4,16,1,1768976394,2026-01-21 01:22:45
dfb8b9c8-3006-4b76-963a-95f7471dc0a8,18,6,12,2,1,1768976394,2026-01-21 01:22:45
af72781c-fe0b-4b73-a7df-201f9780ea9c,47,32,15,2,1,1768976395,2026-01-21 01:22:45
8d8a381c-21df-4095-837e-65924d85a06d,1,1,0,19,1,1768976395,2026-01-21 01:22:45
b4ae292d-5e89-4c58-8154-0496893394b5,0,0,0,22,1,1768976395,2026-01-21 01:22:45
66db728c-0aca-11e7-82f6-3863bb44ef7c,10,9,1,47,1,1768976398,2026-01-21 01:22:45
1838999304404452058,16,1,15,4,1,1768976397,2026-01-21 01:22:45
c72970e7-7f1a-4671-bf55-fc34be7c9413,13,3,10,3,1,1768976398,2026-01-21 01:22:45
18b19467-28ac-4496-b3e4-f6028b1c5105,26,21,5,2,1,1768976398,2026-01-21 01:22:45
82b97827-1801-4b7b-b3de-16447a8dd025,6,6,0,12,1,1768976398,2026-01-21 01:22:45
66dc210e-0aca-11e7-82f6-3863bb44ef7c,15,14,1,16,1,1768976396,2026-01-21 01:22:45
2124425954553309758,11,7,4,1,1,1768976400,2026-01-21 01:22:45
66db930d-0aca-11e7-82f6-3863bb44ef7c,17,8,9,9,1,1768976400,2026-01-21 01:22:45
1848241879913802606,17,8,9,1,1,1768976400,2026-01-21 01:22:45
1861681740276243358,11,9,2,9,1,1768976400,2026-01-21 01:22:45
66dcc3e5-0aca-11e7-82f6-3863bb44ef7c,3,1,2,17,1,1768976403,2026-01-21 01:22:45
66de18d7-0aca-11e7-82f6-3863bb44ef7c,14,0,14,6,1,1768976403,2026-01-21 01:22:45
1808184356986544410,8,4,4,22,1,1768976404,2026-01-21 01:22:45
66dc462a-0aca-11e7-82f6-3863bb44ef7c,74,48,26,4,1,1768976404,2026-01-21 01:22:45
981f1311-004f-41c3-ba5b-3679f78aeb70,13,1,12,4,1,1768976404,2026-01-21 01:22:45
b976906e-81c4-44c5-a160-e17815c0d47b,5,2,3,23,1,1768976402,2026-01-21 01:22:45
66dce660-0aca-11e7-82f6-3863bb44ef7c,9,2,7,15,1,1768976403,2026-01-21 01:22:45
c829b6af-002b-4d04-af56-6924d4ad0aa2,1,1,0,26,1,1768976401,2026-01-21 01:22:45
1864605926072998676,4,3,1,14,1,1768976401,2026-01-21 01:22:45
66dc8d1d-0aca-11e7-82f6-3863bb44ef7c,10,1,9,48,1,1768976401,2026-01-21 01:22:45
66db2f4c-0aca-11e7-82f6-3863bb44ef7c,32,21,11,45,1,1768976401,2026-01-21 01:22:45
6cb5fac5-f7e8-4ec9-94cf-816771d91ecd,22,3,19,5,1,1768976409,2026-01-21 01:22:45
f3f46097-54cf-4c30-805a-6b2a4851eed7,4,3,1,20,1,1768976409,2026-01-21 01:22:45
6fefe1b3-5f0d-47aa-b1dd-cec211239950,2,0,2,20,1,1768976407,2026-01-21 01:22:45
b9b58379-b29a-4fa8-ba72-c647728e1686,14,12,2,4,1,1768976407,2026-01-21 01:22:45
0e3dedfb-df10-4900-a67b-95349a81bc5c,24,2,22,0,1,1768976409,2026-01-21 01:22:45
9be6c750-85b6-4e81-bace-1a8ffe941d7b,3,0,3,16,1,1768976410,2026-01-21 01:22:45
2126965369631090816,8,3,5,7,1,1768976269,2026-01-21 01:22:45
d7a7789b-a052-4a69-a4ec-59436b0f8d75,7,0,7,10,1,1768976410,2026-01-21 01:22:45
178bad16-1b02-4264-94c0-a8fd0faa60fe,3,3,0,31,1,1768976411,2026-01-21 01:22:45
1861682182353914188,11,1,10,8,1,1768976408,2026-01-21 01:22:45
00d3e65e-b614-4408-aaa9-939ed96ce645,29,27,2,21,1,1768976408,2026-01-21 01:22:45
1861680383828308814,10,10,0,8,1,1768976408,2026-01-21 01:22:45
914e3e7c-87da-4f52-aa03-5449c6361fa2,6,3,3,9,1,1768976408,2026-01-21 01:22:45
74f913d2-6eac-49ce-bd6d-53a06fa855a6,6,3,3,14,1,1768976405,2026-01-21 01:22:45
e3470e29-934c-41f1-8fe7-82135ed2d620,2,0,2,55,1,1768976405,2026-01-21 01:22:45
66ddbdb1-0aca-11e7-82f6-3863bb44ef7c,11,4,7,10,1,1768976405,2026-01-21 01:22:45
66de4b0b-0aca-11e7-82f6-3863bb44ef7c,26,8,18,4,1,1768976408,2026-01-21 01:22:45
1869439170989701358,14,2,12,7,1,1768976408,2026-01-21 01:22:45
4e862dc1-0652-4f29-a26f-315d763df67d,18,13,5,37,1,1768976412,2026-01-21 01:22:45
023127f2-a6e0-4fae-ba34-178acccb993e,1,1,0,20,1,1768976413,2026-01-21 01:22:45
66dc8382-0aca-11e7-82f6-3863bb44ef7c,14,12,2,63,1,1768976412,2026-01-21 01:22:45
1814907277023901890,21,0,21,1,1,1768976413,2026-01-21 01:22:45
0e8bfd72-c494-4d3e-85e2-4f98b801fe3b,6,2,4,13,1,1768976411,2026-01-21 01:22:45
2088792249063596144,24,16,8,5,1,1768976412,2026-01-21 01:22:45
66dc1702-0aca-11e7-82f6-3863bb44ef7c,28,21,7,36,1,1768976414,2026-01-21 01:22:45
1828967499459705054,9,0,9,8,1,1768976412,2026-01-21 01:22:45
1861681959015615218,0,0,0,25,1,1768976411,2026-01-21 01:22:45
8dfff4bd-0f3c-43af-bc55-a63850f66c6b,8,1,7,9,1,1768976411,2026-01-21 01:22:45
941ea42c-47fe-4d63-a6f5-e0e200f01633,8,4,4,9,1,1768976412,2026-01-21 01:22:45
66dc2606-0aca-11e7-82f6-3863bb44ef7c,72,33,39,4,1,1768976413,2026-01-21 01:22:45
1828966490867110420,10,2,8,8,1,1768976411,2026-01-21 01:22:45
fc774664-3c9b-4a8f-a79e-f6907db00a1d,14,3,11,18,1,1768976414,2026-01-21 01:22:45
c466f15e-715f-411e-904e-1a71fb574cdd,80,41,39,3,1,1768976416,2026-01-21 01:22:45
2126624118513887578,9,5,4,5,1,1768976416,2026-01-21 01:22:45
3d835eaa-a102-42c5-b6c0-2c693b1d0677,32,31,1,24,1,1768976416,2026-01-21 01:22:45
1860188331547447938,1,1,0,19,1,1768976416,2026-01-21 01:22:45
de97a7d0-fbb3-4c13-ba6a-2bbd441751fe,13,7,6,5,1,1768976416,2026-01-21 01:22:45
66dc7c31-0aca-11e7-82f6-3863bb44ef7c,36,26,10,4,1,1768976417,2026-01-21 01:22:45
66dc89ae-0aca-11e7-82f6-3863bb44ef7c,5,3,2,31,1,1768976418,2026-01-21 01:22:45
039d4cc9-8560-4d22-88c3-20753c54a50f,11,1,10,13,1,1768976419,2026-01-21 01:22:45
3c5a8531-4eec-4695-b4f8-8a1158890e78,16,13,3,1,1,1768976420,2026-01-21 01:22:45
66db281e-0aca-11e7-82f6-3863bb44ef7c,47,20,27,13,1,1768976419,2026-01-21 01:22:45
a6492ad5-d13e-48b0-a0d5-08e60ad93e53,69,25,44,0,1,1768976420,2026-01-21 01:22:45
1846086027713733188,7,1,6,5,1,1768976420,2026-01-21 01:22:45
d5d2aebc-158c-43ec-9105-2a779d0245d8,0,0,0,18,1,1768976420,2026-01-21 01:22:45
49f86083-851b-475d-b9ab-64e01b81f725,0,0,0,22,1,1768976417,2026-01-21 01:22:45
66dd4356-0aca-11e7-82f6-3863bb44ef7c,14,11,3,29,1,1768976417,2026-01-21 01:22:45
f3525aa7-9d69-4ea2-9278-4df92db1afa1,15,9,6,4,1,1768976415,2026-01-21 01:22:45
3e4a2c26-7527-469c-b4f4-1ef8d40fd20d,3,1,2,13,1,1768976418,2026-01-21 01:22:45
08bf2fe0-219d-48cd-87c5-6163b3a2eafd,8,5,3,17,1,1768976418,2026-01-21 01:22:45
1856767555236917834,16,0,16,9,1,1768976419,2026-01-21 01:22:45
adb67652-c20d-4dd2-8e89-d6015b801c1a,1,1,0,17,1,1768976417,2026-01-21 01:22:45
1794096824496960148,25,18,7,18,1,1768976428,2026-01-21 01:22:45
3ac7b47b-2253-4a0b-bf7d-8a2eb6b78a38,26,20,6,12,1,1768976428,2026-01-21 01:22:45
4fb1ee23-4511-47c4-8698-0c46673dc86c,0,0,0,19,1,1768976428,2026-01-21 01:22:45
1834145204469569922,18,3,15,2,1,1768976428,2026-01-21 01:22:45
66db28b5-0aca-11e7-82f6-3863bb44ef7c,62,3,59,11,1,1768976428,2026-01-21 01:22:45
324e55da-fec0-43a2-b622-27774381ab7f,3,2,1,14,1,1768976426,2026-01-21 01:22:45
298d4e45-c6d2-45f1-a07a-11606026a6e4,6,1,5,11,1,1768976427,2026-01-21 01:22:45
b83b2a73-af8e-4b82-b61e-aeaaf075fbe2,3,3,0,22,1,1768976427,2026-01-21 01:22:45
b53b5e8f-9503-48d1-b3e3-9347ecef38e2,0,0,0,33,1,1768976428,2026-01-21 01:22:45
66de077f-0aca-11e7-82f6-3863bb44ef7c,13,10,3,43,1,1768976428,2026-01-21 01:22:45
5864d88d-a0fd-40ad-beee-896118d9360d,16,0,16,2,1,1768976425,2026-01-21 01:22:45
1835249448692130546,10,8,2,11,1,1768976424,2026-01-21 01:22:45
1880644037244334512,24,14,10,0,1,1768976425,2026-01-21 01:22:45
14391923-6727-4359-92e9-03e0b5094753,33,16,17,15,1,1768976425,2026-01-21 01:22:45
1905394575114219798,1,0,1,28,1,1768976425,2026-01-21 01:22:45
66dcecfa-0aca-11e7-82f6-3863bb44ef7c,11,10,1,19,1,1768976422,2026-01-21 01:22:45
1835250199411134468,9,2,7,13,1,1768976422,2026-01-21 01:22:45
66dbf140-0aca-11e7-82f6-3863bb44ef7c,83,61,22,0,1,1768976421,2026-01-21 01:22:45
66dcf30d-0aca-11e7-82f6-3863bb44ef7c,6,1,5,19,1,1768976422,2026-01-21 01:22:45
0efa08a3-1c38-48fe-ab37-8c9b72b20126,13,4,9,5,1,1768976422,2026-01-21 01:22:45
3b530cff-dd26-4cfd-b570-a85fd53354fe,32,10,22,12,1,1768976422,2026-01-21 01:22:45
8f3a6711-fd05-4ce1-acf8-9d72b4a1bf97,4,3,1,16,1,1768976423,2026-01-21 01:22:45
0cb63737-64c9-42a9-9479-280d49ed015a,9,2,7,14,1,1768976423,2026-01-21 01:22:45
1869754143518014264,13,1,12,25,1,1768976423,2026-01-21 01:22:45
cb4926e6-0a79-4902-80ee-d365fbf42aec,1,1,0,20,1,1768976424,2026-01-21 01:22:45
66de602e-0aca-11e7-82f6-3863bb44ef7c,43,0,43,6,1,1768976423,2026-01-21 01:22:45
1846085836152179090,6,0,6,13,1,1768976424,2026-01-21 01:22:45
f42b3158-3f78-4a62-964a-8cc554d69c35,13,2,11,3,1,1768976424,2026-01-21 01:22:45
2163290511399492946,2,1,1,9,1,1768976424,2026-01-21 01:22:45
0e405c35-322f-4705-8ea7-769eb3fd028a,6,1,5,11,1,1768976421,2026-01-21 01:22:45
340036c3-2787-4998-9a77-fe54f352d619,4,4,0,13,1,1768976428,2026-01-21 01:22:45
1fba77e2-66ab-4e9c-9f9a-4ec4f11fd80b,5,2,3,20,1,1768976433,2026-01-21 01:22:45
66dbc745-0aca-11e7-82f6-3863bb44ef7c,37,28,9,2,1,1768976433,2026-01-21 01:22:45
66de0a0a-0aca-11e7-82f6-3863bb44ef7c,13,5,8,12,1,1768976433,2026-01-21 01:22:45
1835246381185208614,3,1,2,18,1,1768976433,2026-01-21 01:22:45
bb58e953-4953-4fbe-9ef2-367488dfef9b,7,7,0,15,1,1768976434,2026-01-21 01:22:45
c7dbc7b5-240b-494d-8663-dbee4103a20c,12,1,11,7,1,1768976434,2026-01-21 01:22:45
627c77c0-0088-4ba8-ba66-73e0e3d3fe77,5,2,3,18,1,1768976431,2026-01-21 01:22:45
66db3e32-0aca-11e7-82f6-3863bb44ef7c,43,2,41,0,1,1768976432,2026-01-21 01:22:45
49703a2d-15e9-4af4-b80e-cca664d7ea18,5,1,4,14,1,1768976432,2026-01-21 01:22:45
66dd4423-0aca-11e7-82f6-3863bb44ef7c,32,32,0,10,1,1768976432,2026-01-21 01:22:45
0258da92-f770-4acc-b20b-91b78aff791e,15,0,15,6,1,1768976430,2026-01-21 01:22:45
8c6cba48-d803-4a90-99f7-e06edcdbbf92,13,10,3,9,1,1768976430,2026-01-21 01:22:45
e25f8dee-c110-489f-a978-464ac5c84ca2,19,16,3,6,1,1768976430,2026-01-21 01:22:45
66ddef2d-0aca-11e7-82f6-3863bb44ef7c,12,4,8,10,1,1768976431,2026-01-21 01:22:45
1838070940162509196,5,1,4,16,1,1768976435,2026-01-21 01:22:45
067b53bd-33bf-4698-8103-3931a5f32a37,9,3,6,9,1,1768976435,2026-01-21 01:22:45
66de4336-0aca-11e7-82f6-3863bb44ef7c,20,3,17,12,1,1768976435,2026-01-21 01:22:45
2ec1235f-a043-4e3a-9ba1-56f7dd4624b7,3,1,2,17,1,1768976435,2026-01-21 01:22:45
0575e356-72f4-4251-8e15-574cf60bd190,10,8,2,9,1,1768976436,2026-01-21 01:22:45
e0a9ed84-55f9-40f5-90fa-87db17d2f933,11,1,10,7,1,1768976428,2026-01-21 01:22:45
57f144cb-375d-4eee-b458-e288116cb8f7,12,6,6,3,1,1768976429,2026-01-21 01:22:45
33af8810-cda5-4b61-9c38-0235f9d59aaa,19,3,16,6,1,1768976430,2026-01-21 01:22:45
2025623258130320038,20,7,13,13,1,1768976434,2026-01-21 01:22:45
66dea8ff-0aca-11e7-82f6-3863bb44ef7c,6,3,3,31,1,1768976430,2026-01-21 01:22:45
66de14af-0aca-11e7-82f6-3863bb44ef7c,29,1,28,6,1,1768976435,2026-01-21 01:22:45
6ff2eec8-2b72-490a-b1c3-f9892ab3a724,23,15,8,24,1,1768976435,2026-01-21 01:22:45
d9160982-2d9b-4f08-9469-a559a7b62809,19,9,10,68,1,1768976435,2026-01-21 01:22:45
66dcc44a-0aca-11e7-82f6-3863bb44ef7c,7,5,2,10,1,1768976435,2026-01-21 01:22:45
1861683217585879154,27,9,18,18,1,1768976435,2026-01-21 01:22:45
66db72f1-0aca-11e7-82f6-3863bb44ef7c,44,16,28,4,1,1768976433,2026-01-21 01:22:45
1891277309535701686,1,1,0,22,1,1768976433,2026-01-21 01:22:45
66ddeb67-0aca-11e7-82f6-3863bb44ef7c,17,12,5,10,1,1768976439,2026-01-21 01:22:45
66ddd545-0aca-11e7-82f6-3863bb44ef7c,55,41,14,31,1,1768976440,2026-01-21 01:22:45
a82599ce-99ca-4670-8053-baada198034a,51,6,45,4,1,1768976440,2026-01-21 01:22:45
66dc7d58-0aca-11e7-82f6-3863bb44ef7c,67,45,22,5,1,1768976437,2026-01-21 01:22:45
1826348745879909352,16,3,13,0,1,1768976437,2026-01-21 01:22:45
11a8d465-b4eb-466b-a6ca-055f73994231,15,4,11,10,1,1768976437,2026-01-21 01:22:45
7b56cbab-9d93-4043-bfa5-63eb6b3e5281,12,5,7,5,1,1768976437,2026-01-21 01:22:45
272c0389-5e4a-41a9-ad6c-2dccdfa55af9,7,2,5,16,1,1768976437,2026-01-21 01:22:45
4956ad8b-06d6-4af4-bcc8-735c45439608,3,3,0,16,1,1768976441,2026-01-21 01:22:45
f6cf3ecc-b3ad-4291-8c24-277f28f64ba1,1,1,0,19,1,1768976441,2026-01-21 01:22:45
1abd4668-ed6b-4930-8177-17239ae75a9e,1,1,0,18,1,1768976441,2026-01-21 01:22:45
2126623405008140358,8,5,3,2,1,1768976441,2026-01-21 01:22:45
1882736243099681438,16,8,8,18,1,1768976442,2026-01-21 01:22:45
99b7c9a5-9679-417f-b884-21c4b240aa99,9,3,6,9,1,1768976437,2026-01-21 01:22:45
0f6fd186-656a-41b3-ba4a-456d22da177c,22,6,16,14,1,1768976438,2026-01-21 01:22:45
f47e1ce9-ff3f-49e9-9a2f-aa5be45d70da,11,1,10,11,1,1768976438,2026-01-21 01:22:45
0df3a035-5a38-4ec2-826a-0a5376e8d8a0,6,5,1,16,1,1768976438,2026-01-21 01:22:45
66ddebce-0aca-11e7-82f6-3863bb44ef7c,20,15,5,7,1,1768976442,2026-01-21 01:22:45
3fed8016-0be0-47f5-8663-2e850ec47288,21,2,19,1,1,1768976442,2026-01-21 01:22:45
1846086263936934630,17,2,15,0,1,1768976442,2026-01-21 01:22:45
2124037510131026812,20,12,8,1,1,1768976442,2026-01-21 01:22:45
2123939242997647892,8,1,7,6,1,1768976442,2026-01-21 01:22:45
1851947582840610924,5,1,4,15,1,1768976438,2026-01-21 01:22:45
a4c9faeb-2234-457d-ad56-1ab14104b538,0,0,0,18,1,1768976439,2026-01-21 01:22:45
00284700-9d22-42ce-8485-113fed9879c1,10,8,2,8,1,1768976443,2026-01-21 01:22:45
f3eb962c-314a-4431-bac7-2eb2ffbe2fd2,2,0,2,13,1,1768976443,2026-01-21 01:22:45
1817432709747753390,11,3,8,12,1,1768976443,2026-01-21 01:22:45
1913988158376585970,26,8,18,0,1,1768976443,2026-01-21 01:22:45
e36b5913-8e46-4c2a-b9be-73bdf8ee548b,26,7,19,29,1,1768976443,2026-01-21 01:22:45
66ddf310-0aca-11e7-82f6-3863bb44ef7c,23,7,16,14,1,1768976444,2026-01-21 01:22:45
1828968462257099768,1,0,1,18,1,1768976444,2026-01-21 01:22:45
66dd9dba-0aca-11e7-82f6-3863bb44ef7c,32,23,9,13,1,1768976444,2026-01-21 01:22:45
2123938400844950144,4,1,3,12,1,1768976444,2026-01-21 01:22:45
7d41ac98-df88-497a-aef9-968660e6da0f,10,9,1,25,1,1768976445,2026-01-21 01:22:45
66dc176f-0aca-11e7-82f6-3863bb44ef7c,72,63,9,4,1,1768976446,2026-01-21 01:22:45
4aa6bb27-b76b-444e-a3ce-6fb25b822494,6,0,6,13,1,1768976446,2026-01-21 01:22:45
26599393-b967-44a6-a998-cb72ca53cd9e,1,0,1,19,1,1768976447,2026-01-21 01:22:45
b16e9f3f-9b07-486f-a1ca-c76030f5ea64,9,2,7,11,1,1768976447,2026-01-21 01:22:45
66dbf362-0aca-11e7-82f6-3863bb44ef7c,31,3,28,11,1,1768976447,2026-01-21 01:22:45
93e2e1a5-49c5-41f8-a6bf-b399b6a5140d,32,19,13,34,1,1768976446,2026-01-21 01:22:45
d7c12bf1-1ec8-496a-beca-90ba76c53241,6,2,4,11,1,1768976447,2026-01-21 01:22:45
9eb98b3b-ea35-483f-91f6-d90c506152db,13,9,4,8,1,1768976447,2026-01-21 01:22:45
b5861c2d-d687-4308-bf2d-5f69fc28cc4a,14,2,12,8,1,1768976447,2026-01-21 01:22:45
66dd4f9b-0aca-11e7-82f6-3863bb44ef7c,17,7,10,18,1,1768976450,2026-01-21 01:22:45
699d3378-6ea8-465f-888b-c49c60089ce8,1,0,1,17,1,1768976451,2026-01-21 01:22:45
06109e92-4363-445a-9743-0457f6799530,20,20,0,54,1,1768976452,2026-01-21 01:22:45
b43ecf62-4c9d-4b06-ac9a-5837084f769f,0,0,0,21,1,1768976452,2026-01-21 01:22:45
a5bd1f58-7df8-4df6-9636-372f1bc194be,35,10,25,1,1,1768976452,2026-01-21 01:22:45
1960021358478625244,27,17,10,46,1,1768976453,2026-01-21 01:22:45
f8c1c90f-4ec0-44bd-b097-cfafc887744d,49,14,35,3,1,1768976447,2026-01-21 01:22:45
f0115d11-c678-4274-8bb7-d486dbb63361,15,2,13,2,1,1768976448,2026-01-21 01:22:45
1817803079955479336,13,3,10,8,1,1768976447,2026-01-21 01:22:45
cda60c6d-80f3-41b7-8ece-fe997f6dafb5,1,0,1,20,1,1768976448,2026-01-21 01:22:45
7af717b9-99ce-4cce-94b4-b445a40537a1,21,1,20,0,1,1768976450,2026-01-21 01:22:45
1963272613486484230,66,51,15,3,1,1768976450,2026-01-21 01:22:45
b7af52d2-fd23-4970-8513-be7c681480c4,48,37,11,7,1,1768976445,2026-01-21 01:22:45
fc5ee04d-710b-45ba-aae0-303b8e95ea89,6,3,3,13,1,1768976445,2026-01-21 01:22:45
3ac37967-e174-421a-bfeb-d02249fb1266,4,2,2,19,1,1768976445,2026-01-21 01:22:45
f47c7f15-1c30-4199-a09f-134f0f0f684b,5,3,2,18,1,1768976445,2026-01-21 01:22:45
b471c112-1770-4dfe-9e13-fe7479dcb5a5,24,1,23,1,1,1768976444,2026-01-21 01:22:45
1913990214925537808,31,14,17,3,1,1768976445,2026-01-21 01:22:45
2126224876714496782,5,2,3,2,1,1768976444,2026-01-21 01:22:45
1845676917264180046,11,1,10,8,1,1768976444,2026-01-21 01:22:45
92ffa9d6-8cb1-44cf-8059-391b03d58071,3,3,0,23,1,1768976444,2026-01-21 01:22:45
c0f952d9-538e-4836-b936-fa97123cbf13,10,5,5,8,1,1768976444,2026-01-21 01:22:45
c3b255d8-b690-4825-b1e9-a1d1680e5542,9,2,7,10,1,1768976453,2026-01-21 01:22:45
66db3583-0aca-11e7-82f6-3863bb44ef7c,54,37,17,8,1,1768976453,2026-01-21 01:22:45
606c7384-75e9-4988-858a-07b88b3a9413,23,3,20,15,1,1768976454,2026-01-21 01:22:45
05d03a63-b5f2-40d9-9a3d-d2fe666a307f,8,1,7,16,1,1768976447,2026-01-21 01:22:45
28a2436d-a52b-4fa4-874c-e096012a926d,15,15,0,1,1,1768976448,2026-01-21 01:22:45
3575749f-123a-4a80-870d-7ca7c7f9c8a9,8,3,5,16,1,1768976448,2026-01-21 01:22:45
1792225684155730482,4,4,0,18,1,1768976448,2026-01-21 01:22:45
116dbc02-a3c1-4b65-9f73-2a09a2aa1379,56,15,41,24,1,1768976449,2026-01-21 01:22:45
66dde703-0aca-11e7-82f6-3863bb44ef7c,21,14,7,7,1,1768976449,2026-01-21 01:22:45
1890927910885612334,24,1,23,1,1,1768976449,2026-01-21 01:22:45
1856767203049599002,12,2,10,8,1,1768976449,2026-01-21 01:22:45
ff1e98d3-ae7d-4c53-a531-1845bee1d346,4,4,0,32,1,1768976450,2026-01-21 01:22:45
bdc116cd-4d63-4693-846c-ec5073314007,8,7,1,12,1,1768976450,2026-01-21 01:22:45
66dde7dc-0aca-11e7-82f6-3863bb44ef7c,15,13,2,6,1,1768976450,2026-01-21 01:22:45
1828968082192898522,4,2,2,17,1,1768976453,2026-01-21 01:22:45
5fdf435f-6080-4b1d-966c-3b9d08450c4d,11,2,9,8,1,1768976453,2026-01-21 01:22:45
5a6218aa-c5b7-4436-93c1-dee7cb5322d9,11,3,8,13,1,1768976453,2026-01-21 01:22:45
06e5447e-35b8-45cb-b3bb-937791a6f8ae,13,1,12,6,1,1768976453,2026-01-21 01:22:45
7155b0a6-2545-4b02-ae8c-9c0c4220f8c3,4,3,1,16,1,1768976453,2026-01-21 01:22:45
2527619f-ef89-425c-bf3b-60cc0ec519bf,37,13,24,19,1,1768976453,2026-01-21 01:22:45
8066575c-f8e9-4e14-95ea-8d25ceeae2ca,13,10,3,20,1,1768976454,2026-01-21 01:22:45
0e240143-2f86-4754-8345-4994750d99f1,13,3,10,5,1,1768976454,2026-01-21 01:22:45
c6c10756-ef41-491a-8e6c-ee0aa27b8cbe,0,0,0,19,1,1768976455,2026-01-21 01:22:45
b79bb851-130f-473d-83fc-f602aa0a4ca9,6,0,6,13,1,1768976454,2026-01-21 01:22:45
66de1a1f-0aca-11e7-82f6-3863bb44ef7c,10,8,2,24,1,1768976455,2026-01-21 01:22:45
7e36cd9b-b271-42e5-b344-b7a3771c795e,17,0,17,26,1,1768976455,2026-01-21 01:22:45
4bc6f4d0-edd5-4eb0-a704-f7ce0d693aac,0,0,0,21,1,1768976455,2026-01-21 01:22:45
1960021056359127624,14,2,12,9,1,1768976455,2026-01-21 01:22:45
9b0c2c99-214f-4e15-b476-1626c03a9e4e,58,47,11,3,1,1768976455,2026-01-21 01:22:45
a68acb0c-4244-416a-bf59-ca55d3120cdd,16,10,6,5,1,1768976455,2026-01-21 01:22:45
034f7f3d-e632-475a-aa01-894480d153df,8,5,3,11,1,1768976455,2026-01-21 01:22:45
66db9675-0aca-11e7-82f6-3863bb44ef7c,4,1,3,21,1,1768976455,2026-01-21 01:22:45
66db3816-0aca-11e7-82f6-3863bb44ef7c,35,11,24,5,1,1768976456,2026-01-21 01:22:45
66db90f1-0aca-11e7-82f6-3863bb44ef7c,32,29,3,29,1,1768976456,2026-01-21 01:22:45
1828966747840428256,3,0,3,14,1,1768976456,2026-01-21 01:22:45
9206af28-03bf-43e3-a8b0-354792921466,10,3,7,10,1,1768976456,2026-01-21 01:22:45
1786686999403592506,26,19,7,3,1,1768976456,2026-01-21 01:22:45
1860189075388547142,1,0,1,18,1,1768976456,2026-01-21 01:22:45
5b4a4b20-539b-47c1-9228-1f1f124b3ec9,11,1,10,10,1,1768976456,2026-01-21 01:22:45
ee1d39c5-47c8-4527-9456-3719c50b7be5,15,4,11,2,1,1768976456,2026-01-21 01:22:45
822d96e8-fb6c-463a-b866-aec9e408ad5e,16,4,12,1,1,1768976457,2026-01-21 01:22:45
dee5a590-7cda-465e-8351-b0622a5e2ad3,11,5,6,6,1,1768976458,2026-01-21 01:22:45
c4377169-c19e-47e1-90a4-c4e14bb41601,5,2,3,16,1,1768976457,2026-01-21 01:22:45
c9e76fa9-54e2-4161-9798-4787bf04217a,11,2,9,8,1,1768976457,2026-01-21 01:22:45
1857515306802639416,22,2,20,1,1,1768976458,2026-01-21 01:22:45
b1cdec34-d4f9-4313-be82-729bb9f7bb18,9,1,8,11,1,1768976457,2026-01-21 01:22:45
66dc4fb5-0aca-11e7-82f6-3863bb44ef7c,37,27,10,5,1,1768976458,2026-01-21 01:22:45
66dd2292-0aca-11e7-82f6-3863bb44ef7c,1,0,1,44,1,1768976458,2026-01-21 01:22:45
66dbf6d2-0aca-11e7-82f6-3863bb44ef7c,13,7,6,14,1,1768976458,2026-01-21 01:22:45
1817432346178415570,9,6,3,11,1,1768976458,2026-01-21 01:22:45
1797078913880883846,2,1,1,16,1,1768976458,2026-01-21 01:22:45
edc9b877-c311-46b4-a780-59ee7e692324,11,6,5,24,1,1768976459,2026-01-21 01:22:45
9d56294e-61fc-4176-bb9c-4692f45bb374,16,3,13,6,1,1768976459,2026-01-21 01:22:45
2126621627432855870,7,0,7,3,1,1768976458,2026-01-21 01:22:45
fffb18be-14b3-412f-a808-107a98cd9e58,1,1,0,17,1,1768976459,2026-01-21 01:22:45
16c54bf4-194b-4f26-9c49-a42901b4748d,1,0,1,20,1,1768976459,2026-01-21 01:22:45
66dd8479-0aca-11e7-82f6-3863bb44ef7c,15,7,8,7,1,1768976351,2026-01-21 01:22:45
2116636101124803154,10,0,10,4,1,1768976199,2026-01-21 01:22:45
537a2f47-26a3-4776-ba9d-e2acd2ffbee1,3,0,3,4,1,1768976376,2026-01-21 01:22:45
6107e75a-2493-4e3d-a3e0-d4886d3416e5,11,2,9,2,1,1768976391,2026-01-21 01:22:45
7478be11-37d8-49b1-a253-f0810045f6ff,0,0,0,15,0,1768784629,2026-01-21 01:22:45
3d1db3fa-1df5-46c8-baf3-619b729f5bda,10,8,2,8,1,1768976355,2026-01-21 01:22:45
2de92329-48d0-4cf7-85df-172f91bbb320,16,12,4,13,1,1768976379,2026-01-21 01:22:45
66dd6721-0aca-11e7-82f6-3863bb44ef7c,6,2,4,12,1,1768976384,2026-01-21 01:22:45
2116635307734817684,5,3,2,9,1,1768976397,2026-01-21 01:22:45
4a48175b-c239-4d5e-b1b8-03eda4239678,15,1,14,14,1,1768976433,2026-01-21 01:22:45
681a8bdb-65ff-4078-a5de-74927502da4e,10,5,5,7,1,1768976408,2026-01-21 01:22:45
1839334257267825432,10,2,8,2,1,1768976418,2026-01-21 01:22:45
2108372562172578194,18,17,1,0,1,1768976417,2026-01-21 01:22:45
66dd5960-0aca-11e7-82f6-3863bb44ef7c,5,1,4,17,1,1768976440,2026-01-21 01:22:45
2116635993049651742,4,1,3,8,1,1768976441,2026-01-21 01:22:45
f417d8da-0f15-49b0-9e3c-3c3e55c2691d,16,7,9,5,1,1768976441,2026-01-21 01:22:45
66dd5e69-0aca-11e7-82f6-3863bb44ef7c,8,0,8,10,1,1768976439,2026-01-21 01:22:45
d09709d2-e119-48c4-aa22-29432a13a35a,9,6,3,4,1,1768976444,2026-01-21 01:22:45
e163ce54-4c39-43c5-9831-e10a2603527d,19,4,15,2,1,1768976451,2026-01-21 01:22:45
66ddda59-0aca-11e7-82f6-3863bb44ef7c,5,2,3,9,1,1768976456,2026-01-21 01:22:45
a59f4f11-5d52-43a2-8a32-ae71137a6af8,0,0,0,6,0,1768903723,2026-01-21 01:22:45
915057d4-edbc-4c73-8d81-dda33d600d58,12,5,7,5,1,1768976353,2026-01-21 01:22:45
66ddded0-0aca-11e7-82f6-3863bb44ef7c,10,8,2,3,1,1768976365,2026-01-21 01:22:45
66dd650d-0aca-11e7-82f6-3863bb44ef7c,11,8,3,3,1,1768976377,2026-01-21 01:22:45
3742e2ab-6cd0-40cf-846a-72cbe637afe1,13,5,8,17,1,1768976397,2026-01-21 01:22:45
66dddae7-0aca-11e7-82f6-3863bb44ef7c,5,3,2,13,1,1768976398,2026-01-21 01:22:45
66ddde40-0aca-11e7-82f6-3863bb44ef7c,0,0,0,10,0,1768912025,2026-01-21 01:22:45
2108372790290481846,3,3,0,11,1,1768976231,2026-01-21 01:22:45
66dd8043-0aca-11e7-82f6-3863bb44ef7c,7,6,1,10,1,1768976404,2026-01-21 01:22:45
e2c00264-9eea-446d-a1b7-27cef3aed403,6,4,2,6,1,1768976403,2026-01-21 01:22:45
ded4386f-9f69-43c6-a566-4511920c3e39,11,3,8,11,1,1768976402,2026-01-21 01:22:45
66dd9183-0aca-11e7-82f6-3863bb44ef7c,3,2,1,9,1,1768976382,2026-01-21 01:22:45
66dd7cab-0aca-11e7-82f6-3863bb44ef7c,7,3,4,14,1,1768976385,2026-01-21 01:22:45
c32d6965-4fae-4f1f-a5f2-7f2ef5f439fc,10,5,5,10,1,1768976390,2026-01-21 01:22:45
21c4a77d-b1ae-4262-b143-087fd14a07b8,12,6,6,5,1,1768976391,2026-01-21 01:22:45
2036428272250118978,12,7,5,7,1,1768976422,2026-01-21 01:22:45
66dd83fc-0aca-11e7-82f6-3863bb44ef7c,14,3,11,8,1,1768976432,2026-01-21 01:22:45
f841ae52-0bbb-49db-b6eb-f898fbce6108,8,7,1,10,1,1768976441,2026-01-21 01:22:45
43318169-d1ae-4a1a-9578-23cfa3fdbac9,9,5,4,11,1,1768976449,2026-01-21 01:22:45
66dd836d-0aca-11e7-82f6-3863bb44ef7c,9,2,7,13,1,1768976451,2026-01-21 01:22:45
66dddc98-0aca-11e7-82f6-3863bb44ef7c,17,9,8,8,1,1768976448,2026-01-21 01:22:45
0bb12c94-efdb-40ac-98fe-9521ba373b57,3,0,3,26,1,1768976453,2026-01-21 01:22:45
823c0615-2832-4e76-85f0-7cf527151aba,0,0,0,0,0,86400,2026-01-21 01:22:45
dd8b2f53-8b94-4082-9576-994a4962f9d5,0,0,0,10,0,1768974459,2026-01-21 01:22:45
655b0878-c22b-4f8c-8675-21bf30d1eebf,9,2,7,6,1,1768976362,2026-01-21 01:22:45
fadf00cf-d84a-49e8-9607-c67154915412,0,0,0,5,0,1768958775,2026-01-21 01:22:45
66dd63de-0aca-11e7-82f6-3863bb44ef7c,13,9,4,3,1,1768976372,2026-01-21 01:22:45
1849747691035224144,11,4,7,3,1,1768976376,2026-01-21 01:22:45
1ec24ce3-2b69-4f3a-a153-c73e583d11f3,2,1,1,16,1,1768976389,2026-01-21 01:22:45
66dd58f2-0aca-11e7-82f6-3863bb44ef7c,4,0,4,9,1,1768976393,2026-01-21 01:22:45
66ddd78e-0aca-11e7-82f6-3863bb44ef7c,0,0,0,6,0,1768866796,2026-01-21 01:22:45
22cd02a2-228f-4eeb-b249-cbea51a0e219,9,5,4,9,1,1768976397,2026-01-21 01:22:45
66dd5f99-0aca-11e7-82f6-3863bb44ef7c,12,4,8,3,1,1768976401,2026-01-21 01:22:45
2058728861810389252,7,0,7,14,1,1768976401,2026-01-21 01:22:45
2108373096850688302,0,0,0,14,1,1768976357,2026-01-21 01:22:45
66dd7f10-0aca-11e7-82f6-3863bb44ef7c,11,7,4,14,1,1768976403,2026-01-21 01:22:45
2108372139456801688,14,5,9,4,1,1768976285,2026-01-21 01:22:45
33a797e8-6be2-4868-b9f6-1be157eaa0a5,2,2,0,17,1,1768976422,2026-01-21 01:22:45
2116635417524034072,5,5,0,8,1,1768976430,2026-01-21 01:22:45
2116635868495600156,4,2,2,9,1,1768976430,2026-01-21 01:22:45
2116635185595800086,9,6,3,2,1,1768976442,2026-01-21 01:22:45
2290031f-e7d8-40a3-9ad6-566df493bbbc,9,1,8,31,1,1768976448,2026-01-21 01:22:45
ccfa1f8f-f930-45f2-9cda-375c01596ca2,1,1,0,17,1,1768976448,2026-01-21 01:22:45
2157737368545384190,2,2,0,14,1,1768976454,2026-01-21 01:22:45
5f798c51-5d8b-4add-9f81-341f54a82ffa,11,3,8,5,1,1768976451,2026-01-21 01:22:45
8ae0bf30-9979-461e-a947-2dd89f293b40,9,2,7,3,1,1768976456,2026-01-21 01:22:45
66dd630c-0aca-11e7-82f6-3863bb44ef7c,15,9,6,3,1,1768976458,2026-01-21 01:22:45
2157736614125310040,6,4,2,10,1,1768976396,2026-01-21 01:22:45
2116885281736356212,5,2,3,7,1,1768976400,2026-01-21 01:22:45
2158919319277979600,8,5,3,5,1,1768976414,2026-01-21 01:22:45
66dd6441-0aca-11e7-82f6-3863bb44ef7c,9,3,6,5,1,1768976423,2026-01-21 01:22:45
66dd7b37-0aca-11e7-82f6-3863bb44ef7c,15,9,6,10,1,1768976351,2026-01-21 01:22:45
66ddd81a-0aca-11e7-82f6-3863bb44ef7c,0,0,0,8,0,1768877727,2026-01-21 01:22:45
1844599666569400604,12,0,12,11,1,1768976343,2026-01-21 01:22:45
3371df76-39db-43ab-b3d6-fac0be55311f,11,5,6,3,1,1768976371,2026-01-21 01:22:45
66dd8b48-0aca-11e7-82f6-3863bb44ef7c,12,9,3,6,1,1768976432,2026-01-21 01:22:45
4aecd6f2-8a84-4bed-a528-dc6870877292,7,7,0,11,1,1768976437,2026-01-21 01:22:45
66dddf5f-0aca-11e7-82f6-3863bb44ef7c,1,1,0,12,1,1768976444,2026-01-21 01:22:45
2165507807810224012,1,1,0,8,1,1768976442,2026-01-21 01:22:45
66dd6000-0aca-11e7-82f6-3863bb44ef7c,13,10,3,8,1,1768976442,2026-01-21 01:22:45
66dd80ac-0aca-11e7-82f6-3863bb44ef7c,6,1,5,14,1,1768976447,2026-01-21 01:22:45
2108373197827738014,13,6,7,8,1,1768976393,2026-01-21 01:22:45
2108372029596633484,5,2,3,7,1,1768976455,2026-01-21 01:22:45
66dd7fe2-0aca-11e7-82f6-3863bb44ef7c,10,2,8,12,1,1768976457,2026-01-21 01:22:45
66dd5f24-0aca-11e7-82f6-3863bb44ef7c,13,6,7,9,1,1768976357,2026-01-21 01:22:45
b6a13f2b-deb4-4f4d-9d67-7d23bee27c88,5,1,4,9,1,1768976372,2026-01-21 01:22:45
66dd5a42-0aca-11e7-82f6-3863bb44ef7c,16,14,2,6,1,1768976392,2026-01-21 01:22:45
66ddddb4-0aca-11e7-82f6-3863bb44ef7c,6,5,1,7,1,1768976390,2026-01-21 01:22:45
46813ecf-8df4-4c8f-9579-0179e0b36ba6,0,0,0,5,0,1768950007,2026-01-21 01:22:45
66dddc08-0aca-11e7-82f6-3863bb44ef7c,0,0,0,1,0,1768955549,2026-01-21 01:22:45
66ddd93e-0aca-11e7-82f6-3863bb44ef7c,12,4,8,1,1,1768976397,2026-01-21 01:22:45
bd6f422b-d7ae-4d7e-9261-653fdd8e6888,24,15,9,1,1,1768976395,2026-01-21 01:22:45
66ddd8a8-0aca-11e7-82f6-3863bb44ef7c,0,0,0,7,0,1768950829,2026-01-21 01:22:45
519824e4-69ba-4270-a395-17c204f328f8,3,1,2,17,1,1768976400,2026-01-21 01:22:45
5faf99b8-9046-450f-9d2a-d13279b3d016,11,5,6,17,1,1768976410,2026-01-21 01:22:45
2116635527663355916,0,0,0,11,1,1768976324,2026-01-21 01:22:45
66dddd28-0aca-11e7-82f6-3863bb44ef7c,0,0,0,9,0,1768952668,2026-01-21 01:22:45
9d344652-976b-4c2d-bede-2ef19b0fbf13,12,6,6,5,1,1768976426,2026-01-21 01:22:45
5aa81a37-ea1d-4bf6-ab40-4751c6b4fb08,8,7,1,8,1,1768976429,2026-01-21 01:22:45
581211b2-4e42-48f2-8a8f-5f968cb1c5df,1,0,1,27,1,1768976440,2026-01-21 01:22:45
2108373961268485100,5,1,4,9,1,1768976433,2026-01-21 01:22:45
cbc48689-7805-49dd-9669-5471f4b7b6fb,1,1,0,21,1,1768976443,2026-01-21 01:22:45
2116634708854430228,9,1,8,9,1,1768976426,2026-01-21 01:22:45
2116636221383887448,15,0,15,3,1,1768976446,2026-01-21 01:22:45
2088688422524183306,5,0,5,32,1,1768976454,2026-01-21 01:22:45
2108372356498784942,8,2,6,1,1,1768976455,2026-01-21 01:22:45
2108372903577159978,5,4,1,9,1,1768976455,2026-01-21 01:22:45
41495491-5d89-4e14-aab9-c3db04aad399,0,0,0,0,0,86400,2026-01-21 01:59:07
1905837242740508940,0,0,0,0,0,86400,2026-01-21 01:59:07
b9720921-8170-43ea-a5ae-b61b9161eb49,0,0,0,0,0,86400,2026-01-21 01:59:07
2171903488884523500,0,0,0,0,0,86400,2026-01-21 01:59:07
2171903608969565866,0,0,0,0,0,86400,2026-01-21 01:59:07
2171904223419888148,0,0,0,0,0,86400,2026-01-21 01:59:07
498d7e8e-5164-4f26-9ce6-399947d73b1a,0,0,0,3,0,1768935415,2026-01-21 01:59:07
66dde103-0aca-11e7-82f6-3863bb44ef7c,0,0,0,4,0,1768943264,2026-01-21 01:59:07
66dcc37f-0aca-11e7-82f6-3863bb44ef7c,0,0,0,17,0,1768962238,2026-01-21 01:59:07
96e72113-3681-4d19-88bb-032e76720093,0,0,0,0,0,1768933579,2026-01-21 01:59:07
d89dc10f-9be3-45a5-9c3c-06c04c963436,18,2,16,2,1,1768978503,2026-01-21 01:59:07
038b7369-9c6e-4eb2-8569-f7461443302f,19,5,14,0,1,1768978503,2026-01-21 01:59:07
5526b855-dc09-4159-a20a-99651861a481,4,3,1,18,1,1768978501,2026-01-21 01:59:07
62b97c1e-9d06-4c5e-b9c3-d76099e37fe4,11,5,6,14,1,1768978502,2026-01-21 01:59:07
33840944-aa92-4d91-9de8-d29e5cd0b2d9,27,5,22,0,1,1768978512,2026-01-21 01:59:07
765ee572-6c7a-4ed3-a2d4-f1496ea53996,22,3,19,1,1,1768978559,2026-01-21 01:59:07
4efda436-cd19-4ec3-acc7-1a622f723264,8,6,2,11,1,1768978559,2026-01-21 01:59:07
eb07bdfc-3a6f-40eb-96d2-0b92ac371619,2,0,2,17,1,1768978559,2026-01-21 01:59:07
2124037125711300644,22,14,8,1,1,1768978553,2026-01-21 01:59:07
c8c39d85-4ce7-46c5-b709-998067200780,0,0,0,22,1,1768978558,2026-01-21 01:59:07
abc1311e-e000-4211-af9e-0cf92242711e,1,1,0,21,1,1768978562,2026-01-21 01:59:07
0687075b-cf2d-4130-a859-fe841aafbd3f,21,4,17,3,1,1768978562,2026-01-21 01:59:07
1840540852548303628,2,2,0,14,1,1768978559,2026-01-21 01:59:07
37a37e5b-f975-4f92-a897-dca8e4670631,14,10,4,4,1,1768978560,2026-01-21 01:59:07
59b747c1-fbfb-4a3d-9394-8d06834d7c98,18,9,9,1,1,1768978560,2026-01-21 01:59:07
66de677e-0aca-11e7-82f6-3863bb44ef7c,19,11,8,7,1,1768978560,2026-01-21 01:59:07
1882824287789509296,20,18,2,24,1,1768978561,2026-01-21 01:59:07
6fd61eee-d0ef-4580-9704-bd06b82bcb61,1,1,0,26,1,1768978561,2026-01-21 01:59:07
1871698223344654662,3,2,1,22,1,1768978563,2026-01-21 01:59:07
26b3a82b-3487-44c2-85f1-eddb5a8a3a9d,18,0,18,5,1,1768978563,2026-01-21 01:59:07
493e046c-5d62-4772-90c4-b6a9f4afcd39,13,8,5,5,1,1768978564,2026-01-21 01:59:07
8aad788d-c7eb-4fca-a426-c39f47741a6f,17,3,14,9,1,1768978564,2026-01-21 01:59:07
2124425439157234232,2,1,1,11,1,1768978565,2026-01-21 01:59:07
1846086362824884662,20,0,20,0,1,1768978565,2026-01-21 01:59:07
d979131e-0b9f-4aa2-88c5-46d4ff94abc8,10,5,5,8,1,1768978566,2026-01-21 01:59:07
1817432434869846072,10,2,8,10,1,1768978566,2026-01-21 01:59:07
faf98f78-51ab-4248-b7e7-f402902385a6,2,2,0,16,1,1768978567,2026-01-21 01:59:07
66dc1d80-0aca-11e7-82f6-3863bb44ef7c,23,19,4,11,1,1768978567,2026-01-21 01:59:07
19d17911-1e4a-41fa-b62b-719aa0a6182e,33,19,14,4,1,1768978567,2026-01-21 01:59:07
1f088432-0460-421e-a1d9-36890fa5396d,6,3,3,11,1,1768978569,2026-01-21 01:59:07
00967b8f-1a4d-4131-a65a-17fa8ca89e28,9,4,5,9,1,1768978569,2026-01-21 01:59:07
66ddec3e-0aca-11e7-82f6-3863bb44ef7c,14,11,3,7,1,1768978569,2026-01-21 01:59:07
f5393bc2-36d4-4508-bf51-fa48d121f751,25,17,8,1,1,1768978570,2026-01-21 01:59:07
3d68a3fd-91da-49e8-9cd5-69b333863789,17,4,13,2,1,1768978570,2026-01-21 01:59:07
bfe5e69d-89ff-48b3-bf20-80cbdfa443e0,28,13,15,23,1,1768978570,2026-01-21 01:59:07
66de19ab-0aca-11e7-82f6-3863bb44ef7c,12,12,0,18,1,1768978570,2026-01-21 01:59:07
2637fed8-1e2a-460b-83eb-3eb32ace0f4e,1,1,0,47,1,1768978570,2026-01-21 01:59:07
1815968237323833702,18,2,16,3,1,1768978572,2026-01-21 01:59:07
32cc1603-a4b5-4099-b7bf-681de451b04a,27,2,25,19,1,1768978572,2026-01-21 01:59:07
66de1516-0aca-11e7-82f6-3863bb44ef7c,16,5,11,16,1,1768978567,2026-01-21 01:59:07
06439006-11b6-44f0-8545-c9d39035f32a,72,63,9,0,1,1768978572,2026-01-21 01:59:07
b79c8433-9dd1-4d68-9156-7f2c2162bafe,15,13,2,13,1,1768978572,2026-01-21 01:59:07
6b60bf55-3da4-439a-bde1-fc80be8623ba,0,0,0,22,1,1768978572,2026-01-21 01:59:07
b4b5824b-3c23-44b7-92a3-cec6a54583a0,8,0,8,9,1,1768978567,2026-01-21 01:59:07
0dd71c6d-11ee-4ad4-ba99-36b9ad36112c,11,5,6,9,1,1768978573,2026-01-21 01:59:07
f9ed9a6b-097e-48b9-a9d1-79d084dcd2d9,2,0,2,13,1,1768978577,2026-01-21 01:59:07
5f63411c-91ce-4788-a567-d388cc812a15,7,1,6,22,1,1768978578,2026-01-21 01:59:07
66db76a1-0aca-11e7-82f6-3863bb44ef7c,22,17,5,70,1,1768978573,2026-01-21 01:59:07
2124426307973079924,3,0,3,7,1,1768978574,2026-01-21 01:59:07
20ff5447-eac3-43b7-820f-f6fa3a2e12a8,15,1,14,4,1,1768978574,2026-01-21 01:59:07
66dc686c-0aca-11e7-82f6-3863bb44ef7c,64,53,11,29,1,1768978574,2026-01-21 01:59:07
ad57266c-34da-43da-8b48-2ba856002fbf,0,0,0,26,1,1768978574,2026-01-21 01:59:07
ec42fb3a-af54-46aa-a8b3-b17d72ed4475,18,9,9,0,1,1768978575,2026-01-21 01:59:07
66ddeaff-0aca-11e7-82f6-3863bb44ef7c,13,3,10,15,1,1768978575,2026-01-21 01:59:07
c638ec67-9ac0-416f-944f-619926144931,64,64,0,57,1,1768978576,2026-01-21 01:59:07
d45b62b9-7d6b-43b2-bf1e-2c898c55dfd2,11,7,4,7,1,1768978575,2026-01-21 01:59:07
66dc81ce-0aca-11e7-82f6-3863bb44ef7c,13,5,8,59,1,1768978576,2026-01-21 01:59:07
b96507c5-7c90-499d-9c45-58f25d6f636a,1,1,0,19,1,1768978577,2026-01-21 01:59:07
191d5d54-de64-4312-99c7-eee141efa4ef,2,1,1,20,1,1768978581,2026-01-21 01:59:07
1d3a8670-09b3-4127-b750-af5311e565f0,9,0,9,10,1,1768978581,2026-01-21 01:59:07
1828967979464708718,6,4,2,17,1,1768978579,2026-01-21 01:59:07
66de2274-0aca-11e7-82f6-3863bb44ef7c,22,12,10,0,1,1768978580,2026-01-21 01:59:07
053312f2-e77e-4674-b28b-ad357fbcb4ee,28,14,14,34,1,1768978580,2026-01-21 01:59:07
16e70b05-5b73-4930-9dcf-f79e5ce9eaf5,12,1,11,10,1,1768978580,2026-01-21 01:59:07
1814901062206225038,5,1,4,14,1,1768978580,2026-01-21 01:59:07
fbaffdbd-dab5-4127-9bd5-36bf58093ea8,9,6,3,14,1,1768978580,2026-01-21 01:59:07
3e1bdcec-e762-4e83-b447-007f05923cce,12,10,2,10,1,1768978581,2026-01-21 01:59:07
b442a648-e9f4-4893-951a-64d258bc0e55,18,12,6,9,1,1768978578,2026-01-21 01:59:07
66dcbac5-0aca-11e7-82f6-3863bb44ef7c,7,3,4,11,1,1768978579,2026-01-21 01:59:07
66dc8db1-0aca-11e7-82f6-3863bb44ef7c,46,0,46,8,1,1768978579,2026-01-21 01:59:07
66dc292c-0aca-11e7-82f6-3863bb44ef7c,34,23,11,17,1,1768978579,2026-01-21 01:59:07
55a4dc76-d839-4e06-9bf4-2f343391343c,8,6,2,11,1,1768978578,2026-01-21 01:59:07
66de2199-0aca-11e7-82f6-3863bb44ef7c,19,3,16,9,1,1768978579,2026-01-21 01:59:07
2546c9b9-5b1a-4e9f-a9cc-f8b986b79748,20,9,11,2,1,1768978579,2026-01-21 01:59:07
6476c5fd-611e-436c-9736-e0f43bb7774e,15,1,14,3,1,1768978583,2026-01-21 01:59:07
7f4753d7-8d58-48bd-a881-de5bff08b27d,4,1,3,21,1,1768978583,2026-01-21 01:59:07
1828965172312150882,14,2,12,7,1,1768978583,2026-01-21 01:59:07
3f05490b-a3d8-4d15-bd25-0212555b5dff,16,1,15,4,1,1768978585,2026-01-21 01:59:07
1814906692908349788,9,0,9,12,1,1768978585,2026-01-21 01:59:07
1876800925490112950,6,1,5,10,1,1768978584,2026-01-21 01:59:07
d2b23c87-b7c3-48c2-a634-db4b76ecbcf7,5,0,5,14,1,1768978589,2026-01-21 01:59:07
66dd217d-0aca-11e7-82f6-3863bb44ef7c,27,21,6,0,1,1768978588,2026-01-21 01:59:07
81bec993-29a5-4e70-8f60-eecdf16c7be4,17,10,7,9,1,1768978591,2026-01-21 01:59:07
0630217a-3913-47d9-9540-cf85688296a5,5,4,1,12,1,1768978591,2026-01-21 01:59:07
1851674198082642572,19,1,18,1,1,1768978591,2026-01-21 01:59:07
66dd1d0f-0aca-11e7-82f6-3863bb44ef7c,26,12,14,1,1,1768978587,2026-01-21 01:59:07
545a32d3-b74c-4dc2-b82c-a6d185dd4666,4,4,0,17,1,1768978592,2026-01-21 01:59:07
1869743938848725856,72,67,5,14,1,1768978592,2026-01-21 01:59:07
66dc2995-0aca-11e7-82f6-3863bb44ef7c,41,31,10,8,1,1768978592,2026-01-21 01:59:07
1849009654626746672,15,1,14,1,1,1768978592,2026-01-21 01:59:07
66dc6a86-0aca-11e7-82f6-3863bb44ef7c,10,8,2,68,1,1768978592,2026-01-21 01:59:07
66dbef15-0aca-11e7-82f6-3863bb44ef7c,49,15,34,1,1,1768978590,2026-01-21 01:59:07
66de71af-0aca-11e7-82f6-3863bb44ef7c,22,11,10,14,1,1768978590,2026-01-21 01:59:07
1851254468343716806,19,2,17,1,1,1768978588,2026-01-21 01:59:07
78aabb95-6195-4aa7-ab0d-5748eeb26bd1,17,7,10,15,1,1768978589,2026-01-21 01:59:07
1b038e21-e199-4c47-bef0-f4bcdc06b73b,39,35,4,0,1,1768978589,2026-01-21 01:59:07
bf880f45-422c-4e0b-b3b0-2b1f5ba94da4,4,2,2,14,1,1768978589,2026-01-21 01:59:07
6d766daf-9298-4059-a329-1818582d495f,14,13,1,4,1,1768978594,2026-01-21 01:59:07
1862002854876824190,4,2,2,15,1,1768978594,2026-01-21 01:59:07
66db6f2e-0aca-11e7-82f6-3863bb44ef7c,9,5,4,33,1,1768978594,2026-01-21 01:59:07
b4a320d6-2611-4940-96ca-17fb297ec826,20,7,13,1,1,1768978594,2026-01-21 01:59:07
807e9f5a-49b6-4b7e-847b-4a60cff330ed,2,2,0,15,1,1768978595,2026-01-21 01:59:07
66de2b2f-0aca-11e7-82f6-3863bb44ef7c,48,2,46,2,1,1768978594,2026-01-21 01:59:07
18a2cbb6-91f2-4393-82fb-b40a8ba90f20,2,0,2,18,1,1768978594,2026-01-21 01:59:07
66dc7773-0aca-11e7-82f6-3863bb44ef7c,23,5,18,20,1,1768978595,2026-01-21 01:59:07
068b919c-f649-4091-8e12-ccf37191cad5,1,0,1,17,1,1768978595,2026-01-21 01:59:07
66dd515d-0aca-11e7-82f6-3863bb44ef7c,20,11,9,4,1,1768978597,2026-01-21 01:59:07
ef6216aa-d3c8-46bb-8c6b-b62f8ba51b16,5,0,5,15,1,1768978598,2026-01-21 01:59:07
66dced76-0aca-11e7-82f6-3863bb44ef7c,4,3,1,21,1,1768978598,2026-01-21 01:59:07
66dd45c7-0aca-11e7-82f6-3863bb44ef7c,18,12,6,13,1,1768978599,2026-01-21 01:59:07
59df3823-0369-4a10-8132-05df34a170af,13,0,13,31,1,1768978596,2026-01-21 01:59:07
b896d83d-5524-4c9c-a2aa-c1b0edaadc22,3,2,1,17,1,1768978596,2026-01-21 01:59:07
66dbe96d-0aca-11e7-82f6-3863bb44ef7c,32,11,21,16,1,1768978597,2026-01-21 01:59:07
1846085439406916338,3,3,0,20,1,1768978598,2026-01-21 01:59:07
c2bb1874-bcb7-47c5-aa7d-05423b9087e8,4,1,3,15,1,1768978599,2026-01-21 01:59:07
3eb10c63-ea4c-4161-b07d-a29034f7367a,8,3,5,10,1,1768978600,2026-01-21 01:59:07
0fde06c2-632c-46a9-8866-f4e855604f74,25,22,3,40,1,1768978599,2026-01-21 01:59:07
ca843847-923a-40b7-80ca-c1c3fff6e818,1,1,0,17,1,1768978600,2026-01-21 01:59:07
7779e057-b33e-46a7-8a1e-8c28bcd9a558,12,2,10,7,1,1768978603,2026-01-21 01:59:07
47da6ab2-c841-4f2d-97ef-dd8d441c96b1,2,1,1,15,1,1768978604,2026-01-21 01:59:07
6cd10426-b4e9-40e1-9b35-61f609190ac0,9,2,7,24,1,1768978603,2026-01-21 01:59:07
0138452a-b9f4-4aee-80b0-7fae9a122ffe,27,21,6,11,1,1768978602,2026-01-21 01:59:07
26cae473-0e59-4af7-bad5-bb6fec85c8bc,4,4,0,17,1,1768978601,2026-01-21 01:59:07
ebae0b66-e463-4ded-9b7a-43c0aca9b37a,15,6,9,5,1,1768978602,2026-01-21 01:59:07
1875415144760576328,17,17,0,6,1,1768978600,2026-01-21 01:59:07
457ea5d7-d643-4028-87db-46dee0b81555,24,21,3,0,1,1768978605,2026-01-21 01:59:07
66dbcbbc-0aca-11e7-82f6-3863bb44ef7c,52,12,40,17,1,1768978605,2026-01-21 01:59:07
d265dbc7-ef55-4f5b-8a2b-f2015dc71fb8,17,0,17,8,1,1768978607,2026-01-21 01:59:07
1869753057823626206,10,0,10,13,1,1768978607,2026-01-21 01:59:07
66de1ea2-0aca-11e7-82f6-3863bb44ef7c,11,11,0,8,1,1768978607,2026-01-21 01:59:07
595cf79f-7783-4373-b3d5-775bcf76033b,1,1,0,16,1,1768978607,2026-01-21 01:59:07
525535e3-dde3-47b4-9c2e-0174eaa4f2bb,17,5,12,2,1,1768978607,2026-01-21 01:59:07
0bd9bd58-42e6-4680-9d19-83943372221f,13,12,1,9,1,1768978609,2026-01-21 01:59:07
1871698348432996504,12,1,11,9,1,1768978609,2026-01-21 01:59:07
1838070843306263244,1,1,0,17,1,1768978610,2026-01-21 01:59:07
66dc80b4-0aca-11e7-82f6-3863bb44ef7c,3,2,1,56,1,1768978610,2026-01-21 01:59:07
a4d041fd-c5fa-4f52-800c-25d7a661a875,1,1,0,20,1,1768978606,2026-01-21 01:59:07
2124036103510616644,5,0,5,6,1,1768978606,2026-01-21 01:59:07
1848241791125254746,15,1,14,2,1,1768978608,2026-01-21 01:59:07
83a5d761-57d0-4cd6-aa2b-7eb350120d99,10,5,5,10,1,1768978608,2026-01-21 01:59:07
66de73fd-0aca-11e7-82f6-3863bb44ef7c,12,8,4,13,1,1768978608,2026-01-21 01:59:07
1860189650739626488,2,0,2,19,1,1768978608,2026-01-21 01:59:07
c190f78c-77ad-469e-aecc-e2af7bb6d92a,20,3,17,2,1,1768978609,2026-01-21 01:59:07
63a838a8-9acf-4ba1-91f5-c676f6ef2f7d,13,4,9,7,1,1768978609,2026-01-21 01:59:07
66dd26f9-0aca-11e7-82f6-3863bb44ef7c,26,8,18,5,1,1768978609,2026-01-21 01:59:07
5645b05e-85be-460d-8506-cacd20bff233,27,2,25,2,1,1768978609,2026-01-21 01:59:07
fda18503-7488-4b91-b74c-949a90401e83,7,5,2,10,1,1768978610,2026-01-21 01:59:07
7dda8844-60ba-4449-b05c-54c1d14ab5fb,57,42,15,10,1,1768978613,2026-01-21 01:59:07
1862008939006380034,3,1,2,17,1,1768978613,2026-01-21 01:59:07
1786698321265653818,14,14,0,21,1,1768978612,2026-01-21 01:59:07
d8778570-f7f2-458d-82f5-9ad39210a501,39,34,5,10,1,1768978612,2026-01-21 01:59:07
640a9a95-194f-42f5-8d88-1df67129f388,10,2,8,6,1,1768978612,2026-01-21 01:59:07
c606bae0-889c-47c3-8202-9463ef147655,17,3,14,6,1,1768978614,2026-01-21 01:59:07
7a1ad7c0-4958-4354-91a1-11bf13348abd,15,3,12,1,1,1768978614,2026-01-21 01:59:07
2124037250266884686,10,2,8,1,1,1768978614,2026-01-21 01:59:07
66dd4a52-0aca-11e7-82f6-3863bb44ef7c,11,11,0,19,1,1768978615,2026-01-21 01:59:07
c63a83a0-bda1-40a6-835b-f82c363543b9,2,0,2,17,1,1768978615,2026-01-21 01:59:07
66db3053-0aca-11e7-82f6-3863bb44ef7c,60,42,18,9,1,1768978615,2026-01-21 01:59:07
1859808514684217788,2,2,0,19,1,1768978615,2026-01-21 01:59:07
1898751402035634700,10,3,7,6,1,1768978615,2026-01-21 01:59:07
1960019951675478680,8,6,2,21,1,1768978615,2026-01-21 01:59:07
12279d2b-29f6-4e02-a7f0-244970f7edd5,9,2,7,17,1,1768978617,2026-01-21 01:59:07
0f98907a-d4cc-45e0-b174-7d9dfda74106,6,0,6,25,1,1768978617,2026-01-21 01:59:07
56b3ca32-104a-4920-a879-a97a820858c4,13,1,12,12,1,1768978617,2026-01-21 01:59:07
f34ea09d-32f9-492c-9124-99059bc0b5dd,16,2,14,5,1,1768978617,2026-01-21 01:59:07
1831178352265562334,15,2,13,12,1,1768978610,2026-01-21 01:59:07
b4974d89-932c-4a9f-a264-2ea0cf70613e,2,2,0,16,1,1768978616,2026-01-21 01:59:07
a2cf5872-bd4c-4311-832e-d62fd779ecc3,5,2,3,15,1,1768978617,2026-01-21 01:59:07
1d32e684-602b-46b6-8c96-ab47b57a03f3,9,7,2,14,1,1768978617,2026-01-21 01:59:07
1962547377975794462,14,11,2,8,1,1768978615,2026-01-21 01:59:07
549b5bc4-b949-4eeb-8ffb-2215e1e49892,42,33,9,12,1,1768978615,2026-01-21 01:59:07
66dea7b5-0aca-11e7-82f6-3863bb44ef7c,4,0,4,36,1,1768978616,2026-01-21 01:59:07
2124426077519611940,6,5,1,9,1,1768978618,2026-01-21 01:59:07
c80c55c4-d623-42d7-8acf-6bfa68a84ecb,0,0,0,18,1,1768978618,2026-01-21 01:59:07
cf1a96a7-f695-4ba2-bcf2-899552e21e47,11,6,5,8,1,1768978618,2026-01-21 01:59:07
ca5cc034-a95d-446e-8314-6691589886b1,17,16,1,1,1,1768978619,2026-01-21 01:59:07
d11b9869-8964-4b79-aafc-4b60ad1b44c4,11,1,10,12,1,1768978621,2026-01-21 01:59:07
66dd1c7f-0aca-11e7-82f6-3863bb44ef7c,14,8,6,36,1,1768978621,2026-01-21 01:59:07
d80c274e-d17d-4a00-9b76-274c9fe4d0e1,3,1,2,32,1,1768978621,2026-01-21 01:59:07
66dde69c-0aca-11e7-82f6-3863bb44ef7c,3,3,0,17,1,1768978620,2026-01-21 01:59:07
af72ab76-c6cb-4994-af96-51fa8846ecdc,4,4,0,15,1,1768978621,2026-01-21 01:59:07
c71cca54-17f6-42bc-ba94-3f5bd9c70197,35,0,35,10,1,1768978620,2026-01-21 01:59:07
3a89411a-0bc6-4ba3-bc56-fab950c8eba1,18,0,18,1,1,1768978621,2026-01-21 01:59:07
c3189056-8eda-4278-891f-e8e15c2d759a,3,2,1,23,1,1768978621,2026-01-21 01:59:07
90b141b9-c39f-4a26-a32d-08c7d1474d52,9,9,0,13,1,1768978620,2026-01-21 01:59:07
1835246937517543544,19,3,16,0,1,1768978620,2026-01-21 01:59:07
66dde4ef-0aca-11e7-82f6-3863bb44ef7c,10,8,2,12,1,1768978620,2026-01-21 01:59:07
655ad2f2-6bcc-4eee-95a9-4f528c0b81cd,7,3,4,9,1,1768978620,2026-01-21 01:59:07
4f814d78-5d8d-458b-877e-2ca449b865be,2,0,2,19,1,1768978623,2026-01-21 01:59:07
9394fb49-583f-4426-8d2f-a2b0ffb584d2,15,12,3,34,1,1768978621,2026-01-21 01:59:07
66db6963-0aca-11e7-82f6-3863bb44ef7c,47,11,36,28,1,1768978621,2026-01-21 01:59:07
ca7ec509-cefc-4ac6-b729-08999d191051,20,3,17,2,1,1768978621,2026-01-21 01:59:07
1834145589124844432,1,0,1,17,1,1768978622,2026-01-21 01:59:07
633fbc4c-7617-47ba-a393-aad7a8d26a3e,19,1,18,2,1,1768978619,2026-01-21 01:59:07
66de2707-0aca-11e7-82f6-3863bb44ef7c,21,18,3,25,1,1768978622,2026-01-21 01:59:07
66dbee85-0aca-11e7-82f6-3863bb44ef7c,17,9,8,56,1,1768978622,2026-01-21 01:59:07
943a1a27-1328-4823-8945-28d845280383,21,21,0,3,1,1768978618,2026-01-21 01:59:07
0fa27bd7-b182-4e7a-b5bb-90f4249cb368,12,8,4,10,1,1768978623,2026-01-21 01:59:07
c7604869-5b55-40cf-812e-fc97901bdf14,40,14,26,1,1,1768978623,2026-01-21 01:59:07
66dcc0b2-0aca-11e7-82f6-3863bb44ef7c,3,0,3,19,1,1768978624,2026-01-21 01:59:07
66dd1f44-0aca-11e7-82f6-3863bb44ef7c,17,17,0,9,1,1768978625,2026-01-21 01:59:07
66dd4ccc-0aca-11e7-82f6-3863bb44ef7c,15,8,7,35,1,1768978625,2026-01-21 01:59:07
6fb81fda-f0b5-4242-90f9-88d0214feb8d,3,3,0,15,1,1768978625,2026-01-21 01:59:07
84a7baff-415b-4ab9-a859-74c2801483ce,12,0,12,6,1,1768978625,2026-01-21 01:59:07
2126224996973581072,9,8,1,3,1,1768978625,2026-01-21 01:59:07
b371c432-b682-412f-9b85-8df84ce7a9f3,5,1,4,11,1,1768978626,2026-01-21 01:59:07
3134c2d4-b090-4eb8-ab44-6f9622098f72,4,3,1,18,1,1768978626,2026-01-21 01:59:07
66dbe15d-0aca-11e7-82f6-3863bb44ef7c,14,2,12,11,1,1768978628,2026-01-21 01:59:07
1b00fb53-da32-4b14-9a9a-84a391c8951c,1,0,1,27,1,1768978628,2026-01-21 01:59:07
1838071008881986168,12,0,12,15,1,1768978628,2026-01-21 01:59:07
29ced315-14b5-4edc-bef2-665316dfe3dd,26,10,16,19,1,1768978628,2026-01-21 01:59:07
d73e26de-8534-4b46-a321-3cae295ef9b2,0,0,0,31,1,1768978628,2026-01-21 01:59:07
bc9c9006-3d40-400d-8b5c-17f56e6dfcee,3,1,2,23,1,1768978626,2026-01-21 01:59:07
1828966626550010820,18,3,15,0,1,1768978627,2026-01-21 01:59:07
29a41b09-698f-43e2-82ff-f94f73e74841,16,0,16,2,1,1768978628,2026-01-21 01:59:07
0b613329-b8c8-4b8c-ad40-79952aa41157,19,11,8,1,1,1768978629,2026-01-21 01:59:07
1929504694747056164,0,0,0,39,1,1768978629,2026-01-21 01:59:07
d18512f9-52c8-4175-92b9-b6258dc30748,1,1,0,19,1,1768978629,2026-01-21 01:59:07
dad39e68-53f5-47c2-87e2-b1cc0e34f90f,8,4,4,10,1,1768978629,2026-01-21 01:59:07
66dd2060-0aca-11e7-82f6-3863bb44ef7c,47,5,42,2,1,1768978630,2026-01-21 01:59:07
66dd5407-0aca-11e7-82f6-3863bb44ef7c,17,8,9,60,1,1768978630,2026-01-21 01:59:07
1814907423052790164,15,0,15,7,1,1768978632,2026-01-21 01:59:07
bc5235a5-7f10-4a27-806e-9c25fa700959,10,0,10,30,1,1768978632,2026-01-21 01:59:07
66de4bbb-0aca-11e7-82f6-3863bb44ef7c,11,0,11,11,1,1768978632,2026-01-21 01:59:07
7938263e-e5b8-4ca7-b8bf-1adbaae5fead,15,5,10,12,1,1768978632,2026-01-21 01:59:07
cd2d9dab-7708-4685-a56f-9412c738de7e,18,1,17,0,1,1768978632,2026-01-21 01:59:07
6e5a8cab-cf1a-4584-8133-01835b56ad71,13,2,11,12,1,1768978633,2026-01-21 01:59:07
517409d3-a94a-4140-a6de-ff0de9221ed2,4,1,3,17,1,1768978632,2026-01-21 01:59:07
d040a7b3-85b5-4c0d-9c92-3f4ad0082143,0,0,0,28,1,1768978632,2026-01-21 01:59:07
66dcc8b3-0aca-11e7-82f6-3863bb44ef7c,4,1,3,13,1,1768978630,2026-01-21 01:59:07
1986707977001495180,4,2,2,15,1,1768978630,2026-01-21 01:59:07
2104286315955915532,20,15,5,44,1,1768978633,2026-01-21 01:59:07
1814907590556515014,13,2,11,8,1,1768978633,2026-01-21 01:59:07
66880044-5411-4143-af39-eaa0a0fd0528,14,13,1,20,1,1768978633,2026-01-21 01:59:07
66de0a78-0aca-11e7-82f6-3863bb44ef7c,16,1,15,3,1,1768978633,2026-01-21 01:59:07
2126622241630343402,15,11,4,4,1,1768978636,2026-01-21 01:59:07
576abdc1-986e-48b0-bde2-051a13d3ff59,9,2,7,7,1,1768978637,2026-01-21 01:59:07
75352ab4-8a31-4926-8b59-048a9e506452,11,1,10,3,1,1768978637,2026-01-21 01:59:07
66de63cd-0aca-11e7-82f6-3863bb44ef7c,16,7,9,3,1,1768978637,2026-01-21 01:59:07
66db41bf-0aca-11e7-82f6-3863bb44ef7c,28,0,28,2,1,1768978637,2026-01-21 01:59:07
66dc0dab-0aca-11e7-82f6-3863bb44ef7c,12,11,1,103,1,1768978637,2026-01-21 01:59:07
66de85d2-0aca-11e7-82f6-3863bb44ef7c,38,25,13,7,1,1768978637,2026-01-21 01:59:07
1965202298784063998,5,4,1,21,1,1768978637,2026-01-21 01:59:07
d470e82e-d109-4e2e-b66a-f5e944cbfe97,18,5,13,0,1,1768978638,2026-01-21 01:59:07
66dbe68e-0aca-11e7-82f6-3863bb44ef7c,48,43,5,7,1,1768978638,2026-01-21 01:59:07
b713367c-3572-4225-b74a-9319ab537838,1,0,1,18,1,1768978635,2026-01-21 01:59:07
5a24acbb-94ef-4cb5-9db8-f6073ac26a2b,2,0,2,17,1,1768978636,2026-01-21 01:59:07
7f402242-dc1b-4a48-ba21-58c4fa7216b4,17,4,13,1,1,1768978636,2026-01-21 01:59:07
1859088223746072684,3,1,2,13,1,1768978634,2026-01-21 01:59:07
1826348248869574940,16,5,11,14,1,1768978635,2026-01-21 01:59:07
66dde76a-0aca-11e7-82f6-3863bb44ef7c,7,6,1,15,1,1768978639,2026-01-21 01:59:07
7aa86431-bbc5-4d9c-8198-9630c9d32a22,7,0,7,13,1,1768978638,2026-01-21 01:59:07
1861678548643203686,3,0,3,22,1,1768978639,2026-01-21 01:59:07
ab6aadd8-fa45-43aa-abea-c8e01ec5a0c8,17,1,16,5,1,1768978635,2026-01-21 01:59:07
5145ad1c-241f-4448-a742-739bd5c518c2,8,2,6,9,1,1768978644,2026-01-21 01:59:07
1937777808143497236,5,4,1,28,1,1768978644,2026-01-21 01:59:07
66dc8a3d-0aca-11e7-82f6-3863bb44ef7c,26,6,20,48,1,1768978644,2026-01-21 01:59:07
a2ef8ed2-6031-4049-b7dc-9838ef39889b,13,1,12,2,1,1768978644,2026-01-21 01:59:07
22ab59a8-0af4-4101-9350-a7af88e37c2e,6,1,5,13,1,1768978644,2026-01-21 01:59:07
1828965347681089818,10,0,10,10,1,1768978644,2026-01-21 01:59:07
4c03fa2d-89da-4f0b-8f19-c7de5edbe256,24,3,21,0,1,1768978645,2026-01-21 01:59:07
93da4d1b-d574-45b0-85d7-5b82e2887267,17,1,16,4,1,1768978644,2026-01-21 01:59:07
66dbc37a-0aca-11e7-82f6-3863bb44ef7c,24,18,6,31,1,1768978641,2026-01-21 01:59:07
1975518133370609774,64,58,6,34,1,1768978642,2026-01-21 01:59:07
62f8f806-bd04-4282-9c5d-ad4293644e3c,10,3,7,7,1,1768978642,2026-01-21 01:59:07
66dd4c5f-0aca-11e7-82f6-3863bb44ef7c,14,11,3,46,1,1768978642,2026-01-21 01:59:07
0ddb965d-95ef-4ce3-bde6-81a56ac1fbd2,1,1,0,29,1,1768978640,2026-01-21 01:59:07
b0bac4ef-bb57-4598-a433-75c281170d5b,4,0,4,18,1,1768978641,2026-01-21 01:59:07
2171919049376995084,2,1,1,29,1,1768978643,2026-01-21 01:59:07
579e583e-60ab-4f2a-83d0-fabebddfcd0f,9,8,1,7,1,1768978643,2026-01-21 01:59:07
66dce8db-0aca-11e7-82f6-3863bb44ef7c,22,11,11,19,1,1768978643,2026-01-21 01:59:07
92fc1ad7-0867-4655-b02f-ede65d336b14,4,0,4,14,1,1768978639,2026-01-21 01:59:07
b35ba3c0-d3e8-4b1a-b63b-73a7bb518c9e,5,1,4,13,1,1768978640,2026-01-21 01:59:07
023cf549-bd85-4f9a-abd8-70ba29d7e86b,14,12,2,6,1,1768978640,2026-01-21 01:59:07
1849010133527040242,14,9,5,7,1,1768978643,2026-01-21 01:59:07
66dd46a2-0aca-11e7-82f6-3863bb44ef7c,27,17,10,19,1,1768978645,2026-01-21 01:59:07
66de12ff-0aca-11e7-82f6-3863bb44ef7c,17,11,6,2,1,1768978645,2026-01-21 01:59:07
66de17f7-0aca-11e7-82f6-3863bb44ef7c,11,9,2,24,1,1768978645,2026-01-21 01:59:07
1817822909864556798,15,14,1,12,1,1768978645,2026-01-21 01:59:07
66dc840f-0aca-11e7-82f6-3863bb44ef7c,11,8,3,47,1,1768978648,2026-01-21 01:59:07
cb9840a3-4ae2-420d-865c-9ac45e2f5485,15,9,6,0,1,1768978648,2026-01-21 01:59:07
f523c481-ba41-44ba-96e1-0c431fbea558,4,2,2,19,1,1768978648,2026-01-21 01:59:07
38af3d1a-9916-46cf-b22e-86fc8648bf30,9,0,9,10,1,1768978646,2026-01-21 01:59:07
69717638-5c4a-47a7-bccb-3b42c81eb09f,12,5,7,6,1,1768978647,2026-01-21 01:59:07
61f2ffd4-159a-42b3-a4d9-3fdfc3349074,3,1,2,17,1,1768978649,2026-01-21 01:59:07
66dbcd6c-0aca-11e7-82f6-3863bb44ef7c,31,26,5,1,1,1768978649,2026-01-21 01:59:07
1f8f6714-42a7-45d5-86cd-a093c940b2c9,2,2,0,23,1,1768978649,2026-01-21 01:59:07
09dfc0e3-a448-477c-bb3c-9467dc51ef8d,69,34,35,3,1,1768978650,2026-01-21 01:59:07
2ebbe93b-a013-464a-b4a5-0eba96f89676,18,17,1,1,1,1768978649,2026-01-21 01:59:07
0de1f95f-8b1b-4e5e-9eff-73c63265b0ab,17,7,10,12,1,1768978650,2026-01-21 01:59:07
1786698974100683436,4,0,4,46,1,1768978648,2026-01-21 01:59:07
ff9581d3-3e1a-463a-bdab-d8150c468be2,1,1,0,31,1,1768978648,2026-01-21 01:59:07
66db277a-0aca-11e7-82f6-3863bb44ef7c,14,1,13,11,1,1768978647,2026-01-21 01:59:07
66db75cc-0aca-11e7-82f6-3863bb44ef7c,43,25,18,0,1,1768978647,2026-01-21 01:59:07
4e9a1c3a-20e2-4fd5-b8de-fbf8d43e7bcc,2,0,2,19,1,1768978648,2026-01-21 01:59:07
1917312704757770810,34,27,7,2,1,1768978650,2026-01-21 01:59:07
99614ecb-2329-49fa-a13a-fa1ef2bb32d6,3,0,3,14,1,1768978648,2026-01-21 01:59:07
66dc3e89-0aca-11e7-82f6-3863bb44ef7c,36,29,7,28,1,1768978648,2026-01-21 01:59:07
66de4959-0aca-11e7-82f6-3863bb44ef7c,16,5,11,8,1,1768978646,2026-01-21 01:59:07
1860189327773878824,18,1,17,5,1,1768978650,2026-01-21 01:59:07
66dc1687-0aca-11e7-82f6-3863bb44ef7c,0,0,0,11,1,1768978650,2026-01-21 01:59:07
f8c242cd-da59-4f0e-afd6-832bbdd7d328,15,4,11,4,1,1768978651,2026-01-21 01:59:07
1854538387432581604,18,1,17,0,1,1768978650,2026-01-21 01:59:07
bcb08532-f0d5-4c0e-ad8a-4ddacc204791,4,3,1,13,1,1768978651,2026-01-21 01:59:07
566a6389-5c22-49ca-8c24-4d9eea135170,1,1,0,25,1,1768978651,2026-01-21 01:59:07
98ebf9c6-1d94-4e21-9007-c623875fdb5e,14,1,13,3,1,1768978653,2026-01-21 01:59:07
82c85f05-4722-48ae-9f64-0522012eb3c8,6,1,5,19,1,1768978653,2026-01-21 01:59:07
66de5005-0aca-11e7-82f6-3863bb44ef7c,21,5,16,5,1,1768978652,2026-01-21 01:59:07
66dc2c78-0aca-11e7-82f6-3863bb44ef7c,15,8,7,67,1,1768978653,2026-01-21 01:59:07
54df610f-0e47-4958-98ca-37bb1b1c4dca,3,2,1,20,1,1768978653,2026-01-21 01:59:07
66dde630-0aca-11e7-82f6-3863bb44ef7c,54,9,45,15,1,1768978653,2026-01-21 01:59:07
4568f854-1268-45cf-bac8-82286ef40ae6,10,2,8,8,1,1768978653,2026-01-21 01:59:07
1794852638057746848,21,1,20,0,1,1768978653,2026-01-21 01:59:07
bacfe3c2-7946-45ed-91f9-f5b91791de75,7,3,4,19,1,1768978654,2026-01-21 01:59:07
180b83a0-329c-4069-87be-df862cb1baed,20,16,4,2,1,1768978654,2026-01-21 01:59:07
66de13dc-0aca-11e7-82f6-3863bb44ef7c,0,0,0,0,0,1768978654,2026-01-21 01:59:07
81a98b0b-cfd6-48b4-90bd-806ebbc264a0,3,2,1,15,1,1768978654,2026-01-21 01:59:07
816e50eb-dc4b-47dc-b773-154e2020cb0d,1,1,0,18,1,1768978654,2026-01-21 01:59:07
c2d549f8-f54c-4a0d-9ecd-6e6f79118279,16,10,6,6,1,1768978651,2026-01-21 01:59:07
324e93c8-4f3d-4a5f-becd-00e6f49fe4dd,18,0,18,1,1,1768978651,2026-01-21 01:59:07
162d5859-b735-4ff7-9613-01b21f22c1cd,29,14,15,6,1,1768978651,2026-01-21 01:59:07
1096fc76-794e-4343-8eb0-0dd6c9a48266,2,2,0,15,1,1768978651,2026-01-21 01:59:07
ffae66ec-7c16-436f-bd0a-eedf81d580e7,3,1,2,18,1,1768978652,2026-01-21 01:59:07
66dc3782-0aca-11e7-82f6-3863bb44ef7c,26,17,9,3,1,1768978651,2026-01-21 01:59:07
dd482585-3028-453f-a98d-55019db9b26c,37,0,37,4,1,1768978652,2026-01-21 01:59:07
66dd24ca-0aca-11e7-82f6-3863bb44ef7c,39,24,15,5,1,1768978652,2026-01-21 01:59:07
1786697771181570266,22,11,11,17,1,1768978652,2026-01-21 01:59:07
837b7db3-55c6-4595-a497-834972631752,5,4,1,12,1,1768978652,2026-01-21 01:59:07
bbc3c1df-f7db-4f54-8d5c-b8f4269ecb48,16,12,4,3,1,1768978653,2026-01-21 01:59:07
59af018a-2ee9-489a-b445-bb6fba9c1119,8,4,4,8,1,1768978653,2026-01-21 01:59:07
f401cd5f-cb41-41f8-a857-4a4dfe778f94,21,11,10,4,1,1768978656,2026-01-21 01:59:07
cc5f0e68-dd5f-4db1-81c7-04a4d6674fba,12,0,12,5,1,1768978656,2026-01-21 01:59:07
66de0d91-0aca-11e7-82f6-3863bb44ef7c,25,0,25,3,1,1768978656,2026-01-21 01:59:07
66de205d-0aca-11e7-82f6-3863bb44ef7c,10,9,1,14,1,1768978656,2026-01-21 01:59:07
f62526d4-9c6a-4c76-be76-c64b5be669d2,6,4,2,15,1,1768978656,2026-01-21 01:59:07
c3062f44-c5b9-4650-a4ec-cc66cbf5b944,3,2,1,14,1,1768978656,2026-01-21 01:59:07
ceb179f3-89c3-4c3e-8a0a-3415406a9463,12,12,0,11,1,1768978656,2026-01-21 01:59:07
66dc120f-0aca-11e7-82f6-3863bb44ef7c,30,24,6,41,1,1768978657,2026-01-21 01:59:07
66dd4ec7-0aca-11e7-82f6-3863bb44ef7c,36,19,17,37,1,1768978657,2026-01-21 01:59:07
1862788202397235246,15,3,12,4,1,1768978655,2026-01-21 01:59:07
66dd4d70-0aca-11e7-82f6-3863bb44ef7c,13,8,5,26,1,1768978654,2026-01-21 01:59:07
c00ef46d-fcde-48e2-afbd-0fb595fe3fa7,26,14,12,4,1,1768978654,2026-01-21 01:59:07
1888015107269225164,24,20,4,16,1,1768978655,2026-01-21 01:59:07
9af90faf-0b9b-451b-9cb0-20ff421ca1d9,2,0,2,23,1,1768978655,2026-01-21 01:59:07
e9575102-1081-4c30-8d15-ea95913579e2,3,2,1,15,1,1768978655,2026-01-21 01:59:07
528ed1e0-75aa-45be-8afe-c3f1c950782f,9,1,8,11,1,1768978655,2026-01-21 01:59:07
66db408f-0aca-11e7-82f6-3863bb44ef7c,35,5,30,0,1,1768978657,2026-01-21 01:59:07
4d24ab76-2f4a-4004-9fc5-09c00c1d9aa4,28,11,17,0,1,1768978657,2026-01-21 01:59:07
66de1fe7-0aca-11e7-82f6-3863bb44ef7c,10,3,7,15,1,1768978658,2026-01-21 01:59:07
922763d6-d73c-4678-8bcd-f42ee3a236db,3,2,1,17,1,1768978658,2026-01-21 01:59:07
493850bd-125b-49f5-932b-bf999504fb06,7,4,3,11,1,1768978655,2026-01-21 01:59:07
66dd01c5-0aca-11e7-82f6-3863bb44ef7c,2,2,0,23,1,1768978654,2026-01-21 01:59:07
1846085734612252774,6,2,4,16,1,1768978654,2026-01-21 01:59:07
2138075988152462096,16,2,14,2,1,1768978654,2026-01-21 01:59:07
475c44e1-31e3-4c60-b071-af2ca3f7618c,1,1,0,20,1,1768978654,2026-01-21 01:59:07
f3140fb8-347b-4dca-96df-eeef2d1bfc50,4,3,1,13,1,1768978657,2026-01-21 01:59:07
581bc4fe-cf14-4767-8377-6fa156ff8a29,9,2,7,8,1,1768978657,2026-01-21 01:59:07
2100948436010992354,6,5,1,7,1,1768978657,2026-01-21 01:59:07
ff745407-c087-4c0d-a965-98baf078f292,14,13,1,6,1,1768978656,2026-01-21 01:59:07
66dbec40-0aca-11e7-82f6-3863bb44ef7c,23,9,14,29,1,1768978659,2026-01-21 01:59:07
4e747443-d481-4aea-a6d1-cf20204af4ba,13,1,12,7,1,1768978658,2026-01-21 01:59:07
6969d756-33a6-4a0b-83d0-3db38bc382d1,26,1,25,3,1,1768978661,2026-01-21 01:59:07
a3d72b5b-9587-4f33-9722-c01e20a9b358,2,2,0,26,1,1768978662,2026-01-21 01:59:07
24509e46-a0de-47e8-ba40-9441da68952a,5,4,1,13,1,1768978663,2026-01-21 01:59:07
18eccc71-66be-4e4c-8335-095a9bf0df94,0,0,0,0,0,1768978663,2026-01-21 01:59:07
1814548067447122618,31,20,11,0,1,1768978663,2026-01-21 01:59:07
2124381939991318658,12,11,1,3,1,1768978596,2026-01-21 01:59:07
1804892772559499512,32,6,26,0,1,1768978664,2026-01-21 01:59:07
e9b3a725-6963-4151-8f7f-9beeb51fa20f,4,4,0,11,1,1768978664,2026-01-21 01:59:07
912813fc-fde4-4430-8443-a4fa21477e7f,0,0,0,22,1,1768978664,2026-01-21 01:59:07
292ad4f3-9fb0-44ec-9e61-613c711f73c1,7,1,6,12,1,1768978660,2026-01-21 01:59:07
66db4549-0aca-11e7-82f6-3863bb44ef7c,18,13,5,5,1,1768978660,2026-01-21 01:59:07
7d5fa1f0-4069-4d5d-b735-5d500597394a,44,24,20,7,1,1768978660,2026-01-21 01:59:07
2a66ed0a-5e6d-4893-a1d1-876bb2bac4be,5,0,5,21,1,1768978660,2026-01-21 01:59:07
66dd9fa6-0aca-11e7-82f6-3863bb44ef7c,13,12,1,44,1,1768978660,2026-01-21 01:59:07
2c8b263e-952c-4941-a671-ef0ebb062632,14,0,14,6,1,1768978661,2026-01-21 01:59:07
ba33c334-e17d-4478-ae3c-9c2f4dbfbb51,6,3,3,10,1,1768978660,2026-01-21 01:59:07
2126623765785393224,2,1,1,17,1,1768978662,2026-01-21 01:59:07
44c23eaa-7ddf-40b3-8373-6f3880c5e1b1,3,2,1,15,1,1768978662,2026-01-21 01:59:07
66db9e99-0aca-11e7-82f6-3863bb44ef7c,6,5,1,11,1,1768978663,2026-01-21 01:59:07
0f45bcf6-7028-4584-a51e-4129847dbebc,38,22,16,0,1,1768978663,2026-01-21 01:59:07
a45a712c-1e3d-4fee-bef8-adafafd80670,4,3,1,13,1,1768978663,2026-01-21 01:59:07
1927314940904608224,12,4,8,13,1,1768978659,2026-01-21 01:59:07
8caf71df-76c3-43fb-be98-d555d2291460,1,0,1,25,1,1768978659,2026-01-21 01:59:07
1859438049977968878,12,0,12,16,1,1768978659,2026-01-21 01:59:07
901ad0c4-383e-490a-8b54-0656ce2358d6,9,1,8,10,1,1768978660,2026-01-21 01:59:07
66db93a1-0aca-11e7-82f6-3863bb44ef7c,18,13,5,18,1,1768978659,2026-01-21 01:59:07
1869753484503987044,5,3,2,14,1,1768978659,2026-01-21 01:59:07
2124036994734951288,7,1,6,1,1,1768978663,2026-01-21 01:59:07
e85c3165-ad0a-44a3-9683-d8cf7575f465,19,6,13,8,1,1768978666,2026-01-21 01:59:07
1835618878584115330,21,5,16,0,1,1768978666,2026-01-21 01:59:07
6fab98b7-b06a-49d8-a4d1-087ffce0ebcf,0,0,0,16,1,1768978667,2026-01-21 01:59:07
f681f980-185d-45b9-8490-bb2606624dd4,3,3,0,15,1,1768978666,2026-01-21 01:59:07
f833d403-2cf5-424a-a3b3-0314a44b4a67,19,13,6,12,1,1768978667,2026-01-21 01:59:07
1950648049868542106,10,6,4,15,1,1768978666,2026-01-21 01:59:07
563389a0-d90f-4155-9c50-528459df26aa,2,1,1,23,1,1768978667,2026-01-21 01:59:07
74723006-b32f-4590-8cc7-f15eec3808fe,7,0,7,20,1,1768978665,2026-01-21 01:59:07
481624f3-9377-4dfd-a5dd-de05a7fef760,3,0,3,16,1,1768978665,2026-01-21 01:59:07
7a6fc75f-a605-4dd6-b567-b2bbbfb862f3,16,15,1,1,1,1768978666,2026-01-21 01:59:07
3db799ba-b574-4e5f-95e5-c767bec2acb6,21,9,12,6,1,1768978666,2026-01-21 01:59:07
1dacb0f6-29f5-4d1b-b910-92ffa5b4ca5d,11,8,3,29,1,1768978666,2026-01-21 01:59:07
f3782e27-c49a-4ee9-b188-0c13cad54688,7,0,7,10,1,1768978666,2026-01-21 01:59:07
66db2a71-0aca-11e7-82f6-3863bb44ef7c,26,4,21,18,1,1768978666,2026-01-21 01:59:07
cb05443c-e68e-48f7-8d17-35353fa19d4d,20,5,15,33,1,1768978669,2026-01-21 01:59:07
69f84045-48f9-4c6c-90d3-0503e5ed39e9,16,12,4,6,1,1768978669,2026-01-21 01:59:07
1860188747953293684,6,0,6,10,1,1768978667,2026-01-21 01:59:07
66de0861-0aca-11e7-82f6-3863bb44ef7c,24,23,1,1,1,1768978659,2026-01-21 01:59:07
66dd056e-0aca-11e7-82f6-3863bb44ef7c,3,1,2,14,1,1768978668,2026-01-21 01:59:07
1960020234227886806,4,4,0,46,1,1768978669,2026-01-21 01:59:07
44fa161f-eb62-459b-b53e-da83788cfa2a,7,5,2,22,1,1768978669,2026-01-21 01:59:07
2126623007192357636,6,0,6,4,1,1768978670,2026-01-21 01:59:07
1815967442754883940,22,2,20,8,1,1768978670,2026-01-21 01:59:07
2121032386733337206,14,3,11,0,1,1768978670,2026-01-21 01:59:07
c602146e-d69d-43b6-9e8f-054c4df5377e,12,1,11,6,1,1768978670,2026-01-21 01:59:07
6542d952-ca19-410e-9290-ee6b7a6e14cf,1,1,0,19,1,1768978670,2026-01-21 01:59:07
66db447a-0aca-11e7-82f6-3863bb44ef7c,39,33,6,8,1,1768978670,2026-01-21 01:59:07
53ef19c6-eaa7-47f7-807e-f51b574b1be0,9,0,9,3,1,1768978668,2026-01-21 01:59:07
66dba303-0aca-11e7-82f6-3863bb44ef7c,4,0,4,9,1,1768978669,2026-01-21 01:59:07
823ef531-40e6-4397-b973-86bf5b032076,22,19,3,2,1,1768978664,2026-01-21 01:59:07
9635affa-8b18-42d5-84c4-7f67ad5ef9d0,8,4,4,10,1,1768978664,2026-01-21 01:59:07
645e4365-653f-48ce-bc15-5fcc287be56f,21,17,4,47,1,1768978664,2026-01-21 01:59:07
26217b73-7bb5-46e6-8094-1db05becd617,19,13,6,8,1,1768978664,2026-01-21 01:59:07
1799624430022654108,17,1,16,4,1,1768978664,2026-01-21 01:59:07
66ddea99-0aca-11e7-82f6-3863bb44ef7c,6,6,0,15,1,1768978665,2026-01-21 01:59:07
66de43a5-0aca-11e7-82f6-3863bb44ef7c,9,3,6,11,1,1768978665,2026-01-21 01:59:07
8d650b03-920d-4d44-a48f-8d9a1a0ba264,12,2,10,7,1,1768978672,2026-01-21 01:59:07
19b61564-7629-41b4-80c8-1756135a5442,3,3,0,15,1,1768978672,2026-01-21 01:59:07
2137775326353803668,12,3,9,1,1,1768978672,2026-01-21 01:59:07
372c592e-09d8-400c-9595-2aa3510f39b0,2,2,0,21,1,1768978672,2026-01-21 01:59:07
77e31650-e86a-4b06-b2de-b92df2a7a7f5,29,9,20,1,1,1768978672,2026-01-21 01:59:07
66dc17df-0aca-11e7-82f6-3863bb44ef7c,0,0,0,0,0,1768978672,2026-01-21 01:59:07
1862008701134683118,7,1,6,16,1,1768978673,2026-01-21 01:59:07
1869753654337059182,18,13,5,2,1,1768978673,2026-01-21 01:59:07
1934749166596673908,28,9,19,17,1,1768978675,2026-01-21 01:59:07
1786700154621508184,9,7,2,19,1,1768978675,2026-01-21 01:59:07
1880643645302280466,11,9,2,19,1,1768978675,2026-01-21 01:59:07
cbf76774-1276-4cf8-9442-f00571f1451c,27,27,0,2,1,1768978675,2026-01-21 01:59:07
499e10ad-c008-461e-8cf7-20757218a9cc,3,2,1,20,1,1768978675,2026-01-21 01:59:07
b4f990dd-36bb-46b3-9eea-4b980bd43c2d,5,4,1,16,1,1768978670,2026-01-21 01:59:07
ed279ef2-52ee-4ff2-9a52-edd8137ea034,9,9,0,16,1,1768978670,2026-01-21 01:59:07
1828968883163894358,8,0,8,8,1,1768978671,2026-01-21 01:59:07
1835246658344669972,1,1,0,18,1,1768978671,2026-01-21 01:59:07
66ddb66e-0aca-11e7-82f6-3863bb44ef7c,6,2,4,21,1,1768978671,2026-01-21 01:59:07
e35c42c6-8b73-4528-b08d-c94b75624b40,13,3,10,8,1,1768978671,2026-01-21 01:59:07
c4e9905f-457b-4be0-a878-2aa53fa0b09b,20,5,15,2,1,1768978671,2026-01-21 01:59:07
66dbe571-0aca-11e7-82f6-3863bb44ef7c,45,34,11,14,1,1768978671,2026-01-21 01:59:07
754ac5df-f2b5-4636-8c58-ed84ea262bde,2,2,0,18,1,1768978674,2026-01-21 01:59:07
eb217a2c-1dd0-4690-a34e-ecc1a708f883,2,0,2,17,1,1768978674,2026-01-21 01:59:07
64f0f28c-bedc-42d5-b107-ecdd48fc30cd,22,22,0,77,1,1768978674,2026-01-21 01:59:07
2124035976827702128,5,5,0,9,1,1768978675,2026-01-21 01:59:07
66dce9b5-0aca-11e7-82f6-3863bb44ef7c,8,0,8,24,1,1768978673,2026-01-21 01:59:07
d5cabb43-6c78-4022-964e-a8b02470509e,23,9,14,0,1,1768978674,2026-01-21 01:59:07
8a89684b-40a5-49fe-b75d-fdf32ffa8102,15,2,13,4,1,1768978673,2026-01-21 01:59:07
1bb1af93-b433-4da7-8054-009c85f7755a,4,1,3,14,1,1768978673,2026-01-21 01:59:07
66de6346-0aca-11e7-82f6-3863bb44ef7c,21,14,7,13,1,1768978673,2026-01-21 01:59:07
66dc10d1-0aca-11e7-82f6-3863bb44ef7c,26,13,13,17,1,1768978674,2026-01-21 01:59:07
1822663031356509142,15,3,12,4,1,1768978676,2026-01-21 01:59:07
e152a2e1-c510-404e-a100-24246bb6cc95,5,2,3,12,1,1768978676,2026-01-21 01:59:07
1795146692060860976,18,6,12,4,1,1768978676,2026-01-21 01:59:07
66dc0f8a-0aca-11e7-82f6-3863bb44ef7c,35,3,32,19,1,1768978676,2026-01-21 01:59:07
1840504138040045682,7,3,4,13,1,1768978676,2026-01-21 01:59:07
66de0cab-0aca-11e7-82f6-3863bb44ef7c,35,3,32,0,1,1768978676,2026-01-21 01:59:07
66dd17a5-0aca-11e7-82f6-3863bb44ef7c,23,9,14,26,1,1768978677,2026-01-21 01:59:07
66dc7f02-0aca-11e7-82f6-3863bb44ef7c,91,82,9,17,1,1768978677,2026-01-21 01:59:07
1848241684520917882,10,0,10,4,1,1768978677,2026-01-21 01:59:07
1854538962214948918,19,1,18,0,1,1768978677,2026-01-21 01:59:07
66db3687-0aca-11e7-82f6-3863bb44ef7c,26,17,9,8,1,1768978677,2026-01-21 01:59:07
18415ea7-efce-408d-bcb9-4693fb088dda,32,21,11,0,1,1768978677,2026-01-21 01:59:07
66dc3ab9-0aca-11e7-82f6-3863bb44ef7c,33,31,2,29,1,1768978678,2026-01-21 01:59:07
66dbc420-0aca-11e7-82f6-3863bb44ef7c,6,5,1,45,1,1768978678,2026-01-21 01:59:07
66db9c2e-0aca-11e7-82f6-3863bb44ef7c,9,4,5,30,1,1768978679,2026-01-21 01:59:07
dccaeeb5-c53a-4f48-80e6-05675b71a8c8,10,1,9,18,1,1768978679,2026-01-21 01:59:07
1835250442210857240,20,2,18,0,1,1768978678,2026-01-21 01:59:07
66de25bd-0aca-11e7-82f6-3863bb44ef7c,68,0,68,10,1,1768978679,2026-01-21 01:59:07
1864605386632012480,3,0,3,15,1,1768978679,2026-01-21 01:59:07
66dd1d9c-0aca-11e7-82f6-3863bb44ef7c,26,11,15,2,1,1768978678,2026-01-21 01:59:07
66dd3d7f-0aca-11e7-82f6-3863bb44ef7c,6,2,4,29,1,1768978678,2026-01-21 01:59:07
42c3bb6e-0478-4e4a-af10-151f5f4dffb9,16,3,13,1,1,1768978679,2026-01-21 01:59:07
66dc7ba2-0aca-11e7-82f6-3863bb44ef7c,21,9,12,9,1,1768978679,2026-01-21 01:59:07
ab5c5ee6-9c4e-4aaa-a14e-d236d3e01d9a,0,0,0,0,0,86400,2026-01-21 01:59:07
a93cb1ec-fb37-4faf-a7e7-d1e5a9e9af95,0,0,0,0,0,86400,2026-01-21 01:59:07
32c60668-a192-4d06-aa7c-6d6f7aed6b45,0,0,0,0,0,86400,2026-01-21 01:59:07
fd0e86e3-079d-40aa-8231-ec2cbdbd9e7f,0,0,0,0,0,86400,2026-01-21 01:59:07
d67375ea-3f93-4996-b0dc-f542341f2e6a,0,0,0,0,0,86400,2026-01-21 01:59:07
66dccad8-0aca-11e7-82f6-3863bb44ef7c,0,0,0,0,0,86400,2026-01-21 01:59:07
d2024260-cc58-451b-9417-3a695f8a1b34,0,0,0,0,0,1767211364,2026-01-21 01:59:07
2171903221356328154,0,0,0,0,0,86400,2026-01-21 01:59:07
2171903733697659376,0,0,0,0,0,86400,2026-01-21 01:59:07
2171903845366809074,0,0,0,0,0,86400,2026-01-21 01:59:07
4168e5a4-c7ec-4045-bfc8-84ac5edbe845,35,25,10,9,1,1768978581,2026-01-21 01:59:07
1854538793462575652,10,0,10,8,1,1768978581,2026-01-21 01:59:07
2010065065442370322,0,0,0,23,1,1768978581,2026-01-21 01:59:07
f54ad1f8-fe58-49ac-82ae-b742aec66829,49,40,9,27,1,1768978582,2026-01-21 01:59:07
66dc1d0c-0aca-11e7-82f6-3863bb44ef7c,17,12,5,11,1,1768978582,2026-01-21 01:59:07
d8e02e7b-632b-4fbe-95b9-80efa47473e3,3,3,0,17,1,1768978582,2026-01-21 01:59:07
66dc9223-0aca-11e7-82f6-3863bb44ef7c,4,1,3,80,1,1768978582,2026-01-21 01:59:07
1945125910957847430,3,1,2,16,1,1768978576,2026-01-21 01:59:07
06f0d251-e1e3-435c-8c5f-9b991a14ca4a,6,5,1,19,1,1768978578,2026-01-21 01:59:07
ecbfcdb7-fffc-4d45-bed2-1510fd45834d,9,3,6,9,1,1768978580,2026-01-21 01:59:07
1843486390605672640,4,1,3,21,1,1768978581,2026-01-21 01:59:07
d52d4171-fd60-4a28-b7e2-89f3693e0591,12,5,7,5,1,1768978578,2026-01-21 01:59:07
66db7a0d-0aca-11e7-82f6-3863bb44ef7c,44,21,23,7,1,1768978579,2026-01-21 01:59:07
ffaa8f6a-a4ea-4d3a-a57c-f42f77cd4581,0,0,0,24,1,1768978577,2026-01-21 01:59:07
dccab832-b4a2-4105-927d-b52ec0d92c92,17,5,12,1,1,1768978585,2026-01-21 01:59:07
5f7ac86c-1a98-4603-8749-4bb83ac84acd,21,18,3,31,1,1768978585,2026-01-21 01:59:07
66dd3fc3-0aca-11e7-82f6-3863bb44ef7c,21,16,5,19,1,1768978587,2026-01-21 01:59:07
66db3ba0-0aca-11e7-82f6-3863bb44ef7c,50,42,8,20,1,1768978587,2026-01-21 01:59:07
fea72f55-d296-47af-9446-149688dcccbd,1,1,0,14,1,1768978586,2026-01-21 01:59:07
b319c797-71ff-490c-b965-ba2ac0f50da0,4,3,1,13,1,1768978586,2026-01-21 01:59:07
f3b359e2-7983-4aaf-b6b0-e3b7d30816a4,18,4,14,1,1,1768978586,2026-01-21 01:59:07
65a1b09d-560d-46bf-8f5d-7f59471a587e,2,1,1,19,1,1768978583,2026-01-21 01:59:07
e666a344-1afb-4512-b2e9-2fc5ed71be2b,0,0,0,23,1,1768978588,2026-01-21 01:59:07
1817431953833509324,10,3,7,11,1,1768978588,2026-01-21 01:59:07
18326827-dcae-47e0-8518-c4bb9e21eef6,28,0,28,3,1,1768978583,2026-01-21 01:59:07
2436e886-dc53-47cb-8733-d663f9dcd922,3,2,1,21,1,1768978584,2026-01-21 01:59:07
7a15d81b-357e-42e0-b208-93ffd562fd63,1,0,1,24,1,1768978588,2026-01-21 01:59:07
39f756c2-3904-463e-95a8-8d8e3540e845,50,24,26,16,1,1768978589,2026-01-21 01:59:07
17aba164-9d41-4336-9767-2218b8994ded,14,3,11,8,1,1768978589,2026-01-21 01:59:07
55146e49-9bc4-4f13-bdf7-25422342b638,1,1,0,16,1,1768978592,2026-01-21 01:59:07
e4980fd0-e540-40ca-acba-c2a74f3294fc,3,3,0,20,1,1768978592,2026-01-21 01:59:07
66dbcf18-0aca-11e7-82f6-3863bb44ef7c,66,19,47,7,1,1768978592,2026-01-21 01:59:07
bd30f2a1-38ec-474d-9e36-07f688e87427,14,9,5,1,1,1768978592,2026-01-21 01:59:07
1846086463217404850,23,8,15,1,1,1768978592,2026-01-21 01:59:07
1876864480506022446,16,0,16,5,1,1768978593,2026-01-21 01:59:07
66dcbf69-0aca-11e7-82f6-3863bb44ef7c,8,5,3,10,1,1768978590,2026-01-21 01:59:07
1843486667668726558,22,2,20,2,1,1768978590,2026-01-21 01:59:07
1819720453019329398,3,0,3,18,1,1768978595,2026-01-21 01:59:07
66de103b-0aca-11e7-82f6-3863bb44ef7c,15,8,7,5,1,1768978595,2026-01-21 01:59:07
d08be53f-9691-4d6f-81f3-7d052abb7dd6,4,2,2,14,1,1768978595,2026-01-21 01:59:07
1908785111291682996,5,2,3,13,1,1768978595,2026-01-21 01:59:07
66dc79e6-0aca-11e7-82f6-3863bb44ef7c,2,1,1,20,1,1768978595,2026-01-21 01:59:07
1814906873296976512,7,1,6,13,1,1768978595,2026-01-21 01:59:07
1862759079900600428,1,0,1,17,1,1768978589,2026-01-21 01:59:07
1815968422007427668,8,2,6,11,1,1768978589,2026-01-21 01:59:07
77463580-6421-403d-b170-f2660c216175,2,2,0,21,1,1768978591,2026-01-21 01:59:07
b7df61c0-8ead-46cb-9d6e-a6a3011ffb71,6,1,5,19,1,1768978592,2026-01-21 01:59:07
66db8ca4-0aca-11e7-82f6-3863bb44ef7c,45,24,21,14,1,1768978592,2026-01-21 01:59:07
66dc90d5-0aca-11e7-82f6-3863bb44ef7c,35,25,10,0,1,1768978591,2026-01-21 01:59:07
b7d7543b-74ac-4a48-a3c4-412f9ffbc727,11,0,11,13,1,1768978592,2026-01-21 01:59:07
efa2a82f-eb4a-4b82-a602-6c42cb984101,4,2,2,13,1,1768978594,2026-01-21 01:59:07
66dd266a-0aca-11e7-82f6-3863bb44ef7c,29,3,26,3,1,1768978593,2026-01-21 01:59:07
eb8fcff2-6f58-4724-b564-ebc9a8d374d8,17,1,16,1,1,1768978594,2026-01-21 01:59:07
1843486189591985058,0,0,0,22,1,1768978590,2026-01-21 01:59:07
c02864f0-2611-440b-98f4-45fddfd545fe,20,2,18,3,1,1768978600,2026-01-21 01:59:07
1843486597735840252,17,3,14,5,1,1768978600,2026-01-21 01:59:07
66dc8bfd-0aca-11e7-82f6-3863bb44ef7c,24,12,12,26,1,1768978595,2026-01-21 01:59:07
1820420224296772166,15,7,8,8,1,1768978596,2026-01-21 01:59:07
1934770108420609000,1,0,1,16,1,1768978596,2026-01-21 01:59:07
66de269c-0aca-11e7-82f6-3863bb44ef7c,12,7,5,20,1,1768978596,2026-01-21 01:59:07
66dce4fc-0aca-11e7-82f6-3863bb44ef7c,7,2,5,18,1,1768978599,2026-01-21 01:59:07
66db33fc-0aca-11e7-82f6-3863bb44ef7c,27,19,8,40,1,1768978599,2026-01-21 01:59:07
1945126257666675246,9,4,5,12,1,1768978599,2026-01-21 01:59:07
b930dd82-92d0-4d86-b896-7d8b827c2d5f,1,0,1,16,1,1768978597,2026-01-21 01:59:07
8f72fe26-98aa-4e87-a612-9ae0eb1d9a38,19,2,17,1,1,1768978601,2026-01-21 01:59:07
66de542a-0aca-11e7-82f6-3863bb44ef7c,41,2,39,3,1,1768978601,2026-01-21 01:59:07
66dd20eb-0aca-11e7-82f6-3863bb44ef7c,34,26,8,0,1,1768978601,2026-01-21 01:59:07
c4d6b123-df5a-446d-b0ae-d3c4846565d5,9,6,3,15,1,1768978601,2026-01-21 01:59:07
1975559886658995034,0,0,0,24,1,1768978603,2026-01-21 01:59:07
66dc1e55-0aca-11e7-82f6-3863bb44ef7c,10,5,5,52,1,1768978604,2026-01-21 01:59:07
1845677022981917240,13,1,12,4,1,1768978604,2026-01-21 01:59:07
b9deb521-41b6-4f8a-ac78-0e58e3977f2c,11,0,11,13,1,1768978605,2026-01-21 01:59:07
1877653505745721834,4,3,1,15,1,1768978601,2026-01-21 01:59:07
48e7e465-f861-452a-9bf7-7eacd0b2bcac,19,0,19,0,1,1768978602,2026-01-21 01:59:07
1864605659096685518,0,0,0,17,1,1768978606,2026-01-21 01:59:07
4543214c-c9d4-4f20-9cd9-dd05cc365931,40,32,8,6,1,1768978607,2026-01-21 01:59:07
1882735457106787122,18,11,7,7,1,1768978607,2026-01-21 01:59:07
1860188069348460678,22,3,19,0,1,1768978605,2026-01-21 01:59:07
e72f0aec-2293-4636-988c-b9d30df092f8,34,29,5,5,1,1768978605,2026-01-21 01:59:07
aa0e6301-4162-428d-8943-7b684089b0d1,5,0,5,13,1,1768978611,2026-01-21 01:59:07
9e0b3452-ef6d-4e94-8c05-7bef199cdb74,7,3,4,13,1,1768978611,2026-01-21 01:59:07
1848241425697670086,33,10,23,3,1,1768978612,2026-01-21 01:59:07
a70b26b7-fbad-4787-bf15-29f7b13a19ab,4,1,3,16,1,1768978612,2026-01-21 01:59:07
1786696564295760054,9,6,3,17,1,1768978613,2026-01-21 01:59:07
66de110b-0aca-11e7-82f6-3863bb44ef7c,22,4,18,16,1,1768978613,2026-01-21 01:59:07
bde94a25-6089-4490-af3a-8cc5702230b8,88,71,17,11,1,1768978613,2026-01-21 01:59:07
66db631c-0aca-11e7-82f6-3863bb44ef7c,60,45,15,14,1,1768978613,2026-01-21 01:59:07
1820420022433309054,24,10,14,0,1,1768978610,2026-01-21 01:59:07
1893519215751496610,31,1,30,0,1,1768978610,2026-01-21 01:59:07
66db2e3a-0aca-11e7-82f6-3863bb44ef7c,50,42,8,0,1,1768978610,2026-01-21 01:59:07
66ddea2a-0aca-11e7-82f6-3863bb44ef7c,54,18,36,18,1,1768978608,2026-01-21 01:59:07
2142879839954225698,4,1,3,12,1,1768978608,2026-01-21 01:59:07
1841926579628419438,3,2,1,14,1,1768978607,2026-01-21 01:59:07
1851674088959433552,5,1,4,16,1,1768978607,2026-01-21 01:59:07
66dc741f-0aca-11e7-82f6-3863bb44ef7c,51,44,7,14,1,1768978607,2026-01-21 01:59:07
52e81f02-b1f9-45d6-9e5c-e15277de1268,5,3,2,18,1,1768978608,2026-01-21 01:59:07
64de0666-b9ab-404e-a16b-03e449bb5b4d,5,5,0,13,1,1768978608,2026-01-21 01:59:07
1848241963446241866,16,9,7,1,1,1768978618,2026-01-21 01:59:07
bb07a569-cc74-439e-b424-916c0304f136,13,12,1,15,1,1768978618,2026-01-21 01:59:07
66dc9143-0aca-11e7-82f6-3863bb44ef7c,13,6,7,22,1,1768978618,2026-01-21 01:59:07
0cc38ba1-4625-4821-9a6f-e490525cbce2,5,4,1,14,1,1768978619,2026-01-21 01:59:07
33c533cd-5f0e-4c15-a00a-6a2bf1e2d077,21,17,4,40,1,1768978616,2026-01-21 01:59:07
1838070626762830158,8,3,5,12,1,1768978616,2026-01-21 01:59:07
7cb65297-c880-459a-b054-4e059576c02a,3,2,1,16,1,1768978616,2026-01-21 01:59:07
bb0ce308-e5d9-48c7-9f4b-cf0120f2c39a,0,0,0,23,1,1768978616,2026-01-21 01:59:07
50575cba-95ac-4134-9da1-3eec8253afc4,5,2,3,31,1,1768978614,2026-01-21 01:59:07
66dcf023-0aca-11e7-82f6-3863bb44ef7c,14,7,7,5,1,1768978614,2026-01-21 01:59:07
d7f55e1b-12db-49d1-9cd8-4fb464745841,11,1,10,14,1,1768978615,2026-01-21 01:59:07
e6b6c6e2-5fcb-47cd-8f2d-4324b7c977c8,4,3,1,15,1,1768978616,2026-01-21 01:59:07
1871972060496771504,2,2,0,15,1,1768978616,2026-01-21 01:59:07
31f340f3-3201-449e-b017-a26813aa448f,3,2,1,15,1,1768978616,2026-01-21 01:59:07
cd72b9da-b7c6-4785-92b5-0fb2130f0d7b,0,0,0,22,1,1768978617,2026-01-21 01:59:07
1814900752968579218,12,0,12,9,1,1768978617,2026-01-21 01:59:07
1860188607062574024,2,0,2,16,1,1768978616,2026-01-21 01:59:07
c8060816-b4aa-4fd9-bc66-af28bf61dc87,1,1,0,20,1,1768978617,2026-01-21 01:59:07
999865d2-0735-4e85-a9d4-00810231530e,7,2,5,14,1,1768978617,2026-01-21 01:59:07
2009671276352543716,10,10,0,10,1,1768978615,2026-01-21 01:59:07
7f1b4c40-d9fa-4182-be0e-a993655cfb6f,19,11,8,3,1,1768978615,2026-01-21 01:59:07
7f6674c4-5568-4766-b172-0385348ae184,3,3,0,17,1,1768978615,2026-01-21 01:59:07
1786697528321024934,39,7,32,1,1,1768978615,2026-01-21 01:59:07
324af152-33ea-48a7-8bb0-ad8b6f31571f,37,6,31,8,1,1768978616,2026-01-21 01:59:07
0e5be726-2452-42a0-9be8-ea85c8408e4c,9,5,4,12,1,1768978622,2026-01-21 01:59:07
1885718199416500650,10,2,8,13,1,1768978622,2026-01-21 01:59:07
66dbf062-0aca-11e7-82f6-3863bb44ef7c,39,24,15,3,1,1768978622,2026-01-21 01:59:07
1838071090619298218,17,11,6,12,1,1768978622,2026-01-21 01:59:07
66db79a3-0aca-11e7-82f6-3863bb44ef7c,40,35,5,8,1,1768978622,2026-01-21 01:59:07
1875023224873448258,8,0,8,12,1,1768978623,2026-01-21 01:59:07
1786697166576476490,32,27,5,13,1,1768978623,2026-01-21 01:59:07
d11db4cd-f9bf-430b-ac19-104fef323b24,2,2,0,18,1,1768978622,2026-01-21 01:59:07
d837d1b0-8f80-4f6c-ae45-5dd0deec6977,21,4,17,1,1,1768978623,2026-01-21 01:59:07
2142879485385917038,15,13,2,15,1,1768978622,2026-01-21 01:59:07
66dd51e6-0aca-11e7-82f6-3863bb44ef7c,29,24,5,44,1,1768978624,2026-01-21 01:59:07
1828967346753327602,7,1,6,11,1,1768978624,2026-01-21 01:59:07
f882ccc8-45aa-426b-aef6-514fe1d3d9cc,11,6,5,18,1,1768978624,2026-01-21 01:59:07
3db2fa34-0b56-4644-9ae9-bbee1583e717,10,5,5,15,1,1768978624,2026-01-21 01:59:07
66db479e-0aca-11e7-82f6-3863bb44ef7c,26,9,17,10,1,1768978625,2026-01-21 01:59:07
c530a1cb-7c60-4651-be8a-9bfa5eb43f8a,28,20,8,6,1,1768978624,2026-01-21 01:59:07
e6f3c665-0c87-4f34-a5e8-69baeed7b7bf,7,2,5,13,1,1768978625,2026-01-21 01:59:07
db91c9e0-d80b-4cb4-9cc2-9453ec8fbeac,1,1,0,16,1,1768978625,2026-01-21 01:59:07
40eaa69a-d3ab-48fc-b395-b5bdc6a1aa85,9,2,7,10,1,1768978625,2026-01-21 01:59:07
2121032507515216178,8,2,6,2,1,1768978625,2026-01-21 01:59:07
3f031133-ec95-4a92-9d63-2ae28183f498,18,17,1,1,1,1768978625,2026-01-21 01:59:07
1849008925260421550,15,1,14,6,1,1768978621,2026-01-21 01:59:07
d1c204d7-d575-417d-b134-6ebdf7e99f98,12,11,1,9,1,1768978621,2026-01-21 01:59:07
1861680889400379678,15,12,3,3,1,1768978622,2026-01-21 01:59:07
1869753340438110380,6,0,6,12,1,1768978620,2026-01-21 01:59:07
ea9a19a6-acea-4286-a723-b5481c90a3c0,24,2,22,1,1,1768978623,2026-01-21 01:59:07
1834145868297717964,4,0,4,14,1,1768978623,2026-01-21 01:59:07
7a771842-c090-4da1-8c13-72b7f4f50a87,16,0,16,17,1,1768978624,2026-01-21 01:59:07
ccaadb70-6c87-4ccc-9914-a3167bd1bc0e,6,3,3,24,1,1768978624,2026-01-21 01:59:07
3bf69f3e-23f6-4abe-b5fe-dabe6b0ea066,16,15,1,7,1,1768978624,2026-01-21 01:59:07
daefc84c-1b16-4220-8e1f-10ea4866fdc7,56,52,4,48,1,1768978623,2026-01-21 01:59:07
b47e5ffd-4215-4476-a89b-ebe52111f763,21,0,21,14,1,1768978631,2026-01-21 01:59:07
4d674595-187c-417c-a691-676c4446c9fc,10,4,6,12,1,1768978631,2026-01-21 01:59:07
b03adb87-2bd9-43a5-a822-7d06a9ee2d81,23,0,23,6,1,1768978631,2026-01-21 01:59:07
1849009244468810224,16,1,15,3,1,1768978630,2026-01-21 01:59:07
785b3e6b-dab5-4d25-afab-e2a1ef918669,10,2,8,14,1,1768978631,2026-01-21 01:59:07
c9cd8c29-7f0b-4979-9a0e-bec4613d2600,0,0,0,19,1,1768978631,2026-01-21 01:59:07
1786375597504305174,28,3,25,12,1,1768978631,2026-01-21 01:59:07
b64eb0a5-d6d4-4f45-8c9a-e2d004819c99,8,3,5,10,1,1768978630,2026-01-21 01:59:07
a23a40c3-6da5-4b0f-bb6b-8bfc01ec2261,8,1,7,10,1,1768978630,2026-01-21 01:59:07
77b21502-a7a2-40b4-8f3e-f9c6c6ef0939,11,1,10,14,1,1768978630,2026-01-21 01:59:07
52dd11f4-bbd0-49ab-912b-06fac40d275d,18,10,8,10,1,1768978630,2026-01-21 01:59:07
1861683747231494964,4,3,1,12,1,1768978628,2026-01-21 01:59:07
a90e9ad3-4347-4fa4-b031-9bf1f69ce049,3,2,1,15,1,1768978628,2026-01-21 01:59:07
66dea52b-0aca-11e7-82f6-3863bb44ef7c,1,0,1,17,1,1768978628,2026-01-21 01:59:07
6ca15d94-897a-4c81-ab47-366829afb7c4,0,0,0,22,1,1768978626,2026-01-21 01:59:07
9a37d8a1-990b-484c-9603-262dbd1165cc,6,2,4,12,1,1768978626,2026-01-21 01:59:07
1838685618105506490,0,0,0,18,1,1768978627,2026-01-21 01:59:07
1198e739-787c-4ce4-aa63-ffaf98506e9c,4,0,4,58,1,1768978627,2026-01-21 01:59:07
2127386600787000162,2,2,0,23,1,1768978627,2026-01-21 01:59:07
66de4f9c-0aca-11e7-82f6-3863bb44ef7c,23,1,22,6,1,1768978627,2026-01-21 01:59:07
2124425670552673214,1,1,0,12,1,1768978627,2026-01-21 01:59:07
1202a491-9f76-4609-9b5c-eb7723ab5b45,12,4,8,6,1,1768978628,2026-01-21 01:59:07
66de3fde-0aca-11e7-82f6-3863bb44ef7c,2,1,1,21,1,1768978628,2026-01-21 01:59:07
ffef95fa-600b-4f08-b2ce-e8eb034ebfd8,17,17,0,14,1,1768978626,2026-01-21 01:59:07
1815967674683118258,21,0,21,2,1,1768978626,2026-01-21 01:59:07
66de1368-0aca-11e7-82f6-3863bb44ef7c,38,14,24,0,1,1768978626,2026-01-21 01:59:07
1880643497376459348,0,0,0,25,0,1768903727,2026-01-21 01:59:07
1828964993433043090,0,0,0,5,0,1768956955,2026-01-21 01:59:07
36025f2c-ee4d-4c1a-832d-733cf37f98ef,4,3,1,26,1,1768978541,2026-01-21 01:59:07
1828969726487003714,8,1,7,10,1,1768978561,2026-01-21 01:59:07
1835247469495105628,3,0,3,18,1,1768978562,2026-01-21 01:59:07
66dd4ac1-0aca-11e7-82f6-3863bb44ef7c,9,8,1,28,1,1768978562,2026-01-21 01:59:07
1814907062275537820,15,3,12,12,1,1768978560,2026-01-21 01:59:07
2e5cde21-f0a2-4396-899e-6df275e99212,5,5,0,15,1,1768978562,2026-01-21 01:59:07
f752c376-3a6f-4cd3-b9fd-3c049d45a9a6,3,1,2,15,1,1768978562,2026-01-21 01:59:07
fb180cce-96ee-4e66-b3ce-000f3db6e670,2,2,0,28,1,1768978562,2026-01-21 01:59:07
f72a253f-3cef-4da8-9591-0cbd3a692162,30,18,12,12,1,1768978560,2026-01-21 01:59:07
fac701fb-c433-496e-933b-ea137dbe7fe1,4,1,3,12,1,1768978560,2026-01-21 01:59:07
6ae35aa8-644e-4b2c-b6a4-6570192f78ab,14,0,14,15,1,1768978560,2026-01-21 01:59:07
956de8aa-9e06-4efb-8eb0-35fe9b274a48,17,17,0,1,1,1768978565,2026-01-21 01:59:07
5e93b806-08e1-4ef9-98ae-d3dda20e0469,19,15,4,5,1,1768978563,2026-01-21 01:59:07
0eacb768-c7d5-4499-9182-9a1331d9280c,25,0,25,3,1,1768978563,2026-01-21 01:59:07
1817432954560889524,8,0,8,12,1,1768978564,2026-01-21 01:59:07
6651fc84-09d1-4cdb-a8d5-7d6345fb3466,13,1,12,4,1,1768978564,2026-01-21 01:59:07
66db89a3-0aca-11e7-82f6-3863bb44ef7c,59,8,51,14,1,1768978568,2026-01-21 01:59:07
852218fc-5e5b-4153-bc3f-03760b57e68a,4,0,4,17,1,1768978567,2026-01-21 01:59:07
c29c9178-bcb1-4c0c-b789-f4a89512a4e4,2,0,2,17,1,1768978565,2026-01-21 01:59:07
1859811213834095332,15,0,15,9,1,1768978566,2026-01-21 01:59:07
e1a3f2f9-618f-4727-b2d6-676e02aadf17,12,3,9,6,1,1768978566,2026-01-21 01:59:07
189f573b-a2d0-40d2-af15-83c5015d93e2,6,6,0,17,1,1768978501,2026-01-21 01:59:07
66dc3f08-0aca-11e7-82f6-3863bb44ef7c,100,78,22,0,1,1768978557,2026-01-21 01:59:07
b9c209b2-6284-4f5a-a32a-680ef9da1c1f,0,0,0,18,1,1768978557,2026-01-21 01:59:07
66de44ba-0aca-11e7-82f6-3863bb44ef7c,32,16,16,5,1,1768978569,2026-01-21 01:59:07
0927e331-866f-4d99-99b4-04edde99117a,18,7,11,21,1,1768978570,2026-01-21 01:59:07
1834145468418707676,13,0,13,5,1,1768978569,2026-01-21 01:59:07
62e2b1dd-ca52-4e1c-a112-1d8846b9d9b5,15,3,12,2,1,1768978572,2026-01-21 01:59:07
1814900898997467540,7,0,7,12,1,1768978575,2026-01-21 01:59:07
17ba4945-b202-4667-965f-211d80622646,14,0,14,8,1,1768978576,2026-01-21 01:59:07
1846085533896197012,20,1,19,0,1,1768978571,2026-01-21 01:59:07
1865017865553426604,8,0,8,9,1,1768978574,2026-01-21 01:59:07
66de1bc3-0aca-11e7-82f6-3863bb44ef7c,12,2,10,45,1,1768978575,2026-01-21 01:59:07
66de1c33-0aca-11e7-82f6-3863bb44ef7c,28,21,7,20,1,1768978573,2026-01-21 01:59:07
66dc82ef-0aca-11e7-82f6-3863bb44ef7c,24,22,2,36,1,1768978632,2026-01-21 01:59:07
66dc22a7-0aca-11e7-82f6-3863bb44ef7c,25,9,16,19,1,1768978633,2026-01-21 01:59:07
66dc85bb-0aca-11e7-82f6-3863bb44ef7c,39,29,10,0,1,1768978633,2026-01-21 01:59:07
29223935-a682-411c-9f25-577bbb9804fc,17,1,16,0,1,1768978633,2026-01-21 01:59:07
2cd651e7-1e3a-4cd9-8fd1-a2416e032f6e,2,2,0,21,1,1768978633,2026-01-21 01:59:07
a76299eb-73f7-401c-aa8b-edff9ef003bd,31,13,18,9,1,1768978633,2026-01-21 01:59:07
d9bc0b3e-1af8-4cb6-a082-8ef1245ef329,7,3,4,20,1,1768978636,2026-01-21 01:59:07
dadd2084-d844-46f5-b7a4-128d31eeba8e,0,0,0,18,1,1768978636,2026-01-21 01:59:07
66dd18dd-0aca-11e7-82f6-3863bb44ef7c,12,5,7,12,1,1768978636,2026-01-21 01:59:07
14f928c6-9a51-40a2-b7e6-a74e8b351dbf,11,3,8,10,1,1768978636,2026-01-21 01:59:07
03872f6b-a522-4c41-a4f2-5d0c41779e7b,0,0,0,19,1,1768978637,2026-01-21 01:59:07
9991b75b-a9ba-4abc-bf84-0108291be05a,10,1,9,14,1,1768978634,2026-01-21 01:59:07
79399e32-a6c6-4732-8ad4-9f9140a86b21,19,14,5,4,1,1768978634,2026-01-21 01:59:07
1958457675193833900,11,4,7,11,1,1768978636,2026-01-21 01:59:07
22e38a04-e70d-4484-bbf3-f6e8c64fdbd4,5,4,1,18,1,1768978636,2026-01-21 01:59:07
7f3aa940-18ef-4900-89dc-cdb05f693f31,3,1,2,16,1,1768978631,2026-01-21 01:59:07
1864606193814670106,6,1,5,16,1,1768978632,2026-01-21 01:59:07
66dc48ef-0aca-11e7-82f6-3863bb44ef7c,35,35,0,28,1,1768978632,2026-01-21 01:59:07
35b8b636-18d3-4860-b0a9-39c0bce96a10,12,1,11,15,1,1768978633,2026-01-21 01:59:07
1835247745828931742,1,0,1,18,1,1768978626,2026-01-21 01:59:07
2132211694027383298,16,9,7,0,1,1768978626,2026-01-21 01:59:07
87091002-cc25-452a-b5d9-f8d0c3fce422,1,1,0,22,1,1768978633,2026-01-21 01:59:07
2b33334b-243c-4a16-a6d2-32304c8884f1,2,2,0,18,1,1768978635,2026-01-21 01:59:07
99142ec8-c0e7-47ca-916c-c1097d48e133,14,8,6,27,1,1768978632,2026-01-21 01:59:07
0197e9da-ae03-40a7-8270-fe500bfc9e18,4,4,0,15,1,1768978643,2026-01-21 01:59:07
66dc481a-0aca-11e7-82f6-3863bb44ef7c,68,37,31,0,1,1768978643,2026-01-21 01:59:07
ed5c92f1-3293-4385-9e2b-9b716a096a19,15,15,0,47,1,1768978643,2026-01-21 01:59:07
f06c01c3-fd7f-443c-a0c7-fc9233d77f6a,2,2,0,19,1,1768978637,2026-01-21 01:59:07
66de0bcb-0aca-11e7-82f6-3863bb44ef7c,15,11,4,40,1,1768978637,2026-01-21 01:59:07
94771406-6712-4508-9392-11e9d90e1185,17,12,5,0,1,1768978637,2026-01-21 01:59:07
0ebdda6a-37e4-4ff4-94e8-3947f49d8e24,3,1,2,19,1,1768978637,2026-01-21 01:59:07
66dd2786-0aca-11e7-82f6-3863bb44ef7c,19,5,14,6,1,1768978638,2026-01-21 01:59:07
cc7b86cf-a2fb-4738-b967-de7b197dc930,0,0,0,40,1,1768978638,2026-01-21 01:59:07
1860187430946456420,1,0,1,17,1,1768978638,2026-01-21 01:59:07
8ef6ec7d-e898-4edc-8f3f-af888f8c5ef4,4,0,4,17,1,1768978638,2026-01-21 01:59:07
81640d04-c36a-4fb1-98b0-85be10be516c,7,0,7,13,1,1768978638,2026-01-21 01:59:07
66dde3b1-0aca-11e7-82f6-3863bb44ef7c,17,7,10,16,1,1768978639,2026-01-21 01:59:07
1851254360969534132,7,5,2,17,1,1768978639,2026-01-21 01:59:07
3299ff79-36aa-42ef-b7f1-c40e95c8f570,19,0,19,24,1,1768978641,2026-01-21 01:59:07
1877920686883352866,19,8,11,1,1,1768978642,2026-01-21 01:59:07
9d23b0e9-a478-407c-a0e0-0aff1b0398fc,1,1,0,20,1,1768978642,2026-01-21 01:59:07
6908ae75-b9a1-4f20-b192-95dc43e858a8,7,2,5,9,1,1768978641,2026-01-21 01:59:07
1786699974232881542,6,1,5,14,1,1768978641,2026-01-21 01:59:07
d0b87aa7-7e19-40d2-8f7d-6a622e6ac391,4,1,3,19,1,1768978640,2026-01-21 01:59:07
1815967051912860522,22,0,22,7,1,1768978640,2026-01-21 01:59:07
66dcca0d-0aca-11e7-82f6-3863bb44ef7c,3,0,3,19,1,1768978639,2026-01-21 01:59:07
1898455214498195676,3,2,1,16,1,1768978639,2026-01-21 01:59:07
1860189190334925058,3,0,3,18,1,1768978640,2026-01-21 01:59:07
c7ffe3fa-9cd6-4d35-9060-7d5822381442,41,29,12,33,1,1768978640,2026-01-21 01:59:07
2868db5b-df51-4c36-8515-ef77a5b092c2,16,0,16,0,1,1768978639,2026-01-21 01:59:07
0cde9bcd-0dcb-45dc-9c9a-3e5485b5452e,0,0,0,17,1,1768978639,2026-01-21 01:59:07
94bcf812-5cff-460c-841f-54876ed1e7a4,0,0,0,18,1,1768978645,2026-01-21 01:59:07
ddc8ca6c-dceb-4603-ab1e-4bd972ca2a3d,9,2,7,8,1,1768978645,2026-01-21 01:59:07
1786687245202023014,33,9,24,0,1,1768978645,2026-01-21 01:59:07
66dbcdfc-0aca-11e7-82f6-3863bb44ef7c,1,0,1,54,1,1768978645,2026-01-21 01:59:07
380394f7-64fa-4a65-a4d1-7bcaddd41fab,15,9,6,4,1,1768978648,2026-01-21 01:59:07
1849009534951225816,5,1,4,11,1,1768978648,2026-01-21 01:59:07
8a13182a-4823-4fe7-afcd-a4ef0b134ed9,4,2,2,12,1,1768978648,2026-01-21 01:59:07
8456b63c-37c6-49a6-8c02-bb6dcfc35041,13,10,3,9,1,1768978648,2026-01-21 01:59:07
5eac53d0-5510-441a-9dbb-76bd38acf4ef,1,0,1,15,1,1768978647,2026-01-21 01:59:07
9b721468-3b28-429d-9e13-580cdf00a6a4,16,2,14,7,1,1768978647,2026-01-21 01:59:07
66dd43bd-0aca-11e7-82f6-3863bb44ef7c,16,14,2,29,1,1768978647,2026-01-21 01:59:07
2104278402820534724,23,6,17,16,1,1768978647,2026-01-21 01:59:07
81a34754-ae08-47a6-964d-4733849a8fab,3,1,2,25,1,1768978647,2026-01-21 01:59:07
66dc7659-0aca-11e7-82f6-3863bb44ef7c,85,62,23,32,1,1768978644,2026-01-21 01:59:07
1906951766876655628,2,0,2,26,1,1768978644,2026-01-21 01:59:07
2121033322026834516,10,0,10,3,1,1768978644,2026-01-21 01:59:07
2bf9addc-038b-48fe-8794-dde085c5e5dc,20,12,8,30,1,1768978650,2026-01-21 01:59:07
4f57360d-a4cb-4568-b74a-f3086ccaee2e,7,3,4,13,1,1768978651,2026-01-21 01:59:07
1786697932047949952,8,4,4,15,1,1768978650,2026-01-21 01:59:07
66db6d40-0aca-11e7-82f6-3863bb44ef7c,54,43,11,10,1,1768978648,2026-01-21 01:59:07
66dd455e-0aca-11e7-82f6-3863bb44ef7c,32,31,1,5,1,1768978648,2026-01-21 01:59:07
a82cc641-0926-4a63-b488-7060ab7dcd74,26,18,8,4,1,1768978649,2026-01-21 01:59:07
55ccb271-7035-422e-bee1-20e84caa0217,36,0,36,11,1,1768978646,2026-01-21 01:59:07
66de1f7f-0aca-11e7-82f6-3863bb44ef7c,25,10,15,5,1,1768978646,2026-01-21 01:59:07
398aa734-3893-4dba-a704-57ae8632c4f9,6,5,1,15,1,1768978650,2026-01-21 01:59:07
9b7e3b8b-97ef-4038-820c-7cd1c1a34fc7,12,2,10,12,1,1768978654,2026-01-21 01:59:07
66dca682-0aca-11e7-82f6-3863bb44ef7c,31,24,7,31,1,1768978655,2026-01-21 01:59:07
66db3997-0aca-11e7-82f6-3863bb44ef7c,11,0,11,65,1,1768978654,2026-01-21 01:59:07
1854255035042870020,9,1,8,7,1,1768978654,2026-01-21 01:59:07
1804894168423871442,22,10,12,3,1,1768978655,2026-01-21 01:59:07
66dbca0f-0aca-11e7-82f6-3863bb44ef7c,46,34,12,10,1,1768978655,2026-01-21 01:59:07
1887292564377354448,4,2,2,25,1,1768978655,2026-01-21 01:59:07
66dd23a9-0aca-11e7-82f6-3863bb44ef7c,12,10,2,15,1,1768978652,2026-01-21 01:59:07
68827e5f-ed28-45de-99bf-66093a8c504f,8,6,2,12,1,1768978652,2026-01-21 01:59:07
989fdf95-cfb9-475c-ba0c-3152fd3a16e0,15,12,3,4,1,1768978652,2026-01-21 01:59:07
711ccb32-e1bc-4577-ac7b-50592cc9b8a0,23,7,16,1,1,1768978652,2026-01-21 01:59:07
1856847127505992556,0,0,0,0,0,1768978652,2026-01-21 01:59:07
1827839088308194240,104,90,14,12,1,1768978652,2026-01-21 01:59:07
9ac5758f-0419-4e28-8387-6bcd28db17fa,10,1,9,8,1,1768978653,2026-01-21 01:59:07
2111353842893366258,0,0,0,31,1,1768978653,2026-01-21 01:59:07
bb6bba3f-19a0-4ebb-a454-4ac678d9d62d,15,13,2,5,1,1768978651,2026-01-21 01:59:07
760ebaea-f7c7-45ad-aa3b-395d97adcf8f,8,1,7,14,1,1768978651,2026-01-21 01:59:07
66db5e6a-0aca-11e7-82f6-3863bb44ef7c,9,7,2,9,1,1768978652,2026-01-21 01:59:07
5f2766b0-362e-49e5-ab09-05e2c4b6f626,0,0,0,18,1,1768978651,2026-01-21 01:59:07
9c2a741d-7f3e-4aa1-b58b-db5c3e6bcb20,1,0,1,27,1,1768978653,2026-01-21 01:59:07
4775fd25-2240-44d7-884a-d777d15a9b5e,8,7,1,12,1,1768978653,2026-01-21 01:59:07
c0a3b8fe-ba64-4cbb-b010-f760998d6c3a,14,14,0,5,1,1768978653,2026-01-21 01:59:07
1a083890-e22b-4f81-8d98-567784034916,20,2,18,3,1,1768978653,2026-01-21 01:59:07
514afe43-84d4-4941-8281-75a93c5cd365,6,2,4,10,1,1768978653,2026-01-21 01:59:07
a958a8af-a0cc-4bca-9114-93c74ce3c693,4,4,0,18,1,1768978656,2026-01-21 01:59:07
679dcf08-d88c-4d1b-b81d-fe9f4aabbff7,4,1,3,21,1,1768978656,2026-01-21 01:59:07
afd76a0e-ceb8-4d18-a427-b378c4d07a75,20,4,16,9,1,1768978656,2026-01-21 01:59:07
7d9a1b9e-0123-4561-a111-b3735fada687,5,0,5,17,1,1768978657,2026-01-21 01:59:07
ace80a8c-6196-484e-8dd0-061e3c90389b,2,1,1,27,1,1768978656,2026-01-21 01:59:07
2098359443836787630,16,15,1,55,1,1768978655,2026-01-21 01:59:07
8d2eff37-be09-4b46-a95d-abff89e16d56,8,0,8,9,1,1768978655,2026-01-21 01:59:07
c37931bb-8571-4671-a9a8-f3cf23897680,49,27,22,43,1,1768978656,2026-01-21 01:59:07
1947001743402778700,4,1,3,17,1,1768978658,2026-01-21 01:59:07
2123939659270367896,8,3,5,8,1,1768978658,2026-01-21 01:59:07
66dc0bbd-0aca-11e7-82f6-3863bb44ef7c,28,8,20,9,1,1768978658,2026-01-21 01:59:07
8f1fdf4b-ecca-4f03-b04c-e10fe596e2c7,19,15,4,7,1,1768978654,2026-01-21 01:59:07
5d994b32-b7a5-450d-9bbb-93bf3b03e6d5,0,0,0,17,1,1768978657,2026-01-21 01:59:07
e982e1cb-7e7b-4769-85b8-565925200654,6,0,6,18,1,1768978657,2026-01-21 01:59:07
774c5443-d463-42b3-bfc5-b0ab3c56fe35,21,21,0,11,1,1768978659,2026-01-21 01:59:07
66db9cc4-0aca-11e7-82f6-3863bb44ef7c,13,6,7,24,1,1768978659,2026-01-21 01:59:07
1880643915885220532,4,4,0,26,1,1768978659,2026-01-21 01:59:07
66dd4f31-0aca-11e7-82f6-3863bb44ef7c,12,10,2,22,1,1768978660,2026-01-21 01:59:07
02fb0f6a-b1dc-4e1c-97f8-fe70462670a3,22,2,20,3,1,1768978660,2026-01-21 01:59:07
2121032193446634360,3,1,2,8,1,1768978601,2026-01-21 01:59:07
5600446d-a00a-45e6-9dc3-550adfd63e39,3,3,0,15,1,1768978661,2026-01-21 01:59:07
467e1de6-73a6-480f-9e83-fd1b03b71047,13,3,10,11,1,1768978658,2026-01-21 01:59:07
bf317efc-13f1-42be-8243-373a29354033,4,1,3,21,1,1768978659,2026-01-21 01:59:07
c0a2d591-4eed-488b-b88b-0b23990e3756,17,0,17,0,1,1768978658,2026-01-21 01:59:07
66dcccfe-0aca-11e7-82f6-3863bb44ef7c,3,0,3,13,1,1768978658,2026-01-21 01:59:07
514f3dda-4d08-464c-b2d4-5706d400065a,2,1,1,14,1,1768978659,2026-01-21 01:59:07
4d4a3e7b-1005-4bfd-8680-340a20cacbee,17,9,8,4,1,1768978659,2026-01-21 01:59:07
a1112e04-bc50-4782-b3d6-bb5902c0e8db,2,2,0,19,1,1768978659,2026-01-21 01:59:07
66de88d7-0aca-11e7-82f6-3863bb44ef7c,24,19,5,22,1,1768978662,2026-01-21 01:59:07
66dc24b8-0aca-11e7-82f6-3863bb44ef7c,39,4,35,30,1,1768978662,2026-01-21 01:59:07
cf284d60-23e7-49ec-91dc-8bfedb59cb6a,17,1,16,2,1,1768978663,2026-01-21 01:59:07
1835249317786962140,0,0,0,26,1,1768978663,2026-01-21 01:59:07
92a51669-deec-45a9-8494-fafdf6356c51,6,3,3,26,1,1768978664,2026-01-21 01:59:07
c56739c2-b310-4d73-ab0e-b6036abd9561,20,3,17,5,1,1768978663,2026-01-21 01:59:07
ebce9ecb-9678-4c42-89d7-08e54bc6fe90,3,3,0,15,1,1768978662,2026-01-21 01:59:07
66ddef96-0aca-11e7-82f6-3863bb44ef7c,37,16,21,7,1,1768978661,2026-01-21 01:59:07
be435dfd-e859-487c-ae32-3d2b76d49a49,13,3,10,5,1,1768978662,2026-01-21 01:59:07
d946ce73-5487-4ab7-b429-cf873e9af5b5,11,2,9,8,1,1768978662,2026-01-21 01:59:07
a37bd0e0-d1e9-4302-9ff7-286e415aff1c,17,9,8,0,1,1768978662,2026-01-21 01:59:07
66db4282-0aca-11e7-82f6-3863bb44ef7c,51,23,28,24,1,1768978662,2026-01-21 01:59:07
48b19cc8-bf45-4602-89ac-a8c0a0560c43,17,7,10,2,1,1768978662,2026-01-21 01:59:07
66dbebad-0aca-11e7-82f6-3863bb44ef7c,27,14,13,21,1,1768978662,2026-01-21 01:59:07
426862de-f8f2-4967-ba41-76680a4b460c,5,4,1,12,1,1768978670,2026-01-21 01:59:07
b30815c0-99b6-451b-be15-902992cb8abb,50,46,4,7,1,1768978670,2026-01-21 01:59:07
66de59bd-0aca-11e7-82f6-3863bb44ef7c,18,5,13,4,1,1768978667,2026-01-21 01:59:07
e73cf71b-db05-44f9-b57a-689d65320d68,2,0,2,28,1,1768978668,2026-01-21 01:59:07
1836581441921155232,8,7,1,10,1,1768978668,2026-01-21 01:59:07
8e631be4-1e0c-4627-a261-18f0003d0ba2,7,5,2,34,1,1768978669,2026-01-21 01:59:07
199ea9dd-8f7e-4e05-a730-55edaacd8787,7,6,1,50,1,1768978669,2026-01-21 01:59:07
fe65853e-b20a-4250-9677-2aa177283b72,10,1,9,9,1,1768978669,2026-01-21 01:59:07
5f968a1b-ee60-43a0-ad25-05211e09e436,9,4,5,11,1,1768978669,2026-01-21 01:59:07
66db3f62-0aca-11e7-82f6-3863bb44ef7c,23,3,20,32,1,1768978669,2026-01-21 01:59:07
66db6da2-0aca-11e7-82f6-3863bb44ef7c,45,37,8,6,1,1768978665,2026-01-21 01:59:07
9719498d-bd5c-4424-86ac-dfe0795c57d1,5,2,3,16,1,1768978665,2026-01-21 01:59:07
1813395029173762108,41,41,0,0,1,1768978665,2026-01-21 01:59:07
2121032708855884414,7,3,4,8,1,1768978666,2026-01-21 01:59:07
145bbc0d-8976-45ae-9565-158ba564d3d1,21,6,15,4,1,1768978666,2026-01-21 01:59:07
b1e496f1-43cf-48d0-be49-ab0d760c00bf,3,0,3,25,1,1768978665,2026-01-21 01:59:07
66dde208-0aca-11e7-82f6-3863bb44ef7c,37,37,0,0,1,1768978664,2026-01-21 01:59:07
40914c6b-293d-49ac-b83a-d9d4af998aea,8,5,3,10,1,1768978664,2026-01-21 01:59:07
66db3708-0aca-11e7-82f6-3863bb44ef7c,17,2,15,21,1,1768978664,2026-01-21 01:59:07
66ddb6d9-0aca-11e7-82f6-3863bb44ef7c,50,17,33,14,1,1768978664,2026-01-21 01:59:07
1838618090943186984,19,2,17,4,1,1768978664,2026-01-21 01:59:07
2121032973750651666,3,0,3,10,1,1768978669,2026-01-21 01:59:07
2126623199408050430,10,2,8,6,1,1768978668,2026-01-21 01:59:07
7380e377-936d-47d7-8abe-0f666d47465e,3,2,1,17,1,1768978666,2026-01-21 01:59:07
2124426189188761638,13,13,0,1,1,1768978634,2026-01-21 01:59:07
4a4c7548-2466-48ef-8d7e-0aa4d6acb69e,3,1,2,17,1,1768978667,2026-01-21 01:59:07
66dc7de9-0aca-11e7-82f6-3863bb44ef7c,100,68,32,14,1,1768978667,2026-01-21 01:59:07
b7c6ce96-a24d-4c1e-93ee-6f49c1adf119,3,1,2,12,1,1768978667,2026-01-21 01:59:07
7f8cb36a-2bf4-4d57-afbd-331310f25355,14,1,13,22,1,1768978664,2026-01-21 01:59:07
2007842506069575758,17,2,15,3,1,1768978671,2026-01-21 01:59:07
1817432233006383832,20,1,19,2,1,1768978672,2026-01-21 01:59:07
bdcbd89b-9ae0-461b-aa1d-7db7ead07400,17,3,14,9,1,1768978672,2026-01-21 01:59:07
923a60f7-2a0e-4a31-8dd5-66c8518c929e,7,2,5,12,1,1768978672,2026-01-21 01:59:07
1854537815365165328,0,0,0,19,1,1768978672,2026-01-21 01:59:07
01b7973e-c92e-4fbe-890e-2c24de33ce0e,11,2,9,7,1,1768978672,2026-01-21 01:59:07
66dc8768-0aca-11e7-82f6-3863bb44ef7c,24,11,13,16,1,1768978674,2026-01-21 01:59:07
66db65aa-0aca-11e7-82f6-3863bb44ef7c,69,34,35,28,1,1768978673,2026-01-21 01:59:07
01839a78-f228-4706-8f7f-147b857492f2,2,1,1,16,1,1768978674,2026-01-21 01:59:07
1833865926273309136,13,7,6,47,1,1768978674,2026-01-21 01:59:07
80969478-8dbc-42e1-8e16-ac0132a431c2,21,1,20,4,1,1768978674,2026-01-21 01:59:07
c45aa693-fedd-478f-ade9-bf176c4e32ff,7,1,6,12,1,1768978674,2026-01-21 01:59:07
868586b3-ddc7-4b4b-9bed-a1e487033aaa,43,11,32,2,1,1768978674,2026-01-21 01:59:07
9b4a92ae-cefe-467a-8e35-5ce02d4f3a45,4,1,3,14,1,1768978674,2026-01-21 01:59:07
753591ba-36f7-4ded-ab7d-40df9994a05f,11,6,5,12,1,1768978675,2026-01-21 01:59:07
101c813e-02a8-4b6b-bd5d-981c1ea62019,3,3,0,18,1,1768978675,2026-01-21 01:59:07
bc512527-7863-48d5-aea8-3de470abc1ee,7,4,3,11,1,1768978674,2026-01-21 01:59:07
66db46d7-0aca-11e7-82f6-3863bb44ef7c,14,7,7,15,1,1768978675,2026-01-21 01:59:07
46dca5c6-7bd3-4a4f-aa1e-33aa66652294,16,3,13,11,1,1768978675,2026-01-21 01:59:07
94624d6e-4150-4ab1-92ff-bf55cb58ab61,2,1,1,16,1,1768978675,2026-01-21 01:59:07
2126579619522812246,11,4,7,2,1,1768978675,2026-01-21 01:59:07
fec4aa1b-9fc1-4dd9-ab39-c1d7370a6e54,6,0,6,15,1,1768978675,2026-01-21 01:59:07
16a4effc-282e-4053-b47b-31f734d50c08,15,2,13,7,1,1768978672,2026-01-21 01:59:07
2124037656159914878,5,3,2,7,1,1768978672,2026-01-21 01:59:07
66dcf640-0aca-11e7-82f6-3863bb44ef7c,21,6,15,4,1,1768978672,2026-01-21 01:59:07
e10a6e12-d98c-4625-940a-9f83d9b2f6c4,17,4,13,4,1,1768978673,2026-01-21 01:59:07
1a5eae13-8f27-4875-8330-a796c95f8ad6,2,0,2,14,1,1768978673,2026-01-21 01:59:07
3f878b81-324e-4673-9221-43d34647e76f,11,0,11,4,1,1768978673,2026-01-21 01:59:07
2018303498843153278,23,9,14,4,1,1768978673,2026-01-21 01:59:07
a6a132f9-89bf-42a4-afe6-1ca449b7f570,7,6,1,11,1,1768978673,2026-01-21 01:59:07
0c923abb-298a-4a47-b132-9fae73cc59e6,29,23,6,12,1,1768978670,2026-01-21 01:59:07
66dd4bf7-0aca-11e7-82f6-3863bb44ef7c,15,11,4,27,1,1768978670,2026-01-21 01:59:07
15e1568b-f502-47a2-9d3d-b5aaa1edc239,5,2,3,14,1,1768978670,2026-01-21 01:59:07
e6c2a46e-431a-4101-af84-870f660ff4cb,7,7,0,61,1,1768978671,2026-01-21 01:59:07
e2fc6d90-8deb-4e21-961d-9d5208c1f986,18,16,2,11,1,1768978675,2026-01-21 01:59:07
2121032035614514006,11,0,11,1,1,1768978676,2026-01-21 01:59:07
8f672aa7-08a1-4fe2-a471-06f219c0eb1b,1,1,0,14,1,1768978676,2026-01-21 01:59:07
2123939077451327830,3,0,3,7,1,1768978642,2026-01-21 01:59:07
4753c893-e4bd-4d6a-bc4d-42209a19ebeb,1,1,0,16,1,1768978676,2026-01-21 01:59:07
6a52ceae-3b97-487a-9438-de844bfbf1c2,9,4,5,10,1,1768978676,2026-01-21 01:59:07
9e014047-d675-418b-a03c-84d974a25134,0,0,0,30,1,1768978676,2026-01-21 01:59:07
66dd243c-0aca-11e7-82f6-3863bb44ef7c,42,4,38,35,1,1768978676,2026-01-21 01:59:07
66dc9068-0aca-11e7-82f6-3863bb44ef7c,21,6,15,51,1,1768978671,2026-01-21 01:59:07
330ee4e3-29cb-48e5-845f-a8ccf1aa2ce6,2,0,2,24,1,1768978671,2026-01-21 01:59:07
66ddbd20-0aca-11e7-82f6-3863bb44ef7c,91,70,21,2,1,1768978674,2026-01-21 01:59:07
c042a307-2d7d-4ee9-95b7-a7505a3428c2,16,10,6,19,1,1768978677,2026-01-21 01:59:07
1828965887815635862,3,1,2,18,1,1768978677,2026-01-21 01:59:07
66db6889-0aca-11e7-82f6-3863bb44ef7c,5,5,0,26,1,1768978651,2026-01-21 01:59:07
a724eb92-55ca-4b9f-9a87-c2e87b3cbd40,1,1,0,19,1,1768978677,2026-01-21 01:59:07
66dc864c-0aca-11e7-82f6-3863bb44ef7c,24,19,5,5,1,1768978677,2026-01-21 01:59:07
3ff00115-e8da-4326-97d3-7bf4fe4df7a5,2,1,1,17,1,1768978678,2026-01-21 01:59:07
66db269c-0aca-11e7-82f6-3863bb44ef7c,19,19,0,11,1,1768978677,2026-01-21 01:59:07
54782566-697b-497e-a503-dc1f39963eb2,6,6,0,19,1,1768978677,2026-01-21 01:59:07
85ba92ab-8d0a-4d17-9d07-0173e16d3b6d,4,1,3,15,1,1768978678,2026-01-21 01:59:07
dc8223ad-4108-40a8-9ff5-35e8490b4077,0,0,0,0,0,86400,2026-01-21 01:59:07
2004153375425087884,0,0,0,0,0,86400,2026-01-21 01:59:07
1815968147129520346,0,0,0,0,0,86400,2026-01-21 01:59:07
1861683496445528180,0,0,0,0,0,86400,2026-01-21 01:59:07
66dc7a7d-0aca-11e7-82f6-3863bb44ef7c,0,0,0,0,0,1760532172,2026-01-21 01:59:07
2171904090179944948,0,0,0,0,0,86400,2026-01-21 01:59:07
2171902875345687974,0,0,0,0,0,86400,2026-01-21 01:59:07
2171902770580328596,0,0,0,0,0,86400,2026-01-21 01:59:07
66db473c-0aca-11e7-82f6-3863bb44ef7c,0,0,0,3,0,1768246235,2026-01-21 01:59:07
7bdd60e9-c0fd-40f6-aa9a-d5fa004d4fe3,9,3,6,10,1,1768978457,2026-01-21 01:59:07
6a9b19e3-cd69-4e0c-9b28-1889db936c7c,6,5,1,13,1,1768978492,2026-01-21 01:59:07
1057229c-f8f8-4014-80cd-f40421c61cf0,0,0,0,17,1,1768978501,2026-01-21 01:59:07
9a52fbc1-d87a-4a65-941d-12fd55dbcdde,18,0,18,2,1,1768978501,2026-01-21 01:59:07
66dbe848-0aca-11e7-82f6-3863bb44ef7c,100,73,27,18,1,1768978502,2026-01-21 01:59:07
8d097a6d-f17c-4195-9dd4-42527b371c71,12,11,1,50,1,1768978564,2026-01-21 01:59:07
1846085927885781554,11,1,10,10,1,1768978564,2026-01-21 01:59:07
1843486464469891376,5,4,1,13,1,1768978564,2026-01-21 01:59:07
4034789e-b70d-4aae-bf18-3ed37a4d751f,16,5,11,3,1,1768978564,2026-01-21 01:59:07
328d778a-7e71-4240-acae-b84f0fdaa5c5,0,0,0,25,1,1768978565,2026-01-21 01:59:07
45e8c326-b12d-4be6-b040-bb6de9986d25,17,8,9,3,1,1768978565,2026-01-21 01:59:07
66dea596-0aca-11e7-82f6-3863bb44ef7c,7,5,2,17,1,1768978560,2026-01-21 01:59:07
1840540966407039246,19,3,16,0,1,1768978560,2026-01-21 01:59:07
d7d297fd-36dc-42f2-8e3b-24b1003be874,15,8,7,0,1,1768978562,2026-01-21 01:59:07
582cd775-0178-47f5-b707-6d5869f077ba,16,1,15,15,1,1768978562,2026-01-21 01:59:07
4c3b6e25-b0c2-4a3f-b07e-cd60cd1b0ac0,1,1,0,14,1,1768978562,2026-01-21 01:59:07
42032bf9-4599-4035-bc01-c80bec1a7122,5,0,5,15,1,1768978564,2026-01-21 01:59:07
90c35466-db3c-4b0d-993e-6e92883773b4,57,31,26,13,1,1768978563,2026-01-21 01:59:07
66db63f4-0aca-11e7-82f6-3863bb44ef7c,13,1,12,3,1,1768978571,2026-01-21 01:59:07
66dc8f1f-0aca-11e7-82f6-3863bb44ef7c,35,18,17,17,1,1768978572,2026-01-21 01:59:07
66dd4b2b-0aca-11e7-82f6-3863bb44ef7c,6,3,3,43,1,1768978572,2026-01-21 01:59:07
61647ec6-dfd6-4d1c-8800-d488d390c627,16,12,4,17,1,1768978572,2026-01-21 01:59:07
1b985e4b-88de-42a8-95be-dce37dbbc5c5,9,1,8,14,1,1768978573,2026-01-21 01:59:07
cac843c2-8b21-47bb-a3b9-712f95d7f7aa,18,3,15,0,1,1768978574,2026-01-21 01:59:07
a3e2b360-f050-48ea-b8c8-57d897b8f7fc,2,0,2,14,1,1768978575,2026-01-21 01:59:07
d34f2271-10ee-40c3-a93a-09df58860512,6,5,1,10,1,1768978575,2026-01-21 01:59:07
66ddd369-0aca-11e7-82f6-3863bb44ef7c,44,34,10,17,1,1768978591,2026-01-21 01:59:07
c066c90a-efb1-4f8b-aa15-38ba4edd4ebc,7,2,5,13,1,1768978592,2026-01-21 01:59:07
724aeecc-8c91-4afc-b97c-72a98de452c9,1,0,1,16,1,1768978592,2026-01-21 01:59:07
ba0a4ada-c9f6-48b4-a7b3-7220f6fb88c2,2,1,1,20,1,1768978592,2026-01-21 01:59:07
ca4795a2-6ab3-4597-bf59-f0155ac1637c,11,6,5,53,1,1768978591,2026-01-21 01:59:07
d7632897-a6eb-4f8f-9ab2-c66426620fbf,8,0,8,7,1,1768978591,2026-01-21 01:59:07
e612122d-e0fd-4ebf-8d51-0f48f9d1b580,14,3,11,6,1,1768978590,2026-01-21 01:59:07
4eb6d6a8-ecc1-4e89-a586-4f96ed3d83e1,1,1,0,27,1,1768978590,2026-01-21 01:59:07
b608193c-46ae-4b61-9e7a-4671e7c3b96e,4,2,2,15,1,1768978592,2026-01-21 01:59:07
66dc2238-0aca-11e7-82f6-3863bb44ef7c,9,9,0,66,1,1768978593,2026-01-21 01:59:07
66dc4b4c-0aca-11e7-82f6-3863bb44ef7c,0,0,0,59,1,1768978593,2026-01-21 01:59:07
66de2556-0aca-11e7-82f6-3863bb44ef7c,19,10,9,59,1,1768978587,2026-01-21 01:59:07
1b22c037-207d-454a-90aa-8f22d0a8a7e3,21,7,14,0,1,1768978587,2026-01-21 01:59:07
1838999521825487230,19,0,19,0,1,1768978588,2026-01-21 01:59:07
38bb1218-0a9e-41d9-b2ef-25c8626dac29,19,2,17,2,1,1768978589,2026-01-21 01:59:07
b9d3134b-697f-4a0f-b90f-d95f6c69ffda,10,1,9,9,1,1768978589,2026-01-21 01:59:07
66dc2172-0aca-11e7-82f6-3863bb44ef7c,5,0,5,75,1,1768978590,2026-01-21 01:59:07
66dbe7b6-0aca-11e7-82f6-3863bb44ef7c,5,5,0,22,1,1768978593,2026-01-21 01:59:07
ad17bd9a-735b-4a11-8ad3-dc7800e342af,23,10,13,12,1,1768978597,2026-01-21 01:59:07
e34bb92f-6911-449a-999b-5bc80e0322fe,4,3,1,14,1,1768978598,2026-01-21 01:59:07
66de4078-0aca-11e7-82f6-3863bb44ef7c,14,1,13,7,1,1768978599,2026-01-21 01:59:07
8fa2fafb-fa07-48b2-b159-bffbea7176d4,3,3,0,16,1,1768978599,2026-01-21 01:59:07
66dcfaf6-0aca-11e7-82f6-3863bb44ef7c,11,2,9,7,1,1768978597,2026-01-21 01:59:07
66dcbbfe-0aca-11e7-82f6-3863bb44ef7c,7,2,5,11,1,1768978597,2026-01-21 01:59:07
66ddede1-0aca-11e7-82f6-3863bb44ef7c,11,4,7,19,1,1768978595,2026-01-21 01:59:07
66dc2bc5-0aca-11e7-82f6-3863bb44ef7c,22,15,7,84,1,1768978595,2026-01-21 01:59:07
66dc0cc7-0aca-11e7-82f6-3863bb44ef7c,8,7,1,42,1,1768978595,2026-01-21 01:59:07
0b94cc1e-2327-4679-99d9-3b21ddc02051,17,3,14,14,1,1768978596,2026-01-21 01:59:07
ca4e4962-2169-4559-8f60-b05ab7809750,12,4,8,18,1,1768978596,2026-01-21 01:59:07
1932126716328112534,20,0,20,1,1,1768978597,2026-01-21 01:59:07
b55f9b55-7fa7-4f0f-9732-78cbe07452e1,17,5,12,9,1,1768978599,2026-01-21 01:59:07
9b70cbe2-25fc-42f8-b6e6-ac21ef248e4b,3,3,0,15,1,1768978600,2026-01-21 01:59:07
1938139112487078732,24,11,13,7,1,1768978595,2026-01-21 01:59:07
2104275164415193448,41,14,27,25,1,1768978595,2026-01-21 01:59:07
1846086665080867236,13,4,9,7,1,1768978566,2026-01-21 01:59:07
66db69d0-0aca-11e7-82f6-3863bb44ef7c,32,19,13,0,1,1768978566,2026-01-21 01:59:07
15cb007b-bfca-4ad7-bfc6-44bf3d36785a,27,1,26,0,1,1768978567,2026-01-21 01:59:07
1848242216849312578,11,2,9,7,1,1768978567,2026-01-21 01:59:07
668ef22c-4665-4f42-bf6a-ab9e8a2899b1,16,8,8,7,1,1768978568,2026-01-21 01:59:07
cad68b8c-6d68-4c5f-88fe-b1aa3e40727a,13,1,12,8,1,1768978568,2026-01-21 01:59:07
f15ccc6e-5a7c-46e7-b505-0bfc9cae3d83,8,3,5,19,1,1768978566,2026-01-21 01:59:07
be2bdee1-e3e9-45cc-94f0-2ba81a722ba3,15,10,5,3,1,1768978566,2026-01-21 01:59:07
f91170e6-a33c-4870-94da-9d51510515d2,1,0,1,16,1,1768978569,2026-01-21 01:59:07
1854538169357726138,2,1,1,15,1,1768978565,2026-01-21 01:59:07
2c321ea3-e1dd-4d32-be70-bd158fe1f568,48,35,13,29,1,1768978613,2026-01-21 01:59:07
44a80c48-c1a9-4ff1-92eb-6bf8be492f5e,10,8,2,11,1,1768978614,2026-01-21 01:59:07
1828966363527611286,15,1,14,4,1,1768978614,2026-01-21 01:59:07
e58234a3-5b23-427e-948f-c1e4571b2bfa,31,15,16,26,1,1768978614,2026-01-21 01:59:07
9c1c3499-1b11-471f-b59a-87d9e27e15c5,4,3,1,17,1,1768978614,2026-01-21 01:59:07
2b54cb2c-31be-4620-a13c-0fa72b58c90a,1,1,0,25,1,1768978614,2026-01-21 01:59:07
f3c68cfb-52fd-48c8-b6e5-85c179fee0b3,12,0,12,11,1,1768978614,2026-01-21 01:59:07
7a725e59-49be-4c1d-9c3d-3b3a8ed1232f,10,10,0,11,1,1768978612,2026-01-21 01:59:07
dd351a72-4241-4275-843d-0fffa8a1f414,15,12,3,8,1,1768978612,2026-01-21 01:59:07
66dbc60f-0aca-11e7-82f6-3863bb44ef7c,0,0,0,4,1,1768978614,2026-01-21 01:59:07
1861681121800951962,14,4,10,7,1,1768978614,2026-01-21 01:59:07
1899178885660253096,24,19,5,0,1,1768978617,2026-01-21 01:59:07
844c68cc-19f0-474a-86d3-4af170117aae,2,2,0,19,1,1768978613,2026-01-21 01:59:07
de6f4206-3aa9-4cb9-aae0-8547d2cd6854,20,0,20,2,1,1768978618,2026-01-21 01:59:07
e8a6c13b-1f6e-4e6b-bdf8-9b0e597e4a62,11,8,3,24,1,1768978541,2026-01-21 01:59:07
bd1760ad-3af3-4ede-9bd7-c8fbf46d7192,4,2,2,17,1,1768978584,2026-01-21 01:59:07
dfad8e49-7e1b-4376-90b4-7a449319f294,4,4,0,17,1,1768978585,2026-01-21 01:59:07
ad41e353-033e-484f-8d76-78014e11e9d7,4,1,3,14,1,1768978586,2026-01-21 01:59:07
1e83ffdc-8e72-45c0-8210-4f37e60505c9,16,5,11,18,1,1768978586,2026-01-21 01:59:07
66dde845-0aca-11e7-82f6-3863bb44ef7c,14,12,2,20,1,1768978586,2026-01-21 01:59:07
66dd2811-0aca-11e7-82f6-3863bb44ef7c,13,0,13,29,1,1768978587,2026-01-21 01:59:07
66de867e-0aca-11e7-82f6-3863bb44ef7c,1,0,1,29,1,1768978585,2026-01-21 01:59:07
b0cc08dc-e7dd-48d1-8901-ba496f3ff2f5,38,34,4,1,1,1768978585,2026-01-21 01:59:07
648e09b6-95c2-40d3-9dac-a43f22eccf38,2,1,1,22,1,1768978582,2026-01-21 01:59:07
66db34fc-0aca-11e7-82f6-3863bb44ef7c,7,4,3,25,1,1768978582,2026-01-21 01:59:07
1885439359712500016,0,0,0,23,1,1768978582,2026-01-21 01:59:07
66db8d89-0aca-11e7-82f6-3863bb44ef7c,54,51,3,1,1,1768978582,2026-01-21 01:59:07
1f872052-38c4-4701-96c4-c363de51c2b5,17,7,10,34,1,1768978585,2026-01-21 01:59:07
1815968026870435892,11,5,6,11,1,1768978583,2026-01-21 01:59:07
43f3d3c7-46b0-4812-879d-15afe8804c5f,26,15,11,0,1,1768978583,2026-01-21 01:59:07
d9ea5210-50b3-4342-9801-f896bd21f4a1,1,1,0,20,1,1768978583,2026-01-21 01:59:07
1964061627836181486,3,2,1,82,1,1768978611,2026-01-21 01:59:07
c809158b-ca8f-4a77-a800-8ee9d287c056,2,1,1,14,1,1768978608,2026-01-21 01:59:07
66db40ef-0aca-11e7-82f6-3863bb44ef7c,22,20,2,37,1,1768978609,2026-01-21 01:59:07
66ddee56-0aca-11e7-82f6-3863bb44ef7c,19,14,5,1,1,1768978609,2026-01-21 01:59:07
66dd0808-0aca-11e7-82f6-3863bb44ef7c,3,1,2,23,1,1768978606,2026-01-21 01:59:07
1856766912456610780,1,1,0,22,1,1768978606,2026-01-21 01:59:07
1815967159287043052,9,1,8,14,1,1768978607,2026-01-21 01:59:07
82dd89f6-1e5a-4a8f-8660-13cb64349e94,4,0,4,14,1,1768978607,2026-01-21 01:59:07
1814900632709495794,16,6,10,7,1,1768978609,2026-01-21 01:59:07
1954806962718223342,39,19,20,4,1,1768978609,2026-01-21 01:59:07
bbb48e80-7d2f-4b3c-bb8c-591bc931945a,16,11,5,3,1,1768978610,2026-01-21 01:59:07
88e64257-298c-4b8d-8886-77b9b66dcec1,20,12,8,29,1,1768978611,2026-01-21 01:59:07
787fe4b2-6029-4f71-917e-892479d8d64e,11,3,8,7,1,1768978611,2026-01-21 01:59:07
66dc259a-0aca-11e7-82f6-3863bb44ef7c,9,8,1,73,1,1768978607,2026-01-21 01:59:07
1869851741257474316,27,2,25,0,1,1768978607,2026-01-21 01:59:07
1834145330979754058,0,0,0,25,1,1768978559,2026-01-21 01:59:07
66dde8ac-0aca-11e7-82f6-3863bb44ef7c,10,7,3,27,1,1768978559,2026-01-21 01:59:07
78b4aa30-e4e9-4447-9419-c89f8527892e,5,3,2,16,1,1768978559,2026-01-21 01:59:07
1860190006584693708,7,4,3,12,1,1768978559,2026-01-21 01:59:07
387e2863-83ad-4589-8004-794a7b624801,11,4,7,8,1,1768978580,2026-01-21 01:59:07
1947367330341251364,4,3,1,16,1,1768978581,2026-01-21 01:59:07
e3e6105e-eaa2-43c5-badb-fb8592ad7227,1,0,1,23,1,1768978581,2026-01-21 01:59:07
5c3c345d-1975-400d-a9d8-18815816886e,18,9,9,36,1,1768978575,2026-01-21 01:59:07
cc758f1a-8b28-4ff5-bc75-fbe62c453378,1,1,0,19,1,1768978576,2026-01-21 01:59:07
0f536c08-dde3-40af-a66d-1fe1e7edecd2,4,0,4,16,1,1768978576,2026-01-21 01:59:07
1851999409149780880,13,3,10,10,1,1768978576,2026-01-21 01:59:07
2022386456542683974,26,0,26,6,1,1768978577,2026-01-21 01:59:07
993fc83f-52c6-43f4-bb49-4abe4ad48150,0,0,0,18,1,1768978576,2026-01-21 01:59:07
a33a2d11-33a5-46ad-a086-5698ac17b7b4,29,7,22,3,1,1768978580,2026-01-21 01:59:07
c0c6a931-c1d3-4202-a433-c4127a4cd846,3,0,3,16,1,1768978580,2026-01-21 01:59:07
66de10a8-0aca-11e7-82f6-3863bb44ef7c,16,4,12,15,1,1768978601,2026-01-21 01:59:07
66de65a4-0aca-11e7-82f6-3863bb44ef7c,1,0,1,20,1,1768978601,2026-01-21 01:59:07
1846085626867634660,6,3,3,15,1,1768978602,2026-01-21 01:59:07
1885442082749874736,3,3,0,18,1,1768978603,2026-01-21 01:59:07
e1886e7a-62b1-4359-9835-8ab5a16371ae,3,1,2,19,1,1768978603,2026-01-21 01:59:07
1817432104157364846,21,1,20,0,1,1768978603,2026-01-21 01:59:07
1828968794479100296,8,2,6,9,1,1768978605,2026-01-21 01:59:07
1318e05a-2506-43c6-b49d-4c1f7f69a267,8,7,1,8,1,1768978600,2026-01-21 01:59:07
66de0933-0aca-11e7-82f6-3863bb44ef7c,24,3,21,2,1,1768978601,2026-01-21 01:59:07
eafa19ed-88c2-4efc-bd73-3961f85b6063,31,18,13,7,1,1768978604,2026-01-21 01:59:07
ecc52c52-e2d9-4e73-8f9c-18ad8e9b0606,13,5,8,8,1,1768978604,2026-01-21 01:59:07
35a5b4d6-2d90-4b60-b68b-03bb60fb1afc,2,2,0,16,1,1768978603,2026-01-21 01:59:07
66dcac42-0aca-11e7-82f6-3863bb44ef7c,42,1,41,8,1,1768978603,2026-01-21 01:59:07
66de5095-0aca-11e7-82f6-3863bb44ef7c,7,0,7,12,1,1768978622,2026-01-21 01:59:07
2576805f-9732-4c74-8f1d-57715e8cdfa2,15,8,7,13,1,1768978622,2026-01-21 01:59:07
e8df73bd-5d3d-47c9-b04d-bcec4db5540f,61,15,46,2,1,1768978619,2026-01-21 01:59:07
66dbc551-0aca-11e7-82f6-3863bb44ef7c,1,0,1,51,1,1768978619,2026-01-21 01:59:07
66db3606-0aca-11e7-82f6-3863bb44ef7c,13,12,1,44,1,1768978619,2026-01-21 01:59:07
66dded7a-0aca-11e7-82f6-3863bb44ef7c,25,24,1,2,1,1768978619,2026-01-21 01:59:07
74feba30-26a5-4949-b3a0-d6e13ba1a20c,8,3,5,9,1,1768978619,2026-01-21 01:59:07
1869753812884512816,8,5,3,12,1,1768978619,2026-01-21 01:59:07
625711ba-3b5d-46a7-a8f9-7f4eb17ec1be,6,2,4,18,1,1768978619,2026-01-21 01:59:07
1869439561831725810,6,0,6,19,1,1768978619,2026-01-21 01:59:07
bc346753-b68a-4cb3-b93f-b0be68227eae,12,2,10,8,1,1768978618,2026-01-21 01:59:07
59e3766c-0629-4ff1-a1d9-bc0514a55487,1,0,1,21,1,1768978618,2026-01-21 01:59:07
901cab1a-a77e-424e-b602-16883e792f93,5,3,2,12,1,1768978622,2026-01-21 01:59:07
66db3273-0aca-11e7-82f6-3863bb44ef7c,47,42,5,3,1,1768978622,2026-01-21 01:59:07
8b1222da-612f-4482-ab34-9467c4ed28e3,7,2,5,16,1,1768978621,2026-01-21 01:59:07
66dbeded-0aca-11e7-82f6-3863bb44ef7c,12,0,12,11,1,1768978622,2026-01-21 01:59:07
66dcbe7c-0aca-11e7-82f6-3863bb44ef7c,1,0,1,17,1,1768978628,2026-01-21 01:59:07
36edabac-a0c2-471b-abaf-73fdb53a4e5f,1,1,0,19,1,1768978628,2026-01-21 01:59:07
db41cc62-86ea-4421-bfaf-9b6511cfee10,0,0,0,30,1,1768978628,2026-01-21 01:59:07
1828965671716082498,14,2,12,3,1,1768978628,2026-01-21 01:59:07
1828967607558607844,4,0,4,13,1,1768978629,2026-01-21 01:59:07
1861271680294357158,14,5,9,8,1,1768978623,2026-01-21 01:59:07
93c28953-7e65-436e-9c5a-9d7ca0e3729f,18,16,2,5,1,1768978624,2026-01-21 01:59:07
a2f71eea-05a2-4fe7-99ab-f74535c880ae,8,6,2,16,1,1768978627,2026-01-21 01:59:07
66de5e5b-0aca-11e7-82f6-3863bb44ef7c,7,6,1,33,1,1768978627,2026-01-21 01:59:07
1851674145014649512,6,0,6,19,1,1768978627,2026-01-21 01:59:07
18846fd4-877c-4971-9b6f-1bd8fbc10346,4,2,2,15,1,1768978627,2026-01-21 01:59:07
66dd039b-0aca-11e7-82f6-3863bb44ef7c,3,2,1,23,1,1768978620,2026-01-21 01:59:07
66db402c-0aca-11e7-82f6-3863bb44ef7c,76,32,44,11,1,1768978626,2026-01-21 01:59:07
66db74a5-0aca-11e7-82f6-3863bb44ef7c,42,15,27,9,1,1768978627,2026-01-21 01:59:07
66dea6e1-0aca-11e7-82f6-3863bb44ef7c,3,2,1,61,1,1768978627,2026-01-21 01:59:07
d7bdc3d7-6e6d-4899-9cc7-f4238a86c695,4,1,3,19,1,1768978643,2026-01-21 01:59:07
285ad3c2-3ffe-45bb-8765-9c20a69641a6,15,9,6,2,1,1768978642,2026-01-21 01:59:07
b4063b76-1abd-465c-96a4-45f6ee016bc5,2,0,2,15,1,1768978642,2026-01-21 01:59:07
1861682702044957494,11,10,1,7,1,1768978642,2026-01-21 01:59:07
4d79bdb9-7c35-4d35-9f6e-3c1b849c453a,22,17,5,20,1,1768978640,2026-01-21 01:59:07
66dbf518-0aca-11e7-82f6-3863bb44ef7c,12,3,9,15,1,1768978640,2026-01-21 01:59:07
0109f17a-2378-4500-9648-88bdb31ec612,31,0,31,3,1,1768978640,2026-01-21 01:59:07
e780c290-0c52-4ab1-9719-a581be789df3,9,7,2,12,1,1768978641,2026-01-21 01:59:07
66dc21d4-0aca-11e7-82f6-3863bb44ef7c,1,0,1,49,1,1768978644,2026-01-21 01:59:07
d3f51f51-7e51-4c75-8600-d76916608707,4,2,2,23,1,1768978641,2026-01-21 01:59:07
002e6e9f-ced2-47b0-bc7e-ccf38c3b4b0f,7,2,5,12,1,1768978643,2026-01-21 01:59:07
1848242058183072050,15,4,11,4,1,1768978641,2026-01-21 01:59:07
66dc1c5c-0aca-11e7-82f6-3863bb44ef7c,47,31,16,28,1,1768978642,2026-01-21 01:59:07
1903998756008763590,1,1,0,50,1,1768978634,2026-01-21 01:59:07
158e7752-27e2-4912-be0b-eb15405aa096,9,3,6,11,1,1768978635,2026-01-21 01:59:07
66dc192f-0aca-11e7-82f6-3863bb44ef7c,9,4,5,12,1,1768978635,2026-01-21 01:59:07
1828969323789472168,8,1,7,8,1,1768978624,2026-01-21 01:59:07
3e9e50cc-f336-439f-bd0b-dec5499c038d,39,37,2,6,1,1768978625,2026-01-21 01:59:07
ebfafca3-5818-4e6f-8374-98f44a0ca0c6,2,1,1,24,1,1768978624,2026-01-21 01:59:07
66db2db5-0aca-11e7-82f6-3863bb44ef7c,53,1,52,3,1,1768978625,2026-01-21 01:59:07
55fda28d-56a8-4db2-b42a-072714f18471,15,0,15,3,1,1768978625,2026-01-21 01:59:07
66dc7cc3-0aca-11e7-82f6-3863bb44ef7c,6,5,1,32,1,1768978625,2026-01-21 01:59:07
956e9f8d-d23a-4a0e-bf28-84180e818af7,15,12,3,10,1,1768978625,2026-01-21 01:59:07
66dc41bb-0aca-11e7-82f6-3863bb44ef7c,45,34,12,6,1,1768978625,2026-01-21 01:59:07
83d1ff16-ba56-4eae-aa6a-b37b6439db82,2,0,2,27,1,1768978635,2026-01-21 01:59:07
0c106e83-c47a-4233-b5e4-62bbb75d0bed,0,0,0,17,1,1768978635,2026-01-21 01:59:07
66dcc30b-0aca-11e7-82f6-3863bb44ef7c,14,7,7,2,1,1768978635,2026-01-21 01:59:07
66de48f9-0aca-11e7-82f6-3863bb44ef7c,15,1,14,1,1,1768978636,2026-01-21 01:59:07
66dbb869-0aca-11e7-82f6-3863bb44ef7c,6,2,4,13,1,1768978638,2026-01-21 01:59:07
f4f9a09c-010c-430c-a766-3390c44b4962,0,0,0,16,1,1768978638,2026-01-21 01:59:07
66dcc5ca-0aca-11e7-82f6-3863bb44ef7c,0,0,0,0,0,1768978639,2026-01-21 01:59:07
e2b28abd-07a4-4552-ad17-abf155aff28a,14,9,5,7,1,1768978637,2026-01-21 01:59:07
2126621966735272262,8,0,8,4,1,1768978637,2026-01-21 01:59:07
66db44e5-0aca-11e7-82f6-3863bb44ef7c,25,10,15,12,1,1768978637,2026-01-21 01:59:07
5db1fefa-0f10-4c58-a7ce-113f3164ced8,12,3,9,6,1,1768978637,2026-01-21 01:59:07
bb32aad7-8308-4ff8-b073-d5b518ffdd09,0,0,0,38,1,1768978638,2026-01-21 01:59:07
9a40cb60-6ede-4c9e-9d64-dc55cae57f31,0,0,0,27,1,1768978638,2026-01-21 01:59:07
cd118a8f-a7d1-4b7a-a6d3-d9e875cb29df,16,12,4,8,1,1768978654,2026-01-21 01:59:07
40fd82d6-c0e9-4876-adfb-816140ecfc39,12,9,3,5,1,1768978654,2026-01-21 01:59:07
66db2d2b-0aca-11e7-82f6-3863bb44ef7c,39,39,0,7,1,1768978653,2026-01-21 01:59:07
1836581534415880440,6,3,3,20,1,1768978654,2026-01-21 01:59:07
66dd2208-0aca-11e7-82f6-3863bb44ef7c,19,3,16,23,1,1768978654,2026-01-21 01:59:07
66de08c9-0aca-11e7-82f6-3863bb44ef7c,14,1,13,6,1,1768978654,2026-01-21 01:59:07
66de186f-0aca-11e7-82f6-3863bb44ef7c,13,5,8,11,1,1768978652,2026-01-21 01:59:07
afc79a38-e26d-48f7-94e4-d0aca8fd1c49,1,0,1,15,1,1768978652,2026-01-21 01:59:07
a58ff2e3-a5ae-4070-a26d-ddfe8cc6fc58,13,11,2,9,1,1768978652,2026-01-21 01:59:07
a0eec052-257a-4c79-8171-6e2ad9864ad0,10,8,2,19,1,1768978652,2026-01-21 01:59:07
66de4594-0aca-11e7-82f6-3863bb44ef7c,13,8,5,13,1,1768978652,2026-01-21 01:59:07
a8560d28-9ee1-4af4-9180-7e9c4dd0d147,15,4,11,2,1,1768978653,2026-01-21 01:59:07
9d95a4a9-bcfe-4189-bb7d-abd9992ecbaf,11,2,9,5,1,1768978653,2026-01-21 01:59:07
2026068766494475116,31,24,7,3,1,1768978653,2026-01-21 01:59:07
66dc76cd-0aca-11e7-82f6-3863bb44ef7c,32,18,14,1,1,1768978653,2026-01-21 01:59:07
66dd4b91-0aca-11e7-82f6-3863bb44ef7c,9,4,5,29,1,1768978657,2026-01-21 01:59:07
1869439368558197224,2,0,2,16,1,1768978657,2026-01-21 01:59:07
df243d7f-e6ae-435c-9895-aecbcff9cada,12,8,4,16,1,1768978654,2026-01-21 01:59:07
66dce567-0aca-11e7-82f6-3863bb44ef7c,3,1,2,16,1,1768978657,2026-01-21 01:59:07
c2800791-1911-4f2b-8fc7-bed280c557c0,40,37,3,1,1,1768978655,2026-01-21 01:59:07
5780ae63-54e5-48e3-a00c-9c403cb75401,7,2,5,14,1,1768978655,2026-01-21 01:59:07
e0b80983-c520-47e3-9c8d-a17fff5e5582,13,0,13,6,1,1768978655,2026-01-21 01:59:07
821b19c1-ab13-4482-9580-770288a377a7,3,0,3,38,1,1768978658,2026-01-21 01:59:07
66ddeffd-0aca-11e7-82f6-3863bb44ef7c,8,7,1,9,1,1768978659,2026-01-21 01:59:07
45865207-8700-4ef2-99ed-b08889ef0250,10,4,6,9,1,1768978658,2026-01-21 01:59:07
550153a5-2ea1-4c76-b1cd-77667005f55d,20,8,12,7,1,1768978657,2026-01-21 01:59:07
6f21be51-6fde-4cde-b1db-b102a5f67300,21,3,18,0,1,1768978654,2026-01-21 01:59:07
1e3a16ff-65ba-4d34-b3c6-37aff44e085a,13,8,5,26,1,1768978657,2026-01-21 01:59:07
0e003543-3656-448f-8a93-029d265f2e26,26,2,24,5,1,1768978657,2026-01-21 01:59:07
1064b4b0-e9c8-4139-ac48-f118305dbe69,4,3,1,18,1,1768978656,2026-01-21 01:59:07
1861682444178541220,23,0,23,12,1,1768978672,2026-01-21 01:59:07
db29242d-6ff3-4e22-85fe-45fa3d03ec39,3,1,2,16,1,1768978672,2026-01-21 01:59:07
66dc4599-0aca-11e7-82f6-3863bb44ef7c,21,14,6,3,1,1768978672,2026-01-21 01:59:07
66de8a86-0aca-11e7-82f6-3863bb44ef7c,0,0,0,54,1,1768978673,2026-01-21 01:59:07
d1138533-504c-4d29-b71c-299e1d31f159,19,0,19,17,1,1768978673,2026-01-21 01:59:07
2137774972219769002,10,2,8,0,1,1768978673,2026-01-21 01:59:07
1860187181307969634,18,0,18,2,1,1768978673,2026-01-21 01:59:07
3c8847a6-c12a-40fd-9b22-4582ac1a0d9d,17,15,2,6,1,1768978673,2026-01-21 01:59:07
66dc252e-0aca-11e7-82f6-3863bb44ef7c,33,20,13,0,1,1768978671,2026-01-21 01:59:07
623c9658-5544-4254-847e-738763cf45a3,5,1,4,14,1,1768978671,2026-01-21 01:59:07
66dda55f-0aca-11e7-82f6-3863bb44ef7c,28,19,9,0,1,1768978671,2026-01-21 01:59:07
1875433315773395778,8,4,4,22,1,1768978672,2026-01-21 01:59:07
2143247416766638978,7,2,5,37,1,1768978672,2026-01-21 01:59:07
ce95fbdd-b7d2-46fc-910d-5c170e4b7610,3,0,3,15,1,1768978670,2026-01-21 01:59:07
3eed817a-63e5-424b-8ed3-c809db5488f7,48,27,21,6,1,1768978670,2026-01-21 01:59:07
3c6c0d12-80dd-4c49-b7c5-e3549588b8cf,11,3,8,14,1,1768978671,2026-01-21 01:59:07
2123940148896639644,7,7,0,2,1,1768978670,2026-01-21 01:59:07
e4645d0d-8b76-4c46-b2b9-be25592e0659,10,4,6,14,1,1768978671,2026-01-21 01:59:07
62089e99-7f73-4f59-816d-57f9793484a1,17,11,6,4,1,1768978671,2026-01-21 01:59:07
66de5613-0aca-11e7-82f6-3863bb44ef7c,72,17,55,1,1,1768978671,2026-01-21 01:59:07
28be450b-7878-4495-add2-61afd94f375a,18,9,9,1,1,1768978671,2026-01-21 01:59:07
2366d8a4-7a49-42f3-9afe-efd2b200336b,6,6,0,14,1,1768978674,2026-01-21 01:59:07
1796642668661690940,15,3,12,6,1,1768978674,2026-01-21 01:59:07
2126274308236524392,3,1,2,9,1,1768978659,2026-01-21 01:59:07
d7904cd0-4b1b-47d0-8103-937bcf5ff845,17,8,9,0,1,1768978674,2026-01-21 01:59:07
66de5773-0aca-11e7-82f6-3863bb44ef7c,13,5,8,0,1,1768978675,2026-01-21 01:59:07
6076e321-85d8-4e0e-ae18-86bb8cbbda1b,16,0,16,1,1,1768978675,2026-01-21 01:59:07
b62bcd96-c2db-447c-bdd5-d3c18f174858,7,1,6,9,1,1768978675,2026-01-21 01:59:07
4b67c6e0-d603-4fbc-afbe-0b8952f4f7af,7,0,7,28,1,1768978675,2026-01-21 01:59:07
d47c856e-8cda-4da0-b8eb-1ccf0e6ef7ab,9,1,8,19,1,1768978675,2026-01-21 01:59:07
66dde197-0aca-11e7-82f6-3863bb44ef7c,18,16,2,23,1,1768978625,2026-01-21 01:59:07
66dbbc4a-0aca-11e7-82f6-3863bb44ef7c,16,6,10,8,1,1768978625,2026-01-21 01:59:07
085da8d4-9465-46f0-82d1-10c9c9177d64,2,1,1,17,1,1768978626,2026-01-21 01:59:07
53e30d38-a110-42b4-a8f9-ca801a847ac7,36,28,8,9,1,1768978626,2026-01-21 01:59:07
1862008413697896912,2,2,0,19,1,1768978632,2026-01-21 01:59:07
66dc1beb-0aca-11e7-82f6-3863bb44ef7c,29,20,9,76,1,1768978632,2026-01-21 01:59:07
d8673258-9513-4ed2-86bf-bef62e7e4e30,1,1,0,15,1,1768978632,2026-01-21 01:59:07
1d167807-0aa8-413a-b7a0-01c2ca8a6a60,8,5,3,13,1,1768978631,2026-01-21 01:59:07
361dd964-db79-47dd-b044-eac88c735249,1,1,0,17,1,1768978631,2026-01-21 01:59:07
55f6b830-e43e-4227-bfc7-683465236d94,20,9,11,25,1,1768978631,2026-01-21 01:59:07
66db7152-0aca-11e7-82f6-3863bb44ef7c,43,15,28,5,1,1768978631,2026-01-21 01:59:07
c0e0e578-8ce8-4c9d-be47-b902d8a41050,2,1,1,16,1,1768978632,2026-01-21 01:59:07
ccfa8b82-07a7-4a08-88fc-be261c30a4ca,1,0,1,21,1,1768978629,2026-01-21 01:59:07
26176e86-8362-4c91-a693-6aa3f9ce0b73,8,6,2,12,1,1768978629,2026-01-21 01:59:07
18fcd2c1-dc8b-4a52-9f18-e9b9003bbea5,29,26,3,24,1,1768978629,2026-01-21 01:59:07
c63e9937-cadb-4813-aee3-5fd3fcc93767,3,3,0,16,1,1768978630,2026-01-21 01:59:07
f001fac9-5f19-451e-a752-afde574a8c81,2,2,0,15,1,1768978630,2026-01-21 01:59:07
2f580cf9-14e2-4300-ba22-f6d88d0312a5,12,3,9,12,1,1768978630,2026-01-21 01:59:07
4bbf50a9-47c2-4a32-97c2-1f6bc4f9d401,24,11,13,7,1,1768978630,2026-01-21 01:59:07
1845676816555735590,10,0,10,12,1,1768978630,2026-01-21 01:59:07
547cdccc-7864-4898-97c9-8798d924ef54,52,19,33,13,1,1768978632,2026-01-21 01:59:07
8ea09819-cd88-4732-b047-c0549f0b370f,12,3,9,18,1,1768978633,2026-01-21 01:59:07
9092515e-eef6-478f-910f-1cd19d06bebb,3,1,2,32,1,1768978633,2026-01-21 01:59:07
2124037775602344266,6,2,4,9,1,1768978634,2026-01-21 01:59:07
b516fedb-3ced-4683-8c17-7e5f6dadf04d,20,6,14,14,1,1768978649,2026-01-21 01:59:07
2f656bc4-7743-4326-8330-a22bd41d9d17,30,27,3,8,1,1768978649,2026-01-21 01:59:07
5736cd70-be41-483e-8d82-721874f40e6e,5,1,4,15,1,1768978648,2026-01-21 01:59:07
1786697003367719132,28,4,24,10,1,1768978649,2026-01-21 01:59:07
1841240663447542046,5,2,3,11,1,1768978646,2026-01-21 01:59:07
66db88f5-0aca-11e7-82f6-3863bb44ef7c,7,0,7,29,1,1768978646,2026-01-21 01:59:07
5dc8ddac-979e-4ae5-b879-3670cca7482d,6,0,6,14,1,1768978646,2026-01-21 01:59:07
1869753195262578852,6,3,3,13,1,1768978646,2026-01-21 01:59:07
1e6c5d0c-f406-4b60-88f6-6284a38d3930,3,3,0,16,1,1768978647,2026-01-21 01:59:07
bbaae5d3-7e2b-46a8-872e-152404c664f7,20,0,20,7,1,1768978647,2026-01-21 01:59:07
7a8b474b-7577-4316-a192-d57576d194a3,2,0,2,18,1,1768978648,2026-01-21 01:59:07
1893622839585237496,36,22,14,38,1,1768978648,2026-01-21 01:59:07
1860189813948384088,20,11,9,5,1,1768978648,2026-01-21 01:59:07
66db7a71-0aca-11e7-82f6-3863bb44ef7c,4,4,0,35,1,1768978645,2026-01-21 01:59:07
341730d7-a61d-499d-8c07-fa015f644e54,62,53,9,21,1,1768978645,2026-01-21 01:59:07
203d7b9a-8666-4af1-81c7-f9fc36aa0952,1,1,0,16,1,1768978645,2026-01-21 01:59:07
d3433b47-99a7-4b21-9fa7-d7052bb5c23b,2,1,1,13,1,1768978645,2026-01-21 01:59:07
1860188194745712748,14,1,13,8,1,1768978646,2026-01-21 01:59:07
dc34ba4c-d8e5-4674-a02e-210c950c05c1,11,9,2,13,1,1768978645,2026-01-21 01:59:07
66dd1585-0aca-11e7-82f6-3863bb44ef7c,39,4,35,0,1,1768978645,2026-01-21 01:59:07
eb41a103-0196-4f19-a440-256167191a7d,2,2,0,16,1,1768978645,2026-01-21 01:59:07
66dbe8d6-0aca-11e7-82f6-3863bb44ef7c,28,26,2,24,1,1768978645,2026-01-21 01:59:07
305c221f-4e0b-4a5a-902c-3d1043dfe606,4,3,1,14,1,1768978651,2026-01-21 01:59:07
062ffe5a-aa91-412d-8210-23d562c7e7f8,2,2,0,16,1,1768978651,2026-01-21 01:59:07
9c147c77-11da-4d0b-8a21-a8042ec8031b,7,2,5,11,1,1768978651,2026-01-21 01:59:07
632b140c-65de-4f50-9cc2-c001ae011aea,6,4,2,50,1,1768978651,2026-01-21 01:59:07
67f60e7e-397a-4e47-b7f9-d10bd67133b3,0,0,0,51,1,1768978651,2026-01-21 01:59:07
1828967830172187422,2,2,0,25,1,1768978651,2026-01-21 01:59:07
2127386446510160022,1,1,0,18,1,1768978650,2026-01-21 01:59:07
9ea2afff-a146-4824-89b6-39d5bdfac795,11,10,1,9,1,1768978662,2026-01-21 01:59:07
2119506830683992262,30,20,10,18,1,1768978663,2026-01-21 01:59:07
66dce5c9-0aca-11e7-82f6-3863bb44ef7c,16,10,6,3,1,1768978663,2026-01-21 01:59:07
66dd1846-0aca-11e7-82f6-3863bb44ef7c,36,9,27,9,1,1768978659,2026-01-21 01:59:07
23bc4d9b-1ec2-45fb-9228-e41517346b24,17,8,9,1,1,1768978660,2026-01-21 01:59:07
647a2a80-9630-41b0-9b91-1f464b0bf3cc,42,40,2,35,1,1768978660,2026-01-21 01:59:07
85b77b8d-32b8-4049-a407-64319916e2c5,1,1,0,17,1,1768978660,2026-01-21 01:59:07
a1acdab2-29c7-4956-8b2e-24b39dc2ff13,25,14,11,30,1,1768978660,2026-01-21 01:59:07
063e7e78-b810-4a2f-8045-a82a0d69d752,22,15,7,20,1,1768978664,2026-01-21 01:59:07
47bcbcc1-9241-4e65-99f1-07c15543be1b,9,2,7,22,1,1768978664,2026-01-21 01:59:07
fe93b3ae-1d86-4ee9-9eb6-9e11808966aa,13,5,8,6,1,1768978663,2026-01-21 01:59:07
66dea674-0aca-11e7-82f6-3863bb44ef7c,5,2,3,15,1,1768978663,2026-01-21 01:59:07
04d557d6-6bc3-4244-b0f1-81ed1449ccd6,8,6,2,10,1,1768978664,2026-01-21 01:59:07
3863f086-ae35-4d0e-8c91-2b6e3e5827a1,14,1,13,22,1,1768978664,2026-01-21 01:59:07
bfbd1f09-afd2-49d2-8674-3a07b3c929a4,16,5,11,5,1,1768978664,2026-01-21 01:59:07
66de482a-0aca-11e7-82f6-3863bb44ef7c,6,5,1,11,1,1768978662,2026-01-21 01:59:07
66dd546c-0aca-11e7-82f6-3863bb44ef7c,3,1,2,18,1,1768978660,2026-01-21 01:59:07
66db4671-0aca-11e7-82f6-3863bb44ef7c,17,14,3,29,1,1768978661,2026-01-21 01:59:07
1828967027013302842,7,0,7,11,1,1768978664,2026-01-21 01:59:07
66db64d1-0aca-11e7-82f6-3863bb44ef7c,10,4,6,10,1,1768978665,2026-01-21 01:59:07
59ad8f95-32a4-43de-b1c3-79c667b2d2df,6,1,5,21,1,1768978659,2026-01-21 01:59:07
c3d5f47f-cfc3-4c1f-86bb-bcf770d2949b,9,2,7,16,1,1768978659,2026-01-21 01:59:07
61bc2467-aa8c-4386-ba9e-3f01120bd6b8,4,4,0,19,1,1768978659,2026-01-21 01:59:07
1860188907884823208,2,2,0,18,1,1768978659,2026-01-21 01:59:07
1828969112306680612,2,1,1,16,1,1768978659,2026-01-21 01:59:07
141eb0e0-e78d-411a-a0be-202a6424cc93,20,10,10,6,1,1768978663,2026-01-21 01:59:07
66dde914-0aca-11e7-82f6-3863bb44ef7c,32,19,13,3,1,1768978660,2026-01-21 01:59:07
d33261e6-600e-4756-ad03-a9facbd8ace1,13,4,9,9,1,1768978667,2026-01-21 01:59:07
3c135a2e-eeea-4e81-9c0a-8d14a6049198,10,2,8,9,1,1768978667,2026-01-21 01:59:07
1846086138339179502,12,7,5,11,1,1768978667,2026-01-21 01:59:07
b94d0241-bce7-44a9-ab1c-ece0740a4134,16,10,6,0,1,1768978667,2026-01-21 01:59:07
66db2afe-0aca-11e7-82f6-3863bb44ef7c,44,28,16,1,1,1768978668,2026-01-21 01:59:07
c46a2889-258b-4fc5-a452-1d4e7dfe683a,2,2,0,15,1,1768978668,2026-01-21 01:59:07
fa14408f-6e88-4668-86ee-ce10ea707f36,55,15,40,12,1,1768978668,2026-01-21 01:59:07
d5d589e6-457f-4cd4-bf78-59165dce28b2,20,7,13,4,1,1768978668,2026-01-21 01:59:07
2098714441479661752,4,4,0,10,1,1768978669,2026-01-21 01:59:07
284b08f2-3d26-4f52-9463-25e4a07c16f7,17,4,13,7,1,1768978669,2026-01-21 01:59:07
cc834d78-6eca-450a-ae00-a5ffc6f1a7a6,15,0,15,0,1,1768978670,2026-01-21 01:59:07
be8e6f1c-e8b5-40bd-896d-423052ba3bbc,3,2,1,13,1,1768978670,2026-01-21 01:59:07
fd081854-3f37-420a-9785-ea63c09c12ad,3,1,2,16,1,1768978670,2026-01-21 01:59:07
2126579471787670468,12,4,8,9,1,1768978665,2026-01-21 01:59:07
66db7637-0aca-11e7-82f6-3863bb44ef7c,15,6,9,28,1,1768978665,2026-01-21 01:59:07
b0239a13-649a-4d31-aa04-56b8aaeba4d4,2,0,2,16,1,1768978665,2026-01-21 01:59:07
66dea894-0aca-11e7-82f6-3863bb44ef7c,38,18,20,7,1,1768978665,2026-01-21 01:59:07
66de099d-0aca-11e7-82f6-3863bb44ef7c,10,6,4,28,1,1768978666,2026-01-21 01:59:07
96878d29-481d-48dc-bcdc-a5f1ce88c76d,4,3,1,15,1,1768978666,2026-01-21 01:59:07
1828966104320053340,11,1,10,7,1,1768978666,2026-01-21 01:59:07
b506be9e-45d3-43d1-a262-27d8fa91e974,3,0,3,26,1,1768978666,2026-01-21 01:59:07
1828969515711812276,21,16,5,1,1,1768978666,2026-01-21 01:59:07
3d339282-d5c7-41ec-b634-6a988aefd440,3,1,2,14,1,1768978667,2026-01-21 01:59:07
1786696384892428996,12,10,2,8,1,1768978667,2026-01-21 01:59:07
1893542109140147108,9,3,6,11,1,1768978668,2026-01-21 01:59:07
122111c9-9a61-4372-a756-fb2495611cb6,5,3,2,13,1,1768978669,2026-01-21 01:59:07
66db5c14-0aca-11e7-82f6-3863bb44ef7c,27,20,7,0,1,1768978669,2026-01-21 01:59:07
1884688942632618210,12,12,0,10,1,1768978665,2026-01-21 01:59:07
a4bb6fac-b795-4aa7-a266-613419019290,0,0,0,18,1,1768978665,2026-01-21 01:59:07
7603028c-8b04-4918-8a25-a087ce57aea4,4,0,4,26,1,1768978665,2026-01-21 01:59:07
66de2a00-0aca-11e7-82f6-3863bb44ef7c,28,6,22,6,1,1768978666,2026-01-21 01:59:07
66db2fd0-0aca-11e7-82f6-3863bb44ef7c,4,2,2,26,1,1768978665,2026-01-21 01:59:07
66de5ace-0aca-11e7-82f6-3863bb44ef7c,8,4,4,12,1,1768978666,2026-01-21 01:59:07
66dd448f-0aca-11e7-82f6-3863bb44ef7c,38,38,0,4,1,1768978666,2026-01-21 01:59:07
594b4656-9d83-4301-8967-3b92c126531c,21,12,9,1,1,1768978669,2026-01-21 01:59:07
d6834194-029d-4e2d-83b0-ee78ab5acda2,10,1,9,8,1,1768978669,2026-01-21 01:59:07
36b55a0f-e55d-4849-859a-09b3273fb782,10,0,10,11,1,1768978676,2026-01-21 01:59:07
9e5fd5b6-c5f2-4694-9406-a44b7d0146d9,33,20,13,1,1,1768978676,2026-01-21 01:59:07
1838070776953752336,2,1,1,20,1,1768978675,2026-01-21 01:59:07
1835247196073118026,11,2,9,6,1,1768978676,2026-01-21 01:59:07
e5b2a7ce-d867-465b-8446-743e00617068,2,1,1,17,1,1768978676,2026-01-21 01:59:07
fda0c217-9504-4b26-8a25-e40b603ee5fa,2,2,0,14,1,1768978676,2026-01-21 01:59:07
96a0b676-e966-4d96-b04b-ceb8149cedcd,4,2,2,18,1,1768978676,2026-01-21 01:59:07
88ee054e-bdeb-4305-8f3b-76eb964f2c84,7,4,3,8,1,1768978676,2026-01-21 01:59:07
66de2b97-0aca-11e7-82f6-3863bb44ef7c,32,23,9,5,1,1768978676,2026-01-21 01:59:07
1786375069262703476,24,2,22,4,1,1768978676,2026-01-21 01:59:07
344b52b0-73a9-4fe3-9132-23d0502dc0ae,4,1,3,14,1,1768978676,2026-01-21 01:59:07
66dcf0b3-0aca-11e7-82f6-3863bb44ef7c,5,2,3,22,1,1768978676,2026-01-21 01:59:07
4dcff9e7-7cb6-4d3d-ad67-c2e4c05933d3,7,1,6,15,1,1768978677,2026-01-21 01:59:07
2687f2e1-3529-464d-82eb-e4f61440c563,2,1,1,15,1,1768978677,2026-01-21 01:59:07
79c4a612-a5df-4814-9e6b-6305da61ebc4,16,0,16,2,1,1768978678,2026-01-21 01:59:07
66dbf4ac-0aca-11e7-82f6-3863bb44ef7c,21,10,11,22,1,1768978678,2026-01-21 01:59:07
66dd491c-0aca-11e7-82f6-3863bb44ef7c,9,4,5,24,1,1768978678,2026-01-21 01:59:07
dad3b7df-ec40-4d54-bfdb-5e82be84d742,4,1,3,17,1,1768978678,2026-01-21 01:59:07
d9ec5589-c872-46f2-88cd-e54f9c596721,6,0,6,11,1,1768978678,2026-01-21 01:59:07
66dd41ef-0aca-11e7-82f6-3863bb44ef7c,30,27,3,10,1,1768978678,2026-01-21 01:59:07
0dc63044-e19c-474d-9df1-c3e504d03b07,30,15,15,15,1,1768978678,2026-01-21 01:59:07
1836581807397045112,1,1,0,23,1,1768978678,2026-01-21 01:59:07
1d130e43-0408-4423-bb52-77a08372cefa,1,0,1,22,1,1768978678,2026-01-21 01:59:07
2743a950-3a1f-4a58-8fe0-f4105033e0e3,17,15,2,6,1,1768978678,2026-01-21 01:59:07
66dc8b6a-0aca-11e7-82f6-3863bb44ef7c,40,0,40,11,1,1768978678,2026-01-21 01:59:07
2124382079594320876,8,4,4,6,1,1768978679,2026-01-21 01:59:07
1880644160834607498,18,11,7,4,1,1768978679,2026-01-21 01:59:07
1875672501601550456,0,0,0,18,1,1768978678,2026-01-21 01:59:07
66dcc047-0aca-11e7-82f6-3863bb44ef7c,12,6,6,10,1,1768978678,2026-01-21 01:59:07
94f77501-32e5-4539-90c6-82d4198f7991,12,9,3,9,1,1768978679,2026-01-21 01:59:07
1954778813955578360,0,0,0,0,0,86400,2026-01-21 01:59:07
067d5007-bda5-4697-b0a2-ccc2837f295c,0,0,0,0,0,86400,2026-01-21 01:59:07
1906248765431831024,0,0,0,0,0,86400,2026-01-21 01:59:07
308e055a-b8aa-447d-8803-8677c88af0ba,0,0,0,0,0,86400,2026-01-21 01:59:07
66db316a-0aca-11e7-82f6-3863bb44ef7c,0,0,0,0,0,86400,2026-01-21 01:59:07
aa8fc8b7-b66c-41d9-9885-30b8af599378,0,0,0,0,0,86400,2026-01-21 01:59:07
2171904301452603832,0,0,0,0,0,86400,2026-01-21 01:59:07
2124037384760320326,0,0,0,0,0,86400,2026-01-21 01:59:07
3bfc859b-5c5f-43bc-b2e7-b64ed8ea9ede,7,0,7,12,1,1768978382,2026-01-21 01:59:07
9505c2b7-0c3a-4791-8471-d2092a86291f,0,0,0,3,0,1768970904,2026-01-21 01:59:07
66db3f01-0aca-11e7-82f6-3863bb44ef7c,38,27,11,9,1,1768978509,2026-01-21 01:59:07
a4368364-fa79-493c-8478-1d3471a6077f,0,0,0,54,0,1768946860,2026-01-21 01:59:07
2126224759932600578,3,2,1,6,1,1768978556,2026-01-21 01:59:07
89171660-8cef-443f-8f75-67503532d1ce,12,2,10,6,1,1768978560,2026-01-21 01:59:07
1815967313905864892,10,5,5,5,1,1768978560,2026-01-21 01:59:07
1828967717120678322,13,9,4,9,1,1768978560,2026-01-21 01:59:07
1836581628905160976,13,4,9,7,1,1768978559,2026-01-21 01:59:07
66dc7b10-0aca-11e7-82f6-3863bb44ef7c,3,3,0,74,1,1768978561,2026-01-21 01:59:07
4780d9d1-b886-4e72-9d18-cb152f73e10a,2,1,1,17,1,1768978562,2026-01-21 01:59:07
1884599469785421928,34,33,1,5,1,1768978559,2026-01-21 01:59:07
66dcc65c-0aca-11e7-82f6-3863bb44ef7c,8,6,2,7,1,1768978559,2026-01-21 01:59:07
66dbea8d-0aca-11e7-82f6-3863bb44ef7c,16,3,13,30,1,1768978560,2026-01-21 01:59:07
66de6100-0aca-11e7-82f6-3863bb44ef7c,24,0,24,7,1,1768978561,2026-01-21 01:59:07
66dded11-0aca-11e7-82f6-3863bb44ef7c,20,1,19,16,1,1768978563,2026-01-21 01:59:07
38975061-0d90-43a3-87c1-8905b374d5d9,17,1,16,7,1,1768978564,2026-01-21 01:59:07
08b9c491-a589-4e75-996c-2455c26fb356,2,1,1,17,1,1768978563,2026-01-21 01:59:07
61be9a4a-737c-413a-9b72-d47b28a366d5,17,10,7,3,1,1768978564,2026-01-21 01:59:07
18267c09-1916-48d8-951c-caf88c89edd1,4,2,2,12,1,1768978562,2026-01-21 01:59:07
66dcbefb-0aca-11e7-82f6-3863bb44ef7c,7,3,4,10,1,1768978563,2026-01-21 01:59:07
66de2201-0aca-11e7-82f6-3863bb44ef7c,14,12,2,19,1,1768978565,2026-01-21 01:59:07
16280b32-7e5b-4a18-930b-212eac10faaa,1,0,1,19,1,1768978567,2026-01-21 01:59:07
1843486301383097150,2,0,2,21,1,1768978568,2026-01-21 01:59:07
ecb2eebe-67c0-43b8-baae-71abb1a0ec6a,0,0,0,24,1,1768978566,2026-01-21 01:59:07
7dcc5a03-5997-4250-9207-fa8b6f027c86,14,4,10,12,1,1768978567,2026-01-21 01:59:07
66dbe4db-0aca-11e7-82f6-3863bb44ef7c,78,64,14,3,1,1768978567,2026-01-21 01:59:07
672d71ab-2c23-4bd2-9ed2-34e54aa4b5b5,6,5,1,9,1,1768978565,2026-01-21 01:59:07
5f0aa684-a1c5-4119-827f-7860f1cd4ccd,12,3,9,11,1,1768978564,2026-01-21 01:59:07
1ec7ef9f-ab60-4a64-821d-883ba547273a,1,1,0,15,1,1768978570,2026-01-21 01:59:07
1875413335585534272,2,0,2,19,1,1768978570,2026-01-21 01:59:07
1882736039096477712,28,22,6,10,1,1768978570,2026-01-21 01:59:07
66de47bf-0aca-11e7-82f6-3863bb44ef7c,14,6,8,2,1,1768978571,2026-01-21 01:59:07
c04cef84-3fcd-4fd9-9e40-8e07453dbe19,5,1,4,12,1,1768978571,2026-01-21 01:59:07
9341ee1c-d456-4858-a451-70cbbd73d084,8,3,5,19,1,1768978571,2026-01-21 01:59:07
19002a4c-3229-450b-ad69-76948696e60d,1,0,1,17,1,1768978571,2026-01-21 01:59:07
a6287af0-9a9e-4708-b61f-8e758be4b914,14,7,7,5,1,1768978571,2026-01-21 01:59:07
5adcaaaf-5386-441d-827c-8d65c4f4405e,1,1,0,20,1,1768978569,2026-01-21 01:59:07
160e21da-6dd2-47ff-8385-e13c8cdce4fa,23,2,21,0,1,1768978575,2026-01-21 01:59:07
9e3603ee-2b7d-4147-a7b5-48bbd778902c,12,12,0,45,1,1768978575,2026-01-21 01:59:07
66de1448-0aca-11e7-82f6-3863bb44ef7c,0,0,0,28,1,1768978576,2026-01-21 01:59:07
66dc1545-0aca-11e7-82f6-3863bb44ef7c,18,4,14,6,1,1768978575,2026-01-21 01:59:07
66dde079-0aca-11e7-82f6-3863bb44ef7c,9,6,3,30,1,1768978573,2026-01-21 01:59:07
66de20c8-0aca-11e7-82f6-3863bb44ef7c,12,11,1,16,1,1768978573,2026-01-21 01:59:07
cbcbd880-9662-4ab1-b530-781bb101ed1f,4,3,1,12,1,1768978573,2026-01-21 01:59:07
0f9423bd-98dd-4919-b6e3-28880ff7ecca,4,3,1,14,1,1768978574,2026-01-21 01:59:07
91ca68bd-5ac1-470b-a26d-1ec98ea9cca4,13,1,12,11,1,1768978572,2026-01-21 01:59:07
1860187692409078310,5,0,5,17,1,1768978572,2026-01-21 01:59:07
66dd1b65-0aca-11e7-82f6-3863bb44ef7c,27,7,20,30,1,1768978572,2026-01-21 01:59:07
f6c33f22-d650-4935-a928-fb693a828b5f,1,1,0,21,1,1768978572,2026-01-21 01:59:07
05b9e7cd-f3a2-4d48-b7c4-f5fbe09d9de3,8,2,6,19,1,1768978575,2026-01-21 01:59:07
6f484a9d-c535-451e-a18f-f3afdc0a27af,31,9,22,8,1,1768978578,2026-01-21 01:59:07
e6a32ec8-fc8b-4ed6-93a2-3ace3921b89d,16,16,0,10,1,1768978578,2026-01-21 01:59:07
66dbce8a-0aca-11e7-82f6-3863bb44ef7c,54,29,25,5,1,1768978578,2026-01-21 01:59:07
27c71510-d515-4add-b660-6efd6f225cd1,20,17,3,5,1,1768978578,2026-01-21 01:59:07
1794096976946852066,37,34,3,27,1,1768978580,2026-01-21 01:59:07
c05cd2e2-74e8-4526-a62b-d631e005fdd8,27,4,23,1,1,1768978580,2026-01-21 01:59:07
66dc91b5-0aca-11e7-82f6-3863bb44ef7c,20,5,15,25,1,1768978580,2026-01-21 01:59:07
bd318c15-5c3d-4e72-9837-3b4bd37707e0,2,2,0,16,1,1768978580,2026-01-21 01:59:07
1835249964093653018,2,0,2,21,1,1768978577,2026-01-21 01:59:07
6067af3d-f7ed-4149-a394-2fc2eb295872,50,13,37,7,1,1768978577,2026-01-21 01:59:07
74a1dc19-f894-4246-99f1-476a92452995,4,2,2,21,1,1768978577,2026-01-21 01:59:07
2a47ef14-1cbe-4ec6-841d-cc277627fe20,17,15,2,11,1,1768978577,2026-01-21 01:59:07
344064f8-e82f-40fb-b235-aff506b77ae5,7,4,3,22,1,1768978579,2026-01-21 01:59:07
65e7908a-a73e-4f8e-9967-0d0677f62bc4,14,4,10,7,1,1768978580,2026-01-21 01:59:07
66dcf394-0aca-11e7-82f6-3863bb44ef7c,10,7,3,20,1,1768978576,2026-01-21 01:59:07
1786698158713921798,23,2,21,17,1,1768978577,2026-01-21 01:59:07
1836581714456697424,8,1,7,15,1,1768978583,2026-01-21 01:59:07
1914337145288845316,16,3,13,6,1,1768978582,2026-01-21 01:59:07
20f3a578-4dfa-45ca-a917-b394d77ee08e,17,3,14,12,1,1768978583,2026-01-21 01:59:07
0579ff13-5d5b-4cbd-bc6e-3e9396591aef,7,2,5,11,1,1768978583,2026-01-21 01:59:07
66ddb41c-0aca-11e7-82f6-3863bb44ef7c,34,23,11,1,1,1768978587,2026-01-21 01:59:07
1828968994833044184,9,1,8,10,1,1768978584,2026-01-21 01:59:07
533f25a0-514f-456f-9d87-5fdcb4ee42f4,4,3,1,14,1,1768978586,2026-01-21 01:59:07
bfea6c5b-2e1a-42c5-8199-2ded6042d57b,9,0,9,16,1,1768978586,2026-01-21 01:59:07
66dd8bd9-0aca-11e7-82f6-3863bb44ef7c,17,11,6,6,1,1768978586,2026-01-21 01:59:07
1862788101231526152,16,7,9,14,1,1768978581,2026-01-21 01:59:07
88bf1344-354f-4699-bdbd-1c2584fc41ee,30,4,26,5,1,1768978582,2026-01-21 01:59:07
fbb2d76c-1d47-4fb1-9c07-622fcace38a5,21,0,21,6,1,1768978586,2026-01-21 01:59:07
581d8683-c217-4f96-89cb-b5a94d780b83,1,1,0,75,1,1768978588,2026-01-21 01:59:07
d319629d-63cf-4765-9f69-5569f35d6469,6,2,4,12,1,1768978589,2026-01-21 01:59:07
1ddadf67-ae08-4e86-bdda-236629b9eabd,9,3,6,15,1,1768978592,2026-01-21 01:59:07
1861680103893703034,5,5,0,15,1,1768978593,2026-01-21 01:59:07
ed1199e4-d9a6-4d9e-8c81-62bcd7510a11,15,14,1,14,1,1768978591,2026-01-21 01:59:07
eef98eb6-f550-49f9-a910-4d2863e6a591,4,4,0,13,1,1768978592,2026-01-21 01:59:07
ff2869f0-4381-4cf3-863e-a0d776ec53b4,89,44,45,1,1,1768978592,2026-01-21 01:59:07
a11a0000-19cf-4053-b3a1-3a5886d7446c,26,12,14,13,1,1768978589,2026-01-21 01:59:07
66dd42eb-0aca-11e7-82f6-3863bb44ef7c,0,0,0,60,1,1768978590,2026-01-21 01:59:07
66ddb595-0aca-11e7-82f6-3863bb44ef7c,5,2,3,12,1,1768978596,2026-01-21 01:59:07
66db4351-0aca-11e7-82f6-3863bb44ef7c,57,26,31,15,1,1768978599,2026-01-21 01:59:07
d55dd622-0ced-4e4d-9ea5-2ef2cb6481a9,18,9,9,17,1,1768978600,2026-01-21 01:59:07
1846086768160082632,22,0,22,2,1,1768978599,2026-01-21 01:59:07
66db3cab-0aca-11e7-82f6-3863bb44ef7c,23,10,13,7,1,1768978600,2026-01-21 01:59:07
66dde9af-0aca-11e7-82f6-3863bb44ef7c,14,10,4,12,1,1768978596,2026-01-21 01:59:07
c1c33a35-751f-4dd6-baef-82db46f7ab46,9,3,6,22,1,1768978590,2026-01-21 01:59:07
22ac9559-d7f1-4dcd-ae3e-f6caf586a455,4,2,2,20,1,1768978598,2026-01-21 01:59:07
66de1af4-0aca-11e7-82f6-3863bb44ef7c,10,7,3,24,1,1768978598,2026-01-21 01:59:07
e35494b4-5811-4d2a-87de-4430e56bce2d,1,1,0,18,1,1768978592,2026-01-21 01:59:07
66dd52c8-0aca-11e7-82f6-3863bb44ef7c,11,11,0,28,1,1768978589,2026-01-21 01:59:07
1820420129807491554,16,2,14,2,1,1768978599,2026-01-21 01:59:07
0096fecb-3a56-4585-9204-aa9554f7bc49,26,16,10,19,1,1768978606,2026-01-21 01:59:07
2122552934440059494,3,1,2,13,1,1768978605,2026-01-21 01:59:07
eb6c2359-4825-4bf4-8f2d-8b6dd2bf4212,31,21,10,6,1,1768978606,2026-01-21 01:59:07
66dcbb2c-0aca-11e7-82f6-3863bb44ef7c,11,3,8,16,1,1768978618,2026-01-21 01:59:07
66f68197-4897-4576-896a-48e0312104c5,7,4,3,19,1,1768978618,2026-01-21 01:59:07
ab79da3d-f92a-42de-a76d-e05b5d7e724c,0,0,0,14,1,1768978621,2026-01-21 01:59:07
3bdd81c8-3112-45e6-ae72-11a3f4fa5921,17,3,14,6,1,1768978621,2026-01-21 01:59:07
66dd2556-0aca-11e7-82f6-3863bb44ef7c,30,11,19,13,1,1768978621,2026-01-21 01:59:07
98af0e1d-ea33-4c6e-95fe-97846e81081e,14,12,2,6,1,1768978621,2026-01-21 01:59:07
2b848257-dc2e-4dd0-b840-d5e046972789,6,0,6,11,1,1768978621,2026-01-21 01:59:07
7e7d974c-a6ec-4d9a-b4ed-01a4d2056d8b,1,0,1,18,1,1768978622,2026-01-21 01:59:07
16e17ca1-b2dc-47d0-8c8b-199cb4736fe7,9,5,4,10,1,1768978622,2026-01-21 01:59:07
1882735162923150168,23,5,18,1,1,1768978622,2026-01-21 01:59:07
66db4158-0aca-11e7-82f6-3863bb44ef7c,26,22,4,9,1,1768978620,2026-01-21 01:59:07
39112ced-337f-4b71-9df6-291cd4265cc9,22,2,20,0,1,1768978620,2026-01-21 01:59:07
c0b541ae-9e66-4739-babb-483180747dc2,4,2,2,13,1,1768978620,2026-01-21 01:59:07
0183d7d4-9e11-4429-94db-666a31239871,16,3,13,9,1,1768978620,2026-01-21 01:59:07
30d6520e-b612-4240-a9ff-eec12b02b263,7,4,3,11,1,1768978620,2026-01-21 01:59:07
bf093f72-1d8d-44ae-91b5-e36958a27976,4,0,4,16,1,1768978621,2026-01-21 01:59:07
4753c1ba-a86e-431e-94fb-06403cdee4d7,19,13,6,11,1,1768978621,2026-01-21 01:59:07
ab692d1f-5a4a-4fff-b929-013c3a7e8a98,0,0,0,18,1,1768978643,2026-01-21 01:59:07
833bc8bc-3c32-4481-9c14-9a88aa7accec,16,4,12,22,1,1768978643,2026-01-21 01:59:07
66dde559-0aca-11e7-82f6-3863bb44ef7c,27,27,0,6,1,1768978643,2026-01-21 01:59:07
ab5585c8-c2cf-4bab-96cf-d02eced4f6e3,7,5,2,38,1,1768978643,2026-01-21 01:59:07
1828969851041055492,11,7,4,11,1,1768978644,2026-01-21 01:59:07
4e1a13af-1c3b-48f2-8586-5edceea97d61,1,1,0,18,1,1768978644,2026-01-21 01:59:07
311269f4-53dc-4f83-b26b-ecb6e8e160ed,4,3,1,15,1,1768978644,2026-01-21 01:59:07
3134bce7-0bb9-4a45-9c87-60a8cb681d72,10,6,4,5,1,1768978645,2026-01-21 01:59:07
66dc78c4-0aca-11e7-82f6-3863bb44ef7c,40,24,16,21,1,1768978645,2026-01-21 01:59:07
1431ec5c-242d-401b-b672-dbf95155999b,2,2,0,14,1,1768978645,2026-01-21 01:59:07
1978170169761096104,19,5,14,15,1,1768978646,2026-01-21 01:59:07
b636a06c-c10e-417a-ac22-14cadb8f8993,16,5,11,2,1,1768978646,2026-01-21 01:59:07
24f431ca-c2a5-46be-966b-b8d4c3e4b346,3,2,1,11,1,1768978646,2026-01-21 01:59:07
9459fca8-b044-4ed1-8f2c-c5db11ba868f,9,2,7,19,1,1768978645,2026-01-21 01:59:07
66dd4841-0aca-11e7-82f6-3863bb44ef7c,29,23,6,13,1,1768978645,2026-01-21 01:59:07
6bc5598a-9eb8-44d2-adc0-d93b93af1924,17,5,12,0,1,1768978645,2026-01-21 01:59:07
facb0195-8daa-46e3-95e1-6f22fb678e8a,1,1,0,18,1,1768978645,2026-01-21 01:59:07
66de4c32-0aca-11e7-82f6-3863bb44ef7c,14,0,14,8,1,1768978643,2026-01-21 01:59:07
720c0d64-7828-4dba-bff9-4d99f4e3a9fc,6,4,2,15,1,1768978644,2026-01-21 01:59:07
66dd9213-0aca-11e7-82f6-3863bb44ef7c,14,12,2,27,1,1768978642,2026-01-21 01:59:07
0f51cb84-e386-44ac-947f-a969f7617d17,17,4,13,6,1,1768978643,2026-01-21 01:59:07
1843486757863039016,14,3,11,6,1,1768978642,2026-01-21 01:59:07
1861681435029604706,23,15,8,0,1,1768978647,2026-01-21 01:59:07
add829db-2feb-4e81-af61-056791a6e53b,5,4,1,24,1,1768978593,2026-01-21 01:59:07
35915f48-31c5-499a-b845-2ca2fb541904,19,0,19,20,1,1768978593,2026-01-21 01:59:07
66de871c-0aca-11e7-82f6-3863bb44ef7c,0,0,0,58,1,1768978594,2026-01-21 01:59:07
66de07ec-0aca-11e7-82f6-3863bb44ef7c,21,1,20,4,1,1768978617,2026-01-21 01:59:07
66dd4051-0aca-11e7-82f6-3863bb44ef7c,28,22,6,18,1,1768978617,2026-01-21 01:59:07
1c82b223-42ba-4d15-8e8a-bd8ae2a57cde,6,3,3,10,1,1768978617,2026-01-21 01:59:07
1d977221-b2b5-4fa2-bba0-b00136834fb3,4,0,4,14,1,1768978617,2026-01-21 01:59:07
49d2cd03-f508-483f-a7c9-7fd450e5e6db,13,3,10,5,1,1768978617,2026-01-21 01:59:07
943be327-0320-4ae1-8eb0-8a56f86a4fb6,8,4,4,16,1,1768978617,2026-01-21 01:59:07
1869754328201607270,3,0,3,13,1,1768978617,2026-01-21 01:59:07
7a701539-2c10-4abe-803f-525785ebb7fb,0,0,0,21,1,1768978614,2026-01-21 01:59:07
9f702c67-b591-4492-ba90-eb3c7e793dad,10,0,10,11,1,1768978614,2026-01-21 01:59:07
05c5e17c-7aa9-49b7-9da3-9db4858ec1fc,25,20,5,1,1,1768978616,2026-01-21 01:59:07
66dcbdc2-0aca-11e7-82f6-3863bb44ef7c,6,3,3,15,1,1768978616,2026-01-21 01:59:07
66dd1ad8-0aca-11e7-82f6-3863bb44ef7c,17,1,16,6,1,1768978617,2026-01-21 01:59:07
cb04be8e-8edc-4c9d-bfc0-76f94e3a3d9b,33,1,32,9,1,1768978616,2026-01-21 01:59:07
66de56e5-0aca-11e7-82f6-3863bb44ef7c,21,2,19,3,1,1768978615,2026-01-21 01:59:07
66de5d57-0aca-11e7-82f6-3863bb44ef7c,0,0,0,21,1,1768978615,2026-01-21 01:59:07
454b4a83-d0b1-42a2-8163-261e2a9d6ab9,34,24,10,45,1,1768978615,2026-01-21 01:59:07
84b30f68-5404-453a-ae86-a2baff03a2c9,2,0,2,14,1,1768978616,2026-01-21 01:59:07
1823008917260927616,17,5,12,7,1,1768978615,2026-01-21 01:59:07
5d049d4b-0736-4323-834a-1b2454bd6551,14,13,1,10,1,1768978615,2026-01-21 01:59:07
1d8e51b0-8131-4c1f-93fb-f04952c157c0,3,0,3,24,1,1768978615,2026-01-21 01:59:07
904930bd-2671-4695-9c1a-8a894b041129,12,12,0,53,1,1768978614,2026-01-21 01:59:07
8fc95e31-b025-4d2b-b5aa-240465366480,13,12,1,8,1,1768978617,2026-01-21 01:59:07
66dbf667-0aca-11e7-82f6-3863bb44ef7c,68,32,36,0,1,1768978616,2026-01-21 01:59:07
1860187301567054286,6,4,2,11,1,1768978616,2026-01-21 01:59:07
ab40ffde-f331-4194-adab-cb8c60b63f28,7,5,2,18,1,1768978626,2026-01-21 01:59:07
dba67615-a7e0-4c44-ab1b-b464033ec9b9,16,7,9,3,1,1768978627,2026-01-21 01:59:07
16cbe771-8fca-4437-b9d2-374e00da6c3a,11,2,9,10,1,1768978627,2026-01-21 01:59:07
66dba0ba-0aca-11e7-82f6-3863bb44ef7c,12,3,9,27,1,1768978627,2026-01-21 01:59:07
66dc4bd9-0aca-11e7-82f6-3863bb44ef7c,69,51,18,25,1,1768978628,2026-01-21 01:59:07
5b0b689f-9bd2-4743-b4cc-d4629a9a709b,18,3,15,4,1,1768978626,2026-01-21 01:59:07
b5010362-af16-4357-8fb7-5958576954c0,9,1,8,19,1,1768978626,2026-01-21 01:59:07
e15a5c77-70b0-4b9d-9eae-f10ddda7d994,0,0,0,22,1,1768978626,2026-01-21 01:59:07
8f9ce302-2a6d-443c-8fe0-625b20021ea2,12,4,8,12,1,1768978626,2026-01-21 01:59:07
de0c1800-f7cc-41b4-ab7a-c9d219180d06,5,3,2,55,1,1768978626,2026-01-21 01:59:07
26568d39-db49-4354-a5c1-c81a3c856285,6,0,6,11,1,1768978626,2026-01-21 01:59:07
96a4da57-107a-43d1-8828-4749d5555461,9,0,9,21,1,1768978627,2026-01-21 01:59:07
66dc209c-0aca-11e7-82f6-3863bb44ef7c,60,38,22,2,1,1768978623,2026-01-21 01:59:07
1848241332086049696,1,0,1,20,1,1768978623,2026-01-21 01:59:07
1851955603137491568,29,1,28,1,1,1768978623,2026-01-21 01:59:07
8cb0375d-bcb2-4c90-9773-41c3c8fdf8d8,19,9,10,62,1,1768978623,2026-01-21 01:59:07
d5788cfa-817e-4b65-b43f-edda222a3c3c,13,9,4,11,1,1768978623,2026-01-21 01:59:07
b1f3eb8c-07f9-479f-a8ab-f04e094bc7d0,9,3,6,11,1,1768978624,2026-01-21 01:59:07
77a498ea-5693-46cc-a4b1-6e428f574797,16,0,16,8,1,1768978628,2026-01-21 01:59:07
56e18295-f760-4bf3-8aa3-5a1e4ebf606f,6,1,5,14,1,1768978628,2026-01-21 01:59:07
9e9acfaf-0bbf-4bc2-a825-b2befb6bee55,21,12,9,10,1,1768978628,2026-01-21 01:59:07
4223f276-a4d4-45e0-b914-67f5ef1e81ba,3,1,2,20,1,1768978629,2026-01-21 01:59:07
66db237e-0aca-11e7-82f6-3863bb44ef7c,23,12,11,31,1,1768978629,2026-01-21 01:59:07
acfeadeb-73bb-4ec3-b809-78675b01af74,5,4,1,15,1,1768978629,2026-01-21 01:59:07
d56a8542-048a-4aca-ac7f-f27a9e6c908b,12,3,9,14,1,1768978629,2026-01-21 01:59:07
9e99abca-c679-4788-9a4e-39066660bd6a,8,4,4,9,1,1768978629,2026-01-21 01:59:07
c702c094-b08f-449d-a41d-b3724f147491,3,3,0,18,1,1768978630,2026-01-21 01:59:07
78e93937-53d1-4c9b-99ad-0460f908ed2d,10,9,1,14,1,1768978624,2026-01-21 01:59:07
d873e463-2dc9-4bf8-86c7-fea8ddaa3a9f,2,2,0,14,1,1768978625,2026-01-21 01:59:07
66dca6f4-0aca-11e7-82f6-3863bb44ef7c,6,5,1,27,1,1768978625,2026-01-21 01:59:07
403c310e-26d5-4db5-9928-13c38b25053d,16,15,1,7,1,1768978625,2026-01-21 01:59:07
2c2cdc55-52a3-4140-b4d3-8409a98f130f,9,5,4,16,1,1768978624,2026-01-21 01:59:07
ad037fe2-4a28-4b55-863c-229aada0b43a,6,0,6,13,1,1768978624,2026-01-21 01:59:07
30a75e12-5327-48f0-8155-3925aa934054,6,6,0,12,1,1768978624,2026-01-21 01:59:07
72796825-88b1-43a0-bb6d-2b41d337b1fc,27,15,12,3,1,1768978624,2026-01-21 01:59:07
2053884382031338034,11,2,9,33,1,1768978594,2026-01-21 01:59:07
1828968611856235508,2,1,1,16,1,1768978595,2026-01-21 01:59:07
6a671276-d345-4a4c-a7df-98f5dbb19e4c,5,4,1,15,1,1768978595,2026-01-21 01:59:07
1817432787057164808,18,12,6,1,1,1768978595,2026-01-21 01:59:07
1900647078394106472,6,2,4,11,1,1768978595,2026-01-21 01:59:07
66dd40dd-0aca-11e7-82f6-3863bb44ef7c,11,9,2,20,1,1768978598,2026-01-21 01:59:07
9790606b-a00d-4d5e-b6ec-abd11c9d25b3,0,0,0,17,1,1768978604,2026-01-21 01:59:07
66db8fde-0aca-11e7-82f6-3863bb44ef7c,40,21,19,11,1,1768978597,2026-01-21 01:59:07
c38e2cfc-04e6-419c-8bf8-d8713ccf6ea7,52,8,44,2,1,1768978597,2026-01-21 01:59:07
2af3ecc3-4f43-468a-a7cc-bb4804ee3e7a,15,10,5,37,1,1768978597,2026-01-21 01:59:07
0e82ab9f-8c93-4302-b9df-342f8135a05c,20,0,20,0,1,1768978600,2026-01-21 01:59:07
66dbef85-0aca-11e7-82f6-3863bb44ef7c,31,10,21,4,1,1768978599,2026-01-21 01:59:07
af626e61-9f83-4602-a9b1-038b1c1430e6,14,2,12,2,1,1768978600,2026-01-21 01:59:07
531e6d94-5f4c-4ef0-9c83-47191be9d8f9,1,1,0,16,1,1768978600,2026-01-21 01:59:07
b1f67e5c-7c26-4bf3-a90e-1500a3160d60,5,0,5,18,1,1768978600,2026-01-21 01:59:07
42bf7170-61ab-44a0-aafe-1b89d7271718,15,9,6,14,1,1768978602,2026-01-21 01:59:07
95a52ce4-3597-47d1-8d6f-427cb3b8ca6a,1,0,1,22,1,1768978638,2026-01-21 01:59:07
66dc28bd-0aca-11e7-82f6-3863bb44ef7c,1,1,0,55,1,1768978638,2026-01-21 01:59:07
8c700e85-cfdb-4eef-ba49-53bd69c004ed,9,2,7,10,1,1768978640,2026-01-21 01:59:07
18d980e5-ba08-4bc3-832e-03eb71865768,20,12,8,3,1,1768978640,2026-01-21 01:59:07
1817627670084542818,11,2,9,11,1,1768978640,2026-01-21 01:59:07
6fcad2af-c3e2-47a4-8942-023ae4047e67,13,9,4,4,1,1768978641,2026-01-21 01:59:07
66db8c10-0aca-11e7-82f6-3863bb44ef7c,21,10,11,14,1,1768978641,2026-01-21 01:59:07
66db29e6-0aca-11e7-82f6-3863bb44ef7c,10,8,2,7,1,1768978642,2026-01-21 01:59:07
897e8739-ee1d-4b2e-b151-ad7e64e87697,15,5,10,13,1,1768978641,2026-01-21 01:59:07
d473f31f-68f2-4777-a364-ed127db04345,9,3,6,7,1,1768978637,2026-01-21 01:59:07
cae4f2f4-9642-474c-95cc-6cc07592f120,1,1,0,33,1,1768978637,2026-01-21 01:59:07
141ba25c-f4ea-4cec-ae7e-022401e23087,3,2,1,11,1,1768978639,2026-01-21 01:59:07
66de4408-0aca-11e7-82f6-3863bb44ef7c,11,5,6,11,1,1768978642,2026-01-21 01:59:07
412c1416-d15b-4e6a-9691-da4c3cc0d0d2,36,33,3,25,1,1768978672,2026-01-21 01:59:07
490ca6cc-c2a2-4838-acf0-4704ed60dc51,23,20,3,26,1,1768978672,2026-01-21 01:59:07
8a24490d-d5c5-4bac-9e36-56967834fc10,0,0,0,20,1,1768978673,2026-01-21 01:59:07
348c5e65-cbc3-4da6-9856-fc253a0ba546,13,10,3,38,1,1768978673,2026-01-21 01:59:07
66dea4bf-0aca-11e7-82f6-3863bb44ef7c,31,15,16,8,1,1768978673,2026-01-21 01:59:07
6c3b486e-603c-4158-91ac-adc06ac01535,10,0,10,15,1,1768978675,2026-01-21 01:59:07
66de1a8a-0aca-11e7-82f6-3863bb44ef7c,14,11,3,11,1,1768978675,2026-01-21 01:59:07
a04bf523-3c76-4fad-88bf-e99037f9b796,13,4,9,7,1,1768978675,2026-01-21 01:59:07
9789dc0f-1eb6-4830-bda9-1ce5f1413e19,4,4,0,13,1,1768978675,2026-01-21 01:59:07
7d455e9a-20b4-4b03-8248-0d982fdfa21b,0,0,0,22,1,1768978671,2026-01-21 01:59:07
66de1580-0aca-11e7-82f6-3863bb44ef7c,8,7,1,29,1,1768978672,2026-01-21 01:59:07
66dbc982-0aca-11e7-82f6-3863bb44ef7c,14,14,0,92,1,1768978672,2026-01-21 01:59:07
6db97fde-68ae-4d2b-b121-b7c17838bbe7,2,1,1,16,1,1768978674,2026-01-21 01:59:07
1822663143025657920,20,4,16,4,1,1768978674,2026-01-21 01:59:07
d07790cd-1acd-4f74-b5f1-3d70f8a8a526,2,0,2,22,1,1768978674,2026-01-21 01:59:07
bf5a9ad8-6725-4ade-967d-aba612d423bf,21,12,9,1,1,1768978672,2026-01-21 01:59:07
dcdaa64b-4d2c-4017-bfb9-da25924f851d,8,7,1,13,1,1768978672,2026-01-21 01:59:07
c9c09ed0-0a52-4d6a-a999-b0848874e51f,0,0,0,30,0,1768571529,2026-01-21 01:59:07
1860189426558126796,11,2,9,11,1,1768978673,2026-01-21 01:59:07
e71d152c-c2df-4d3e-a9af-139f2529bac6,12,0,12,4,1,1768978673,2026-01-21 01:59:07
1960020817312746312,52,24,28,62,1,1768978674,2026-01-21 01:59:07
66dcec6b-0aca-11e7-82f6-3863bb44ef7c,10,9,1,26,1,1768978674,2026-01-21 01:59:07
36ddce8f-bd83-4a05-b601-b526fb4d8628,3,2,1,16,1,1768978674,2026-01-21 01:59:07
1835247352748090208,18,16,4,2,1,1768978674,2026-01-21 01:59:07
1814900353536621062,11,5,6,18,1,1768978675,2026-01-21 01:59:07
cd5e7c3e-c618-416a-ae99-b509bd56e1b2,7,1,6,21,1,1768978674,2026-01-21 01:59:07
1828968199249922252,3,1,2,17,1,1768978607,2026-01-21 01:59:07
2126622876727162948,6,1,5,5,1,1768978607,2026-01-21 01:59:07
fdf21800-6106-4739-b7d5-b379b19e5732,10,5,5,10,1,1768978607,2026-01-21 01:59:07
079b5a90-1d2b-40b2-b1e9-71c075f16b89,8,4,4,8,1,1768978607,2026-01-21 01:59:07
2126274178538511162,8,0,8,3,1,1768978611,2026-01-21 01:59:07
3c21925c-d68e-497c-b501-982d3eb3e852,14,10,4,6,1,1768978611,2026-01-21 01:59:07
1786696251091417274,33,17,16,2,1,1768978611,2026-01-21 01:59:07
062f0ac2-b3b6-4c15-b470-92ce9b592635,14,4,10,5,1,1768978611,2026-01-21 01:59:07
40042fb4-6ddd-4f74-bb52-5af3e4e08c8d,16,0,16,6,1,1768978608,2026-01-21 01:59:07
66de2625-0aca-11e7-82f6-3863bb44ef7c,15,7,8,18,1,1768978609,2026-01-21 01:59:07
01a1343d-9c7b-4a83-8a5a-a600187f19c4,1,0,1,28,1,1768978609,2026-01-21 01:59:07
1945125793810207148,5,1,4,12,1,1768978609,2026-01-21 01:59:07
876683ce-9bce-4fad-8d1c-6b331fa07b5c,39,15,24,6,1,1768978608,2026-01-21 01:59:07
1877651952425321214,7,0,7,10,1,1768978612,2026-01-21 01:59:07
66db3aa3-0aca-11e7-82f6-3863bb44ef7c,41,38,3,11,1,1768978612,2026-01-21 01:59:07
66dc7957-0aca-11e7-82f6-3863bb44ef7c,21,9,12,55,1,1768978612,2026-01-21 01:59:07
1975518396279321266,42,36,6,32,1,1768978612,2026-01-21 01:59:07
66dcf897-0aca-11e7-82f6-3863bb44ef7c,4,3,1,24,1,1768978609,2026-01-21 01:59:07
138094a0-cd7d-4014-9b21-4fb2afd3980e,17,12,5,7,1,1768978610,2026-01-21 01:59:07
10c13fe2-34cb-4aff-bea1-4f5ce877769b,8,4,4,7,1,1768978613,2026-01-21 01:59:07
17c45d34-0d8d-46ba-9078-e9a2a7c5867c,1,1,0,29,1,1768978613,2026-01-21 01:59:07
1789e458-c466-4d77-aba6-365f5c3823ed,8,0,8,9,1,1768978613,2026-01-21 01:59:07
66db3d2a-0aca-11e7-82f6-3863bb44ef7c,16,0,16,43,1,1768978612,2026-01-21 01:59:07
66db6cd4-0aca-11e7-82f6-3863bb44ef7c,43,23,20,6,1,1768978611,2026-01-21 01:59:07
9157a3bc-43fa-4221-8bb8-17273fc09540,17,8,9,7,1,1768978631,2026-01-21 01:59:07
66de06ef-0aca-11e7-82f6-3863bb44ef7c,19,2,17,5,1,1768978631,2026-01-21 01:59:07
653ba606-f397-41e6-adc4-f775bf2d0c9f,12,0,12,10,1,1768978631,2026-01-21 01:59:07
66de2131-0aca-11e7-82f6-3863bb44ef7c,17,15,2,20,1,1768978631,2026-01-21 01:59:07
66de1f17-0aca-11e7-82f6-3863bb44ef7c,31,30,1,3,1,1768978632,2026-01-21 01:59:07
de449a58-0edf-4d36-91b4-4b313576e945,11,3,8,6,1,1768978634,2026-01-21 01:59:07
66dc86d9-0aca-11e7-82f6-3863bb44ef7c,48,0,48,16,1,1768978634,2026-01-21 01:59:07
016ee47a-4871-4209-91cb-bf3ceeddc991,8,5,3,10,1,1768978634,2026-01-21 01:59:07
17aeb1e3-fd18-4cf9-9473-17dfa5b0a312,13,11,2,10,1,1768978634,2026-01-21 01:59:07
99d149f9-ad40-461e-beea-fcbf086f9b5a,23,9,14,43,1,1768978635,2026-01-21 01:59:07
1838617691511229014,7,7,0,16,1,1768978636,2026-01-21 01:59:07
1823008749757202820,14,1,13,8,1,1768978636,2026-01-21 01:59:07
e51c8b72-460f-41c2-a5ca-de85d3f46a30,18,7,11,34,1,1768978632,2026-01-21 01:59:07
aa8270ec-4441-47d2-854b-5852e65fae66,2,0,2,16,1,1768978633,2026-01-21 01:59:07
66dd4de9-0aca-11e7-82f6-3863bb44ef7c,0,0,0,52,1,1768978633,2026-01-21 01:59:07
6853d09a-cbd8-4378-bc23-02e8bba0b4da,3,1,2,19,1,1768978630,2026-01-21 01:59:07
66dc36c3-0aca-11e7-82f6-3863bb44ef7c,52,10,42,28,1,1768978631,2026-01-21 01:59:07
1960020540642077008,24,18,6,24,1,1768978632,2026-01-21 01:59:07
09a0c507-7cda-4f3f-9988-78de0baa28e4,5,2,3,14,1,1768978632,2026-01-21 01:59:07
66db6e49-0aca-11e7-82f6-3863bb44ef7c,2,0,2,43,1,1768978635,2026-01-21 01:59:07
daaa3ac1-594c-48d2-9431-a8ced305ed5a,2,2,0,16,1,1768978635,2026-01-21 01:59:07
c0df5c09-2c07-4689-9fe8-36ed81301d7d,3,2,1,18,1,1768978648,2026-01-21 01:59:07
1b28836b-29fd-47a7-9a98-44cd792918fb,34,2,31,16,1,1768978648,2026-01-21 01:59:07
66de27da-0aca-11e7-82f6-3863bb44ef7c,14,7,7,10,1,1768978649,2026-01-21 01:59:07
01f01352-50d4-484e-a611-576b18ac373a,19,1,18,13,1,1768978647,2026-01-21 01:59:07
9dde927d-9984-4f97-bcd0-fbcb59e6ca66,12,2,10,6,1,1768978647,2026-01-21 01:59:07
2126624466406238560,8,3,5,5,1,1768978648,2026-01-21 01:59:07
09b00240-4c2a-4900-9d09-f13344461c02,14,9,5,4,1,1768978648,2026-01-21 01:59:07
faf021ad-9de5-44bd-b7f5-48127e8d5fea,21,1,20,2,1,1768978648,2026-01-21 01:59:07
aa120a3a-9f2b-4dfc-a88b-384bbb66838a,0,0,0,22,1,1768978652,2026-01-21 01:59:07
bdefa3e3-aa5a-40eb-b7f8-542de55063e9,7,2,5,11,1,1768978652,2026-01-21 01:59:07
66db3a1e-0aca-11e7-82f6-3863bb44ef7c,8,8,0,12,1,1768978652,2026-01-21 01:59:07
1989279523593928720,106,86,20,0,1,1768978652,2026-01-21 01:59:07
1862787990429630662,3,3,0,15,1,1768978652,2026-01-21 01:59:07
8ce7325e-d5c7-46f9-9b73-95356e48c3eb,20,15,5,3,1,1768978652,2026-01-21 01:59:07
1817432606668538118,12,9,3,13,1,1768978652,2026-01-21 01:59:07
2133952475068346460,36,3,33,16,1,1768978652,2026-01-21 01:59:07
8dc8c0b3-4d70-40fe-a75a-86e30ecb676b,16,2,14,1,1,1768978652,2026-01-21 01:59:07
66dbc8f5-0aca-11e7-82f6-3863bb44ef7c,61,48,13,7,1,1768978652,2026-01-21 01:59:07
66dbf73d-0aca-11e7-82f6-3863bb44ef7c,34,26,8,1,1,1768978653,2026-01-21 01:59:07
1828968691399885056,10,2,8,3,1,1768978654,2026-01-21 01:59:07
c1144380-c1ac-4315-9b1a-4b4e870ac688,2,1,1,16,1,1768978650,2026-01-21 01:59:07
66dd4981-0aca-11e7-82f6-3863bb44ef7c,17,4,13,8,1,1768978654,2026-01-21 01:59:07
66dbe250-0aca-11e7-82f6-3863bb44ef7c,2,1,1,15,1,1768978654,2026-01-21 01:59:07
5cb3a92d-f284-477c-bf63-ea72d24e8a7d,11,1,10,6,1,1768978654,2026-01-21 01:59:07
c7be2714-14db-421f-a19e-f6a7bf6e8d26,2,2,0,20,1,1768978655,2026-01-21 01:59:07
1861682960046954694,20,17,3,3,1,1768978654,2026-01-21 01:59:07
2126225134412534550,13,7,6,2,1,1768978655,2026-01-21 01:59:07
66db2953-0aca-11e7-82f6-3863bb44ef7c,46,4,42,3,1,1768978655,2026-01-21 01:59:07
1857217122161783302,22,4,18,6,1,1768978651,2026-01-21 01:59:07
c83e1ef5-776e-417e-8ee2-d08ca121f884,6,5,1,20,1,1768978651,2026-01-21 01:59:07
1834145064843958330,16,4,12,4,1,1768978651,2026-01-21 01:59:07
66db6aae-0aca-11e7-82f6-3863bb44ef7c,27,18,9,56,1,1768978652,2026-01-21 01:59:07
058ee86d-ce2a-4597-99f7-f78f082b33e3,0,0,0,18,1,1768978650,2026-01-21 01:59:07
30985a9c-afe4-4b98-a72c-2c72bb35603e,4,3,1,13,1,1768978650,2026-01-21 01:59:07
968d40e0-2a5b-4f6c-a161-fad1631b609b,10,9,1,4,1,1768978659,2026-01-21 01:59:07
59f0cb81-e31b-4ba9-9159-3437c52f7505,0,0,0,17,1,1768978659,2026-01-21 01:59:07
1945126147213275898,5,4,1,17,1,1768978659,2026-01-21 01:59:07
cdb6e2aa-4da3-4ed7-9b13-ce626addf6b0,23,12,11,24,1,1768978660,2026-01-21 01:59:07
b90574d1-e9e7-45be-8adb-e38cb285fea5,9,6,3,9,1,1768978660,2026-01-21 01:59:07
66dc51e9-0aca-11e7-82f6-3863bb44ef7c,19,10,9,27,1,1768978656,2026-01-21 01:59:07
66db9845-0aca-11e7-82f6-3863bb44ef7c,46,38,8,9,1,1768978656,2026-01-21 01:59:07
66dbc6ae-0aca-11e7-82f6-3863bb44ef7c,27,23,4,35,1,1768978656,2026-01-21 01:59:07
2121033124458338894,9,1,8,4,1,1768978657,2026-01-21 01:59:07
1929513834381415014,4,1,3,16,1,1768978656,2026-01-21 01:59:07
2126621026154598618,11,2,9,1,1,1768978658,2026-01-21 01:59:07
c5861c24-5ac1-41df-82f1-31748d03e868,56,49,7,9,1,1768978658,2026-01-21 01:59:07
2170352212111402482,31,16,15,41,1,1768978658,2026-01-21 01:59:07
a381b37a-a928-4834-87ee-da9922cb3b3d,12,4,8,20,1,1768978658,2026-01-21 01:59:07
aba6e644-3ac8-4cdc-9bc6-763e9d82dee9,14,4,10,9,1,1768978658,2026-01-21 01:59:07
e24cb64d-10c2-48db-9440-59e63c0f1c95,9,5,4,16,1,1768978658,2026-01-21 01:59:07
05969d95-8a64-4007-abf1-afb847f2d426,11,6,5,12,1,1768978655,2026-01-21 01:59:07
29b21bd8-2459-4727-b1f0-d73592db3321,10,3,7,19,1,1768978655,2026-01-21 01:59:07
e7739b9e-7cc6-4cbb-98d3-669b8e2ae98b,5,0,5,16,1,1768978656,2026-01-21 01:59:07
b9970fb5-176c-4a66-8772-6d76c4b6245a,4,1,3,14,1,1768978655,2026-01-21 01:59:07
43eac213-4603-4bc2-b6d6-b45013396282,20,10,10,15,1,1768978659,2026-01-21 01:59:07
b6a4770e-9077-4a0e-a0fb-b45b1d457559,49,34,15,7,1,1768978659,2026-01-21 01:59:07
66de5a47-0aca-11e7-82f6-3863bb44ef7c,20,8,12,12,1,1768978656,2026-01-21 01:59:07
66ddb7bf-0aca-11e7-82f6-3863bb44ef7c,27,27,0,21,1,1768978657,2026-01-21 01:59:07
2053867202510006310,18,4,14,3,1,1768978661,2026-01-21 01:59:07
2123940513700131194,9,6,3,6,1,1768978661,2026-01-21 01:59:07
4dde902d-512c-4e9e-8899-a68424ed87c0,11,1,10,22,1,1768978661,2026-01-21 01:59:07
66de1b5b-0aca-11e7-82f6-3863bb44ef7c,7,4,3,18,1,1768978661,2026-01-21 01:59:07
dd8627c8-4190-4a30-8758-e77a7b010437,9,4,5,38,1,1768978661,2026-01-21 01:59:07
1913995167022829826,20,3,17,0,1,1768978661,2026-01-21 01:59:07
88c1303b-3349-4591-bf08-c7e40cf3537a,28,10,18,17,1,1768978661,2026-01-21 01:59:07
66dc8c90-0aca-11e7-82f6-3863bb44ef7c,10,5,5,15,1,1768978661,2026-01-21 01:59:07
8df41833-c7bf-4171-bdab-58d64f6ade54,21,6,15,0,1,1768978661,2026-01-21 01:59:07
60a061d5-d984-4573-af3c-2054f4f59e94,4,2,2,14,1,1768978662,2026-01-21 01:59:07
2039088532741595744,41,16,25,12,1,1768978662,2026-01-21 01:59:07
1791472201147965920,12,4,8,50,1,1768978664,2026-01-21 01:59:07
50e05a9f-dce6-4315-a10d-1fa786fc18ee,7,4,3,44,1,1768978664,2026-01-21 01:59:07
febf420f-bbec-4044-a3af-69959e018ccb,18,18,0,3,1,1768978664,2026-01-21 01:59:07
026fd07d-d810-45dc-9237-a3d84dce4fa9,11,2,9,11,1,1768978664,2026-01-21 01:59:07
72196024-6f2b-45cb-9764-609911c7dc0b,15,8,7,33,1,1768978664,2026-01-21 01:59:07
46a1ff6c-6131-414a-9ef6-65a8db7d305f,2,2,0,21,1,1768978663,2026-01-21 01:59:07
db02e1ea-acc1-4f45-8e3c-d37468b0b5a6,0,0,0,18,1,1768978663,2026-01-21 01:59:07
9bd28b11-cf11-4938-abb2-dfa5ec800e32,27,6,21,2,1,1768978663,2026-01-21 01:59:07
1846449740982645546,16,0,16,3,1,1768978663,2026-01-21 01:59:07
1597ea95-0b6b-425a-8d13-ed86ee0754b5,4,1,3,15,1,1768978663,2026-01-21 01:59:07
66db32fb-0aca-11e7-82f6-3863bb44ef7c,8,4,4,85,1,1768978663,2026-01-21 01:59:07
8603535e-0d7a-4c5b-ae77-27b9f5770bfa,21,15,6,4,1,1768978663,2026-01-21 01:59:07
97bcf094-ad77-4743-9c94-832c7300c090,4,1,3,12,1,1768978663,2026-01-21 01:59:07
dfe2c398-ff5c-4a8d-83c8-fa18801540d8,11,0,11,18,1,1768978662,2026-01-21 01:59:07
66dd25e0-0aca-11e7-82f6-3863bb44ef7c,17,7,10,2,1,1768978662,2026-01-21 01:59:07
1e590819-53fd-415c-bc28-aed605ad3bcb,5,1,4,11,1,1768978663,2026-01-21 01:59:07
21361381-fd4a-44a4-bfa7-61f075192ce9,7,6,1,17,1,1768978663,2026-01-21 01:59:07
b200a8bf-2d79-4511-9a16-ac41e7245622,20,1,19,3,1,1768978666,2026-01-21 01:59:07
66dbf442-0aca-11e7-82f6-3863bb44ef7c,25,17,8,53,1,1768978665,2026-01-21 01:59:07
1869754004195029842,0,0,0,21,1,1768978665,2026-01-21 01:59:07
74e104fb-1ddc-4f3e-a60b-220b6c4f300b,2,2,0,14,1,1768978666,2026-01-21 01:59:07
b3c8aaaf-6e1c-4f56-9391-b79e883b8009,3,1,2,20,1,1768978666,2026-01-21 01:59:07
2a9e2320-083d-4044-aedf-0c15ecfefe61,4,2,2,18,1,1768978666,2026-01-21 01:59:07
a35d03cf-bd72-4da4-a4ac-bd25b3f8dce3,15,9,6,3,1,1768978666,2026-01-21 01:59:07
66dde2d9-0aca-11e7-82f6-3863bb44ef7c,23,15,8,12,1,1768978666,2026-01-21 01:59:07
c2291f8e-3b07-4671-82af-2b947825de4a,55,40,15,10,1,1768978666,2026-01-21 01:59:07
1838070703178521596,1,0,1,18,1,1768978667,2026-01-21 01:59:07
918af7b2-e05c-477a-a8c0-7dcff984c566,9,1,8,29,1,1768978666,2026-01-21 01:59:07
1e226f22-034f-4b99-8184-a8eaa591fbd8,14,11,3,32,1,1768978666,2026-01-21 01:59:07
d5ca6311-7471-480f-9c79-38baaafe34ba,17,15,2,11,1,1768978668,2026-01-21 01:59:07
1931758629658304788,6,0,6,18,1,1768978669,2026-01-21 01:59:07
1835250318514342456,10,1,9,17,1,1768978669,2026-01-21 01:59:07
1835246815877178358,10,3,7,10,1,1768978669,2026-01-21 01:59:07
1828966882896859944,0,0,0,17,1,1768978667,2026-01-21 01:59:07
cd4b8e12-b2c7-479b-900d-59cf7d8c4276,13,1,12,2,1,1768978667,2026-01-21 01:59:07
66dc0d3a-0aca-11e7-82f6-3863bb44ef7c,16,9,7,3,1,1768978667,2026-01-21 01:59:07
b3a9057e-7ff6-4117-b96e-e71c173cf1e9,10,1,9,7,1,1768978668,2026-01-21 01:59:07
66dd49eb-0aca-11e7-82f6-3863bb44ef7c,12,6,6,16,1,1768978668,2026-01-21 01:59:07
66dc3a1a-0aca-11e7-82f6-3863bb44ef7c,3,2,1,47,1,1768978668,2026-01-21 01:59:07
78ec2f0d-c309-46d4-8808-7eb1a0674e38,9,9,0,20,1,1768978670,2026-01-21 01:59:07
66db30e0-0aca-11e7-82f6-3863bb44ef7c,3,3,0,86,1,1768978670,2026-01-21 01:59:07
fbee1143-e93f-418d-b6bc-8fde4a9a8746,15,8,7,33,1,1768978670,2026-01-21 01:59:07
66dc0c53-0aca-11e7-82f6-3863bb44ef7c,12,4,8,8,1,1768978670,2026-01-21 01:59:07
1786698815186893280,34,28,6,0,1,1768978670,2026-01-21 01:59:07
66ddeca9-0aca-11e7-82f6-3863bb44ef7c,16,2,14,1,1,1768978670,2026-01-21 01:59:07
6661108f-28eb-4671-ad0c-36a311d325aa,7,1,6,11,1,1768978669,2026-01-21 01:59:07
3bf91ca1-14fd-4e51-858e-36a203f1af2a,2,2,0,15,1,1768978669,2026-01-21 01:59:07
1828969417249358046,5,1,4,14,1,1768978671,2026-01-21 01:59:07
66dcca76-0aca-11e7-82f6-3863bb44ef7c,0,0,0,22,1,1768978671,2026-01-21 01:59:07
2e74ea1d-02a0-47bf-9665-dce2d65de8d7,20,8,12,26,1,1768978676,2026-01-21 01:59:07
2126624772423916318,6,1,5,3,1,1768978676,2026-01-21 01:59:07
c01a9c97-6c04-4e3f-ad0b-958801d94ca1,14,3,11,0,1,1768978676,2026-01-21 01:59:07
1947313784686131504,11,0,11,7,1,1768978676,2026-01-21 01:59:07
96cf4c1a-db2c-4d4b-af34-c31281b5904b,14,10,4,3,1,1768978676,2026-01-21 01:59:07
66dccd65-0aca-11e7-82f6-3863bb44ef7c,17,0,17,9,1,1768978677,2026-01-21 01:59:07
66de1295-0aca-11e7-82f6-3863bb44ef7c,17,6,11,1,1,1768978677,2026-01-21 01:59:07
557f8d40-dec1-4c61-bd03-a0d1a6ea0e4b,24,11,13,4,1,1768978677,2026-01-21 01:59:07
1879859065051787718,16,12,4,4,1,1768978677,2026-01-21 01:59:07
bca594e5-779f-4866-bd6b-818871f97d38,17,2,15,12,1,1768978677,2026-01-21 01:59:07
1817433126359581672,9,0,9,13,1,1768978677,2026-01-21 01:59:07
66dd470b-0aca-11e7-82f6-3863bb44ef7c,11,8,3,33,1,1768978677,2026-01-21 01:59:07
66db95e5-0aca-11e7-82f6-3863bb44ef7c,39,17,22,0,1,1768978677,2026-01-21 01:59:07
1835249854657874848,3,1,2,14,1,1768978678,2026-01-21 01:59:07
1286480d-5d6d-4a47-9fac-e156dba2b6fc,30,15,15,26,1,1768978678,2026-01-21 01:59:07
66db6387-0aca-11e7-82f6-3863bb44ef7c,87,67,20,23,1,1768978678,2026-01-21 01:59:07
b94cc90e-9ca2-4471-8371-23be051e0157,0,0,0,76,1,1768978678,2026-01-21 01:59:07
6fd84197-56e2-47df-849f-701aca0e7cc3,4,1,3,14,1,1768978678,2026-01-21 01:59:07
a1cf7115-8e38-4300-aac8-3a2fddca0e23,20,7,13,13,1,1768978678,2026-01-21 01:59:07
66dc73b0-0aca-11e7-82f6-3863bb44ef7c,34,31,3,2,1,1768978678,2026-01-21 01:59:07
4cd5a87d-7618-4a15-892d-8cf29eec865c,17,4,13,1,1,1768978679,2026-01-21 01:59:07
7efcb97f-6c8f-4445-86a9-3f758a822f17,20,20,0,21,1,1768978679,2026-01-21 01:59:07
2c366f4b-8319-41bf-ab8e-2fba3a952feb,7,7,0,43,1,1768978679,2026-01-21 01:59:07
1835250080052323168,0,0,0,0,0,86400,2026-01-21 01:59:07
2171902607371571344,0,0,0,0,0,86400,2026-01-21 01:59:07
2171903032377767128,0,0,0,0,0,86400,2026-01-21 01:59:07
2171903385631266470,0,0,0,0,0,86400,2026-01-21 01:59:07
2171903970740122034,0,0,0,0,0,86400,2026-01-21 01:59:07
66dd3cb4-0aca-11e7-82f6-3863bb44ef7c,0,0,0,2,0,1768962787,2026-01-21 01:59:07
2126224876714496782,5,2,3,2,1,1768978364,2026-01-21 01:59:07
c1e24edf-7192-433f-8d38-be5b6b3647c5,2,2,0,27,1,1768978501,2026-01-21 01:59:07
1fba77e2-66ab-4e9c-9f9a-4ec4f11fd80b,5,2,3,20,1,1768978502,2026-01-21 01:59:07
fe6f022b-7fdb-44fe-80bb-cbfc500959bf,4,1,3,17,1,1768978558,2026-01-21 01:59:07
66de0c43-0aca-11e7-82f6-3863bb44ef7c,25,1,24,1,1,1768978560,2026-01-21 01:59:07
66dbecd0-0aca-11e7-82f6-3863bb44ef7c,28,18,10,18,1,1768978561,2026-01-21 01:59:07
d7a7789b-a052-4a69-a4ec-59436b0f8d75,7,0,7,10,1,1768978561,2026-01-21 01:59:07
5b4a90b8-426d-4a40-a7ca-87e51d690883,20,19,1,17,1,1768978559,2026-01-21 01:59:07
1835250199411134468,9,2,7,13,1,1768978560,2026-01-21 01:59:07
c0ce2a38-04f5-4333-8818-2a3faa84f214,27,6,21,0,1,1768978560,2026-01-21 01:59:07
7a8bf573-275f-41d5-ad8b-1ff9ee7c2dce,10,3,7,14,1,1768978557,2026-01-21 01:59:07
66dcb9f7-0aca-11e7-82f6-3863bb44ef7c,5,0,5,18,1,1768978559,2026-01-21 01:59:07
3c73cc9f-3c09-4ac4-a4ea-22b4f027bf23,16,3,13,5,1,1768978561,2026-01-21 01:59:07
66ddd545-0aca-11e7-82f6-3863bb44ef7c,56,42,14,30,1,1768978568,2026-01-21 01:59:07
66dcf922-0aca-11e7-82f6-3863bb44ef7c,17,8,9,12,1,1768978567,2026-01-21 01:59:07
9be6c750-85b6-4e81-bace-1a8ffe941d7b,3,0,3,16,1,1768978571,2026-01-21 01:59:07
ab29ce96-c2e8-4929-b27b-e0fe4aae17d5,8,1,7,9,1,1768978571,2026-01-21 01:59:07
08bf2fe0-219d-48cd-87c5-6163b3a2eafd,8,5,3,17,1,1768978571,2026-01-21 01:59:07
66dbbeda-0aca-11e7-82f6-3863bb44ef7c,27,15,12,50,1,1768978572,2026-01-21 01:59:07
3edec530-4791-4872-8912-2a2397a903a4,40,19,21,28,1,1768978572,2026-01-21 01:59:07
66dc8025-0aca-11e7-82f6-3863bb44ef7c,69,63,6,13,1,1768978570,2026-01-21 01:59:07
7b0227aa-bbf5-4731-a49a-765b4afac483,30,9,21,43,1,1768978570,2026-01-21 01:59:07
92ffa9d6-8cb1-44cf-8059-391b03d58071,3,3,0,23,1,1768978570,2026-01-21 01:59:07
e63c8dac-ab44-48c8-83a0-92c53a00f12e,2,2,0,28,1,1768978570,2026-01-21 01:59:07
1875395639434791520,0,0,0,18,1,1768978569,2026-01-21 01:59:07
5fdf435f-6080-4b1d-966c-3b9d08450c4d,11,2,9,8,1,1768978569,2026-01-21 01:59:07
66dc7e75-0aca-11e7-82f6-3863bb44ef7c,5,3,2,62,1,1768978567,2026-01-21 01:59:07
66dccc99-0aca-11e7-82f6-3863bb44ef7c,8,1,7,22,1,1768978571,2026-01-21 01:59:07
16836c76-c412-4ec3-bac8-3c6a5a3d9745,4,2,2,14,1,1768978567,2026-01-21 01:59:07
5ffde991-1125-443e-bc97-6827b2b9c97b,14,7,7,8,1,1768978575,2026-01-21 01:59:07
1857217349795049790,5,2,3,10,1,1768978575,2026-01-21 01:59:07
8b830188-101e-44bf-a755-5e6c611e3edc,22,1,21,4,1,1768978575,2026-01-21 01:59:07
1b962833-d769-418e-b1ef-5a183bb5eb1a,11,1,10,5,1,1768978575,2026-01-21 01:59:07
2025623258130320038,20,7,13,13,1,1768978575,2026-01-21 01:59:07
0b857ee5-3d10-4152-952e-95fbaf06677a,6,6,0,23,1,1768978575,2026-01-21 01:59:07
1ecc9936-ee0c-44b2-baa8-237564c8e4fd,42,16,26,2,1,1768978576,2026-01-21 01:59:07
ce700c09-6095-4b20-ab65-07defdd1a7d7,13,0,13,6,1,1768978576,2026-01-21 01:59:07
c0f952d9-538e-4836-b936-fa97123cbf13,10,5,5,8,1,1768978572,2026-01-21 01:59:07
66db460d-0aca-11e7-82f6-3863bb44ef7c,28,0,28,1,1,1768978572,2026-01-21 01:59:07
66db3fc9-0aca-11e7-82f6-3863bb44ef7c,23,11,12,20,1,1768978577,2026-01-21 01:59:07
66dc0f1b-0aca-11e7-82f6-3863bb44ef7c,64,51,13,5,1,1768978578,2026-01-21 01:59:07
1984510483573713186,21,6,15,39,1,1768978578,2026-01-21 01:59:07
f6143531-4a16-4aac-9b55-573ef7ef162e,12,1,11,8,1,1768978575,2026-01-21 01:59:07
66dcc3e5-0aca-11e7-82f6-3863bb44ef7c,3,1,2,17,1,1768978588,2026-01-21 01:59:07
1861681959015615218,0,0,0,25,1,1768978588,2026-01-21 01:59:07
66de18d7-0aca-11e7-82f6-3863bb44ef7c,14,0,14,6,1,1768978588,2026-01-21 01:59:07
b976906e-81c4-44c5-a160-e17815c0d47b,6,3,3,22,1,1768978587,2026-01-21 01:59:07
1880644037244334512,24,14,10,0,1,1768978590,2026-01-21 01:59:07
74f913d2-6eac-49ce-bd6d-53a06fa855a6,6,3,3,14,1,1768978591,2026-01-21 01:59:07
66dc462a-0aca-11e7-82f6-3863bb44ef7c,75,49,26,3,1,1768978591,2026-01-21 01:59:07
1792225684155730482,4,4,0,18,1,1768978589,2026-01-21 01:59:07
981f1311-004f-41c3-ba5b-3679f78aeb70,13,1,12,4,1,1768978590,2026-01-21 01:59:07
44a43ebf-cacf-4251-9ceb-e1c331ef1673,0,0,0,17,1,1768978590,2026-01-21 01:59:07
e3470e29-934c-41f1-8fe7-82135ed2d620,2,0,2,55,1,1768978592,2026-01-21 01:59:07
1861680383828308814,10,10,0,8,1,1768978593,2026-01-21 01:59:07
914e3e7c-87da-4f52-aa03-5449c6361fa2,6,3,3,9,1,1768978593,2026-01-21 01:59:07
66de14af-0aca-11e7-82f6-3863bb44ef7c,29,1,28,6,1,1768978592,2026-01-21 01:59:07
6fefe1b3-5f0d-47aa-b1dd-cec211239950,2,0,2,20,1,1768978592,2026-01-21 01:59:07
66dbeb1b-0aca-11e7-82f6-3863bb44ef7c,12,9,3,27,1,1768978593,2026-01-21 01:59:07
49f86083-851b-475d-b9ab-64e01b81f725,0,0,0,22,1,1768978593,2026-01-21 01:59:07
1848241879913802606,17,8,9,1,1,1768978585,2026-01-21 01:59:07
66db930d-0aca-11e7-82f6-3863bb44ef7c,17,8,9,9,1,1768978585,2026-01-21 01:59:07
1869754143518014264,12,0,12,25,1,1768978586,2026-01-21 01:59:07
66ddbdb1-0aca-11e7-82f6-3863bb44ef7c,11,4,7,10,1,1768978591,2026-01-21 01:59:07
1834145204469569922,18,3,15,2,1,1768978590,2026-01-21 01:59:07
99b7c9a5-9679-417f-b884-21c4b240aa99,9,3,6,9,1,1768978592,2026-01-21 01:59:07
1869439170989701358,14,2,12,7,1,1768978593,2026-01-21 01:59:07
dee5a590-7cda-465e-8351-b0622a5e2ad3,11,5,6,6,1,1768978593,2026-01-21 01:59:07
c829b6af-002b-4d04-af56-6924d4ad0aa2,1,1,0,26,1,1768978594,2026-01-21 01:59:07
023127f2-a6e0-4fae-ba34-178acccb993e,1,1,0,20,1,1768978597,2026-01-21 01:59:07
00d3e65e-b614-4408-aaa9-939ed96ce645,29,27,2,21,1,1768978595,2026-01-21 01:59:07
178bad16-1b02-4264-94c0-a8fd0faa60fe,3,3,0,31,1,1768978596,2026-01-21 01:59:07
66dd1bf3-0aca-11e7-82f6-3863bb44ef7c,33,2,31,9,1,1768978595,2026-01-21 01:59:07
f3f46097-54cf-4c30-805a-6b2a4851eed7,4,3,1,20,1,1768978594,2026-01-21 01:59:07
0e3dedfb-df10-4900-a67b-95349a81bc5c,24,2,22,0,1,1768978595,2026-01-21 01:59:07
ba7bf20d-b6bc-43dd-bf30-acb940eaeec8,2,0,2,14,1,1768978595,2026-01-21 01:59:07
4e862dc1-0652-4f29-a26f-315d763df67d,18,13,5,37,1,1768978598,2026-01-21 01:59:07
46bdd925-fb6c-4654-85d8-e0db4da62abf,24,8,16,12,1,1768978597,2026-01-21 01:59:07
d29ea280-8b64-4a35-b12b-245525ae2a3a,24,15,9,28,1,1768978598,2026-01-21 01:59:07
fffb18be-14b3-412f-a808-107a98cd9e58,1,1,0,17,1,1768978594,2026-01-21 01:59:07
5a5a38d1-f28d-4e51-bf85-27bb384135c7,29,0,29,3,1,1768978598,2026-01-21 01:59:07
1814907277023901890,21,0,21,1,1,1768978598,2026-01-21 01:59:07
2088792249063596144,24,16,8,5,1,1768978598,2026-01-21 01:59:07
05d03a63-b5f2-40d9-9a3d-d2fe666a307f,8,1,7,16,1,1768978601,2026-01-21 01:59:07
c466f15e-715f-411e-904e-1a71fb574cdd,79,40,39,3,1,1768978601,2026-01-21 01:59:07
b5861c2d-d687-4308-bf2d-5f69fc28cc4a,14,2,12,8,1,1768978602,2026-01-21 01:59:07
1913988158376585970,26,8,18,1,1,1768978599,2026-01-21 01:59:07
f3525aa7-9d69-4ea2-9278-4df92db1afa1,15,9,6,4,1,1768978600,2026-01-21 01:59:07
3e4a2c26-7527-469c-b4f4-1ef8d40fd20d,3,1,2,13,1,1768978602,2026-01-21 01:59:07
93e2e1a5-49c5-41f8-a6bf-b399b6a5140d,32,19,13,34,1,1768978600,2026-01-21 01:59:07
adb67652-c20d-4dd2-8e89-d6015b801c1a,1,1,0,17,1,1768978601,2026-01-21 01:59:07
66de0dfd-0aca-11e7-82f6-3863bb44ef7c,28,25,3,10,1,1768978552,2026-01-21 01:59:07
b471c112-1770-4dfe-9e13-fe7479dcb5a5,24,1,23,1,1,1768978562,2026-01-21 01:59:07
8ea3301f-6940-4e0f-80f0-7a3e54b2eaa5,3,3,0,14,1,1768978562,2026-01-21 01:59:07
16c54bf4-194b-4f26-9c49-a42901b4748d,1,0,1,20,1,1768978563,2026-01-21 01:59:07
3d340fc5-8c86-4d5e-974d-ae28958e61e8,10,8,2,44,1,1768978563,2026-01-21 01:59:07
1828969634783171152,19,3,16,0,1,1768978564,2026-01-21 01:59:07
1879828885264130640,12,5,7,7,1,1768978565,2026-01-21 01:59:07
66dcba5e-0aca-11e7-82f6-3863bb44ef7c,0,0,0,18,1,1768978566,2026-01-21 01:59:07
32d3adc3-c3dd-4a97-a4db-95d467f3c3aa,1,0,1,30,1,1768978563,2026-01-21 01:59:07
66dc210e-0aca-11e7-82f6-3863bb44ef7c,15,14,1,16,1,1768978581,2026-01-21 01:59:07
1861683217585879154,27,9,18,18,1,1768978582,2026-01-21 01:59:07
3893eeef-06a8-47b1-95f2-a85454f7d5c9,4,0,4,16,1,1768978579,2026-01-21 01:59:07
8d8a381c-21df-4095-837e-65924d85a06d,1,1,0,19,1,1768978580,2026-01-21 01:59:07
61c82689-3f4c-495d-8f44-e71de8f04088,13,3,10,65,1,1768978580,2026-01-21 01:59:07
f47c7f15-1c30-4199-a09f-134f0f0f684b,5,3,2,18,1,1768978581,2026-01-21 01:59:07
3d6b7c84-7e5a-454d-aa9d-c66eb92383be,7,4,3,14,1,1768978581,2026-01-21 01:59:07
82b97827-1801-4b7b-b3de-16447a8dd025,6,6,0,12,1,1768978583,2026-01-21 01:59:07
d7c12bf1-1ec8-496a-beca-90ba76c53241,6,2,4,11,1,1768978583,2026-01-21 01:59:07
c72970e7-7f1a-4671-bf55-fc34be7c9413,13,3,10,3,1,1768978583,2026-01-21 01:59:07
340036c3-2787-4998-9a77-fe54f352d619,4,4,0,13,1,1768978585,2026-01-21 01:59:07
1861681740276243358,11,9,2,9,1,1768978585,2026-01-21 01:59:07
dfb8b9c8-3006-4b76-963a-95f7471dc0a8,18,6,12,2,1,1768978580,2026-01-21 01:59:07
66dd4356-0aca-11e7-82f6-3863bb44ef7c,14,11,3,29,1,1768978603,2026-01-21 01:59:07
1860188331547447938,0,0,0,20,1,1768978606,2026-01-21 01:59:07
66db281e-0aca-11e7-82f6-3863bb44ef7c,47,20,27,13,1,1768978605,2026-01-21 01:59:07
1846085836152179090,6,0,6,13,1,1768978611,2026-01-21 01:59:07
1905394575114219798,1,0,1,28,1,1768978611,2026-01-21 01:59:07
c36cfa58-29fe-4c0c-a14f-41c3463487fd,2,1,1,18,1,1768978609,2026-01-21 01:59:07
8f3a6711-fd05-4ce1-acf8-9d72b4a1bf97,4,3,1,16,1,1768978609,2026-01-21 01:59:07
66de602e-0aca-11e7-82f6-3863bb44ef7c,43,0,43,6,1,1768978610,2026-01-21 01:59:07
0efa08a3-1c38-48fe-ab37-8c9b72b20126,13,4,9,5,1,1768978607,2026-01-21 01:59:07
66dcf30d-0aca-11e7-82f6-3863bb44ef7c,6,1,5,19,1,1768978607,2026-01-21 01:59:07
fc774664-3c9b-4a8f-a79e-f6907db00a1d,14,3,11,18,1,1768978607,2026-01-21 01:59:07
b4ae292d-5e89-4c58-8154-0496893394b5,0,0,0,22,1,1768978612,2026-01-21 01:59:07
de97a7d0-fbb3-4c13-ba6a-2bbd441751fe,13,7,6,5,1,1768978612,2026-01-21 01:59:07
1835249448692130546,10,8,2,11,1,1768978609,2026-01-21 01:59:07
66db4417-0aca-11e7-82f6-3863bb44ef7c,51,44,7,3,1,1768978609,2026-01-21 01:59:07
a6492ad5-d13e-48b0-a0d5-08e60ad93e53,69,25,44,0,1,1768978609,2026-01-21 01:59:07
298d4e45-c6d2-45f1-a07a-11606026a6e4,6,1,5,11,1,1768978611,2026-01-21 01:59:07
af72781c-fe0b-4b73-a7df-201f9780ea9c,47,32,15,2,1,1768978611,2026-01-21 01:59:07
9eb98b3b-ea35-483f-91f6-d90c506152db,13,9,4,8,1,1768978611,2026-01-21 01:59:07
66db2f4c-0aca-11e7-82f6-3863bb44ef7c,32,21,11,45,1,1768978608,2026-01-21 01:59:07
1835246381185208614,3,1,2,18,1,1768978613,2026-01-21 01:59:07
66db28b5-0aca-11e7-82f6-3863bb44ef7c,62,3,59,11,1,1768978614,2026-01-21 01:59:07
57f144cb-375d-4eee-b458-e288116cb8f7,12,6,6,3,1,1768978614,2026-01-21 01:59:07
4fb1ee23-4511-47c4-8698-0c46673dc86c,0,0,0,19,1,1768978612,2026-01-21 01:59:07
1794096824496960148,25,18,7,18,1,1768978613,2026-01-21 01:59:07
66ddef2d-0aca-11e7-82f6-3863bb44ef7c,12,4,8,10,1,1768978616,2026-01-21 01:59:07
1890927910885612334,23,0,23,2,1,1768978616,2026-01-21 01:59:07
2123939242997647892,8,1,7,6,1,1768978617,2026-01-21 01:59:07
1882736243099681438,16,8,8,18,1,1768978616,2026-01-21 01:59:07
33af8810-cda5-4b61-9c38-0235f9d59aaa,19,3,16,6,1,1768978615,2026-01-21 01:59:07
8c6cba48-d803-4a90-99f7-e06edcdbbf92,14,11,3,8,1,1768978615,2026-01-21 01:59:07
76c1ef9c-3984-4b4e-bff4-5c398e2395bd,14,10,4,9,1,1768978615,2026-01-21 01:59:07
e25f8dee-c110-489f-a978-464ac5c84ca2,19,16,3,6,1,1768978615,2026-01-21 01:59:07
49703a2d-15e9-4af4-b80e-cca664d7ea18,5,1,4,14,1,1768978617,2026-01-21 01:59:07
66db3e32-0aca-11e7-82f6-3863bb44ef7c,43,2,41,0,1,1768978617,2026-01-21 01:59:07
66dea8ff-0aca-11e7-82f6-3863bb44ef7c,6,3,3,31,1,1768978618,2026-01-21 01:59:07
822d96e8-fb6c-463a-b866-aec9e408ad5e,16,4,12,1,1,1768978618,2026-01-21 01:59:07
324e55da-fec0-43a2-b622-27774381ab7f,3,2,1,14,1,1768978612,2026-01-21 01:59:07
201edb67-d071-4b67-bafd-131e5c273e9f,16,1,15,3,1,1768978612,2026-01-21 01:59:07
edc9b877-c311-46b4-a780-59ee7e692324,11,6,5,24,1,1768978622,2026-01-21 01:59:07
7c7cb750-6613-48a4-bfae-9240968f1fad,25,17,8,13,1,1768978622,2026-01-21 01:59:07
d5d2aebc-158c-43ec-9105-2a779d0245d8,0,0,0,18,1,1768978622,2026-01-21 01:59:07
a5bd1f58-7df8-4df6-9636-372f1bc194be,35,10,25,1,1,1768978622,2026-01-21 01:59:07
0575e356-72f4-4251-8e15-574cf60bd190,10,8,2,9,1,1768978622,2026-01-21 01:59:07
66dc7d58-0aca-11e7-82f6-3863bb44ef7c,67,45,22,5,1,1768978622,2026-01-21 01:59:07
66dc1702-0aca-11e7-82f6-3863bb44ef7c,28,21,7,36,1,1768978623,2026-01-21 01:59:07
0f6fd186-656a-41b3-ba4a-456d22da177c,21,6,15,15,1,1768978623,2026-01-21 01:59:07
66db9675-0aca-11e7-82f6-3863bb44ef7c,4,1,3,21,1,1768978623,2026-01-21 01:59:07
66dce660-0aca-11e7-82f6-3863bb44ef7c,9,2,7,15,1,1768978618,2026-01-21 01:59:07
66db72f1-0aca-11e7-82f6-3863bb44ef7c,44,16,28,4,1,1768978618,2026-01-21 01:59:07
66dd4423-0aca-11e7-82f6-3863bb44ef7c,32,32,0,10,1,1768978618,2026-01-21 01:59:07
0258da92-f770-4acc-b20b-91b78aff791e,15,0,15,6,1,1768978618,2026-01-21 01:59:07
66de0a0a-0aca-11e7-82f6-3863bb44ef7c,13,5,8,12,1,1768978618,2026-01-21 01:59:07
14391923-6727-4359-92e9-03e0b5094753,33,16,17,15,1,1768978622,2026-01-21 01:59:07
1826348745879909352,16,3,13,0,1,1768978620,2026-01-21 01:59:07
1828967208126648828,9,4,5,9,1,1768978619,2026-01-21 01:59:07
d9160982-2d9b-4f08-9469-a559a7b62809,19,9,10,68,1,1768978621,2026-01-21 01:59:07
067b53bd-33bf-4698-8103-3931a5f32a37,9,3,6,9,1,1768978620,2026-01-21 01:59:07
2ec1235f-a043-4e3a-9ba1-56f7dd4624b7,3,1,2,17,1,1768978620,2026-01-21 01:59:07
627c77c0-0088-4ba8-ba66-73e0e3d3fe77,5,2,3,18,1,1768978620,2026-01-21 01:59:07
66ddebce-0aca-11e7-82f6-3863bb44ef7c,20,15,5,7,1,1768978627,2026-01-21 01:59:07
3fed8016-0be0-47f5-8663-2e850ec47288,21,2,19,1,1,1768978627,2026-01-21 01:59:07
66dc8d1d-0aca-11e7-82f6-3863bb44ef7c,10,1,9,48,1,1768978627,2026-01-21 01:59:07
1846086263936934630,17,2,15,0,1,1768978627,2026-01-21 01:59:07
3d835eaa-a102-42c5-b6c0-2c693b1d0677,32,31,1,24,1,1768978627,2026-01-21 01:59:07
1abd4668-ed6b-4930-8177-17239ae75a9e,1,1,0,18,1,1768978627,2026-01-21 01:59:07
a82599ce-99ca-4670-8053-baada198034a,51,6,45,4,1,1768978626,2026-01-21 01:59:07
f6cf3ecc-b3ad-4291-8c24-277f28f64ba1,0,0,0,20,1,1768978626,2026-01-21 01:59:07
1828968462257099768,1,0,1,18,1,1768978629,2026-01-21 01:59:07
e36b5913-8e46-4c2a-b9be-73bdf8ee548b,26,7,19,29,1,1768978629,2026-01-21 01:59:07
66dde271-0aca-11e7-82f6-3863bb44ef7c,19,7,12,25,1,1768978629,2026-01-21 01:59:07
1845676917264180046,11,1,10,8,1,1768978629,2026-01-21 01:59:07
3c5a8531-4eec-4695-b4f8-8a1158890e78,16,13,3,1,1,1768978629,2026-01-21 01:59:07
66dd9b0f-0aca-11e7-82f6-3863bb44ef7c,24,18,6,15,1,1768978629,2026-01-21 01:59:07
a4c9faeb-2234-457d-ad56-1ab14104b538,0,0,0,18,1,1768978624,2026-01-21 01:59:07
a68acb0c-4244-416a-bf59-ca55d3120cdd,16,10,6,5,1,1768978625,2026-01-21 01:59:07
b9b58379-b29a-4fa8-ba72-c647728e1686,14,12,2,4,1,1768978625,2026-01-21 01:59:07
454fe70c-1d53-4af2-a9ea-1d4bd9f59799,2,1,1,17,1,1768978625,2026-01-21 01:59:07
f3eb962c-314a-4431-bac7-2eb2ffbe2fd2,2,0,2,15,1,1768978628,2026-01-21 01:59:07
1817432709747753390,11,3,8,12,1,1768978628,2026-01-21 01:59:07
66dc176f-0aca-11e7-82f6-3863bb44ef7c,72,63,9,4,1,1768978628,2026-01-21 01:59:07
ee1ba75f-baf5-4852-929c-8b7ad310f55a,14,10,4,10,1,1768978623,2026-01-21 01:59:07
66dde7dc-0aca-11e7-82f6-3863bb44ef7c,15,13,2,6,1,1768978624,2026-01-21 01:59:07
11a8d465-b4eb-466b-a6ca-055f73994231,15,4,11,10,1,1768978624,2026-01-21 01:59:07
1835249197527877718,0,0,0,18,1,1768978624,2026-01-21 01:59:07
272c0389-5e4a-41a9-ad6c-2dccdfa55af9,7,2,5,16,1,1768978624,2026-01-21 01:59:07
0df3a035-5a38-4ec2-826a-0a5376e8d8a0,6,5,1,16,1,1768978624,2026-01-21 01:59:07
66ddeb67-0aca-11e7-82f6-3863bb44ef7c,17,12,5,10,1,1768978624,2026-01-21 01:59:07
00284700-9d22-42ce-8485-113fed9879c1,10,8,2,8,1,1768978628,2026-01-21 01:59:07
d5cb6e67-addb-46d4-93e7-832371736d45,24,1,23,7,1,1768978646,2026-01-21 01:59:07
66dd1eb2-0aca-11e7-82f6-3863bb44ef7c,30,22,8,1,1,1768978646,2026-01-21 01:59:07
b1cdec34-d4f9-4313-be82-729bb9f7bb18,9,1,8,11,1,1768978646,2026-01-21 01:59:07
3ac7b47b-2253-4a0b-bf7d-8a2eb6b78a38,26,20,6,12,1,1768978649,2026-01-21 01:59:07
8ec47777-852d-4059-a5ea-12eef71a9606,36,5,31,0,1,1768978648,2026-01-21 01:59:07
b79bb851-130f-473d-83fc-f602aa0a4ca9,6,1,5,14,1,1768978649,2026-01-21 01:59:07
4956ad8b-06d6-4af4-bcc8-735c45439608,3,3,0,16,1,1768978650,2026-01-21 01:59:07
66ddf310-0aca-11e7-82f6-3863bb44ef7c,23,7,16,14,1,1768978649,2026-01-21 01:59:07
66dbc7d2-0aca-11e7-82f6-3863bb44ef7c,13,6,7,17,1,1768978649,2026-01-21 01:59:07
2163290511399492946,2,1,1,9,1,1768978650,2026-01-21 01:59:07
1846086027713733188,7,1,6,5,1,1768978650,2026-01-21 01:59:07
00d94dfc-3695-47e1-aba6-7f319dd2eb08,2,0,2,20,1,1768978650,2026-01-21 01:59:07
398ebef6-dcc2-4305-b1d2-47efafdaa85c,2,2,0,18,1,1768978650,2026-01-21 01:59:07
06109e92-4363-445a-9743-0457f6799530,13,13,0,61,1,1768978647,2026-01-21 01:59:07
5864d88d-a0fd-40ad-beee-896118d9360d,16,0,16,2,1,1768978648,2026-01-21 01:59:07
66dbf6d2-0aca-11e7-82f6-3863bb44ef7c,13,7,6,14,1,1768978644,2026-01-21 01:59:07
b83b2a73-af8e-4b82-b61e-aeaaf075fbe2,2,2,0,23,1,1768978644,2026-01-21 01:59:07
5b4a4b20-539b-47c1-9228-1f1f124b3ec9,11,1,10,10,1,1768978645,2026-01-21 01:59:07
1846086562569586930,13,3,10,5,1,1768978645,2026-01-21 01:59:07
c6c10756-ef41-491a-8e6c-ee0aa27b8cbe,0,0,0,19,1,1768978647,2026-01-21 01:59:07
c229f0ca-bdd1-4aa0-8906-a3e809e12889,5,1,4,16,1,1768978646,2026-01-21 01:59:07
1838070940162509196,5,1,4,17,1,1768978646,2026-01-21 01:59:07
9206af28-03bf-43e3-a8b0-354792921466,10,3,7,10,1,1768978646,2026-01-21 01:59:07
566935d6-4d66-4b42-9822-f2a816e357b9,11,5,6,12,1,1768978645,2026-01-21 01:59:07
3575749f-123a-4a80-870d-7ca7c7f9c8a9,8,3,5,16,1,1768978650,2026-01-21 01:59:07
66dc89ae-0aca-11e7-82f6-3863bb44ef7c,5,3,2,31,1,1768978653,2026-01-21 01:59:07
1828966227118051662,18,2,16,1,1,1768978653,2026-01-21 01:59:07
1967778612889039234,7,1,6,28,1,1768978654,2026-01-21 01:59:07
f365afa3-e8a5-439d-975d-6c2b064f30df,1,1,0,27,1,1768978654,2026-01-21 01:59:07
36d80620-9774-487e-8eb0-cf5f18a39321,2,2,0,26,1,1768978651,2026-01-21 01:59:07
1945126022626996350,5,0,5,20,1,1768978652,2026-01-21 01:59:07
1835247598942507168,2,0,2,16,1,1768978652,2026-01-21 01:59:07
f42b3158-3f78-4a62-964a-8cc554d69c35,13,2,11,3,1,1768978652,2026-01-21 01:59:07
66db728c-0aca-11e7-82f6-3863bb44ef7c,10,9,1,47,1,1768978655,2026-01-21 01:59:07
1851947582840610924,5,1,4,15,1,1768978652,2026-01-21 01:59:07
66dc7802-0aca-11e7-82f6-3863bb44ef7c,15,12,3,37,1,1768978652,2026-01-21 01:59:07
1d440638-ec50-4ccb-9a82-0e3247a87c63,37,13,24,2,1,1768978655,2026-01-21 01:59:07
66dbcb2f-0aca-11e7-82f6-3863bb44ef7c,30,30,0,26,1,1768978651,2026-01-21 01:59:07
66de077f-0aca-11e7-82f6-3863bb44ef7c,13,10,3,43,1,1768978662,2026-01-21 01:59:07
66dc7c31-0aca-11e7-82f6-3863bb44ef7c,36,26,10,4,1,1768978662,2026-01-21 01:59:07
2123938400844950144,4,1,3,12,1,1768978662,2026-01-21 01:59:07
b7af52d2-fd23-4970-8513-be7c681480c4,48,37,11,7,1,1768978662,2026-01-21 01:59:07
7e70b65e-00c1-40d5-984d-17232a4ee05e,41,27,14,3,1,1768978663,2026-01-21 01:59:07
0e405c35-322f-4705-8ea7-769eb3fd028a,6,1,5,11,1,1768978664,2026-01-21 01:59:07
13b82a41-c25b-428f-a07b-5f5d8340c6f2,6,5,1,12,1,1768978664,2026-01-21 01:59:07
70634bc4-4d90-42d4-8f6a-3f29fa8f7f77,7,3,4,27,1,1768978665,2026-01-21 01:59:07
89ff4db3-8a29-4565-a366-6fea4b3afc39,13,4,9,6,1,1768978665,2026-01-21 01:59:07
1a92d2d3-ddf1-4f34-b28c-ce7a064b9a3e,9,3,6,11,1,1768978665,2026-01-21 01:59:07
18b19467-28ac-4496-b3e4-f6028b1c5105,26,22,5,1,1,1768978661,2026-01-21 01:59:07
3a51a25f-3e9b-4aea-84ee-39e9a3acc7fd,11,1,10,12,1,1768978661,2026-01-21 01:59:07
4cfd4097-0aee-4f11-9aea-55f99397bf33,8,7,1,10,1,1768978662,2026-01-21 01:59:07
bcd3ee0f-21d7-4cc8-ac45-ccea48b6fc1b,10,6,4,12,1,1768978666,2026-01-21 01:59:07
b53b5e8f-9503-48d1-b3e3-9347ecef38e2,0,0,0,33,1,1768978667,2026-01-21 01:59:07
bb58e953-4953-4fbe-9ef2-367488dfef9b,7,7,0,15,1,1768978667,2026-01-21 01:59:07
186092d1-a431-45db-8198-d5ba13334d79,16,3,13,4,1,1768978667,2026-01-21 01:59:07
28a2436d-a52b-4fa4-874c-e096012a926d,15,15,0,1,1,1768978667,2026-01-21 01:59:07
5782a158-b596-4936-a451-32ccc131a57d,4,2,2,15,1,1768978667,2026-01-21 01:59:07
2126624118513887578,9,5,4,5,1,1768978665,2026-01-21 01:59:07
1817803079955479336,13,3,10,8,1,1768978667,2026-01-21 01:59:07
66db90f1-0aca-11e7-82f6-3863bb44ef7c,31,28,3,30,1,1768978667,2026-01-21 01:59:07
66dcecfa-0aca-11e7-82f6-3863bb44ef7c,11,10,1,19,1,1768978664,2026-01-21 01:59:07
eab2749b-2f79-4797-a0a6-0579b27e6929,16,1,15,22,1,1768978663,2026-01-21 01:59:07
2126965369631090816,8,3,5,7,1,1768978664,2026-01-21 01:59:07
1dba415a-2c46-419e-838d-7e068b8d7d6f,9,0,9,12,1,1768978665,2026-01-21 01:59:07
ee70b21e-4a95-4bdf-802c-50f83a76971d,6,4,2,19,1,1768978662,2026-01-21 01:59:07
2ec2f95c-675c-4c59-856f-1fb38df59fa2,1,1,0,17,1,1768978666,2026-01-21 01:59:07
6cb5fac5-f7e8-4ec9-94cf-816771d91ecd,22,3,19,5,1,1768978637,2026-01-21 01:59:07
b43ecf62-4c9d-4b06-ac9a-5837084f769f,0,0,0,21,1,1768978638,2026-01-21 01:59:07
7155b0a6-2545-4b02-ae8c-9c0c4220f8c3,4,3,1,16,1,1768978638,2026-01-21 01:59:07
606c7384-75e9-4988-858a-07b88b3a9413,23,3,20,15,1,1768978638,2026-01-21 01:59:07
7d41ac98-df88-497a-aef9-968660e6da0f,10,9,1,25,1,1768978631,2026-01-21 01:59:07
c7dbc7b5-240b-494d-8663-dbee4103a20c,12,1,11,7,1,1768978631,2026-01-21 01:59:07
3ac37967-e174-421a-bfeb-d02249fb1266,4,2,2,19,1,1768978631,2026-01-21 01:59:07
b16e9f3f-9b07-486f-a1ca-c76030f5ea64,9,2,7,11,1,1768978632,2026-01-21 01:59:07
66dc2606-0aca-11e7-82f6-3863bb44ef7c,72,33,39,4,1,1768978632,2026-01-21 01:59:07
66dd9dba-0aca-11e7-82f6-3863bb44ef7c,32,23,9,13,1,1768978630,2026-01-21 01:59:07
fc5ee04d-710b-45ba-aae0-303b8e95ea89,6,3,3,13,1,1768978630,2026-01-21 01:59:07
66dcc920-0aca-11e7-82f6-3863bb44ef7c,3,1,2,15,1,1768978630,2026-01-21 01:59:07
1913990214925537808,31,14,17,3,1,1768978630,2026-01-21 01:59:07
66dbf140-0aca-11e7-82f6-3863bb44ef7c,83,61,22,0,1,1768978631,2026-01-21 01:59:07
1856767203049599002,12,2,10,8,1,1768978634,2026-01-21 01:59:07
116dbc02-a3c1-4b65-9f73-2a09a2aa1379,56,15,41,24,1,1768978634,2026-01-21 01:59:07
4aa6bb27-b76b-444e-a3ce-6fb25b822494,6,0,6,13,1,1768978635,2026-01-21 01:59:07
7af717b9-99ce-4cce-94b4-b445a40537a1,20,0,20,1,1,1768978635,2026-01-21 01:59:07
66dd4f9b-0aca-11e7-82f6-3863bb44ef7c,17,7,10,18,1,1768978636,2026-01-21 01:59:07
699d3378-6ea8-465f-888b-c49c60089ce8,1,0,1,17,1,1768978636,2026-01-21 01:59:07
f8c1c90f-4ec0-44bd-b097-cfafc887744d,49,14,35,3,1,1768978633,2026-01-21 01:59:07
1861682182353914188,11,1,10,8,1,1768978634,2026-01-21 01:59:07
66dbf362-0aca-11e7-82f6-3863bb44ef7c,31,3,28,11,1,1768978632,2026-01-21 01:59:07
f0115d11-c678-4274-8bb7-d486dbb63361,15,2,13,2,1,1768978632,2026-01-21 01:59:07
cb4926e6-0a79-4902-80ee-d365fbf42aec,1,1,0,20,1,1768978633,2026-01-21 01:59:07
0e8bfd72-c494-4d3e-85e2-4f98b801fe3b,6,2,4,13,1,1768978637,2026-01-21 01:59:07
fcb1c3a3-04b6-45cf-bc9a-deb71198804e,1,1,0,16,1,1768978637,2026-01-21 01:59:07
1963272613486484230,66,51,15,3,1,1768978635,2026-01-21 01:59:07
ff1e98d3-ae7d-4c53-a531-1845bee1d346,4,4,0,32,1,1768978635,2026-01-21 01:59:07
1960021358478625244,27,17,10,46,1,1768978638,2026-01-21 01:59:07
1838999304404452058,16,1,15,4,1,1768978640,2026-01-21 01:59:07
034f7f3d-e632-475a-aa01-894480d153df,8,5,3,11,1,1768978640,2026-01-21 01:59:07
1786686999403592506,27,20,7,2,1,1768978640,2026-01-21 01:59:07
2527619f-ef89-425c-bf3b-60cc0ec519bf,37,13,24,19,1,1768978640,2026-01-21 01:59:07
c3b255d8-b690-4825-b1e9-a1d1680e5542,9,2,7,10,1,1768978640,2026-01-21 01:59:07
4bc6f4d0-edd5-4eb0-a704-f7ce0d693aac,0,0,0,21,1,1768978640,2026-01-21 01:59:07
8066575c-f8e9-4e14-95ea-8d25ceeae2ca,13,10,3,20,1,1768978640,2026-01-21 01:59:07
1960021056359127624,14,2,12,9,1,1768978640,2026-01-21 01:59:07
1828966747840428256,3,0,3,14,1,1768978640,2026-01-21 01:59:07
1828968082192898522,4,2,2,17,1,1768978638,2026-01-21 01:59:07
5a6218aa-c5b7-4436-93c1-dee7cb5322d9,11,3,8,13,1,1768978638,2026-01-21 01:59:07
06e5447e-35b8-45cb-b3bb-937791a6f8ae,13,1,12,6,1,1768978639,2026-01-21 01:59:07
ee1d39c5-47c8-4527-9456-3719c50b7be5,15,4,11,2,1,1768978641,2026-01-21 01:59:07
66de1a1f-0aca-11e7-82f6-3863bb44ef7c,10,8,2,24,1,1768978640,2026-01-21 01:59:07
66de4b0b-0aca-11e7-82f6-3863bb44ef7c,26,8,18,4,1,1768978641,2026-01-21 01:59:07
c9e76fa9-54e2-4161-9798-4787bf04217a,11,2,9,8,1,1768978642,2026-01-21 01:59:07
9b0c2c99-214f-4e15-b476-1626c03a9e4e,58,47,11,3,1,1768978642,2026-01-21 01:59:07
1797078913880883846,2,1,1,16,1,1768978643,2026-01-21 01:59:07
1857515306802639416,22,2,20,1,1,1768978642,2026-01-21 01:59:07
1817432346178415570,9,6,3,11,1,1768978643,2026-01-21 01:59:07
66dd2292-0aca-11e7-82f6-3863bb44ef7c,1,0,1,44,1,1768978643,2026-01-21 01:59:07
66dc4fb5-0aca-11e7-82f6-3863bb44ef7c,38,28,10,4,1,1768978644,2026-01-21 01:59:07
bdc116cd-4d63-4693-846c-ec5073314007,8,7,1,12,1,1768978641,2026-01-21 01:59:07
1860189075388547142,1,0,1,18,1,1768978642,2026-01-21 01:59:07
c4377169-c19e-47e1-90a4-c4e14bb41601,5,2,3,16,1,1768978643,2026-01-21 01:59:07
0e240143-2f86-4754-8345-4994750d99f1,13,3,10,5,1,1768978641,2026-01-21 01:59:07
60c5a043-1367-4a27-96ee-394ba60e2154,20,16,4,8,1,1768978659,2026-01-21 01:59:07
5d101095-011e-4541-ae64-bed8b52807b3,10,8,2,10,1,1768978660,2026-01-21 01:59:07
1828968327357059242,2,1,1,19,1,1768978660,2026-01-21 01:59:07
66db3583-0aca-11e7-82f6-3863bb44ef7c,54,37,17,8,1,1768978660,2026-01-21 01:59:07
8c2ed08f-1660-4db8-9168-4709427c23ed,10,3,7,7,1,1768978660,2026-01-21 01:59:07
039d4cc9-8560-4d22-88c3-20753c54a50f,11,1,10,13,1,1768978660,2026-01-21 01:59:07
66de4897-0aca-11e7-82f6-3863bb44ef7c,19,1,18,0,1,1768978660,2026-01-21 01:59:07
1791188268875152272,44,15,29,4,1,1768978660,2026-01-21 01:59:07
66dde703-0aca-11e7-82f6-3863bb44ef7c,21,14,7,7,1,1768978660,2026-01-21 01:59:07
1848242143834868452,14,1,13,2,1,1768978659,2026-01-21 01:59:07
1828966490867110420,10,2,8,8,1,1768978659,2026-01-21 01:59:07
814dd1a9-100c-4b1b-8110-6319bbd464e9,4,4,0,16,1,1768978659,2026-01-21 01:59:07
90fca941-2212-43bf-b104-ce32c4270d4d,1,1,0,18,1,1768978660,2026-01-21 01:59:07
1835246516012366338,8,3,5,12,1,1768978656,2026-01-21 01:59:07
0cb63737-64c9-42a9-9479-280d49ed015a,9,2,7,14,1,1768978656,2026-01-21 01:59:07
66dbc745-0aca-11e7-82f6-3863bb44ef7c,37,28,9,2,1,1768978656,2026-01-21 01:59:07
1828967499459705054,9,0,9,8,1,1768978656,2026-01-21 01:59:07
e0a9ed84-55f9-40f5-90fa-87db17d2f933,11,1,10,7,1,1768978654,2026-01-21 01:59:07
081d243e-d75e-4e2a-bdae-a990b2397532,9,5,4,13,1,1768978656,2026-01-21 01:59:07
3b530cff-dd26-4cfd-b570-a85fd53354fe,32,10,22,12,1,1768978657,2026-01-21 01:59:07
2126623405008140358,8,5,3,2,1,1768978657,2026-01-21 01:59:07
8dfff4bd-0f3c-43af-bc55-a63850f66c6b,8,1,7,9,1,1768978657,2026-01-21 01:59:07
9d56294e-61fc-4176-bb9c-4692f45bb374,16,3,13,6,1,1768978654,2026-01-21 01:59:07
1856767361963389606,17,0,17,0,1,1768978657,2026-01-21 01:59:07
971cddfa-695e-4b44-ba8b-26154ab4a83b,6,5,1,11,1,1768978657,2026-01-21 01:59:07
266c8621-fdea-4a7e-9d35-18ca1684d526,8,4,4,13,1,1768978659,2026-01-21 01:59:07
174bf571-e597-463d-84bc-611c4a13d85e,0,0,0,27,1,1768978657,2026-01-21 01:59:07
676b7b4d-b1c0-4c97-8ac3-5fe665e51108,0,0,0,23,1,1768978654,2026-01-21 01:59:07
66dc8382-0aca-11e7-82f6-3863bb44ef7c,14,12,2,63,1,1768978657,2026-01-21 01:59:07
d7c56fef-1bf9-4315-85af-8638c534b402,16,15,1,21,1,1768978658,2026-01-21 01:59:07
1862787688044743624,18,4,14,3,1,1768978670,2026-01-21 01:59:07
66dbefee-0aca-11e7-82f6-3863bb44ef7c,4,2,2,10,1,1768978671,2026-01-21 01:59:07
1815968345907104578,17,0,17,10,1,1768978671,2026-01-21 01:59:07
66db3898-0aca-11e7-82f6-3863bb44ef7c,11,9,2,20,1,1768978672,2026-01-21 01:59:07
7cd61426-ed98-434e-9235-56ed856fead6,12,7,5,9,1,1768978671,2026-01-21 01:59:07
bda1fab4-5065-42df-a8ff-514e6064ab6e,20,1,19,0,1,1768978672,2026-01-21 01:59:07
1856767555236917834,16,0,16,9,1,1768978673,2026-01-21 01:59:07
a7a175ff-8ffb-477c-a40b-6d47ce92305d,15,5,10,6,1,1768978673,2026-01-21 01:59:07
66db43b5-0aca-11e7-82f6-3863bb44ef7c,9,7,2,11,1,1768978673,2026-01-21 01:59:07
66dc42a0-0aca-11e7-82f6-3863bb44ef7c,20,12,8,5,1,1768978674,2026-01-21 01:59:07
66dca5f3-0aca-11e7-82f6-3863bb44ef7c,8,5,3,38,1,1768978673,2026-01-21 01:59:07
66dc11a7-0aca-11e7-82f6-3863bb44ef7c,78,56,22,5,1,1768978669,2026-01-21 01:59:07
d4c34830-972f-4cd1-81bb-071df209d065,4,2,2,13,1,1768978670,2026-01-21 01:59:07
1885440410432338078,1,0,1,21,1,1768978670,2026-01-21 01:59:07
72719900-dd61-40bd-9f4a-40d70c47590c,9,5,4,18,1,1768978670,2026-01-21 01:59:07
66dc4334-0aca-11e7-82f6-3863bb44ef7c,24,17,7,0,1,1768978672,2026-01-21 01:59:07
66db5d92-0aca-11e7-82f6-3863bb44ef7c,17,13,4,2,1,1768978672,2026-01-21 01:59:07
f47e1ce9-ff3f-49e9-9a2f-aa5be45d70da,11,1,10,11,1,1768978672,2026-01-21 01:59:07
23539f3b-fb83-4f34-b8b8-9f1f37b5e646,17,2,15,18,1,1768978672,2026-01-21 01:59:07
36aaebb9-ef10-41a5-b20b-753bf8a3fed8,2,1,1,15,1,1768978672,2026-01-21 01:59:07
1864605926072998676,4,3,1,14,1,1768978672,2026-01-21 01:59:07
1891277309535701686,1,1,0,22,1,1768978672,2026-01-21 01:59:07
2ad41c1f-5636-4a63-ad52-761e2613061a,0,0,0,19,1,1768978672,2026-01-21 01:59:07
66de4336-0aca-11e7-82f6-3863bb44ef7c,20,3,17,12,1,1768978669,2026-01-21 01:59:07
2126621627432855870,7,0,7,3,1,1768978669,2026-01-21 01:59:07
1786696780996714874,16,7,9,12,1,1768978668,2026-01-21 01:59:07
66db3816-0aca-11e7-82f6-3863bb44ef7c,35,11,24,5,1,1768978668,2026-01-21 01:59:07
c8197f4b-02b0-4cc3-96af-df5fec27a279,2,1,1,13,1,1768978668,2026-01-21 01:59:07
1808184356986544410,8,4,4,22,1,1768978668,2026-01-21 01:59:07
941ea42c-47fe-4d63-a6f5-e0e200f01633,8,4,4,9,1,1768978668,2026-01-21 01:59:07
6dec8948-44c7-4085-9682-446a891feb42,15,1,14,1,1,1768978670,2026-01-21 01:59:07
2fe3e166-2d2f-41c8-b522-fdf8ee3ae16f,7,4,3,12,1,1768978673,2026-01-21 01:59:07
1849010295160437584,15,7,8,0,1,1768978673,2026-01-21 01:59:07
7b56cbab-9d93-4043-bfa5-63eb6b3e5281,12,5,7,5,1,1768978674,2026-01-21 01:59:07
014a931b-8e1c-438a-8a22-f267ddd1e0d2,30,7,23,13,1,1768978674,2026-01-21 01:59:07
66dcc44a-0aca-11e7-82f6-3863bb44ef7c,7,5,2,10,1,1768978674,2026-01-21 01:59:07
2124037510131026812,20,12,8,1,1,1768978674,2026-01-21 01:59:07
cda60c6d-80f3-41b7-8ece-fe997f6dafb5,1,0,1,20,1,1768978674,2026-01-21 01:59:07
89d4a926-f1ae-4bf2-bf2d-59cff3881579,72,7,65,2,1,1768978675,2026-01-21 01:59:07
2124425954553309758,11,7,4,1,1,1768978569,2026-01-21 01:59:07
26599393-b967-44a6-a998-cb72ca53cd9e,1,0,1,19,1,1768978675,2026-01-21 01:59:07
66dbf215-0aca-11e7-82f6-3863bb44ef7c,20,3,17,25,1,1768978675,2026-01-21 01:59:07
1835244925191295588,3,3,0,18,1,1768978675,2026-01-21 01:59:07
7e36cd9b-b271-42e5-b344-b7a3771c795e,17,0,17,25,1,1768978676,2026-01-21 01:59:07
1849009794224623642,16,0,16,0,1,1768978677,2026-01-21 01:59:07
7c42f9fc-d280-4841-ad96-e3cc53ee3759,15,3,12,7,1,1768978677,2026-01-21 01:59:07
6ff2eec8-2b72-490a-b1c3-f9892ab3a724,23,15,9,23,1,1768978678,2026-01-21 01:59:07
66db5f40-0aca-11e7-82f6-3863bb44ef7c,35,28,7,4,1,1768978678,2026-01-21 01:59:07
a7c09fde-76e8-4a56-b61d-8ca940432efd,1,1,0,22,1,1768978678,2026-01-21 01:59:07
537a2f47-26a3-4776-ba9d-e2acd2ffbee1,3,0,3,4,1,1768978379,2026-01-21 01:59:07
2108372562172578194,18,17,1,0,1,1768978501,2026-01-21 01:59:07
6107e75a-2493-4e3d-a3e0-d4886d3416e5,11,2,9,2,1,1768978562,2026-01-21 01:59:07
66dd6721-0aca-11e7-82f6-3863bb44ef7c,6,2,4,12,1,1768978592,2026-01-21 01:59:07
1839334257267825432,9,1,8,3,1,1768978603,2026-01-21 01:59:07
4a48175b-c239-4d5e-b1b8-03eda4239678,15,1,14,14,1,1768978619,2026-01-21 01:59:07
f417d8da-0f15-49b0-9e3c-3c3e55c2691d,16,7,9,5,1,1768978627,2026-01-21 01:59:07
66ddda59-0aca-11e7-82f6-3863bb44ef7c,5,2,3,9,1,1768978636,2026-01-21 01:59:07
66dd5e69-0aca-11e7-82f6-3863bb44ef7c,8,0,8,10,1,1768978637,2026-01-21 01:59:07
e163ce54-4c39-43c5-9831-e10a2603527d,19,4,15,2,1,1768978635,2026-01-21 01:59:07
2116636101124803154,10,0,10,4,1,1768978651,2026-01-21 01:59:07
66dd8479-0aca-11e7-82f6-3863bb44ef7c,15,7,8,7,1,1768978656,2026-01-21 01:59:07
3d1db3fa-1df5-46c8-baf3-619b729f5bda,10,8,2,8,1,1768978661,2026-01-21 01:59:07
681a8bdb-65ff-4078-a5de-74927502da4e,10,5,5,7,1,1768978661,2026-01-21 01:59:07
d09709d2-e119-48c4-aa22-29432a13a35a,9,6,3,4,1,1768978668,2026-01-21 01:59:07
2116635307734817684,5,3,2,9,1,1768978670,2026-01-21 01:59:07
2de92329-48d0-4cf7-85df-172f91bbb320,16,12,4,13,1,1768978667,2026-01-21 01:59:07
66dd5960-0aca-11e7-82f6-3863bb44ef7c,5,1,4,17,1,1768978665,2026-01-21 01:59:07
2116635993049651742,4,1,3,8,1,1768978674,2026-01-21 01:59:07
7478be11-37d8-49b1-a253-f0810045f6ff,0,0,0,15,0,1768784629,2026-01-21 01:59:07
0bb12c94-efdb-40ac-98fe-9521ba373b57,3,0,3,26,1,1768978582,2026-01-21 01:59:07
21c4a77d-b1ae-4262-b143-087fd14a07b8,12,6,6,5,1,1768978577,2026-01-21 01:59:07
2036428272250118978,12,7,5,7,1,1768978580,2026-01-21 01:59:07
66dd8043-0aca-11e7-82f6-3863bb44ef7c,7,6,1,10,1,1768978589,2026-01-21 01:59:07
f841ae52-0bbb-49db-b6eb-f898fbce6108,8,7,1,10,1,1768978600,2026-01-21 01:59:07
c32d6965-4fae-4f1f-a5f2-7f2ef5f439fc,10,5,5,10,1,1768978603,2026-01-21 01:59:07
66dd83fc-0aca-11e7-82f6-3863bb44ef7c,14,3,11,8,1,1768978618,2026-01-21 01:59:07
66dddae7-0aca-11e7-82f6-3863bb44ef7c,5,3,2,13,1,1768978623,2026-01-21 01:59:07
3742e2ab-6cd0-40cf-846a-72cbe637afe1,13,5,8,17,1,1768978625,2026-01-21 01:59:07
66ddde40-0aca-11e7-82f6-3863bb44ef7c,0,0,0,10,0,1768912025,2026-01-21 01:59:07
a59f4f11-5d52-43a2-8a32-ae71137a6af8,0,0,0,6,0,1768903723,2026-01-21 01:59:07
66dd650d-0aca-11e7-82f6-3863bb44ef7c,11,8,3,3,1,1768978561,2026-01-21 01:59:07
ded4386f-9f69-43c6-a566-4511920c3e39,11,3,8,11,1,1768978562,2026-01-21 01:59:07
66dd7cab-0aca-11e7-82f6-3863bb44ef7c,7,3,4,14,1,1768978570,2026-01-21 01:59:07
66dd9183-0aca-11e7-82f6-3863bb44ef7c,3,2,1,9,1,1768978568,2026-01-21 01:59:07
66dd836d-0aca-11e7-82f6-3863bb44ef7c,9,2,7,13,1,1768978637,2026-01-21 01:59:07
43318169-d1ae-4a1a-9578-23cfa3fdbac9,9,5,4,11,1,1768978635,2026-01-21 01:59:07
915057d4-edbc-4c73-8d81-dda33d600d58,13,5,8,5,1,1768978659,2026-01-21 01:59:07
66dddc98-0aca-11e7-82f6-3863bb44ef7c,17,9,8,8,1,1768978660,2026-01-21 01:59:07
e2c00264-9eea-446d-a1b7-27cef3aed403,7,5,2,6,1,1768978670,2026-01-21 01:59:07
2108372790290481846,3,3,0,11,1,1768978676,2026-01-21 01:59:07
66ddded0-0aca-11e7-82f6-3863bb44ef7c,11,8,3,3,1,1768978671,2026-01-21 01:59:07
823c0615-2832-4e76-85f0-7cf527151aba,0,0,0,0,0,86400,2026-01-21 01:59:07
dd8b2f53-8b94-4082-9576-994a4962f9d5,0,0,0,10,0,1768974459,2026-01-21 01:59:07
fadf00cf-d84a-49e8-9607-c67154915412,0,0,0,5,0,1768958775,2026-01-21 01:59:07
66ddd78e-0aca-11e7-82f6-3863bb44ef7c,0,0,0,6,0,1768866796,2026-01-21 01:59:07
1ec24ce3-2b69-4f3a-a153-c73e583d11f3,2,1,1,16,1,1768978573,2026-01-21 01:59:07
5f798c51-5d8b-4add-9f81-341f54a82ffa,11,3,8,5,1,1768978590,2026-01-21 01:59:07
8ae0bf30-9979-461e-a947-2dd89f293b40,9,2,7,3,1,1768978585,2026-01-21 01:59:07
33a797e8-6be2-4868-b9f6-1be157eaa0a5,2,2,0,17,1,1768978609,2026-01-21 01:59:07
66dd58f2-0aca-11e7-82f6-3863bb44ef7c,4,0,4,9,1,1768978611,2026-01-21 01:59:07
2116635417524034072,5,5,0,7,1,1768978619,2026-01-21 01:59:07
66dd630c-0aca-11e7-82f6-3863bb44ef7c,15,9,6,3,1,1768978643,2026-01-21 01:59:07
2157737368545384190,2,2,0,14,1,1768978641,2026-01-21 01:59:07
655b0878-c22b-4f8c-8675-21bf30d1eebf,9,2,7,6,1,1768978645,2026-01-21 01:59:07
2116635185595800086,9,6,3,2,1,1768978634,2026-01-21 01:59:07
2108373096850688302,0,0,0,14,1,1768978637,2026-01-21 01:59:07
ccfa1f8f-f930-45f2-9cda-375c01596ca2,1,1,0,17,1,1768978652,2026-01-21 01:59:07
66dd5f99-0aca-11e7-82f6-3863bb44ef7c,14,4,10,3,1,1768978655,2026-01-21 01:59:07
2116635868495600156,4,2,2,9,1,1768978469,2026-01-21 01:59:07
2108372139456801688,14,5,9,4,1,1768978625,2026-01-21 01:59:07
2290031f-e7d8-40a3-9ad6-566df493bbbc,9,1,8,31,1,1768978649,2026-01-21 01:59:07
2058728861810389252,7,0,7,14,1,1768978647,2026-01-21 01:59:07
1849747691035224144,11,4,7,3,1,1768978663,2026-01-21 01:59:07
22cd02a2-228f-4eeb-b249-cbea51a0e219,9,5,4,9,1,1768978665,2026-01-21 01:59:07
66dd7f10-0aca-11e7-82f6-3863bb44ef7c,11,7,4,14,1,1768978667,2026-01-21 01:59:07
66dd63de-0aca-11e7-82f6-3863bb44ef7c,13,9,4,3,1,1768978677,2026-01-21 01:59:07
66ddd81a-0aca-11e7-82f6-3863bb44ef7c,0,0,0,8,0,1768877727,2026-01-21 01:59:07
2165507807810224012,1,1,0,8,1,1768978578,2026-01-21 01:59:07
4aecd6f2-8a84-4bed-a528-dc6870877292,6,6,0,12,1,1768978642,2026-01-21 01:59:07
66dd7fe2-0aca-11e7-82f6-3863bb44ef7c,9,2,7,13,1,1768978642,2026-01-21 01:59:07
66dd8b48-0aca-11e7-82f6-3863bb44ef7c,12,9,3,6,1,1768978615,2026-01-21 01:59:07
66dddf5f-0aca-11e7-82f6-3863bb44ef7c,1,1,0,12,1,1768978629,2026-01-21 01:59:07
2157736614125310040,6,4,2,10,1,1768978638,2026-01-21 01:59:07
1844599666569400604,12,0,12,11,1,1768978673,2026-01-21 01:59:07
2158919319277979600,8,5,3,5,1,1768978653,2026-01-21 01:59:07
66dd6000-0aca-11e7-82f6-3863bb44ef7c,13,10,3,8,1,1768978675,2026-01-21 01:59:07
3371df76-39db-43ab-b3d6-fac0be55311f,11,5,6,3,1,1768978672,2026-01-21 01:59:07
66dd6441-0aca-11e7-82f6-3863bb44ef7c,10,4,6,4,1,1768978607,2026-01-21 01:59:07
2108372029596633484,6,2,4,6,1,1768978612,2026-01-21 01:59:07
66dd80ac-0aca-11e7-82f6-3863bb44ef7c,6,1,5,14,1,1768978632,2026-01-21 01:59:07
66dd7b37-0aca-11e7-82f6-3863bb44ef7c,15,9,6,10,1,1768978648,2026-01-21 01:59:07
2108373197827738014,13,6,7,8,1,1768978663,2026-01-21 01:59:07
2116885281736356212,5,2,3,7,1,1768978680,2026-01-21 01:59:07
66ddd8a8-0aca-11e7-82f6-3863bb44ef7c,0,0,0,7,0,1768950829,2026-01-21 01:59:07
66dddc08-0aca-11e7-82f6-3863bb44ef7c,0,0,0,1,0,1768955549,2026-01-21 01:59:07
46813ecf-8df4-4c8f-9579-0179e0b36ba6,0,0,0,5,0,1768950007,2026-01-21 01:59:07
66dddd28-0aca-11e7-82f6-3863bb44ef7c,0,0,0,9,0,1768952668,2026-01-21 01:59:07
2088688422524183306,5,0,5,32,1,1768978590,2026-01-21 01:59:07
519824e4-69ba-4270-a395-17c204f328f8,3,1,2,17,1,1768978586,2026-01-21 01:59:07
5faf99b8-9046-450f-9d2a-d13279b3d016,11,5,6,17,1,1768978597,2026-01-21 01:59:07
2108372903577159978,5,4,1,9,1,1768978602,2026-01-21 01:59:07
9d344652-976b-4c2d-bede-2ef19b0fbf13,12,6,6,5,1,1768978563,2026-01-21 01:59:07
66ddd93e-0aca-11e7-82f6-3863bb44ef7c,12,4,8,1,1,1768978581,2026-01-21 01:59:07
bd6f422b-d7ae-4d7e-9261-653fdd8e6888,25,16,9,0,1,1768978580,2026-01-21 01:59:07
5aa81a37-ea1d-4bf6-ab40-4751c6b4fb08,8,7,1,8,1,1768978614,2026-01-21 01:59:07
2116634708854430228,9,1,8,9,1,1768978622,2026-01-21 01:59:07
cbc48689-7805-49dd-9669-5471f4b7b6fb,1,1,0,21,1,1768978629,2026-01-21 01:59:07
66dd5a42-0aca-11e7-82f6-3863bb44ef7c,16,14,2,6,1,1768978651,2026-01-21 01:59:07
2108373961268485100,5,1,4,9,1,1768978647,2026-01-21 01:59:07
2116635527663355916,0,0,0,11,1,1768978654,2026-01-21 01:59:07
66dd5f24-0aca-11e7-82f6-3863bb44ef7c,13,6,7,9,1,1768978663,2026-01-21 01:59:07
66ddddb4-0aca-11e7-82f6-3863bb44ef7c,7,5,2,7,1,1768978633,2026-01-21 01:59:07
2108372356498784942,8,2,6,1,1,1768978639,2026-01-21 01:59:07
b6a13f2b-deb4-4f4d-9d67-7d23bee27c88,5,1,4,9,1,1768978657,2026-01-21 01:59:07
581211b2-4e42-48f2-8a8f-5f968cb1c5df,1,0,1,27,1,1768978671,2026-01-21 01:59:07
2116636221383887448,15,0,15,3,1,1768978602,2026-01-21 01:59:07
41495491-5d89-4e14-aab9-c3db04aad399,0,0,0,0,0,86400,2026-01-21 02:29:22
1905837242740508940,0,0,0,0,0,86400,2026-01-21 02:29:22
b9720921-8170-43ea-a5ae-b61b9161eb49,0,0,0,0,0,86400,2026-01-21 02:29:22
2171903488884523500,0,0,0,0,0,86400,2026-01-21 02:29:22
2171903608969565866,0,0,0,0,0,86400,2026-01-21 02:29:22
2171904223419888148,0,0,0,0,0,86400,2026-01-21 02:29:22
498d7e8e-5164-4f26-9ce6-399947d73b1a,0,0,0,3,0,1768935415,2026-01-21 02:29:22
f62526d4-9c6a-4c76-be76-c64b5be669d2,6,4,2,15,1,1768980302,2026-01-21 02:29:22
96e72113-3681-4d19-88bb-032e76720093,0,0,0,0,0,1768933579,2026-01-21 02:29:22
cc5f0e68-dd5f-4db1-81c7-04a4d6674fba,12,0,12,5,1,1768980301,2026-01-21 02:29:22
c190f78c-77ad-469e-aecc-e2af7bb6d92a,20,3,17,2,1,1768980277,2026-01-21 02:29:22
66dcc37f-0aca-11e7-82f6-3863bb44ef7c,0,0,0,17,0,1768962238,2026-01-21 02:29:22
66dde103-0aca-11e7-82f6-3863bb44ef7c,0,0,0,4,0,1768943264,2026-01-21 02:29:22
bc9c9006-3d40-400d-8b5c-17f56e6dfcee,3,1,2,23,1,1768980359,2026-01-21 02:29:22
66db93a1-0aca-11e7-82f6-3863bb44ef7c,18,13,5,18,1,1768980359,2026-01-21 02:29:22
7d5fa1f0-4069-4d5d-b735-5d500597394a,44,24,20,7,1,1768980360,2026-01-21 02:29:22
18eccc71-66be-4e4c-8335-095a9bf0df94,0,0,0,0,0,1768980360,2026-01-21 02:29:22
6969d756-33a6-4a0b-83d0-3db38bc382d1,26,1,25,3,1,1768980361,2026-01-21 02:29:22
1799624430022654108,18,2,16,3,1,1768980360,2026-01-21 02:29:22
66db9e99-0aca-11e7-82f6-3863bb44ef7c,7,6,1,10,1,1768980363,2026-01-21 02:29:22
ba33c334-e17d-4478-ae3c-9c2f4dbfbb51,6,3,3,10,1,1768980363,2026-01-21 02:29:22
19d17911-1e4a-41fa-b62b-719aa0a6182e,32,18,14,5,1,1768980363,2026-01-21 02:29:22
44c23eaa-7ddf-40b3-8373-6f3880c5e1b1,3,2,1,15,1,1768980364,2026-01-21 02:29:22
8caf71df-76c3-43fb-be98-d555d2291460,1,0,1,25,1,1768980361,2026-01-21 02:29:22
18415ea7-efce-408d-bcb9-4693fb088dda,32,21,11,0,1,1768980362,2026-01-21 02:29:22
66dea7b5-0aca-11e7-82f6-3863bb44ef7c,4,0,4,36,1,1768980362,2026-01-21 02:29:22
59af018a-2ee9-489a-b445-bb6fba9c1119,8,4,4,8,1,1768980362,2026-01-21 02:29:22
7a6fc75f-a605-4dd6-b567-b2bbbfb862f3,16,15,1,1,1,1768980365,2026-01-21 02:29:22
c606bae0-889c-47c3-8202-9463ef147655,17,3,14,6,1,1768980364,2026-01-21 02:29:22
1dacb0f6-29f5-4d1b-b910-92ffa5b4ca5d,11,8,3,29,1,1768980367,2026-01-21 02:29:22
2124425439157234232,2,1,1,11,1,1768980367,2026-01-21 02:29:22
1860188747953293684,6,0,6,10,1,1768980367,2026-01-21 02:29:22
64f0f28c-bedc-42d5-b107-ecdd48fc30cd,22,22,0,77,1,1768980365,2026-01-21 02:29:22
f681f980-185d-45b9-8490-bb2606624dd4,3,3,0,15,1,1768980366,2026-01-21 02:29:22
563389a0-d90f-4155-9c50-528459df26aa,2,1,1,23,1,1768980366,2026-01-21 02:29:22
6fab98b7-b06a-49d8-a4d1-087ffce0ebcf,0,0,0,16,1,1768980366,2026-01-21 02:29:22
66db447a-0aca-11e7-82f6-3863bb44ef7c,39,33,6,8,1,1768980370,2026-01-21 02:29:22
e35c42c6-8b73-4528-b08d-c94b75624b40,13,3,10,8,1,1768980371,2026-01-21 02:29:22
f8c242cd-da59-4f0e-afd6-832bbdd7d328,15,4,11,4,1,1768980372,2026-01-21 02:29:22
53ef19c6-eaa7-47f7-807e-f51b574b1be0,9,0,9,3,1,1768980368,2026-01-21 02:29:22
1859438049977968878,12,0,12,16,1,1768980368,2026-01-21 02:29:22
66dba303-0aca-11e7-82f6-3863bb44ef7c,4,0,4,9,1,1768980368,2026-01-21 02:29:22
1950648049868542106,10,6,4,15,1,1768980368,2026-01-21 02:29:22
b4f990dd-36bb-46b3-9eea-4b980bd43c2d,5,4,1,16,1,1768980370,2026-01-21 02:29:22
ed279ef2-52ee-4ff2-9a52-edd8137ea034,9,9,0,16,1,1768980369,2026-01-21 02:29:22
8d650b03-920d-4d44-a48f-8d9a1a0ba264,12,2,10,7,1,1768980372,2026-01-21 02:29:22
66dc17df-0aca-11e7-82f6-3863bb44ef7c,0,0,0,0,0,1768980371,2026-01-21 02:29:22
66de25bd-0aca-11e7-82f6-3863bb44ef7c,68,0,68,10,1,1768980372,2026-01-21 02:29:22
c4e9905f-457b-4be0-a878-2aa53fa0b09b,20,5,15,2,1,1768980372,2026-01-21 02:29:22
77e31650-e86a-4b06-b2de-b92df2a7a7f5,30,10,20,0,1,1768980372,2026-01-21 02:29:22
1786700154621508184,9,7,2,19,1,1768980375,2026-01-21 02:29:22
1848241684520917882,10,0,10,4,1,1768980375,2026-01-21 02:29:22
1840504138040045682,7,3,4,13,1,1768980376,2026-01-21 02:29:22
2124426307973079924,3,0,3,7,1,1768980376,2026-01-21 02:29:22
1822663031356509142,15,3,12,4,1,1768980375,2026-01-21 02:29:22
66dd17a5-0aca-11e7-82f6-3863bb44ef7c,23,9,14,26,1,1768980376,2026-01-21 02:29:22
66de6346-0aca-11e7-82f6-3863bb44ef7c,21,14,7,13,1,1768980373,2026-01-21 02:29:22
eb217a2c-1dd0-4690-a34e-ecc1a708f883,2,0,2,17,1,1768980374,2026-01-21 02:29:22
66db3687-0aca-11e7-82f6-3863bb44ef7c,26,17,9,8,1,1768980377,2026-01-21 02:29:22
66dd3d7f-0aca-11e7-82f6-3863bb44ef7c,6,2,4,29,1,1768980378,2026-01-21 02:29:22
1835250442210857240,20,2,18,0,1,1768980378,2026-01-21 02:29:22
66db9c2e-0aca-11e7-82f6-3863bb44ef7c,9,4,5,30,1,1768980379,2026-01-21 02:29:22
dccaeeb5-c53a-4f48-80e6-05675b71a8c8,11,2,9,17,1,1768980379,2026-01-21 02:29:22
1804892772559499512,32,6,26,0,1,1768980383,2026-01-21 02:29:22
c8c39d85-4ce7-46c5-b709-998067200780,0,0,0,22,1,1768980379,2026-01-21 02:29:22
372c592e-09d8-400c-9595-2aa3510f39b0,2,2,0,21,1,1768980379,2026-01-21 02:29:22
1862788202397235246,15,3,12,4,1,1768980381,2026-01-21 02:29:22
66de677e-0aca-11e7-82f6-3863bb44ef7c,19,11,8,7,1,1768980382,2026-01-21 02:29:22
1840540852548303628,2,2,0,14,1,1768980380,2026-01-21 02:29:22
4efda436-cd19-4ec3-acc7-1a622f723264,8,6,2,11,1,1768980380,2026-01-21 02:29:22
37a37e5b-f975-4f92-a897-dca8e4670631,14,10,4,4,1,1768980380,2026-01-21 02:29:22
66dbec40-0aca-11e7-82f6-3863bb44ef7c,23,9,14,29,1,1768980380,2026-01-21 02:29:22
d5cabb43-6c78-4022-964e-a8b02470509e,23,9,14,0,1,1768980380,2026-01-21 02:29:22
26b3a82b-3487-44c2-85f1-eddb5a8a3a9d,19,1,18,4,1,1768980384,2026-01-21 02:29:22
1871698223344654662,4,3,1,21,1,1768980384,2026-01-21 02:29:22
eb07bdfc-3a6f-40eb-96d2-0b92ac371619,2,0,2,17,1,1768980379,2026-01-21 02:29:22
765ee572-6c7a-4ed3-a2d4-f1496ea53996,22,3,19,1,1,1768980380,2026-01-21 02:29:22
59b747c1-fbfb-4a3d-9394-8d06834d7c98,18,9,9,1,1,1768980381,2026-01-21 02:29:22
1817432434869846072,10,2,8,10,1,1768980387,2026-01-21 02:29:22
d979131e-0b9f-4aa2-88c5-46d4ff94abc8,10,5,5,8,1,1768980387,2026-01-21 02:29:22
66de205d-0aca-11e7-82f6-3863bb44ef7c,10,9,1,14,1,1768980389,2026-01-21 02:29:22
66de1516-0aca-11e7-82f6-3863bb44ef7c,16,5,11,16,1,1768980389,2026-01-21 02:29:22
2c8b263e-952c-4941-a671-ef0ebb062632,14,0,14,6,1,1768980389,2026-01-21 02:29:22
493e046c-5d62-4772-90c4-b6a9f4afcd39,13,8,5,5,1,1768980385,2026-01-21 02:29:22
b4b5824b-3c23-44b7-92a3-cec6a54583a0,8,0,8,9,1,1768980388,2026-01-21 02:29:22
1846086362824884662,20,0,20,0,1,1768980386,2026-01-21 02:29:22
754ac5df-f2b5-4636-8c58-ed84ea262bde,2,2,0,18,1,1768980386,2026-01-21 02:29:22
8aad788d-c7eb-4fca-a426-c39f47741a6f,17,3,14,9,1,1768980385,2026-01-21 02:29:22
1815968237323833702,18,2,16,3,1,1768980392,2026-01-21 02:29:22
a45a712c-1e3d-4fee-bef8-adafafd80670,4,3,1,13,1,1768980392,2026-01-21 02:29:22
6b60bf55-3da4-439a-bde1-fc80be8623ba,0,0,0,22,1,1768980393,2026-01-21 02:29:22
b79c8433-9dd1-4d68-9156-7f2c2162bafe,15,13,2,13,1,1768980394,2026-01-21 02:29:22
66de19ab-0aca-11e7-82f6-3863bb44ef7c,12,12,0,18,1,1768980391,2026-01-21 02:29:22
2637fed8-1e2a-460b-83eb-3eb32ace0f4e,1,1,0,47,1,1768980391,2026-01-21 02:29:22
3d68a3fd-91da-49e8-9cd5-69b333863789,17,4,13,2,1,1768980390,2026-01-21 02:29:22
66ddec3e-0aca-11e7-82f6-3863bb44ef7c,14,11,3,7,1,1768980390,2026-01-21 02:29:22
f5393bc2-36d4-4508-bf51-fa48d121f751,25,17,8,1,1,1768980390,2026-01-21 02:29:22
66ddeaff-0aca-11e7-82f6-3863bb44ef7c,13,3,10,15,1,1768980392,2026-01-21 02:29:22
c638ec67-9ac0-416f-944f-619926144931,63,63,0,58,1,1768980398,2026-01-21 02:29:22
66dc3ab9-0aca-11e7-82f6-3863bb44ef7c,33,31,2,30,1,1768980398,2026-01-21 02:29:22
ec42fb3a-af54-46aa-a8b3-b17d72ed4475,18,9,9,0,1,1768980398,2026-01-21 02:29:22
5f63411c-91ce-4788-a567-d388cc812a15,7,1,6,22,1,1768980399,2026-01-21 02:29:22
1927314940904608224,12,4,8,13,1,1768980399,2026-01-21 02:29:22
901ad0c4-383e-490a-8b54-0656ce2358d6,9,0,9,10,1,1768980399,2026-01-21 02:29:22
55a4dc76-d839-4e06-9bf4-2f343391343c,8,6,2,11,1,1768980399,2026-01-21 02:29:22
b96507c5-7c90-499d-9c45-58f25d6f636a,1,1,0,19,1,1768980398,2026-01-21 02:29:22
2124381939991318658,12,11,1,3,1,1768980398,2026-01-21 02:29:22
f9ed9a6b-097e-48b9-a9d1-79d084dcd2d9,2,0,2,13,1,1768980398,2026-01-21 02:29:22
32cc1603-a4b5-4099-b7bf-681de451b04a,27,2,25,19,1,1768980394,2026-01-21 02:29:22
bbc3c1df-f7db-4f54-8d5c-b8f4269ecb48,16,12,4,3,1,1768980394,2026-01-21 02:29:22
20ff5447-eac3-43b7-820f-f6fa3a2e12a8,15,1,14,4,1,1768980395,2026-01-21 02:29:22
1bb1af93-b433-4da7-8054-009c85f7755a,4,1,3,14,1,1768980395,2026-01-21 02:29:22
66de2199-0aca-11e7-82f6-3863bb44ef7c,19,3,16,9,1,1768980399,2026-01-21 02:29:22
b442a648-e9f4-4893-951a-64d258bc0e55,18,12,6,9,1,1768980399,2026-01-21 02:29:22
66dbe571-0aca-11e7-82f6-3863bb44ef7c,45,34,11,14,1,1768980400,2026-01-21 02:29:22
66de43a5-0aca-11e7-82f6-3863bb44ef7c,10,4,6,11,1,1768980395,2026-01-21 02:29:22
06439006-11b6-44f0-8545-c9d39035f32a,72,63,9,0,1,1768980396,2026-01-21 02:29:22
ad57266c-34da-43da-8b48-2ba856002fbf,0,0,0,26,1,1768980396,2026-01-21 02:29:22
1814548067447122618,31,20,11,0,1,1768980396,2026-01-21 02:29:22
d45b62b9-7d6b-43b2-bf1e-2c898c55dfd2,11,7,4,7,1,1768980396,2026-01-21 02:29:22
292ad4f3-9fb0-44ec-9e61-613c711f73c1,7,1,6,12,1,1768980397,2026-01-21 02:29:22
66dc81ce-0aca-11e7-82f6-3863bb44ef7c,13,5,8,59,1,1768980397,2026-01-21 02:29:22
2546c9b9-5b1a-4e9f-a9cc-f8b986b79748,20,9,11,2,1,1768980400,2026-01-21 02:29:22
66dc686c-0aca-11e7-82f6-3863bb44ef7c,64,53,11,29,1,1768980395,2026-01-21 02:29:22
66db76a1-0aca-11e7-82f6-3863bb44ef7c,22,17,5,70,1,1768980395,2026-01-21 02:29:22
0687075b-cf2d-4130-a859-fe841aafbd3f,21,4,17,3,1,1768980403,2026-01-21 02:29:22
66dcbac5-0aca-11e7-82f6-3863bb44ef7c,7,3,4,11,1,1768980403,2026-01-21 02:29:22
1828965172312150882,14,2,12,7,1,1768980404,2026-01-21 02:29:22
6476c5fd-611e-436c-9736-e0f43bb7774e,15,1,14,3,1,1768980403,2026-01-21 02:29:22
66db277a-0aca-11e7-82f6-3863bb44ef7c,14,1,13,11,1,1768980405,2026-01-21 02:29:22
2137775326353803668,12,3,9,1,1,1768980405,2026-01-21 02:29:22
1828967979464708718,6,4,2,17,1,1768980400,2026-01-21 02:29:22
2104286315955915532,20,15,5,44,1,1768980401,2026-01-21 02:29:22
66dc292c-0aca-11e7-82f6-3863bb44ef7c,34,23,11,17,1,1768980401,2026-01-21 02:29:22
16e70b05-5b73-4930-9dcf-f79e5ce9eaf5,12,1,11,10,1,1768980401,2026-01-21 02:29:22
3e1bdcec-e762-4e83-b447-007f05923cce,12,10,2,10,1,1768980402,2026-01-21 02:29:22
191d5d54-de64-4312-99c7-eee141efa4ef,2,1,1,20,1,1768980402,2026-01-21 02:29:22
1d3a8670-09b3-4127-b750-af5311e565f0,9,0,9,10,1,1768980402,2026-01-21 02:29:22
66dc8db1-0aca-11e7-82f6-3863bb44ef7c,46,0,46,8,1,1768980400,2026-01-21 02:29:22
053312f2-e77e-4674-b28b-ad357fbcb4ee,28,14,14,34,1,1768980401,2026-01-21 02:29:22
66de2274-0aca-11e7-82f6-3863bb44ef7c,22,12,10,0,1,1768980402,2026-01-21 02:29:22
5526b855-dc09-4159-a20a-99651861a481,4,3,1,18,1,1768980410,2026-01-21 02:29:22
2124037125711300644,22,14,8,1,1,1768980410,2026-01-21 02:29:22
bf880f45-422c-4e0b-b3b0-2b1f5ba94da4,4,2,2,14,1,1768980410,2026-01-21 02:29:22
66dd1d0f-0aca-11e7-82f6-3863bb44ef7c,26,12,14,1,1,1768980411,2026-01-21 02:29:22
1b038e21-e199-4c47-bef0-f4bcdc06b73b,39,35,4,0,1,1768980410,2026-01-21 02:29:22
66dbef15-0aca-11e7-82f6-3863bb44ef7c,49,15,34,1,1,1768980411,2026-01-21 02:29:22
66de71af-0aca-11e7-82f6-3863bb44ef7c,22,11,10,14,1,1768980411,2026-01-21 02:29:22
66dd217d-0aca-11e7-82f6-3863bb44ef7c,27,21,6,0,1,1768980409,2026-01-21 02:29:22
1835246658344669972,1,1,0,18,1,1768980409,2026-01-21 02:29:22
1851254468343716806,19,2,17,1,1,1768980409,2026-01-21 02:29:22
66de1fe7-0aca-11e7-82f6-3863bb44ef7c,10,3,7,15,1,1768980409,2026-01-21 02:29:22
66db2a71-0aca-11e7-82f6-3863bb44ef7c,25,4,21,18,1,1768980410,2026-01-21 02:29:22
42c3bb6e-0478-4e4a-af10-151f5f4dffb9,16,3,13,1,1,1768980410,2026-01-21 02:29:22
d2b23c87-b7c3-48c2-a634-db4b76ecbcf7,5,0,5,14,1,1768980410,2026-01-21 02:29:22
481624f3-9377-4dfd-a5dd-de05a7fef760,3,0,3,16,1,1768980406,2026-01-21 02:29:22
1814906692908349788,9,0,9,12,1,1768980406,2026-01-21 02:29:22
4e747443-d481-4aea-a6d1-cf20204af4ba,13,1,12,7,1,1768980407,2026-01-21 02:29:22
2124036103510616644,5,0,5,6,1,1768980408,2026-01-21 02:29:22
1854538962214948918,19,1,18,0,1,1768980407,2026-01-21 02:29:22
7f4753d7-8d58-48bd-a881-de5bff08b27d,4,1,3,21,1,1768980407,2026-01-21 02:29:22
0f45bcf6-7028-4584-a51e-4129847dbebc,38,22,16,0,1,1768980407,2026-01-21 02:29:22
1876800925490112950,6,1,5,10,1,1768980408,2026-01-21 02:29:22
66dc7ba2-0aca-11e7-82f6-3863bb44ef7c,21,9,12,9,1,1768980407,2026-01-21 02:29:22
1815967442754883940,22,2,20,8,1,1768980408,2026-01-21 02:29:22
62b97c1e-9d06-4c5e-b9c3-d76099e37fe4,11,5,6,14,1,1768980411,2026-01-21 02:29:22
3134c2d4-b090-4eb8-ab44-6f9622098f72,4,3,1,18,1,1768980412,2026-01-21 02:29:22
493850bd-125b-49f5-932b-bf999504fb06,7,4,3,11,1,1768980411,2026-01-21 02:29:22
81bec993-29a5-4e70-8f60-eecdf16c7be4,17,10,7,9,1,1768980412,2026-01-21 02:29:22
78aabb95-6195-4aa7-ab0d-5748eeb26bd1,17,7,10,15,1,1768980412,2026-01-21 02:29:22
837b7db3-55c6-4595-a497-834972631752,5,4,1,12,1,1768980412,2026-01-21 02:29:22
1875415144760576328,17,17,0,6,1,1768980413,2026-01-21 02:29:22
66ddb66e-0aca-11e7-82f6-3863bb44ef7c,6,2,4,21,1,1768980413,2026-01-21 02:29:22
1862002854876824190,4,2,2,15,1,1768980415,2026-01-21 02:29:22
2124035976827702128,5,5,0,9,1,1768980415,2026-01-21 02:29:22
74723006-b32f-4590-8cc7-f15eec3808fe,7,0,7,20,1,1768980414,2026-01-21 02:29:22
b4a320d6-2611-4940-96ca-17fb297ec826,20,7,13,1,1,1768980415,2026-01-21 02:29:22
1849009654626746672,15,1,14,1,1,1768980413,2026-01-21 02:29:22
66dc6a86-0aca-11e7-82f6-3863bb44ef7c,10,8,2,68,1,1768980413,2026-01-21 02:29:22
66dce9b5-0aca-11e7-82f6-3863bb44ef7c,8,0,8,24,1,1768980414,2026-01-21 02:29:22
068b919c-f649-4091-8e12-ccf37191cad5,1,0,1,17,1,1768980416,2026-01-21 02:29:22
2124037250266884686,10,2,8,1,1,1768980416,2026-01-21 02:29:22
6542d952-ca19-410e-9290-ee6b7a6e14cf,1,1,0,19,1,1768980416,2026-01-21 02:29:22
545a32d3-b74c-4dc2-b82c-a6d185dd4666,4,4,0,17,1,1768980414,2026-01-21 02:29:22
1869743938848725856,72,67,5,14,1,1768980415,2026-01-21 02:29:22
645e4365-653f-48ce-bc15-5fcc287be56f,21,17,4,47,1,1768980415,2026-01-21 02:29:22
66de2b2f-0aca-11e7-82f6-3863bb44ef7c,48,2,46,2,1,1768980415,2026-01-21 02:29:22
18a2cbb6-91f2-4393-82fb-b40a8ba90f20,2,0,2,18,1,1768980416,2026-01-21 02:29:22
66db6f2e-0aca-11e7-82f6-3863bb44ef7c,9,5,4,33,1,1768980416,2026-01-21 02:29:22
66dc10d1-0aca-11e7-82f6-3863bb44ef7c,26,13,13,17,1,1768980411,2026-01-21 02:29:22
0138452a-b9f4-4aee-80b0-7fae9a122ffe,27,21,6,11,1,1768980422,2026-01-21 02:29:22
b0bac4ef-bb57-4598-a433-75c281170d5b,4,0,4,18,1,1768980422,2026-01-21 02:29:22
6fd61eee-d0ef-4580-9704-bd06b82bcb61,1,1,0,26,1,1768980422,2026-01-21 02:29:22
66dc7773-0aca-11e7-82f6-3863bb44ef7c,23,5,18,20,1,1768980416,2026-01-21 02:29:22
807e9f5a-49b6-4b7e-847b-4a60cff330ed,2,2,0,15,1,1768980417,2026-01-21 02:29:22
3f05490b-a3d8-4d15-bd25-0212555b5dff,16,1,15,4,1,1768980417,2026-01-21 02:29:22
525535e3-dde3-47b4-9c2e-0174eaa4f2bb,17,5,12,2,1,1768980417,2026-01-21 02:29:22
66dced76-0aca-11e7-82f6-3863bb44ef7c,4,3,1,21,1,1768980419,2026-01-21 02:29:22
1846085439406916338,3,3,0,20,1,1768980419,2026-01-21 02:29:22
ef6216aa-d3c8-46bb-8c6b-b62f8ba51b16,5,0,5,15,1,1768980420,2026-01-21 02:29:22
2124426077519611940,6,5,1,9,1,1768980420,2026-01-21 02:29:22
66dd45c7-0aca-11e7-82f6-3863bb44ef7c,18,12,6,13,1,1768980420,2026-01-21 02:29:22
66dd1c7f-0aca-11e7-82f6-3863bb44ef7c,14,8,6,36,1,1768980417,2026-01-21 02:29:22
66dd515d-0aca-11e7-82f6-3863bb44ef7c,20,11,9,4,1,1768980418,2026-01-21 02:29:22
59df3823-0369-4a10-8132-05df34a170af,13,0,13,31,1,1768980418,2026-01-21 02:29:22
66de0cab-0aca-11e7-82f6-3863bb44ef7c,35,3,32,0,1,1768980418,2026-01-21 02:29:22
3eb10c63-ea4c-4161-b07d-a29034f7367a,8,3,5,10,1,1768980421,2026-01-21 02:29:22
0fde06c2-632c-46a9-8866-f4e855604f74,25,22,3,40,1,1768980420,2026-01-21 02:29:22
66dbe96d-0aca-11e7-82f6-3863bb44ef7c,32,11,21,16,1,1768980421,2026-01-21 02:29:22
c2bb1874-bcb7-47c5-aa7d-05423b9087e8,4,1,3,15,1,1768980420,2026-01-21 02:29:22
b896d83d-5524-4c9c-a2aa-c1b0edaadc22,3,2,1,17,1,1768980420,2026-01-21 02:29:22
ca843847-923a-40b7-80ca-c1c3fff6e818,1,1,0,17,1,1768980420,2026-01-21 02:29:22
7779e057-b33e-46a7-8a1e-8c28bcd9a558,12,2,10,7,1,1768980424,2026-01-21 02:29:22
1851674198082642572,19,1,18,1,1,1768980424,2026-01-21 02:29:22
66de2707-0aca-11e7-82f6-3863bb44ef7c,21,18,3,25,1,1768980424,2026-01-21 02:29:22
47da6ab2-c841-4f2d-97ef-dd8d441c96b1,2,1,1,15,1,1768980425,2026-01-21 02:29:22
ebae0b66-e463-4ded-9b7a-43c0aca9b37a,15,6,9,5,1,1768980424,2026-01-21 02:29:22
26cae473-0e59-4af7-bad5-bb6fec85c8bc,4,4,0,17,1,1768980424,2026-01-21 02:29:22
6d766daf-9298-4059-a329-1818582d495f,14,13,1,4,1,1768980427,2026-01-21 02:29:22
a4d041fd-c5fa-4f52-800c-25d7a661a875,1,1,0,20,1,1768980427,2026-01-21 02:29:22
1814901062206225038,5,1,4,14,1,1768980427,2026-01-21 02:29:22
2126224996973581072,9,8,1,3,1,1768980427,2026-01-21 02:29:22
66dd2060-0aca-11e7-82f6-3863bb44ef7c,45,5,40,4,1,1768980427,2026-01-21 02:29:22
1869753057823626206,10,0,10,13,1,1768980428,2026-01-21 02:29:22
0630217a-3913-47d9-9540-cf85688296a5,5,4,1,12,1,1768980425,2026-01-21 02:29:22
6cd10426-b4e9-40e1-9b35-61f609190ac0,9,2,7,24,1,1768980425,2026-01-21 02:29:22
66dbcbbc-0aca-11e7-82f6-3863bb44ef7c,52,12,40,17,1,1768980426,2026-01-21 02:29:22
19b61564-7629-41b4-80c8-1756135a5442,3,3,0,15,1,1768980427,2026-01-21 02:29:22
83a5d761-57d0-4cd6-aa2b-7eb350120d99,10,5,5,10,1,1768980429,2026-01-21 02:29:22
00967b8f-1a4d-4131-a65a-17fa8ca89e28,9,4,5,9,1,1768980428,2026-01-21 02:29:22
3db799ba-b574-4e5f-95e5-c767bec2acb6,21,9,12,6,1,1768980429,2026-01-21 02:29:22
66de73fd-0aca-11e7-82f6-3863bb44ef7c,12,8,4,13,1,1768980429,2026-01-21 02:29:22
457ea5d7-d643-4028-87db-46dee0b81555,24,21,3,0,1,1768980426,2026-01-21 02:29:22
66de0d91-0aca-11e7-82f6-3863bb44ef7c,25,0,25,3,1,1768980432,2026-01-21 02:29:22
66dd26f9-0aca-11e7-82f6-3863bb44ef7c,26,8,18,5,1,1768980433,2026-01-21 02:29:22
640a9a95-194f-42f5-8d88-1df67129f388,10,2,8,6,1,1768980433,2026-01-21 02:29:22
66dc1d80-0aca-11e7-82f6-3863bb44ef7c,23,19,4,11,1,1768980429,2026-01-21 02:29:22
0bd9bd58-42e6-4680-9d19-83943372221f,13,12,1,9,1,1768980430,2026-01-21 02:29:22
1860189650739626488,2,0,2,19,1,1768980429,2026-01-21 02:29:22
1871698348432996504,12,1,11,9,1,1768980430,2026-01-21 02:29:22
595cf79f-7783-4373-b3d5-775bcf76033b,1,1,0,16,1,1768980430,2026-01-21 02:29:22
5645b05e-85be-460d-8506-cacd20bff233,27,2,25,2,1,1768980430,2026-01-21 02:29:22
c602146e-d69d-43b6-9e8f-054c4df5377e,12,1,11,6,1,1768980430,2026-01-21 02:29:22
63a838a8-9acf-4ba1-91f5-c676f6ef2f7d,13,4,9,7,1,1768980430,2026-01-21 02:29:22
2a66ed0a-5e6d-4893-a1d1-876bb2bac4be,5,0,5,21,1,1768980430,2026-01-21 02:29:22
66dcc0b2-0aca-11e7-82f6-3863bb44ef7c,3,0,3,19,1,1768980431,2026-01-21 02:29:22
fda18503-7488-4b91-b74c-949a90401e83,7,5,2,10,1,1768980430,2026-01-21 02:29:22
1888015107269225164,24,20,4,16,1,1768980430,2026-01-21 02:29:22
d265dbc7-ef55-4f5b-8a2b-f2015dc71fb8,17,0,17,8,1,1768980431,2026-01-21 02:29:22
1838070843306263244,1,1,0,17,1,1768980431,2026-01-21 02:29:22
1f088432-0460-421e-a1d9-36890fa5396d,6,3,3,11,1,1768980431,2026-01-21 02:29:22
66dc80b4-0aca-11e7-82f6-3863bb44ef7c,3,2,1,56,1,1768980432,2026-01-21 02:29:22
1786698321265653818,13,13,0,22,1,1768980433,2026-01-21 02:29:22
d8778570-f7f2-458d-82f5-9ad39210a501,39,34,5,10,1,1768980433,2026-01-21 02:29:22
44fa161f-eb62-459b-b53e-da83788cfa2a,7,5,2,22,1,1768980434,2026-01-21 02:29:22
1862008939006380034,3,1,2,17,1,1768980434,2026-01-21 02:29:22
a3d72b5b-9587-4f33-9722-c01e20a9b358,2,2,0,26,1,1768980435,2026-01-21 02:29:22
7a1ad7c0-4958-4354-91a1-11bf13348abd,15,3,12,1,1,1768980435,2026-01-21 02:29:22
66db4549-0aca-11e7-82f6-3863bb44ef7c,18,13,5,5,1,1768980436,2026-01-21 02:29:22
ca5cc034-a95d-446e-8314-6691589886b1,17,16,1,1,1,1768980439,2026-01-21 02:29:22
66de1ea2-0aca-11e7-82f6-3863bb44ef7c,11,11,0,8,1,1768980439,2026-01-21 02:29:22
b4974d89-932c-4a9f-a264-2ea0cf70613e,2,2,0,16,1,1768980437,2026-01-21 02:29:22
c63a83a0-bda1-40a6-835b-f82c363543b9,2,0,2,17,1,1768980437,2026-01-21 02:29:22
549b5bc4-b949-4eeb-8ffb-2215e1e49892,42,33,9,12,1,1768980437,2026-01-21 02:29:22
823ef531-40e6-4397-b973-86bf5b032076,22,19,3,2,1,1768980437,2026-01-21 02:29:22
66de12ff-0aca-11e7-82f6-3863bb44ef7c,17,11,6,2,1,1768980437,2026-01-21 02:29:22
66dc120f-0aca-11e7-82f6-3863bb44ef7c,29,23,6,42,1,1768980437,2026-01-21 02:29:22
c3189056-8eda-4278-891f-e8e15c2d759a,3,2,1,23,1,1768980438,2026-01-21 02:29:22
1d32e684-602b-46b6-8c96-ab47b57a03f3,8,6,2,15,1,1768980437,2026-01-21 02:29:22
e85c3165-ad0a-44a3-9683-d8cf7575f465,19,6,13,8,1,1768980438,2026-01-21 02:29:22
0f98907a-d4cc-45e0-b174-7d9dfda74106,6,0,6,25,1,1768980438,2026-01-21 02:29:22
cf1a96a7-f695-4ba2-bcf2-899552e21e47,11,6,5,8,1,1768980438,2026-01-21 02:29:22
26217b73-7bb5-46e6-8094-1db05becd617,19,13,6,8,1,1768980438,2026-01-21 02:29:22
f34ea09d-32f9-492c-9124-99059bc0b5dd,16,2,14,5,1,1768980438,2026-01-21 02:29:22
12279d2b-29f6-4e02-a7f0-244970f7edd5,9,2,7,17,1,1768980438,2026-01-21 02:29:22
c80c55c4-d623-42d7-8acf-6bfa68a84ecb,0,0,0,18,1,1768980438,2026-01-21 02:29:22
bfe5e69d-89ff-48b3-bf20-80cbdfa443e0,28,13,15,23,1,1768980438,2026-01-21 02:29:22
66dd4a52-0aca-11e7-82f6-3863bb44ef7c,11,11,0,19,1,1768980438,2026-01-21 02:29:22
66db3053-0aca-11e7-82f6-3863bb44ef7c,60,42,18,9,1,1768980438,2026-01-21 02:29:22
1898751402035634700,10,3,7,6,1,1768980438,2026-01-21 02:29:22
56b3ca32-104a-4920-a879-a97a820858c4,13,1,12,12,1,1768980438,2026-01-21 02:29:22
1960019951675478680,8,6,2,21,1,1768980436,2026-01-21 02:29:22
faf98f78-51ab-4248-b7e7-f402902385a6,2,2,0,16,1,1768980440,2026-01-21 02:29:22
633fbc4c-7617-47ba-a393-aad7a8d26a3e,19,1,18,2,1,1768980440,2026-01-21 02:29:22
1835246937517543544,19,3,16,0,1,1768980440,2026-01-21 02:29:22
66dde4ef-0aca-11e7-82f6-3863bb44ef7c,11,9,2,11,1,1768980441,2026-01-21 02:29:22
655ad2f2-6bcc-4eee-95a9-4f528c0b81cd,7,3,4,9,1,1768980441,2026-01-21 02:29:22
f833d403-2cf5-424a-a3b3-0314a44b4a67,19,13,6,12,1,1768980440,2026-01-21 02:29:22
1962547377975794462,14,11,2,8,1,1768980436,2026-01-21 02:29:22
e152a2e1-c510-404e-a100-24246bb6cc95,5,2,3,12,1,1768980445,2026-01-21 02:29:22
6fb81fda-f0b5-4242-90f9-88d0214feb8d,3,3,0,15,1,1768980446,2026-01-21 02:29:22
1859808514684217788,2,2,0,19,1,1768980446,2026-01-21 02:29:22
84a7baff-415b-4ab9-a859-74c2801483ce,12,0,12,6,1,1768980446,2026-01-21 02:29:22
7dda8844-60ba-4449-b05c-54c1d14ab5fb,57,42,15,10,1,1768980446,2026-01-21 02:29:22
4f814d78-5d8d-458b-877e-2ca449b865be,2,0,2,19,1,1768980443,2026-01-21 02:29:22
c7604869-5b55-40cf-812e-fc97901bdf14,40,14,26,1,1,1768980444,2026-01-21 02:29:22
3a89411a-0bc6-4ba3-bc56-fab950c8eba1,18,0,18,1,1,1768980442,2026-01-21 02:29:22
1828968883163894358,8,0,8,8,1,1768980442,2026-01-21 02:29:22
1831178352265562334,15,2,13,12,1,1768980443,2026-01-21 02:29:22
1864605386632012480,3,0,3,15,1,1768980443,2026-01-21 02:29:22
d11b9869-8964-4b79-aafc-4b60ad1b44c4,11,1,10,12,1,1768980443,2026-01-21 02:29:22
66dbee85-0aca-11e7-82f6-3863bb44ef7c,17,9,8,56,1,1768980443,2026-01-21 02:29:22
1834145589124844432,1,0,1,17,1,1768980443,2026-01-21 02:29:22
c71cca54-17f6-42bc-ba94-3f5bd9c70197,35,0,35,10,1,1768980441,2026-01-21 02:29:22
90b141b9-c39f-4a26-a32d-08c7d1474d52,9,9,0,13,1,1768980441,2026-01-21 02:29:22
66dde69c-0aca-11e7-82f6-3863bb44ef7c,4,4,0,16,1,1768980442,2026-01-21 02:29:22
0fa27bd7-b182-4e7a-b5bb-90f4249cb368,12,8,4,10,1,1768980444,2026-01-21 02:29:22
33840944-aa92-4d91-9de8-d29e5cd0b2d9,27,5,22,0,1,1768980445,2026-01-21 02:29:22
9394fb49-583f-4426-8d2f-a2b0ffb584d2,15,12,3,34,1,1768980442,2026-01-21 02:29:22
943a1a27-1328-4823-8945-28d845280383,21,21,0,3,1,1768980442,2026-01-21 02:29:22
ca7ec509-cefc-4ac6-b729-08999d191051,20,3,17,2,1,1768980442,2026-01-21 02:29:22
66dc1687-0aca-11e7-82f6-3863bb44ef7c,0,0,0,10,1,1768980452,2026-01-21 02:29:22
cd2d9dab-7708-4685-a56f-9412c738de7e,18,1,17,0,1,1768980453,2026-01-21 02:29:22
d040a7b3-85b5-4c0d-9c92-3f4ad0082143,0,0,0,28,1,1768980453,2026-01-21 02:29:22
1814907423052790164,15,0,15,7,1,1768980453,2026-01-21 02:29:22
bc5235a5-7f10-4a27-806e-9c25fa700959,10,0,10,30,1,1768980453,2026-01-21 02:29:22
f3782e27-c49a-4ee9-b188-0c13cad54688,7,0,7,10,1,1768980453,2026-01-21 02:29:22
66de0a78-0aca-11e7-82f6-3863bb44ef7c,16,1,15,3,1,1768980454,2026-01-21 02:29:22
6e5a8cab-cf1a-4584-8133-01835b56ad71,13,2,11,12,1,1768980454,2026-01-21 02:29:22
dad39e68-53f5-47c2-87e2-b1cc0e34f90f,7,3,4,11,1,1768980452,2026-01-21 02:29:22
e9b3a725-6963-4151-8f7f-9beeb51fa20f,4,4,0,11,1,1768980452,2026-01-21 02:29:22
66de4bbb-0aca-11e7-82f6-3863bb44ef7c,11,0,11,11,1,1768980452,2026-01-21 02:29:22
1929504694747056164,0,0,0,39,1,1768980450,2026-01-21 02:29:22
66dbe15d-0aca-11e7-82f6-3863bb44ef7c,14,2,12,11,1,1768980451,2026-01-21 02:29:22
66dcc8b3-0aca-11e7-82f6-3863bb44ef7c,4,1,3,13,1,1768980451,2026-01-21 02:29:22
1848241791125254746,15,1,14,2,1,1768980451,2026-01-21 02:29:22
922763d6-d73c-4678-8bcd-f42ee3a236db,3,2,1,17,1,1768980451,2026-01-21 02:29:22
66de0861-0aca-11e7-82f6-3863bb44ef7c,24,23,1,1,1,1768980451,2026-01-21 02:29:22
1862008701134683118,7,1,6,16,1,1768980451,2026-01-21 02:29:22
29a41b09-698f-43e2-82ff-f94f73e74841,16,0,16,2,1,1768980448,2026-01-21 02:29:22
1b00fb53-da32-4b14-9a9a-84a391c8951c,1,0,1,27,1,1768980449,2026-01-21 02:29:22
1838071008881986168,12,0,12,15,1,1768980449,2026-01-21 02:29:22
29ced315-14b5-4edc-bef2-665316dfe3dd,25,9,16,20,1,1768980449,2026-01-21 02:29:22
66ddea99-0aca-11e7-82f6-3863bb44ef7c,6,6,0,15,1,1768980449,2026-01-21 02:29:22
d73e26de-8534-4b46-a321-3cae295ef9b2,0,0,0,31,1,1768980449,2026-01-21 02:29:22
fbaffdbd-dab5-4127-9bd5-36bf58093ea8,9,6,3,14,1,1768980449,2026-01-21 02:29:22
0b613329-b8c8-4b8c-ad40-79952aa41157,19,11,8,1,1,1768980449,2026-01-21 02:29:22
a2cf5872-bd4c-4311-832e-d62fd779ecc3,5,2,3,15,1,1768980449,2026-01-21 02:29:22
d18512f9-52c8-4175-92b9-b6258dc30748,1,1,0,19,1,1768980450,2026-01-21 02:29:22
1828966626550010820,18,3,15,0,1,1768980450,2026-01-21 02:29:22
0dd71c6d-11ee-4ad4-ba99-36b9ad36112c,11,5,6,9,1,1768980450,2026-01-21 02:29:22
66db6963-0aca-11e7-82f6-3863bb44ef7c,47,11,36,28,1,1768980446,2026-01-21 02:29:22
b371c432-b682-412f-9b85-8df84ce7a9f3,5,1,4,11,1,1768980446,2026-01-21 02:29:22
66dd4ccc-0aca-11e7-82f6-3863bb44ef7c,15,8,7,35,1,1768980447,2026-01-21 02:29:22
66dd1f44-0aca-11e7-82f6-3863bb44ef7c,17,17,0,9,1,1768980447,2026-01-21 02:29:22
d80c274e-d17d-4a00-9b76-274c9fe4d0e1,3,1,2,32,1,1768980448,2026-01-21 02:29:22
1986707977001495180,4,2,2,15,1,1768980451,2026-01-21 02:29:22
66dde76a-0aca-11e7-82f6-3863bb44ef7c,7,6,1,15,1,1768980460,2026-01-21 02:29:22
023cf549-bd85-4f9a-abd8-70ba29d7e86b,14,12,2,6,1,1768980460,2026-01-21 02:29:22
1859088223746072684,3,1,2,13,1,1768980455,2026-01-21 02:29:22
7938263e-e5b8-4ca7-b8bf-1adbaae5fead,14,4,10,13,1,1768980455,2026-01-21 02:29:22
66de85d2-0aca-11e7-82f6-3863bb44ef7c,38,25,13,7,1,1768980458,2026-01-21 02:29:22
d89dc10f-9be3-45a5-9c3c-06c04c963436,18,2,16,2,1,1768980458,2026-01-21 02:29:22
66dc0dab-0aca-11e7-82f6-3863bb44ef7c,12,11,1,103,1,1768980459,2026-01-21 02:29:22
1934749166596673908,28,9,19,17,1,1768980459,2026-01-21 02:29:22
7f402242-dc1b-4a48-ba21-58c4fa7216b4,17,4,13,1,1,1768980458,2026-01-21 02:29:22
75352ab4-8a31-4926-8b59-048a9e506452,11,1,10,3,1,1768980459,2026-01-21 02:29:22
d470e82e-d109-4e2e-b66a-f5e944cbfe97,18,5,13,0,1,1768980459,2026-01-21 02:29:22
1861678548643203686,3,0,3,22,1,1768980459,2026-01-21 02:29:22
66db41bf-0aca-11e7-82f6-3863bb44ef7c,28,0,28,2,1,1768980459,2026-01-21 02:29:22
1826348248869574940,16,5,11,14,1,1768980456,2026-01-21 02:29:22
b713367c-3572-4225-b74a-9319ab537838,1,0,1,18,1,1768980456,2026-01-21 02:29:22
1882824287789509296,20,18,2,24,1,1768980456,2026-01-21 02:29:22
ab6aadd8-fa45-43aa-abea-c8e01ec5a0c8,17,1,16,5,1,1768980456,2026-01-21 02:29:22
5a24acbb-94ef-4cb5-9db8-f6073ac26a2b,2,0,2,17,1,1768980456,2026-01-21 02:29:22
1814907590556515014,13,2,11,8,1,1768980456,2026-01-21 02:29:22
1869753484503987044,5,3,2,14,1,1768980456,2026-01-21 02:29:22
66880044-5411-4143-af39-eaa0a0fd0528,14,13,1,20,1,1768980457,2026-01-21 02:29:22
abc1311e-e000-4211-af9e-0cf92242711e,1,1,0,21,1,1768980457,2026-01-21 02:29:22
576abdc1-986e-48b0-bde2-051a13d3ff59,9,2,7,7,1,1768980457,2026-01-21 02:29:22
66de63cd-0aca-11e7-82f6-3863bb44ef7c,16,7,9,3,1,1768980457,2026-01-21 02:29:22
92fc1ad7-0867-4655-b02f-ede65d336b14,4,0,4,14,1,1768980460,2026-01-21 02:29:22
66dbc37a-0aca-11e7-82f6-3863bb44ef7c,24,18,6,31,1,1768980463,2026-01-21 02:29:22
66dd4c5f-0aca-11e7-82f6-3863bb44ef7c,14,11,3,46,1,1768980463,2026-01-21 02:29:22
66dd5407-0aca-11e7-82f6-3863bb44ef7c,17,8,9,60,1,1768980463,2026-01-21 02:29:22
2126622241630343402,15,11,4,4,1,1768980463,2026-01-21 02:29:22
b35ba3c0-d3e8-4b1a-b63b-73a7bb518c9e,5,1,4,13,1,1768980464,2026-01-21 02:29:22
66dc2995-0aca-11e7-82f6-3863bb44ef7c,42,32,10,7,1,1768980464,2026-01-21 02:29:22
62f8f806-bd04-4282-9c5d-ad4293644e3c,10,3,7,7,1,1768980465,2026-01-21 02:29:22
a2ef8ed2-6031-4049-b7dc-9838ef39889b,13,1,12,2,1,1768980465,2026-01-21 02:29:22
1828965347681089818,10,0,10,10,1,1768980465,2026-01-21 02:29:22
22ab59a8-0af4-4101-9350-a7af88e37c2e,6,1,5,13,1,1768980465,2026-01-21 02:29:22
7aa86431-bbc5-4d9c-8198-9630c9d32a22,7,0,7,13,1,1768980462,2026-01-21 02:29:22
66dc8a3d-0aca-11e7-82f6-3863bb44ef7c,26,6,20,48,1,1768980465,2026-01-21 02:29:22
66de4959-0aca-11e7-82f6-3863bb44ef7c,16,5,11,8,1,1768980465,2026-01-21 02:29:22
2124036994734951288,7,1,6,1,1,1768980465,2026-01-21 02:29:22
4c03fa2d-89da-4f0b-8f19-c7de5edbe256,24,3,21,0,1,1768980465,2026-01-21 02:29:22
1817822909864556798,15,14,1,12,1,1768980466,2026-01-21 02:29:22
1880643645302280466,11,9,2,19,1,1768980466,2026-01-21 02:29:22
cb05443c-e68e-48f7-8d17-35353fa19d4d,20,5,15,33,1,1768980466,2026-01-21 02:29:22
1975518133370609774,64,58,6,34,1,1768980463,2026-01-21 02:29:22
2126623765785393224,2,1,1,17,1,1768980464,2026-01-21 02:29:22
66dbe68e-0aca-11e7-82f6-3863bb44ef7c,48,43,5,7,1,1768980464,2026-01-21 02:29:22
579e583e-60ab-4f2a-83d0-fabebddfcd0f,9,8,1,7,1,1768980464,2026-01-21 02:29:22
2138075988152462096,16,2,14,2,1,1768980463,2026-01-21 02:29:22
1849010133527040242,14,9,5,7,1,1768980463,2026-01-21 02:29:22
66dd9fa6-0aca-11e7-82f6-3863bb44ef7c,13,13,1,44,1,1768980464,2026-01-21 02:29:22
2171919049376995084,2,1,1,29,1,1768980464,2026-01-21 02:29:22
0ddb965d-95ef-4ce3-bde6-81a56ac1fbd2,1,1,0,29,1,1768980464,2026-01-21 02:29:22
66dce8db-0aca-11e7-82f6-3863bb44ef7c,21,10,11,19,1,1768980465,2026-01-21 02:29:22
2ebbe93b-a013-464a-b4a5-0eba96f89676,18,17,1,1,1,1768980470,2026-01-21 02:29:22
69717638-5c4a-47a7-bccb-3b42c81eb09f,12,5,7,6,1,1768980471,2026-01-21 02:29:22
1854538387432581604,18,1,17,0,1,1768980471,2026-01-21 02:29:22
2126623007192357636,6,0,6,4,1,1768980470,2026-01-21 02:29:22
1965202298784063998,5,4,1,21,1,1768980471,2026-01-21 02:29:22
66dbcd6c-0aca-11e7-82f6-3863bb44ef7c,31,26,5,1,1,1768980471,2026-01-21 02:29:22
1860189327773878824,18,1,17,5,1,1768980471,2026-01-21 02:29:22
09dfc0e3-a448-477c-bb3c-9467dc51ef8d,69,34,35,3,1,1768980471,2026-01-21 02:29:22
66dd46a2-0aca-11e7-82f6-3863bb44ef7c,27,17,10,19,1,1768980466,2026-01-21 02:29:22
5145ad1c-241f-4448-a742-739bd5c518c2,8,2,6,9,1,1768980467,2026-01-21 02:29:22
38af3d1a-9916-46cf-b22e-86fc8648bf30,9,0,9,10,1,1768980467,2026-01-21 02:29:22
98ebf9c6-1d94-4e21-9007-c623875fdb5e,14,1,13,3,1,1768980469,2026-01-21 02:29:22
4e9a1c3a-20e2-4fd5-b8de-fbf8d43e7bcc,2,0,2,19,1,1768980469,2026-01-21 02:29:22
f523c481-ba41-44ba-96e1-0c431fbea558,4,2,2,19,1,1768980469,2026-01-21 02:29:22
912813fc-fde4-4430-8443-a4fa21477e7f,0,0,0,22,1,1768980469,2026-01-21 02:29:22
1786698974100683436,4,0,4,46,1,1768980469,2026-01-21 02:29:22
69f84045-48f9-4c6c-90d3-0503e5ed39e9,16,12,4,6,1,1768980469,2026-01-21 02:29:22
66db75cc-0aca-11e7-82f6-3863bb44ef7c,43,25,18,0,1,1768980468,2026-01-21 02:29:22
93da4d1b-d574-45b0-85d7-5b82e2887267,17,1,16,4,1,1768980468,2026-01-21 02:29:22
1869753654337059182,18,13,5,2,1,1768980469,2026-01-21 02:29:22
1937777808143497236,5,4,1,28,1,1768980468,2026-01-21 02:29:22
66de17f7-0aca-11e7-82f6-3863bb44ef7c,11,9,2,24,1,1768980468,2026-01-21 02:29:22
cb9840a3-4ae2-420d-865c-9ac45e2f5485,15,9,6,0,1,1768980468,2026-01-21 02:29:22
2100948436010992354,6,5,1,7,1,1768980469,2026-01-21 02:29:22
24509e46-a0de-47e8-ba40-9441da68952a,5,4,1,13,1,1768980469,2026-01-21 02:29:22
54df610f-0e47-4958-98ca-37bb1b1c4dca,3,2,1,20,1,1768980470,2026-01-21 02:29:22
66dd056e-0aca-11e7-82f6-3863bb44ef7c,3,1,2,14,1,1768980470,2026-01-21 02:29:22
66dc840f-0aca-11e7-82f6-3863bb44ef7c,10,7,3,48,1,1768980470,2026-01-21 02:29:22
66dc3e89-0aca-11e7-82f6-3863bb44ef7c,36,29,7,28,1,1768980470,2026-01-21 02:29:22
517409d3-a94a-4140-a6de-ff0de9221ed2,4,1,3,17,1,1768980470,2026-01-21 02:29:22
66de13dc-0aca-11e7-82f6-3863bb44ef7c,0,0,0,0,0,1768980470,2026-01-21 02:29:22
4d24ab76-2f4a-4004-9fc5-09c00c1d9aa4,28,11,17,0,1,1768980468,2026-01-21 02:29:22
99614ecb-2329-49fa-a13a-fa1ef2bb32d6,3,0,3,14,1,1768980468,2026-01-21 02:29:22
1f8f6714-42a7-45d5-86cd-a093c940b2c9,2,2,0,22,1,1768980470,2026-01-21 02:29:22
0de1f95f-8b1b-4e5e-9eff-73c63265b0ab,17,7,10,12,1,1768980470,2026-01-21 02:29:22
66dc7f02-0aca-11e7-82f6-3863bb44ef7c,91,82,9,17,1,1768980470,2026-01-21 02:29:22
324e93c8-4f3d-4a5f-becd-00e6f49fe4dd,18,0,18,1,1,1768980472,2026-01-21 02:29:22
81a98b0b-cfd6-48b4-90bd-806ebbc264a0,3,2,1,15,1,1768980475,2026-01-21 02:29:22
816e50eb-dc4b-47dc-b773-154e2020cb0d,1,1,0,18,1,1768980475,2026-01-21 02:29:22
ffae66ec-7c16-436f-bd0a-eedf81d580e7,3,1,2,18,1,1768980475,2026-01-21 02:29:22
66dd4d70-0aca-11e7-82f6-3863bb44ef7c,13,8,5,26,1,1768980476,2026-01-21 02:29:22
e9575102-1081-4c30-8d15-ea95913579e2,3,2,1,15,1,1768980475,2026-01-21 02:29:22
c00ef46d-fcde-48e2-afbd-0fb595fe3fa7,26,14,12,4,1,1768980475,2026-01-21 02:29:22
1835618878584115330,21,5,16,0,1,1768980476,2026-01-21 02:29:22
4568f854-1268-45cf-bac8-82286ef40ae6,10,2,8,8,1,1768980476,2026-01-21 02:29:22
9af90faf-0b9b-451b-9cb0-20ff421ca1d9,2,0,2,23,1,1768980476,2026-01-21 02:29:22
1794852638057746848,21,1,20,0,1,1768980474,2026-01-21 02:29:22
1786697771181570266,22,11,11,17,1,1768980474,2026-01-21 02:29:22
8a89684b-40a5-49fe-b75d-fdf32ffa8102,15,2,13,4,1,1768980474,2026-01-21 02:29:22
66dc2c78-0aca-11e7-82f6-3863bb44ef7c,15,8,7,67,1,1768980474,2026-01-21 02:29:22
66dde630-0aca-11e7-82f6-3863bb44ef7c,54,9,45,15,1,1768980474,2026-01-21 02:29:22
c2d549f8-f54c-4a0d-9ecd-6e6f79118279,16,10,6,6,1,1768980475,2026-01-21 02:29:22
bacfe3c2-7946-45ed-91f9-f5b91791de75,7,3,4,19,1,1768980475,2026-01-21 02:29:22
1846085734612252774,6,2,4,16,1,1768980474,2026-01-21 02:29:22
66dc3782-0aca-11e7-82f6-3863bb44ef7c,26,17,9,3,1,1768980475,2026-01-21 02:29:22
1795146692060860976,18,6,12,4,1,1768980472,2026-01-21 02:29:22
ff9581d3-3e1a-463a-bdab-d8150c468be2,1,1,0,31,1,1768980472,2026-01-21 02:29:22
bcb08532-f0d5-4c0e-ad8a-4ddacc204791,4,3,1,13,1,1768980472,2026-01-21 02:29:22
1917312704757770810,34,27,7,2,1,1768980473,2026-01-21 02:29:22
566a6389-5c22-49ca-8c24-4d9eea135170,1,1,0,25,1,1768980474,2026-01-21 02:29:22
66dc0f8a-0aca-11e7-82f6-3863bb44ef7c,35,3,32,19,1,1768980474,2026-01-21 02:29:22
180b83a0-329c-4069-87be-df862cb1baed,20,16,4,2,1,1768980475,2026-01-21 02:29:22
af72ab76-c6cb-4994-af96-51fa8846ecdc,4,4,0,15,1,1768980475,2026-01-21 02:29:22
475c44e1-31e3-4c60-b071-af2ca3f7618c,1,1,0,20,1,1768980475,2026-01-21 02:29:22
dd482585-3028-453f-a98d-55019db9b26c,37,0,37,4,1,1768980473,2026-01-21 02:29:22
66dd24ca-0aca-11e7-82f6-3863bb44ef7c,39,24,15,5,1,1768980473,2026-01-21 02:29:22
61f2ffd4-159a-42b3-a4d9-3fdfc3349074,3,1,2,17,1,1768980473,2026-01-21 02:29:22
66de5005-0aca-11e7-82f6-3863bb44ef7c,21,5,16,5,1,1768980473,2026-01-21 02:29:22
82c85f05-4722-48ae-9f64-0522012eb3c8,6,1,5,19,1,1768980473,2026-01-21 02:29:22
1096fc76-794e-4343-8eb0-0dd6c9a48266,2,2,0,15,1,1768980472,2026-01-21 02:29:22
2121032386733337206,14,3,11,0,1,1768980472,2026-01-21 02:29:22
162d5859-b735-4ff7-9613-01b21f22c1cd,29,14,15,6,1,1768980472,2026-01-21 02:29:22
9635affa-8b18-42d5-84c4-7f67ad5ef9d0,8,4,4,10,1,1768980474,2026-01-21 02:29:22
528ed1e0-75aa-45be-8afe-c3f1c950782f,9,1,8,11,1,1768980477,2026-01-21 02:29:22
ff745407-c087-4c0d-a965-98baf078f292,14,13,1,6,1,1768980477,2026-01-21 02:29:22
66dbc420-0aca-11e7-82f6-3863bb44ef7c,7,5,2,44,1,1768980476,2026-01-21 02:29:22
66dd01c5-0aca-11e7-82f6-3863bb44ef7c,2,2,0,23,1,1768980476,2026-01-21 02:29:22
66dd1d9c-0aca-11e7-82f6-3863bb44ef7c,26,11,15,2,1,1768980478,2026-01-21 02:29:22
c3062f44-c5b9-4650-a4ec-cc66cbf5b944,3,2,1,14,1,1768980478,2026-01-21 02:29:22
499e10ad-c008-461e-8cf7-20757218a9cc,3,2,1,20,1,1768980478,2026-01-21 02:29:22
1960020234227886806,4,4,0,46,1,1768980478,2026-01-21 02:29:22
66dd4ec7-0aca-11e7-82f6-3863bb44ef7c,36,19,17,37,1,1768980478,2026-01-21 02:29:22
f401cd5f-cb41-41f8-a857-4a4dfe778f94,21,11,10,4,1,1768980477,2026-01-21 02:29:22
ceb179f3-89c3-4c3e-8a0a-3415406a9463,12,12,0,11,1,1768980477,2026-01-21 02:29:22
038b7369-9c6e-4eb2-8569-f7461443302f,19,5,14,0,1,1768980477,2026-01-21 02:29:22
f3140fb8-347b-4dca-96df-eeef2d1bfc50,4,3,1,13,1,1768980478,2026-01-21 02:29:22
581bc4fe-cf14-4767-8377-6fa156ff8a29,9,2,7,8,1,1768980478,2026-01-21 02:29:22
66db408f-0aca-11e7-82f6-3863bb44ef7c,35,5,30,0,1,1768980478,2026-01-21 02:29:22
cbf76774-1276-4cf8-9442-f00571f1451c,27,27,0,2,1,1768980478,2026-01-21 02:29:22
ab5c5ee6-9c4e-4aaa-a14e-d236d3e01d9a,0,0,0,0,0,86400,2026-01-21 02:29:22
a93cb1ec-fb37-4faf-a7e7-d1e5a9e9af95,0,0,0,0,0,86400,2026-01-21 02:29:22
32c60668-a192-4d06-aa7c-6d6f7aed6b45,0,0,0,0,0,86400,2026-01-21 02:29:22
fd0e86e3-079d-40aa-8231-ec2cbdbd9e7f,0,0,0,0,0,86400,2026-01-21 02:29:22
d67375ea-3f93-4996-b0dc-f542341f2e6a,0,0,0,0,0,86400,2026-01-21 02:29:22
66dccad8-0aca-11e7-82f6-3863bb44ef7c,0,0,0,0,0,86400,2026-01-21 02:29:22
d2024260-cc58-451b-9417-3a695f8a1b34,0,0,0,0,0,1767211364,2026-01-21 02:29:22
2171903221356328154,0,0,0,0,0,86400,2026-01-21 02:29:22
2171903733697659376,0,0,0,0,0,86400,2026-01-21 02:29:22
2171903845366809074,0,0,0,0,0,86400,2026-01-21 02:29:22
a23a40c3-6da5-4b0f-bb6b-8bfc01ec2261,8,1,7,10,1,1768980208,2026-01-21 02:29:22
79399e32-a6c6-4732-8ad4-9f9140a86b21,19,14,5,4,1,1768980302,2026-01-21 02:29:22
54782566-697b-497e-a503-dc1f39963eb2,6,6,0,19,1,1768980301,2026-01-21 02:29:22
956de8aa-9e06-4efb-8eb0-35fe9b274a48,17,17,0,1,1,1768980300,2026-01-21 02:29:22
80969478-8dbc-42e1-8e16-ac0132a431c2,21,1,20,4,1,1768980311,2026-01-21 02:29:22
d52d4171-fd60-4a28-b7e2-89f3693e0591,12,5,7,5,1,1768980398,2026-01-21 02:29:22
06f0d251-e1e3-435c-8c5f-9b991a14ca4a,6,5,1,19,1,1768980399,2026-01-21 02:29:22
1814900898997467540,7,0,7,12,1,1768980398,2026-01-21 02:29:22
66de1bc3-0aca-11e7-82f6-3863bb44ef7c,12,2,10,45,1,1768980399,2026-01-21 02:29:22
66de1c33-0aca-11e7-82f6-3863bb44ef7c,28,21,7,20,1,1768980399,2026-01-21 02:29:22
1786697528321024934,39,7,32,1,1,1768980399,2026-01-21 02:29:22
46dca5c6-7bd3-4a4f-aa1e-33aa66652294,16,3,13,11,1,1768980395,2026-01-21 02:29:22
0927e331-866f-4d99-99b4-04edde99117a,18,7,11,21,1,1768980395,2026-01-21 02:29:22
1865017865553426604,8,0,8,10,1,1768980394,2026-01-21 02:29:22
17ba4945-b202-4667-965f-211d80622646,14,0,14,8,1,1768980397,2026-01-21 02:29:22
ffaa8f6a-a4ea-4d3a-a57c-f42f77cd4581,0,0,0,24,1,1768980398,2026-01-21 02:29:22
2007842506069575758,17,2,15,3,1,1768980398,2026-01-21 02:29:22
1945125910957847430,3,1,2,16,1,1768980396,2026-01-21 02:29:22
467e1de6-73a6-480f-9e83-fd1b03b71047,13,3,10,11,1,1768980401,2026-01-21 02:29:22
1854538793462575652,10,0,10,8,1,1768980402,2026-01-21 02:29:22
1843486390605672640,4,1,3,21,1,1768980402,2026-01-21 02:29:22
dccab832-b4a2-4105-927d-b52ec0d92c92,17,5,12,1,1,1768980399,2026-01-21 02:29:22
66dc1d0c-0aca-11e7-82f6-3863bb44ef7c,17,12,5,11,1,1768980403,2026-01-21 02:29:22
4168e5a4-c7ec-4045-bfc8-84ac5edbe845,35,25,10,9,1,1768980402,2026-01-21 02:29:22
999865d2-0735-4e85-a9d4-00810231530e,7,2,5,14,1,1768980403,2026-01-21 02:29:22
2010065065442370322,0,0,0,23,1,1768980402,2026-01-21 02:29:22
2121032193446634360,3,1,2,8,1,1768980403,2026-01-21 02:29:22
f54ad1f8-fe58-49ac-82ae-b742aec66829,49,40,9,27,1,1768980403,2026-01-21 02:29:22
d8e02e7b-632b-4fbe-95b9-80efa47473e3,3,3,0,17,1,1768980403,2026-01-21 02:29:22
65a1b09d-560d-46bf-8f5d-7f59471a587e,2,1,1,19,1,1768980403,2026-01-21 02:29:22
18326827-dcae-47e0-8518-c4bb9e21eef6,28,0,28,3,1,1768980404,2026-01-21 02:29:22
66dc9223-0aca-11e7-82f6-3863bb44ef7c,4,1,3,80,1,1768980404,2026-01-21 02:29:22
66db7a0d-0aca-11e7-82f6-3863bb44ef7c,44,21,23,7,1,1768980400,2026-01-21 02:29:22
2436e886-dc53-47cb-8733-d663f9dcd922,3,2,1,21,1,1768980405,2026-01-21 02:29:22
66dd4bf7-0aca-11e7-82f6-3863bb44ef7c,15,11,4,27,1,1768980405,2026-01-21 02:29:22
1813395029173762108,41,41,0,0,1,1768980406,2026-01-21 02:29:22
e666a344-1afb-4512-b2e9-2fc5ed71be2b,0,0,0,23,1,1768980409,2026-01-21 02:29:22
b7c6ce96-a24d-4c1e-93ee-6f49c1adf119,3,1,2,12,1,1768980409,2026-01-21 02:29:22
66dd3fc3-0aca-11e7-82f6-3863bb44ef7c,21,16,5,19,1,1768980409,2026-01-21 02:29:22
e6f3c665-0c87-4f34-a5e8-69baeed7b7bf,7,2,5,13,1,1768980410,2026-01-21 02:29:22
f3b359e2-7983-4aaf-b6b0-e3b7d30816a4,18,4,14,1,1,1768980407,2026-01-21 02:29:22
b319c797-71ff-490c-b965-ba2ac0f50da0,4,3,1,13,1,1768980406,2026-01-21 02:29:22
a6a132f9-89bf-42a4-afe6-1ca449b7f570,7,6,1,11,1,1768980405,2026-01-21 02:29:22
1828969726487003714,8,1,7,10,1,1768980406,2026-01-21 02:29:22
fea72f55-d296-47af-9446-149688dcccbd,1,1,0,14,1,1768980406,2026-01-21 02:29:22
bc512527-7863-48d5-aea8-3de470abc1ee,7,4,3,11,1,1768980410,2026-01-21 02:29:22
1815968422007427668,8,2,6,11,1,1768980410,2026-01-21 02:29:22
66db3ba0-0aca-11e7-82f6-3863bb44ef7c,50,42,8,20,1,1768980408,2026-01-21 02:29:22
1a5eae13-8f27-4875-8330-a796c95f8ad6,2,0,2,14,1,1768980407,2026-01-21 02:29:22
7a15d81b-357e-42e0-b208-93ffd562fd63,1,0,1,24,1,1768980410,2026-01-21 02:29:22
17aba164-9d41-4336-9767-2218b8994ded,14,3,11,8,1,1768980410,2026-01-21 02:29:22
66dc90d5-0aca-11e7-82f6-3863bb44ef7c,35,25,10,0,1,1768980412,2026-01-21 02:29:22
4a4c7548-2466-48ef-8d7e-0aa4d6acb69e,3,1,2,17,1,1768980413,2026-01-21 02:29:22
55146e49-9bc4-4f13-bdf7-25422342b638,1,1,0,16,1,1768980412,2026-01-21 02:29:22
b7d7543b-74ac-4a48-a3c4-412f9ffbc727,11,0,11,13,1,1768980413,2026-01-21 02:29:22
1846086463217404850,23,8,15,1,1,1768980413,2026-01-21 02:29:22
66dcbf69-0aca-11e7-82f6-3863bb44ef7c,8,5,3,10,1,1768980413,2026-01-21 02:29:22
66db8ca4-0aca-11e7-82f6-3863bb44ef7c,45,24,21,14,1,1768980414,2026-01-21 02:29:22
efa2a82f-eb4a-4b82-a602-6c42cb984101,4,2,2,13,1,1768980414,2026-01-21 02:29:22
eb8fcff2-6f58-4724-b564-ebc9a8d374d8,17,1,16,1,1,1768980414,2026-01-21 02:29:22
d08be53f-9691-4d6f-81f3-7d052abb7dd6,4,2,2,14,1,1768980415,2026-01-21 02:29:22
1908785111291682996,5,2,3,13,1,1768980415,2026-01-21 02:29:22
e4980fd0-e540-40ca-acba-c2a74f3294fc,3,3,0,20,1,1768980413,2026-01-21 02:29:22
66dbcf18-0aca-11e7-82f6-3863bb44ef7c,63,16,47,10,1,1768980415,2026-01-21 02:29:22
d946ce73-5487-4ab7-b429-cf873e9af5b5,11,2,9,8,1,1768980415,2026-01-21 02:29:22
66dc79e6-0aca-11e7-82f6-3863bb44ef7c,2,1,1,20,1,1768980416,2026-01-21 02:29:22
77463580-6421-403d-b170-f2660c216175,2,2,0,21,1,1768980412,2026-01-21 02:29:22
1843486189591985058,0,0,0,22,1,1768980411,2026-01-21 02:29:22
1817431953833509324,10,3,7,11,1,1768980411,2026-01-21 02:29:22
1843486667668726558,22,2,20,2,1,1768980411,2026-01-21 02:29:22
1862759079900600428,1,0,1,17,1,1768980411,2026-01-21 02:29:22
b7df61c0-8ead-46cb-9d6e-a6a3011ffb71,6,1,5,19,1,1768980412,2026-01-21 02:29:22
1814906873296976512,6,0,6,14,1,1768980416,2026-01-21 02:29:22
66dd243c-0aca-11e7-82f6-3863bb44ef7c,42,4,38,35,1,1768980416,2026-01-21 02:29:22
1820420224296772166,15,7,8,8,1,1768980416,2026-01-21 02:29:22
66de103b-0aca-11e7-82f6-3863bb44ef7c,15,8,7,5,1,1768980416,2026-01-21 02:29:22
66dd4f31-0aca-11e7-82f6-3863bb44ef7c,12,10,2,22,1,1768980421,2026-01-21 02:29:22
c02864f0-2611-440b-98f4-45fddfd545fe,20,2,18,3,1,1768980421,2026-01-21 02:29:22
1843486597735840252,17,3,14,5,1,1768980421,2026-01-21 02:29:22
66dc8bfd-0aca-11e7-82f6-3863bb44ef7c,25,12,13,25,1,1768980421,2026-01-21 02:29:22
8f72fe26-98aa-4e87-a612-9ae0eb1d9a38,19,2,17,1,1,1768980421,2026-01-21 02:29:22
1849009244468810224,16,1,15,3,1,1768980421,2026-01-21 02:29:22
62e2b1dd-ca52-4e1c-a112-1d8846b9d9b5,15,3,12,2,1,1768980421,2026-01-21 02:29:22
66de269c-0aca-11e7-82f6-3863bb44ef7c,12,7,5,20,1,1768980417,2026-01-21 02:29:22
1934770108420609000,1,0,1,16,1,1768980417,2026-01-21 02:29:22
16a4effc-282e-4053-b47b-31f734d50c08,15,2,13,7,1,1768980417,2026-01-21 02:29:22
1880643915885220532,4,4,0,26,1,1768980417,2026-01-21 02:29:22
e982e1cb-7e7b-4769-85b8-565925200654,6,0,6,18,1,1768980419,2026-01-21 02:29:22
5d994b32-b7a5-450d-9bbb-93bf3b03e6d5,0,0,0,17,1,1768980419,2026-01-21 02:29:22
5f7ac86c-1a98-4603-8749-4bb83ac84acd,21,18,3,31,1,1768980419,2026-01-21 02:29:22
66dd266a-0aca-11e7-82f6-3863bb44ef7c,29,3,26,3,1,1768980418,2026-01-21 02:29:22
66dc24b8-0aca-11e7-82f6-3863bb44ef7c,39,4,35,30,1,1768980418,2026-01-21 02:29:22
66db33fc-0aca-11e7-82f6-3863bb44ef7c,27,19,8,40,1,1768980420,2026-01-21 02:29:22
189f573b-a2d0-40d2-af15-83c5015d93e2,6,6,0,17,1,1768980420,2026-01-21 02:29:22
1877653505745721834,4,3,1,15,1,1768980422,2026-01-21 02:29:22
66dd20eb-0aca-11e7-82f6-3863bb44ef7c,34,26,8,0,1,1768980422,2026-01-21 02:29:22
c4d6b123-df5a-446d-b0ae-d3c4846565d5,9,6,3,15,1,1768980422,2026-01-21 02:29:22
48e7e465-f861-452a-9bf7-7eacd0b2bcac,19,0,19,0,1,1768980422,2026-01-21 02:29:22
1945126257666675246,10,5,5,11,1,1768980422,2026-01-21 02:29:22
66de0bcb-0aca-11e7-82f6-3863bb44ef7c,15,11,4,40,1,1768980422,2026-01-21 02:29:22
39f756c2-3904-463e-95a8-8d8e3540e845,50,24,26,16,1,1768980420,2026-01-21 02:29:22
66dce4fc-0aca-11e7-82f6-3863bb44ef7c,7,2,5,18,1,1768980420,2026-01-21 02:29:22
5f968a1b-ee60-43a0-ad25-05211e09e436,9,4,5,11,1,1768980422,2026-01-21 02:29:22
66dea52b-0aca-11e7-82f6-3863bb44ef7c,2,1,1,16,1,1768980422,2026-01-21 02:29:22
f06c01c3-fd7f-443c-a0c7-fc9233d77f6a,2,2,0,19,1,1768980423,2026-01-21 02:29:22
b9c209b2-6284-4f5a-a32a-680ef9da1c1f,0,0,0,18,1,1768980423,2026-01-21 02:29:22
15e1568b-f502-47a2-9d3d-b5aaa1edc239,5,2,3,14,1,1768980423,2026-01-21 02:29:22
2868db5b-df51-4c36-8515-ef77a5b092c2,16,0,16,0,1,1768980424,2026-01-21 02:29:22
380394f7-64fa-4a65-a4d1-7bcaddd41fab,15,9,6,4,1,1768980424,2026-01-21 02:29:22
1975559886658995034,0,0,0,24,1,1768980425,2026-01-21 02:29:22
c042a307-2d7d-4ee9-95b7-a7505a3428c2,16,10,6,19,1,1768980425,2026-01-21 02:29:22
c45aa693-fedd-478f-ade9-bf176c4e32ff,7,1,6,12,1,1768980427,2026-01-21 02:29:22
1828965887815635862,3,1,2,18,1,1768980428,2026-01-21 02:29:22
1882735457106787122,18,11,7,7,1,1768980428,2026-01-21 02:29:22
2132211694027383298,15,8,7,1,1,1768980428,2026-01-21 02:29:22
e72f0aec-2293-4636-988c-b9d30df092f8,34,29,5,5,1,1768980428,2026-01-21 02:29:22
1851674088959433552,5,1,4,16,1,1768980428,2026-01-21 02:29:22
1841926579628419438,3,2,1,14,1,1768980428,2026-01-21 02:29:22
66dc1e55-0aca-11e7-82f6-3863bb44ef7c,10,5,5,52,1,1768980425,2026-01-21 02:29:22
1876864480506022446,16,0,16,5,1,1768980426,2026-01-21 02:29:22
1845677022981917240,13,1,12,4,1,1768980426,2026-01-21 02:29:22
b9deb521-41b6-4f8a-ac78-0e58e3977f2c,11,0,11,13,1,1768980426,2026-01-21 02:29:22
1833865926273309136,13,7,6,47,1,1768980426,2026-01-21 02:29:22
2121032507515216178,8,2,6,2,1,1768980427,2026-01-21 02:29:22
52e81f02-b1f9-45d6-9e5c-e15277de1268,5,3,2,18,1,1768980428,2026-01-21 02:29:22
2142879839954225698,4,1,3,12,1,1768980429,2026-01-21 02:29:22
64de0666-b9ab-404e-a16b-03e449bb5b4d,5,5,0,13,1,1768980429,2026-01-21 02:29:22
1947001743402778700,4,1,3,17,1,1768980429,2026-01-21 02:29:22
1880643497376459348,0,0,0,25,0,1768903727,2026-01-21 02:29:22
a70b26b7-fbad-4787-bf15-29f7b13a19ab,4,1,3,16,1,1768980433,2026-01-21 02:29:22
1786696564295760054,9,6,3,17,1,1768980434,2026-01-21 02:29:22
66db631c-0aca-11e7-82f6-3863bb44ef7c,60,45,15,14,1,1768980435,2026-01-21 02:29:22
aa0e6301-4162-428d-8943-7b684089b0d1,5,0,5,13,1,1768980431,2026-01-21 02:29:22
1860188069348460678,22,3,19,0,1,1768980432,2026-01-21 02:29:22
b930dd82-92d0-4d86-b896-7d8b827c2d5f,1,0,1,16,1,1768980432,2026-01-21 02:29:22
66dcf023-0aca-11e7-82f6-3863bb44ef7c,14,7,7,5,1,1768980435,2026-01-21 02:29:22
2009671276352543716,10,10,0,10,1,1768980435,2026-01-21 02:29:22
7f1b4c40-d9fa-4182-be0e-a993655cfb6f,20,12,8,2,1,1768980435,2026-01-21 02:29:22
7f6674c4-5568-4766-b172-0385348ae184,3,3,0,17,1,1768980436,2026-01-21 02:29:22
66ddea2a-0aca-11e7-82f6-3863bb44ef7c,54,18,36,18,1,1768980430,2026-01-21 02:29:22
9719498d-bd5c-4424-86ac-dfe0795c57d1,5,2,3,16,1,1768980430,2026-01-21 02:29:22
66dc741f-0aca-11e7-82f6-3863bb44ef7c,51,44,7,14,1,1768980430,2026-01-21 02:29:22
1864605659096685518,0,0,0,17,1,1768980429,2026-01-21 02:29:22
145bbc0d-8976-45ae-9565-158ba564d3d1,21,6,15,4,1,1768980430,2026-01-21 02:29:22
bde94a25-6089-4490-af3a-8cc5702230b8,88,71,17,11,1,1768980436,2026-01-21 02:29:22
1860188607062574024,2,0,2,16,1,1768980437,2026-01-21 02:29:22
e6b6c6e2-5fcb-47cd-8f2d-4324b7c977c8,4,3,1,15,1,1768980437,2026-01-21 02:29:22
324af152-33ea-48a7-8bb0-ad8b6f31571f,37,6,31,8,1,1768980437,2026-01-21 02:29:22
1820420022433309054,24,10,14,0,1,1768980431,2026-01-21 02:29:22
4543214c-c9d4-4f20-9cd9-dd05cc365931,40,32,8,6,1,1768980431,2026-01-21 02:29:22
66db2e3a-0aca-11e7-82f6-3863bb44ef7c,50,42,8,0,1,1768980431,2026-01-21 02:29:22
1848241963446241866,16,9,7,1,1,1768980439,2026-01-21 02:29:22
bb07a569-cc74-439e-b424-916c0304f136,13,12,1,15,1,1768980439,2026-01-21 02:29:22
1871972060496771504,2,2,0,15,1,1768980439,2026-01-21 02:29:22
66dc9143-0aca-11e7-82f6-3863bb44ef7c,13,6,7,22,1,1768980439,2026-01-21 02:29:22
40914c6b-293d-49ac-b83a-d9d4af998aea,9,6,3,9,1,1768980439,2026-01-21 02:29:22
cd72b9da-b7c6-4785-92b5-0fb2130f0d7b,0,0,0,22,1,1768980438,2026-01-21 02:29:22
c8060816-b4aa-4fd9-bc66-af28bf61dc87,1,1,0,20,1,1768980439,2026-01-21 02:29:22
33c533cd-5f0e-4c15-a00a-6a2bf1e2d077,21,17,4,40,1,1768980439,2026-01-21 02:29:22
1849008925260421550,15,1,14,6,1,1768980442,2026-01-21 02:29:22
1869753340438110380,6,0,6,12,1,1768980441,2026-01-21 02:29:22
2124426189188761638,13,13,0,1,1,1768980437,2026-01-21 02:29:22
1838070626762830158,8,3,5,12,1,1768980437,2026-01-21 02:29:22
7cb65297-c880-459a-b054-4e059576c02a,3,2,1,16,1,1768980437,2026-01-21 02:29:22
1848241425697670086,33,10,23,3,1,1768980437,2026-01-21 02:29:22
0cc38ba1-4625-4821-9a6f-e490525cbce2,5,4,1,14,1,1768980439,2026-01-21 02:29:22
1814900752968579218,12,0,12,9,1,1768980440,2026-01-21 02:29:22
01839a78-f228-4706-8f7f-147b857492f2,2,1,1,16,1,1768980443,2026-01-21 02:29:22
1838071090619298218,17,11,6,12,1,1768980443,2026-01-21 02:29:22
66de88d7-0aca-11e7-82f6-3863bb44ef7c,24,19,5,22,1,1768980443,2026-01-21 02:29:22
d11db4cd-f9bf-430b-ac19-104fef323b24,2,2,0,18,1,1768980443,2026-01-21 02:29:22
2142879485385917038,15,13,2,15,1,1768980443,2026-01-21 02:29:22
1893519215751496610,31,1,30,0,1,1768980443,2026-01-21 02:29:22
0e5be726-2452-42a0-9be8-ea85c8408e4c,9,5,4,12,1,1768980443,2026-01-21 02:29:22
1835249317786962140,0,0,0,26,1,1768980447,2026-01-21 02:29:22
66de110b-0aca-11e7-82f6-3863bb44ef7c,22,4,18,16,1,1768980447,2026-01-21 02:29:22
66de1368-0aca-11e7-82f6-3863bb44ef7c,38,14,24,0,1,1768980447,2026-01-21 02:29:22
f882ccc8-45aa-426b-aef6-514fe1d3d9cc,11,6,5,18,1,1768980447,2026-01-21 02:29:22
50575cba-95ac-4134-9da1-3eec8253afc4,5,2,3,31,1,1768980447,2026-01-21 02:29:22
4753c893-e4bd-4d6a-bc4d-42209a19ebeb,1,1,0,16,1,1768980448,2026-01-21 02:29:22
1838685618105506490,0,0,0,18,1,1768980447,2026-01-21 02:29:22
66db479e-0aca-11e7-82f6-3863bb44ef7c,26,9,17,10,1,1768980446,2026-01-21 02:29:22
db91c9e0-d80b-4cb4-9cc2-9453ec8fbeac,1,1,0,16,1,1768980446,2026-01-21 02:29:22
40eaa69a-d3ab-48fc-b395-b5bdc6a1aa85,9,2,7,10,1,1768980446,2026-01-21 02:29:22
2121033322026834516,10,0,10,3,1,1768980446,2026-01-21 02:29:22
1835247745828931742,1,0,1,18,1,1768980446,2026-01-21 02:29:22
199ea9dd-8f7e-4e05-a730-55edaacd8787,7,6,1,50,1,1768980447,2026-01-21 02:29:22
e6c2a46e-431a-4101-af84-870f660ff4cb,7,7,0,61,1,1768980443,2026-01-21 02:29:22
ea9a19a6-acea-4286-a723-b5481c90a3c0,24,2,22,1,1,1768980444,2026-01-21 02:29:22
1786697166576476490,32,27,5,13,1,1768980444,2026-01-21 02:29:22
daefc84c-1b16-4220-8e1f-10ea4866fdc7,55,51,4,49,1,1768980444,2026-01-21 02:29:22
2123939077451327830,3,0,3,7,1,1768980444,2026-01-21 02:29:22
9e0b3452-ef6d-4e94-8c05-7bef199cdb74,7,3,4,13,1,1768980444,2026-01-21 02:29:22
1198e739-787c-4ce4-aa63-ffaf98506e9c,4,0,4,58,1,1768980448,2026-01-21 02:29:22
1835247469495105628,3,0,3,18,1,1768980449,2026-01-21 02:29:22
66de4f9c-0aca-11e7-82f6-3863bb44ef7c,23,1,22,6,1,1768980448,2026-01-21 02:29:22
d1c204d7-d575-417d-b134-6ebdf7e99f98,12,11,1,9,1,1768980449,2026-01-21 02:29:22
ffef95fa-600b-4f08-b2ce-e8eb034ebfd8,17,17,0,14,1,1768980449,2026-01-21 02:29:22
6ca15d94-897a-4c81-ab47-366829afb7c4,0,0,0,22,1,1768980449,2026-01-21 02:29:22
48b19cc8-bf45-4602-89ac-a8c0a0560c43,17,7,10,2,1,1768980450,2026-01-21 02:29:22
3db2fa34-0b56-4644-9ae9-bbee1583e717,10,5,5,15,1,1768980445,2026-01-21 02:29:22
3bf69f3e-23f6-4abe-b5fe-dabe6b0ea066,16,15,1,7,1,1768980445,2026-01-21 02:29:22
d7f55e1b-12db-49d1-9cd8-4fb464745841,11,1,10,14,1,1768980448,2026-01-21 02:29:22
bb0ce308-e5d9-48c7-9f4b-cf0120f2c39a,0,0,0,23,1,1768980448,2026-01-21 02:29:22
2127386600787000162,2,2,0,23,1,1768980448,2026-01-21 02:29:22
a90e9ad3-4347-4fa4-b031-9bf1f69ce049,3,2,1,15,1,1768980448,2026-01-21 02:29:22
66dd51e6-0aca-11e7-82f6-3863bb44ef7c,29,24,5,44,1,1768980445,2026-01-21 02:29:22
1828967346753327602,7,1,6,11,1,1768980445,2026-01-21 02:29:22
3f031133-ec95-4a92-9d63-2ae28183f498,18,17,1,1,1,1768980445,2026-01-21 02:29:22
66dc82ef-0aca-11e7-82f6-3863bb44ef7c,24,22,2,36,1,1768980454,2026-01-21 02:29:22
66dc22a7-0aca-11e7-82f6-3863bb44ef7c,25,9,16,19,1,1768980454,2026-01-21 02:29:22
66dc85bb-0aca-11e7-82f6-3863bb44ef7c,39,29,10,0,1,1768980454,2026-01-21 02:29:22
29223935-a682-411c-9f25-577bbb9804fc,17,1,16,0,1,1768980454,2026-01-21 02:29:22
a76299eb-73f7-401c-aa8b-edff9ef003bd,31,13,18,9,1,1768980455,2026-01-21 02:29:22
b47e5ffd-4215-4476-a89b-ebe52111f763,21,0,21,14,1,1768980455,2026-01-21 02:29:22
9991b75b-a9ba-4abc-bf84-0108291be05a,10,1,9,14,1,1768980455,2026-01-21 02:29:22
4d674595-187c-417c-a691-676c4446c9fc,10,4,6,12,1,1768980453,2026-01-21 02:29:22
66db6889-0aca-11e7-82f6-3863bb44ef7c,5,5,0,26,1,1768980453,2026-01-21 02:29:22
66dc48ef-0aca-11e7-82f6-3863bb44ef7c,35,35,0,28,1,1768980453,2026-01-21 02:29:22
1864606193814670106,6,1,5,16,1,1768980453,2026-01-21 02:29:22
66db46d7-0aca-11e7-82f6-3863bb44ef7c,15,8,7,14,1,1768980453,2026-01-21 02:29:22
1861683747231494964,4,3,1,12,1,1768980454,2026-01-21 02:29:22
2cd651e7-1e3a-4cd9-8fd1-a2416e032f6e,2,2,0,21,1,1768980454,2026-01-21 02:29:22
f72a253f-3cef-4da8-9591-0cbd3a692162,32,20,12,10,1,1768980451,2026-01-21 02:29:22
52dd11f4-bbd0-49ab-912b-06fac40d275d,18,10,8,10,1,1768980451,2026-01-21 02:29:22
c9cd8c29-7f0b-4979-9a0e-bec4613d2600,0,0,0,19,1,1768980451,2026-01-21 02:29:22
77b21502-a7a2-40b4-8f3e-f9c6c6ef0939,11,1,10,14,1,1768980452,2026-01-21 02:29:22
66db3708-0aca-11e7-82f6-3863bb44ef7c,17,2,15,21,1,1768980452,2026-01-21 02:29:22
b03adb87-2bd9-43a5-a822-7d06a9ee2d81,23,0,23,6,1,1768980451,2026-01-21 02:29:22
66de3fde-0aca-11e7-82f6-3863bb44ef7c,2,1,1,21,1,1768980452,2026-01-21 02:29:22
7f3aa940-18ef-4900-89dc-cdb05f693f31,3,1,2,16,1,1768980452,2026-01-21 02:29:22
a724eb92-55ca-4b9f-9a87-c2e87b3cbd40,1,1,0,19,1,1768980455,2026-01-21 02:29:22
87091002-cc25-452a-b5d9-f8d0c3fce422,1,1,0,22,1,1768980455,2026-01-21 02:29:22
2b33334b-243c-4a16-a6d2-32304c8884f1,2,2,0,18,1,1768980455,2026-01-21 02:29:22
1815967674683118258,21,0,21,2,1,1768980450,2026-01-21 02:29:22
b64eb0a5-d6d4-4f45-8c9a-e2d004819c99,7,2,5,11,1,1768980451,2026-01-21 02:29:22
514f3dda-4d08-464c-b2d4-5706d400065a,2,1,1,14,1,1768980358,2026-01-21 02:29:22
4d4a3e7b-1005-4bfd-8680-340a20cacbee,17,9,8,4,1,1768980359,2026-01-21 02:29:22
1828964993433043090,0,0,0,5,0,1768956955,2026-01-21 02:29:22
66dd4ac1-0aca-11e7-82f6-3863bb44ef7c,9,8,1,28,1,1768980355,2026-01-21 02:29:22
31f340f3-3201-449e-b017-a26813aa448f,4,3,1,14,1,1768980362,2026-01-21 02:29:22
ebce9ecb-9678-4c42-89d7-08e54bc6fe90,3,3,0,15,1,1768980361,2026-01-21 02:29:22
5600446d-a00a-45e6-9dc3-550adfd63e39,3,3,0,15,1,1768980360,2026-01-21 02:29:22
ccaadb70-6c87-4ccc-9914-a3167bd1bc0e,6,3,3,24,1,1768980361,2026-01-21 02:29:22
be435dfd-e859-487c-ae32-3d2b76d49a49,13,3,10,5,1,1768980361,2026-01-21 02:29:22
a37bd0e0-d1e9-4302-9ff7-286e415aff1c,17,9,8,0,1,1768980361,2026-01-21 02:29:22
1838618090943186984,19,2,17,4,1,1768980363,2026-01-21 02:29:22
c56739c2-b310-4d73-ab0e-b6036abd9561,20,3,17,5,1,1768980363,2026-01-21 02:29:22
66db3f62-0aca-11e7-82f6-3863bb44ef7c,23,3,20,32,1,1768980359,2026-01-21 02:29:22
6651fc84-09d1-4cdb-a8d5-7d6345fb3466,13,1,12,4,1,1768980364,2026-01-21 02:29:22
66ddb6d9-0aca-11e7-82f6-3863bb44ef7c,50,17,33,14,1,1768980364,2026-01-21 02:29:22
bd30f2a1-38ec-474d-9e36-07f688e87427,14,9,5,1,1,1768980361,2026-01-21 02:29:22
66dbebad-0aca-11e7-82f6-3863bb44ef7c,27,14,13,21,1,1768980362,2026-01-21 02:29:22
a1112e04-bc50-4782-b3d6-bb5902c0e8db,2,2,0,19,1,1768980359,2026-01-21 02:29:22
774c5443-d463-42b3-bfc5-b0ab3c56fe35,21,21,0,11,1,1768980359,2026-01-21 02:29:22
66db9cc4-0aca-11e7-82f6-3863bb44ef7c,13,6,7,24,1,1768980359,2026-01-21 02:29:22
02fb0f6a-b1dc-4e1c-97f8-fe70462670a3,22,2,20,3,1,1768980360,2026-01-21 02:29:22
66dc7de9-0aca-11e7-82f6-3863bb44ef7c,100,68,32,14,1,1768980367,2026-01-21 02:29:22
9a37d8a1-990b-484c-9603-262dbd1165cc,6,2,4,12,1,1768980367,2026-01-21 02:29:22
e73cf71b-db05-44f9-b57a-689d65320d68,2,0,2,28,1,1768980367,2026-01-21 02:29:22
b1e496f1-43cf-48d0-be49-ab0d760c00bf,3,0,3,25,1,1768980365,2026-01-21 02:29:22
66db6da2-0aca-11e7-82f6-3863bb44ef7c,45,37,8,6,1,1768980365,2026-01-21 02:29:22
1836581441921155232,8,7,1,10,1,1768980368,2026-01-21 02:29:22
426862de-f8f2-4967-ba41-76680a4b460c,5,4,1,13,1,1768980369,2026-01-21 02:29:22
8e631be4-1e0c-4627-a261-18f0003d0ba2,7,5,2,34,1,1768980369,2026-01-21 02:29:22
fe65853e-b20a-4250-9677-2aa177283b72,10,1,9,9,1,1768980367,2026-01-21 02:29:22
bdcbd89b-9ae0-461b-aa1d-7db7ead07400,17,3,14,9,1,1768980371,2026-01-21 02:29:22
01b7973e-c92e-4fbe-890e-2c24de33ce0e,11,2,9,7,1,1768980371,2026-01-21 02:29:22
1817432233006383832,20,1,19,2,1,1768980372,2026-01-21 02:29:22
66dcccfe-0aca-11e7-82f6-3863bb44ef7c,3,0,3,13,1,1768980373,2026-01-21 02:29:22
9b4a92ae-cefe-467a-8e35-5ce02d4f3a45,4,1,3,14,1,1768980374,2026-01-21 02:29:22
0c923abb-298a-4a47-b132-9fae73cc59e6,29,23,6,12,1,1768980370,2026-01-21 02:29:22
2018303498843153278,24,10,14,4,1,1768980373,2026-01-21 02:29:22
1885718199416500650,10,2,8,13,1,1768980372,2026-01-21 02:29:22
e10a6e12-d98c-4625-940a-9f83d9b2f6c4,17,4,13,4,1,1768980372,2026-01-21 02:29:22
1814907062275537820,15,3,12,12,1,1768980381,2026-01-21 02:29:22
fac701fb-c433-496e-933b-ea137dbe7fe1,4,1,3,13,1,1768980381,2026-01-21 02:29:22
6ae35aa8-644e-4b2c-b6a4-6570192f78ab,14,0,14,15,1,1768980381,2026-01-21 02:29:22
101c813e-02a8-4b6b-bd5d-981c1ea62019,3,3,0,18,1,1768980380,2026-01-21 02:29:22
92a51669-deec-45a9-8494-fafdf6356c51,6,3,3,26,1,1768980380,2026-01-21 02:29:22
66dc3f08-0aca-11e7-82f6-3863bb44ef7c,100,78,22,0,1,1768980379,2026-01-21 02:29:22
868586b3-ddc7-4b4b-9bed-a1e487033aaa,43,11,32,2,1,1768980374,2026-01-21 02:29:22
f752c376-3a6f-4cd3-b9fd-3c049d45a9a6,3,1,2,15,1,1768980384,2026-01-21 02:29:22
1817432954560889524,8,0,8,12,1,1768980384,2026-01-21 02:29:22
a958a8af-a0cc-4bca-9114-93c74ce3c693,4,4,0,18,1,1768980384,2026-01-21 02:29:22
2e5cde21-f0a2-4396-899e-6df275e99212,5,5,0,15,1,1768980383,2026-01-21 02:29:22
5e93b806-08e1-4ef9-98ae-d3dda20e0469,19,15,4,5,1,1768980383,2026-01-21 02:29:22
66dcf640-0aca-11e7-82f6-3863bb44ef7c,21,6,15,4,1,1768980383,2026-01-21 02:29:22
0eacb768-c7d5-4499-9182-9a1331d9280c,25,0,25,3,1,1768980384,2026-01-21 02:29:22
1859811213834095332,15,0,15,9,1,1768980385,2026-01-21 02:29:22
c29c9178-bcb1-4c0c-b789-f4a89512a4e4,2,0,2,17,1,1768980386,2026-01-21 02:29:22
6a52ceae-3b97-487a-9438-de844bfbf1c2,9,4,5,10,1,1768980387,2026-01-21 02:29:22
852218fc-5e5b-4153-bc3f-03760b57e68a,4,0,4,17,1,1768980388,2026-01-21 02:29:22
e1a3f2f9-618f-4727-b2d6-676e02aadf17,12,3,9,6,1,1768980386,2026-01-21 02:29:22
1846085533896197012,20,1,19,0,1,1768980383,2026-01-21 02:29:22
fb180cce-96ee-4e66-b3ce-000f3db6e670,2,2,0,28,1,1768980384,2026-01-21 02:29:22
66dc8768-0aca-11e7-82f6-3863bb44ef7c,24,11,13,16,1,1768980388,2026-01-21 02:29:22
66db89a3-0aca-11e7-82f6-3863bb44ef7c,59,8,51,14,1,1768980389,2026-01-21 02:29:22
66dc9068-0aca-11e7-82f6-3863bb44ef7c,21,6,15,51,1,1768980389,2026-01-21 02:29:22
1834145468418707676,13,0,13,5,1,1768980389,2026-01-21 02:29:22
66ddef96-0aca-11e7-82f6-3863bb44ef7c,37,16,21,7,1,1768980389,2026-01-21 02:29:22
3ff00115-e8da-4326-97d3-7bf4fe4df7a5,2,1,1,17,1,1768980392,2026-01-21 02:29:22
66de44ba-0aca-11e7-82f6-3863bb44ef7c,32,16,16,5,1,1768980391,2026-01-21 02:29:22
2124425670552673214,1,1,0,12,1,1768980314,2026-01-21 02:29:22
1815967051912860522,22,0,22,7,1,1768980462,2026-01-21 02:29:22
66dcca0d-0aca-11e7-82f6-3863bb44ef7c,3,0,3,19,1,1768980462,2026-01-21 02:29:22
8ef6ec7d-e898-4edc-8f3f-af888f8c5ef4,4,0,4,17,1,1768980461,2026-01-21 02:29:22
9d23b0e9-a478-407c-a0e0-0aff1b0398fc,1,1,0,20,1,1768980462,2026-01-21 02:29:22
753591ba-36f7-4ded-ab7d-40df9994a05f,11,6,5,12,1,1768980462,2026-01-21 02:29:22
c7ffe3fa-9cd6-4d35-9060-7d5822381442,41,29,12,33,1,1768980462,2026-01-21 02:29:22
66ddbd20-0aca-11e7-82f6-3863bb44ef7c,91,70,21,2,1,1768980462,2026-01-21 02:29:22
81640d04-c36a-4fb1-98b0-85be10be516c,7,0,7,13,1,1768980458,2026-01-21 02:29:22
94771406-6712-4508-9392-11e9d90e1185,17,12,5,0,1,1768980459,2026-01-21 02:29:22
66dd2786-0aca-11e7-82f6-3863bb44ef7c,19,5,14,6,1,1768980459,2026-01-21 02:29:22
cc7b86cf-a2fb-4738-b967-de7b197dc930,0,0,0,40,1,1768980459,2026-01-21 02:29:22
1860187430946456420,1,0,1,17,1,1768980459,2026-01-21 02:29:22
1851254360969534132,7,5,2,17,1,1768980459,2026-01-21 02:29:22
22e38a04-e70d-4484-bbf3-f6e8c64fdbd4,5,4,1,18,1,1768980459,2026-01-21 02:29:22
0ebdda6a-37e4-4ff4-94e8-3947f49d8e24,3,1,2,19,1,1768980459,2026-01-21 02:29:22
1898455214498195676,3,2,1,16,1,1768980460,2026-01-21 02:29:22
d9bc0b3e-1af8-4cb6-a082-8ef1245ef329,7,3,4,20,1,1768980460,2026-01-21 02:29:22
1202a491-9f76-4609-9b5c-eb7723ab5b45,12,4,8,6,1,1768980460,2026-01-21 02:29:22
14f928c6-9a51-40a2-b7e6-a74e8b351dbf,11,3,8,10,1,1768980460,2026-01-21 02:29:22
2123939659270367896,8,3,5,8,1,1768980460,2026-01-21 02:29:22
fec4aa1b-9fc1-4dd9-ab39-c1d7370a6e54,6,0,6,15,1,1768980461,2026-01-21 02:29:22
b30815c0-99b6-451b-be15-902992cb8abb,50,46,4,7,1,1768980460,2026-01-21 02:29:22
d0b87aa7-7e19-40d2-8f7d-6a622e6ac391,4,1,3,19,1,1768980461,2026-01-21 02:29:22
c530a1cb-7c60-4651-be8a-9bfa5eb43f8a,28,20,8,6,1,1768980461,2026-01-21 02:29:22
1786699974232881542,6,1,5,14,1,1768980461,2026-01-21 02:29:22
8f672aa7-08a1-4fe2-a471-06f219c0eb1b,1,1,0,14,1,1768980463,2026-01-21 02:29:22
7380e377-936d-47d7-8abe-0f666d47465e,3,2,1,17,1,1768980463,2026-01-21 02:29:22
785b3e6b-dab5-4d25-afab-e2a1ef918669,10,2,8,14,1,1768980463,2026-01-21 02:29:22
3299ff79-36aa-42ef-b7f1-c40e95c8f570,19,0,19,25,1,1768980463,2026-01-21 02:29:22
03872f6b-a522-4c41-a4f2-5d0c41779e7b,0,0,0,19,1,1768980458,2026-01-21 02:29:22
923a60f7-2a0e-4a31-8dd5-66c8518c929e,7,2,5,12,1,1768980458,2026-01-21 02:29:22
66dc0bbd-0aca-11e7-82f6-3863bb44ef7c,28,8,20,9,1,1768980456,2026-01-21 02:29:22
dadd2084-d844-46f5-b7a4-128d31eeba8e,0,0,0,18,1,1768980457,2026-01-21 02:29:22
35b8b636-18d3-4860-b0a9-39c0bce96a10,12,1,11,15,1,1768980457,2026-01-21 02:29:22
7a771842-c090-4da1-8c13-72b7f4f50a87,16,0,16,18,1,1768980457,2026-01-21 02:29:22
9b721468-3b28-429d-9e13-580cdf00a6a4,15,1,14,7,1,1768980467,2026-01-21 02:29:22
55ccb271-7035-422e-bee1-20e84caa0217,36,0,36,11,1,1768980467,2026-01-21 02:29:22
66de1f7f-0aca-11e7-82f6-3863bb44ef7c,25,10,15,5,1,1768980467,2026-01-21 02:29:22
66db269c-0aca-11e7-82f6-3863bb44ef7c,19,19,0,11,1,1768980467,2026-01-21 02:29:22
5eac53d0-5510-441a-9dbb-76bd38acf4ef,1,0,1,15,1,1768980467,2026-01-21 02:29:22
2121032708855884414,7,3,4,8,1,1768980468,2026-01-21 02:29:22
ecbfcdb7-fffc-4d45-bed2-1510fd45834d,9,3,6,9,1,1768980467,2026-01-21 02:29:22
81a34754-ae08-47a6-964d-4733849a8fab,3,1,2,25,1,1768980468,2026-01-21 02:29:22
66db79a3-0aca-11e7-82f6-3863bb44ef7c,40,35,5,8,1,1768980468,2026-01-21 02:29:22
66dbcdfc-0aca-11e7-82f6-3863bb44ef7c,1,0,1,54,1,1768980468,2026-01-21 02:29:22
66dd43bd-0aca-11e7-82f6-3863bb44ef7c,16,14,2,29,1,1768980468,2026-01-21 02:29:22
1834145868297717964,4,0,4,14,1,1768980468,2026-01-21 02:29:22
8a13182a-4823-4fe7-afcd-a4ef0b134ed9,4,2,2,12,1,1768980468,2026-01-21 02:29:22
8456b63c-37c6-49a6-8c02-bb6dcfc35041,13,10,3,9,1,1768980469,2026-01-21 02:29:22
94bcf812-5cff-460c-841f-54876ed1e7a4,0,0,0,18,1,1768980469,2026-01-21 02:29:22
1877920686883352866,19,8,11,1,1,1768980463,2026-01-21 02:29:22
6908ae75-b9a1-4f20-b192-95dc43e858a8,7,2,5,9,1,1768980464,2026-01-21 02:29:22
1860189190334925058,3,0,3,18,1,1768980464,2026-01-21 02:29:22
66dc481a-0aca-11e7-82f6-3863bb44ef7c,68,37,31,0,1,1768980464,2026-01-21 02:29:22
7f8cb36a-2bf4-4d57-afbd-331310f25355,14,1,13,22,1,1768980466,2026-01-21 02:29:22
1786687245202023014,33,9,24,0,1,1768980466,2026-01-21 02:29:22
99142ec8-c0e7-47ca-916c-c1097d48e133,14,9,6,26,1,1768980467,2026-01-21 02:29:22
1906951766876655628,2,0,2,26,1,1768980464,2026-01-21 02:29:22
ed5c92f1-3293-4385-9e2b-9b716a096a19,15,15,0,47,1,1768980464,2026-01-21 02:29:22
bf317efc-13f1-42be-8243-373a29354033,4,1,3,21,1,1768980460,2026-01-21 02:29:22
66dde3b1-0aca-11e7-82f6-3863bb44ef7c,17,7,10,16,1,1768980460,2026-01-21 02:29:22
2121032035614514006,11,0,11,1,1,1768980464,2026-01-21 02:29:22
0cde9bcd-0dcb-45dc-9c9a-3e5485b5452e,0,0,0,17,1,1768980465,2026-01-21 02:29:22
8f1fdf4b-ecca-4f03-b04c-e10fe596e2c7,19,15,4,7,1,1768980465,2026-01-21 02:29:22
ddc8ca6c-dceb-4603-ab1e-4bd972ca2a3d,9,2,7,8,1,1768980466,2026-01-21 02:29:22
1786375597504305174,28,3,25,12,1,1768980465,2026-01-21 02:29:22
66dc7659-0aca-11e7-82f6-3863bb44ef7c,85,62,23,32,1,1768980465,2026-01-21 02:29:22
cf284d60-23e7-49ec-91dc-8bfedb59cb6a,17,1,16,3,1,1768980466,2026-01-21 02:29:22
66db5e6a-0aca-11e7-82f6-3863bb44ef7c,9,7,2,9,1,1768980472,2026-01-21 02:29:22
36025f2c-ee4d-4c1a-832d-733cf37f98ef,4,3,1,26,1,1768980472,2026-01-21 02:29:22
66dd23a9-0aca-11e7-82f6-3863bb44ef7c,12,10,2,15,1,1768980473,2026-01-21 02:29:22
68827e5f-ed28-45de-99bf-66093a8c504f,8,6,2,12,1,1768980473,2026-01-21 02:29:22
66db6d40-0aca-11e7-82f6-3863bb44ef7c,54,43,11,10,1,1768980473,2026-01-21 02:29:22
711ccb32-e1bc-4577-ac7b-50592cc9b8a0,23,7,16,1,1,1768980473,2026-01-21 02:29:22
1854537815365165328,0,0,0,19,1,1768980473,2026-01-21 02:29:22
5f2766b0-362e-49e5-ab09-05e2c4b6f626,0,0,0,18,1,1768980473,2026-01-21 02:29:22
2bf9addc-038b-48fe-8794-dde085c5e5dc,20,12,8,30,1,1768980473,2026-01-21 02:29:22
9e014047-d675-418b-a03c-84d974a25134,0,0,0,30,1,1768980473,2026-01-21 02:29:22
9c2a741d-7f3e-4aa1-b58b-db5c3e6bcb20,1,0,1,27,1,1768980474,2026-01-21 02:29:22
4775fd25-2240-44d7-884a-d777d15a9b5e,8,7,1,12,1,1768980473,2026-01-21 02:29:22
c0a3b8fe-ba64-4cbb-b010-f760998d6c3a,14,14,0,5,1,1768980474,2026-01-21 02:29:22
66dd18dd-0aca-11e7-82f6-3863bb44ef7c,12,5,7,13,1,1768980474,2026-01-21 02:29:22
0197e9da-ae03-40a7-8270-fe500bfc9e18,4,4,0,15,1,1768980474,2026-01-21 02:29:22
1a083890-e22b-4f81-8d98-567784034916,20,2,18,3,1,1768980474,2026-01-21 02:29:22
760ebaea-f7c7-45ad-aa3b-395d97adcf8f,7,0,7,15,1,1768980474,2026-01-21 02:29:22
1849009534951225816,5,1,4,11,1,1768980469,2026-01-21 02:29:22
1958457675193833900,11,4,7,11,1,1768980469,2026-01-21 02:29:22
1819720453019329398,3,0,3,18,1,1768980470,2026-01-21 02:29:22
66dd455e-0aca-11e7-82f6-3863bb44ef7c,31,30,1,6,1,1768980469,2026-01-21 02:29:22
2121032973750651666,3,0,3,10,1,1768980471,2026-01-21 02:29:22
2126623199408050430,10,2,8,6,1,1768980471,2026-01-21 02:29:22
2104278402820534724,23,6,17,16,1,1768980471,2026-01-21 02:29:22
66de542a-0aca-11e7-82f6-3863bb44ef7c,41,2,39,3,1,1768980471,2026-01-21 02:29:22
330ee4e3-29cb-48e5-845f-a8ccf1aa2ce6,2,0,2,24,1,1768980471,2026-01-21 02:29:22
4f57360d-a4cb-4568-b74a-f3086ccaee2e,7,3,4,13,1,1768980471,2026-01-21 02:29:22
1786697932047949952,8,4,4,15,1,1768980471,2026-01-21 02:29:22
66de59bd-0aca-11e7-82f6-3863bb44ef7c,18,5,13,4,1,1768980472,2026-01-21 02:29:22
989fdf95-cfb9-475c-ba0c-3152fd3a16e0,15,12,3,4,1,1768980472,2026-01-21 02:29:22
1861680889400379678,15,12,3,3,1,1768980470,2026-01-21 02:29:22
a82cc641-0926-4a63-b488-7060ab7dcd74,26,18,8,4,1,1768980470,2026-01-21 02:29:22
1856847127505992556,0,0,0,0,0,1768980474,2026-01-21 02:29:22
2124037656159914878,5,3,2,7,1,1768980474,2026-01-21 02:29:22
85ba92ab-8d0a-4d17-9d07-0173e16d3b6d,4,1,3,15,1,1768980474,2026-01-21 02:29:22
66dbf062-0aca-11e7-82f6-3863bb44ef7c,39,24,15,3,1,1768980471,2026-01-21 02:29:22
bb6bba3f-19a0-4ebb-a454-4ac678d9d62d,15,13,2,5,1,1768980474,2026-01-21 02:29:22
398aa734-3893-4dba-a704-57ae8632c4f9,6,5,1,15,1,1768980474,2026-01-21 02:29:22
1827839088308194240,104,90,14,12,1,1768980475,2026-01-21 02:29:22
9b7e3b8b-97ef-4038-820c-7cd1c1a34fc7,12,2,10,12,1,1768980474,2026-01-21 02:29:22
1854255035042870020,9,1,8,7,1,1768980475,2026-01-21 02:29:22
66db65aa-0aca-11e7-82f6-3863bb44ef7c,69,34,35,28,1,1768980475,2026-01-21 02:29:22
66db3997-0aca-11e7-82f6-3863bb44ef7c,11,0,11,65,1,1768980475,2026-01-21 02:29:22
2111353842893366258,0,0,0,31,1,1768980476,2026-01-21 02:29:22
c0a2d591-4eed-488b-b88b-0b23990e3756,17,0,17,1,1,1768980476,2026-01-21 02:29:22
66dca682-0aca-11e7-82f6-3863bb44ef7c,32,25,7,30,1,1768980476,2026-01-21 02:29:22
1887292564377354448,4,2,2,25,1,1768980476,2026-01-21 02:29:22
2098359443836787630,16,15,1,55,1,1768980476,2026-01-21 02:29:22
94624d6e-4150-4ab1-92ff-bf55cb58ab61,2,1,1,16,1,1768980476,2026-01-21 02:29:22
66db4282-0aca-11e7-82f6-3863bb44ef7c,51,23,28,24,1,1768980476,2026-01-21 02:29:22
8d2eff37-be09-4b46-a95d-abff89e16d56,8,0,8,9,1,1768980476,2026-01-21 02:29:22
66dde208-0aca-11e7-82f6-3863bb44ef7c,37,37,0,0,1,1768980476,2026-01-21 02:29:22
1804894168423871442,22,10,12,3,1,1768980476,2026-01-21 02:29:22
66dbca0f-0aca-11e7-82f6-3863bb44ef7c,46,34,12,10,1,1768980477,2026-01-21 02:29:22
514afe43-84d4-4941-8281-75a93c5cd365,6,2,4,10,1,1768980477,2026-01-21 02:29:22
9ac5758f-0419-4e28-8387-6bcd28db17fa,10,1,9,8,1,1768980477,2026-01-21 02:29:22
679dcf08-d88c-4d1b-b81d-fe9f4aabbff7,4,1,3,21,1,1768980477,2026-01-21 02:29:22
3f878b81-324e-4673-9221-43d34647e76f,11,0,11,4,1,1768980477,2026-01-21 02:29:22
afd76a0e-ceb8-4d18-a427-b378c4d07a75,20,4,16,9,1,1768980477,2026-01-21 02:29:22
2126579619522812246,12,5,7,1,1,1768980477,2026-01-21 02:29:22
1875023224873448258,8,0,8,12,1,1768980478,2026-01-21 02:29:22
ace80a8c-6196-484e-8dd0-061e3c90389b,2,1,1,27,1,1768980478,2026-01-21 02:29:22
d837d1b0-8f80-4f6c-ae45-5dd0deec6977,21,4,17,1,1,1768980478,2026-01-21 02:29:22
e2fc6d90-8deb-4e21-961d-9d5208c1f986,18,16,2,11,1,1768980478,2026-01-21 02:29:22
66dc864c-0aca-11e7-82f6-3863bb44ef7c,24,19,5,5,1,1768980478,2026-01-21 02:29:22
7d9a1b9e-0123-4561-a111-b3735fada687,5,0,5,17,1,1768980478,2026-01-21 02:29:22
c37931bb-8571-4671-a9a8-f3cf23897680,49,27,22,43,1,1768980478,2026-01-21 02:29:22
dc8223ad-4108-40a8-9ff5-35e8490b4077,0,0,0,0,0,86400,2026-01-21 02:29:22
2004153375425087884,0,0,0,0,0,86400,2026-01-21 02:29:22
1815968147129520346,0,0,0,0,0,86400,2026-01-21 02:29:22
1861683496445528180,0,0,0,0,0,86400,2026-01-21 02:29:22
66dc7a7d-0aca-11e7-82f6-3863bb44ef7c,0,0,0,0,0,1760532172,2026-01-21 02:29:22
2171904090179944948,0,0,0,0,0,86400,2026-01-21 02:29:22
2171902875345687974,0,0,0,0,0,86400,2026-01-21 02:29:22
2171902770580328596,0,0,0,0,0,86400,2026-01-21 02:29:22
66db473c-0aca-11e7-82f6-3863bb44ef7c,0,0,0,3,0,1768246235,2026-01-21 02:29:22
7bdd60e9-c0fd-40f6-aa9a-d5fa004d4fe3,9,3,6,10,1,1768980283,2026-01-21 02:29:22
158e7752-27e2-4912-be0b-eb15405aa096,9,3,6,11,1,1768980303,2026-01-21 02:29:22
1e83ffdc-8e72-45c0-8210-4f37e60505c9,16,5,11,18,1,1768980301,2026-01-21 02:29:22
9c147c77-11da-4d0b-8a21-a8042ec8031b,8,3,5,10,1,1768980351,2026-01-21 02:29:22
2022386456542683974,26,0,26,6,1,1768980398,2026-01-21 02:29:22
0f536c08-dde3-40af-a66d-1fe1e7edecd2,4,0,4,16,1,1768980398,2026-01-21 02:29:22
1851999409149780880,13,3,10,10,1,1768980398,2026-01-21 02:29:22
993fc83f-52c6-43f4-bb49-4abe4ad48150,0,0,0,18,1,1768980397,2026-01-21 02:29:22
1d167807-0aa8-413a-b7a0-01c2ca8a6a60,8,5,3,13,1,1768980400,2026-01-21 02:29:22
cac843c2-8b21-47bb-a3b9-712f95d7f7aa,18,3,15,0,1,1768980400,2026-01-21 02:29:22
96a0b676-e966-4d96-b04b-ceb8149cedcd,4,2,2,18,1,1768980400,2026-01-21 02:29:22
3d339282-d5c7-41ec-b634-6a988aefd440,3,1,2,14,1,1768980400,2026-01-21 02:29:22
5c3c345d-1975-400d-a9d8-18815816886e,18,9,9,36,1,1768980397,2026-01-21 02:29:22
28be450b-7878-4495-add2-61afd94f375a,18,9,9,1,1,1768980400,2026-01-21 02:29:22
c0c6a931-c1d3-4202-a433-c4127a4cd846,3,0,3,16,1,1768980401,2026-01-21 02:29:22
387e2863-83ad-4589-8004-794a7b624801,11,4,7,8,1,1768980401,2026-01-21 02:29:22
a3e2b360-f050-48ea-b8c8-57d897b8f7fc,2,0,2,14,1,1768980397,2026-01-21 02:29:22
cc758f1a-8b28-4ff5-bc75-fbe62c453378,1,1,0,19,1,1768980397,2026-01-21 02:29:22
6f21be51-6fde-4cde-b1db-b102a5f67300,21,3,18,0,1,1768980401,2026-01-21 02:29:22
1f872052-38c4-4701-96c4-c363de51c2b5,17,7,10,34,1,1768980407,2026-01-21 02:29:22
b0cc08dc-e7dd-48d1-8901-ba496f3ff2f5,38,34,4,1,1,1768980407,2026-01-21 02:29:22
ad41e353-033e-484f-8d76-78014e11e9d7,4,1,3,14,1,1768980407,2026-01-21 02:29:22
66dde845-0aca-11e7-82f6-3863bb44ef7c,14,12,2,20,1,1768980408,2026-01-21 02:29:22
1b22c037-207d-454a-90aa-8f22d0a8a7e3,21,7,14,0,1,1768980408,2026-01-21 02:29:22
66dd2811-0aca-11e7-82f6-3863bb44ef7c,13,0,13,29,1,1768980409,2026-01-21 02:29:22
bd1760ad-3af3-4ede-9bd7-c8fbf46d7192,4,2,2,17,1,1768980409,2026-01-21 02:29:22
1828969323789472168,8,1,7,8,1,1768980410,2026-01-21 02:29:22
66ddd369-0aca-11e7-82f6-3863bb44ef7c,44,34,10,17,1,1768980412,2026-01-21 02:29:22
547cdccc-7864-4898-97c9-8798d924ef54,52,19,33,13,1,1768980412,2026-01-21 02:29:22
b9d3134b-697f-4a0f-b90f-d95f6c69ffda,10,1,9,9,1,1768980410,2026-01-21 02:29:22
4eb6d6a8-ecc1-4e89-a586-4f96ed3d83e1,1,1,0,27,1,1768980411,2026-01-21 02:29:22
d7632897-a6eb-4f8f-9ab2-c66426620fbf,8,0,8,7,1,1768980411,2026-01-21 02:29:22
e612122d-e0fd-4ebf-8d51-0f48f9d1b580,13,2,11,7,1,1768980411,2026-01-21 02:29:22
724aeecc-8c91-4afc-b97c-72a98de452c9,1,0,1,16,1,1768980413,2026-01-21 02:29:22
1838999521825487230,19,0,19,0,1,1768980413,2026-01-21 02:29:22
c066c90a-efb1-4f8b-aa15-38ba4edd4ebc,6,1,5,14,1,1768980413,2026-01-21 02:29:22
66dbeded-0aca-11e7-82f6-3863bb44ef7c,12,0,12,11,1,1768980411,2026-01-21 02:29:22
ca4795a2-6ab3-4597-bf59-f0155ac1637c,11,6,5,53,1,1768980412,2026-01-21 02:29:22
9a52fbc1-d87a-4a65-941d-12fd55dbcdde,18,0,18,2,1,1768980408,2026-01-21 02:29:22
66dc2172-0aca-11e7-82f6-3863bb44ef7c,5,0,5,75,1,1768980408,2026-01-21 02:29:22
66de2556-0aca-11e7-82f6-3863bb44ef7c,18,9,9,60,1,1768980408,2026-01-21 02:29:22
66de867e-0aca-11e7-82f6-3863bb44ef7c,1,0,1,29,1,1768980464,2026-01-21 02:29:22
66db2fd0-0aca-11e7-82f6-3863bb44ef7c,4,2,2,26,1,1768980463,2026-01-21 02:29:22
66de2b97-0aca-11e7-82f6-3863bb44ef7c,32,23,9,5,1,1768980464,2026-01-21 02:29:22
d3f51f51-7e51-4c75-8600-d76916608707,4,2,2,23,1,1768980464,2026-01-21 02:29:22
66de099d-0aca-11e7-82f6-3863bb44ef7c,10,6,4,28,1,1768980463,2026-01-21 02:29:22
e780c290-0c52-4ab1-9719-a581be789df3,9,7,2,12,1,1768980463,2026-01-21 02:29:22
66db44e5-0aca-11e7-82f6-3863bb44ef7c,25,10,15,12,1,1768980463,2026-01-21 02:29:22
d7bdc3d7-6e6d-4899-9cc7-f4238a86c695,4,1,3,19,1,1768980463,2026-01-21 02:29:22
d8673258-9513-4ed2-86bf-bef62e7e4e30,1,1,0,15,1,1768980465,2026-01-21 02:29:22
002e6e9f-ced2-47b0-bc7e-ccf38c3b4b0f,7,2,5,12,1,1768980465,2026-01-21 02:29:22
66dc1c5c-0aca-11e7-82f6-3863bb44ef7c,47,31,16,28,1,1768980465,2026-01-21 02:29:22
66db7637-0aca-11e7-82f6-3863bb44ef7c,15,6,9,28,1,1768980462,2026-01-21 02:29:22
285ad3c2-3ffe-45bb-8765-9c20a69641a6,15,9,6,2,1,1768980462,2026-01-21 02:29:22
0109f17a-2378-4500-9648-88bdb31ec612,31,0,31,3,1,1768980462,2026-01-21 02:29:22
66dc192f-0aca-11e7-82f6-3863bb44ef7c,9,4,5,12,1,1768980462,2026-01-21 02:29:22
1848242058183072050,15,4,11,4,1,1768980462,2026-01-21 02:29:22
203d7b9a-8666-4af1-81c7-f9fc36aa0952,1,1,0,16,1,1768980466,2026-01-21 02:29:22
66db3273-0aca-11e7-82f6-3863bb44ef7c,47,42,5,3,1,1768980467,2026-01-21 02:29:22
1885439359712500016,0,0,0,23,1,1768980466,2026-01-21 02:29:22
2126579471787670468,12,4,8,9,1,1768980467,2026-01-21 02:29:22
66dd1585-0aca-11e7-82f6-3863bb44ef7c,39,4,35,0,1,1768980466,2026-01-21 02:29:22
1861682702044957494,11,10,1,7,1,1768980463,2026-01-21 02:29:22
83d1ff16-ba56-4eae-aa6a-b37b6439db82,2,0,2,27,1,1768980459,2026-01-21 02:29:22
66dc21d4-0aca-11e7-82f6-3863bb44ef7c,1,0,1,49,1,1768980466,2026-01-21 02:29:22
d3433b47-99a7-4b21-9fa7-d7052bb5c23b,2,1,1,13,1,1768980466,2026-01-21 02:29:22
dc34ba4c-d8e5-4674-a02e-210c950c05c1,11,9,2,13,1,1768980466,2026-01-21 02:29:22
341730d7-a61d-499d-8c07-fa015f644e54,62,53,9,21,1,1768980469,2026-01-21 02:29:22
66db88f5-0aca-11e7-82f6-3863bb44ef7c,7,0,7,29,1,1768980470,2026-01-21 02:29:22
eb41a103-0196-4f19-a440-256167191a7d,2,2,0,16,1,1768980468,2026-01-21 02:29:22
66de5095-0aca-11e7-82f6-3863bb44ef7c,7,0,7,12,1,1768980468,2026-01-21 02:29:22
1e6c5d0c-f406-4b60-88f6-6284a38d3930,3,3,0,16,1,1768980468,2026-01-21 02:29:22
38bb1218-0a9e-41d9-b2ef-25c8626dac29,19,2,17,2,1,1768980468,2026-01-21 02:29:22
1860188194745712748,14,1,13,8,1,1768980467,2026-01-21 02:29:22
1828967027013302842,7,0,7,11,1,1768980467,2026-01-21 02:29:22
5dc8ddac-979e-4ae5-b879-3670cca7482d,6,0,6,14,1,1768980467,2026-01-21 02:29:22
1860188907884823208,2,2,0,18,1,1768980469,2026-01-21 02:29:22
66dbe8d6-0aca-11e7-82f6-3863bb44ef7c,28,26,2,24,1,1768980468,2026-01-21 02:29:22
7603028c-8b04-4918-8a25-a087ce57aea4,4,0,4,26,1,1768980469,2026-01-21 02:29:22
1841240663447542046,5,2,3,11,1,1768980469,2026-01-21 02:29:22
bbaae5d3-7e2b-46a8-872e-152404c664f7,20,0,20,7,1,1768980469,2026-01-21 02:29:22
1893622839585237496,36,22,14,38,1,1768980470,2026-01-21 02:29:22
b516fedb-3ced-4683-8c17-7e5f6dadf04d,20,6,14,14,1,1768980471,2026-01-21 02:29:22
e3e6105e-eaa2-43c5-badb-fb8592ad7227,1,0,1,23,1,1768980470,2026-01-21 02:29:22
2f656bc4-7743-4326-8330-a22bd41d9d17,30,27,3,8,1,1768980471,2026-01-21 02:29:22
f4f9a09c-010c-430c-a766-3390c44b4962,0,0,0,16,1,1768980471,2026-01-21 02:29:22
062ffe5a-aa91-412d-8210-23d562c7e7f8,2,2,0,16,1,1768980471,2026-01-21 02:29:22
1869753195262578852,6,3,3,13,1,1768980469,2026-01-21 02:29:22
7a8b474b-7577-4316-a192-d57576d194a3,2,0,2,18,1,1768980469,2026-01-21 02:29:22
1860189813948384088,20,11,9,5,1,1768980469,2026-01-21 02:29:22
2124382079594320876,8,4,4,6,1,1768980467,2026-01-21 02:29:22
de6f4206-3aa9-4cb9-aae0-8547d2cd6854,20,0,20,2,1,1768980438,2026-01-21 02:29:22
e58234a3-5b23-427e-948f-c1e4571b2bfa,31,15,16,26,1,1768980438,2026-01-21 02:29:22
1899178885660253096,24,19,5,0,1,1768980438,2026-01-21 02:29:22
44a80c48-c1a9-4ff1-92eb-6bf8be492f5e,10,8,2,11,1,1768980437,2026-01-21 02:29:22
bbb48e80-7d2f-4b3c-bb8c-591bc931945a,16,11,5,3,1,1768980438,2026-01-21 02:29:22
f3c68cfb-52fd-48c8-b6e5-85c179fee0b3,12,0,12,11,1,1768980438,2026-01-21 02:29:22
1869753812884512816,8,5,3,12,1,1768980440,2026-01-21 02:29:22
96878d29-481d-48dc-bcdc-a5f1ce88c76d,4,3,1,15,1,1768980440,2026-01-21 02:29:22
66dbc551-0aca-11e7-82f6-3863bb44ef7c,1,0,1,51,1,1768980440,2026-01-21 02:29:22
74feba30-26a5-4949-b3a0-d6e13ba1a20c,8,3,5,9,1,1768980440,2026-01-21 02:29:22
66dded7a-0aca-11e7-82f6-3863bb44ef7c,25,24,1,2,1,1768980441,2026-01-21 02:29:22
1964061627836181486,3,2,1,82,1,1768980436,2026-01-21 02:29:22
66db5c14-0aca-11e7-82f6-3863bb44ef7c,27,20,7,0,1,1768980437,2026-01-21 02:29:22
c2800791-1911-4f2b-8fc7-bed280c557c0,40,37,3,1,1,1768980437,2026-01-21 02:29:22
2c321ea3-e1dd-4d32-be70-bd158fe1f568,48,35,13,29,1,1768980437,2026-01-21 02:29:22
2126621966735272262,8,0,8,4,1,1768980439,2026-01-21 02:29:22
66db3606-0aca-11e7-82f6-3863bb44ef7c,13,12,1,44,1,1768980441,2026-01-21 02:29:22
e8df73bd-5d3d-47c9-b04d-bcec4db5540f,60,14,46,3,1,1768980444,2026-01-21 02:29:22
6076e321-85d8-4e0e-ae18-86bb8cbbda1b,16,0,16,1,1,1768980444,2026-01-21 02:29:22
66dd448f-0aca-11e7-82f6-3863bb44ef7c,38,38,0,4,1,1768980445,2026-01-21 02:29:22
085da8d4-9465-46f0-82d1-10c9c9177d64,2,1,1,17,1,1768980446,2026-01-21 02:29:22
66db2db5-0aca-11e7-82f6-3863bb44ef7c,53,1,52,3,1,1768980446,2026-01-21 02:29:22
55fda28d-56a8-4db2-b42a-072714f18471,15,0,15,3,1,1768980446,2026-01-21 02:29:22
8b1222da-612f-4482-ab34-9467c4ed28e3,7,2,5,16,1,1768980441,2026-01-21 02:29:22
625711ba-3b5d-46a7-a8f9-7f4eb17ec1be,6,2,4,18,1,1768980442,2026-01-21 02:29:22
901cab1a-a77e-424e-b602-16883e792f93,5,3,2,12,1,1768980443,2026-01-21 02:29:22
1875433315773395778,8,4,4,22,1,1768980443,2026-01-21 02:29:22
df243d7f-e6ae-435c-9895-aecbcff9cada,12,8,4,16,1,1768980443,2026-01-21 02:29:22
ebfafca3-5818-4e6f-8374-98f44a0ca0c6,2,1,1,24,1,1768980445,2026-01-21 02:29:22
93c28953-7e65-436e-9c5a-9d7ca0e3729f,18,16,2,5,1,1768980445,2026-01-21 02:29:22
1786697003367719132,28,4,24,10,1,1768980443,2026-01-21 02:29:22
1861271680294357158,14,5,9,8,1,1768980443,2026-01-21 02:29:22
1828966104320053340,11,1,10,7,1,1768980443,2026-01-21 02:29:22
66dde197-0aca-11e7-82f6-3863bb44ef7c,18,16,2,23,1,1768980447,2026-01-21 02:29:22
66db402c-0aca-11e7-82f6-3863bb44ef7c,76,32,44,11,1,1768980447,2026-01-21 02:29:22
66dbbc4a-0aca-11e7-82f6-3863bb44ef7c,16,6,10,8,1,1768980447,2026-01-21 02:29:22
53e30d38-a110-42b4-a8f9-ca801a847ac7,36,28,8,9,1,1768980447,2026-01-21 02:29:22
18846fd4-877c-4971-9b6f-1bd8fbc10346,4,2,2,15,1,1768980448,2026-01-21 02:29:22
66dea6e1-0aca-11e7-82f6-3863bb44ef7c,3,2,1,61,1,1768980448,2026-01-21 02:29:22
66dc7cc3-0aca-11e7-82f6-3863bb44ef7c,7,6,1,32,1,1768980448,2026-01-21 02:29:22
1851674145014649512,6,0,6,19,1,1768980448,2026-01-21 02:29:22
66dcbe7c-0aca-11e7-82f6-3863bb44ef7c,1,0,1,17,1,1768980448,2026-01-21 02:29:22
36edabac-a0c2-471b-abaf-73fdb53a4e5f,1,1,0,19,1,1768980448,2026-01-21 02:29:22
66db74a5-0aca-11e7-82f6-3863bb44ef7c,42,15,27,9,1,1768980449,2026-01-21 02:29:22
ccfa8b82-07a7-4a08-88fc-be261c30a4ca,1,0,1,21,1,1768980450,2026-01-21 02:29:22
66de5e5b-0aca-11e7-82f6-3863bb44ef7c,6,5,1,33,1,1768980450,2026-01-21 02:29:22
c63e9937-cadb-4813-aee3-5fd3fcc93767,3,3,0,16,1,1768980451,2026-01-21 02:29:22
66de2a00-0aca-11e7-82f6-3863bb44ef7c,28,6,22,6,1,1768980450,2026-01-21 02:29:22
db41cc62-86ea-4421-bfaf-9b6511cfee10,0,0,0,30,1,1768980451,2026-01-21 02:29:22
1845676816555735590,10,0,10,12,1,1768980451,2026-01-21 02:29:22
a2f71eea-05a2-4fe7-99ab-f74535c880ae,8,6,2,16,1,1768980449,2026-01-21 02:29:22
1828965671716082498,14,2,12,3,1,1768980449,2026-01-21 02:29:22
1862008413697896912,2,2,0,19,1,1768980453,2026-01-21 02:29:22
66dd039b-0aca-11e7-82f6-3863bb44ef7c,3,2,1,23,1,1768980453,2026-01-21 02:29:22
361dd964-db79-47dd-b044-eac88c735249,1,1,0,17,1,1768980453,2026-01-21 02:29:22
8ea09819-cd88-4732-b047-c0549f0b370f,13,4,9,17,1,1768980454,2026-01-21 02:29:22
66dc1beb-0aca-11e7-82f6-3863bb44ef7c,29,20,9,76,1,1768980454,2026-01-21 02:29:22
e8a6c13b-1f6e-4e6b-bdf8-9b0e597e4a62,11,8,3,24,1,1768980455,2026-01-21 02:29:22
66dd4b2b-0aca-11e7-82f6-3863bb44ef7c,6,3,3,43,1,1768980455,2026-01-21 02:29:22
1903998756008763590,1,1,0,50,1,1768980455,2026-01-21 02:29:22
f001fac9-5f19-451e-a752-afde574a8c81,2,2,0,15,1,1768980451,2026-01-21 02:29:22
4bbf50a9-47c2-4a32-97c2-1f6bc4f9d401,23,10,13,7,1,1768980452,2026-01-21 02:29:22
59e3766c-0629-4ff1-a1d9-bc0514a55487,1,0,1,21,1,1768980452,2026-01-21 02:29:22
26176e86-8362-4c91-a693-6aa3f9ce0b73,8,6,2,12,1,1768980452,2026-01-21 02:29:22
0c106e83-c47a-4233-b5e4-62bbb75d0bed,0,0,0,17,1,1768980455,2026-01-21 02:29:22
66dcc30b-0aca-11e7-82f6-3863bb44ef7c,14,7,7,2,1,1768980456,2026-01-21 02:29:22
d9ec5589-c872-46f2-88cd-e54f9c596721,8,2,6,11,1,1768980456,2026-01-21 02:29:22
be8e6f1c-e8b5-40bd-896d-423052ba3bbc,3,2,1,13,1,1768980456,2026-01-21 02:29:22
1869439561831725810,6,0,6,19,1,1768980452,2026-01-21 02:29:22
66db7152-0aca-11e7-82f6-3863bb44ef7c,43,15,28,5,1,1768980452,2026-01-21 02:29:22
c0e0e578-8ce8-4c9d-be47-b902d8a41050,2,1,1,16,1,1768980452,2026-01-21 02:29:22
55f6b830-e43e-4227-bfc7-683465236d94,20,9,11,25,1,1768980453,2026-01-21 02:29:22
1828967607558607844,4,0,4,13,1,1768980453,2026-01-21 02:29:22
66dc2238-0aca-11e7-82f6-3863bb44ef7c,9,9,0,66,1,1768980421,2026-01-21 02:29:22
2f580cf9-14e2-4300-ba22-f6d88d0312a5,12,3,9,12,1,1768980421,2026-01-21 02:29:22
66de10a8-0aca-11e7-82f6-3863bb44ef7c,16,4,12,15,1,1768980422,2026-01-21 02:29:22
1846085626867634660,6,3,3,15,1,1768980422,2026-01-21 02:29:22
d5d589e6-457f-4cd4-bf78-59165dce28b2,20,7,13,4,1,1768980422,2026-01-21 02:29:22
66de65a4-0aca-11e7-82f6-3863bb44ef7c,1,0,1,20,1,1768980422,2026-01-21 02:29:22
66de8a86-0aca-11e7-82f6-3863bb44ef7c,0,0,0,54,1,1768980422,2026-01-21 02:29:22
1318e05a-2506-43c6-b49d-4c1f7f69a267,8,7,1,8,1,1768980422,2026-01-21 02:29:22
66dcbbfe-0aca-11e7-82f6-3863bb44ef7c,8,3,5,10,1,1768980419,2026-01-21 02:29:22
ca4e4962-2169-4559-8f60-b05ab7809750,12,4,8,18,1,1768980419,2026-01-21 02:29:22
66de4078-0aca-11e7-82f6-3863bb44ef7c,14,1,13,7,1,1768980420,2026-01-21 02:29:22
b55f9b55-7fa7-4f0f-9732-78cbe07452e1,17,5,12,9,1,1768980420,2026-01-21 02:29:22
66dd41ef-0aca-11e7-82f6-3863bb44ef7c,30,27,3,10,1,1768980420,2026-01-21 02:29:22
a0eec052-257a-4c79-8171-6e2ad9864ad0,10,8,2,19,1,1768980420,2026-01-21 02:29:22
9b70cbe2-25fc-42f8-b6e6-ac21ef248e4b,3,3,0,15,1,1768980421,2026-01-21 02:29:22
9ea2afff-a146-4824-89b6-39d5bdfac795,11,10,1,9,1,1768980424,2026-01-21 02:29:22
1860187181307969634,18,0,18,2,1,1768980423,2026-01-21 02:29:22
1817432104157364846,21,1,20,0,1,1768980424,2026-01-21 02:29:22
35a5b4d6-2d90-4b60-b68b-03bb60fb1afc,2,2,0,16,1,1768980424,2026-01-21 02:29:22
66dcac42-0aca-11e7-82f6-3863bb44ef7c,42,1,41,8,1,1768980424,2026-01-21 02:29:22
66de0933-0aca-11e7-82f6-3863bb44ef7c,24,3,21,2,1,1768980422,2026-01-21 02:29:22
66de4594-0aca-11e7-82f6-3863bb44ef7c,13,8,5,13,1,1768980423,2026-01-21 02:29:22
66dea674-0aca-11e7-82f6-3863bb44ef7c,5,2,3,15,1,1768980423,2026-01-21 02:29:22
1846086665080867236,13,4,9,7,1,1768980423,2026-01-21 02:29:22
1854538169357726138,2,1,1,15,1,1768980423,2026-01-21 02:29:22
1815967159287043052,9,1,8,14,1,1768980428,2026-01-21 02:29:22
2127386446510160022,1,1,0,18,1,1768980428,2026-01-21 02:29:22
1828968794479100296,8,2,6,9,1,1768980428,2026-01-21 02:29:22
66dc259a-0aca-11e7-82f6-3863bb44ef7c,9,8,1,73,1,1768980428,2026-01-21 02:29:22
1869851741257474316,27,2,25,0,1,1768980428,2026-01-21 02:29:22
ecc52c52-e2d9-4e73-8f9c-18ad8e9b0606,13,5,8,8,1,1768980429,2026-01-21 02:29:22
eafa19ed-88c2-4efc-bd73-3961f85b6063,31,18,13,7,1,1768980424,2026-01-21 02:29:22
1057229c-f8f8-4014-80cd-f40421c61cf0,0,0,0,17,1,1768980426,2026-01-21 02:29:22
c809158b-ca8f-4a77-a800-8ee9d287c056,2,1,1,14,1,1768980429,2026-01-21 02:29:22
66dbc60f-0aca-11e7-82f6-3863bb44ef7c,1,1,0,4,1,1768980429,2026-01-21 02:29:22
66ddee56-0aca-11e7-82f6-3863bb44ef7c,19,14,5,1,1,1768980429,2026-01-21 02:29:22
e1886e7a-62b1-4359-9835-8ab5a16371ae,3,1,2,19,1,1768980424,2026-01-21 02:29:22
1885442082749874736,3,3,0,18,1,1768980424,2026-01-21 02:29:22
1856766912456610780,1,1,0,22,1,1768980427,2026-01-21 02:29:22
66dd4b91-0aca-11e7-82f6-3863bb44ef7c,9,4,5,29,1,1768980427,2026-01-21 02:29:22
36b55a0f-e55d-4849-859a-09b3273fb782,10,0,10,11,1,1768980428,2026-01-21 02:29:22
dd351a72-4241-4275-843d-0fffa8a1f414,15,12,3,8,1,1768980433,2026-01-21 02:29:22
1796642668661690940,15,3,12,6,1,1768980433,2026-01-21 02:29:22
bc346753-b68a-4cb3-b93f-b0be68227eae,12,2,10,9,1,1768980434,2026-01-21 02:29:22
2b54cb2c-31be-4620-a13c-0fa72b58c90a,1,1,0,25,1,1768980435,2026-01-21 02:29:22
1861681121800951962,14,4,10,7,1,1768980435,2026-01-21 02:29:22
88e64257-298c-4b8d-8886-77b9b66dcec1,20,12,8,29,1,1768980435,2026-01-21 02:29:22
9c1c3499-1b11-471f-b59a-87d9e27e15c5,4,3,1,17,1,1768980435,2026-01-21 02:29:22
1954806962718223342,39,19,20,4,1,1768980431,2026-01-21 02:29:22
2743a950-3a1f-4a58-8fe0-f4105033e0e3,17,15,2,6,1,1768980431,2026-01-21 02:29:22
66dbe848-0aca-11e7-82f6-3863bb44ef7c,100,73,27,18,1,1768980431,2026-01-21 02:29:22
e5b2a7ce-d867-465b-8446-743e00617068,2,1,1,17,1,1768980431,2026-01-21 02:29:22
e0b80983-c520-47e3-9c8d-a17fff5e5582,13,0,13,6,1,1768980431,2026-01-21 02:29:22
66dcc047-0aca-11e7-82f6-3863bb44ef7c,12,6,6,10,1,1768980430,2026-01-21 02:29:22
1814900632709495794,16,6,10,7,1,1768980430,2026-01-21 02:29:22
85b77b8d-32b8-4049-a407-64319916e2c5,1,1,0,17,1,1768980430,2026-01-21 02:29:22
18fcd2c1-dc8b-4a52-9f18-e9b9003bbea5,29,26,3,24,1,1768980430,2026-01-21 02:29:22
dad3b7df-ec40-4d54-bfdb-5e82be84d742,4,1,3,17,1,1768980435,2026-01-21 02:29:22
2124037775602344266,6,2,4,9,1,1768980436,2026-01-21 02:29:22
844c68cc-19f0-474a-86d3-4af170117aae,2,2,0,19,1,1768980436,2026-01-21 02:29:22
66db40ef-0aca-11e7-82f6-3863bb44ef7c,22,20,2,37,1,1768980432,2026-01-21 02:29:22
787fe4b2-6029-4f71-917e-892479d8d64e,11,3,8,7,1,1768980432,2026-01-21 02:29:22
7a725e59-49be-4c1d-9c3d-3b3a8ed1232f,10,10,0,11,1,1768980432,2026-01-21 02:29:22
b0239a13-649a-4d31-aa04-56b8aaeba4d4,2,0,2,16,1,1768980434,2026-01-21 02:29:22
1828966363527611286,14,0,14,5,1,1768980435,2026-01-21 02:29:22
8fa2fafb-fa07-48b2-b159-bffbea7176d4,3,3,0,16,1,1768980431,2026-01-21 02:29:22
1846086138339179502,12,7,5,11,1,1768980457,2026-01-21 02:29:22
e2b28abd-07a4-4552-ad17-abf155aff28a,14,9,5,7,1,1768980457,2026-01-21 02:29:22
4dcff9e7-7cb6-4d3d-ad67-c2e4c05933d3,7,1,6,15,1,1768980458,2026-01-21 02:29:22
0e003543-3656-448f-8a93-029d265f2e26,26,2,24,5,1,1768980460,2026-01-21 02:29:22
2126274308236524392,3,1,2,9,1,1768980461,2026-01-21 02:29:22
4d79bdb9-7c35-4d35-9f6e-3c1b849c453a,22,17,5,20,1,1768980461,2026-01-21 02:29:22
9a40cb60-6ede-4c9e-9d64-dc55cae57f31,0,0,0,27,1,1768980458,2026-01-21 02:29:22
66dc41bb-0aca-11e7-82f6-3863bb44ef7c,45,33,12,7,1,1768980459,2026-01-21 02:29:22
66dcc5ca-0aca-11e7-82f6-3863bb44ef7c,0,0,0,0,0,1768980459,2026-01-21 02:29:22
66de48f9-0aca-11e7-82f6-3863bb44ef7c,15,1,14,1,1,1768980457,2026-01-21 02:29:22
5db1fefa-0f10-4c58-a7ce-113f3164ced8,12,3,9,6,1,1768980458,2026-01-21 02:29:22
3e9e50cc-f336-439f-bd0b-dec5499c038d,39,37,2,6,1,1768980457,2026-01-21 02:29:22
66dbf518-0aca-11e7-82f6-3863bb44ef7c,12,3,9,15,1,1768980460,2026-01-21 02:29:22
66de186f-0aca-11e7-82f6-3863bb44ef7c,13,5,8,11,1,1768980475,2026-01-21 02:29:22
67f60e7e-397a-4e47-b7f9-d10bd67133b3,0,0,0,51,1,1768980475,2026-01-21 02:29:22
1836581534415880440,6,3,3,20,1,1768980475,2026-01-21 02:29:22
2137774972219769002,10,2,8,0,1,1768980475,2026-01-21 02:29:22
821b19c1-ab13-4482-9580-770288a377a7,3,0,3,38,1,1768980475,2026-01-21 02:29:22
66dc76cd-0aca-11e7-82f6-3863bb44ef7c,32,18,14,1,1,1768980475,2026-01-21 02:29:22
cd118a8f-a7d1-4b7a-a6d3-d9e875cb29df,16,12,4,8,1,1768980475,2026-01-21 02:29:22
5780ae63-54e5-48e3-a00c-9c403cb75401,7,2,5,14,1,1768980475,2026-01-21 02:29:22
66db7a71-0aca-11e7-82f6-3863bb44ef7c,4,4,0,35,1,1768980475,2026-01-21 02:29:22
a58ff2e3-a5ae-4070-a26d-ddfe8cc6fc58,13,11,2,9,1,1768980475,2026-01-21 02:29:22
66dc252e-0aca-11e7-82f6-3863bb44ef7c,33,20,13,0,1,1768980473,2026-01-21 02:29:22
afc79a38-e26d-48f7-94e4-d0aca8fd1c49,1,0,1,15,1,1768980473,2026-01-21 02:29:22
2026068766494475116,31,24,7,3,1,1768980474,2026-01-21 02:29:22
66db2d2b-0aca-11e7-82f6-3863bb44ef7c,39,39,0,7,1,1768980474,2026-01-21 02:29:22
cc834d78-6eca-450a-ae00-a5ffc6f1a7a6,15,0,15,0,1,1768980474,2026-01-21 02:29:22
1828967830172187422,1,1,0,26,1,1768980474,2026-01-21 02:29:22
305c221f-4e0b-4a5a-902c-3d1043dfe606,4,3,1,14,1,1768980474,2026-01-21 02:29:22
bb32aad7-8308-4ff8-b073-d5b518ffdd09,18,18,0,20,1,1768980471,2026-01-21 02:29:22
2123940148896639644,7,7,0,2,1,1768980472,2026-01-21 02:29:22
42032bf9-4599-4035-bc01-c80bec1a7122,5,0,5,15,1,1768980472,2026-01-21 02:29:22
5736cd70-be41-483e-8d82-721874f40e6e,5,1,4,15,1,1768980472,2026-01-21 02:29:22
66dd2208-0aca-11e7-82f6-3863bb44ef7c,19,3,16,23,1,1768980476,2026-01-21 02:29:22
66de08c9-0aca-11e7-82f6-3863bb44ef7c,13,0,13,7,1,1768980476,2026-01-21 02:29:22
632b140c-65de-4f50-9cc2-c001ae011aea,6,4,2,50,1,1768980476,2026-01-21 02:29:22
d7d297fd-36dc-42f2-8e3b-24b1003be874,15,8,7,0,1,1768980476,2026-01-21 02:29:22
40fd82d6-c0e9-4876-adfb-816140ecfc39,12,9,3,5,1,1768980474,2026-01-21 02:29:22
9d95a4a9-bcfe-4189-bb7d-abd9992ecbaf,12,3,9,4,1,1768980474,2026-01-21 02:29:22
2098714441479661752,4,4,0,10,1,1768980472,2026-01-21 02:29:22
6a9b19e3-cd69-4e0c-9b28-1889db936c7c,6,5,1,13,1,1768980471,2026-01-21 02:29:22
9e5fd5b6-c5f2-4694-9406-a44b7d0146d9,33,20,13,1,1,1768980476,2026-01-21 02:29:22
47bcbcc1-9241-4e65-99f1-07c15543be1b,9,2,7,22,1,1768980362,2026-01-21 02:29:22
fe93b3ae-1d86-4ee9-9eb6-9e11808966aa,13,5,8,6,1,1768980363,2026-01-21 02:29:22
04d557d6-6bc3-4244-b0f1-81ed1449ccd6,8,6,2,10,1,1768980363,2026-01-21 02:29:22
2119506830683992262,30,20,10,18,1,1768980362,2026-01-21 02:29:22
66db4671-0aca-11e7-82f6-3863bb44ef7c,17,14,3,29,1,1768980361,2026-01-21 02:29:22
122111c9-9a61-4372-a756-fb2495611cb6,5,3,2,13,1,1768980361,2026-01-21 02:29:22
9092515e-eef6-478f-910f-1cd19d06bebb,3,1,2,32,1,1768980361,2026-01-21 02:29:22
66dce5c9-0aca-11e7-82f6-3863bb44ef7c,16,10,6,3,1,1768980362,2026-01-21 02:29:22
62089e99-7f73-4f59-816d-57f9793484a1,17,11,6,4,1,1768980358,2026-01-21 02:29:22
c3d5f47f-cfc3-4c1f-86bb-bcf770d2949b,9,2,7,16,1,1768980358,2026-01-21 02:29:22
647a2a80-9630-41b0-9b91-1f464b0bf3cc,42,40,2,35,1,1768980359,2026-01-21 02:29:22
66dd1846-0aca-11e7-82f6-3863bb44ef7c,36,9,27,9,1,1768980359,2026-01-21 02:29:22
23bc4d9b-1ec2-45fb-9228-e41517346b24,17,8,9,1,1,1768980359,2026-01-21 02:29:22
66dde914-0aca-11e7-82f6-3863bb44ef7c,32,19,13,3,1,1768980360,2026-01-21 02:29:22
c46a2889-258b-4fc5-a452-1d4e7dfe683a,2,2,0,15,1,1768980360,2026-01-21 02:29:22
1828969112306680612,2,1,1,16,1,1768980358,2026-01-21 02:29:22
59ad8f95-32a4-43de-b1c3-79c667b2d2df,6,1,5,21,1,1768980359,2026-01-21 02:29:22
66de5ace-0aca-11e7-82f6-3863bb44ef7c,8,4,4,12,1,1768980363,2026-01-21 02:29:22
3863f086-ae35-4d0e-8c91-2b6e3e5827a1,14,1,13,22,1,1768980364,2026-01-21 02:29:22
66dbb869-0aca-11e7-82f6-3863bb44ef7c,6,2,4,13,1,1768980363,2026-01-21 02:29:22
bfbd1f09-afd2-49d2-8674-3a07b3c929a4,16,5,11,5,1,1768980363,2026-01-21 02:29:22
063e7e78-b810-4a2f-8045-a82a0d69d752,22,15,7,20,1,1768980364,2026-01-21 02:29:22
66ddeffd-0aca-11e7-82f6-3863bb44ef7c,8,7,1,9,1,1768980358,2026-01-21 02:29:22
b94d0241-bce7-44a9-ab1c-ece0740a4134,16,10,6,0,1,1768980367,2026-01-21 02:29:22
d7904cd0-4b1b-47d0-8103-937bcf5ff845,17,8,9,0,1,1768980367,2026-01-21 02:29:22
1893542109140147108,9,3,6,11,1,1768980367,2026-01-21 02:29:22
3c135a2e-eeea-4e81-9c0a-8d14a6049198,10,2,8,9,1,1768980367,2026-01-21 02:29:22
66dea894-0aca-11e7-82f6-3863bb44ef7c,38,18,20,7,1,1768980366,2026-01-21 02:29:22
d33261e6-600e-4756-ad03-a9facbd8ace1,13,4,9,9,1,1768980366,2026-01-21 02:29:22
1786696384892428996,12,10,2,8,1,1768980366,2026-01-21 02:29:22
fa14408f-6e88-4668-86ee-ce10ea707f36,55,15,40,12,1,1768980367,2026-01-21 02:29:22
594b4656-9d83-4301-8967-3b92c126531c,21,12,9,1,1,1768980368,2026-01-21 02:29:22
3c8847a6-c12a-40fd-9b22-4582ac1a0d9d,17,15,2,6,1,1768980372,2026-01-21 02:29:22
1861682444178541220,23,0,23,12,1,1768980372,2026-01-21 02:29:22
66dc4599-0aca-11e7-82f6-3863bb44ef7c,22,16,6,2,1,1768980371,2026-01-21 02:29:22
623c9658-5544-4254-847e-738763cf45a3,5,1,4,14,1,1768980371,2026-01-21 02:29:22
66dd546c-0aca-11e7-82f6-3863bb44ef7c,3,1,2,18,1,1768980371,2026-01-21 02:29:22
d6834194-029d-4e2d-83b0-ee78ab5acda2,10,1,9,8,1,1768980370,2026-01-21 02:29:22
2576805f-9732-4c74-8f1d-57715e8cdfa2,15,8,7,13,1,1768980370,2026-01-21 02:29:22
66de5773-0aca-11e7-82f6-3863bb44ef7c,14,6,8,0,1,1768980374,2026-01-21 02:29:22
4b67c6e0-d603-4fbc-afbe-0b8952f4f7af,7,0,7,28,1,1768980375,2026-01-21 02:29:22
b62bcd96-c2db-447c-bdd5-d3c18f174858,7,1,6,9,1,1768980375,2026-01-21 02:29:22
fd081854-3f37-420a-9785-ea63c09c12ad,3,1,2,16,1,1768980370,2026-01-21 02:29:22
e4645d0d-8b76-4c46-b2b9-be25592e0659,10,4,6,14,1,1768980370,2026-01-21 02:29:22
d1138533-504c-4d29-b71c-299e1d31f159,19,0,19,17,1,1768980373,2026-01-21 02:29:22
66de5613-0aca-11e7-82f6-3863bb44ef7c,72,17,55,1,1,1768980374,2026-01-21 02:29:22
d47c856e-8cda-4da0-b8eb-1ccf0e6ef7ab,9,1,8,19,1,1768980374,2026-01-21 02:29:22
1838070776953752336,2,1,1,20,1,1768980375,2026-01-21 02:29:22
2143247416766638978,7,2,5,37,1,1768980372,2026-01-21 02:29:22
1834145330979754058,0,0,0,25,1,1768980380,2026-01-21 02:29:22
66dde8ac-0aca-11e7-82f6-3863bb44ef7c,10,7,3,27,1,1768980380,2026-01-21 02:29:22
3c6c0d12-80dd-4c49-b7c5-e3549588b8cf,11,3,8,14,1,1768980381,2026-01-21 02:29:22
344b52b0-73a9-4fe3-9132-23d0502dc0ae,4,1,3,14,1,1768980375,2026-01-21 02:29:22
fda0c217-9504-4b26-8a25-e40b603ee5fa,2,2,0,14,1,1768980376,2026-01-21 02:29:22
1875672501601550456,0,0,0,18,1,1768980378,2026-01-21 02:29:22
94f77501-32e5-4539-90c6-82d4198f7991,12,9,3,9,1,1768980378,2026-01-21 02:29:22
1d130e43-0408-4423-bb52-77a08372cefa,1,0,1,22,1,1768980379,2026-01-21 02:29:22
78b4aa30-e4e9-4447-9419-c89f8527892e,5,3,2,16,1,1768980379,2026-01-21 02:29:22
66dea596-0aca-11e7-82f6-3863bb44ef7c,7,5,2,17,1,1768980381,2026-01-21 02:29:22
82dd89f6-1e5a-4a8f-8660-13cb64349e94,4,0,4,14,1,1768980381,2026-01-21 02:29:22
1860190006584693708,7,4,3,12,1,1768980381,2026-01-21 02:29:22
1840540966407039246,19,3,16,0,1,1768980381,2026-01-21 02:29:22
0dc63044-e19c-474d-9df1-c3e504d03b07,30,15,15,15,1,1768980378,2026-01-21 02:29:22
1836581807397045112,1,1,0,23,1,1768980377,2026-01-21 02:29:22
1880644160834607498,18,11,7,4,1,1768980378,2026-01-21 02:29:22
8d097a6d-f17c-4195-9dd4-42527b371c71,12,11,1,50,1,1768980385,2026-01-21 02:29:22
1846085927885781554,11,1,10,10,1,1768980385,2026-01-21 02:29:22
328d778a-7e71-4240-acae-b84f0fdaa5c5,0,0,0,25,1,1768980386,2026-01-21 02:29:22
66db64d1-0aca-11e7-82f6-3863bb44ef7c,10,4,6,10,1,1768980384,2026-01-21 02:29:22
90c35466-db3c-4b0d-993e-6e92883773b4,56,31,25,14,1,1768980384,2026-01-21 02:29:22
4034789e-b70d-4aae-bf18-3ed37a4d751f,16,5,11,3,1,1768980384,2026-01-21 02:29:22
4c3b6e25-b0c2-4a3f-b07e-cd60cd1b0ac0,1,1,0,14,1,1768980382,2026-01-21 02:29:22
582cd775-0178-47f5-b707-6d5869f077ba,16,1,15,15,1,1768980383,2026-01-21 02:29:22
f15ccc6e-5a7c-46e7-b505-0bfc9cae3d83,8,3,5,19,1,1768980387,2026-01-21 02:29:22
1843486464469891376,5,4,1,13,1,1768980386,2026-01-21 02:29:22
3eed817a-63e5-424b-8ed3-c809db5488f7,48,27,21,6,1,1768980387,2026-01-21 02:29:22
db29242d-6ff3-4e22-85fe-45fa3d03ec39,3,1,2,16,1,1768980383,2026-01-21 02:29:22
66db69d0-0aca-11e7-82f6-3863bb44ef7c,32,19,13,0,1,1768980388,2026-01-21 02:29:22
45e8c326-b12d-4be6-b040-bb6de9986d25,16,7,9,4,1,1768980385,2026-01-21 02:29:22
be2bdee1-e3e9-45cc-94f0-2ba81a722ba3,15,10,5,3,1,1768980387,2026-01-21 02:29:22
1848242216849312578,11,2,9,7,1,1768980388,2026-01-21 02:29:22
668ef22c-4665-4f42-bf6a-ab9e8a2899b1,16,8,8,7,1,1768980388,2026-01-21 02:29:22
15cb007b-bfca-4ad7-bfc6-44bf3d36785a,27,1,26,0,1,1768980389,2026-01-21 02:29:22
cad68b8c-6d68-4c5f-88fe-b1aa3e40727a,13,1,12,8,1,1768980389,2026-01-21 02:29:22
1064b4b0-e9c8-4139-ac48-f118305dbe69,4,3,1,18,1,1768980393,2026-01-21 02:29:22
66dc8f1f-0aca-11e7-82f6-3863bb44ef7c,35,18,17,17,1,1768980393,2026-01-21 02:29:22
79c4a612-a5df-4814-9e6b-6305da61ebc4,16,0,16,2,1,1768980393,2026-01-21 02:29:22
61647ec6-dfd6-4d1c-8800-d488d390c627,16,12,4,17,1,1768980393,2026-01-21 02:29:22
2366d8a4-7a49-42f3-9afe-efd2b200336b,6,6,0,14,1,1768980391,2026-01-21 02:29:22
2687f2e1-3529-464d-82eb-e4f61440c563,2,1,1,15,1,1768980393,2026-01-21 02:29:22
1b985e4b-88de-42a8-95be-dce37dbbc5c5,9,1,8,14,1,1768980394,2026-01-21 02:29:22
66db63f4-0aca-11e7-82f6-3863bb44ef7c,13,1,12,3,1,1768980392,2026-01-21 02:29:22
1835247196073118026,11,2,9,6,1,1768980392,2026-01-21 02:29:22
66de482a-0aca-11e7-82f6-3863bb44ef7c,6,5,1,11,1,1768980390,2026-01-21 02:29:22
d34f2271-10ee-40c3-a93a-09df58860512,6,5,1,10,1,1768980395,2026-01-21 02:29:22
f91170e6-a33c-4870-94da-9d51510515d2,1,0,1,16,1,1768980390,2026-01-21 02:29:22
a4bb6fac-b795-4aa7-a266-613419019290,0,0,0,18,1,1768980403,2026-01-21 02:29:22
1815968026870435892,11,5,6,11,1,1768980403,2026-01-21 02:29:22
1947367330341251364,4,3,1,16,1,1768980401,2026-01-21 02:29:22
a33a2d11-33a5-46ad-a086-5698ac17b7b4,29,7,22,3,1,1768980402,2026-01-21 02:29:22
66db34fc-0aca-11e7-82f6-3863bb44ef7c,7,4,3,25,1,1768980402,2026-01-21 02:29:22
d9ea5210-50b3-4342-9801-f896bd21f4a1,1,1,0,20,1,1768980404,2026-01-21 02:29:22
43f3d3c7-46b0-4812-879d-15afe8804c5f,26,15,11,0,1,1768980404,2026-01-21 02:29:22
dfad8e49-7e1b-4376-90b4-7a449319f294,4,4,0,17,1,1768980406,2026-01-21 02:29:22
648e09b6-95c2-40d3-9dac-a43f22eccf38,2,1,1,22,1,1768980406,2026-01-21 02:29:22
61bc2467-aa8c-4386-ba9e-3f01120bd6b8,4,4,0,19,1,1768980404,2026-01-21 02:29:22
66db8d89-0aca-11e7-82f6-3863bb44ef7c,54,51,3,1,1,1768980403,2026-01-21 02:29:22
66dd0808-0aca-11e7-82f6-3863bb44ef7c,2,0,2,24,1,1768980417,2026-01-21 02:29:22
1932126716328112534,20,0,20,1,1,1768980417,2026-01-21 02:29:22
66dc4b4c-0aca-11e7-82f6-3863bb44ef7c,1,1,0,58,1,1768980415,2026-01-21 02:29:22
66dbe7b6-0aca-11e7-82f6-3863bb44ef7c,5,5,0,22,1,1768980414,2026-01-21 02:29:22
1884688942632618210,12,12,0,10,1,1768980415,2026-01-21 02:29:22
66dcfaf6-0aca-11e7-82f6-3863bb44ef7c,11,2,9,7,1,1768980418,2026-01-21 02:29:22
b506be9e-45d3-43d1-a262-27d8fa91e974,3,0,3,26,1,1768980418,2026-01-21 02:29:22
e34bb92f-6911-449a-999b-5bc80e0322fe,4,3,1,14,1,1768980418,2026-01-21 02:29:22
66dc2bc5-0aca-11e7-82f6-3863bb44ef7c,22,15,7,84,1,1768980418,2026-01-21 02:29:22
66dc0cc7-0aca-11e7-82f6-3863bb44ef7c,8,7,1,42,1,1768980416,2026-01-21 02:29:22
2104275164415193448,41,14,27,25,1,1768980416,2026-01-21 02:29:22
b608193c-46ae-4b61-9e7a-4671e7c3b96e,4,2,2,15,1,1768980413,2026-01-21 02:29:22
ba0a4ada-c9f6-48b4-a7b3-7220f6fb88c2,2,1,1,20,1,1768980413,2026-01-21 02:29:22
ce95fbdd-b7d2-46fc-910d-5c170e4b7610,3,0,3,15,1,1768980413,2026-01-21 02:29:22
1938139112487078732,24,11,13,7,1,1768980416,2026-01-21 02:29:22
66ddede1-0aca-11e7-82f6-3863bb44ef7c,11,4,7,19,1,1768980416,2026-01-21 02:29:22
ad17bd9a-735b-4a11-8ad3-dc7800e342af,23,10,13,12,1,1768980419,2026-01-21 02:29:22
0b94cc1e-2327-4679-99d9-3b21ddc02051,17,3,14,14,1,1768980418,2026-01-21 02:29:22
a1acdab2-29c7-4956-8b2e-24b39dc2ff13,25,14,11,30,1,1768980477,2026-01-21 02:29:22
a8560d28-9ee1-4af4-9180-7e9c4dd0d147,15,4,11,2,1,1768980477,2026-01-21 02:29:22
66db2afe-0aca-11e7-82f6-3863bb44ef7c,44,28,16,1,1,1768980477,2026-01-21 02:29:22
66dd491c-0aca-11e7-82f6-3863bb44ef7c,9,4,5,24,1,1768980478,2026-01-21 02:29:22
b4063b76-1abd-465c-96a4-45f6ee016bc5,2,0,2,15,1,1768980477,2026-01-21 02:29:22
1828969515711812276,21,16,5,1,1,1768980477,2026-01-21 02:29:22
1786375069262703476,24,2,22,4,1,1768980478,2026-01-21 02:29:22
66dce567-0aca-11e7-82f6-3863bb44ef7c,3,1,2,16,1,1768980478,2026-01-21 02:29:22
550153a5-2ea1-4c76-b1cd-77667005f55d,20,8,12,7,1,1768980478,2026-01-21 02:29:22
284b08f2-3d26-4f52-9463-25e4a07c16f7,17,4,13,7,1,1768980478,2026-01-21 02:29:22
1e3a16ff-65ba-4d34-b3c6-37aff44e085a,13,8,5,26,1,1768980478,2026-01-21 02:29:22
45865207-8700-4ef2-99ed-b08889ef0250,10,4,6,9,1,1768980479,2026-01-21 02:29:22
66dda55f-0aca-11e7-82f6-3863bb44ef7c,27,18,9,0,1,1768980478,2026-01-21 02:29:22
88ee054e-bdeb-4305-8f3b-76eb964f2c84,7,5,3,7,1,1768980479,2026-01-21 02:29:22
141eb0e0-e78d-411a-a0be-202a6424cc93,20,10,10,6,1,1768980478,2026-01-21 02:29:22
1869439368558197224,2,0,2,16,1,1768980478,2026-01-21 02:29:22
956e9f8d-d23a-4a0e-bf28-84180e818af7,15,12,3,10,1,1768980478,2026-01-21 02:29:22
66dbf4ac-0aca-11e7-82f6-3863bb44ef7c,21,10,11,22,1,1768980478,2026-01-21 02:29:22
66dcf0b3-0aca-11e7-82f6-3863bb44ef7c,5,2,3,22,1,1768980479,2026-01-21 02:29:22
66dc8b6a-0aca-11e7-82f6-3863bb44ef7c,40,0,40,11,1,1768980478,2026-01-21 02:29:22
1954778813955578360,0,0,0,0,0,86400,2026-01-21 02:29:22
067d5007-bda5-4697-b0a2-ccc2837f295c,0,0,0,0,0,86400,2026-01-21 02:29:22
1906248765431831024,0,0,0,0,0,86400,2026-01-21 02:29:22
308e055a-b8aa-447d-8803-8677c88af0ba,0,0,0,0,0,86400,2026-01-21 02:29:22
66db316a-0aca-11e7-82f6-3863bb44ef7c,0,0,0,0,0,86400,2026-01-21 02:29:22
aa8fc8b7-b66c-41d9-9885-30b8af599378,0,0,0,0,0,86400,2026-01-21 02:29:22
2171904301452603832,0,0,0,0,0,86400,2026-01-21 02:29:22
2124037384760320326,0,0,0,0,0,86400,2026-01-21 02:29:22
3bfc859b-5c5f-43bc-b2e7-b64ed8ea9ede,7,0,7,12,1,1768979983,2026-01-21 02:29:22
66db2953-0aca-11e7-82f6-3863bb44ef7c,46,4,42,3,1,1768980076,2026-01-21 02:29:22
1862788101231526152,16,7,9,14,1,1768980300,2026-01-21 02:29:22
2126274178538511162,8,0,8,3,1,1768980270,2026-01-21 02:29:22
2126224759932600578,3,2,1,6,1,1768980358,2026-01-21 02:29:22
968d40e0-2a5b-4f6c-a161-fad1631b609b,10,9,1,4,1,1768980358,2026-01-21 02:29:22
aba6e644-3ac8-4cdc-9bc6-763e9d82dee9,14,4,10,9,1,1768980358,2026-01-21 02:29:22
66de1b5b-0aca-11e7-82f6-3863bb44ef7c,7,4,3,18,1,1768980360,2026-01-21 02:29:22
8603535e-0d7a-4c5b-ae77-27b9f5770bfa,21,15,6,4,1,1768980363,2026-01-21 02:29:22
febf420f-bbec-4044-a3af-69959e018ccb,18,18,0,3,1,1768980363,2026-01-21 02:29:22
9bd28b11-cf11-4938-abb2-dfa5ec800e32,27,6,21,2,1,1768980363,2026-01-21 02:29:22
016ee47a-4871-4209-91cb-bf3ceeddc991,8,5,3,10,1,1768980362,2026-01-21 02:29:22
2039088532741595744,41,16,25,12,1,1768980362,2026-01-21 02:29:22
66db9845-0aca-11e7-82f6-3863bb44ef7c,46,38,8,9,1,1768980362,2026-01-21 02:29:22
7a701539-2c10-4abe-803f-525785ebb7fb,0,0,0,21,1,1768980361,2026-01-21 02:29:22
bfea6c5b-2e1a-42c5-8199-2ded6042d57b,8,0,8,17,1,1768980361,2026-01-21 02:29:22
7e7d974c-a6ec-4d9a-b4ed-01a4d2056d8b,1,0,1,18,1,1768980362,2026-01-21 02:29:22
43eac213-4603-4bc2-b6d6-b45013396282,20,10,10,15,1,1768980358,2026-01-21 02:29:22
b90574d1-e9e7-45be-8adb-e38cb285fea5,9,6,3,9,1,1768980359,2026-01-21 02:29:22
b6a4770e-9077-4a0e-a0fb-b45b1d457559,49,34,15,7,1,1768980359,2026-01-21 02:29:22
4dde902d-512c-4e9e-8899-a68424ed87c0,11,1,10,22,1,1768980361,2026-01-21 02:29:22
8df41833-c7bf-4171-bdab-58d64f6ade54,21,6,15,0,1,1768980361,2026-01-21 02:29:22
60a061d5-d984-4573-af3c-2054f4f59e94,4,2,2,14,1,1768980361,2026-01-21 02:29:22
88c1303b-3349-4591-bf08-c7e40cf3537a,28,10,18,17,1,1768980361,2026-01-21 02:29:22
cdb6e2aa-4da3-4ed7-9b13-ce626addf6b0,23,12,11,27,1,1768980361,2026-01-21 02:29:22
3bdd81c8-3112-45e6-ae72-11a3f4fa5921,17,3,14,6,1,1768980361,2026-01-21 02:29:22
66dc8c90-0aca-11e7-82f6-3863bb44ef7c,10,5,5,15,1,1768980361,2026-01-21 02:29:22
66dd49eb-0aca-11e7-82f6-3863bb44ef7c,11,5,6,17,1,1768980369,2026-01-21 02:29:22
66dc3a1a-0aca-11e7-82f6-3863bb44ef7c,3,2,1,47,1,1768980369,2026-01-21 02:29:22
66ddeca9-0aca-11e7-82f6-3863bb44ef7c,16,2,14,1,1,1768980369,2026-01-21 02:29:22
6661108f-28eb-4671-ad0c-36a311d325aa,7,1,6,11,1,1768980369,2026-01-21 02:29:22
1838070703178521596,1,0,1,18,1,1768980366,2026-01-21 02:29:22
66dde2d9-0aca-11e7-82f6-3863bb44ef7c,23,15,8,12,1,1768980366,2026-01-21 02:29:22
66dc0d3a-0aca-11e7-82f6-3863bb44ef7c,16,9,7,3,1,1768980366,2026-01-21 02:29:22
09b00240-4c2a-4900-9d09-f13344461c02,14,9,5,4,1,1768980364,2026-01-21 02:29:22
c5861c24-5ac1-41df-82f1-31748d03e868,56,49,7,9,1,1768980363,2026-01-21 02:29:22
50e05a9f-dce6-4315-a10d-1fa786fc18ee,7,4,3,44,1,1768980364,2026-01-21 02:29:22
1791472201147965920,13,5,8,49,1,1768980364,2026-01-21 02:29:22
66de1580-0aca-11e7-82f6-3863bb44ef7c,8,7,1,29,1,1768980369,2026-01-21 02:29:22
1786698815186893280,34,28,6,0,1,1768980370,2026-01-21 02:29:22
66db30e0-0aca-11e7-82f6-3863bb44ef7c,3,3,0,86,1,1768980370,2026-01-21 02:29:22
74e104fb-1ddc-4f3e-a60b-220b6c4f300b,2,2,0,14,1,1768980365,2026-01-21 02:29:22
78e93937-53d1-4c9b-99ad-0460f908ed2d,10,9,1,14,1,1768980365,2026-01-21 02:29:22
b3c8aaaf-6e1c-4f56-9391-b79e883b8009,3,1,2,20,1,1768980365,2026-01-21 02:29:22
dcdaa64b-4d2c-4017-bfb9-da25924f851d,8,7,1,13,1,1768980372,2026-01-21 02:29:22
1815967313905864892,10,5,5,5,1,1768980373,2026-01-21 02:29:22
66db3cab-0aca-11e7-82f6-3863bb44ef7c,23,10,13,7,1,1768980372,2026-01-21 02:29:22
348c5e65-cbc3-4da6-9856-fc253a0ba546,13,10,3,38,1,1768980372,2026-01-21 02:29:22
36ddce8f-bd83-4a05-b601-b526fb4d8628,3,2,1,16,1,1768980374,2026-01-21 02:29:22
38975061-0d90-43a3-87c1-8905b374d5d9,17,1,16,7,1,1768980375,2026-01-21 02:29:22
c01a9c97-6c04-4e3f-ad0b-958801d94ca1,14,3,11,0,1,1768980375,2026-01-21 02:29:22
d07790cd-1acd-4f74-b5f1-3d70f8a8a526,3,1,2,21,1,1768980374,2026-01-21 02:29:22
1814900353536621062,11,5,6,18,1,1768980375,2026-01-21 02:29:22
1960020817312746312,52,24,28,62,1,1768980380,2026-01-21 02:29:22
1884599469785421928,34,33,1,5,1,1768980380,2026-01-21 02:29:22
1947313784686131504,11,0,11,7,1,1768980376,2026-01-21 02:29:22
66de1295-0aca-11e7-82f6-3863bb44ef7c,17,6,11,1,1,1768980376,2026-01-21 02:29:22
1817433126359581672,9,0,9,13,1,1768980377,2026-01-21 02:29:22
6fd84197-56e2-47df-849f-701aca0e7cc3,4,1,3,14,1,1768980376,2026-01-21 02:29:22
66dc73b0-0aca-11e7-82f6-3863bb44ef7c,34,31,3,2,1,1768980378,2026-01-21 02:29:22
b94cc90e-9ca2-4471-8371-23be051e0157,0,0,0,76,1,1768980378,2026-01-21 02:29:22
66dcc65c-0aca-11e7-82f6-3863bb44ef7c,8,6,2,7,1,1768980379,2026-01-21 02:29:22
66db95e5-0aca-11e7-82f6-3863bb44ef7c,39,17,22,0,1,1768980377,2026-01-21 02:29:22
1836581628905160976,13,4,9,7,1,1768980381,2026-01-21 02:29:22
66de6100-0aca-11e7-82f6-3863bb44ef7c,24,0,24,7,1,1768980380,2026-01-21 02:29:22
1817432787057164808,18,12,6,1,1,1768980290,2026-01-21 02:29:22
e51c8b72-460f-41c2-a5ca-de85d3f46a30,18,7,11,34,1,1768980287,2026-01-21 02:29:22
9505c2b7-0c3a-4791-8471-d2092a86291f,0,0,0,3,0,1768970904,2026-01-21 02:29:22
6fcad2af-c3e2-47a4-8942-023ae4047e67,13,9,4,4,1,1768980339,2026-01-21 02:29:22
d473f31f-68f2-4777-a364-ed127db04345,9,3,6,7,1,1768980340,2026-01-21 02:29:22
1828967717120678322,13,9,4,9,1,1768980382,2026-01-21 02:29:22
66dcbefb-0aca-11e7-82f6-3863bb44ef7c,7,3,4,10,1,1768980384,2026-01-21 02:29:22
08b9c491-a589-4e75-996c-2455c26fb356,2,1,1,17,1,1768980384,2026-01-21 02:29:22
66de2201-0aca-11e7-82f6-3863bb44ef7c,14,12,2,19,1,1768980386,2026-01-21 02:29:22
ecb2eebe-67c0-43b8-baae-71abb1a0ec6a,0,0,0,24,1,1768980387,2026-01-21 02:29:22
4780d9d1-b886-4e72-9d18-cb152f73e10a,2,1,1,17,1,1768980385,2026-01-21 02:29:22
672d71ab-2c23-4bd2-9ed2-34e54aa4b5b5,6,5,1,9,1,1768980385,2026-01-21 02:29:22
61be9a4a-737c-413a-9b72-d47b28a366d5,16,9,7,4,1,1768980385,2026-01-21 02:29:22
66dbea8d-0aca-11e7-82f6-3863bb44ef7c,16,3,13,30,1,1768980382,2026-01-21 02:29:22
1835249854657874848,3,1,2,14,1,1768980383,2026-01-21 02:29:22
66dc7b10-0aca-11e7-82f6-3863bb44ef7c,2,2,0,75,1,1768980383,2026-01-21 02:29:22
a4368364-fa79-493c-8478-1d3471a6077f,0,0,0,54,0,1768946860,2026-01-21 02:29:22
c9c09ed0-0a52-4d6a-a999-b0848874e51f,0,0,0,30,0,1768571529,2026-01-21 02:29:22
f6c33f22-d650-4935-a928-fb693a828b5f,1,1,0,21,1,1768980400,2026-01-21 02:29:22
c05cd2e2-74e8-4526-a62b-d631e005fdd8,27,4,23,1,1,1768980401,2026-01-21 02:29:22
344064f8-e82f-40fb-b235-aff506b77ae5,7,4,3,22,1,1768980401,2026-01-21 02:29:22
bd318c15-5c3d-4e72-9837-3b4bd37707e0,2,2,0,16,1,1768980401,2026-01-21 02:29:22
2a47ef14-1cbe-4ec6-841d-cc277627fe20,17,15,2,11,1,1768980398,2026-01-21 02:29:22
1786698158713921798,24,2,22,17,1,1768980398,2026-01-21 02:29:22
1848241332086049696,1,0,1,20,1,1768980398,2026-01-21 02:29:22
66dbce8a-0aca-11e7-82f6-3863bb44ef7c,54,29,25,5,1,1768980399,2026-01-21 02:29:22
fbee1143-e93f-418d-b6bc-8fde4a9a8746,15,8,7,33,1,1768980399,2026-01-21 02:29:22
9e3603ee-2b7d-4147-a7b5-48bbd778902c,12,12,0,45,1,1768980396,2026-01-21 02:29:22
05b9e7cd-f3a2-4d48-b7c4-f5fbe09d9de3,8,2,6,19,1,1768980397,2026-01-21 02:29:22
66de1448-0aca-11e7-82f6-3863bb44ef7c,0,0,0,28,1,1768980397,2026-01-21 02:29:22
1860187692409078310,5,0,5,17,1,1768980397,2026-01-21 02:29:22
66dc1545-0aca-11e7-82f6-3863bb44ef7c,18,4,14,6,1,1768980397,2026-01-21 02:29:22
1835249964093653018,2,0,2,21,1,1768980398,2026-01-21 02:29:22
8a24490d-d5c5-4bac-9e36-56967834fc10,0,0,0,20,1,1768980398,2026-01-21 02:29:22
66dcf394-0aca-11e7-82f6-3863bb44ef7c,10,7,3,20,1,1768980398,2026-01-21 02:29:22
6067af3d-f7ed-4149-a394-2fc2eb295872,50,13,37,7,1,1768980398,2026-01-21 02:29:22
6f484a9d-c535-451e-a18f-f3afdc0a27af,31,9,22,8,1,1768980399,2026-01-21 02:29:22
74a1dc19-f894-4246-99f1-476a92452995,4,2,2,21,1,1768980399,2026-01-21 02:29:22
66de47bf-0aca-11e7-82f6-3863bb44ef7c,14,6,8,2,1,1768980400,2026-01-21 02:29:22
e6a32ec8-fc8b-4ed6-93a2-3ace3921b89d,16,16,0,10,1,1768980400,2026-01-21 02:29:22
27c71510-d515-4add-b660-6efd6f225cd1,20,17,3,5,1,1768980399,2026-01-21 02:29:22
66dc0c53-0aca-11e7-82f6-3863bb44ef7c,12,4,8,8,1,1768980394,2026-01-21 02:29:22
cbcbd880-9662-4ab1-b530-781bb101ed1f,4,3,1,12,1,1768980394,2026-01-21 02:29:22
66dde079-0aca-11e7-82f6-3863bb44ef7c,9,6,3,30,1,1768980394,2026-01-21 02:29:22
5adcaaaf-5386-441d-827c-8d65c4f4405e,1,1,0,20,1,1768980390,2026-01-21 02:29:22
66dbe4db-0aca-11e7-82f6-3863bb44ef7c,78,64,14,3,1,1768980390,2026-01-21 02:29:22
21361381-fd4a-44a4-bfa7-61f075192ce9,7,6,1,17,1,1768980390,2026-01-21 02:29:22
1882736039096477712,29,22,7,9,1,1768980391,2026-01-21 02:29:22
c04cef84-3fcd-4fd9-9e40-8e07453dbe19,7,3,4,12,1,1768980391,2026-01-21 02:29:22
db02e1ea-acc1-4f45-8e3c-d37468b0b5a6,0,0,0,18,1,1768980392,2026-01-21 02:29:22
9341ee1c-d456-4858-a451-70cbbd73d084,8,3,5,19,1,1768980392,2026-01-21 02:29:22
19002a4c-3229-450b-ad69-76948696e60d,1,0,1,17,1,1768980392,2026-01-21 02:29:22
16280b32-7e5b-4a18-930b-212eac10faaa,1,0,1,19,1,1768980388,2026-01-21 02:29:22
8dc8c0b3-4d70-40fe-a75a-86e30ecb676b,16,2,14,1,1,1768980388,2026-01-21 02:29:22
1843486301383097150,2,0,2,21,1,1768980389,2026-01-21 02:29:22
0f9423bd-98dd-4919-b6e3-28880ff7ecca,4,3,1,14,1,1768980395,2026-01-21 02:29:22
1846449740982645546,16,0,16,3,1,1768980395,2026-01-21 02:29:22
2053867202510006310,18,4,14,3,1,1768980396,2026-01-21 02:29:22
1ec7ef9f-ab60-4a64-821d-883ba547273a,1,1,0,15,1,1768980391,2026-01-21 02:29:22
66dd1b65-0aca-11e7-82f6-3863bb44ef7c,27,7,20,30,1,1768980394,2026-01-21 02:29:22
a6287af0-9a9e-4708-b61f-8e758be4b914,14,7,7,5,1,1768980392,2026-01-21 02:29:22
91ca68bd-5ac1-470b-a26d-1ec98ea9cca4,13,1,12,11,1,1768980393,2026-01-21 02:29:22
1875413335585534272,2,0,2,19,1,1768980391,2026-01-21 02:29:22
66dc209c-0aca-11e7-82f6-3863bb44ef7c,60,38,22,2,1,1768980403,2026-01-21 02:29:22
88bf1344-354f-4699-bdbd-1c2584fc41ee,30,4,26,5,1,1768980403,2026-01-21 02:29:22
1828968994833044184,9,1,8,10,1,1768980403,2026-01-21 02:29:22
1914337145288845316,16,3,13,6,1,1768980403,2026-01-21 02:29:22
1794096976946852066,37,34,3,27,1,1768980401,2026-01-21 02:29:22
66dc91b5-0aca-11e7-82f6-3863bb44ef7c,20,5,15,25,1,1768980402,2026-01-21 02:29:22
20f3a578-4dfa-45ca-a917-b394d77ee08e,17,3,14,12,1,1768980405,2026-01-21 02:29:22
0579ff13-5d5b-4cbd-bc6e-3e9396591aef,7,2,5,11,1,1768980404,2026-01-21 02:29:22
1836581714456697424,8,1,7,15,1,1768980404,2026-01-21 02:29:22
7d455e9a-20b4-4b03-8248-0d982fdfa21b,0,0,0,22,1,1768980406,2026-01-21 02:29:22
c2291f8e-3b07-4671-82af-2b947825de4a,55,40,15,10,1,1768980406,2026-01-21 02:29:22
66db3f01-0aca-11e7-82f6-3863bb44ef7c,38,27,11,9,1,1768980406,2026-01-21 02:29:22
533f25a0-514f-456f-9d87-5fdcb4ee42f4,4,3,1,14,1,1768980407,2026-01-21 02:29:22
fbb2d76c-1d47-4fb1-9c07-622fcace38a5,21,0,21,6,1,1768980406,2026-01-21 02:29:22
66dd8bd9-0aca-11e7-82f6-3863bb44ef7c,17,11,6,6,1,1768980407,2026-01-21 02:29:22
557f8d40-dec1-4c61-bd03-a0d1a6ea0e4b,24,11,13,4,1,1768980403,2026-01-21 02:29:22
2122552934440059494,3,1,2,13,1,1768980407,2026-01-21 02:29:22
66ddb41c-0aca-11e7-82f6-3863bb44ef7c,34,23,11,1,1,1768980410,2026-01-21 02:29:22
66dd42eb-0aca-11e7-82f6-3863bb44ef7c,0,0,0,60,1,1768980410,2026-01-21 02:29:22
1835250318514342456,10,1,9,17,1,1768980411,2026-01-21 02:29:22
a11a0000-19cf-4053-b3a1-3a5886d7446c,26,12,14,13,1,1768980411,2026-01-21 02:29:22
c1c33a35-751f-4dd6-baef-82db46f7ab46,8,2,6,22,1,1768980411,2026-01-21 02:29:22
2126622876727162948,6,1,5,5,1,1768980409,2026-01-21 02:29:22
d319629d-63cf-4765-9f69-5569f35d6469,6,2,4,12,1,1768980409,2026-01-21 02:29:22
581d8683-c217-4f96-89cb-b5a94d780b83,1,1,0,75,1,1768980409,2026-01-21 02:29:22
72196024-6f2b-45cb-9764-609911c7dc0b,15,8,7,33,1,1768980410,2026-01-21 02:29:22
ed1199e4-d9a6-4d9e-8c81-62bcd7510a11,15,14,1,14,1,1768980412,2026-01-21 02:29:22
6a671276-d345-4a4c-a7df-98f5dbb19e4c,5,4,1,15,1,1768980415,2026-01-21 02:29:22
66de871c-0aca-11e7-82f6-3863bb44ef7c,0,0,0,58,1,1768980416,2026-01-21 02:29:22
1900647078394106472,6,2,4,11,1,1768980416,2026-01-21 02:29:22
dfe2c398-ff5c-4a8d-83c8-fa18801540d8,11,0,11,18,1,1768980416,2026-01-21 02:29:22
2053884382031338034,11,2,9,33,1,1768980416,2026-01-21 02:29:22
c83e1ef5-776e-417e-8ee2-d08ca121f884,4,3,1,20,1,1768980412,2026-01-21 02:29:22
66dd52c8-0aca-11e7-82f6-3863bb44ef7c,11,11,0,28,1,1768980413,2026-01-21 02:29:22
e35494b4-5811-4d2a-87de-4430e56bce2d,1,1,0,18,1,1768980413,2026-01-21 02:29:22
6c3b486e-603c-4158-91ac-adc06ac01535,10,0,10,15,1,1768980413,2026-01-21 02:29:22
490ca6cc-c2a2-4838-acf0-4704ed60dc51,23,20,3,26,1,1768980413,2026-01-21 02:29:22
35915f48-31c5-499a-b845-2ca2fb541904,19,0,19,20,1,1768980415,2026-01-21 02:29:22
ff2869f0-4381-4cf3-863e-a0d776ec53b4,89,44,45,1,1,1768980415,2026-01-21 02:29:22
66ddb595-0aca-11e7-82f6-3863bb44ef7c,5,2,3,12,1,1768980417,2026-01-21 02:29:22
1ddadf67-ae08-4e86-bdda-236629b9eabd,9,3,6,15,1,1768980413,2026-01-21 02:29:22
1861680103893703034,4,4,0,16,1,1768980413,2026-01-21 02:29:22
eef98eb6-f550-49f9-a910-4d2863e6a591,7,7,0,13,1,1768980414,2026-01-21 02:29:22
add829db-2feb-4e81-af61-056791a6e53b,6,5,1,24,1,1768980413,2026-01-21 02:29:22
66dd2556-0aca-11e7-82f6-3863bb44ef7c,30,11,19,13,1,1768980414,2026-01-21 02:29:22
e71d152c-c2df-4d3e-a9af-139f2529bac6,12,0,12,4,1,1768980415,2026-01-21 02:29:22
bf093f72-1d8d-44ae-91b5-e36958a27976,4,0,4,16,1,1768980418,2026-01-21 02:29:22
062f0ac2-b3b6-4c15-b470-92ce9b592635,14,4,10,5,1,1768980418,2026-01-21 02:29:22
66db8fde-0aca-11e7-82f6-3863bb44ef7c,40,21,19,11,1,1768980418,2026-01-21 02:29:22
2af3ecc3-4f43-468a-a7cc-bb4804ee3e7a,15,10,5,37,1,1768980418,2026-01-21 02:29:22
1828968611856235508,2,1,1,16,1,1768980419,2026-01-21 02:29:22
05c5e17c-7aa9-49b7-9da3-9db4858ec1fc,24,20,4,1,1,1768980419,2026-01-21 02:29:22
cd5e7c3e-c618-416a-ae99-b509bd56e1b2,7,1,6,21,1,1768980419,2026-01-21 02:29:22
1828966882896859944,0,0,0,17,1,1768980419,2026-01-21 02:29:22
1820420129807491554,16,2,14,2,1,1768980420,2026-01-21 02:29:22
c38e2cfc-04e6-419c-8bf8-d8713ccf6ea7,52,8,44,2,1,1768980422,2026-01-21 02:29:22
a04bf523-3c76-4fad-88bf-e99037f9b796,13,4,9,7,1,1768980423,2026-01-21 02:29:22
5f0aa684-a1c5-4119-827f-7860f1cd4ccd,12,3,9,11,1,1768980422,2026-01-21 02:29:22
66dbc8f5-0aca-11e7-82f6-3863bb44ef7c,62,49,13,6,1,1768980422,2026-01-21 02:29:22
d55dd622-0ced-4e4d-9ea5-2ef2cb6481a9,18,9,9,17,1,1768980422,2026-01-21 02:29:22
66dccd65-0aca-11e7-82f6-3863bb44ef7c,17,0,17,9,1,1768980421,2026-01-21 02:29:22
66db4351-0aca-11e7-82f6-3863bb44ef7c,57,26,31,15,1,1768980422,2026-01-21 02:29:22
66dd40dd-0aca-11e7-82f6-3863bb44ef7c,11,9,2,20,1,1768980422,2026-01-21 02:29:22
66de1af4-0aca-11e7-82f6-3863bb44ef7c,10,7,3,24,1,1768980419,2026-01-21 02:29:22
1846086768160082632,22,0,22,2,1,1768980420,2026-01-21 02:29:22
2e74ea1d-02a0-47bf-9665-dce2d65de8d7,20,8,12,26,1,1768980420,2026-01-21 02:29:22
531e6d94-5f4c-4ef0-9c83-47191be9d8f9,1,1,0,16,1,1768980420,2026-01-21 02:29:22
66dbc982-0aca-11e7-82f6-3863bb44ef7c,14,14,0,92,1,1768980423,2026-01-21 02:29:22
3bf91ca1-14fd-4e51-858e-36a203f1af2a,2,2,0,15,1,1768980423,2026-01-21 02:29:22
0e82ab9f-8c93-4302-b9df-342f8135a05c,20,0,20,0,1,1768980423,2026-01-21 02:29:22
42bf7170-61ab-44a0-aafe-1b89d7271718,15,9,6,14,1,1768980423,2026-01-21 02:29:22
b1f67e5c-7c26-4bf3-a90e-1500a3160d60,6,1,5,17,1,1768980420,2026-01-21 02:29:22
1822663143025657920,20,4,16,4,1,1768980423,2026-01-21 02:29:22
1e226f22-034f-4b99-8184-a8eaa591fbd8,14,11,3,32,1,1768980424,2026-01-21 02:29:22
7dcc5a03-5997-4250-9207-fa8b6f027c86,14,4,10,12,1,1768980424,2026-01-21 02:29:22
1869754004195029842,0,0,0,21,1,1768980424,2026-01-21 02:29:22
66dbef85-0aca-11e7-82f6-3863bb44ef7c,31,10,21,4,1,1768980424,2026-01-21 02:29:22
9790606b-a00d-4d5e-b6ec-abd11c9d25b3,0,0,0,17,1,1768980425,2026-01-21 02:29:22
66de20c8-0aca-11e7-82f6-3863bb44ef7c,12,11,1,16,1,1768980425,2026-01-21 02:29:22
1828969417249358046,5,1,4,14,1,1768980431,2026-01-21 02:29:22
138094a0-cd7d-4014-9b21-4fb2afd3980e,17,12,5,7,1,1768980431,2026-01-21 02:29:22
876683ce-9bce-4fad-8d1c-6b331fa07b5c,39,15,24,6,1,1768980430,2026-01-21 02:29:22
01a1343d-9c7b-4a83-8a5a-a600187f19c4,1,0,1,28,1,1768980430,2026-01-21 02:29:22
1945125793810207148,5,1,4,12,1,1768980430,2026-01-21 02:29:22
dba67615-a7e0-4c44-ab1b-b464033ec9b9,16,7,9,3,1,1768980430,2026-01-21 02:29:22
66dde9af-0aca-11e7-82f6-3863bb44ef7c,14,10,4,12,1,1768980428,2026-01-21 02:29:22
40042fb4-6ddd-4f74-bb52-5af3e4e08c8d,16,0,16,6,1,1768980429,2026-01-21 02:29:22
918af7b2-e05c-477a-a8c0-7dcff984c566,9,1,8,29,1,1768980429,2026-01-21 02:29:22
1828968199249922252,3,1,2,17,1,1768980427,2026-01-21 02:29:22
0096fecb-3a56-4585-9204-aa9554f7bc49,26,16,10,19,1,1768980428,2026-01-21 02:29:22
079b5a90-1d2b-40b2-b1e9-71c075f16b89,8,4,4,8,1,1768980428,2026-01-21 02:29:22
fdf21800-6106-4739-b7d5-b379b19e5732,10,5,5,10,1,1768980431,2026-01-21 02:29:22
66de2625-0aca-11e7-82f6-3863bb44ef7c,15,7,8,18,1,1768980430,2026-01-21 02:29:22
22ac9559-d7f1-4dcd-ae3e-f6caf586a455,4,2,2,20,1,1768980430,2026-01-21 02:29:22
66dc86d9-0aca-11e7-82f6-3863bb44ef7c,49,1,48,15,1,1768980430,2026-01-21 02:29:22
66dbf442-0aca-11e7-82f6-3863bb44ef7c,24,16,8,54,1,1768980431,2026-01-21 02:29:22
eb6c2359-4825-4bf4-8f2d-8b6dd2bf4212,31,21,10,6,1,1768980429,2026-01-21 02:29:22
9f702c67-b591-4492-ba90-eb3c7e793dad,12,2,10,9,1,1768980436,2026-01-21 02:29:22
904930bd-2671-4695-9c1a-8a894b041129,12,12,0,53,1,1768980436,2026-01-21 02:29:22
66db3d2a-0aca-11e7-82f6-3863bb44ef7c,16,0,16,43,1,1768980436,2026-01-21 02:29:22
84b30f68-5404-453a-ae86-a2baff03a2c9,2,0,2,14,1,1768980436,2026-01-21 02:29:22
1860187301567054286,6,4,2,11,1,1768980437,2026-01-21 02:29:22
66de5d57-0aca-11e7-82f6-3863bb44ef7c,0,0,0,21,1,1768980436,2026-01-21 02:29:22
454b4a83-d0b1-42a2-8163-261e2a9d6ab9,34,24,10,45,1,1768980436,2026-01-21 02:29:22
a35d03cf-bd72-4da4-a4ac-bd25b3f8dce3,15,9,6,3,1,1768980436,2026-01-21 02:29:22
66dd1ad8-0aca-11e7-82f6-3863bb44ef7c,17,1,16,6,1,1768980437,2026-01-21 02:29:22
e7739b9e-7cc6-4cbb-98d3-669b8e2ae98b,5,0,5,16,1,1768980437,2026-01-21 02:29:22
1823008917260927616,17,5,12,7,1,1768980437,2026-01-21 02:29:22
1d977221-b2b5-4fa2-bba0-b00136834fb3,4,0,4,14,1,1768980437,2026-01-21 02:29:22
1c82b223-42ba-4d15-8e8a-bd8ae2a57cde,6,3,3,10,1,1768980438,2026-01-21 02:29:22
66de07ec-0aca-11e7-82f6-3863bb44ef7c,21,1,20,4,1,1768980438,2026-01-21 02:29:22
b200a8bf-2d79-4511-9a16-ac41e7245622,20,1,19,3,1,1768980438,2026-01-21 02:29:22
1877651952425321214,7,0,7,10,1,1768980433,2026-01-21 02:29:22
1597ea95-0b6b-425a-8d13-ed86ee0754b5,4,1,3,15,1,1768980433,2026-01-21 02:29:22
66db3aa3-0aca-11e7-82f6-3863bb44ef7c,41,38,3,11,1,1768980433,2026-01-21 02:29:22
10c13fe2-34cb-4aff-bea1-4f5ce877769b,8,4,4,7,1,1768980433,2026-01-21 02:29:22
1d8e51b0-8131-4c1f-93fb-f04952c157c0,3,0,3,24,1,1768980436,2026-01-21 02:29:22
d873e463-2dc9-4bf8-86c7-fea8ddaa3a9f,2,2,0,14,1,1768980435,2026-01-21 02:29:22
66ddb7bf-0aca-11e7-82f6-3863bb44ef7c,27,27,0,21,1,1768980436,2026-01-21 02:29:22
66dde559-0aca-11e7-82f6-3863bb44ef7c,27,27,0,6,1,1768980432,2026-01-21 02:29:22
66db6cd4-0aca-11e7-82f6-3863bb44ef7c,44,24,20,5,1,1768980432,2026-01-21 02:29:22
1945126147213275898,4,3,1,18,1,1768980433,2026-01-21 02:29:22
66dc7957-0aca-11e7-82f6-3863bb44ef7c,20,9,11,55,1,1768980433,2026-01-21 02:29:22
66dcf897-0aca-11e7-82f6-3863bb44ef7c,4,3,1,24,1,1768980433,2026-01-21 02:29:22
1975518396279321266,41,35,6,36,1,1768980433,2026-01-21 02:29:22
1786696251091417274,33,17,16,2,1,1768980431,2026-01-21 02:29:22
66dea4bf-0aca-11e7-82f6-3863bb44ef7c,31,15,16,8,1,1768980442,2026-01-21 02:29:22
98af0e1d-ea33-4c6e-95fe-97846e81081e,14,12,2,6,1,1768980442,2026-01-21 02:29:22
66f68197-4897-4576-896a-48e0312104c5,7,4,3,19,1,1768980442,2026-01-21 02:29:22
412c1416-d15b-4e6a-9691-da4c3cc0d0d2,36,33,3,25,1,1768980442,2026-01-21 02:29:22
cb04be8e-8edc-4c9d-bfc0-76f94e3a3d9b,33,1,32,9,1,1768980438,2026-01-21 02:29:22
5d049d4b-0736-4323-834a-1b2454bd6551,14,13,1,10,1,1768980438,2026-01-21 02:29:22
943be327-0320-4ae1-8eb0-8a56f86a4fb6,9,5,4,15,1,1768980438,2026-01-21 02:29:22
1869754328201607270,3,0,3,13,1,1768980439,2026-01-21 02:29:22
66dcbdc2-0aca-11e7-82f6-3863bb44ef7c,6,3,3,15,1,1768980439,2026-01-21 02:29:22
66dcbb2c-0aca-11e7-82f6-3863bb44ef7c,11,3,8,16,1,1768980439,2026-01-21 02:29:22
66dd4051-0aca-11e7-82f6-3863bb44ef7c,28,22,6,18,1,1768980439,2026-01-21 02:29:22
ab79da3d-f92a-42de-a76d-e05b5d7e724c,0,0,0,14,1,1768980442,2026-01-21 02:29:22
16e17ca1-b2dc-47d0-8c8b-199cb4736fe7,9,5,4,10,1,1768980443,2026-01-21 02:29:22
49d2cd03-f508-483f-a7c9-7fd450e5e6db,13,3,10,5,1,1768980440,2026-01-21 02:29:22
c0b541ae-9e66-4739-babb-483180747dc2,4,2,2,13,1,1768980440,2026-01-21 02:29:22
39112ced-337f-4b71-9df6-291cd4265cc9,22,2,20,0,1,1768980441,2026-01-21 02:29:22
0183d7d4-9e11-4429-94db-666a31239871,16,3,13,9,1,1768980440,2026-01-21 02:29:22
66db4158-0aca-11e7-82f6-3863bb44ef7c,26,22,4,9,1,1768980441,2026-01-21 02:29:22
8fc95e31-b025-4d2b-b5aa-240465366480,13,12,1,8,1,1768980439,2026-01-21 02:29:22
3c21925c-d68e-497c-b501-982d3eb3e852,14,10,4,6,1,1768980443,2026-01-21 02:29:22
1851955603137491568,29,1,28,1,1,1768980444,2026-01-21 02:29:22
e24cb64d-10c2-48db-9440-59e63c0f1c95,9,5,4,16,1,1768980444,2026-01-21 02:29:22
d5788cfa-817e-4b65-b43f-edda222a3c3c,13,9,4,11,1,1768980444,2026-01-21 02:29:22
b1f3eb8c-07f9-479f-a8ab-f04e094bc7d0,9,3,6,11,1,1768980444,2026-01-21 02:29:22
026fd07d-d810-45dc-9237-a3d84dce4fa9,11,2,9,11,1,1768980445,2026-01-21 02:29:22
1882735162923150168,23,5,18,1,1,1768980444,2026-01-21 02:29:22
ad037fe2-4a28-4b55-863c-229aada0b43a,6,0,6,13,1,1768980445,2026-01-21 02:29:22
8cb0375d-bcb2-4c90-9773-41c3c8fdf8d8,19,9,10,61,1,1768980445,2026-01-21 02:29:22
30a75e12-5327-48f0-8155-3925aa934054,6,6,0,12,1,1768980445,2026-01-21 02:29:22
2c2cdc55-52a3-4140-b4d3-8409a98f130f,7,3,4,18,1,1768980445,2026-01-21 02:29:22
4cd5a87d-7618-4a15-892d-8cf29eec865c,17,4,13,1,1,1768980445,2026-01-21 02:29:22
de0c1800-f7cc-41b4-ab7a-c9d219180d06,5,3,2,55,1,1768980446,2026-01-21 02:29:22
e15a5c77-70b0-4b9d-9eae-f10ddda7d994,0,0,0,22,1,1768980447,2026-01-21 02:29:22
26568d39-db49-4354-a5c1-c81a3c856285,6,0,6,11,1,1768980448,2026-01-21 02:29:22
8f9ce302-2a6d-443c-8fe0-625b20021ea2,12,4,8,12,1,1768980447,2026-01-21 02:29:22
97bcf094-ad77-4743-9c94-832c7300c090,4,1,3,12,1,1768980447,2026-01-21 02:29:22
b5010362-af16-4357-8fb7-5958576954c0,9,1,8,19,1,1768980447,2026-01-21 02:29:22
72796825-88b1-43a0-bb6d-2b41d337b1fc,26,15,11,4,1,1768980445,2026-01-21 02:29:22
403c310e-26d5-4db5-9928-13c38b25053d,16,15,1,7,1,1768980445,2026-01-21 02:29:22
66dba0ba-0aca-11e7-82f6-3863bb44ef7c,11,2,9,28,1,1768980449,2026-01-21 02:29:22
56e18295-f760-4bf3-8aa3-5a1e4ebf606f,6,1,5,14,1,1768980449,2026-01-21 02:29:22
653ba606-f397-41e6-adc4-f775bf2d0c9f,12,0,12,10,1,1768980452,2026-01-21 02:29:22
66dc36c3-0aca-11e7-82f6-3863bb44ef7c,52,10,42,28,1,1768980452,2026-01-21 02:29:22
ab40ffde-f331-4194-adab-cb8c60b63f28,7,5,2,18,1,1768980452,2026-01-21 02:29:22
a1cf7115-8e38-4300-aac8-3a2fddca0e23,20,7,13,13,1,1768980452,2026-01-21 02:29:22
78ec2f0d-c309-46d4-8808-7eb1a0674e38,9,9,0,20,1,1768980452,2026-01-21 02:29:22
66db237e-0aca-11e7-82f6-3863bb44ef7c,23,12,11,31,1,1768980450,2026-01-21 02:29:22
30d6520e-b612-4240-a9ff-eec12b02b263,7,4,3,11,1,1768980450,2026-01-21 02:29:22
d56a8542-048a-4aca-ac7f-f27a9e6c908b,12,3,9,14,1,1768980450,2026-01-21 02:29:22
c702c094-b08f-449d-a41d-b3724f147491,3,3,0,18,1,1768980450,2026-01-21 02:29:22
9e99abca-c679-4788-9a4e-39066660bd6a,8,4,4,9,1,1768980450,2026-01-21 02:29:22
66dd25e0-0aca-11e7-82f6-3863bb44ef7c,17,7,10,2,1,1768980451,2026-01-21 02:29:22
9e9acfaf-0bbf-4bc2-a825-b2befb6bee55,21,12,9,10,1,1768980450,2026-01-21 02:29:22
1960020540642077008,23,18,5,25,1,1768980453,2026-01-21 02:29:22
89171660-8cef-443f-8f75-67503532d1ce,12,2,10,6,1,1768980453,2026-01-21 02:29:22
1835246815877178358,10,3,7,10,1,1768980453,2026-01-21 02:29:22
66de1f17-0aca-11e7-82f6-3863bb44ef7c,31,30,1,3,1,1768980454,2026-01-21 02:29:22
09a0c507-7cda-4f3f-9988-78de0baa28e4,5,2,3,14,1,1768980454,2026-01-21 02:29:22
1e590819-53fd-415c-bc28-aed605ad3bcb,5,1,4,11,1,1768980451,2026-01-21 02:29:22
96a4da57-107a-43d1-8828-4749d5555461,9,0,9,21,1,1768980451,2026-01-21 02:29:22
6853d09a-cbd8-4378-bc23-02e8bba0b4da,3,1,2,19,1,1768980451,2026-01-21 02:29:22
1789e458-c466-4d77-aba6-365f5c3823ed,8,0,8,9,1,1768980448,2026-01-21 02:29:22
66dbf667-0aca-11e7-82f6-3863bb44ef7c,68,32,36,0,1,1768980449,2026-01-21 02:29:22
2126624466406238560,8,3,5,5,1,1768980449,2026-01-21 02:29:22
77a498ea-5693-46cc-a4b1-6e428f574797,16,0,16,8,1,1768980449,2026-01-21 02:29:22
66db3a1e-0aca-11e7-82f6-3863bb44ef7c,8,8,0,12,1,1768980450,2026-01-21 02:29:22
acfeadeb-73bb-4ec3-b809-78675b01af74,5,4,1,15,1,1768980449,2026-01-21 02:29:22
4223f276-a4d4-45e0-b914-67f5ef1e81ba,3,1,2,20,1,1768980450,2026-01-21 02:29:22
59f0cb81-e31b-4ba9-9159-3437c52f7505,0,0,0,17,1,1768980450,2026-01-21 02:29:22
66dc4bd9-0aca-11e7-82f6-3863bb44ef7c,69,51,18,25,1,1768980449,2026-01-21 02:29:22
9157a3bc-43fa-4221-8bb8-17273fc09540,17,8,9,7,1,1768980452,2026-01-21 02:29:22
b3a9057e-7ff6-4117-b96e-e71c173cf1e9,10,1,9,7,1,1768980453,2026-01-21 02:29:22
66de06ef-0aca-11e7-82f6-3863bb44ef7c,19,2,17,5,1,1768980453,2026-01-21 02:29:22
66de2131-0aca-11e7-82f6-3863bb44ef7c,17,15,2,20,1,1768980453,2026-01-21 02:29:22
2121033124458338894,9,1,8,4,1,1768980459,2026-01-21 02:29:22
bca594e5-779f-4866-bd6b-818871f97d38,17,2,15,12,1,1768980459,2026-01-21 02:29:22
daaa3ac1-594c-48d2-9431-a8ced305ed5a,2,2,0,16,1,1768980459,2026-01-21 02:29:22
9dde927d-9984-4f97-bcd0-fbcb59e6ca66,12,2,10,6,1,1768980459,2026-01-21 02:29:22
cae4f2f4-9642-474c-95cc-6cc07592f120,1,1,0,33,1,1768980459,2026-01-21 02:29:22
66dc28bd-0aca-11e7-82f6-3863bb44ef7c,1,1,0,55,1,1768980459,2026-01-21 02:29:22
2126621026154598618,11,2,9,1,1,1768980460,2026-01-21 02:29:22
1817627670084542818,12,3,9,10,1,1768980461,2026-01-21 02:29:22
16cbe771-8fca-4437-b9d2-374e00da6c3a,11,2,9,10,1,1768980461,2026-01-21 02:29:22
66db6e49-0aca-11e7-82f6-3863bb44ef7c,2,0,2,43,1,1768980456,2026-01-21 02:29:22
1838617691511229014,7,7,0,16,1,1768980457,2026-01-21 02:29:22
66dd4de9-0aca-11e7-82f6-3863bb44ef7c,0,0,0,52,1,1768980454,2026-01-21 02:29:22
1860189426558126796,11,2,9,11,1,1768980455,2026-01-21 02:29:22
18d980e5-ba08-4bc3-832e-03eb71865768,20,12,8,3,1,1768980461,2026-01-21 02:29:22
5b0b689f-9bd2-4743-b4cc-d4629a9a709b,18,3,15,4,1,1768980459,2026-01-21 02:29:22
66db29e6-0aca-11e7-82f6-3863bb44ef7c,10,8,2,7,1,1768980462,2026-01-21 02:29:22
66db8c10-0aca-11e7-82f6-3863bb44ef7c,21,10,11,14,1,1768980462,2026-01-21 02:29:22
95a52ce4-3597-47d1-8d6f-427cb3b8ca6a,1,0,1,22,1,1768980462,2026-01-21 02:29:22
9789dc0f-1eb6-4830-bda9-1ce5f1413e19,4,4,0,13,1,1768980460,2026-01-21 02:29:22
66de4408-0aca-11e7-82f6-3863bb44ef7c,11,5,6,11,1,1768980465,2026-01-21 02:29:22
141ba25c-f4ea-4cec-ae7e-022401e23087,3,2,1,11,1,1768980464,2026-01-21 02:29:22
66db6387-0aca-11e7-82f6-3863bb44ef7c,84,64,20,26,1,1768980465,2026-01-21 02:29:22
833bc8bc-3c32-4481-9c14-9a88aa7accec,16,4,12,22,1,1768980464,2026-01-21 02:29:22
17aeb1e3-fd18-4cf9-9473-17dfa5b0a312,13,11,2,10,1,1768980455,2026-01-21 02:29:22
1823008749757202820,14,1,13,8,1,1768980456,2026-01-21 02:29:22
aa8270ec-4441-47d2-854b-5852e65fae66,2,0,2,16,1,1768980456,2026-01-21 02:29:22
720c0d64-7828-4dba-bff9-4d99f4e3a9fc,6,4,2,15,1,1768980465,2026-01-21 02:29:22
af626e61-9f83-4602-a9b1-038b1c1430e6,14,2,12,2,1,1768980465,2026-01-21 02:29:22
311269f4-53dc-4f83-b26b-ecb6e8e160ed,4,3,1,15,1,1768980465,2026-01-21 02:29:22
ab5585c8-c2cf-4bab-96cf-d02eced4f6e3,7,5,2,38,1,1768980465,2026-01-21 02:29:22
66dd4841-0aca-11e7-82f6-3863bb44ef7c,29,23,6,13,1,1768980466,2026-01-21 02:29:22
1861681435029604706,23,15,8,0,1,1768980466,2026-01-21 02:29:22
dd8627c8-4190-4a30-8758-e77a7b010437,9,4,5,38,1,1768980463,2026-01-21 02:29:22
66de4c32-0aca-11e7-82f6-3863bb44ef7c,14,0,14,10,1,1768980464,2026-01-21 02:29:22
66dd9213-0aca-11e7-82f6-3863bb44ef7c,14,12,2,27,1,1768980464,2026-01-21 02:29:22
2b848257-dc2e-4dd0-b840-d5e046972789,6,0,6,11,1,1768980460,2026-01-21 02:29:22
99d149f9-ad40-461e-beea-fcbf086f9b5a,23,9,14,43,1,1768980461,2026-01-21 02:29:22
0f51cb84-e386-44ac-947f-a969f7617d17,18,5,13,5,1,1768980465,2026-01-21 02:29:22
2a9e2320-083d-4044-aedf-0c15ecfefe61,4,2,2,18,1,1768980465,2026-01-21 02:29:22
2123940513700131194,9,6,3,6,1,1768980464,2026-01-21 02:29:22
ab692d1f-5a4a-4fff-b929-013c3a7e8a98,0,0,0,18,1,1768980464,2026-01-21 02:29:22
8c700e85-cfdb-4eef-ba49-53bd69c004ed,9,2,7,10,1,1768980464,2026-01-21 02:29:22
4e1a13af-1c3b-48f2-8586-5edceea97d61,1,1,0,18,1,1768980464,2026-01-21 02:29:22
1828969851041055492,11,7,4,11,1,1768980465,2026-01-21 02:29:22
17c45d34-0d8d-46ba-9078-e9a2a7c5867c,1,1,0,29,1,1768980464,2026-01-21 02:29:22
facb0195-8daa-46e3-95e1-6f22fb678e8a,1,1,0,18,1,1768980466,2026-01-21 02:29:22
de449a58-0edf-4d36-91b4-4b313576e945,11,3,8,6,1,1768980466,2026-01-21 02:29:22
1431ec5c-242d-401b-b672-dbf95155999b,2,2,0,14,1,1768980466,2026-01-21 02:29:22
1286480d-5d6d-4a47-9fac-e156dba2b6fc,30,15,15,26,1,1768980466,2026-01-21 02:29:22
66de56e5-0aca-11e7-82f6-3863bb44ef7c,21,2,19,3,1,1768980471,2026-01-21 02:29:22
1879859065051787718,16,12,4,4,1,1768980471,2026-01-21 02:29:22
897e8739-ee1d-4b2e-b151-ad7e64e87697,15,5,10,13,1,1768980463,2026-01-21 02:29:22
160e21da-6dd2-47ff-8385-e13c8cdce4fa,23,2,21,0,1,1768980460,2026-01-21 02:29:22
1843486757863039016,14,3,11,6,1,1768980463,2026-01-21 02:29:22
24f431ca-c2a5-46be-966b-b8d4c3e4b346,3,2,1,11,1,1768980463,2026-01-21 02:29:22
66db32fb-0aca-11e7-82f6-3863bb44ef7c,8,4,4,85,1,1768980463,2026-01-21 02:29:22
c0df5c09-2c07-4689-9fe8-36ed81301d7d,3,2,1,18,1,1768980469,2026-01-21 02:29:22
b636a06c-c10e-417a-ac22-14cadb8f8993,16,5,11,2,1,1768980469,2026-01-21 02:29:22
66de1a8a-0aca-11e7-82f6-3863bb44ef7c,14,11,3,11,1,1768980470,2026-01-21 02:29:22
66de27da-0aca-11e7-82f6-3863bb44ef7c,14,7,7,10,1,1768980470,2026-01-21 02:29:22
058ee86d-ce2a-4597-99f7-f78f082b33e3,0,0,0,18,1,1768980470,2026-01-21 02:29:22
18267c09-1916-48d8-951c-caf88c89edd1,4,2,2,12,1,1768980468,2026-01-21 02:29:22
96cf4c1a-db2c-4d4b-af34-c31281b5904b,14,10,4,3,1,1768980469,2026-01-21 02:29:22
d5ca6311-7471-480f-9c79-38baaafe34ba,17,15,2,11,1,1768980469,2026-01-21 02:29:22
c1144380-c1ac-4315-9b1a-4b4e870ac688,2,1,1,16,1,1768980470,2026-01-21 02:29:22
3134bce7-0bb9-4a45-9c87-60a8cb681d72,10,6,4,5,1,1768980467,2026-01-21 02:29:22
01f01352-50d4-484e-a611-576b18ac373a,19,1,18,13,1,1768980468,2026-01-21 02:29:22
65e7908a-a73e-4f8e-9967-0d0677f62bc4,14,4,10,7,1,1768980467,2026-01-21 02:29:22
1978170169761096104,19,5,14,15,1,1768980467,2026-01-21 02:29:22
1861682960046954694,20,17,3,3,1,1768980468,2026-01-21 02:29:22
6bc5598a-9eb8-44d2-adc0-d93b93af1924,17,5,12,0,1,1768980468,2026-01-21 02:29:22
6db97fde-68ae-4d2b-b121-b7c17838bbe7,2,1,1,16,1,1768980467,2026-01-21 02:29:22
2126225134412534550,13,7,6,2,1,1768980472,2026-01-21 02:29:22
1834145064843958330,16,4,12,4,1,1768980471,2026-01-21 02:29:22
2133952475068346460,36,3,33,16,1,1768980472,2026-01-21 02:29:22
1b28836b-29fd-47a7-9a98-44cd792918fb,33,2,31,16,1,1768980472,2026-01-21 02:29:22
1862787990429630662,3,3,0,15,1,1768980473,2026-01-21 02:29:22
8ce7325e-d5c7-46f9-9b73-95356e48c3eb,20,15,5,3,1,1768980473,2026-01-21 02:29:22
faf021ad-9de5-44bd-b7f5-48127e8d5fea,21,1,20,2,1,1768980474,2026-01-21 02:29:22
66dcca76-0aca-11e7-82f6-3863bb44ef7c,0,0,0,22,1,1768980474,2026-01-21 02:29:22
66dbf73d-0aca-11e7-82f6-3863bb44ef7c,34,26,8,1,1,1768980474,2026-01-21 02:29:22
30985a9c-afe4-4b98-a72c-2c72bb35603e,4,3,1,13,1,1768980474,2026-01-21 02:29:22
1828968691399885056,10,2,8,3,1,1768980474,2026-01-21 02:29:22
1857217122161783302,22,4,18,6,1,1768980474,2026-01-21 02:29:22
66dbe250-0aca-11e7-82f6-3863bb44ef7c,2,1,1,15,1,1768980474,2026-01-21 02:29:22
1835247352748090208,20,16,4,2,1,1768980475,2026-01-21 02:29:22
bdefa3e3-aa5a-40eb-b7f8-542de55063e9,7,2,5,11,1,1768980475,2026-01-21 02:29:22
66db6aae-0aca-11e7-82f6-3863bb44ef7c,27,18,9,56,1,1768980475,2026-01-21 02:29:22
1817432606668538118,12,9,3,13,1,1768980475,2026-01-21 02:29:22
aa120a3a-9f2b-4dfc-a88b-384bbb66838a,0,0,0,22,1,1768980475,2026-01-21 02:29:22
2170352212111402482,31,16,15,41,1,1768980475,2026-01-21 02:29:22
c7be2714-14db-421f-a19e-f6a7bf6e8d26,2,2,0,20,1,1768980475,2026-01-21 02:29:22
66dd4981-0aca-11e7-82f6-3863bb44ef7c,17,4,13,8,1,1768980475,2026-01-21 02:29:22
66dc78c4-0aca-11e7-82f6-3863bb44ef7c,42,25,17,19,1,1768980475,2026-01-21 02:29:22
1913995167022829826,20,3,17,0,1,1768980475,2026-01-21 02:29:22
b9970fb5-176c-4a66-8772-6d76c4b6245a,4,1,3,14,1,1768980476,2026-01-21 02:29:22
05969d95-8a64-4007-abf1-afb847f2d426,11,6,5,12,1,1768980475,2026-01-21 02:29:22
66dcec6b-0aca-11e7-82f6-3863bb44ef7c,10,9,1,26,1,1768980476,2026-01-21 02:29:22
29b21bd8-2459-4727-b1f0-d73592db3321,10,3,7,19,1,1768980476,2026-01-21 02:29:22
1989279523593928720,106,86,20,0,1,1768980476,2026-01-21 02:29:22
bf5a9ad8-6725-4ade-967d-aba612d423bf,21,12,9,1,1,1768980478,2026-01-21 02:29:22
1929513834381415014,4,1,3,16,1,1768980478,2026-01-21 02:29:22
1931758629658304788,6,0,6,18,1,1768980478,2026-01-21 02:29:22
cd4b8e12-b2c7-479b-900d-59cf7d8c4276,13,1,12,2,1,1768980477,2026-01-21 02:29:22
66dc51e9-0aca-11e7-82f6-3863bb44ef7c,19,10,9,27,1,1768980477,2026-01-21 02:29:22
66dd470b-0aca-11e7-82f6-3863bb44ef7c,11,8,3,33,1,1768980477,2026-01-21 02:29:22
66dbc6ae-0aca-11e7-82f6-3863bb44ef7c,27,23,4,35,1,1768980478,2026-01-21 02:29:22
46a1ff6c-6131-414a-9ef6-65a8db7d305f,2,2,0,21,1,1768980478,2026-01-21 02:29:22
2126624772423916318,6,1,5,3,1,1768980478,2026-01-21 02:29:22
66dded11-0aca-11e7-82f6-3863bb44ef7c,20,1,19,16,1,1768980478,2026-01-21 02:29:22
66de5a47-0aca-11e7-82f6-3863bb44ef7c,20,8,12,12,1,1768980478,2026-01-21 02:29:22
a381b37a-a928-4834-87ee-da9922cb3b3d,12,4,8,20,1,1768980479,2026-01-21 02:29:22
7efcb97f-6c8f-4445-86a9-3f758a822f17,20,20,0,21,1,1768980478,2026-01-21 02:29:22
4753c1ba-a86e-431e-94fb-06403cdee4d7,19,13,6,11,1,1768980479,2026-01-21 02:29:22
5cb3a92d-f284-477c-bf63-ea72d24e8a7d,11,1,10,6,1,1768980478,2026-01-21 02:29:22
2c366f4b-8319-41bf-ab8e-2fba3a952feb,7,7,0,43,1,1768980479,2026-01-21 02:29:22
66dca6f4-0aca-11e7-82f6-3863bb44ef7c,6,5,1,27,1,1768980479,2026-01-21 02:29:22
9459fca8-b044-4ed1-8f2c-c5db11ba868f,9,2,7,19,1,1768980479,2026-01-21 02:29:22
1835250080052323168,0,0,0,0,0,86400,2026-01-21 02:29:22
2171902607371571344,0,0,0,0,0,86400,2026-01-21 02:29:22
2171903032377767128,0,0,0,0,0,86400,2026-01-21 02:29:22
2171903385631266470,0,0,0,0,0,86400,2026-01-21 02:29:22
2171903970740122034,0,0,0,0,0,86400,2026-01-21 02:29:22
8b830188-101e-44bf-a755-5e6c611e3edc,22,1,21,4,1,1768980312,2026-01-21 02:29:22
66dd3cb4-0aca-11e7-82f6-3863bb44ef7c,0,0,0,2,0,1768962787,2026-01-21 02:29:22
1845676917264180046,11,1,10,8,1,1768980243,2026-01-21 02:29:22
2126224876714496782,5,2,3,2,1,1768980166,2026-01-21 02:29:22
89ff4db3-8a29-4565-a366-6fea4b3afc39,13,4,9,6,1,1768980300,2026-01-21 02:29:22
1963272613486484230,66,51,15,3,1,1768980301,2026-01-21 02:29:22
4cfd4097-0aee-4f11-9aea-55f99397bf33,7,6,1,11,1,1768980357,2026-01-21 02:29:22
8c2ed08f-1660-4db8-9168-4709427c23ed,10,3,7,7,1,1768980360,2026-01-21 02:29:22
66de4897-0aca-11e7-82f6-3863bb44ef7c,19,1,18,0,1,1768980360,2026-01-21 02:29:22
b83b2a73-af8e-4b82-b61e-aeaaf075fbe2,2,2,0,23,1,1768980362,2026-01-21 02:29:22
5d101095-011e-4541-ae64-bed8b52807b3,10,8,2,10,1,1768980360,2026-01-21 02:29:22
66dcecfa-0aca-11e7-82f6-3863bb44ef7c,11,10,1,19,1,1768980363,2026-01-21 02:29:22
eab2749b-2f79-4797-a0a6-0579b27e6929,16,1,15,22,1,1768980363,2026-01-21 02:29:22
1960021056359127624,14,2,12,9,1,1768980363,2026-01-21 02:29:22
1885440410432338078,1,0,1,21,1,1768980365,2026-01-21 02:29:22
941ea42c-47fe-4d63-a6f5-e0e200f01633,8,4,4,9,1,1768980365,2026-01-21 02:29:22
13b82a41-c25b-428f-a07b-5f5d8340c6f2,6,5,1,12,1,1768980364,2026-01-21 02:29:22
1a92d2d3-ddf1-4f34-b28c-ce7a064b9a3e,9,3,6,11,1,1768980365,2026-01-21 02:29:22
ee70b21e-4a95-4bdf-802c-50f83a76971d,6,4,2,19,1,1768980367,2026-01-21 02:29:22
1786696780996714874,16,7,9,12,1,1768980367,2026-01-21 02:29:22
bcd3ee0f-21d7-4cc8-ac45-ccea48b6fc1b,10,6,4,12,1,1768980366,2026-01-21 02:29:22
186092d1-a431-45db-8198-d5ba13334d79,16,3,13,4,1,1768980367,2026-01-21 02:29:22
5782a158-b596-4936-a451-32ccc131a57d,4,2,2,15,1,1768980367,2026-01-21 02:29:22
2ec2f95c-675c-4c59-856f-1fb38df59fa2,1,1,0,17,1,1768980366,2026-01-21 02:29:22
1815968345907104578,17,0,17,10,1,1768980371,2026-01-21 02:29:22
66dc8382-0aca-11e7-82f6-3863bb44ef7c,14,12,2,63,1,1768980371,2026-01-21 02:29:22
7cd61426-ed98-434e-9235-56ed856fead6,12,7,5,9,1,1768980371,2026-01-21 02:29:22
66db5d92-0aca-11e7-82f6-3863bb44ef7c,17,13,4,2,1,1768980371,2026-01-21 02:29:22
66dc4334-0aca-11e7-82f6-3863bb44ef7c,24,17,7,0,1,1768980373,2026-01-21 02:29:22
66db43b5-0aca-11e7-82f6-3863bb44ef7c,10,8,2,10,1,1768980373,2026-01-21 02:29:22
66de0dfd-0aca-11e7-82f6-3863bb44ef7c,28,25,3,10,1,1768980373,2026-01-21 02:29:22
014a931b-8e1c-438a-8a22-f267ddd1e0d2,30,7,23,13,1,1768980374,2026-01-21 02:29:22
1835244925191295588,3,3,0,18,1,1768980374,2026-01-21 02:29:22
1862787688044743624,18,4,14,3,1,1768980370,2026-01-21 02:29:22
66dc11a7-0aca-11e7-82f6-3863bb44ef7c,78,56,22,5,1,1768980370,2026-01-21 02:29:22
6dec8948-44c7-4085-9682-446a891feb42,15,1,14,1,1,1768980370,2026-01-21 02:29:22
66db3898-0aca-11e7-82f6-3863bb44ef7c,11,9,2,20,1,1768980371,2026-01-21 02:29:22
2124425954553309758,11,7,4,1,1,1768980372,2026-01-21 02:29:22
23539f3b-fb83-4f34-b8b8-9f1f37b5e646,16,1,15,19,1,1768980372,2026-01-21 02:29:22
36aaebb9-ef10-41a5-b20b-753bf8a3fed8,2,1,1,15,1,1768980372,2026-01-21 02:29:22
d4c34830-972f-4cd1-81bb-071df209d065,4,2,2,13,1,1768980370,2026-01-21 02:29:22
fe6f022b-7fdb-44fe-80bb-cbfc500959bf,4,1,3,17,1,1768980378,2026-01-21 02:29:22
a7c09fde-76e8-4a56-b61d-8ca940432efd,1,1,0,22,1,1768980379,2026-01-21 02:29:22
ee1ba75f-baf5-4852-929c-8b7ad310f55a,14,10,4,10,1,1768980379,2026-01-21 02:29:22
7c42f9fc-d280-4841-ad96-e3cc53ee3759,15,3,12,7,1,1768980376,2026-01-21 02:29:22
1849009794224623642,16,0,16,0,1,1768980376,2026-01-21 02:29:22
66dcb9f7-0aca-11e7-82f6-3863bb44ef7c,5,0,5,18,1,1768980379,2026-01-21 02:29:22
1835250199411134468,9,2,7,13,1,1768980381,2026-01-21 02:29:22
66de0c43-0aca-11e7-82f6-3863bb44ef7c,25,1,24,1,1,1768980381,2026-01-21 02:29:22
3c73cc9f-3c09-4ac4-a4ea-22b4f027bf23,16,3,13,5,1,1768980381,2026-01-21 02:29:22
66dbecd0-0aca-11e7-82f6-3863bb44ef7c,28,18,10,18,1,1768980382,2026-01-21 02:29:22
fcb1c3a3-04b6-45cf-bc9a-deb71198804e,1,1,0,16,1,1768980382,2026-01-21 02:29:22
8ea3301f-6940-4e0f-80f0-7a3e54b2eaa5,3,3,0,14,1,1768980383,2026-01-21 02:29:22
1835246381185208614,2,1,1,19,1,1768980383,2026-01-21 02:29:22
32d3adc3-c3dd-4a97-a4db-95d467f3c3aa,1,0,1,30,1,1768980384,2026-01-21 02:29:22
3d340fc5-8c86-4d5e-974d-ae28958e61e8,10,8,2,45,1,1768980383,2026-01-21 02:29:22
1879828885264130640,12,5,7,7,1,1768980385,2026-01-21 02:29:22
1828969634783171152,19,3,16,0,1,1768980385,2026-01-21 02:29:22
66dcc44a-0aca-11e7-82f6-3863bb44ef7c,7,5,2,10,1,1768980386,2026-01-21 02:29:22
66dcba5e-0aca-11e7-82f6-3863bb44ef7c,0,0,0,18,1,1768980386,2026-01-21 02:29:22
7c7cb750-6613-48a4-bfae-9240968f1fad,26,18,8,12,1,1768980386,2026-01-21 02:29:22
340036c3-2787-4998-9a77-fe54f352d619,4,4,0,13,1,1768980387,2026-01-21 02:29:22
c0ce2a38-04f5-4333-8818-2a3faa84f214,27,6,21,0,1,1768980381,2026-01-21 02:29:22
5b4a90b8-426d-4a40-a7ca-87e51d690883,20,19,1,17,1,1768980381,2026-01-21 02:29:22
66de077f-0aca-11e7-82f6-3863bb44ef7c,13,10,3,43,1,1768980390,2026-01-21 02:29:22
1875395639434791520,0,0,0,18,1,1768980389,2026-01-21 02:29:22
16836c76-c412-4ec3-bac8-3c6a5a3d9745,4,2,2,14,1,1768980389,2026-01-21 02:29:22
ab29ce96-c2e8-4929-b27b-e0fe4aae17d5,8,1,7,9,1,1768980391,2026-01-21 02:29:22
66db5f40-0aca-11e7-82f6-3863bb44ef7c,35,28,7,4,1,1768980389,2026-01-21 02:29:22
66dcf922-0aca-11e7-82f6-3863bb44ef7c,17,8,9,12,1,1768980388,2026-01-21 02:29:22
66dccc99-0aca-11e7-82f6-3863bb44ef7c,8,1,7,22,1,1768980391,2026-01-21 02:29:22
66dc8025-0aca-11e7-82f6-3863bb44ef7c,69,63,6,13,1,1768980391,2026-01-21 02:29:22
7b0227aa-bbf5-4731-a49a-765b4afac483,30,9,21,43,1,1768980391,2026-01-21 02:29:22
e63c8dac-ab44-48c8-83a0-92c53a00f12e,2,2,0,28,1,1768980392,2026-01-21 02:29:22
1861683217585879154,27,9,18,18,1,1768980403,2026-01-21 02:29:22
82b97827-1801-4b7b-b3de-16447a8dd025,6,6,0,12,1,1768980403,2026-01-21 02:29:22
92ffa9d6-8cb1-44cf-8059-391b03d58071,3,3,0,23,1,1768980403,2026-01-21 02:29:22
d7c12bf1-1ec8-496a-beca-90ba76c53241,6,2,4,11,1,1768980404,2026-01-21 02:29:22
dfb8b9c8-3006-4b76-963a-95f7471dc0a8,18,6,12,2,1,1768980401,2026-01-21 02:29:22
8d8a381c-21df-4095-837e-65924d85a06d,1,1,0,19,1,1768980401,2026-01-21 02:29:22
3d6b7c84-7e5a-454d-aa9d-c66eb92383be,7,4,3,14,1,1768980402,2026-01-21 02:29:22
61c82689-3f4c-495d-8f44-e71de8f04088,13,3,10,65,1,1768980401,2026-01-21 02:29:22
1848242143834868452,14,1,13,4,1,1768980402,2026-01-21 02:29:22
90fca941-2212-43bf-b104-ce32c4270d4d,1,1,0,18,1,1768980402,2026-01-21 02:29:22
66dc0f1b-0aca-11e7-82f6-3863bb44ef7c,64,51,13,5,1,1768980400,2026-01-21 02:29:22
26599393-b967-44a6-a998-cb72ca53cd9e,1,0,1,19,1,1768980400,2026-01-21 02:29:22
201edb67-d071-4b67-bafd-131e5c273e9f,16,1,15,3,1,1768980401,2026-01-21 02:29:22
1791188268875152272,44,15,29,4,1,1768980404,2026-01-21 02:29:22
66dc210e-0aca-11e7-82f6-3863bb44ef7c,15,14,1,16,1,1768980402,2026-01-21 02:29:22
1ecc9936-ee0c-44b2-baa8-237564c8e4fd,42,16,26,2,1,1768980404,2026-01-21 02:29:22
c72970e7-7f1a-4671-bf55-fc34be7c9413,13,3,10,3,1,1768980404,2026-01-21 02:29:22
3edec530-4791-4872-8912-2a2397a903a4,40,19,21,28,1,1768980393,2026-01-21 02:29:22
1d440638-ec50-4ccb-9a82-0e3247a87c63,38,14,24,1,1,1768980393,2026-01-21 02:29:22
66db460d-0aca-11e7-82f6-3863bb44ef7c,28,0,28,1,1,1768980394,2026-01-21 02:29:22
1835246516012366338,8,3,5,12,1,1768980394,2026-01-21 02:29:22
f6143531-4a16-4aac-9b55-573ef7ef162e,12,1,11,8,1,1768980395,2026-01-21 02:29:22
66db3fc9-0aca-11e7-82f6-3863bb44ef7c,23,11,12,20,1,1768980399,2026-01-21 02:29:22
66dbefee-0aca-11e7-82f6-3863bb44ef7c,4,2,2,10,1,1768980399,2026-01-21 02:29:22
3893eeef-06a8-47b1-95f2-a85454f7d5c9,4,0,4,16,1,1768980399,2026-01-21 02:29:22
66dbbeda-0aca-11e7-82f6-3863bb44ef7c,28,16,12,50,1,1768980393,2026-01-21 02:29:22
174bf571-e597-463d-84bc-611c4a13d85e,0,0,0,27,1,1768980397,2026-01-21 02:29:22
676b7b4d-b1c0-4c97-8ac3-5fe665e51108,0,0,0,23,1,1768980388,2026-01-21 02:29:22
1984510483573713186,21,6,15,39,1,1768980399,2026-01-21 02:29:22
1861680383828308814,10,10,0,8,1,1768980414,2026-01-21 02:29:22
66de14af-0aca-11e7-82f6-3863bb44ef7c,29,1,28,6,1,1768980414,2026-01-21 02:29:22
dee5a590-7cda-465e-8351-b0622a5e2ad3,11,5,6,6,1,1768980414,2026-01-21 02:29:22
44a43ebf-cacf-4251-9ceb-e1c331ef1673,0,0,0,17,1,1768980414,2026-01-21 02:29:22
e3470e29-934c-41f1-8fe7-82135ed2d620,2,0,2,55,1,1768980415,2026-01-21 02:29:22
1880644037244334512,24,14,10,0,1,1768980412,2026-01-21 02:29:22
66ddbdb1-0aca-11e7-82f6-3863bb44ef7c,11,4,7,10,1,1768980412,2026-01-21 02:29:22
74f913d2-6eac-49ce-bd6d-53a06fa855a6,6,3,3,14,1,1768980413,2026-01-21 02:29:22
f3f46097-54cf-4c30-805a-6b2a4851eed7,4,3,1,20,1,1768980415,2026-01-21 02:29:22
66de4b0b-0aca-11e7-82f6-3863bb44ef7c,26,8,18,4,1,1768980415,2026-01-21 02:29:22
0e3dedfb-df10-4900-a67b-95349a81bc5c,24,2,22,0,1,1768980416,2026-01-21 02:29:22
c829b6af-002b-4d04-af56-6924d4ad0aa2,1,1,0,26,1,1768980416,2026-01-21 02:29:22
1828966490867110420,9,1,8,8,1,1768980416,2026-01-21 02:29:22
fffb18be-14b3-412f-a808-107a98cd9e58,1,1,0,17,1,1768980416,2026-01-21 02:29:22
1828967499459705054,9,0,9,8,1,1768980416,2026-01-21 02:29:22
914e3e7c-87da-4f52-aa03-5449c6361fa2,6,3,3,9,1,1768980413,2026-01-21 02:29:22
99b7c9a5-9679-417f-b884-21c4b240aa99,9,3,6,9,1,1768980413,2026-01-21 02:29:22
1869439170989701358,14,2,12,7,1,1768980414,2026-01-21 02:29:22
178bad16-1b02-4264-94c0-a8fd0faa60fe,3,3,0,31,1,1768980417,2026-01-21 02:29:22
66ddef2d-0aca-11e7-82f6-3863bb44ef7c,12,4,8,10,1,1768980436,2026-01-21 02:29:22
de97a7d0-fbb3-4c13-ba6a-2bbd441751fe,13,7,6,5,1,1768980437,2026-01-21 02:29:22
e25f8dee-c110-489f-a978-464ac5c84ca2,19,16,3,6,1,1768980437,2026-01-21 02:29:22
1882736243099681438,16,8,8,18,1,1768980437,2026-01-21 02:29:22
1890927910885612334,23,0,23,2,1,1768980437,2026-01-21 02:29:22
89d4a926-f1ae-4bf2-bf2d-59cff3881579,72,7,65,2,1,1768980441,2026-01-21 02:29:22
2ec1235f-a043-4e3a-9ba1-56f7dd4624b7,3,1,2,17,1,1768980441,2026-01-21 02:29:22
1891277309535701686,1,1,0,22,1,1768980441,2026-01-21 02:29:22
067b53bd-33bf-4698-8103-3931a5f32a37,9,3,6,9,1,1768980441,2026-01-21 02:29:22
1838070940162509196,5,1,4,17,1,1768980441,2026-01-21 02:29:22
627c77c0-0088-4ba8-ba66-73e0e3d3fe77,5,2,3,18,1,1768980438,2026-01-21 02:29:22
1fba77e2-66ab-4e9c-9f9a-4ec4f11fd80b,5,2,3,20,1,1768980438,2026-01-21 02:29:22
822d96e8-fb6c-463a-b866-aec9e408ad5e,17,5,12,0,1,1768980438,2026-01-21 02:29:22
49703a2d-15e9-4af4-b80e-cca664d7ea18,6,2,4,13,1,1768980438,2026-01-21 02:29:22
1860188331547447938,0,0,0,20,1,1768980438,2026-01-21 02:29:22
8c6cba48-d803-4a90-99f7-e06edcdbbf92,14,11,3,8,1,1768980435,2026-01-21 02:29:22
66db28b5-0aca-11e7-82f6-3863bb44ef7c,62,3,59,11,1,1768980435,2026-01-21 02:29:22
60c5a043-1367-4a27-96ee-394ba60e2154,20,16,4,8,1,1768980436,2026-01-21 02:29:22
33af8810-cda5-4b61-9c38-0235f9d59aaa,19,3,16,6,1,1768980436,2026-01-21 02:29:22
66dea8ff-0aca-11e7-82f6-3863bb44ef7c,6,3,3,31,1,1768980440,2026-01-21 02:29:22
0258da92-f770-4acc-b20b-91b78aff791e,15,0,15,6,1,1768980440,2026-01-21 02:29:22
66dbc745-0aca-11e7-82f6-3863bb44ef7c,37,28,9,2,1,1768980440,2026-01-21 02:29:22
66db3e32-0aca-11e7-82f6-3863bb44ef7c,43,2,41,0,1,1768980438,2026-01-21 02:29:22
66de0a0a-0aca-11e7-82f6-3863bb44ef7c,13,5,8,12,1,1768980439,2026-01-21 02:29:22
1794096824496960148,25,18,7,18,1,1768980435,2026-01-21 02:29:22
66dd4423-0aca-11e7-82f6-3863bb44ef7c,32,32,0,10,1,1768980440,2026-01-21 02:29:22
6ff2eec8-2b72-490a-b1c3-f9892ab3a724,25,16,9,22,1,1768980442,2026-01-21 02:29:22
66de4336-0aca-11e7-82f6-3863bb44ef7c,20,3,17,12,1,1768980441,2026-01-21 02:29:22
66dce660-0aca-11e7-82f6-3863bb44ef7c,9,2,7,15,1,1768980442,2026-01-21 02:29:22
a6492ad5-d13e-48b0-a0d5-08e60ad93e53,69,25,44,0,1,1768980432,2026-01-21 02:29:22
c36cfa58-29fe-4c0c-a14f-41c3463487fd,2,1,1,18,1,1768980432,2026-01-21 02:29:22
298d4e45-c6d2-45f1-a07a-11606026a6e4,6,1,5,11,1,1768980432,2026-01-21 02:29:22
1905394575114219798,1,0,1,28,1,1768980432,2026-01-21 02:29:22
5a5a38d1-f28d-4e51-bf85-27bb384135c7,29,0,29,3,1,1768980432,2026-01-21 02:29:22
4fb1ee23-4511-47c4-8698-0c46673dc86c,0,0,0,19,1,1768980433,2026-01-21 02:29:22
bda1fab4-5065-42df-a8ff-514e6064ab6e,20,1,19,0,1,1768980433,2026-01-21 02:29:22
14391923-6727-4359-92e9-03e0b5094753,34,17,17,14,1,1768980433,2026-01-21 02:29:22
3ac7b47b-2253-4a0b-bf7d-8a2eb6b78a38,27,21,6,11,1,1768980434,2026-01-21 02:29:22
324e55da-fec0-43a2-b622-27774381ab7f,3,2,1,14,1,1768980434,2026-01-21 02:29:22
0efa08a3-1c38-48fe-ab37-8c9b72b20126,13,4,9,5,1,1768980428,2026-01-21 02:29:22
3b530cff-dd26-4cfd-b570-a85fd53354fe,32,10,22,12,1,1768980428,2026-01-21 02:29:22
66db2f4c-0aca-11e7-82f6-3863bb44ef7c,32,21,11,45,1,1768980431,2026-01-21 02:29:22
8f3a6711-fd05-4ce1-acf8-9d72b4a1bf97,4,3,1,16,1,1768980431,2026-01-21 02:29:22
9eb98b3b-ea35-483f-91f6-d90c506152db,13,9,4,8,1,1768980432,2026-01-21 02:29:22
fc774664-3c9b-4a8f-a79e-f6907db00a1d,14,3,11,18,1,1768980429,2026-01-21 02:29:22
1835249448692130546,10,8,2,11,1,1768980429,2026-01-21 02:29:22
66dcf30d-0aca-11e7-82f6-3863bb44ef7c,6,1,5,19,1,1768980429,2026-01-21 02:29:22
266c8621-fdea-4a7e-9d35-18ca1684d526,8,4,4,13,1,1768980434,2026-01-21 02:29:22
e0a9ed84-55f9-40f5-90fa-87db17d2f933,11,1,10,7,1,1768980434,2026-01-21 02:29:22
66de602e-0aca-11e7-82f6-3863bb44ef7c,43,0,43,6,1,1768980434,2026-01-21 02:29:22
1846085836152179090,6,0,6,13,1,1768980434,2026-01-21 02:29:22
af72781c-fe0b-4b73-a7df-201f9780ea9c,47,32,15,2,1,1768980434,2026-01-21 02:29:22
2124037510131026812,20,12,8,1,1,1768980434,2026-01-21 02:29:22
b53b5e8f-9503-48d1-b3e3-9347ecef38e2,0,0,0,33,1,1768980435,2026-01-21 02:29:22
72719900-dd61-40bd-9f4a-40d70c47590c,9,5,4,18,1,1768980435,2026-01-21 02:29:22
b4ae292d-5e89-4c58-8154-0496893394b5,0,0,0,22,1,1768980435,2026-01-21 02:29:22
0f6fd186-656a-41b3-ba4a-456d22da177c,21,6,15,15,1,1768980444,2026-01-21 02:29:22
f47e1ce9-ff3f-49e9-9a2f-aa5be45d70da,11,1,10,11,1,1768980444,2026-01-21 02:29:22
66dc7d58-0aca-11e7-82f6-3863bb44ef7c,67,45,22,5,1,1768980444,2026-01-21 02:29:22
0575e356-72f4-4251-8e15-574cf60bd190,10,8,2,9,1,1768980445,2026-01-21 02:29:22
0df3a035-5a38-4ec2-826a-0a5376e8d8a0,6,5,1,16,1,1768980445,2026-01-21 02:29:22
a4c9faeb-2234-457d-ad56-1ab14104b538,0,0,0,18,1,1768980445,2026-01-21 02:29:22
66ddeb67-0aca-11e7-82f6-3863bb44ef7c,17,12,5,10,1,1768980445,2026-01-21 02:29:22
66dde7dc-0aca-11e7-82f6-3863bb44ef7c,15,13,2,6,1,1768980445,2026-01-21 02:29:22
7b56cbab-9d93-4043-bfa5-63eb6b3e5281,12,5,7,5,1,1768980443,2026-01-21 02:29:22
d9160982-2d9b-4f08-9469-a559a7b62809,19,9,10,68,1,1768980443,2026-01-21 02:29:22
edc9b877-c311-46b4-a780-59ee7e692324,11,6,5,24,1,1768980443,2026-01-21 02:29:22
66db4417-0aca-11e7-82f6-3863bb44ef7c,52,45,7,2,1,1768980442,2026-01-21 02:29:22
1826348745879909352,16,3,13,0,1,1768980442,2026-01-21 02:29:22
272c0389-5e4a-41a9-ad6c-2dccdfa55af9,7,2,5,16,1,1768980446,2026-01-21 02:29:22
1828967208126648828,9,4,5,9,1,1768980442,2026-01-21 02:29:22
a68acb0c-4244-416a-bf59-ca55d3120cdd,16,10,6,5,1,1768980445,2026-01-21 02:29:22
b976906e-81c4-44c5-a160-e17815c0d47b,6,3,3,22,1,1768980408,2026-01-21 02:29:22
1861681959015615218,0,0,0,25,1,1768980409,2026-01-21 02:29:22
1b962833-d769-418e-b1ef-5a183bb5eb1a,11,1,10,5,1,1768980396,2026-01-21 02:29:22
2025623258130320038,19,6,13,14,1,1768980396,2026-01-21 02:29:22
0b857ee5-3d10-4152-952e-95fbaf06677a,6,6,0,23,1,1768980396,2026-01-21 02:29:22
ce700c09-6095-4b20-ab65-07defdd1a7d7,13,0,13,6,1,1768980396,2026-01-21 02:29:22
c0f952d9-538e-4836-b936-fa97123cbf13,10,5,5,8,1,1768980397,2026-01-21 02:29:22
5ffde991-1125-443e-bc97-6827b2b9c97b,14,7,7,8,1,1768980397,2026-01-21 02:29:22
1817803079955479336,13,3,10,8,1,1768980397,2026-01-21 02:29:22
b471c112-1770-4dfe-9e13-fe7479dcb5a5,24,1,23,1,1,1768980407,2026-01-21 02:29:22
28a2436d-a52b-4fa4-874c-e096012a926d,15,15,0,1,1,1768980408,2026-01-21 02:29:22
66de18d7-0aca-11e7-82f6-3863bb44ef7c,14,0,14,6,1,1768980409,2026-01-21 02:29:22
66dcc3e5-0aca-11e7-82f6-3863bb44ef7c,3,1,2,17,1,1768980410,2026-01-21 02:29:22
66db90f1-0aca-11e7-82f6-3863bb44ef7c,31,28,3,30,1,1768980410,2026-01-21 02:29:22
1808184356986544410,8,4,4,22,1,1768980410,2026-01-21 02:29:22
1861681740276243358,11,9,2,9,1,1768980406,2026-01-21 02:29:22
b7af52d2-fd23-4970-8513-be7c681480c4,48,37,11,7,1,1768980406,2026-01-21 02:29:22
66db930d-0aca-11e7-82f6-3863bb44ef7c,17,8,9,9,1,1768980406,2026-01-21 02:29:22
1864605926072998676,4,3,1,14,1,1768980407,2026-01-21 02:29:22
1869754143518014264,13,1,12,24,1,1768980406,2026-01-21 02:29:22
18b19467-28ac-4496-b3e4-f6028b1c5105,27,22,5,1,1,1768980407,2026-01-21 02:29:22
66db3583-0aca-11e7-82f6-3863bb44ef7c,54,37,17,8,1,1768980406,2026-01-21 02:29:22
1848241879913802606,17,8,9,1,1,1768980406,2026-01-21 02:29:22
1834145204469569922,18,3,15,2,1,1768980411,2026-01-21 02:29:22
1792225684155730482,4,4,0,18,1,1768980411,2026-01-21 02:29:22
66dc462a-0aca-11e7-82f6-3863bb44ef7c,74,48,26,4,1,1768980411,2026-01-21 02:29:22
981f1311-004f-41c3-ba5b-3679f78aeb70,13,1,12,4,1,1768980411,2026-01-21 02:29:22
66dd1bf3-0aca-11e7-82f6-3863bb44ef7c,33,2,31,9,1,1768980419,2026-01-21 02:29:22
454fe70c-1d53-4af2-a9ea-1d4bd9f59799,2,1,1,17,1,1768980419,2026-01-21 02:29:22
2123939242997647892,8,1,7,6,1,1768980420,2026-01-21 02:29:22
1913988158376585970,26,8,18,1,1,1768980420,2026-01-21 02:29:22
2fe3e166-2d2f-41c8-b522-fdf8ee3ae16f,7,4,3,12,1,1768980421,2026-01-21 02:29:22
46bdd925-fb6c-4654-85d8-e0db4da62abf,24,8,16,12,1,1768980421,2026-01-21 02:29:22
f3525aa7-9d69-4ea2-9278-4df92db1afa1,15,9,6,4,1,1768980420,2026-01-21 02:29:22
00d3e65e-b614-4408-aaa9-939ed96ce645,29,27,2,21,1,1768980418,2026-01-21 02:29:22
023127f2-a6e0-4fae-ba34-178acccb993e,1,1,0,20,1,1768980418,2026-01-21 02:29:22
ba7bf20d-b6bc-43dd-bf30-acb940eaeec8,2,0,2,14,1,1768980417,2026-01-21 02:29:22
1828968327357059242,3,2,1,18,1,1768980417,2026-01-21 02:29:22
8dfff4bd-0f3c-43af-bc55-a63850f66c6b,8,1,7,9,1,1768980417,2026-01-21 02:29:22
1814907277023901890,21,0,21,1,1,1768980419,2026-01-21 02:29:22
2088792249063596144,24,16,8,5,1,1768980421,2026-01-21 02:29:22
9206af28-03bf-43e3-a8b0-354792921466,10,3,7,10,1,1768980422,2026-01-21 02:29:22
adb67652-c20d-4dd2-8e89-d6015b801c1a,1,1,0,17,1,1768980422,2026-01-21 02:29:22
5fdf435f-6080-4b1d-966c-3b9d08450c4d,11,2,9,8,1,1768980422,2026-01-21 02:29:22
66dbf215-0aca-11e7-82f6-3863bb44ef7c,20,3,17,25,1,1768980422,2026-01-21 02:29:22
11a8d465-b4eb-466b-a6ca-055f73994231,15,4,11,10,1,1768980422,2026-01-21 02:29:22
3e4a2c26-7527-469c-b4f4-1ef8d40fd20d,3,1,2,13,1,1768980423,2026-01-21 02:29:22
c466f15e-715f-411e-904e-1a71fb574cdd,80,41,39,2,1,1768980422,2026-01-21 02:29:22
66dc7c31-0aca-11e7-82f6-3863bb44ef7c,36,26,10,4,1,1768980423,2026-01-21 02:29:22
93e2e1a5-49c5-41f8-a6bf-b399b6a5140d,32,19,13,34,1,1768980423,2026-01-21 02:29:22
7a8bf573-275f-41d5-ad8b-1ff9ee7c2dce,10,3,7,14,1,1768980422,2026-01-21 02:29:22
d29ea280-8b64-4a35-b12b-245525ae2a3a,24,15,9,28,1,1768980423,2026-01-21 02:29:22
66dbeb1b-0aca-11e7-82f6-3863bb44ef7c,12,9,3,27,1,1768980426,2026-01-21 02:29:22
08bf2fe0-219d-48cd-87c5-6163b3a2eafd,8,5,3,17,1,1768980424,2026-01-21 02:29:22
1849010295160437584,15,7,8,1,1,1768980427,2026-01-21 02:29:22
0e405c35-322f-4705-8ea7-769eb3fd028a,6,1,5,11,1,1768980427,2026-01-21 02:29:22
c8197f4b-02b0-4cc3-96af-df5fec27a279,2,1,1,13,1,1768980427,2026-01-21 02:29:22
b5861c2d-d687-4308-bf2d-5f69fc28cc4a,14,2,12,8,1,1768980422,2026-01-21 02:29:22
05d03a63-b5f2-40d9-9a3d-d2fe666a307f,8,1,7,16,1,1768980422,2026-01-21 02:29:22
d5d2aebc-158c-43ec-9105-2a779d0245d8,0,0,0,18,1,1768980426,2026-01-21 02:29:22
3a51a25f-3e9b-4aea-84ee-39e9a3acc7fd,11,1,10,12,1,1768980426,2026-01-21 02:29:22
66db281e-0aca-11e7-82f6-3863bb44ef7c,47,20,27,13,1,1768980426,2026-01-21 02:29:22
66dd4356-0aca-11e7-82f6-3863bb44ef7c,14,11,3,29,1,1768980423,2026-01-21 02:29:22
1856767555236917834,16,0,16,9,1,1768980425,2026-01-21 02:29:22
1835249197527877718,0,0,0,18,1,1768980447,2026-01-21 02:29:22
a82599ce-99ca-4670-8053-baada198034a,51,6,45,4,1,1768980447,2026-01-21 02:29:22
814dd1a9-100c-4b1b-8110-6319bbd464e9,4,4,0,16,1,1768980448,2026-01-21 02:29:22
00284700-9d22-42ce-8485-113fed9879c1,10,8,2,8,1,1768980449,2026-01-21 02:29:22
1817432709747753390,11,3,8,12,1,1768980449,2026-01-21 02:29:22
1828968462257099768,1,0,1,18,1,1768980449,2026-01-21 02:29:22
66dd9dba-0aca-11e7-82f6-3863bb44ef7c,32,23,9,13,1,1768980452,2026-01-21 02:29:22
66dd9b0f-0aca-11e7-82f6-3863bb44ef7c,24,18,6,15,1,1768980452,2026-01-21 02:29:22
66dcc920-0aca-11e7-82f6-3863bb44ef7c,3,1,2,15,1,1768980452,2026-01-21 02:29:22
2163290511399492946,2,1,1,9,1,1768980452,2026-01-21 02:29:22
7d41ac98-df88-497a-aef9-968660e6da0f,10,9,1,25,1,1768980452,2026-01-21 02:29:22
66ddebce-0aca-11e7-82f6-3863bb44ef7c,20,15,5,7,1,1768980448,2026-01-21 02:29:22
3fed8016-0be0-47f5-8663-2e850ec47288,21,2,19,1,1,1768980447,2026-01-21 02:29:22
1846086263936934630,17,2,15,0,1,1768980447,2026-01-21 02:29:22
66db72f1-0aca-11e7-82f6-3863bb44ef7c,44,16,28,4,1,1768980448,2026-01-21 02:29:22
1abd4668-ed6b-4930-8177-17239ae75a9e,1,1,0,18,1,1768980450,2026-01-21 02:29:22
3d835eaa-a102-42c5-b6c0-2c693b1d0677,32,31,1,24,1,1768980450,2026-01-21 02:29:22
e36b5913-8e46-4c2a-b9be-73bdf8ee548b,26,7,19,29,1,1768980450,2026-01-21 02:29:22
b16e9f3f-9b07-486f-a1ca-c76030f5ea64,9,2,7,11,1,1768980453,2026-01-21 02:29:22
3c5a8531-4eec-4695-b4f8-8a1158890e78,16,13,3,1,1,1768980452,2026-01-21 02:29:22
3ac37967-e174-421a-bfeb-d02249fb1266,4,2,2,19,1,1768980452,2026-01-21 02:29:22
66dbf362-0aca-11e7-82f6-3863bb44ef7c,31,3,28,11,1,1768980454,2026-01-21 02:29:22
f0115d11-c678-4274-8bb7-d486dbb63361,15,2,13,2,1,1768980453,2026-01-21 02:29:22
66dca5f3-0aca-11e7-82f6-3863bb44ef7c,8,5,3,38,1,1768980448,2026-01-21 02:29:22
f3eb962c-314a-4431-bac7-2eb2ffbe2fd2,2,0,2,15,1,1768980449,2026-01-21 02:29:22
f6cf3ecc-b3ad-4291-8c24-277f28f64ba1,0,0,0,20,1,1768980447,2026-01-21 02:29:22
b9b58379-b29a-4fa8-ba72-c647728e1686,14,12,2,4,1,1768980447,2026-01-21 02:29:22
76c1ef9c-3984-4b4e-bff4-5c398e2395bd,14,10,4,9,1,1768980448,2026-01-21 02:29:22
66dc176f-0aca-11e7-82f6-3863bb44ef7c,72,63,9,4,1,1768980450,2026-01-21 02:29:22
49f86083-851b-475d-b9ab-64e01b81f725,0,0,0,22,1,1768980451,2026-01-21 02:29:22
1913990214925537808,31,14,17,3,1,1768980451,2026-01-21 02:29:22
66dc42a0-0aca-11e7-82f6-3863bb44ef7c,20,12,8,5,1,1768980456,2026-01-21 02:29:22
66dde271-0aca-11e7-82f6-3863bb44ef7c,19,7,12,25,1,1768980456,2026-01-21 02:29:22
d7a7789b-a052-4a69-a4ec-59436b0f8d75,7,0,7,10,1,1768980456,2026-01-21 02:29:22
699d3378-6ea8-465f-888b-c49c60089ce8,3,2,1,17,1,1768980456,2026-01-21 02:29:22
66dbf140-0aca-11e7-82f6-3863bb44ef7c,83,61,22,1,1,1768980455,2026-01-21 02:29:22
7af717b9-99ce-4cce-94b4-b445a40537a1,21,1,20,0,1,1768980455,2026-01-21 02:29:22
116dbc02-a3c1-4b65-9f73-2a09a2aa1379,56,15,41,23,1,1768980455,2026-01-21 02:29:22
66dde703-0aca-11e7-82f6-3863bb44ef7c,21,14,7,7,1,1768980456,2026-01-21 02:29:22
66dc8d1d-0aca-11e7-82f6-3863bb44ef7c,10,1,9,48,1,1768980460,2026-01-21 02:29:22
034f7f3d-e632-475a-aa01-894480d153df,8,5,3,11,1,1768980461,2026-01-21 02:29:22
1786686999403592506,27,20,7,2,1,1768980461,2026-01-21 02:29:22
4bc6f4d0-edd5-4eb0-a704-f7ce0d693aac,0,0,0,21,1,1768980461,2026-01-21 02:29:22
8066575c-f8e9-4e14-95ea-8d25ceeae2ca,13,10,3,20,1,1768980461,2026-01-21 02:29:22
b43ecf62-4c9d-4b06-ac9a-5837084f769f,0,0,0,21,1,1768980458,2026-01-21 02:29:22
2126623405008140358,8,5,3,2,1,1768980459,2026-01-21 02:29:22
606c7384-75e9-4988-858a-07b88b3a9413,23,3,20,15,1,1768980459,2026-01-21 02:29:22
1828968082192898522,4,2,2,17,1,1768980459,2026-01-21 02:29:22
5a6218aa-c5b7-4436-93c1-dee7cb5322d9,11,3,8,13,1,1768980459,2026-01-21 02:29:22
1960021358478625244,27,17,10,46,1,1768980459,2026-01-21 02:29:22
cda60c6d-80f3-41b7-8ece-fe997f6dafb5,1,0,1,20,1,1768980454,2026-01-21 02:29:22
f8c1c90f-4ec0-44bd-b097-cfafc887744d,49,14,35,3,1,1768980454,2026-01-21 02:29:22
ff1e98d3-ae7d-4c53-a531-1845bee1d346,4,4,0,32,1,1768980457,2026-01-21 02:29:22
66dd4f9b-0aca-11e7-82f6-3863bb44ef7c,17,7,10,18,1,1768980457,2026-01-21 02:29:22
cb4926e6-0a79-4902-80ee-d365fbf42aec,1,1,0,20,1,1768980457,2026-01-21 02:29:22
fc5ee04d-710b-45ba-aae0-303b8e95ea89,6,3,3,13,1,1768980457,2026-01-21 02:29:22
66dc1702-0aca-11e7-82f6-3863bb44ef7c,28,21,7,36,1,1768980458,2026-01-21 02:29:22
a5bd1f58-7df8-4df6-9636-372f1bc194be,35,10,25,1,1,1768980460,2026-01-21 02:29:22
0e240143-2f86-4754-8345-4994750d99f1,13,3,10,5,1,1768980461,2026-01-21 02:29:22
ee1d39c5-47c8-4527-9456-3719c50b7be5,15,4,11,2,1,1768980461,2026-01-21 02:29:22
1828966747840428256,3,0,3,14,1,1768980461,2026-01-21 02:29:22
66de1a1f-0aca-11e7-82f6-3863bb44ef7c,9,7,2,24,1,1768980461,2026-01-21 02:29:22
66db3816-0aca-11e7-82f6-3863bb44ef7c,34,11,23,6,1,1768980462,2026-01-21 02:29:22
1dba415a-2c46-419e-838d-7e068b8d7d6f,9,0,9,12,1,1768980459,2026-01-21 02:29:22
c3b255d8-b690-4825-b1e9-a1d1680e5542,9,2,7,10,1,1768980462,2026-01-21 02:29:22
b1cdec34-d4f9-4313-be82-729bb9f7bb18,9,1,8,11,1,1768980463,2026-01-21 02:29:22
c9e76fa9-54e2-4161-9798-4787bf04217a,11,2,9,8,1,1768980463,2026-01-21 02:29:22
1857515306802639416,22,2,20,1,1,1768980463,2026-01-21 02:29:22
1838999304404452058,16,1,15,4,1,1768980463,2026-01-21 02:29:22
2123938400844950144,4,1,3,12,1,1768980463,2026-01-21 02:29:22
66dd2292-0aca-11e7-82f6-3863bb44ef7c,1,0,1,44,1,1768980465,2026-01-21 02:29:22
66dc2606-0aca-11e7-82f6-3863bb44ef7c,72,33,39,4,1,1768980465,2026-01-21 02:29:22
66dc4fb5-0aca-11e7-82f6-3863bb44ef7c,38,28,10,4,1,1768980465,2026-01-21 02:29:22
2126965369631090816,8,3,5,7,1,1768980465,2026-01-21 02:29:22
66dc89ae-0aca-11e7-82f6-3863bb44ef7c,4,4,0,32,1,1768980465,2026-01-21 02:29:22
9d56294e-61fc-4176-bb9c-4692f45bb374,16,3,13,6,1,1768980464,2026-01-21 02:29:22
7e70b65e-00c1-40d5-984d-17232a4ee05e,41,27,14,3,1,1768980464,2026-01-21 02:29:22
16c54bf4-194b-4f26-9c49-a42901b4748d,1,0,1,20,1,1768980464,2026-01-21 02:29:22
4e862dc1-0652-4f29-a26f-315d763df67d,18,13,5,37,1,1768980464,2026-01-21 02:29:22
7155b0a6-2545-4b02-ae8c-9c0c4220f8c3,4,3,1,16,1,1768980460,2026-01-21 02:29:22
2ad41c1f-5636-4a63-ad52-761e2613061a,0,0,0,19,1,1768980461,2026-01-21 02:29:22
2527619f-ef89-425c-bf3b-60cc0ec519bf,37,13,24,19,1,1768980463,2026-01-21 02:29:22
c7dbc7b5-240b-494d-8663-dbee4103a20c,12,1,11,7,1,1768980464,2026-01-21 02:29:22
1797078913880883846,2,1,1,16,1,1768980463,2026-01-21 02:29:22
1817432346178415570,9,6,3,11,1,1768980464,2026-01-21 02:29:22
06e5447e-35b8-45cb-b3bb-937791a6f8ae,13,1,12,6,1,1768980464,2026-01-21 02:29:22
bdc116cd-4d63-4693-846c-ec5073314007,8,7,1,12,1,1768980464,2026-01-21 02:29:22
9b0c2c99-214f-4e15-b476-1626c03a9e4e,58,47,11,3,1,1768980466,2026-01-21 02:29:22
1846086562569586930,13,3,10,5,1,1768980466,2026-01-21 02:29:22
1861682182353914188,11,1,10,8,1,1768980467,2026-01-21 02:29:22
66dbf6d2-0aca-11e7-82f6-3863bb44ef7c,13,7,6,14,1,1768980466,2026-01-21 02:29:22
b79bb851-130f-473d-83fc-f602aa0a4ca9,7,1,6,13,1,1768980470,2026-01-21 02:29:22
3575749f-123a-4a80-870d-7ca7c7f9c8a9,8,3,5,16,1,1768980470,2026-01-21 02:29:22
66dc7e75-0aca-11e7-82f6-3863bb44ef7c,5,3,2,62,1,1768980470,2026-01-21 02:29:22
6cb5fac5-f7e8-4ec9-94cf-816771d91ecd,22,3,19,5,1,1768980470,2026-01-21 02:29:22
1846086027713733188,7,1,6,5,1,1768980470,2026-01-21 02:29:22
c1e24edf-7192-433f-8d38-be5b6b3647c5,2,2,0,27,1,1768980471,2026-01-21 02:29:22
2126621627432855870,7,0,7,3,1,1768980471,2026-01-21 02:29:22
5864d88d-a0fd-40ad-beee-896118d9360d,16,0,16,2,1,1768980469,2026-01-21 02:29:22
70634bc4-4d90-42d4-8f6a-3f29fa8f7f77,7,3,4,27,1,1768980469,2026-01-21 02:29:22
bb58e953-4953-4fbe-9ef2-367488dfef9b,7,7,0,15,1,1768980469,2026-01-21 02:29:22
8ec47777-852d-4059-a5ea-12eef71a9606,36,5,31,0,1,1768980469,2026-01-21 02:29:22
039d4cc9-8560-4d22-88c3-20753c54a50f,11,1,10,13,1,1768980470,2026-01-21 02:29:22
00d94dfc-3695-47e1-aba6-7f319dd2eb08,2,0,2,20,1,1768980471,2026-01-21 02:29:22
398ebef6-dcc2-4305-b1d2-47efafdaa85c,2,2,0,18,1,1768980471,2026-01-21 02:29:22
2126624118513887578,9,5,4,5,1,1768980467,2026-01-21 02:29:22
c229f0ca-bdd1-4aa0-8906-a3e809e12889,5,1,4,16,1,1768980467,2026-01-21 02:29:22
d5cb6e67-addb-46d4-93e7-832371736d45,24,1,23,7,1,1768980467,2026-01-21 02:29:22
0e8bfd72-c494-4d3e-85e2-4f98b801fe3b,6,2,4,13,1,1768980470,2026-01-21 02:29:22
66ddf310-0aca-11e7-82f6-3863bb44ef7c,23,7,16,14,1,1768980470,2026-01-21 02:29:22
66dbc7d2-0aca-11e7-82f6-3863bb44ef7c,13,6,7,17,1,1768980470,2026-01-21 02:29:22
1851947582840610924,5,1,4,16,1,1768980472,2026-01-21 02:29:22
f47c7f15-1c30-4199-a09f-134f0f0f684b,5,3,2,18,1,1768980472,2026-01-21 02:29:22
c4377169-c19e-47e1-90a4-c4e14bb41601,5,2,3,16,1,1768980472,2026-01-21 02:29:22
f42b3158-3f78-4a62-964a-8cc554d69c35,13,2,11,3,1,1768980473,2026-01-21 02:29:22
36d80620-9774-487e-8eb0-cf5f18a39321,2,2,0,26,1,1768980473,2026-01-21 02:29:22
4aa6bb27-b76b-444e-a3ce-6fb25b822494,6,0,6,13,1,1768980462,2026-01-21 02:29:22
4956ad8b-06d6-4af4-bcc8-735c45439608,3,3,0,16,1,1768980472,2026-01-21 02:29:22
1835247598942507168,2,0,2,16,1,1768980473,2026-01-21 02:29:22
66dd1eb2-0aca-11e7-82f6-3863bb44ef7c,31,23,8,0,1,1768980468,2026-01-21 02:29:22
57f144cb-375d-4eee-b458-e288116cb8f7,12,6,6,3,1,1768980468,2026-01-21 02:29:22
a7a175ff-8ffb-477c-a40b-6d47ce92305d,15,5,10,6,1,1768980468,2026-01-21 02:29:22
c6c10756-ef41-491a-8e6c-ee0aa27b8cbe,0,0,0,19,1,1768980468,2026-01-21 02:29:22
566935d6-4d66-4b42-9822-f2a816e357b9,11,5,6,12,1,1768980469,2026-01-21 02:29:22
5b4a4b20-539b-47c1-9228-1f1f124b3ec9,11,1,10,10,1,1768980468,2026-01-21 02:29:22
1856767203049599002,12,2,10,8,1,1768980468,2026-01-21 02:29:22
1945126022626996350,5,0,5,20,1,1768980473,2026-01-21 02:29:22
66dbcb2f-0aca-11e7-82f6-3863bb44ef7c,30,30,0,26,1,1768980473,2026-01-21 02:29:22
d7c56fef-1bf9-4315-85af-8638c534b402,16,15,1,21,1,1768980473,2026-01-21 02:29:22
66dc7802-0aca-11e7-82f6-3863bb44ef7c,14,11,3,38,1,1768980474,2026-01-21 02:29:22
66ddd545-0aca-11e7-82f6-3863bb44ef7c,56,42,14,30,1,1768980392,2026-01-21 02:29:22
06109e92-4363-445a-9743-0457f6799530,13,13,0,61,1,1768980469,2026-01-21 02:29:22
1967778612889039234,7,1,6,28,1,1768980474,2026-01-21 02:29:22
6fefe1b3-5f0d-47aa-b1dd-cec211239950,2,0,2,20,1,1768980474,2026-01-21 02:29:22
1857217349795049790,5,2,3,11,1,1768980475,2026-01-21 02:29:22
f365afa3-e8a5-439d-975d-6c2b064f30df,1,1,0,27,1,1768980475,2026-01-21 02:29:22
1860189075388547142,1,0,1,18,1,1768980475,2026-01-21 02:29:22
66db728c-0aca-11e7-82f6-3863bb44ef7c,10,9,1,47,1,1768980476,2026-01-21 02:29:22
1828966227118051662,18,2,16,1,1,1768980476,2026-01-21 02:29:22
081d243e-d75e-4e2a-bdae-a990b2397532,9,5,4,13,1,1768980477,2026-01-21 02:29:22
0cb63737-64c9-42a9-9479-280d49ed015a,9,2,7,14,1,1768980477,2026-01-21 02:29:22
66db9675-0aca-11e7-82f6-3863bb44ef7c,4,1,3,21,1,1768980478,2026-01-21 02:29:22
9be6c750-85b6-4e81-bace-1a8ffe941d7b,3,0,3,16,1,1768980478,2026-01-21 02:29:22
1856767361963389606,17,0,17,0,1,1768980478,2026-01-21 02:29:22
971cddfa-695e-4b44-ba8b-26154ab4a83b,6,5,1,11,1,1768980478,2026-01-21 02:29:22
7e36cd9b-b271-42e5-b344-b7a3771c795e,17,0,17,26,1,1768980478,2026-01-21 02:29:22
7478be11-37d8-49b1-a253-f0810045f6ff,0,0,0,15,0,1768784629,2026-01-21 02:29:22
2108372562172578194,18,17,1,0,1,1768980312,2026-01-21 02:29:22
537a2f47-26a3-4776-ba9d-e2acd2ffbee1,3,0,3,4,1,1768980181,2026-01-21 02:29:22
66dd6721-0aca-11e7-82f6-3863bb44ef7c,6,2,4,12,1,1768980415,2026-01-21 02:29:22
681a8bdb-65ff-4078-a5de-74927502da4e,10,5,5,7,1,1768980417,2026-01-21 02:29:22
1839334257267825432,9,1,8,3,1,1768980424,2026-01-21 02:29:22
3d1db3fa-1df5-46c8-baf3-619b729f5bda,10,8,2,8,1,1768980423,2026-01-21 02:29:22
6107e75a-2493-4e3d-a3e0-d4886d3416e5,11,2,9,2,1,1768980383,2026-01-21 02:29:22
2de92329-48d0-4cf7-85df-172f91bbb320,16,12,4,13,1,1768980384,2026-01-21 02:29:22
4a48175b-c239-4d5e-b1b8-03eda4239678,15,1,14,14,1,1768980439,2026-01-21 02:29:22
f417d8da-0f15-49b0-9e3c-3c3e55c2691d,16,7,9,5,1,1768980449,2026-01-21 02:29:22
66dd5960-0aca-11e7-82f6-3863bb44ef7c,5,1,4,17,1,1768980447,2026-01-21 02:29:22
2116636101124803154,10,0,10,4,1,1768980452,2026-01-21 02:29:22
66ddda59-0aca-11e7-82f6-3863bb44ef7c,5,2,3,9,1,1768980453,2026-01-21 02:29:22
e163ce54-4c39-43c5-9831-e10a2603527d,19,4,15,2,1,1768980456,2026-01-21 02:29:22
d09709d2-e119-48c4-aa22-29432a13a35a,9,6,3,4,1,1768980452,2026-01-21 02:29:22
66dd5e69-0aca-11e7-82f6-3863bb44ef7c,8,0,8,10,1,1768980460,2026-01-21 02:29:22
66dd8479-0aca-11e7-82f6-3863bb44ef7c,15,7,8,7,1,1768980477,2026-01-21 02:29:22
2116635993049651742,4,1,3,8,1,1768980476,2026-01-21 02:29:22
2116635307734817684,5,3,2,9,1,1768980472,2026-01-21 02:29:22
a59f4f11-5d52-43a2-8a32-ae71137a6af8,0,0,0,6,0,1768903723,2026-01-21 02:29:22
66ddde40-0aca-11e7-82f6-3863bb44ef7c,0,0,0,10,0,1768912025,2026-01-21 02:29:22
66dd8043-0aca-11e7-82f6-3863bb44ef7c,7,6,1,10,1,1768980312,2026-01-21 02:29:22
ded4386f-9f69-43c6-a566-4511920c3e39,11,3,8,11,1,1768980383,2026-01-21 02:29:22
66dd650d-0aca-11e7-82f6-3863bb44ef7c,11,8,3,3,1,1768980382,2026-01-21 02:29:22
66dd836d-0aca-11e7-82f6-3863bb44ef7c,9,2,7,13,1,1768980457,2026-01-21 02:29:22
43318169-d1ae-4a1a-9578-23cfa3fdbac9,9,5,4,11,1,1768980456,2026-01-21 02:29:22
66dddc98-0aca-11e7-82f6-3863bb44ef7c,17,9,8,8,1,1768980406,2026-01-21 02:29:22
0bb12c94-efdb-40ac-98fe-9521ba373b57,3,0,3,26,1,1768980408,2026-01-21 02:29:22
66dddae7-0aca-11e7-82f6-3863bb44ef7c,5,3,2,13,1,1768980446,2026-01-21 02:29:22
66ddded0-0aca-11e7-82f6-3863bb44ef7c,11,8,3,3,1,1768980370,2026-01-21 02:29:22
f841ae52-0bbb-49db-b6eb-f898fbce6108,8,7,1,10,1,1768980420,2026-01-21 02:29:22
915057d4-edbc-4c73-8d81-dda33d600d58,13,5,8,5,1,1768980420,2026-01-21 02:29:22
66dd9183-0aca-11e7-82f6-3863bb44ef7c,4,3,1,9,1,1768980390,2026-01-21 02:29:22
3742e2ab-6cd0-40cf-846a-72cbe637afe1,13,5,8,17,1,1768980422,2026-01-21 02:29:22
e2c00264-9eea-446d-a1b7-27cef3aed403,7,5,2,6,1,1768980423,2026-01-21 02:29:22
66dd7cab-0aca-11e7-82f6-3863bb44ef7c,6,2,4,15,1,1768980391,2026-01-21 02:29:22
21c4a77d-b1ae-4262-b143-087fd14a07b8,12,6,6,5,1,1768980397,2026-01-21 02:29:22
2036428272250118978,12,7,5,7,1,1768980400,2026-01-21 02:29:22
66dd83fc-0aca-11e7-82f6-3863bb44ef7c,14,3,11,8,1,1768980439,2026-01-21 02:29:22
c32d6965-4fae-4f1f-a5f2-7f2ef5f439fc,10,5,5,10,1,1768980439,2026-01-21 02:29:22
2108372790290481846,3,3,0,11,1,1768980479,2026-01-21 02:29:22
823c0615-2832-4e76-85f0-7cf527151aba,0,0,0,0,0,86400,2026-01-21 02:29:22
dd8b2f53-8b94-4082-9576-994a4962f9d5,0,0,0,10,0,1768974459,2026-01-21 02:29:22
fadf00cf-d84a-49e8-9607-c67154915412,0,0,0,5,0,1768958775,2026-01-21 02:29:22
1849747691035224144,11,4,7,3,1,1768980362,2026-01-21 02:29:22
2116635868495600156,4,2,2,9,1,1768980371,2026-01-21 02:29:22
2116635185595800086,9,6,3,2,1,1768980370,2026-01-21 02:29:22
66dd63de-0aca-11e7-82f6-3863bb44ef7c,13,9,4,3,1,1768980378,2026-01-21 02:29:22
66ddd78e-0aca-11e7-82f6-3863bb44ef7c,0,0,0,6,0,1768866796,2026-01-21 02:29:22
66dd7f10-0aca-11e7-82f6-3863bb44ef7c,11,7,4,14,1,1768980366,2026-01-21 02:29:22
1ec24ce3-2b69-4f3a-a153-c73e583d11f3,2,1,1,16,1,1768980393,2026-01-21 02:29:22
8ae0bf30-9979-461e-a947-2dd89f293b40,9,2,7,3,1,1768980410,2026-01-21 02:29:22
5f798c51-5d8b-4add-9f81-341f54a82ffa,11,3,8,5,1,1768980412,2026-01-21 02:29:22
2116635417524034072,5,5,0,8,1,1768980422,2026-01-21 02:29:22
33a797e8-6be2-4868-b9f6-1be157eaa0a5,2,2,0,17,1,1768980431,2026-01-21 02:29:22
2108372139456801688,14,5,9,4,1,1768980428,2026-01-21 02:29:22
22cd02a2-228f-4eeb-b249-cbea51a0e219,9,5,4,9,1,1768980403,2026-01-21 02:29:22
66dd58f2-0aca-11e7-82f6-3863bb44ef7c,4,0,4,9,1,1768980434,2026-01-21 02:29:22
2108373096850688302,0,0,0,14,1,1768980439,2026-01-21 02:29:22
2157737368545384190,2,2,0,14,1,1768980443,2026-01-21 02:29:22
ccfa1f8f-f930-45f2-9cda-375c01596ca2,1,1,0,17,1,1768980448,2026-01-21 02:29:22
66dd630c-0aca-11e7-82f6-3863bb44ef7c,15,9,6,3,1,1768980464,2026-01-21 02:29:22
655b0878-c22b-4f8c-8675-21bf30d1eebf,9,2,7,6,1,1768980465,2026-01-21 02:29:22
2290031f-e7d8-40a3-9ad6-566df493bbbc,9,1,8,31,1,1768980471,2026-01-21 02:29:22
2058728861810389252,7,0,7,14,1,1768980471,2026-01-21 02:29:22
66dd5f99-0aca-11e7-82f6-3863bb44ef7c,14,4,10,3,1,1768980479,2026-01-21 02:29:22
3371df76-39db-43ab-b3d6-fac0be55311f,0,0,0,3,0,1768979575,2026-01-21 02:29:22
66ddd81a-0aca-11e7-82f6-3863bb44ef7c,0,0,0,8,0,1768877727,2026-01-21 02:29:22
4aecd6f2-8a84-4bed-a528-dc6870877292,6,6,0,12,1,1768980397,2026-01-21 02:29:22
2108372029596633484,6,2,4,6,1,1768980414,2026-01-21 02:29:22
66dd6441-0aca-11e7-82f6-3863bb44ef7c,10,4,6,4,1,1768980428,2026-01-21 02:29:22
1844599666569400604,12,0,12,11,1,1768980473,2026-01-21 02:29:22
66dd6000-0aca-11e7-82f6-3863bb44ef7c,14,10,4,8,1,1768980375,2026-01-21 02:29:22
2165507807810224012,1,1,0,8,1,1768980379,2026-01-21 02:29:22
66dd8b48-0aca-11e7-82f6-3863bb44ef7c,12,9,3,6,1,1768980401,2026-01-21 02:29:22
2158919319277979600,8,5,3,5,1,1768980455,2026-01-21 02:29:22
66dd7fe2-0aca-11e7-82f6-3863bb44ef7c,9,2,7,13,1,1768980462,2026-01-21 02:29:22
2116885281736356212,5,2,3,7,1,1768980459,2026-01-21 02:29:22
2157736614125310040,6,4,2,10,1,1768980440,2026-01-21 02:29:22
2108373197827738014,13,6,7,8,1,1768980449,2026-01-21 02:29:22
66dd80ac-0aca-11e7-82f6-3863bb44ef7c,6,1,5,14,1,1768980453,2026-01-21 02:29:22
66dddf5f-0aca-11e7-82f6-3863bb44ef7c,1,1,0,12,1,1768980449,2026-01-21 02:29:22
66dd7b37-0aca-11e7-82f6-3863bb44ef7c,15,9,6,10,1,1768980468,2026-01-21 02:29:22
66ddd8a8-0aca-11e7-82f6-3863bb44ef7c,0,0,0,7,0,1768950829,2026-01-21 02:29:22
46813ecf-8df4-4c8f-9579-0179e0b36ba6,0,0,0,5,0,1768950007,2026-01-21 02:29:22
66dddd28-0aca-11e7-82f6-3863bb44ef7c,0,0,0,9,0,1768952668,2026-01-21 02:29:22
66dd5f24-0aca-11e7-82f6-3863bb44ef7c,13,6,7,9,1,1768980363,2026-01-21 02:29:22
66dddc08-0aca-11e7-82f6-3863bb44ef7c,0,0,0,1,0,1768955549,2026-01-21 02:29:22
2108372903577159978,5,4,1,9,1,1768980403,2026-01-21 02:29:22
bd6f422b-d7ae-4d7e-9261-653fdd8e6888,25,16,9,0,1,1768980400,2026-01-21 02:29:22
66ddd93e-0aca-11e7-82f6-3863bb44ef7c,12,4,8,1,1,1768980401,2026-01-21 02:29:22
2088688422524183306,5,0,5,32,1,1768980413,2026-01-21 02:29:22
5faf99b8-9046-450f-9d2a-d13279b3d016,11,5,6,17,1,1768980417,2026-01-21 02:29:22
2116634708854430228,9,1,8,9,1,1768980425,2026-01-21 02:29:22
5aa81a37-ea1d-4bf6-ab40-4751c6b4fb08,8,7,1,8,1,1768980435,2026-01-21 02:29:22
519824e4-69ba-4270-a395-17c204f328f8,3,1,2,17,1,1768980439,2026-01-21 02:29:22
9d344652-976b-4c2d-bede-2ef19b0fbf13,12,6,6,5,1,1768980432,2026-01-21 02:29:22
581211b2-4e42-48f2-8a8f-5f968cb1c5df,4,2,2,27,1,1768980447,2026-01-21 02:29:22
2108373961268485100,5,1,4,9,1,1768980449,2026-01-21 02:29:22
2116635527663355916,0,0,0,11,1,1768980456,2026-01-21 02:29:22
66ddddb4-0aca-11e7-82f6-3863bb44ef7c,7,5,2,7,1,1768980457,2026-01-21 02:29:22
cbc48689-7805-49dd-9669-5471f4b7b6fb,1,1,0,21,1,1768980451,2026-01-21 02:29:22
2108372356498784942,8,2,6,1,1,1768980468,2026-01-21 02:29:22
2116636221383887448,15,0,15,3,1,1768980467,2026-01-21 02:29:22
66dd5a42-0aca-11e7-82f6-3863bb44ef7c,16,14,2,6,1,1768980472,2026-01-21 02:29:22
b6a13f2b-deb4-4f4d-9d67-7d23bee27c88,5,1,4,9,1,1768980478,2026-01-21 02:29:22
