station_id,num_bikes,num_ebikes,num_classics,num_docks,status,last_reported,timestamp
41495491-5d89-4e14-aab9-c3db04aad399,0,0,0,0,0,86400,2026-01-19 00:24:27
1905837242740508940,0,0,0,0,0,86400,2026-01-19 00:24:27
b9720921-8170-43ea-a5ae-b61b9161eb49,0,0,0,0,0,86400,2026-01-19 00:24:27
498d7e8e-5164-4f26-9ce6-399947d73b1a,0,0,0,0,0,1759761514,2026-01-19 00:24:27
2171903488884523500,0,0,0,0,0,86400,2026-01-19 00:24:27
2171903608969565866,0,0,0,0,0,86400,2026-01-19 00:24:27
2171904223419888148,0,0,0,0,0,86400,2026-01-19 00:24:27
66dd4ec7-0aca-11e7-82f6-3863bb44ef7c,32,15,17,42,1,1768799766,2026-01-19 00:24:27
66de13dc-0aca-11e7-82f6-3863bb44ef7c,0,0,0,0,0,1768750209,2026-01-19 00:24:27
66de0cab-0aca-11e7-82f6-3863bb44ef7c,0,0,0,0,0,1768790936,2026-01-19 00:24:27
0b613329-b8c8-4b8c-ad40-79952aa41157,12,2,10,9,1,1768800103,2026-01-19 00:24:27
5f63411c-91ce-4788-a567-d388cc812a15,8,1,7,21,1,1768800118,2026-01-19 00:24:27
b442a648-e9f4-4893-951a-64d258bc0e55,26,18,8,0,1,1768800118,2026-01-19 00:24:27
0687075b-cf2d-4130-a859-fe841aafbd3f,14,1,13,10,1,1768800119,2026-01-19 00:24:27
cb9840a3-4ae2-420d-865c-9ac45e2f5485,9,6,3,4,1,1768800119,2026-01-19 00:24:27
66de1fe7-0aca-11e7-82f6-3863bb44ef7c,13,2,11,12,1,1768800119,2026-01-19 00:24:27
1814907590556515014,13,1,12,9,1,1768800119,2026-01-19 00:24:27
1815967442754883940,19,1,18,11,1,1768800123,2026-01-19 00:24:27
66dc7f02-0aca-11e7-82f6-3863bb44ef7c,109,94,15,0,1,1768800121,2026-01-19 00:24:27
59b747c1-fbfb-4a3d-9394-8d06834d7c98,14,4,10,3,1,1768800122,2026-01-19 00:24:27
66db2a71-0aca-11e7-82f6-3863bb44ef7c,42,23,19,2,1,1768800122,2026-01-19 00:24:27
66de2b2f-0aca-11e7-82f6-3863bb44ef7c,48,3,45,3,1,1768800120,2026-01-19 00:24:27
44c23eaa-7ddf-40b3-8373-6f3880c5e1b1,2,1,1,14,1,1768800121,2026-01-19 00:24:27
1860188747953293684,7,0,7,10,1,1768800121,2026-01-19 00:24:27
66ddb66e-0aca-11e7-82f6-3863bb44ef7c,4,0,4,23,1,1768800119,2026-01-19 00:24:27
d45b62b9-7d6b-43b2-bf1e-2c898c55dfd2,0,0,0,20,1,1768800137,2026-01-19 00:24:27
66dce8db-0aca-11e7-82f6-3863bb44ef7c,8,1,7,31,1,1768800138,2026-01-19 00:24:27
545a32d3-b74c-4dc2-b82c-a6d185dd4666,1,1,0,17,1,1768800138,2026-01-19 00:24:27
ba33c334-e17d-4478-ae3c-9c2f4dbfbb51,11,8,3,7,1,1768800138,2026-01-19 00:24:27
16e70b05-5b73-4930-9dcf-f79e5ce9eaf5,12,0,12,10,1,1768800138,2026-01-19 00:24:27
eb07bdfc-3a6f-40eb-96d2-0b92ac371619,0,0,0,20,1,1768800136,2026-01-19 00:24:27
1875415144760576328,20,20,0,4,1,1768800137,2026-01-19 00:24:27
1864605386632012480,0,0,0,18,1,1768800137,2026-01-19 00:24:27
66db93a1-0aca-11e7-82f6-3863bb44ef7c,10,3,7,22,1,1768800139,2026-01-19 00:24:27
4e747443-d481-4aea-a6d1-cf20204af4ba,13,0,13,7,1,1768800141,2026-01-19 00:24:27
525535e3-dde3-47b4-9c2e-0174eaa4f2bb,17,6,11,1,1,1768800139,2026-01-19 00:24:27
96e72113-3681-4d19-88bb-032e76720093,42,40,2,1,1,1768800135,2026-01-19 00:24:27
1859438049977968878,15,3,12,14,1,1768800136,2026-01-19 00:24:27
b4b5824b-3c23-44b7-92a3-cec6a54583a0,10,1,9,8,1,1768800141,2026-01-19 00:24:27
ffae66ec-7c16-436f-bd0a-eedf81d580e7,2,0,2,19,1,1768800141,2026-01-19 00:24:27
1848241684520917882,14,0,14,2,1,1768800142,2026-01-19 00:24:27
06439006-11b6-44f0-8545-c9d39035f32a,70,57,13,3,1,1768800127,2026-01-19 00:24:27
62b97c1e-9d06-4c5e-b9c3-d76099e37fe4,15,8,7,10,1,1768800126,2026-01-19 00:24:27
66dc7773-0aca-11e7-82f6-3863bb44ef7c,18,15,3,26,1,1768800125,2026-01-19 00:24:27
66ddec3e-0aca-11e7-82f6-3863bb44ef7c,4,2,2,18,1,1768800126,2026-01-19 00:24:27
f3140fb8-347b-4dca-96df-eeef2d1bfc50,3,1,2,15,1,1768800126,2026-01-19 00:24:27
77e31650-e86a-4b06-b2de-b92df2a7a7f5,17,3,14,10,1,1768800127,2026-01-19 00:24:27
66dc3e89-0aca-11e7-82f6-3863bb44ef7c,16,9,7,45,1,1768800125,2026-01-19 00:24:27
81bec993-29a5-4e70-8f60-eecdf16c7be4,16,6,10,10,1,1768800144,2026-01-19 00:24:27
0138452a-b9f4-4aee-80b0-7fae9a122ffe,5,2,3,32,1,1768800144,2026-01-19 00:24:27
1815968237323833702,17,1,16,3,1,1768800144,2026-01-19 00:24:27
66dd217d-0aca-11e7-82f6-3863bb44ef7c,24,23,1,1,1,1768800143,2026-01-19 00:24:27
3e1bdcec-e762-4e83-b447-007f05923cce,8,6,2,14,1,1768800144,2026-01-19 00:24:27
1786698974100683436,24,23,1,27,1,1768800145,2026-01-19 00:24:27
66db447a-0aca-11e7-82f6-3863bb44ef7c,45,35,10,4,1,1768800145,2026-01-19 00:24:27
6542d952-ca19-410e-9290-ee6b7a6e14cf,1,1,0,19,1,1768800145,2026-01-19 00:24:27
ceb179f3-89c3-4c3e-8a0a-3415406a9463,13,13,0,8,1,1768800146,2026-01-19 00:24:27
bc5235a5-7f10-4a27-806e-9c25fa700959,10,0,10,24,1,1768800147,2026-01-19 00:24:27
566a6389-5c22-49ca-8c24-4d9eea135170,0,0,0,26,1,1768800147,2026-01-19 00:24:27
26cae473-0e59-4af7-bad5-bb6fec85c8bc,3,3,0,18,1,1768800148,2026-01-19 00:24:27
55a4dc76-d839-4e06-9bf4-2f343391343c,2,2,0,17,1,1768800147,2026-01-19 00:24:27
56b3ca32-104a-4920-a879-a97a820858c4,9,2,7,16,1,1768800147,2026-01-19 00:24:27
2124036103510616644,3,0,3,7,1,1768800154,2026-01-19 00:24:27
754ac5df-f2b5-4636-8c58-ed84ea262bde,1,1,0,19,1,1768800155,2026-01-19 00:24:27
20ff5447-eac3-43b7-820f-f6fa3a2e12a8,15,2,13,4,1,1768800155,2026-01-19 00:24:27
068b919c-f649-4091-8e12-ccf37191cad5,3,3,0,16,1,1768800155,2026-01-19 00:24:27
1960019951675478680,22,20,2,9,1,1768800159,2026-01-19 00:24:27
66dc6a86-0aca-11e7-82f6-3863bb44ef7c,20,13,7,58,1,1768800159,2026-01-19 00:24:27
1817432434869846072,8,0,8,12,1,1768800159,2026-01-19 00:24:27
1828965172312150882,15,0,15,5,1,1768800159,2026-01-19 00:24:27
1828967979464708718,2,0,2,21,1,1768800159,2026-01-19 00:24:27
1838070843306263244,0,0,0,18,1,1768800160,2026-01-19 00:24:27
6d766daf-9298-4059-a329-1818582d495f,13,12,1,5,1,1768800159,2026-01-19 00:24:27
c2bb1874-bcb7-47c5-aa7d-05423b9087e8,1,1,0,20,1,1768800157,2026-01-19 00:24:27
a3d72b5b-9587-4f33-9722-c01e20a9b358,5,3,2,23,1,1768800157,2026-01-19 00:24:27
c63a83a0-bda1-40a6-835b-f82c363543b9,9,2,7,11,1,1768800158,2026-01-19 00:24:27
33840944-aa92-4d91-9de8-d29e5cd0b2d9,20,2,18,8,1,1768800158,2026-01-19 00:24:27
66db6963-0aca-11e7-82f6-3863bb44ef7c,44,12,32,33,1,1768800158,2026-01-19 00:24:27
807e9f5a-49b6-4b7e-847b-4a60cff330ed,2,0,2,15,1,1768800158,2026-01-19 00:24:27
7938263e-e5b8-4ca7-b8bf-1adbaae5fead,10,0,10,17,1,1768800158,2026-01-19 00:24:27
1814548067447122618,30,2,28,1,1,1768800160,2026-01-19 00:24:27
0f45bcf6-7028-4584-a51e-4129847dbebc,34,16,18,2,1,1768800160,2026-01-19 00:24:27
66dde4ef-0aca-11e7-82f6-3863bb44ef7c,20,18,2,2,1,1768800160,2026-01-19 00:24:27
0bd9bd58-42e6-4680-9d19-83943372221f,13,12,1,9,1,1768800160,2026-01-19 00:24:27
ca7ec509-cefc-4ac6-b729-08999d191051,22,4,18,1,1,1768800161,2026-01-19 00:24:27
66de73fd-0aca-11e7-82f6-3863bb44ef7c,7,6,1,18,1,1768800155,2026-01-19 00:24:27
dd482585-3028-453f-a98d-55019db9b26c,36,3,33,2,1,1768800156,2026-01-19 00:24:27
1986707977001495180,5,4,1,14,1,1768800156,2026-01-19 00:24:27
19b61564-7629-41b4-80c8-1756135a5442,4,4,0,13,1,1768800160,2026-01-19 00:24:27
1860189650739626488,4,0,4,17,1,1768800156,2026-01-19 00:24:27
42c3bb6e-0478-4e4a-af10-151f5f4dffb9,17,4,13,1,1,1768800156,2026-01-19 00:24:27
66dced76-0aca-11e7-82f6-3863bb44ef7c,4,2,2,20,1,1768800168,2026-01-19 00:24:27
1d3a8670-09b3-4127-b750-af5311e565f0,11,2,9,5,1,1768800168,2026-01-19 00:24:27
bf880f45-422c-4e0b-b3b0-2b1f5ba94da4,4,1,3,12,1,1768800169,2026-01-19 00:24:27
1b00fb53-da32-4b14-9a9a-84a391c8951c,16,1,15,10,1,1768800167,2026-01-19 00:24:27
3a89411a-0bc6-4ba3-bc56-fab950c8eba1,17,1,16,2,1,1768800167,2026-01-19 00:24:27
3f05490b-a3d8-4d15-bd25-0212555b5dff,21,2,19,1,1,1768800167,2026-01-19 00:24:27
66dde630-0aca-11e7-82f6-3863bb44ef7c,41,6,35,29,1,1768800170,2026-01-19 00:24:27
cf1a96a7-f695-4ba2-bcf2-899552e21e47,6,1,5,10,1,1768800170,2026-01-19 00:24:27
66dc2995-0aca-11e7-82f6-3863bb44ef7c,37,35,2,8,1,1768800171,2026-01-19 00:24:27
6cd10426-b4e9-40e1-9b35-61f609190ac0,7,3,4,26,1,1768800168,2026-01-19 00:24:27
1871698348432996504,13,2,11,9,1,1768800168,2026-01-19 00:24:27
66dc8a3d-0aca-11e7-82f6-3863bb44ef7c,34,10,24,38,1,1768800169,2026-01-19 00:24:27
66dd515d-0aca-11e7-82f6-3863bb44ef7c,8,8,0,13,1,1768800169,2026-01-19 00:24:27
d2b23c87-b7c3-48c2-a634-db4b76ecbcf7,9,2,7,10,1,1768800167,2026-01-19 00:24:27
26217b73-7bb5-46e6-8094-1db05becd617,3,0,3,24,1,1768800171,2026-01-19 00:24:27
2126623765785393224,2,1,1,17,1,1768800171,2026-01-19 00:24:27
1929504694747056164,19,9,10,21,1,1768800171,2026-01-19 00:24:27
ebae0b66-e463-4ded-9b7a-43c0aca9b37a,15,5,10,6,1,1768800166,2026-01-19 00:24:27
7f402242-dc1b-4a48-ba21-58c4fa7216b4,19,6,13,0,1,1768800166,2026-01-19 00:24:27
1786698321265653818,15,14,1,21,1,1768800166,2026-01-19 00:24:27
9635affa-8b18-42d5-84c4-7f67ad5ef9d0,3,0,3,15,1,1768800173,2026-01-19 00:24:27
66dcbac5-0aca-11e7-82f6-3863bb44ef7c,5,1,4,13,1,1768800174,2026-01-19 00:24:27
633fbc4c-7617-47ba-a393-aad7a8d26a3e,22,4,18,0,1,1768800174,2026-01-19 00:24:27
66db277a-0aca-11e7-82f6-3863bb44ef7c,15,3,12,10,1,1768800174,2026-01-19 00:24:27
66de63cd-0aca-11e7-82f6-3863bb44ef7c,19,11,8,1,1,1768800175,2026-01-19 00:24:27
abc1311e-e000-4211-af9e-0cf92242711e,1,1,0,21,1,1768800175,2026-01-19 00:24:27
2100948436010992354,2,2,0,11,1,1768800175,2026-01-19 00:24:27
7d5fa1f0-4069-4d5d-b735-5d500597394a,48,33,15,3,1,1768800173,2026-01-19 00:24:27
3134c2d4-b090-4eb8-ab44-6f9622098f72,1,1,0,21,1,1768800172,2026-01-19 00:24:27
f833d403-2cf5-424a-a3b3-0314a44b4a67,6,0,6,25,1,1768800173,2026-01-19 00:24:27
640a9a95-194f-42f5-8d88-1df67129f388,11,2,9,5,1,1768800173,2026-01-19 00:24:27
1096fc76-794e-4343-8eb0-0dd6c9a48266,1,1,0,16,1,1768800173,2026-01-19 00:24:27
f681f980-185d-45b9-8490-bb2606624dd4,0,0,0,18,1,1768800173,2026-01-19 00:24:27
6e5a8cab-cf1a-4584-8133-01835b56ad71,12,1,11,13,1,1768800171,2026-01-19 00:24:27
66dbec40-0aca-11e7-82f6-3863bb44ef7c,28,5,23,23,1,1768800172,2026-01-19 00:24:27
66de1ea2-0aca-11e7-82f6-3863bb44ef7c,14,7,7,7,1,1768800172,2026-01-19 00:24:27
1869753057823626206,10,2,8,12,1,1768800172,2026-01-19 00:24:27
5645b05e-85be-460d-8506-cacd20bff233,28,1,27,0,1,1768800173,2026-01-19 00:24:27
0630217a-3913-47d9-9540-cf85688296a5,3,1,2,12,1,1768800173,2026-01-19 00:24:27
66dd01c5-0aca-11e7-82f6-3863bb44ef7c,16,13,3,10,1,1768800172,2026-01-19 00:24:27
66dd26f9-0aca-11e7-82f6-3863bb44ef7c,20,2,18,13,1,1768800172,2026-01-19 00:24:27
fda18503-7488-4b91-b74c-949a90401e83,6,4,2,13,1,1768800172,2026-01-19 00:24:27
d979131e-0b9f-4aa2-88c5-46d4ff94abc8,12,6,6,4,1,1768800175,2026-01-19 00:24:27
162d5859-b735-4ff7-9613-01b21f22c1cd,25,15,10,7,1,1768800176,2026-01-19 00:24:27
d89dc10f-9be3-45a5-9c3c-06c04c963436,13,0,13,7,1,1768800176,2026-01-19 00:24:27
32cc1603-a4b5-4099-b7bf-681de451b04a,24,1,23,23,1,1768800201,2026-01-19 00:24:27
2a66ed0a-5e6d-4893-a1d1-876bb2bac4be,12,6,6,14,1,1768800201,2026-01-19 00:24:27
66db76a1-0aca-11e7-82f6-3863bb44ef7c,21,10,11,71,1,1768800201,2026-01-19 00:24:27
f62526d4-9c6a-4c76-be76-c64b5be669d2,7,3,4,14,1,1768800202,2026-01-19 00:24:27
053312f2-e77e-4674-b28b-ad357fbcb4ee,24,19,5,39,1,1768800202,2026-01-19 00:24:27
66de25bd-0aca-11e7-82f6-3863bb44ef7c,67,0,67,2,1,1768800199,2026-01-19 00:24:27
66880044-5411-4143-af39-eaa0a0fd0528,25,23,2,10,1,1768800200,2026-01-19 00:24:27
66dbe68e-0aca-11e7-82f6-3863bb44ef7c,26,21,5,28,1,1768800201,2026-01-19 00:24:27
180b83a0-329c-4069-87be-df862cb1baed,21,15,6,1,1,1768800200,2026-01-19 00:24:27
66dd4ccc-0aca-11e7-82f6-3863bb44ef7c,14,13,1,37,1,1768800201,2026-01-19 00:24:27
c606bae0-889c-47c3-8202-9463ef147655,18,0,18,2,1,1768800198,2026-01-19 00:24:27
1861678548643203686,5,1,4,20,1,1768800198,2026-01-19 00:24:27
af72ab76-c6cb-4994-af96-51fa8846ecdc,3,3,0,14,1,1768800198,2026-01-19 00:24:27
1f8f6714-42a7-45d5-86cd-a093c940b2c9,0,0,0,26,1,1768800198,2026-01-19 00:24:27
1962547377975794462,6,0,6,19,1,1768800198,2026-01-19 00:24:27
54df610f-0e47-4958-98ca-37bb1b1c4dca,2,2,0,21,1,1768800199,2026-01-19 00:24:27
66dbe15d-0aca-11e7-82f6-3863bb44ef7c,19,6,13,6,1,1768800199,2026-01-19 00:24:27
ed279ef2-52ee-4ff2-9a52-edd8137ea034,18,18,0,8,1,1768800202,2026-01-19 00:24:27
1888015107269225164,15,14,1,26,1,1768800203,2026-01-19 00:24:27
1f088432-0460-421e-a1d9-36890fa5396d,5,2,3,12,1,1768800203,2026-01-19 00:24:27
023cf549-bd85-4f9a-abd8-70ba29d7e86b,1,1,0,19,1,1768800203,2026-01-19 00:24:27
74723006-b32f-4590-8cc7-f15eec3808fe,6,1,5,21,1,1768800203,2026-01-19 00:24:27
29a41b09-698f-43e2-82ff-f94f73e74841,15,0,15,3,1,1768800203,2026-01-19 00:24:27
66dd45c7-0aca-11e7-82f6-3863bb44ef7c,23,19,4,7,1,1768800130,2026-01-19 00:24:27
7a6fc75f-a605-4dd6-b567-b2bbbfb862f3,17,16,1,0,1,1768800130,2026-01-19 00:24:27
4efda436-cd19-4ec3-acc7-1a622f723264,2,2,0,16,1,1768800130,2026-01-19 00:24:27
c7604869-5b55-40cf-812e-fc97901bdf14,29,7,22,11,1,1768800131,2026-01-19 00:24:27
b896d83d-5524-4c9c-a2aa-c1b0edaadc22,2,1,1,14,1,1768800131,2026-01-19 00:24:27
1882824287789509296,27,25,2,17,1,1768800134,2026-01-19 00:24:27
2104286315955915532,6,5,1,62,1,1768800134,2026-01-19 00:24:27
66dd1d0f-0aca-11e7-82f6-3863bb44ef7c,26,16,10,4,1,1768800134,2026-01-19 00:24:27
292ad4f3-9fb0-44ec-9e61-613c711f73c1,5,1,4,12,1,1768800133,2026-01-19 00:24:27
66dd46a2-0aca-11e7-82f6-3863bb44ef7c,12,5,7,34,1,1768800133,2026-01-19 00:24:27
66dd9fa6-0aca-11e7-82f6-3863bb44ef7c,19,19,0,41,1,1768800132,2026-01-19 00:24:27
66ddeaff-0aca-11e7-82f6-3863bb44ef7c,11,5,6,18,1,1768800133,2026-01-19 00:24:27
6b60bf55-3da4-439a-bde1-fc80be8623ba,0,0,0,22,1,1768800129,2026-01-19 00:24:27
1851674198082642572,20,1,19,0,1,1768800129,2026-01-19 00:24:27
6fab98b7-b06a-49d8-a4d1-087ffce0ebcf,0,0,0,16,1,1768800134,2026-01-19 00:24:27
581bc4fe-cf14-4767-8377-6fa156ff8a29,6,1,5,12,1,1768800130,2026-01-19 00:24:27
c638ec67-9ac0-416f-944f-619926144931,63,57,6,58,1,1768800152,2026-01-19 00:24:27
66de12ff-0aca-11e7-82f6-3863bb44ef7c,12,2,10,8,1,1768800152,2026-01-19 00:24:27
66dc686c-0aca-11e7-82f6-3863bb44ef7c,86,56,30,8,1,1768800153,2026-01-19 00:24:27
d80c274e-d17d-4a00-9b76-274c9fe4d0e1,6,4,2,26,1,1768800153,2026-01-19 00:24:27
b4974d89-932c-4a9f-a264-2ea0cf70613e,6,4,2,9,1,1768800148,2026-01-19 00:24:27
66db3053-0aca-11e7-82f6-3863bb44ef7c,54,42,12,16,1,1768800148,2026-01-19 00:24:27
1851254468343716806,16,2,14,4,1,1768800148,2026-01-19 00:24:27
837b7db3-55c6-4595-a497-834972631752,4,3,1,11,1,1768800148,2026-01-19 00:24:27
37a37e5b-f975-4f92-a897-dca8e4670631,7,4,3,10,1,1768800151,2026-01-19 00:24:27
66dbee85-0aca-11e7-82f6-3863bb44ef7c,9,7,2,61,1,1768800150,2026-01-19 00:24:27
191d5d54-de64-4312-99c7-eee141efa4ef,1,1,0,20,1,1768800150,2026-01-19 00:24:27
1835246658344669972,6,5,1,14,1,1768800154,2026-01-19 00:24:27
90b141b9-c39f-4a26-a32d-08c7d1474d52,9,9,0,11,1,1768800154,2026-01-19 00:24:27
09dfc0e3-a448-477c-bb3c-9467dc51ef8d,53,22,31,21,1,1768800152,2026-01-19 00:24:27
61f2ffd4-159a-42b3-a4d9-3fdfc3349074,3,0,3,17,1,1768800152,2026-01-19 00:24:27
1854538962214948918,18,2,16,1,1,1768800153,2026-01-19 00:24:27
66db41bf-0aca-11e7-82f6-3863bb44ef7c,29,6,23,2,1,1768800162,2026-01-19 00:24:27
ca843847-923a-40b7-80ca-c1c3fff6e818,1,1,0,15,1,1768800162,2026-01-19 00:24:27
1849009654626746672,17,3,14,0,1,1768800163,2026-01-19 00:24:27
5526b855-dc09-4159-a20a-99651861a481,7,6,1,17,1,1768800161,2026-01-19 00:24:27
6476c5fd-611e-436c-9736-e0f43bb7774e,13,0,13,4,1,1768800161,2026-01-19 00:24:27
66dc0dab-0aca-11e7-82f6-3863bb44ef7c,6,2,4,107,1,1768800161,2026-01-19 00:24:27
29ced315-14b5-4edc-bef2-665316dfe3dd,28,13,15,17,1,1768800161,2026-01-19 00:24:27
1814907423052790164,19,1,18,3,1,1768800162,2026-01-19 00:24:27
66dde76a-0aca-11e7-82f6-3863bb44ef7c,11,11,0,12,1,1768800164,2026-01-19 00:24:27
0f98907a-d4cc-45e0-b174-7d9dfda74106,2,1,1,28,1,1768800164,2026-01-19 00:24:27
18a2cbb6-91f2-4393-82fb-b40a8ba90f20,2,0,2,18,1,1768800164,2026-01-19 00:24:27
3d68a3fd-91da-49e8-9cd5-69b333863789,19,5,14,1,1,1768800165,2026-01-19 00:24:27
66dd24ca-0aca-11e7-82f6-3863bb44ef7c,34,20,14,12,1,1768800163,2026-01-19 00:24:27
645e4365-653f-48ce-bc15-5fcc287be56f,3,1,2,61,1,1768800163,2026-01-19 00:24:27
c3189056-8eda-4278-891f-e8e15c2d759a,15,10,5,9,1,1768800164,2026-01-19 00:24:27
1838071008881986168,16,1,15,13,1,1768800165,2026-01-19 00:24:27
8a89684b-40a5-49fe-b75d-fdf32ffa8102,13,0,13,6,1,1768800165,2026-01-19 00:24:27
f523c481-ba41-44ba-96e1-0c431fbea558,5,3,2,19,1,1768800181,2026-01-19 00:24:27
66dbe571-0aca-11e7-82f6-3863bb44ef7c,53,39,14,6,1,1768800181,2026-01-19 00:24:27
66db3687-0aca-11e7-82f6-3863bb44ef7c,22,13,9,14,1,1768800181,2026-01-19 00:24:27
7f4753d7-8d58-48bd-a881-de5bff08b27d,8,4,4,16,1,1768800181,2026-01-19 00:24:27
ab6aadd8-fa45-43aa-abea-c8e01ec5a0c8,20,5,15,1,1,1768800182,2026-01-19 00:24:27
c2d549f8-f54c-4a0d-9ecd-6e6f79118279,20,16,4,2,1,1768800182,2026-01-19 00:24:27
66de2707-0aca-11e7-82f6-3863bb44ef7c,21,21,0,24,1,1768800182,2026-01-19 00:24:27
517409d3-a94a-4140-a6de-ff0de9221ed2,7,4,3,15,1,1768800182,2026-01-19 00:24:27
66ddea99-0aca-11e7-82f6-3863bb44ef7c,7,6,1,11,1,1768800182,2026-01-19 00:24:27
d040a7b3-85b5-4c0d-9c92-3f4ad0082143,0,0,0,28,1,1768800180,2026-01-19 00:24:27
4e9a1c3a-20e2-4fd5-b8de-fbf8d43e7bcc,1,1,0,19,1,1768800181,2026-01-19 00:24:27
493850bd-125b-49f5-932b-bf999504fb06,9,6,3,8,1,1768800180,2026-01-19 00:24:27
943a1a27-1328-4823-8945-28d845280383,27,26,1,0,1,1768800179,2026-01-19 00:24:27
2124036994734951288,7,1,6,1,1,1768800179,2026-01-19 00:24:27
2137775326353803668,16,5,11,0,1,1768800179,2026-01-19 00:24:27
1804892772559499512,15,2,13,17,1,1768800179,2026-01-19 00:24:27
66dbc37a-0aca-11e7-82f6-3863bb44ef7c,7,4,3,49,1,1768800179,2026-01-19 00:24:27
66dba303-0aca-11e7-82f6-3863bb44ef7c,8,0,8,14,1,1768800179,2026-01-19 00:24:27
59df3823-0369-4a10-8132-05df34a170af,26,1,25,18,1,1768800180,2026-01-19 00:24:27
66dd3d7f-0aca-11e7-82f6-3863bb44ef7c,23,22,1,11,1,1768800178,2026-01-19 00:24:27
66dd2060-0aca-11e7-82f6-3863bb44ef7c,39,6,33,10,1,1768800178,2026-01-19 00:24:27
1834145589124844432,0,0,0,19,1,1768800178,2026-01-19 00:24:27
66dde103-0aca-11e7-82f6-3863bb44ef7c,28,28,0,10,1,1768800178,2026-01-19 00:24:27
66db6f2e-0aca-11e7-82f6-3863bb44ef7c,16,3,13,27,1,1768800178,2026-01-19 00:24:27
38af3d1a-9916-46cf-b22e-86fc8648bf30,8,0,8,11,1,1768800179,2026-01-19 00:24:27
0fa27bd7-b182-4e7a-b5bb-90f4249cb368,12,10,2,10,1,1768800177,2026-01-19 00:24:27
66dd1f44-0aca-11e7-82f6-3863bb44ef7c,17,11,6,8,1,1768800181,2026-01-19 00:24:27
4568f854-1268-45cf-bac8-82286ef40ae6,13,2,11,6,1,1768800178,2026-01-19 00:24:27
3db799ba-b574-4e5f-95e5-c767bec2acb6,20,7,13,8,1,1768800177,2026-01-19 00:24:27
66db9e99-0aca-11e7-82f6-3863bb44ef7c,4,3,1,13,1,1768800179,2026-01-19 00:24:27
66dc2c78-0aca-11e7-82f6-3863bb44ef7c,7,0,7,76,1,1768800181,2026-01-19 00:24:27
ec42fb3a-af54-46aa-a8b3-b17d72ed4475,11,3,8,8,1,1768800183,2026-01-19 00:24:27
66dc1d80-0aca-11e7-82f6-3863bb44ef7c,10,4,6,27,1,1768800183,2026-01-19 00:24:27
47da6ab2-c841-4f2d-97ef-dd8d441c96b1,2,1,1,15,1,1768800183,2026-01-19 00:24:27
1859088223746072684,2,1,1,15,1,1768800184,2026-01-19 00:24:27
24509e46-a0de-47e8-ba40-9441da68952a,3,1,1,15,1,1768800184,2026-01-19 00:24:27
1d32e684-602b-46b6-8c96-ab47b57a03f3,2,2,0,20,1,1768800185,2026-01-19 00:24:27
6fb81fda-f0b5-4242-90f9-88d0214feb8d,2,1,1,17,1,1768800185,2026-01-19 00:24:27
bbc3c1df-f7db-4f54-8d5c-b8f4269ecb48,17,14,3,2,1,1768800185,2026-01-19 00:24:27
1937777808143497236,4,3,1,30,1,1768800185,2026-01-19 00:24:27
2637fed8-1e2a-460b-83eb-3eb32ace0f4e,7,5,2,40,1,1768800186,2026-01-19 00:24:27
66dd4c5f-0aca-11e7-82f6-3863bb44ef7c,14,13,1,51,1,1768800186,2026-01-19 00:24:27
481624f3-9377-4dfd-a5dd-de05a7fef760,8,6,2,11,1,1768800184,2026-01-19 00:24:27
66de43a5-0aca-11e7-82f6-3863bb44ef7c,15,3,12,8,1,1768800183,2026-01-19 00:24:27
66dc81ce-0aca-11e7-82f6-3863bb44ef7c,10,6,4,63,1,1768800187,2026-01-19 00:24:27
d73e26de-8534-4b46-a321-3cae295ef9b2,0,0,0,28,1,1768800187,2026-01-19 00:24:27
66de2274-0aca-11e7-82f6-3863bb44ef7c,20,9,11,3,1,1768800187,2026-01-19 00:24:27
7779e057-b33e-46a7-8a1e-8c28bcd9a558,16,4,12,4,1,1768800187,2026-01-19 00:24:27
2c8b263e-952c-4941-a671-ef0ebb062632,15,0,15,3,1,1768800187,2026-01-19 00:24:27
d18512f9-52c8-4175-92b9-b6258dc30748,2,2,0,14,1,1768800187,2026-01-19 00:24:27
e85c3165-ad0a-44a3-9683-d8cf7575f465,18,5,13,9,1,1768800191,2026-01-19 00:24:27
1835246937517543544,17,1,16,2,1,1768800191,2026-01-19 00:24:27
66dc292c-0aca-11e7-82f6-3863bb44ef7c,17,16,1,34,1,1768800191,2026-01-19 00:24:27
1862788202397235246,17,4,13,4,1,1768800191,2026-01-19 00:24:27
66db408f-0aca-11e7-82f6-3863bb44ef7c,34,5,29,0,1,1768800192,2026-01-19 00:24:27
66dcc8b3-0aca-11e7-82f6-3863bb44ef7c,9,4,5,7,1,1768800188,2026-01-19 00:24:27
66dd4d70-0aca-11e7-82f6-3863bb44ef7c,3,2,1,36,1,1768800188,2026-01-19 00:24:27
bacfe3c2-7946-45ed-91f9-f5b91791de75,9,5,4,18,1,1768800190,2026-01-19 00:24:27
6969d756-33a6-4a0b-83d0-3db38bc382d1,28,0,28,2,1,1768800190,2026-01-19 00:24:27
ad57266c-34da-43da-8b48-2ba856002fbf,16,11,5,13,1,1768800190,2026-01-19 00:24:27
1817822909864556798,19,16,3,8,1,1768800189,2026-01-19 00:24:27
1846085734612252774,3,0,3,16,1,1768800189,2026-01-19 00:24:27
b4a320d6-2611-4940-96ca-17fb297ec826,10,0,10,11,1,1768800189,2026-01-19 00:24:27
dad39e68-53f5-47c2-87e2-b1cc0e34f90f,1,1,0,18,1,1768800192,2026-01-19 00:24:27
b713367c-3572-4225-b74a-9319ab537838,2,1,1,17,1,1768800192,2026-01-19 00:24:27
2124037250266884686,7,0,7,3,1,1768800192,2026-01-19 00:24:27
1917312704757770810,15,8,7,21,1,1768800192,2026-01-19 00:24:27
66dbcd6c-0aca-11e7-82f6-3863bb44ef7c,9,7,2,22,1,1768800188,2026-01-19 00:24:27
faf98f78-51ab-4248-b7e7-f402902385a6,1,1,0,17,1,1768800188,2026-01-19 00:24:27
66de1516-0aca-11e7-82f6-3863bb44ef7c,30,5,25,0,1,1768800193,2026-01-19 00:24:27
2124037125711300644,18,10,8,0,1,1768800193,2026-01-19 00:24:27
1828965347681089818,9,2,7,11,1,1768800192,2026-01-19 00:24:27
1862008701134683118,6,1,5,17,1,1768800193,2026-01-19 00:24:27
cb05443c-e68e-48f7-8d17-35353fa19d4d,29,17,12,26,1,1768800193,2026-01-19 00:24:27
8caf71df-76c3-43fb-be98-d555d2291460,18,15,3,3,1,1768800193,2026-01-19 00:24:27
f34ea09d-32f9-492c-9124-99059bc0b5dd,14,1,13,6,1,1768800193,2026-01-19 00:24:27
64f0f28c-bedc-42d5-b107-ecdd48fc30cd,9,7,2,90,1,1768800194,2026-01-19 00:24:27
66dcc0b2-0aca-11e7-82f6-3863bb44ef7c,1,0,1,17,1,1768800193,2026-01-19 00:24:27
84a7baff-415b-4ab9-a859-74c2801483ce,15,0,15,3,1,1768800195,2026-01-19 00:24:27
ca5cc034-a95d-446e-8314-6691589886b1,13,12,1,5,1,1768800195,2026-01-19 00:24:27
7aa86431-bbc5-4d9c-8198-9630c9d32a22,8,1,7,12,1,1768800196,2026-01-19 00:24:27
c190f78c-77ad-469e-aecc-e2af7bb6d92a,18,3,15,5,1,1768800197,2026-01-19 00:24:27
b371c432-b682-412f-9b85-8df84ce7a9f3,0,0,0,19,1,1768800197,2026-01-19 00:24:27
1835618878584115330,21,5,16,2,1,1768800194,2026-01-19 00:24:27
66db75cc-0aca-11e7-82f6-3863bb44ef7c,40,25,15,1,1,1768800194,2026-01-19 00:24:27
1862008939006380034,8,5,3,12,1,1768800198,2026-01-19 00:24:27
038b7369-9c6e-4eb2-8569-f7461443302f,15,1,14,4,1,1768800209,2026-01-19 00:24:27
66de5005-0aca-11e7-82f6-3863bb44ef7c,13,3,10,11,1,1768800209,2026-01-19 00:24:27
1876800925490112950,6,1,5,11,1,1768800209,2026-01-19 00:24:27
c80c55c4-d623-42d7-8acf-6bfa68a84ecb,1,0,1,18,1,1768800209,2026-01-19 00:24:27
66dd1c7f-0aca-11e7-82f6-3863bb44ef7c,9,6,3,40,1,1768800209,2026-01-19 00:24:27
1848241791125254746,17,1,16,0,1,1768800204,2026-01-19 00:24:27
66de0861-0aca-11e7-82f6-3863bb44ef7c,24,23,1,1,1,1768800195,2026-01-19 00:24:27
1862002854876824190,2,0,2,17,1,1768800204,2026-01-19 00:24:27
66dc8db1-0aca-11e7-82f6-3863bb44ef7c,49,1,48,4,1,1768800204,2026-01-19 00:24:27
372c592e-09d8-400c-9595-2aa3510f39b0,1,1,0,22,1,1768800205,2026-01-19 00:24:27
595cf79f-7783-4373-b3d5-775bcf76033b,0,0,0,17,1,1768800205,2026-01-19 00:24:27
c00ef46d-fcde-48e2-afbd-0fb595fe3fa7,30,16,14,0,1,1768800206,2026-01-19 00:24:27
f3782e27-c49a-4ee9-b188-0c13cad54688,9,1,8,10,1,1768800206,2026-01-19 00:24:27
53ef19c6-eaa7-47f7-807e-f51b574b1be0,11,0,11,3,1,1768800208,2026-01-19 00:24:27
1dacb0f6-29f5-4d1b-b910-92ffa5b4ca5d,19,14,5,22,1,1768800208,2026-01-19 00:24:27
475c44e1-31e3-4c60-b071-af2ca3f7618c,2,2,0,19,1,1768800204,2026-01-19 00:24:27
66de4959-0aca-11e7-82f6-3863bb44ef7c,17,6,11,7,1,1768800205,2026-01-19 00:24:27
cd2d9dab-7708-4685-a56f-9412c738de7e,18,1,17,0,1,1768800205,2026-01-19 00:24:27
3eb10c63-ea4c-4161-b07d-a29034f7367a,14,2,12,2,1,1768800205,2026-01-19 00:24:27
d11b9869-8964-4b79-aafc-4b60ad1b44c4,22,11,11,0,1,1768800209,2026-01-19 00:24:27
1854538387432581604,19,1,18,0,1,1768800208,2026-01-19 00:24:27
f401cd5f-cb41-41f8-a857-4a4dfe778f94,24,12,12,1,1,1768800208,2026-01-19 00:24:27
66dc10d1-0aca-11e7-82f6-3863bb44ef7c,26,8,18,16,1,1768800209,2026-01-19 00:24:27
cc5f0e68-dd5f-4db1-81c7-04a4d6674fba,11,0,11,6,1,1768800208,2026-01-19 00:24:27
816e50eb-dc4b-47dc-b773-154e2020cb0d,0,0,0,19,1,1768800207,2026-01-19 00:24:27
1927314940904608224,9,2,7,16,1,1768800207,2026-01-19 00:24:27
4f814d78-5d8d-458b-877e-2ca449b865be,2,1,1,15,1,1768800207,2026-01-19 00:24:27
457ea5d7-d643-4028-87db-46dee0b81555,14,9,5,10,1,1768800207,2026-01-19 00:24:27
18eccc71-66be-4e4c-8335-095a9bf0df94,0,0,0,0,0,1768800217,2026-01-19 00:24:27
b79c8433-9dd1-4d68-9156-7f2c2162bafe,4,2,2,22,1,1768800217,2026-01-19 00:24:27
2124381939991318658,6,5,1,3,1,1768800220,2026-01-19 00:24:27
69f84045-48f9-4c6c-90d3-0503e5ed39e9,4,3,1,19,1,1768800220,2026-01-19 00:24:27
78aabb95-6195-4aa7-ab0d-5748eeb26bd1,13,4,9,17,1,1768800220,2026-01-19 00:24:27
922763d6-d73c-4678-8bcd-f42ee3a236db,15,7,8,3,1,1768800220,2026-01-19 00:24:27
1869753484503987044,3,1,2,14,1,1768800220,2026-01-19 00:24:27
1950648049868542106,7,3,4,16,1,1768800220,2026-01-19 00:24:27
1869753654337059182,16,11,5,4,1,1768800220,2026-01-19 00:24:27
75352ab4-8a31-4926-8b59-048a9e506452,13,2,11,1,1,1768800220,2026-01-19 00:24:27
59af018a-2ee9-489a-b445-bb6fba9c1119,5,2,3,10,1,1768800221,2026-01-19 00:24:27
66dbef15-0aca-11e7-82f6-3863bb44ef7c,41,11,30,10,1,1768800221,2026-01-19 00:24:27
92fc1ad7-0867-4655-b02f-ede65d336b14,4,2,2,14,1,1768800221,2026-01-19 00:24:27
6fd61eee-d0ef-4580-9704-bd06b82bcb61,8,5,3,23,1,1768800221,2026-01-19 00:24:27
1846085439406916338,0,0,0,24,1,1768800221,2026-01-19 00:24:27
1826348248869574940,19,5,14,10,1,1768800221,2026-01-19 00:24:27
d8778570-f7f2-458d-82f5-9ad39210a501,34,26,8,14,1,1768800221,2026-01-19 00:24:27
563389a0-d90f-4155-9c50-528459df26aa,1,0,1,25,1,1768800215,2026-01-19 00:24:27
d470e82e-d109-4e2e-b66a-f5e944cbfe97,21,8,13,0,1,1768800215,2026-01-19 00:24:27
66de0d91-0aca-11e7-82f6-3863bb44ef7c,25,2,23,3,1,1768800215,2026-01-19 00:24:27
b0bac4ef-bb57-4598-a433-75c281170d5b,6,0,6,16,1,1768800215,2026-01-19 00:24:27
c3062f44-c5b9-4650-a4ec-cc66cbf5b944,1,1,0,16,1,1768800216,2026-01-19 00:24:27
e35c42c6-8b73-4528-b08d-c94b75624b40,16,2,14,2,1,1768800216,2026-01-19 00:24:27
2ebbe93b-a013-464a-b4a5-0eba96f89676,16,13,3,3,1,1768800218,2026-01-19 00:24:27
9af90faf-0b9b-451b-9cb0-20ff421ca1d9,3,1,2,22,1,1768800218,2026-01-19 00:24:27
66de677e-0aca-11e7-82f6-3863bb44ef7c,16,6,8,9,1,1768800218,2026-01-19 00:24:27
4d24ab76-2f4a-4004-9fc5-09c00c1d9aa4,19,3,16,8,1,1768800218,2026-01-19 00:24:27
2121032386733337206,12,2,10,3,1,1768800211,2026-01-19 00:24:27
1799624430022654108,20,3,17,0,1,1768800218,2026-01-19 00:24:27
a45a712c-1e3d-4fee-bef8-adafafd80670,2,0,2,16,1,1768800219,2026-01-19 00:24:27
66db4549-0aca-11e7-82f6-3863bb44ef7c,11,9,2,13,1,1768800221,2026-01-19 00:24:27
1965202298784063998,9,4,5,18,1,1768800221,2026-01-19 00:24:27
528ed1e0-75aa-45be-8afe-c3f1c950782f,8,0,8,12,1,1768800221,2026-01-19 00:24:27
2126224996973581072,8,6,2,3,1,1768800222,2026-01-19 00:24:27
99614ecb-2329-49fa-a13a-fa1ef2bb32d6,6,0,6,12,1,1768800218,2026-01-19 00:24:27
2171919049376995084,1,0,1,31,1,1768800218,2026-01-19 00:24:27
fbaffdbd-dab5-4127-9bd5-36bf58093ea8,9,6,3,14,1,1768800218,2026-01-19 00:24:27
2124426307973079924,4,1,3,4,1,1768800218,2026-01-19 00:24:27
5a24acbb-94ef-4cb5-9db8-f6073ac26a2b,4,4,0,16,1,1768800219,2026-01-19 00:24:27
901ad0c4-383e-490a-8b54-0656ce2358d6,14,5,9,3,1,1768800219,2026-01-19 00:24:27
0de1f95f-8b1b-4e5e-9eff-73c63265b0ab,7,1,6,22,1,1768800211,2026-01-19 00:24:27
66de0a78-0aca-11e7-82f6-3863bb44ef7c,15,2,13,1,1,1768800211,2026-01-19 00:24:27
d265dbc7-ef55-4f5b-8a2b-f2015dc71fb8,15,1,14,10,1,1768800212,2026-01-19 00:24:27
1898751402035634700,8,3,5,8,1,1768800211,2026-01-19 00:24:27
bc9c9006-3d40-400d-8b5c-17f56e6dfcee,0,0,0,27,1,1768800211,2026-01-19 00:24:27
66dc3ab9-0aca-11e7-82f6-3863bb44ef7c,46,40,6,17,1,1768800213,2026-01-19 00:24:27
1794852638057746848,21,1,20,0,1,1768800213,2026-01-19 00:24:27
dccaeeb5-c53a-4f48-80e6-05675b71a8c8,14,0,14,14,1,1768800213,2026-01-19 00:24:27
a2cf5872-bd4c-4311-832e-d62fd779ecc3,6,0,6,14,1,1768800213,2026-01-19 00:24:27
1849010133527040242,8,4,4,13,1,1768800214,2026-01-19 00:24:27
e9b3a725-6963-4151-8f7f-9beeb51fa20f,0,0,0,15,1,1768800214,2026-01-19 00:24:27
66de71af-0aca-11e7-82f6-3863bb44ef7c,22,15,7,14,1,1768800214,2026-01-19 00:24:27
1934749166596673908,38,30,8,3,1,1768800212,2026-01-19 00:24:27
7dda8844-60ba-4449-b05c-54c1d14ab5fb,61,42,19,6,1,1768800212,2026-01-19 00:24:27
2126622241630343402,11,7,3,10,1,1768800210,2026-01-19 00:24:27
66dd17a5-0aca-11e7-82f6-3863bb44ef7c,28,5,23,23,1,1768800210,2026-01-19 00:24:27
549b5bc4-b949-4eeb-8ffb-2215e1e49892,31,25,6,23,1,1768800211,2026-01-19 00:24:27
63a838a8-9acf-4ba1-91f5-c676f6ef2f7d,18,10,8,2,1,1768800214,2026-01-19 00:24:27
576abdc1-986e-48b0-bde2-051a13d3ff59,17,11,6,2,1,1768800214,2026-01-19 00:24:27
18415ea7-efce-408d-bcb9-4693fb088dda,17,11,6,17,1,1768800214,2026-01-19 00:24:27
82c85f05-4722-48ae-9f64-0522012eb3c8,4,0,4,21,1,1768800210,2026-01-19 00:24:27
1828968883163894358,13,1,12,6,1,1768800206,2026-01-19 00:24:27
1814901062206225038,6,2,4,13,1,1768800215,2026-01-19 00:24:27
8aad788d-c7eb-4fca-a426-c39f47741a6f,0,0,0,25,1,1768800215,2026-01-19 00:24:27
f8c242cd-da59-4f0e-afd6-832bbdd7d328,17,6,11,3,1,1768800215,2026-01-19 00:24:27
62f8f806-bd04-4282-9c5d-ad4293644e3c,8,1,7,8,1,1768800212,2026-01-19 00:24:27
324e93c8-4f3d-4a5f-becd-00e6f49fe4dd,18,0,18,1,1,1768800225,2026-01-19 00:24:27
8d650b03-920d-4d44-a48f-8d9a1a0ba264,8,1,7,10,1,1768800225,2026-01-19 00:24:27
2546c9b9-5b1a-4e9f-a9cc-f8b986b79748,12,2,10,11,1,1768800225,2026-01-19 00:24:27
1840504138040045682,8,5,3,13,1,1768800225,2026-01-19 00:24:27
9394fb49-583f-4426-8d2f-a2b0ffb584d2,9,4,5,38,1,1768800225,2026-01-19 00:24:27
1b038e21-e199-4c47-bef0-f4bcdc06b73b,41,38,3,0,1,1768800225,2026-01-19 00:24:27
bfe5e69d-89ff-48b3-bf20-80cbdfa443e0,38,19,19,14,1,1768800226,2026-01-19 00:24:27
98ebf9c6-1d94-4e21-9007-c623875fdb5e,13,1,12,3,1,1768800226,2026-01-19 00:24:27
44fa161f-eb62-459b-b53e-da83788cfa2a,1,1,0,26,1,1768800224,2026-01-19 00:24:27
2124035976827702128,4,2,2,7,1,1768800215,2026-01-19 00:24:27
f5393bc2-36d4-4508-bf51-fa48d121f751,17,10,7,7,1,1768800224,2026-01-19 00:24:27
579e583e-60ab-4f2a-83d0-fabebddfcd0f,9,8,1,7,1,1768800224,2026-01-19 00:24:27
1831178352265562334,14,1,13,13,1,1768800224,2026-01-19 00:24:27
7a1ad7c0-4958-4354-91a1-11bf13348abd,13,1,12,3,1,1768800224,2026-01-19 00:24:27
1846086362824884662,24,0,24,0,1,1768800225,2026-01-19 00:24:27
83a5d761-57d0-4cd6-aa2b-7eb350120d99,9,1,8,11,1,1768800222,2026-01-19 00:24:27
d5cabb43-6c78-4022-964e-a8b02470509e,7,0,7,14,1,1768800223,2026-01-19 00:24:27
a2ef8ed2-6031-4049-b7dc-9838ef39889b,13,0,13,2,1,1768800223,2026-01-19 00:24:27
1869743938848725856,87,71,16,4,1,1768800223,2026-01-19 00:24:27
a4d041fd-c5fa-4f52-800c-25d7a661a875,0,0,0,17,1,1768800224,2026-01-19 00:24:27
66dd056e-0aca-11e7-82f6-3863bb44ef7c,2,2,0,14,1,1768800218,2026-01-19 00:24:27
66dde69c-0aca-11e7-82f6-3863bb44ef7c,0,0,0,17,1,1768800226,2026-01-19 00:24:27
66dc840f-0aca-11e7-82f6-3863bb44ef7c,4,4,0,55,1,1768800226,2026-01-19 00:24:27
1795146692060860976,21,8,13,2,1,1768800227,2026-01-19 00:24:27
66de4bbb-0aca-11e7-82f6-3863bb44ef7c,5,2,3,17,1,1768800221,2026-01-19 00:24:27
1bb1af93-b433-4da7-8054-009c85f7755a,3,0,3,16,1,1768800220,2026-01-19 00:24:27
ef6216aa-d3c8-46bb-8c6b-b62f8ba51b16,6,0,6,16,1,1768800216,2026-01-19 00:24:27
1786697771181570266,43,31,12,0,1,1768800222,2026-01-19 00:24:27
1880643645302280466,8,8,0,22,1,1768800222,2026-01-19 00:24:27
1871698223344654662,0,0,0,24,1,1768800222,2026-01-19 00:24:27
66dc0f8a-0aca-11e7-82f6-3863bb44ef7c,35,4,31,20,1,1768800222,2026-01-19 00:24:27
493e046c-5d62-4772-90c4-b6a9f4afcd39,6,4,2,12,1,1768800222,2026-01-19 00:24:27
66de6346-0aca-11e7-82f6-3863bb44ef7c,13,7,6,20,1,1768800223,2026-01-19 00:24:27
ff9581d3-3e1a-463a-bdab-d8150c468be2,4,0,4,27,1,1768800227,2026-01-19 00:24:27
66dc120f-0aca-11e7-82f6-3863bb44ef7c,42,37,5,29,1,1768800228,2026-01-19 00:24:27
66dbe96d-0aca-11e7-82f6-3863bb44ef7c,28,17,11,20,1,1768800227,2026-01-19 00:24:27
2138075988152462096,20,3,17,1,1,1768800227,2026-01-19 00:24:27
5145ad1c-241f-4448-a742-739bd5c518c2,10,4,6,8,1,1768800227,2026-01-19 00:24:27
0fde06c2-632c-46a9-8866-f4e855604f74,43,33,10,22,1,1768800231,2026-01-19 00:24:27
0dd71c6d-11ee-4ad4-ba99-36b9ad36112c,7,1,6,12,1,1768800231,2026-01-19 00:24:27
f9ed9a6b-097e-48b9-a9d1-79d084dcd2d9,3,1,2,12,1,1768800232,2026-01-19 00:24:27
912813fc-fde4-4430-8443-a4fa21477e7f,0,0,0,20,1,1768800232,2026-01-19 00:24:27
66dbcbbc-0aca-11e7-82f6-3863bb44ef7c,52,7,45,21,1,1768800232,2026-01-19 00:24:27
22ab59a8-0af4-4101-9350-a7af88e37c2e,6,0,6,13,1,1768800232,2026-01-19 00:24:27
b4f990dd-36bb-46b3-9eea-4b980bd43c2d,7,5,2,13,1,1768800231,2026-01-19 00:24:27
66de19ab-0aca-11e7-82f6-3863bb44ef7c,11,11,0,19,1,1768800231,2026-01-19 00:24:27
00967b8f-1a4d-4131-a65a-17fa8ca89e28,9,6,3,9,1,1768800231,2026-01-19 00:24:27
12279d2b-29f6-4e02-a7f0-244970f7edd5,9,1,8,17,1,1768800233,2026-01-19 00:24:27
b96507c5-7c90-499d-9c45-58f25d6f636a,1,1,0,19,1,1768800233,2026-01-19 00:24:27
66dcc37f-0aca-11e7-82f6-3863bb44ef7c,4,2,2,17,1,1768800233,2026-01-19 00:24:27
66dc7ba2-0aca-11e7-82f6-3863bb44ef7c,10,7,3,25,1,1768800210,2026-01-19 00:24:27
e9575102-1081-4c30-8d15-ea95913579e2,2,2,0,16,1,1768800233,2026-01-19 00:24:27
1828966626550010820,19,3,16,0,1,1768800233,2026-01-19 00:24:27
19d17911-1e4a-41fa-b62b-719aa0a6182e,34,32,2,4,1,1768800234,2026-01-19 00:24:27
823ef531-40e6-4397-b973-86bf5b032076,14,9,5,9,1,1768800234,2026-01-19 00:24:27
1814906692908349788,12,1,11,11,1,1768800234,2026-01-19 00:24:27
26b3a82b-3487-44c2-85f1-eddb5a8a3a9d,19,0,19,3,1,1768800228,2026-01-19 00:24:27
765ee572-6c7a-4ed3-a2d4-f1496ea53996,19,1,18,2,1,1768800228,2026-01-19 00:24:27
1860189327773878824,19,1,18,2,1,1768800228,2026-01-19 00:24:27
1786700154621508184,7,3,4,21,1,1768800228,2026-01-19 00:24:27
66de17f7-0aca-11e7-82f6-3863bb44ef7c,3,0,3,33,1,1768800228,2026-01-19 00:24:27
e152a2e1-c510-404e-a100-24246bb6cc95,5,4,1,12,1,1768800228,2026-01-19 00:24:27
69717638-5c4a-47a7-bccb-3b42c81eb09f,11,3,8,5,1,1768800229,2026-01-19 00:24:27
eb217a2c-1dd0-4690-a34e-ecc1a708f883,6,2,4,14,1,1768800229,2026-01-19 00:24:27
66dc80b4-0aca-11e7-82f6-3863bb44ef7c,9,7,2,46,1,1768800229,2026-01-19 00:24:27
1960020234227886806,9,9,0,41,1,1768800230,2026-01-19 00:24:27
c8c39d85-4ce7-46c5-b709-998067200780,0,0,0,22,1,1768800230,2026-01-19 00:24:27
66dc1687-0aca-11e7-82f6-3863bb44ef7c,5,2,3,9,1,1768800230,2026-01-19 00:24:27
4c03fa2d-89da-4f0b-8f19-c7de5edbe256,18,2,16,6,1,1768800234,2026-01-19 00:24:27
1835250442210857240,16,1,15,2,1,1768800235,2026-01-19 00:24:27
2124426077519611940,4,4,0,10,1,1768800235,2026-01-19 00:24:27
66de85d2-0aca-11e7-82f6-3863bb44ef7c,34,26,8,6,1,1768800235,2026-01-19 00:24:27
0ddb965d-95ef-4ce3-bde6-81a56ac1fbd2,5,0,5,26,1,1768800235,2026-01-19 00:24:27
66dd5407-0aca-11e7-82f6-3863bb44ef7c,16,6,10,60,1,1768800235,2026-01-19 00:24:27
66de2199-0aca-11e7-82f6-3863bb44ef7c,20,5,15,7,1,1768800235,2026-01-19 00:24:27
66dc17df-0aca-11e7-82f6-3863bb44ef7c,9,7,2,24,1,1768800236,2026-01-19 00:24:27
499e10ad-c008-461e-8cf7-20757218a9cc,2,1,1,19,1,1768800204,2026-01-19 00:24:27
ff745407-c087-4c0d-a965-98baf078f292,16,14,2,7,1,1768800236,2026-01-19 00:24:27
655ad2f2-6bcc-4eee-95a9-4f528c0b81cd,9,3,6,6,1,1768800236,2026-01-19 00:24:27
c71cca54-17f6-42bc-ba94-3f5bd9c70197,38,2,36,4,1,1768800236,2026-01-19 00:24:27
b35ba3c0-d3e8-4b1a-b63b-73a7bb518c9e,5,2,3,14,1,1768800237,2026-01-19 00:24:27
66db9c2e-0aca-11e7-82f6-3863bb44ef7c,13,5,8,26,1,1768800237,2026-01-19 00:24:27
66dce9b5-0aca-11e7-82f6-3863bb44ef7c,6,0,6,26,1,1768800237,2026-01-19 00:24:27
81a98b0b-cfd6-48b4-90bd-806ebbc264a0,4,1,3,12,1,1768800237,2026-01-19 00:24:27
93da4d1b-d574-45b0-85d7-5b82e2887267,17,1,16,4,1,1768800237,2026-01-19 00:24:27
66de205d-0aca-11e7-82f6-3863bb44ef7c,3,2,1,21,1,1768800237,2026-01-19 00:24:27
cbf76774-1276-4cf8-9442-f00571f1451c,33,33,0,0,1,1768800237,2026-01-19 00:24:27
1859808514684217788,3,0,3,18,1,1768800238,2026-01-19 00:24:27
1840540852548303628,3,1,2,15,1,1768800238,2026-01-19 00:24:27
66dea7b5-0aca-11e7-82f6-3863bb44ef7c,4,0,4,35,1,1768800238,2026-01-19 00:24:27
66dbc420-0aca-11e7-82f6-3863bb44ef7c,33,23,10,20,1,1768800238,2026-01-19 00:24:27
66dd4a52-0aca-11e7-82f6-3863bb44ef7c,18,18,0,9,1,1768800238,2026-01-19 00:24:27
66dc3782-0aca-11e7-82f6-3863bb44ef7c,27,13,14,4,1,1768800239,2026-01-19 00:24:27
1975518133370609774,85,72,13,8,1,1768800239,2026-01-19 00:24:27
c602146e-d69d-43b6-9e8f-054c4df5377e,14,3,11,5,1,1768800238,2026-01-19 00:24:27
66dd1d9c-0aca-11e7-82f6-3863bb44ef7c,23,4,19,4,1,1768800239,2026-01-19 00:24:27
1822663031356509142,10,1,9,8,1,1768800237,2026-01-19 00:24:27
c4e9905f-457b-4be0-a878-2aa53fa0b09b,19,7,12,1,1,1768800238,2026-01-19 00:24:27
2126623007192357636,6,0,6,5,1,1768800237,2026-01-19 00:24:27
2124425439157234232,3,1,2,10,1,1768800151,2026-01-19 00:24:27
bcb08532-f0d5-4c0e-ad8a-4ddacc204791,1,1,0,16,1,1768800238,2026-01-19 00:24:27
ab5c5ee6-9c4e-4aaa-a14e-d236d3e01d9a,0,0,0,0,0,86400,2026-01-19 00:24:27
a93cb1ec-fb37-4faf-a7e7-d1e5a9e9af95,0,0,0,0,0,86400,2026-01-19 00:24:27
32c60668-a192-4d06-aa7c-6d6f7aed6b45,0,0,0,0,0,86400,2026-01-19 00:24:27
fd0e86e3-079d-40aa-8231-ec2cbdbd9e7f,0,0,0,0,0,86400,2026-01-19 00:24:27
d67375ea-3f93-4996-b0dc-f542341f2e6a,0,0,0,0,0,86400,2026-01-19 00:24:27
66dccad8-0aca-11e7-82f6-3863bb44ef7c,0,0,0,0,0,86400,2026-01-19 00:24:27
d2024260-cc58-451b-9417-3a695f8a1b34,0,0,0,0,0,1767211364,2026-01-19 00:24:27
2171903221356328154,0,0,0,0,0,86400,2026-01-19 00:24:27
2171903733697659376,0,0,0,0,0,86400,2026-01-19 00:24:27
2171903845366809074,0,0,0,0,0,86400,2026-01-19 00:24:27
06f0d251-e1e3-435c-8c5f-9b991a14ca4a,5,4,1,19,1,1768800126,2026-01-19 00:24:27
ffaa8f6a-a4ea-4d3a-a57c-f42f77cd4581,0,0,0,22,1,1768800127,2026-01-19 00:24:27
1202a491-9f76-4609-9b5c-eb7723ab5b45,13,7,6,5,1,1768800127,2026-01-19 00:24:27
62e2b1dd-ca52-4e1c-a112-1d8846b9d9b5,17,5,12,0,1,1768800128,2026-01-19 00:24:27
1817432954560889524,7,0,7,12,1,1768800128,2026-01-19 00:24:27
66dc9223-0aca-11e7-82f6-3863bb44ef7c,4,1,3,80,1,1768800129,2026-01-19 00:24:27
66dd51e6-0aca-11e7-82f6-3863bb44ef7c,28,16,12,48,1,1768800129,2026-01-19 00:24:27
5e93b806-08e1-4ef9-98ae-d3dda20e0469,16,13,3,4,1,1768800130,2026-01-19 00:24:27
5f968a1b-ee60-43a0-ad25-05211e09e436,7,4,3,13,1,1768800131,2026-01-19 00:24:27
66dce4fc-0aca-11e7-82f6-3863bb44ef7c,6,1,5,20,1,1768800132,2026-01-19 00:24:27
1958457675193833900,11,1,10,9,1,1768800121,2026-01-19 00:24:27
66db5e6a-0aca-11e7-82f6-3863bb44ef7c,3,1,2,15,1,1768800122,2026-01-19 00:24:27
fac701fb-c433-496e-933b-ea137dbe7fe1,4,0,4,13,1,1768800121,2026-01-19 00:24:27
66dc1d0c-0aca-11e7-82f6-3863bb44ef7c,16,16,0,12,1,1768800123,2026-01-19 00:24:27
b9c209b2-6284-4f5a-a32a-680ef9da1c1f,3,3,0,16,1,1768800124,2026-01-19 00:24:27
c0a3b8fe-ba64-4cbb-b010-f760998d6c3a,10,10,0,10,1,1768800125,2026-01-19 00:24:27
c7ffe3fa-9cd6-4d35-9060-7d5822381442,18,13,5,55,1,1768800125,2026-01-19 00:24:27
1871972060496771504,1,1,0,16,1,1768800133,2026-01-19 00:24:27
66de269c-0aca-11e7-82f6-3863bb44ef7c,21,14,7,11,1,1768800133,2026-01-19 00:24:27
b7d7543b-74ac-4a48-a3c4-412f9ffbc727,10,2,8,11,1,1768800134,2026-01-19 00:24:27
66de103b-0aca-11e7-82f6-3863bb44ef7c,20,12,8,1,1,1768800134,2026-01-19 00:24:27
40914c6b-293d-49ac-b83a-d9d4af998aea,0,0,0,18,1,1768800135,2026-01-19 00:24:27
ecbfcdb7-fffc-4d45-bed2-1510fd45834d,8,1,7,9,1,1768800132,2026-01-19 00:24:27
9b4a92ae-cefe-467a-8e35-5ce02d4f3a45,4,1,3,15,1,1768800133,2026-01-19 00:24:27
16a4effc-282e-4053-b47b-31f734d50c08,12,6,6,13,1,1768800135,2026-01-19 00:24:27
1880643915885220532,1,1,0,27,1,1768800136,2026-01-19 00:24:27
33c533cd-5f0e-4c15-a00a-6a2bf1e2d077,42,26,16,21,1,1768800136,2026-01-19 00:24:27
66de4f9c-0aca-11e7-82f6-3863bb44ef7c,29,3,26,0,1,1768800136,2026-01-19 00:24:27
66db479e-0aca-11e7-82f6-3863bb44ef7c,22,5,17,15,1,1768800137,2026-01-19 00:24:27
1859811213834095332,16,0,16,8,1,1768800137,2026-01-19 00:24:27
1882735457106787122,22,14,8,4,1,1768800138,2026-01-19 00:24:27
3299ff79-36aa-42ef-b7f1-c40e95c8f570,21,3,18,22,1,1768800138,2026-01-19 00:24:27
bd30f2a1-38ec-474d-9e36-07f688e87427,14,13,1,2,1,1768800138,2026-01-19 00:24:27
77463580-6421-403d-b170-f2660c216175,2,1,1,22,1,1768800139,2026-01-19 00:24:27
1861680889400379678,13,10,3,3,1,1768800140,2026-01-19 00:24:27
66db4282-0aca-11e7-82f6-3863bb44ef7c,48,23,25,29,1,1768800144,2026-01-19 00:24:27
17ba4945-b202-4667-965f-211d80622646,7,0,7,14,1,1768800143,2026-01-19 00:24:27
66dbcdfc-0aca-11e7-82f6-3863bb44ef7c,0,0,0,57,1,1768800141,2026-01-19 00:24:27
1975559886658995034,1,1,0,23,1,1768800142,2026-01-19 00:24:27
66dd20eb-0aca-11e7-82f6-3863bb44ef7c,31,23,8,3,1,1768800142,2026-01-19 00:24:27
1828969726487003714,7,0,7,9,1,1768800142,2026-01-19 00:24:27
52dd11f4-bbd0-49ab-912b-06fac40d275d,19,6,13,11,1,1768800142,2026-01-19 00:24:27
66de1c33-0aca-11e7-82f6-3863bb44ef7c,34,31,3,12,1,1768800142,2026-01-19 00:24:27
66dca682-0aca-11e7-82f6-3863bb44ef7c,20,15,5,43,1,1768800143,2026-01-19 00:24:27
1854538793462575652,11,4,7,7,1,1768800141,2026-01-19 00:24:27
b7df61c0-8ead-46cb-9d6e-a6a3011ffb71,16,7,9,8,1,1768800150,2026-01-19 00:24:27
66dc1e55-0aca-11e7-82f6-3863bb44ef7c,12,10,2,51,1,1768800150,2026-01-19 00:24:27
fe65853e-b20a-4250-9677-2aa177283b72,7,0,7,12,1,1768800150,2026-01-19 00:24:27
66db269c-0aca-11e7-82f6-3863bb44ef7c,30,24,6,0,1,1768800150,2026-01-19 00:24:27
956de8aa-9e06-4efb-8eb0-35fe9b274a48,18,18,0,0,1,1768800145,2026-01-19 00:24:27
1815968422007427668,7,0,7,11,1,1768800146,2026-01-19 00:24:27
d8e02e7b-632b-4fbe-95b9-80efa47473e3,0,0,0,20,1,1768800145,2026-01-19 00:24:27
66de0bcb-0aca-11e7-82f6-3863bb44ef7c,20,13,7,30,1,1768800145,2026-01-19 00:24:27
9e0b3452-ef6d-4e94-8c05-7bef199cdb74,8,1,7,13,1,1768800147,2026-01-19 00:24:27
66dcca0d-0aca-11e7-82f6-3863bb44ef7c,10,10,0,11,1,1768800147,2026-01-19 00:24:27
a76299eb-73f7-401c-aa8b-edff9ef003bd,24,16,8,17,1,1768800146,2026-01-19 00:24:27
52e81f02-b1f9-45d6-9e5c-e15277de1268,0,0,0,23,1,1768800144,2026-01-19 00:24:27
e666a344-1afb-4512-b2e9-2fc5ed71be2b,10,8,2,10,1,1768800145,2026-01-19 00:24:27
1a5eae13-8f27-4875-8330-a796c95f8ad6,6,4,2,10,1,1768800144,2026-01-19 00:24:27
efa2a82f-eb4a-4b82-a602-6c42cb984101,2,1,1,13,1,1768800149,2026-01-19 00:24:27
fea72f55-d296-47af-9446-149688dcccbd,2,2,0,12,1,1768800147,2026-01-19 00:24:27
1835247469495105628,3,0,3,17,1,1768800154,2026-01-19 00:24:27
b9deb521-41b6-4f8a-ac78-0e58e3977f2c,10,3,7,14,1,1768800154,2026-01-19 00:24:27
66dc48ef-0aca-11e7-82f6-3863bb44ef7c,19,19,0,45,1,1768800157,2026-01-19 00:24:27
66ddbd20-0aca-11e7-82f6-3863bb44ef7c,90,72,18,4,1,1768800157,2026-01-19 00:24:27
66dd243c-0aca-11e7-82f6-3863bb44ef7c,35,5,30,39,1,1768800157,2026-01-19 00:24:27
e6b6c6e2-5fcb-47cd-8f2d-4324b7c977c8,3,2,1,18,1,1768800157,2026-01-19 00:24:27
f72a253f-3cef-4da8-9591-0cbd3a692162,32,27,5,13,1,1768800152,2026-01-19 00:24:27
1945125910957847430,3,1,2,15,1,1768800153,2026-01-19 00:24:27
c9cd8c29-7f0b-4979-9a0e-bec4613d2600,0,0,0,19,1,1768800153,2026-01-19 00:24:27
2142879485385917038,25,14,11,4,1,1768800151,2026-01-19 00:24:27
66dcbf69-0aca-11e7-82f6-3863bb44ef7c,3,3,0,16,1,1768800152,2026-01-19 00:24:27
1786696564295760054,3,2,1,22,1,1768800152,2026-01-19 00:24:27
66dc85bb-0aca-11e7-82f6-3863bb44ef7c,36,30,6,3,1,1768800152,2026-01-19 00:24:27
bb6bba3f-19a0-4ebb-a454-4ac678d9d62d,5,5,0,15,1,1768800152,2026-01-19 00:24:27
1848241425697670086,32,6,26,3,1,1768800156,2026-01-19 00:24:27
c0a2d591-4eed-488b-b88b-0b23990e3756,16,0,16,1,1,1768800156,2026-01-19 00:24:27
7380e377-936d-47d7-8abe-0f666d47465e,5,4,1,15,1,1768800157,2026-01-19 00:24:27
1843486597735840252,14,3,11,8,1,1768800157,2026-01-19 00:24:27
426862de-f8f2-4967-ba41-76680a4b460c,1,0,1,13,1,1768800151,2026-01-19 00:24:27
e1a3f2f9-618f-4727-b2d6-676e02aadf17,15,5,10,4,1,1768800151,2026-01-19 00:24:27
1819720453019329398,6,0,6,15,1,1768800156,2026-01-19 00:24:27
31f340f3-3201-449e-b017-a26813aa448f,0,0,0,19,1,1768800159,2026-01-19 00:24:27
1828964993433043090,13,0,13,5,1,1768800159,2026-01-19 00:24:27
66de1368-0aca-11e7-82f6-3863bb44ef7c,38,9,29,1,1,1768800159,2026-01-19 00:24:27
1864606193814670106,5,0,5,17,1,1768800160,2026-01-19 00:24:27
189f573b-a2d0-40d2-af15-83c5015d93e2,2,2,0,22,1,1768800160,2026-01-19 00:24:27
1838071090619298218,20,12,8,9,1,1768800162,2026-01-19 00:24:27
d52d4171-fd60-4a28-b7e2-89f3693e0591,10,2,8,9,1,1768800162,2026-01-19 00:24:27
760ebaea-f7c7-45ad-aa3b-395d97adcf8f,7,2,5,15,1,1768800162,2026-01-19 00:24:27
a6a132f9-89bf-42a4-afe6-1ca449b7f570,1,1,0,16,1,1768800160,2026-01-19 00:24:27
1834145468418707676,15,1,14,2,1,1768800160,2026-01-19 00:24:27
66ddea2a-0aca-11e7-82f6-3863bb44ef7c,60,22,38,9,1,1768800161,2026-01-19 00:24:27
1838070626762830158,9,3,6,11,1,1768800161,2026-01-19 00:24:27
2009671276352543716,12,9,3,9,1,1768800162,2026-01-19 00:24:27
2098359443836787630,7,7,0,65,1,1768800163,2026-01-19 00:24:27
1856847127505992556,0,0,0,0,0,1768800159,2026-01-19 00:24:27
1843486189591985058,2,0,2,19,1,1768800159,2026-01-19 00:24:27
f752c376-3a6f-4cd3-b9fd-3c049d45a9a6,3,1,2,16,1,1768800158,2026-01-19 00:24:27
1934770108420609000,3,2,1,14,1,1768800158,2026-01-19 00:24:27
eb8fcff2-6f58-4724-b564-ebc9a8d374d8,17,0,17,1,1,1768800158,2026-01-19 00:24:27
467e1de6-73a6-480f-9e83-fd1b03b71047,18,6,12,7,1,1768800158,2026-01-19 00:24:27
e6f3c665-0c87-4f34-a5e8-69baeed7b7bf,4,0,4,16,1,1768800163,2026-01-19 00:24:27
2436e886-dc53-47cb-8733-d663f9dcd922,7,6,1,17,1,1768800160,2026-01-19 00:24:27
66dc22a7-0aca-11e7-82f6-3863bb44ef7c,15,6,9,28,1,1768800168,2026-01-19 00:24:27
b03adb87-2bd9-43a5-a822-7d06a9ee2d81,28,5,23,1,1,1768800169,2026-01-19 00:24:27
66dde3b1-0aca-11e7-82f6-3863bb44ef7c,33,22,11,2,1,1768800163,2026-01-19 00:24:27
1828965887815635862,2,0,2,19,1,1768800164,2026-01-19 00:24:27
66db79a3-0aca-11e7-82f6-3863bb44ef7c,17,14,3,29,1,1768800164,2026-01-19 00:24:27
66dd43bd-0aca-11e7-82f6-3863bb44ef7c,38,34,4,3,1,1768800164,2026-01-19 00:24:27
66dd4bf7-0aca-11e7-82f6-3863bb44ef7c,13,10,3,27,1,1768800170,2026-01-19 00:24:27
1820420022433309054,24,9,15,0,1,1768800165,2026-01-19 00:24:27
1786687245202023014,28,13,15,4,1,1768800164,2026-01-19 00:24:27
1864605659096685518,0,0,0,17,1,1768800165,2026-01-19 00:24:27
66dc8768-0aca-11e7-82f6-3863bb44ef7c,37,24,13,3,1,1768800165,2026-01-19 00:24:27
101c813e-02a8-4b6b-bd5d-981c1ea62019,1,1,0,18,1,1768800167,2026-01-19 00:24:27
ed5c92f1-3293-4385-9e2b-9b716a096a19,28,26,2,34,1,1768800169,2026-01-19 00:24:27
7f6674c4-5568-4766-b172-0385348ae184,0,0,0,16,1,1768800166,2026-01-19 00:24:27
77b21502-a7a2-40b4-8f3e-f9c6c6ef0939,11,0,11,14,1,1768800166,2026-01-19 00:24:27
7cb65297-c880-459a-b054-4e059576c02a,3,0,3,16,1,1768800166,2026-01-19 00:24:27
cc7b86cf-a2fb-4738-b967-de7b197dc930,25,20,5,14,1,1768800167,2026-01-19 00:24:27
8f72fe26-98aa-4e87-a612-9ae0eb1d9a38,16,0,16,3,1,1768800167,2026-01-19 00:24:27
e982e1cb-7e7b-4769-85b8-565925200654,11,6,5,13,1,1768800171,2026-01-19 00:24:27
66dc9143-0aca-11e7-82f6-3863bb44ef7c,15,3,12,15,1,1768800172,2026-01-19 00:24:27
66db46d7-0aca-11e7-82f6-3863bb44ef7c,10,3,7,19,1,1768800171,2026-01-19 00:24:27
cd72b9da-b7c6-4785-92b5-0fb2130f0d7b,1,1,0,21,1,1768800175,2026-01-19 00:24:27
66dcf023-0aca-11e7-82f6-3863bb44ef7c,8,6,2,11,1,1768800175,2026-01-19 00:24:27
868586b3-ddc7-4b4b-9bed-a1e487033aaa,40,6,34,5,1,1768800175,2026-01-19 00:24:27
66dd455e-0aca-11e7-82f6-3863bb44ef7c,30,30,0,7,1,1768800175,2026-01-19 00:24:27
514afe43-84d4-4941-8281-75a93c5cd365,4,1,3,12,1,1768800175,2026-01-19 00:24:27
99142ec8-c0e7-47ca-916c-c1097d48e133,24,8,16,16,1,1768800176,2026-01-19 00:24:27
1849008925260421550,18,7,11,3,1,1768800173,2026-01-19 00:24:27
1851674088959433552,7,2,5,13,1,1768800173,2026-01-19 00:24:27
66dd266a-0aca-11e7-82f6-3863bb44ef7c,18,1,17,13,1,1768800173,2026-01-19 00:24:27
0197e9da-ae03-40a7-8270-fe500bfc9e18,2,2,0,17,1,1768800174,2026-01-19 00:24:27
66db3708-0aca-11e7-82f6-3863bb44ef7c,16,2,14,22,1,1768800174,2026-01-19 00:24:27
0c923abb-298a-4a47-b132-9fae73cc59e6,34,28,6,5,1,1768800172,2026-01-19 00:24:27
66dd4ac1-0aca-11e7-82f6-3863bb44ef7c,3,1,2,34,1,1768800172,2026-01-19 00:24:27
db91c9e0-d80b-4cb4-9cc2-9453ec8fbeac,1,1,0,16,1,1768800173,2026-01-19 00:24:27
0e5be726-2452-42a0-9be8-ea85c8408e4c,10,7,3,10,1,1768800172,2026-01-19 00:24:27
66dbebad-0aca-11e7-82f6-3863bb44ef7c,19,0,19,28,1,1768800173,2026-01-19 00:24:27
1860187430946456420,1,0,1,17,1,1768800178,2026-01-19 00:24:27
66dd18dd-0aca-11e7-82f6-3863bb44ef7c,24,13,11,2,1,1768800178,2026-01-19 00:24:27
bb0ce308-e5d9-48c7-9f4b-cf0120f2c39a,0,0,0,22,1,1768800178,2026-01-19 00:24:27
1877920686883352866,12,1,11,0,1,1768800178,2026-01-19 00:24:27
a82cc641-0926-4a63-b488-7060ab7dcd74,4,1,3,27,1,1768800178,2026-01-19 00:24:27
1820420224296772166,19,9,10,5,1,1768800178,2026-01-19 00:24:27
d837d1b0-8f80-4f6c-ae45-5dd0deec6977,14,3,11,7,1,1768800177,2026-01-19 00:24:27
48e7e465-f861-452a-9bf7-7eacd0b2bcac,18,0,18,1,1,1768800177,2026-01-19 00:24:27
e4980fd0-e540-40ca-acba-c2a74f3294fc,3,2,1,20,1,1768800177,2026-01-19 00:24:27
b319c797-71ff-490c-b965-ba2ac0f50da0,5,5,0,11,1,1768800174,2026-01-19 00:24:27
dccab832-b4a2-4105-927d-b52ec0d92c92,12,3,9,6,1,1768800119,2026-01-19 00:24:27
bc512527-7863-48d5-aea8-3de470abc1ee,6,1,5,12,1,1768800119,2026-01-19 00:24:27
66dd4f31-0aca-11e7-82f6-3863bb44ef7c,4,2,2,29,1,1768800119,2026-01-19 00:24:27
ebce9ecb-9678-4c42-89d7-08e54bc6fe90,3,3,0,15,1,1768800118,2026-01-19 00:24:27
1854255035042870020,11,1,10,7,1,1768800118,2026-01-19 00:24:27
a958a8af-a0cc-4bca-9114-93c74ce3c693,4,4,0,18,1,1768800119,2026-01-19 00:24:27
d08be53f-9691-4d6f-81f3-7d052abb7dd6,2,0,2,15,1,1768800182,2026-01-19 00:24:27
1a083890-e22b-4f81-8d98-567784034916,15,0,15,5,1,1768800182,2026-01-19 00:24:27
f06c01c3-fd7f-443c-a0c7-fc9233d77f6a,6,5,1,17,1,1768800182,2026-01-19 00:24:27
b7c6ce96-a24d-4c1e-93ee-6f49c1adf119,3,0,3,12,1,1768800182,2026-01-19 00:24:27
94771406-6712-4508-9392-11e9d90e1185,16,10,6,1,1,1768800182,2026-01-19 00:24:27
bf317efc-13f1-42be-8243-373a29354033,3,1,2,20,1,1768800182,2026-01-19 00:24:27
0927e331-866f-4d99-99b4-04edde99117a,2,2,0,35,1,1768800182,2026-01-19 00:24:27
d946ce73-5487-4ab7-b429-cf873e9af5b5,10,1,9,9,1,1768800183,2026-01-19 00:24:27
1869753340438110380,6,0,6,13,1,1768800183,2026-01-19 00:24:27
66de1bc3-0aca-11e7-82f6-3863bb44ef7c,6,2,4,51,1,1768800178,2026-01-19 00:24:27
66dc8bfd-0aca-11e7-82f6-3863bb44ef7c,25,6,19,26,1,1768800179,2026-01-19 00:24:27
1849009244468810224,18,1,17,1,1,1768800181,2026-01-19 00:24:27
1817432233006383832,23,2,21,0,1,1768800182,2026-01-19 00:24:27
1814906873296976512,8,1,7,10,1,1768800181,2026-01-19 00:24:27
1861683747231494964,6,5,1,10,1,1768800181,2026-01-19 00:24:27
1841926579628419438,2,1,1,15,1,1768800181,2026-01-19 00:24:27
c56739c2-b310-4d73-ab0e-b6036abd9561,12,0,12,13,1,1768800180,2026-01-19 00:24:27
66dc7de9-0aca-11e7-82f6-3863bb44ef7c,76,54,22,36,1,1768800184,2026-01-19 00:24:27
7f8cb36a-2bf4-4d57-afbd-331310f25355,19,0,19,18,1,1768800184,2026-01-19 00:24:27
36025f2c-ee4d-4c1a-832d-733cf37f98ef,2,0,2,25,1,1768800184,2026-01-19 00:24:27
d11db4cd-f9bf-430b-ac19-104fef323b24,2,2,0,18,1,1768800185,2026-01-19 00:24:27
1835247745828931742,2,1,1,17,1,1768800183,2026-01-19 00:24:27
1947001743402778700,6,1,5,15,1,1768800183,2026-01-19 00:24:27
94bcf812-5cff-460c-841f-54876ed1e7a4,0,0,0,18,1,1768800183,2026-01-19 00:24:27
f882ccc8-45aa-426b-aef6-514fe1d3d9cc,8,2,6,21,1,1768800184,2026-01-19 00:24:27
50575cba-95ac-4134-9da1-3eec8253afc4,17,10,7,20,1,1768800190,2026-01-19 00:24:27
1786697932047949952,6,4,2,16,1,1768800191,2026-01-19 00:24:27
2121032708855884414,7,1,6,5,1,1768800191,2026-01-19 00:24:27
9a37d8a1-990b-484c-9603-262dbd1165cc,5,1,4,13,1,1768800191,2026-01-19 00:24:27
be435dfd-e859-487c-ae32-3d2b76d49a49,11,1,10,4,1,1768800185,2026-01-19 00:24:27
923a60f7-2a0e-4a31-8dd5-66c8518c929e,12,9,3,7,1,1768800185,2026-01-19 00:24:27
a23a40c3-6da5-4b0f-bb6b-8bfc01ec2261,12,3,9,7,1,1768800185,2026-01-19 00:24:27
6908ae75-b9a1-4f20-b192-95dc43e858a8,3,2,1,14,1,1768800185,2026-01-19 00:24:27
a70b26b7-fbad-4787-bf15-29f7b13a19ab,6,2,4,13,1,1768800189,2026-01-19 00:24:27
1860189190334925058,2,0,2,19,1,1768800189,2026-01-19 00:24:27
66db9cc4-0aca-11e7-82f6-3863bb44ef7c,12,1,11,25,1,1768800189,2026-01-19 00:24:27
3f031133-ec95-4a92-9d63-2ae28183f498,13,10,3,6,1,1768800189,2026-01-19 00:24:27
bb07a569-cc74-439e-b424-916c0304f136,10,2,8,16,1,1768800189,2026-01-19 00:24:27
1849009534951225816,7,0,7,10,1,1768800186,2026-01-19 00:24:27
9991b75b-a9ba-4abc-bf84-0108291be05a,10,3,7,14,1,1768800186,2026-01-19 00:24:27
66dde208-0aca-11e7-82f6-3863bb44ef7c,38,38,0,1,1,1768800186,2026-01-19 00:24:27
66dc3f08-0aca-11e7-82f6-3863bb44ef7c,99,82,17,1,1,1768800180,2026-01-19 00:24:27
9b7e3b8b-97ef-4038-820c-7cd1c1a34fc7,11,1,10,13,1,1768800180,2026-01-19 00:24:27
03872f6b-a522-4c41-a4f2-5d0c41779e7b,0,0,0,18,1,1768800180,2026-01-19 00:24:27
66dc481a-0aca-11e7-82f6-3863bb44ef7c,67,29,38,3,1,1768800181,2026-01-19 00:24:27
785b3e6b-dab5-4d25-afab-e2a1ef918669,17,0,17,9,1,1768800181,2026-01-19 00:24:27
66de1f7f-0aca-11e7-82f6-3863bb44ef7c,9,1,8,20,1,1768800189,2026-01-19 00:24:27
1860188069348460678,20,0,20,0,1,1768800208,2026-01-19 00:24:27
b47e5ffd-4215-4476-a89b-ebe52111f763,23,3,20,16,1,1768800208,2026-01-19 00:24:27
2868db5b-df51-4c36-8515-ef77a5b092c2,18,2,16,0,1,1768800208,2026-01-19 00:24:27
1875023224873448258,8,0,8,12,1,1768800208,2026-01-19 00:24:27
380394f7-64fa-4a65-a4d1-7bcaddd41fab,16,10,6,4,1,1768800208,2026-01-19 00:24:27
9719498d-bd5c-4424-86ac-dfe0795c57d1,6,1,5,15,1,1768800209,2026-01-19 00:24:27
c45aa693-fedd-478f-ade9-bf176c4e32ff,7,7,0,13,1,1768800205,2026-01-19 00:24:27
a90e9ad3-4347-4fa4-b031-9bf1f69ce049,2,1,1,17,1,1768800205,2026-01-19 00:24:27
22e38a04-e70d-4484-bbf3-f6e8c64fdbd4,4,2,2,16,1,1768800205,2026-01-19 00:24:27
66dcccfe-0aca-11e7-82f6-3863bb44ef7c,4,0,4,9,1,1768800206,2026-01-19 00:24:27
4d4a3e7b-1005-4bfd-8680-340a20cacbee,11,0,11,10,1,1768800206,2026-01-19 00:24:27
66de542a-0aca-11e7-82f6-3863bb44ef7c,36,0,36,8,1,1768800206,2026-01-19 00:24:27
6ae35aa8-644e-4b2c-b6a4-6570192f78ab,15,1,14,12,1,1768800204,2026-01-19 00:24:27
cf284d60-23e7-49ec-91dc-8bfedb59cb6a,18,1,17,1,1,1768800204,2026-01-19 00:24:27
4168e5a4-c7ec-4045-bfc8-84ac5edbe845,40,30,10,2,1,1768800204,2026-01-19 00:24:27
2bf9addc-038b-48fe-8794-dde085c5e5dc,11,0,11,37,1,1768800207,2026-01-19 00:24:27
ddc8ca6c-dceb-4603-ab1e-4bd972ca2a3d,5,0,5,12,1,1768800207,2026-01-19 00:24:27
b1e496f1-43cf-48d0-be49-ab0d760c00bf,4,3,1,23,1,1768800206,2026-01-19 00:24:27
81a34754-ae08-47a6-964d-4733849a8fab,6,3,3,22,1,1768800206,2026-01-19 00:24:27
01839a78-f228-4706-8f7f-147b857492f2,1,1,0,19,1,1768800204,2026-01-19 00:24:27
2cd651e7-1e3a-4cd9-8fd1-a2416e032f6e,2,2,0,20,1,1768800205,2026-01-19 00:24:27
2126623199408050430,11,3,8,5,1,1768800207,2026-01-19 00:24:27
c8060816-b4aa-4fd9-bc66-af28bf61dc87,0,0,0,21,1,1768800208,2026-01-19 00:24:27
1786697528321024934,32,0,32,8,1,1768800226,2026-01-19 00:24:27
1862759079900600428,1,0,1,17,1,1768800226,2026-01-19 00:24:27
1836581441921155232,4,1,3,13,1,1768800227,2026-01-19 00:24:27
e72f0aec-2293-4636-988c-b9d30df092f8,39,32,7,4,1,1768800226,2026-01-19 00:24:27
e6c2a46e-431a-4101-af84-870f660ff4cb,8,5,3,57,1,1768800227,2026-01-19 00:24:27
18326827-dcae-47e0-8518-c4bb9e21eef6,32,1,31,2,1,1768800227,2026-01-19 00:24:27
66db631c-0aca-11e7-82f6-3863bb44ef7c,56,39,16,15,1,1768800227,2026-01-19 00:24:27
66db6889-0aca-11e7-82f6-3863bb44ef7c,18,14,4,14,1,1768800228,2026-01-19 00:24:27
55ccb271-7035-422e-bee1-20e84caa0217,40,10,30,8,1,1768800228,2026-01-19 00:24:27
1846085533896197012,21,1,20,1,1,1768800228,2026-01-19 00:24:27
0eacb768-c7d5-4499-9182-9a1331d9280c,27,0,27,1,1,1768800228,2026-01-19 00:24:27
1845677022981917240,14,4,10,4,1,1768800228,2026-01-19 00:24:27
1814900898997467540,9,1,8,11,1,1768800228,2026-01-19 00:24:27
7a15d81b-357e-42e0-b208-93ffd562fd63,2,0,2,24,1,1768800228,2026-01-19 00:24:27
54782566-697b-497e-a503-dc1f39963eb2,6,4,2,19,1,1768800222,2026-01-19 00:24:27
8f672aa7-08a1-4fe2-a471-06f219c0eb1b,2,0,2,15,1,1768800222,2026-01-19 00:24:27
d1c204d7-d575-417d-b134-6ebdf7e99f98,11,8,3,10,1,1768800223,2026-01-19 00:24:27
9d23b0e9-a478-407c-a0e0-0aff1b0398fc,6,5,1,14,1,1768800222,2026-01-19 00:24:27
66dc741f-0aca-11e7-82f6-3863bb44ef7c,59,45,14,5,1,1768800225,2026-01-19 00:24:27
80969478-8dbc-42e1-8e16-ac0132a431c2,24,4,20,3,1,1768800225,2026-01-19 00:24:27
79399e32-a6c6-4732-8ad4-9f9140a86b21,8,0,8,11,1,1768800226,2026-01-19 00:24:27
2111353842893366258,31,29,2,3,1,1768800226,2026-01-19 00:24:27
2126579619522812246,11,2,9,0,1,1768800190,2026-01-19 00:24:27
2121032973750651666,4,1,3,9,1,1768800158,2026-01-19 00:24:27
2132211694027383298,12,7,5,2,1,1768800223,2026-01-19 00:24:27
66db3997-0aca-11e7-82f6-3863bb44ef7c,23,14,9,55,1,1768800224,2026-01-19 00:24:27
66dbcf18-0aca-11e7-82f6-3863bb44ef7c,64,14,50,8,1,1768800224,2026-01-19 00:24:27
94624d6e-4150-4ab1-92ff-bf55cb58ab61,0,0,0,18,1,1768800224,2026-01-19 00:24:27
8d2eff37-be09-4b46-a95d-abff89e16d56,8,0,8,9,1,1768800224,2026-01-19 00:24:27
2121032507515216178,7,1,6,3,1,1768800225,2026-01-19 00:24:27
1815967674683118258,21,0,21,2,1,1768800225,2026-01-19 00:24:27
66de3fde-0aca-11e7-82f6-3863bb44ef7c,0,0,0,24,1,1768800225,2026-01-19 00:24:27
398aa734-3893-4dba-a704-57ae8632c4f9,2,2,0,18,1,1768800229,2026-01-19 00:24:27
3ff00115-e8da-4326-97d3-7bf4fe4df7a5,0,0,0,18,1,1768800229,2026-01-19 00:24:27
1854537815365165328,0,0,0,19,1,1768800228,2026-01-19 00:24:27
2010065065442370322,1,1,0,25,1,1768800228,2026-01-19 00:24:27
66dc7659-0aca-11e7-82f6-3863bb44ef7c,53,39,14,65,1,1768800228,2026-01-19 00:24:27
1815967051912860522,24,0,24,5,1,1768800226,2026-01-19 00:24:27
1880643497376459348,2,0,2,24,1,1768800223,2026-01-19 00:24:27
2104278402820534724,27,4,23,15,1,1768800230,2026-01-19 00:24:27
66dc24b8-0aca-11e7-82f6-3863bb44ef7c,63,11,52,6,1,1768800230,2026-01-19 00:24:27
35b8b636-18d3-4860-b0a9-39c0bce96a10,12,1,11,16,1,1768800230,2026-01-19 00:24:27
6a52ceae-3b97-487a-9438-de844bfbf1c2,2,0,2,16,1,1768800230,2026-01-19 00:24:27
66ddef96-0aca-11e7-82f6-3863bb44ef7c,32,7,25,12,1,1768800230,2026-01-19 00:24:27
1198e739-787c-4ce4-aa63-ffaf98506e9c,1,1,0,63,1,1768800230,2026-01-19 00:24:27
1814900752968579218,14,0,14,6,1,1768800231,2026-01-19 00:24:27
1804894168423871442,20,8,12,5,1,1768800235,2026-01-19 00:24:27
14f928c6-9a51-40a2-b7e6-a74e8b351dbf,12,2,10,11,1,1768800235,2026-01-19 00:24:27
4f57360d-a4cb-4568-b74a-f3086ccaee2e,5,1,4,10,1,1768800235,2026-01-19 00:24:27
4753c893-e4bd-4d6a-bc4d-42209a19ebeb,1,1,0,16,1,1768800235,2026-01-19 00:24:27
c29c9178-bcb1-4c0c-b789-f4a89512a4e4,1,0,1,18,1,1768800236,2026-01-19 00:24:27
1848241963446241866,19,11,8,1,1,1768800233,2026-01-19 00:24:27
66db7a0d-0aca-11e7-82f6-3863bb44ef7c,43,19,24,10,1,1768800233,2026-01-19 00:24:27
66dc90d5-0aca-11e7-82f6-3863bb44ef7c,29,12,17,5,1,1768800234,2026-01-19 00:24:27
1893519215751496610,31,0,31,0,1,1768800234,2026-01-19 00:24:27
b930dd82-92d0-4d86-b896-7d8b827c2d5f,4,4,0,13,1,1768800234,2026-01-19 00:24:27
5600446d-a00a-45e6-9dc3-550adfd63e39,4,4,0,14,1,1768800233,2026-01-19 00:24:27
1877653505745721834,6,6,0,11,1,1768800234,2026-01-19 00:24:27
1814907062275537820,16,6,10,11,1,1768800234,2026-01-19 00:24:27
999865d2-0735-4e85-a9d4-00810231530e,8,3,5,13,1,1768800234,2026-01-19 00:24:27
66dd3fc3-0aca-11e7-82f6-3863bb44ef7c,20,15,5,18,1,1768800234,2026-01-19 00:24:27
66de59bd-0aca-11e7-82f6-3863bb44ef7c,18,2,16,3,1,1768800234,2026-01-19 00:24:27
8a13182a-4823-4fe7-afcd-a4ef0b134ed9,2,0,2,13,1,1768800234,2026-01-19 00:24:27
a37bd0e0-d1e9-4302-9ff7-286e415aff1c,15,7,8,2,1,1768800234,2026-01-19 00:24:27
f54ad1f8-fe58-49ac-82ae-b742aec66829,29,24,5,47,1,1768800231,2026-01-19 00:24:27
c042a307-2d7d-4ee9-95b7-a7505a3428c2,13,11,2,22,1,1768800231,2026-01-19 00:24:27
145bbc0d-8976-45ae-9565-158ba564d3d1,20,7,13,5,1,1768800231,2026-01-19 00:24:27
66db8ca4-0aca-11e7-82f6-3863bb44ef7c,44,33,10,18,1,1768800231,2026-01-19 00:24:27
1786697166576476490,40,23,17,5,1,1768800231,2026-01-19 00:24:27
daefc84c-1b16-4220-8e1f-10ea4866fdc7,23,13,10,85,1,1768800233,2026-01-19 00:24:27
3f878b81-324e-4673-9221-43d34647e76f,14,0,14,1,1,1768800232,2026-01-19 00:24:27
4a4c7548-2466-48ef-8d7e-0aa4d6acb69e,3,2,1,15,1,1768800232,2026-01-19 00:24:27
17aba164-9d41-4336-9767-2218b8994ded,5,0,5,15,1,1768800232,2026-01-19 00:24:27
85ba92ab-8d0a-4d17-9d07-0173e16d3b6d,5,3,2,12,1,1768800232,2026-01-19 00:24:27
66de88d7-0aca-11e7-82f6-3863bb44ef7c,41,33,8,5,1,1768800235,2026-01-19 00:24:27
66db65aa-0aca-11e7-82f6-3863bb44ef7c,33,20,13,63,1,1768800235,2026-01-19 00:24:27
5f7ac86c-1a98-4603-8749-4bb83ac84acd,45,36,9,5,1,1768800186,2026-01-19 00:24:27
c530a1cb-7c60-4651-be8a-9bfa5eb43f8a,11,2,9,20,1,1768800186,2026-01-19 00:24:27
66db6da2-0aca-11e7-82f6-3863bb44ef7c,47,39,8,1,1,1768800187,2026-01-19 00:24:27
5d994b32-b7a5-450d-9bbb-93bf3b03e6d5,2,0,2,15,1,1768800187,2026-01-19 00:24:27
55146e49-9bc4-4f13-bdf7-25422342b638,0,0,0,16,1,1768800187,2026-01-19 00:24:27
6651fc84-09d1-4cdb-a8d5-7d6345fb3466,15,3,12,0,1,1768800193,2026-01-19 00:24:27
15e1568b-f502-47a2-9d3d-b5aaa1edc239,2,1,1,16,1,1768800193,2026-01-19 00:24:27
66db89a3-0aca-11e7-82f6-3863bb44ef7c,65,10,55,3,1,1768800193,2026-01-19 00:24:27
40eaa69a-d3ab-48fc-b395-b5bdc6a1aa85,3,0,3,18,1,1768800193,2026-01-19 00:24:27
3db2fa34-0b56-4644-9ae9-bbee1583e717,5,0,5,16,1,1768800192,2026-01-19 00:24:27
1786699974232881542,4,0,4,16,1,1768800195,2026-01-19 00:24:27
1906951766876655628,4,2,2,24,1,1768800195,2026-01-19 00:24:27
1833865926273309136,18,15,3,43,1,1768800196,2026-01-19 00:24:27
fec4aa1b-9fc1-4dd9-ab39-c1d7370a6e54,10,4,6,11,1,1768800187,2026-01-19 00:24:27
7f1b4c40-d9fa-4182-be0e-a993655cfb6f,18,9,9,0,1,1768800188,2026-01-19 00:24:27
66dc82ef-0aca-11e7-82f6-3863bb44ef7c,10,5,5,51,1,1768800193,2026-01-19 00:24:27
66dd23a9-0aca-11e7-82f6-3863bb44ef7c,22,19,3,5,1,1768800194,2026-01-19 00:24:27
1885718199416500650,10,2,8,13,1,1768800194,2026-01-19 00:24:27
711ccb32-e1bc-4577-ac7b-50592cc9b8a0,17,3,14,6,1,1768800194,2026-01-19 00:24:27
0cc38ba1-4625-4821-9a6f-e490525cbce2,7,7,0,13,1,1768800194,2026-01-19 00:24:27
66db3f62-0aca-11e7-82f6-3863bb44ef7c,31,0,31,22,1,1768800197,2026-01-19 00:24:27
9ac5758f-0419-4e28-8387-6bcd28db17fa,8,5,3,9,1,1768800197,2026-01-19 00:24:27
66dc9068-0aca-11e7-82f6-3863bb44ef7c,15,7,8,57,1,1768800197,2026-01-19 00:24:27
2e5cde21-f0a2-4396-899e-6df275e99212,1,1,0,16,1,1768800197,2026-01-19 00:24:27
774c5443-d463-42b3-bfc5-b0ab3c56fe35,23,17,6,7,1,1768800196,2026-01-19 00:24:27
1908785111291682996,8,5,3,11,1,1768800196,2026-01-19 00:24:27
2121032193446634360,2,0,2,7,1,1768800147,2026-01-19 00:24:27
66dbca0f-0aca-11e7-82f6-3863bb44ef7c,19,16,3,34,1,1768800197,2026-01-19 00:24:27
1828967346753327602,7,2,5,9,1,1768800196,2026-01-19 00:24:27
1846086463217404850,21,10,11,2,1,1768800197,2026-01-19 00:24:27
852218fc-5e5b-4153-bc3f-03760b57e68a,6,0,6,15,1,1768800193,2026-01-19 00:24:27
1838685618105506490,0,0,0,18,1,1768800193,2026-01-19 00:24:27
c37931bb-8571-4671-a9a8-f3cf23897680,39,0,39,53,1,1768800193,2026-01-19 00:24:27
d7f55e1b-12db-49d1-9cd8-4fb464745841,14,3,11,12,1,1768800216,2026-01-19 00:24:27
66de110b-0aca-11e7-82f6-3863bb44ef7c,21,10,11,17,1,1768800216,2026-01-19 00:24:27
330ee4e3-29cb-48e5-845f-a8ccf1aa2ce6,2,1,1,25,1,1768800216,2026-01-19 00:24:27
66db33fc-0aca-11e7-82f6-3863bb44ef7c,20,13,7,45,1,1768800216,2026-01-19 00:24:27
66dc0bbd-0aca-11e7-82f6-3863bb44ef7c,23,6,17,14,1,1768800216,2026-01-19 00:24:27
d0b87aa7-7e19-40d2-8f7d-6a622e6ac391,4,0,4,20,1,1768800216,2026-01-19 00:24:27
66dcf640-0aca-11e7-82f6-3863bb44ef7c,16,5,11,8,1,1768800218,2026-01-19 00:24:27
66dd2786-0aca-11e7-82f6-3863bb44ef7c,22,6,16,2,1,1768800219,2026-01-19 00:24:27
3bf69f3e-23f6-4abe-b5fe-dabe6b0ea066,15,12,3,7,1,1768800219,2026-01-19 00:24:27
46dca5c6-7bd3-4a4f-aa1e-33aa66652294,16,7,9,11,1,1768800219,2026-01-19 00:24:27
65a1b09d-560d-46bf-8f5d-7f59471a587e,10,7,3,11,1,1768800220,2026-01-19 00:24:27
2121033322026834516,11,2,9,2,1,1768800220,2026-01-19 00:24:27
1817431953833509324,13,5,8,5,1,1768800220,2026-01-19 00:24:27
9c2a741d-7f3e-4aa1-b58b-db5c3e6bcb20,1,0,1,27,1,1768800220,2026-01-19 00:24:27
a724eb92-55ca-4b9f-9a87-c2e87b3cbd40,0,0,0,16,1,1768800220,2026-01-19 00:24:27
66db3ba0-0aca-11e7-82f6-3863bb44ef7c,57,51,6,15,1,1768800220,2026-01-19 00:24:27
bdcbd89b-9ae0-461b-aa1d-7db7ead07400,22,2,20,3,1,1768800220,2026-01-19 00:24:27
2124426189188761638,8,8,0,0,1,1768800220,2026-01-19 00:24:27
2123939659270367896,5,0,5,8,1,1768800221,2026-01-19 00:24:27
bde94a25-6089-4490-af3a-8cc5702230b8,94,77,17,3,1,1768800218,2026-01-19 00:24:27
66db2e3a-0aca-11e7-82f6-3863bb44ef7c,51,45,6,0,1,1768800218,2026-01-19 00:24:27
d9bc0b3e-1af8-4cb6-a082-8ef1245ef329,4,2,2,21,1,1768800221,2026-01-19 00:24:27
1834145868297717964,6,0,6,12,1,1768800221,2026-01-19 00:24:27
e10a6e12-d98c-4625-940a-9f83d9b2f6c4,15,0,15,6,1,1768800221,2026-01-19 00:24:27
1813395029173762108,40,39,1,2,1,1768800221,2026-01-19 00:24:27
4d674595-187c-417c-a691-676c4446c9fc,9,3,6,13,1,1768800221,2026-01-19 00:24:27
2121032035614514006,12,0,12,1,1,1768800217,2026-01-19 00:24:27
679dcf08-d88c-4d1b-b81d-fe9f4aabbff7,7,0,7,16,1,1768800217,2026-01-19 00:24:27
5eac53d0-5510-441a-9dbb-76bd38acf4ef,2,1,1,14,1,1768800217,2026-01-19 00:24:27
1786375597504305174,34,14,20,5,1,1768800217,2026-01-19 00:24:27
ace80a8c-6196-484e-8dd0-061e3c90389b,2,1,1,27,1,1768800216,2026-01-19 00:24:27
afd76a0e-ceb8-4d18-a427-b378c4d07a75,11,0,11,18,1,1768800189,2026-01-19 00:24:27
39f756c2-3904-463e-95a8-8d8e3540e845,63,39,24,4,1,1768800189,2026-01-19 00:24:27
a1112e04-bc50-4782-b3d6-bb5902c0e8db,3,3,0,18,1,1768800190,2026-01-19 00:24:27
2127386600787000162,0,0,0,23,1,1768800190,2026-01-19 00:24:27
1827839088308194240,87,79,8,29,1,1768800190,2026-01-19 00:24:27
514f3dda-4d08-464c-b2d4-5706d400065a,5,3,2,12,1,1768800199,2026-01-19 00:24:27
7a771842-c090-4da1-8c13-72b7f4f50a87,27,15,12,7,1,1768800199,2026-01-19 00:24:27
1860188607062574024,3,1,2,15,1,1768800199,2026-01-19 00:24:27
66dea52b-0aca-11e7-82f6-3863bb44ef7c,0,0,0,18,1,1768800200,2026-01-19 00:24:27
ea9a19a6-acea-4286-a723-b5481c90a3c0,23,2,21,2,1,1768800201,2026-01-19 00:24:27
989fdf95-cfb9-475c-ba0c-3152fd3a16e0,19,16,3,1,1,1768800201,2026-01-19 00:24:27
92a51669-deec-45a9-8494-fafdf6356c51,7,0,7,25,1,1768800201,2026-01-19 00:24:27
1851254360969534132,1,1,0,22,1,1768800198,2026-01-19 00:24:27
66dbf062-0aca-11e7-82f6-3863bb44ef7c,25,11,14,17,1,1768800199,2026-01-19 00:24:27
8456b63c-37c6-49a6-8c02-bb6dcfc35041,16,13,3,6,1,1768800202,2026-01-19 00:24:27
753591ba-36f7-4ded-ab7d-40df9994a05f,3,2,1,21,1,1768800200,2026-01-19 00:24:27
7f3aa940-18ef-4900-89dc-cdb05f693f31,6,3,3,13,1,1768800203,2026-01-19 00:24:27
1876864480506022446,19,2,17,5,1,1768800203,2026-01-19 00:24:27
9b721468-3b28-429d-9e13-580cdf00a6a4,20,8,12,3,1,1768800210,2026-01-19 00:24:27
66db6d40-0aca-11e7-82f6-3863bb44ef7c,62,52,9,3,1,1768800210,2026-01-19 00:24:27
5f2766b0-362e-49e5-ab09-05e2c4b6f626,0,0,0,18,1,1768800210,2026-01-19 00:24:27
0ebdda6a-37e4-4ff4-94e8-3947f49d8e24,1,0,1,20,1,1768800211,2026-01-19 00:24:27
8e631be4-1e0c-4627-a261-18f0003d0ba2,5,4,1,31,1,1768800211,2026-01-19 00:24:27
1843486390605672640,1,1,0,24,1,1768800211,2026-01-19 00:24:27
ffef95fa-600b-4f08-b2ce-e8eb034ebfd8,20,20,0,11,1,1768800211,2026-01-19 00:24:27
2b33334b-243c-4a16-a6d2-32304c8884f1,7,7,0,13,1,1768800211,2026-01-19 00:24:27
b30815c0-99b6-451b-be15-902992cb8abb,58,56,2,0,1,1768800211,2026-01-19 00:24:27
ccaadb70-6c87-4ccc-9914-a3167bd1bc0e,2,1,1,28,1,1768800211,2026-01-19 00:24:27
f3b359e2-7983-4aaf-b6b0-e3b7d30816a4,15,5,10,0,1,1768800211,2026-01-19 00:24:27
9e014047-d675-418b-a03c-84d974a25134,1,1,0,29,1,1768800211,2026-01-19 00:24:27
1887292564377354448,5,3,2,25,1,1768800211,2026-01-19 00:24:27
1843486667668726558,24,1,23,1,1,1768800212,2026-01-19 00:24:27
1865017865553426604,11,1,10,6,1,1768800212,2026-01-19 00:24:27
aa0e6301-4162-428d-8943-7b684089b0d1,8,2,6,10,1,1768800212,2026-01-19 00:24:27
1838618090943186984,19,0,19,4,1,1768800213,2026-01-19 00:24:27
66de44ba-0aca-11e7-82f6-3863bb44ef7c,33,17,16,4,1,1768800213,2026-01-19 00:24:27
324af152-33ea-48a7-8bb0-ad8b6f31571f,37,6,31,8,1,1768800214,2026-01-19 00:24:27
29223935-a682-411c-9f25-577bbb9804fc,17,0,17,1,1,1768800214,2026-01-19 00:24:27
66ddb6d9-0aca-11e7-82f6-3863bb44ef7c,60,26,34,4,1,1768800214,2026-01-19 00:24:27
4775fd25-2240-44d7-884a-d777d15a9b5e,10,8,2,10,1,1768800214,2026-01-19 00:24:27
8f1fdf4b-ecca-4f03-b04c-e10fe596e2c7,1,0,1,24,1,1768800209,2026-01-19 00:24:27
199ea9dd-8f7e-4e05-a730-55edaacd8787,25,10,15,30,1,1768800209,2026-01-19 00:24:27
02fb0f6a-b1dc-4e1c-97f8-fe70462670a3,26,4,22,2,1,1768800214,2026-01-19 00:24:27
2123939077451327830,8,4,4,4,1,1768800214,2026-01-19 00:24:27
8ef6ec7d-e898-4edc-8f3f-af888f8c5ef4,7,1,6,18,1,1768800215,2026-01-19 00:24:27
2124425670552673214,2,0,2,12,1,1768800184,2026-01-19 00:24:27
1898455214498195676,2,2,0,16,1,1768800215,2026-01-19 00:24:27
68827e5f-ed28-45de-99bf-66093a8c504f,12,9,3,9,1,1768800215,2026-01-19 00:24:27
0cde9bcd-0dcb-45dc-9c9a-3e5485b5452e,0,0,0,19,1,1768800215,2026-01-19 00:24:27
48b19cc8-bf45-4602-89ac-a8c0a0560c43,9,0,9,10,1,1768800212,2026-01-19 00:24:27
64de0666-b9ab-404e-a16b-03e449bb5b4d,10,9,1,10,1,1768800212,2026-01-19 00:24:27
2018303498843153278,23,12,11,1,1,1768800213,2026-01-19 00:24:27
fb180cce-96ee-4e66-b3ce-000f3db6e670,3,2,0,24,1,1768800213,2026-01-19 00:24:27
c4d6b123-df5a-446d-b0ae-d3c4846565d5,4,0,4,18,1,1768800213,2026-01-19 00:24:27
87091002-cc25-452a-b5d9-f8d0c3fce422,5,2,3,18,1,1768800210,2026-01-19 00:24:27
e73cf71b-db05-44f9-b57a-689d65320d68,3,2,1,25,1,1768800209,2026-01-19 00:24:27
2124037656159914878,3,1,2,7,1,1768800210,2026-01-19 00:24:27
b64eb0a5-d6d4-4f45-8c9a-e2d004819c99,17,9,8,1,1,1768800212,2026-01-19 00:24:27
81640d04-c36a-4fb1-98b0-85be10be516c,7,3,4,13,1,1768800212,2026-01-19 00:24:27
dadd2084-d844-46f5-b7a4-128d31eeba8e,0,0,0,18,1,1768800214,2026-01-19 00:24:27
4543214c-c9d4-4f20-9cd9-dd05cc365931,45,29,16,2,1,1768800236,2026-01-19 00:24:27
c02864f0-2611-440b-98f4-45fddfd545fe,21,3,18,1,1,1768800236,2026-01-19 00:24:27
e2fc6d90-8deb-4e21-961d-9d5208c1f986,18,17,1,14,1,1768800236,2026-01-19 00:24:27
66dc864c-0aca-11e7-82f6-3863bb44ef7c,9,8,1,19,1,1768800236,2026-01-19 00:24:27
7d9a1b9e-0123-4561-a111-b3735fada687,5,0,5,17,1,1768800237,2026-01-19 00:24:27
6ca15d94-897a-4c81-ab47-366829afb7c4,1,1,0,20,1,1768800237,2026-01-19 00:24:27
01b7973e-c92e-4fbe-890e-2c24de33ce0e,9,2,7,7,1,1768800238,2026-01-19 00:24:27
1945126257666675246,4,4,0,16,1,1768800238,2026-01-19 00:24:27
1835249317786962140,0,0,0,26,1,1768800238,2026-01-19 00:24:27
2007842506069575758,15,0,15,3,1,1768800237,2026-01-19 00:24:27
66dc79e6-0aca-11e7-82f6-3863bb44ef7c,1,0,1,19,1,1768800237,2026-01-19 00:24:27
2142879839954225698,5,3,2,13,1,1768800237,2026-01-19 00:24:27
dc8223ad-4108-40a8-9ff5-35e8490b4077,0,0,0,0,0,86400,2026-01-19 00:24:27
2004153375425087884,0,0,0,0,0,86400,2026-01-19 00:24:27
1815968147129520346,0,0,0,0,0,86400,2026-01-19 00:24:27
1861683496445528180,0,0,0,0,0,86400,2026-01-19 00:24:27
66dc7a7d-0aca-11e7-82f6-3863bb44ef7c,0,0,0,0,0,1760532172,2026-01-19 00:24:27
2171904090179944948,0,0,0,0,0,86400,2026-01-19 00:24:27
2171902875345687974,0,0,0,0,0,86400,2026-01-19 00:24:27
2171902770580328596,0,0,0,0,0,86400,2026-01-19 00:24:27
66db473c-0aca-11e7-82f6-3863bb44ef7c,0,0,0,3,0,1768246235,2026-01-19 00:24:27
7bdd60e9-c0fd-40f6-aa9a-d5fa004d4fe3,8,2,6,12,1,1768800025,2026-01-19 00:24:27
66dcfaf6-0aca-11e7-82f6-3863bb44ef7c,5,0,5,13,1,1768800179,2026-01-19 00:24:27
b4063b76-1abd-465c-96a4-45f6ee016bc5,8,5,3,9,1,1768800179,2026-01-19 00:24:27
c2800791-1911-4f2b-8fc7-bed280c557c0,39,29,10,4,1,1768800179,2026-01-19 00:24:27
66de186f-0aca-11e7-82f6-3863bb44ef7c,11,2,9,13,1,1768800180,2026-01-19 00:24:27
db29242d-6ff3-4e22-85fe-45fa3d03ec39,6,4,2,13,1,1768800181,2026-01-19 00:24:27
66dc2bc5-0aca-11e7-82f6-3863bb44ef7c,3,2,1,104,1,1768800182,2026-01-19 00:24:27
9a40cb60-6ede-4c9e-9d64-dc55cae57f31,2,2,0,25,1,1768800182,2026-01-19 00:24:27
305c221f-4e0b-4a5a-902c-3d1043dfe606,5,1,4,13,1,1768800180,2026-01-19 00:24:27
66dde8ac-0aca-11e7-82f6-3863bb44ef7c,9,9,0,29,1,1768800181,2026-01-19 00:24:27
1860189813948384088,19,10,9,6,1,1768800184,2026-01-19 00:24:27
93c28953-7e65-436e-9c5a-9d7ca0e3729f,4,3,1,15,1,1768800184,2026-01-19 00:24:27
59e3766c-0629-4ff1-a1d9-bc0514a55487,1,1,0,21,1,1768800184,2026-01-19 00:24:27
d8673258-9513-4ed2-86bf-bef62e7e4e30,3,3,0,13,1,1768800184,2026-01-19 00:24:27
1862008413697896912,0,0,0,19,1,1768800185,2026-01-19 00:24:27
2098714441479661752,9,3,6,5,1,1768800183,2026-01-19 00:24:27
1875433315773395778,8,4,4,22,1,1768800183,2026-01-19 00:24:27
550153a5-2ea1-4c76-b1cd-77667005f55d,20,8,12,6,1,1768800182,2026-01-19 00:24:27
3eed817a-63e5-424b-8ed3-c809db5488f7,44,19,25,10,1,1768800183,2026-01-19 00:24:27
f4f9a09c-010c-430c-a766-3390c44b4962,0,0,0,16,1,1768800184,2026-01-19 00:24:27
e780c290-0c52-4ab1-9719-a581be789df3,16,14,2,6,1,1768800184,2026-01-19 00:24:27
085da8d4-9465-46f0-82d1-10c9c9177d64,2,1,1,15,1,1768800186,2026-01-19 00:24:27
1828969323789472168,8,1,7,8,1,1768800173,2026-01-19 00:24:27
66de10a8-0aca-11e7-82f6-3863bb44ef7c,15,4,11,15,1,1768800174,2026-01-19 00:24:27
956e9f8d-d23a-4a0e-bf28-84180e818af7,2,2,0,20,1,1768800174,2026-01-19 00:24:27
67f60e7e-397a-4e47-b7f9-d10bd67133b3,2,2,0,47,1,1768800174,2026-01-19 00:24:27
2126621966735272262,9,0,9,4,1,1768800177,2026-01-19 00:24:27
be8e6f1c-e8b5-40bd-896d-423052ba3bbc,16,14,2,0,1,1768800178,2026-01-19 00:24:27
66db7152-0aca-11e7-82f6-3863bb44ef7c,43,11,32,4,1,1768800178,2026-01-19 00:24:27
1861682444178541220,25,2,23,9,1,1768800177,2026-01-19 00:24:27
df243d7f-e6ae-435c-9895-aecbcff9cada,18,13,5,9,1,1768800177,2026-01-19 00:24:27
66dc41bb-0aca-11e7-82f6-3863bb44ef7c,27,7,20,27,1,1768800177,2026-01-19 00:24:27
1860188907884823208,3,1,2,16,1,1768800177,2026-01-19 00:24:27
66dc252e-0aca-11e7-82f6-3863bb44ef7c,30,21,9,3,1,1768800177,2026-01-19 00:24:27
0109f17a-2378-4500-9648-88bdb31ec612,31,0,31,3,1,1768800176,2026-01-19 00:24:27
66dc2172-0aca-11e7-82f6-3863bb44ef7c,4,2,2,76,1,1768800176,2026-01-19 00:24:27
d1138533-504c-4d29-b71c-299e1d31f159,32,8,24,5,1,1768800176,2026-01-19 00:24:27
2026068766494475116,22,13,9,13,1,1768800176,2026-01-19 00:24:27
ce95fbdd-b7d2-46fc-910d-5c170e4b7610,4,1,3,13,1,1768800174,2026-01-19 00:24:27
66db63f4-0aca-11e7-82f6-3863bb44ef7c,8,1,7,10,1,1768800175,2026-01-19 00:24:27
66dbe848-0aca-11e7-82f6-3863bb44ef7c,93,69,24,24,1,1768800179,2026-01-19 00:24:27
a4bb6fac-b795-4aa7-a266-613419019290,1,0,1,17,1,1768800187,2026-01-19 00:24:27
e34bb92f-6911-449a-999b-5bc80e0322fe,2,1,1,16,1,1768800188,2026-01-19 00:24:27
2119506830683992262,25,19,6,21,1,1768800188,2026-01-19 00:24:27
66dbbc4a-0aca-11e7-82f6-3863bb44ef7c,18,11,7,8,1,1768800188,2026-01-19 00:24:27
5c3c345d-1975-400d-a9d8-18815816886e,16,15,1,38,1,1768800188,2026-01-19 00:24:27
c0c6a931-c1d3-4202-a433-c4127a4cd846,0,0,0,19,1,1768800188,2026-01-19 00:24:27
1828965671716082498,14,0,14,4,1,1768800185,2026-01-19 00:24:27
66dea674-0aca-11e7-82f6-3863bb44ef7c,3,3,0,17,1,1768800186,2026-01-19 00:24:27
1860188194745712748,13,0,13,8,1,1768800187,2026-01-19 00:24:27
66de4594-0aca-11e7-82f6-3863bb44ef7c,16,5,11,10,1,1768800187,2026-01-19 00:24:27
66dc2238-0aca-11e7-82f6-3863bb44ef7c,23,21,2,53,1,1768800187,2026-01-19 00:24:27
2c321ea3-e1dd-4d32-be70-bd158fe1f568,20,0,20,56,1,1768800187,2026-01-19 00:24:27
b55f9b55-7fa7-4f0f-9732-78cbe07452e1,17,6,11,11,1,1768800188,2026-01-19 00:24:27
88ee054e-bdeb-4305-8f3b-76eb964f2c84,7,1,6,8,1,1768800188,2026-01-19 00:24:27
1b22c037-207d-454a-90aa-8f22d0a8a7e3,21,4,17,0,1,1768800189,2026-01-19 00:24:27
d5d589e6-457f-4cd4-bf78-59165dce28b2,18,5,13,7,1,1768800189,2026-01-19 00:24:27
1845676816555735590,15,5,10,7,1,1768800189,2026-01-19 00:24:27
2143247416766638978,8,8,0,36,1,1768800192,2026-01-19 00:24:27
ccfa8b82-07a7-4a08-88fc-be261c30a4ca,5,3,2,17,1,1768800193,2026-01-19 00:24:27
18846fd4-877c-4971-9b6f-1bd8fbc10346,4,2,2,16,1,1768800193,2026-01-19 00:24:27
3863f086-ae35-4d0e-8c91-2b6e3e5827a1,10,1,9,26,1,1768800193,2026-01-19 00:24:27
66de48f9-0aca-11e7-82f6-3863bb44ef7c,15,2,13,1,1,1768800191,2026-01-19 00:24:27
1828966363527611286,13,1,12,6,1,1768800190,2026-01-19 00:24:27
e8a6c13b-1f6e-4e6b-bdf8-9b0e597e4a62,8,3,5,27,1,1768800190,2026-01-19 00:24:27
1e3a16ff-65ba-4d34-b3c6-37aff44e085a,8,2,6,30,1,1768800191,2026-01-19 00:24:27
e2b28abd-07a4-4552-ad17-abf155aff28a,0,0,0,21,1,1768800193,2026-01-19 00:24:27
40fd82d6-c0e9-4876-adfb-816140ecfc39,18,15,3,1,1,1768800193,2026-01-19 00:24:27
1318e05a-2506-43c6-b49d-4c1f7f69a267,9,8,1,8,1,1768800194,2026-01-19 00:24:27
66dc259a-0aca-11e7-82f6-3863bb44ef7c,25,8,17,56,1,1768800194,2026-01-19 00:24:27
7a8b474b-7577-4316-a192-d57576d194a3,1,1,0,19,1,1768800191,2026-01-19 00:24:27
66dd41ef-0aca-11e7-82f6-3863bb44ef7c,35,29,6,5,1,1768800191,2026-01-19 00:24:27
66dded7a-0aca-11e7-82f6-3863bb44ef7c,6,6,0,20,1,1768800191,2026-01-19 00:24:27
dc34ba4c-d8e5-4674-a02e-210c950c05c1,0,0,0,25,1,1768800191,2026-01-19 00:24:27
66dd039b-0aca-11e7-82f6-3863bb44ef7c,14,9,5,14,1,1768800191,2026-01-19 00:24:27
66dcc30b-0aca-11e7-82f6-3863bb44ef7c,5,5,0,10,1,1768800191,2026-01-19 00:24:27
d9ec5589-c872-46f2-88cd-e54f9c596721,8,1,7,9,1,1768800193,2026-01-19 00:24:27
55fda28d-56a8-4db2-b42a-072714f18471,18,1,17,0,1,1768800193,2026-01-19 00:24:27
8d097a6d-f17c-4195-9dd4-42527b371c71,46,43,3,19,1,1768800193,2026-01-19 00:24:27
66ddee56-0aca-11e7-82f6-3863bb44ef7c,23,13,10,0,1,1768800193,2026-01-19 00:24:27
4dcff9e7-7cb6-4d3d-ad67-c2e4c05933d3,6,1,5,16,1,1768800198,2026-01-19 00:24:27
43f3d3c7-46b0-4812-879d-15afe8804c5f,22,8,14,3,1,1768800198,2026-01-19 00:24:27
cd118a8f-a7d1-4b7a-a6d3-d9e875cb29df,12,9,3,13,1,1768800198,2026-01-19 00:24:27
1848242058183072050,18,5,13,3,1,1768800198,2026-01-19 00:24:27
66de5613-0aca-11e7-82f6-3863bb44ef7c,64,9,55,9,1,1768800198,2026-01-19 00:24:27
b0cc08dc-e7dd-48d1-8901-ba496f3ff2f5,31,28,3,8,1,1768800195,2026-01-19 00:24:27
1e6c5d0c-f406-4b60-88f6-6284a38d3930,1,1,0,15,1,1768800195,2026-01-19 00:24:27
901cab1a-a77e-424e-b602-16883e792f93,4,1,3,11,1,1768800195,2026-01-19 00:24:27
063e7e78-b810-4a2f-8045-a82a0d69d752,28,24,4,14,1,1768800197,2026-01-19 00:24:27
66db69d0-0aca-11e7-82f6-3863bb44ef7c,20,10,10,1,1,1768800196,2026-01-19 00:24:27
66db3606-0aca-11e7-82f6-3863bb44ef7c,45,44,1,12,1,1768800196,2026-01-19 00:24:27
9d95a4a9-bcfe-4189-bb7d-abd9992ecbaf,16,5,11,0,1,1768800196,2026-01-19 00:24:27
45e8c326-b12d-4be6-b040-bb6de9986d25,9,1,8,10,1,1768800199,2026-01-19 00:24:27
2123940148896639644,5,5,0,4,1,1768800078,2026-01-19 00:24:27
47bcbcc1-9241-4e65-99f1-07c15543be1b,10,6,4,21,1,1768800117,2026-01-19 00:24:27
1836581807397045112,4,1,3,20,1,1768800118,2026-01-19 00:24:27
4034789e-b70d-4aae-bf18-3ed37a4d751f,10,1,9,5,1,1768800118,2026-01-19 00:24:27
0c106e83-c47a-4233-b5e4-62bbb75d0bed,1,1,0,16,1,1768800118,2026-01-19 00:24:27
66dcbe7c-0aca-11e7-82f6-3863bb44ef7c,2,2,0,17,1,1768800120,2026-01-19 00:24:27
b62bcd96-c2db-447c-bdd5-d3c18f174858,7,1,6,10,1,1768800120,2026-01-19 00:24:27
23bc4d9b-1ec2-45fb-9228-e41517346b24,17,6,11,1,1,1768800120,2026-01-19 00:24:27
648e09b6-95c2-40d3-9dac-a43f22eccf38,1,1,0,23,1,1768800121,2026-01-19 00:24:27
4d79bdb9-7c35-4d35-9f6e-3c1b849c453a,13,6,6,31,1,1768800121,2026-01-19 00:24:27
d7d297fd-36dc-42f2-8e3b-24b1003be874,13,6,7,1,1,1768800121,2026-01-19 00:24:27
42032bf9-4599-4035-bc01-c80bec1a7122,7,2,5,11,1,1768800157,2026-01-19 00:24:27
74feba30-26a5-4949-b3a0-d6e13ba1a20c,3,1,2,15,1,1768800158,2026-01-19 00:24:27
1796642668661690940,11,1,10,7,1,1768800158,2026-01-19 00:24:27
c809158b-ca8f-4a77-a800-8ee9d287c056,2,1,1,14,1,1768800158,2026-01-19 00:24:27
5736cd70-be41-483e-8d82-721874f40e6e,6,5,1,14,1,1768800159,2026-01-19 00:24:27
844c68cc-19f0-474a-86d3-4af170117aae,2,2,0,19,1,1768800159,2026-01-19 00:24:27
ebfafca3-5818-4e6f-8374-98f44a0ca0c6,1,0,1,25,1,1768800159,2026-01-19 00:24:27
66de2b97-0aca-11e7-82f6-3863bb44ef7c,33,31,2,3,1,1768800156,2026-01-19 00:24:27
3c8847a6-c12a-40fd-9b22-4582ac1a0d9d,0,0,0,24,1,1768800156,2026-01-19 00:24:27
66dbe7b6-0aca-11e7-82f6-3863bb44ef7c,4,4,0,24,1,1768800156,2026-01-19 00:24:27
66dd4b2b-0aca-11e7-82f6-3863bb44ef7c,16,13,3,34,1,1768800160,2026-01-19 00:24:27
66db7a71-0aca-11e7-82f6-3863bb44ef7c,11,11,0,26,1,1768800163,2026-01-19 00:24:27
a1acdab2-29c7-4956-8b2e-24b39dc2ff13,9,2,7,48,1,1768800163,2026-01-19 00:24:27
66dd546c-0aca-11e7-82f6-3863bb44ef7c,2,0,2,16,1,1768800163,2026-01-19 00:24:27
1814900632709495794,13,3,10,9,1,1768800163,2026-01-19 00:24:27
1854538169357726138,3,3,0,14,1,1768800164,2026-01-19 00:24:27
2f656bc4-7743-4326-8330-a22bd41d9d17,28,8,20,10,1,1768800164,2026-01-19 00:24:27
66dd1585-0aca-11e7-82f6-3863bb44ef7c,36,14,22,3,1,1768800164,2026-01-19 00:24:27
1932126716328112534,21,8,13,3,1,1768800164,2026-01-19 00:24:27
1846085626867634660,6,3,3,15,1,1768800164,2026-01-19 00:24:27
1964061627836181486,8,5,3,75,1,1768800164,2026-01-19 00:24:27
787fe4b2-6029-4f71-917e-892479d8d64e,8,1,7,10,1,1768800163,2026-01-19 00:24:27
66dcc5ca-0aca-11e7-82f6-3863bb44ef7c,0,0,0,0,1,1768800163,2026-01-19 00:24:27
83d1ff16-ba56-4eae-aa6a-b37b6439db82,5,0,5,23,1,1768800165,2026-01-19 00:24:27
2b54cb2c-31be-4620-a13c-0fa72b58c90a,2,2,0,23,1,1768800166,2026-01-19 00:24:27
f001fac9-5f19-451e-a752-afde574a8c81,0,0,0,17,1,1768800161,2026-01-19 00:24:27
8ea09819-cd88-4732-b047-c0549f0b370f,15,3,12,15,1,1768800167,2026-01-19 00:24:27
9b70cbe2-25fc-42f8-b6e6-ac21ef248e4b,2,0,2,16,1,1768800167,2026-01-19 00:24:27
b9d3134b-697f-4a0f-b90f-d95f6c69ffda,12,0,12,7,1,1768800166,2026-01-19 00:24:27
2127386446510160022,4,4,0,16,1,1768800166,2026-01-19 00:24:27
1851674145014649512,6,0,6,20,1,1768800160,2026-01-19 00:24:27
e4645d0d-8b76-4c46-b2b9-be25592e0659,12,8,4,11,1,1768800126,2026-01-19 00:24:27
1840540966407039246,19,3,16,1,1,1768800126,2026-01-19 00:24:27
04d557d6-6bc3-4244-b0f1-81ed1449ccd6,13,11,2,6,1,1768800123,2026-01-19 00:24:27
bfbd1f09-afd2-49d2-8674-3a07b3c929a4,18,6,12,2,1,1768800124,2026-01-19 00:24:27
fda0c217-9504-4b26-8a25-e40b603ee5fa,3,3,0,14,1,1768800125,2026-01-19 00:24:27
328d778a-7e71-4240-acae-b84f0fdaa5c5,2,2,0,23,1,1768800125,2026-01-19 00:24:27
66dcc047-0aca-11e7-82f6-3863bb44ef7c,7,4,3,15,1,1768800125,2026-01-19 00:24:27
66ddede1-0aca-11e7-82f6-3863bb44ef7c,19,15,4,11,1,1768800123,2026-01-19 00:24:27
d3f51f51-7e51-4c75-8600-d76916608707,4,4,0,20,1,1768800124,2026-01-19 00:24:27
285ad3c2-3ffe-45bb-8765-9c20a69641a6,11,5,6,6,1,1768800124,2026-01-19 00:24:27
b516fedb-3ced-4683-8c17-7e5f6dadf04d,19,5,14,15,1,1768800172,2026-01-19 00:24:27
66db402c-0aca-11e7-82f6-3863bb44ef7c,76,27,49,7,1,1768800173,2026-01-19 00:24:27
66dd2811-0aca-11e7-82f6-3863bb44ef7c,9,2,7,30,1,1768800172,2026-01-19 00:24:27
6076e321-85d8-4e0e-ae18-86bb8cbbda1b,17,0,17,2,1,1768800170,2026-01-19 00:24:27
1841240663447542046,2,2,0,15,1,1768800171,2026-01-19 00:24:27
dad3b7df-ec40-4d54-bfdb-5e82be84d742,1,0,1,16,1,1768800171,2026-01-19 00:24:27
55f6b830-e43e-4227-bfc7-683465236d94,20,9,11,24,1,1768800171,2026-01-19 00:24:27
66dd0808-0aca-11e7-82f6-3863bb44ef7c,2,2,0,22,1,1768800172,2026-01-19 00:24:27
fa14408f-6e88-4668-86ee-ce10ea707f36,60,25,35,3,1,1768800169,2026-01-19 00:24:27
dfad8e49-7e1b-4376-90b4-7a449319f294,7,5,2,14,1,1768800168,2026-01-19 00:24:27
66db2d2b-0aca-11e7-82f6-3863bb44ef7c,44,41,3,1,1,1768800168,2026-01-19 00:24:27
66de099d-0aca-11e7-82f6-3863bb44ef7c,4,4,0,35,1,1768800169,2026-01-19 00:24:27
1817432104157364846,20,0,20,1,1,1768800169,2026-01-19 00:24:27
4eb6d6a8-ecc1-4e89-a586-4f96ed3d83e1,3,2,1,23,1,1768800139,2026-01-19 00:24:27
d9ea5210-50b3-4342-9801-f896bd21f4a1,2,2,0,19,1,1768800140,2026-01-19 00:24:27
66de65a4-0aca-11e7-82f6-3863bb44ef7c,23,21,2,2,1,1768800140,2026-01-19 00:24:27
66de5773-0aca-11e7-82f6-3863bb44ef7c,13,5,8,4,1,1768800138,2026-01-19 00:24:27
1815967159287043052,8,1,7,15,1,1768800139,2026-01-19 00:24:27
82dd89f6-1e5a-4a8f-8660-13cb64349e94,2,1,1,16,1,1768800140,2026-01-19 00:24:27
1828967830172187422,3,0,3,24,1,1768800141,2026-01-19 00:24:27
bbaae5d3-7e2b-46a8-872e-152404c664f7,21,0,21,6,1,1768800142,2026-01-19 00:24:27
1838999521825487230,19,0,19,0,1,1768800142,2026-01-19 00:24:27
1b985e4b-88de-42a8-95be-dce37dbbc5c5,7,0,7,16,1,1768800128,2026-01-19 00:24:27
66db34fc-0aca-11e7-82f6-3863bb44ef7c,0,0,0,33,1,1768800128,2026-01-19 00:24:27
66dea894-0aca-11e7-82f6-3863bb44ef7c,40,19,21,6,1,1768800128,2026-01-19 00:24:27
a0eec052-257a-4c79-8171-6e2ad9864ad0,10,6,4,19,1,1768800128,2026-01-19 00:24:27
c066c90a-efb1-4f8b-aa15-38ba4edd4ebc,9,2,7,9,1,1768800128,2026-01-19 00:24:27
66dd2208-0aca-11e7-82f6-3863bb44ef7c,25,6,19,16,1,1768800126,2026-01-19 00:24:27
1860190006584693708,3,0,3,10,1,1768800131,2026-01-19 00:24:27
66dc21d4-0aca-11e7-82f6-3863bb44ef7c,2,1,1,48,1,1768800131,2026-01-19 00:24:27
1846086665080867236,11,2,9,9,1,1768800136,2026-01-19 00:24:27
b506be9e-45d3-43d1-a262-27d8fa91e974,0,0,0,30,1,1768800137,2026-01-19 00:24:27
79c4a612-a5df-4814-9e6b-6305da61ebc4,16,0,16,2,1,1768800137,2026-01-19 00:24:27
66db2db5-0aca-11e7-82f6-3863bb44ef7c,49,1,48,8,1,1768800137,2026-01-19 00:24:27
2687f2e1-3529-464d-82eb-e4f61440c563,7,3,4,9,1,1768800137,2026-01-19 00:24:27
45865207-8700-4ef2-99ed-b08889ef0250,9,5,4,12,1,1768800133,2026-01-19 00:24:27
1869851741257474316,24,0,24,1,1,1768800133,2026-01-19 00:24:27
cc758f1a-8b28-4ff5-bc75-fbe62c453378,2,2,0,16,1,1768800133,2026-01-19 00:24:27
53e30d38-a110-42b4-a8f9-ca801a847ac7,43,33,10,1,1,1768800132,2026-01-19 00:24:27
9c1c3499-1b11-471f-b59a-87d9e27e15c5,0,0,0,21,1,1768800132,2026-01-19 00:24:27
cad68b8c-6d68-4c5f-88fe-b1aa3e40727a,14,5,9,7,1,1768800133,2026-01-19 00:24:27
bd1760ad-3af3-4ede-9bd7-c8fbf46d7192,2,2,0,18,1,1768800134,2026-01-19 00:24:27
1848242216849312578,10,3,7,8,1,1768800137,2026-01-19 00:24:27
3e9e50cc-f336-439f-bd0b-dec5499c038d,38,28,10,4,1,1768800137,2026-01-19 00:24:27
66dcac42-0aca-11e7-82f6-3863bb44ef7c,43,7,36,7,1,1768800137,2026-01-19 00:24:27
2366d8a4-7a49-42f3-9afe-efd2b200336b,20,14,6,1,1,1768800138,2026-01-19 00:24:27
4bbf50a9-47c2-4a32-97c2-1f6bc4f9d401,12,1,11,18,1,1768800138,2026-01-19 00:24:27
1815968026870435892,12,5,7,8,1,1768800135,2026-01-19 00:24:27
1885442082749874736,2,2,0,19,1,1768800145,2026-01-19 00:24:27
66de482a-0aca-11e7-82f6-3863bb44ef7c,16,2,14,1,1,1768800145,2026-01-19 00:24:27
ba0a4ada-c9f6-48b4-a7b3-7220f6fb88c2,0,0,0,23,1,1768800145,2026-01-19 00:24:27
1903998756008763590,17,14,3,35,1,1768800147,2026-01-19 00:24:27
66dda55f-0aca-11e7-82f6-3863bb44ef7c,21,7,14,10,1,1768800147,2026-01-19 00:24:27
9a52fbc1-d87a-4a65-941d-12fd55dbcdde,18,1,17,2,1,1768800147,2026-01-19 00:24:27
66dbb869-0aca-11e7-82f6-3863bb44ef7c,8,4,4,13,1,1768800147,2026-01-19 00:24:27
66de2a00-0aca-11e7-82f6-3863bb44ef7c,20,6,14,14,1,1768800148,2026-01-19 00:24:27
1d130e43-0408-4423-bb52-77a08372cefa,3,0,3,20,1,1768800148,2026-01-19 00:24:27
fe93b3ae-1d86-4ee9-9eb6-9e11808966aa,6,3,3,14,1,1768800148,2026-01-19 00:24:27
66db3273-0aca-11e7-82f6-3863bb44ef7c,44,37,7,5,1,1768800146,2026-01-19 00:24:27
1851999409149780880,12,4,8,11,1,1768800143,2026-01-19 00:24:27
1064b4b0-e9c8-4139-ac48-f118305dbe69,3,3,0,20,1,1768800144,2026-01-19 00:24:27
66de4078-0aca-11e7-82f6-3863bb44ef7c,18,6,12,5,1,1768800144,2026-01-19 00:24:27
78b4aa30-e4e9-4447-9419-c89f8527892e,14,14,0,7,1,1768800144,2026-01-19 00:24:27
1838070776953752336,0,0,0,19,1,1768800144,2026-01-19 00:24:27
e612122d-e0fd-4ebf-8d51-0f48f9d1b580,17,12,5,5,1,1768800145,2026-01-19 00:24:27
9ea2afff-a146-4824-89b6-39d5bdfac795,11,10,1,8,1,1768800147,2026-01-19 00:24:27
66db88f5-0aca-11e7-82f6-3863bb44ef7c,14,1,13,23,1,1768800143,2026-01-19 00:24:27
9092515e-eef6-478f-910f-1cd19d06bebb,12,11,1,21,1,1768800143,2026-01-19 00:24:27
d34f2271-10ee-40c3-a93a-09df58860512,1,1,0,16,1,1768800145,2026-01-19 00:24:27
66db64d1-0aca-11e7-82f6-3863bb44ef7c,6,3,3,14,1,1768800152,2026-01-19 00:24:27
1860187181307969634,19,1,18,2,1,1768800152,2026-01-19 00:24:27
de6f4206-3aa9-4cb9-aae0-8547d2cd6854,20,0,20,0,1,1768800153,2026-01-19 00:24:27
ad41e353-033e-484f-8d76-78014e11e9d7,7,3,4,9,1,1768800155,2026-01-19 00:24:27
35a5b4d6-2d90-4b60-b68b-03bb60fb1afc,12,10,2,6,1,1768800154,2026-01-19 00:24:27
344b52b0-73a9-4fe3-9132-23d0502dc0ae,1,0,1,18,1,1768800153,2026-01-19 00:24:27
1938139112487078732,15,3,12,14,1,1768800153,2026-01-19 00:24:27
bbb48e80-7d2f-4b3c-bb8c-591bc931945a,14,11,3,4,1,1768800153,2026-01-19 00:24:27
1786697003367719132,35,2,33,2,1,1768800153,2026-01-19 00:24:27
387e2863-83ad-4589-8004-794a7b624801,8,4,4,9,1,1768800153,2026-01-19 00:24:27
66db44e5-0aca-11e7-82f6-3863bb44ef7c,13,4,9,26,1,1768800150,2026-01-19 00:24:27
1d167807-0aa8-413a-b7a0-01c2ca8a6a60,6,6,0,15,1,1768800150,2026-01-19 00:24:27
66db4671-0aca-11e7-82f6-3863bb44ef7c,37,33,4,7,1,1768800151,2026-01-19 00:24:27
d7904cd0-4b1b-47d0-8103-937bcf5ff845,9,5,4,7,1,1768800151,2026-01-19 00:24:27
1861681121800951962,14,4,10,4,1,1768800150,2026-01-19 00:24:27
0b94cc1e-2327-4679-99d9-3b21ddc02051,16,3,13,13,1,1768800149,2026-01-19 00:24:27
e5b2a7ce-d867-465b-8446-743e00617068,1,1,0,18,1,1768800148,2026-01-19 00:24:27
e3e6105e-eaa2-43c5-badb-fb8592ad7227,2,1,1,21,1,1768800149,2026-01-19 00:24:27
1899178885660253096,24,18,6,0,1,1768800149,2026-01-19 00:24:27
1856766912456610780,3,2,1,22,1,1768800149,2026-01-19 00:24:27
66dd4b91-0aca-11e7-82f6-3863bb44ef7c,17,16,1,22,1,1768800149,2026-01-19 00:24:27
b608193c-46ae-4b61-9e7a-4671e7c3b96e,2,0,2,17,1,1768800153,2026-01-19 00:24:27
6f21be51-6fde-4cde-b1db-b102a5f67300,18,0,18,1,1,1768800202,2026-01-19 00:24:27
361dd964-db79-47dd-b044-eac88c735249,0,0,0,18,1,1768800202,2026-01-19 00:24:27
e58234a3-5b23-427e-948f-c1e4571b2bfa,3,2,1,54,1,1768800202,2026-01-19 00:24:27
66de8a86-0aca-11e7-82f6-3863bb44ef7c,14,13,1,42,1,1768800202,2026-01-19 00:24:27
59ad8f95-32a4-43de-b1c3-79c667b2d2df,7,0,7,19,1,1768800202,2026-01-19 00:24:27
66dc76cd-0aca-11e7-82f6-3863bb44ef7c,12,11,1,23,1,1768800203,2026-01-19 00:24:27
a58ff2e3-a5ae-4070-a26d-ddfe8cc6fc58,14,11,3,9,1,1768800203,2026-01-19 00:24:27
94f77501-32e5-4539-90c6-82d4198f7991,8,8,0,14,1,1768800203,2026-01-19 00:24:27
1869753195262578852,2,0,2,13,1,1768800203,2026-01-19 00:24:27
a3e2b360-f050-48ea-b8c8-57d897b8f7fc,0,0,0,17,1,1768800205,2026-01-19 00:24:27
3c135a2e-eeea-4e81-9c0a-8d14a6049198,17,6,11,2,1,1768800205,2026-01-19 00:24:27
18fcd2c1-dc8b-4a52-9f18-e9b9003bbea5,41,32,9,11,1,1768800206,2026-01-19 00:24:27
8b1222da-612f-4482-ab34-9467c4ed28e3,5,1,4,16,1,1768800202,2026-01-19 00:24:27
66dd1846-0aca-11e7-82f6-3863bb44ef7c,41,20,21,6,1,1768800202,2026-01-19 00:24:27
d47c856e-8cda-4da0-b8eb-1ccf0e6ef7ab,6,0,6,21,1,1768800206,2026-01-19 00:24:27
a8560d28-9ee1-4af4-9180-7e9c4dd0d147,9,1,8,7,1,1768800206,2026-01-19 00:24:27
1869439561831725810,2,0,2,23,1,1768800207,2026-01-19 00:24:27
1836581534415880440,12,8,4,12,1,1768800204,2026-01-19 00:24:27
85b77b8d-32b8-4049-a407-64319916e2c5,3,2,1,13,1,1768800205,2026-01-19 00:24:27
7a725e59-49be-4c1d-9c3d-3b3a8ed1232f,2,1,1,20,1,1768800205,2026-01-19 00:24:27
66dce567-0aca-11e7-82f6-3863bb44ef7c,13,9,4,5,1,1768800200,2026-01-19 00:24:27
1786696384892428996,3,2,1,17,1,1768800200,2026-01-19 00:24:27
1869753812884512816,10,7,3,10,1,1768800200,2026-01-19 00:24:27
66dc192f-0aca-11e7-82f6-3863bb44ef7c,8,1,7,13,1,1768800200,2026-01-19 00:24:27
1828967607558607844,1,0,1,17,1,1768800204,2026-01-19 00:24:27
d7632897-a6eb-4f8f-9ab2-c66426620fbf,8,0,8,7,1,1768800204,2026-01-19 00:24:27
2137774972219769002,9,3,6,2,1,1768800204,2026-01-19 00:24:27
1f872052-38c4-4701-96c4-c363de51c2b5,17,4,13,40,1,1768800204,2026-01-19 00:24:27
66de5095-0aca-11e7-82f6-3863bb44ef7c,7,3,4,14,1,1768800204,2026-01-19 00:24:27
66db2afe-0aca-11e7-82f6-3863bb44ef7c,32,19,13,14,1,1768800203,2026-01-19 00:24:27
66db2fd0-0aca-11e7-82f6-3863bb44ef7c,26,14,12,5,1,1768800207,2026-01-19 00:24:27
bc346753-b68a-4cb3-b93f-b0be68227eae,18,4,14,1,1,1768800209,2026-01-19 00:24:27
96a0b676-e966-4d96-b04b-ceb8149cedcd,6,0,6,9,1,1768800209,2026-01-19 00:24:27
66de5e5b-0aca-11e7-82f6-3863bb44ef7c,11,9,2,31,1,1768800209,2026-01-19 00:24:27
36edabac-a0c2-471b-abaf-73fdb53a4e5f,1,0,1,18,1,1768800209,2026-01-19 00:24:27
d3433b47-99a7-4b21-9fa7-d7052bb5c23b,1,0,1,14,1,1768800210,2026-01-19 00:24:27
66dc7cc3-0aca-11e7-82f6-3863bb44ef7c,6,4,2,33,1,1768800210,2026-01-19 00:24:27
2126274308236524392,3,1,2,9,1,1768800194,2026-01-19 00:24:27
61bc2467-aa8c-4386-ba9e-3f01120bd6b8,1,1,0,18,1,1768800210,2026-01-19 00:24:27
a2f71eea-05a2-4fe7-99ab-f74535c880ae,11,8,3,13,1,1768800207,2026-01-19 00:24:27
122111c9-9a61-4372-a756-fb2495611cb6,3,3,0,16,1,1768800218,2026-01-19 00:24:27
1954806962718223342,43,26,17,1,1,1768800218,2026-01-19 00:24:27
96878d29-481d-48dc-bcdc-a5f1ce88c76d,7,2,5,12,1,1768800218,2026-01-19 00:24:27
66dde197-0aca-11e7-82f6-3863bb44ef7c,24,18,6,16,1,1768800219,2026-01-19 00:24:27
1947367330341251364,12,13,0,8,1,1768800217,2026-01-19 00:24:27
90c35466-db3c-4b0d-993e-6e92883773b4,37,17,20,33,1,1768800218,2026-01-19 00:24:27
594b4656-9d83-4301-8967-3b92c126531c,22,14,8,0,1,1768800218,2026-01-19 00:24:27
cac843c2-8b21-47bb-a3b9-712f95d7f7aa,18,2,16,0,1,1768800218,2026-01-19 00:24:27
002e6e9f-ced2-47b0-bc7e-ccf38c3b4b0f,8,3,5,12,1,1768800218,2026-01-19 00:24:27
6a9b19e3-cd69-4e0c-9b28-1889db936c7c,4,3,1,13,1,1768800216,2026-01-19 00:24:27
1843486464469891376,1,1,0,17,1,1768800216,2026-01-19 00:24:27
724aeecc-8c91-4afc-b97c-72a98de452c9,2,0,2,15,1,1768800217,2026-01-19 00:24:27
1846086138339179502,14,6,8,8,1,1768800217,2026-01-19 00:24:27
cc834d78-6eca-450a-ae00-a5ffc6f1a7a6,15,0,15,0,1,1768800216,2026-01-19 00:24:27
66db5c14-0aca-11e7-82f6-3863bb44ef7c,11,8,3,13,1,1768800216,2026-01-19 00:24:27
141eb0e0-e78d-411a-a0be-202a6424cc93,12,1,11,11,1,1768800208,2026-01-19 00:24:27
66de2556-0aca-11e7-82f6-3863bb44ef7c,17,5,12,62,1,1768800208,2026-01-19 00:24:27
62089e99-7f73-4f59-816d-57f9793484a1,7,2,5,13,1,1768800208,2026-01-19 00:24:27
26176e86-8362-4c91-a693-6aa3f9ce0b73,4,3,1,14,1,1768800208,2026-01-19 00:24:27
61647ec6-dfd6-4d1c-8800-d488d390c627,26,24,2,6,1,1768800211,2026-01-19 00:24:27
5db1fefa-0f10-4c58-a7ce-113f3164ced8,13,8,6,4,1,1768800211,2026-01-19 00:24:27
66de08c9-0aca-11e7-82f6-3863bb44ef7c,13,2,11,8,1,1768800211,2026-01-19 00:24:27
4b67c6e0-d603-4fbc-afbe-0b8952f4f7af,11,0,11,24,1,1768800215,2026-01-19 00:24:27
e0b80983-c520-47e3-9c8d-a17fff5e5582,15,0,15,5,1,1768800215,2026-01-19 00:24:27
f91170e6-a33c-4870-94da-9d51510515d2,4,1,3,13,1,1768800216,2026-01-19 00:24:27
284b08f2-3d26-4f52-9463-25e4a07c16f7,17,2,15,7,1,1768800212,2026-01-19 00:24:27
66db74a5-0aca-11e7-82f6-3863bb44ef7c,36,5,31,6,1,1768800212,2026-01-19 00:24:27
c63e9937-cadb-4813-aee3-5fd3fcc93767,4,4,0,15,1,1768800208,2026-01-19 00:24:27
66de867e-0aca-11e7-82f6-3863bb44ef7c,8,7,1,23,1,1768800209,2026-01-19 00:24:27
dd351a72-4241-4275-843d-0fffa8a1f414,9,3,6,15,1,1768800214,2026-01-19 00:24:27
1828968794479100296,6,0,6,12,1,1768800214,2026-01-19 00:24:27
66dc8f1f-0aca-11e7-82f6-3863bb44ef7c,31,8,23,23,1,1768800215,2026-01-19 00:24:27
c3d5f47f-cfc3-4c1f-86bb-bcf770d2949b,12,2,10,13,1,1768800215,2026-01-19 00:24:27
1861271680294357158,15,6,9,7,1,1768800212,2026-01-19 00:24:27
5780ae63-54e5-48e3-a00c-9c403cb75401,10,0,10,11,1,1768800212,2026-01-19 00:24:27
1828967027013302842,8,3,5,10,1,1768800212,2026-01-19 00:24:27
be2bdee1-e3e9-45cc-94f0-2ba81a722ba3,12,8,4,6,1,1768800213,2026-01-19 00:24:27
4c3b6e25-b0c2-4a3f-b07e-cd60cd1b0ac0,1,1,0,15,1,1768800213,2026-01-19 00:24:27
582cd775-0178-47f5-b707-6d5869f077ba,11,1,10,20,1,1768800213,2026-01-19 00:24:27
c0e0e578-8ce8-4c9d-be47-b902d8a41050,1,1,0,17,1,1768800213,2026-01-19 00:24:27
66db8d89-0aca-11e7-82f6-3863bb44ef7c,30,25,5,22,1,1768800214,2026-01-19 00:24:27
1861682702044957494,12,11,1,7,1,1768800214,2026-01-19 00:24:27
d6834194-029d-4e2d-83b0-ee78ab5acda2,11,0,11,5,1,1768800214,2026-01-19 00:24:27
ca4e4962-2169-4559-8f60-b05ab7809750,14,6,8,18,1,1768800223,2026-01-19 00:24:27
66dc4599-0aca-11e7-82f6-3863bb44ef7c,21,12,9,2,1,1768800223,2026-01-19 00:24:27
2104275164415193448,48,11,37,18,1,1768800223,2026-01-19 00:24:27
d7bdc3d7-6e6d-4899-9cc7-f4238a86c695,4,2,2,18,1,1768800223,2026-01-19 00:24:27
db41cc62-86ea-4421-bfaf-9b6511cfee10,0,0,0,30,1,1768800223,2026-01-19 00:24:27
1828969112306680612,5,2,3,14,1,1768800223,2026-01-19 00:24:27
1846085927885781554,16,3,13,6,1,1768800225,2026-01-19 00:24:27
647a2a80-9630-41b0-9b91-1f464b0bf3cc,19,17,2,56,1,1768800225,2026-01-19 00:24:27
632b140c-65de-4f50-9cc2-c001ae011aea,18,0,18,39,1,1768800225,2026-01-19 00:24:27
66dd448f-0aca-11e7-82f6-3863bb44ef7c,39,38,1,4,1,1768800226,2026-01-19 00:24:27
1869439368558197224,10,3,7,11,1,1768800220,2026-01-19 00:24:27
2022386456542683974,32,7,25,1,1,1768800220,2026-01-19 00:24:27
3d339282-d5c7-41ec-b634-6a988aefd440,6,2,4,11,1,1768800220,2026-01-19 00:24:27
66dc4b4c-0aca-11e7-82f6-3863bb44ef7c,5,4,1,54,1,1768800220,2026-01-19 00:24:27
2f580cf9-14e2-4300-ba22-f6d88d0312a5,18,8,10,7,1,1768800221,2026-01-19 00:24:27
e1886e7a-62b1-4359-9835-8ab5a16371ae,2,0,2,20,1,1768800221,2026-01-19 00:24:27
66ddd369-0aca-11e7-82f6-3863bb44ef7c,60,51,8,5,1,1768800221,2026-01-19 00:24:27
8fa2fafb-fa07-48b2-b159-bffbea7176d4,3,3,0,16,1,1768800224,2026-01-19 00:24:27
88e64257-298c-4b8d-8886-77b9b66dcec1,17,3,14,35,1,1768800224,2026-01-19 00:24:27
66dde914-0aca-11e7-82f6-3863bb44ef7c,29,14,15,2,1,1768800224,2026-01-19 00:24:27
1828969515711812276,5,2,3,14,1,1768800224,2026-01-19 00:24:27
a33a2d11-33a5-46ad-a086-5698ac17b7b4,26,4,22,7,1,1768800225,2026-01-19 00:24:27
f3c68cfb-52fd-48c8-b6e5-85c179fee0b3,13,6,7,8,1,1768800225,2026-01-19 00:24:27
1786375069262703476,25,7,18,2,1,1768800225,2026-01-19 00:24:27
625711ba-3b5d-46a7-a8f9-7f4eb17ec1be,3,3,0,17,1,1768800226,2026-01-19 00:24:27
66dc1beb-0aca-11e7-82f6-3863bb44ef7c,20,11,9,81,1,1768800227,2026-01-19 00:24:27
2124382079594320876,8,4,4,6,1,1768800227,2026-01-19 00:24:27
158e7752-27e2-4912-be0b-eb15405aa096,6,2,4,13,1,1768800227,2026-01-19 00:24:27
821b19c1-ab13-4482-9580-770288a377a7,2,2,0,40,1,1768800227,2026-01-19 00:24:27
ad17bd9a-735b-4a11-8ad3-dc7800e342af,23,10,13,13,1,1768800227,2026-01-19 00:24:27
623c9658-5544-4254-847e-738763cf45a3,3,0,3,16,1,1768800227,2026-01-19 00:24:27
1885439359712500016,1,0,1,18,1,1768800227,2026-01-19 00:24:27
66dde845-0aca-11e7-82f6-3863bb44ef7c,3,3,0,34,1,1768800227,2026-01-19 00:24:27
66dce5c9-0aca-11e7-82f6-3863bb44ef7c,2,1,1,15,1,1768800228,2026-01-19 00:24:27
66dea6e1-0aca-11e7-82f6-3863bb44ef7c,4,2,2,60,1,1768800228,2026-01-19 00:24:27
1834145330979754058,0,0,0,26,1,1768800228,2026-01-19 00:24:27
1057229c-f8f8-4014-80cd-f40421c61cf0,2,0,2,14,1,1768800229,2026-01-19 00:24:27
547cdccc-7864-4898-97c9-8798d924ef54,51,20,31,14,1,1768800229,2026-01-19 00:24:27
0e003543-3656-448f-8a93-029d265f2e26,27,10,17,7,1,1768800230,2026-01-19 00:24:27
44a80c48-c1a9-4ff1-92eb-6bf8be492f5e,10,8,2,9,1,1768800229,2026-01-19 00:24:27
15cb007b-bfca-4ad7-bfc6-44bf3d36785a,26,0,26,1,1,1768800230,2026-01-19 00:24:27
f15ccc6e-5a7c-46e7-b505-0bfc9cae3d83,7,1,6,20,1,1768800231,2026-01-19 00:24:27
66dbeded-0aca-11e7-82f6-3863bb44ef7c,14,6,8,10,1,1768800231,2026-01-19 00:24:27
66de5ace-0aca-11e7-82f6-3863bb44ef7c,9,3,6,11,1,1768800231,2026-01-19 00:24:27
2576805f-9732-4c74-8f1d-57715e8cdfa2,3,3,0,25,1,1768800229,2026-01-19 00:24:27
66db40ef-0aca-11e7-82f6-3863bb44ef7c,45,42,3,11,1,1768800229,2026-01-19 00:24:27
66dea596-0aca-11e7-82f6-3863bb44ef7c,3,3,0,19,1,1768800229,2026-01-19 00:24:27
fd081854-3f37-420a-9785-ea63c09c12ad,2,0,2,17,1,1768800231,2026-01-19 00:24:27
66de0933-0aca-11e7-82f6-3863bb44ef7c,21,0,21,5,1,1768800231,2026-01-19 00:24:27
9c147c77-11da-4d0b-8a21-a8042ec8031b,3,0,3,15,1,1768800213,2026-01-19 00:24:27
668ef22c-4665-4f42-bf6a-ab9e8a2899b1,14,5,9,8,1,1768800218,2026-01-19 00:24:27
d33261e6-600e-4756-ad03-a9facbd8ace1,12,0,12,9,1,1768800222,2026-01-19 00:24:27
66dbf518-0aca-11e7-82f6-3863bb44ef7c,18,16,2,9,1,1768800222,2026-01-19 00:24:27
66dc0cc7-0aca-11e7-82f6-3863bb44ef7c,14,6,8,37,1,1768800222,2026-01-19 00:24:27
afc79a38-e26d-48f7-94e4-d0aca8fd1c49,3,3,0,13,1,1768800223,2026-01-19 00:24:27
2126579471787670468,10,4,6,12,1,1768800232,2026-01-19 00:24:27
66db7637-0aca-11e7-82f6-3863bb44ef7c,22,14,8,20,1,1768800232,2026-01-19 00:24:27
eafa19ed-88c2-4efc-bd73-3961f85b6063,23,15,8,16,1,1768800232,2026-01-19 00:24:27
36b55a0f-e55d-4849-859a-09b3273fb782,12,0,12,9,1,1768800232,2026-01-19 00:24:27
203d7b9a-8666-4af1-81c7-f9fc36aa0952,1,1,0,16,1,1768800235,2026-01-19 00:24:27
66dbf4ac-0aca-11e7-82f6-3863bb44ef7c,19,10,9,23,1,1768800236,2026-01-19 00:24:27
eb41a103-0196-4f19-a440-256167191a7d,0,1,0,15,1,1768800236,2026-01-19 00:24:27
2743a950-3a1f-4a58-8fe0-f4105033e0e3,4,2,2,15,1,1768800236,2026-01-19 00:24:27
0f536c08-dde3-40af-a66d-1fe1e7edecd2,4,1,3,17,1,1768800236,2026-01-19 00:24:27
66dbc551-0aca-11e7-82f6-3863bb44ef7c,16,15,1,37,1,1768800234,2026-01-19 00:24:27
1880644160834607498,22,13,9,3,1,1768800234,2026-01-19 00:24:27
bb32aad7-8308-4ff8-b073-d5b518ffdd09,0,0,0,39,1,1768800234,2026-01-19 00:24:27
1893622839585237496,10,8,2,62,1,1768800232,2026-01-19 00:24:27
1875672501601550456,3,2,1,15,1,1768800233,2026-01-19 00:24:27
66ddeffd-0aca-11e7-82f6-3863bb44ef7c,7,0,7,10,1,1768800233,2026-01-19 00:24:27
e8df73bd-5d3d-47c9-b04d-bcec4db5540f,54,3,51,6,1,1768800236,2026-01-19 00:24:27
9e5fd5b6-c5f2-4694-9406-a44b7d0146d9,32,14,18,3,1,1768800237,2026-01-19 00:24:27
66dcbbfe-0aca-11e7-82f6-3863bb44ef7c,7,3,4,10,1,1768800234,2026-01-19 00:24:27
7603028c-8b04-4918-8a25-a087ce57aea4,9,3,6,22,1,1768800234,2026-01-19 00:24:27
2124037775602344266,5,2,3,10,1,1768800234,2026-01-19 00:24:27
ecc52c52-e2d9-4e73-8f9c-18ad8e9b0606,9,6,3,9,1,1768800234,2026-01-19 00:24:27
1893542109140147108,4,2,2,16,1,1768800235,2026-01-19 00:24:27
1835247196073118026,12,0,12,6,1,1768800234,2026-01-19 00:24:27
b94d0241-bce7-44a9-ab1c-ece0740a4134,11,7,4,7,1,1768800233,2026-01-19 00:24:27
1884688942632618210,19,19,0,5,1,1768800234,2026-01-19 00:24:27
0dc63044-e19c-474d-9df1-c3e504d03b07,10,8,2,35,1,1768800233,2026-01-19 00:24:27
66dbc60f-0aca-11e7-82f6-3863bb44ef7c,8,7,1,0,1,1768800233,2026-01-19 00:24:27
ca4795a2-6ab3-4597-bf59-f0155ac1637c,29,4,25,37,1,1768800235,2026-01-19 00:24:27
341730d7-a61d-499d-8c07-fa015f644e54,78,66,12,3,1,1768800235,2026-01-19 00:24:27
1828966104320053340,13,2,11,6,1,1768800232,2026-01-19 00:24:27
66dc1c5c-0aca-11e7-82f6-3863bb44ef7c,52,26,26,25,1,1768800236,2026-01-19 00:24:27
1e83ffdc-8e72-45c0-8210-4f37e60505c9,8,0,8,26,1,1768800236,2026-01-19 00:24:27
c46a2889-258b-4fc5-a452-1d4e7dfe683a,1,0,1,15,1,1768800237,2026-01-19 00:24:27
38bb1218-0a9e-41d9-b2ef-25c8626dac29,19,2,17,1,1,1768800237,2026-01-19 00:24:27
66dd491c-0aca-11e7-82f6-3863bb44ef7c,10,9,1,25,1,1768800237,2026-01-19 00:24:27
3c6c0d12-80dd-4c49-b7c5-e3549588b8cf,13,4,9,14,1,1768800237,2026-01-19 00:24:27
993fc83f-52c6-43f4-bb49-4abe4ad48150,7,7,0,14,1,1768800237,2026-01-19 00:24:27
5dc8ddac-979e-4ae5-b879-3670cca7482d,16,8,8,4,1,1768800237,2026-01-19 00:24:27
28be450b-7878-4495-add2-61afd94f375a,14,7,7,5,1,1768800237,2026-01-19 00:24:27
66dcf0b3-0aca-11e7-82f6-3863bb44ef7c,11,4,7,16,1,1768800237,2026-01-19 00:24:27
66dbe8d6-0aca-11e7-82f6-3863bb44ef7c,13,7,6,38,1,1768800238,2026-01-19 00:24:27
062ffe5a-aa91-412d-8210-23d562c7e7f8,1,1,0,17,1,1768800238,2026-01-19 00:24:27
66dc8b6a-0aca-11e7-82f6-3863bb44ef7c,43,7,36,7,1,1768800238,2026-01-19 00:24:27
b0239a13-649a-4d31-aa04-56b8aaeba4d4,0,0,0,18,1,1768800238,2026-01-19 00:24:27
c1c33a35-751f-4dd6-baef-82db46f7ab46,0,0,0,0,0,86400,2026-01-19 00:24:27
1954778813955578360,0,0,0,0,0,86400,2026-01-19 00:24:27
067d5007-bda5-4697-b0a2-ccc2837f295c,0,0,0,0,0,86400,2026-01-19 00:24:27
1906248765431831024,0,0,0,0,0,86400,2026-01-19 00:24:27
308e055a-b8aa-447d-8803-8677c88af0ba,0,0,0,0,0,86400,2026-01-19 00:24:27
66db316a-0aca-11e7-82f6-3863bb44ef7c,0,0,0,0,0,86400,2026-01-19 00:24:27
aa8fc8b7-b66c-41d9-9885-30b8af599378,0,0,0,0,0,86400,2026-01-19 00:24:27
2171904301452603832,0,0,0,0,0,86400,2026-01-19 00:24:27
2124037384760320326,0,0,0,0,0,86400,2026-01-19 00:24:27
2126224759932600578,1,0,1,8,1,1768799978,2026-01-19 00:24:27
66dc78c4-0aca-11e7-82f6-3863bb44ef7c,0,0,0,18,0,1768767862,2026-01-19 00:24:27
1989279523593928720,0,0,0,3,0,1768783758,2026-01-19 00:24:27
2122552934440059494,0,0,0,18,1,1768800079,2026-01-19 00:24:27
66dc4bd9-0aca-11e7-82f6-3863bb44ef7c,96,84,12,2,1,1768800117,2026-01-19 00:24:27
3bdd81c8-3112-45e6-ae72-11a3f4fa5921,9,9,0,15,1,1768800117,2026-01-19 00:24:27
dfe2c398-ff5c-4a8d-83c8-fa18801540d8,12,0,12,9,1,1768800119,2026-01-19 00:24:27
72796825-88b1-43a0-bb6d-2b41d337b1fc,10,0,10,20,1,1768800119,2026-01-19 00:24:27
b3a9057e-7ff6-4117-b96e-e71c173cf1e9,12,4,8,4,1,1768800119,2026-01-19 00:24:27
454b4a83-d0b1-42a2-8163-261e2a9d6ab9,8,7,1,70,1,1768800120,2026-01-19 00:24:27
cae4f2f4-9642-474c-95cc-6cc07592f120,13,9,4,19,1,1768800125,2026-01-19 00:24:27
1817433126359581672,11,2,9,11,1,1768800123,2026-01-19 00:24:27
66db4351-0aca-11e7-82f6-3863bb44ef7c,47,22,25,29,1,1768800123,2026-01-19 00:24:27
66dcc65c-0aca-11e7-82f6-3863bb44ef7c,1,0,1,15,1,1768800121,2026-01-19 00:24:27
42bf7170-61ab-44a0-aafe-1b89d7271718,13,9,4,15,1,1768800121,2026-01-19 00:24:27
9505c2b7-0c3a-4791-8471-d2092a86291f,18,0,18,3,1,1768800122,2026-01-19 00:24:27
1836581628905160976,7,3,4,14,1,1768800121,2026-01-19 00:24:27
05969d95-8a64-4007-abf1-afb847f2d426,13,7,6,10,1,1768800126,2026-01-19 00:24:27
66dd4051-0aca-11e7-82f6-3863bb44ef7c,11,7,4,38,1,1768800126,2026-01-19 00:24:27
66dba0ba-0aca-11e7-82f6-3863bb44ef7c,10,2,8,27,1,1768800127,2026-01-19 00:24:27
66de1af4-0aca-11e7-82f6-3863bb44ef7c,16,12,4,16,1,1768800121,2026-01-19 00:24:27
1ddadf67-ae08-4e86-bdda-236629b9eabd,16,7,9,9,1,1768800125,2026-01-19 00:24:27
88c1303b-3349-4591-bf08-c7e40cf3537a,16,1,15,29,1,1768800127,2026-01-19 00:24:27
672d71ab-2c23-4bd2-9ed2-34e54aa4b5b5,3,2,1,12,1,1768800127,2026-01-19 00:24:27
1835250318514342456,8,0,8,19,1,1768800131,2026-01-19 00:24:27
cdb6e2aa-4da3-4ed7-9b13-ce626addf6b0,18,13,5,32,1,1768800131,2026-01-19 00:24:27
c04cef84-3fcd-4fd9-9e40-8e07453dbe19,2,0,2,13,1,1768800131,2026-01-19 00:24:27
66dbf73d-0aca-11e7-82f6-3863bb44ef7c,31,25,6,3,1,1768800128,2026-01-19 00:24:27
7e7d974c-a6ec-4d9a-b4ed-01a4d2056d8b,1,0,1,17,1,1768800128,2026-01-19 00:24:27
160e21da-6dd2-47ff-8385-e13c8cdce4fa,25,1,24,0,1,1768800129,2026-01-19 00:24:27
1860189426558126796,7,0,7,14,1,1768800131,2026-01-19 00:24:27
66dd470b-0aca-11e7-82f6-3863bb44ef7c,23,12,11,23,1,1768800132,2026-01-19 00:24:27
2121033124458338894,11,2,9,4,1,1768800136,2026-01-19 00:24:27
1843486301383097150,3,0,3,22,1,1768800137,2026-01-19 00:24:27
5cb3a92d-f284-477c-bf63-ea72d24e8a7d,11,1,10,3,1,1768800137,2026-01-19 00:24:27
add829db-2feb-4e81-af61-056791a6e53b,15,13,2,13,1,1768800133,2026-01-19 00:24:27
66dc0d3a-0aca-11e7-82f6-3863bb44ef7c,7,2,5,10,1,1768800132,2026-01-19 00:24:27
1835249964093653018,3,1,2,20,1,1768800135,2026-01-19 00:24:27
66dbf442-0aca-11e7-82f6-3863bb44ef7c,19,11,8,59,1,1768800139,2026-01-19 00:24:27
1828966882896859944,3,1,2,14,1,1768800139,2026-01-19 00:24:27
66dcf897-0aca-11e7-82f6-3863bb44ef7c,13,7,6,15,1,1768800139,2026-01-19 00:24:27
74e104fb-1ddc-4f3e-a60b-220b6c4f300b,1,0,1,14,1,1768800139,2026-01-19 00:24:27
6bc5598a-9eb8-44d2-adc0-d93b93af1924,18,5,13,0,1,1768800140,2026-01-19 00:24:27
e35494b4-5811-4d2a-87de-4430e56bce2d,0,0,0,18,1,1768800140,2026-01-19 00:24:27
c05cd2e2-74e8-4526-a62b-d631e005fdd8,16,1,15,9,1,1768800140,2026-01-19 00:24:27
16280b32-7e5b-4a18-930b-212eac10faaa,2,2,0,17,1,1768800140,2026-01-19 00:24:27
ab40ffde-f331-4194-adab-cb8c60b63f28,2,0,2,22,1,1768800143,2026-01-19 00:24:27
de0c1800-f7cc-41b4-ab7a-c9d219180d06,16,12,4,42,1,1768800143,2026-01-19 00:24:27
1817432787057164808,17,11,6,0,1,1768800138,2026-01-19 00:24:27
4223f276-a4d4-45e0-b914-67f5ef1e81ba,3,1,2,19,1,1768800138,2026-01-19 00:24:27
5adcaaaf-5386-441d-827c-8d65c4f4405e,3,2,1,16,1,1768800138,2026-01-19 00:24:27
a35d03cf-bd72-4da4-a4ac-bd25b3f8dce3,6,0,6,13,1,1768800142,2026-01-19 00:24:27
60a061d5-d984-4573-af3c-2054f4f59e94,7,4,3,11,1,1768800142,2026-01-19 00:24:27
897e8739-ee1d-4b2e-b151-ad7e64e87697,14,0,14,17,1,1768800143,2026-01-19 00:24:27
1848241332086049696,0,0,0,21,1,1768800144,2026-01-19 00:24:27
08b9c491-a589-4e75-996c-2455c26fb356,3,2,1,16,1,1768800141,2026-01-19 00:24:27
66dc0c53-0aca-11e7-82f6-3863bb44ef7c,13,5,8,8,1,1768800141,2026-01-19 00:24:27
66dcbefb-0aca-11e7-82f6-3863bb44ef7c,10,4,6,7,1,1768800133,2026-01-19 00:24:27
9157a3bc-43fa-4221-8bb8-17273fc09540,21,13,8,3,1,1768800133,2026-01-19 00:24:27
88bf1344-354f-4699-bdbd-1c2584fc41ee,30,6,24,5,1,1768800142,2026-01-19 00:24:27
1815967313905864892,8,3,5,8,1,1768800141,2026-01-19 00:24:27
66db237e-0aca-11e7-82f6-3863bb44ef7c,13,5,8,39,1,1768800148,2026-01-19 00:24:27
38975061-0d90-43a3-87c1-8905b374d5d9,15,0,15,9,1,1768800148,2026-01-19 00:24:27
e71d152c-c2df-4d3e-a9af-139f2529bac6,16,2,14,2,1,1768800149,2026-01-19 00:24:27
8cb0375d-bcb2-4c90-9773-41c3c8fdf8d8,7,3,4,74,1,1768800145,2026-01-19 00:24:27
66de2131-0aca-11e7-82f6-3863bb44ef7c,25,25,0,12,1,1768800146,2026-01-19 00:24:27
0e82ab9f-8c93-4302-b9df-342f8135a05c,19,0,19,1,1,1768800146,2026-01-19 00:24:27
ed1199e4-d9a6-4d9e-8c81-62bcd7510a11,25,16,9,4,1,1768800146,2026-01-19 00:24:27
bfea6c5b-2e1a-42c5-8199-2ded6042d57b,13,1,12,10,1,1768800146,2026-01-19 00:24:27
66de1580-0aca-11e7-82f6-3863bb44ef7c,17,16,1,22,1,1768800146,2026-01-19 00:24:27
21361381-fd4a-44a4-bfa7-61f075192ce9,4,2,2,20,1,1768800147,2026-01-19 00:24:27
2170352212111402482,32,16,16,38,1,1768800147,2026-01-19 00:24:27
8c700e85-cfdb-4eef-ba49-53bd69c004ed,10,5,5,9,1,1768800150,2026-01-19 00:24:27
66ddb7bf-0aca-11e7-82f6-3863bb44ef7c,24,24,0,24,1,1768800150,2026-01-19 00:24:27
1875413335585534272,3,1,2,15,1,1768800150,2026-01-19 00:24:27
66dc36c3-0aca-11e7-82f6-3863bb44ef7c,61,25,36,19,1,1768800148,2026-01-19 00:24:27
bd318c15-5c3d-4e72-9837-3b4bd37707e0,1,0,1,17,1,1768800148,2026-01-19 00:24:27
1846086768160082632,22,1,21,3,1,1768800148,2026-01-19 00:24:27
7a701539-2c10-4abe-803f-525785ebb7fb,2,1,1,17,1,1768800148,2026-01-19 00:24:27
1836581714456697424,11,4,7,12,1,1768800147,2026-01-19 00:24:27
66dd8bd9-0aca-11e7-82f6-3863bb44ef7c,12,7,5,12,1,1768800146,2026-01-19 00:24:27
0096fecb-3a56-4585-9204-aa9554f7bc49,17,5,12,28,1,1768800151,2026-01-19 00:24:27
2053867202510006310,19,1,18,1,1,1768800152,2026-01-19 00:24:27
c01a9c97-6c04-4e3f-ad0b-958801d94ca1,13,2,11,1,1,1768800152,2026-01-19 00:24:27
2a47ef14-1cbe-4ec6-841d-cc277627fe20,25,19,6,1,1,1768800152,2026-01-19 00:24:27
1869754328201607270,1,1,0,16,1,1768800153,2026-01-19 00:24:27
39112ced-337f-4b71-9df6-291cd4265cc9,19,0,19,3,1,1768800153,2026-01-19 00:24:27
66dd1b65-0aca-11e7-82f6-3863bb44ef7c,1,0,1,56,1,1768800153,2026-01-19 00:24:27
c5861c24-5ac1-41df-82f1-31748d03e868,51,32,19,14,1,1768800154,2026-01-19 00:24:27
5d049d4b-0736-4323-834a-1b2454bd6551,17,15,2,7,1,1768800154,2026-01-19 00:24:27
66de5d57-0aca-11e7-82f6-3863bb44ef7c,6,2,4,17,1,1768800151,2026-01-19 00:24:27
9e3603ee-2b7d-4147-a7b5-48bbd778902c,42,34,8,19,1,1768800155,2026-01-19 00:24:27
96cf4c1a-db2c-4d4b-af34-c31281b5904b,11,4,7,7,1,1768800155,2026-01-19 00:24:27
1835249854657874848,3,0,3,14,1,1768800155,2026-01-19 00:24:27
e6a32ec8-fc8b-4ed6-93a2-3ace3921b89d,9,6,3,15,1,1768800151,2026-01-19 00:24:27
3bf91ca1-14fd-4e51-858e-36a203f1af2a,0,0,0,15,1,1768800152,2026-01-19 00:24:27
4780d9d1-b886-4e72-9d18-cb152f73e10a,4,3,1,16,1,1768800160,2026-01-19 00:24:27
1869754004195029842,1,1,0,20,1,1768800161,2026-01-19 00:24:27
1789e458-c466-4d77-aba6-365f5c3823ed,11,1,10,8,1,1768800161,2026-01-19 00:24:27
1823008917260927616,17,5,12,6,1,1768800159,2026-01-19 00:24:27
138094a0-cd7d-4014-9b21-4fb2afd3980e,10,4,6,15,1,1768800160,2026-01-19 00:24:27
eef98eb6-f550-49f9-a910-4d2863e6a591,6,6,0,12,1,1768800160,2026-01-19 00:24:27
533f25a0-514f-456f-9d87-5fdcb4ee42f4,1,1,0,16,1,1768800156,2026-01-19 00:24:27
66dc28bd-0aca-11e7-82f6-3863bb44ef7c,8,1,7,48,1,1768800156,2026-01-19 00:24:27
1828969417249358046,9,4,5,11,1,1768800157,2026-01-19 00:24:27
20f3a578-4dfa-45ca-a917-b394d77ee08e,11,1,10,12,1,1768800157,2026-01-19 00:24:27
7dcc5a03-5997-4250-9207-fa8b6f027c86,16,7,9,12,1,1768800158,2026-01-19 00:24:27
2126274178538511162,8,2,6,3,1,1768800162,2026-01-19 00:24:27
141ba25c-f4ea-4cec-ae7e-022401e23087,4,4,0,9,1,1768800158,2026-01-19 00:24:27
6c3b486e-603c-4158-91ac-adc06ac01535,10,0,10,15,1,1768800159,2026-01-19 00:24:27
2126624772423916318,5,1,4,4,1,1768800164,2026-01-19 00:24:27
66dcbb2c-0aca-11e7-82f6-3863bb44ef7c,12,2,10,11,1,1768800164,2026-01-19 00:24:27
66dd9213-0aca-11e7-82f6-3863bb44ef7c,5,4,1,38,1,1768800163,2026-01-19 00:24:27
b94cc90e-9ca2-4471-8371-23be051e0157,8,1,7,69,1,1768800163,2026-01-19 00:24:27
1914337145288845316,15,4,11,5,1,1768800163,2026-01-19 00:24:27
66de1f17-0aca-11e7-82f6-3863bb44ef7c,29,29,0,5,1,1768800163,2026-01-19 00:24:27
1e226f22-034f-4b99-8184-a8eaa591fbd8,35,21,14,12,1,1768800163,2026-01-19 00:24:27
079b5a90-1d2b-40b2-b1e9-71c075f16b89,10,8,2,5,1,1768800165,2026-01-19 00:24:27
66dde559-0aca-11e7-82f6-3863bb44ef7c,31,30,1,3,1,1768800165,2026-01-19 00:24:27
98af0e1d-ea33-4c6e-95fe-97846e81081e,15,11,4,5,1,1768800171,2026-01-19 00:24:27
0579ff13-5d5b-4cbd-bc6e-3e9396591aef,3,0,3,15,1,1768800172,2026-01-19 00:24:27
1945125793810207148,2,2,0,11,1,1768800166,2026-01-19 00:24:27
cbcbd880-9662-4ab1-b530-781bb101ed1f,1,1,0,16,1,1768800167,2026-01-19 00:24:27
78ec2f0d-c309-46d4-8808-7eb1a0674e38,5,0,5,24,1,1768800167,2026-01-19 00:24:27
40042fb4-6ddd-4f74-bb52-5af3e4e08c8d,22,6,16,1,1,1768800167,2026-01-19 00:24:27
e15a5c77-70b0-4b9d-9eae-f10ddda7d994,3,3,0,18,1,1768800167,2026-01-19 00:24:27
66dbc6ae-0aca-11e7-82f6-3863bb44ef7c,12,10,2,51,1,1768800168,2026-01-19 00:24:27
30985a9c-afe4-4b98-a72c-2c72bb35603e,6,5,1,10,1,1768800167,2026-01-19 00:24:27
66dc7957-0aca-11e7-82f6-3863bb44ef7c,41,31,10,35,1,1768800171,2026-01-19 00:24:27
d56a8542-048a-4aca-ac7f-f27a9e6c908b,3,1,2,22,1,1768800169,2026-01-19 00:24:27
1900647078394106472,6,4,2,11,1,1768800169,2026-01-19 00:24:27
daaa3ac1-594c-48d2-9431-a8ced305ed5a,3,3,0,15,1,1768800166,2026-01-19 00:24:27
18d980e5-ba08-4bc3-832e-03eb71865768,21,16,5,2,1,1768800166,2026-01-19 00:24:27
36ddce8f-bd83-4a05-b601-b526fb4d8628,2,1,1,15,1,1768800166,2026-01-19 00:24:27
66dd4981-0aca-11e7-82f6-3863bb44ef7c,17,5,12,9,1,1768800166,2026-01-19 00:24:27
66de1448-0aca-11e7-82f6-3863bb44ef7c,14,10,4,14,1,1768800166,2026-01-19 00:24:27
30d6520e-b612-4240-a9ff-eec12b02b263,6,1,5,12,1,1768800171,2026-01-19 00:24:27
6a671276-d345-4a4c-a7df-98f5dbb19e4c,11,9,2,9,1,1768800171,2026-01-19 00:24:27
66ddb595-0aca-11e7-82f6-3863bb44ef7c,2,1,1,15,1,1768800171,2026-01-19 00:24:27
77a498ea-5693-46cc-a4b1-6e428f574797,17,2,15,9,1,1768800175,2026-01-19 00:24:27
de449a58-0edf-4d36-91b4-4b313576e945,8,0,8,6,1,1768800176,2026-01-19 00:24:27
557f8d40-dec1-4c61-bd03-a0d1a6ea0e4b,24,9,15,4,1,1768800176,2026-01-19 00:24:27
8f9ce302-2a6d-443c-8fe0-625b20021ea2,13,1,12,11,1,1768800175,2026-01-19 00:24:27
ab5585c8-c2cf-4bab-96cf-d02eced4f6e3,15,13,2,30,1,1768800176,2026-01-19 00:24:27
1851955603137491568,29,2,27,3,1,1768800176,2026-01-19 00:24:27
1828968199249922252,3,3,0,18,1,1768800177,2026-01-19 00:24:27
66de27da-0aca-11e7-82f6-3863bb44ef7c,22,13,9,3,1,1768800177,2026-01-19 00:24:27
66dd25e0-0aca-11e7-82f6-3863bb44ef7c,14,7,7,8,1,1768800178,2026-01-19 00:24:27
653ba606-f397-41e6-adc4-f775bf2d0c9f,12,1,11,10,1,1768800172,2026-01-19 00:24:27
833bc8bc-3c32-4481-9c14-9a88aa7accec,19,3,16,19,1,1768800172,2026-01-19 00:24:27
66dd1ad8-0aca-11e7-82f6-3863bb44ef7c,43,1,42,10,1,1768800172,2026-01-19 00:24:27
062f0ac2-b3b6-4c15-b470-92ce9b592635,13,0,13,3,1,1768800173,2026-01-19 00:24:27
66dc7b10-0aca-11e7-82f6-3863bb44ef7c,9,9,0,71,1,1768800173,2026-01-19 00:24:27
1d8e51b0-8131-4c1f-93fb-f04952c157c0,20,14,6,7,1,1768800173,2026-01-19 00:24:27
d319629d-63cf-4765-9f69-5569f35d6469,9,3,6,10,1,1768800174,2026-01-19 00:24:27
50e05a9f-dce6-4315-a10d-1fa786fc18ee,3,2,1,48,1,1768800174,2026-01-19 00:24:27
66dc3a1a-0aca-11e7-82f6-3863bb44ef7c,2,1,1,49,1,1768800175,2026-01-19 00:24:27
1ec7ef9f-ab60-4a64-821d-883ba547273a,0,0,0,18,1,1768800175,2026-01-19 00:24:27
1838617691511229014,2,1,1,23,1,1768800176,2026-01-19 00:24:27
0f51cb84-e386-44ac-947f-a969f7617d17,18,8,10,6,1,1768800176,2026-01-19 00:24:27
66dd4de9-0aca-11e7-82f6-3863bb44ef7c,2,0,2,52,1,1768800175,2026-01-19 00:24:27
66db8c10-0aca-11e7-82f6-3863bb44ef7c,21,3,18,11,1,1768800175,2026-01-19 00:24:27
19002a4c-3229-450b-ad69-76948696e60d,1,0,1,17,1,1768800173,2026-01-19 00:24:27
b1f67e5c-7c26-4bf3-a90e-1500a3160d60,7,0,7,15,1,1768800177,2026-01-19 00:24:27
96a4da57-107a-43d1-8828-4749d5555461,0,0,0,29,1,1768800179,2026-01-19 00:24:27
66db3a1e-0aca-11e7-82f6-3863bb44ef7c,13,11,2,7,1,1768800179,2026-01-19 00:24:27
af626e61-9f83-4602-a9b1-038b1c1430e6,17,2,15,1,1,1768800179,2026-01-19 00:24:27
66de06ef-0aca-11e7-82f6-3863bb44ef7c,22,2,20,0,1,1768800179,2026-01-19 00:24:27
9e99abca-c679-4788-9a4e-39066660bd6a,16,9,7,2,1,1768800184,2026-01-19 00:24:27
01a1343d-9c7b-4a83-8a5a-a600187f19c4,2,1,1,27,1,1768800184,2026-01-19 00:24:27
99d149f9-ad40-461e-beea-fcbf086f9b5a,5,2,3,59,1,1768800184,2026-01-19 00:24:27
1817627670084542818,7,3,4,15,1,1768800185,2026-01-19 00:24:27
2039088532741595744,50,23,27,2,1,1768800179,2026-01-19 00:24:27
c0df5c09-2c07-4689-9fe8-36ed81301d7d,1,0,1,20,1,1768800180,2026-01-19 00:24:27
4753c1ba-a86e-431e-94fb-06403cdee4d7,16,3,13,14,1,1768800180,2026-01-19 00:24:27
10c13fe2-34cb-4aff-bea1-4f5ce877769b,6,4,2,12,1,1768800180,2026-01-19 00:24:27
66de07ec-0aca-11e7-82f6-3863bb44ef7c,20,1,19,2,1,1768800185,2026-01-19 00:24:27
1860187692409078310,4,0,4,18,1,1768800185,2026-01-19 00:24:27
943be327-0320-4ae1-8eb0-8a56f86a4fb6,8,6,2,12,1,1768800185,2026-01-19 00:24:27
1861682960046954694,20,17,3,2,1,1768800185,2026-01-19 00:24:27
b636a06c-c10e-417a-ac22-14cadb8f8993,16,5,11,2,1,1768800185,2026-01-19 00:24:27
1820420129807491554,12,0,12,6,1,1768800185,2026-01-19 00:24:27
1e590819-53fd-415c-bc28-aed605ad3bcb,7,0,7,9,1,1768800185,2026-01-19 00:24:27
66de4c32-0aca-11e7-82f6-3863bb44ef7c,16,4,12,2,1,1768800181,2026-01-19 00:24:27
24f431ca-c2a5-46be-966b-b8d4c3e4b346,2,1,1,12,1,1768800182,2026-01-19 00:24:27
1882735162923150168,18,2,16,5,1,1768800182,2026-01-19 00:24:27
66db3aa3-0aca-11e7-82f6-3863bb44ef7c,34,32,2,17,1,1768800182,2026-01-19 00:24:27
fbb2d76c-1d47-4fb1-9c07-622fcace38a5,22,0,22,6,1,1768800181,2026-01-19 00:24:27
1861680103893703034,2,2,0,16,1,1768800183,2026-01-19 00:24:27
904930bd-2671-4695-9c1a-8a894b041129,21,20,1,44,1,1768800183,2026-01-19 00:24:27
16e17ca1-b2dc-47d0-8c8b-199cb4736fe7,8,4,4,11,1,1768800183,2026-01-19 00:24:27
026fd07d-d810-45dc-9237-a3d84dce4fa9,10,2,8,11,1,1768800183,2026-01-19 00:24:27
5b0b689f-9bd2-4743-b4cc-d4629a9a709b,19,3,16,3,1,1768800181,2026-01-19 00:24:27
ab79da3d-f92a-42de-a76d-e05b5d7e724c,3,3,0,11,1,1768800181,2026-01-19 00:24:27
2126622876727162948,5,0,5,4,1,1768800181,2026-01-19 00:24:27
6fcad2af-c3e2-47a4-8942-023ae4047e67,16,11,5,1,1,1768800183,2026-01-19 00:24:27
490ca6cc-c2a2-4838-acf0-4704ed60dc51,42,35,7,9,1,1768800182,2026-01-19 00:24:27
66dea4bf-0aca-11e7-82f6-3863bb44ef7c,32,11,21,9,1,1768800184,2026-01-19 00:24:27
01f01352-50d4-484e-a611-576b18ac373a,23,6,17,11,1,1768800186,2026-01-19 00:24:27
66dccd65-0aca-11e7-82f6-3863bb44ef7c,18,0,18,7,1,1768800187,2026-01-19 00:24:27
e51c8b72-460f-41c2-a5ca-de85d3f46a30,19,7,12,35,1,1768800186,2026-01-19 00:24:27
531e6d94-5f4c-4ef0-9c83-47191be9d8f9,0,0,0,17,1,1768800187,2026-01-19 00:24:27
66dde9af-0aca-11e7-82f6-3863bb44ef7c,8,3,5,16,1,1768800187,2026-01-19 00:24:27
bdefa3e3-aa5a-40eb-b7f8-542de55063e9,2,2,0,16,1,1768800187,2026-01-19 00:24:27
a11a0000-19cf-4053-b3a1-3a5886d7446c,17,2,15,21,1,1768800187,2026-01-19 00:24:27
8fc95e31-b025-4d2b-b5aa-240465366480,6,5,1,15,1,1768800188,2026-01-19 00:24:27
b6a4770e-9077-4a0e-a0fb-b45b1d457559,39,19,20,19,1,1768800187,2026-01-19 00:24:27
66dc73b0-0aca-11e7-82f6-3863bb44ef7c,11,8,3,28,1,1768800188,2026-01-19 00:24:27
1843486757863039016,15,5,10,5,1,1768800190,2026-01-19 00:24:27
1960020540642077008,45,44,1,3,1,1768800190,2026-01-19 00:24:27
4dde902d-512c-4e9e-8899-a68424ed87c0,10,1,9,23,1,1768800191,2026-01-19 00:24:27
412c1416-d15b-4e6a-9691-da4c3cc0d0d2,61,60,1,1,1,1768800191,2026-01-19 00:24:27
66db6aae-0aca-11e7-82f6-3863bb44ef7c,5,2,3,75,1,1768800192,2026-01-19 00:24:27
6853d09a-cbd8-4378-bc23-02e8bba0b4da,5,3,2,17,1,1768800188,2026-01-19 00:24:27
43eac213-4603-4bc2-b6d6-b45013396282,29,18,11,10,1,1768800189,2026-01-19 00:24:27
66dde2d9-0aca-11e7-82f6-3863bb44ef7c,28,27,1,9,1,1768800189,2026-01-19 00:24:27
1597ea95-0b6b-425a-8d13-ed86ee0754b5,4,1,3,16,1,1768800190,2026-01-19 00:24:27
30a75e12-5327-48f0-8155-3925aa934054,9,9,0,9,1,1768800189,2026-01-19 00:24:27
9bd28b11-cf11-4938-abb2-dfa5ec800e32,28,1,27,1,1,1768800190,2026-01-19 00:24:27
b200a8bf-2d79-4511-9a16-ac41e7245622,23,3,20,0,1,1768800192,2026-01-19 00:24:27
1286480d-5d6d-4a47-9fac-e156dba2b6fc,56,32,24,1,1,1768800192,2026-01-19 00:24:27
ff2869f0-4381-4cf3-863e-a0d776ec53b4,91,48,43,0,1,1768800192,2026-01-19 00:24:27
1786698158713921798,38,17,21,4,1,1768800196,2026-01-19 00:24:27
2b848257-dc2e-4dd0-b840-d5e046972789,6,1,5,11,1,1768800196,2026-01-19 00:24:27
66dcf394-0aca-11e7-82f6-3863bb44ef7c,5,5,0,27,1,1768800196,2026-01-19 00:24:27
29b21bd8-2459-4727-b1f0-d73592db3321,7,3,4,21,1,1768800195,2026-01-19 00:24:27
6067af3d-f7ed-4149-a394-2fc2eb295872,56,21,35,3,1,1768800195,2026-01-19 00:24:27
17aeb1e3-fd18-4cf9-9473-17dfa5b0a312,12,6,6,9,1,1768800195,2026-01-19 00:24:27
1431ec5c-242d-401b-b672-dbf95155999b,2,0,2,14,1,1768800195,2026-01-19 00:24:27
f6c33f22-d650-4935-a928-fb693a828b5f,0,0,0,22,1,1768800197,2026-01-19 00:24:27
2af3ecc3-4f43-468a-a7cc-bb4804ee3e7a,15,13,2,39,1,1768800197,2026-01-19 00:24:27
66db32fb-0aca-11e7-82f6-3863bb44ef7c,21,5,16,74,1,1768800197,2026-01-19 00:24:27
1786698815186893280,15,2,13,19,1,1768800193,2026-01-19 00:24:27
2c2cdc55-52a3-4140-b4d3-8409a98f130f,13,5,8,12,1,1768800193,2026-01-19 00:24:27
d5788cfa-817e-4b65-b43f-edda222a3c3c,21,8,13,3,1,1768800198,2026-01-19 00:24:27
1835246815877178358,8,0,8,11,1,1768800199,2026-01-19 00:24:27
1828968994833044184,8,3,5,9,1,1768800199,2026-01-19 00:24:27
918af7b2-e05c-477a-a8c0-7dcff984c566,7,0,7,30,1,1768800194,2026-01-19 00:24:27
1860187301567054286,1,0,1,16,1,1768800194,2026-01-19 00:24:27
e7739b9e-7cc6-4cbb-98d3-669b8e2ae98b,7,1,6,14,1,1768800194,2026-01-19 00:24:27
1817432606668538118,11,9,2,13,1,1768800199,2026-01-19 00:24:27
66de56e5-0aca-11e7-82f6-3863bb44ef7c,23,5,18,3,1,1768800199,2026-01-19 00:24:27
9790606b-a00d-4d5e-b6ec-abd11c9d25b3,0,0,0,17,1,1768800199,2026-01-19 00:24:27
66db95e5-0aca-11e7-82f6-3863bb44ef7c,27,14,13,16,1,1768800200,2026-01-19 00:24:27
84b30f68-5404-453a-ae86-a2baff03a2c9,4,2,2,12,1,1768800200,2026-01-19 00:24:27
66dbea8d-0aca-11e7-82f6-3863bb44ef7c,11,0,11,36,1,1768800199,2026-01-19 00:24:27
66db3cab-0aca-11e7-82f6-3863bb44ef7c,14,3,11,15,1,1768800200,2026-01-19 00:24:27
97bcf094-ad77-4743-9c94-832c7300c090,8,6,2,11,1,1768800201,2026-01-19 00:24:27
bf5a9ad8-6725-4ade-967d-aba612d423bf,7,5,2,14,1,1768800202,2026-01-19 00:24:27
1b28836b-29fd-47a7-9a98-44cd792918fb,40,11,29,10,1,1768800202,2026-01-19 00:24:27
fdf21800-6106-4739-b7d5-b379b19e5732,6,0,6,13,1,1768800200,2026-01-19 00:24:27
66dc51e9-0aca-11e7-82f6-3863bb44ef7c,12,5,7,33,1,1768800200,2026-01-19 00:24:27
a4368364-fa79-493c-8478-1d3471a6077f,29,16,13,50,1,1768800201,2026-01-19 00:24:27
09b00240-4c2a-4900-9d09-f13344461c02,13,8,5,5,1,1768800202,2026-01-19 00:24:27
66de20c8-0aca-11e7-82f6-3863bb44ef7c,12,3,9,17,1,1768800202,2026-01-19 00:24:27
1791472201147965920,6,5,1,57,1,1768800202,2026-01-19 00:24:27
1786696251091417274,27,4,23,4,1,1768800203,2026-01-19 00:24:27
66dc91b5-0aca-11e7-82f6-3863bb44ef7c,13,4,9,30,1,1768800203,2026-01-19 00:24:27
66de2201-0aca-11e7-82f6-3863bb44ef7c,10,4,6,21,1,1768800203,2026-01-19 00:24:27
c7be2714-14db-421f-a19e-f6a7bf6e8d26,3,1,2,17,1,1768800203,2026-01-19 00:24:27
1861681435029604706,21,13,8,2,1,1768800204,2026-01-19 00:24:27
d473f31f-68f2-4777-a364-ed127db04345,7,4,3,9,1,1768800204,2026-01-19 00:24:27
66de6100-0aca-11e7-82f6-3863bb44ef7c,28,0,28,2,1,1768800204,2026-01-19 00:24:27
66db9845-0aca-11e7-82f6-3863bb44ef7c,47,33,14,6,1,1768800204,2026-01-19 00:24:27
eb6c2359-4825-4bf4-8f2d-8b6dd2bf4212,18,13,5,19,1,1768800204,2026-01-19 00:24:27
26568d39-db49-4354-a5c1-c81a3c856285,5,1,4,10,1,1768800204,2026-01-19 00:24:27
1931758629658304788,12,6,6,11,1,1768800205,2026-01-19 00:24:27
1823008749757202820,14,2,12,8,1,1768800205,2026-01-19 00:24:27
b1f3eb8c-07f9-479f-a8ab-f04e094bc7d0,9,3,6,11,1,1768800206,2026-01-19 00:24:27
66dbc8f5-0aca-11e7-82f6-3863bb44ef7c,47,30,17,25,1,1768800206,2026-01-19 00:24:27
bf093f72-1d8d-44ae-91b5-e36958a27976,8,5,3,12,1,1768800206,2026-01-19 00:24:27
bca594e5-779f-4866-bd6b-818871f97d38,11,3,8,19,1,1768800206,2026-01-19 00:24:27
1929513834381415014,7,1,6,13,1,1768800206,2026-01-19 00:24:27
66de2625-0aca-11e7-82f6-3863bb44ef7c,22,7,15,11,1,1768800206,2026-01-19 00:24:27
1828969851041055492,19,15,4,3,1,1768800206,2026-01-19 00:24:27
1877651952425321214,6,0,6,11,1,1768800209,2026-01-19 00:24:27
cd5e7c3e-c618-416a-ae99-b509bd56e1b2,13,3,10,13,1,1768800209,2026-01-19 00:24:27
c0b541ae-9e66-4739-babb-483180747dc2,4,1,3,13,1,1768800205,2026-01-19 00:24:27
1828968691399885056,13,3,10,3,1,1768800217,2026-01-19 00:24:27
2126621026154598618,9,1,8,3,1,1768800174,2026-01-19 00:24:27
1835247352748090208,1,1,0,22,1,1768800208,2026-01-19 00:24:27
1947313784686131504,9,0,9,5,1,1768800216,2026-01-19 00:24:27
720c0d64-7828-4dba-bff9-4d99f4e3a9fc,2,2,0,16,1,1768800217,2026-01-19 00:24:27
66dbf667-0aca-11e7-82f6-3863bb44ef7c,57,21,36,8,1,1768800212,2026-01-19 00:24:27
78e93937-53d1-4c9b-99ad-0460f908ed2d,9,9,0,15,1,1768800212,2026-01-19 00:24:27
1884599469785421928,33,32,1,4,1,1768800209,2026-01-19 00:24:27
59f0cb81-e31b-4ba9-9159-3437c52f7505,2,1,1,16,1,1768800209,2026-01-19 00:24:27
66dde079-0aca-11e7-82f6-3863bb44ef7c,18,15,3,25,1,1768800210,2026-01-19 00:24:27
1822663143025657920,21,5,16,3,1,1768800210,2026-01-19 00:24:27
66de1b5b-0aca-11e7-82f6-3863bb44ef7c,1,1,0,24,1,1768800210,2026-01-19 00:24:27
1913995167022829826,18,2,16,0,1,1768800211,2026-01-19 00:24:27
1794096976946852066,58,53,5,4,1,1768800211,2026-01-19 00:24:27
66dd4841-0aca-11e7-82f6-3863bb44ef7c,15,14,1,29,1,1768800211,2026-01-19 00:24:27
1960020817312746312,43,15,28,68,1,1768800211,2026-01-19 00:24:27
66dc8c90-0aca-11e7-82f6-3863bb44ef7c,5,2,3,17,1,1768800211,2026-01-19 00:24:27
66db8fde-0aca-11e7-82f6-3863bb44ef7c,40,19,21,11,1,1768800211,2026-01-19 00:24:27
c702c094-b08f-449d-a41d-b3724f147491,2,2,0,20,1,1768800206,2026-01-19 00:24:27
8a24490d-d5c5-4bac-9e36-56967834fc10,0,0,0,20,1,1768800207,2026-01-19 00:24:27
9e9acfaf-0bbf-4bc2-a825-b2befb6bee55,29,19,10,0,1,1768800207,2026-01-19 00:24:27
1d977221-b2b5-4fa2-bba0-b00136834fb3,4,0,4,14,1,1768800207,2026-01-19 00:24:27
1882736039096477712,35,19,16,3,1,1768800207,2026-01-19 00:24:27
403c310e-26d5-4db5-9928-13c38b25053d,10,9,1,14,1,1768800220,2026-01-19 00:24:27
2123940513700131194,6,5,1,9,1,1768800217,2026-01-19 00:24:27
348c5e65-cbc3-4da6-9856-fc253a0ba546,38,34,4,14,1,1768800220,2026-01-19 00:24:27
1c82b223-42ba-4d15-8e8a-bd8ae2a57cde,11,1,10,4,1,1768800221,2026-01-19 00:24:27
66dbce8a-0aca-11e7-82f6-3863bb44ef7c,53,18,35,8,1,1768800221,2026-01-19 00:24:27
66de47bf-0aca-11e7-82f6-3863bb44ef7c,16,10,6,1,1,1768800221,2026-01-19 00:24:27
876683ce-9bce-4fad-8d1c-6b331fa07b5c,22,2,20,23,1,1768800221,2026-01-19 00:24:27
1862787990429630662,5,4,1,13,1,1768800221,2026-01-19 00:24:27
9789dc0f-1eb6-4830-bda9-1ce5f1413e19,1,1,0,16,1,1768800221,2026-01-19 00:24:27
74a1dc19-f894-4246-99f1-476a92452995,8,3,5,18,1,1768800222,2026-01-19 00:24:27
2a9e2320-083d-4044-aedf-0c15ecfefe61,9,2,7,12,1,1768800207,2026-01-19 00:24:27
b90574d1-e9e7-45be-8adb-e38cb285fea5,1,0,1,16,1,1768800208,2026-01-19 00:24:27
1828967717120678322,11,0,11,12,1,1768800207,2026-01-19 00:24:27
c38e2cfc-04e6-419c-8bf8-d8713ccf6ea7,44,5,39,8,1,1768800208,2026-01-19 00:24:27
c9c09ed0-0a52-4d6a-a999-b0848874e51f,0,0,0,30,0,1768571529,2026-01-19 00:24:27
a1cf7115-8e38-4300-aac8-3a2fddca0e23,20,3,17,14,1,1768800218,2026-01-19 00:24:27
16cbe771-8fca-4437-b9d2-374e00da6c3a,14,4,10,7,1,1768800218,2026-01-19 00:24:27
ab692d1f-5a4a-4fff-b929-013c3a7e8a98,4,2,2,15,1,1768800220,2026-01-19 00:24:27
66db30e0-0aca-11e7-82f6-3863bb44ef7c,18,16,2,74,1,1768800220,2026-01-19 00:24:27
fbee1143-e93f-418d-b6bc-8fde4a9a8746,18,2,16,25,1,1768800220,2026-01-19 00:24:27
e24cb64d-10c2-48db-9440-59e63c0f1c95,16,13,3,9,1,1768800220,2026-01-19 00:24:27
46a1ff6c-6131-414a-9ef6-65a8db7d305f,0,0,0,23,1,1768800222,2026-01-19 00:24:27
a04bf523-3c76-4fad-88bf-e99037f9b796,15,2,13,4,1,1768800222,2026-01-19 00:24:27
8603535e-0d7a-4c5b-ae77-27b9f5770bfa,15,13,2,11,1,1768800222,2026-01-19 00:24:27
acfeadeb-73bb-4ec3-b809-78675b01af74,3,1,2,17,1,1768800222,2026-01-19 00:24:27
c83e1ef5-776e-417e-8ee2-d08ca121f884,8,8,0,18,1,1768800223,2026-01-19 00:24:27
311269f4-53dc-4f83-b26b-ecb6e8e160ed,2,2,0,17,1,1768800223,2026-01-19 00:24:27
61be9a4a-737c-413a-9b72-d47b28a366d5,12,5,7,8,1,1768800222,2026-01-19 00:24:27
a381b37a-a928-4834-87ee-da9922cb3b3d,13,6,7,19,1,1768800222,2026-01-19 00:24:27
66db3f01-0aca-11e7-82f6-3863bb44ef7c,27,7,20,22,1,1768800223,2026-01-19 00:24:27
016ee47a-4871-4209-91cb-bf3ceeddc991,6,4,2,12,1,1768800219,2026-01-19 00:24:27
aa8270ec-4441-47d2-854b-5852e65fae66,2,0,2,16,1,1768800219,2026-01-19 00:24:27
2133952475068346460,37,3,34,15,1,1768800219,2026-01-19 00:24:27
1814900353536621062,19,16,3,10,1,1768800219,2026-01-19 00:24:27
dba67615-a7e0-4c44-ab1b-b464033ec9b9,5,0,5,14,1,1768800219,2026-01-19 00:24:27
3134bce7-0bb9-4a45-9c87-60a8cb681d72,7,4,3,9,1,1768800219,2026-01-19 00:24:27
ad037fe2-4a28-4b55-863c-229aada0b43a,7,1,6,12,1,1768800215,2026-01-19 00:24:27
1857217122161783302,26,7,19,3,1,1768800215,2026-01-19 00:24:27
5f0aa684-a1c5-4119-827f-7860f1cd4ccd,1,0,1,22,1,1768800215,2026-01-19 00:24:27
56e18295-f760-4bf3-8aa3-5a1e4ebf606f,6,2,4,15,1,1768800212,2026-01-19 00:24:27
7d455e9a-20b4-4b03-8248-0d982fdfa21b,2,0,2,18,1,1768800212,2026-01-19 00:24:27
65e7908a-a73e-4f8e-9967-0d0677f62bc4,15,4,11,6,1,1768800212,2026-01-19 00:24:27
8df41833-c7bf-4171-bdab-58d64f6ade54,19,5,14,2,1,1768800212,2026-01-19 00:24:27
66dbe250-0aca-11e7-82f6-3863bb44ef7c,5,4,1,14,1,1768800213,2026-01-19 00:24:27
66dcca76-0aca-11e7-82f6-3863bb44ef7c,0,0,0,23,1,1768800223,2026-01-19 00:24:27
66dc1545-0aca-11e7-82f6-3863bb44ef7c,15,1,14,10,1,1768800223,2026-01-19 00:24:27
66dd2556-0aca-11e7-82f6-3863bb44ef7c,32,15,17,8,1,1768800223,2026-01-19 00:24:27
b9970fb5-176c-4a66-8772-6d76c4b6245a,4,0,4,14,1,1768800223,2026-01-19 00:24:27
3bfc859b-5c5f-43bc-b2e7-b64ed8ea9ede,6,1,5,11,1,1768800223,2026-01-19 00:24:27
8dc8c0b3-4d70-40fe-a75a-86e30ecb676b,18,2,16,0,1,1768800224,2026-01-19 00:24:27
facb0195-8daa-46e3-95e1-6f22fb678e8a,2,2,0,17,1,1768800215,2026-01-19 00:24:27
18267c09-1916-48d8-951c-caf88c89edd1,4,3,1,11,1,1768800215,2026-01-19 00:24:27
66dca6f4-0aca-11e7-82f6-3863bb44ef7c,4,1,3,28,1,1768800215,2026-01-19 00:24:27
66dded11-0aca-11e7-82f6-3863bb44ef7c,24,3,21,12,1,1768800216,2026-01-19 00:24:27
db02e1ea-acc1-4f45-8e3c-d37468b0b5a6,8,3,5,10,1,1768800225,2026-01-19 00:24:27
d873e463-2dc9-4bf8-86c7-fea8ddaa3a9f,5,5,0,12,1,1768800226,2026-01-19 00:24:27
66de4408-0aca-11e7-82f6-3863bb44ef7c,8,8,0,15,1,1768800226,2026-01-19 00:24:27
4cd5a87d-7618-4a15-892d-8cf29eec865c,17,2,15,1,1,1768800226,2026-01-19 00:24:27
35915f48-31c5-499a-b845-2ca2fb541904,22,2,20,18,1,1768800213,2026-01-19 00:24:27
66dbc982-0aca-11e7-82f6-3863bb44ef7c,16,15,1,92,1,1768800213,2026-01-19 00:24:27
6f484a9d-c535-451e-a18f-f3afdc0a27af,34,11,23,4,1,1768800214,2026-01-19 00:24:27
d55dd622-0ced-4e4d-9ea5-2ef2cb6481a9,17,7,10,18,1,1768800217,2026-01-19 00:24:27
1846449740982645546,18,2,16,2,1,1768800217,2026-01-19 00:24:27
1879859065051787718,15,11,4,5,1,1768800217,2026-01-19 00:24:27
2e74ea1d-02a0-47bf-9665-dce2d65de8d7,25,9,16,21,1,1768800217,2026-01-19 00:24:27
9dde927d-9984-4f97-bcd0-fbcb59e6ca66,12,2,10,4,1,1768800218,2026-01-19 00:24:27
66dc209c-0aca-11e7-82f6-3863bb44ef7c,52,37,15,13,1,1768800218,2026-01-19 00:24:27
66db29e6-0aca-11e7-82f6-3863bb44ef7c,8,5,3,10,1,1768800229,2026-01-19 00:24:27
0183d7d4-9e11-4429-94db-666a31239871,17,3,14,10,1,1768800229,2026-01-19 00:24:27
66dbef85-0aca-11e7-82f6-3863bb44ef7c,24,8,16,9,1,1768800229,2026-01-19 00:24:27
1945126147213275898,12,4,8,10,1,1768800228,2026-01-19 00:24:27
b5010362-af16-4357-8fb7-5958576954c0,6,0,6,22,1,1768800228,2026-01-19 00:24:27
66db3d2a-0aca-11e7-82f6-3863bb44ef7c,10,0,10,48,1,1768800228,2026-01-19 00:24:27
66db2953-0aca-11e7-82f6-3863bb44ef7c,39,0,39,11,1,1768800228,2026-01-19 00:24:27
cb04be8e-8edc-4c9d-bfc0-76f94e3a3d9b,33,4,29,11,1,1768800228,2026-01-19 00:24:27
aba6e644-3ac8-4cdc-9bc6-763e9d82dee9,7,1,6,13,1,1768800228,2026-01-19 00:24:27
1862788101231526152,17,8,9,10,1,1768800230,2026-01-19 00:24:27
66dd49eb-0aca-11e7-82f6-3863bb44ef7c,12,7,5,17,1,1768800230,2026-01-19 00:24:27
6fd84197-56e2-47df-849f-701aca0e7cc3,6,2,4,12,1,1768800229,2026-01-19 00:24:27
66db6cd4-0aca-11e7-82f6-3863bb44ef7c,8,4,4,43,1,1768800230,2026-01-19 00:24:27
aa120a3a-9f2b-4dfc-a88b-384bbb66838a,9,2,7,10,1,1768800230,2026-01-19 00:24:27
66dcec6b-0aca-11e7-82f6-3863bb44ef7c,14,7,7,20,1,1768800230,2026-01-19 00:24:27
6db97fde-68ae-4d2b-b121-b7c17838bbe7,0,0,0,18,1,1768800230,2026-01-19 00:24:27
c2291f8e-3b07-4671-82af-2b947825de4a,60,41,19,6,1,1768800231,2026-01-19 00:24:27
66de871c-0aca-11e7-82f6-3863bb44ef7c,2,0,2,55,1,1768800230,2026-01-19 00:24:27
faf021ad-9de5-44bd-b7f5-48127e8d5fea,22,2,20,0,1,1768800231,2026-01-19 00:24:27
0f9423bd-98dd-4919-b6e3-28880ff7ecca,2,2,0,16,1,1768800231,2026-01-19 00:24:27
d07790cd-1acd-4f74-b5f1-3d70f8a8a526,4,1,3,18,1,1768800232,2026-01-19 00:24:27
9f702c67-b591-4492-ba90-eb3c7e793dad,10,1,9,11,1,1768800231,2026-01-19 00:24:27
9459fca8-b044-4ed1-8f2c-c5db11ba868f,10,3,7,19,1,1768800226,2026-01-19 00:24:27
2126624466406238560,8,2,6,0,1,1768800210,2026-01-19 00:24:27
968d40e0-2a5b-4f6c-a161-fad1631b609b,5,5,0,9,1,1768800230,2026-01-19 00:24:27
3c21925c-d68e-497c-b501-982d3eb3e852,15,11,4,6,1,1768800224,2026-01-19 00:24:27
6661108f-28eb-4671-ad0c-36a311d325aa,5,0,5,11,1,1768800224,2026-01-19 00:24:27
8ce7325e-d5c7-46f9-9b73-95356e48c3eb,18,13,5,3,1,1768800224,2026-01-19 00:24:27
09a0c507-7cda-4f3f-9988-78de0baa28e4,7,4,3,9,1,1768800224,2026-01-19 00:24:27
1975518396279321266,61,52,9,8,1,1768800224,2026-01-19 00:24:27
c1144380-c1ac-4315-9b1a-4b4e870ac688,3,3,0,16,1,1768800224,2026-01-19 00:24:27
66f68197-4897-4576-896a-48e0312104c5,2,1,1,24,1,1768800224,2026-01-19 00:24:27
4e1a13af-1c3b-48f2-8586-5edceea97d61,4,4,0,14,1,1768800225,2026-01-19 00:24:27
febf420f-bbec-4044-a3af-69959e018ccb,9,9,0,10,1,1768800225,2026-01-19 00:24:27
dcdaa64b-4d2c-4017-bfb9-da25924f851d,2,1,1,17,1,1768800232,2026-01-19 00:24:27
2053884382031338034,1,0,1,43,1,1768800232,2026-01-19 00:24:27
05b9e7cd-f3a2-4d48-b7c4-f5fbe09d9de3,10,5,5,16,1,1768800232,2026-01-19 00:24:27
66dd42eb-0aca-11e7-82f6-3863bb44ef7c,11,11,0,51,1,1768800233,2026-01-19 00:24:27
ecb2eebe-67c0-43b8-baae-71abb1a0ec6a,2,0,2,22,1,1768800233,2026-01-19 00:24:27
17c45d34-0d8d-46ba-9078-e9a2a7c5867c,0,0,0,26,1,1768800233,2026-01-19 00:24:27
72196024-6f2b-45cb-9764-609911c7dc0b,6,5,1,44,1,1768800233,2026-01-19 00:24:27
1828968611856235508,2,1,1,14,1,1768800233,2026-01-19 00:24:27
66db6e49-0aca-11e7-82f6-3863bb44ef7c,4,0,4,42,1,1768800233,2026-01-19 00:24:27
66dcbdc2-0aca-11e7-82f6-3863bb44ef7c,10,3,7,11,1,1768800233,2026-01-19 00:24:27
66dd40dd-0aca-11e7-82f6-3863bb44ef7c,28,26,2,4,1,1768800233,2026-01-19 00:24:27
dd8627c8-4190-4a30-8758-e77a7b010437,13,0,13,33,1,1768800234,2026-01-19 00:24:27
66dbe4db-0aca-11e7-82f6-3863bb44ef7c,65,54,10,16,1,1768800234,2026-01-19 00:24:27
49d2cd03-f508-483f-a7c9-7fd450e5e6db,12,1,11,3,1,1768800234,2026-01-19 00:24:27
27c71510-d515-4add-b660-6efd6f225cd1,19,15,4,6,1,1768800234,2026-01-19 00:24:27
66ddb41c-0aca-11e7-82f6-3863bb44ef7c,20,5,15,15,1,1768800234,2026-01-19 00:24:27
d5ca6311-7471-480f-9c79-38baaafe34ba,8,6,2,18,1,1768800234,2026-01-19 00:24:27
05c5e17c-7aa9-49b7-9da3-9db4858ec1fc,16,14,2,12,1,1768800202,2026-01-19 00:24:27
95a52ce4-3597-47d1-8d6f-427cb3b8ca6a,1,0,1,23,1,1768800234,2026-01-19 00:24:27
66de5a47-0aca-11e7-82f6-3863bb44ef7c,13,7,6,19,1,1768800235,2026-01-19 00:24:27
1834145064843958330,11,0,11,8,1,1768800235,2026-01-19 00:24:27
b3c8aaaf-6e1c-4f56-9391-b79e883b8009,1,0,1,22,1,1768800235,2026-01-19 00:24:27
91ca68bd-5ac1-470b-a26d-1ec98ea9cca4,18,1,17,4,1,1768800235,2026-01-19 00:24:27
2126225134412534550,11,5,6,1,1,1768800235,2026-01-19 00:24:27
581d8683-c217-4f96-89cb-b5a94d780b83,7,3,4,68,1,1768800235,2026-01-19 00:24:27
1978170169761096104,20,4,16,15,1,1768800235,2026-01-19 00:24:27
66db4158-0aca-11e7-82f6-3863bb44ef7c,29,23,6,8,1,1768800235,2026-01-19 00:24:27
66de1295-0aca-11e7-82f6-3863bb44ef7c,20,8,12,0,1,1768800235,2026-01-19 00:24:27
89171660-8cef-443f-8f75-67503532d1ce,9,0,9,9,1,1768800236,2026-01-19 00:24:27
9341ee1c-d456-4858-a451-70cbbd73d084,10,0,10,17,1,1768800236,2026-01-19 00:24:27
22ac9559-d7f1-4dcd-ae3e-f6caf586a455,5,2,3,19,1,1768800236,2026-01-19 00:24:27
66dc86d9-0aca-11e7-82f6-3863bb44ef7c,48,1,47,16,1,1768800237,2026-01-19 00:24:27
66ddeca9-0aca-11e7-82f6-3863bb44ef7c,13,1,12,3,1,1768800237,2026-01-19 00:24:27
66dd52c8-0aca-11e7-82f6-3863bb44ef7c,13,12,1,26,1,1768800237,2026-01-19 00:24:27
1838070703178521596,3,0,3,16,1,1768800237,2026-01-19 00:24:27
a6287af0-9a9e-4708-b61f-8e758be4b914,6,0,6,9,1,1768800237,2026-01-19 00:24:27
058ee86d-ce2a-4597-99f7-f78f082b33e3,0,0,0,18,1,1768800238,2026-01-19 00:24:27
66db6387-0aca-11e7-82f6-3863bb44ef7c,81,60,21,30,1,1768800237,2026-01-19 00:24:27
cd4b8e12-b2c7-479b-900d-59cf7d8c4276,14,2,12,0,1,1768800238,2026-01-19 00:24:27
344064f8-e82f-40fb-b235-aff506b77ae5,9,6,3,18,1,1768800238,2026-01-19 00:24:27
66de1a8a-0aca-11e7-82f6-3863bb44ef7c,21,21,0,3,1,1768800238,2026-01-19 00:24:27
7efcb97f-6c8f-4445-86a9-3f758a822f17,1,1,0,40,1,1768800238,2026-01-19 00:24:27
2c366f4b-8319-41bf-ab8e-2fba3a952feb,42,38,4,9,1,1768800238,2026-01-19 00:24:27
1835250080052323168,0,0,0,0,0,86400,2026-01-19 00:24:27
2171902607371571344,0,0,0,0,0,86400,2026-01-19 00:24:27
2171903032377767128,0,0,0,0,0,86400,2026-01-19 00:24:27
2171903385631266470,0,0,0,0,0,86400,2026-01-19 00:24:27
2171903970740122034,0,0,0,0,0,86400,2026-01-19 00:24:27
1828967499459705054,8,1,7,10,1,1768799946,2026-01-19 00:24:27
f3525aa7-9d69-4ea2-9278-4df92db1afa1,0,0,0,6,0,1768773130,2026-01-19 00:24:27
66dc210e-0aca-11e7-82f6-3863bb44ef7c,1,1,0,30,1,1768800117,2026-01-19 00:24:27
c1e24edf-7192-433f-8d38-be5b6b3647c5,22,22,0,2,1,1768800118,2026-01-19 00:24:27
1835249197527877718,0,0,0,18,1,1768800124,2026-01-19 00:24:27
1794096824496960148,31,13,18,12,1,1768800124,2026-01-19 00:24:27
e36b5913-8e46-4c2a-b9be-73bdf8ee548b,9,2,7,46,1,1768800125,2026-01-19 00:24:27
66db3e32-0aca-11e7-82f6-3863bb44ef7c,39,3,36,4,1,1768800125,2026-01-19 00:24:27
186092d1-a431-45db-8198-d5ba13334d79,14,0,14,7,1,1768800121,2026-01-19 00:24:27
f47c7f15-1c30-4199-a09f-134f0f0f684b,3,2,1,19,1,1768800123,2026-01-19 00:24:27
66dccc99-0aca-11e7-82f6-3863bb44ef7c,7,3,4,22,1,1768800118,2026-01-19 00:24:27
66dcc3e5-0aca-11e7-82f6-3863bb44ef7c,1,0,1,20,1,1768800119,2026-01-19 00:24:27
2126224876714496782,5,0,5,3,1,1768800119,2026-01-19 00:24:27
66dc176f-0aca-11e7-82f6-3863bb44ef7c,58,50,8,19,1,1768800119,2026-01-19 00:24:27
6ff2eec8-2b72-490a-b1c3-f9892ab3a724,12,11,1,34,1,1768800120,2026-01-19 00:24:27
8b830188-101e-44bf-a755-5e6c611e3edc,24,1,23,2,1,1768800120,2026-01-19 00:24:27
1875395639434791520,1,0,1,17,1,1768800120,2026-01-19 00:24:27
66dd4356-0aca-11e7-82f6-3863bb44ef7c,13,5,8,29,1,1768800124,2026-01-19 00:24:27
1808184356986544410,6,4,2,23,1,1768800128,2026-01-19 00:24:27
2527619f-ef89-425c-bf3b-60cc0ec519bf,51,25,26,3,1,1768800128,2026-01-19 00:24:27
5782a158-b596-4936-a451-32ccc131a57d,1,0,1,16,1,1768800129,2026-01-19 00:24:27
1905394575114219798,23,18,5,7,1,1768800129,2026-01-19 00:24:27
66dd2292-0aca-11e7-82f6-3863bb44ef7c,9,3,6,36,1,1768800129,2026-01-19 00:24:27
1828967208126648828,11,4,7,8,1,1768800127,2026-01-19 00:24:27
fcb1c3a3-04b6-45cf-bc9a-deb71198804e,0,0,0,17,1,1768800128,2026-01-19 00:24:27
d5cb6e67-addb-46d4-93e7-832371736d45,27,1,26,5,1,1768800127,2026-01-19 00:24:27
4e862dc1-0652-4f29-a26f-315d763df67d,19,10,9,36,1,1768800125,2026-01-19 00:24:27
c829b6af-002b-4d04-af56-6924d4ad0aa2,1,1,0,23,1,1768800126,2026-01-19 00:24:27
49f86083-851b-475d-b9ab-64e01b81f725,11,10,1,11,1,1768800132,2026-01-19 00:24:27
3893eeef-06a8-47b1-95f2-a85454f7d5c9,2,0,2,15,1,1768800133,2026-01-19 00:24:27
c0f952d9-538e-4836-b936-fa97123cbf13,3,2,1,15,1,1768800132,2026-01-19 00:24:27
1814907277023901890,22,0,22,1,1,1768800132,2026-01-19 00:24:27
66db72f1-0aca-11e7-82f6-3863bb44ef7c,43,19,24,1,1,1768800132,2026-01-19 00:24:27
fc774664-3c9b-4a8f-a79e-f6907db00a1d,13,6,7,20,1,1768800136,2026-01-19 00:24:27
66dcc920-0aca-11e7-82f6-3863bb44ef7c,3,3,0,15,1,1768800136,2026-01-19 00:24:27
7cd61426-ed98-434e-9235-56ed856fead6,8,3,5,14,1,1768800135,2026-01-19 00:24:27
3c73cc9f-3c09-4ac4-a4ea-22b4f027bf23,17,2,15,4,1,1768800136,2026-01-19 00:24:27
dfb8b9c8-3006-4b76-963a-95f7471dc0a8,19,5,14,3,1,1768800135,2026-01-19 00:24:27
5ffde991-1125-443e-bc97-6827b2b9c97b,23,10,13,2,1,1768800131,2026-01-19 00:24:27
1913988158376585970,26,8,18,0,1,1768800139,2026-01-19 00:24:27
66dc4fb5-0aca-11e7-82f6-3863bb44ef7c,30,13,17,11,1,1768800139,2026-01-19 00:24:27
a82599ce-99ca-4670-8053-baada198034a,53,7,46,5,1,1768800140,2026-01-19 00:24:27
1849010295160437584,14,4,10,3,1,1768800140,2026-01-19 00:24:27
7e70b65e-00c1-40d5-984d-17232a4ee05e,22,10,12,22,1,1768800140,2026-01-19 00:24:27
178bad16-1b02-4264-94c0-a8fd0faa60fe,9,4,5,26,1,1768800140,2026-01-19 00:24:27
18b19467-28ac-4496-b3e4-f6028b1c5105,19,9,10,7,1,1768800141,2026-01-19 00:24:27
d7a7789b-a052-4a69-a4ec-59436b0f8d75,7,0,7,10,1,1768800137,2026-01-19 00:24:27
1857217349795049790,9,4,5,7,1,1768800138,2026-01-19 00:24:27
1848242143834868452,14,0,14,3,1,1768800138,2026-01-19 00:24:27
66de18d7-0aca-11e7-82f6-3863bb44ef7c,14,3,11,6,1,1768800138,2026-01-19 00:24:27
699d3378-6ea8-465f-888b-c49c60089ce8,11,10,1,8,1,1768800141,2026-01-19 00:24:27
66dcba5e-0aca-11e7-82f6-3863bb44ef7c,11,4,7,7,1,1768800142,2026-01-19 00:24:27
f6143531-4a16-4aac-9b55-573ef7ef162e,6,2,4,13,1,1768800142,2026-01-19 00:24:27
66ddef2d-0aca-11e7-82f6-3863bb44ef7c,19,8,11,1,1,1768800142,2026-01-19 00:24:27
a5bd1f58-7df8-4df6-9636-372f1bc194be,36,7,29,0,1,1768800145,2026-01-19 00:24:27
676b7b4d-b1c0-4c97-8ac3-5fe665e51108,1,0,1,22,1,1768800146,2026-01-19 00:24:27
66dbcb2f-0aca-11e7-82f6-3863bb44ef7c,41,32,9,15,1,1768800148,2026-01-19 00:24:27
f365afa3-e8a5-439d-975d-6c2b064f30df,0,0,0,28,1,1768800148,2026-01-19 00:24:27
1a92d2d3-ddf1-4f34-b28c-ce7a064b9a3e,5,1,4,14,1,1768800147,2026-01-19 00:24:27
66dce660-0aca-11e7-82f6-3863bb44ef7c,11,5,6,10,1,1768800147,2026-01-19 00:24:27
0e3dedfb-df10-4900-a67b-95349a81bc5c,23,0,23,1,1,1768800144,2026-01-19 00:24:27
fe6f022b-7fdb-44fe-80bb-cbfc500959bf,3,1,2,18,1,1768800143,2026-01-19 00:24:27
3d835eaa-a102-42c5-b6c0-2c693b1d0677,52,45,7,2,1,1768800143,2026-01-19 00:24:27
d7c56fef-1bf9-4315-85af-8638c534b402,36,32,4,2,1,1768800148,2026-01-19 00:24:27
454fe70c-1d53-4af2-a9ea-1d4bd9f59799,3,2,1,16,1,1768800149,2026-01-19 00:24:27
44a43ebf-cacf-4251-9ceb-e1c331ef1673,1,1,0,16,1,1768800149,2026-01-19 00:24:27
b7af52d2-fd23-4970-8513-be7c681480c4,55,25,30,1,1,1768800149,2026-01-19 00:24:27
1792225684155730482,8,7,1,15,1,1768800150,2026-01-19 00:24:27
6dec8948-44c7-4085-9682-446a891feb42,16,2,14,0,1,1768800150,2026-01-19 00:24:27
66db728c-0aca-11e7-82f6-3863bb44ef7c,33,17,16,26,1,1768800150,2026-01-19 00:24:27
e25f8dee-c110-489f-a978-464ac5c84ca2,6,2,4,19,1,1768800150,2026-01-19 00:24:27
66de4336-0aca-11e7-82f6-3863bb44ef7c,21,5,16,9,1,1768800153,2026-01-19 00:24:27
66dbecd0-0aca-11e7-82f6-3863bb44ef7c,16,10,6,32,1,1768800153,2026-01-19 00:24:27
1848241879913802606,21,10,11,0,1,1768800153,2026-01-19 00:24:27
1838999304404452058,18,0,18,0,1,1768800154,2026-01-19 00:24:27
66db930d-0aca-11e7-82f6-3863bb44ef7c,13,5,8,13,1,1768800154,2026-01-19 00:24:27
66dc7802-0aca-11e7-82f6-3863bb44ef7c,6,5,1,44,1,1768800154,2026-01-19 00:24:27
66ddf310-0aca-11e7-82f6-3863bb44ef7c,26,5,21,5,1,1768800152,2026-01-19 00:24:27
66dbf215-0aca-11e7-82f6-3863bb44ef7c,30,14,16,17,1,1768800152,2026-01-19 00:24:27
dee5a590-7cda-465e-8351-b0622a5e2ad3,10,3,7,7,1,1768800152,2026-01-19 00:24:27
1864605926072998676,2,2,0,16,1,1768800151,2026-01-19 00:24:27
1861680383828308814,8,8,0,8,1,1768800151,2026-01-19 00:24:27
16836c76-c412-4ec3-bac8-3c6a5a3d9745,4,2,2,15,1,1768800151,2026-01-19 00:24:27
08bf2fe0-219d-48cd-87c5-6163b3a2eafd,19,17,2,4,1,1768800151,2026-01-19 00:24:27
66dc11a7-0aca-11e7-82f6-3863bb44ef7c,45,38,7,36,1,1768800151,2026-01-19 00:24:27
8ea3301f-6940-4e0f-80f0-7a3e54b2eaa5,1,0,1,16,1,1768800151,2026-01-19 00:24:27
7b0227aa-bbf5-4731-a49a-765b4afac483,24,18,6,49,1,1768800165,2026-01-19 00:24:27
66dd4f9b-0aca-11e7-82f6-3863bb44ef7c,8,6,2,27,1,1768800165,2026-01-19 00:24:27
4aa6bb27-b76b-444e-a3ce-6fb25b822494,7,2,5,13,1,1768800166,2026-01-19 00:24:27
1817803079955479336,14,3,11,8,1,1768800163,2026-01-19 00:24:27
b4ae292d-5e89-4c58-8154-0496893394b5,3,2,1,19,1,1768800166,2026-01-19 00:24:27
b5861c2d-d687-4308-bf2d-5f69fc28cc4a,8,0,8,16,1,1768800164,2026-01-19 00:24:27
1786686999403592506,22,11,11,8,1,1768800164,2026-01-19 00:24:27
1845676917264180046,12,1,11,7,1,1768800164,2026-01-19 00:24:27
f3f46097-54cf-4c30-805a-6b2a4851eed7,4,3,1,19,1,1768800168,2026-01-19 00:24:27
1882736243099681438,15,9,6,19,1,1768800169,2026-01-19 00:24:27
90fca941-2212-43bf-b104-ce32c4270d4d,0,0,0,19,1,1768800167,2026-01-19 00:24:27
d4c34830-972f-4cd1-81bb-071df209d065,5,1,4,12,1,1768800167,2026-01-19 00:24:27
cb4926e6-0a79-4902-80ee-d365fbf42aec,1,1,0,20,1,1768800168,2026-01-19 00:24:27
1913990214925537808,28,13,15,7,1,1768800169,2026-01-19 00:24:27
ff1e98d3-ae7d-4c53-a531-1845bee1d346,0,0,0,36,1,1768800167,2026-01-19 00:24:27
1857515306802639416,19,1,18,0,1,1768800166,2026-01-19 00:24:27
fffb18be-14b3-412f-a808-107a98cd9e58,1,1,0,15,1,1768800157,2026-01-19 00:24:27
1861681740276243358,16,14,2,4,1,1768800158,2026-01-19 00:24:27
ce700c09-6095-4b20-ab65-07defdd1a7d7,13,0,13,6,1,1768800159,2026-01-19 00:24:27
66de4b0b-0aca-11e7-82f6-3863bb44ef7c,12,1,11,19,1,1768800155,2026-01-19 00:24:27
ba7bf20d-b6bc-43dd-bf30-acb940eaeec8,5,3,2,11,1,1768800162,2026-01-19 00:24:27
1880644037244334512,19,4,15,4,1,1768800162,2026-01-19 00:24:27
66de077f-0aca-11e7-82f6-3863bb44ef7c,6,5,1,51,1,1768800163,2026-01-19 00:24:27
edc9b877-c311-46b4-a780-59ee7e692324,5,3,2,32,1,1768800160,2026-01-19 00:24:27
1856767555236917834,17,1,16,6,1,1768800160,2026-01-19 00:24:27
9be6c750-85b6-4e81-bace-1a8ffe941d7b,3,1,2,16,1,1768800160,2026-01-19 00:24:27
941ea42c-47fe-4d63-a6f5-e0e200f01633,13,12,1,3,1,1768800161,2026-01-19 00:24:27
8ec47777-852d-4059-a5ea-12eef71a9606,36,4,32,1,1,1768800158,2026-01-19 00:24:27
b79bb851-130f-473d-83fc-f602aa0a4ca9,6,1,5,13,1,1768800172,2026-01-19 00:24:27
914e3e7c-87da-4f52-aa03-5449c6361fa2,3,0,3,12,1,1768800172,2026-01-19 00:24:27
b9b58379-b29a-4fa8-ba72-c647728e1686,13,11,2,6,1,1768800172,2026-01-19 00:24:27
66dea8ff-0aca-11e7-82f6-3863bb44ef7c,7,5,2,29,1,1768800173,2026-01-19 00:24:27
70634bc4-4d90-42d4-8f6a-3f29fa8f7f77,3,2,1,33,1,1768800173,2026-01-19 00:24:27
ee1d39c5-47c8-4527-9456-3719c50b7be5,14,5,9,2,1,1768800171,2026-01-19 00:24:27
36d80620-9774-487e-8eb0-cf5f18a39321,0,0,0,28,1,1768800171,2026-01-19 00:24:27
d29ea280-8b64-4a35-b12b-245525ae2a3a,8,5,3,44,1,1768800172,2026-01-19 00:24:27
c466f15e-715f-411e-904e-1a71fb574cdd,70,39,31,14,1,1768800170,2026-01-19 00:24:27
66dbf362-0aca-11e7-82f6-3863bb44ef7c,29,11,18,14,1,1768800170,2026-01-19 00:24:27
1ecc9936-ee0c-44b2-baa8-237564c8e4fd,33,10,23,12,1,1768800170,2026-01-19 00:24:27
1869439170989701358,15,1,14,7,1,1768800170,2026-01-19 00:24:27
66dd1eb2-0aca-11e7-82f6-3863bb44ef7c,27,17,10,4,1,1768800169,2026-01-19 00:24:27
57f144cb-375d-4eee-b458-e288116cb8f7,13,5,8,3,1,1768800169,2026-01-19 00:24:27
66de0a0a-0aca-11e7-82f6-3863bb44ef7c,22,15,7,2,1,1768800169,2026-01-19 00:24:27
0df3a035-5a38-4ec2-826a-0a5376e8d8a0,3,2,1,19,1,1768800170,2026-01-19 00:24:27
66db3583-0aca-11e7-82f6-3863bb44ef7c,38,20,18,27,1,1768800175,2026-01-19 00:24:27
66de1a1f-0aca-11e7-82f6-3863bb44ef7c,9,3,6,25,1,1768800176,2026-01-19 00:24:27
606c7384-75e9-4988-858a-07b88b3a9413,12,4,8,25,1,1768800177,2026-01-19 00:24:27
1fba77e2-66ab-4e9c-9f9a-4ec4f11fd80b,7,4,3,18,1,1768800174,2026-01-19 00:24:27
116dbc02-a3c1-4b65-9f73-2a09a2aa1379,68,26,42,10,1,1768800175,2026-01-19 00:24:27
023127f2-a6e0-4fae-ba34-178acccb993e,2,2,0,18,1,1768800174,2026-01-19 00:24:27
0f6fd186-656a-41b3-ba4a-456d22da177c,21,2,19,15,1,1768800175,2026-01-19 00:24:27
66dbefee-0aca-11e7-82f6-3863bb44ef7c,1,0,1,13,1,1768800176,2026-01-19 00:24:27
66de0dfd-0aca-11e7-82f6-3863bb44ef7c,32,29,3,5,1,1768800176,2026-01-19 00:24:27
de97a7d0-fbb3-4c13-ba6a-2bbd441751fe,9,4,5,10,1,1768800178,2026-01-19 00:24:27
1828966490867110420,6,1,5,12,1,1768800178,2026-01-19 00:24:27
174bf571-e597-463d-84bc-611c4a13d85e,25,23,2,0,1,1768800178,2026-01-19 00:24:27
66ddebce-0aca-11e7-82f6-3863bb44ef7c,24,13,11,3,1,1768800178,2026-01-19 00:24:27
298d4e45-c6d2-45f1-a07a-11606026a6e4,11,6,5,7,1,1768800173,2026-01-19 00:24:27
0efa08a3-1c38-48fe-ab37-8c9b72b20126,13,2,11,1,1,1768800179,2026-01-19 00:24:27
1abd4668-ed6b-4930-8177-17239ae75a9e,2,1,1,17,1,1768800182,2026-01-19 00:24:27
1891277309535701686,0,0,0,21,1,1768800183,2026-01-19 00:24:27
74f913d2-6eac-49ce-bd6d-53a06fa855a6,20,1,19,0,1,1768800179,2026-01-19 00:24:27
66db4417-0aca-11e7-82f6-3863bb44ef7c,52,42,10,0,1,1768800179,2026-01-19 00:24:27
28a2436d-a52b-4fa4-874c-e096012a926d,15,15,0,1,1,1768800179,2026-01-19 00:24:27
82b97827-1801-4b7b-b3de-16447a8dd025,2,1,1,16,1,1768800179,2026-01-19 00:24:27
66db3816-0aca-11e7-82f6-3863bb44ef7c,24,17,7,18,1,1768800180,2026-01-19 00:24:27
66dcc44a-0aca-11e7-82f6-3863bb44ef7c,6,3,3,12,1,1768800180,2026-01-19 00:24:27
66dbf140-0aca-11e7-82f6-3863bb44ef7c,82,53,29,1,1,1768800179,2026-01-19 00:24:27
1b962833-d769-418e-b1ef-5a183bb5eb1a,16,2,14,0,1,1768800180,2026-01-19 00:24:27
a6492ad5-d13e-48b0-a0d5-08e60ad93e53,62,14,48,5,1,1768800180,2026-01-19 00:24:27
5a6218aa-c5b7-4436-93c1-dee7cb5322d9,9,1,8,15,1,1768800180,2026-01-19 00:24:27
66dc8d1d-0aca-11e7-82f6-3863bb44ef7c,13,1,12,50,1,1768800181,2026-01-19 00:24:27
1960021056359127624,10,0,10,13,1,1768800184,2026-01-19 00:24:27
1828968462257099768,0,0,0,17,1,1768800184,2026-01-19 00:24:27
4956ad8b-06d6-4af4-bcc8-735c45439608,3,3,0,14,1,1768800185,2026-01-19 00:24:27
034f7f3d-e632-475a-aa01-894480d153df,7,5,2,10,1,1768800185,2026-01-19 00:24:27
8c6cba48-d803-4a90-99f7-e06edcdbbf92,6,3,3,16,1,1768800183,2026-01-19 00:24:27
5d101095-011e-4541-ae64-bed8b52807b3,19,13,6,5,1,1768800183,2026-01-19 00:24:27
1890927910885612334,27,5,22,0,1,1768800184,2026-01-19 00:24:27
5864d88d-a0fd-40ad-beee-896118d9360d,17,0,17,2,1,1768800184,2026-01-19 00:24:27
3e4a2c26-7527-469c-b4f4-1ef8d40fd20d,3,1,2,14,1,1768800184,2026-01-19 00:24:27
9eb98b3b-ea35-483f-91f6-d90c506152db,4,2,2,14,1,1768800182,2026-01-19 00:24:27
1838070940162509196,3,0,3,16,1,1768800191,2026-01-19 00:24:27
324e55da-fec0-43a2-b622-27774381ab7f,3,1,2,15,1,1768800191,2026-01-19 00:24:27
66dbc7d2-0aca-11e7-82f6-3863bb44ef7c,16,2,14,14,1,1768800191,2026-01-19 00:24:27
566935d6-4d66-4b42-9822-f2a816e357b9,17,7,10,7,1,1768800191,2026-01-19 00:24:27
5fdf435f-6080-4b1d-966c-3b9d08450c4d,13,5,8,6,1,1768800191,2026-01-19 00:24:27
4bc6f4d0-edd5-4eb0-a704-f7ce0d693aac,1,0,1,18,1,1768800188,2026-01-19 00:24:27
2163290511399492946,4,3,1,8,1,1768800188,2026-01-19 00:24:27
66dcf30d-0aca-11e7-82f6-3863bb44ef7c,15,1,14,8,1,1768800185,2026-01-19 00:24:27
1835246516012366338,20,8,12,0,1,1768800187,2026-01-19 00:24:27
66dde7dc-0aca-11e7-82f6-3863bb44ef7c,5,4,1,17,1,1768800187,2026-01-19 00:24:27
1828969634783171152,19,3,16,0,1,1768800186,2026-01-19 00:24:27
af72781c-fe0b-4b73-a7df-201f9780ea9c,43,30,13,1,1,1768800186,2026-01-19 00:24:27
c3b255d8-b690-4825-b1e9-a1d1680e5542,13,5,8,6,1,1768800187,2026-01-19 00:24:27
66dc8025-0aca-11e7-82f6-3863bb44ef7c,77,67,10,6,1,1768800187,2026-01-19 00:24:27
66db5f40-0aca-11e7-82f6-3863bb44ef7c,36,29,7,3,1,1768800188,2026-01-19 00:24:27
981f1311-004f-41c3-ba5b-3679f78aeb70,12,1,11,5,1,1768800188,2026-01-19 00:24:27
eab2749b-2f79-4797-a0a6-0579b27e6929,16,2,14,20,1,1768800188,2026-01-19 00:24:27
1861682182353914188,12,2,10,7,1,1768800188,2026-01-19 00:24:27
3fed8016-0be0-47f5-8663-2e850ec47288,22,3,19,0,1,1768800190,2026-01-19 00:24:27
bcd3ee0f-21d7-4cc8-ac45-ccea48b6fc1b,6,6,0,15,1,1768800192,2026-01-19 00:24:27
66dbbeda-0aca-11e7-82f6-3863bb44ef7c,48,36,12,32,1,1768800192,2026-01-19 00:24:27
0575e356-72f4-4251-8e15-574cf60bd190,4,2,2,15,1,1768800192,2026-01-19 00:24:27
067b53bd-33bf-4698-8103-3931a5f32a37,10,5,5,9,1,1768800192,2026-01-19 00:24:27
2ec1235f-a043-4e3a-9ba1-56f7dd4624b7,13,10,3,7,1,1768800189,2026-01-19 00:24:27
b16e9f3f-9b07-486f-a1ca-c76030f5ea64,6,2,4,13,1,1768800190,2026-01-19 00:24:27
f0115d11-c678-4274-8bb7-d486dbb63361,14,1,13,5,1,1768800192,2026-01-19 00:24:27
014a931b-8e1c-438a-8a22-f267ddd1e0d2,42,12,30,1,1,1768800192,2026-01-19 00:24:27
1817432346178415570,5,2,3,15,1,1768800193,2026-01-19 00:24:27
49703a2d-15e9-4af4-b80e-cca664d7ea18,5,2,3,15,1,1768800196,2026-01-19 00:24:27
5b4a4b20-539b-47c1-9228-1f1f124b3ec9,13,1,12,6,1,1768800196,2026-01-19 00:24:27
7b56cbab-9d93-4043-bfa5-63eb6b3e5281,11,4,7,5,1,1768800196,2026-01-19 00:24:27
7c42f9fc-d280-4841-ad96-e3cc53ee3759,21,8,13,1,1,1768800197,2026-01-19 00:24:27
3a51a25f-3e9b-4aea-84ee-39e9a3acc7fd,8,3,5,15,1,1768800194,2026-01-19 00:24:27
89d4a926-f1ae-4bf2-bf2d-59cff3881579,67,11,56,3,1,1768800194,2026-01-19 00:24:27
e0a9ed84-55f9-40f5-90fa-87db17d2f933,12,2,10,6,1,1768800194,2026-01-19 00:24:27
3575749f-123a-4a80-870d-7ca7c7f9c8a9,3,1,2,21,1,1768800194,2026-01-19 00:24:27
1856767203049599002,11,2,9,9,1,1768800194,2026-01-19 00:24:27
0e405c35-322f-4705-8ea7-769eb3fd028a,6,0,6,11,1,1768800194,2026-01-19 00:24:27
ab29ce96-c2e8-4929-b27b-e0fe4aae17d5,6,0,6,11,1,1768800194,2026-01-19 00:24:27
0b857ee5-3d10-4152-952e-95fbaf06677a,7,6,1,22,1,1768800197,2026-01-19 00:24:27
3ac37967-e174-421a-bfeb-d02249fb1266,4,2,2,19,1,1768800197,2026-01-19 00:24:27
f47e1ce9-ff3f-49e9-9a2f-aa5be45d70da,11,1,10,12,1,1768800194,2026-01-19 00:24:27
7a8bf573-275f-41d5-ad8b-1ff9ee7c2dce,6,5,1,17,1,1768800195,2026-01-19 00:24:27
66de602e-0aca-11e7-82f6-3863bb44ef7c,46,4,42,4,1,1768800195,2026-01-19 00:24:27
a4c9faeb-2234-457d-ad56-1ab14104b538,6,4,2,12,1,1768800195,2026-01-19 00:24:27
66dc7d58-0aca-11e7-82f6-3863bb44ef7c,61,39,22,6,1,1768800196,2026-01-19 00:24:27
8f3a6711-fd05-4ce1-acf8-9d72b4a1bf97,0,0,0,20,1,1768800194,2026-01-19 00:24:27
00d3e65e-b614-4408-aaa9-939ed96ce645,39,33,6,10,1,1768800194,2026-01-19 00:24:27
66ddd545-0aca-11e7-82f6-3863bb44ef7c,75,59,16,10,1,1768800194,2026-01-19 00:24:27
66dc4334-0aca-11e7-82f6-3863bb44ef7c,20,14,6,4,1,1768800198,2026-01-19 00:24:27
adb67652-c20d-4dd2-8e89-d6015b801c1a,0,0,0,18,1,1768800193,2026-01-19 00:24:27
66dcecfa-0aca-11e7-82f6-3863bb44ef7c,8,7,1,22,1,1768800200,2026-01-19 00:24:27
1835249448692130546,9,7,2,13,1,1768800200,2026-01-19 00:24:27
66dc7e75-0aca-11e7-82f6-3863bb44ef7c,13,2,11,54,1,1768800201,2026-01-19 00:24:27
f3eb962c-314a-4431-bac7-2eb2ffbe2fd2,4,1,3,11,1,1768800200,2026-01-19 00:24:27
7af717b9-99ce-4cce-94b4-b445a40537a1,21,4,17,0,1,1768800200,2026-01-19 00:24:27
822d96e8-fb6c-463a-b866-aec9e408ad5e,16,7,9,1,1,1768800201,2026-01-19 00:24:27
d5d2aebc-158c-43ec-9105-2a779d0245d8,0,0,0,18,1,1768800201,2026-01-19 00:24:27
00284700-9d22-42ce-8485-113fed9879c1,12,7,5,5,1,1768800198,2026-01-19 00:24:27
06e5447e-35b8-45cb-b3bb-937791a6f8ae,11,1,10,8,1,1768800199,2026-01-19 00:24:27
33af8810-cda5-4b61-9c38-0235f9d59aaa,16,0,16,10,1,1768800199,2026-01-19 00:24:27
9206af28-03bf-43e3-a8b0-354792921466,8,1,7,12,1,1768800201,2026-01-19 00:24:27
66dc42a0-0aca-11e7-82f6-3863bb44ef7c,2,1,1,24,1,1768800202,2026-01-19 00:24:27
1835244925191295588,3,3,0,18,1,1768800202,2026-01-19 00:24:27
1786696780996714874,30,26,4,0,1,1768800199,2026-01-19 00:24:27
66dde703-0aca-11e7-82f6-3863bb44ef7c,28,14,14,0,1,1768800200,2026-01-19 00:24:27
266c8621-fdea-4a7e-9d35-18ca1684d526,7,2,5,16,1,1768800200,2026-01-19 00:24:27
76c1ef9c-3984-4b4e-bff4-5c398e2395bd,7,7,0,14,1,1768800200,2026-01-19 00:24:27
1828968082192898522,4,2,2,17,1,1768800202,2026-01-19 00:24:27
1826348745879909352,15,0,15,3,1,1768800202,2026-01-19 00:24:27
b83b2a73-af8e-4b82-b61e-aeaaf075fbe2,0,0,0,25,1,1768800203,2026-01-19 00:24:27
23539f3b-fb83-4f34-b8b8-9f1f37b5e646,17,0,17,17,1,1768800202,2026-01-19 00:24:27
6fefe1b3-5f0d-47aa-b1dd-cec211239950,3,1,2,16,1,1768800203,2026-01-19 00:24:27
1885440410432338078,8,3,5,14,1,1768800203,2026-01-19 00:24:27
0cb63737-64c9-42a9-9479-280d49ed015a,11,1,10,11,1,1768800199,2026-01-19 00:24:27
c9e76fa9-54e2-4161-9798-4787bf04217a,10,2,8,9,1,1768800203,2026-01-19 00:24:27
93e2e1a5-49c5-41f8-a6bf-b399b6a5140d,27,3,24,40,1,1768800202,2026-01-19 00:24:27
2126624118513887578,4,2,2,6,1,1768800151,2026-01-19 00:24:27
66db2f4c-0aca-11e7-82f6-3863bb44ef7c,6,1,5,71,1,1768800205,2026-01-19 00:24:27
cda60c6d-80f3-41b7-8ece-fe997f6dafb5,3,2,1,18,1,1768800205,2026-01-19 00:24:27
4fb1ee23-4511-47c4-8698-0c46673dc86c,1,1,0,18,1,1768800205,2026-01-19 00:24:27
a68acb0c-4244-416a-bf59-ca55d3120cdd,15,10,5,3,1,1768800205,2026-01-19 00:24:27
3b530cff-dd26-4cfd-b570-a85fd53354fe,38,12,26,8,1,1768800205,2026-01-19 00:24:27
272c0389-5e4a-41a9-ad6c-2dccdfa55af9,12,3,9,11,1,1768800208,2026-01-19 00:24:27
32d3adc3-c3dd-4a97-a4db-95d467f3c3aa,0,0,0,29,1,1768800208,2026-01-19 00:24:27
1817432709747753390,11,5,6,11,1,1768800208,2026-01-19 00:24:27
7155b0a6-2545-4b02-ae8c-9c0c4220f8c3,4,4,0,16,1,1768800209,2026-01-19 00:24:27
2ad41c1f-5636-4a63-ad52-761e2613061a,0,0,0,20,1,1768800209,2026-01-19 00:24:27
ee70b21e-4a95-4bdf-802c-50f83a76971d,8,5,3,15,1,1768800206,2026-01-19 00:24:27
2123939242997647892,8,2,6,6,1,1768800206,2026-01-19 00:24:27
66ddeb67-0aca-11e7-82f6-3863bb44ef7c,25,19,6,2,1,1768800204,2026-01-19 00:24:27
2126621627432855870,9,0,9,3,1,1768800204,2026-01-19 00:24:27
1869754143518014264,27,16,11,12,1,1768800207,2026-01-19 00:24:27
8d8a381c-21df-4095-837e-65924d85a06d,0,0,0,19,1,1768800207,2026-01-19 00:24:27
66db281e-0aca-11e7-82f6-3863bb44ef7c,39,8,31,22,1,1768800208,2026-01-19 00:24:27
c4377169-c19e-47e1-90a4-c4e14bb41601,7,3,4,14,1,1768800206,2026-01-19 00:24:27
398ebef6-dcc2-4305-b1d2-47efafdaa85c,3,3,0,15,1,1768800208,2026-01-19 00:24:27
0e240143-2f86-4754-8345-4994750d99f1,14,2,12,4,1,1768800209,2026-01-19 00:24:27
1828966227118051662,15,2,13,1,1,1768800209,2026-01-19 00:24:27
7c7cb750-6613-48a4-bfae-9240968f1fad,8,5,3,28,1,1768800209,2026-01-19 00:24:27
3c5a8531-4eec-4695-b4f8-8a1158890e78,12,10,2,3,1,1768800209,2026-01-19 00:24:27
d7c12bf1-1ec8-496a-beca-90ba76c53241,1,0,1,16,1,1768800209,2026-01-19 00:24:27
1835246381185208614,6,2,4,13,1,1768800210,2026-01-19 00:24:27
081d243e-d75e-4e2a-bdae-a990b2397532,3,3,0,19,1,1768800210,2026-01-19 00:24:27
c0ce2a38-04f5-4333-8818-2a3faa84f214,21,3,18,8,1,1768800215,2026-01-19 00:24:27
5a5a38d1-f28d-4e51-bf85-27bb384135c7,30,1,29,2,1,1768800215,2026-01-19 00:24:27
b976906e-81c4-44c5-a160-e17815c0d47b,7,5,2,20,1,1768800211,2026-01-19 00:24:27
1967778612889039234,9,7,2,26,1,1768800211,2026-01-19 00:24:27
1d440638-ec50-4ccb-9a82-0e3247a87c63,33,0,33,6,1,1768800212,2026-01-19 00:24:27
039d4cc9-8560-4d22-88c3-20753c54a50f,11,1,10,12,1,1768800212,2026-01-19 00:24:27
2fe3e166-2d2f-41c8-b522-fdf8ee3ae16f,14,6,8,6,1,1768800214,2026-01-19 00:24:27
66db9675-0aca-11e7-82f6-3863bb44ef7c,15,15,0,7,1,1768800190,2026-01-19 00:24:27
e63c8dac-ab44-48c8-83a0-92c53a00f12e,12,12,0,17,1,1768800214,2026-01-19 00:24:27
2025623258130320038,13,4,9,19,1,1768800214,2026-01-19 00:24:27
201edb67-d071-4b67-bafd-131e5c273e9f,16,6,10,3,1,1768800210,2026-01-19 00:24:27
66dde271-0aca-11e7-82f6-3863bb44ef7c,14,8,6,29,1,1768800210,2026-01-19 00:24:27
2124425954553309758,6,1,5,1,1,1768800189,2026-01-19 00:24:27
3d6b7c84-7e5a-454d-aa9d-c66eb92383be,5,2,3,13,1,1768800210,2026-01-19 00:24:27
1960021358478625244,47,40,7,26,1,1768800211,2026-01-19 00:24:27
1835250199411134468,13,6,7,9,1,1768800213,2026-01-19 00:24:27
66db90f1-0aca-11e7-82f6-3863bb44ef7c,26,22,4,36,1,1768800213,2026-01-19 00:24:27
9b0c2c99-214f-4e15-b476-1626c03a9e4e,57,50,7,3,1,1768800213,2026-01-19 00:24:27
1846086263936934630,15,2,13,3,1,1768800212,2026-01-19 00:24:27
66de0c43-0aca-11e7-82f6-3863bb44ef7c,23,2,21,3,1,1768800210,2026-01-19 00:24:27
1815968345907104578,18,1,17,9,1,1768800212,2026-01-19 00:24:27
66dbeb1b-0aca-11e7-82f6-3863bb44ef7c,9,1,8,31,1,1768800216,2026-01-19 00:24:27
bdc116cd-4d63-4693-846c-ec5073314007,5,4,1,14,1,1768800215,2026-01-19 00:24:27
66db28b5-0aca-11e7-82f6-3863bb44ef7c,70,13,57,2,1,1768800216,2026-01-19 00:24:27
66db5d92-0aca-11e7-82f6-3863bb44ef7c,17,12,5,2,1,1768800218,2026-01-19 00:24:27
89ff4db3-8a29-4565-a366-6fea4b3afc39,12,3,9,7,1,1768800217,2026-01-19 00:24:27
627c77c0-0088-4ba8-ba66-73e0e3d3fe77,5,2,3,17,1,1768800217,2026-01-19 00:24:27
1860189075388547142,2,1,1,18,1,1768800217,2026-01-19 00:24:27
66dd9b0f-0aca-11e7-82f6-3863bb44ef7c,16,9,7,23,1,1768800218,2026-01-19 00:24:27
1846085836152179090,11,3,8,8,1,1768800218,2026-01-19 00:24:27
00d94dfc-3695-47e1-aba6-7f319dd2eb08,7,5,2,14,1,1768800219,2026-01-19 00:24:27
11a8d465-b4eb-466b-a6ca-055f73994231,12,4,8,11,1,1768800219,2026-01-19 00:24:27
3edec530-4791-4872-8912-2a2397a903a4,38,22,16,27,1,1768800219,2026-01-19 00:24:27
1856767361963389606,17,0,17,0,1,1768800219,2026-01-19 00:24:27
bda1fab4-5065-42df-a8ff-514e6064ab6e,20,0,20,1,1,1768800219,2026-01-19 00:24:27
1846086562569586930,15,4,11,3,1,1768800212,2026-01-19 00:24:27
66dc0f1b-0aca-11e7-82f6-3863bb44ef7c,68,54,14,0,1,1768800222,2026-01-19 00:24:27
66dc89ae-0aca-11e7-82f6-3863bb44ef7c,2,1,1,35,1,1768800222,2026-01-19 00:24:27
46bdd925-fb6c-4654-85d8-e0db4da62abf,15,1,14,15,1,1768800222,2026-01-19 00:24:27
1834145204469569922,10,0,10,12,1,1768800220,2026-01-19 00:24:27
2124037510131026812,17,9,8,1,1,1768800131,2026-01-19 00:24:27
5b4a90b8-426d-4a40-a7ca-87e51d690883,3,3,0,35,1,1768800220,2026-01-19 00:24:27
c229f0ca-bdd1-4aa0-8906-a3e809e12889,3,1,2,18,1,1768800220,2026-01-19 00:24:27
36aaebb9-ef10-41a5-b20b-753bf8a3fed8,2,0,2,15,1,1768800221,2026-01-19 00:24:27
1828966747840428256,5,2,3,13,1,1768800221,2026-01-19 00:24:27
0e8bfd72-c494-4d3e-85e2-4f98b801fe3b,2,0,2,17,1,1768800221,2026-01-19 00:24:27
bb58e953-4953-4fbe-9ef2-367488dfef9b,3,3,0,15,1,1768800227,2026-01-19 00:24:27
9d56294e-61fc-4176-bb9c-4692f45bb374,16,2,14,2,1,1768800227,2026-01-19 00:24:27
14391923-6727-4359-92e9-03e0b5094753,37,10,27,13,1,1768800227,2026-01-19 00:24:27
1828968327357059242,7,4,3,14,1,1768800227,2026-01-19 00:24:27
06109e92-4363-445a-9743-0457f6799530,14,8,6,60,1,1768800227,2026-01-19 00:24:27
2ec2f95c-675c-4c59-856f-1fb38df59fa2,1,0,1,17,1,1768800228,2026-01-19 00:24:27
a7c09fde-76e8-4a56-b61d-8ca940432efd,5,4,1,18,1,1768800228,2026-01-19 00:24:27
66dc8382-0aca-11e7-82f6-3863bb44ef7c,25,21,4,54,1,1768800228,2026-01-19 00:24:27
4cfd4097-0aee-4f11-9aea-55f99397bf33,2,0,2,13,1,1768800226,2026-01-19 00:24:27
1861683217585879154,26,7,19,19,1,1768800226,2026-01-19 00:24:27
c6c10756-ef41-491a-8e6c-ee0aa27b8cbe,1,1,0,17,1,1768800226,2026-01-19 00:24:27
26599393-b967-44a6-a998-cb72ca53cd9e,2,0,2,19,1,1768800226,2026-01-19 00:24:27
8066575c-f8e9-4e14-95ea-8d25ceeae2ca,8,4,4,27,1,1768800227,2026-01-19 00:24:27
f42b3158-3f78-4a62-964a-8cc554d69c35,14,1,13,1,1,1768800227,2026-01-19 00:24:27
e3470e29-934c-41f1-8fe7-82135ed2d620,11,0,11,50,1,1768800227,2026-01-19 00:24:27
60c5a043-1367-4a27-96ee-394ba60e2154,20,11,9,9,1,1768800225,2026-01-19 00:24:27
13b82a41-c25b-428f-a07b-5f5d8340c6f2,0,0,0,14,1,1768800225,2026-01-19 00:24:27
66ddbdb1-0aca-11e7-82f6-3863bb44ef7c,18,6,12,5,1,1768800226,2026-01-19 00:24:27
66dca5f3-0aca-11e7-82f6-3863bb44ef7c,6,5,1,36,1,1768800226,2026-01-19 00:24:27
8dfff4bd-0f3c-43af-bc55-a63850f66c6b,10,2,8,7,1,1768800224,2026-01-19 00:24:27
66db3898-0aca-11e7-82f6-3863bb44ef7c,14,5,9,19,1,1768800225,2026-01-19 00:24:27
66dc7c31-0aca-11e7-82f6-3863bb44ef7c,35,26,9,4,1,1768800223,2026-01-19 00:24:27
f6cf3ecc-b3ad-4291-8c24-277f28f64ba1,0,0,0,17,1,1768800223,2026-01-19 00:24:27
7e36cd9b-b271-42e5-b344-b7a3771c795e,15,4,11,28,1,1768800228,2026-01-19 00:24:27
7d41ac98-df88-497a-aef9-968660e6da0f,7,3,4,30,1,1768800229,2026-01-19 00:24:27
1860188331547447938,2,1,1,18,1,1768800229,2026-01-19 00:24:27
1791188268875152272,44,10,34,4,1,1768800229,2026-01-19 00:24:27
66dcf922-0aca-11e7-82f6-3863bb44ef7c,11,0,11,17,1,1768800229,2026-01-19 00:24:27
66dc462a-0aca-11e7-82f6-3863bb44ef7c,63,26,37,11,1,1768800226,2026-01-19 00:24:27
1797078913880883846,1,1,0,18,1,1768800226,2026-01-19 00:24:27
1945126022626996350,16,1,15,9,1,1768800228,2026-01-19 00:24:27
66dbf6d2-0aca-11e7-82f6-3863bb44ef7c,1,1,0,29,1,1768800228,2026-01-19 00:24:27
f8c1c90f-4ec0-44bd-b097-cfafc887744d,43,4,39,10,1,1768800229,2026-01-19 00:24:27
66dc2606-0aca-11e7-82f6-3863bb44ef7c,46,10,36,27,1,1768800229,2026-01-19 00:24:27
66dc1702-0aca-11e7-82f6-3863bb44ef7c,40,39,1,27,1,1768800230,2026-01-19 00:24:27
c36cfa58-29fe-4c0c-a14f-41c3463487fd,7,3,4,13,1,1768800230,2026-01-19 00:24:27
66dd3cb4-0aca-11e7-82f6-3863bb44ef7c,23,0,23,9,1,1768800230,2026-01-19 00:24:27
1862787688044743624,15,0,15,4,1,1768800230,2026-01-19 00:24:27
1851947582840610924,4,0,4,17,1,1768800233,2026-01-19 00:24:27
b1cdec34-d4f9-4313-be82-729bb9f7bb18,12,2,10,6,1,1768800233,2026-01-19 00:24:27
0258da92-f770-4acc-b20b-91b78aff791e,16,2,14,4,1,1768800233,2026-01-19 00:24:27
a7a175ff-8ffb-477c-a40b-6d47ce92305d,9,1,8,10,1,1768800233,2026-01-19 00:24:27
3d340fc5-8c86-4d5e-974d-ae28958e61e8,48,40,8,4,1,1768800233,2026-01-19 00:24:27
66db43b5-0aca-11e7-82f6-3863bb44ef7c,13,11,2,8,1,1768800234,2026-01-19 00:24:27
2126623405008140358,6,2,4,3,1,1768800233,2026-01-19 00:24:27
c7dbc7b5-240b-494d-8663-dbee4103a20c,13,0,13,5,1,1768800231,2026-01-19 00:24:27
814dd1a9-100c-4b1b-8110-6319bbd464e9,2,2,0,18,1,1768800231,2026-01-19 00:24:27
b471c112-1770-4dfe-9e13-fe7479dcb5a5,22,0,22,1,1,1768800231,2026-01-19 00:24:27
c8197f4b-02b0-4cc3-96af-df5fec27a279,2,2,0,12,1,1768800231,2026-01-19 00:24:27
1835247598942507168,2,1,1,15,1,1768800231,2026-01-19 00:24:27
99b7c9a5-9679-417f-b884-21c4b240aa99,7,1,6,11,1,1768800231,2026-01-19 00:24:27
66db3fc9-0aca-11e7-82f6-3863bb44ef7c,23,6,17,19,1,1768800232,2026-01-19 00:24:27
66dd9dba-0aca-11e7-82f6-3863bb44ef7c,30,20,10,12,1,1768800231,2026-01-19 00:24:27
2123938400844950144,2,0,2,13,1,1768800232,2026-01-19 00:24:27
66db460d-0aca-11e7-82f6-3863bb44ef7c,23,1,22,5,1,1768800232,2026-01-19 00:24:27
3ac7b47b-2253-4a0b-bf7d-8a2eb6b78a38,17,4,13,21,1,1768800234,2026-01-19 00:24:27
2126965369631090816,7,1,6,9,1,1768800234,2026-01-19 00:24:27
d9160982-2d9b-4f08-9469-a559a7b62809,11,6,5,75,1,1768800235,2026-01-19 00:24:27
66dcb9f7-0aca-11e7-82f6-3863bb44ef7c,7,2,5,14,1,1768800234,2026-01-19 00:24:27
1963272613486484230,10,5,5,58,1,1768800230,2026-01-19 00:24:27
1984510483573713186,23,11,12,34,1,1768800230,2026-01-19 00:24:27
66dd1bf3-0aca-11e7-82f6-3863bb44ef7c,43,0,43,3,1,1768800230,2026-01-19 00:24:27
b43ecf62-4c9d-4b06-ac9a-5837084f769f,2,2,0,19,1,1768800235,2026-01-19 00:24:27
16c54bf4-194b-4f26-9c49-a42901b4748d,1,1,0,21,1,1768800235,2026-01-19 00:24:27
8c2ed08f-1660-4db8-9168-4709427c23ed,10,10,0,8,1,1768800236,2026-01-19 00:24:27
66de4897-0aca-11e7-82f6-3863bb44ef7c,20,1,19,0,1,1768800236,2026-01-19 00:24:27
72719900-dd61-40bd-9f4a-40d70c47590c,15,11,4,10,1,1768800235,2026-01-19 00:24:27
c72970e7-7f1a-4671-bf55-fc34be7c9413,13,2,11,5,1,1768800236,2026-01-19 00:24:27
971cddfa-695e-4b44-ba8b-26154ab4a83b,2,1,1,14,1,1768800236,2026-01-19 00:24:27
ee1ba75f-baf5-4852-929c-8b7ad310f55a,6,2,4,17,1,1768800236,2026-01-19 00:24:27
2088792249063596144,19,13,6,10,1,1768800237,2026-01-19 00:24:27
1dba415a-2c46-419e-838d-7e068b8d7d6f,12,3,9,9,1,1768800237,2026-01-19 00:24:27
92ffa9d6-8cb1-44cf-8059-391b03d58071,4,4,0,22,1,1768800236,2026-01-19 00:24:27
1879828885264130640,11,3,8,7,1,1768800237,2026-01-19 00:24:27
fc5ee04d-710b-45ba-aae0-303b8e95ea89,12,12,0,6,1,1768800237,2026-01-19 00:24:27
1849009794224623642,17,0,17,1,1,1768800237,2026-01-19 00:24:27
66de14af-0aca-11e7-82f6-3863bb44ef7c,34,0,34,0,1,1768800238,2026-01-19 00:24:27
1846086027713733188,13,3,10,2,1,1768800238,2026-01-19 00:24:27
b53b5e8f-9503-48d1-b3e3-9347ecef38e2,8,1,7,26,1,1768800238,2026-01-19 00:24:27
61c82689-3f4c-495d-8f44-e71de8f04088,26,19,7,53,1,1768800238,2026-01-19 00:24:27
66dd4423-0aca-11e7-82f6-3863bb44ef7c,36,36,0,6,1,1768800238,2026-01-19 00:24:27
05d03a63-b5f2-40d9-9a3d-d2fe666a307f,7,0,7,17,1,1768800238,2026-01-19 00:24:27
1861681959015615218,0,0,0,25,1,1768800239,2026-01-19 00:24:27
340036c3-2787-4998-9a77-fe54f352d619,0,0,0,15,1,1768800173,2026-01-19 00:24:27
66dbc745-0aca-11e7-82f6-3863bb44ef7c,36,31,5,6,1,1768800239,2026-01-19 00:24:27
6cb5fac5-f7e8-4ec9-94cf-816771d91ecd,21,2,19,4,1,1768800239,2026-01-19 00:24:27
2108372562172578194,16,16,0,0,1,1768800111,2026-01-19 00:24:27
6107e75a-2493-4e3d-a3e0-d4886d3416e5,7,0,7,5,1,1768800138,2026-01-19 00:24:27
681a8bdb-65ff-4078-a5de-74927502da4e,4,0,4,13,1,1768800176,2026-01-19 00:24:27
3d1db3fa-1df5-46c8-baf3-619b729f5bda,6,3,3,9,1,1768800123,2026-01-19 00:24:27
4a48175b-c239-4d5e-b1b8-03eda4239678,20,7,13,7,1,1768800165,2026-01-19 00:24:27
f417d8da-0f15-49b0-9e3c-3c3e55c2691d,15,7,8,7,1,1768800186,2026-01-19 00:24:27
e163ce54-4c39-43c5-9831-e10a2603527d,0,0,0,9,0,1768685142,2026-01-19 00:24:27
1839334257267825432,0,0,0,9,0,1768714345,2026-01-19 00:24:27
66dd8479-0aca-11e7-82f6-3863bb44ef7c,0,0,0,14,0,1768724717,2026-01-19 00:24:27
66dd6721-0aca-11e7-82f6-3863bb44ef7c,0,0,0,12,0,1768685068,2026-01-19 00:24:27
2116635307734817684,4,2,2,9,1,1768800086,2026-01-19 00:24:27
2de92329-48d0-4cf7-85df-172f91bbb320,0,0,0,16,0,1768695600,2026-01-19 00:24:27
66ddda59-0aca-11e7-82f6-3863bb44ef7c,8,3,5,5,1,1768800212,2026-01-19 00:24:27
7478be11-37d8-49b1-a253-f0810045f6ff,0,0,0,15,0,1768784629,2026-01-19 00:24:27
d09709d2-e119-48c4-aa22-29432a13a35a,5,1,4,7,1,1768800231,2026-01-19 00:24:27
537a2f47-26a3-4776-ba9d-e2acd2ffbee1,3,3,0,1,1,1768800223,2026-01-19 00:24:27
66dd5e69-0aca-11e7-82f6-3863bb44ef7c,10,1,9,7,1,1768800226,2026-01-19 00:24:27
66dd5960-0aca-11e7-82f6-3863bb44ef7c,13,2,11,8,1,1768800230,2026-01-19 00:24:27
2116636101124803154,0,0,0,14,1,1768800186,2026-01-19 00:24:27
2116635993049651742,1,0,1,10,1,1768800236,2026-01-19 00:24:27
66dddae7-0aca-11e7-82f6-3863bb44ef7c,8,8,0,8,1,1768800161,2026-01-19 00:24:27
c32d6965-4fae-4f1f-a5f2-7f2ef5f439fc,2,0,2,17,1,1768800159,2026-01-19 00:24:27
a59f4f11-5d52-43a2-8a32-ae71137a6af8,10,10,0,8,1,1768800138,2026-01-19 00:24:27
21c4a77d-b1ae-4262-b143-087fd14a07b8,13,4,9,2,1,1768800139,2026-01-19 00:24:27
2036428272250118978,6,0,6,13,1,1768800137,2026-01-19 00:24:27
66ddded0-0aca-11e7-82f6-3863bb44ef7c,5,1,4,7,1,1768800134,2026-01-19 00:24:27
66dd7cab-0aca-11e7-82f6-3863bb44ef7c,9,4,5,13,1,1768800124,2026-01-19 00:24:27
66dd83fc-0aca-11e7-82f6-3863bb44ef7c,11,2,9,10,1,1768800154,2026-01-19 00:24:27
43318169-d1ae-4a1a-9578-23cfa3fdbac9,13,6,7,5,1,1768800167,2026-01-19 00:24:27
66ddde40-0aca-11e7-82f6-3863bb44ef7c,10,2,8,8,1,1768800164,2026-01-19 00:24:27
66dd836d-0aca-11e7-82f6-3863bb44ef7c,12,5,7,9,1,1768800181,2026-01-19 00:24:27
66dd8043-0aca-11e7-82f6-3863bb44ef7c,6,6,0,12,1,1768800177,2026-01-19 00:24:27
f841ae52-0bbb-49db-b6eb-f898fbce6108,0,0,0,6,0,1768746780,2026-01-19 00:24:27
915057d4-edbc-4c73-8d81-dda33d600d58,12,3,9,4,1,1768800217,2026-01-19 00:24:27
66dd650d-0aca-11e7-82f6-3863bb44ef7c,5,2,3,10,1,1768800213,2026-01-19 00:24:27
3742e2ab-6cd0-40cf-846a-72cbe637afe1,14,1,13,15,1,1768800220,2026-01-19 00:24:27
66dddc98-0aca-11e7-82f6-3863bb44ef7c,15,7,8,10,1,1768800220,2026-01-19 00:24:27
66dd9183-0aca-11e7-82f6-3863bb44ef7c,3,2,1,9,1,1768800223,2026-01-19 00:24:27
2108372790290481846,5,5,0,8,1,1768800226,2026-01-19 00:24:27
e2c00264-9eea-446d-a1b7-27cef3aed403,7,5,2,6,1,1768800230,2026-01-19 00:24:27
0bb12c94-efdb-40ac-98fe-9521ba373b57,6,1,5,21,1,1768800225,2026-01-19 00:24:27
ded4386f-9f69-43c6-a566-4511920c3e39,9,4,5,12,1,1768800237,2026-01-19 00:24:27
823c0615-2832-4e76-85f0-7cf527151aba,0,0,0,0,0,86400,2026-01-19 00:24:27
2290031f-e7d8-40a3-9ad6-566df493bbbc,0,0,0,3,0,1768776385,2026-01-19 00:24:27
2108372139456801688,8,7,1,10,1,1768800046,2026-01-19 00:24:27
1ec24ce3-2b69-4f3a-a153-c73e583d11f3,0,0,0,14,0,1768736556,2026-01-19 00:24:27
2116635185595800086,9,5,4,2,1,1768800117,2026-01-19 00:24:27
8ae0bf30-9979-461e-a947-2dd89f293b40,8,1,7,4,1,1768800136,2026-01-19 00:24:27
fadf00cf-d84a-49e8-9607-c67154915412,23,16,7,3,1,1768800141,2026-01-19 00:24:27
66dd63de-0aca-11e7-82f6-3863bb44ef7c,9,7,2,8,1,1768800156,2026-01-19 00:24:27
2058728861810389252,10,8,2,9,1,1768800162,2026-01-19 00:24:27
22cd02a2-228f-4eeb-b249-cbea51a0e219,8,5,3,10,1,1768800171,2026-01-19 00:24:27
33a797e8-6be2-4868-b9f6-1be157eaa0a5,2,2,0,16,1,1768800171,2026-01-19 00:24:27
66ddd78e-0aca-11e7-82f6-3863bb44ef7c,7,6,1,6,1,1768800174,2026-01-19 00:24:27
ccfa1f8f-f930-45f2-9cda-375c01596ca2,0,0,0,18,1,1768800203,2026-01-19 00:24:27
5f798c51-5d8b-4add-9f81-341f54a82ffa,6,0,6,12,1,1768800179,2026-01-19 00:24:27
66dd58f2-0aca-11e7-82f6-3863bb44ef7c,6,0,6,6,1,1768800177,2026-01-19 00:24:27
66dd7f10-0aca-11e7-82f6-3863bb44ef7c,10,5,5,14,1,1768800182,2026-01-19 00:24:27
2116635868495600156,3,1,2,9,1,1768800136,2026-01-19 00:24:27
66dd5f99-0aca-11e7-82f6-3863bb44ef7c,10,1,9,6,1,1768800210,2026-01-19 00:24:27
2116635417524034072,4,4,0,8,1,1768800222,2026-01-19 00:24:27
2157737368545384190,2,2,0,14,1,1768800231,2026-01-19 00:24:27
dd8b2f53-8b94-4082-9576-994a4962f9d5,6,6,0,9,1,1768800231,2026-01-19 00:24:27
66dd630c-0aca-11e7-82f6-3863bb44ef7c,17,6,11,0,1,1768800228,2026-01-19 00:24:27
655b0878-c22b-4f8c-8675-21bf30d1eebf,8,5,3,4,1,1768800229,2026-01-19 00:24:27
2108373096850688302,1,1,0,13,1,1768800239,2026-01-19 00:24:27
1849747691035224144,14,5,9,1,1,1768800238,2026-01-19 00:24:27
1844599666569400604,0,0,0,4,0,1768792348,2026-01-19 00:24:27
66dd6441-0aca-11e7-82f6-3863bb44ef7c,0,0,0,11,0,1768715411,2026-01-19 00:24:27
2116885281736356212,5,2,3,7,1,1768800153,2026-01-19 00:24:27
2165507807810224012,1,1,0,8,1,1768800210,2026-01-19 00:24:27
66dd8b48-0aca-11e7-82f6-3863bb44ef7c,14,6,8,4,1,1768800212,2026-01-19 00:24:27
2157736614125310040,6,4,2,10,1,1768800169,2026-01-19 00:24:27
66dd6000-0aca-11e7-82f6-3863bb44ef7c,12,1,11,6,1,1768800221,2026-01-19 00:24:27
66dd7b37-0aca-11e7-82f6-3863bb44ef7c,12,4,8,14,1,1768800218,2026-01-19 00:24:27
66dddf5f-0aca-11e7-82f6-3863bb44ef7c,4,4,0,8,1,1768800219,2026-01-19 00:24:27
3371df76-39db-43ab-b3d6-fac0be55311f,7,4,3,7,1,1768800217,2026-01-19 00:24:27
2108373197827738014,8,2,6,12,1,1768800159,2026-01-19 00:24:27
4aecd6f2-8a84-4bed-a528-dc6870877292,2,2,0,15,1,1768800186,2026-01-19 00:24:27
2108372029596633484,6,1,5,6,1,1768800200,2026-01-19 00:24:27
66dd80ac-0aca-11e7-82f6-3863bb44ef7c,7,1,6,13,1,1768800224,2026-01-19 00:24:27
66ddd81a-0aca-11e7-82f6-3863bb44ef7c,2,1,1,10,1,1768800228,2026-01-19 00:24:27
2158919319277979600,1,1,0,12,1,1768800225,2026-01-19 00:24:27
66dd7fe2-0aca-11e7-82f6-3863bb44ef7c,5,0,5,17,1,1768800237,2026-01-19 00:24:27
bd6f422b-d7ae-4d7e-9261-653fdd8e6888,22,15,7,4,1,1768800143,2026-01-19 00:24:27
9d344652-976b-4c2d-bede-2ef19b0fbf13,8,5,3,9,1,1768800153,2026-01-19 00:24:27
46813ecf-8df4-4c8f-9579-0179e0b36ba6,3,1,2,12,1,1768800160,2026-01-19 00:24:27
b6a13f2b-deb4-4f4d-9d67-7d23bee27c88,9,4,5,5,1,1768800164,2026-01-19 00:24:27
519824e4-69ba-4270-a395-17c204f328f8,2,2,0,15,1,1768800165,2026-01-19 00:24:27
66ddddb4-0aca-11e7-82f6-3863bb44ef7c,6,0,6,7,1,1768800180,2026-01-19 00:24:27
cbc48689-7805-49dd-9669-5471f4b7b6fb,13,0,13,10,1,1768800184,2026-01-19 00:24:27
66ddd8a8-0aca-11e7-82f6-3863bb44ef7c,5,0,5,9,1,1768800183,2026-01-19 00:24:27
66dd5f24-0aca-11e7-82f6-3863bb44ef7c,14,3,11,8,1,1768800220,2026-01-19 00:24:27
66dddd28-0aca-11e7-82f6-3863bb44ef7c,4,2,2,10,1,1768800197,2026-01-19 00:24:27
2116634708854430228,10,2,8,7,1,1768800193,2026-01-19 00:24:27
66dddc08-0aca-11e7-82f6-3863bb44ef7c,8,5,3,2,1,1768800202,2026-01-19 00:24:27
66ddd93e-0aca-11e7-82f6-3863bb44ef7c,9,3,6,4,1,1768800199,2026-01-19 00:24:27
2116636221383887448,15,0,15,3,1,1768800204,2026-01-19 00:24:27
2108373961268485100,4,0,4,9,1,1768800204,2026-01-19 00:24:27
2116635527663355916,0,0,0,11,1,1768800228,2026-01-19 00:24:27
2108372903577159978,4,4,0,11,1,1768800163,2026-01-19 00:24:27
5faf99b8-9046-450f-9d2a-d13279b3d016,0,0,0,16,0,1768786745,2026-01-19 00:24:27
5aa81a37-ea1d-4bf6-ab40-4751c6b4fb08,3,2,1,13,1,1768800230,2026-01-19 00:24:27
2088688422524183306,6,3,3,30,1,1768800233,2026-01-19 00:24:27
66dd5a42-0aca-11e7-82f6-3863bb44ef7c,12,10,2,7,1,1768800237,2026-01-19 00:24:27
581211b2-4e42-48f2-8a8f-5f968cb1c5df,25,22,3,5,1,1768800239,2026-01-19 00:24:27
2108372356498784942,8,2,6,2,1,1768800239,2026-01-19 00:24:27
498d7e8e-5164-4f26-9ce6-399947d73b1a,0,0,0,0,0,1759761514,2026-01-19 00:51:56
1905837242740508940,0,0,0,0,0,86400,2026-01-19 00:51:56
41495491-5d89-4e14-aab9-c3db04aad399,0,0,0,0,0,86400,2026-01-19 00:51:56
b9720921-8170-43ea-a5ae-b61b9161eb49,0,0,0,0,0,86400,2026-01-19 00:51:56
2171903488884523500,0,0,0,0,0,86400,2026-01-19 00:51:56
2171903608969565866,0,0,0,0,0,86400,2026-01-19 00:51:56
2171904223419888148,0,0,0,0,0,86400,2026-01-19 00:51:56
66de13dc-0aca-11e7-82f6-3863bb44ef7c,0,0,0,0,0,1768750209,2026-01-19 00:51:56
66de0cab-0aca-11e7-82f6-3863bb44ef7c,0,0,0,0,0,1768790936,2026-01-19 00:51:56
26b3a82b-3487-44c2-85f1-eddb5a8a3a9d,19,0,19,3,1,1768801685,2026-01-19 00:51:56
e152a2e1-c510-404e-a100-24246bb6cc95,5,4,1,12,1,1768801685,2026-01-19 00:51:56
eb217a2c-1dd0-4690-a34e-ecc1a708f883,6,2,4,14,1,1768801686,2026-01-19 00:51:56
22ab59a8-0af4-4101-9350-a7af88e37c2e,6,0,6,13,1,1768801688,2026-01-19 00:51:56
b96507c5-7c90-499d-9c45-58f25d6f636a,1,1,0,19,1,1768801690,2026-01-19 00:51:56
66dcc37f-0aca-11e7-82f6-3863bb44ef7c,4,2,2,17,1,1768801690,2026-01-19 00:51:56
1880643645302280466,7,7,0,23,1,1768801690,2026-01-19 00:51:56
0fde06c2-632c-46a9-8866-f4e855604f74,43,33,10,22,1,1768801688,2026-01-19 00:51:56
b4f990dd-36bb-46b3-9eea-4b980bd43c2d,7,5,2,13,1,1768801687,2026-01-19 00:51:56
66de19ab-0aca-11e7-82f6-3863bb44ef7c,12,12,0,18,1,1768801687,2026-01-19 00:51:56
c8c39d85-4ce7-46c5-b709-998067200780,0,0,0,22,1,1768801686,2026-01-19 00:51:56
66dc17df-0aca-11e7-82f6-3863bb44ef7c,9,7,2,24,1,1768801693,2026-01-19 00:51:56
ff745407-c087-4c0d-a965-98baf078f292,16,14,2,7,1,1768801693,2026-01-19 00:51:56
81a98b0b-cfd6-48b4-90bd-806ebbc264a0,4,1,3,12,1,1768801693,2026-01-19 00:51:56
66dce9b5-0aca-11e7-82f6-3863bb44ef7c,6,0,6,26,1,1768801693,2026-01-19 00:51:56
c71cca54-17f6-42bc-ba94-3f5bd9c70197,38,2,36,4,1,1768801693,2026-01-19 00:51:56
1822663031356509142,10,1,9,8,1,1768801694,2026-01-19 00:51:56
1859808514684217788,3,0,3,18,1,1768801695,2026-01-19 00:51:56
1840540852548303628,3,1,2,15,1,1768801695,2026-01-19 00:51:56
1835250442210857240,16,1,15,2,1,1768801691,2026-01-19 00:51:56
66de2199-0aca-11e7-82f6-3863bb44ef7c,20,5,15,7,1,1768801692,2026-01-19 00:51:56
0ddb965d-95ef-4ce3-bde6-81a56ac1fbd2,5,0,5,26,1,1768801692,2026-01-19 00:51:56
bcb08532-f0d5-4c0e-ad8a-4ddacc204791,1,1,0,16,1,1768801695,2026-01-19 00:51:56
1831178352265562334,14,1,13,13,1,1768801695,2026-01-19 00:51:56
5f63411c-91ce-4788-a567-d388cc812a15,7,0,7,22,1,1768801696,2026-01-19 00:51:56
b442a648-e9f4-4893-951a-64d258bc0e55,26,18,8,0,1,1768801696,2026-01-19 00:51:56
cb9840a3-4ae2-420d-865c-9ac45e2f5485,9,6,3,4,1,1768801697,2026-01-19 00:51:56
83a5d761-57d0-4cd6-aa2b-7eb350120d99,9,1,8,11,1,1768801711,2026-01-19 00:51:56
66dcbac5-0aca-11e7-82f6-3863bb44ef7c,5,1,4,13,1,1768801711,2026-01-19 00:51:56
66ddeaff-0aca-11e7-82f6-3863bb44ef7c,11,5,6,18,1,1768801711,2026-01-19 00:51:56
66dd46a2-0aca-11e7-82f6-3863bb44ef7c,12,5,7,34,1,1768801712,2026-01-19 00:51:56
6fab98b7-b06a-49d8-a4d1-087ffce0ebcf,0,0,0,16,1,1768801712,2026-01-19 00:51:56
1846085439406916338,0,0,0,24,1,1768801707,2026-01-19 00:51:56
66dd45c7-0aca-11e7-82f6-3863bb44ef7c,23,19,4,7,1,1768801707,2026-01-19 00:51:56
581bc4fe-cf14-4767-8377-6fa156ff8a29,6,1,5,12,1,1768801707,2026-01-19 00:51:56
66dd26f9-0aca-11e7-82f6-3863bb44ef7c,20,2,18,13,1,1768801707,2026-01-19 00:51:56
6b60bf55-3da4-439a-bde1-fc80be8623ba,0,0,0,22,1,1768801707,2026-01-19 00:51:56
1851674198082642572,20,1,19,0,1,1768801708,2026-01-19 00:51:56
66de71af-0aca-11e7-82f6-3863bb44ef7c,22,15,7,14,1,1768801709,2026-01-19 00:51:56
7a6fc75f-a605-4dd6-b567-b2bbbfb862f3,17,16,1,0,1,1768801708,2026-01-19 00:51:56
ad57266c-34da-43da-8b48-2ba856002fbf,16,11,5,13,1,1768801710,2026-01-19 00:51:56
66dde69c-0aca-11e7-82f6-3863bb44ef7c,0,0,0,17,1,1768801711,2026-01-19 00:51:56
66dd9fa6-0aca-11e7-82f6-3863bb44ef7c,19,19,0,41,1,1768801711,2026-01-19 00:51:56
4efda436-cd19-4ec3-acc7-1a622f723264,1,1,0,17,1,1768801708,2026-01-19 00:51:56
29ced315-14b5-4edc-bef2-665316dfe3dd,28,13,15,17,1,1768801709,2026-01-19 00:51:56
1b038e21-e199-4c47-bef0-f4bcdc06b73b,41,38,3,0,1,1768801682,2026-01-19 00:51:56
2546c9b9-5b1a-4e9f-a9cc-f8b986b79748,12,2,10,11,1,1768801682,2026-01-19 00:51:56
bfe5e69d-89ff-48b3-bf20-80cbdfa443e0,39,20,19,13,1,1768801683,2026-01-19 00:51:56
d8778570-f7f2-458d-82f5-9ad39210a501,33,25,8,15,1,1768801678,2026-01-19 00:51:56
528ed1e0-75aa-45be-8afe-c3f1c950782f,8,0,8,12,1,1768801678,2026-01-19 00:51:56
1840504138040045682,8,5,3,13,1,1768801681,2026-01-19 00:51:56
493e046c-5d62-4772-90c4-b6a9f4afcd39,6,4,2,12,1,1768801679,2026-01-19 00:51:56
1786697771181570266,42,30,12,1,1,1768801680,2026-01-19 00:51:56
579e583e-60ab-4f2a-83d0-fabebddfcd0f,9,8,1,7,1,1768801681,2026-01-19 00:51:56
765ee572-6c7a-4ed3-a2d4-f1496ea53996,19,1,18,2,1,1768801684,2026-01-19 00:51:56
1786700154621508184,6,2,4,22,1,1768801685,2026-01-19 00:51:56
f5393bc2-36d4-4508-bf51-fa48d121f751,17,10,7,7,1,1768801680,2026-01-19 00:51:56
1929504694747056164,19,9,10,21,1,1768801697,2026-01-19 00:51:56
6cd10426-b4e9-40e1-9b35-61f609190ac0,7,3,4,26,1,1768801697,2026-01-19 00:51:56
66dd1f44-0aca-11e7-82f6-3863bb44ef7c,17,11,6,8,1,1768801697,2026-01-19 00:51:56
0687075b-cf2d-4130-a859-fe841aafbd3f,14,1,13,10,1,1768801697,2026-01-19 00:51:56
ceb179f3-89c3-4c3e-8a0a-3415406a9463,13,13,0,8,1,1768801697,2026-01-19 00:51:56
59b747c1-fbfb-4a3d-9394-8d06834d7c98,14,4,10,3,1,1768801700,2026-01-19 00:51:56
66db2a71-0aca-11e7-82f6-3863bb44ef7c,42,23,19,2,1,1768801701,2026-01-19 00:51:56
324e93c8-4f3d-4a5f-becd-00e6f49fe4dd,18,0,18,1,1,1768801698,2026-01-19 00:51:56
66de1fe7-0aca-11e7-82f6-3863bb44ef7c,13,2,11,12,1,1768801697,2026-01-19 00:51:56
943a1a27-1328-4823-8945-28d845280383,27,26,1,0,1,1768801698,2026-01-19 00:51:56
1860188747953293684,7,0,7,10,1,1768801699,2026-01-19 00:51:56
44c23eaa-7ddf-40b3-8373-6f3880c5e1b1,2,1,1,14,1,1768801699,2026-01-19 00:51:56
0630217a-3913-47d9-9540-cf85688296a5,3,1,2,12,1,1768801699,2026-01-19 00:51:56
66dc120f-0aca-11e7-82f6-3863bb44ef7c,42,37,5,29,1,1768801699,2026-01-19 00:51:56
66dc7f02-0aca-11e7-82f6-3863bb44ef7c,109,94,15,0,1,1768801699,2026-01-19 00:51:56
66de2b2f-0aca-11e7-82f6-3863bb44ef7c,48,3,45,3,1,1768801698,2026-01-19 00:51:56
7f4753d7-8d58-48bd-a881-de5bff08b27d,8,4,4,16,1,1768801701,2026-01-19 00:51:56
f3140fb8-347b-4dca-96df-eeef2d1bfc50,3,1,2,15,1,1768801704,2026-01-19 00:51:56
b896d83d-5524-4c9c-a2aa-c1b0edaadc22,2,1,1,14,1,1768801704,2026-01-19 00:51:56
8d650b03-920d-4d44-a48f-8d9a1a0ba264,8,1,7,10,1,1768801705,2026-01-19 00:51:56
c638ec67-9ac0-416f-944f-619926144931,63,57,6,58,1,1768801705,2026-01-19 00:51:56
66de2274-0aca-11e7-82f6-3863bb44ef7c,20,9,11,3,1,1768801706,2026-01-19 00:51:56
20ff5447-eac3-43b7-820f-f6fa3a2e12a8,15,2,13,4,1,1768801702,2026-01-19 00:51:56
f681f980-185d-45b9-8490-bb2606624dd4,0,0,0,18,1,1768801703,2026-01-19 00:51:56
66dc7773-0aca-11e7-82f6-3863bb44ef7c,17,15,2,27,1,1768801703,2026-01-19 00:51:56
06439006-11b6-44f0-8545-c9d39035f32a,70,57,13,3,1,1768801705,2026-01-19 00:51:56
1859438049977968878,15,3,12,14,1,1768801714,2026-01-19 00:51:56
eb07bdfc-3a6f-40eb-96d2-0b92ac371619,0,0,0,20,1,1768801714,2026-01-19 00:51:56
d45b62b9-7d6b-43b2-bf1e-2c898c55dfd2,0,0,0,20,1,1768801715,2026-01-19 00:51:56
545a32d3-b74c-4dc2-b82c-a6d185dd4666,1,1,0,17,1,1768801716,2026-01-19 00:51:56
ba33c334-e17d-4478-ae3c-9c2f4dbfbb51,11,8,3,7,1,1768801716,2026-01-19 00:51:56
16e70b05-5b73-4930-9dcf-f79e5ce9eaf5,12,0,12,10,1,1768801716,2026-01-19 00:51:56
c7604869-5b55-40cf-812e-fc97901bdf14,29,7,22,11,1,1768801716,2026-01-19 00:51:56
1869743938848725856,87,71,16,4,1,1768801714,2026-01-19 00:51:56
fbaffdbd-dab5-4127-9bd5-36bf58093ea8,9,6,3,14,1,1768801715,2026-01-19 00:51:56
1882824287789509296,29,27,2,17,1,1768801712,2026-01-19 00:51:56
66de1ea2-0aca-11e7-82f6-3863bb44ef7c,14,7,7,7,1,1768801712,2026-01-19 00:51:56
66dd1d0f-0aca-11e7-82f6-3863bb44ef7c,26,16,10,4,1,1768801712,2026-01-19 00:51:56
a2ef8ed2-6031-4049-b7dc-9838ef39889b,13,0,13,2,1,1768801713,2026-01-19 00:51:56
96e72113-3681-4d19-88bb-032e76720093,42,40,2,1,1,1768801715,2026-01-19 00:51:56
1815968237323833702,17,1,16,3,1,1768801722,2026-01-19 00:51:56
66dbe96d-0aca-11e7-82f6-3863bb44ef7c,28,17,11,20,1,1768801722,2026-01-19 00:51:56
0138452a-b9f4-4aee-80b0-7fae9a122ffe,5,2,3,32,1,1768801722,2026-01-19 00:51:56
b4b5824b-3c23-44b7-92a3-cec6a54583a0,10,1,9,8,1,1768801719,2026-01-19 00:51:56
f9ed9a6b-097e-48b9-a9d1-79d084dcd2d9,3,1,2,12,1,1768801719,2026-01-19 00:51:56
66dc0dab-0aca-11e7-82f6-3863bb44ef7c,5,1,4,108,1,1768801718,2026-01-19 00:51:56
66db4549-0aca-11e7-82f6-3863bb44ef7c,11,9,2,13,1,1768801718,2026-01-19 00:51:56
66db93a1-0aca-11e7-82f6-3863bb44ef7c,10,3,7,22,1,1768801718,2026-01-19 00:51:56
525535e3-dde3-47b4-9c2e-0174eaa4f2bb,17,6,11,1,1,1768801718,2026-01-19 00:51:56
66dd4a52-0aca-11e7-82f6-3863bb44ef7c,18,18,0,9,1,1768801718,2026-01-19 00:51:56
1848241684520917882,14,0,14,2,1,1768801720,2026-01-19 00:51:56
1846086362824884662,24,0,24,0,1,1768801720,2026-01-19 00:51:56
66dce8db-0aca-11e7-82f6-3863bb44ef7c,8,1,7,31,1,1768801717,2026-01-19 00:51:56
66dd217d-0aca-11e7-82f6-3863bb44ef7c,26,25,1,1,1,1768801721,2026-01-19 00:51:56
3e1bdcec-e762-4e83-b447-007f05923cce,8,6,2,14,1,1768801722,2026-01-19 00:51:56
66dbe15d-0aca-11e7-82f6-3863bb44ef7c,19,6,13,6,1,1768801718,2026-01-19 00:51:56
c4e9905f-457b-4be0-a878-2aa53fa0b09b,19,7,12,1,1,1768801724,2026-01-19 00:51:56
595cf79f-7783-4373-b3d5-775bcf76033b,0,0,0,17,1,1768801725,2026-01-19 00:51:56
566a6389-5c22-49ca-8c24-4d9eea135170,0,0,0,26,1,1768801725,2026-01-19 00:51:56
55a4dc76-d839-4e06-9bf4-2f343391343c,2,2,0,17,1,1768801725,2026-01-19 00:51:56
56b3ca32-104a-4920-a879-a97a820858c4,9,2,7,16,1,1768801725,2026-01-19 00:51:56
bc5235a5-7f10-4a27-806e-9c25fa700959,10,0,10,24,1,1768801725,2026-01-19 00:51:56
66db3053-0aca-11e7-82f6-3863bb44ef7c,53,41,12,17,1,1768801727,2026-01-19 00:51:56
1786698321265653818,15,14,1,21,1,1768801727,2026-01-19 00:51:56
837b7db3-55c6-4595-a497-834972631752,4,3,1,11,1,1768801727,2026-01-19 00:51:56
2126622241630343402,10,7,3,10,1,1768801727,2026-01-19 00:51:56
66dced76-0aca-11e7-82f6-3863bb44ef7c,5,1,4,19,1,1768801727,2026-01-19 00:51:56
191d5d54-de64-4312-99c7-eee141efa4ef,2,2,0,19,1,1768801727,2026-01-19 00:51:56
66dbee85-0aca-11e7-82f6-3863bb44ef7c,9,7,2,61,1,1768801728,2026-01-19 00:51:56
81bec993-29a5-4e70-8f60-eecdf16c7be4,16,6,10,10,1,1768801728,2026-01-19 00:51:56
ec42fb3a-af54-46aa-a8b3-b17d72ed4475,11,3,8,8,1,1768801723,2026-01-19 00:51:56
1786698974100683436,23,23,0,28,1,1768801724,2026-01-19 00:51:56
1851254468343716806,16,2,14,4,1,1768801726,2026-01-19 00:51:56
66db447a-0aca-11e7-82f6-3863bb44ef7c,45,35,10,4,1,1768801724,2026-01-19 00:51:56
2124426307973079924,4,1,3,4,1,1768801661,2026-01-19 00:51:56
78aabb95-6195-4aa7-ab0d-5748eeb26bd1,13,4,9,17,1,1768801677,2026-01-19 00:51:56
66dbef15-0aca-11e7-82f6-3863bb44ef7c,41,11,30,10,1,1768801678,2026-01-19 00:51:56
0fa27bd7-b182-4e7a-b5bb-90f4249cb368,12,10,2,10,1,1768801755,2026-01-19 00:51:56
bbc3c1df-f7db-4f54-8d5c-b8f4269ecb48,17,14,3,2,1,1768801756,2026-01-19 00:51:56
66dea7b5-0aca-11e7-82f6-3863bb44ef7c,4,0,4,35,1,1768801756,2026-01-19 00:51:56
4568f854-1268-45cf-bac8-82286ef40ae6,13,2,11,6,1,1768801756,2026-01-19 00:51:56
d040a7b3-85b5-4c0d-9c92-3f4ad0082143,0,0,0,28,1,1768801756,2026-01-19 00:51:56
1834145589124844432,0,0,0,19,1,1768801756,2026-01-19 00:51:56
66dde103-0aca-11e7-82f6-3863bb44ef7c,28,28,0,10,1,1768801756,2026-01-19 00:51:56
66db9e99-0aca-11e7-82f6-3863bb44ef7c,4,3,1,13,1,1768801758,2026-01-19 00:51:56
66db9c2e-0aca-11e7-82f6-3863bb44ef7c,13,5,8,26,1,1768801758,2026-01-19 00:51:56
4e9a1c3a-20e2-4fd5-b8de-fbf8d43e7bcc,1,1,0,19,1,1768801759,2026-01-19 00:51:56
66dc3782-0aca-11e7-82f6-3863bb44ef7c,31,17,14,0,1,1768801759,2026-01-19 00:51:56
f3782e27-c49a-4ee9-b188-0c13cad54688,9,1,8,10,1,1768801758,2026-01-19 00:51:56
66dc3e89-0aca-11e7-82f6-3863bb44ef7c,16,9,7,45,1,1768801751,2026-01-19 00:51:56
1859088223746072684,1,0,1,15,1,1768801762,2026-01-19 00:51:56
1962547377975794462,6,0,6,19,1,1768801762,2026-01-19 00:51:56
66dc81ce-0aca-11e7-82f6-3863bb44ef7c,10,6,4,63,1,1768801763,2026-01-19 00:51:56
1828966626550010820,19,3,16,0,1,1768801762,2026-01-19 00:51:56
24509e46-a0de-47e8-ba40-9441da68952a,3,1,1,15,1,1768801763,2026-01-19 00:51:56
1d32e684-602b-46b6-8c96-ab47b57a03f3,2,2,0,20,1,1768801763,2026-01-19 00:51:56
6fb81fda-f0b5-4242-90f9-88d0214feb8d,2,1,1,17,1,1768801763,2026-01-19 00:51:56
66db3687-0aca-11e7-82f6-3863bb44ef7c,22,13,9,14,1,1768801760,2026-01-19 00:51:56
1815967442754883940,19,1,18,11,1,1768801760,2026-01-19 00:51:56
47da6ab2-c841-4f2d-97ef-dd8d441c96b1,2,1,1,15,1,1768801761,2026-01-19 00:51:56
4d24ab76-2f4a-4004-9fc5-09c00c1d9aa4,19,3,16,8,1,1768801761,2026-01-19 00:51:56
481624f3-9377-4dfd-a5dd-de05a7fef760,8,6,2,11,1,1768801761,2026-01-19 00:51:56
59df3823-0369-4a10-8132-05df34a170af,26,1,25,18,1,1768801758,2026-01-19 00:51:56
1795146692060860976,21,8,13,2,1,1768801758,2026-01-19 00:51:56
66dba303-0aca-11e7-82f6-3863bb44ef7c,8,0,8,14,1,1768801758,2026-01-19 00:51:56
66dd2060-0aca-11e7-82f6-3863bb44ef7c,39,6,33,10,1,1768801759,2026-01-19 00:51:56
1dacb0f6-29f5-4d1b-b910-92ffa5b4ca5d,19,14,5,22,1,1768801760,2026-01-19 00:51:56
ab6aadd8-fa45-43aa-abea-c8e01ec5a0c8,19,4,15,2,1,1768801760,2026-01-19 00:51:56
66de2707-0aca-11e7-82f6-3863bb44ef7c,21,21,0,24,1,1768801760,2026-01-19 00:51:56
517409d3-a94a-4140-a6de-ff0de9221ed2,7,4,3,15,1,1768801760,2026-01-19 00:51:56
1804892772559499512,15,2,13,17,1,1768801758,2026-01-19 00:51:56
64f0f28c-bedc-42d5-b107-ecdd48fc30cd,9,7,2,90,1,1768801762,2026-01-19 00:51:56
f523c481-ba41-44ba-96e1-0c431fbea558,5,3,2,19,1,1768801759,2026-01-19 00:51:56
1814907590556515014,13,1,12,9,1,1768801759,2026-01-19 00:51:56
66de63cd-0aca-11e7-82f6-3863bb44ef7c,19,11,8,1,1,1768801753,2026-01-19 00:51:56
640a9a95-194f-42f5-8d88-1df67129f388,11,2,9,5,1,1768801751,2026-01-19 00:51:56
66dd3d7f-0aca-11e7-82f6-3863bb44ef7c,22,21,1,12,1,1768801757,2026-01-19 00:51:56
2124037250266884686,7,0,7,3,1,1768801757,2026-01-19 00:51:56
b35ba3c0-d3e8-4b1a-b63b-73a7bb518c9e,5,2,3,14,1,1768801757,2026-01-19 00:51:56
66db6f2e-0aca-11e7-82f6-3863bb44ef7c,16,3,13,27,1,1768801757,2026-01-19 00:51:56
2100948436010992354,2,2,0,11,1,1768801753,2026-01-19 00:51:56
823ef531-40e6-4397-b973-86bf5b032076,14,9,5,9,1,1768801753,2026-01-19 00:51:56
1814906692908349788,12,1,11,11,1,1768801754,2026-01-19 00:51:56
162d5859-b735-4ff7-9613-01b21f22c1cd,23,13,10,12,1,1768801755,2026-01-19 00:51:56
d89dc10f-9be3-45a5-9c3c-06c04c963436,13,0,13,7,1,1768801755,2026-01-19 00:51:56
66dd4c5f-0aca-11e7-82f6-3863bb44ef7c,15,14,1,50,1,1768801754,2026-01-19 00:51:56
66dd5407-0aca-11e7-82f6-3863bb44ef7c,16,6,10,60,1,1768801755,2026-01-19 00:51:56
66dbcbbc-0aca-11e7-82f6-3863bb44ef7c,52,7,45,21,1,1768801752,2026-01-19 00:51:56
2171919049376995084,1,0,1,31,1,1768801752,2026-01-19 00:51:56
1871698223344654662,0,0,0,24,1,1768801752,2026-01-19 00:51:56
66de205d-0aca-11e7-82f6-3863bb44ef7c,3,2,1,21,1,1768801756,2026-01-19 00:51:56
66db277a-0aca-11e7-82f6-3863bb44ef7c,15,3,12,10,1,1768801752,2026-01-19 00:51:56
66dcc8b3-0aca-11e7-82f6-3863bb44ef7c,11,5,6,5,1,1768801765,2026-01-19 00:51:56
dd482585-3028-453f-a98d-55019db9b26c,36,3,33,2,1,1768801765,2026-01-19 00:51:56
66dc8a3d-0aca-11e7-82f6-3863bb44ef7c,34,10,24,38,1,1768801766,2026-01-19 00:51:56
d73e26de-8534-4b46-a321-3cae295ef9b2,0,0,0,28,1,1768801765,2026-01-19 00:51:56
66dbcd6c-0aca-11e7-82f6-3863bb44ef7c,9,7,2,22,1,1768801766,2026-01-19 00:51:56
180b83a0-329c-4069-87be-df862cb1baed,21,15,6,1,1,1768801766,2026-01-19 00:51:56
b4a320d6-2611-4940-96ca-17fb297ec826,10,0,10,11,1,1768801767,2026-01-19 00:51:56
99614ecb-2329-49fa-a13a-fa1ef2bb32d6,6,0,6,12,1,1768801768,2026-01-19 00:51:56
1950648049868542106,7,3,4,16,1,1768801768,2026-01-19 00:51:56
6fd61eee-d0ef-4580-9704-bd06b82bcb61,9,6,3,22,1,1768801768,2026-01-19 00:51:56
6542d952-ca19-410e-9290-ee6b7a6e14cf,1,1,0,19,1,1768801768,2026-01-19 00:51:56
6969d756-33a6-4a0b-83d0-3db38bc382d1,28,0,28,2,1,1768801768,2026-01-19 00:51:56
66dc2c78-0aca-11e7-82f6-3863bb44ef7c,7,0,7,76,1,1768801759,2026-01-19 00:51:56
faf98f78-51ab-4248-b7e7-f402902385a6,1,1,0,17,1,1768801767,2026-01-19 00:51:56
7a1ad7c0-4958-4354-91a1-11bf13348abd,13,1,12,3,1,1768801767,2026-01-19 00:51:56
1846085734612252774,3,0,3,16,1,1768801767,2026-01-19 00:51:56
2637fed8-1e2a-460b-83eb-3eb32ace0f4e,7,5,2,40,1,1768801764,2026-01-19 00:51:56
38af3d1a-9916-46cf-b22e-86fc8648bf30,8,0,8,11,1,1768801764,2026-01-19 00:51:56
d18512f9-52c8-4175-92b9-b6258dc30748,2,2,0,14,1,1768801765,2026-01-19 00:51:56
66dd4d70-0aca-11e7-82f6-3863bb44ef7c,3,2,1,36,1,1768801767,2026-01-19 00:51:56
1937777808143497236,4,3,1,30,1,1768801763,2026-01-19 00:51:56
2124036103510616644,3,0,3,7,1,1768801764,2026-01-19 00:51:56
3eb10c63-ea4c-4161-b07d-a29034f7367a,14,2,12,2,1,1768801764,2026-01-19 00:51:56
d5cabb43-6c78-4022-964e-a8b02470509e,8,1,7,13,1,1768801764,2026-01-19 00:51:56
7779e057-b33e-46a7-8a1e-8c28bcd9a558,16,4,12,4,1,1768801765,2026-01-19 00:51:56
2c8b263e-952c-4941-a671-ef0ebb062632,15,0,15,3,1,1768801765,2026-01-19 00:51:56
8caf71df-76c3-43fb-be98-d555d2291460,17,14,3,4,1,1768801771,2026-01-19 00:51:56
93da4d1b-d574-45b0-85d7-5b82e2887267,17,1,16,4,1,1768801771,2026-01-19 00:51:56
f34ea09d-32f9-492c-9124-99059bc0b5dd,14,1,13,6,1,1768801771,2026-01-19 00:51:56
66dcc0b2-0aca-11e7-82f6-3863bb44ef7c,1,0,1,17,1,1768801771,2026-01-19 00:51:56
1828965347681089818,9,2,7,11,1,1768801771,2026-01-19 00:51:56
1862008701134683118,6,1,5,17,1,1768801771,2026-01-19 00:51:56
66db75cc-0aca-11e7-82f6-3863bb44ef7c,40,25,15,1,1,1768801772,2026-01-19 00:51:56
1917312704757770810,15,8,7,21,1,1768801773,2026-01-19 00:51:56
1835246937517543544,17,1,16,2,1,1768801769,2026-01-19 00:51:56
18415ea7-efce-408d-bcb9-4693fb088dda,17,11,6,17,1,1768801773,2026-01-19 00:51:56
7aa86431-bbc5-4d9c-8198-9630c9d32a22,8,1,7,12,1,1768801773,2026-01-19 00:51:56
84a7baff-415b-4ab9-a859-74c2801483ce,15,0,15,3,1,1768801773,2026-01-19 00:51:56
66de1516-0aca-11e7-82f6-3863bb44ef7c,30,5,25,0,1,1768801769,2026-01-19 00:51:56
66dc292c-0aca-11e7-82f6-3863bb44ef7c,16,15,1,35,1,1768801769,2026-01-19 00:51:56
66db408f-0aca-11e7-82f6-3863bb44ef7c,34,5,29,0,1,1768801770,2026-01-19 00:51:56
b713367c-3572-4225-b74a-9319ab537838,2,1,1,17,1,1768801770,2026-01-19 00:51:56
1817822909864556798,18,16,3,9,1,1768801771,2026-01-19 00:51:56
cb05443c-e68e-48f7-8d17-35353fa19d4d,29,17,12,26,1,1768801771,2026-01-19 00:51:56
068b919c-f649-4091-8e12-ccf37191cad5,3,3,0,16,1,1768801733,2026-01-19 00:51:56
a2cf5872-bd4c-4311-832e-d62fd779ecc3,7,0,7,13,1,1768801733,2026-01-19 00:51:56
1814901062206225038,6,2,4,13,1,1768801734,2026-01-19 00:51:56
66de73fd-0aca-11e7-82f6-3863bb44ef7c,7,6,1,18,1,1768801734,2026-01-19 00:51:56
1860189650739626488,4,0,4,17,1,1768801734,2026-01-19 00:51:56
1835246658344669972,6,5,1,14,1,1768801732,2026-01-19 00:51:56
90b141b9-c39f-4a26-a32d-08c7d1474d52,9,9,0,11,1,1768801732,2026-01-19 00:51:56
66de12ff-0aca-11e7-82f6-3863bb44ef7c,12,2,10,8,1,1768801731,2026-01-19 00:51:56
1898751402035634700,8,3,5,8,1,1768801731,2026-01-19 00:51:56
d265dbc7-ef55-4f5b-8a2b-f2015dc71fb8,15,1,14,10,1,1768801731,2026-01-19 00:51:56
5645b05e-85be-460d-8506-cacd20bff233,28,1,27,0,1,1768801729,2026-01-19 00:51:56
09dfc0e3-a448-477c-bb3c-9467dc51ef8d,53,22,31,21,1,1768801730,2026-01-19 00:51:56
1876800925490112950,6,1,5,11,1,1768801728,2026-01-19 00:51:56
37a37e5b-f975-4f92-a897-dca8e4670631,7,4,3,10,1,1768801729,2026-01-19 00:51:56
3d68a3fd-91da-49e8-9cd5-69b333863789,19,5,14,1,1,1768801731,2026-01-19 00:51:56
26cae473-0e59-4af7-bad5-bb6fec85c8bc,3,3,0,18,1,1768801727,2026-01-19 00:51:56
1986707977001495180,5,4,1,14,1,1768801735,2026-01-19 00:51:56
c2bb1874-bcb7-47c5-aa7d-05423b9087e8,1,1,0,20,1,1768801735,2026-01-19 00:51:56
c602146e-d69d-43b6-9e8f-054c4df5377e,14,3,11,5,1,1768801735,2026-01-19 00:51:56
6476c5fd-611e-436c-9736-e0f43bb7774e,13,0,13,4,1,1768801739,2026-01-19 00:51:56
66dc6a86-0aca-11e7-82f6-3863bb44ef7c,20,13,7,58,1,1768801737,2026-01-19 00:51:56
6d766daf-9298-4059-a329-1818582d495f,13,12,1,5,1,1768801737,2026-01-19 00:51:56
1960019951675478680,22,20,2,9,1,1768801737,2026-01-19 00:51:56
1838070843306263244,0,0,0,18,1,1768801738,2026-01-19 00:51:56
c63a83a0-bda1-40a6-835b-f82c363543b9,9,2,7,11,1,1768801736,2026-01-19 00:51:56
66db6963-0aca-11e7-82f6-3863bb44ef7c,44,12,32,33,1,1768801736,2026-01-19 00:51:56
7938263e-e5b8-4ca7-b8bf-1adbaae5fead,10,0,10,17,1,1768801736,2026-01-19 00:51:56
33840944-aa92-4d91-9de8-d29e5cd0b2d9,20,2,18,8,1,1768801737,2026-01-19 00:51:56
1828965172312150882,15,0,15,5,1,1768801737,2026-01-19 00:51:56
ca7ec509-cefc-4ac6-b729-08999d191051,22,4,18,1,1,1768801739,2026-01-19 00:51:56
1bb1af93-b433-4da7-8054-009c85f7755a,3,0,3,16,1,1768801740,2026-01-19 00:51:56
1814907423052790164,19,1,18,3,1,1768801740,2026-01-19 00:51:56
66dd4ec7-0aca-11e7-82f6-3863bb44ef7c,32,15,17,41,1,1768801740,2026-01-19 00:51:56
0bd9bd58-42e6-4680-9d19-83943372221f,13,12,1,9,1,1768801738,2026-01-19 00:51:56
66dde4ef-0aca-11e7-82f6-3863bb44ef7c,20,18,2,2,1,1768801738,2026-01-19 00:51:56
901ad0c4-383e-490a-8b54-0656ce2358d6,14,5,9,3,1,1768801739,2026-01-19 00:51:56
1814548067447122618,30,2,28,1,1,1768801739,2026-01-19 00:51:56
0f45bcf6-7028-4584-a51e-4129847dbebc,34,16,18,2,1,1768801739,2026-01-19 00:51:56
66dbe571-0aca-11e7-82f6-3863bb44ef7c,54,40,14,5,1,1768801734,2026-01-19 00:51:56
42c3bb6e-0478-4e4a-af10-151f5f4dffb9,17,4,13,1,1,1768801734,2026-01-19 00:51:56
1828967979464708718,2,0,2,21,1,1768801737,2026-01-19 00:51:56
1862002854876824190,2,0,2,17,1,1768801738,2026-01-19 00:51:56
645e4365-653f-48ce-bc15-5fcc287be56f,3,1,2,61,1,1768801742,2026-01-19 00:51:56
66dc0f8a-0aca-11e7-82f6-3863bb44ef7c,35,4,31,20,1,1768801743,2026-01-19 00:51:56
18a2cbb6-91f2-4393-82fb-b40a8ba90f20,2,0,2,18,1,1768801743,2026-01-19 00:51:56
44fa161f-eb62-459b-b53e-da83788cfa2a,1,1,0,26,1,1768801743,2026-01-19 00:51:56
3a89411a-0bc6-4ba3-bc56-fab950c8eba1,17,1,16,2,1,1768801745,2026-01-19 00:51:56
b0bac4ef-bb57-4598-a433-75c281170d5b,6,0,6,16,1,1768801745,2026-01-19 00:51:56
66dde630-0aca-11e7-82f6-3863bb44ef7c,41,6,35,29,1,1768801745,2026-01-19 00:51:56
9394fb49-583f-4426-8d2f-a2b0ffb584d2,8,3,5,39,1,1768801745,2026-01-19 00:51:56
ebae0b66-e463-4ded-9b7a-43c0aca9b37a,15,5,10,6,1,1768801745,2026-01-19 00:51:56
1849009654626746672,17,3,14,0,1,1768801741,2026-01-19 00:51:56
66dde76a-0aca-11e7-82f6-3863bb44ef7c,11,11,0,12,1,1768801742,2026-01-19 00:51:56
12279d2b-29f6-4e02-a7f0-244970f7edd5,9,1,8,17,1,1768801741,2026-01-19 00:51:56
61f2ffd4-159a-42b3-a4d9-3fdfc3349074,3,0,3,17,1,1768801743,2026-01-19 00:51:56
a4d041fd-c5fa-4f52-800c-25d7a661a875,1,1,0,16,1,1768801744,2026-01-19 00:51:56
8a89684b-40a5-49fe-b75d-fdf32ffa8102,13,0,13,6,1,1768801744,2026-01-19 00:51:56
1838071008881986168,16,1,15,13,1,1768801744,2026-01-19 00:51:56
d2b23c87-b7c3-48c2-a634-db4b76ecbcf7,9,2,7,10,1,1768801744,2026-01-19 00:51:56
1b00fb53-da32-4b14-9a9a-84a391c8951c,16,1,15,10,1,1768801745,2026-01-19 00:51:56
98ebf9c6-1d94-4e21-9007-c623875fdb5e,13,1,12,3,1,1768801745,2026-01-19 00:51:56
ca843847-923a-40b7-80ca-c1c3fff6e818,1,1,0,15,1,1768801740,2026-01-19 00:51:56
1826348248869574940,20,6,14,9,1,1768801741,2026-01-19 00:51:56
75352ab4-8a31-4926-8b59-048a9e506452,14,3,11,0,1,1768801741,2026-01-19 00:51:56
66db41bf-0aca-11e7-82f6-3863bb44ef7c,27,4,23,4,1,1768801740,2026-01-19 00:51:56
66dd24ca-0aca-11e7-82f6-3863bb44ef7c,34,20,14,12,1,1768801742,2026-01-19 00:51:56
66de25bd-0aca-11e7-82f6-3863bb44ef7c,67,0,67,2,1,1768801741,2026-01-19 00:51:56
1869753057823626206,10,2,8,12,1,1768801750,2026-01-19 00:51:56
1975518133370609774,87,74,13,8,1,1768801750,2026-01-19 00:51:56
1835618878584115330,21,5,16,2,1,1768801750,2026-01-19 00:51:56
66dd01c5-0aca-11e7-82f6-3863bb44ef7c,15,12,3,11,1,1768801751,2026-01-19 00:51:56
3134c2d4-b090-4eb8-ab44-6f9622098f72,1,1,0,21,1,1768801751,2026-01-19 00:51:56
00967b8f-1a4d-4131-a65a-17fa8ca89e28,9,6,3,9,1,1768801751,2026-01-19 00:51:56
fda18503-7488-4b91-b74c-949a90401e83,6,4,2,13,1,1768801751,2026-01-19 00:51:56
69717638-5c4a-47a7-bccb-3b42c81eb09f,11,3,8,5,1,1768801749,2026-01-19 00:51:56
66dc80b4-0aca-11e7-82f6-3863bb44ef7c,9,7,2,46,1,1768801749,2026-01-19 00:51:56
ff9581d3-3e1a-463a-bdab-d8150c468be2,4,0,4,27,1,1768801747,2026-01-19 00:51:56
1862008939006380034,7,4,3,13,1,1768801747,2026-01-19 00:51:56
bf880f45-422c-4e0b-b3b0-2b1f5ba94da4,4,1,3,12,1,1768801747,2026-01-19 00:51:56
5145ad1c-241f-4448-a742-739bd5c518c2,10,4,6,8,1,1768801746,2026-01-19 00:51:56
1871698348432996504,13,2,11,9,1,1768801746,2026-01-19 00:51:56
1d3a8670-09b3-4127-b750-af5311e565f0,11,2,9,5,1,1768801746,2026-01-19 00:51:56
1860189327773878824,19,1,18,2,1,1768801748,2026-01-19 00:51:56
493850bd-125b-49f5-932b-bf999504fb06,9,6,3,8,1,1768801748,2026-01-19 00:51:56
66de17f7-0aca-11e7-82f6-3863bb44ef7c,4,1,3,32,1,1768801748,2026-01-19 00:51:56
26217b73-7bb5-46e6-8094-1db05becd617,3,0,3,24,1,1768801749,2026-01-19 00:51:56
f833d403-2cf5-424a-a3b3-0314a44b4a67,9,2,7,22,1,1768801751,2026-01-19 00:51:56
66dbec40-0aca-11e7-82f6-3863bb44ef7c,29,6,23,22,1,1768801750,2026-01-19 00:51:56
ca5cc034-a95d-446e-8314-6691589886b1,13,12,1,5,1,1768801774,2026-01-19 00:51:56
2124426077519611940,4,4,0,10,1,1768801774,2026-01-19 00:51:56
0f98907a-d4cc-45e0-b174-7d9dfda74106,2,1,1,28,1,1768801774,2026-01-19 00:51:56
2126623007192357636,6,0,6,5,1,1768801774,2026-01-19 00:51:56
0dd71c6d-11ee-4ad4-ba99-36b9ad36112c,7,1,6,12,1,1768801774,2026-01-19 00:51:56
655ad2f2-6bcc-4eee-95a9-4f528c0b81cd,9,3,6,6,1,1768801775,2026-01-19 00:51:56
912813fc-fde4-4430-8443-a4fa21477e7f,0,0,0,20,1,1768801774,2026-01-19 00:51:56
abc1311e-e000-4211-af9e-0cf92242711e,1,1,0,21,1,1768801777,2026-01-19 00:51:56
c606bae0-889c-47c3-8202-9463ef147655,18,0,18,2,1,1768801777,2026-01-19 00:51:56
1869753484503987044,3,1,2,14,1,1768801777,2026-01-19 00:51:56
66880044-5411-4143-af39-eaa0a0fd0528,24,22,2,11,1,1768801778,2026-01-19 00:51:56
2138075988152462096,20,3,17,1,1,1768801778,2026-01-19 00:51:56
66db76a1-0aca-11e7-82f6-3863bb44ef7c,21,10,11,71,1,1768801780,2026-01-19 00:51:56
1862788202397235246,17,4,13,4,1,1768801780,2026-01-19 00:51:56
2121032386733337206,12,2,10,3,1,1768801780,2026-01-19 00:51:56
2126623765785393224,2,1,1,17,1,1768801775,2026-01-19 00:51:56
1864605386632012480,0,0,0,18,1,1768801775,2026-01-19 00:51:56
c190f78c-77ad-469e-aecc-e2af7bb6d92a,18,3,15,5,1,1768801775,2026-01-19 00:51:56
e9575102-1081-4c30-8d15-ea95913579e2,2,2,0,16,1,1768801775,2026-01-19 00:51:56
b371c432-b682-412f-9b85-8df84ce7a9f3,0,0,0,19,1,1768801775,2026-01-19 00:51:56
9635affa-8b18-42d5-84c4-7f67ad5ef9d0,3,0,3,15,1,1768801778,2026-01-19 00:51:56
1f8f6714-42a7-45d5-86cd-a093c940b2c9,0,0,0,26,1,1768801776,2026-01-19 00:51:56
1861678548643203686,4,0,4,21,1,1768801776,2026-01-19 00:51:56
54df610f-0e47-4958-98ca-37bb1b1c4dca,2,2,0,21,1,1768801777,2026-01-19 00:51:56
ffae66ec-7c16-436f-bd0a-eedf81d580e7,2,0,2,19,1,1768801777,2026-01-19 00:51:56
3f05490b-a3d8-4d15-bd25-0212555b5dff,20,1,19,2,1,1768801778,2026-01-19 00:51:56
1960020234227886806,9,9,0,41,1,1768801778,2026-01-19 00:51:56
3db799ba-b574-4e5f-95e5-c767bec2acb6,20,7,13,8,1,1768801777,2026-01-19 00:51:56
af72ab76-c6cb-4994-af96-51fa8846ecdc,3,3,0,14,1,1768801777,2026-01-19 00:51:56
5526b855-dc09-4159-a20a-99651861a481,8,7,1,16,1,1768801778,2026-01-19 00:51:56
66dbe68e-0aca-11e7-82f6-3863bb44ef7c,26,21,5,28,1,1768801779,2026-01-19 00:51:56
2137775326353803668,16,5,11,0,1,1768801779,2026-01-19 00:51:56
66dd4ccc-0aca-11e7-82f6-3863bb44ef7c,14,13,1,37,1,1768801779,2026-01-19 00:51:56
66ddea99-0aca-11e7-82f6-3863bb44ef7c,7,6,1,11,1,1768801774,2026-01-19 00:51:56
023cf549-bd85-4f9a-abd8-70ba29d7e86b,1,1,0,19,1,1768801781,2026-01-19 00:51:56
1848241791125254746,17,1,16,0,1,1768801781,2026-01-19 00:51:56
2a66ed0a-5e6d-4893-a1d1-876bb2bac4be,12,6,6,14,1,1768801782,2026-01-19 00:51:56
d80c274e-d17d-4a00-9b76-274c9fe4d0e1,9,7,2,26,1,1768801782,2026-01-19 00:51:56
cd2d9dab-7708-4685-a56f-9412c738de7e,18,1,17,0,1,1768801782,2026-01-19 00:51:56
66dc8db1-0aca-11e7-82f6-3863bb44ef7c,49,1,48,4,1,1768801782,2026-01-19 00:51:56
2126224996973581072,8,6,2,3,1,1768801782,2026-01-19 00:51:56
74723006-b32f-4590-8cc7-f15eec3808fe,6,1,5,21,1,1768801782,2026-01-19 00:51:56
f62526d4-9c6a-4c76-be76-c64b5be669d2,7,3,4,14,1,1768801780,2026-01-19 00:51:56
053312f2-e77e-4674-b28b-ad357fbcb4ee,22,17,5,41,1,1768801781,2026-01-19 00:51:56
1888015107269225164,16,15,1,25,1,1768801781,2026-01-19 00:51:56
754ac5df-f2b5-4636-8c58-ed84ea262bde,2,2,0,18,1,1768801781,2026-01-19 00:51:56
1f088432-0460-421e-a1d9-36890fa5396d,5,2,3,12,1,1768801781,2026-01-19 00:51:56
2124035976827702128,4,2,2,7,1,1768801759,2026-01-19 00:51:56
dad39e68-53f5-47c2-87e2-b1cc0e34f90f,1,1,0,18,1,1768801784,2026-01-19 00:51:56
7d5fa1f0-4069-4d5d-b735-5d500597394a,48,33,15,3,1,1768801784,2026-01-19 00:51:56
a3d72b5b-9587-4f33-9722-c01e20a9b358,6,4,2,22,1,1768801784,2026-01-19 00:51:56
c00ef46d-fcde-48e2-afbd-0fb595fe3fa7,30,16,14,0,1,1768801784,2026-01-19 00:51:56
372c592e-09d8-400c-9595-2aa3510f39b0,1,1,0,22,1,1768801784,2026-01-19 00:51:56
66de0861-0aca-11e7-82f6-3863bb44ef7c,24,23,1,1,1,1768801785,2026-01-19 00:51:56
cf1a96a7-f695-4ba2-bcf2-899552e21e47,6,1,5,10,1,1768801783,2026-01-19 00:51:56
4e747443-d481-4aea-a6d1-cf20204af4ba,13,0,13,7,1,1768801780,2026-01-19 00:51:56
32cc1603-a4b5-4099-b7bf-681de451b04a,24,1,23,23,1,1768801781,2026-01-19 00:51:56
29a41b09-698f-43e2-82ff-f94f73e74841,15,0,15,3,1,1768801781,2026-01-19 00:51:56
475c44e1-31e3-4c60-b071-af2ca3f7618c,3,3,0,18,1,1768801782,2026-01-19 00:51:56
66de4959-0aca-11e7-82f6-3863bb44ef7c,17,6,11,7,1,1768801782,2026-01-19 00:51:56
f401cd5f-cb41-41f8-a857-4a4dfe778f94,24,12,12,1,1,1768801787,2026-01-19 00:51:56
cc5f0e68-dd5f-4db1-81c7-04a4d6674fba,11,0,11,6,1,1768801786,2026-01-19 00:51:56
66dc10d1-0aca-11e7-82f6-3863bb44ef7c,26,8,18,16,1,1768801787,2026-01-19 00:51:56
038b7369-9c6e-4eb2-8569-f7461443302f,15,1,14,4,1,1768801786,2026-01-19 00:51:56
66de5005-0aca-11e7-82f6-3863bb44ef7c,12,2,10,12,1,1768801787,2026-01-19 00:51:56
ed279ef2-52ee-4ff2-9a52-edd8137ea034,18,17,0,8,1,1768801789,2026-01-19 00:51:56
66de0a78-0aca-11e7-82f6-3863bb44ef7c,15,2,13,1,1,1768801789,2026-01-19 00:51:56
bc9c9006-3d40-400d-8b5c-17f56e6dfcee,0,0,0,27,1,1768801790,2026-01-19 00:51:56
77e31650-e86a-4b06-b2de-b92df2a7a7f5,17,3,14,10,1,1768801790,2026-01-19 00:51:56
549b5bc4-b949-4eeb-8ffb-2215e1e49892,31,25,6,23,1,1768801790,2026-01-19 00:51:56
457ea5d7-d643-4028-87db-46dee0b81555,14,9,5,10,1,1768801785,2026-01-19 00:51:56
1927314940904608224,9,2,7,16,1,1768801785,2026-01-19 00:51:56
0b613329-b8c8-4b8c-ad40-79952aa41157,12,2,10,8,1,1768801785,2026-01-19 00:51:56
66dd1c7f-0aca-11e7-82f6-3863bb44ef7c,9,6,3,40,1,1768801788,2026-01-19 00:51:56
66dd056e-0aca-11e7-82f6-3863bb44ef7c,2,2,0,15,1,1768801788,2026-01-19 00:51:56
807e9f5a-49b6-4b7e-847b-4a60cff330ed,2,0,2,15,1,1768801786,2026-01-19 00:51:56
66ddb66e-0aca-11e7-82f6-3863bb44ef7c,4,0,4,23,1,1768801786,2026-01-19 00:51:56
633fbc4c-7617-47ba-a393-aad7a8d26a3e,22,4,18,0,1,1768801786,2026-01-19 00:51:56
66de6346-0aca-11e7-82f6-3863bb44ef7c,13,7,6,22,1,1768801786,2026-01-19 00:51:56
53ef19c6-eaa7-47f7-807e-f51b574b1be0,11,0,11,3,1,1768801786,2026-01-19 00:51:56
1854538387432581604,19,1,18,0,1,1768801786,2026-01-19 00:51:56
82c85f05-4722-48ae-9f64-0522012eb3c8,4,0,4,21,1,1768801788,2026-01-19 00:51:56
66dd17a5-0aca-11e7-82f6-3863bb44ef7c,28,5,23,23,1,1768801789,2026-01-19 00:51:56
2124037125711300644,18,10,8,0,1,1768801789,2026-01-19 00:51:56
0de1f95f-8b1b-4e5e-9eff-73c63265b0ab,7,1,6,22,1,1768801789,2026-01-19 00:51:56
66dc2995-0aca-11e7-82f6-3863bb44ef7c,36,34,2,9,1,1768801791,2026-01-19 00:51:56
1934749166596673908,38,30,8,3,1,1768801790,2026-01-19 00:51:56
18eccc71-66be-4e4c-8335-095a9bf0df94,0,0,0,0,0,1768801791,2026-01-19 00:51:56
7dda8844-60ba-4449-b05c-54c1d14ab5fb,61,42,19,6,1,1768801791,2026-01-19 00:51:56
d979131e-0b9f-4aa2-88c5-46d4ff94abc8,12,6,6,4,1,1768801791,2026-01-19 00:51:56
816e50eb-dc4b-47dc-b773-154e2020cb0d,0,0,0,19,1,1768801785,2026-01-19 00:51:56
1817432434869846072,8,0,8,12,1,1768801785,2026-01-19 00:51:56
2104286315955915532,6,5,1,62,1,1768801785,2026-01-19 00:51:56
4f814d78-5d8d-458b-877e-2ca449b865be,2,1,1,15,1,1768801785,2026-01-19 00:51:56
62f8f806-bd04-4282-9c5d-ad4293644e3c,8,1,7,8,1,1768801791,2026-01-19 00:51:56
1828968883163894358,13,1,12,6,1,1768801783,2026-01-19 00:51:56
ef6216aa-d3c8-46bb-8c6b-b62f8ba51b16,6,0,6,16,1,1768801784,2026-01-19 00:51:56
4c03fa2d-89da-4f0b-8f19-c7de5edbe256,18,2,16,6,1,1768801791,2026-01-19 00:51:56
1794852638057746848,21,1,20,0,1,1768801791,2026-01-19 00:51:56
292ad4f3-9fb0-44ec-9e61-613c711f73c1,5,1,4,12,1,1768801791,2026-01-19 00:51:56
1849010133527040242,8,4,4,13,1,1768801791,2026-01-19 00:51:56
e9b3a725-6963-4151-8f7f-9beeb51fa20f,1,1,0,14,1,1768801792,2026-01-19 00:51:56
62b97c1e-9d06-4c5e-b9c3-d76099e37fe4,15,8,7,10,1,1768801792,2026-01-19 00:51:56
dccaeeb5-c53a-4f48-80e6-05675b71a8c8,15,1,14,13,1,1768801792,2026-01-19 00:51:56
19b61564-7629-41b4-80c8-1756135a5442,4,4,0,13,1,1768801792,2026-01-19 00:51:56
576abdc1-986e-48b0-bde2-051a13d3ff59,17,11,6,2,1,1768801792,2026-01-19 00:51:56
e85c3165-ad0a-44a3-9683-d8cf7575f465,18,5,13,9,1,1768801792,2026-01-19 00:51:56
66dc3ab9-0aca-11e7-82f6-3863bb44ef7c,46,40,6,17,1,1768801792,2026-01-19 00:51:56
c3189056-8eda-4278-891f-e8e15c2d759a,15,10,5,9,1,1768801787,2026-01-19 00:51:56
c80c55c4-d623-42d7-8acf-6bfa68a84ecb,1,0,1,18,1,1768801787,2026-01-19 00:51:56
1096fc76-794e-4343-8eb0-0dd6c9a48266,1,1,0,16,1,1768801787,2026-01-19 00:51:56
d11b9869-8964-4b79-aafc-4b60ad1b44c4,22,11,11,0,1,1768801787,2026-01-19 00:51:56
66dc1d80-0aca-11e7-82f6-3863bb44ef7c,10,4,6,27,1,1768801787,2026-01-19 00:51:56
66de0d91-0aca-11e7-82f6-3863bb44ef7c,25,2,23,3,1,1768801794,2026-01-19 00:51:56
1854538962214948918,18,2,16,1,1,1768801794,2026-01-19 00:51:56
e35c42c6-8b73-4528-b08d-c94b75624b40,16,2,14,2,1,1768801794,2026-01-19 00:51:56
66de85d2-0aca-11e7-82f6-3863bb44ef7c,35,27,8,6,1,1768801794,2026-01-19 00:51:56
69f84045-48f9-4c6c-90d3-0503e5ed39e9,3,2,1,20,1,1768801794,2026-01-19 00:51:56
7f402242-dc1b-4a48-ba21-58c4fa7216b4,19,6,13,0,1,1768801794,2026-01-19 00:51:56
9af90faf-0b9b-451b-9cb0-20ff421ca1d9,3,1,2,22,1,1768801795,2026-01-19 00:51:56
b4974d89-932c-4a9f-a264-2ea0cf70613e,6,4,2,9,1,1768801796,2026-01-19 00:51:56
63a838a8-9acf-4ba1-91f5-c676f6ef2f7d,18,10,8,2,1,1768801792,2026-01-19 00:51:56
66de43a5-0aca-11e7-82f6-3863bb44ef7c,14,3,11,9,1,1768801793,2026-01-19 00:51:56
d470e82e-d109-4e2e-b66a-f5e944cbfe97,21,8,13,0,1,1768801793,2026-01-19 00:51:56
8aad788d-c7eb-4fca-a426-c39f47741a6f,0,0,0,25,1,1768801793,2026-01-19 00:51:56
f8c242cd-da59-4f0e-afd6-832bbdd7d328,17,6,11,3,1,1768801793,2026-01-19 00:51:56
563389a0-d90f-4155-9c50-528459df26aa,1,0,1,25,1,1768801793,2026-01-19 00:51:56
1875415144760576328,20,20,0,4,1,1768801795,2026-01-19 00:51:56
66dc686c-0aca-11e7-82f6-3863bb44ef7c,86,56,30,8,1,1768801794,2026-01-19 00:51:56
c3062f44-c5b9-4650-a4ec-cc66cbf5b944,1,1,0,16,1,1768801794,2026-01-19 00:51:56
66dbc37a-0aca-11e7-82f6-3863bb44ef7c,7,4,3,49,1,1768801796,2026-01-19 00:51:56
b79c8433-9dd1-4d68-9156-7f2c2162bafe,4,2,2,22,1,1768801796,2026-01-19 00:51:56
6e5a8cab-cf1a-4584-8133-01835b56ad71,12,1,11,13,1,1768801796,2026-01-19 00:51:56
2124036994734951288,7,1,6,1,1,1768801796,2026-01-19 00:51:56
2ebbe93b-a013-464a-b4a5-0eba96f89676,16,13,3,3,1,1768801796,2026-01-19 00:51:56
a45a712c-1e3d-4fee-bef8-adafafd80670,2,0,2,16,1,1768801797,2026-01-19 00:51:56
5a24acbb-94ef-4cb5-9db8-f6073ac26a2b,4,4,0,16,1,1768801797,2026-01-19 00:51:56
1799624430022654108,20,3,17,0,1,1768801797,2026-01-19 00:51:56
922763d6-d73c-4678-8bcd-f42ee3a236db,15,7,8,3,1,1768801797,2026-01-19 00:51:56
66dd515d-0aca-11e7-82f6-3863bb44ef7c,10,10,0,12,1,1768801797,2026-01-19 00:51:56
66dc840f-0aca-11e7-82f6-3863bb44ef7c,4,4,0,55,1,1768801797,2026-01-19 00:51:56
66dbc420-0aca-11e7-82f6-3863bb44ef7c,32,23,9,21,1,1768801797,2026-01-19 00:51:56
bacfe3c2-7946-45ed-91f9-f5b91791de75,9,5,4,18,1,1768801797,2026-01-19 00:51:56
499e10ad-c008-461e-8cf7-20757218a9cc,2,1,1,21,1,1768801797,2026-01-19 00:51:56
66dc1687-0aca-11e7-82f6-3863bb44ef7c,5,2,3,9,1,1768801798,2026-01-19 00:51:56
2124381939991318658,6,5,1,3,1,1768801798,2026-01-19 00:51:56
19d17911-1e4a-41fa-b62b-719aa0a6182e,34,32,2,4,1,1768801798,2026-01-19 00:51:56
66ddec3e-0aca-11e7-82f6-3863bb44ef7c,4,2,2,18,1,1768801798,2026-01-19 00:51:56
1869753654337059182,16,11,5,4,1,1768801798,2026-01-19 00:51:56
59af018a-2ee9-489a-b445-bb6fba9c1119,5,2,3,10,1,1768801799,2026-01-19 00:51:56
c2d549f8-f54c-4a0d-9ecd-6e6f79118279,21,16,5,1,1,1768801798,2026-01-19 00:51:56
66de677e-0aca-11e7-82f6-3863bb44ef7c,17,9,8,9,1,1768801799,2026-01-19 00:51:56
66dc7ba2-0aca-11e7-82f6-3863bb44ef7c,10,7,3,25,1,1768801799,2026-01-19 00:51:56
2124425439157234232,3,1,2,10,1,1768801653,2026-01-19 00:51:56
1965202298784063998,9,4,5,18,1,1768801798,2026-01-19 00:51:56
92fc1ad7-0867-4655-b02f-ede65d336b14,4,2,2,14,1,1768801799,2026-01-19 00:51:56
cbf76774-1276-4cf8-9442-f00571f1451c,33,33,0,0,1,1768801799,2026-01-19 00:51:56
66dd1d9c-0aca-11e7-82f6-3863bb44ef7c,23,4,19,4,1,1768801799,2026-01-19 00:51:56
66de4bbb-0aca-11e7-82f6-3863bb44ef7c,5,2,3,17,1,1768801799,2026-01-19 00:51:56
2171903221356328154,0,0,0,0,0,86400,2026-01-19 00:51:56
2171903733697659376,0,0,0,0,0,86400,2026-01-19 00:51:56
2171903845366809074,0,0,0,0,0,86400,2026-01-19 00:51:56
d67375ea-3f93-4996-b0dc-f542341f2e6a,0,0,0,0,0,86400,2026-01-19 00:51:56
a93cb1ec-fb37-4faf-a7e7-d1e5a9e9af95,0,0,0,0,0,86400,2026-01-19 00:51:56
ab5c5ee6-9c4e-4aaa-a14e-d236d3e01d9a,0,0,0,0,0,86400,2026-01-19 00:51:56
32c60668-a192-4d06-aa7c-6d6f7aed6b45,0,0,0,0,0,86400,2026-01-19 00:51:56
fd0e86e3-079d-40aa-8231-ec2cbdbd9e7f,0,0,0,0,0,86400,2026-01-19 00:51:56
66dccad8-0aca-11e7-82f6-3863bb44ef7c,0,0,0,0,0,86400,2026-01-19 00:51:56
d2024260-cc58-451b-9417-3a695f8a1b34,0,0,0,0,0,1767211364,2026-01-19 00:51:56
2124037656159914878,3,1,2,7,1,1768801629,2026-01-19 00:51:56
bdcbd89b-9ae0-461b-aa1d-7db7ead07400,22,2,20,3,1,1768801677,2026-01-19 00:51:56
1834145868297717964,6,0,6,12,1,1768801677,2026-01-19 00:51:56
e10a6e12-d98c-4625-940a-9f83d9b2f6c4,15,0,15,6,1,1768801677,2026-01-19 00:51:56
66dbcf18-0aca-11e7-82f6-3863bb44ef7c,64,14,50,8,1,1768801681,2026-01-19 00:51:56
8d2eff37-be09-4b46-a95d-abff89e16d56,8,0,8,9,1,1768801681,2026-01-19 00:51:56
54782566-697b-497e-a503-dc1f39963eb2,6,4,2,19,1,1768801678,2026-01-19 00:51:56
8f672aa7-08a1-4fe2-a471-06f219c0eb1b,2,0,2,15,1,1768801679,2026-01-19 00:51:56
9d23b0e9-a478-407c-a0e0-0aff1b0398fc,6,5,1,14,1,1768801679,2026-01-19 00:51:56
1786697528321024934,32,0,32,8,1,1768801683,2026-01-19 00:51:56
18326827-dcae-47e0-8518-c4bb9e21eef6,32,1,31,2,1,1768801684,2026-01-19 00:51:56
66db631c-0aca-11e7-82f6-3863bb44ef7c,54,38,16,16,1,1768801684,2026-01-19 00:51:56
1846085533896197012,21,1,20,1,1,1768801685,2026-01-19 00:51:56
0eacb768-c7d5-4499-9182-9a1331d9280c,27,0,27,1,1,1768801685,2026-01-19 00:51:56
55ccb271-7035-422e-bee1-20e84caa0217,41,10,31,7,1,1768801685,2026-01-19 00:51:56
1198e739-787c-4ce4-aa63-ffaf98506e9c,1,1,0,63,1,1768801687,2026-01-19 00:51:56
4a4c7548-2466-48ef-8d7e-0aa4d6acb69e,3,2,1,15,1,1768801688,2026-01-19 00:51:56
66dc24b8-0aca-11e7-82f6-3863bb44ef7c,62,10,52,7,1,1768801687,2026-01-19 00:51:56
daefc84c-1b16-4220-8e1f-10ea4866fdc7,23,13,10,85,1,1768801690,2026-01-19 00:51:56
66db7a0d-0aca-11e7-82f6-3863bb44ef7c,43,19,24,10,1,1768801690,2026-01-19 00:51:56
a37bd0e0-d1e9-4302-9ff7-286e415aff1c,15,7,8,2,1,1768801691,2026-01-19 00:51:56
999865d2-0735-4e85-a9d4-00810231530e,8,3,5,13,1,1768801691,2026-01-19 00:51:56
2010065065442370322,0,0,0,26,1,1768801690,2026-01-19 00:51:56
5600446d-a00a-45e6-9dc3-550adfd63e39,4,4,0,14,1,1768801690,2026-01-19 00:51:56
1814907062275537820,16,6,10,11,1,1768801690,2026-01-19 00:51:56
66dc90d5-0aca-11e7-82f6-3863bb44ef7c,29,12,17,5,1,1768801691,2026-01-19 00:51:56
1893519215751496610,31,0,31,0,1,1768801690,2026-01-19 00:51:56
17aba164-9d41-4336-9767-2218b8994ded,5,0,5,15,1,1768801693,2026-01-19 00:51:56
01b7973e-c92e-4fbe-890e-2c24de33ce0e,9,2,7,7,1,1768801694,2026-01-19 00:51:56
66dc79e6-0aca-11e7-82f6-3863bb44ef7c,1,0,1,19,1,1768801694,2026-01-19 00:51:56
66dd3fc3-0aca-11e7-82f6-3863bb44ef7c,20,15,5,18,1,1768801692,2026-01-19 00:51:56
4f57360d-a4cb-4568-b74a-f3086ccaee2e,5,1,4,10,1,1768801692,2026-01-19 00:51:56
c02864f0-2611-440b-98f4-45fddfd545fe,21,3,18,1,1,1768801693,2026-01-19 00:51:56
4543214c-c9d4-4f20-9cd9-dd05cc365931,45,29,16,2,1,1768801693,2026-01-19 00:51:56
3ff00115-e8da-4326-97d3-7bf4fe4df7a5,0,0,0,18,1,1768801695,2026-01-19 00:51:56
ebce9ecb-9678-4c42-89d7-08e54bc6fe90,3,3,0,15,1,1768801696,2026-01-19 00:51:56
1813395029173762108,39,38,1,3,1,1768801696,2026-01-19 00:51:56
dccab832-b4a2-4105-927d-b52ec0d92c92,12,3,9,6,1,1768801696,2026-01-19 00:51:56
1854255035042870020,11,1,10,7,1,1768801695,2026-01-19 00:51:56
66db5e6a-0aca-11e7-82f6-3863bb44ef7c,4,2,2,14,1,1768801699,2026-01-19 00:51:56
f752c376-3a6f-4cd3-b9fd-3c049d45a9a6,4,1,3,15,1,1768801701,2026-01-19 00:51:56
66dc1d0c-0aca-11e7-82f6-3863bb44ef7c,15,15,0,13,1,1768801701,2026-01-19 00:51:56
1843486189591985058,2,0,2,19,1,1768801702,2026-01-19 00:51:56
1848241425697670086,32,6,26,3,1,1768801701,2026-01-19 00:51:56
2007842506069575758,15,0,15,3,1,1768801700,2026-01-19 00:51:56
66dd4f31-0aca-11e7-82f6-3863bb44ef7c,4,2,2,29,1,1768801698,2026-01-19 00:51:56
bc512527-7863-48d5-aea8-3de470abc1ee,6,1,5,12,1,1768801697,2026-01-19 00:51:56
fe65853e-b20a-4250-9677-2aa177283b72,7,0,7,12,1,1768801701,2026-01-19 00:51:56
62e2b1dd-ca52-4e1c-a112-1d8846b9d9b5,17,5,12,0,1,1768801706,2026-01-19 00:51:56
66db6da2-0aca-11e7-82f6-3863bb44ef7c,48,40,8,0,1,1768801707,2026-01-19 00:51:56
5e93b806-08e1-4ef9-98ae-d3dda20e0469,16,13,3,4,1,1768801707,2026-01-19 00:51:56
1864605659096685518,0,0,0,17,1,1768801709,2026-01-19 00:51:56
1828969726487003714,10,3,7,8,1,1768801709,2026-01-19 00:51:56
e72f0aec-2293-4636-988c-b9d30df092f8,39,32,7,4,1,1768801709,2026-01-19 00:51:56
6ae35aa8-644e-4b2c-b6a4-6570192f78ab,15,1,14,12,1,1768801709,2026-01-19 00:51:56
b9c209b2-6284-4f5a-a32a-680ef9da1c1f,3,3,0,16,1,1768801702,2026-01-19 00:51:56
1859811213834095332,16,0,16,8,1,1768801702,2026-01-19 00:51:56
66dbca0f-0aca-11e7-82f6-3863bb44ef7c,19,16,3,34,1,1768801707,2026-01-19 00:51:56
ffaa8f6a-a4ea-4d3a-a57c-f42f77cd4581,0,0,0,22,1,1768801705,2026-01-19 00:51:56
5f968a1b-ee60-43a0-ad25-05211e09e436,7,4,3,13,1,1768801705,2026-01-19 00:51:56
06f0d251-e1e3-435c-8c5f-9b991a14ca4a,5,4,1,19,1,1768801704,2026-01-19 00:51:56
2121032507515216178,7,1,6,3,1,1768801705,2026-01-19 00:51:56
c7ffe3fa-9cd6-4d35-9060-7d5822381442,18,13,5,55,1,1768801703,2026-01-19 00:51:56
1817432954560889524,7,0,7,12,1,1768801706,2026-01-19 00:51:56
1945126257666675246,4,4,0,16,1,1768801711,2026-01-19 00:51:56
66de269c-0aca-11e7-82f6-3863bb44ef7c,21,14,7,13,1,1768801711,2026-01-19 00:51:56
66dc48ef-0aca-11e7-82f6-3863bb44ef7c,19,19,0,45,1,1768801712,2026-01-19 00:51:56
66dc85bb-0aca-11e7-82f6-3863bb44ef7c,36,30,6,3,1,1768801710,2026-01-19 00:51:56
66dce4fc-0aca-11e7-82f6-3863bb44ef7c,6,1,5,20,1,1768801710,2026-01-19 00:51:56
ecbfcdb7-fffc-4d45-bed2-1510fd45834d,8,1,7,9,1,1768801710,2026-01-19 00:51:56
852218fc-5e5b-4153-bc3f-03760b57e68a,6,0,6,15,1,1768801713,2026-01-19 00:51:56
2123939659270367896,5,0,5,8,1,1768801713,2026-01-19 00:51:56
40914c6b-293d-49ac-b83a-d9d4af998aea,0,0,0,18,1,1768801713,2026-01-19 00:51:56
1934770108420609000,3,2,1,14,1,1768801712,2026-01-19 00:51:56
b7d7543b-74ac-4a48-a3c4-412f9ffbc727,10,2,8,11,1,1768801712,2026-01-19 00:51:56
16a4effc-282e-4053-b47b-31f734d50c08,12,6,6,13,1,1768801714,2026-01-19 00:51:56
66de4f9c-0aca-11e7-82f6-3863bb44ef7c,29,3,26,0,1,1768801714,2026-01-19 00:51:56
66dc82ef-0aca-11e7-82f6-3863bb44ef7c,10,5,5,51,1,1768801714,2026-01-19 00:51:56
1854538793462575652,11,4,7,7,1,1768801719,2026-01-19 00:51:56
1975559886658995034,1,1,0,23,1,1768801720,2026-01-19 00:51:56
52dd11f4-bbd0-49ab-912b-06fac40d275d,20,7,13,11,1,1768801720,2026-01-19 00:51:56
1835247469495105628,3,0,3,17,1,1768801719,2026-01-19 00:51:56
66db3708-0aca-11e7-82f6-3863bb44ef7c,16,2,14,22,1,1768801721,2026-01-19 00:51:56
66dd18dd-0aca-11e7-82f6-3863bb44ef7c,24,13,11,2,1,1768801721,2026-01-19 00:51:56
17ba4945-b202-4667-965f-211d80622646,7,0,7,14,1,1768801721,2026-01-19 00:51:56
1882735457106787122,22,14,8,4,1,1768801716,2026-01-19 00:51:56
3299ff79-36aa-42ef-b7f1-c40e95c8f570,21,3,18,22,1,1768801717,2026-01-19 00:51:56
e1a3f2f9-618f-4727-b2d6-676e02aadf17,15,5,10,4,1,1768801715,2026-01-19 00:51:56
66db479e-0aca-11e7-82f6-3863bb44ef7c,22,5,17,15,1,1768801715,2026-01-19 00:51:56
66db6d40-0aca-11e7-82f6-3863bb44ef7c,61,52,9,3,1,1768801716,2026-01-19 00:51:56
b930dd82-92d0-4d86-b896-7d8b827c2d5f,4,4,0,13,1,1768801716,2026-01-19 00:51:56
2121033322026834516,11,2,9,2,1,1768801716,2026-01-19 00:51:56
2e5cde21-f0a2-4396-899e-6df275e99212,1,1,0,16,1,1768801716,2026-01-19 00:51:56
66db3f62-0aca-11e7-82f6-3863bb44ef7c,31,0,31,22,1,1768801717,2026-01-19 00:51:56
77463580-6421-403d-b170-f2660c216175,2,1,1,22,1,1768801717,2026-01-19 00:51:56
f882ccc8-45aa-426b-aef6-514fe1d3d9cc,8,2,6,21,1,1768801723,2026-01-19 00:51:56
be435dfd-e859-487c-ae32-3d2b76d49a49,12,2,10,2,1,1768801723,2026-01-19 00:51:56
956de8aa-9e06-4efb-8eb0-35fe9b274a48,18,18,0,0,1,1768801723,2026-01-19 00:51:56
c530a1cb-7c60-4651-be8a-9bfa5eb43f8a,11,2,9,20,1,1768801724,2026-01-19 00:51:56
1804894168423871442,20,8,12,5,1,1768801724,2026-01-19 00:51:56
1815968422007427668,8,1,7,11,1,1768801724,2026-01-19 00:51:56
c29c9178-bcb1-4c0c-b789-f4a89512a4e4,1,0,1,18,1,1768801726,2026-01-19 00:51:56
1860188069348460678,20,0,20,0,1,1768801727,2026-01-19 00:51:56
1876864480506022446,18,1,17,5,1,1768801722,2026-01-19 00:51:56
e666a344-1afb-4512-b2e9-2fc5ed71be2b,10,8,2,10,1,1768801722,2026-01-19 00:51:56
1a5eae13-8f27-4875-8330-a796c95f8ad6,5,3,2,11,1,1768801722,2026-01-19 00:51:56
fea72f55-d296-47af-9446-149688dcccbd,2,2,0,12,1,1768801725,2026-01-19 00:51:56
c45aa693-fedd-478f-ade9-bf176c4e32ff,7,7,0,13,1,1768801725,2026-01-19 00:51:56
22e38a04-e70d-4484-bbf3-f6e8c64fdbd4,4,2,2,16,1,1768801725,2026-01-19 00:51:56
5d994b32-b7a5-450d-9bbb-93bf3b03e6d5,2,0,2,15,1,1768801725,2026-01-19 00:51:56
1827839088308194240,87,79,8,29,1,1768801723,2026-01-19 00:51:56
52e81f02-b1f9-45d6-9e5c-e15277de1268,0,0,0,23,1,1768801723,2026-01-19 00:51:56
d8e02e7b-632b-4fbe-95b9-80efa47473e3,1,0,1,19,1,1768801723,2026-01-19 00:51:56
a76299eb-73f7-401c-aa8b-edff9ef003bd,24,16,8,17,1,1768801725,2026-01-19 00:51:56
66de0bcb-0aca-11e7-82f6-3863bb44ef7c,20,13,7,30,1,1768801725,2026-01-19 00:51:56
66de1c33-0aca-11e7-82f6-3863bb44ef7c,34,31,3,12,1,1768801721,2026-01-19 00:51:56
bb07a569-cc74-439e-b424-916c0304f136,10,2,8,16,1,1768801727,2026-01-19 00:51:56
efa2a82f-eb4a-4b82-a602-6c42cb984101,3,2,1,12,1,1768801727,2026-01-19 00:51:56
e4980fd0-e540-40ca-acba-c2a74f3294fc,3,2,1,20,1,1768801727,2026-01-19 00:51:56
66dc1e55-0aca-11e7-82f6-3863bb44ef7c,11,10,1,52,1,1768801727,2026-01-19 00:51:56
b7df61c0-8ead-46cb-9d6e-a6a3011ffb71,16,7,9,8,1,1768801727,2026-01-19 00:51:56
f72a253f-3cef-4da8-9591-0cbd3a692162,32,27,5,13,1,1768801731,2026-01-19 00:51:56
b03adb87-2bd9-43a5-a822-7d06a9ee2d81,28,5,23,1,1,1768801731,2026-01-19 00:51:56
c9cd8c29-7f0b-4979-9a0e-bec4613d2600,0,0,0,19,1,1768801731,2026-01-19 00:51:56
426862de-f8f2-4967-ba41-76680a4b460c,1,0,1,13,1,1768801729,2026-01-19 00:51:56
66db269c-0aca-11e7-82f6-3863bb44ef7c,30,24,6,0,1,1768801729,2026-01-19 00:51:56
2142879485385917038,25,14,11,4,1,1768801729,2026-01-19 00:51:56
66dcbf69-0aca-11e7-82f6-3863bb44ef7c,3,3,0,16,1,1768801730,2026-01-19 00:51:56
1945125910957847430,4,2,2,14,1,1768801730,2026-01-19 00:51:56
bb6bba3f-19a0-4ebb-a454-4ac678d9d62d,5,5,0,15,1,1768801730,2026-01-19 00:51:56
1786696564295760054,1,0,1,24,1,1768801730,2026-01-19 00:51:56
1846086463217404850,20,9,11,2,1,1768801731,2026-01-19 00:51:56
5f2766b0-362e-49e5-ab09-05e2c4b6f626,0,0,0,18,1,1768801730,2026-01-19 00:51:56
1843486667668726558,24,1,23,1,1,1768801731,2026-01-19 00:51:56
b47e5ffd-4215-4476-a89b-ebe52111f763,23,3,20,16,1,1768801732,2026-01-19 00:51:56
b9deb521-41b6-4f8a-ac78-0e58e3977f2c,11,4,7,13,1,1768801732,2026-01-19 00:51:56
ed5c92f1-3293-4385-9e2b-9b716a096a19,28,26,2,34,1,1768801732,2026-01-19 00:51:56
66dc481a-0aca-11e7-82f6-3863bb44ef7c,67,29,38,3,1,1768801733,2026-01-19 00:51:56
514f3dda-4d08-464c-b2d4-5706d400065a,4,2,2,13,1,1768801729,2026-01-19 00:51:56
1845677022981917240,14,4,10,4,1,1768801734,2026-01-19 00:51:56
7380e377-936d-47d7-8abe-0f666d47465e,5,4,1,15,1,1768801735,2026-01-19 00:51:56
c0a2d591-4eed-488b-b88b-0b23990e3756,16,0,16,1,1,1768801734,2026-01-19 00:51:56
8ef6ec7d-e898-4edc-8f3f-af888f8c5ef4,7,1,6,18,1,1768801735,2026-01-19 00:51:56
66ddbd20-0aca-11e7-82f6-3863bb44ef7c,91,73,18,3,1,1768801735,2026-01-19 00:51:56
d7f55e1b-12db-49d1-9cd8-4fb464745841,14,3,11,12,1,1768801735,2026-01-19 00:51:56
1843486597735840252,14,3,11,8,1,1768801735,2026-01-19 00:51:56
467e1de6-73a6-480f-9e83-fd1b03b71047,18,6,12,7,1,1768801738,2026-01-19 00:51:56
66de1368-0aca-11e7-82f6-3863bb44ef7c,38,9,29,1,1,1768801738,2026-01-19 00:51:56
2436e886-dc53-47cb-8733-d663f9dcd922,6,6,0,18,1,1768801738,2026-01-19 00:51:56
7a771842-c090-4da1-8c13-72b7f4f50a87,27,15,12,7,1,1768801738,2026-01-19 00:51:56
a6a132f9-89bf-42a4-afe6-1ca449b7f570,1,1,0,16,1,1768801738,2026-01-19 00:51:56
1834145468418707676,15,1,14,2,1,1768801738,2026-01-19 00:51:56
1864606193814670106,5,0,5,17,1,1768801738,2026-01-19 00:51:56
189f573b-a2d0-40d2-af15-83c5015d93e2,2,2,0,22,1,1768801736,2026-01-19 00:51:56
31f340f3-3201-449e-b017-a26813aa448f,0,0,0,19,1,1768801737,2026-01-19 00:51:56
1828964993433043090,13,0,13,5,1,1768801737,2026-01-19 00:51:56
3bf69f3e-23f6-4abe-b5fe-dabe6b0ea066,13,10,3,9,1,1768801737,2026-01-19 00:51:56
7f8cb36a-2bf4-4d57-afbd-331310f25355,19,0,19,18,1,1768801737,2026-01-19 00:51:56
1838071090619298218,20,12,8,9,1,1768801740,2026-01-19 00:51:56
d52d4171-fd60-4a28-b7e2-89f3693e0591,10,2,8,9,1,1768801740,2026-01-19 00:51:56
66dd2786-0aca-11e7-82f6-3863bb44ef7c,22,6,16,2,1,1768801739,2026-01-19 00:51:56
65a1b09d-560d-46bf-8f5d-7f59471a587e,10,7,3,11,1,1768801739,2026-01-19 00:51:56
1838070626762830158,9,3,6,11,1,1768801739,2026-01-19 00:51:56
f3b359e2-7983-4aaf-b6b0-e3b7d30816a4,15,5,10,0,1,1768801739,2026-01-19 00:51:56
66ddea2a-0aca-11e7-82f6-3863bb44ef7c,62,24,38,7,1,1768801739,2026-01-19 00:51:56
eb8fcff2-6f58-4724-b564-ebc9a8d374d8,17,0,17,1,1,1768801735,2026-01-19 00:51:56
330ee4e3-29cb-48e5-845f-a8ccf1aa2ce6,2,1,1,25,1,1768801736,2026-01-19 00:51:56
66dd243c-0aca-11e7-82f6-3863bb44ef7c,35,5,30,39,1,1768801736,2026-01-19 00:51:56
1865017865553426604,11,1,10,6,1,1768801738,2026-01-19 00:51:56
66dde3b1-0aca-11e7-82f6-3863bb44ef7c,32,21,11,3,1,1768801741,2026-01-19 00:51:56
4753c893-e4bd-4d6a-bc4d-42209a19ebeb,1,1,0,16,1,1768801742,2026-01-19 00:51:56
1828965887815635862,2,0,2,19,1,1768801742,2026-01-19 00:51:56
f06c01c3-fd7f-443c-a0c7-fc9233d77f6a,6,5,1,17,1,1768801744,2026-01-19 00:51:56
66de3fde-0aca-11e7-82f6-3863bb44ef7c,2,2,0,22,1,1768801744,2026-01-19 00:51:56
66dc8768-0aca-11e7-82f6-3863bb44ef7c,37,24,13,3,1,1768801744,2026-01-19 00:51:56
cc7b86cf-a2fb-4738-b967-de7b197dc930,24,19,5,15,1,1768801745,2026-01-19 00:51:56
79399e32-a6c6-4732-8ad4-9f9140a86b21,8,0,8,11,1,1768801745,2026-01-19 00:51:56
77b21502-a7a2-40b4-8f3e-f9c6c6ef0939,11,0,11,14,1,1768801745,2026-01-19 00:51:56
8f72fe26-98aa-4e87-a612-9ae0eb1d9a38,16,0,16,3,1,1768801745,2026-01-19 00:51:56
66dd43bd-0aca-11e7-82f6-3863bb44ef7c,40,36,4,3,1,1768801743,2026-01-19 00:51:56
66db3997-0aca-11e7-82f6-3863bb44ef7c,23,14,9,55,1,1768801743,2026-01-19 00:51:56
66db79a3-0aca-11e7-82f6-3863bb44ef7c,17,14,3,29,1,1768801743,2026-01-19 00:51:56
1786687245202023014,28,13,15,4,1,1768801743,2026-01-19 00:51:56
e6f3c665-0c87-4f34-a5e8-69baeed7b7bf,4,0,4,16,1,1768801741,2026-01-19 00:51:56
2098359443836787630,7,7,0,65,1,1768801741,2026-01-19 00:51:56
2009671276352543716,12,9,3,9,1,1768801740,2026-01-19 00:51:56
1814900898997467540,9,1,8,11,1,1768801747,2026-01-19 00:51:56
2126623199408050430,11,3,8,5,1,1768801748,2026-01-19 00:51:56
2104278402820534724,27,4,23,15,1,1768801749,2026-01-19 00:51:56
66dd455e-0aca-11e7-82f6-3863bb44ef7c,30,30,0,7,1,1768801749,2026-01-19 00:51:56
66dc22a7-0aca-11e7-82f6-3863bb44ef7c,15,6,9,28,1,1768801747,2026-01-19 00:51:56
e6c2a46e-431a-4101-af84-870f660ff4cb,8,5,3,57,1,1768801747,2026-01-19 00:51:56
2111353842893366258,30,28,2,4,1,1768801745,2026-01-19 00:51:56
1815967051912860522,24,0,24,5,1,1768801745,2026-01-19 00:51:56
1862759079900600428,1,0,1,17,1,1768801745,2026-01-19 00:51:56
6a52ceae-3b97-487a-9438-de844bfbf1c2,3,0,3,15,1,1768801749,2026-01-19 00:51:56
2121032708855884414,7,1,6,5,1,1768801750,2026-01-19 00:51:56
2bf9addc-038b-48fe-8794-dde085c5e5dc,11,0,11,37,1,1768801750,2026-01-19 00:51:56
1885718199416500650,10,2,8,13,1,1768801750,2026-01-19 00:51:56
66dd4bf7-0aca-11e7-82f6-3863bb44ef7c,13,10,3,27,1,1768801750,2026-01-19 00:51:56
66db46d7-0aca-11e7-82f6-3863bb44ef7c,10,3,7,19,1,1768801749,2026-01-19 00:51:56
1814900752968579218,14,0,14,6,1,1768801750,2026-01-19 00:51:56
1786697166576476490,40,23,17,5,1,1768801751,2026-01-19 00:51:56
66dc9143-0aca-11e7-82f6-3863bb44ef7c,15,3,12,20,1,1768801750,2026-01-19 00:51:56
d9bc0b3e-1af8-4cb6-a082-8ef1245ef329,4,2,2,21,1,1768801751,2026-01-19 00:51:56
db91c9e0-d80b-4cb4-9cc2-9453ec8fbeac,1,1,0,16,1,1768801751,2026-01-19 00:51:56
1851674088959433552,7,2,5,13,1,1768801751,2026-01-19 00:51:56
c042a307-2d7d-4ee9-95b7-a7505a3428c2,13,11,2,22,1,1768801751,2026-01-19 00:51:56
66dd4ac1-0aca-11e7-82f6-3863bb44ef7c,2,0,2,35,1,1768801751,2026-01-19 00:51:56
0197e9da-ae03-40a7-8270-fe500bfc9e18,2,2,0,17,1,1768801751,2026-01-19 00:51:56
bb0ce308-e5d9-48c7-9f4b-cf0120f2c39a,0,0,0,22,1,1768801756,2026-01-19 00:51:56
1877920686883352866,12,1,11,0,1,1768801756,2026-01-19 00:51:56
a82cc641-0926-4a63-b488-7060ab7dcd74,4,1,3,27,1,1768801756,2026-01-19 00:51:56
868586b3-ddc7-4b4b-9bed-a1e487033aaa,40,6,34,5,1,1768801754,2026-01-19 00:51:56
d837d1b0-8f80-4f6c-ae45-5dd0deec6977,14,3,11,7,1,1768801755,2026-01-19 00:51:56
48e7e465-f861-452a-9bf7-7eacd0b2bcac,18,0,18,1,1,1768801755,2026-01-19 00:51:56
2142879839954225698,8,6,2,10,1,1768801755,2026-01-19 00:51:56
1860187430946456420,1,0,1,17,1,1768801756,2026-01-19 00:51:56
9ac5758f-0419-4e28-8387-6bcd28db17fa,8,5,3,9,1,1768801752,2026-01-19 00:51:56
7d9a1b9e-0123-4561-a111-b3735fada687,5,0,5,17,1,1768801752,2026-01-19 00:51:56
3f878b81-324e-4673-9221-43d34647e76f,14,0,14,1,1,1768801752,2026-01-19 00:51:56
b319c797-71ff-490c-b965-ba2ac0f50da0,5,5,0,11,1,1768801752,2026-01-19 00:51:56
8a13182a-4823-4fe7-afcd-a4ef0b134ed9,2,0,2,13,1,1768801753,2026-01-19 00:51:56
cd72b9da-b7c6-4785-92b5-0fb2130f0d7b,1,1,0,21,1,1768801753,2026-01-19 00:51:56
66dcf023-0aca-11e7-82f6-3863bb44ef7c,8,6,2,11,1,1768801753,2026-01-19 00:51:56
66dc7659-0aca-11e7-82f6-3863bb44ef7c,53,39,14,65,1,1768801753,2026-01-19 00:51:56
66dbebad-0aca-11e7-82f6-3863bb44ef7c,19,0,19,28,1,1768801751,2026-01-19 00:51:56
1849008925260421550,18,7,11,3,1,1768801751,2026-01-19 00:51:56
35b8b636-18d3-4860-b0a9-39c0bce96a10,12,1,11,16,1,1768801752,2026-01-19 00:51:56
c4d6b123-df5a-446d-b0ae-d3c4846565d5,4,0,4,18,1,1768801753,2026-01-19 00:51:56
66dd266a-0aca-11e7-82f6-3863bb44ef7c,18,1,17,13,1,1768801752,2026-01-19 00:51:56
1820420224296772166,19,9,10,5,1,1768801756,2026-01-19 00:51:56
c0a3b8fe-ba64-4cbb-b010-f760998d6c3a,10,10,0,10,1,1768801758,2026-01-19 00:51:56
bd30f2a1-38ec-474d-9e36-07f688e87427,14,13,1,2,1,1768801758,2026-01-19 00:51:56
9b7e3b8b-97ef-4038-820c-7cd1c1a34fc7,11,1,10,13,1,1768801759,2026-01-19 00:51:56
1880643497376459348,2,0,2,24,1,1768801759,2026-01-19 00:51:56
66dc8bfd-0aca-11e7-82f6-3863bb44ef7c,25,6,19,26,1,1768801759,2026-01-19 00:51:56
398aa734-3893-4dba-a704-57ae8632c4f9,2,2,0,18,1,1768801759,2026-01-19 00:51:56
a70b26b7-fbad-4787-bf15-29f7b13a19ab,6,2,4,13,1,1768801759,2026-01-19 00:51:56
0927e331-866f-4d99-99b4-04edde99117a,2,2,0,35,1,1768801761,2026-01-19 00:51:56
1947001743402778700,6,1,5,15,1,1768801761,2026-01-19 00:51:56
94bcf812-5cff-460c-841f-54876ed1e7a4,0,0,0,18,1,1768801761,2026-01-19 00:51:56
2868db5b-df51-4c36-8515-ef77a5b092c2,18,2,16,0,1,1768801762,2026-01-19 00:51:56
9e0b3452-ef6d-4e94-8c05-7bef199cdb74,8,1,7,13,1,1768801762,2026-01-19 00:51:56
66de1bc3-0aca-11e7-82f6-3863bb44ef7c,6,2,4,51,1,1768801757,2026-01-19 00:51:56
d1c204d7-d575-417d-b134-6ebdf7e99f98,11,8,3,10,1,1768801757,2026-01-19 00:51:56
101c813e-02a8-4b6b-bd5d-981c1ea62019,1,1,0,18,1,1768801757,2026-01-19 00:51:56
1814906873296976512,8,1,7,12,1,1768801759,2026-01-19 00:51:56
03872f6b-a522-4c41-a4f2-5d0c41779e7b,0,0,0,18,1,1768801759,2026-01-19 00:51:56
2121032193446634360,2,0,2,7,1,1768801683,2026-01-19 00:51:56
1861683747231494964,6,5,1,10,1,1768801759,2026-01-19 00:51:56
785b3e6b-dab5-4d25-afab-e2a1ef918669,17,0,17,9,1,1768801760,2026-01-19 00:51:56
94771406-6712-4508-9392-11e9d90e1185,16,10,6,1,1,1768801760,2026-01-19 00:51:56
9b4a92ae-cefe-467a-8e35-5ce02d4f3a45,4,1,3,15,1,1768801760,2026-01-19 00:51:56
1877653505745721834,6,6,0,11,1,1768801760,2026-01-19 00:51:56
1835247745828931742,2,1,1,17,1,1768801761,2026-01-19 00:51:56
1869753340438110380,6,0,6,13,1,1768801761,2026-01-19 00:51:56
1841926579628419438,2,1,1,15,1,1768801759,2026-01-19 00:51:56
1849009244468810224,18,1,17,1,1,1768801759,2026-01-19 00:51:56
d08be53f-9691-4d6f-81f3-7d052abb7dd6,2,0,2,15,1,1768801760,2026-01-19 00:51:56
1a083890-e22b-4f81-8d98-567784034916,15,0,15,5,1,1768801760,2026-01-19 00:51:56
15e1568b-f502-47a2-9d3d-b5aaa1edc239,2,1,1,16,1,1768801771,2026-01-19 00:51:56
6651fc84-09d1-4cdb-a8d5-7d6345fb3466,15,3,12,0,1,1768801771,2026-01-19 00:51:56
1838685618105506490,0,0,0,18,1,1768801771,2026-01-19 00:51:56
66db89a3-0aca-11e7-82f6-3863bb44ef7c,64,10,54,4,1,1768801771,2026-01-19 00:51:56
66de59bd-0aca-11e7-82f6-3863bb44ef7c,18,2,16,3,1,1768801771,2026-01-19 00:51:56
66dde208-0aca-11e7-82f6-3863bb44ef7c,38,38,0,1,1,1768801771,2026-01-19 00:51:56
14f928c6-9a51-40a2-b7e6-a74e8b351dbf,12,2,10,11,1,1768801772,2026-01-19 00:51:56
1202a491-9f76-4609-9b5c-eb7723ab5b45,13,7,6,5,1,1768801770,2026-01-19 00:51:56
1871972060496771504,1,1,0,16,1,1768801771,2026-01-19 00:51:56
2121032035614514006,12,0,12,1,1,1768801771,2026-01-19 00:51:56
1860189190334925058,2,0,2,19,1,1768801766,2026-01-19 00:51:56
66db9cc4-0aca-11e7-82f6-3863bb44ef7c,13,1,12,24,1,1768801767,2026-01-19 00:51:56
afd76a0e-ceb8-4d18-a427-b378c4d07a75,11,0,11,18,1,1768801767,2026-01-19 00:51:56
66de1f7f-0aca-11e7-82f6-3863bb44ef7c,9,1,8,20,1,1768801767,2026-01-19 00:51:56
66de542a-0aca-11e7-82f6-3863bb44ef7c,36,0,36,8,1,1768801767,2026-01-19 00:51:56
1820420022433309054,24,9,15,0,1,1768801767,2026-01-19 00:51:56
9c2a741d-7f3e-4aa1-b58b-db5c3e6bcb20,2,1,1,26,1,1768801773,2026-01-19 00:51:56
2123939077451327830,8,4,4,4,1,1768801723,2026-01-19 00:51:56
66dbcdfc-0aca-11e7-82f6-3863bb44ef7c,0,0,0,57,1,1768801773,2026-01-19 00:51:56
66dc3f08-0aca-11e7-82f6-3863bb44ef7c,99,82,17,1,1,1768801758,2026-01-19 00:51:56
1786699974232881542,4,0,4,16,1,1768801773,2026-01-19 00:51:56
1906951766876655628,4,2,2,24,1,1768801773,2026-01-19 00:51:56
50575cba-95ac-4134-9da1-3eec8253afc4,17,10,7,20,1,1768801769,2026-01-19 00:51:56
66dcca0d-0aca-11e7-82f6-3863bb44ef7c,10,10,0,11,1,1768801769,2026-01-19 00:51:56
40eaa69a-d3ab-48fc-b395-b5bdc6a1aa85,3,0,3,18,1,1768801771,2026-01-19 00:51:56
0cc38ba1-4625-4821-9a6f-e490525cbce2,7,7,0,13,1,1768801772,2026-01-19 00:51:56
66dd23a9-0aca-11e7-82f6-3863bb44ef7c,22,19,3,5,1,1768801772,2026-01-19 00:51:56
c37931bb-8571-4671-a9a8-f3cf23897680,39,0,39,53,1,1768801772,2026-01-19 00:51:56
3db2fa34-0b56-4644-9ae9-bbee1583e717,5,0,5,16,1,1768801770,2026-01-19 00:51:56
cf284d60-23e7-49ec-91dc-8bfedb59cb6a,18,1,17,1,1,1768801770,2026-01-19 00:51:56
1786697932047949952,3,1,2,19,1,1768801769,2026-01-19 00:51:56
9a37d8a1-990b-484c-9603-262dbd1165cc,5,1,4,13,1,1768801769,2026-01-19 00:51:56
711ccb32-e1bc-4577-ac7b-50592cc9b8a0,17,3,14,6,1,1768801772,2026-01-19 00:51:56
0c923abb-298a-4a47-b132-9fae73cc59e6,34,28,6,4,1,1768801773,2026-01-19 00:51:56
fec4aa1b-9fc1-4dd9-ab39-c1d7370a6e54,10,4,6,11,1,1768801766,2026-01-19 00:51:56
7f1b4c40-d9fa-4182-be0e-a993655cfb6f,18,9,9,0,1,1768801766,2026-01-19 00:51:56
7f6674c4-5568-4766-b172-0385348ae184,0,0,0,16,1,1768801766,2026-01-19 00:51:56
3f031133-ec95-4a92-9d63-2ae28183f498,13,10,3,6,1,1768801766,2026-01-19 00:51:56
66db4282-0aca-11e7-82f6-3863bb44ef7c,47,22,25,30,1,1768801766,2026-01-19 00:51:56
66dc7de9-0aca-11e7-82f6-3863bb44ef7c,77,54,23,35,1,1768801762,2026-01-19 00:51:56
1817432233006383832,23,2,21,0,1,1768801763,2026-01-19 00:51:56
d11db4cd-f9bf-430b-ac19-104fef323b24,2,2,0,18,1,1768801763,2026-01-19 00:51:56
55146e49-9bc4-4f13-bdf7-25422342b638,0,0,0,16,1,1768801765,2026-01-19 00:51:56
923a60f7-2a0e-4a31-8dd5-66c8518c929e,12,9,3,7,1,1768801764,2026-01-19 00:51:56
9991b75b-a9ba-4abc-bf84-0108291be05a,10,3,7,14,1,1768801764,2026-01-19 00:51:56
1848241963446241866,18,10,8,1,1,1768801763,2026-01-19 00:51:56
1849009534951225816,7,0,7,10,1,1768801764,2026-01-19 00:51:56
66dbf062-0aca-11e7-82f6-3863bb44ef7c,24,11,13,18,1,1768801764,2026-01-19 00:51:56
36025f2c-ee4d-4c1a-832d-733cf37f98ef,2,0,2,25,1,1768801763,2026-01-19 00:51:56
a23a40c3-6da5-4b0f-bb6b-8bfc01ec2261,12,3,9,7,1,1768801763,2026-01-19 00:51:56
6908ae75-b9a1-4f20-b192-95dc43e858a8,3,2,1,14,1,1768801763,2026-01-19 00:51:56
bf317efc-13f1-42be-8243-373a29354033,3,1,2,20,1,1768801763,2026-01-19 00:51:56
2127386600787000162,0,0,0,23,1,1768801768,2026-01-19 00:51:56
39f756c2-3904-463e-95a8-8d8e3540e845,64,39,25,3,1,1768801768,2026-01-19 00:51:56
a1112e04-bc50-4782-b3d6-bb5902c0e8db,3,3,0,18,1,1768801768,2026-01-19 00:51:56
66dca682-0aca-11e7-82f6-3863bb44ef7c,20,15,5,43,1,1768801765,2026-01-19 00:51:56
aa0e6301-4162-428d-8943-7b684089b0d1,8,2,6,10,1,1768801774,2026-01-19 00:51:56
1833865926273309136,18,15,3,43,1,1768801774,2026-01-19 00:51:56
0ebdda6a-37e4-4ff4-94e8-3947f49d8e24,1,0,1,20,1,1768801774,2026-01-19 00:51:56
774c5443-d463-42b3-bfc5-b0ab3c56fe35,23,17,6,7,1,1768801774,2026-01-19 00:51:56
1908785111291682996,8,5,3,11,1,1768801774,2026-01-19 00:51:56
1828967346753327602,7,2,5,9,1,1768801774,2026-01-19 00:51:56
1860188607062574024,3,1,2,15,1,1768801777,2026-01-19 00:51:56
753591ba-36f7-4ded-ab7d-40df9994a05f,2,1,1,22,1,1768801778,2026-01-19 00:51:56
99142ec8-c0e7-47ca-916c-c1097d48e133,24,8,16,16,1,1768801778,2026-01-19 00:51:56
b7c6ce96-a24d-4c1e-93ee-6f49c1adf119,3,0,3,12,1,1768801778,2026-01-19 00:51:56
ea9a19a6-acea-4286-a723-b5481c90a3c0,23,2,21,2,1,1768801778,2026-01-19 00:51:56
66dea52b-0aca-11e7-82f6-3863bb44ef7c,0,0,0,18,1,1768801778,2026-01-19 00:51:56
5f7ac86c-1a98-4603-8749-4bb83ac84acd,45,35,9,5,1,1768801777,2026-01-19 00:51:56
1851254360969534132,1,1,0,22,1,1768801776,2026-01-19 00:51:56
4d674595-187c-417c-a691-676c4446c9fc,9,3,6,13,1,1768801775,2026-01-19 00:51:56
66dc9068-0aca-11e7-82f6-3863bb44ef7c,15,7,8,57,1,1768801775,2026-01-19 00:51:56
760ebaea-f7c7-45ad-aa3b-395d97adcf8f,7,2,5,15,1,1768801775,2026-01-19 00:51:56
92a51669-deec-45a9-8494-fafdf6356c51,7,0,7,25,1,1768801780,2026-01-19 00:51:56
c56739c2-b310-4d73-ab0e-b6036abd9561,12,0,12,13,1,1768801780,2026-01-19 00:51:56
8456b63c-37c6-49a6-8c02-bb6dcfc35041,16,13,3,6,1,1768801780,2026-01-19 00:51:56
6ca15d94-897a-4c81-ab47-366829afb7c4,1,1,0,20,1,1768801780,2026-01-19 00:51:56
380394f7-64fa-4a65-a4d1-7bcaddd41fab,16,10,6,4,1,1768801781,2026-01-19 00:51:56
7f3aa940-18ef-4900-89dc-cdb05f693f31,6,3,3,13,1,1768801780,2026-01-19 00:51:56
66de88d7-0aca-11e7-82f6-3863bb44ef7c,40,32,8,6,1,1768801781,2026-01-19 00:51:56
f54ad1f8-fe58-49ac-82ae-b742aec66829,29,24,5,47,1,1768801782,2026-01-19 00:51:56
bde94a25-6089-4490-af3a-8cc5702230b8,93,77,16,4,1,1768801784,2026-01-19 00:51:56
b1e496f1-43cf-48d0-be49-ab0d760c00bf,4,3,1,23,1,1768801784,2026-01-19 00:51:56
80969478-8dbc-42e1-8e16-ac0132a431c2,24,4,20,3,1,1768801784,2026-01-19 00:51:56
66dcccfe-0aca-11e7-82f6-3863bb44ef7c,4,0,4,9,1,1768801784,2026-01-19 00:51:56
a958a8af-a0cc-4bca-9114-93c74ce3c693,4,4,0,18,1,1768801784,2026-01-19 00:51:56
ddc8ca6c-dceb-4603-ab1e-4bd972ca2a3d,5,0,5,12,1,1768801784,2026-01-19 00:51:56
1856847127505992556,0,0,0,0,0,1768801782,2026-01-19 00:51:56
01839a78-f228-4706-8f7f-147b857492f2,1,1,0,19,1,1768801782,2026-01-19 00:51:56
7cb65297-c880-459a-b054-4e059576c02a,3,0,3,16,1,1768801778,2026-01-19 00:51:56
989fdf95-cfb9-475c-ba0c-3152fd3a16e0,19,16,3,1,1,1768801779,2026-01-19 00:51:56
66dd20eb-0aca-11e7-82f6-3863bb44ef7c,31,23,8,3,1,1768801779,2026-01-19 00:51:56
81a34754-ae08-47a6-964d-4733849a8fab,6,3,3,22,1,1768801784,2026-01-19 00:51:56
1835249317786962140,1,1,0,25,1,1768801784,2026-01-19 00:51:56
94624d6e-4150-4ab1-92ff-bf55cb58ab61,0,0,0,18,1,1768801784,2026-01-19 00:51:56
4168e5a4-c7ec-4045-bfc8-84ac5edbe845,40,30,10,2,1,1768801783,2026-01-19 00:51:56
2121032973750651666,4,1,3,9,1,1768801756,2026-01-19 00:51:56
2126579619522812246,11,2,9,0,1,1768801741,2026-01-19 00:51:56
2cd651e7-1e3a-4cd9-8fd1-a2416e032f6e,2,2,0,20,1,1768801783,2026-01-19 00:51:56
a90e9ad3-4347-4fa4-b031-9bf1f69ce049,2,1,1,17,1,1768801783,2026-01-19 00:51:56
1880643915885220532,1,1,0,29,1,1768801787,2026-01-19 00:51:56
9719498d-bd5c-4424-86ac-dfe0795c57d1,6,1,5,15,1,1768801787,2026-01-19 00:51:56
d946ce73-5487-4ab7-b429-cf873e9af5b5,10,1,9,9,1,1768801787,2026-01-19 00:51:56
e73cf71b-db05-44f9-b57a-689d65320d68,3,2,1,25,1,1768801787,2026-01-19 00:51:56
9b721468-3b28-429d-9e13-580cdf00a6a4,18,6,12,5,1,1768801788,2026-01-19 00:51:56
87091002-cc25-452a-b5d9-f8d0c3fce422,5,2,3,18,1,1768801789,2026-01-19 00:51:56
e6b6c6e2-5fcb-47cd-8f2d-4324b7c977c8,3,2,1,18,1,1768801788,2026-01-19 00:51:56
2b33334b-243c-4a16-a6d2-32304c8884f1,7,7,0,13,1,1768801789,2026-01-19 00:51:56
ccaadb70-6c87-4ccc-9914-a3167bd1bc0e,2,1,1,28,1,1768801789,2026-01-19 00:51:56
66db65aa-0aca-11e7-82f6-3863bb44ef7c,32,20,12,64,1,1768801789,2026-01-19 00:51:56
8e631be4-1e0c-4627-a261-18f0003d0ba2,5,4,1,31,1,1768801789,2026-01-19 00:51:56
9e014047-d675-418b-a03c-84d974a25134,2,2,0,28,1,1768801789,2026-01-19 00:51:56
1887292564377354448,5,3,2,25,1,1768801790,2026-01-19 00:51:56
514afe43-84d4-4941-8281-75a93c5cd365,4,1,3,12,1,1768801790,2026-01-19 00:51:56
b64eb0a5-d6d4-4f45-8c9a-e2d004819c99,17,9,8,1,1,1768801790,2026-01-19 00:51:56
0e5be726-2452-42a0-9be8-ea85c8408e4c,10,7,3,10,1,1768801790,2026-01-19 00:51:56
b30815c0-99b6-451b-be15-902992cb8abb,58,56,2,0,1,1768801790,2026-01-19 00:51:56
1843486390605672640,1,1,0,24,1,1768801790,2026-01-19 00:51:56
ffef95fa-600b-4f08-b2ce-e8eb034ebfd8,20,20,0,11,1,1768801790,2026-01-19 00:51:56
66db8ca4-0aca-11e7-82f6-3863bb44ef7c,42,32,10,19,1,1768801790,2026-01-19 00:51:56
33c533cd-5f0e-4c15-a00a-6a2bf1e2d077,41,25,16,22,1,1768801788,2026-01-19 00:51:56
66de103b-0aca-11e7-82f6-3863bb44ef7c,20,12,8,1,1,1768801786,2026-01-19 00:51:56
4d4a3e7b-1005-4bfd-8680-340a20cacbee,11,0,11,10,1,1768801785,2026-01-19 00:51:56
c8060816-b4aa-4fd9-bc66-af28bf61dc87,0,0,0,21,1,1768801785,2026-01-19 00:51:56
8f1fdf4b-ecca-4f03-b04c-e10fe596e2c7,1,0,1,24,1,1768801787,2026-01-19 00:51:56
02fb0f6a-b1dc-4e1c-97f8-fe70462670a3,26,4,22,2,1,1768801792,2026-01-19 00:51:56
324af152-33ea-48a7-8bb0-ad8b6f31571f,37,6,31,8,1,1768801792,2026-01-19 00:51:56
66ddb6d9-0aca-11e7-82f6-3863bb44ef7c,60,26,34,4,1,1768801792,2026-01-19 00:51:56
2124426189188761638,8,8,0,0,1,1768801793,2026-01-19 00:51:56
1861680889400379678,13,10,3,3,1,1768801793,2026-01-19 00:51:56
66ddef96-0aca-11e7-82f6-3863bb44ef7c,32,7,25,11,1,1768801793,2026-01-19 00:51:56
1898455214498195676,2,2,0,16,1,1768801793,2026-01-19 00:51:56
68827e5f-ed28-45de-99bf-66093a8c504f,12,9,3,9,1,1768801793,2026-01-19 00:51:56
66dd51e6-0aca-11e7-82f6-3863bb44ef7c,28,16,12,48,1,1768801793,2026-01-19 00:51:56
0cde9bcd-0dcb-45dc-9c9a-3e5485b5452e,0,0,0,19,1,1768801793,2026-01-19 00:51:56
66db33fc-0aca-11e7-82f6-3863bb44ef7c,20,13,7,45,1,1768801795,2026-01-19 00:51:56
66dc0bbd-0aca-11e7-82f6-3863bb44ef7c,23,6,17,14,1,1768801794,2026-01-19 00:51:56
66dc9223-0aca-11e7-82f6-3863bb44ef7c,4,1,3,80,1,1768801795,2026-01-19 00:51:56
679dcf08-d88c-4d1b-b81d-fe9f4aabbff7,7,0,7,16,1,1768801795,2026-01-19 00:51:56
5eac53d0-5510-441a-9dbb-76bd38acf4ef,2,1,1,14,1,1768801795,2026-01-19 00:51:56
1838618090943186984,19,0,19,4,1,1768801795,2026-01-19 00:51:56
85ba92ab-8d0a-4d17-9d07-0173e16d3b6d,5,3,2,12,1,1768801791,2026-01-19 00:51:56
48b19cc8-bf45-4602-89ac-a8c0a0560c43,9,0,9,10,1,1768801790,2026-01-19 00:51:56
64de0666-b9ab-404e-a16b-03e449bb5b4d,10,8,2,9,1,1768801790,2026-01-19 00:51:56
2018303498843153278,23,12,11,1,1,1768801791,2026-01-19 00:51:56
2124425670552673214,2,0,2,12,1,1768801791,2026-01-19 00:51:56
29223935-a682-411c-9f25-577bbb9804fc,17,0,17,1,1,1768801791,2026-01-19 00:51:56
fb180cce-96ee-4e66-b3ce-000f3db6e670,1,0,0,26,1,1768801791,2026-01-19 00:51:56
1875023224873448258,8,0,8,12,1,1768801791,2026-01-19 00:51:56
1958457675193833900,11,1,10,9,1,1768801791,2026-01-19 00:51:56
66dc741f-0aca-11e7-82f6-3863bb44ef7c,59,45,14,5,1,1768801792,2026-01-19 00:51:56
dadd2084-d844-46f5-b7a4-128d31eeba8e,0,0,0,18,1,1768801792,2026-01-19 00:51:56
66de44ba-0aca-11e7-82f6-3863bb44ef7c,33,17,16,4,1,1768801792,2026-01-19 00:51:56
2132211694027383298,12,7,5,2,1,1768801792,2026-01-19 00:51:56
ace80a8c-6196-484e-8dd0-061e3c90389b,2,1,1,27,1,1768801796,2026-01-19 00:51:56
1836581441921155232,4,1,3,13,1,1768801796,2026-01-19 00:51:56
1786375597504305174,34,14,20,5,1,1768801796,2026-01-19 00:51:56
1819720453019329398,6,0,6,15,1,1768801797,2026-01-19 00:51:56
fac701fb-c433-496e-933b-ea137dbe7fe1,4,0,4,13,1,1768801794,2026-01-19 00:51:56
66de110b-0aca-11e7-82f6-3863bb44ef7c,21,10,11,17,1,1768801794,2026-01-19 00:51:56
d0b87aa7-7e19-40d2-8f7d-6a622e6ac391,4,0,4,20,1,1768801794,2026-01-19 00:51:56
66db3ba0-0aca-11e7-82f6-3863bb44ef7c,56,50,6,16,1,1768801790,2026-01-19 00:51:56
81640d04-c36a-4fb1-98b0-85be10be516c,7,3,4,13,1,1768801790,2026-01-19 00:51:56
4775fd25-2240-44d7-884a-d777d15a9b5e,10,8,2,10,1,1768801792,2026-01-19 00:51:56
66db2e3a-0aca-11e7-82f6-3863bb44ef7c,51,45,6,0,1,1768801797,2026-01-19 00:51:56
e2fc6d90-8deb-4e21-961d-9d5208c1f986,20,19,1,13,1,1768801798,2026-01-19 00:51:56
7a15d81b-357e-42e0-b208-93ffd562fd63,2,0,2,24,1,1768801796,2026-01-19 00:51:56
e982e1cb-7e7b-4769-85b8-565925200654,10,5,5,14,1,1768801797,2026-01-19 00:51:56
66dcf640-0aca-11e7-82f6-3863bb44ef7c,17,6,11,7,1,1768801797,2026-01-19 00:51:56
199ea9dd-8f7e-4e05-a730-55edaacd8787,24,9,15,32,1,1768801797,2026-01-19 00:51:56
145bbc0d-8976-45ae-9565-158ba564d3d1,20,7,13,5,1,1768801797,2026-01-19 00:51:56
1854537815365165328,0,0,0,19,1,1768801797,2026-01-19 00:51:56
66dc864c-0aca-11e7-82f6-3863bb44ef7c,9,8,1,19,1,1768801798,2026-01-19 00:51:56
1815967674683118258,21,0,21,2,1,1768801797,2026-01-19 00:51:56
a724eb92-55ca-4b9f-9a87-c2e87b3cbd40,0,0,0,16,1,1768801798,2026-01-19 00:51:56
66db6889-0aca-11e7-82f6-3863bb44ef7c,17,14,3,14,1,1768801798,2026-01-19 00:51:56
46dca5c6-7bd3-4a4f-aa1e-33aa66652294,16,7,9,11,1,1768801798,2026-01-19 00:51:56
1817431953833509324,13,5,8,5,1,1768801798,2026-01-19 00:51:56
dc8223ad-4108-40a8-9ff5-35e8490b4077,0,0,0,0,0,86400,2026-01-19 00:51:56
1815968147129520346,0,0,0,0,0,86400,2026-01-19 00:51:56
2004153375425087884,0,0,0,0,0,86400,2026-01-19 00:51:56
1861683496445528180,0,0,0,0,0,86400,2026-01-19 00:51:56
66dc7a7d-0aca-11e7-82f6-3863bb44ef7c,0,0,0,0,0,1760532172,2026-01-19 00:51:56
2171902770580328596,0,0,0,0,0,86400,2026-01-19 00:51:56
2171902875345687974,0,0,0,0,0,86400,2026-01-19 00:51:56
2171904090179944948,0,0,0,0,0,86400,2026-01-19 00:51:56
66db473c-0aca-11e7-82f6-3863bb44ef7c,0,0,0,3,0,1768246235,2026-01-19 00:51:56
2126621966735272262,9,0,9,4,1,1768801619,2026-01-19 00:51:56
7bdd60e9-c0fd-40f6-aa9a-d5fa004d4fe3,8,2,6,12,1,1768801663,2026-01-19 00:51:56
66dbf518-0aca-11e7-82f6-3863bb44ef7c,18,16,2,9,1,1768801679,2026-01-19 00:51:56
afc79a38-e26d-48f7-94e4-d0aca8fd1c49,3,3,0,13,1,1768801679,2026-01-19 00:51:56
d7bdc3d7-6e6d-4899-9cc7-f4238a86c695,4,2,2,18,1,1768801679,2026-01-19 00:51:56
1828969112306680612,5,2,3,14,1,1768801680,2026-01-19 00:51:56
2022386456542683974,32,7,25,1,1,1768801678,2026-01-19 00:51:56
66ddd369-0aca-11e7-82f6-3863bb44ef7c,60,51,8,5,1,1768801678,2026-01-19 00:51:56
66dc0cc7-0aca-11e7-82f6-3863bb44ef7c,14,6,8,37,1,1768801679,2026-01-19 00:51:56
66dde845-0aca-11e7-82f6-3863bb44ef7c,4,4,0,33,1,1768801684,2026-01-19 00:51:56
632b140c-65de-4f50-9cc2-c001ae011aea,19,1,18,38,1,1768801684,2026-01-19 00:51:56
66dce5c9-0aca-11e7-82f6-3863bb44ef7c,3,2,1,14,1,1768801684,2026-01-19 00:51:56
66dc1beb-0aca-11e7-82f6-3863bb44ef7c,20,11,9,81,1,1768801684,2026-01-19 00:51:56
623c9658-5544-4254-847e-738763cf45a3,3,0,3,16,1,1768801684,2026-01-19 00:51:56
66dea596-0aca-11e7-82f6-3863bb44ef7c,2,2,0,20,1,1768801685,2026-01-19 00:51:56
66dea6e1-0aca-11e7-82f6-3863bb44ef7c,4,2,2,60,1,1768801685,2026-01-19 00:51:56
2576805f-9732-4c74-8f1d-57715e8cdfa2,4,4,0,24,1,1768801686,2026-01-19 00:51:56
1846085927885781554,16,3,13,6,1,1768801682,2026-01-19 00:51:56
1828969515711812276,8,5,3,14,1,1768801681,2026-01-19 00:51:56
1834145330979754058,0,0,0,26,1,1768801685,2026-01-19 00:51:56
1057229c-f8f8-4014-80cd-f40421c61cf0,2,0,2,14,1,1768801686,2026-01-19 00:51:56
66ddeffd-0aca-11e7-82f6-3863bb44ef7c,7,0,7,10,1,1768801689,2026-01-19 00:51:56
eafa19ed-88c2-4efc-bd73-3961f85b6063,23,15,8,16,1,1768801690,2026-01-19 00:51:56
b94d0241-bce7-44a9-ab1c-ece0740a4134,11,7,4,7,1,1768801690,2026-01-19 00:51:56
1885439359712500016,1,0,1,18,1,1768801690,2026-01-19 00:51:56
ecc52c52-e2d9-4e73-8f9c-18ad8e9b0606,9,6,3,9,1,1768801693,2026-01-19 00:51:56
bb32aad7-8308-4ff8-b073-d5b518ffdd09,0,0,0,39,1,1768801693,2026-01-19 00:51:56
66dc1c5c-0aca-11e7-82f6-3863bb44ef7c,52,26,26,25,1,1768801693,2026-01-19 00:51:56
1e83ffdc-8e72-45c0-8210-4f37e60505c9,8,0,8,26,1,1768801693,2026-01-19 00:51:56
e8df73bd-5d3d-47c9-b04d-bcec4db5540f,54,3,51,6,1,1768801693,2026-01-19 00:51:56
1880644160834607498,22,13,9,3,1,1768801691,2026-01-19 00:51:56
1893542109140147108,4,2,2,16,1,1768801691,2026-01-19 00:51:56
66de0933-0aca-11e7-82f6-3863bb44ef7c,22,1,21,4,1,1768801688,2026-01-19 00:51:56
1828966104320053340,13,2,11,6,1,1768801689,2026-01-19 00:51:56
66dbc551-0aca-11e7-82f6-3863bb44ef7c,15,14,1,38,1,1768801691,2026-01-19 00:51:56
f15ccc6e-5a7c-46e7-b505-0bfc9cae3d83,7,1,6,20,1,1768801687,2026-01-19 00:51:56
203d7b9a-8666-4af1-81c7-f9fc36aa0952,1,1,0,16,1,1768801691,2026-01-19 00:51:56
47bcbcc1-9241-4e65-99f1-07c15543be1b,10,6,4,21,1,1768801695,2026-01-19 00:51:56
1836581807397045112,4,1,3,20,1,1768801696,2026-01-19 00:51:56
1d130e43-0408-4423-bb52-77a08372cefa,3,0,3,20,1,1768801696,2026-01-19 00:51:56
4034789e-b70d-4aae-bf18-3ed37a4d751f,10,1,9,5,1,1768801696,2026-01-19 00:51:56
66dde914-0aca-11e7-82f6-3863bb44ef7c,29,14,15,2,1,1768801697,2026-01-19 00:51:56
b62bcd96-c2db-447c-bdd5-d3c18f174858,7,1,6,10,1,1768801697,2026-01-19 00:51:56
23bc4d9b-1ec2-45fb-9228-e41517346b24,17,6,11,1,1,1768801697,2026-01-19 00:51:56
66dcbe7c-0aca-11e7-82f6-3863bb44ef7c,2,2,0,17,1,1768801698,2026-01-19 00:51:56
d7d297fd-36dc-42f2-8e3b-24b1003be874,13,6,7,1,1,1768801699,2026-01-19 00:51:56
4d79bdb9-7c35-4d35-9f6e-3c1b849c453a,13,6,6,31,1,1768801700,2026-01-19 00:51:56
db29242d-6ff3-4e22-85fe-45fa3d03ec39,6,4,2,13,1,1768801700,2026-01-19 00:51:56
fe93b3ae-1d86-4ee9-9eb6-9e11808966aa,5,3,2,15,1,1768801700,2026-01-19 00:51:56
d3f51f51-7e51-4c75-8600-d76916608707,4,4,0,20,1,1768801702,2026-01-19 00:51:56
bfbd1f09-afd2-49d2-8674-3a07b3c929a4,17,6,11,3,1,1768801702,2026-01-19 00:51:56
a0eec052-257a-4c79-8171-6e2ad9864ad0,11,7,4,18,1,1768801701,2026-01-19 00:51:56
43f3d3c7-46b0-4812-879d-15afe8804c5f,22,8,14,3,1,1768801701,2026-01-19 00:51:56
285ad3c2-3ffe-45bb-8765-9c20a69641a6,11,5,6,6,1,1768801702,2026-01-19 00:51:56
66db88f5-0aca-11e7-82f6-3863bb44ef7c,13,1,12,24,1,1768801702,2026-01-19 00:51:56
04d557d6-6bc3-4244-b0f1-81ed1449ccd6,13,11,2,6,1,1768801701,2026-01-19 00:51:56
fda0c217-9504-4b26-8a25-e40b603ee5fa,3,3,0,14,1,1768801701,2026-01-19 00:51:56
328d778a-7e71-4240-acae-b84f0fdaa5c5,2,2,0,23,1,1768801703,2026-01-19 00:51:56
88e64257-298c-4b8d-8886-77b9b66dcec1,16,2,14,36,1,1768801704,2026-01-19 00:51:56
1840540966407039246,19,3,16,1,1,1768801704,2026-01-19 00:51:56
1851999409149780880,12,4,8,11,1,1768801706,2026-01-19 00:51:56
c066c90a-efb1-4f8b-aa15-38ba4edd4ebc,9,2,7,9,1,1768801706,2026-01-19 00:51:56
66dea894-0aca-11e7-82f6-3863bb44ef7c,40,19,21,6,1,1768801707,2026-01-19 00:51:56
1903998756008763590,17,14,3,35,1,1768801707,2026-01-19 00:51:56
1796642668661690940,11,1,10,7,1,1768801708,2026-01-19 00:51:56
66dbe7b6-0aca-11e7-82f6-3863bb44ef7c,4,4,0,24,1,1768801708,2026-01-19 00:51:56
66dd2208-0aca-11e7-82f6-3863bb44ef7c,25,6,19,16,1,1768801705,2026-01-19 00:51:56
1b985e4b-88de-42a8-95be-dce37dbbc5c5,7,0,7,16,1,1768801706,2026-01-19 00:51:56
66db34fc-0aca-11e7-82f6-3863bb44ef7c,0,0,0,33,1,1768801706,2026-01-19 00:51:56
66dcc047-0aca-11e7-82f6-3863bb44ef7c,8,5,3,14,1,1768801704,2026-01-19 00:51:56
66dc21d4-0aca-11e7-82f6-3863bb44ef7c,2,1,1,48,1,1768801709,2026-01-19 00:51:56
1846086665080867236,11,2,9,9,1,1768801714,2026-01-19 00:51:56
66db69d0-0aca-11e7-82f6-3863bb44ef7c,20,10,10,1,1,1768801715,2026-01-19 00:51:56
79c4a612-a5df-4814-9e6b-6305da61ebc4,16,0,16,2,1,1768801715,2026-01-19 00:51:56
2687f2e1-3529-464d-82eb-e4f61440c563,7,3,4,9,1,1768801714,2026-01-19 00:51:56
c46a2889-258b-4fc5-a452-1d4e7dfe683a,1,0,1,15,1,1768801712,2026-01-19 00:51:56
bd1760ad-3af3-4ede-9bd7-c8fbf46d7192,2,2,0,18,1,1768801712,2026-01-19 00:51:56
1815968026870435892,12,5,7,8,1,1768801713,2026-01-19 00:51:56
40fd82d6-c0e9-4876-adfb-816140ecfc39,18,15,3,1,1,1768801713,2026-01-19 00:51:56
45865207-8700-4ef2-99ed-b08889ef0250,11,7,4,10,1,1768801710,2026-01-19 00:51:56
cc758f1a-8b28-4ff5-bc75-fbe62c453378,2,2,0,16,1,1768801711,2026-01-19 00:51:56
82dd89f6-1e5a-4a8f-8660-13cb64349e94,2,1,1,16,1,1768801711,2026-01-19 00:51:56
cad68b8c-6d68-4c5f-88fe-b1aa3e40727a,14,5,9,7,1,1768801711,2026-01-19 00:51:56
e3e6105e-eaa2-43c5-badb-fb8592ad7227,2,1,1,21,1,1768801715,2026-01-19 00:51:56
b506be9e-45d3-43d1-a262-27d8fa91e974,0,0,0,30,1,1768801715,2026-01-19 00:51:56
66dcac42-0aca-11e7-82f6-3863bb44ef7c,43,7,36,7,1,1768801715,2026-01-19 00:51:56
66db2db5-0aca-11e7-82f6-3863bb44ef7c,49,1,48,8,1,1768801716,2026-01-19 00:51:56
3c8847a6-c12a-40fd-9b22-4582ac1a0d9d,0,0,0,24,1,1768801716,2026-01-19 00:51:56
3e9e50cc-f336-439f-bd0b-dec5499c038d,38,28,10,4,1,1768801716,2026-01-19 00:51:56
b0239a13-649a-4d31-aa04-56b8aaeba4d4,0,0,0,18,1,1768801713,2026-01-19 00:51:56
59e3766c-0629-4ff1-a1d9-bc0514a55487,1,1,0,21,1,1768801713,2026-01-19 00:51:56
1848242216849312578,10,3,7,8,1,1768801715,2026-01-19 00:51:56
647a2a80-9630-41b0-9b91-1f464b0bf3cc,19,17,2,56,1,1768801715,2026-01-19 00:51:56
66de65a4-0aca-11e7-82f6-3863bb44ef7c,24,22,2,1,1,1768801719,2026-01-19 00:51:56
2366d8a4-7a49-42f3-9afe-efd2b200336b,20,14,6,1,1,1768801716,2026-01-19 00:51:56
66de5773-0aca-11e7-82f6-3863bb44ef7c,13,5,8,4,1,1768801716,2026-01-19 00:51:56
1938139112487078732,16,4,12,13,1,1768801716,2026-01-19 00:51:56
4bbf50a9-47c2-4a32-97c2-1f6bc4f9d401,12,1,11,18,1,1768801717,2026-01-19 00:51:56
1815967159287043052,7,0,7,16,1,1768801717,2026-01-19 00:51:56
66dd41ef-0aca-11e7-82f6-3863bb44ef7c,34,28,6,5,1,1768801720,2026-01-19 00:51:56
b55f9b55-7fa7-4f0f-9732-78cbe07452e1,17,6,11,11,1,1768801720,2026-01-19 00:51:56
66de10a8-0aca-11e7-82f6-3863bb44ef7c,15,4,11,15,1,1768801721,2026-01-19 00:51:56
1e3a16ff-65ba-4d34-b3c6-37aff44e085a,8,2,6,30,1,1768801722,2026-01-19 00:51:56
387e2863-83ad-4589-8004-794a7b624801,8,4,4,9,1,1768801722,2026-01-19 00:51:56
66de8a86-0aca-11e7-82f6-3863bb44ef7c,14,13,1,42,1,1768801722,2026-01-19 00:51:56
78b4aa30-e4e9-4447-9419-c89f8527892e,14,14,0,7,1,1768801722,2026-01-19 00:51:56
1838070776953752336,0,0,0,19,1,1768801722,2026-01-19 00:51:56
66de4078-0aca-11e7-82f6-3863bb44ef7c,18,6,12,5,1,1768801722,2026-01-19 00:51:56
4eb6d6a8-ecc1-4e89-a586-4f96ed3d83e1,3,2,1,23,1,1768801717,2026-01-19 00:51:56
66dc41bb-0aca-11e7-82f6-3863bb44ef7c,25,6,19,29,1,1768801717,2026-01-19 00:51:56
38bb1218-0a9e-41d9-b2ef-25c8626dac29,19,2,17,1,1,1768801717,2026-01-19 00:51:56
d34f2271-10ee-40c3-a93a-09df58860512,1,1,0,16,1,1768801723,2026-01-19 00:51:56
66de5095-0aca-11e7-82f6-3863bb44ef7c,7,3,4,14,1,1768801723,2026-01-19 00:51:56
1885442082749874736,2,2,0,19,1,1768801723,2026-01-19 00:51:56
1838999521825487230,19,0,19,0,1,1768801720,2026-01-19 00:51:56
ba0a4ada-c9f6-48b4-a7b3-7220f6fb88c2,0,0,0,23,1,1768801723,2026-01-19 00:51:56
66dcfaf6-0aca-11e7-82f6-3863bb44ef7c,5,0,5,13,1,1768801724,2026-01-19 00:51:56
c0c6a931-c1d3-4202-a433-c4127a4cd846,0,0,0,19,1,1768801724,2026-01-19 00:51:56
e1886e7a-62b1-4359-9835-8ab5a16371ae,2,0,2,20,1,1768801731,2026-01-19 00:51:56
1860187181307969634,19,1,18,2,1,1768801730,2026-01-19 00:51:56
1861681121800951962,14,4,10,4,1,1768801731,2026-01-19 00:51:56
66db64d1-0aca-11e7-82f6-3863bb44ef7c,6,3,3,14,1,1768801730,2026-01-19 00:51:56
66db3273-0aca-11e7-82f6-3863bb44ef7c,44,37,7,5,1,1768801724,2026-01-19 00:51:56
66dbb869-0aca-11e7-82f6-3863bb44ef7c,10,6,4,11,1,1768801725,2026-01-19 00:51:56
ca4e4962-2169-4559-8f60-b05ab7809750,15,7,8,17,1,1768801725,2026-01-19 00:51:56
66dda55f-0aca-11e7-82f6-3863bb44ef7c,21,7,14,10,1,1768801725,2026-01-19 00:51:56
9a52fbc1-d87a-4a65-941d-12fd55dbcdde,19,1,18,1,1,1768801725,2026-01-19 00:51:56
66de2a00-0aca-11e7-82f6-3863bb44ef7c,21,7,14,13,1,1768801726,2026-01-19 00:51:56
53e30d38-a110-42b4-a8f9-ca801a847ac7,44,34,10,0,1,1768801726,2026-01-19 00:51:56
e5b2a7ce-d867-465b-8446-743e00617068,1,1,0,18,1,1768801726,2026-01-19 00:51:56
1899178885660253096,24,18,6,0,1,1768801726,2026-01-19 00:51:56
1856766912456610780,3,2,1,22,1,1768801728,2026-01-19 00:51:56
1869439561831725810,2,0,2,23,1,1768801728,2026-01-19 00:51:56
d7904cd0-4b1b-47d0-8103-937bcf5ff845,9,5,4,7,1,1768801729,2026-01-19 00:51:56
66dd039b-0aca-11e7-82f6-3863bb44ef7c,14,9,5,14,1,1768801727,2026-01-19 00:51:56
66db4671-0aca-11e7-82f6-3863bb44ef7c,37,33,4,7,1,1768801729,2026-01-19 00:51:56
d3433b47-99a7-4b21-9fa7-d7052bb5c23b,1,0,1,14,1,1768801730,2026-01-19 00:51:56
4c3b6e25-b0c2-4a3f-b07e-cd60cd1b0ac0,1,1,0,15,1,1768801732,2026-01-19 00:51:56
ad41e353-033e-484f-8d76-78014e11e9d7,7,3,4,9,1,1768801733,2026-01-19 00:51:56
344b52b0-73a9-4fe3-9132-23d0502dc0ae,1,0,1,18,1,1768801731,2026-01-19 00:51:56
b608193c-46ae-4b61-9e7a-4671e7c3b96e,2,0,2,17,1,1768801731,2026-01-19 00:51:56
35a5b4d6-2d90-4b60-b68b-03bb60fb1afc,12,10,2,6,1,1768801732,2026-01-19 00:51:56
dfad8e49-7e1b-4376-90b4-7a449319f294,7,5,2,14,1,1768801737,2026-01-19 00:51:56
c809158b-ca8f-4a77-a800-8ee9d287c056,3,2,1,13,1,1768801737,2026-01-19 00:51:56
1843486464469891376,1,1,0,17,1,1768801734,2026-01-19 00:51:56
d6834194-029d-4e2d-83b0-ee78ab5acda2,11,0,11,5,1,1768801734,2026-01-19 00:51:56
de6f4206-3aa9-4cb9-aae0-8547d2cd6854,20,0,20,0,1,1768801734,2026-01-19 00:51:56
42032bf9-4599-4035-bc01-c80bec1a7122,7,2,5,11,1,1768801735,2026-01-19 00:51:56
66de2b97-0aca-11e7-82f6-3863bb44ef7c,33,31,2,5,1,1768801735,2026-01-19 00:51:56
e4645d0d-8b76-4c46-b2b9-be25592e0659,12,8,4,11,1,1768801733,2026-01-19 00:51:56
1846086138339179502,14,6,8,8,1,1768801735,2026-01-19 00:51:56
a3e2b360-f050-48ea-b8c8-57d897b8f7fc,0,0,0,17,1,1768801736,2026-01-19 00:51:56
74feba30-26a5-4949-b3a0-d6e13ba1a20c,3,1,2,15,1,1768801736,2026-01-19 00:51:56
1860188907884823208,3,1,2,16,1,1768801736,2026-01-19 00:51:56
844c68cc-19f0-474a-86d3-4af170117aae,2,2,0,19,1,1768801737,2026-01-19 00:51:56
66dc252e-0aca-11e7-82f6-3863bb44ef7c,29,20,9,5,1,1768801737,2026-01-19 00:51:56
2126579471787670468,10,4,6,12,1,1768801735,2026-01-19 00:51:56
787fe4b2-6029-4f71-917e-892479d8d64e,8,1,7,10,1,1768801740,2026-01-19 00:51:56
ca4795a2-6ab3-4597-bf59-f0155ac1637c,30,5,25,36,1,1768801740,2026-01-19 00:51:56
66db7a71-0aca-11e7-82f6-3863bb44ef7c,11,11,0,26,1,1768801742,2026-01-19 00:51:56
a1acdab2-29c7-4956-8b2e-24b39dc2ff13,9,2,7,48,1,1768801742,2026-01-19 00:51:56
1846085626867634660,6,3,3,15,1,1768801742,2026-01-19 00:51:56
66dd546c-0aca-11e7-82f6-3863bb44ef7c,2,0,2,16,1,1768801742,2026-01-19 00:51:56
2f656bc4-7743-4326-8330-a22bd41d9d17,29,8,21,9,1,1768801742,2026-01-19 00:51:56
1964061627836181486,8,5,3,75,1,1768801743,2026-01-19 00:51:56
ebfafca3-5818-4e6f-8374-98f44a0ca0c6,1,0,1,25,1,1768801738,2026-01-19 00:51:56
1b22c037-207d-454a-90aa-8f22d0a8a7e3,21,4,17,0,1,1768801738,2026-01-19 00:51:56
cac843c2-8b21-47bb-a3b9-712f95d7f7aa,18,2,16,0,1,1768801738,2026-01-19 00:51:56
821b19c1-ab13-4482-9580-770288a377a7,2,2,0,40,1,1768801739,2026-01-19 00:51:56
f001fac9-5f19-451e-a752-afde574a8c81,0,0,0,17,1,1768801739,2026-01-19 00:51:56
1814900632709495794,12,2,10,9,1,1768801741,2026-01-19 00:51:56
1854538169357726138,4,4,0,13,1,1768801741,2026-01-19 00:51:56
44a80c48-c1a9-4ff1-92eb-6bf8be492f5e,10,8,2,9,1,1768801741,2026-01-19 00:51:56
1932126716328112534,21,8,13,3,1,1768801742,2026-01-19 00:51:56
66dc4599-0aca-11e7-82f6-3863bb44ef7c,20,11,9,3,1,1768801742,2026-01-19 00:51:56
f91170e6-a33c-4870-94da-9d51510515d2,4,1,3,13,1,1768801748,2026-01-19 00:51:56
1841240663447542046,2,2,0,15,1,1768801748,2026-01-19 00:51:56
90c35466-db3c-4b0d-993e-6e92883773b4,37,17,20,33,1,1768801749,2026-01-19 00:51:56
db41cc62-86ea-4421-bfaf-9b6511cfee10,0,0,0,30,1,1768801743,2026-01-19 00:51:56
1893622839585237496,11,9,2,61,1,1768801743,2026-01-19 00:51:56
6f21be51-6fde-4cde-b1db-b102a5f67300,18,0,18,1,1,1768801743,2026-01-19 00:51:56
8fa2fafb-fa07-48b2-b159-bffbea7176d4,3,3,0,16,1,1768801743,2026-01-19 00:51:56
b9d3134b-697f-4a0f-b90f-d95f6c69ffda,12,0,12,7,1,1768801744,2026-01-19 00:51:56
2b54cb2c-31be-4620-a13c-0fa72b58c90a,2,2,0,23,1,1768801743,2026-01-19 00:51:56
66de099d-0aca-11e7-82f6-3863bb44ef7c,4,4,0,35,1,1768801747,2026-01-19 00:51:56
2098714441479661752,10,4,6,4,1,1768801748,2026-01-19 00:51:56
66dc76cd-0aca-11e7-82f6-3863bb44ef7c,12,11,1,23,1,1768801748,2026-01-19 00:51:56
2137774972219769002,9,3,6,2,1,1768801744,2026-01-19 00:51:56
36b55a0f-e55d-4849-859a-09b3273fb782,12,0,12,9,1,1768801744,2026-01-19 00:51:56
f3c68cfb-52fd-48c8-b6e5-85c179fee0b3,13,6,7,10,1,1768801745,2026-01-19 00:51:56
8ea09819-cd88-4732-b047-c0549f0b370f,15,3,12,15,1,1768801745,2026-01-19 00:51:56
9b70cbe2-25fc-42f8-b6e6-ac21ef248e4b,2,0,2,16,1,1768801745,2026-01-19 00:51:56
d1138533-504c-4d29-b71c-299e1d31f159,31,7,24,6,1,1768801745,2026-01-19 00:51:56
158e7752-27e2-4912-be0b-eb15405aa096,6,2,4,13,1,1768801746,2026-01-19 00:51:56
625711ba-3b5d-46a7-a8f9-7f4eb17ec1be,3,3,0,20,1,1768801746,2026-01-19 00:51:56
66db2afe-0aca-11e7-82f6-3863bb44ef7c,32,19,13,14,1,1768801746,2026-01-19 00:51:56
66db2d2b-0aca-11e7-82f6-3863bb44ef7c,44,41,3,1,1,1768801746,2026-01-19 00:51:56
1817432104157364846,20,0,20,1,1,1768801746,2026-01-19 00:51:56
2743a950-3a1f-4a58-8fe0-f4105033e0e3,4,2,2,15,1,1768801747,2026-01-19 00:51:56
66db402c-0aca-11e7-82f6-3863bb44ef7c,76,27,49,7,1,1768801750,2026-01-19 00:51:56
28be450b-7878-4495-add2-61afd94f375a,14,7,7,5,1,1768801750,2026-01-19 00:51:56
66dd0808-0aca-11e7-82f6-3863bb44ef7c,2,2,0,22,1,1768801750,2026-01-19 00:51:56
55f6b830-e43e-4227-bfc7-683465236d94,20,9,11,24,1,1768801750,2026-01-19 00:51:56
341730d7-a61d-499d-8c07-fa015f644e54,78,66,12,3,1,1768801755,2026-01-19 00:51:56
1861682444178541220,25,2,23,9,1,1768801755,2026-01-19 00:51:56
0f536c08-dde3-40af-a66d-1fe1e7edecd2,4,1,3,17,1,1768801756,2026-01-19 00:51:56
96878d29-481d-48dc-bcdc-a5f1ce88c76d,7,2,5,12,1,1768801756,2026-01-19 00:51:56
1875672501601550456,3,2,1,15,1,1768801752,2026-01-19 00:51:56
c2800791-1911-4f2b-8fc7-bed280c557c0,40,30,10,3,1,1768801752,2026-01-19 00:51:56
66dcbbfe-0aca-11e7-82f6-3863bb44ef7c,7,3,4,10,1,1768801752,2026-01-19 00:51:56
ce95fbdd-b7d2-46fc-910d-5c170e4b7610,4,1,3,13,1,1768801752,2026-01-19 00:51:56
b516fedb-3ced-4683-8c17-7e5f6dadf04d,19,5,14,15,1,1768801751,2026-01-19 00:51:56
66dd2811-0aca-11e7-82f6-3863bb44ef7c,9,2,7,30,1,1768801751,2026-01-19 00:51:56
66dbeded-0aca-11e7-82f6-3863bb44ef7c,15,7,8,9,1,1768801753,2026-01-19 00:51:56
0109f17a-2378-4500-9648-88bdb31ec612,31,0,31,3,1,1768801754,2026-01-19 00:51:56
df243d7f-e6ae-435c-9895-aecbcff9cada,18,13,5,9,1,1768801754,2026-01-19 00:51:56
2026068766494475116,22,13,9,13,1,1768801755,2026-01-19 00:51:56
66db63f4-0aca-11e7-82f6-3863bb44ef7c,8,1,7,10,1,1768801753,2026-01-19 00:51:56
063e7e78-b810-4a2f-8045-a82a0d69d752,29,25,4,13,1,1768801753,2026-01-19 00:51:56
956e9f8d-d23a-4a0e-bf28-84180e818af7,3,3,0,19,1,1768801752,2026-01-19 00:51:56
1828969323789472168,8,1,7,8,1,1768801751,2026-01-19 00:51:56
67f60e7e-397a-4e47-b7f9-d10bd67133b3,2,2,0,47,1,1768801753,2026-01-19 00:51:56
0e003543-3656-448f-8a93-029d265f2e26,26,9,17,7,1,1768801753,2026-01-19 00:51:56
2f580cf9-14e2-4300-ba22-f6d88d0312a5,18,8,10,7,1,1768801760,2026-01-19 00:51:56
a33a2d11-33a5-46ad-a086-5698ac17b7b4,26,4,22,7,1,1768801761,2026-01-19 00:51:56
ad17bd9a-735b-4a11-8ad3-dc7800e342af,23,10,13,13,1,1768801761,2026-01-19 00:51:56
550153a5-2ea1-4c76-b1cd-77667005f55d,20,8,12,6,1,1768801761,2026-01-19 00:51:56
3eed817a-63e5-424b-8ed3-c809db5488f7,44,19,25,10,1,1768801762,2026-01-19 00:51:56
be8e6f1c-e8b5-40bd-896d-423052ba3bbc,16,14,2,0,1,1768801757,2026-01-19 00:51:56
1318e05a-2506-43c6-b49d-4c1f7f69a267,9,8,1,8,1,1768801758,2026-01-19 00:51:56
0b94cc1e-2327-4679-99d9-3b21ddc02051,17,4,13,12,1,1768801758,2026-01-19 00:51:56
e8a6c13b-1f6e-4e6b-bdf8-9b0e597e4a62,8,3,5,27,1,1768801759,2026-01-19 00:51:56
66de186f-0aca-11e7-82f6-3863bb44ef7c,11,2,9,13,1,1768801758,2026-01-19 00:51:56
66db7152-0aca-11e7-82f6-3863bb44ef7c,43,11,32,4,1,1768801757,2026-01-19 00:51:56
66dde8ac-0aca-11e7-82f6-3863bb44ef7c,9,9,0,29,1,1768801759,2026-01-19 00:51:56
66ddee56-0aca-11e7-82f6-3863bb44ef7c,23,13,10,0,1,1768801759,2026-01-19 00:51:56
66dd4b2b-0aca-11e7-82f6-3863bb44ef7c,16,12,4,33,1,1768801760,2026-01-19 00:51:56
2c321ea3-e1dd-4d32-be70-bd158fe1f568,20,0,20,56,1,1768801765,2026-01-19 00:51:56
a4bb6fac-b795-4aa7-a266-613419019290,1,0,1,17,1,1768801765,2026-01-19 00:51:56
66de4594-0aca-11e7-82f6-3863bb44ef7c,16,5,11,10,1,1768801766,2026-01-19 00:51:56
66dc2238-0aca-11e7-82f6-3863bb44ef7c,24,22,2,53,1,1768801766,2026-01-19 00:51:56
66dbbc4a-0aca-11e7-82f6-3863bb44ef7c,18,11,7,8,1,1768801766,2026-01-19 00:51:56
1d167807-0aa8-413a-b7a0-01c2ca8a6a60,7,7,0,14,1,1768801766,2026-01-19 00:51:56
1835247196073118026,12,0,12,6,1,1768801764,2026-01-19 00:51:56
66de482a-0aca-11e7-82f6-3863bb44ef7c,16,2,14,1,1,1768801765,2026-01-19 00:51:56
e34bb92f-6911-449a-999b-5bc80e0322fe,2,1,1,16,1,1768801765,2026-01-19 00:51:56
cc834d78-6eca-450a-ae00-a5ffc6f1a7a6,15,0,15,0,1,1768801768,2026-01-19 00:51:56
66de48f9-0aca-11e7-82f6-3863bb44ef7c,15,2,13,1,1,1768801768,2026-01-19 00:51:56
1862008413697896912,0,0,0,19,1,1768801763,2026-01-19 00:51:56
5c3c345d-1975-400d-a9d8-18815816886e,14,14,0,40,1,1768801763,2026-01-19 00:51:56
66dea674-0aca-11e7-82f6-3863bb44ef7c,3,3,0,17,1,1768801764,2026-01-19 00:51:56
085da8d4-9465-46f0-82d1-10c9c9177d64,2,1,1,15,1,1768801764,2026-01-19 00:51:56
1828965671716082498,14,0,14,4,1,1768801764,2026-01-19 00:51:56
1860189813948384088,19,10,9,6,1,1768801763,2026-01-19 00:51:56
e780c290-0c52-4ab1-9719-a581be789df3,16,14,2,6,1,1768801763,2026-01-19 00:51:56
1845676816555735590,15,5,10,7,1,1768801767,2026-01-19 00:51:56
2119506830683992262,25,19,6,21,1,1768801766,2026-01-19 00:51:56
66de5ace-0aca-11e7-82f6-3863bb44ef7c,10,4,6,10,1,1768801766,2026-01-19 00:51:56
88ee054e-bdeb-4305-8f3b-76eb964f2c84,8,1,7,7,1,1768801766,2026-01-19 00:51:56
dad3b7df-ec40-4d54-bfdb-5e82be84d742,1,0,1,16,1,1768801762,2026-01-19 00:51:56
b4063b76-1abd-465c-96a4-45f6ee016bc5,8,5,3,9,1,1768801763,2026-01-19 00:51:56
d5d589e6-457f-4cd4-bf78-59165dce28b2,18,5,13,7,1,1768801769,2026-01-19 00:51:56
66dded7a-0aca-11e7-82f6-3863bb44ef7c,7,7,0,19,1,1768801769,2026-01-19 00:51:56
7a8b474b-7577-4316-a192-d57576d194a3,1,1,0,19,1,1768801769,2026-01-19 00:51:56
66dcc30b-0aca-11e7-82f6-3863bb44ef7c,5,5,0,10,1,1768801769,2026-01-19 00:51:56
66db7637-0aca-11e7-82f6-3863bb44ef7c,21,13,8,21,1,1768801769,2026-01-19 00:51:56
4dcff9e7-7cb6-4d3d-ad67-c2e4c05933d3,6,1,5,16,1,1768801769,2026-01-19 00:51:56
dc34ba4c-d8e5-4674-a02e-210c950c05c1,0,0,0,25,1,1768801769,2026-01-19 00:51:56
66dc259a-0aca-11e7-82f6-3863bb44ef7c,28,11,17,53,1,1768801772,2026-01-19 00:51:56
96a0b676-e966-4d96-b04b-ceb8149cedcd,7,1,6,9,1,1768801772,2026-01-19 00:51:56
bbaae5d3-7e2b-46a8-872e-152404c664f7,21,0,21,6,1,1768801770,2026-01-19 00:51:56
2104275164415193448,48,11,37,18,1,1768801770,2026-01-19 00:51:56
2143247416766638978,8,8,0,36,1,1768801771,2026-01-19 00:51:56
55fda28d-56a8-4db2-b42a-072714f18471,18,1,17,0,1,1768801771,2026-01-19 00:51:56
66db44e5-0aca-11e7-82f6-3863bb44ef7c,14,4,10,25,1,1768801771,2026-01-19 00:51:56
7603028c-8b04-4918-8a25-a087ce57aea4,8,3,5,23,1,1768801771,2026-01-19 00:51:56
2126274308236524392,3,1,2,9,1,1768801766,2026-01-19 00:51:56
5736cd70-be41-483e-8d82-721874f40e6e,6,5,1,14,1,1768801771,2026-01-19 00:51:56
e2b28abd-07a4-4552-ad17-abf155aff28a,0,0,0,21,1,1768801771,2026-01-19 00:51:56
18846fd4-877c-4971-9b6f-1bd8fbc10346,4,2,2,16,1,1768801771,2026-01-19 00:51:56
3863f086-ae35-4d0e-8c91-2b6e3e5827a1,10,1,9,26,1,1768801771,2026-01-19 00:51:56
8d097a6d-f17c-4195-9dd4-42527b371c71,46,43,3,19,1,1768801772,2026-01-19 00:51:56
66dd448f-0aca-11e7-82f6-3863bb44ef7c,39,38,1,4,1,1768801772,2026-01-19 00:51:56
d9ec5589-c872-46f2-88cd-e54f9c596721,8,1,7,9,1,1768801770,2026-01-19 00:51:56
ccfa8b82-07a7-4a08-88fc-be261c30a4ca,5,3,2,17,1,1768801771,2026-01-19 00:51:56
1786697003367719132,35,2,33,2,1,1768801772,2026-01-19 00:51:56
45e8c326-b12d-4be6-b040-bb6de9986d25,9,1,8,10,1,1768801777,2026-01-19 00:51:56
648e09b6-95c2-40d3-9dac-a43f22eccf38,1,1,0,23,1,1768801778,2026-01-19 00:51:56
1786696384892428996,4,3,1,16,1,1768801778,2026-01-19 00:51:56
1786375069262703476,25,7,18,2,1,1768801777,2026-01-19 00:51:56
66dce567-0aca-11e7-82f6-3863bb44ef7c,13,9,4,5,1,1768801778,2026-01-19 00:51:56
1869753812884512816,10,7,3,10,1,1768801778,2026-01-19 00:51:56
66ddede1-0aca-11e7-82f6-3863bb44ef7c,18,14,4,12,1,1768801778,2026-01-19 00:51:56
66dc192f-0aca-11e7-82f6-3863bb44ef7c,8,1,7,13,1,1768801778,2026-01-19 00:51:56
66db3606-0aca-11e7-82f6-3863bb44ef7c,46,45,1,11,1,1768801775,2026-01-19 00:51:56
cd118a8f-a7d1-4b7a-a6d3-d9e875cb29df,12,9,3,13,1,1768801776,2026-01-19 00:51:56
b0cc08dc-e7dd-48d1-8901-ba496f3ff2f5,31,28,3,8,1,1768801773,2026-01-19 00:51:56
305c221f-4e0b-4a5a-902c-3d1043dfe606,5,1,4,13,1,1768801773,2026-01-19 00:51:56
1860190006584693708,3,0,3,10,1,1768801773,2026-01-19 00:51:56
66dd4b91-0aca-11e7-82f6-3863bb44ef7c,16,15,1,23,1,1768801773,2026-01-19 00:51:56
1e6c5d0c-f406-4b60-88f6-6284a38d3930,1,1,0,15,1,1768801774,2026-01-19 00:51:56
901cab1a-a77e-424e-b602-16883e792f93,4,1,3,11,1,1768801774,2026-01-19 00:51:56
9d95a4a9-bcfe-4189-bb7d-abd9992ecbaf,16,5,11,0,1,1768801774,2026-01-19 00:51:56
66dc2bc5-0aca-11e7-82f6-3863bb44ef7c,3,2,1,104,1,1768801761,2026-01-19 00:51:56
1828967830172187422,3,0,3,24,1,1768801775,2026-01-19 00:51:56
66de5613-0aca-11e7-82f6-3863bb44ef7c,64,9,55,9,1,1768801776,2026-01-19 00:51:56
2123940148896639644,5,5,0,4,1,1768801777,2026-01-19 00:51:56
66dc2172-0aca-11e7-82f6-3863bb44ef7c,4,2,2,76,1,1768801777,2026-01-19 00:51:56
1869851741257474316,24,0,24,1,1,1768801782,2026-01-19 00:51:56
1836581534415880440,7,3,4,17,1,1768801782,2026-01-19 00:51:56
15cb007b-bfca-4ad7-bfc6-44bf3d36785a,26,0,26,1,1,1768801783,2026-01-19 00:51:56
7a725e59-49be-4c1d-9c3d-3b3a8ed1232f,2,1,1,20,1,1768801783,2026-01-19 00:51:56
1875433315773395778,8,4,4,22,1,1768801782,2026-01-19 00:51:56
85b77b8d-32b8-4049-a407-64319916e2c5,3,2,1,13,1,1768801783,2026-01-19 00:51:56
1851674145014649512,6,0,6,20,1,1768801784,2026-01-19 00:51:56
3c135a2e-eeea-4e81-9c0a-8d14a6049198,17,6,11,2,1,1768801783,2026-01-19 00:51:56
18fcd2c1-dc8b-4a52-9f18-e9b9003bbea5,41,32,9,11,1,1768801784,2026-01-19 00:51:56
9ea2afff-a146-4824-89b6-39d5bdfac795,11,10,1,8,1,1768801785,2026-01-19 00:51:56
8b1222da-612f-4482-ab34-9467c4ed28e3,5,1,4,16,1,1768801779,2026-01-19 00:51:56
66dd1846-0aca-11e7-82f6-3863bb44ef7c,40,19,21,7,1,1768801780,2026-01-19 00:51:56
fa14408f-6e88-4668-86ee-ce10ea707f36,62,27,35,2,1,1768801780,2026-01-19 00:51:56
fd081854-3f37-420a-9785-ea63c09c12ad,2,0,2,17,1,1768801780,2026-01-19 00:51:56
eb41a103-0196-4f19-a440-256167191a7d,1,1,0,15,1,1768801780,2026-01-19 00:51:56
59ad8f95-32a4-43de-b1c3-79c667b2d2df,7,0,7,19,1,1768801780,2026-01-19 00:51:56
a58ff2e3-a5ae-4070-a26d-ddfe8cc6fc58,14,11,3,9,1,1768801780,2026-01-19 00:51:56
d47c856e-8cda-4da0-b8eb-1ccf0e6ef7ab,6,0,6,21,1,1768801785,2026-01-19 00:51:56
66db2fd0-0aca-11e7-82f6-3863bb44ef7c,24,12,12,7,1,1768801785,2026-01-19 00:51:56
66dbe8d6-0aca-11e7-82f6-3863bb44ef7c,12,6,6,39,1,1768801785,2026-01-19 00:51:56
361dd964-db79-47dd-b044-eac88c735249,0,0,0,18,1,1768801781,2026-01-19 00:51:56
d7632897-a6eb-4f8f-9ab2-c66426620fbf,8,0,8,7,1,1768801781,2026-01-19 00:51:56
2124382079594320876,8,4,4,6,1,1768801781,2026-01-19 00:51:56
1848242058183072050,18,5,13,3,1,1768801781,2026-01-19 00:51:56
e58234a3-5b23-427e-948f-c1e4571b2bfa,3,2,1,54,1,1768801781,2026-01-19 00:51:56
bc346753-b68a-4cb3-b93f-b0be68227eae,18,4,14,1,1,1768801782,2026-01-19 00:51:56
94f77501-32e5-4539-90c6-82d4198f7991,8,8,0,14,1,1768801782,2026-01-19 00:51:56
1f872052-38c4-4701-96c4-c363de51c2b5,17,4,13,40,1,1768801782,2026-01-19 00:51:56
1828967607558607844,0,0,0,18,1,1768801782,2026-01-19 00:51:56
d8673258-9513-4ed2-86bf-bef62e7e4e30,3,3,0,13,1,1768801785,2026-01-19 00:51:56
66dc7cc3-0aca-11e7-82f6-3863bb44ef7c,6,4,2,33,1,1768801788,2026-01-19 00:51:56
3c6c0d12-80dd-4c49-b7c5-e3549588b8cf,13,4,9,14,1,1768801788,2026-01-19 00:51:56
5dc8ddac-979e-4ae5-b879-3670cca7482d,16,8,8,4,1,1768801788,2026-01-19 00:51:56
66de2556-0aca-11e7-82f6-3863bb44ef7c,17,5,12,62,1,1768801787,2026-01-19 00:51:56
e612122d-e0fd-4ebf-8d51-0f48f9d1b580,17,12,5,5,1,1768801787,2026-01-19 00:51:56
bbb48e80-7d2f-4b3c-bb8c-591bc931945a,14,11,3,4,1,1768801788,2026-01-19 00:51:56
c63e9937-cadb-4813-aee3-5fd3fcc93767,4,4,0,15,1,1768801786,2026-01-19 00:51:56
f4f9a09c-010c-430c-a766-3390c44b4962,0,0,0,16,1,1768801786,2026-01-19 00:51:56
a2f71eea-05a2-4fe7-99ab-f74535c880ae,10,7,3,14,1,1768801786,2026-01-19 00:51:56
1884688942632618210,19,19,0,5,1,1768801789,2026-01-19 00:51:56
61647ec6-dfd6-4d1c-8800-d488d390c627,26,24,2,6,1,1768801789,2026-01-19 00:51:56
66dd1585-0aca-11e7-82f6-3863bb44ef7c,36,14,22,3,1,1768801789,2026-01-19 00:51:56
1861271680294357158,15,6,9,7,1,1768801790,2026-01-19 00:51:56
5780ae63-54e5-48e3-a00c-9c403cb75401,10,0,10,11,1,1768801790,2026-01-19 00:51:56
0c106e83-c47a-4233-b5e4-62bbb75d0bed,1,1,0,16,1,1768801790,2026-01-19 00:51:56
9a40cb60-6ede-4c9e-9d64-dc55cae57f31,2,2,0,25,1,1768801790,2026-01-19 00:51:56
284b08f2-3d26-4f52-9463-25e4a07c16f7,17,2,15,7,1,1768801790,2026-01-19 00:51:56
61bc2467-aa8c-4386-ba9e-3f01120bd6b8,1,1,0,18,1,1768801790,2026-01-19 00:51:56
26176e86-8362-4c91-a693-6aa3f9ce0b73,4,3,1,14,1,1768801790,2026-01-19 00:51:56
5db1fefa-0f10-4c58-a7ce-113f3164ced8,14,8,6,4,1,1768801789,2026-01-19 00:51:56
66de08c9-0aca-11e7-82f6-3863bb44ef7c,13,2,11,8,1,1768801789,2026-01-19 00:51:56
62089e99-7f73-4f59-816d-57f9793484a1,7,2,5,13,1,1768801786,2026-01-19 00:51:56
141eb0e0-e78d-411a-a0be-202a6424cc93,12,1,11,11,1,1768801787,2026-01-19 00:51:56
66de5e5b-0aca-11e7-82f6-3863bb44ef7c,10,9,1,32,1,1768801787,2026-01-19 00:51:56
66de867e-0aca-11e7-82f6-3863bb44ef7c,8,7,1,23,1,1768801788,2026-01-19 00:51:56
36edabac-a0c2-471b-abaf-73fdb53a4e5f,1,0,1,18,1,1768801788,2026-01-19 00:51:56
66db5c14-0aca-11e7-82f6-3863bb44ef7c,11,8,3,13,1,1768801794,2026-01-19 00:51:56
6a9b19e3-cd69-4e0c-9b28-1889db936c7c,4,3,1,15,1,1768801795,2026-01-19 00:51:56
9092515e-eef6-478f-910f-1cd19d06bebb,12,11,1,21,1,1768801791,2026-01-19 00:51:56
be2bdee1-e3e9-45cc-94f0-2ba81a722ba3,12,8,4,6,1,1768801791,2026-01-19 00:51:56
c0e0e578-8ce8-4c9d-be47-b902d8a41050,1,1,0,17,1,1768801791,2026-01-19 00:51:56
1860188194745712748,13,0,13,8,1,1768801791,2026-01-19 00:51:56
582cd775-0178-47f5-b707-6d5869f077ba,11,1,10,20,1,1768801791,2026-01-19 00:51:56
66dbe848-0aca-11e7-82f6-3863bb44ef7c,93,69,24,24,1,1768801792,2026-01-19 00:51:56
9c147c77-11da-4d0b-8a21-a8042ec8031b,3,0,3,15,1,1768801791,2026-01-19 00:51:56
dd351a72-4241-4275-843d-0fffa8a1f414,10,4,6,14,1,1768801792,2026-01-19 00:51:56
2124037775602344266,5,2,3,10,1,1768801792,2026-01-19 00:51:56
66db8d89-0aca-11e7-82f6-3863bb44ef7c,30,25,5,22,1,1768801792,2026-01-19 00:51:56
1861682702044957494,12,11,1,7,1,1768801792,2026-01-19 00:51:56
1869753195262578852,2,0,2,13,1,1768801790,2026-01-19 00:51:56
1064b4b0-e9c8-4139-ac48-f118305dbe69,3,3,0,20,1,1768801791,2026-01-19 00:51:56
66db74a5-0aca-11e7-82f6-3863bb44ef7c,37,5,32,5,1,1768801791,2026-01-19 00:51:56
1828967027013302842,9,3,6,9,1,1768801791,2026-01-19 00:51:56
724aeecc-8c91-4afc-b97c-72a98de452c9,2,0,2,15,1,1768801793,2026-01-19 00:51:56
a8560d28-9ee1-4af4-9180-7e9c4dd0d147,9,1,8,7,1,1768801793,2026-01-19 00:51:56
66db40ef-0aca-11e7-82f6-3863bb44ef7c,44,41,3,12,1,1768801793,2026-01-19 00:51:56
66dbc60f-0aca-11e7-82f6-3863bb44ef7c,8,7,1,0,1,1768801794,2026-01-19 00:51:56
66dc8f1f-0aca-11e7-82f6-3863bb44ef7c,32,9,23,22,1,1768801793,2026-01-19 00:51:56
4b67c6e0-d603-4fbc-afbe-0b8952f4f7af,10,0,10,25,1,1768801794,2026-01-19 00:51:56
e0b80983-c520-47e3-9c8d-a17fff5e5582,15,0,15,5,1,1768801793,2026-01-19 00:51:56
2127386446510160022,4,4,0,16,1,1768801793,2026-01-19 00:51:56
c3d5f47f-cfc3-4c1f-86bb-bcf770d2949b,12,2,10,13,1,1768801793,2026-01-19 00:51:56
1828966363527611286,13,1,12,6,1,1768801793,2026-01-19 00:51:56
1828968794479100296,6,0,6,12,1,1768801792,2026-01-19 00:51:56
062ffe5a-aa91-412d-8210-23d562c7e7f8,1,1,0,17,1,1768801792,2026-01-19 00:51:56
0dc63044-e19c-474d-9df1-c3e504d03b07,10,8,2,35,1,1768801791,2026-01-19 00:51:56
d33261e6-600e-4756-ad03-a9facbd8ace1,12,0,12,9,1,1768801796,2026-01-19 00:51:56
594b4656-9d83-4301-8967-3b92c126531c,22,14,8,0,1,1768801796,2026-01-19 00:51:56
66dcf0b3-0aca-11e7-82f6-3863bb44ef7c,11,4,7,16,1,1768801796,2026-01-19 00:51:56
002e6e9f-ced2-47b0-bc7e-ccf38c3b4b0f,7,2,5,13,1,1768801796,2026-01-19 00:51:56
122111c9-9a61-4372-a756-fb2495611cb6,3,3,0,16,1,1768801796,2026-01-19 00:51:56
83d1ff16-ba56-4eae-aa6a-b37b6439db82,5,0,5,23,1,1768801796,2026-01-19 00:51:56
1947367330341251364,15,15,0,6,1,1768801796,2026-01-19 00:51:56
6076e321-85d8-4e0e-ae18-86bb8cbbda1b,17,0,17,2,1,1768801796,2026-01-19 00:51:56
668ef22c-4665-4f42-bf6a-ab9e8a2899b1,14,5,9,8,1,1768801796,2026-01-19 00:51:56
93c28953-7e65-436e-9c5a-9d7ca0e3729f,4,3,1,15,1,1768801797,2026-01-19 00:51:56
993fc83f-52c6-43f4-bb49-4abe4ad48150,7,7,0,14,1,1768801797,2026-01-19 00:51:56
9c1c3499-1b11-471f-b59a-87d9e27e15c5,0,0,0,21,1,1768801797,2026-01-19 00:51:56
1954806962718223342,43,26,17,1,1,1768801797,2026-01-19 00:51:56
66dbf4ac-0aca-11e7-82f6-3863bb44ef7c,19,10,9,23,1,1768801797,2026-01-19 00:51:56
66dde197-0aca-11e7-82f6-3863bb44ef7c,24,18,6,16,1,1768801797,2026-01-19 00:51:56
1869439368558197224,10,3,7,11,1,1768801797,2026-01-19 00:51:56
9e5fd5b6-c5f2-4694-9406-a44b7d0146d9,32,14,18,3,1,1768801798,2026-01-19 00:51:56
66dcc5ca-0aca-11e7-82f6-3863bb44ef7c,0,0,0,0,1,1768801799,2026-01-19 00:51:56
d9ea5210-50b3-4342-9801-f896bd21f4a1,2,2,0,19,1,1768801798,2026-01-19 00:51:56
66dd491c-0aca-11e7-82f6-3863bb44ef7c,10,9,1,25,1,1768801798,2026-01-19 00:51:56
3d339282-d5c7-41ec-b634-6a988aefd440,6,2,4,11,1,1768801798,2026-01-19 00:51:56
66dc8b6a-0aca-11e7-82f6-3863bb44ef7c,42,7,35,8,1,1768801799,2026-01-19 00:51:56
547cdccc-7864-4898-97c9-8798d924ef54,53,22,31,12,1,1768801798,2026-01-19 00:51:56
66dc4b4c-0aca-11e7-82f6-3863bb44ef7c,5,4,1,54,1,1768801799,2026-01-19 00:51:56
aa8fc8b7-b66c-41d9-9885-30b8af599378,0,0,0,0,0,86400,2026-01-19 00:51:56
308e055a-b8aa-447d-8803-8677c88af0ba,0,0,0,0,0,86400,2026-01-19 00:51:56
1906248765431831024,0,0,0,0,0,86400,2026-01-19 00:51:56
067d5007-bda5-4697-b0a2-ccc2837f295c,0,0,0,0,0,86400,2026-01-19 00:51:56
66db316a-0aca-11e7-82f6-3863bb44ef7c,0,0,0,0,0,86400,2026-01-19 00:51:56
1954778813955578360,0,0,0,0,0,86400,2026-01-19 00:51:56
2171904301452603832,0,0,0,0,0,86400,2026-01-19 00:51:56
2124037384760320326,0,0,0,0,0,86400,2026-01-19 00:51:56
c1c33a35-751f-4dd6-baef-82db46f7ab46,0,0,0,0,0,86400,2026-01-19 00:51:56
66dc78c4-0aca-11e7-82f6-3863bb44ef7c,0,0,0,18,0,1768767862,2026-01-19 00:51:56
2126274178538511162,8,2,6,3,1,1768801655,2026-01-19 00:51:56
09a0c507-7cda-4f3f-9988-78de0baa28e4,7,4,3,9,1,1768801680,2026-01-19 00:51:56
6661108f-28eb-4671-ad0c-36a311d325aa,5,0,5,11,1,1768801681,2026-01-19 00:51:56
c1144380-c1ac-4315-9b1a-4b4e870ac688,3,3,0,16,1,1768801681,2026-01-19 00:51:56
66de4408-0aca-11e7-82f6-3863bb44ef7c,8,8,0,15,1,1768801683,2026-01-19 00:51:56
66db30e0-0aca-11e7-82f6-3863bb44ef7c,18,16,2,73,1,1768801677,2026-01-19 00:51:56
348c5e65-cbc3-4da6-9856-fc253a0ba546,41,36,5,11,1,1768801677,2026-01-19 00:51:56
1862787990429630662,5,4,1,13,1,1768801678,2026-01-19 00:51:56
febf420f-bbec-4044-a3af-69959e018ccb,9,9,0,10,1,1768801681,2026-01-19 00:51:56
1975518396279321266,60,51,9,9,1,1768801682,2026-01-19 00:51:56
b9970fb5-176c-4a66-8772-6d76c4b6245a,4,0,4,14,1,1768801680,2026-01-19 00:51:56
66db3f01-0aca-11e7-82f6-3863bb44ef7c,27,7,20,22,1,1768801680,2026-01-19 00:51:56
74a1dc19-f894-4246-99f1-476a92452995,8,3,5,18,1,1768801679,2026-01-19 00:51:56
66dbce8a-0aca-11e7-82f6-3863bb44ef7c,52,17,35,9,1,1768801678,2026-01-19 00:51:56
acfeadeb-73bb-4ec3-b809-78675b01af74,3,1,2,17,1,1768801678,2026-01-19 00:51:56
9789dc0f-1eb6-4830-bda9-1ce5f1413e19,1,1,0,16,1,1768801678,2026-01-19 00:51:56
a04bf523-3c76-4fad-88bf-e99037f9b796,15,2,13,4,1,1768801678,2026-01-19 00:51:56
311269f4-53dc-4f83-b26b-ecb6e8e160ed,2,2,0,17,1,1768801679,2026-01-19 00:51:56
61be9a4a-737c-413a-9b72-d47b28a366d5,12,5,7,8,1,1768801679,2026-01-19 00:51:56
1862788101231526152,17,8,9,10,1,1768801686,2026-01-19 00:51:56
2053884382031338034,1,0,1,43,1,1768801689,2026-01-19 00:51:56
05b9e7cd-f3a2-4d48-b7c4-f5fbe09d9de3,10,5,5,16,1,1768801689,2026-01-19 00:51:56
66dd42eb-0aca-11e7-82f6-3863bb44ef7c,12,12,0,50,1,1768801689,2026-01-19 00:51:56
66de871c-0aca-11e7-82f6-3863bb44ef7c,2,0,2,55,1,1768801688,2026-01-19 00:51:56
d07790cd-1acd-4f74-b5f1-3d70f8a8a526,4,1,3,18,1,1768801688,2026-01-19 00:51:56
0f9423bd-98dd-4919-b6e3-28880ff7ecca,2,2,0,16,1,1768801688,2026-01-19 00:51:56
1945126147213275898,12,4,8,10,1,1768801684,2026-01-19 00:51:56
aba6e644-3ac8-4cdc-9bc6-763e9d82dee9,6,0,6,14,1,1768801685,2026-01-19 00:51:56
968d40e0-2a5b-4f6c-a161-fad1631b609b,5,5,0,9,1,1768801687,2026-01-19 00:51:56
66dd49eb-0aca-11e7-82f6-3863bb44ef7c,12,7,5,17,1,1768801687,2026-01-19 00:51:56
6db97fde-68ae-4d2b-b121-b7c17838bbe7,0,0,0,18,1,1768801687,2026-01-19 00:51:56
1828968611856235508,2,1,1,14,1,1768801690,2026-01-19 00:51:56
66dd40dd-0aca-11e7-82f6-3863bb44ef7c,28,26,2,4,1,1768801690,2026-01-19 00:51:56
66db29e6-0aca-11e7-82f6-3863bb44ef7c,9,6,3,9,1,1768801685,2026-01-19 00:51:56
66de1295-0aca-11e7-82f6-3863bb44ef7c,20,8,12,0,1,1768801692,2026-01-19 00:51:56
91ca68bd-5ac1-470b-a26d-1ec98ea9cca4,20,2,18,2,1,1768801692,2026-01-19 00:51:56
66de5a47-0aca-11e7-82f6-3863bb44ef7c,13,7,6,19,1,1768801692,2026-01-19 00:51:56
66db4158-0aca-11e7-82f6-3863bb44ef7c,30,24,6,7,1,1768801692,2026-01-19 00:51:56
66ddeca9-0aca-11e7-82f6-3863bb44ef7c,13,1,12,3,1,1768801693,2026-01-19 00:51:56
fbee1143-e93f-418d-b6bc-8fde4a9a8746,19,3,16,24,1,1768801693,2026-01-19 00:51:56
66ddb41c-0aca-11e7-82f6-3863bb44ef7c,20,5,15,15,1,1768801694,2026-01-19 00:51:56
66db6e49-0aca-11e7-82f6-3863bb44ef7c,4,0,4,42,1,1768801691,2026-01-19 00:51:56
b3c8aaaf-6e1c-4f56-9391-b79e883b8009,1,0,1,22,1,1768801691,2026-01-19 00:51:56
1834145064843958330,12,1,11,7,1,1768801691,2026-01-19 00:51:56
17c45d34-0d8d-46ba-9078-e9a2a7c5867c,0,0,0,26,1,1768801691,2026-01-19 00:51:56
27c71510-d515-4add-b660-6efd6f225cd1,19,15,4,6,1,1768801691,2026-01-19 00:51:56
66dd52c8-0aca-11e7-82f6-3863bb44ef7c,13,12,1,26,1,1768801694,2026-01-19 00:51:56
3bdd81c8-3112-45e6-ae72-11a3f4fa5921,9,9,0,15,1,1768801695,2026-01-19 00:51:56
66dc86d9-0aca-11e7-82f6-3863bb44ef7c,48,1,47,16,1,1768801694,2026-01-19 00:51:56
d5ca6311-7471-480f-9c79-38baaafe34ba,8,6,2,18,1,1768801692,2026-01-19 00:51:56
9341ee1c-d456-4858-a451-70cbbd73d084,10,0,10,17,1,1768801693,2026-01-19 00:51:56
66dcc65c-0aca-11e7-82f6-3863bb44ef7c,1,0,1,15,1,1768801698,2026-01-19 00:51:56
0096fecb-3a56-4585-9204-aa9554f7bc49,17,5,12,28,1,1768801699,2026-01-19 00:51:56
454b4a83-d0b1-42a2-8163-261e2a9d6ab9,8,7,1,70,1,1768801699,2026-01-19 00:51:56
1836581714456697424,11,4,7,12,1,1768801700,2026-01-19 00:51:56
88bf1344-354f-4699-bdbd-1c2584fc41ee,30,6,24,5,1,1768801702,2026-01-19 00:51:56
05969d95-8a64-4007-abf1-afb847f2d426,13,7,6,10,1,1768801701,2026-01-19 00:51:56
6fcad2af-c3e2-47a4-8942-023ae4047e67,16,11,5,1,1,1768801701,2026-01-19 00:51:56
7e7d974c-a6ec-4d9a-b4ed-01a4d2056d8b,1,0,1,17,1,1768801702,2026-01-19 00:51:56
1817433126359581672,11,2,9,11,1,1768801701,2026-01-19 00:51:56
66dbf442-0aca-11e7-82f6-3863bb44ef7c,18,10,8,60,1,1768801696,2026-01-19 00:51:56
66dc4bd9-0aca-11e7-82f6-3863bb44ef7c,96,84,12,2,1,1768801695,2026-01-19 00:51:56
66de1448-0aca-11e7-82f6-3863bb44ef7c,14,10,4,14,1,1768801700,2026-01-19 00:51:56
42bf7170-61ab-44a0-aafe-1b89d7271718,13,9,4,15,1,1768801699,2026-01-19 00:51:56
66de1af4-0aca-11e7-82f6-3863bb44ef7c,16,12,4,16,1,1768801699,2026-01-19 00:51:56
9505c2b7-0c3a-4791-8471-d2092a86291f,18,0,18,3,1,1768801700,2026-01-19 00:51:56
1ddadf67-ae08-4e86-bdda-236629b9eabd,17,8,9,8,1,1768801703,2026-01-19 00:51:56
66db4351-0aca-11e7-82f6-3863bb44ef7c,47,22,25,29,1,1768801703,2026-01-19 00:51:56
66dbf73d-0aca-11e7-82f6-3863bb44ef7c,31,25,6,3,1,1768801706,2026-01-19 00:51:56
88c1303b-3349-4591-bf08-c7e40cf3537a,16,1,15,29,1,1768801706,2026-01-19 00:51:56
66dccd65-0aca-11e7-82f6-3863bb44ef7c,18,0,18,7,1,1768801706,2026-01-19 00:51:56
66dd4051-0aca-11e7-82f6-3863bb44ef7c,11,7,4,38,1,1768801707,2026-01-19 00:51:56
66dba0ba-0aca-11e7-82f6-3863bb44ef7c,12,4,8,25,1,1768801705,2026-01-19 00:51:56
66dd4de9-0aca-11e7-82f6-3863bb44ef7c,1,0,1,53,1,1768801705,2026-01-19 00:51:56
672d71ab-2c23-4bd2-9ed2-34e54aa4b5b5,3,2,1,12,1,1768801705,2026-01-19 00:51:56
1e226f22-034f-4b99-8184-a8eaa591fbd8,35,21,14,12,1,1768801704,2026-01-19 00:51:56
cae4f2f4-9642-474c-95cc-6cc07592f120,11,7,4,21,1,1768801704,2026-01-19 00:51:56
1860187692409078310,4,0,4,18,1,1768801707,2026-01-19 00:51:56
1860189426558126796,7,0,7,14,1,1768801709,2026-01-19 00:51:56
66dc0d3a-0aca-11e7-82f6-3863bb44ef7c,7,2,5,10,1,1768801710,2026-01-19 00:51:56
66dd470b-0aca-11e7-82f6-3863bb44ef7c,23,12,11,23,1,1768801710,2026-01-19 00:51:56
66dcbefb-0aca-11e7-82f6-3863bb44ef7c,9,3,6,8,1,1768801710,2026-01-19 00:51:56
2a47ef14-1cbe-4ec6-841d-cc277627fe20,24,18,6,6,1,1768801711,2026-01-19 00:51:56
7dcc5a03-5997-4250-9207-fa8b6f027c86,16,7,9,12,1,1768801711,2026-01-19 00:51:56
add829db-2feb-4e81-af61-056791a6e53b,15,13,2,13,1,1768801711,2026-01-19 00:51:56
c04cef84-3fcd-4fd9-9e40-8e07453dbe19,2,0,2,13,1,1768801708,2026-01-19 00:51:56
66dc7957-0aca-11e7-82f6-3863bb44ef7c,41,31,10,35,1,1768801708,2026-01-19 00:51:56
cdb6e2aa-4da3-4ed7-9b13-ce626addf6b0,18,13,5,32,1,1768801709,2026-01-19 00:51:56
9157a3bc-43fa-4221-8bb8-17273fc09540,21,13,8,3,1,1768801711,2026-01-19 00:51:56
db02e1ea-acc1-4f45-8e3c-d37468b0b5a6,8,3,5,10,1,1768801711,2026-01-19 00:51:56
d873e463-2dc9-4bf8-86c7-fea8ddaa3a9f,5,5,0,12,1,1768801713,2026-01-19 00:51:56
1835249964093653018,3,1,2,20,1,1768801713,2026-01-19 00:51:56
e35494b4-5811-4d2a-87de-4430e56bce2d,0,0,0,18,1,1768801718,2026-01-19 00:51:56
c05cd2e2-74e8-4526-a62b-d631e005fdd8,16,1,15,9,1,1768801718,2026-01-19 00:51:56
16280b32-7e5b-4a18-930b-212eac10faaa,2,2,0,17,1,1768801718,2026-01-19 00:51:56
6fd84197-56e2-47df-849f-701aca0e7cc3,7,3,4,12,1,1768801719,2026-01-19 00:51:56
66db3aa3-0aca-11e7-82f6-3863bb44ef7c,34,32,2,17,1,1768801719,2026-01-19 00:51:56
1815967313905864892,8,3,5,8,1,1768801719,2026-01-19 00:51:56
fdf21800-6106-4739-b7d5-b379b19e5732,6,0,6,13,1,1768801719,2026-01-19 00:51:56
1817432787057164808,17,11,6,0,1,1768801714,2026-01-19 00:51:56
1ec7ef9f-ab60-4a64-821d-883ba547273a,0,0,0,18,1,1768801714,2026-01-19 00:51:56
e71d152c-c2df-4d3e-a9af-139f2529bac6,16,2,14,2,1,1768801714,2026-01-19 00:51:56
1828968994833044184,8,3,5,9,1,1768801717,2026-01-19 00:51:56
66dcf897-0aca-11e7-82f6-3863bb44ef7c,13,7,6,15,1,1768801718,2026-01-19 00:51:56
1843486301383097150,3,0,3,22,1,1768801715,2026-01-19 00:51:56
4e1a13af-1c3b-48f2-8586-5edceea97d61,3,3,0,15,1,1768801715,2026-01-19 00:51:56
4223f276-a4d4-45e0-b914-67f5ef1e81ba,3,1,2,19,1,1768801716,2026-01-19 00:51:56
08b9c491-a589-4e75-996c-2455c26fb356,3,2,1,16,1,1768801719,2026-01-19 00:51:56
1989279523593928720,0,0,0,3,0,1768783758,2026-01-19 00:51:56
2170352212111402482,32,16,16,38,1,1768801726,2026-01-19 00:51:56
7a701539-2c10-4abe-803f-525785ebb7fb,2,1,1,17,1,1768801726,2026-01-19 00:51:56
bd318c15-5c3d-4e72-9837-3b4bd37707e0,1,0,1,17,1,1768801726,2026-01-19 00:51:56
66db237e-0aca-11e7-82f6-3863bb44ef7c,13,5,8,39,1,1768801727,2026-01-19 00:51:56
9e9acfaf-0bbf-4bc2-a825-b2befb6bee55,29,19,10,0,1,1768801727,2026-01-19 00:51:56
1851955603137491568,29,2,27,3,1,1768801727,2026-01-19 00:51:56
21361381-fd4a-44a4-bfa7-61f075192ce9,4,2,2,20,1,1768801724,2026-01-19 00:51:56
66de2131-0aca-11e7-82f6-3863bb44ef7c,25,25,0,12,1,1768801724,2026-01-19 00:51:56
66dd8bd9-0aca-11e7-82f6-3863bb44ef7c,12,7,5,13,1,1768801724,2026-01-19 00:51:56
897e8739-ee1d-4b2e-b151-ad7e64e87697,15,1,14,16,1,1768801721,2026-01-19 00:51:56
ab40ffde-f331-4194-adab-cb8c60b63f28,2,0,2,22,1,1768801721,2026-01-19 00:51:56
66dd2556-0aca-11e7-82f6-3863bb44ef7c,32,15,17,8,1,1768801725,2026-01-19 00:51:56
66de1580-0aca-11e7-82f6-3863bb44ef7c,17,16,1,22,1,1768801725,2026-01-19 00:51:56
1846086768160082632,22,1,21,3,1,1768801725,2026-01-19 00:51:56
60a061d5-d984-4573-af3c-2054f4f59e94,7,4,3,11,1,1768801720,2026-01-19 00:51:56
1848241332086049696,0,0,0,21,1,1768801721,2026-01-19 00:51:56
ed1199e4-d9a6-4d9e-8c81-62bcd7510a11,25,16,9,4,1,1768801724,2026-01-19 00:51:56
96a4da57-107a-43d1-8828-4749d5555461,0,0,0,29,1,1768801724,2026-01-19 00:51:56
bfea6c5b-2e1a-42c5-8199-2ded6042d57b,12,0,12,11,1,1768801724,2026-01-19 00:51:56
01a1343d-9c7b-4a83-8a5a-a600187f19c4,2,1,1,27,1,1768801722,2026-01-19 00:51:56
1786696251091417274,28,5,23,3,1,1768801722,2026-01-19 00:51:56
66de5d57-0aca-11e7-82f6-3863bb44ef7c,5,1,4,18,1,1768801729,2026-01-19 00:51:56
c01a9c97-6c04-4e3f-ad0b-958801d94ca1,13,2,11,1,1,1768801729,2026-01-19 00:51:56
1822663143025657920,21,5,16,3,1,1768801730,2026-01-19 00:51:56
66db9845-0aca-11e7-82f6-3863bb44ef7c,45,31,14,8,1,1768801730,2026-01-19 00:51:56
8c700e85-cfdb-4eef-ba49-53bd69c004ed,10,5,5,9,1,1768801729,2026-01-19 00:51:56
66dd1b65-0aca-11e7-82f6-3863bb44ef7c,2,0,2,55,1,1768801732,2026-01-19 00:51:56
66dbe250-0aca-11e7-82f6-3863bb44ef7c,5,4,1,14,1,1768801733,2026-01-19 00:51:56
c5861c24-5ac1-41df-82f1-31748d03e868,52,33,19,13,1,1768801732,2026-01-19 00:51:56
7d455e9a-20b4-4b03-8248-0d982fdfa21b,2,0,2,18,1,1768801733,2026-01-19 00:51:56
96cf4c1a-db2c-4d4b-af34-c31281b5904b,12,5,7,6,1,1768801733,2026-01-19 00:51:56
2053867202510006310,19,1,18,1,1,1768801729,2026-01-19 00:51:56
e7739b9e-7cc6-4cbb-98d3-669b8e2ae98b,7,1,6,15,1,1768801731,2026-01-19 00:51:56
39112ced-337f-4b71-9df6-291cd4265cc9,19,0,19,3,1,1768801731,2026-01-19 00:51:56
1875413335585534272,3,1,2,15,1,1768801728,2026-01-19 00:51:56
3bf91ca1-14fd-4e51-858e-36a203f1af2a,0,0,0,15,1,1768801730,2026-01-19 00:51:56
4780d9d1-b886-4e72-9d18-cb152f73e10a,4,3,1,16,1,1768801730,2026-01-19 00:51:56
b5010362-af16-4357-8fb7-5958576954c0,6,0,6,22,1,1768801732,2026-01-19 00:51:56
062f0ac2-b3b6-4c15-b470-92ce9b592635,13,0,13,3,1,1768801751,2026-01-19 00:51:56
1d8e51b0-8131-4c1f-93fb-f04952c157c0,20,14,6,7,1,1768801751,2026-01-19 00:51:56
1789e458-c466-4d77-aba6-365f5c3823ed,11,1,10,8,1,1768801752,2026-01-19 00:51:56
d319629d-63cf-4765-9f69-5569f35d6469,9,3,6,10,1,1768801752,2026-01-19 00:51:56
66dcbdc2-0aca-11e7-82f6-3863bb44ef7c,10,3,7,11,1,1768801753,2026-01-19 00:51:56
531e6d94-5f4c-4ef0-9c83-47191be9d8f9,0,0,0,17,1,1768801753,2026-01-19 00:51:56
77a498ea-5693-46cc-a4b1-6e428f574797,17,2,15,9,1,1768801754,2026-01-19 00:51:56
66db8c10-0aca-11e7-82f6-3863bb44ef7c,22,3,19,10,1,1768801754,2026-01-19 00:51:56
8f9ce302-2a6d-443c-8fe0-625b20021ea2,13,1,12,11,1,1768801754,2026-01-19 00:51:56
1960020540642077008,43,42,1,5,1,1768801754,2026-01-19 00:51:56
1978170169761096104,20,4,16,15,1,1768801755,2026-01-19 00:51:56
66de27da-0aca-11e7-82f6-3863bb44ef7c,22,13,9,3,1,1768801755,2026-01-19 00:51:56
66dd25e0-0aca-11e7-82f6-3863bb44ef7c,14,7,7,8,1,1768801756,2026-01-19 00:51:56
4cd5a87d-7618-4a15-892d-8cf29eec865c,17,2,15,1,1,1768801757,2026-01-19 00:51:56
2133952475068346460,37,3,34,15,1,1768801756,2026-01-19 00:51:56
af626e61-9f83-4602-a9b1-038b1c1430e6,17,2,15,1,1,1768801757,2026-01-19 00:51:56
1838617691511229014,2,1,1,23,1,1768801754,2026-01-19 00:51:56
ab5585c8-c2cf-4bab-96cf-d02eced4f6e3,15,13,2,30,1,1768801754,2026-01-19 00:51:56
581d8683-c217-4f96-89cb-b5a94d780b83,7,3,4,68,1,1768801754,2026-01-19 00:51:56
b1f67e5c-7c26-4bf3-a90e-1500a3160d60,7,0,7,15,1,1768801755,2026-01-19 00:51:56
557f8d40-dec1-4c61-bd03-a0d1a6ea0e4b,24,9,15,4,1,1768801755,2026-01-19 00:51:56
1828968199249922252,3,3,0,18,1,1768801755,2026-01-19 00:51:56
1960020817312746312,43,15,28,68,1,1768801755,2026-01-19 00:51:56
d5788cfa-817e-4b65-b43f-edda222a3c3c,21,8,13,3,1,1768801753,2026-01-19 00:51:56
50e05a9f-dce6-4315-a10d-1fa786fc18ee,3,2,1,48,1,1768801753,2026-01-19 00:51:56
95a52ce4-3597-47d1-8d6f-427cb3b8ca6a,1,0,1,23,1,1768801753,2026-01-19 00:51:56
49d2cd03-f508-483f-a7c9-7fd450e5e6db,12,1,11,3,1,1768801753,2026-01-19 00:51:56
dcdaa64b-4d2c-4017-bfb9-da25924f851d,2,1,1,17,1,1768801752,2026-01-19 00:51:56
66de56e5-0aca-11e7-82f6-3863bb44ef7c,23,5,18,3,1,1768801752,2026-01-19 00:51:56
66dc7b10-0aca-11e7-82f6-3863bb44ef7c,8,8,0,72,1,1768801752,2026-01-19 00:51:56
b200a8bf-2d79-4511-9a16-ac41e7245622,23,3,20,0,1,1768801770,2026-01-19 00:51:56
ff2869f0-4381-4cf3-863e-a0d776ec53b4,91,48,43,0,1,1768801770,2026-01-19 00:51:56
9bd28b11-cf11-4938-abb2-dfa5ec800e32,28,1,27,1,1,1768801768,2026-01-19 00:51:56
1843486757863039016,16,6,10,4,1,1768801768,2026-01-19 00:51:56
20f3a578-4dfa-45ca-a917-b394d77ee08e,10,0,10,13,1,1768801769,2026-01-19 00:51:56
6853d09a-cbd8-4378-bc23-02e8bba0b4da,5,3,2,17,1,1768801767,2026-01-19 00:51:56
1597ea95-0b6b-425a-8d13-ed86ee0754b5,6,3,3,14,1,1768801768,2026-01-19 00:51:56
56e18295-f760-4bf3-8aa3-5a1e4ebf606f,8,3,5,13,1,1768801769,2026-01-19 00:51:56
4dde902d-512c-4e9e-8899-a68424ed87c0,10,1,9,23,1,1768801770,2026-01-19 00:51:56
c9c09ed0-0a52-4d6a-a999-b0848874e51f,0,0,0,30,0,1768571529,2026-01-19 00:51:56
412c1416-d15b-4e6a-9691-da4c3cc0d0d2,61,60,1,1,1,1768801769,2026-01-19 00:51:56
66ddb7bf-0aca-11e7-82f6-3863bb44ef7c,24,24,0,24,1,1768801771,2026-01-19 00:51:56
66de47bf-0aca-11e7-82f6-3863bb44ef7c,17,11,6,1,1,1768801768,2026-01-19 00:51:56
058ee86d-ce2a-4597-99f7-f78f082b33e3,0,0,0,18,1,1768801772,2026-01-19 00:51:56
66db6aae-0aca-11e7-82f6-3863bb44ef7c,5,2,3,75,1,1768801771,2026-01-19 00:51:56
1786698815186893280,15,2,13,19,1,1768801771,2026-01-19 00:51:56
2c2cdc55-52a3-4140-b4d3-8409a98f130f,13,5,8,12,1,1768801772,2026-01-19 00:51:56
97bcf094-ad77-4743-9c94-832c7300c090,8,6,2,11,1,1768801779,2026-01-19 00:51:56
2126621026154598618,9,1,8,3,1,1768801773,2026-01-19 00:51:56
66dc209c-0aca-11e7-82f6-3863bb44ef7c,51,36,15,13,1,1768801779,2026-01-19 00:51:56
e24cb64d-10c2-48db-9440-59e63c0f1c95,16,13,3,9,1,1768801777,2026-01-19 00:51:56
66db3cab-0aca-11e7-82f6-3863bb44ef7c,15,3,12,14,1,1768801777,2026-01-19 00:51:56
403c310e-26d5-4db5-9928-13c38b25053d,10,9,1,14,1,1768801778,2026-01-19 00:51:56
66dbea8d-0aca-11e7-82f6-3863bb44ef7c,12,1,11,35,1,1768801778,2026-01-19 00:51:56
cb04be8e-8edc-4c9d-bfc0-76f94e3a3d9b,33,4,29,11,1,1768801775,2026-01-19 00:51:56
b3a9057e-7ff6-4117-b96e-e71c173cf1e9,12,4,8,4,1,1768801776,2026-01-19 00:51:56
2af3ecc3-4f43-468a-a7cc-bb4804ee3e7a,15,13,2,39,1,1768801776,2026-01-19 00:51:56
de449a58-0edf-4d36-91b4-4b313576e945,8,0,8,6,1,1768801776,2026-01-19 00:51:56
2126225134412534550,11,5,6,1,1,1768801751,2026-01-19 00:51:56
1869754328201607270,1,1,0,16,1,1768801777,2026-01-19 00:51:56
1817432606668538118,11,9,2,13,1,1768801777,2026-01-19 00:51:56
29b21bd8-2459-4727-b1f0-d73592db3321,7,3,4,21,1,1768801773,2026-01-19 00:51:56
918af7b2-e05c-477a-a8c0-7dcff984c566,7,0,7,30,1,1768801772,2026-01-19 00:51:56
1861680103893703034,2,2,0,16,1,1768801773,2026-01-19 00:51:56
66dc51e9-0aca-11e7-82f6-3863bb44ef7c,9,3,6,36,1,1768801779,2026-01-19 00:51:56
1835250318514342456,8,0,8,19,1,1768801779,2026-01-19 00:51:56
66db6387-0aca-11e7-82f6-3863bb44ef7c,81,60,21,30,1,1768801779,2026-01-19 00:51:56
a4368364-fa79-493c-8478-1d3471a6077f,29,16,13,50,1,1768801779,2026-01-19 00:51:56
ad037fe2-4a28-4b55-863c-229aada0b43a,7,1,6,12,1,1768801780,2026-01-19 00:51:56
f6c33f22-d650-4935-a928-fb693a828b5f,0,0,0,22,1,1768801780,2026-01-19 00:51:56
1786698158713921798,38,17,21,4,1,1768801775,2026-01-19 00:51:56
1817627670084542818,7,3,4,15,1,1768801775,2026-01-19 00:51:56
66dcf394-0aca-11e7-82f6-3863bb44ef7c,5,5,0,27,1,1768801775,2026-01-19 00:51:56
1879859065051787718,15,11,4,5,1,1768801775,2026-01-19 00:51:56
2b848257-dc2e-4dd0-b840-d5e046972789,6,1,5,11,1,1768801774,2026-01-19 00:51:56
17aeb1e3-fd18-4cf9-9473-17dfa5b0a312,12,6,6,9,1,1768801774,2026-01-19 00:51:56
1431ec5c-242d-401b-b672-dbf95155999b,2,0,2,14,1,1768801774,2026-01-19 00:51:56
0f51cb84-e386-44ac-947f-a969f7617d17,18,8,10,6,1,1768801774,2026-01-19 00:51:56
6067af3d-f7ed-4149-a394-2fc2eb295872,56,21,35,3,1,1768801773,2026-01-19 00:51:56
6c3b486e-603c-4158-91ac-adc06ac01535,10,0,10,15,1,1768801737,2026-01-19 00:51:56
a1cf7115-8e38-4300-aac8-3a2fddca0e23,20,3,17,14,1,1768801737,2026-01-19 00:51:56
138094a0-cd7d-4014-9b21-4fb2afd3980e,10,4,6,15,1,1768801738,2026-01-19 00:51:56
1823008917260927616,17,5,12,6,1,1768801737,2026-01-19 00:51:56
1835249854657874848,3,0,3,14,1,1768801733,2026-01-19 00:51:56
9e3603ee-2b7d-4147-a7b5-48bbd778902c,43,35,8,18,1,1768801733,2026-01-19 00:51:56
533f25a0-514f-456f-9d87-5fdcb4ee42f4,1,1,0,16,1,1768801734,2026-01-19 00:51:56
bf093f72-1d8d-44ae-91b5-e36958a27976,8,5,3,12,1,1768801736,2026-01-19 00:51:56
141ba25c-f4ea-4cec-ae7e-022401e23087,4,4,0,9,1,1768801737,2026-01-19 00:51:56
5d049d4b-0736-4323-834a-1b2454bd6551,16,14,2,8,1,1768801735,2026-01-19 00:51:56
1947313784686131504,9,0,9,5,1,1768801735,2026-01-19 00:51:56
66dc28bd-0aca-11e7-82f6-3863bb44ef7c,8,1,7,48,1,1768801734,2026-01-19 00:51:56
1857217122161783302,26,7,19,3,1,1768801734,2026-01-19 00:51:56
eef98eb6-f550-49f9-a910-4d2863e6a591,6,6,0,12,1,1768801738,2026-01-19 00:51:56
65e7908a-a73e-4f8e-9967-0d0677f62bc4,15,4,11,6,1,1768801738,2026-01-19 00:51:56
16cbe771-8fca-4437-b9d2-374e00da6c3a,14,4,10,7,1,1768801738,2026-01-19 00:51:56
66dbef85-0aca-11e7-82f6-3863bb44ef7c,25,9,16,8,1,1768801738,2026-01-19 00:51:56
faf021ad-9de5-44bd-b7f5-48127e8d5fea,22,2,20,0,1,1768801739,2026-01-19 00:51:56
1869754004195029842,2,2,0,19,1,1768801739,2026-01-19 00:51:56
1914337145288845316,15,4,11,5,1,1768801741,2026-01-19 00:51:56
66de1f17-0aca-11e7-82f6-3863bb44ef7c,27,27,0,7,1,1768801741,2026-01-19 00:51:56
66dc0c53-0aca-11e7-82f6-3863bb44ef7c,13,5,8,8,1,1768801744,2026-01-19 00:51:56
66dde559-0aca-11e7-82f6-3863bb44ef7c,31,30,1,3,1,1768801744,2026-01-19 00:51:56
18d980e5-ba08-4bc3-832e-03eb71865768,21,16,5,2,1,1768801744,2026-01-19 00:51:56
66dd4981-0aca-11e7-82f6-3863bb44ef7c,17,5,12,9,1,1768801744,2026-01-19 00:51:56
36ddce8f-bd83-4a05-b601-b526fb4d8628,2,1,1,15,1,1768801744,2026-01-19 00:51:56
1945125793810207148,3,3,0,10,1,1768801744,2026-01-19 00:51:56
78ec2f0d-c309-46d4-8808-7eb1a0674e38,5,0,5,24,1,1768801745,2026-01-19 00:51:56
cd4b8e12-b2c7-479b-900d-59cf7d8c4276,14,2,12,0,1,1768801744,2026-01-19 00:51:56
cbcbd880-9662-4ab1-b530-781bb101ed1f,1,1,0,16,1,1768801745,2026-01-19 00:51:56
8dc8c0b3-4d70-40fe-a75a-86e30ecb676b,18,2,16,0,1,1768801743,2026-01-19 00:51:56
3c21925c-d68e-497c-b501-982d3eb3e852,15,11,4,6,1,1768801743,2026-01-19 00:51:56
66dcbb2c-0aca-11e7-82f6-3863bb44ef7c,12,2,10,11,1,1768801743,2026-01-19 00:51:56
1900647078394106472,6,4,2,11,1,1768801743,2026-01-19 00:51:56
079b5a90-1d2b-40b2-b1e9-71c075f16b89,10,8,2,5,1,1768801743,2026-01-19 00:51:56
2126622876727162948,5,0,5,4,1,1768801741,2026-01-19 00:51:56
98af0e1d-ea33-4c6e-95fe-97846e81081e,15,11,4,5,1,1768801749,2026-01-19 00:51:56
aa120a3a-9f2b-4dfc-a88b-384bbb66838a,9,2,7,10,1,1768801749,2026-01-19 00:51:56
0579ff13-5d5b-4cbd-bc6e-3e9396591aef,3,0,3,15,1,1768801749,2026-01-19 00:51:56
66db6cd4-0aca-11e7-82f6-3863bb44ef7c,8,4,4,43,1,1768801749,2026-01-19 00:51:56
9459fca8-b044-4ed1-8f2c-c5db11ba868f,10,3,7,19,1,1768801746,2026-01-19 00:51:56
40042fb4-6ddd-4f74-bb52-5af3e4e08c8d,22,6,16,1,1,1768801746,2026-01-19 00:51:56
e15a5c77-70b0-4b9d-9eae-f10ddda7d994,3,3,0,18,1,1768801746,2026-01-19 00:51:56
66dbc6ae-0aca-11e7-82f6-3863bb44ef7c,12,10,2,51,1,1768801746,2026-01-19 00:51:56
30985a9c-afe4-4b98-a72c-2c72bb35603e,6,5,1,10,1,1768801746,2026-01-19 00:51:56
66dd4841-0aca-11e7-82f6-3863bb44ef7c,14,13,1,30,1,1768801747,2026-01-19 00:51:56
6a671276-d345-4a4c-a7df-98f5dbb19e4c,11,9,2,9,1,1768801749,2026-01-19 00:51:56
66ddb595-0aca-11e7-82f6-3863bb44ef7c,2,1,1,15,1,1768801748,2026-01-19 00:51:56
0183d7d4-9e11-4429-94db-666a31239871,17,3,14,10,1,1768801749,2026-01-19 00:51:56
66dde9af-0aca-11e7-82f6-3863bb44ef7c,8,3,5,16,1,1768801748,2026-01-19 00:51:56
30d6520e-b612-4240-a9ff-eec12b02b263,6,1,5,12,1,1768801748,2026-01-19 00:51:56
b90574d1-e9e7-45be-8adb-e38cb285fea5,1,0,1,17,1,1768801748,2026-01-19 00:51:56
66db2953-0aca-11e7-82f6-3863bb44ef7c,40,0,40,10,1,1768801748,2026-01-19 00:51:56
653ba606-f397-41e6-adc4-f775bf2d0c9f,12,1,11,10,1,1768801750,2026-01-19 00:51:56
833bc8bc-3c32-4481-9c14-9a88aa7accec,20,4,16,18,1,1768801751,2026-01-19 00:51:56
19002a4c-3229-450b-ad69-76948696e60d,1,0,1,17,1,1768801751,2026-01-19 00:51:56
026fd07d-d810-45dc-9237-a3d84dce4fa9,10,2,8,11,1,1768801762,2026-01-19 00:51:56
2122552934440059494,0,0,0,18,1,1768801762,2026-01-19 00:51:56
66dea4bf-0aca-11e7-82f6-3863bb44ef7c,33,11,22,8,1,1768801762,2026-01-19 00:51:56
74e104fb-1ddc-4f3e-a60b-220b6c4f300b,1,0,1,14,1,1768801760,2026-01-19 00:51:56
16e17ca1-b2dc-47d0-8c8b-199cb4736fe7,8,4,4,11,1,1768801761,2026-01-19 00:51:56
1860187301567054286,1,0,1,16,1,1768801761,2026-01-19 00:51:56
1c82b223-42ba-4d15-8e8a-bd8ae2a57cde,11,1,10,4,1,1768801762,2026-01-19 00:51:56
66dc36c3-0aca-11e7-82f6-3863bb44ef7c,63,27,36,17,1,1768801751,2026-01-19 00:51:56
4753c1ba-a86e-431e-94fb-06403cdee4d7,16,3,13,14,1,1768801759,2026-01-19 00:51:56
ab79da3d-f92a-42de-a76d-e05b5d7e724c,3,3,0,11,1,1768801759,2026-01-19 00:51:56
01f01352-50d4-484e-a611-576b18ac373a,23,6,17,11,1,1768801758,2026-01-19 00:51:56
c0df5c09-2c07-4689-9fe8-36ed81301d7d,1,0,1,20,1,1768801758,2026-01-19 00:51:56
10c13fe2-34cb-4aff-bea1-4f5ce877769b,7,6,2,10,1,1768801759,2026-01-19 00:51:56
fbb2d76c-1d47-4fb1-9c07-622fcace38a5,22,0,22,6,1,1768801759,2026-01-19 00:51:56
66dde2d9-0aca-11e7-82f6-3863bb44ef7c,28,27,1,9,1,1768801758,2026-01-19 00:51:56
1838070703178521596,3,0,3,16,1,1768801758,2026-01-19 00:51:56
66dc3a1a-0aca-11e7-82f6-3863bb44ef7c,2,1,1,49,1,1768801758,2026-01-19 00:51:56
66de06ef-0aca-11e7-82f6-3863bb44ef7c,22,2,20,0,1,1768801757,2026-01-19 00:51:56
66dc91b5-0aca-11e7-82f6-3863bb44ef7c,13,4,9,30,1,1768801757,2026-01-19 00:51:56
66dbc982-0aca-11e7-82f6-3863bb44ef7c,16,15,1,92,1,1768801760,2026-01-19 00:51:56
490ca6cc-c2a2-4838-acf0-4704ed60dc51,42,35,7,9,1,1768801760,2026-01-19 00:51:56
24f431ca-c2a5-46be-966b-b8d4c3e4b346,2,1,1,12,1,1768801759,2026-01-19 00:51:56
943be327-0320-4ae1-8eb0-8a56f86a4fb6,7,5,2,13,1,1768801763,2026-01-19 00:51:56
904930bd-2671-4695-9c1a-8a894b041129,21,20,1,44,1,1768801761,2026-01-19 00:51:56
1820420129807491554,12,0,12,6,1,1768801763,2026-01-19 00:51:56
ecb2eebe-67c0-43b8-baae-71abb1a0ec6a,2,0,2,22,1,1768801763,2026-01-19 00:51:56
66de07ec-0aca-11e7-82f6-3863bb44ef7c,20,1,19,2,1,1768801763,2026-01-19 00:51:56
99d149f9-ad40-461e-beea-fcbf086f9b5a,5,2,3,59,1,1768801763,2026-01-19 00:51:56
1861682960046954694,20,17,3,2,1,1768801763,2026-01-19 00:51:56
bdefa3e3-aa5a-40eb-b7f8-542de55063e9,1,1,0,17,1,1768801765,2026-01-19 00:51:56
9790606b-a00d-4d5e-b6ec-abd11c9d25b3,0,0,0,17,1,1768801766,2026-01-19 00:51:56
d56a8542-048a-4aca-ac7f-f27a9e6c908b,3,1,2,22,1,1768801766,2026-01-19 00:51:56
b94cc90e-9ca2-4471-8371-23be051e0157,8,1,7,69,1,1768801766,2026-01-19 00:51:56
e51c8b72-460f-41c2-a5ca-de85d3f46a30,18,6,12,36,1,1768801766,2026-01-19 00:51:56
b6a4770e-9077-4a0e-a0fb-b45b1d457559,39,19,20,19,1,1768801766,2026-01-19 00:51:56
66dc73b0-0aca-11e7-82f6-3863bb44ef7c,12,8,4,27,1,1768801766,2026-01-19 00:51:56
a11a0000-19cf-4053-b3a1-3a5886d7446c,17,2,15,23,1,1768801766,2026-01-19 00:51:56
8fc95e31-b025-4d2b-b5aa-240465366480,6,5,1,15,1,1768801767,2026-01-19 00:51:56
38975061-0d90-43a3-87c1-8905b374d5d9,15,0,15,9,1,1768801767,2026-01-19 00:51:56
66dd9213-0aca-11e7-82f6-3863bb44ef7c,5,4,1,38,1,1768801768,2026-01-19 00:51:56
b1f3eb8c-07f9-479f-a8ab-f04e094bc7d0,9,3,6,11,1,1768801768,2026-01-19 00:51:56
66db32fb-0aca-11e7-82f6-3863bb44ef7c,21,5,16,74,1,1768801768,2026-01-19 00:51:56
8603535e-0d7a-4c5b-ae77-27b9f5770bfa,15,13,2,11,1,1768801765,2026-01-19 00:51:56
9f702c67-b591-4492-ba90-eb3c7e793dad,10,1,9,11,1,1768801765,2026-01-19 00:51:56
30a75e12-5327-48f0-8155-3925aa934054,9,9,0,9,1,1768801768,2026-01-19 00:51:56
1929513834381415014,7,1,6,13,1,1768801784,2026-01-19 00:51:56
66dbc8f5-0aca-11e7-82f6-3863bb44ef7c,47,30,17,25,1,1768801785,2026-01-19 00:51:56
1828969851041055492,19,15,4,3,1,1768801784,2026-01-19 00:51:56
1d977221-b2b5-4fa2-bba0-b00136834fb3,4,0,4,14,1,1768801785,2026-01-19 00:51:56
1828967717120678322,11,0,11,12,1,1768801785,2026-01-19 00:51:56
9e99abca-c679-4788-9a4e-39066660bd6a,15,9,6,3,1,1768801785,2026-01-19 00:51:56
1836581628905160976,12,8,4,9,1,1768801785,2026-01-19 00:51:56
66db3d2a-0aca-11e7-82f6-3863bb44ef7c,9,0,9,49,1,1768801785,2026-01-19 00:51:56
09b00240-4c2a-4900-9d09-f13344461c02,13,8,5,5,1,1768801780,2026-01-19 00:51:56
66de4c32-0aca-11e7-82f6-3863bb44ef7c,16,4,12,2,1,1768801780,2026-01-19 00:51:56
1b28836b-29fd-47a7-9a98-44cd792918fb,36,11,25,14,1,1768801781,2026-01-19 00:51:56
daaa3ac1-594c-48d2-9431-a8ced305ed5a,3,3,0,15,1,1768801780,2026-01-19 00:51:56
1794096976946852066,58,52,6,8,1,1768801780,2026-01-19 00:51:56
dfe2c398-ff5c-4a8d-83c8-fa18801540d8,12,0,12,9,1,1768801781,2026-01-19 00:51:56
66de20c8-0aca-11e7-82f6-3863bb44ef7c,11,2,9,18,1,1768801781,2026-01-19 00:51:56
89171660-8cef-443f-8f75-67503532d1ce,9,0,9,9,1,1768801783,2026-01-19 00:51:56
a35d03cf-bd72-4da4-a4ac-bd25b3f8dce3,6,0,6,13,1,1768801783,2026-01-19 00:51:56
1823008749757202820,14,2,12,8,1,1768801783,2026-01-19 00:51:56
1931758629658304788,12,6,6,11,1,1768801783,2026-01-19 00:51:56
1828969417249358046,9,4,5,11,1,1768801783,2026-01-19 00:51:56
876683ce-9bce-4fad-8d1c-6b331fa07b5c,22,2,20,23,1,1768801782,2026-01-19 00:51:56
1861681435029604706,21,13,8,2,1,1768801782,2026-01-19 00:51:56
66de2201-0aca-11e7-82f6-3863bb44ef7c,10,4,6,21,1,1768801782,2026-01-19 00:51:56
c7be2714-14db-421f-a19e-f6a7bf6e8d26,3,1,2,17,1,1768801782,2026-01-19 00:51:56
d473f31f-68f2-4777-a364-ed127db04345,7,4,3,9,1,1768801783,2026-01-19 00:51:56
66dcca76-0aca-11e7-82f6-3863bb44ef7c,0,0,0,23,1,1768801727,2026-01-19 00:51:56
c0b541ae-9e66-4739-babb-483180747dc2,4,1,3,13,1,1768801783,2026-01-19 00:51:56
26568d39-db49-4354-a5c1-c81a3c856285,5,1,4,12,1,1768801783,2026-01-19 00:51:56
c702c094-b08f-449d-a41d-b3724f147491,2,2,0,20,1,1768801784,2026-01-19 00:51:56
bca594e5-779f-4866-bd6b-818871f97d38,11,3,8,19,1,1768801785,2026-01-19 00:51:56
66de6100-0aca-11e7-82f6-3863bb44ef7c,28,0,28,2,1,1768801782,2026-01-19 00:51:56
eb6c2359-4825-4bf4-8f2d-8b6dd2bf4212,18,13,5,19,1,1768801782,2026-01-19 00:51:56
bf5a9ad8-6725-4ade-967d-aba612d423bf,7,5,2,14,1,1768801780,2026-01-19 00:51:56
2126224759932600578,1,0,1,8,1,1768801780,2026-01-19 00:51:56
de0c1800-f7cc-41b4-ab7a-c9d219180d06,17,12,5,41,1,1768801781,2026-01-19 00:51:56
78e93937-53d1-4c9b-99ad-0460f908ed2d,9,9,0,15,1,1768801790,2026-01-19 00:51:56
2126624772423916318,5,1,4,4,1,1768801790,2026-01-19 00:51:56
66dbf667-0aca-11e7-82f6-3863bb44ef7c,54,18,36,11,1,1768801790,2026-01-19 00:51:56
84b30f68-5404-453a-ae86-a2baff03a2c9,4,2,2,12,1,1768801790,2026-01-19 00:51:56
8df41833-c7bf-4171-bdab-58d64f6ade54,19,5,14,2,1,1768801791,2026-01-19 00:51:56
5cb3a92d-f284-477c-bf63-ea72d24e8a7d,11,1,10,3,1,1768801791,2026-01-19 00:51:56
46a1ff6c-6131-414a-9ef6-65a8db7d305f,1,1,0,22,1,1768801792,2026-01-19 00:51:56
1286480d-5d6d-4a47-9fac-e156dba2b6fc,56,32,24,1,1,1768801792,2026-01-19 00:51:56
dba67615-a7e0-4c44-ab1b-b464033ec9b9,5,0,5,14,1,1768801793,2026-01-19 00:51:56
8cb0375d-bcb2-4c90-9773-41c3c8fdf8d8,6,2,4,75,1,1768801793,2026-01-19 00:51:56
2a9e2320-083d-4044-aedf-0c15ecfefe61,10,2,8,11,1,1768801786,2026-01-19 00:51:56
1835247352748090208,1,1,0,22,1,1768801786,2026-01-19 00:51:56
1877651952425321214,6,0,6,11,1,1768801787,2026-01-19 00:51:56
c38e2cfc-04e6-419c-8bf8-d8713ccf6ea7,44,5,39,8,1,1768801787,2026-01-19 00:51:56
c2291f8e-3b07-4671-82af-2b947825de4a,60,41,19,6,1,1768801790,2026-01-19 00:51:56
6bc5598a-9eb8-44d2-adc0-d93b93af1924,18,5,13,0,1,1768801791,2026-01-19 00:51:56
e6a32ec8-fc8b-4ed6-93a2-3ace3921b89d,9,6,3,15,1,1768801791,2026-01-19 00:51:56
35915f48-31c5-499a-b845-2ca2fb541904,22,2,20,18,1,1768801791,2026-01-19 00:51:56
2123940513700131194,7,6,1,8,1,1768801791,2026-01-19 00:51:56
dd8627c8-4190-4a30-8758-e77a7b010437,13,0,13,33,1,1768801791,2026-01-19 00:51:56
5b0b689f-9bd2-4743-b4cc-d4629a9a709b,19,3,16,3,1,1768801791,2026-01-19 00:51:56
160e21da-6dd2-47ff-8385-e13c8cdce4fa,25,1,24,0,1,1768801791,2026-01-19 00:51:56
22ac9559-d7f1-4dcd-ae3e-f6caf586a455,5,2,3,19,1,1768801789,2026-01-19 00:51:56
1913995167022829826,18,2,16,0,1,1768801789,2026-01-19 00:51:56
66dbe4db-0aca-11e7-82f6-3863bb44ef7c,63,53,10,17,1,1768801789,2026-01-19 00:51:56
66dc8c90-0aca-11e7-82f6-3863bb44ef7c,4,1,3,18,1,1768801789,2026-01-19 00:51:56
aa8270ec-4441-47d2-854b-5852e65fae66,2,0,2,16,1,1768801790,2026-01-19 00:51:56
1e590819-53fd-415c-bc28-aed605ad3bcb,7,0,7,9,1,1768801789,2026-01-19 00:51:56
66db8fde-0aca-11e7-82f6-3863bb44ef7c,40,19,21,11,1,1768801790,2026-01-19 00:51:56
1884599469785421928,33,32,1,4,1,1768801787,2026-01-19 00:51:56
66de1b5b-0aca-11e7-82f6-3863bb44ef7c,2,2,0,23,1,1768801787,2026-01-19 00:51:56
59f0cb81-e31b-4ba9-9159-3437c52f7505,2,1,1,16,1,1768801787,2026-01-19 00:51:56
66dde079-0aca-11e7-82f6-3863bb44ef7c,18,15,3,25,1,1768801788,2026-01-19 00:51:56
1828966882896859944,3,1,2,14,1,1768801787,2026-01-19 00:51:56
0e82ab9f-8c93-4302-b9df-342f8135a05c,19,0,19,1,1,1768801788,2026-01-19 00:51:56
66de2625-0aca-11e7-82f6-3863bb44ef7c,23,8,15,10,1,1768801788,2026-01-19 00:51:56
1882736039096477712,35,19,16,3,1,1768801786,2026-01-19 00:51:56
66db3a1e-0aca-11e7-82f6-3863bb44ef7c,13,11,2,7,1,1768801785,2026-01-19 00:51:56
8a24490d-d5c5-4bac-9e36-56967834fc10,0,0,0,20,1,1768801786,2026-01-19 00:51:56
43eac213-4603-4bc2-b6d6-b45013396282,29,18,11,10,1,1768801786,2026-01-19 00:51:56
344064f8-e82f-40fb-b235-aff506b77ae5,9,6,3,18,1,1768801786,2026-01-19 00:51:56
66f68197-4897-4576-896a-48e0312104c5,2,1,1,24,1,1768801786,2026-01-19 00:51:56
cd5e7c3e-c618-416a-ae99-b509bd56e1b2,13,3,10,13,1,1768801788,2026-01-19 00:51:56
a381b37a-a928-4834-87ee-da9922cb3b3d,13,6,7,19,1,1768801788,2026-01-19 00:51:56
66dd1ad8-0aca-11e7-82f6-3863bb44ef7c,43,1,42,10,1,1768801788,2026-01-19 00:51:56
2126624466406238560,8,2,6,0,1,1768801765,2026-01-19 00:51:56
8ce7325e-d5c7-46f9-9b73-95356e48c3eb,17,12,5,4,1,1768801787,2026-01-19 00:51:56
6f484a9d-c535-451e-a18f-f3afdc0a27af,34,11,23,4,1,1768801792,2026-01-19 00:51:56
66dc1545-0aca-11e7-82f6-3863bb44ef7c,16,2,14,9,1,1768801793,2026-01-19 00:51:56
d55dd622-0ced-4e4d-9ea5-2ef2cb6481a9,17,7,10,18,1,1768801793,2026-01-19 00:51:56
2039088532741595744,50,23,27,2,1,1768801793,2026-01-19 00:51:56
5adcaaaf-5386-441d-827c-8d65c4f4405e,3,2,1,16,1,1768801793,2026-01-19 00:51:56
72196024-6f2b-45cb-9764-609911c7dc0b,18,17,1,31,1,1768801793,2026-01-19 00:51:56
facb0195-8daa-46e3-95e1-6f22fb678e8a,2,2,0,17,1,1768801793,2026-01-19 00:51:56
18267c09-1916-48d8-951c-caf88c89edd1,4,3,1,11,1,1768801793,2026-01-19 00:51:56
1835246815877178358,8,0,8,11,1,1768801793,2026-01-19 00:51:56
66dca6f4-0aca-11e7-82f6-3863bb44ef7c,4,1,3,28,1,1768801794,2026-01-19 00:51:56
66dded11-0aca-11e7-82f6-3863bb44ef7c,24,3,21,12,1,1768801794,2026-01-19 00:51:56
2121033124458338894,11,2,9,4,1,1768801794,2026-01-19 00:51:56
5f0aa684-a1c5-4119-827f-7860f1cd4ccd,1,0,1,22,1,1768801794,2026-01-19 00:51:56
66dcec6b-0aca-11e7-82f6-3863bb44ef7c,17,10,7,17,1,1768801794,2026-01-19 00:51:56
b636a06c-c10e-417a-ac22-14cadb8f8993,16,5,11,2,1,1768801794,2026-01-19 00:51:56
1791472201147965920,6,5,1,57,1,1768801795,2026-01-19 00:51:56
1828968691399885056,13,3,10,3,1,1768801795,2026-01-19 00:51:56
05c5e17c-7aa9-49b7-9da3-9db4858ec1fc,16,14,2,12,1,1768801729,2026-01-19 00:51:56
66db95e5-0aca-11e7-82f6-3863bb44ef7c,27,14,13,17,1,1768801795,2026-01-19 00:51:56
a6287af0-9a9e-4708-b61f-8e758be4b914,6,0,6,9,1,1768801795,2026-01-19 00:51:56
2e74ea1d-02a0-47bf-9665-dce2d65de8d7,25,9,16,21,1,1768801796,2026-01-19 00:51:56
1846449740982645546,18,2,16,2,1,1768801795,2026-01-19 00:51:56
9dde927d-9984-4f97-bcd0-fbcb59e6ca66,12,2,10,4,1,1768801796,2026-01-19 00:51:56
2c366f4b-8319-41bf-ab8e-2fba3a952feb,42,38,4,9,1,1768801796,2026-01-19 00:51:56
016ee47a-4871-4209-91cb-bf3ceeddc991,6,4,2,12,1,1768801796,2026-01-19 00:51:56
720c0d64-7828-4dba-bff9-4d99f4e3a9fc,2,2,0,16,1,1768801797,2026-01-19 00:51:56
72796825-88b1-43a0-bb6d-2b41d337b1fc,11,0,11,19,1,1768801797,2026-01-19 00:51:56
1814900353536621062,19,16,3,10,1,1768801798,2026-01-19 00:51:56
c83e1ef5-776e-417e-8ee2-d08ca121f884,7,7,0,19,1,1768801798,2026-01-19 00:51:56
1882735162923150168,18,2,16,5,1,1768801797,2026-01-19 00:51:56
3bfc859b-5c5f-43bc-b2e7-b64ed8ea9ede,6,1,5,11,1,1768801797,2026-01-19 00:51:56
3134bce7-0bb9-4a45-9c87-60a8cb681d72,7,4,3,9,1,1768801798,2026-01-19 00:51:56
66de1a8a-0aca-11e7-82f6-3863bb44ef7c,21,21,0,3,1,1768801798,2026-01-19 00:51:56
7efcb97f-6c8f-4445-86a9-3f758a822f17,1,1,0,40,1,1768801798,2026-01-19 00:51:56
ab692d1f-5a4a-4fff-b929-013c3a7e8a98,4,2,2,15,1,1768801798,2026-01-19 00:51:56
1835250080052323168,0,0,0,0,0,86400,2026-01-19 00:51:56
2171903032377767128,0,0,0,0,0,86400,2026-01-19 00:51:56
2171903385631266470,0,0,0,0,0,86400,2026-01-19 00:51:56
2171903970740122034,0,0,0,0,0,86400,2026-01-19 00:51:56
2171902607371571344,0,0,0,0,0,86400,2026-01-19 00:51:56
f3525aa7-9d69-4ea2-9278-4df92db1afa1,0,0,0,6,0,1768773130,2026-01-19 00:51:56
2163290511399492946,4,3,1,8,1,1768801626,2026-01-19 00:51:56
5782a158-b596-4936-a451-32ccc131a57d,1,0,1,16,1,1768801707,2026-01-19 00:51:56
44a43ebf-cacf-4251-9ceb-e1c331ef1673,1,1,0,16,1,1768801705,2026-01-19 00:51:56
fcb1c3a3-04b6-45cf-bc9a-deb71198804e,0,0,0,17,1,1768801705,2026-01-19 00:51:56
66db72f1-0aca-11e7-82f6-3863bb44ef7c,43,19,24,1,1,1768801710,2026-01-19 00:51:56
16836c76-c412-4ec3-bac8-3c6a5a3d9745,4,2,2,15,1,1768801710,2026-01-19 00:51:56
1905394575114219798,23,18,5,7,1,1768801707,2026-01-19 00:51:56
66dd2292-0aca-11e7-82f6-3863bb44ef7c,9,3,6,36,1,1768801708,2026-01-19 00:51:56
c36cfa58-29fe-4c0c-a14f-41c3463487fd,7,3,4,13,1,1768801708,2026-01-19 00:51:56
2527619f-ef89-425c-bf3b-60cc0ec519bf,51,25,26,3,1,1768801708,2026-01-19 00:51:56
28a2436d-a52b-4fa4-874c-e096012a926d,15,15,0,1,1,1768801707,2026-01-19 00:51:56
66dc176f-0aca-11e7-82f6-3863bb44ef7c,58,50,8,19,1,1768801707,2026-01-19 00:51:56
66dce660-0aca-11e7-82f6-3863bb44ef7c,11,5,6,10,1,1768801704,2026-01-19 00:51:56
49f86083-851b-475d-b9ab-64e01b81f725,11,10,1,11,1,1768801711,2026-01-19 00:51:56
66dd3cb4-0aca-11e7-82f6-3863bb44ef7c,23,0,23,9,1,1768801711,2026-01-19 00:51:56
5ffde991-1125-443e-bc97-6827b2b9c97b,23,10,13,2,1,1768801710,2026-01-19 00:51:56
bb58e953-4953-4fbe-9ef2-367488dfef9b,3,3,0,15,1,1768801711,2026-01-19 00:51:56
c0f952d9-538e-4836-b936-fa97123cbf13,3,2,1,15,1,1768801711,2026-01-19 00:51:56
3893eeef-06a8-47b1-95f2-a85454f7d5c9,2,0,2,15,1,1768801711,2026-01-19 00:51:56
66dcc920-0aca-11e7-82f6-3863bb44ef7c,3,3,0,15,1,1768801714,2026-01-19 00:51:56
d7a7789b-a052-4a69-a4ec-59436b0f8d75,7,0,7,10,1,1768801715,2026-01-19 00:51:56
66dcc44a-0aca-11e7-82f6-3863bb44ef7c,6,3,3,12,1,1768801708,2026-01-19 00:51:56
3d340fc5-8c86-4d5e-974d-ae28958e61e8,47,39,8,5,1,1768801709,2026-01-19 00:51:56
dfb8b9c8-3006-4b76-963a-95f7471dc0a8,19,5,14,3,1,1768801713,2026-01-19 00:51:56
66dc4fb5-0aca-11e7-82f6-3863bb44ef7c,31,14,17,10,1,1768801713,2026-01-19 00:51:56
72719900-dd61-40bd-9f4a-40d70c47590c,14,10,4,11,1,1768801713,2026-01-19 00:51:56
7cd61426-ed98-434e-9235-56ed856fead6,8,3,5,14,1,1768801713,2026-01-19 00:51:56
3c73cc9f-3c09-4ac4-a4ea-22b4f027bf23,17,2,15,4,1,1768801713,2026-01-19 00:51:56
66de4b0b-0aca-11e7-82f6-3863bb44ef7c,12,1,11,19,1,1768801712,2026-01-19 00:51:56
c6c10756-ef41-491a-8e6c-ee0aa27b8cbe,1,1,0,17,1,1768801712,2026-01-19 00:51:56
66dcba5e-0aca-11e7-82f6-3863bb44ef7c,11,4,7,7,1,1768801720,2026-01-19 00:51:56
7c42f9fc-d280-4841-ad96-e3cc53ee3759,21,8,13,1,1,1768801720,2026-01-19 00:51:56
fe6f022b-7fdb-44fe-80bb-cbfc500959bf,3,1,2,18,1,1768801721,2026-01-19 00:51:56
99b7c9a5-9679-417f-b884-21c4b240aa99,7,1,6,11,1,1768801718,2026-01-19 00:51:56
a82599ce-99ca-4670-8053-baada198034a,54,8,46,4,1,1768801718,2026-01-19 00:51:56
174bf571-e597-463d-84bc-611c4a13d85e,23,21,2,2,1,1768801718,2026-01-19 00:51:56
0f6fd186-656a-41b3-ba4a-456d22da177c,21,2,19,15,1,1768801718,2026-01-19 00:51:56
33af8810-cda5-4b61-9c38-0235f9d59aaa,16,0,16,10,1,1768801719,2026-01-19 00:51:56
7e70b65e-00c1-40d5-984d-17232a4ee05e,22,10,12,22,1,1768801718,2026-01-19 00:51:56
699d3378-6ea8-465f-888b-c49c60089ce8,11,10,1,8,1,1768801719,2026-01-19 00:51:56
1849010295160437584,14,4,10,3,1,1768801717,2026-01-19 00:51:56
1913988158376585970,26,8,18,0,1,1768801718,2026-01-19 00:51:56
66dc7e75-0aca-11e7-82f6-3863bb44ef7c,13,2,11,54,1,1768801723,2026-01-19 00:51:56
66de18d7-0aca-11e7-82f6-3863bb44ef7c,14,3,11,6,1,1768801717,2026-01-19 00:51:56
116dbc02-a3c1-4b65-9f73-2a09a2aa1379,68,26,42,10,1,1768801715,2026-01-19 00:51:56
1857217349795049790,9,4,5,7,1,1768801715,2026-01-19 00:51:56
66dbf362-0aca-11e7-82f6-3863bb44ef7c,29,11,18,14,1,1768801715,2026-01-19 00:51:56
76c1ef9c-3984-4b4e-bff4-5c398e2395bd,7,7,0,14,1,1768801719,2026-01-19 00:51:56
edc9b877-c311-46b4-a780-59ee7e692324,7,5,2,30,1,1768801720,2026-01-19 00:51:56
66ddef2d-0aca-11e7-82f6-3863bb44ef7c,19,8,11,1,1,1768801720,2026-01-19 00:51:56
f6143531-4a16-4aac-9b55-573ef7ef162e,6,2,4,13,1,1768801720,2026-01-19 00:51:56
18b19467-28ac-4496-b3e4-f6028b1c5105,19,9,10,7,1,1768801720,2026-01-19 00:51:56
4cfd4097-0aee-4f11-9aea-55f99397bf33,2,0,2,13,1,1768801721,2026-01-19 00:51:56
3d835eaa-a102-42c5-b6c0-2c693b1d0677,52,45,7,2,1,1768801722,2026-01-19 00:51:56
08bf2fe0-219d-48cd-87c5-6163b3a2eafd,19,17,2,4,1,1768801729,2026-01-19 00:51:56
dee5a590-7cda-465e-8351-b0622a5e2ad3,10,3,7,7,1,1768801730,2026-01-19 00:51:56
e25f8dee-c110-489f-a978-464ac5c84ca2,6,2,4,19,1,1768801729,2026-01-19 00:51:56
66db728c-0aca-11e7-82f6-3863bb44ef7c,32,16,16,27,1,1768801729,2026-01-19 00:51:56
1861680383828308814,8,8,0,8,1,1768801729,2026-01-19 00:51:56
3b530cff-dd26-4cfd-b570-a85fd53354fe,38,12,26,8,1,1768801725,2026-01-19 00:51:56
66dbcb2f-0aca-11e7-82f6-3863bb44ef7c,41,32,9,15,1,1768801726,2026-01-19 00:51:56
8d8a381c-21df-4095-837e-65924d85a06d,0,0,0,19,1,1768801726,2026-01-19 00:51:56
9be6c750-85b6-4e81-bace-1a8ffe941d7b,3,1,2,16,1,1768801726,2026-01-19 00:51:56
1828968327357059242,7,4,3,14,1,1768801726,2026-01-19 00:51:56
f365afa3-e8a5-439d-975d-6c2b064f30df,0,0,0,28,1,1768801727,2026-01-19 00:51:56
d7c56fef-1bf9-4315-85af-8638c534b402,36,32,4,2,1,1768801727,2026-01-19 00:51:56
6dec8948-44c7-4085-9682-446a891feb42,16,2,14,0,1,1768801728,2026-01-19 00:51:56
b7af52d2-fd23-4970-8513-be7c681480c4,55,25,30,1,1,1768801728,2026-01-19 00:51:56
66dc1702-0aca-11e7-82f6-3863bb44ef7c,40,39,1,27,1,1768801725,2026-01-19 00:51:56
1792225684155730482,8,7,1,15,1,1768801728,2026-01-19 00:51:56
c466f15e-715f-411e-904e-1a71fb574cdd,69,38,31,15,1,1768801728,2026-01-19 00:51:56
66dde703-0aca-11e7-82f6-3863bb44ef7c,28,14,14,0,1,1768801728,2026-01-19 00:51:56
a5bd1f58-7df8-4df6-9636-372f1bc194be,36,7,29,0,1,1768801724,2026-01-19 00:51:56
66ddf310-0aca-11e7-82f6-3863bb44ef7c,26,5,21,5,1,1768801730,2026-01-19 00:51:56
66dbf215-0aca-11e7-82f6-3863bb44ef7c,30,14,16,17,1,1768801730,2026-01-19 00:51:56
26599393-b967-44a6-a998-cb72ca53cd9e,2,0,2,19,1,1768801735,2026-01-19 00:51:56
ee1ba75f-baf5-4852-929c-8b7ad310f55a,6,2,4,17,1,1768801736,2026-01-19 00:51:56
1861681740276243358,16,14,2,4,1,1768801736,2026-01-19 00:51:56
1967778612889039234,9,7,2,26,1,1768801732,2026-01-19 00:51:56
66db930d-0aca-11e7-82f6-3863bb44ef7c,13,5,8,14,1,1768801732,2026-01-19 00:51:56
1835246381185208614,10,5,5,12,1,1768801733,2026-01-19 00:51:56
1828967499459705054,8,1,7,10,1,1768801736,2026-01-19 00:51:56
8ec47777-852d-4059-a5ea-12eef71a9606,36,4,32,1,1,1768801737,2026-01-19 00:51:56
2ad41c1f-5636-4a63-ad52-761e2613061a,0,0,0,20,1,1768801731,2026-01-19 00:51:56
1848241879913802606,21,10,11,0,1,1768801731,2026-01-19 00:51:56
66dbecd0-0aca-11e7-82f6-3863bb44ef7c,16,10,6,32,1,1768801732,2026-01-19 00:51:56
ab29ce96-c2e8-4929-b27b-e0fe4aae17d5,6,0,6,11,1,1768801731,2026-01-19 00:51:56
1856767555236917834,17,1,16,6,1,1768801738,2026-01-19 00:51:56
1817803079955479336,14,3,11,8,1,1768801737,2026-01-19 00:51:56
ce700c09-6095-4b20-ab65-07defdd1a7d7,13,0,13,6,1,1768801737,2026-01-19 00:51:56
ff1e98d3-ae7d-4c53-a531-1845bee1d346,0,0,0,36,1,1768801745,2026-01-19 00:51:56
d4c34830-972f-4cd1-81bb-071df209d065,5,1,4,12,1,1768801745,2026-01-19 00:51:56
92ffa9d6-8cb1-44cf-8059-391b03d58071,4,4,0,22,1,1768801745,2026-01-19 00:51:56
f42b3158-3f78-4a62-964a-8cc554d69c35,14,1,13,1,1,1768801745,2026-01-19 00:51:56
4aa6bb27-b76b-444e-a3ce-6fb25b822494,7,2,5,13,1,1768801744,2026-01-19 00:51:56
1846085836152179090,11,3,8,8,1,1768801744,2026-01-19 00:51:56
1834145204469569922,10,0,10,12,1,1768801740,2026-01-19 00:51:56
66de077f-0aca-11e7-82f6-3863bb44ef7c,6,5,1,51,1,1768801741,2026-01-19 00:51:56
941ea42c-47fe-4d63-a6f5-e0e200f01633,13,12,1,3,1,1768801738,2026-01-19 00:51:56
6cb5fac5-f7e8-4ec9-94cf-816771d91ecd,21,2,19,4,1,1768801739,2026-01-19 00:51:56
66dd4f9b-0aca-11e7-82f6-3863bb44ef7c,8,6,2,27,1,1768801743,2026-01-19 00:51:56
ba7bf20d-b6bc-43dd-bf30-acb940eaeec8,5,3,2,11,1,1768801739,2026-01-19 00:51:56
1882736243099681438,15,9,6,19,1,1768801739,2026-01-19 00:51:56
1880644037244334512,19,4,15,4,1,1768801740,2026-01-19 00:51:56
676b7b4d-b1c0-4c97-8ac3-5fe665e51108,1,0,1,22,1,1768801740,2026-01-19 00:51:56
36aaebb9-ef10-41a5-b20b-753bf8a3fed8,2,0,2,15,1,1768801740,2026-01-19 00:51:56
0e8bfd72-c494-4d3e-85e2-4f98b801fe3b,2,0,2,17,1,1768801740,2026-01-19 00:51:56
b5861c2d-d687-4308-bf2d-5f69fc28cc4a,8,0,8,16,1,1768801741,2026-01-19 00:51:56
1845676917264180046,12,1,11,7,1,1768801741,2026-01-19 00:51:56
66dc7c31-0aca-11e7-82f6-3863bb44ef7c,34,26,8,5,1,1768801742,2026-01-19 00:51:56
d7c12bf1-1ec8-496a-beca-90ba76c53241,1,0,1,16,1,1768801742,2026-01-19 00:51:56
1786686999403592506,22,11,11,8,1,1768801742,2026-01-19 00:51:56
b53b5e8f-9503-48d1-b3e3-9347ecef38e2,8,1,7,26,1,1768801749,2026-01-19 00:51:56
ee1d39c5-47c8-4527-9456-3719c50b7be5,14,5,9,2,1,1768801749,2026-01-19 00:51:56
914e3e7c-87da-4f52-aa03-5449c6361fa2,3,0,3,12,1,1768801750,2026-01-19 00:51:56
3ac37967-e174-421a-bfeb-d02249fb1266,4,2,2,19,1,1768801747,2026-01-19 00:51:56
1860188331547447938,2,1,1,18,1,1768801747,2026-01-19 00:51:56
66dd1eb2-0aca-11e7-82f6-3863bb44ef7c,27,17,10,4,1,1768801748,2026-01-19 00:51:56
272c0389-5e4a-41a9-ad6c-2dccdfa55af9,12,3,9,11,1,1768801747,2026-01-19 00:51:56
0df3a035-5a38-4ec2-826a-0a5376e8d8a0,5,4,1,17,1,1768801748,2026-01-19 00:51:56
66de0a0a-0aca-11e7-82f6-3863bb44ef7c,22,15,7,2,1,1768801748,2026-01-19 00:51:56
1913990214925537808,28,13,15,7,1,1768801747,2026-01-19 00:51:56
57f144cb-375d-4eee-b458-e288116cb8f7,13,5,8,3,1,1768801747,2026-01-19 00:51:56
1869439170989701358,15,1,14,7,1,1768801748,2026-01-19 00:51:56
8066575c-f8e9-4e14-95ea-8d25ceeae2ca,9,5,4,26,1,1768801746,2026-01-19 00:51:56
201edb67-d071-4b67-bafd-131e5c273e9f,16,6,10,3,1,1768801746,2026-01-19 00:51:56
b83b2a73-af8e-4b82-b61e-aeaaf075fbe2,0,0,0,25,1,1768801746,2026-01-19 00:51:56
cb4926e6-0a79-4902-80ee-d365fbf42aec,1,1,0,20,1,1768801746,2026-01-19 00:51:56
f3f46097-54cf-4c30-805a-6b2a4851eed7,4,3,1,19,1,1768801746,2026-01-19 00:51:56
36d80620-9774-487e-8eb0-cf5f18a39321,0,0,0,28,1,1768801750,2026-01-19 00:51:56
1fba77e2-66ab-4e9c-9f9a-4ec4f11fd80b,7,4,3,18,1,1768801752,2026-01-19 00:51:56
66de1a1f-0aca-11e7-82f6-3863bb44ef7c,9,3,6,25,1,1768801752,2026-01-19 00:51:56
b79bb851-130f-473d-83fc-f602aa0a4ca9,4,0,4,14,1,1768801750,2026-01-19 00:51:56
298d4e45-c6d2-45f1-a07a-11606026a6e4,11,6,5,7,1,1768801752,2026-01-19 00:51:56
70634bc4-4d90-42d4-8f6a-3f29fa8f7f77,3,2,1,33,1,1768801751,2026-01-19 00:51:56
66db4417-0aca-11e7-82f6-3863bb44ef7c,52,42,10,0,1,1768801754,2026-01-19 00:51:56
1dba415a-2c46-419e-838d-7e068b8d7d6f,12,3,9,9,1,1768801753,2026-01-19 00:51:56
66dbefee-0aca-11e7-82f6-3863bb44ef7c,1,0,1,13,1,1768801754,2026-01-19 00:51:56
b471c112-1770-4dfe-9e13-fe7479dcb5a5,22,0,22,1,1,1768801754,2026-01-19 00:51:56
1890927910885612334,27,5,22,0,1,1768801754,2026-01-19 00:51:56
0258da92-f770-4acc-b20b-91b78aff791e,16,2,14,6,1,1768801754,2026-01-19 00:51:56
606c7384-75e9-4988-858a-07b88b3a9413,12,4,8,25,1,1768801755,2026-01-19 00:51:56
1828966490867110420,6,1,5,12,1,1768801755,2026-01-19 00:51:56
8f3a6711-fd05-4ce1-acf8-9d72b4a1bf97,0,0,0,20,1,1768801756,2026-01-19 00:51:56
d29ea280-8b64-4a35-b12b-245525ae2a3a,8,5,3,44,1,1768801751,2026-01-19 00:51:56
627c77c0-0088-4ba8-ba66-73e0e3d3fe77,5,2,3,17,1,1768801755,2026-01-19 00:51:56
66de0dfd-0aca-11e7-82f6-3863bb44ef7c,32,29,3,5,1,1768801755,2026-01-19 00:51:56
1828967208126648828,11,4,7,8,1,1768801759,2026-01-19 00:51:56
7d41ac98-df88-497a-aef9-968660e6da0f,7,3,4,30,1,1768801760,2026-01-19 00:51:56
023127f2-a6e0-4fae-ba34-178acccb993e,2,2,0,18,1,1768801759,2026-01-19 00:51:56
9eb98b3b-ea35-483f-91f6-d90c506152db,4,2,2,14,1,1768801760,2026-01-19 00:51:56
1817432709747753390,11,5,6,11,1,1768801760,2026-01-19 00:51:56
66dbc745-0aca-11e7-82f6-3863bb44ef7c,37,31,6,5,1,1768801759,2026-01-19 00:51:56
a6492ad5-d13e-48b0-a0d5-08e60ad93e53,62,14,48,5,1,1768801759,2026-01-19 00:51:56
adb67652-c20d-4dd2-8e89-d6015b801c1a,0,0,0,18,1,1768801759,2026-01-19 00:51:56
3ac7b47b-2253-4a0b-bf7d-8a2eb6b78a38,17,4,13,21,1,1768801759,2026-01-19 00:51:56
66ddebce-0aca-11e7-82f6-3863bb44ef7c,24,13,11,3,1,1768801756,2026-01-19 00:51:56
1846086027713733188,12,2,10,2,1,1768801756,2026-01-19 00:51:56
0efa08a3-1c38-48fe-ab37-8c9b72b20126,13,2,11,1,1,1768801756,2026-01-19 00:51:56
de97a7d0-fbb3-4c13-ba6a-2bbd441751fe,9,4,5,10,1,1768801757,2026-01-19 00:51:56
66dc42a0-0aca-11e7-82f6-3863bb44ef7c,2,1,1,24,1,1768801757,2026-01-19 00:51:56
05d03a63-b5f2-40d9-9a3d-d2fe666a307f,7,0,7,17,1,1768801757,2026-01-19 00:51:56
5864d88d-a0fd-40ad-beee-896118d9360d,17,0,17,2,1,1768801761,2026-01-19 00:51:56
66dd4423-0aca-11e7-82f6-3863bb44ef7c,36,36,0,6,1,1768801761,2026-01-19 00:51:56
8c6cba48-d803-4a90-99f7-e06edcdbbf92,6,3,3,16,1,1768801761,2026-01-19 00:51:56
1826348745879909352,15,0,15,3,1,1768801761,2026-01-19 00:51:56
82b97827-1801-4b7b-b3de-16447a8dd025,2,1,1,16,1,1768801757,2026-01-19 00:51:56
1b962833-d769-418e-b1ef-5a183bb5eb1a,16,2,14,0,1,1768801757,2026-01-19 00:51:56
5d101095-011e-4541-ae64-bed8b52807b3,19,13,6,5,1,1768801761,2026-01-19 00:51:56
66dc11a7-0aca-11e7-82f6-3863bb44ef7c,45,38,7,36,1,1768801762,2026-01-19 00:51:56
1960021056359127624,10,0,10,13,1,1768801762,2026-01-19 00:51:56
1828968462257099768,0,0,0,17,1,1768801762,2026-01-19 00:51:56
3e4a2c26-7527-469c-b4f4-1ef8d40fd20d,3,1,2,14,1,1768801761,2026-01-19 00:51:56
66db3816-0aca-11e7-82f6-3863bb44ef7c,24,17,7,18,1,1768801758,2026-01-19 00:51:56
b16e9f3f-9b07-486f-a1ca-c76030f5ea64,6,2,4,13,1,1768801768,2026-01-19 00:51:56
1835249197527877718,0,0,0,18,1,1768801768,2026-01-19 00:51:56
06e5447e-35b8-45cb-b3bb-937791a6f8ae,11,1,10,8,1,1768801768,2026-01-19 00:51:56
a7a175ff-8ffb-477c-a40b-6d47ce92305d,9,1,8,10,1,1768801769,2026-01-19 00:51:56
fc774664-3c9b-4a8f-a79e-f6907db00a1d,13,6,7,20,1,1768801769,2026-01-19 00:51:56
1838070940162509196,3,0,3,16,1,1768801769,2026-01-19 00:51:56
1848242143834868452,14,0,14,3,1,1768801763,2026-01-19 00:51:56
d5cb6e67-addb-46d4-93e7-832371736d45,28,2,26,4,1,1768801763,2026-01-19 00:51:56
0575e356-72f4-4251-8e15-574cf60bd190,4,2,2,15,1,1768801763,2026-01-19 00:51:56
034f7f3d-e632-475a-aa01-894480d153df,7,5,2,10,1,1768801763,2026-01-19 00:51:56
1851947582840610924,4,0,4,17,1,1768801763,2026-01-19 00:51:56
66dd9dba-0aca-11e7-82f6-3863bb44ef7c,30,20,10,12,1,1768801763,2026-01-19 00:51:56
c3b255d8-b690-4825-b1e9-a1d1680e5542,13,5,8,6,1,1768801766,2026-01-19 00:51:56
66dc2606-0aca-11e7-82f6-3863bb44ef7c,48,12,37,23,1,1768801766,2026-01-19 00:51:56
1861682182353914188,12,2,10,7,1,1768801766,2026-01-19 00:51:56
2123938400844950144,2,0,2,13,1,1768801766,2026-01-19 00:51:56
2126624118513887578,4,2,2,6,1,1768801724,2026-01-19 00:51:56
66db5f40-0aca-11e7-82f6-3863bb44ef7c,36,29,7,3,1,1768801766,2026-01-19 00:51:56
1d440638-ec50-4ccb-9a82-0e3247a87c63,32,0,32,7,1,1768801767,2026-01-19 00:51:56
66db3583-0aca-11e7-82f6-3863bb44ef7c,38,20,18,27,1,1768801767,2026-01-19 00:51:56
5b4a90b8-426d-4a40-a7ca-87e51d690883,3,3,0,35,1,1768801765,2026-01-19 00:51:56
66de4336-0aca-11e7-82f6-3863bb44ef7c,21,5,16,9,1,1768801765,2026-01-19 00:51:56
af72781c-fe0b-4b73-a7df-201f9780ea9c,43,30,13,1,1,1768801765,2026-01-19 00:51:56
1835246516012366338,20,8,12,0,1,1768801765,2026-01-19 00:51:56
c829b6af-002b-4d04-af56-6924d4ad0aa2,1,1,0,23,1,1768801765,2026-01-19 00:51:56
66dc8025-0aca-11e7-82f6-3863bb44ef7c,77,67,10,6,1,1768801766,2026-01-19 00:51:56
66dde7dc-0aca-11e7-82f6-3863bb44ef7c,5,4,1,17,1,1768801765,2026-01-19 00:51:56
1828969634783171152,19,3,16,0,1,1768801764,2026-01-19 00:51:56
d9160982-2d9b-4f08-9469-a559a7b62809,11,7,5,74,1,1768801764,2026-01-19 00:51:56
66dcf30d-0aca-11e7-82f6-3863bb44ef7c,16,2,14,7,1,1768801764,2026-01-19 00:51:56
981f1311-004f-41c3-ba5b-3679f78aeb70,11,1,10,5,1,1768801767,2026-01-19 00:51:56
b9b58379-b29a-4fa8-ba72-c647728e1686,13,11,2,6,1,1768801767,2026-01-19 00:51:56
4bc6f4d0-edd5-4eb0-a704-f7ce0d693aac,1,0,1,18,1,1768801767,2026-01-19 00:51:56
2ec1235f-a043-4e3a-9ba1-56f7dd4624b7,13,10,3,7,1,1768801767,2026-01-19 00:51:56
11a8d465-b4eb-466b-a6ca-055f73994231,12,4,8,14,1,1768801767,2026-01-19 00:51:56
3fed8016-0be0-47f5-8663-2e850ec47288,22,3,19,0,1,1768801768,2026-01-19 00:51:56
1835249448692130546,9,7,2,13,1,1768801768,2026-01-19 00:51:56
66dca5f3-0aca-11e7-82f6-3863bb44ef7c,6,5,1,41,1,1768801767,2026-01-19 00:51:56
66dc462a-0aca-11e7-82f6-3863bb44ef7c,63,26,37,11,1,1768801683,2026-01-19 00:51:56
1861683217585879154,26,7,19,19,1,1768801684,2026-01-19 00:51:56
46bdd925-fb6c-4654-85d8-e0db4da62abf,15,1,14,15,1,1768801679,2026-01-19 00:51:56
2ec2f95c-675c-4c59-856f-1fb38df59fa2,1,0,1,17,1,1768801685,2026-01-19 00:51:56
13b82a41-c25b-428f-a07b-5f5d8340c6f2,0,0,0,14,1,1768801682,2026-01-19 00:51:56
66db3898-0aca-11e7-82f6-3863bb44ef7c,14,5,9,19,1,1768801682,2026-01-19 00:51:56
66ddbdb1-0aca-11e7-82f6-3863bb44ef7c,18,6,12,5,1,1768801682,2026-01-19 00:51:56
1797078913880883846,1,1,0,18,1,1768801682,2026-01-19 00:51:56
06109e92-4363-445a-9743-0457f6799530,13,7,6,61,1,1768801685,2026-01-19 00:51:56
14391923-6727-4359-92e9-03e0b5094753,37,10,27,13,1,1768801685,2026-01-19 00:51:56
f8c1c90f-4ec0-44bd-b097-cfafc887744d,43,4,39,10,1,1768801686,2026-01-19 00:51:56
1862787688044743624,15,0,15,4,1,1768801687,2026-01-19 00:51:56
1963272613486484230,10,5,5,58,1,1768801687,2026-01-19 00:51:56
c8197f4b-02b0-4cc3-96af-df5fec27a279,2,2,0,12,1,1768801688,2026-01-19 00:51:56
66dd1bf3-0aca-11e7-82f6-3863bb44ef7c,43,0,43,3,1,1768801688,2026-01-19 00:51:56
66dbf6d2-0aca-11e7-82f6-3863bb44ef7c,1,1,0,29,1,1768801685,2026-01-19 00:51:56
66dc8382-0aca-11e7-82f6-3863bb44ef7c,25,21,4,54,1,1768801685,2026-01-19 00:51:56
66db460d-0aca-11e7-82f6-3863bb44ef7c,23,1,22,5,1,1768801688,2026-01-19 00:51:56
66db3fc9-0aca-11e7-82f6-3863bb44ef7c,23,6,17,19,1,1768801689,2026-01-19 00:51:56
b1cdec34-d4f9-4313-be82-729bb9f7bb18,13,3,10,5,1,1768801689,2026-01-19 00:51:56
66db43b5-0aca-11e7-82f6-3863bb44ef7c,12,10,2,9,1,1768801690,2026-01-19 00:51:56
2088792249063596144,19,13,6,10,1,1768801693,2026-01-19 00:51:56
1879828885264130640,11,3,8,7,1,1768801694,2026-01-19 00:51:56
61c82689-3f4c-495d-8f44-e71de8f04088,26,20,6,53,1,1768801695,2026-01-19 00:51:56
1849009794224623642,17,0,17,1,1,1768801694,2026-01-19 00:51:56
66de14af-0aca-11e7-82f6-3863bb44ef7c,34,0,34,0,1,1768801694,2026-01-19 00:51:56
1861681959015615218,0,0,0,25,1,1768801695,2026-01-19 00:51:56
66dc210e-0aca-11e7-82f6-3863bb44ef7c,2,2,0,29,1,1768801696,2026-01-19 00:51:56
971cddfa-695e-4b44-ba8b-26154ab4a83b,2,1,1,14,1,1768801692,2026-01-19 00:51:56
66de4897-0aca-11e7-82f6-3863bb44ef7c,20,1,19,0,1,1768801692,2026-01-19 00:51:56
66dcb9f7-0aca-11e7-82f6-3863bb44ef7c,5,0,5,16,1,1768801691,2026-01-19 00:51:56
8c2ed08f-1660-4db8-9168-4709427c23ed,10,10,0,8,1,1768801692,2026-01-19 00:51:56
66dccc99-0aca-11e7-82f6-3863bb44ef7c,7,3,4,22,1,1768801697,2026-01-19 00:51:56
66dcc3e5-0aca-11e7-82f6-3863bb44ef7c,1,0,1,20,1,1768801698,2026-01-19 00:51:56
8b830188-101e-44bf-a755-5e6c611e3edc,25,2,23,1,1,1768801698,2026-01-19 00:51:56
1875395639434791520,1,0,1,17,1,1768801698,2026-01-19 00:51:56
66dd4356-0aca-11e7-82f6-3863bb44ef7c,13,4,9,29,1,1768801699,2026-01-19 00:51:56
6ff2eec8-2b72-490a-b1c3-f9892ab3a724,13,12,1,33,1,1768801698,2026-01-19 00:51:56
178bad16-1b02-4264-94c0-a8fd0faa60fe,8,3,5,27,1,1768801702,2026-01-19 00:51:56
1794096824496960148,31,13,18,12,1,1768801703,2026-01-19 00:51:56
e36b5913-8e46-4c2a-b9be-73bdf8ee548b,8,1,7,47,1,1768801703,2026-01-19 00:51:56
1857515306802639416,19,1,18,0,1,1768801702,2026-01-19 00:51:56
186092d1-a431-45db-8198-d5ba13334d79,14,0,14,7,1,1768801699,2026-01-19 00:51:56
1a92d2d3-ddf1-4f34-b28c-ce7a064b9a3e,5,1,4,14,1,1768801699,2026-01-19 00:51:56
66dbf140-0aca-11e7-82f6-3863bb44ef7c,81,52,29,2,1,1768801699,2026-01-19 00:51:56
4e862dc1-0652-4f29-a26f-315d763df67d,20,11,9,35,1,1768801703,2026-01-19 00:51:56
66db3e32-0aca-11e7-82f6-3863bb44ef7c,39,3,36,4,1,1768801703,2026-01-19 00:51:56
0b857ee5-3d10-4152-952e-95fbaf06677a,7,6,1,22,1,1768801704,2026-01-19 00:51:56
c7dbc7b5-240b-494d-8663-dbee4103a20c,13,0,13,5,1,1768801773,2026-01-19 00:51:56
a4c9faeb-2234-457d-ad56-1ab14104b538,6,4,2,12,1,1768801773,2026-01-19 00:51:56
49703a2d-15e9-4af4-b80e-cca664d7ea18,5,2,3,15,1,1768801773,2026-01-19 00:51:56
66de602e-0aca-11e7-82f6-3863bb44ef7c,46,4,42,4,1,1768801773,2026-01-19 00:51:56
66dc7d58-0aca-11e7-82f6-3863bb44ef7c,61,39,22,6,1,1768801774,2026-01-19 00:51:56
5b4a4b20-539b-47c1-9228-1f1f124b3ec9,13,1,12,6,1,1768801774,2026-01-19 00:51:56
d5d2aebc-158c-43ec-9105-2a779d0245d8,0,0,0,18,1,1768801774,2026-01-19 00:51:56
1817432346178415570,5,2,3,15,1,1768801771,2026-01-19 00:51:56
f47e1ce9-ff3f-49e9-9a2f-aa5be45d70da,11,1,10,12,1,1768801771,2026-01-19 00:51:56
f6cf3ecc-b3ad-4291-8c24-277f28f64ba1,0,0,0,17,1,1768801771,2026-01-19 00:51:56
a7c09fde-76e8-4a56-b61d-8ca940432efd,5,4,1,18,1,1768801772,2026-01-19 00:51:56
3a51a25f-3e9b-4aea-84ee-39e9a3acc7fd,8,3,5,15,1,1768801772,2026-01-19 00:51:56
e0a9ed84-55f9-40f5-90fa-87db17d2f933,12,2,10,6,1,1768801772,2026-01-19 00:51:56
814dd1a9-100c-4b1b-8110-6319bbd464e9,2,2,0,18,1,1768801772,2026-01-19 00:51:56
89d4a926-f1ae-4bf2-bf2d-59cff3881579,67,11,56,3,1,1768801772,2026-01-19 00:51:56
3575749f-123a-4a80-870d-7ca7c7f9c8a9,3,1,2,21,1,1768801772,2026-01-19 00:51:56
1856767203049599002,11,2,9,9,1,1768801772,2026-01-19 00:51:56
0e405c35-322f-4705-8ea7-769eb3fd028a,6,0,6,11,1,1768801772,2026-01-19 00:51:56
1945126022626996350,16,1,15,9,1,1768801773,2026-01-19 00:51:56
66dcf922-0aca-11e7-82f6-3863bb44ef7c,11,0,11,17,1,1768801771,2026-01-19 00:51:56
66dea8ff-0aca-11e7-82f6-3863bb44ef7c,7,5,2,29,1,1768801771,2026-01-19 00:51:56
067b53bd-33bf-4698-8103-3931a5f32a37,10,5,5,9,1,1768801770,2026-01-19 00:51:56
66dbbeda-0aca-11e7-82f6-3863bb44ef7c,49,37,12,31,1,1768801770,2026-01-19 00:51:56
5fdf435f-6080-4b1d-966c-3b9d08450c4d,14,6,8,5,1,1768801770,2026-01-19 00:51:56
566935d6-4d66-4b42-9822-f2a816e357b9,17,7,10,7,1,1768801769,2026-01-19 00:51:56
324e55da-fec0-43a2-b622-27774381ab7f,4,2,2,14,1,1768801769,2026-01-19 00:51:56
66dbc7d2-0aca-11e7-82f6-3863bb44ef7c,16,2,14,14,1,1768801769,2026-01-19 00:51:56
1786696780996714874,30,26,4,0,1,1768801778,2026-01-19 00:51:56
7b56cbab-9d93-4043-bfa5-63eb6b3e5281,11,4,7,5,1,1768801774,2026-01-19 00:51:56
7b0227aa-bbf5-4731-a49a-765b4afac483,24,18,6,49,1,1768801774,2026-01-19 00:51:56
b43ecf62-4c9d-4b06-ac9a-5837084f769f,2,2,0,19,1,1768801775,2026-01-19 00:51:56
66dc4334-0aca-11e7-82f6-3863bb44ef7c,20,14,6,4,1,1768801777,2026-01-19 00:51:56
340036c3-2787-4998-9a77-fe54f352d619,0,0,0,15,1,1768801777,2026-01-19 00:51:56
c1e24edf-7192-433f-8d38-be5b6b3647c5,22,22,0,2,1,1768801777,2026-01-19 00:51:56
7af717b9-99ce-4cce-94b4-b445a40537a1,21,4,17,0,1,1768801778,2026-01-19 00:51:56
1791188268875152272,44,10,34,4,1,1768801778,2026-01-19 00:51:56
66dcecfa-0aca-11e7-82f6-3863bb44ef7c,8,7,1,22,1,1768801778,2026-01-19 00:51:56
266c8621-fdea-4a7e-9d35-18ca1684d526,8,3,5,15,1,1768801778,2026-01-19 00:51:56
0cb63737-64c9-42a9-9479-280d49ed015a,11,1,10,12,1,1768801777,2026-01-19 00:51:56
c72970e7-7f1a-4671-bf55-fc34be7c9413,13,2,11,5,1,1768801775,2026-01-19 00:51:56
66dc0f1b-0aca-11e7-82f6-3863bb44ef7c,68,54,14,0,1,1768801775,2026-01-19 00:51:56
822d96e8-fb6c-463a-b866-aec9e408ad5e,16,7,9,1,1,1768801779,2026-01-19 00:51:56
1838999304404452058,18,0,18,0,1,1768801779,2026-01-19 00:51:56
66db90f1-0aca-11e7-82f6-3863bb44ef7c,26,22,4,36,1,1768801779,2026-01-19 00:51:56
f3eb962c-314a-4431-bac7-2eb2ffbe2fd2,4,1,3,11,1,1768801779,2026-01-19 00:51:56
90fca941-2212-43bf-b104-ce32c4270d4d,0,0,0,19,1,1768801788,2026-01-19 00:51:56
66dde271-0aca-11e7-82f6-3863bb44ef7c,14,8,6,29,1,1768801788,2026-01-19 00:51:56
1960021358478625244,49,42,7,24,1,1768801789,2026-01-19 00:51:56
3c5a8531-4eec-4695-b4f8-8a1158890e78,11,9,2,7,1,1768801789,2026-01-19 00:51:56
b976906e-81c4-44c5-a160-e17815c0d47b,6,4,2,21,1,1768801790,2026-01-19 00:51:56
1815968345907104578,18,1,17,9,1,1768801790,2026-01-19 00:51:56
66ddd545-0aca-11e7-82f6-3863bb44ef7c,75,59,16,11,1,1768801790,2026-01-19 00:51:56
1869754143518014264,27,16,11,12,1,1768801786,2026-01-19 00:51:56
014a931b-8e1c-438a-8a22-f267ddd1e0d2,42,12,30,1,1,1768801786,2026-01-19 00:51:56
7155b0a6-2545-4b02-ae8c-9c0c4220f8c3,4,4,0,16,1,1768801787,2026-01-19 00:51:56
1814907277023901890,22,0,22,1,1,1768801787,2026-01-19 00:51:56
16c54bf4-194b-4f26-9c49-a42901b4748d,1,1,0,21,1,1768801787,2026-01-19 00:51:56
66db281e-0aca-11e7-82f6-3863bb44ef7c,39,8,31,22,1,1768801787,2026-01-19 00:51:56
0e240143-2f86-4754-8345-4994750d99f1,15,3,12,3,1,1768801787,2026-01-19 00:51:56
081d243e-d75e-4e2a-bdae-a990b2397532,4,4,0,18,1,1768801788,2026-01-19 00:51:56
3d6b7c84-7e5a-454d-aa9d-c66eb92383be,5,2,3,13,1,1768801788,2026-01-19 00:51:56
66dc8d1d-0aca-11e7-82f6-3863bb44ef7c,12,0,12,51,1,1768801790,2026-01-19 00:51:56
1846086263936934630,15,2,13,3,1,1768801790,2026-01-19 00:51:56
00d3e65e-b614-4408-aaa9-939ed96ce645,39,33,6,10,1,1768801790,2026-01-19 00:51:56
1846086562569586930,15,4,11,3,1,1768801791,2026-01-19 00:51:56
1835250199411134468,13,6,7,9,1,1768801791,2026-01-19 00:51:56
7c7cb750-6613-48a4-bfae-9240968f1fad,10,7,3,26,1,1768801787,2026-01-19 00:51:56
66de0c43-0aca-11e7-82f6-3863bb44ef7c,23,2,21,3,1,1768801787,2026-01-19 00:51:56
32d3adc3-c3dd-4a97-a4db-95d467f3c3aa,0,0,0,29,1,1768801787,2026-01-19 00:51:56
398ebef6-dcc2-4305-b1d2-47efafdaa85c,3,3,0,15,1,1768801787,2026-01-19 00:51:56
1828966227118051662,15,2,13,1,1,1768801787,2026-01-19 00:51:56
66db9675-0aca-11e7-82f6-3863bb44ef7c,16,16,0,10,1,1768801782,2026-01-19 00:51:56
f47c7f15-1c30-4199-a09f-134f0f0f684b,3,2,1,19,1,1768801782,2026-01-19 00:51:56
93e2e1a5-49c5-41f8-a6bf-b399b6a5140d,27,3,24,40,1,1768801782,2026-01-19 00:51:56
a68acb0c-4244-416a-bf59-ca55d3120cdd,15,10,5,3,1,1768801782,2026-01-19 00:51:56
66ddeb67-0aca-11e7-82f6-3863bb44ef7c,25,19,6,2,1,1768801782,2026-01-19 00:51:56
cda60c6d-80f3-41b7-8ece-fe997f6dafb5,3,2,1,18,1,1768801782,2026-01-19 00:51:56
6fefe1b3-5f0d-47aa-b1dd-cec211239950,3,1,2,16,1,1768801780,2026-01-19 00:51:56
1835244925191295588,3,3,0,18,1,1768801780,2026-01-19 00:51:56
9206af28-03bf-43e3-a8b0-354792921466,8,1,7,12,1,1768801780,2026-01-19 00:51:56
23539f3b-fb83-4f34-b8b8-9f1f37b5e646,17,0,17,17,1,1768801780,2026-01-19 00:51:56
fc5ee04d-710b-45ba-aae0-303b8e95ea89,13,13,0,5,1,1768801780,2026-01-19 00:51:56
c9e76fa9-54e2-4161-9798-4787bf04217a,10,2,8,9,1,1768801780,2026-01-19 00:51:56
bcd3ee0f-21d7-4cc8-ac45-ccea48b6fc1b,6,6,0,15,1,1768801783,2026-01-19 00:51:56
2124425954553309758,6,1,5,1,1,1768801783,2026-01-19 00:51:56
c4377169-c19e-47e1-90a4-c4e14bb41601,7,3,4,14,1,1768801783,2026-01-19 00:51:56
2126621627432855870,8,0,8,3,1,1768801783,2026-01-19 00:51:56
fffb18be-14b3-412f-a808-107a98cd9e58,1,1,0,15,1,1768801783,2026-01-19 00:51:56
4fb1ee23-4511-47c4-8698-0c46673dc86c,1,1,0,18,1,1768801783,2026-01-19 00:51:56
1984510483573713186,23,11,12,34,1,1768801783,2026-01-19 00:51:56
66db2f4c-0aca-11e7-82f6-3863bb44ef7c,5,0,5,72,1,1768801783,2026-01-19 00:51:56
2123939242997647892,8,2,6,6,1,1768801784,2026-01-19 00:51:56
5a6218aa-c5b7-4436-93c1-dee7cb5322d9,9,1,8,15,1,1768801776,2026-01-19 00:51:56
2126965369631090816,7,1,6,9,1,1768801776,2026-01-19 00:51:56
00284700-9d22-42ce-8485-113fed9879c1,13,8,5,4,1,1768801776,2026-01-19 00:51:56
0e3dedfb-df10-4900-a67b-95349a81bc5c,23,0,23,1,1,1768801781,2026-01-19 00:51:56
89ff4db3-8a29-4565-a366-6fea4b3afc39,12,3,9,7,1,1768801781,2026-01-19 00:51:56
2124037510131026812,18,10,8,0,1,1768801729,2026-01-19 00:51:56
1885440410432338078,8,3,5,14,1,1768801781,2026-01-19 00:51:56
4956ad8b-06d6-4af4-bcc8-735c45439608,3,3,0,14,1,1768801781,2026-01-19 00:51:56
eab2749b-2f79-4797-a0a6-0579b27e6929,16,2,14,20,1,1768801785,2026-01-19 00:51:56
1828966747840428256,5,2,3,13,1,1768801786,2026-01-19 00:51:56
1808184356986544410,6,4,2,23,1,1768801786,2026-01-19 00:51:56
1828968082192898522,4,2,2,17,1,1768801784,2026-01-19 00:51:56
1ecc9936-ee0c-44b2-baa8-237564c8e4fd,33,10,23,12,1,1768801784,2026-01-19 00:51:56
ee70b21e-4a95-4bdf-802c-50f83a76971d,8,5,3,15,1,1768801785,2026-01-19 00:51:56
1835247598942507168,2,1,1,15,1,1768801785,2026-01-19 00:51:56
7a8bf573-275f-41d5-ad8b-1ff9ee7c2dce,5,4,1,17,1,1768801784,2026-01-19 00:51:56
2126623405008140358,6,2,4,3,1,1768801784,2026-01-19 00:51:56
9d56294e-61fc-4176-bb9c-4692f45bb374,16,2,14,2,1,1768801785,2026-01-19 00:51:56
5a5a38d1-f28d-4e51-bf85-27bb384135c7,30,1,29,2,1,1768801793,2026-01-19 00:51:56
e63c8dac-ab44-48c8-83a0-92c53a00f12e,12,12,0,17,1,1768801793,2026-01-19 00:51:56
454fe70c-1d53-4af2-a9ea-1d4bd9f59799,3,2,1,16,1,1768801793,2026-01-19 00:51:56
66dbeb1b-0aca-11e7-82f6-3863bb44ef7c,10,2,8,30,1,1768801794,2026-01-19 00:51:56
2fe3e166-2d2f-41c8-b522-fdf8ee3ae16f,13,5,8,7,1,1768801794,2026-01-19 00:51:56
b4ae292d-5e89-4c58-8154-0496893394b5,3,2,1,19,1,1768801794,2026-01-19 00:51:56
1860189075388547142,2,1,1,18,1,1768801795,2026-01-19 00:51:56
9b0c2c99-214f-4e15-b476-1626c03a9e4e,57,50,7,3,1,1768801792,2026-01-19 00:51:56
66dc7802-0aca-11e7-82f6-3863bb44ef7c,5,4,1,45,1,1768801792,2026-01-19 00:51:56
bdc116cd-4d63-4693-846c-ec5073314007,5,4,1,14,1,1768801793,2026-01-19 00:51:56
c0ce2a38-04f5-4333-8818-2a3faa84f214,21,3,18,8,1,1768801793,2026-01-19 00:51:56
2025623258130320038,13,4,9,19,1,1768801793,2026-01-19 00:51:56
66db28b5-0aca-11e7-82f6-3863bb44ef7c,70,13,57,2,1,1768801794,2026-01-19 00:51:56
66dd9b0f-0aca-11e7-82f6-3863bb44ef7c,16,9,7,23,1,1768801796,2026-01-19 00:51:56
039d4cc9-8560-4d22-88c3-20753c54a50f,10,0,10,13,1,1768801796,2026-01-19 00:51:56
66dc89ae-0aca-11e7-82f6-3863bb44ef7c,2,1,1,35,1,1768801796,2026-01-19 00:51:56
66db5d92-0aca-11e7-82f6-3863bb44ef7c,18,13,5,1,1,1768801796,2026-01-19 00:51:56
1856767361963389606,17,0,17,0,1,1768801796,2026-01-19 00:51:56
1864605926072998676,2,2,0,16,1,1768801792,2026-01-19 00:51:56
f0115d11-c678-4274-8bb7-d486dbb63361,14,1,13,5,1,1768801792,2026-01-19 00:51:56
8dfff4bd-0f3c-43af-bc55-a63850f66c6b,10,2,8,7,1,1768801796,2026-01-19 00:51:56
e3470e29-934c-41f1-8fe7-82135ed2d620,11,0,11,50,1,1768801797,2026-01-19 00:51:56
00d94dfc-3695-47e1-aba6-7f319dd2eb08,8,6,2,13,1,1768801797,2026-01-19 00:51:56
bda1fab4-5065-42df-a8ff-514e6064ab6e,20,0,20,1,1,1768801797,2026-01-19 00:51:56
74f913d2-6eac-49ce-bd6d-53a06fa855a6,19,1,18,0,1,1768801797,2026-01-19 00:51:56
2126224876714496782,5,0,5,3,1,1768801797,2026-01-19 00:51:56
60c5a043-1367-4a27-96ee-394ba60e2154,20,11,9,9,1,1768801797,2026-01-19 00:51:56
3edec530-4791-4872-8912-2a2397a903a4,37,20,17,28,1,1768801797,2026-01-19 00:51:56
c229f0ca-bdd1-4aa0-8906-a3e809e12889,3,1,2,18,1,1768801798,2026-01-19 00:51:56
7e36cd9b-b271-42e5-b344-b7a3771c795e,15,4,11,28,1,1768801798,2026-01-19 00:51:56
1abd4668-ed6b-4930-8177-17239ae75a9e,1,1,0,18,1,1768801798,2026-01-19 00:51:56
1891277309535701686,0,0,0,21,1,1768801798,2026-01-19 00:51:56
8ea3301f-6940-4e0f-80f0-7a3e54b2eaa5,1,0,1,16,1,1768801799,2026-01-19 00:51:56
66dd8479-0aca-11e7-82f6-3863bb44ef7c,0,0,0,14,0,1768724717,2026-01-19 00:51:56
1839334257267825432,0,0,0,9,0,1768714345,2026-01-19 00:51:56
e163ce54-4c39-43c5-9831-e10a2603527d,0,0,0,9,0,1768685142,2026-01-19 00:51:56
66dd6721-0aca-11e7-82f6-3863bb44ef7c,0,0,0,12,0,1768685068,2026-01-19 00:51:56
66dd5e69-0aca-11e7-82f6-3863bb44ef7c,10,1,9,7,1,1768801683,2026-01-19 00:51:56
2108372562172578194,16,16,0,0,1,1768801685,2026-01-19 00:51:56
3d1db3fa-1df5-46c8-baf3-619b729f5bda,6,3,3,9,1,1768801701,2026-01-19 00:51:56
6107e75a-2493-4e3d-a3e0-d4886d3416e5,7,0,7,5,1,1768801715,2026-01-19 00:51:56
4a48175b-c239-4d5e-b1b8-03eda4239678,20,7,13,7,1,1768801735,2026-01-19 00:51:56
66dd5960-0aca-11e7-82f6-3863bb44ef7c,13,2,11,8,1,1768801749,2026-01-19 00:51:56
681a8bdb-65ff-4078-a5de-74927502da4e,4,0,4,13,1,1768801755,2026-01-19 00:51:56
2de92329-48d0-4cf7-85df-172f91bbb320,0,0,0,16,0,1768695600,2026-01-19 00:51:56
7478be11-37d8-49b1-a253-f0810045f6ff,0,0,0,15,0,1768784629,2026-01-19 00:51:56
d09709d2-e119-48c4-aa22-29432a13a35a,5,1,4,7,1,1768801775,2026-01-19 00:51:56
2116635307734817684,4,2,2,9,1,1768801773,2026-01-19 00:51:56
66ddda59-0aca-11e7-82f6-3863bb44ef7c,8,3,5,5,1,1768801787,2026-01-19 00:51:56
f417d8da-0f15-49b0-9e3c-3c3e55c2691d,15,7,8,7,1,1768801790,2026-01-19 00:51:56
537a2f47-26a3-4776-ba9d-e2acd2ffbee1,3,3,0,1,1,1768801769,2026-01-19 00:51:56
2116636101124803154,0,0,0,14,1,1768801560,2026-01-19 00:51:56
2116635993049651742,1,0,1,10,1,1768801797,2026-01-19 00:51:56
66dd7cab-0aca-11e7-82f6-3863bb44ef7c,9,4,5,13,1,1768801703,2026-01-19 00:51:56
66ddded0-0aca-11e7-82f6-3863bb44ef7c,5,1,4,7,1,1768801712,2026-01-19 00:51:56
21c4a77d-b1ae-4262-b143-087fd14a07b8,13,4,9,2,1,1768801717,2026-01-19 00:51:56
a59f4f11-5d52-43a2-8a32-ae71137a6af8,11,10,1,7,1,1768801716,2026-01-19 00:51:56
2036428272250118978,6,0,6,13,1,1768801715,2026-01-19 00:51:56
ded4386f-9f69-43c6-a566-4511920c3e39,9,4,5,12,1,1768801695,2026-01-19 00:51:56
3742e2ab-6cd0-40cf-846a-72cbe637afe1,13,1,12,16,1,1768801739,2026-01-19 00:51:56
66dd83fc-0aca-11e7-82f6-3863bb44ef7c,11,2,9,10,1,1768801733,2026-01-19 00:51:56
c32d6965-4fae-4f1f-a5f2-7f2ef5f439fc,2,0,2,17,1,1768801737,2026-01-19 00:51:56
66dd836d-0aca-11e7-82f6-3863bb44ef7c,12,5,7,9,1,1768801759,2026-01-19 00:51:56
915057d4-edbc-4c73-8d81-dda33d600d58,12,3,9,4,1,1768801736,2026-01-19 00:51:56
43318169-d1ae-4a1a-9578-23cfa3fdbac9,13,6,7,5,1,1768801745,2026-01-19 00:51:56
2108372790290481846,5,5,0,8,1,1768801790,2026-01-19 00:51:56
66dd650d-0aca-11e7-82f6-3863bb44ef7c,6,3,3,9,1,1768801788,2026-01-19 00:51:56
66dd8043-0aca-11e7-82f6-3863bb44ef7c,6,6,0,12,1,1768801757,2026-01-19 00:51:56
e2c00264-9eea-446d-a1b7-27cef3aed403,7,5,2,6,1,1768801759,2026-01-19 00:51:56
f841ae52-0bbb-49db-b6eb-f898fbce6108,0,0,0,6,0,1768746780,2026-01-19 00:51:56
66dd9183-0aca-11e7-82f6-3863bb44ef7c,3,2,1,9,1,1768801787,2026-01-19 00:51:56
66ddde40-0aca-11e7-82f6-3863bb44ef7c,10,2,8,8,1,1768801782,2026-01-19 00:51:56
0bb12c94-efdb-40ac-98fe-9521ba373b57,6,1,5,21,1,1768801785,2026-01-19 00:51:56
66dddc98-0aca-11e7-82f6-3863bb44ef7c,15,7,8,10,1,1768801799,2026-01-19 00:51:56
66dddae7-0aca-11e7-82f6-3863bb44ef7c,8,8,0,8,1,1768801800,2026-01-19 00:51:56
823c0615-2832-4e76-85f0-7cf527151aba,0,0,0,0,0,86400,2026-01-19 00:51:56
2290031f-e7d8-40a3-9ad6-566df493bbbc,0,0,0,3,0,1768776385,2026-01-19 00:51:56
1ec24ce3-2b69-4f3a-a153-c73e583d11f3,0,0,0,14,0,1768736556,2026-01-19 00:51:56
1849747691035224144,14,5,9,1,1,1768801695,2026-01-19 00:51:56
66dd63de-0aca-11e7-82f6-3863bb44ef7c,9,7,2,8,1,1768801708,2026-01-19 00:51:56
655b0878-c22b-4f8c-8675-21bf30d1eebf,8,5,3,4,1,1768801685,2026-01-19 00:51:56
8ae0bf30-9979-461e-a947-2dd89f293b40,8,1,7,4,1,1768801715,2026-01-19 00:51:56
66dd630c-0aca-11e7-82f6-3863bb44ef7c,17,6,11,0,1,1768801720,2026-01-19 00:51:56
fadf00cf-d84a-49e8-9607-c67154915412,24,17,7,2,1,1768801720,2026-01-19 00:51:56
2058728861810389252,10,8,2,9,1,1768801741,2026-01-19 00:51:56
66ddd78e-0aca-11e7-82f6-3863bb44ef7c,7,6,1,6,1,1768801752,2026-01-19 00:51:56
66dd7f10-0aca-11e7-82f6-3863bb44ef7c,10,5,5,14,1,1768801756,2026-01-19 00:51:56
2108372139456801688,8,7,1,10,1,1768801754,2026-01-19 00:51:56
66dd58f2-0aca-11e7-82f6-3863bb44ef7c,6,0,6,6,1,1768801766,2026-01-19 00:51:56
33a797e8-6be2-4868-b9f6-1be157eaa0a5,2,2,0,16,1,1768801746,2026-01-19 00:51:56
22cd02a2-228f-4eeb-b249-cbea51a0e219,8,5,3,10,1,1768801749,2026-01-19 00:51:56
5f798c51-5d8b-4add-9f81-341f54a82ffa,6,0,6,12,1,1768801758,2026-01-19 00:51:56
2116635185595800086,9,5,4,2,1,1768801769,2026-01-19 00:51:56
2116635868495600156,3,1,2,9,1,1768801682,2026-01-19 00:51:56
dd8b2f53-8b94-4082-9576-994a4962f9d5,5,5,0,10,1,1768801784,2026-01-19 00:51:56
ccfa1f8f-f930-45f2-9cda-375c01596ca2,0,0,0,18,1,1768801782,2026-01-19 00:51:56
2116635417524034072,4,4,0,8,1,1768801781,2026-01-19 00:51:56
2157737368545384190,2,2,0,14,1,1768801785,2026-01-19 00:51:56
2108373096850688302,1,1,0,13,1,1768801781,2026-01-19 00:51:56
66dd5f99-0aca-11e7-82f6-3863bb44ef7c,10,1,9,6,1,1768801787,2026-01-19 00:51:56
1844599666569400604,0,0,0,4,0,1768792348,2026-01-19 00:51:56
66dd6441-0aca-11e7-82f6-3863bb44ef7c,0,0,0,11,0,1768715411,2026-01-19 00:51:56
66dd6000-0aca-11e7-82f6-3863bb44ef7c,12,1,11,6,1,1768801678,2026-01-19 00:51:56
66dd7fe2-0aca-11e7-82f6-3863bb44ef7c,5,0,5,17,1,1768801693,2026-01-19 00:51:56
66ddd81a-0aca-11e7-82f6-3863bb44ef7c,2,1,1,10,1,1768801747,2026-01-19 00:51:56
2108372029596633484,6,1,5,6,1,1768801742,2026-01-19 00:51:56
2157736614125310040,6,4,2,10,1,1768801788,2026-01-19 00:51:56
66dddf5f-0aca-11e7-82f6-3863bb44ef7c,4,4,0,8,1,1768801786,2026-01-19 00:51:56
66dd8b48-0aca-11e7-82f6-3863bb44ef7c,14,6,8,4,1,1768801789,2026-01-19 00:51:56
2165507807810224012,1,1,0,8,1,1768801786,2026-01-19 00:51:56
4aecd6f2-8a84-4bed-a528-dc6870877292,2,2,0,15,1,1768801724,2026-01-19 00:51:56
66dd80ac-0aca-11e7-82f6-3863bb44ef7c,7,1,6,13,1,1768801775,2026-01-19 00:51:56
2108373197827738014,9,3,6,11,1,1768801738,2026-01-19 00:51:56
66dd7b37-0aca-11e7-82f6-3863bb44ef7c,12,4,8,14,1,1768801796,2026-01-19 00:51:56
3371df76-39db-43ab-b3d6-fac0be55311f,7,4,3,7,1,1768801796,2026-01-19 00:51:56
2158919319277979600,1,1,0,12,1,1768801797,2026-01-19 00:51:56
2116885281736356212,5,2,3,7,1,1768801797,2026-01-19 00:51:56
5aa81a37-ea1d-4bf6-ab40-4751c6b4fb08,3,2,1,13,1,1768801684,2026-01-19 00:51:56
66ddddb4-0aca-11e7-82f6-3863bb44ef7c,6,0,6,7,1,1768801757,2026-01-19 00:51:56
581211b2-4e42-48f2-8a8f-5f968cb1c5df,25,22,3,5,1,1768801759,2026-01-19 00:51:56
cbc48689-7805-49dd-9669-5471f4b7b6fb,12,0,12,11,1,1768801764,2026-01-19 00:51:56
2088688422524183306,5,2,3,31,1,1768801724,2026-01-19 00:51:56
bd6f422b-d7ae-4d7e-9261-653fdd8e6888,22,15,7,4,1,1768801721,2026-01-19 00:51:56
2116635527663355916,0,0,0,11,1,1768801728,2026-01-19 00:51:56
9d344652-976b-4c2d-bede-2ef19b0fbf13,8,5,3,9,1,1768801731,2026-01-19 00:51:56
519824e4-69ba-4270-a395-17c204f328f8,2,2,0,15,1,1768801745,2026-01-19 00:51:56
46813ecf-8df4-4c8f-9579-0179e0b36ba6,4,1,3,11,1,1768801739,2026-01-19 00:51:56
2116636221383887448,15,0,15,3,1,1768801734,2026-01-19 00:51:56
2108372356498784942,8,2,6,2,1,1768801771,2026-01-19 00:51:56
b6a13f2b-deb4-4f4d-9d67-7d23bee27c88,9,4,5,5,1,1768801775,2026-01-19 00:51:56
66dddd28-0aca-11e7-82f6-3863bb44ef7c,4,2,2,10,1,1768801775,2026-01-19 00:51:56
66ddd8a8-0aca-11e7-82f6-3863bb44ef7c,5,0,5,9,1,1768801775,2026-01-19 00:51:56
66ddd93e-0aca-11e7-82f6-3863bb44ef7c,9,3,6,4,1,1768801776,2026-01-19 00:51:56
2108373961268485100,4,0,4,9,1,1768801778,2026-01-19 00:51:56
2116634708854430228,10,2,8,7,1,1768801782,2026-01-19 00:51:56
66dddc08-0aca-11e7-82f6-3863bb44ef7c,8,5,3,2,1,1768801780,2026-01-19 00:51:56
5faf99b8-9046-450f-9d2a-d13279b3d016,0,0,0,16,0,1768786745,2026-01-19 00:51:56
66dd5a42-0aca-11e7-82f6-3863bb44ef7c,12,10,2,7,1,1768801789,2026-01-19 00:51:56
2108372903577159978,4,4,0,11,1,1768801778,2026-01-19 00:51:56
66dd5f24-0aca-11e7-82f6-3863bb44ef7c,14,3,11,8,1,1768801798,2026-01-19 00:51:56
