station_id,num_bikes,num_ebikes,num_classics,num_docks,status,last_reported,timestamp
41495491-5d89-4e14-aab9-c3db04aad399,0,0,0,0,0,86400,2026-02-01 00:41:28
1905837242740508940,0,0,0,0,0,86400,2026-02-01 00:41:28
b9720921-8170-43ea-a5ae-b61b9161eb49,0,0,0,0,0,86400,2026-02-01 00:41:28
2171903488884523500,0,0,0,0,0,86400,2026-02-01 00:41:28
2171903608969565866,0,0,0,0,0,86400,2026-02-01 00:41:28
2171904223419888148,0,0,0,0,0,86400,2026-02-01 00:41:28
2177014969129222184,0,0,0,0,0,86400,2026-02-01 00:41:28
2177016530523622712,0,0,0,0,0,86400,2026-02-01 00:41:28
2177016940364559212,0,0,0,0,0,86400,2026-02-01 00:41:28
493e046c-5d62-4772-90c4-b6a9f4afcd39,0,0,0,9,0,1769903695,2026-02-01 00:41:28
1862002854876824190,0,0,0,13,0,1769819115,2026-02-01 00:41:28
1862008701134683118,2,0,2,20,1,1769924365,2026-02-01 00:41:28
1834145589124844432,0,0,0,18,1,1769924366,2026-02-01 00:41:28
c7604869-5b55-40cf-812e-fc97901bdf14,14,3,11,12,1,1769924366,2026-02-01 00:41:28
66de2b2f-0aca-11e7-82f6-3863bb44ef7c,35,2,32,4,1,1769924366,2026-02-01 00:41:28
bacfe3c2-7946-45ed-91f9-f5b91791de75,5,2,3,24,1,1769924366,2026-02-01 00:41:28
1838071008881986168,10,0,10,15,1,1769924358,2026-02-01 00:41:28
55a4dc76-d839-4e06-9bf4-2f343391343c,2,1,1,17,1,1769924358,2026-02-01 00:41:28
66dbec40-0aca-11e7-82f6-3863bb44ef7c,4,3,1,47,1,1769924358,2026-02-01 00:41:28
0de1f95f-8b1b-4e5e-9eff-73c63265b0ab,13,6,7,12,1,1769924365,2026-02-01 00:41:28
37a37e5b-f975-4f92-a897-dca8e4670631,0,0,0,15,1,1769924364,2026-02-01 00:41:28
6542d952-ca19-410e-9290-ee6b7a6e14cf,1,0,0,20,1,1769924365,2026-02-01 00:41:28
d5cabb43-6c78-4022-964e-a8b02470509e,11,0,11,8,1,1769924363,2026-02-01 00:41:28
5526b855-dc09-4159-a20a-99651861a481,10,5,5,3,1,1769924363,2026-02-01 00:41:28
06439006-11b6-44f0-8545-c9d39035f32a,47,41,6,15,1,1769924362,2026-02-01 00:41:28
66dc0f8a-0aca-11e7-82f6-3863bb44ef7c,27,1,26,21,1,1769924362,2026-02-01 00:41:28
7a6fc75f-a605-4dd6-b567-b2bbbfb862f3,0,0,0,0,0,1769747711,2026-02-01 00:41:28
1854538962214948918,12,1,11,0,1,1769924367,2026-02-01 00:41:28
1888015107269225164,5,5,0,13,1,1769924367,2026-02-01 00:41:28
66db4549-0aca-11e7-82f6-3863bb44ef7c,4,4,0,17,1,1769924367,2026-02-01 00:41:28
90b141b9-c39f-4a26-a32d-08c7d1474d52,0,0,0,16,1,1769924361,2026-02-01 00:41:28
66db2a71-0aca-11e7-82f6-3863bb44ef7c,30,7,23,3,1,1769924375,2026-02-01 00:41:28
66dc7f02-0aca-11e7-82f6-3863bb44ef7c,51,41,10,36,1,1769924375,2026-02-01 00:41:28
82c85f05-4722-48ae-9f64-0522012eb3c8,4,1,3,16,1,1769924375,2026-02-01 00:41:28
47da6ab2-c841-4f2d-97ef-dd8d441c96b1,0,0,0,17,1,1769924375,2026-02-01 00:41:28
83a5d761-57d0-4cd6-aa2b-7eb350120d99,1,0,1,16,1,1769924376,2026-02-01 00:41:28
66de25bd-0aca-11e7-82f6-3863bb44ef7c,56,0,56,3,1,1769924376,2026-02-01 00:41:28
78aabb95-6195-4aa7-ab0d-5748eeb26bd1,15,4,11,11,1,1769924377,2026-02-01 00:41:28
9635affa-8b18-42d5-84c4-7f67ad5ef9d0,6,2,4,11,1,1769924373,2026-02-01 00:41:28
66de6346-0aca-11e7-82f6-3863bb44ef7c,20,4,16,7,1,1769924373,2026-02-01 00:41:28
1849009654626746672,7,0,7,3,1,1769924373,2026-02-01 00:41:28
66ddeaff-0aca-11e7-82f6-3863bb44ef7c,10,6,4,14,1,1769924373,2026-02-01 00:41:28
bfe5e69d-89ff-48b3-bf20-80cbdfa443e0,7,5,2,39,1,1769924374,2026-02-01 00:41:28
61f2ffd4-159a-42b3-a4d9-3fdfc3349074,2,0,2,18,1,1769924378,2026-02-01 00:41:28
c3189056-8eda-4278-891f-e8e15c2d759a,8,0,8,10,1,1769924375,2026-02-01 00:41:28
bbc3c1df-f7db-4f54-8d5c-b8f4269ecb48,13,9,4,0,1,1769924375,2026-02-01 00:41:28
4568f854-1268-45cf-bac8-82286ef40ae6,13,1,12,6,1,1769924375,2026-02-01 00:41:28
44c23eaa-7ddf-40b3-8373-6f3880c5e1b1,2,0,2,15,1,1769924380,2026-02-01 00:41:28
563389a0-d90f-4155-9c50-528459df26aa,11,7,4,12,1,1769924376,2026-02-01 00:41:28
66dd056e-0aca-11e7-82f6-3863bb44ef7c,4,2,2,7,1,1769924388,2026-02-01 00:41:28
f523c481-ba41-44ba-96e1-0c431fbea558,4,3,1,16,1,1769924388,2026-02-01 00:41:28
66dd4c5f-0aca-11e7-82f6-3863bb44ef7c,1,0,1,51,1,1769924389,2026-02-01 00:41:28
cb05443c-e68e-48f7-8d17-35353fa19d4d,17,6,11,27,1,1769924389,2026-02-01 00:41:28
66db408f-0aca-11e7-82f6-3863bb44ef7c,15,3,12,10,1,1769924389,2026-02-01 00:41:28
12279d2b-29f6-4e02-a7f0-244970f7edd5,6,3,3,17,1,1769924391,2026-02-01 00:41:28
66de677e-0aca-11e7-82f6-3863bb44ef7c,14,3,11,12,1,1769924391,2026-02-01 00:41:28
1838070843306263244,5,2,3,11,1,1769924391,2026-02-01 00:41:28
2171919049376995084,3,1,2,23,1,1769924391,2026-02-01 00:41:28
f5393bc2-36d4-4508-bf51-fa48d121f751,12,4,8,10,1,1769924392,2026-02-01 00:41:28
81a98b0b-cfd6-48b4-90bd-806ebbc264a0,4,1,3,13,1,1769924392,2026-02-01 00:41:28
1840540852548303628,0,0,0,17,1,1769924389,2026-02-01 00:41:28
1862788202397235246,13,1,12,3,1,1769924390,2026-02-01 00:41:28
66dbcd6c-0aca-11e7-82f6-3863bb44ef7c,9,8,1,22,1,1769924389,2026-02-01 00:41:28
807e9f5a-49b6-4b7e-847b-4a60cff330ed,1,0,1,16,1,1769924388,2026-02-01 00:41:28
b4f990dd-36bb-46b3-9eea-4b980bd43c2d,1,1,0,19,1,1769924387,2026-02-01 00:41:28
2126623007192357636,7,0,7,1,1,1769924388,2026-02-01 00:41:28
1835250442210857240,14,1,13,3,1,1769924387,2026-02-01 00:41:28
d470e82e-d109-4e2e-b66a-f5e944cbfe97,12,1,11,2,1,1769924387,2026-02-01 00:41:28
b4974d89-932c-4a9f-a264-2ea0cf70613e,7,6,1,8,1,1769924387,2026-02-01 00:41:28
3a89411a-0bc6-4ba3-bc56-fab950c8eba1,19,4,15,0,1,1769924406,2026-02-01 00:41:28
1871698223344654662,4,2,2,17,1,1769924406,2026-02-01 00:41:28
525535e3-dde3-47b4-9c2e-0174eaa4f2bb,12,3,9,0,1,1769924406,2026-02-01 00:41:28
66dd9fa6-0aca-11e7-82f6-3863bb44ef7c,9,7,2,42,1,1769924411,2026-02-01 00:41:28
66dd4ec7-0aca-11e7-82f6-3863bb44ef7c,15,10,5,54,1,1769924411,2026-02-01 00:41:28
93da4d1b-d574-45b0-85d7-5b82e2887267,15,0,15,4,1,1769924411,2026-02-01 00:41:28
4e747443-d481-4aea-a6d1-cf20204af4ba,13,0,13,5,1,1769924411,2026-02-01 00:41:28
66de71af-0aca-11e7-82f6-3863bb44ef7c,21,0,21,8,1,1769924412,2026-02-01 00:41:28
66880044-5411-4143-af39-eaa0a0fd0528,10,2,8,13,1,1769924411,2026-02-01 00:41:28
6fd61eee-d0ef-4580-9704-bd06b82bcb61,0,0,0,31,0,1769912304,2026-02-01 00:41:28
66de12ff-0aca-11e7-82f6-3863bb44ef7c,7,2,5,4,1,1769924412,2026-02-01 00:41:28
d265dbc7-ef55-4f5b-8a2b-f2015dc71fb8,10,1,9,9,1,1769924412,2026-02-01 00:41:28
1859088223746072684,13,0,13,1,1,1769924407,2026-02-01 00:41:28
42c3bb6e-0478-4e4a-af10-151f5f4dffb9,16,2,14,2,1,1769924407,2026-02-01 00:41:28
517409d3-a94a-4140-a6de-ff0de9221ed2,1,0,1,20,1,1769924408,2026-02-01 00:41:28
66dbe571-0aca-11e7-82f6-3863bb44ef7c,37,11,26,9,1,1769924408,2026-02-01 00:41:28
66dcc0b2-0aca-11e7-82f6-3863bb44ef7c,0,0,0,22,1,1769924408,2026-02-01 00:41:28
c638ec67-9ac0-416f-944f-619926144931,65,61,4,41,1,1769924408,2026-02-01 00:41:28
b96507c5-7c90-499d-9c45-58f25d6f636a,0,0,0,17,1,1769924409,2026-02-01 00:41:28
1835618878584115330,10,4,6,13,1,1769924409,2026-02-01 00:41:28
2c8b263e-952c-4941-a671-ef0ebb062632,15,1,14,2,1,1769924409,2026-02-01 00:41:28
dccaeeb5-c53a-4f48-80e6-05675b71a8c8,13,0,13,14,1,1769924409,2026-02-01 00:41:28
ba33c334-e17d-4478-ae3c-9c2f4dbfbb51,0,0,0,15,1,1769924406,2026-02-01 00:41:28
1975518133370609774,68,59,9,22,1,1769924407,2026-02-01 00:41:28
66dc8a3d-0aca-11e7-82f6-3863bb44ef7c,12,3,9,51,1,1769924406,2026-02-01 00:41:28
1859808514684217788,1,1,0,19,1,1769924408,2026-02-01 00:41:28
1822663031356509142,12,1,11,5,1,1769924409,2026-02-01 00:41:28
8a89684b-40a5-49fe-b75d-fdf32ffa8102,12,1,11,0,1,1769924410,2026-02-01 00:41:28
00967b8f-1a4d-4131-a65a-17fa8ca89e28,1,1,0,15,1,1769924410,2026-02-01 00:41:28
068b919c-f649-4091-8e12-ccf37191cad5,0,0,0,18,1,1769924411,2026-02-01 00:41:28
1960019951675478680,5,2,3,17,1,1769924410,2026-02-01 00:41:28
66de1ea2-0aca-11e7-82f6-3863bb44ef7c,7,5,2,9,1,1769924412,2026-02-01 00:41:28
eb217a2c-1dd0-4690-a34e-ecc1a708f883,0,0,0,19,1,1769924412,2026-02-01 00:41:28
1786700154621508184,7,1,6,18,1,1769924412,2026-02-01 00:41:28
66ddec3e-0aca-11e7-82f6-3863bb44ef7c,1,1,0,12,1,1769924413,2026-02-01 00:41:28
528ed1e0-75aa-45be-8afe-c3f1c950782f,3,0,3,13,1,1769924414,2026-02-01 00:41:28
66db93a1-0aca-11e7-82f6-3863bb44ef7c,2,1,1,30,1,1769924414,2026-02-01 00:41:28
66dc2995-0aca-11e7-82f6-3863bb44ef7c,12,2,10,33,1,1769924415,2026-02-01 00:41:28
2124036103510616644,2,1,1,8,1,1769924387,2026-02-01 00:41:28
493850bd-125b-49f5-932b-bf999504fb06,2,1,1,14,1,1769924415,2026-02-01 00:41:28
e35c42c6-8b73-4528-b08d-c94b75624b40,10,1,9,8,1,1769924415,2026-02-01 00:41:28
54df610f-0e47-4958-98ca-37bb1b1c4dca,0,0,0,22,1,1769924416,2026-02-01 00:41:28
640a9a95-194f-42f5-8d88-1df67129f388,5,0,5,15,1,1769924413,2026-02-01 00:41:28
1962547377975794462,6,1,5,17,1,1769924413,2026-02-01 00:41:28
66dc2c78-0aca-11e7-82f6-3863bb44ef7c,1,1,0,79,1,1769924413,2026-02-01 00:41:28
162d5859-b735-4ff7-9613-01b21f22c1cd,17,0,17,13,1,1769924414,2026-02-01 00:41:28
576abdc1-986e-48b0-bde2-051a13d3ff59,10,5,5,7,1,1769924415,2026-02-01 00:41:28
dad39e68-53f5-47c2-87e2-b1cc0e34f90f,5,1,4,13,1,1769924417,2026-02-01 00:41:28
1898751402035634700,12,3,9,7,1,1769924419,2026-02-01 00:41:28
f3140fb8-347b-4dca-96df-eeef2d1bfc50,8,2,5,7,1,1769924420,2026-02-01 00:41:28
66de0d91-0aca-11e7-82f6-3863bb44ef7c,25,1,24,1,1,1769924420,2026-02-01 00:41:28
66dba303-0aca-11e7-82f6-3863bb44ef7c,9,2,7,3,1,1769924418,2026-02-01 00:41:28
ffae66ec-7c16-436f-bd0a-eedf81d580e7,4,0,4,12,1,1769924420,2026-02-01 00:41:28
b896d83d-5524-4c9c-a2aa-c1b0edaadc22,0,0,0,18,1,1769924420,2026-02-01 00:41:28
7dda8844-60ba-4449-b05c-54c1d14ab5fb,46,37,9,5,1,1769924421,2026-02-01 00:41:28
c63a83a0-bda1-40a6-835b-f82c363543b9,0,0,0,19,1,1769924421,2026-02-01 00:41:28
1826348248869574940,7,0,7,20,1,1769924421,2026-02-01 00:41:28
16e70b05-5b73-4930-9dcf-f79e5ce9eaf5,18,1,17,4,1,1769924421,2026-02-01 00:41:28
66dd4d70-0aca-11e7-82f6-3863bb44ef7c,6,4,2,26,1,1769924421,2026-02-01 00:41:28
66db447a-0aca-11e7-82f6-3863bb44ef7c,42,24,18,0,1,1769924421,2026-02-01 00:41:28
d89dc10f-9be3-45a5-9c3c-06c04c963436,13,0,13,2,1,1769924421,2026-02-01 00:41:28
053312f2-e77e-4674-b28b-ad357fbcb4ee,12,8,4,40,1,1769924421,2026-02-01 00:41:28
96e72113-3681-4d19-88bb-032e76720093,0,0,0,6,0,1769920362,2026-02-01 00:41:28
66db9e99-0aca-11e7-82f6-3863bb44ef7c,3,2,1,15,1,1769924419,2026-02-01 00:41:28
498d7e8e-5164-4f26-9ce6-399947d73b1a,10,4,6,1,1,1769924422,2026-02-01 00:41:28
2ebbe93b-a013-464a-b4a5-0eba96f89676,5,4,1,13,1,1769924423,2026-02-01 00:41:28
1882824287789509296,5,1,4,34,1,1769924423,2026-02-01 00:41:28
1096fc76-794e-4343-8eb0-0dd6c9a48266,3,1,2,13,1,1769924423,2026-02-01 00:41:28
1814906692908349788,10,0,10,10,1,1769924424,2026-02-01 00:41:28
66dc120f-0aca-11e7-82f6-3863bb44ef7c,13,8,5,51,1,1769924417,2026-02-01 00:41:28
ff745407-c087-4c0d-a965-98baf078f292,17,15,2,3,1,1769924418,2026-02-01 00:41:28
74723006-b32f-4590-8cc7-f15eec3808fe,2,0,2,27,1,1769924417,2026-02-01 00:41:28
3db799ba-b574-4e5f-95e5-c767bec2acb6,8,2,6,19,1,1769924418,2026-02-01 00:41:28
66de73fd-0aca-11e7-82f6-3863bb44ef7c,4,3,1,19,1,1769924418,2026-02-01 00:41:28
2137775326353803668,9,1,8,3,1,1769924399,2026-02-01 00:41:28
c606bae0-889c-47c3-8202-9463ef147655,11,0,11,8,1,1769924418,2026-02-01 00:41:28
84a7baff-415b-4ab9-a859-74c2801483ce,7,1,6,8,1,1769924419,2026-02-01 00:41:28
1840504138040045682,9,2,7,7,1,1769924419,2026-02-01 00:41:28
66dced76-0aca-11e7-82f6-3863bb44ef7c,3,0,3,16,1,1769924422,2026-02-01 00:41:28
66dc0dab-0aca-11e7-82f6-3863bb44ef7c,5,3,2,103,1,1769924422,2026-02-01 00:41:28
3eb10c63-ea4c-4161-b07d-a29034f7367a,2,0,2,10,1,1769924422,2026-02-01 00:41:28
66dce9b5-0aca-11e7-82f6-3863bb44ef7c,3,0,3,26,1,1769924355,2026-02-01 00:41:28
7938263e-e5b8-4ca7-b8bf-1adbaae5fead,9,0,9,14,1,1769924356,2026-02-01 00:41:28
633fbc4c-7617-47ba-a393-aad7a8d26a3e,11,0,11,4,1,1769924356,2026-02-01 00:41:28
1929504694747056164,3,3,0,22,1,1769924356,2026-02-01 00:41:28
66dc10d1-0aca-11e7-82f6-3863bb44ef7c,14,1,13,24,1,1769924356,2026-02-01 00:41:28
1860189327773878824,11,0,11,8,1,1769924356,2026-02-01 00:41:28
66de1516-0aca-11e7-82f6-3863bb44ef7c,16,4,12,15,1,1769924354,2026-02-01 00:41:28
d73e26de-8534-4b46-a321-3cae295ef9b2,13,3,10,11,1,1769924355,2026-02-01 00:41:28
56b3ca32-104a-4920-a879-a97a820858c4,15,0,15,8,1,1769924355,2026-02-01 00:41:28
d18512f9-52c8-4175-92b9-b6258dc30748,1,1,0,19,1,1769924356,2026-02-01 00:41:28
a2cf5872-bd4c-4311-832e-d62fd779ecc3,8,0,8,9,1,1769924357,2026-02-01 00:41:28
1871698348432996504,11,2,9,6,1,1769924357,2026-02-01 00:41:28
0dd71c6d-11ee-4ad4-ba99-36b9ad36112c,11,6,5,5,1,1769924360,2026-02-01 00:41:28
1854538387432581604,13,1,12,3,1,1769924360,2026-02-01 00:41:28
c602146e-d69d-43b6-9e8f-054c4df5377e,14,4,10,3,1,1769924354,2026-02-01 00:41:28
f8c242cd-da59-4f0e-afd6-832bbdd7d328,11,2,9,2,1,1769924351,2026-02-01 00:41:28
abc1311e-e000-4211-af9e-0cf92242711e,0,0,0,20,1,1769924369,2026-02-01 00:41:28
1814907423052790164,14,0,14,5,1,1769924369,2026-02-01 00:41:28
f3782e27-c49a-4ee9-b188-0c13cad54688,8,0,8,7,1,1769924369,2026-02-01 00:41:28
6969d756-33a6-4a0b-83d0-3db38bc382d1,18,0,18,4,1,1769924369,2026-02-01 00:41:28
1d3a8670-09b3-4127-b750-af5311e565f0,8,0,8,9,1,1769924369,2026-02-01 00:41:28
816e50eb-dc4b-47dc-b773-154e2020cb0d,2,0,2,17,1,1769924370,2026-02-01 00:41:28
7f4753d7-8d58-48bd-a881-de5bff08b27d,2,0,2,24,1,1769924367,2026-02-01 00:41:28
1dacb0f6-29f5-4d1b-b910-92ffa5b4ca5d,0,0,0,34,1,1769924368,2026-02-01 00:41:28
33840944-aa92-4d91-9de8-d29e5cd0b2d9,7,0,7,21,1,1769924368,2026-02-01 00:41:28
1846085734612252774,3,0,3,18,1,1769924368,2026-02-01 00:41:28
b79c8433-9dd1-4d68-9156-7f2c2162bafe,3,0,3,22,1,1769924368,2026-02-01 00:41:28
66db3053-0aca-11e7-82f6-3863bb44ef7c,30,21,9,25,1,1769924372,2026-02-01 00:41:28
81bec993-29a5-4e70-8f60-eecdf16c7be4,9,4,5,12,1,1769924372,2026-02-01 00:41:28
8caf71df-76c3-43fb-be98-d555d2291460,5,4,1,13,1,1769924372,2026-02-01 00:41:28
66de5005-0aca-11e7-82f6-3863bb44ef7c,9,0,9,13,1,1769924372,2026-02-01 00:41:28
1828965172312150882,6,0,6,11,1,1769924372,2026-02-01 00:41:28
1814907590556515014,15,4,11,2,1,1769924372,2026-02-01 00:41:28
1814548067447122618,15,7,8,5,1,1769924371,2026-02-01 00:41:28
4e9a1c3a-20e2-4fd5-b8de-fbf8d43e7bcc,9,0,9,8,1,1769924370,2026-02-01 00:41:28
b442a648-e9f4-4893-951a-64d258bc0e55,4,0,4,23,1,1769924370,2026-02-01 00:41:28
1795146692060860976,12,0,12,5,1,1769924371,2026-02-01 00:41:28
fbaffdbd-dab5-4127-9bd5-36bf58093ea8,10,7,3,11,1,1769924372,2026-02-01 00:41:28
66dd45c7-0aca-11e7-82f6-3863bb44ef7c,0,0,0,1,0,1769893798,2026-02-01 00:41:28
1835246658344669972,1,1,0,17,1,1769924386,2026-02-01 00:41:28
ca5cc034-a95d-446e-8314-6691589886b1,8,7,1,3,1,1769924386,2026-02-01 00:41:28
1875415144760576328,15,15,0,1,1,1769924383,2026-02-01 00:41:28
22ab59a8-0af4-4101-9350-a7af88e37c2e,5,0,5,12,1,1769924381,2026-02-01 00:41:28
b4b5824b-3c23-44b7-92a3-cec6a54583a0,7,0,7,12,1,1769924381,2026-02-01 00:41:28
24509e46-a0de-47e8-ba40-9441da68952a,0,0,0,18,1,1769924380,2026-02-01 00:41:28
2a66ed0a-5e6d-4893-a1d1-876bb2bac4be,4,1,3,23,1,1769924381,2026-02-01 00:41:28
0f98907a-d4cc-45e0-b174-7d9dfda74106,3,2,1,28,1,1769924381,2026-02-01 00:41:28
1794852638057746848,19,0,19,0,1,1769924384,2026-02-01 00:41:28
77e31650-e86a-4b06-b2de-b92df2a7a7f5,24,2,22,2,1,1769924384,2026-02-01 00:41:28
c80c55c4-d623-42d7-8acf-6bfa68a84ecb,3,0,3,12,1,1769924384,2026-02-01 00:41:28
1799624430022654108,4,0,4,14,1,1769924384,2026-02-01 00:41:28
18415ea7-efce-408d-bcb9-4693fb088dda,18,11,7,2,1,1769924385,2026-02-01 00:41:28
a45a712c-1e3d-4fee-bef8-adafafd80670,4,1,3,10,1,1769924386,2026-02-01 00:41:28
29a41b09-698f-43e2-82ff-f94f73e74841,13,1,12,2,1,1769924386,2026-02-01 00:41:28
66dde76a-0aca-11e7-82f6-3863bb44ef7c,2,0,2,22,1,1769924386,2026-02-01 00:41:28
3e1bdcec-e762-4e83-b447-007f05923cce,5,1,4,15,1,1769924386,2026-02-01 00:41:28
9af90faf-0b9b-451b-9cb0-20ff421ca1d9,1,0,1,23,1,1769924386,2026-02-01 00:41:28
1f088432-0460-421e-a1d9-36890fa5396d,6,3,3,7,1,1769924386,2026-02-01 00:41:28
d45b62b9-7d6b-43b2-bf1e-2c898c55dfd2,2,0,2,11,1,1769924385,2026-02-01 00:41:28
cc5f0e68-dd5f-4db1-81c7-04a4d6674fba,13,0,13,2,1,1769924397,2026-02-01 00:41:28
b4a320d6-2611-4940-96ca-17fb297ec826,15,0,15,1,1,1769924397,2026-02-01 00:41:28
1869743938848725856,35,30,5,49,1,1769924397,2026-02-01 00:41:28
3134c2d4-b090-4eb8-ab44-6f9622098f72,0,0,0,21,1,1769924398,2026-02-01 00:41:28
f9ed9a6b-097e-48b9-a9d1-79d084dcd2d9,1,0,0,16,1,1769924395,2026-02-01 00:41:28
66de0a78-0aca-11e7-82f6-3863bb44ef7c,14,0,14,3,1,1769924395,2026-02-01 00:41:28
7779e057-b33e-46a7-8a1e-8c28bcd9a558,10,0,10,10,1,1769924395,2026-02-01 00:41:28
754ac5df-f2b5-4636-8c58-ed84ea262bde,1,1,0,19,1,1769924396,2026-02-01 00:41:28
2124425439157234232,3,1,2,9,1,1769924340,2026-02-01 00:41:28
0687075b-cf2d-4130-a859-fe841aafbd3f,9,1,8,4,1,1769924395,2026-02-01 00:41:28
2100948436010992354,6,5,1,4,1,1769924399,2026-02-01 00:41:28
44fa161f-eb62-459b-b53e-da83788cfa2a,5,4,1,23,1,1769924394,2026-02-01 00:41:28
6476c5fd-611e-436c-9736-e0f43bb7774e,11,1,10,2,1,1769924394,2026-02-01 00:41:28
1835246937517543544,10,0,10,7,1,1769924392,2026-02-01 00:41:28
d979131e-0b9f-4aa2-88c5-46d4ff94abc8,2,1,1,7,1,1769924393,2026-02-01 00:41:28
66de17f7-0aca-11e7-82f6-3863bb44ef7c,7,6,0,28,1,1769924393,2026-02-01 00:41:28
cd2d9dab-7708-4685-a56f-9412c738de7e,15,0,15,5,1,1769924393,2026-02-01 00:41:28
1986707977001495180,6,0,6,12,1,1769924393,2026-02-01 00:41:28
ebae0b66-e463-4ded-9b7a-43c0aca9b37a,10,1,9,6,1,1769924393,2026-02-01 00:41:28
66dc840f-0aca-11e7-82f6-3863bb44ef7c,10,2,8,45,1,1769924395,2026-02-01 00:41:28
2124037250266884686,8,2,6,1,1,1769924393,2026-02-01 00:41:28
c190f78c-77ad-469e-aecc-e2af7bb6d92a,16,0,16,3,1,1769924393,2026-02-01 00:41:28
66db277a-0aca-11e7-82f6-3863bb44ef7c,13,1,12,7,1,1769924393,2026-02-01 00:41:28
a2ef8ed2-6031-4049-b7dc-9838ef39889b,10,0,10,5,1,1769924398,2026-02-01 00:41:28
f681f980-185d-45b9-8490-bb2606624dd4,1,1,0,16,1,1769924394,2026-02-01 00:41:28
d80c274e-d17d-4a00-9b76-274c9fe4d0e1,0,0,0,29,1,1769924394,2026-02-01 00:41:28
038b7369-9c6e-4eb2-8569-f7461443302f,8,1,7,3,1,1769924399,2026-02-01 00:41:28
66db75cc-0aca-11e7-82f6-3863bb44ef7c,33,16,17,0,1,1769924399,2026-02-01 00:41:28
ed279ef2-52ee-4ff2-9a52-edd8137ea034,7,1,5,16,1,1769924399,2026-02-01 00:41:28
6b60bf55-3da4-439a-bde1-fc80be8623ba,6,5,1,15,1,1769924400,2026-02-01 00:41:28
59df3823-0369-4a10-8132-05df34a170af,14,0,14,22,1,1769924405,2026-02-01 00:41:28
0138452a-b9f4-4aee-80b0-7fae9a122ffe,3,1,2,34,1,1769924403,2026-02-01 00:41:28
1828965347681089818,15,1,14,2,1,1769924403,2026-02-01 00:41:28
66de43a5-0aca-11e7-82f6-3863bb44ef7c,19,9,10,3,1,1769924403,2026-02-01 00:41:28
66dc686c-0aca-11e7-82f6-3863bb44ef7c,50,34,16,19,1,1769924403,2026-02-01 00:41:28
66ddea99-0aca-11e7-82f6-3863bb44ef7c,0,0,0,14,1,1769924404,2026-02-01 00:41:28
d040a7b3-85b5-4c0d-9c92-3f4ad0082143,1,0,1,26,1,1769924404,2026-02-01 00:41:28
62b97c1e-9d06-4c5e-b9c3-d76099e37fe4,0,0,0,21,1,1769924402,2026-02-01 00:41:28
1814901062206225038,7,2,5,9,1,1769924402,2026-02-01 00:41:28
6cd10426-b4e9-40e1-9b35-61f609190ac0,25,11,14,8,1,1769924401,2026-02-01 00:41:28
1804892772559499512,15,2,13,12,1,1769924402,2026-02-01 00:41:28
66de19ab-0aca-11e7-82f6-3863bb44ef7c,1,0,1,29,1,1769924402,2026-02-01 00:41:28
ab6aadd8-fa45-43aa-abea-c8e01ec5a0c8,20,5,15,0,1,1769924400,2026-02-01 00:41:28
1831178352265562334,11,2,9,13,1,1769924400,2026-02-01 00:41:28
66dde4ef-0aca-11e7-82f6-3863bb44ef7c,3,0,3,16,1,1769924401,2026-02-01 00:41:28
66dc8db1-0aca-11e7-82f6-3863bb44ef7c,44,5,39,2,1,1769924403,2026-02-01 00:41:28
66dc1687-0aca-11e7-82f6-3863bb44ef7c,4,1,3,3,1,1769924426,2026-02-01 00:41:28
d8778570-f7f2-458d-82f5-9ad39210a501,25,14,10,5,1,1769924432,2026-02-01 00:41:28
0bd9bd58-42e6-4680-9d19-83943372221f,1,1,0,12,1,1769924433,2026-02-01 00:41:28
0ddb965d-95ef-4ce3-bde6-81a56ac1fbd2,0,0,0,29,1,1769924433,2026-02-01 00:41:28
e85c3165-ad0a-44a3-9683-d8cf7575f465,13,1,12,13,1,1769924434,2026-02-01 00:41:28
19d17911-1e4a-41fa-b62b-719aa0a6182e,21,13,8,15,1,1769924434,2026-02-01 00:41:28
1786697771181570266,31,0,31,1,1,1769924434,2026-02-01 00:41:28
4f814d78-5d8d-458b-877e-2ca449b865be,0,0,0,20,1,1769924432,2026-02-01 00:41:28
32cc1603-a4b5-4099-b7bf-681de451b04a,6,1,5,34,1,1769924431,2026-02-01 00:41:28
66dd515d-0aca-11e7-82f6-3863bb44ef7c,1,1,0,17,1,1769924432,2026-02-01 00:41:28
66ddb66e-0aca-11e7-82f6-3863bb44ef7c,4,2,2,20,1,1769924432,2026-02-01 00:41:28
2126622241630343402,7,5,2,7,1,1769924432,2026-02-01 00:41:28
66dd217d-0aca-11e7-82f6-3863bb44ef7c,4,2,2,18,1,1769924434,2026-02-01 00:41:28
66dbee85-0aca-11e7-82f6-3863bb44ef7c,4,0,4,68,1,1769924434,2026-02-01 00:41:28
2126623765785393224,2,0,2,13,1,1769924435,2026-02-01 00:41:28
1817432434869846072,11,1,10,7,1,1769924435,2026-02-01 00:41:28
cb9840a3-4ae2-420d-865c-9ac45e2f5485,11,5,6,4,1,1769924435,2026-02-01 00:41:28
66de1fe7-0aca-11e7-82f6-3863bb44ef7c,11,2,9,4,1,1769924435,2026-02-01 00:41:28
d11b9869-8964-4b79-aafc-4b60ad1b44c4,0,0,0,15,1,1769924436,2026-02-01 00:41:28
7aa86431-bbc5-4d9c-8198-9630c9d32a22,8,1,7,10,1,1769924436,2026-02-01 00:41:28
18eccc71-66be-4e4c-8335-095a9bf0df94,4,3,1,25,1,1769924436,2026-02-01 00:41:28
ca7ec509-cefc-4ac6-b729-08999d191051,14,2,12,2,1,1769924435,2026-02-01 00:41:28
1876800925490112950,3,1,2,10,1,1769924437,2026-02-01 00:41:28
dd482585-3028-453f-a98d-55019db9b26c,32,1,31,1,1,1769924437,2026-02-01 00:41:28
99614ecb-2329-49fa-a13a-fa1ef2bb32d6,3,0,3,12,1,1769924430,2026-02-01 00:41:28
2124036994734951288,5,0,5,2,1,1769924431,2026-02-01 00:41:28
66dbe68e-0aca-11e7-82f6-3863bb44ef7c,39,28,11,6,1,1769924431,2026-02-01 00:41:28
e9575102-1081-4c30-8d15-ea95913579e2,0,0,0,16,1,1769924435,2026-02-01 00:41:28
c2bb1874-bcb7-47c5-aa7d-05423b9087e8,1,0,1,15,1,1769924435,2026-02-01 00:41:28
1786698321265653818,3,0,3,33,1,1769924435,2026-02-01 00:41:28
26cae473-0e59-4af7-bad5-bb6fec85c8bc,7,4,3,12,1,1769924434,2026-02-01 00:41:28
66dd3d7f-0aca-11e7-82f6-3863bb44ef7c,2,1,1,30,1,1769924434,2026-02-01 00:41:28
1846085439406916338,2,0,2,20,1,1769924433,2026-02-01 00:41:28
c3062f44-c5b9-4650-a4ec-cc66cbf5b944,0,0,0,16,1,1769924432,2026-02-01 00:41:28
66dd01c5-0aca-11e7-82f6-3863bb44ef7c,0,0,0,4,0,1769830566,2026-02-01 00:41:28
0fa27bd7-b182-4e7a-b5bb-90f4249cb368,3,0,3,18,1,1769924341,2026-02-01 00:41:28
59af018a-2ee9-489a-b445-bb6fba9c1119,2,0,2,11,1,1769924342,2026-02-01 00:41:28
1880643645302280466,6,5,1,14,1,1769924342,2026-02-01 00:41:28
1862008939006380034,5,0,5,10,1,1769924344,2026-02-01 00:41:28
66dd1d0f-0aca-11e7-82f6-3863bb44ef7c,25,6,18,3,1,1769924345,2026-02-01 00:41:28
af72ab76-c6cb-4994-af96-51fa8846ecdc,1,1,0,18,1,1769924346,2026-02-01 00:41:28
1965202298784063998,6,3,3,21,1,1769924346,2026-02-01 00:41:28
5a24acbb-94ef-4cb5-9db8-f6073ac26a2b,1,1,0,17,1,1769924342,2026-02-01 00:41:28
66dd4a52-0aca-11e7-82f6-3863bb44ef7c,5,3,2,20,1,1769924342,2026-02-01 00:41:28
4d24ab76-2f4a-4004-9fc5-09c00c1d9aa4,25,3,22,3,1,1769924343,2026-02-01 00:41:28
19b61564-7629-41b4-80c8-1756135a5442,0,0,0,17,1,1769924344,2026-02-01 00:41:28
5145ad1c-241f-4448-a742-739bd5c518c2,2,0,2,12,1,1769924344,2026-02-01 00:41:28
66dd2060-0aca-11e7-82f6-3863bb44ef7c,7,2,5,38,1,1769924346,2026-02-01 00:41:28
645e4365-653f-48ce-bc15-5fcc287be56f,5,0,5,59,1,1769924346,2026-02-01 00:41:28
ec42fb3a-af54-46aa-a8b3-b17d72ed4475,0,0,0,4,0,1769794561,2026-02-01 00:41:28
66dc7773-0aca-11e7-82f6-3863bb44ef7c,23,5,18,18,1,1769924426,2026-02-01 00:41:28
66de2199-0aca-11e7-82f6-3863bb44ef7c,10,2,8,15,1,1769924426,2026-02-01 00:41:28
901ad0c4-383e-490a-8b54-0656ce2358d6,0,0,0,6,0,1769906302,2026-02-01 00:41:28
3f05490b-a3d8-4d15-bd25-0212555b5dff,15,1,14,0,1,1769924426,2026-02-01 00:41:28
0f45bcf6-7028-4584-a51e-4129847dbebc,32,11,21,2,1,1769924426,2026-02-01 00:41:28
38af3d1a-9916-46cf-b22e-86fc8648bf30,10,0,10,8,1,1769924428,2026-02-01 00:41:28
c4e9905f-457b-4be0-a878-2aa53fa0b09b,16,1,15,1,1,1769924429,2026-02-01 00:41:28
0fde06c2-632c-46a9-8866-f4e855604f74,26,13,13,33,1,1769924429,2026-02-01 00:41:28
66de13dc-0aca-11e7-82f6-3863bb44ef7c,0,0,0,0,0,1769924429,2026-02-01 00:41:28
66dc3e89-0aca-11e7-82f6-3863bb44ef7c,5,0,5,57,1,1769924429,2026-02-01 00:41:28
ca843847-923a-40b7-80ca-c1c3fff6e818,0,0,0,18,1,1769924429,2026-02-01 00:41:28
66dea7b5-0aca-11e7-82f6-3863bb44ef7c,6,4,2,29,1,1769924429,2026-02-01 00:41:28
66dde69c-0aca-11e7-82f6-3863bb44ef7c,1,0,1,10,1,1769924429,2026-02-01 00:41:28
1869753057823626206,11,3,8,13,1,1769924429,2026-02-01 00:41:28
457ea5d7-d643-4028-87db-46dee0b81555,7,6,1,17,1,1769924427,2026-02-01 00:41:28
bc9c9006-3d40-400d-8b5c-17f56e6dfcee,0,0,0,25,1,1769924428,2026-02-01 00:41:28
66dbc37a-0aca-11e7-82f6-3863bb44ef7c,4,3,1,49,1,1769924428,2026-02-01 00:41:28
1849010133527040242,4,0,4,11,1,1769924428,2026-02-01 00:41:28
1864605386632012480,2,1,1,14,1,1769924428,2026-02-01 00:41:28
63a838a8-9acf-4ba1-91f5-c676f6ef2f7d,13,2,11,5,1,1769924428,2026-02-01 00:41:28
66dbcbbc-0aca-11e7-82f6-3863bb44ef7c,39,6,33,25,1,1769924430,2026-02-01 00:41:28
1950648049868542106,6,1,5,15,1,1769924429,2026-02-01 00:41:28
20ff5447-eac3-43b7-820f-f6fa3a2e12a8,15,1,14,6,1,1769924430,2026-02-01 00:41:28
66dbe15d-0aca-11e7-82f6-3863bb44ef7c,5,2,3,21,1,1769924430,2026-02-01 00:41:28
b371c432-b682-412f-9b85-8df84ce7a9f3,7,0,7,11,1,1769924430,2026-02-01 00:41:28
66dbef15-0aca-11e7-82f6-3863bb44ef7c,11,2,9,37,1,1769924430,2026-02-01 00:41:28
66db6963-0aca-11e7-82f6-3863bb44ef7c,52,12,40,16,1,1769924424,2026-02-01 00:41:28
581bc4fe-cf14-4767-8377-6fa156ff8a29,3,0,3,16,1,1769924424,2026-02-01 00:41:28
7d5fa1f0-4069-4d5d-b735-5d500597394a,37,28,9,1,1,1769924424,2026-02-01 00:41:28
1817822909864556798,4,0,4,15,1,1769924425,2026-02-01 00:41:28
66db9c2e-0aca-11e7-82f6-3863bb44ef7c,12,2,10,28,1,1769924419,2026-02-01 00:41:28
26b3a82b-3487-44c2-85f1-eddb5a8a3a9d,14,1,13,2,1,1769924425,2026-02-01 00:41:28
98ebf9c6-1d94-4e21-9007-c623875fdb5e,0,0,0,5,0,1769818090,2026-02-01 00:41:28
cf1a96a7-f695-4ba2-bcf2-899552e21e47,5,1,4,9,1,1769924427,2026-02-01 00:41:28
1937777808143497236,2,2,0,23,1,1769924427,2026-02-01 00:41:28
549b5bc4-b949-4eeb-8ffb-2215e1e49892,28,5,23,16,1,1769924428,2026-02-01 00:41:28
faf98f78-51ab-4248-b7e7-f402902385a6,2,1,1,16,1,1769924424,2026-02-01 00:41:28
e152a2e1-c510-404e-a100-24246bb6cc95,3,0,3,12,1,1769924437,2026-02-01 00:41:28
1848241684520917882,8,3,5,1,1,1769924437,2026-02-01 00:41:28
f34ea09d-32f9-492c-9124-99059bc0b5dd,12,0,12,2,1,1769924437,2026-02-01 00:41:28
66dde630-0aca-11e7-82f6-3863bb44ef7c,0,0,0,7,0,1769692324,2026-02-01 00:41:28
69f84045-48f9-4c6c-90d3-0503e5ed39e9,1,0,1,16,1,1769924438,2026-02-01 00:41:28
023cf549-bd85-4f9a-abd8-70ba29d7e86b,6,0,6,11,1,1769924438,2026-02-01 00:41:28
1828967979464708718,0,0,0,20,1,1769924438,2026-02-01 00:41:28
66dbe96d-0aca-11e7-82f6-3863bb44ef7c,10,3,7,34,1,1769924438,2026-02-01 00:41:28
6e5a8cab-cf1a-4584-8133-01835b56ad71,5,1,4,18,1,1769924443,2026-02-01 00:41:28
1851254468343716806,13,1,12,1,1,1769924443,2026-02-01 00:41:28
66dd5407-0aca-11e7-82f6-3863bb44ef7c,6,0,6,66,1,1769924443,2026-02-01 00:41:28
475c44e1-31e3-4c60-b071-af2ca3f7618c,5,4,1,11,1,1769924438,2026-02-01 00:41:28
7f402242-dc1b-4a48-ba21-58c4fa7216b4,9,1,8,1,1,1769924438,2026-02-01 00:41:28
66db76a1-0aca-11e7-82f6-3863bb44ef7c,13,4,9,75,1,1769924438,2026-02-01 00:41:28
ef6216aa-d3c8-46bb-8c6b-b62f8ba51b16,5,0,5,13,1,1769924438,2026-02-01 00:41:28
26217b73-7bb5-46e6-8094-1db05becd617,0,0,0,24,1,1769924439,2026-02-01 00:41:28
566a6389-5c22-49ca-8c24-4d9eea135170,14,1,13,13,1,1769924440,2026-02-01 00:41:28
bf880f45-422c-4e0b-b3b0-2b1f5ba94da4,1,0,1,14,1,1769924439,2026-02-01 00:41:28
2104286315955915532,1,1,0,61,1,1769924440,2026-02-01 00:41:28
1b038e21-e199-4c47-bef0-f4bcdc06b73b,15,15,0,22,1,1769924441,2026-02-01 00:41:28
bcb08532-f0d5-4c0e-ad8a-4ddacc204791,0,0,0,15,1,1769924442,2026-02-01 00:41:28
a3d72b5b-9587-4f33-9722-c01e20a9b358,3,1,2,21,1,1769924442,2026-02-01 00:41:28
ad57266c-34da-43da-8b48-2ba856002fbf,5,1,4,21,1,1769924440,2026-02-01 00:41:28
66db6f2e-0aca-11e7-82f6-3863bb44ef7c,21,18,3,17,1,1769924441,2026-02-01 00:41:28
a4d041fd-c5fa-4f52-800c-25d7a661a875,1,1,0,18,1,1769924441,2026-02-01 00:41:28
ceb179f3-89c3-4c3e-8a0a-3415406a9463,4,4,0,18,1,1769924442,2026-02-01 00:41:28
66dc17df-0aca-11e7-82f6-3863bb44ef7c,5,1,4,23,1,1769924442,2026-02-01 00:41:28
66dce8db-0aca-11e7-82f6-3863bb44ef7c,17,5,12,18,1,1769924440,2026-02-01 00:41:28
f833d403-2cf5-424a-a3b3-0314a44b4a67,16,4,12,16,1,1769924440,2026-02-01 00:41:28
0630217a-3913-47d9-9540-cf85688296a5,0,0,0,16,1,1769924443,2026-02-01 00:41:28
655ad2f2-6bcc-4eee-95a9-4f528c0b81cd,5,0,5,8,1,1769924446,2026-02-01 00:41:28
2124035976827702128,0,0,0,12,1,1769924446,2026-02-01 00:41:28
1b00fb53-da32-4b14-9a9a-84a391c8951c,0,0,0,20,1,1769924446,2026-02-01 00:41:28
6fb81fda-f0b5-4242-90f9-88d0214feb8d,2,0,2,13,1,1769924447,2026-02-01 00:41:28
59b747c1-fbfb-4a3d-9394-8d06834d7c98,17,8,9,1,1,1769924446,2026-02-01 00:41:28
1960020234227886806,4,2,2,37,1,1769924447,2026-02-01 00:41:28
1bb1af93-b433-4da7-8054-009c85f7755a,1,0,1,17,1,1769924447,2026-02-01 00:41:28
f401cd5f-cb41-41f8-a857-4a4dfe778f94,10,3,7,6,1,1769924448,2026-02-01 00:41:28
823ef531-40e6-4397-b973-86bf5b032076,0,0,0,20,1,1769924448,2026-02-01 00:41:28
1828966626550010820,9,0,9,1,1,1769924448,2026-02-01 00:41:28
765ee572-6c7a-4ed3-a2d4-f1496ea53996,19,0,19,1,1,1769924448,2026-02-01 00:41:28
2124426307973079924,2,0,2,8,1,1769924444,2026-02-01 00:41:28
595cf79f-7783-4373-b3d5-775bcf76033b,1,1,0,16,1,1769924445,2026-02-01 00:41:28
6fab98b7-b06a-49d8-a4d1-087ffce0ebcf,1,1,0,16,1,1769924445,2026-02-01 00:41:28
324e93c8-4f3d-4a5f-becd-00e6f49fe4dd,13,1,12,4,1,1769924445,2026-02-01 00:41:28
66dd1c7f-0aca-11e7-82f6-3863bb44ef7c,14,3,11,29,1,1769924445,2026-02-01 00:41:28
b35ba3c0-d3e8-4b1a-b63b-73a7bb518c9e,3,0,3,12,1,1769924446,2026-02-01 00:41:28
bc5235a5-7f10-4a27-806e-9c25fa700959,16,4,12,15,1,1769924447,2026-02-01 00:41:28
66de4bbb-0aca-11e7-82f6-3863bb44ef7c,2,1,1,12,1,1769924447,2026-02-01 00:41:28
62f8f806-bd04-4282-9c5d-ad4293644e3c,6,0,6,12,1,1769924447,2026-02-01 00:41:28
b0bac4ef-bb57-4598-a433-75c281170d5b,6,1,5,17,1,1769924447,2026-02-01 00:41:28
545a32d3-b74c-4dc2-b82c-a6d185dd4666,0,0,0,17,1,1769924447,2026-02-01 00:41:28
4efda436-cd19-4ec3-acc7-1a622f723264,0,0,0,16,1,1769924447,2026-02-01 00:41:28
1860189650739626488,3,2,1,16,1,1769924447,2026-02-01 00:41:28
1851674198082642572,14,0,14,3,1,1769924444,2026-02-01 00:41:28
66de0cab-0aca-11e7-82f6-3863bb44ef7c,16,3,13,17,1,1769924444,2026-02-01 00:41:28
66dd1f44-0aca-11e7-82f6-3863bb44ef7c,7,5,2,8,1,1769924444,2026-02-01 00:41:28
1828968883163894358,14,3,11,6,1,1769924444,2026-02-01 00:41:28
837b7db3-55c6-4595-a497-834972631752,2,1,1,13,1,1769924444,2026-02-01 00:41:28
2124381939991318658,2,1,1,8,1,1769924447,2026-02-01 00:41:28
69717638-5c4a-47a7-bccb-3b42c81eb09f,4,0,4,9,1,1769924447,2026-02-01 00:41:28
943a1a27-1328-4823-8945-28d845280383,15,14,1,4,1,1769924340,2026-02-01 00:41:28
66dc3782-0aca-11e7-82f6-3863bb44ef7c,13,4,9,1,1,1769924340,2026-02-01 00:41:28
1815968237323833702,10,2,8,2,1,1769924340,2026-02-01 00:41:28
292ad4f3-9fb0-44ec-9e61-613c711f73c1,2,1,1,13,1,1769924340,2026-02-01 00:41:28
1869753484503987044,0,0,0,19,1,1769924341,2026-02-01 00:41:28
66de205d-0aca-11e7-82f6-3863bb44ef7c,3,3,0,14,1,1769924334,2026-02-01 00:41:28
1848241791125254746,11,2,9,0,1,1769924351,2026-02-01 00:41:28
b713367c-3572-4225-b74a-9319ab537838,1,0,1,17,1,1769924351,2026-02-01 00:41:28
66dc81ce-0aca-11e7-82f6-3863bb44ef7c,0,0,0,60,0,1769878408,2026-02-01 00:41:28
c8c39d85-4ce7-46c5-b709-998067200780,0,0,0,23,1,1769924349,2026-02-01 00:41:28
191d5d54-de64-4312-99c7-eee141efa4ef,0,0,0,20,1,1769924350,2026-02-01 00:41:28
75352ab4-8a31-4926-8b59-048a9e506452,3,2,1,9,1,1769924352,2026-02-01 00:41:28
1861678548643203686,0,0,0,25,1,1769924353,2026-02-01 00:41:28
9394fb49-583f-4426-8d2f-a2b0ffb584d2,14,4,10,29,1,1769924353,2026-02-01 00:41:28
29ced315-14b5-4edc-bef2-665316dfe3dd,29,20,8,2,1,1769924349,2026-02-01 00:41:28
66dd46a2-0aca-11e7-82f6-3863bb44ef7c,28,15,13,10,1,1769924349,2026-02-01 00:41:28
ff9581d3-3e1a-463a-bdab-d8150c468be2,3,1,2,29,1,1769924449,2026-02-01 00:41:28
5f63411c-91ce-4788-a567-d388cc812a15,7,0,7,21,1,1769924449,2026-02-01 00:41:28
cbf76774-1276-4cf8-9442-f00571f1451c,10,10,0,6,1,1769924449,2026-02-01 00:41:28
481624f3-9377-4dfd-a5dd-de05a7fef760,4,1,3,14,1,1769924449,2026-02-01 00:41:28
fda18503-7488-4b91-b74c-949a90401e83,5,0,5,13,1,1769924450,2026-02-01 00:41:28
1934749166596673908,32,6,26,9,1,1769924449,2026-02-01 00:41:28
1859438049977968878,17,0,17,9,1,1769924450,2026-02-01 00:41:28
1f8f6714-42a7-45d5-86cd-a093c940b2c9,2,2,0,20,1,1769924450,2026-02-01 00:41:28
1d32e684-602b-46b6-8c96-ab47b57a03f3,5,4,1,18,1,1769924451,2026-02-01 00:41:28
66dcc8b3-0aca-11e7-82f6-3863bb44ef7c,5,2,3,13,1,1769924452,2026-02-01 00:41:28
1917312704757770810,13,4,10,18,1,1769924451,2026-02-01 00:41:28
8d650b03-920d-4d44-a48f-8d9a1a0ba264,13,3,10,4,1,1769924452,2026-02-01 00:41:28
66de2274-0aca-11e7-82f6-3863bb44ef7c,5,1,4,7,1,1769924452,2026-02-01 00:41:28
c2d549f8-f54c-4a0d-9ecd-6e6f79118279,6,0,6,14,1,1769924452,2026-02-01 00:41:28
66dc7ba2-0aca-11e7-82f6-3863bb44ef7c,1,1,1,19,1,1769924452,2026-02-01 00:41:28
c00ef46d-fcde-48e2-afbd-0fb595fe3fa7,20,9,10,2,1,1769924452,2026-02-01 00:41:28
180b83a0-329c-4069-87be-df862cb1baed,9,5,4,1,1,1769924453,2026-02-01 00:41:28
2126224996973581072,5,3,2,0,1,1769924365,2026-02-01 00:41:28
8aad788d-c7eb-4fca-a426-c39f47741a6f,13,2,11,4,1,1769924452,2026-02-01 00:41:28
53ef19c6-eaa7-47f7-807e-f51b574b1be0,9,0,9,8,1,1769924450,2026-02-01 00:41:28
2124426077519611940,1,1,0,13,1,1769924451,2026-02-01 00:41:28
66de2707-0aca-11e7-82f6-3863bb44ef7c,2,1,1,39,1,1769924451,2026-02-01 00:41:28
1846086362824884662,14,1,13,0,1,1769924451,2026-02-01 00:41:28
579e583e-60ab-4f2a-83d0-fabebddfcd0f,5,3,2,6,1,1769924451,2026-02-01 00:41:28
1786698974100683436,21,8,13,14,1,1769924443,2026-02-01 00:41:28
66dd17a5-0aca-11e7-82f6-3863bb44ef7c,25,10,15,17,1,1769924444,2026-02-01 00:41:28
66de63cd-0aca-11e7-82f6-3863bb44ef7c,11,4,7,1,1,1769924444,2026-02-01 00:41:28
7a1ad7c0-4958-4354-91a1-11bf13348abd,14,3,11,3,1,1769924450,2026-02-01 00:41:28
2121032386733337206,10,2,8,1,1,1769924453,2026-02-01 00:41:28
2124037125711300644,8,5,3,5,1,1769924453,2026-02-01 00:41:28
6d766daf-9298-4059-a329-1818582d495f,11,11,0,2,1,1769924453,2026-02-01 00:41:28
66dc3ab9-0aca-11e7-82f6-3863bb44ef7c,28,27,1,23,1,1769924453,2026-02-01 00:41:28
18a2cbb6-91f2-4393-82fb-b40a8ba90f20,2,1,1,17,1,1769924453,2026-02-01 00:41:28
66dde103-0aca-11e7-82f6-3863bb44ef7c,22,18,4,5,1,1769924453,2026-02-01 00:41:28
0b613329-b8c8-4b8c-ad40-79952aa41157,8,3,5,16,1,1769924454,2026-02-01 00:41:28
f62526d4-9c6a-4c76-be76-c64b5be669d2,0,0,0,20,1,1769924454,2026-02-01 00:41:28
66dc80b4-0aca-11e7-82f6-3863bb44ef7c,6,1,5,47,1,1769924454,2026-02-01 00:41:28
09dfc0e3-a448-477c-bb3c-9467dc51ef8d,42,31,11,16,1,1769924455,2026-02-01 00:41:28
66dc1d80-0aca-11e7-82f6-3863bb44ef7c,5,2,2,22,1,1769924454,2026-02-01 00:41:28
66dc292c-0aca-11e7-82f6-3863bb44ef7c,21,14,5,22,1,1769924455,2026-02-01 00:41:28
4c03fa2d-89da-4f0b-8f19-c7de5edbe256,14,0,14,6,1,1769924455,2026-02-01 00:41:28
1860188747953293684,7,1,6,7,1,1769924455,2026-02-01 00:41:28
1815967442754883940,24,0,24,4,1,1769924455,2026-02-01 00:41:28
66dd26f9-0aca-11e7-82f6-3863bb44ef7c,27,10,17,6,1,1769924455,2026-02-01 00:41:28
912813fc-fde4-4430-8443-a4fa21477e7f,0,0,0,20,1,1769924455,2026-02-01 00:41:28
1927314940904608224,8,4,4,16,1,1769924455,2026-02-01 00:41:28
372c592e-09d8-400c-9595-2aa3510f39b0,7,0,7,13,1,1769924456,2026-02-01 00:41:28
2546c9b9-5b1a-4e9f-a9cc-f8b986b79748,10,3,7,9,1,1769924456,2026-02-01 00:41:28
64f0f28c-bedc-42d5-b107-ecdd48fc30cd,15,4,11,74,1,1769924456,2026-02-01 00:41:28
66db41bf-0aca-11e7-82f6-3863bb44ef7c,23,5,18,1,1,1769924456,2026-02-01 00:41:28
66de85d2-0aca-11e7-82f6-3863bb44ef7c,14,11,3,25,1,1769924456,2026-02-01 00:41:28
eb07bdfc-3a6f-40eb-96d2-0b92ac371619,0,0,0,13,1,1769924456,2026-02-01 00:41:28
66de0861-0aca-11e7-82f6-3863bb44ef7c,6,6,0,1,1,1769924456,2026-02-01 00:41:28
1869753654337059182,4,1,3,8,1,1769924457,2026-02-01 00:41:28
922763d6-d73c-4678-8bcd-f42ee3a236db,8,1,7,11,1,1769924457,2026-02-01 00:41:28
66db3687-0aca-11e7-82f6-3863bb44ef7c,14,13,1,16,1,1769924458,2026-02-01 00:41:28
e9b3a725-6963-4151-8f7f-9beeb51fa20f,5,1,4,9,1,1769924458,2026-02-01 00:41:28
66dd1d9c-0aca-11e7-82f6-3863bb44ef7c,19,9,9,5,1,1769924457,2026-02-01 00:41:28
d2b23c87-b7c3-48c2-a634-db4b76ecbcf7,0,0,0,17,1,1769924458,2026-02-01 00:41:28
66dd24ca-0aca-11e7-82f6-3863bb44ef7c,25,14,11,18,1,1769924458,2026-02-01 00:41:28
2637fed8-1e2a-460b-83eb-3eb32ace0f4e,8,2,5,31,1,1769924458,2026-02-01 00:41:28
66dcc37f-0aca-11e7-82f6-3863bb44ef7c,2,0,2,13,1,1769924458,2026-02-01 00:41:28
c71cca54-17f6-42bc-ba94-3f5bd9c70197,32,0,32,2,1,1769924458,2026-02-01 00:41:28
66dc6a86-0aca-11e7-82f6-3863bb44ef7c,15,3,12,59,1,1769924458,2026-02-01 00:41:28
66de4959-0aca-11e7-82f6-3863bb44ef7c,3,1,2,14,1,1769924458,2026-02-01 00:41:28
499e10ad-c008-461e-8cf7-20757218a9cc,1,0,1,19,1,1769924458,2026-02-01 00:41:28
66dcbac5-0aca-11e7-82f6-3863bb44ef7c,9,0,9,9,1,1769924458,2026-02-01 00:41:28
66dd4ccc-0aca-11e7-82f6-3863bb44ef7c,1,0,1,45,1,1769924459,2026-02-01 00:41:28
3d68a3fd-91da-49e8-9cd5-69b333863789,12,3,9,4,1,1769924458,2026-02-01 00:41:28
92fc1ad7-0867-4655-b02f-ede65d336b14,2,1,1,14,1,1769924459,2026-02-01 00:41:28
66dbc420-0aca-11e7-82f6-3863bb44ef7c,8,2,6,39,1,1769924459,2026-02-01 00:41:28
2138075988152462096,10,0,10,3,1,1769924459,2026-02-01 00:41:28
5645b05e-85be-460d-8506-cacd20bff233,22,2,20,1,1,1769924459,2026-02-01 00:41:28
ab5c5ee6-9c4e-4aaa-a14e-d236d3e01d9a,0,0,0,0,0,86400,2026-02-01 00:41:28
a93cb1ec-fb37-4faf-a7e7-d1e5a9e9af95,0,0,0,0,0,86400,2026-02-01 00:41:28
32c60668-a192-4d06-aa7c-6d6f7aed6b45,0,0,0,0,0,86400,2026-02-01 00:41:28
fd0e86e3-079d-40aa-8231-ec2cbdbd9e7f,0,0,0,0,0,86400,2026-02-01 00:41:28
d67375ea-3f93-4996-b0dc-f542341f2e6a,0,0,0,0,0,86400,2026-02-01 00:41:28
2171903733697659376,0,0,0,0,0,86400,2026-02-01 00:41:28
2177015593774932282,0,0,0,0,0,86400,2026-02-01 00:41:28
2177016792070807878,0,0,0,0,0,86400,2026-02-01 00:41:28
d2024260-cc58-451b-9417-3a695f8a1b34,0,0,0,0,0,1767211364,2026-02-01 00:41:28
2171903845366809074,0,0,0,0,0,86400,2026-02-01 00:41:28
2171903221356328154,0,0,0,0,0,86400,2026-02-01 00:41:28
66de110b-0aca-11e7-82f6-3863bb44ef7c,0,0,0,17,0,1769840215,2026-02-01 00:41:28
199ea9dd-8f7e-4e05-a730-55edaacd8787,0,0,0,51,0,1769833360,2026-02-01 00:41:28
be435dfd-e859-487c-ae32-3d2b76d49a49,0,0,0,1,0,1769907816,2026-02-01 00:41:28
7f3aa940-18ef-4900-89dc-cdb05f693f31,0,0,0,15,0,1769898046,2026-02-01 00:41:28
1786697166576476490,0,0,0,4,0,1769808696,2026-02-01 00:41:28
66dde3b1-0aca-11e7-82f6-3863bb44ef7c,0,0,0,10,0,1769485181,2026-02-01 00:41:28
35b8b636-18d3-4860-b0a9-39c0bce96a10,0,0,0,24,0,1769915034,2026-02-01 00:41:28
1864606193814670106,0,0,0,19,0,1769909783,2026-02-01 00:41:28
2bf9addc-038b-48fe-8794-dde085c5e5dc,0,0,0,34,0,1769842819,2026-02-01 00:41:28
1814907062275537820,13,0,13,11,1,1769924341,2026-02-01 00:41:28
1846085533896197012,12,0,12,0,1,1769924341,2026-02-01 00:41:28
01839a78-f228-4706-8f7f-147b857492f2,3,2,1,18,1,1769924342,2026-02-01 00:41:28
1854255035042870020,11,0,11,4,1,1769924342,2026-02-01 00:41:28
e982e1cb-7e7b-4769-85b8-565925200654,5,0,5,15,1,1769924339,2026-02-01 00:41:28
66dc22a7-0aca-11e7-82f6-3863bb44ef7c,12,6,6,24,1,1769924340,2026-02-01 00:41:28
2121032035614514006,6,0,6,1,1,1769924340,2026-02-01 00:41:28
8f1fdf4b-ecca-4f03-b04c-e10fe596e2c7,5,0,5,20,1,1769924340,2026-02-01 00:41:28
b930dd82-92d0-4d86-b896-7d8b827c2d5f,1,0,1,16,1,1769924353,2026-02-01 00:41:28
b9c209b2-6284-4f5a-a32a-680ef9da1c1f,0,0,0,18,1,1769924352,2026-02-01 00:41:28
1861683747231494964,1,0,1,13,1,1769924355,2026-02-01 00:41:28
1827839088308194240,62,56,6,30,1,1769924356,2026-02-01 00:41:28
1841926579628419438,0,0,0,17,1,1769924354,2026-02-01 00:41:28
d1c204d7-d575-417d-b134-6ebdf7e99f98,3,1,2,16,1,1769924354,2026-02-01 00:41:28
66de1c33-0aca-11e7-82f6-3863bb44ef7c,1,1,0,20,1,1769924353,2026-02-01 00:41:28
c0a2d591-4eed-488b-b88b-0b23990e3756,15,0,15,3,1,1769924352,2026-02-01 00:41:28
ddc8ca6c-dceb-4603-ab1e-4bd972ca2a3d,7,1,6,6,1,1769924351,2026-02-01 00:41:28
1848241425697670086,23,2,21,2,1,1769924351,2026-02-01 00:41:28
48b19cc8-bf45-4602-89ac-a8c0a0560c43,12,3,9,0,1,1769924351,2026-02-01 00:41:28
1860188069348460678,15,1,14,2,1,1769924351,2026-02-01 00:41:28
1786697528321024934,36,0,36,1,1,1769924350,2026-02-01 00:41:28
1882735457106787122,20,11,9,3,1,1769924355,2026-02-01 00:41:28
1819720453019329398,1,0,1,20,1,1769924351,2026-02-01 00:41:28
0cc38ba1-4625-4821-9a6f-e490525cbce2,3,2,1,13,1,1769924352,2026-02-01 00:41:28
a90e9ad3-4347-4fa4-b031-9bf1f69ce049,0,0,0,17,1,1769924371,2026-02-01 00:41:28
66de4f9c-0aca-11e7-82f6-3863bb44ef7c,11,2,9,6,1,1769924371,2026-02-01 00:41:28
b1e496f1-43cf-48d0-be49-ab0d760c00bf,0,0,0,25,1,1769924372,2026-02-01 00:41:28
4753c893-e4bd-4d6a-bc4d-42209a19ebeb,0,0,0,15,1,1769924372,2026-02-01 00:41:28
66dc48ef-0aca-11e7-82f6-3863bb44ef7c,20,19,1,36,1,1769924374,2026-02-01 00:41:28
66dea52b-0aca-11e7-82f6-3863bb44ef7c,7,2,5,7,1,1769924374,2026-02-01 00:41:28
1893519215751496610,30,0,30,0,1,1769924374,2026-02-01 00:41:28
1885718199416500650,9,0,9,11,1,1769924370,2026-02-01 00:41:28
8f672aa7-08a1-4fe2-a471-06f219c0eb1b,4,1,3,10,1,1769924370,2026-02-01 00:41:28
1849008925260421550,14,3,11,1,1,1769924370,2026-02-01 00:41:28
0927e331-866f-4d99-99b4-04edde99117a,1,1,0,34,1,1769924373,2026-02-01 00:41:28
ecbfcdb7-fffc-4d45-bed2-1510fd45834d,6,0,6,11,1,1769924373,2026-02-01 00:41:28
1860187430946456420,0,0,0,18,1,1769924374,2026-02-01 00:41:28
1814900752968579218,13,0,13,7,1,1769924369,2026-02-01 00:41:28
1945126257666675246,3,1,2,12,1,1769924370,2026-02-01 00:41:28
1786699974232881542,3,1,2,16,1,1769924374,2026-02-01 00:41:28
0cde9bcd-0dcb-45dc-9c9a-3e5485b5452e,1,1,0,18,1,1769924373,2026-02-01 00:41:28
66ddea2a-0aca-11e7-82f6-3863bb44ef7c,47,9,38,11,1,1769924373,2026-02-01 00:41:28
ffaa8f6a-a4ea-4d3a-a57c-f42f77cd4581,1,0,1,20,1,1769924370,2026-02-01 00:41:28
e1a3f2f9-618f-4727-b2d6-676e02aadf17,8,2,6,10,1,1769924380,2026-02-01 00:41:28
5eac53d0-5510-441a-9dbb-76bd38acf4ef,2,0,2,14,1,1769924380,2026-02-01 00:41:28
66db631c-0aca-11e7-82f6-3863bb44ef7c,26,19,7,21,1,1769924380,2026-02-01 00:41:28
66dd4f31-0aca-11e7-82f6-3863bb44ef7c,7,1,6,17,1,1769924381,2026-02-01 00:41:28
dccab832-b4a2-4105-927d-b52ec0d92c92,10,2,8,3,1,1769924385,2026-02-01 00:41:28
5e93b806-08e1-4ef9-98ae-d3dda20e0469,3,2,1,15,1,1769924385,2026-02-01 00:41:28
9b721468-3b28-429d-9e13-580cdf00a6a4,16,1,15,2,1,1769924386,2026-02-01 00:41:28
1786697932047949952,6,4,2,12,1,1769924386,2026-02-01 00:41:28
1817432954560889524,4,0,4,12,1,1769924386,2026-02-01 00:41:28
f54ad1f8-fe58-49ac-82ae-b742aec66829,55,47,8,13,1,1769924388,2026-02-01 00:41:28
b319c797-71ff-490c-b965-ba2ac0f50da0,1,0,1,18,1,1769924386,2026-02-01 00:41:28
66dc7659-0aca-11e7-82f6-3863bb44ef7c,48,10,38,58,1,1769924387,2026-02-01 00:41:28
66ddbd20-0aca-11e7-82f6-3863bb44ef7c,82,68,13,7,1,1769924387,2026-02-01 00:41:28
c530a1cb-7c60-4651-be8a-9bfa5eb43f8a,7,0,7,18,1,1769924387,2026-02-01 00:41:28
e72f0aec-2293-4636-988c-b9d30df092f8,24,7,16,9,1,1769924384,2026-02-01 00:41:28
66dc1e55-0aca-11e7-82f6-3863bb44ef7c,5,2,3,55,1,1769924384,2026-02-01 00:41:28
ebce9ecb-9678-4c42-89d7-08e54bc6fe90,0,0,0,17,1,1769924383,2026-02-01 00:41:28
1828969726487003714,5,2,3,11,1,1769924383,2026-02-01 00:41:28
d0b87aa7-7e19-40d2-8f7d-6a622e6ac391,12,4,8,9,1,1769924383,2026-02-01 00:41:28
2018303498843153278,13,6,7,12,1,1769924383,2026-02-01 00:41:28
1786687245202023014,0,0,0,1,0,1769556416,2026-02-01 00:41:28
66dd243c-0aca-11e7-82f6-3863bb44ef7c,32,6,26,34,1,1769924382,2026-02-01 00:41:28
52dd11f4-bbd0-49ab-912b-06fac40d275d,11,2,9,19,1,1769924382,2026-02-01 00:41:28
15e1568b-f502-47a2-9d3d-b5aaa1edc239,17,16,1,3,1,1769924382,2026-02-01 00:41:28
66dc85bb-0aca-11e7-82f6-3863bb44ef7c,12,2,10,19,1,1769924414,2026-02-01 00:41:28
7f8cb36a-2bf4-4d57-afbd-331310f25355,7,0,7,23,1,1769924414,2026-02-01 00:41:28
d7f55e1b-12db-49d1-9cd8-4fb464745841,11,0,11,11,1,1769924415,2026-02-01 00:41:28
fe65853e-b20a-4250-9677-2aa177283b72,8,0,8,10,1,1769924413,2026-02-01 00:41:28
db91c9e0-d80b-4cb4-9cc2-9453ec8fbeac,3,0,3,14,1,1769924413,2026-02-01 00:41:28
ccaadb70-6c87-4ccc-9914-a3167bd1bc0e,7,4,3,26,1,1769924413,2026-02-01 00:41:28
a724eb92-55ca-4b9f-9a87-c2e87b3cbd40,1,0,1,19,1,1769924416,2026-02-01 00:41:28
66dc1d0c-0aca-11e7-82f6-3863bb44ef7c,2,1,1,21,1,1769924416,2026-02-01 00:41:28
a37bd0e0-d1e9-4302-9ff7-286e415aff1c,14,2,12,1,1,1769924416,2026-02-01 00:41:28
66dc8bfd-0aca-11e7-82f6-3863bb44ef7c,9,1,8,40,1,1769924418,2026-02-01 00:41:28
1804894168423871442,14,1,13,8,1,1769924418,2026-02-01 00:41:28
66dbf062-0aca-11e7-82f6-3863bb44ef7c,22,11,11,12,1,1769924418,2026-02-01 00:41:28
5d994b32-b7a5-450d-9bbb-93bf3b03e6d5,1,1,0,15,1,1769924418,2026-02-01 00:41:28
2127386600787000162,0,0,0,25,1,1769924418,2026-02-01 00:41:28
40eaa69a-d3ab-48fc-b395-b5bdc6a1aa85,7,1,6,13,1,1769924417,2026-02-01 00:41:28
b7df61c0-8ead-46cb-9d6e-a6a3011ffb71,6,5,1,19,1,1769924417,2026-02-01 00:41:28
f752c376-3a6f-4cd3-b9fd-3c049d45a9a6,4,0,4,14,1,1769924417,2026-02-01 00:41:28
9ac5758f-0419-4e28-8387-6bcd28db17fa,7,0,7,8,1,1769924416,2026-02-01 00:41:28
1859811213834095332,12,2,10,6,1,1769924418,2026-02-01 00:41:28
1934770108420609000,1,0,1,14,1,1769924418,2026-02-01 00:41:28
a958a8af-a0cc-4bca-9114-93c74ce3c693,3,0,3,19,1,1769924418,2026-02-01 00:41:28
324af152-33ea-48a7-8bb0-ad8b6f31571f,22,6,16,4,1,1769924413,2026-02-01 00:41:28
1843486597735840252,16,1,15,4,1,1769924439,2026-02-01 00:41:28
3f031133-ec95-4a92-9d63-2ae28183f498,4,2,2,11,1,1769924440,2026-02-01 00:41:28
101c813e-02a8-4b6b-bd5d-981c1ea62019,4,2,2,16,1,1769924440,2026-02-01 00:41:28
1908785111291682996,10,3,7,6,1,1769924441,2026-02-01 00:41:28
868586b3-ddc7-4b4b-9bed-a1e487033aaa,28,3,25,14,1,1769924440,2026-02-01 00:41:28
1815968422007427668,4,1,3,12,1,1769924441,2026-02-01 00:41:28
1845677022981917240,4,0,4,11,1,1769924441,2026-02-01 00:41:28
1786696564295760054,3,2,1,20,1,1769924436,2026-02-01 00:41:28
29223935-a682-411c-9f25-577bbb9804fc,13,0,13,0,1,1769924437,2026-02-01 00:41:28
2124037656159914878,2,0,2,7,1,1769924438,2026-02-01 00:41:28
1828965887815635862,5,3,2,15,1,1769924438,2026-02-01 00:41:28
1833865926273309136,14,10,4,42,1,1769924437,2026-02-01 00:41:28
b30815c0-99b6-451b-be15-902992cb8abb,32,17,15,7,1,1769924437,2026-02-01 00:41:28
3ff00115-e8da-4326-97d3-7bf4fe4df7a5,0,0,0,20,1,1769924437,2026-02-01 00:41:28
1851674088959433552,1,0,1,15,1,1769924438,2026-02-01 00:41:28
2123939077451327830,8,4,4,3,1,1769924436,2026-02-01 00:41:28
2868db5b-df51-4c36-8515-ef77a5b092c2,13,3,10,0,1,1769924440,2026-02-01 00:41:28
1887292564377354448,5,3,2,22,1,1769924441,2026-02-01 00:41:28
1786375597504305174,32,13,19,4,1,1769924439,2026-02-01 00:41:28
514f3dda-4d08-464c-b2d4-5706d400065a,1,0,1,12,1,1769924439,2026-02-01 00:41:28
2121032193446634360,4,0,4,4,1,1769924344,2026-02-01 00:41:28
1815967674683118258,16,2,14,3,1,1769924344,2026-02-01 00:41:28
9d23b0e9-a478-407c-a0e0-0aff1b0398fc,1,1,0,19,1,1769924345,2026-02-01 00:41:28
77463580-6421-403d-b170-f2660c216175,0,0,0,22,1,1769924345,2026-02-01 00:41:28
1836581441921155232,3,1,2,11,1,1769924348,2026-02-01 00:41:28
7f6674c4-5568-4766-b172-0385348ae184,3,3,0,15,1,1769924348,2026-02-01 00:41:28
cf284d60-23e7-49ec-91dc-8bfedb59cb6a,15,0,15,2,1,1769924346,2026-02-01 00:41:28
66dc9143-0aca-11e7-82f6-3863bb44ef7c,16,6,10,14,1,1769924340,2026-02-01 00:41:28
66de44ba-0aca-11e7-82f6-3863bb44ef7c,14,1,13,19,1,1769924365,2026-02-01 00:41:28
e4980fd0-e540-40ca-acba-c2a74f3294fc,0,0,0,23,1,1769924365,2026-02-01 00:41:28
4a4c7548-2466-48ef-8d7e-0aa4d6acb69e,1,0,1,13,1,1769924368,2026-02-01 00:41:28
17ba4945-b202-4667-965f-211d80622646,1,0,1,18,1,1769924368,2026-02-01 00:41:28
2124426189188761638,6,5,1,1,1,1769924368,2026-02-01 00:41:28
66dc79e6-0aca-11e7-82f6-3863bb44ef7c,1,0,0,13,0,1769878846,2026-02-01 00:41:28
f3b359e2-7983-4aaf-b6b0-e3b7d30816a4,15,2,13,1,1,1769924367,2026-02-01 00:41:28
4168e5a4-c7ec-4045-bfc8-84ac5edbe845,26,17,8,3,1,1769924366,2026-02-01 00:41:28
afd76a0e-ceb8-4d18-a427-b378c4d07a75,19,1,18,2,1,1769924369,2026-02-01 00:41:28
1848241963446241866,8,6,2,1,1,1769924388,2026-02-01 00:41:28
3f878b81-324e-4673-9221-43d34647e76f,9,0,9,5,1,1769924389,2026-02-01 00:41:28
bd30f2a1-38ec-474d-9e36-07f688e87427,10,0,10,6,1,1769924390,2026-02-01 00:41:28
66dd20eb-0aca-11e7-82f6-3863bb44ef7c,5,3,2,26,1,1769924390,2026-02-01 00:41:28
a76299eb-73f7-401c-aa8b-edff9ef003bd,4,2,2,25,1,1769924390,2026-02-01 00:41:28
06f0d251-e1e3-435c-8c5f-9b991a14ca4a,1,1,0,23,1,1769924390,2026-02-01 00:41:28
31f340f3-3201-449e-b017-a26813aa448f,1,1,0,17,1,1769924392,2026-02-01 00:41:28
79399e32-a6c6-4732-8ad4-9f9140a86b21,9,2,7,8,1,1769924393,2026-02-01 00:41:28
380394f7-64fa-4a65-a4d1-7bcaddd41fab,3,0,3,16,1,1769924391,2026-02-01 00:41:28
785b3e6b-dab5-4d25-afab-e2a1ef918669,1,1,0,22,1,1769924391,2026-02-01 00:41:28
a1112e04-bc50-4782-b3d6-bb5902c0e8db,4,3,1,16,1,1769924391,2026-02-01 00:41:28
dadd2084-d844-46f5-b7a4-128d31eeba8e,0,0,0,16,1,1769924390,2026-02-01 00:41:28
1880643497376459348,10,9,1,12,1,1769924391,2026-02-01 00:41:28
a23a40c3-6da5-4b0f-bb6b-8bfc01ec2261,7,0,7,11,1,1769924390,2026-02-01 00:41:28
e73cf71b-db05-44f9-b57a-689d65320d68,2,0,2,27,1,1769924391,2026-02-01 00:41:28
b47e5ffd-4215-4476-a89b-ebe52111f763,30,2,28,5,1,1769924389,2026-02-01 00:41:28
e666a344-1afb-4512-b2e9-2fc5ed71be2b,9,4,5,10,1,1769924388,2026-02-01 00:41:28
1958457675193833900,7,5,2,16,1,1769924389,2026-02-01 00:41:28
66dc7de9-0aca-11e7-82f6-3863bb44ef7c,12,0,12,92,1,1769924393,2026-02-01 00:41:28
81640d04-c36a-4fb1-98b0-85be10be516c,2,0,2,12,1,1769924393,2026-02-01 00:41:28
2104278402820534724,17,0,17,14,1,1769924405,2026-02-01 00:41:28
48e7e465-f861-452a-9bf7-7eacd0b2bcac,19,2,17,0,1,1769924406,2026-02-01 00:41:28
94771406-6712-4508-9392-11e9d90e1185,11,4,7,1,1,1769924406,2026-02-01 00:41:28
9b4a92ae-cefe-467a-8e35-5ce02d4f3a45,7,0,7,9,1,1769924406,2026-02-01 00:41:28
426862de-f8f2-4967-ba41-76680a4b460c,1,1,0,17,1,1769924404,2026-02-01 00:41:28
b7d7543b-74ac-4a48-a3c4-412f9ffbc727,9,0,9,13,1,1769924404,2026-02-01 00:41:28
1817432233006383832,14,0,14,5,1,1769924404,2026-02-01 00:41:28
5f7ac86c-1a98-4603-8749-4bb83ac84acd,20,15,5,26,1,1769924401,2026-02-01 00:41:28
852218fc-5e5b-4153-bc3f-03760b57e68a,1,0,1,20,1,1769924401,2026-02-01 00:41:28
66dcbf69-0aca-11e7-82f6-3863bb44ef7c,1,0,1,17,1,1769924402,2026-02-01 00:41:28
7380e377-936d-47d7-8abe-0f666d47465e,1,1,0,19,1,1769924401,2026-02-01 00:41:28
62e2b1dd-ca52-4e1c-a112-1d8846b9d9b5,11,2,9,3,1,1769924404,2026-02-01 00:41:28
2436e886-dc53-47cb-8733-d663f9dcd922,4,0,4,14,1,1769924404,2026-02-01 00:41:28
66dd266a-0aca-11e7-82f6-3863bb44ef7c,4,3,1,27,1,1769924404,2026-02-01 00:41:28
3db2fa34-0b56-4644-9ae9-bbee1583e717,5,0,5,17,1,1769924405,2026-02-01 00:41:28
2007842506069575758,18,4,14,0,1,1769924405,2026-02-01 00:41:28
d08be53f-9691-4d6f-81f3-7d052abb7dd6,2,2,0,16,1,1769924401,2026-02-01 00:41:28
1828964993433043090,11,1,10,4,1,1769924402,2026-02-01 00:41:28
66dc9223-0aca-11e7-82f6-3863bb44ef7c,3,1,2,81,1,1769924402,2026-02-01 00:41:28
66dd4bf7-0aca-11e7-82f6-3863bb44ef7c,5,0,5,33,1,1769924402,2026-02-01 00:41:28
ea9a19a6-acea-4286-a723-b5481c90a3c0,13,0,13,0,1,1769924402,2026-02-01 00:41:28
a82cc641-0926-4a63-b488-7060ab7dcd74,1,0,1,30,1,1769924402,2026-02-01 00:41:28
c45aa693-fedd-478f-ade9-bf176c4e32ff,7,1,6,10,1,1769924403,2026-02-01 00:41:28
66dca682-0aca-11e7-82f6-3863bb44ef7c,19,8,11,38,1,1769924403,2026-02-01 00:41:28
d52d4171-fd60-4a28-b7e2-89f3693e0591,10,1,9,5,1,1769924406,2026-02-01 00:41:28
39f756c2-3904-463e-95a8-8d8e3540e845,27,4,23,29,1,1769924407,2026-02-01 00:41:28
66db33fc-0aca-11e7-82f6-3863bb44ef7c,43,37,6,11,1,1769924403,2026-02-01 00:41:28
2124425670552673214,1,0,1,11,1,1769924408,2026-02-01 00:41:28
8456b63c-37c6-49a6-8c02-bb6dcfc35041,9,5,4,6,1,1769924409,2026-02-01 00:41:28
bc512527-7863-48d5-aea8-3de470abc1ee,9,2,7,7,1,1769924409,2026-02-01 00:41:28
66dc24b8-0aca-11e7-82f6-3863bb44ef7c,18,4,14,45,1,1769924409,2026-02-01 00:41:28
2111353842893366258,16,3,13,15,1,1769924409,2026-02-01 00:41:28
36025f2c-ee4d-4c1a-832d-733cf37f98ef,1,1,0,26,1,1769924409,2026-02-01 00:41:28
1202a491-9f76-4609-9b5c-eb7723ab5b45,3,0,3,8,1,1769924411,2026-02-01 00:41:28
1838071090619298218,10,6,4,11,1,1769924411,2026-02-01 00:41:28
80969478-8dbc-42e1-8e16-ac0132a431c2,23,0,23,0,1,1769924411,2026-02-01 00:41:28
1838685618105506490,0,0,0,18,1,1769924411,2026-02-01 00:41:28
8f72fe26-98aa-4e87-a612-9ae0eb1d9a38,9,2,7,6,1,1769924412,2026-02-01 00:41:28
1846086463217404850,12,3,9,6,1,1769924411,2026-02-01 00:41:28
1898455214498195676,0,0,0,20,1,1769924412,2026-02-01 00:41:28
66dd43bd-0aca-11e7-82f6-3863bb44ef7c,9,3,6,29,1,1769924412,2026-02-01 00:41:28
ffef95fa-600b-4f08-b2ce-e8eb034ebfd8,5,5,0,19,1,1769924413,2026-02-01 00:41:28
8a13182a-4823-4fe7-afcd-a4ef0b134ed9,3,1,2,16,1,1769924410,2026-02-01 00:41:28
d837d1b0-8f80-4f6c-ae45-5dd0deec6977,10,3,7,8,1,1769924410,2026-02-01 00:41:28
1947001743402778700,2,1,1,20,1,1769924410,2026-02-01 00:41:28
6651fc84-09d1-4cdb-a8d5-7d6345fb3466,8,0,8,7,1,1769924411,2026-02-01 00:41:28
1843486189591985058,4,0,4,16,1,1769924408,2026-02-01 00:41:28
956de8aa-9e06-4efb-8eb0-35fe9b274a48,11,11,0,7,1,1769924408,2026-02-01 00:41:28
fea72f55-d296-47af-9446-149688dcccbd,1,0,1,17,1,1769924408,2026-02-01 00:41:28
d8e02e7b-632b-4fbe-95b9-80efa47473e3,3,3,0,16,1,1769924409,2026-02-01 00:41:28
4d674595-187c-417c-a691-676c4446c9fc,10,6,4,3,1,1769924409,2026-02-01 00:41:28
66de88d7-0aca-11e7-82f6-3863bb44ef7c,3,0,3,37,1,1769924411,2026-02-01 00:41:28
189f573b-a2d0-40d2-af15-83c5015d93e2,2,2,0,19,1,1769924444,2026-02-01 00:41:28
81a34754-ae08-47a6-964d-4733849a8fab,0,0,0,28,1,1769924444,2026-02-01 00:41:28
2121032507515216178,6,1,5,0,1,1769924444,2026-02-01 00:41:28
66de1bc3-0aca-11e7-82f6-3863bb44ef7c,3,1,2,48,1,1769924444,2026-02-01 00:41:28
7a771842-c090-4da1-8c13-72b7f4f50a87,15,3,12,13,1,1769924444,2026-02-01 00:41:28
66dbebad-0aca-11e7-82f6-3863bb44ef7c,20,16,4,12,1,1769924444,2026-02-01 00:41:28
55ccb271-7035-422e-bee1-20e84caa0217,22,5,17,22,1,1769924445,2026-02-01 00:41:28
1820420224296772166,12,9,3,6,1,1769924444,2026-02-01 00:41:28
4543214c-c9d4-4f20-9cd9-dd05cc365931,5,1,4,30,1,1769924441,2026-02-01 00:41:28
1861680889400379678,12,8,4,4,1,1769924441,2026-02-01 00:41:28
66dcf640-0aca-11e7-82f6-3863bb44ef7c,18,1,17,0,1,1769924441,2026-02-01 00:41:28
1814906873296976512,0,0,0,18,1,1769924443,2026-02-01 00:41:28
9e014047-d675-418b-a03c-84d974a25134,1,0,1,29,1,1769924443,2026-02-01 00:41:28
85ba92ab-8d0a-4d17-9d07-0173e16d3b6d,5,0,5,13,1,1769924443,2026-02-01 00:41:28
66dd2786-0aca-11e7-82f6-3863bb44ef7c,19,0,19,3,1,1769924443,2026-02-01 00:41:28
c9cd8c29-7f0b-4979-9a0e-bec4613d2600,1,0,0,20,1,1769924443,2026-02-01 00:41:28
514afe43-84d4-4941-8281-75a93c5cd365,3,0,3,13,1,1769924443,2026-02-01 00:41:28
2e5cde21-f0a2-4396-899e-6df275e99212,0,0,0,18,1,1769924443,2026-02-01 00:41:28
1877920686883352866,8,4,4,0,1,1769924445,2026-02-01 00:41:28
1869753340438110380,2,0,2,12,1,1769924445,2026-02-01 00:41:28
1838618090943186984,14,0,14,2,1,1769924444,2026-02-01 00:41:28
1877653505745721834,2,1,1,17,1,1769924444,2026-02-01 00:41:28
c0a3b8fe-ba64-4cbb-b010-f760998d6c3a,3,2,1,14,1,1769924444,2026-02-01 00:41:28
999865d2-0735-4e85-a9d4-00810231530e,6,2,4,14,1,1769924445,2026-02-01 00:41:28
4f57360d-a4cb-4568-b74a-f3086ccaee2e,4,2,2,15,1,1769924445,2026-02-01 00:41:28
711ccb32-e1bc-4577-ac7b-50592cc9b8a0,14,0,14,6,1,1769924446,2026-02-01 00:41:28
66dd3fc3-0aca-11e7-82f6-3863bb44ef7c,0,0,0,27,0,1769802647,2026-02-01 00:41:28
66de269c-0aca-11e7-82f6-3863bb44ef7c,13,11,2,19,1,1769924446,2026-02-01 00:41:28
8d2eff37-be09-4b46-a95d-abff89e16d56,7,1,6,10,1,1769924444,2026-02-01 00:41:28
7d9a1b9e-0123-4561-a111-b3735fada687,4,0,4,19,1,1769924445,2026-02-01 00:41:28
64de0666-b9ab-404e-a16b-03e449bb5b4d,1,0,1,15,1,1769924345,2026-02-01 00:41:28
0ebdda6a-37e4-4ff4-94e8-3947f49d8e24,7,1,6,9,1,1769924345,2026-02-01 00:41:28
66db5e6a-0aca-11e7-82f6-3863bb44ef7c,2,1,1,16,1,1769924346,2026-02-01 00:41:28
46dca5c6-7bd3-4a4f-aa1e-33aa66652294,18,3,15,8,1,1769924346,2026-02-01 00:41:28
fb180cce-96ee-4e66-b3ce-000f3db6e670,0,0,0,26,1,1769924342,2026-02-01 00:41:28
77b21502-a7a2-40b4-8f3e-f9c6c6ef0939,10,0,10,14,1,1769924342,2026-02-01 00:41:28
ace80a8c-6196-484e-8dd0-061e3c90389b,0,0,0,28,1,1769924360,2026-02-01 00:41:28
55146e49-9bc4-4f13-bdf7-25422342b638,0,0,0,15,1,1769924361,2026-02-01 00:41:28
5f968a1b-ee60-43a0-ad25-05211e09e436,0,0,0,21,1,1769924359,2026-02-01 00:41:28
66dc741f-0aca-11e7-82f6-3863bb44ef7c,33,31,2,21,1,1769924360,2026-02-01 00:41:28
66db79a3-0aca-11e7-82f6-3863bb44ef7c,31,18,13,5,1,1769924359,2026-02-01 00:41:28
1834145468418707676,11,0,11,6,1,1769924362,2026-02-01 00:41:28
398aa734-3893-4dba-a704-57ae8632c4f9,6,2,4,12,1,1769924362,2026-02-01 00:41:28
bb6bba3f-19a0-4ebb-a454-4ac678d9d62d,5,1,4,13,1,1769924362,2026-02-01 00:41:28
774c5443-d463-42b3-bfc5-b0ab3c56fe35,4,4,0,23,1,1769924357,2026-02-01 00:41:28
1a083890-e22b-4f81-8d98-567784034916,19,4,15,2,1,1769924358,2026-02-01 00:41:28
94624d6e-4150-4ab1-92ff-bf55cb58ab61,0,0,0,18,1,1769924362,2026-02-01 00:41:28
66db479e-0aca-11e7-82f6-3863bb44ef7c,16,4,12,17,1,1769924357,2026-02-01 00:41:28
b64eb0a5-d6d4-4f45-8c9a-e2d004819c99,4,4,0,14,1,1769924357,2026-02-01 00:41:28
01b7973e-c92e-4fbe-890e-2c24de33ce0e,4,0,4,12,1,1769924363,2026-02-01 00:41:28
66dcca0d-0aca-11e7-82f6-3863bb44ef7c,2,0,2,18,1,1769924378,2026-02-01 00:41:28
2cd651e7-1e3a-4cd9-8fd1-a2416e032f6e,1,0,1,22,1,1769924379,2026-02-01 00:41:28
1871972060496771504,1,1,0,14,1,1769924379,2026-02-01 00:41:28
33c533cd-5f0e-4c15-a00a-6a2bf1e2d077,49,27,21,0,1,1769924379,2026-02-01 00:41:28
66de1368-0aca-11e7-82f6-3863bb44ef7c,23,4,19,3,1,1769924378,2026-02-01 00:41:28
99142ec8-c0e7-47ca-916c-c1097d48e133,21,14,7,16,1,1769924376,2026-02-01 00:41:28
66dc82ef-0aca-11e7-82f6-3863bb44ef7c,18,4,14,39,1,1769924377,2026-02-01 00:41:28
1856847127505992556,2,1,1,1,1,1769924376,2026-02-01 00:41:28
1820420022433309054,16,6,10,0,1,1769924376,2026-02-01 00:41:28
c4d6b123-df5a-446d-b0ae-d3c4846565d5,1,0,1,21,1,1769924376,2026-02-01 00:41:28
1835247469495105628,0,0,0,20,1,1769924377,2026-02-01 00:41:28
66de59bd-0aca-11e7-82f6-3863bb44ef7c,15,0,15,2,1,1769924378,2026-02-01 00:41:28
66db8ca4-0aca-11e7-82f6-3863bb44ef7c,30,7,23,25,1,1769924380,2026-02-01 00:41:28
66db3708-0aca-11e7-82f6-3863bb44ef7c,28,4,24,3,1,1769924380,2026-02-01 00:41:28
330ee4e3-29cb-48e5-845f-a8ccf1aa2ce6,10,8,2,16,1,1769924380,2026-02-01 00:41:28
66dd18dd-0aca-11e7-82f6-3863bb44ef7c,20,4,16,4,1,1769924376,2026-02-01 00:41:28
66db3f62-0aca-11e7-82f6-3863bb44ef7c,7,3,4,45,1,1769924376,2026-02-01 00:41:28
2009671276352543716,0,0,0,14,1,1769924378,2026-02-01 00:41:28
9991b75b-a9ba-4abc-bf84-0108291be05a,7,2,5,15,1,1769924378,2026-02-01 00:41:28
2123939659270367896,6,2,4,9,1,1769924395,2026-02-01 00:41:28
daefc84c-1b16-4220-8e1f-10ea4866fdc7,55,43,12,43,1,1769924395,2026-02-01 00:41:28
d946ce73-5487-4ab7-b429-cf873e9af5b5,14,1,13,3,1,1769924395,2026-02-01 00:41:28
22e38a04-e70d-4484-bbf3-f6e8c64fdbd4,7,1,6,13,1,1769924395,2026-02-01 00:41:28
92a51669-deec-45a9-8494-fafdf6356c51,4,0,4,26,1,1769924399,2026-02-01 00:41:28
1862759079900600428,2,2,0,15,1,1769924399,2026-02-01 00:41:28
1834145868297717964,5,0,5,14,1,1769924399,2026-02-01 00:41:28
b9deb521-41b6-4f8a-ac78-0e58e3977f2c,4,0,4,20,1,1769924399,2026-02-01 00:41:28
66de3fde-0aca-11e7-82f6-3863bb44ef7c,2,2,0,20,1,1769924399,2026-02-01 00:41:28
66de103b-0aca-11e7-82f6-3863bb44ef7c,2,0,2,19,1,1769924400,2026-02-01 00:41:28
0197e9da-ae03-40a7-8270-fe500bfc9e18,1,0,1,15,1,1769924400,2026-02-01 00:41:28
3bf69f3e-23f6-4abe-b5fe-dabe6b0ea066,4,2,2,17,1,1769924400,2026-02-01 00:41:28
c02864f0-2611-440b-98f4-45fddfd545fe,17,1,16,0,1,1769924400,2026-02-01 00:41:28
66dcf023-0aca-11e7-82f6-3863bb44ef7c,3,1,2,16,1,1769924400,2026-02-01 00:41:28
1835247745828931742,1,1,0,19,1,1769924401,2026-02-01 00:41:28
66dc481a-0aca-11e7-82f6-3863bb44ef7c,48,27,21,6,1,1769924401,2026-02-01 00:41:28
2b33334b-243c-4a16-a6d2-32304c8884f1,1,1,0,15,1,1769924401,2026-02-01 00:41:28
2132211694027383298,8,2,6,3,1,1769924394,2026-02-01 00:41:28
66de0bcb-0aca-11e7-82f6-3863bb44ef7c,5,0,5,44,1,1769924394,2026-02-01 00:41:28
1865017865553426604,9,1,8,5,1,1769924396,2026-02-01 00:41:28
7a15d81b-357e-42e0-b208-93ffd562fd63,4,4,0,22,1,1769924397,2026-02-01 00:41:28
7f1b4c40-d9fa-4182-be0e-a993655cfb6f,1,0,1,3,1,1769924397,2026-02-01 00:41:28
66dbcf18-0aca-11e7-82f6-3863bb44ef7c,48,1,47,11,1,1769924397,2026-02-01 00:41:28
1828967346753327602,7,1,6,9,1,1769924398,2026-02-01 00:41:28
c29c9178-bcb1-4c0c-b789-f4a89512a4e4,3,1,2,14,1,1769924398,2026-02-01 00:41:28
1860189190334925058,2,0,2,17,1,1769924399,2026-02-01 00:41:28
14f928c6-9a51-40a2-b7e6-a74e8b351dbf,6,1,5,18,1,1769924396,2026-02-01 00:41:28
52e81f02-b1f9-45d6-9e5c-e15277de1268,3,0,3,19,1,1769924420,2026-02-01 00:41:28
c7ffe3fa-9cd6-4d35-9060-7d5822381442,7,5,2,65,1,1769924419,2026-02-01 00:41:28
66dd4ac1-0aca-11e7-82f6-3863bb44ef7c,7,2,5,23,1,1769924420,2026-02-01 00:41:28
66dde208-0aca-11e7-82f6-3863bb44ef7c,17,16,1,8,1,1769924420,2026-02-01 00:41:28
6ca15d94-897a-4c81-ab47-366829afb7c4,5,0,5,17,1,1769924418,2026-02-01 00:41:28
02fb0f6a-b1dc-4e1c-97f8-fe70462670a3,25,1,24,0,1,1769924419,2026-02-01 00:41:28
1854538793462575652,10,6,4,4,1,1769924419,2026-02-01 00:41:28
66ddb6d9-0aca-11e7-82f6-3863bb44ef7c,44,9,36,16,1,1769924419,2026-02-01 00:41:28
66dd51e6-0aca-11e7-82f6-3863bb44ef7c,3,1,2,73,1,1769924419,2026-02-01 00:41:28
1a5eae13-8f27-4875-8330-a796c95f8ad6,0,0,0,17,1,1769924419,2026-02-01 00:41:28
b03adb87-2bd9-43a5-a822-7d06a9ee2d81,25,0,25,0,1,1769924419,2026-02-01 00:41:28
2126579619522812246,8,5,3,1,1,1769924422,2026-02-01 00:41:28
16a4effc-282e-4053-b47b-31f734d50c08,8,2,6,15,1,1769924422,2026-02-01 00:41:28
1838070626762830158,3,1,2,16,1,1769924422,2026-02-01 00:41:28
66db6d40-0aca-11e7-82f6-3863bb44ef7c,40,37,3,5,1,1769924422,2026-02-01 00:41:28
1906951766876655628,2,2,0,27,1,1769924422,2026-02-01 00:41:28
9e0b3452-ef6d-4e94-8c05-7bef199cdb74,2,1,1,14,1,1769924422,2026-02-01 00:41:28
cc7b86cf-a2fb-4738-b967-de7b197dc930,2,0,2,27,1,1769924422,2026-02-01 00:41:28
87091002-cc25-452a-b5d9-f8d0c3fce422,4,4,0,21,1,1769924422,2026-02-01 00:41:28
bb07a569-cc74-439e-b424-916c0304f136,4,1,3,21,1,1769924423,2026-02-01 00:41:28
1851254360969534132,0,0,0,22,1,1769924425,2026-02-01 00:41:28
fec4aa1b-9fc1-4dd9-ab39-c1d7370a6e54,4,0,4,15,1,1769924425,2026-02-01 00:41:28
d11db4cd-f9bf-430b-ac19-104fef323b24,3,3,0,15,1,1769924425,2026-02-01 00:41:28
bf317efc-13f1-42be-8243-373a29354033,0,0,0,23,1,1769924426,2026-02-01 00:41:28
1880643915885220532,0,0,0,25,1,1769924426,2026-02-01 00:41:28
66db9cc4-0aca-11e7-82f6-3863bb44ef7c,9,1,8,26,1,1769924418,2026-02-01 00:41:28
e6b6c6e2-5fcb-47cd-8f2d-4324b7c977c8,7,5,2,8,1,1769924424,2026-02-01 00:41:28
1198e739-787c-4ce4-aa63-ffaf98506e9c,3,2,1,58,1,1769924424,2026-02-01 00:41:28
ed5c92f1-3293-4385-9e2b-9b716a096a19,1,1,0,48,1,1769924425,2026-02-01 00:41:28
54782566-697b-497e-a503-dc1f39963eb2,12,7,5,13,1,1769924424,2026-02-01 00:41:28
1945125910957847430,8,1,7,4,1,1769924420,2026-02-01 00:41:28
2142879485385917038,3,0,3,25,1,1769924421,2026-02-01 00:41:28
f06c01c3-fd7f-443c-a0c7-fc9233d77f6a,1,1,0,20,1,1769924422,2026-02-01 00:41:28
66dccad8-0aca-11e7-82f6-3863bb44ef7c,0,0,0,18,1,1769924422,2026-02-01 00:41:28
aa0e6301-4162-428d-8943-7b684089b0d1,6,1,5,11,1,1769924423,2026-02-01 00:41:28
679dcf08-d88c-4d1b-b81d-fe9f4aabbff7,2,0,2,18,1,1769924421,2026-02-01 00:41:28
1854537815365165328,0,0,0,18,1,1769924423,2026-02-01 00:41:28
989fdf95-cfb9-475c-ba0c-3152fd3a16e0,9,8,1,1,1,1769924427,2026-02-01 00:41:28
5600446d-a00a-45e6-9dc3-550adfd63e39,1,1,0,15,1,1769924428,2026-02-01 00:41:28
6908ae75-b9a1-4f20-b192-95dc43e858a8,4,0,4,12,1,1769924428,2026-02-01 00:41:28
f882ccc8-45aa-426b-aef6-514fe1d3d9cc,19,1,18,6,1,1769924429,2026-02-01 00:41:28
66db89a3-0aca-11e7-82f6-3863bb44ef7c,57,0,57,1,1,1769924429,2026-02-01 00:41:28
66dcccfe-0aca-11e7-82f6-3863bb44ef7c,0,0,0,17,1,1769924429,2026-02-01 00:41:28
2121032973750651666,2,0,2,8,1,1769924429,2026-02-01 00:41:28
1864605659096685518,2,2,0,17,1,1769924430,2026-02-01 00:41:28
2098359443836787630,5,2,3,65,1,1769924430,2026-02-01 00:41:28
66dce4fc-0aca-11e7-82f6-3863bb44ef7c,10,0,10,15,1,1769924430,2026-02-01 00:41:28
2010065065442370322,2,1,1,22,1,1769924430,2026-02-01 00:41:28
66db6da2-0aca-11e7-82f6-3863bb44ef7c,40,22,18,5,1,1769924430,2026-02-01 00:41:28
1814900898997467540,6,0,6,9,1,1769924430,2026-02-01 00:41:28
923a60f7-2a0e-4a31-8dd5-66c8518c929e,2,0,2,15,1,1769924427,2026-02-01 00:41:28
eb8fcff2-6f58-4724-b564-ebc9a8d374d8,14,0,14,4,1,1769924427,2026-02-01 00:41:28
f72a253f-3cef-4da8-9591-0cbd3a692162,10,6,4,28,1,1769924427,2026-02-01 00:41:28
6ae35aa8-644e-4b2c-b6a4-6570192f78ab,14,1,13,12,1,1769924428,2026-02-01 00:41:28
1843486390605672640,6,0,6,15,1,1769924426,2026-02-01 00:41:28
4d4a3e7b-1005-4bfd-8680-340a20cacbee,0,0,0,4,0,1769783234,2026-02-01 00:41:28
c042a307-2d7d-4ee9-95b7-a7505a3428c2,7,6,1,26,1,1769924429,2026-02-01 00:41:28
1849009244468810224,13,2,11,1,1,1769924434,2026-02-01 00:41:28
2121032708855884414,8,2,6,6,1,1769924434,2026-02-01 00:41:28
9b7e3b8b-97ef-4038-820c-7cd1c1a34fc7,10,2,8,13,1,1769924435,2026-02-01 00:41:28
1843486667668726558,15,0,15,1,1,1769924432,2026-02-01 00:41:28
18326827-dcae-47e0-8518-c4bb9e21eef6,28,1,27,0,1,1769924432,2026-02-01 00:41:28
66dc9068-0aca-11e7-82f6-3863bb44ef7c,3,0,3,61,1,1769924432,2026-02-01 00:41:28
1835249317786962140,2,1,1,24,1,1769924430,2026-02-01 00:41:28
66dc3f08-0aca-11e7-82f6-3863bb44ef7c,32,19,13,45,1,1769924433,2026-02-01 00:41:28
2142879839954225698,2,1,1,11,1,1769924433,2026-02-01 00:41:28
66dc8768-0aca-11e7-82f6-3863bb44ef7c,5,3,2,33,1,1769924433,2026-02-01 00:41:28
66db4282-0aca-11e7-82f6-3863bb44ef7c,51,25,26,13,1,1769924434,2026-02-01 00:41:28
9a37d8a1-990b-484c-9603-262dbd1165cc,3,2,1,15,1,1769924432,2026-02-01 00:41:28
1876864480506022446,12,0,12,6,1,1769924432,2026-02-01 00:41:28
66ddef96-0aca-11e7-82f6-3863bb44ef7c,33,8,25,3,1,1769924432,2026-02-01 00:41:28
40914c6b-293d-49ac-b83a-d9d4af998aea,3,0,3,14,1,1769924432,2026-02-01 00:41:28
1817431953833509324,4,3,1,15,1,1769924434,2026-02-01 00:41:28
66db3ba0-0aca-11e7-82f6-3863bb44ef7c,53,48,4,11,1,1769924435,2026-02-01 00:41:28
760ebaea-f7c7-45ad-aa3b-395d97adcf8f,6,0,6,14,1,1769924435,2026-02-01 00:41:28
c8060816-b4aa-4fd9-bc66-af28bf61dc87,0,0,0,20,1,1769924435,2026-02-01 00:41:28
4775fd25-2240-44d7-884a-d777d15a9b5e,3,2,1,16,1,1769924435,2026-02-01 00:41:28
66db269c-0aca-11e7-82f6-3863bb44ef7c,16,12,4,12,1,1769924436,2026-02-01 00:41:28
8ef6ec7d-e898-4edc-8f3f-af888f8c5ef4,4,1,3,16,1,1769924449,2026-02-01 00:41:28
1849009534951225816,2,0,2,13,1,1769924450,2026-02-01 00:41:28
6a52ceae-3b97-487a-9438-de844bfbf1c2,2,0,2,9,1,1769924450,2026-02-01 00:41:28
cd72b9da-b7c6-4785-92b5-0fb2130f0d7b,7,6,1,15,1,1769924447,2026-02-01 00:41:28
66db65aa-0aca-11e7-82f6-3863bb44ef7c,48,28,20,17,1,1769924449,2026-02-01 00:41:28
66db7a0d-0aca-11e7-82f6-3863bb44ef7c,28,14,14,8,1,1769924449,2026-02-01 00:41:28
bdcbd89b-9ae0-461b-aa1d-7db7ead07400,19,0,19,1,1,1769924449,2026-02-01 00:41:28
2126623199408050430,4,0,4,9,1,1769924421,2026-02-01 00:41:28
50575cba-95ac-4134-9da1-3eec8253afc4,2,1,1,30,1,1769924452,2026-02-01 00:41:28
a6a132f9-89bf-42a4-afe6-1ca449b7f570,9,6,3,4,1,1769924451,2026-02-01 00:41:28
0e5be726-2452-42a0-9be8-ea85c8408e4c,0,0,0,20,1,1769924452,2026-02-01 00:41:28
0c923abb-298a-4a47-b132-9fae73cc59e6,24,12,12,2,1,1769924452,2026-02-01 00:41:28
03872f6b-a522-4c41-a4f2-5d0c41779e7b,3,1,2,16,1,1769924452,2026-02-01 00:41:28
fac701fb-c433-496e-933b-ea137dbe7fe1,1,1,0,16,1,1769924452,2026-02-01 00:41:28
e6f3c665-0c87-4f34-a5e8-69baeed7b7bf,9,5,4,9,1,1769924453,2026-02-01 00:41:28
5f2766b0-362e-49e5-ab09-05e2c4b6f626,0,0,0,17,1,1769924453,2026-02-01 00:41:28
1975559886658995034,0,0,0,23,1,1769924446,2026-02-01 00:41:28
66dd23a9-0aca-11e7-82f6-3863bb44ef7c,6,2,4,19,1,1769924447,2026-02-01 00:41:28
0eacb768-c7d5-4499-9182-9a1331d9280c,23,0,23,1,1,1769924447,2026-02-01 00:41:28
66db46d7-0aca-11e7-82f6-3863bb44ef7c,3,2,1,24,1,1769924452,2026-02-01 00:41:28
efa2a82f-eb4a-4b82-a602-6c42cb984101,0,0,0,16,1,1769924447,2026-02-01 00:41:28
3299ff79-36aa-42ef-b7f1-c40e95c8f570,15,0,15,23,1,1769924447,2026-02-01 00:41:28
66dc0bbd-0aca-11e7-82f6-3863bb44ef7c,19,1,18,8,1,1769924448,2026-02-01 00:41:28
66dd455e-0aca-11e7-82f6-3863bb44ef7c,20,19,0,2,1,1769924442,2026-02-01 00:41:28
753591ba-36f7-4ded-ab7d-40df9994a05f,2,0,2,21,1,1769924453,2026-02-01 00:41:28
c37931bb-8571-4671-a9a8-f3cf23897680,44,12,31,30,1,1769924453,2026-02-01 00:41:28
2121033322026834516,10,0,10,3,1,1769924454,2026-02-01 00:41:28
e10a6e12-d98c-4625-940a-9f83d9b2f6c4,15,0,15,1,1,1769924454,2026-02-01 00:41:28
66db3997-0aca-11e7-82f6-3863bb44ef7c,22,7,14,48,1,1769924454,2026-02-01 00:41:28
66dbcdfc-0aca-11e7-82f6-3863bb44ef7c,3,2,1,51,1,1769924454,2026-02-01 00:41:28
94bcf812-5cff-460c-841f-54876ed1e7a4,0,0,0,18,1,1769924454,2026-02-01 00:41:28
1813395029173762108,13,8,5,21,1,1769924454,2026-02-01 00:41:28
bb0ce308-e5d9-48c7-9f4b-cf0120f2c39a,0,0,0,21,1,1769924450,2026-02-01 00:41:28
e6c2a46e-431a-4101-af84-870f660ff4cb,16,1,15,47,1,1769924450,2026-02-01 00:41:28
1815967051912860522,22,1,21,2,1,1769924451,2026-02-01 00:41:28
bde94a25-6089-4490-af3a-8cc5702230b8,66,52,14,5,1,1769924451,2026-02-01 00:41:28
8e631be4-1e0c-4627-a261-18f0003d0ba2,3,2,1,32,1,1769924455,2026-02-01 00:41:28
9c2a741d-7f3e-4aa1-b58b-db5c3e6bcb20,1,0,1,26,1,1769924455,2026-02-01 00:41:28
145bbc0d-8976-45ae-9565-158ba564d3d1,19,1,18,2,1,1769924455,2026-02-01 00:41:28
66dc90d5-0aca-11e7-82f6-3863bb44ef7c,13,6,7,17,1,1769924457,2026-02-01 00:41:28
a70b26b7-fbad-4787-bf15-29f7b13a19ab,3,1,2,11,1,1769924456,2026-02-01 00:41:28
e2fc6d90-8deb-4e21-961d-9d5208c1f986,14,0,14,6,1,1769924457,2026-02-01 00:41:28
66de1f7f-0aca-11e7-82f6-3863bb44ef7c,5,0,5,25,1,1769924457,2026-02-01 00:41:28
17aba164-9d41-4336-9767-2218b8994ded,4,0,4,14,1,1769924457,2026-02-01 00:41:28
c56739c2-b310-4d73-ab0e-b6036abd9561,12,0,12,5,1,1769924455,2026-02-01 00:41:28
66db2e3a-0aca-11e7-82f6-3863bb44ef7c,27,20,7,24,1,1769924456,2026-02-01 00:41:28
68827e5f-ed28-45de-99bf-66093a8c504f,2,1,1,17,1,1769924455,2026-02-01 00:41:28
467e1de6-73a6-480f-9e83-fd1b03b71047,13,2,11,8,1,1769924456,2026-02-01 00:41:28
66de542a-0aca-11e7-82f6-3863bb44ef7c,36,0,36,6,1,1769924456,2026-02-01 00:41:28
66dbca0f-0aca-11e7-82f6-3863bb44ef7c,24,17,7,21,1,1769924456,2026-02-01 00:41:28
66db6889-0aca-11e7-82f6-3863bb44ef7c,15,5,10,14,1,1769924456,2026-02-01 00:41:28
65a1b09d-560d-46bf-8f5d-7f59471a587e,3,1,2,16,1,1769924456,2026-02-01 00:41:28
1860188607062574024,1,1,0,17,1,1769924456,2026-02-01 00:41:28
9719498d-bd5c-4424-86ac-dfe0795c57d1,1,1,0,21,1,1769924455,2026-02-01 00:41:28
1875023224873448258,10,1,9,5,1,1769924456,2026-02-01 00:41:28
7cb65297-c880-459a-b054-4e059576c02a,0,0,0,13,0,1769835686,2026-02-01 00:41:28
d9bc0b3e-1af8-4cb6-a082-8ef1245ef329,8,3,5,20,1,1769924458,2026-02-01 00:41:28
66dc864c-0aca-11e7-82f6-3863bb44ef7c,15,4,11,9,1,1769924458,2026-02-01 00:41:28
b7c6ce96-a24d-4c1e-93ee-6f49c1adf119,5,0,5,10,1,1769924458,2026-02-01 00:41:28
d7904cd0-4b1b-47d0-8103-937bcf5ff845,0,0,0,2,0,1769820127,2026-02-01 00:41:28
ad41e353-033e-484f-8d76-78014e11e9d7,0,0,0,15,0,1769848017,2026-02-01 00:41:28
fe93b3ae-1d86-4ee9-9eb6-9e11808966aa,0,0,0,16,0,1769877782,2026-02-01 00:41:28
66dcfaf6-0aca-11e7-82f6-3863bb44ef7c,0,0,0,6,0,1769847747,2026-02-01 00:41:28
2171902875345687974,0,0,0,0,0,86400,2026-02-01 00:41:28
66db473c-0aca-11e7-82f6-3863bb44ef7c,0,0,0,3,0,1768246235,2026-02-01 00:41:28
dc8223ad-4108-40a8-9ff5-35e8490b4077,0,0,0,0,0,86400,2026-02-01 00:41:28
2004153375425087884,0,0,0,0,0,86400,2026-02-01 00:41:28
2171904090179944948,0,0,0,0,0,86400,2026-02-01 00:41:28
2177017749848514898,0,0,0,0,0,86400,2026-02-01 00:41:28
2177016064191230822,0,0,0,0,0,86400,2026-02-01 00:41:28
2177016343889563330,0,0,0,0,0,86400,2026-02-01 00:41:28
2177013822218302292,0,0,0,0,0,86400,2026-02-01 00:41:28
2177013981286744096,0,0,0,0,0,86400,2026-02-01 00:41:28
66dc7a7d-0aca-11e7-82f6-3863bb44ef7c,0,0,0,0,0,1760532172,2026-02-01 00:41:28
2171902770580328596,0,0,0,0,0,86400,2026-02-01 00:41:28
45e8c326-b12d-4be6-b040-bb6de9986d25,0,0,0,6,0,1769806128,2026-02-01 00:41:28
ccfa8b82-07a7-4a08-88fc-be261c30a4ca,0,0,0,19,0,1769860969,2026-02-01 00:41:28
2126621966735272262,5,0,5,4,1,1769924305,2026-02-01 00:41:28
2026068766494475116,6,3,3,19,1,1769924338,2026-02-01 00:41:28
66dc4599-0aca-11e7-82f6-3863bb44ef7c,9,0,9,4,1,1769924337,2026-02-01 00:41:28
1861271680294357158,4,2,2,18,1,1769924339,2026-02-01 00:41:28
9d95a4a9-bcfe-4189-bb7d-abd9992ecbaf,5,3,2,7,1,1769924340,2026-02-01 00:41:28
66dc259a-0aca-11e7-82f6-3863bb44ef7c,4,4,0,76,1,1769924341,2026-02-01 00:41:28
4eb6d6a8-ecc1-4e89-a586-4f96ed3d83e1,3,2,1,21,1,1769924341,2026-02-01 00:41:28
1828969515711812276,6,0,6,2,1,1769924342,2026-02-01 00:41:28
66dea674-0aca-11e7-82f6-3863bb44ef7c,7,1,6,11,1,1769924342,2026-02-01 00:41:28
1834145330979754058,2,1,1,24,1,1769924340,2026-02-01 00:41:28
b9d3134b-697f-4a0f-b90f-d95f6c69ffda,2,0,2,16,1,1769924342,2026-02-01 00:41:28
2022386456542683974,21,0,21,9,1,1769924343,2026-02-01 00:41:28
66dde197-0aca-11e7-82f6-3863bb44ef7c,0,0,0,39,1,1769924348,2026-02-01 00:41:28
28be450b-7878-4495-add2-61afd94f375a,9,3,6,5,1,1769924348,2026-02-01 00:41:28
9c147c77-11da-4d0b-8a21-a8042ec8031b,1,1,0,18,1,1769924348,2026-02-01 00:41:28
1814900632709495794,13,2,11,3,1,1769924349,2026-02-01 00:41:28
66ddee56-0aca-11e7-82f6-3863bb44ef7c,10,7,3,2,1,1769924345,2026-02-01 00:41:28
66dc8f1f-0aca-11e7-82f6-3863bb44ef7c,5,1,4,46,1,1769924345,2026-02-01 00:41:28
2687f2e1-3529-464d-82eb-e4f61440c563,5,3,2,10,1,1769924346,2026-02-01 00:41:28
c0e0e578-8ce8-4c9d-be47-b902d8a41050,2,1,1,16,1,1769924347,2026-02-01 00:41:28
66dd41ef-0aca-11e7-82f6-3863bb44ef7c,10,9,1,29,1,1769924347,2026-02-01 00:41:28
1848242216849312578,7,1,6,9,1,1769924348,2026-02-01 00:41:28
e5b2a7ce-d867-465b-8446-743e00617068,3,1,2,16,1,1769924344,2026-02-01 00:41:28
66dea596-0aca-11e7-82f6-3863bb44ef7c,2,1,1,19,1,1769924344,2026-02-01 00:41:28
4b67c6e0-d603-4fbc-afbe-0b8952f4f7af,15,0,15,13,1,1769924353,2026-02-01 00:41:28
1964061627836181486,13,11,2,67,1,1769924349,2026-02-01 00:41:28
66dc2172-0aca-11e7-82f6-3863bb44ef7c,2,2,0,80,1,1769924350,2026-02-01 00:41:28
66dbe8d6-0aca-11e7-82f6-3863bb44ef7c,19,9,10,32,1,1769924354,2026-02-01 00:41:28
66dc76cd-0aca-11e7-82f6-3863bb44ef7c,14,11,3,19,1,1769924354,2026-02-01 00:41:28
cd118a8f-a7d1-4b7a-a6d3-d9e875cb29df,13,9,4,9,1,1769924355,2026-02-01 00:41:28
0f536c08-dde3-40af-a66d-1fe1e7edecd2,1,0,1,16,1,1769924352,2026-02-01 00:41:28
fa14408f-6e88-4668-86ee-ce10ea707f36,43,10,33,17,1,1769924352,2026-02-01 00:41:28
9a52fbc1-d87a-4a65-941d-12fd55dbcdde,16,0,16,0,1,1769924352,2026-02-01 00:41:28
66db2db5-0aca-11e7-82f6-3863bb44ef7c,32,0,32,12,1,1769924351,2026-02-01 00:41:28
66db2fd0-0aca-11e7-82f6-3863bb44ef7c,21,6,15,8,1,1769924353,2026-02-01 00:41:28
2f580cf9-14e2-4300-ba22-f6d88d0312a5,2,0,2,22,1,1769924356,2026-02-01 00:41:28
0dc63044-e19c-474d-9df1-c3e504d03b07,1,1,0,41,1,1769924350,2026-02-01 00:41:28
66de4078-0aca-11e7-82f6-3863bb44ef7c,5,2,3,10,1,1769924355,2026-02-01 00:41:28
66db34fc-0aca-11e7-82f6-3863bb44ef7c,3,0,3,29,1,1769924355,2026-02-01 00:41:28
66de5ace-0aca-11e7-82f6-3863bb44ef7c,11,5,6,7,1,1769924358,2026-02-01 00:41:28
9092515e-eef6-478f-910f-1cd19d06bebb,13,0,13,17,1,1769924359,2026-02-01 00:41:28
1954806962718223342,24,12,12,0,1,1769924359,2026-02-01 00:41:28
d7d297fd-36dc-42f2-8e3b-24b1003be874,13,5,8,1,1,1769924360,2026-02-01 00:41:28
66dde8ac-0aca-11e7-82f6-3863bb44ef7c,1,1,0,34,1,1769924361,2026-02-01 00:41:28
dfad8e49-7e1b-4376-90b4-7a449319f294,1,1,0,19,1,1769924360,2026-02-01 00:41:28
66dcc30b-0aca-11e7-82f6-3863bb44ef7c,1,0,1,15,1,1769924369,2026-02-01 00:41:28
647a2a80-9630-41b0-9b91-1f464b0bf3cc,46,39,7,17,1,1769924369,2026-02-01 00:41:28
66db5c14-0aca-11e7-82f6-3863bb44ef7c,5,3,2,19,1,1769924370,2026-02-01 00:41:28
9a40cb60-6ede-4c9e-9d64-dc55cae57f31,1,0,1,26,1,1769924370,2026-02-01 00:41:28
1d167807-0aa8-413a-b7a0-01c2ca8a6a60,3,0,3,9,1,1769924368,2026-02-01 00:41:28
c0c6a931-c1d3-4202-a433-c4127a4cd846,1,1,0,18,1,1769924368,2026-02-01 00:41:28
1861681121800951962,14,3,11,4,1,1769924369,2026-02-01 00:41:28
2576805f-9732-4c74-8f1d-57715e8cdfa2,0,0,0,28,1,1769924369,2026-02-01 00:41:28
1836581534415880440,2,1,1,24,1,1769924367,2026-02-01 00:41:28
0109f17a-2378-4500-9648-88bdb31ec612,30,0,30,0,1,1769924365,2026-02-01 00:41:28
66dbe7b6-0aca-11e7-82f6-3863bb44ef7c,3,3,0,24,1,1769924366,2026-02-01 00:41:28
66de867e-0aca-11e7-82f6-3863bb44ef7c,4,0,4,24,1,1769924368,2026-02-01 00:41:28
35a5b4d6-2d90-4b60-b68b-03bb60fb1afc,1,1,0,17,1,1769924367,2026-02-01 00:41:28
c809158b-ca8f-4a77-a800-8ee9d287c056,1,0,1,17,1,1769924359,2026-02-01 00:41:28
e0b80983-c520-47e3-9c8d-a17fff5e5582,14,0,14,3,1,1769924363,2026-02-01 00:41:28
66de48f9-0aca-11e7-82f6-3863bb44ef7c,12,0,12,7,1,1769924363,2026-02-01 00:41:28
1869851741257474316,22,0,22,2,1,1769924364,2026-02-01 00:41:28
23bc4d9b-1ec2-45fb-9228-e41517346b24,11,5,6,0,1,1769924365,2026-02-01 00:41:28
3c135a2e-eeea-4e81-9c0a-8d14a6049198,9,0,9,9,1,1769924363,2026-02-01 00:41:28
61bc2467-aa8c-4386-ba9e-3f01120bd6b8,8,3,5,8,1,1769924363,2026-02-01 00:41:28
66dcbe7c-0aca-11e7-82f6-3863bb44ef7c,0,0,0,13,0,1769844461,2026-02-01 00:41:28
1856766912456610780,1,1,0,19,1,1769924360,2026-02-01 00:41:28
1851674145014649512,7,2,5,15,1,1769924360,2026-02-01 00:41:28
de6f4206-3aa9-4cb9-aae0-8547d2cd6854,18,1,17,1,1,1769924374,2026-02-01 00:41:28
b0cc08dc-e7dd-48d1-8901-ba496f3ff2f5,1,1,0,38,1,1769924373,2026-02-01 00:41:28
66db44e5-0aca-11e7-82f6-3863bb44ef7c,2,0,2,34,1,1769924373,2026-02-01 00:41:28
d33261e6-600e-4756-ad03-a9facbd8ace1,0,0,0,5,0,1769799678,2026-02-01 00:41:28
2127386446510160022,0,0,0,18,0,1769917907,2026-02-01 00:41:28
55f6b830-e43e-4227-bfc7-683465236d94,2,1,1,40,1,1769924375,2026-02-01 00:41:28
c2800791-1911-4f2b-8fc7-bed280c557c0,38,33,5,5,1,1769924375,2026-02-01 00:41:28
1938139112487078732,4,2,2,26,1,1769924377,2026-02-01 00:41:28
158e7752-27e2-4912-be0b-eb15405aa096,0,0,0,7,0,1769777946,2026-02-01 00:41:28
a33a2d11-33a5-46ad-a086-5698ac17b7b4,25,7,18,1,1,1769924381,2026-02-01 00:41:28
1064b4b0-e9c8-4139-ac48-f118305dbe69,2,1,1,21,1,1769924381,2026-02-01 00:41:28
1903998756008763590,4,1,3,43,1,1769924381,2026-02-01 00:41:28
1b22c037-207d-454a-90aa-8f22d0a8a7e3,14,0,14,7,1,1769924382,2026-02-01 00:41:28
18fcd2c1-dc8b-4a52-9f18-e9b9003bbea5,16,7,9,17,1,1769924381,2026-02-01 00:41:28
c63e9937-cadb-4813-aee3-5fd3fcc93767,2,0,2,17,1,1769924378,2026-02-01 00:41:28
e780c290-0c52-4ab1-9719-a581be789df3,0,0,0,13,1,1769924378,2026-02-01 00:41:28
66de4594-0aca-11e7-82f6-3863bb44ef7c,12,4,8,8,1,1769924378,2026-02-01 00:41:28
66ddede1-0aca-11e7-82f6-3863bb44ef7c,11,6,5,8,1,1769924379,2026-02-01 00:41:28
66db2d2b-0aca-11e7-82f6-3863bb44ef7c,19,8,11,12,1,1769924378,2026-02-01 00:41:28
1f872052-38c4-4701-96c4-c363de51c2b5,1,0,1,54,1,1769924378,2026-02-01 00:41:28
df243d7f-e6ae-435c-9895-aecbcff9cada,20,13,7,7,1,1769924379,2026-02-01 00:41:28
3c8847a6-c12a-40fd-9b22-4582ac1a0d9d,17,16,1,6,1,1769924379,2026-02-01 00:41:28
66dd4b91-0aca-11e7-82f6-3863bb44ef7c,2,2,0,29,1,1769924379,2026-02-01 00:41:28
1e3a16ff-65ba-4d34-b3c6-37aff44e085a,16,8,8,20,1,1769924379,2026-02-01 00:41:28
43f3d3c7-46b0-4812-879d-15afe8804c5f,12,4,8,9,1,1769924379,2026-02-01 00:41:28
66db3273-0aca-11e7-82f6-3863bb44ef7c,29,20,9,7,1,1769924381,2026-02-01 00:41:28
cad68b8c-6d68-4c5f-88fe-b1aa3e40727a,7,0,7,12,1,1769924381,2026-02-01 00:41:28
1862008413697896912,1,0,1,17,1,1769924380,2026-02-01 00:41:28
d3433b47-99a7-4b21-9fa7-d7052bb5c23b,2,0,2,13,1,1769924380,2026-02-01 00:41:28
d1138533-504c-4d29-b71c-299e1d31f159,16,2,14,16,1,1769924383,2026-02-01 00:41:28
5c3c345d-1975-400d-a9d8-18815816886e,17,15,2,24,1,1769924383,2026-02-01 00:41:28
1828967830172187422,1,0,1,25,1,1769924383,2026-02-01 00:41:28
2098714441479661752,2,1,1,13,1,1769924383,2026-02-01 00:41:28
1845676816555735590,10,2,8,10,1,1769924383,2026-02-01 00:41:28
66db74a5-0aca-11e7-82f6-3863bb44ef7c,26,3,23,17,1,1769924378,2026-02-01 00:41:28
d9ec5589-c872-46f2-88cd-e54f9c596721,2,0,2,13,1,1769924388,2026-02-01 00:41:28
1817432104157364846,11,0,11,1,1,1769924388,2026-02-01 00:41:28
a58ff2e3-a5ae-4070-a26d-ddfe8cc6fc58,0,0,0,2,0,1769837012,2026-02-01 00:41:28
b94d0241-bce7-44a9-ab1c-ece0740a4134,2,2,0,12,1,1769924386,2026-02-01 00:41:28
1840540966407039246,0,0,0,1,0,1769788119,2026-02-01 00:41:28
c3d5f47f-cfc3-4c1f-86bb-bcf770d2949b,15,2,13,4,1,1769924386,2026-02-01 00:41:28
53e30d38-a110-42b4-a8f9-ca801a847ac7,36,16,20,4,1,1769924386,2026-02-01 00:41:28
6f21be51-6fde-4cde-b1db-b102a5f67300,14,0,14,2,1,1769924386,2026-02-01 00:41:28
122111c9-9a61-4372-a756-fb2495611cb6,2,1,1,9,1,1769924386,2026-02-01 00:41:28
88ee054e-bdeb-4305-8f3b-76eb964f2c84,2,0,2,11,1,1769924386,2026-02-01 00:41:28
550153a5-2ea1-4c76-b1cd-77667005f55d,0,0,0,11,0,1769774525,2026-02-01 00:41:28
1d130e43-0408-4423-bb52-77a08372cefa,0,0,0,24,1,1769924387,2026-02-01 00:41:28
66db88f5-0aca-11e7-82f6-3863bb44ef7c,10,2,8,21,1,1769924384,2026-02-01 00:41:28
1846085927885781554,6,1,5,11,1,1769924384,2026-02-01 00:41:28
1846086665080867236,7,0,7,9,1,1769924385,2026-02-01 00:41:28
1860188907884823208,3,0,3,16,1,1769924390,2026-02-01 00:41:28
e34bb92f-6911-449a-999b-5bc80e0322fe,5,0,5,12,1,1769924390,2026-02-01 00:41:28
1932126716328112534,21,2,19,1,1,1769924391,2026-02-01 00:41:28
1851999409149780880,11,0,11,8,1,1769924393,2026-02-01 00:41:28
1899178885660253096,14,10,4,1,1,1769924393,2026-02-01 00:41:28
787fe4b2-6029-4f71-917e-892479d8d64e,4,0,4,13,1,1769924389,2026-02-01 00:41:28
a1acdab2-29c7-4956-8b2e-24b39dc2ff13,0,0,0,42,0,1769853848,2026-02-01 00:41:28
79c4a612-a5df-4814-9e6b-6305da61ebc4,15,0,15,1,1,1769924389,2026-02-01 00:41:28
668ef22c-4665-4f42-bf6a-ab9e8a2899b1,2,0,2,21,1,1769924391,2026-02-01 00:41:28
66ddeffd-0aca-11e7-82f6-3863bb44ef7c,4,1,3,11,1,1769924391,2026-02-01 00:41:28
66dc1c5c-0aca-11e7-82f6-3863bb44ef7c,7,6,1,64,1,1769924391,2026-02-01 00:41:28
e1886e7a-62b1-4359-9835-8ab5a16371ae,1,0,1,17,1,1769924391,2026-02-01 00:41:28
9ea2afff-a146-4824-89b6-39d5bdfac795,16,15,1,0,1,1769924391,2026-02-01 00:41:28
0e003543-3656-448f-8a93-029d265f2e26,12,2,10,12,1,1769924391,2026-02-01 00:41:28
1861682444178541220,21,0,21,5,1,1769924392,2026-02-01 00:41:28
2b54cb2c-31be-4620-a13c-0fa72b58c90a,0,0,0,26,1,1769924392,2026-02-01 00:41:28
66de186f-0aca-11e7-82f6-3863bb44ef7c,7,2,5,17,1,1769924392,2026-02-01 00:41:28
66dc21d4-0aca-11e7-82f6-3863bb44ef7c,3,2,1,29,1,1769924397,2026-02-01 00:41:28
66db3606-0aca-11e7-82f6-3863bb44ef7c,13,1,12,40,1,1769924397,2026-02-01 00:41:28
8d097a6d-f17c-4195-9dd4-42527b371c71,36,32,4,23,1,1769924396,2026-02-01 00:41:28
1836581807397045112,0,0,0,23,1,1769924396,2026-02-01 00:41:28
1828966363527611286,13,0,13,2,1,1769924396,2026-02-01 00:41:28
d6834194-029d-4e2d-83b0-ee78ab5acda2,8,2,6,4,1,1769924397,2026-02-01 00:41:28
7a725e59-49be-4c1d-9c3d-3b3a8ed1232f,8,6,2,8,1,1769924396,2026-02-01 00:41:28
0c106e83-c47a-4233-b5e4-62bbb75d0bed,0,0,0,18,1,1769924396,2026-02-01 00:41:28
36edabac-a0c2-471b-abaf-73fdb53a4e5f,5,3,2,14,1,1769924395,2026-02-01 00:41:28
632b140c-65de-4f50-9cc2-c001ae011aea,2,0,2,55,1,1769924396,2026-02-01 00:41:28
66de2556-0aca-11e7-82f6-3863bb44ef7c,40,33,7,26,1,1769924394,2026-02-01 00:41:28
66db64d1-0aca-11e7-82f6-3863bb44ef7c,8,0,8,8,1,1769924394,2026-02-01 00:41:28
cc758f1a-8b28-4ff5-bc75-fbe62c453378,2,2,0,19,1,1769924394,2026-02-01 00:41:28
83d1ff16-ba56-4eae-aa6a-b37b6439db82,4,0,4,24,1,1769924395,2026-02-01 00:41:28
66dbc551-0aca-11e7-82f6-3863bb44ef7c,11,6,5,34,1,1769924398,2026-02-01 00:41:28
66dd1585-0aca-11e7-82f6-3863bb44ef7c,35,2,33,0,1,1769924399,2026-02-01 00:41:28
1947367330341251364,1,1,0,18,1,1769924399,2026-02-01 00:41:28
78b4aa30-e4e9-4447-9419-c89f8527892e,1,1,0,18,1,1769924399,2026-02-01 00:41:28
ebfafca3-5818-4e6f-8374-98f44a0ca0c6,0,0,0,25,1,1769924400,2026-02-01 00:41:28
66dd546c-0aca-11e7-82f6-3863bb44ef7c,11,1,10,7,1,1769924400,2026-02-01 00:41:28
7bdd60e9-c0fd-40f6-aa9a-d5fa004d4fe3,14,0,14,3,1,1769924400,2026-02-01 00:41:28
e8df73bd-5d3d-47c9-b04d-bcec4db5540f,38,3,35,16,1,1769924394,2026-02-01 00:41:28
547cdccc-7864-4898-97c9-8798d924ef54,38,30,8,9,1,1769924395,2026-02-01 00:41:28
1860190006584693708,2,0,2,13,1,1769924399,2026-02-01 00:41:28
4dcff9e7-7cb6-4d3d-ad67-c2e4c05933d3,6,0,6,15,1,1769924403,2026-02-01 00:41:28
66dbc60f-0aca-11e7-82f6-3863bb44ef7c,0,0,0,0,0,1769871706,2026-02-01 00:41:28
341730d7-a61d-499d-8c07-fa015f644e54,46,35,11,26,1,1769924403,2026-02-01 00:41:28
66de482a-0aca-11e7-82f6-3863bb44ef7c,4,0,4,7,1,1769924403,2026-02-01 00:41:28
d7632897-a6eb-4f8f-9ab2-c66426620fbf,7,0,7,5,1,1769924404,2026-02-01 00:41:28
66dea894-0aca-11e7-82f6-3863bb44ef7c,29,19,10,7,1,1769924404,2026-02-01 00:41:28
e4645d0d-8b76-4c46-b2b9-be25592e0659,5,2,3,17,1,1769924404,2026-02-01 00:41:28
2743a950-3a1f-4a58-8fe0-f4105033e0e3,6,5,1,14,1,1769924404,2026-02-01 00:41:28
328d778a-7e71-4240-acae-b84f0fdaa5c5,1,0,1,24,1,1769924400,2026-02-01 00:41:28
66de2a00-0aca-11e7-82f6-3863bb44ef7c,15,1,14,7,1,1769924401,2026-02-01 00:41:28
be8e6f1c-e8b5-40bd-896d-423052ba3bbc,2,0,2,12,1,1769924401,2026-02-01 00:41:28
002e6e9f-ced2-47b0-bc7e-ccf38c3b4b0f,3,0,3,15,1,1769924401,2026-02-01 00:41:28
67f60e7e-397a-4e47-b7f9-d10bd67133b3,2,0,2,46,1,1769924401,2026-02-01 00:41:28
8ea09819-cd88-4732-b047-c0549f0b370f,19,11,8,6,1,1769924401,2026-02-01 00:41:28
1828969323789472168,12,5,7,0,1,1769924402,2026-02-01 00:41:28
eafa19ed-88c2-4efc-bd73-3961f85b6063,21,18,2,9,1,1769924401,2026-02-01 00:41:28
cac843c2-8b21-47bb-a3b9-712f95d7f7aa,15,3,12,0,1,1769924403,2026-02-01 00:41:28
648e09b6-95c2-40d3-9dac-a43f22eccf38,3,2,1,21,1,1769924404,2026-02-01 00:41:28
c46a2889-258b-4fc5-a452-1d4e7dfe683a,2,0,2,15,1,1769924405,2026-02-01 00:41:28
9b70cbe2-25fc-42f8-b6e6-ac21ef248e4b,3,1,2,15,1,1769924405,2026-02-01 00:41:28
1885442082749874736,2,1,1,17,1,1769924405,2026-02-01 00:41:28
66dcac42-0aca-11e7-82f6-3863bb44ef7c,37,5,32,2,1,1769924410,2026-02-01 00:41:28
2119506830683992262,39,26,13,2,1,1769924410,2026-02-01 00:41:28
2104275164415193448,32,5,27,26,1,1769924410,2026-02-01 00:41:28
4034789e-b70d-4aae-bf18-3ed37a4d751f,11,3,8,5,1,1769924410,2026-02-01 00:41:28
66db63f4-0aca-11e7-82f6-3863bb44ef7c,3,0,3,10,1,1769924411,2026-02-01 00:41:28
b55f9b55-7fa7-4f0f-9732-78cbe07452e1,2,0,2,20,1,1769924409,2026-02-01 00:41:28
66de5095-0aca-11e7-82f6-3863bb44ef7c,4,1,3,11,1,1769924410,2026-02-01 00:41:28
ca4795a2-6ab3-4597-bf59-f0155ac1637c,20,4,16,43,1,1769924408,2026-02-01 00:41:28
1869439561831725810,3,0,3,19,1,1769924408,2026-02-01 00:41:28
be2bdee1-e3e9-45cc-94f0-2ba81a722ba3,8,4,4,9,1,1769924408,2026-02-01 00:41:28
66dc2bc5-0aca-11e7-82f6-3863bb44ef7c,3,3,0,102,1,1769924409,2026-02-01 00:41:28
3d339282-d5c7-41ec-b634-6a988aefd440,4,2,2,11,1,1769924409,2026-02-01 00:41:28
88e64257-298c-4b8d-8886-77b9b66dcec1,9,4,5,38,1,1769924407,2026-02-01 00:41:28
66de65a4-0aca-11e7-82f6-3863bb44ef7c,3,0,3,17,1,1769924408,2026-02-01 00:41:28
4d79bdb9-7c35-4d35-9f6e-3c1b849c453a,7,4,3,36,1,1769924408,2026-02-01 00:41:28
66dc41bb-0aca-11e7-82f6-3863bb44ef7c,2,1,1,38,1,1769924408,2026-02-01 00:41:28
0b94cc1e-2327-4679-99d9-3b21ddc02051,15,4,11,13,1,1769924405,2026-02-01 00:41:28
b516fedb-3ced-4683-8c17-7e5f6dadf04d,17,2,15,13,1,1769924413,2026-02-01 00:41:28
5db1fefa-0f10-4c58-a7ce-113f3164ced8,7,1,6,6,1,1769924413,2026-02-01 00:41:28
61647ec6-dfd6-4d1c-8800-d488d390c627,21,14,7,9,1,1769924414,2026-02-01 00:41:28
62089e99-7f73-4f59-816d-57f9793484a1,11,0,11,1,1,1769924414,2026-02-01 00:41:28
66db402c-0aca-11e7-82f6-3863bb44ef7c,44,16,28,34,1,1769924418,2026-02-01 00:41:28
b608193c-46ae-4b61-9e7a-4671e7c3b96e,2,0,2,14,1,1769924418,2026-02-01 00:41:28
285ad3c2-3ffe-45bb-8765-9c20a69641a6,7,2,5,5,1,1769924419,2026-02-01 00:41:28
66dc192f-0aca-11e7-82f6-3863bb44ef7c,17,1,16,2,1,1769924419,2026-02-01 00:41:28
90c35466-db3c-4b0d-993e-6e92883773b4,52,39,13,7,1,1769924419,2026-02-01 00:41:28
66de5e5b-0aca-11e7-82f6-3863bb44ef7c,3,2,1,32,1,1769924419,2026-02-01 00:41:28
eb41a103-0196-4f19-a440-256167191a7d,1,1,0,15,1,1769924412,2026-02-01 00:41:28
dd351a72-4241-4275-843d-0fffa8a1f414,1,0,1,20,1,1769924412,2026-02-01 00:41:28
66de5613-0aca-11e7-82f6-3863bb44ef7c,46,1,45,14,1,1769924413,2026-02-01 00:41:28
f001fac9-5f19-451e-a752-afde574a8c81,0,0,0,16,1,1769924413,2026-02-01 00:41:28
361dd964-db79-47dd-b044-eac88c735249,1,0,1,19,1,1769924413,2026-02-01 00:41:28
2144768975813378884,1,1,0,16,1,1769924417,2026-02-01 00:41:28
66dde845-0aca-11e7-82f6-3863bb44ef7c,2,2,0,25,1,1769924417,2026-02-01 00:41:28
1893542109140147108,11,2,9,4,1,1769924417,2026-02-01 00:41:28
1815968147129520346,0,0,0,20,1,1769924417,2026-02-01 00:41:28
1884688942632618210,5,5,0,18,1,1769924411,2026-02-01 00:41:28
2143247416766638978,2,0,2,38,1,1769924412,2026-02-01 00:41:28
66db7637-0aca-11e7-82f6-3863bb44ef7c,0,0,0,31,0,1769922556,2026-02-01 00:41:28
66de10a8-0aca-11e7-82f6-3863bb44ef7c,16,3,13,11,1,1769924417,2026-02-01 00:41:28
66dd039b-0aca-11e7-82f6-3863bb44ef7c,10,6,4,2,1,1769924418,2026-02-01 00:41:28
1828966104320053340,6,0,6,10,1,1769924418,2026-02-01 00:41:28
42032bf9-4599-4035-bc01-c80bec1a7122,1,1,0,19,1,1769924416,2026-02-01 00:41:28
55fda28d-56a8-4db2-b42a-072714f18471,12,0,12,1,1,1769924415,2026-02-01 00:41:28
59e3766c-0629-4ff1-a1d9-bc0514a55487,3,0,3,19,1,1769924415,2026-02-01 00:41:28
04d557d6-6bc3-4244-b0f1-81ed1449ccd6,7,5,2,4,1,1769924416,2026-02-01 00:41:28
c066c90a-efb1-4f8b-aa15-38ba4edd4ebc,0,0,0,16,1,1769924421,2026-02-01 00:41:28
d8673258-9513-4ed2-86bf-bef62e7e4e30,0,0,0,8,0,1769776032,2026-02-01 00:41:28
66dd4b2b-0aca-11e7-82f6-3863bb44ef7c,1,1,0,43,1,1769924421,2026-02-01 00:41:28
26176e86-8362-4c91-a693-6aa3f9ce0b73,3,1,2,9,1,1769924422,2026-02-01 00:41:28
1815967159287043052,10,1,9,13,1,1769924422,2026-02-01 00:41:28
66dbb869-0aca-11e7-82f6-3863bb44ef7c,4,2,2,14,1,1769924419,2026-02-01 00:41:28
1838070776953752336,2,0,2,19,1,1769924422,2026-02-01 00:41:28
1786696384892428996,4,2,2,16,1,1769924424,2026-02-01 00:41:28
f91170e6-a33c-4870-94da-9d51510515d2,2,1,1,14,1,1769924424,2026-02-01 00:41:28
4bbf50a9-47c2-4a32-97c2-1f6bc4f9d401,22,3,19,7,1,1769924424,2026-02-01 00:41:28
3eed817a-63e5-424b-8ed3-c809db5488f7,46,18,28,0,1,1769924424,2026-02-01 00:41:28
9c1c3499-1b11-471f-b59a-87d9e27e15c5,16,5,11,2,1,1769924424,2026-02-01 00:41:28
94f77501-32e5-4539-90c6-82d4198f7991,2,0,2,14,1,1769924420,2026-02-01 00:41:28
1841240663447542046,4,2,1,13,1,1769924424,2026-02-01 00:41:28
66dda55f-0aca-11e7-82f6-3863bb44ef7c,0,0,0,17,0,1769918437,2026-02-01 00:41:28
66dbf518-0aca-11e7-82f6-3863bb44ef7c,9,1,8,13,1,1769924424,2026-02-01 00:41:28
1828967607558607844,1,0,1,15,1,1769924420,2026-02-01 00:41:28
66dcc047-0aca-11e7-82f6-3863bb44ef7c,0,0,0,15,0,1769848779,2026-02-01 00:41:28
3863f086-ae35-4d0e-8c91-2b6e3e5827a1,24,11,13,6,1,1769924420,2026-02-01 00:41:28
66de099d-0aca-11e7-82f6-3863bb44ef7c,1,0,1,36,1,1769924423,2026-02-01 00:41:28
2123940148896639644,4,2,2,0,1,1769924414,2026-02-01 00:41:28
6076e321-85d8-4e0e-ae18-86bb8cbbda1b,14,1,13,1,1,1769924420,2026-02-01 00:41:28
7603028c-8b04-4918-8a25-a087ce57aea4,15,1,14,15,1,1769924421,2026-02-01 00:41:28
66dcc5ca-0aca-11e7-82f6-3863bb44ef7c,0,0,0,0,0,1769924425,2026-02-01 00:41:28
38bb1218-0a9e-41d9-b2ef-25c8626dac29,6,0,6,7,1,1769924425,2026-02-01 00:41:28
66db7a71-0aca-11e7-82f6-3863bb44ef7c,1,1,0,35,1,1769924426,2026-02-01 00:41:28
387e2863-83ad-4589-8004-794a7b624801,2,1,1,16,1,1769924429,2026-02-01 00:41:28
1796642668661690940,18,2,16,0,1,1769924429,2026-02-01 00:41:28
1318e05a-2506-43c6-b49d-4c1f7f69a267,6,3,3,7,1,1769924430,2026-02-01 00:41:28
5736cd70-be41-483e-8d82-721874f40e6e,5,0,5,12,1,1769924430,2026-02-01 00:41:28
1875672501601550456,6,0,6,11,1,1769924430,2026-02-01 00:41:28
e58234a3-5b23-427e-948f-c1e4571b2bfa,19,1,18,39,1,1769924430,2026-02-01 00:41:28
66de2b97-0aca-11e7-82f6-3863bb44ef7c,11,7,4,16,1,1769924430,2026-02-01 00:41:28
66dc7cc3-0aca-11e7-82f6-3863bb44ef7c,0,0,0,34,1,1769924430,2026-02-01 00:41:28
a8560d28-9ee1-4af4-9180-7e9c4dd0d147,10,1,9,7,1,1769924427,2026-02-01 00:41:28
66dbbc4a-0aca-11e7-82f6-3863bb44ef7c,9,2,7,10,1,1769924427,2026-02-01 00:41:28
1893622839585237496,5,4,1,58,1,1769924428,2026-02-01 00:41:28
062ffe5a-aa91-412d-8210-23d562c7e7f8,2,2,0,17,1,1769924427,2026-02-01 00:41:28
1b985e4b-88de-42a8-95be-dce37dbbc5c5,7,0,7,15,1,1769924428,2026-02-01 00:41:28
66dded7a-0aca-11e7-82f6-3863bb44ef7c,2,0,2,26,1,1769924426,2026-02-01 00:41:28
40fd82d6-c0e9-4876-adfb-816140ecfc39,8,3,5,9,1,1769924426,2026-02-01 00:41:28
1843486464469891376,0,0,0,17,1,1769924428,2026-02-01 00:41:28
1846085626867634660,1,0,1,16,1,1769924428,2026-02-01 00:41:28
15cb007b-bfca-4ad7-bfc6-44bf3d36785a,17,1,16,2,1,1769924428,2026-02-01 00:41:28
1057229c-f8f8-4014-80cd-f40421c61cf0,9,8,1,8,1,1769924426,2026-02-01 00:41:28
66dbeded-0aca-11e7-82f6-3863bb44ef7c,0,0,0,16,1,1769924426,2026-02-01 00:41:28
bc346753-b68a-4cb3-b93f-b0be68227eae,4,1,3,14,1,1769924429,2026-02-01 00:41:28
47bcbcc1-9241-4e65-99f1-07c15543be1b,5,1,4,20,1,1769924429,2026-02-01 00:41:28
dc34ba4c-d8e5-4674-a02e-210c950c05c1,0,0,0,24,1,1769924433,2026-02-01 00:41:28
1869753812884512816,3,2,1,15,1,1769924432,2026-02-01 00:41:28
063e7e78-b810-4a2f-8045-a82a0d69d752,22,9,13,22,1,1769924432,2026-02-01 00:41:28
1e6c5d0c-f406-4b60-88f6-6284a38d3930,3,1,2,13,1,1769924433,2026-02-01 00:41:28
f15ccc6e-5a7c-46e7-b505-0bfc9cae3d83,1,1,0,28,1,1769924433,2026-02-01 00:41:28
66db2afe-0aca-11e7-82f6-3863bb44ef7c,26,21,5,4,1,1769924434,2026-02-01 00:41:28
66de8a86-0aca-11e7-82f6-3863bb44ef7c,7,3,4,49,1,1769924434,2026-02-01 00:41:28
96a0b676-e966-4d96-b04b-ceb8149cedcd,1,0,1,14,1,1769924434,2026-02-01 00:41:28
66dc4b4c-0aca-11e7-82f6-3863bb44ef7c,4,2,2,53,1,1769924430,2026-02-01 00:41:28
bbaae5d3-7e2b-46a8-872e-152404c664f7,18,0,18,6,1,1769924430,2026-02-01 00:41:28
141eb0e0-e78d-411a-a0be-202a6424cc93,17,1,16,4,1,1769924435,2026-02-01 00:41:28
625711ba-3b5d-46a7-a8f9-7f4eb17ec1be,8,2,6,15,1,1769924435,2026-02-01 00:41:28
2126274308236524392,3,1,2,8,1,1769924435,2026-02-01 00:41:28
993fc83f-52c6-43f4-bb49-4abe4ad48150,0,0,0,18,1,1769924431,2026-02-01 00:41:28
2124382079594320876,6,3,3,5,1,1769924364,2026-02-01 00:41:28
1860189813948384088,9,3,6,8,1,1769924431,2026-02-01 00:41:28
ce95fbdd-b7d2-46fc-910d-5c170e4b7610,0,0,0,18,1,1769924431,2026-02-01 00:41:28
a2f71eea-05a2-4fe7-99ab-f74535c880ae,3,2,1,15,1,1769924432,2026-02-01 00:41:28
44a80c48-c1a9-4ff1-92eb-6bf8be492f5e,4,1,3,11,1,1769924431,2026-02-01 00:41:28
f4f9a09c-010c-430c-a766-3390c44b4962,0,0,0,15,1,1769924431,2026-02-01 00:41:28
821b19c1-ab13-4482-9580-770288a377a7,4,2,2,32,1,1769924435,2026-02-01 00:41:28
2124037775602344266,3,0,3,10,1,1769924342,2026-02-01 00:41:28
66de0933-0aca-11e7-82f6-3863bb44ef7c,18,2,16,9,1,1769924439,2026-02-01 00:41:28
724aeecc-8c91-4afc-b97c-72a98de452c9,0,0,0,16,1,1769924439,2026-02-01 00:41:28
66dde914-0aca-11e7-82f6-3863bb44ef7c,13,6,7,13,1,1769924439,2026-02-01 00:41:28
594b4656-9d83-4301-8967-3b92c126531c,13,5,8,10,1,1769924438,2026-02-01 00:41:28
3e9e50cc-f336-439f-bd0b-dec5499c038d,18,15,3,11,1,1769924438,2026-02-01 00:41:28
a3e2b360-f050-48ea-b8c8-57d897b8f7fc,3,3,0,14,1,1769924438,2026-02-01 00:41:28
66dea6e1-0aca-11e7-82f6-3863bb44ef7c,7,1,6,52,1,1769924437,2026-02-01 00:41:28
1786697003367719132,20,3,16,8,1,1769924437,2026-02-01 00:41:28
66dc1beb-0aca-11e7-82f6-3863bb44ef7c,11,2,9,85,1,1769924437,2026-02-01 00:41:28
66dd0808-0aca-11e7-82f6-3863bb44ef7c,0,0,0,23,1,1769924437,2026-02-01 00:41:28
1854538169357726138,0,0,0,17,1,1769924437,2026-02-01 00:41:28
96878d29-481d-48dc-bcdc-a5f1ce88c76d,5,0,5,14,1,1769924437,2026-02-01 00:41:28
66db7152-0aca-11e7-82f6-3863bb44ef7c,23,9,14,18,1,1769924440,2026-02-01 00:41:28
1815968026870435892,7,5,2,11,1,1769924440,2026-02-01 00:41:28
93c28953-7e65-436e-9c5a-9d7ca0e3729f,3,2,1,19,1,1769924440,2026-02-01 00:41:28
bd1760ad-3af3-4ede-9bd7-c8fbf46d7192,3,2,1,14,1,1769924441,2026-02-01 00:41:28
cc834d78-6eca-450a-ae00-a5ffc6f1a7a6,14,0,14,0,1,1769924440,2026-02-01 00:41:28
66dbe848-0aca-11e7-82f6-3863bb44ef7c,101,71,30,12,1,1769924435,2026-02-01 00:41:28
18846fd4-877c-4971-9b6f-1bd8fbc10346,2,0,2,17,1,1769924435,2026-02-01 00:41:28
d9ea5210-50b3-4342-9801-f896bd21f4a1,1,1,0,21,1,1769924439,2026-02-01 00:41:28
b4063b76-1abd-465c-96a4-45f6ee016bc5,3,2,1,12,1,1769924440,2026-02-01 00:41:28
db41cc62-86ea-4421-bfaf-9b6511cfee10,1,0,1,29,1,1769924440,2026-02-01 00:41:28
afc79a38-e26d-48f7-94e4-d0aca8fd1c49,2,1,1,14,1,1769924436,2026-02-01 00:41:28
623c9658-5544-4254-847e-738763cf45a3,7,5,2,10,1,1769924438,2026-02-01 00:41:28
fda0c217-9504-4b26-8a25-e40b603ee5fa,1,1,0,14,1,1769924438,2026-02-01 00:41:28
1880644160834607498,10,2,8,11,1,1769924442,2026-02-01 00:41:28
e612122d-e0fd-4ebf-8d51-0f48f9d1b580,15,0,15,1,1,1769924442,2026-02-01 00:41:28
66db40ef-0aca-11e7-82f6-3863bb44ef7c,34,23,11,9,1,1769924442,2026-02-01 00:41:28
1835247196073118026,11,4,6,4,1,1769924442,2026-02-01 00:41:28
4c3b6e25-b0c2-4a3f-b07e-cd60cd1b0ac0,1,1,0,15,1,1769924443,2026-02-01 00:41:28
a0eec052-257a-4c79-8171-6e2ad9864ad0,12,2,10,15,1,1769924443,2026-02-01 00:41:28
ad17bd9a-735b-4a11-8ad3-dc7800e342af,13,4,9,12,1,1769924443,2026-02-01 00:41:28
d5d589e6-457f-4cd4-bf78-59165dce28b2,16,8,8,1,1,1769924443,2026-02-01 00:41:28
b506be9e-45d3-43d1-a262-27d8fa91e974,13,4,9,11,1,1769924444,2026-02-01 00:41:28
1869439368558197224,1,0,1,17,1,1769924444,2026-02-01 00:41:28
66dc0cc7-0aca-11e7-82f6-3863bb44ef7c,4,3,0,37,1,1769924444,2026-02-01 00:41:28
45865207-8700-4ef2-99ed-b08889ef0250,5,0,5,15,1,1769924440,2026-02-01 00:41:28
5dc8ddac-979e-4ae5-b879-3670cca7482d,2,0,2,18,1,1769924441,2026-02-01 00:41:28
2f656bc4-7743-4326-8330-a22bd41d9d17,5,2,3,19,1,1769924441,2026-02-01 00:41:28
8fa2fafb-fa07-48b2-b159-bffbea7176d4,1,0,1,18,1,1769924441,2026-02-01 00:41:28
3c6c0d12-80dd-4c49-b7c5-e3549588b8cf,12,3,9,9,1,1769924441,2026-02-01 00:41:28
fd081854-3f37-420a-9785-ea63c09c12ad,0,0,0,19,1,1769924441,2026-02-01 00:41:28
36b55a0f-e55d-4849-859a-09b3273fb782,8,0,8,8,1,1769924442,2026-02-01 00:41:28
5780ae63-54e5-48e3-a00c-9c403cb75401,12,1,11,8,1,1769924445,2026-02-01 00:41:28
66ddd369-0aca-11e7-82f6-3863bb44ef7c,40,30,10,5,1,1769924445,2026-02-01 00:41:28
66de5773-0aca-11e7-82f6-3863bb44ef7c,2,0,2,10,1,1769924445,2026-02-01 00:41:28
f3c68cfb-52fd-48c8-b6e5-85c179fee0b3,9,4,5,12,1,1769924449,2026-02-01 00:41:28
1875433315773395778,6,3,3,24,1,1769924449,2026-02-01 00:41:28
203d7b9a-8666-4af1-81c7-f9fc36aa0952,0,0,0,16,1,1769924449,2026-02-01 00:41:28
82dd89f6-1e5a-4a8f-8660-13cb64349e94,6,0,6,11,1,1769924449,2026-02-01 00:41:28
305c221f-4e0b-4a5a-902c-3d1043dfe606,3,2,1,13,1,1769924449,2026-02-01 00:41:28
d3f51f51-7e51-4c75-8600-d76916608707,4,2,2,24,1,1769924449,2026-02-01 00:41:28
284b08f2-3d26-4f52-9463-25e4a07c16f7,7,4,3,19,1,1769924446,2026-02-01 00:41:28
66db8d89-0aca-11e7-82f6-3863bb44ef7c,29,24,5,13,1,1769924446,2026-02-01 00:41:28
1828968794479100296,7,0,7,9,1,1769924446,2026-02-01 00:41:28
344b52b0-73a9-4fe3-9132-23d0502dc0ae,4,2,2,12,1,1769924449,2026-02-01 00:41:28
d47c856e-8cda-4da0-b8eb-1ccf0e6ef7ab,1,1,0,27,1,1769924450,2026-02-01 00:41:28
e3e6105e-eaa2-43c5-badb-fb8592ad7227,10,8,2,10,1,1769924450,2026-02-01 00:41:28
66dcbbfe-0aca-11e7-82f6-3863bb44ef7c,2,0,2,9,1,1769924450,2026-02-01 00:41:28
7a8b474b-7577-4316-a192-d57576d194a3,5,3,2,10,1,1769924450,2026-02-01 00:41:28
b0239a13-649a-4d31-aa04-56b8aaeba4d4,1,0,1,15,1,1769924450,2026-02-01 00:41:28
1828969112306680612,12,7,5,6,1,1769924450,2026-02-01 00:41:28
2126579471787670468,6,1,5,9,1,1769924433,2026-02-01 00:41:28
bfbd1f09-afd2-49d2-8674-3a07b3c929a4,11,7,4,5,1,1769924447,2026-02-01 00:41:28
66de08c9-0aca-11e7-82f6-3863bb44ef7c,7,0,7,12,1,1769924448,2026-02-01 00:41:28
85b77b8d-32b8-4049-a407-64319916e2c5,0,0,0,18,1,1769924447,2026-02-01 00:41:28
66dd448f-0aca-11e7-82f6-3863bb44ef7c,18,16,2,18,1,1769924448,2026-02-01 00:41:28
ca4e4962-2169-4559-8f60-b05ab7809750,11,2,9,10,1,1769924448,2026-02-01 00:41:28
1786375069262703476,11,1,10,9,1,1769924450,2026-02-01 00:41:28
66dce567-0aca-11e7-82f6-3863bb44ef7c,4,0,4,13,1,1769924450,2026-02-01 00:41:28
844c68cc-19f0-474a-86d3-4af170117aae,7,7,0,11,1,1769924450,2026-02-01 00:41:28
1848242058183072050,6,0,6,8,1,1769924451,2026-02-01 00:41:28
1846086138339179502,11,7,4,8,1,1769924451,2026-02-01 00:41:28
085da8d4-9465-46f0-82d1-10c9c9177d64,1,0,1,17,1,1769924453,2026-02-01 00:41:28
ba0a4ada-c9f6-48b4-a7b3-7220f6fb88c2,0,0,0,20,0,1769784952,2026-02-01 00:41:28
dad3b7df-ec40-4d54-bfdb-5e82be84d742,4,3,1,16,1,1769924453,2026-02-01 00:41:28
ecc52c52-e2d9-4e73-8f9c-18ad8e9b0606,0,0,0,22,1,1769924453,2026-02-01 00:41:28
2366d8a4-7a49-42f3-9afe-efd2b200336b,8,3,5,12,1,1769924453,2026-02-01 00:41:28
db29242d-6ff3-4e22-85fe-45fa3d03ec39,1,1,0,17,1,1769924453,2026-02-01 00:41:28
d7bdc3d7-6e6d-4899-9cc7-f4238a86c695,3,0,3,20,1,1769924455,2026-02-01 00:41:28
1885439359712500016,0,0,0,23,1,1769924455,2026-02-01 00:41:28
1838999521825487230,16,0,16,0,1,1769924455,2026-02-01 00:41:28
1e83ffdc-8e72-45c0-8210-4f37e60505c9,8,3,5,23,1,1769924455,2026-02-01 00:41:28
9e5fd5b6-c5f2-4694-9406-a44b7d0146d9,12,8,4,20,1,1769924456,2026-02-01 00:41:28
a4bb6fac-b795-4aa7-a266-613419019290,2,1,1,15,1,1769924456,2026-02-01 00:41:28
1861682702044957494,3,2,1,12,1,1769924456,2026-02-01 00:41:28
1860187181307969634,15,0,15,3,1,1769924456,2026-02-01 00:41:28
582cd775-0178-47f5-b707-6d5869f077ba,8,0,8,20,1,1769924456,2026-02-01 00:41:28
e8a6c13b-1f6e-4e6b-bdf8-9b0e597e4a62,16,0,16,6,1,1769924456,2026-02-01 00:41:28
66db4671-0aca-11e7-82f6-3863bb44ef7c,15,11,4,16,1,1769924456,2026-02-01 00:41:28
901cab1a-a77e-424e-b602-16883e792f93,4,0,4,14,1,1769924456,2026-02-01 00:41:28
1869753195262578852,2,1,1,14,1,1769924457,2026-02-01 00:41:28
66dc252e-0aca-11e7-82f6-3863bb44ef7c,17,2,15,6,1,1769924451,2026-02-01 00:41:28
74feba30-26a5-4949-b3a0-d6e13ba1a20c,4,2,2,14,1,1769924451,2026-02-01 00:41:28
d34f2271-10ee-40c3-a93a-09df58860512,0,0,0,11,0,1769858396,2026-02-01 00:41:28
66dce5c9-0aca-11e7-82f6-3863bb44ef7c,9,0,9,9,1,1769924452,2026-02-01 00:41:28
1860188194745712748,15,0,15,3,1,1769924452,2026-02-01 00:41:28
bbb48e80-7d2f-4b3c-bb8c-591bc931945a,6,0,6,8,1,1769924452,2026-02-01 00:41:28
66dd2208-0aca-11e7-82f6-3863bb44ef7c,3,2,1,36,1,1769924452,2026-02-01 00:41:28
e2b28abd-07a4-4552-ad17-abf155aff28a,0,0,0,20,1,1769924452,2026-02-01 00:41:28
8b1222da-612f-4482-ab34-9467c4ed28e3,6,0,6,13,1,1769924453,2026-02-01 00:41:28
66dcf0b3-0aca-11e7-82f6-3863bb44ef7c,8,4,4,7,1,1769924457,2026-02-01 00:41:28
2c321ea3-e1dd-4d32-be70-bd158fe1f568,8,6,2,61,1,1769924457,2026-02-01 00:41:28
1828965671716082498,11,2,9,4,1,1769924457,2026-02-01 00:41:28
2137774972219769002,4,0,4,2,1,1769924457,2026-02-01 00:41:28
6a9b19e3-cd69-4e0c-9b28-1889db936c7c,2,0,2,15,1,1769924457,2026-02-01 00:41:28
66dbf4ac-0aca-11e7-82f6-3863bb44ef7c,3,1,2,34,1,1769924457,2026-02-01 00:41:28
59ad8f95-32a4-43de-b1c3-79c667b2d2df,2,2,0,25,1,1769924458,2026-02-01 00:41:28
66dc8b6a-0aca-11e7-82f6-3863bb44ef7c,39,14,25,10,1,1769924457,2026-02-01 00:41:28
66dd1846-0aca-11e7-82f6-3863bb44ef7c,0,0,0,1,0,1769916621,2026-02-01 00:41:28
b62bcd96-c2db-447c-bdd5-d3c18f174858,8,0,8,9,1,1769924457,2026-02-01 00:41:28
66dc2238-0aca-11e7-82f6-3863bb44ef7c,7,6,1,66,1,1769924457,2026-02-01 00:41:28
66dd2811-0aca-11e7-82f6-3863bb44ef7c,2,1,1,42,1,1769924458,2026-02-01 00:41:28
66db69d0-0aca-11e7-82f6-3863bb44ef7c,7,0,7,20,1,1769924458,2026-02-01 00:41:28
956e9f8d-d23a-4a0e-bf28-84180e818af7,1,0,1,22,1,1769924458,2026-02-01 00:41:28
1828967027013302842,4,0,4,10,1,1769924458,2026-02-01 00:41:28
66dd491c-0aca-11e7-82f6-3863bb44ef7c,5,3,2,17,1,1769924458,2026-02-01 00:41:28
bb32aad7-8308-4ff8-b073-d5b518ffdd09,1,1,0,32,1,1769924458,2026-02-01 00:41:28
2177015913867375458,0,0,0,0,0,86400,2026-02-01 00:41:28
1954778813955578360,0,0,0,0,0,86400,2026-02-01 00:41:28
067d5007-bda5-4697-b0a2-ccc2837f295c,0,0,0,0,0,86400,2026-02-01 00:41:28
1906248765431831024,0,0,0,0,0,86400,2026-02-01 00:41:28
aa8fc8b7-b66c-41d9-9885-30b8af599378,0,0,0,0,0,86400,2026-02-01 00:41:28
2171904301452603832,0,0,0,0,0,86400,2026-02-01 00:41:28
2124037384760320326,0,0,0,0,0,86400,2026-02-01 00:41:28
2176731427905421244,0,0,0,0,0,86400,2026-02-01 00:41:28
2177016650782707004,0,0,0,0,0,86400,2026-02-01 00:41:28
2177017636303913026,0,0,0,0,0,86400,2026-02-01 00:41:28
2177017052188360762,0,0,0,0,0,86400,2026-02-01 00:41:28
2177017859487560566,0,0,0,0,0,86400,2026-02-01 00:41:28
95a52ce4-3597-47d1-8d6f-427cb3b8ca6a,0,0,0,5,0,1769850423,2026-02-01 00:41:28
88c1303b-3349-4591-bf08-c7e40cf3537a,0,0,0,22,0,1769921048,2026-02-01 00:41:28
2b848257-dc2e-4dd0-b840-d5e046972789,0,0,0,10,0,1769830145,2026-02-01 00:41:28
160e21da-6dd2-47ff-8385-e13c8cdce4fa,0,0,0,3,0,1769905200,2026-02-01 00:41:28
1d8e51b0-8131-4c1f-93fb-f04952c157c0,0,0,0,27,0,1769811266,2026-02-01 00:41:28
fbb2d76c-1d47-4fb1-9c07-622fcace38a5,0,0,0,10,0,1769852698,2026-02-01 00:41:28
490ca6cc-c2a2-4838-acf0-4704ed60dc51,0,0,0,41,0,1769894736,2026-02-01 00:41:28
0096fecb-3a56-4585-9204-aa9554f7bc49,17,5,12,29,1,1769924359,2026-02-01 00:41:28
3bfc859b-5c5f-43bc-b2e7-b64ed8ea9ede,0,0,0,12,0,1769790486,2026-02-01 00:41:28
876683ce-9bce-4fad-8d1c-6b331fa07b5c,13,3,10,29,1,1769924359,2026-02-01 00:41:28
d5ca6311-7471-480f-9c79-38baaafe34ba,1,1,0,27,1,1769924357,2026-02-01 00:41:28
c2291f8e-3b07-4671-82af-2b947825de4a,30,13,17,19,1,1769924358,2026-02-01 00:41:28
1e226f22-034f-4b99-8184-a8eaa591fbd8,9,3,6,36,1,1769924356,2026-02-01 00:41:28
66dd9213-0aca-11e7-82f6-3863bb44ef7c,2,2,0,32,1,1769924356,2026-02-01 00:41:28
1860187301567054286,4,1,3,13,1,1769924357,2026-02-01 00:41:28
6db97fde-68ae-4d2b-b121-b7c17838bbe7,1,0,1,15,1,1769924359,2026-02-01 00:41:28
af626e61-9f83-4602-a9b1-038b1c1430e6,13,0,13,6,1,1769924359,2026-02-01 00:41:28
c9c09ed0-0a52-4d6a-a999-b0848874e51f,1,1,0,16,1,1769924338,2026-02-01 00:41:28
8c700e85-cfdb-4eef-ba49-53bd69c004ed,8,5,3,10,1,1769924338,2026-02-01 00:41:28
2053867202510006310,17,0,17,1,1,1769924338,2026-02-01 00:41:28
66dd49eb-0aca-11e7-82f6-3863bb44ef7c,7,5,2,15,1,1769924338,2026-02-01 00:41:28
66dbf667-0aca-11e7-82f6-3863bb44ef7c,51,17,34,2,1,1769924338,2026-02-01 00:41:28
66dde559-0aca-11e7-82f6-3863bb44ef7c,4,4,0,11,1,1769924339,2026-02-01 00:41:28
1820420129807491554,12,0,12,4,1,1769924339,2026-02-01 00:41:28
cd4b8e12-b2c7-479b-900d-59cf7d8c4276,9,0,9,0,1,1769924339,2026-02-01 00:41:28
026fd07d-d810-45dc-9237-a3d84dce4fa9,14,4,10,5,1,1769924339,2026-02-01 00:41:28
1814900353536621062,11,5,6,11,1,1769924341,2026-02-01 00:41:28
66de1af4-0aca-11e7-82f6-3863bb44ef7c,4,2,1,23,1,1769924341,2026-02-01 00:41:28
16e17ca1-b2dc-47d0-8c8b-199cb4736fe7,2,0,2,13,1,1769924342,2026-02-01 00:41:28
e24cb64d-10c2-48db-9440-59e63c0f1c95,14,0,13,10,1,1769924341,2026-02-01 00:41:28
17c45d34-0d8d-46ba-9078-e9a2a7c5867c,3,0,3,21,1,1769924341,2026-02-01 00:41:28
2121033124458338894,8,0,8,5,1,1769924305,2026-02-01 00:41:28
454b4a83-d0b1-42a2-8163-261e2a9d6ab9,4,2,2,72,1,1769924376,2026-02-01 00:41:28
c5861c24-5ac1-41df-82f1-31748d03e868,44,35,9,13,1,1769924375,2026-02-01 00:41:28
66de07ec-0aca-11e7-82f6-3863bb44ef7c,18,1,17,0,1,1769924376,2026-02-01 00:41:28
1786698158713921798,1,0,0,4,0,1769914459,2026-02-01 00:41:28
9157a3bc-43fa-4221-8bb8-17273fc09540,18,9,9,1,1,1769924377,2026-02-01 00:41:28
f6c33f22-d650-4935-a928-fb693a828b5f,1,1,0,19,1,1769924374,2026-02-01 00:41:28
b636a06c-c10e-417a-ac22-14cadb8f8993,5,1,4,8,1,1769924374,2026-02-01 00:41:28
e51c8b72-460f-41c2-a5ca-de85d3f46a30,18,5,13,28,1,1769924374,2026-02-01 00:41:28
66db8c10-0aca-11e7-82f6-3863bb44ef7c,0,0,0,23,0,1769860645,2026-02-01 00:41:28
cbcbd880-9662-4ab1-b530-781bb101ed1f,1,1,0,13,1,1769924376,2026-02-01 00:41:28
1822663143025657920,16,2,14,2,1,1769924373,2026-02-01 00:41:28
66de5d57-0aca-11e7-82f6-3863bb44ef7c,2,0,2,17,1,1769924374,2026-02-01 00:41:28
72196024-6f2b-45cb-9764-609911c7dc0b,0,0,0,0,0,1769924374,2026-02-01 00:41:28
66db29e6-0aca-11e7-82f6-3863bb44ef7c,5,1,4,6,1,1769924343,2026-02-01 00:41:28
1786696251091417274,0,0,0,32,1,1769924344,2026-02-01 00:41:28
66de2131-0aca-11e7-82f6-3863bb44ef7c,3,0,3,22,1,1769924343,2026-02-01 00:41:28
062f0ac2-b3b6-4c15-b470-92ce9b592635,12,0,12,4,1,1769924343,2026-02-01 00:41:28
7a701539-2c10-4abe-803f-525785ebb7fb,9,1,8,9,1,1769924345,2026-02-01 00:41:28
968d40e0-2a5b-4f6c-a161-fad1631b609b,2,1,1,12,1,1769924345,2026-02-01 00:41:28
66dd4de9-0aca-11e7-82f6-3863bb44ef7c,6,6,0,41,1,1769924347,2026-02-01 00:41:28
1828968611856235508,2,1,1,15,1,1769924347,2026-02-01 00:41:28
38975061-0d90-43a3-87c1-8905b374d5d9,12,1,11,7,1,1769924346,2026-02-01 00:41:28
1869754328201607270,1,0,1,13,1,1769924348,2026-02-01 00:41:28
66dcbefb-0aca-11e7-82f6-3863bb44ef7c,1,1,0,16,1,1769924348,2026-02-01 00:41:28
66db2953-0aca-11e7-82f6-3863bb44ef7c,45,2,43,2,1,1769924348,2026-02-01 00:41:28
1828968199249922252,1,0,1,18,1,1769924379,2026-02-01 00:41:28
d873e463-2dc9-4bf8-86c7-fea8ddaa3a9f,3,0,3,11,1,1769924379,2026-02-01 00:41:28
1ec7ef9f-ab60-4a64-821d-883ba547273a,0,0,0,16,1,1769924378,2026-02-01 00:41:28
49d2cd03-f508-483f-a7c9-7fd450e5e6db,11,1,10,4,1,1769924377,2026-02-01 00:41:28
1817627670084542818,0,0,0,20,1,1769924378,2026-02-01 00:41:28
66dc4bd9-0aca-11e7-82f6-3863bb44ef7c,70,65,5,10,1,1769924378,2026-02-01 00:41:28
348c5e65-cbc3-4da6-9856-fc253a0ba546,29,4,25,22,1,1769924382,2026-02-01 00:41:28
833bc8bc-3c32-4481-9c14-9a88aa7accec,25,19,6,13,1,1769924382,2026-02-01 00:41:28
eb6c2359-4825-4bf4-8f2d-8b6dd2bf4212,8,3,5,25,1,1769924383,2026-02-01 00:41:28
66de56e5-0aca-11e7-82f6-3863bb44ef7c,15,1,14,5,1,1769924383,2026-02-01 00:41:28
672d71ab-2c23-4bd2-9ed2-34e54aa4b5b5,1,0,1,13,1,1769924383,2026-02-01 00:41:28
66db4351-0aca-11e7-82f6-3863bb44ef7c,45,26,18,17,1,1769924378,2026-02-01 00:41:28
eef98eb6-f550-49f9-a910-4d2863e6a591,1,1,0,18,1,1769924378,2026-02-01 00:41:28
66de1295-0aca-11e7-82f6-3863bb44ef7c,13,4,9,6,1,1769924399,2026-02-01 00:41:28
ab79da3d-f92a-42de-a76d-e05b5d7e724c,6,6,0,12,1,1769924399,2026-02-01 00:41:28
308e055a-b8aa-447d-8803-8677c88af0ba,8,1,7,9,1,1769924399,2026-02-01 00:41:28
66dc36c3-0aca-11e7-82f6-3863bb44ef7c,52,24,28,10,1,1769924399,2026-02-01 00:41:28
66dde9af-0aca-11e7-82f6-3863bb44ef7c,4,1,3,16,1,1769924399,2026-02-01 00:41:28
8603535e-0d7a-4c5b-ae77-27b9f5770bfa,0,0,0,24,1,1769924400,2026-02-01 00:41:28
66de20c8-0aca-11e7-82f6-3863bb44ef7c,1,0,1,19,1,1769924400,2026-02-01 00:41:28
1877651952425321214,5,0,5,9,1,1769924402,2026-02-01 00:41:28
66dc28bd-0aca-11e7-82f6-3863bb44ef7c,9,1,8,32,1,1769924402,2026-02-01 00:41:28
1828966882896859944,4,1,3,12,1,1769924403,2026-02-01 00:41:28
1960020817312746312,43,22,21,66,1,1769924403,2026-02-01 00:41:28
a35d03cf-bd72-4da4-a4ac-bd25b3f8dce3,8,3,5,8,1,1769924401,2026-02-01 00:41:28
9bd28b11-cf11-4938-abb2-dfa5ec800e32,16,3,13,0,1,1769924401,2026-02-01 00:41:28
2c2cdc55-52a3-4140-b4d3-8409a98f130f,11,1,10,4,1,1769924400,2026-02-01 00:41:28
05b9e7cd-f3a2-4d48-b7c4-f5fbe09d9de3,16,0,16,7,1,1769924401,2026-02-01 00:41:28
96cf4c1a-db2c-4d4b-af34-c31281b5904b,6,1,5,11,1,1769924401,2026-02-01 00:41:28
1835249964093653018,3,1,2,20,1,1769924400,2026-02-01 00:41:28
6853d09a-cbd8-4378-bc23-02e8bba0b4da,2,0,2,17,1,1769924401,2026-02-01 00:41:28
6fcad2af-c3e2-47a4-8942-023ae4047e67,12,9,3,2,1,1769924353,2026-02-01 00:41:28
9e99abca-c679-4788-9a4e-39066660bd6a,3,1,2,12,1,1769924353,2026-02-01 00:41:28
66dc0d3a-0aca-11e7-82f6-3863bb44ef7c,2,1,1,12,1,1769924354,2026-02-01 00:41:28
1879859065051787718,8,7,1,4,1,1769924354,2026-02-01 00:41:28
aa120a3a-9f2b-4dfc-a88b-384bbb66838a,10,1,9,9,1,1769924350,2026-02-01 00:41:28
66f68197-4897-4576-896a-48e0312104c5,11,0,11,13,1,1769924352,2026-02-01 00:41:28
66db3d2a-0aca-11e7-82f6-3863bb44ef7c,22,1,21,35,1,1769924355,2026-02-01 00:41:28
66dd40dd-0aca-11e7-82f6-3863bb44ef7c,7,3,4,16,1,1769924353,2026-02-01 00:41:28
66dd4981-0aca-11e7-82f6-3863bb44ef7c,13,2,11,6,1,1769924349,2026-02-01 00:41:28
66db6cd4-0aca-11e7-82f6-3863bb44ef7c,4,1,3,46,1,1769924349,2026-02-01 00:41:28
74a1dc19-f894-4246-99f1-476a92452995,0,0,0,22,1,1769924393,2026-02-01 00:41:28
78ec2f0d-c309-46d4-8808-7eb1a0674e38,11,6,5,11,1,1769924393,2026-02-01 00:41:28
7dcc5a03-5997-4250-9207-fa8b6f027c86,11,0,11,16,1,1769924393,2026-02-01 00:41:28
2133952475068346460,25,3,22,7,1,1769924393,2026-02-01 00:41:28
0e82ab9f-8c93-4302-b9df-342f8135a05c,17,0,17,1,1,1769924393,2026-02-01 00:41:28
1817432606668538118,7,7,0,11,1,1769924393,2026-02-01 00:41:28
6fd84197-56e2-47df-849f-701aca0e7cc3,2,1,1,14,1,1769924394,2026-02-01 00:41:28
9505c2b7-0c3a-4791-8471-d2092a86291f,17,0,17,1,1,1769924390,2026-02-01 00:41:28
20f3a578-4dfa-45ca-a917-b394d77ee08e,16,2,14,7,1,1769924391,2026-02-01 00:41:28
66dd2556-0aca-11e7-82f6-3863bb44ef7c,8,7,1,31,1,1769924391,2026-02-01 00:41:28
65e7908a-a73e-4f8e-9967-0d0677f62bc4,17,9,8,0,1,1769924391,2026-02-01 00:41:28
ff2869f0-4381-4cf3-863e-a0d776ec53b4,89,53,36,1,1,1769924391,2026-02-01 00:41:28
0579ff13-5d5b-4cbd-bc6e-3e9396591aef,4,0,4,14,1,1769924389,2026-02-01 00:41:28
1884599469785421928,23,21,2,2,1,1769924390,2026-02-01 00:41:28
1848241332086049696,0,0,0,21,1,1769924390,2026-02-01 00:41:28
c1c33a35-751f-4dd6-baef-82db46f7ab46,5,2,3,26,1,1769924388,2026-02-01 00:41:28
2039088532741595744,35,7,28,7,1,1769924389,2026-02-01 00:41:28
febf420f-bbec-4044-a3af-69959e018ccb,0,0,0,21,1,1769924389,2026-02-01 00:41:28
0f9423bd-98dd-4919-b6e3-28880ff7ecca,1,0,1,15,1,1769924391,2026-02-01 00:41:28
de0c1800-f7cc-41b4-ab7a-c9d219180d06,16,2,12,36,1,1769924391,2026-02-01 00:41:28
ab692d1f-5a4a-4fff-b929-013c3a7e8a98,0,0,0,19,1,1769924392,2026-02-01 00:41:28
66db3f01-0aca-11e7-82f6-3863bb44ef7c,2,1,1,44,1,1769924389,2026-02-01 00:41:28
66de27da-0aca-11e7-82f6-3863bb44ef7c,9,4,5,12,1,1769924392,2026-02-01 00:41:28
6a671276-d345-4a4c-a7df-98f5dbb19e4c,2,0,2,17,1,1769924389,2026-02-01 00:41:28
2a9e2320-083d-4044-aedf-0c15ecfefe61,1,0,1,22,1,1769924448,2026-02-01 00:41:28
66dd1ad8-0aca-11e7-82f6-3863bb44ef7c,19,3,16,2,1,1769924448,2026-02-01 00:41:28
2126274178538511162,9,1,8,2,1,1769924449,2026-02-01 00:41:28
56e18295-f760-4bf3-8aa3-5a1e4ebf606f,13,1,12,5,1,1769924448,2026-02-01 00:41:28
66dd1b65-0aca-11e7-82f6-3863bb44ef7c,2,2,0,51,1,1769924449,2026-02-01 00:41:28
b94cc90e-9ca2-4471-8371-23be051e0157,0,0,0,73,1,1769924449,2026-02-01 00:41:28
1838070703178521596,0,0,0,18,1,1769924452,2026-02-01 00:41:28
1597ea95-0b6b-425a-8d13-ed86ee0754b5,1,0,1,17,1,1769924452,2026-02-01 00:41:28
1286480d-5d6d-4a47-9fac-e156dba2b6fc,38,23,15,1,1,1769924452,2026-02-01 00:41:28
a6287af0-9a9e-4708-b61f-8e758be4b914,1,0,1,15,1,1769924452,2026-02-01 00:41:28
1d977221-b2b5-4fa2-bba0-b00136834fb3,0,0,0,15,1,1769924453,2026-02-01 00:41:28
66de4c32-0aca-11e7-82f6-3863bb44ef7c,13,2,11,9,1,1769924450,2026-02-01 00:41:28
78e93937-53d1-4c9b-99ad-0460f908ed2d,4,2,2,7,1,1769924451,2026-02-01 00:41:28
01a1343d-9c7b-4a83-8a5a-a600187f19c4,9,1,8,16,1,1769924450,2026-02-01 00:41:28
dba67615-a7e0-4c44-ab1b-b464033ec9b9,5,3,2,6,1,1769924451,2026-02-01 00:41:28
66de2201-0aca-11e7-82f6-3863bb44ef7c,18,7,11,3,1,1769924451,2026-02-01 00:41:28
2126622876727162948,5,0,5,5,1,1769924448,2026-02-01 00:41:28
66dcec6b-0aca-11e7-82f6-3863bb44ef7c,5,3,2,25,1,1769924450,2026-02-01 00:41:28
1817432787057164808,13,0,13,6,1,1769924454,2026-02-01 00:41:28
1828968691399885056,8,0,8,6,1,1769924454,2026-02-01 00:41:28
b3c8aaaf-6e1c-4f56-9391-b79e883b8009,4,0,4,18,1,1769924454,2026-02-01 00:41:28
66dc51e9-0aca-11e7-82f6-3863bb44ef7c,6,4,2,37,1,1769924454,2026-02-01 00:41:28
1843486301383097150,1,0,1,24,1,1769924454,2026-02-01 00:41:28
dd8627c8-4190-4a30-8758-e77a7b010437,14,6,8,26,1,1769924455,2026-02-01 00:41:28
66de47bf-0aca-11e7-82f6-3863bb44ef7c,8,0,8,9,1,1769924450,2026-02-01 00:41:28
1947313784686131504,9,1,8,5,1,1769924449,2026-02-01 00:41:28
058ee86d-ce2a-4597-99f7-f78f082b33e3,0,0,0,18,1,1769924449,2026-02-01 00:41:28
db02e1ea-acc1-4f45-8e3c-d37468b0b5a6,8,0,8,10,1,1769924450,2026-02-01 00:41:28
29b21bd8-2459-4727-b1f0-d73592db3321,6,2,4,18,1,1769924450,2026-02-01 00:41:28
4dde902d-512c-4e9e-8899-a68424ed87c0,16,2,14,16,1,1769924450,2026-02-01 00:41:28
84b30f68-5404-453a-ae86-a2baff03a2c9,1,0,1,17,1,1769924452,2026-02-01 00:41:28
1945126147213275898,6,1,5,15,1,1769924453,2026-02-01 00:41:28
bf093f72-1d8d-44ae-91b5-e36958a27976,8,8,0,12,1,1769924453,2026-02-01 00:41:28
1869754004195029842,2,2,0,18,1,1769924453,2026-02-01 00:41:28
74e104fb-1ddc-4f3e-a60b-220b6c4f300b,7,5,2,1,1,1769924453,2026-02-01 00:41:28
bf5a9ad8-6725-4ade-967d-aba612d423bf,7,0,7,16,1,1769924453,2026-02-01 00:41:28
1838617691511229014,1,1,0,18,1,1769924454,2026-02-01 00:41:28
05c5e17c-7aa9-49b7-9da3-9db4858ec1fc,16,12,4,5,1,1769924451,2026-02-01 00:41:28
1836581628905160976,5,3,2,13,1,1769924451,2026-02-01 00:41:28
1945125793810207148,4,2,2,14,1,1769924361,2026-02-01 00:41:28
66db316a-0aca-11e7-82f6-3863bb44ef7c,8,2,6,5,1,1769924361,2026-02-01 00:41:28
66dde2d9-0aca-11e7-82f6-3863bb44ef7c,19,13,6,4,1,1769924361,2026-02-01 00:41:28
bd318c15-5c3d-4e72-9837-3b4bd37707e0,1,1,0,17,1,1769924362,2026-02-01 00:41:28
bdefa3e3-aa5a-40eb-b7f8-542de55063e9,5,0,5,11,1,1769924359,2026-02-01 00:41:28
6bc5598a-9eb8-44d2-adc0-d93b93af1924,9,0,9,3,1,1769924360,2026-02-01 00:41:28
e35494b4-5811-4d2a-87de-4430e56bce2d,0,0,0,19,1,1769924360,2026-02-01 00:41:28
66db6aae-0aca-11e7-82f6-3863bb44ef7c,5,3,2,78,1,1769924360,2026-02-01 00:41:28
66dcbdc2-0aca-11e7-82f6-3863bb44ef7c,4,3,1,16,1,1769924360,2026-02-01 00:41:28
4223f276-a4d4-45e0-b914-67f5ef1e81ba,5,2,3,17,1,1769924360,2026-02-01 00:41:28
66de2625-0aca-11e7-82f6-3863bb44ef7c,10,2,8,20,1,1769924361,2026-02-01 00:41:28
1860189426558126796,6,0,6,12,1,1769924363,2026-02-01 00:41:28
05969d95-8a64-4007-abf1-afb847f2d426,6,2,3,15,1,1769924366,2026-02-01 00:41:28
66dc7b10-0aca-11e7-82f6-3863bb44ef7c,5,2,3,69,1,1769924366,2026-02-01 00:41:28
1846086768160082632,8,4,4,13,1,1769924365,2026-02-01 00:41:28
66dd42eb-0aca-11e7-82f6-3863bb44ef7c,2,1,1,56,1,1769924365,2026-02-01 00:41:28
9e3603ee-2b7d-4147-a7b5-48bbd778902c,35,31,3,21,1,1769924365,2026-02-01 00:41:28
1835249854657874848,1,0,1,15,1,1769924369,2026-02-01 00:41:28
b5010362-af16-4357-8fb7-5958576954c0,12,1,11,12,1,1769924370,2026-02-01 00:41:28
66de1448-0aca-11e7-82f6-3863bb44ef7c,6,1,5,14,1,1769924370,2026-02-01 00:41:28
a04bf523-3c76-4fad-88bf-e99037f9b796,0,0,0,4,0,1769820753,2026-02-01 00:41:28
ecb2eebe-67c0-43b8-baae-71abb1a0ec6a,0,0,0,27,1,1769924369,2026-02-01 00:41:28
d07790cd-1acd-4f74-b5f1-3d70f8a8a526,5,4,1,18,1,1769924368,2026-02-01 00:41:28
3c21925c-d68e-497c-b501-982d3eb3e852,9,6,3,5,1,1769924368,2026-02-01 00:41:28
5adcaaaf-5386-441d-827c-8d65c4f4405e,2,2,0,18,1,1769924369,2026-02-01 00:41:28
2af3ecc3-4f43-468a-a7cc-bb4804ee3e7a,16,13,3,32,1,1769924369,2026-02-01 00:41:28
c0df5c09-2c07-4689-9fe8-36ed81301d7d,0,0,0,22,1,1769924371,2026-02-01 00:41:28
d55dd622-0ced-4e4d-9ea5-2ef2cb6481a9,5,1,4,30,1,1769924371,2026-02-01 00:41:28
daaa3ac1-594c-48d2-9431-a8ced305ed5a,2,0,2,16,1,1769924367,2026-02-01 00:41:28
66dbea8d-0aca-11e7-82f6-3863bb44ef7c,6,0,6,9,1,1769924367,2026-02-01 00:41:28
7d455e9a-20b4-4b03-8248-0d982fdfa21b,3,1,2,14,1,1769924368,2026-02-01 00:41:28
3bf91ca1-14fd-4e51-858e-36a203f1af2a,2,2,0,15,1,1769924368,2026-02-01 00:41:28
581d8683-c217-4f96-89cb-b5a94d780b83,5,3,2,65,1,1769924366,2026-02-01 00:41:28
66dea4bf-0aca-11e7-82f6-3863bb44ef7c,30,6,24,4,1,1769924367,2026-02-01 00:41:28
97bcf094-ad77-4743-9c94-832c7300c090,10,5,5,5,1,1769924372,2026-02-01 00:41:28
1791472201147965920,14,8,6,44,1,1769924372,2026-02-01 00:41:28
66dbc982-0aca-11e7-82f6-3863bb44ef7c,13,6,7,92,1,1769924373,2026-02-01 00:41:28
1835247352748090208,7,2,5,11,1,1769924386,2026-02-01 00:41:28
66db3a1e-0aca-11e7-82f6-3863bb44ef7c,7,5,1,6,1,1769924386,2026-02-01 00:41:28
1834145064843958330,10,0,10,10,1,1769924386,2026-02-01 00:41:28
6067af3d-f7ed-4149-a394-2fc2eb295872,35,15,20,6,1,1769924386,2026-02-01 00:41:28
66db3cab-0aca-11e7-82f6-3863bb44ef7c,6,3,2,19,1,1769924384,2026-02-01 00:41:28
66db30e0-0aca-11e7-82f6-3863bb44ef7c,14,12,2,68,1,1769924385,2026-02-01 00:41:28
2126225134412534550,11,8,3,1,1,1769924385,2026-02-01 00:41:28
66dc0c53-0aca-11e7-82f6-3863bb44ef7c,4,0,4,15,1,1769924385,2026-02-01 00:41:28
7e7d974c-a6ec-4d9a-b4ed-01a4d2056d8b,1,0,1,17,1,1769924385,2026-02-01 00:41:28
30d6520e-b612-4240-a9ff-eec12b02b263,7,2,5,14,1,1769924386,2026-02-01 00:41:28
36ddce8f-bd83-4a05-b601-b526fb4d8628,1,0,1,17,1,1769924387,2026-02-01 00:41:28
c04cef84-3fcd-4fd9-9e40-8e07453dbe19,6,1,5,12,1,1769924387,2026-02-01 00:41:28
720c0d64-7828-4dba-bff9-4d99f4e3a9fc,9,1,8,9,1,1769924387,2026-02-01 00:41:28
6f484a9d-c535-451e-a18f-f3afdc0a27af,29,15,14,8,1,1769924388,2026-02-01 00:41:28
6c3b486e-603c-4158-91ac-adc06ac01535,16,11,5,7,1,1769924387,2026-02-01 00:41:28
9e9acfaf-0bbf-4bc2-a825-b2befb6bee55,19,9,10,10,1,1769924388,2026-02-01 00:41:28
26568d39-db49-4354-a5c1-c81a3c856285,3,0,3,13,1,1769924388,2026-02-01 00:41:28
4e1a13af-1c3b-48f2-8586-5edceea97d61,0,0,0,17,1,1769924385,2026-02-01 00:41:28
1828969417249358046,3,1,2,16,1,1769924395,2026-02-01 00:41:28
66db8fde-0aca-11e7-82f6-3863bb44ef7c,39,27,12,5,1,1769924395,2026-02-01 00:41:28
66dc8c90-0aca-11e7-82f6-3863bb44ef7c,5,1,4,13,1,1769924395,2026-02-01 00:41:28
77a498ea-5693-46cc-a4b1-6e428f574797,16,0,16,3,1,1769924395,2026-02-01 00:41:28
66de06ef-0aca-11e7-82f6-3863bb44ef7c,16,1,15,3,1,1769924396,2026-02-01 00:41:28
dfe2c398-ff5c-4a8d-83c8-fa18801540d8,10,0,10,17,1,1769924396,2026-02-01 00:41:28
3bdd81c8-3112-45e6-ae72-11a3f4fa5921,2,2,0,20,1,1769924398,2026-02-01 00:41:28
66dbf73d-0aca-11e7-82f6-3863bb44ef7c,21,12,9,3,1,1769924398,2026-02-01 00:41:28
cd5e7c3e-c618-416a-ae99-b509bd56e1b2,19,8,11,7,1,1769924397,2026-02-01 00:41:28
c1144380-c1ac-4315-9b1a-4b4e870ac688,10,2,8,8,1,1769924394,2026-02-01 00:41:28
5d049d4b-0736-4323-834a-1b2454bd6551,5,4,1,17,1,1769924398,2026-02-01 00:41:28
96a4da57-107a-43d1-8828-4749d5555461,3,0,3,25,1,1769924399,2026-02-01 00:41:28
66dbe4db-0aca-11e7-82f6-3863bb44ef7c,62,48,14,11,1,1769924397,2026-02-01 00:41:28
ab5585c8-c2cf-4bab-96cf-d02eced4f6e3,4,2,2,39,1,1769924397,2026-02-01 00:41:28
1815967313905864892,7,0,7,8,1,1769924398,2026-02-01 00:41:28
66dd4841-0aca-11e7-82f6-3863bb44ef7c,15,10,5,15,1,1769924398,2026-02-01 00:41:28
66dd52c8-0aca-11e7-82f6-3863bb44ef7c,2,2,0,37,1,1769924406,2026-02-01 00:41:28
897e8739-ee1d-4b2e-b151-ad7e64e87697,11,1,10,11,1,1769924406,2026-02-01 00:41:28
1913995167022829826,15,1,14,3,1,1769924406,2026-02-01 00:41:28
a4368364-fa79-493c-8478-1d3471a6077f,53,34,19,18,1,1769924406,2026-02-01 00:41:28
08b9c491-a589-4e75-996c-2455c26fb356,3,1,2,17,1,1769924407,2026-02-01 00:41:28
9790606b-a00d-4d5e-b6ec-abd11c9d25b3,0,0,0,18,1,1769924406,2026-02-01 00:41:28
66dcf897-0aca-11e7-82f6-3863bb44ef7c,10,3,7,15,1,1769924406,2026-02-01 00:41:28
89171660-8cef-443f-8f75-67503532d1ce,6,0,6,7,1,1769924406,2026-02-01 00:41:28
66dbf442-0aca-11e7-82f6-3863bb44ef7c,5,1,4,67,1,1769924403,2026-02-01 00:41:28
add829db-2feb-4e81-af61-056791a6e53b,1,1,0,24,1,1769924404,2026-02-01 00:41:28
1862788101231526152,15,4,11,12,1,1769924407,2026-02-01 00:41:28
016ee47a-4871-4209-91cb-bf3ceeddc991,1,0,1,16,1,1769924407,2026-02-01 00:41:28
1846449740982645546,9,0,9,6,1,1769924407,2026-02-01 00:41:28
1861681435029604706,5,1,4,14,1,1769924409,2026-02-01 00:41:28
cdb6e2aa-4da3-4ed7-9b13-ce626addf6b0,3,3,0,48,1,1769924409,2026-02-01 00:41:28
c83e1ef5-776e-417e-8ee2-d08ca121f884,1,0,1,16,1,1769924409,2026-02-01 00:41:28
c702c094-b08f-449d-a41d-b3724f147491,10,1,9,10,1,1769924405,2026-02-01 00:41:28
6661108f-28eb-4671-ad0c-36a311d325aa,6,0,6,8,1,1769924405,2026-02-01 00:41:28
1431ec5c-242d-401b-b672-dbf95155999b,1,0,1,15,1,1769924406,2026-02-01 00:41:28
72796825-88b1-43a0-bb6d-2b41d337b1fc,24,2,22,6,1,1769924408,2026-02-01 00:41:28
8a24490d-d5c5-4bac-9e36-56967834fc10,3,3,0,15,1,1769924408,2026-02-01 00:41:28
43eac213-4603-4bc2-b6d6-b45013396282,21,9,12,8,1,1769924408,2026-02-01 00:41:28
10c13fe2-34cb-4aff-bea1-4f5ce877769b,10,1,9,7,1,1769924408,2026-02-01 00:41:28
1851955603137491568,13,0,13,17,1,1769924408,2026-02-01 00:41:28
09a0c507-7cda-4f3f-9988-78de0baa28e4,3,1,2,17,1,1769924408,2026-02-01 00:41:28
943be327-0320-4ae1-8eb0-8a56f86a4fb6,6,0,6,16,1,1769924408,2026-02-01 00:41:28
141ba25c-f4ea-4cec-ae7e-022401e23087,5,0,3,5,1,1769924408,2026-02-01 00:41:28
904930bd-2671-4695-9c1a-8a894b041129,39,31,7,17,1,1769924409,2026-02-01 00:41:28
21361381-fd4a-44a4-bfa7-61f075192ce9,0,0,0,20,0,1769841015,2026-02-01 00:41:28
1861680103893703034,2,2,0,17,1,1769924409,2026-02-01 00:41:28
0f51cb84-e386-44ac-947f-a969f7617d17,6,3,3,16,1,1769924411,2026-02-01 00:41:28
5cb3a92d-f284-477c-bf63-ea72d24e8a7d,11,0,11,5,1,1769924411,2026-02-01 00:41:28
344064f8-e82f-40fb-b235-aff506b77ae5,3,0,3,24,1,1769924412,2026-02-01 00:41:28
1817433126359581672,7,0,7,14,1,1769924412,2026-02-01 00:41:28
cb04be8e-8edc-4c9d-bfc0-76f94e3a3d9b,23,3,20,13,1,1769924417,2026-02-01 00:41:28
1861682960046954694,14,11,3,1,1,1769924417,2026-02-01 00:41:28
412c1416-d15b-4e6a-9691-da4c3cc0d0d2,45,35,10,10,1,1769924417,2026-02-01 00:41:28
c7be2714-14db-421f-a19e-f6a7bf6e8d26,1,0,1,19,1,1769924417,2026-02-01 00:41:28
1978170169761096104,17,3,14,13,1,1769924417,2026-02-01 00:41:28
2a47ef14-1cbe-4ec6-841d-cc277627fe20,1,0,1,28,1,1769924415,2026-02-01 00:41:28
01f01352-50d4-484e-a611-576b18ac373a,25,7,18,2,1,1769924415,2026-02-01 00:41:28
a381b37a-a928-4834-87ee-da9922cb3b3d,23,18,5,5,1,1769924410,2026-02-01 00:41:28
35915f48-31c5-499a-b845-2ca2fb541904,11,0,11,25,1,1769924410,2026-02-01 00:41:28
66dbe250-0aca-11e7-82f6-3863bb44ef7c,3,3,0,15,1,1769924410,2026-02-01 00:41:28
1e590819-53fd-415c-bc28-aed605ad3bcb,2,0,2,14,1,1769924413,2026-02-01 00:41:28
de449a58-0edf-4d36-91b4-4b313576e945,8,1,7,6,1,1769924413,2026-02-01 00:41:28
8ce7325e-d5c7-46f9-9b73-95356e48c3eb,6,1,5,8,1,1769924415,2026-02-01 00:41:28
66db6e49-0aca-11e7-82f6-3863bb44ef7c,8,2,6,31,1,1769924416,2026-02-01 00:41:28
b6a4770e-9077-4a0e-a0fb-b45b1d457559,36,20,16,7,1,1769924416,2026-02-01 00:41:28
46a1ff6c-6131-414a-9ef6-65a8db7d305f,0,0,0,21,1,1769924416,2026-02-01 00:41:28
1900647078394106472,8,2,6,10,1,1769924416,2026-02-01 00:41:28
1836581714456697424,8,0,8,13,1,1769924412,2026-02-01 00:41:28
8fc95e31-b025-4d2b-b5aa-240465366480,5,1,4,9,1,1769924413,2026-02-01 00:41:28
aa8270ec-4441-47d2-854b-5852e65fae66,0,0,0,18,1,1769924413,2026-02-01 00:41:28
1929513834381415014,8,1,7,12,1,1769924412,2026-02-01 00:41:28
1823008749757202820,11,1,10,10,1,1769924412,2026-02-01 00:41:28
66dc86d9-0aca-11e7-82f6-3863bb44ef7c,1,0,0,0,0,1769924422,2026-02-01 00:41:28
50e05a9f-dce6-4315-a10d-1fa786fc18ee,9,2,7,29,1,1769924421,2026-02-01 00:41:28
88bf1344-354f-4699-bdbd-1c2584fc41ee,5,2,3,18,1,1769924421,2026-02-01 00:41:28
e15a5c77-70b0-4b9d-9eae-f10ddda7d994,1,1,0,17,1,1769924421,2026-02-01 00:41:28
66de5a47-0aca-11e7-82f6-3863bb44ef7c,0,0,0,12,0,1769890105,2026-02-01 00:41:28
8df41833-c7bf-4171-bdab-58d64f6ade54,15,1,14,1,1,1769924422,2026-02-01 00:41:28
61be9a4a-737c-413a-9b72-d47b28a366d5,2,1,1,19,1,1769924422,2026-02-01 00:41:28
8dc8c0b3-4d70-40fe-a75a-86e30ecb676b,8,0,8,0,1,1769924422,2026-02-01 00:41:28
66de1580-0aca-11e7-82f6-3863bb44ef7c,2,1,1,31,1,1769924423,2026-02-01 00:41:28
0183d7d4-9e11-4429-94db-666a31239871,14,1,13,13,1,1769924423,2026-02-01 00:41:28
19002a4c-3229-450b-ad69-76948696e60d,1,1,0,17,1,1769924423,2026-02-01 00:41:28
66dc3a1a-0aca-11e7-82f6-3863bb44ef7c,2,1,1,50,1,1769924423,2026-02-01 00:41:28
1862787990429630662,2,1,1,16,1,1769924418,2026-02-01 00:41:28
acfeadeb-73bb-4ec3-b809-78675b01af74,1,1,0,15,1,1769924418,2026-02-01 00:41:28
66dca6f4-0aca-11e7-82f6-3863bb44ef7c,1,0,1,30,1,1769924420,2026-02-01 00:41:28
3134bce7-0bb9-4a45-9c87-60a8cb681d72,3,0,3,13,1,1769924420,2026-02-01 00:41:28
1789e458-c466-4d77-aba6-365f5c3823ed,5,0,5,15,1,1769924420,2026-02-01 00:41:28
27c71510-d515-4add-b660-6efd6f225cd1,13,5,8,4,1,1769924420,2026-02-01 00:41:28
42bf7170-61ab-44a0-aafe-1b89d7271718,0,0,0,21,1,1769924420,2026-02-01 00:41:28
557f8d40-dec1-4c61-bd03-a0d1a6ea0e4b,17,1,16,5,1,1769924420,2026-02-01 00:41:28
a11a0000-19cf-4053-b3a1-3a5886d7446c,15,0,15,21,1,1769924419,2026-02-01 00:41:28
66dbc6ae-0aca-11e7-82f6-3863bb44ef7c,10,1,9,44,1,1769924419,2026-02-01 00:41:28
c0b541ae-9e66-4739-babb-483180747dc2,3,1,2,13,1,1769924419,2026-02-01 00:41:28
bfea6c5b-2e1a-42c5-8199-2ded6042d57b,6,1,5,18,1,1769924419,2026-02-01 00:41:28
403c310e-26d5-4db5-9928-13c38b25053d,0,0,0,24,1,1769924419,2026-02-01 00:41:28
2126624772423916318,4,0,4,5,1,1769924202,2026-02-01 00:41:28
d319629d-63cf-4765-9f69-5569f35d6469,2,1,1,15,1,1769924425,2026-02-01 00:41:28
1875413335585534272,0,0,0,21,1,1769924425,2026-02-01 00:41:28
30985a9c-afe4-4b98-a72c-2c72bb35603e,6,5,1,7,1,1769924426,2026-02-01 00:41:28
d5788cfa-817e-4b65-b43f-edda222a3c3c,4,2,2,18,1,1769924426,2026-02-01 00:41:28
9459fca8-b044-4ed1-8f2c-c5db11ba868f,3,0,3,22,1,1769924426,2026-02-01 00:41:28
facb0195-8daa-46e3-95e1-6f22fb678e8a,1,1,0,18,1,1769924427,2026-02-01 00:41:28
66dc91b5-0aca-11e7-82f6-3863bb44ef7c,34,18,16,5,1,1769924426,2026-02-01 00:41:28
66ddb41c-0aca-11e7-82f6-3863bb44ef7c,21,18,3,5,1,1769924426,2026-02-01 00:41:28
1960020540642077008,17,12,6,24,1,1769924427,2026-02-01 00:41:28
66db95e5-0aca-11e7-82f6-3863bb44ef7c,25,5,20,11,1,1769924419,2026-02-01 00:41:28
faf021ad-9de5-44bd-b7f5-48127e8d5fea,19,1,18,0,1,1769924424,2026-02-01 00:41:28
bca594e5-779f-4866-bd6b-818871f97d38,22,2,20,1,1,1769924429,2026-02-01 00:41:28
66dcca76-0aca-11e7-82f6-3863bb44ef7c,4,2,2,18,1,1769924429,2026-02-01 00:41:28
533f25a0-514f-456f-9d87-5fdcb4ee42f4,13,10,3,1,1,1769924429,2026-02-01 00:41:28
16cbe771-8fca-4437-b9d2-374e00da6c3a,6,0,6,14,1,1769924429,2026-02-01 00:41:28
66dc73b0-0aca-11e7-82f6-3863bb44ef7c,7,4,3,29,1,1769924429,2026-02-01 00:41:28
e71d152c-c2df-4d3e-a9af-139f2529bac6,10,1,9,6,1,1769924430,2026-02-01 00:41:28
4780d9d1-b886-4e72-9d18-cb152f73e10a,2,1,1,17,1,1769924430,2026-02-01 00:41:28
22ac9559-d7f1-4dcd-ae3e-f6caf586a455,18,11,7,3,1,1769924430,2026-02-01 00:41:28
66dbc8f5-0aca-11e7-82f6-3863bb44ef7c,37,16,21,24,1,1769924430,2026-02-01 00:41:28
66dba0ba-0aca-11e7-82f6-3863bb44ef7c,9,4,5,30,1,1769924418,2026-02-01 00:41:28
1828968994833044184,3,1,2,15,1,1769924425,2026-02-01 00:41:28
cae4f2f4-9642-474c-95cc-6cc07592f120,12,9,3,16,1,1769924430,2026-02-01 00:41:28
66dd8bd9-0aca-11e7-82f6-3863bb44ef7c,14,6,8,6,1,1769924430,2026-02-01 00:41:28
311269f4-53dc-4f83-b26b-ecb6e8e160ed,2,0,2,17,1,1769924433,2026-02-01 00:41:28
66ddeca9-0aca-11e7-82f6-3863bb44ef7c,16,2,14,3,1,1769924433,2026-02-01 00:41:28
9789dc0f-1eb6-4830-bda9-1ce5f1413e19,2,0,2,16,1,1769924433,2026-02-01 00:41:28
39112ced-337f-4b71-9df6-291cd4265cc9,8,0,8,10,1,1769924433,2026-02-01 00:41:28
66dcc65c-0aca-11e7-82f6-3863bb44ef7c,0,0,0,14,1,1769924433,2026-02-01 00:41:28
2170352212111402482,19,15,4,43,1,1769924433,2026-02-01 00:41:28
2126224759932600578,2,2,0,4,1,1769924289,2026-02-01 00:41:28
1860187692409078310,6,1,5,16,1,1769924435,2026-02-01 00:41:28
b90574d1-e9e7-45be-8adb-e38cb285fea5,0,0,0,16,1,1769924435,2026-02-01 00:41:28
1835246815877178358,4,0,4,12,1,1769924436,2026-02-01 00:41:28
18d980e5-ba08-4bc3-832e-03eb71865768,15,5,10,4,1,1769924434,2026-02-01 00:41:28
1794096976946852066,35,19,16,14,1,1769924431,2026-02-01 00:41:28
1ddadf67-ae08-4e86-bdda-236629b9eabd,2,2,0,21,1,1769924431,2026-02-01 00:41:28
fbee1143-e93f-418d-b6bc-8fde4a9a8746,5,2,3,42,1,1769924431,2026-02-01 00:41:28
c38e2cfc-04e6-419c-8bf8-d8713ccf6ea7,0,0,0,5,0,1769858401,2026-02-01 00:41:28
dcdaa64b-4d2c-4017-bfb9-da25924f851d,5,3,2,11,1,1769924431,2026-02-01 00:41:28
66db9845-0aca-11e7-82f6-3863bb44ef7c,44,35,8,3,1,1769924432,2026-02-01 00:41:28
30a75e12-5327-48f0-8155-3925aa934054,1,0,1,15,1,1769924434,2026-02-01 00:41:28
653ba606-f397-41e6-adc4-f775bf2d0c9f,14,1,13,9,1,1769924435,2026-02-01 00:41:28
9f702c67-b591-4492-ba90-eb3c7e793dad,10,1,9,4,1,1769924432,2026-02-01 00:41:28
4cd5a87d-7618-4a15-892d-8cf29eec865c,16,4,12,0,1,1769924436,2026-02-01 00:41:28
91ca68bd-5ac1-470b-a26d-1ec98ea9cca4,4,1,3,17,1,1769924437,2026-02-01 00:41:28
1843486757863039016,12,0,12,1,1,1769924438,2026-02-01 00:41:28
17aeb1e3-fd18-4cf9-9473-17dfa5b0a312,1,1,0,16,1,1769924438,2026-02-01 00:41:28
b1f3eb8c-07f9-479f-a8ab-f04e094bc7d0,9,1,8,9,1,1769924439,2026-02-01 00:41:28
138094a0-cd7d-4014-9b21-4fb2afd3980e,11,1,11,12,1,1769924439,2026-02-01 00:41:28
66dcbb2c-0aca-11e7-82f6-3863bb44ef7c,2,1,1,24,1,1769924440,2026-02-01 00:41:28
2126624466406238560,4,0,4,5,1,1769924440,2026-02-01 00:41:28
1835250318514342456,10,2,8,16,1,1769924439,2026-02-01 00:41:28
98af0e1d-ea33-4c6e-95fe-97846e81081e,9,6,3,4,1,1769924440,2026-02-01 00:41:28
1931758629658304788,5,1,4,17,1,1769924440,2026-02-01 00:41:28
8f9ce302-2a6d-443c-8fe0-625b20021ea2,3,2,0,20,1,1769924440,2026-02-01 00:41:28
60a061d5-d984-4573-af3c-2054f4f59e94,2,1,1,15,1,1769924440,2026-02-01 00:41:28
a1cf7115-8e38-4300-aac8-3a2fddca0e23,18,1,17,7,1,1769924438,2026-02-01 00:41:28
d56a8542-048a-4aca-ac7f-f27a9e6c908b,4,1,3,18,1,1769924439,2026-02-01 00:41:28
66dc78c4-0aca-11e7-82f6-3863bb44ef7c,27,20,7,22,1,1769924438,2026-02-01 00:41:28
b3a9057e-7ff6-4117-b96e-e71c173cf1e9,8,0,8,9,1,1769924439,2026-02-01 00:41:28
66dc7957-0aca-11e7-82f6-3863bb44ef7c,7,6,1,66,1,1769924439,2026-02-01 00:41:28
c01a9c97-6c04-4e3f-ad0b-958801d94ca1,13,0,13,0,1,1769924439,2026-02-01 00:41:28
2e74ea1d-02a0-47bf-9665-dce2d65de8d7,22,6,16,11,1,1769924439,2026-02-01 00:41:28
aba6e644-3ac8-4cdc-9bc6-763e9d82dee9,11,2,9,9,1,1769924439,2026-02-01 00:41:28
40042fb4-6ddd-4f74-bb52-5af3e4e08c8d,6,2,4,18,1,1769924440,2026-02-01 00:41:28
66dccd65-0aca-11e7-82f6-3863bb44ef7c,15,1,14,6,1,1769924441,2026-02-01 00:41:28
66db4158-0aca-11e7-82f6-3863bb44ef7c,32,26,6,4,1,1769924441,2026-02-01 00:41:28
1882736039096477712,18,8,10,12,1,1769924436,2026-02-01 00:41:28
1914337145288845316,16,2,14,6,1,1769924436,2026-02-01 00:41:28
e6a32ec8-fc8b-4ed6-93a2-3ace3921b89d,14,7,7,7,1,1769924437,2026-02-01 00:41:28
66de6100-0aca-11e7-82f6-3863bb44ef7c,23,0,23,4,1,1769924436,2026-02-01 00:41:28
66db237e-0aca-11e7-82f6-3863bb44ef7c,3,1,2,49,1,1769924437,2026-02-01 00:41:28
2053884382031338034,0,0,0,42,1,1769924437,2026-02-01 00:41:28
e7739b9e-7cc6-4cbb-98d3-669b8e2ae98b,6,0,6,13,1,1769924446,2026-02-01 00:41:28
5b0b689f-9bd2-4743-b4cc-d4629a9a709b,20,2,18,1,1,1769924446,2026-02-01 00:41:28
66dbef85-0aca-11e7-82f6-3863bb44ef7c,16,11,5,18,1,1769924446,2026-02-01 00:41:28
66db6387-0aca-11e7-82f6-3863bb44ef7c,78,37,41,13,1,1769924447,2026-02-01 00:41:28
8cb0375d-bcb2-4c90-9773-41c3c8fdf8d8,8,7,1,70,1,1769924447,2026-02-01 00:41:28
1828967717120678322,8,3,5,11,1,1769924443,2026-02-01 00:41:28
1b28836b-29fd-47a7-9a98-44cd792918fb,35,13,22,4,1,1769924442,2026-02-01 00:41:28
079b5a90-1d2b-40b2-b1e9-71c075f16b89,3,0,3,15,1,1769924443,2026-02-01 00:41:28
1882735162923150168,20,5,15,3,1,1769924443,2026-02-01 00:41:28
66de4408-0aca-11e7-82f6-3863bb44ef7c,4,2,2,17,1,1769924444,2026-02-01 00:41:28
ad037fe2-4a28-4b55-863c-229aada0b43a,5,0,5,13,1,1769924444,2026-02-01 00:41:28
918af7b2-e05c-477a-a8c0-7dcff984c566,7,0,7,24,1,1769924444,2026-02-01 00:41:28
66db3aa3-0aca-11e7-82f6-3863bb44ef7c,22,22,0,22,1,1769924445,2026-02-01 00:41:28
66dd470b-0aca-11e7-82f6-3863bb44ef7c,11,0,11,30,1,1769924445,2026-02-01 00:41:28
99d149f9-ad40-461e-beea-fcbf086f9b5a,8,4,4,51,1,1769924445,2026-02-01 00:41:28
18267c09-1916-48d8-951c-caf88c89edd1,1,1,0,17,1,1769924445,2026-02-01 00:41:28
ed1199e4-d9a6-4d9e-8c81-62bcd7510a11,9,1,8,14,1,1769924445,2026-02-01 00:41:28
1975518396279321266,46,35,10,22,1,1769924444,2026-02-01 00:41:28
66dded11-0aca-11e7-82f6-3863bb44ef7c,29,7,22,2,1,1769924444,2026-02-01 00:41:28
b1f67e5c-7c26-4bf3-a90e-1500a3160d60,5,0,5,15,1,1769924447,2026-02-01 00:41:28
fdf21800-6106-4739-b7d5-b379b19e5732,5,0,5,9,1,1769924447,2026-02-01 00:41:28
9341ee1c-d456-4858-a451-70cbbd73d084,9,1,8,19,1,1769924448,2026-02-01 00:41:28
1857217122161783302,16,1,15,5,1,1769924448,2026-02-01 00:41:28
2123940513700131194,11,6,5,2,1,1769924448,2026-02-01 00:41:28
5f0aa684-a1c5-4119-827f-7860f1cd4ccd,1,1,0,22,1,1769924448,2026-02-01 00:41:28
66dd25e0-0aca-11e7-82f6-3863bb44ef7c,13,10,3,10,1,1769924448,2026-02-01 00:41:28
b200a8bf-2d79-4511-9a16-ac41e7245622,7,0,7,16,1,1769924447,2026-02-01 00:41:28
66db32fb-0aca-11e7-82f6-3863bb44ef7c,3,0,3,93,1,1769924447,2026-02-01 00:41:28
1828969851041055492,15,12,3,5,1,1769924447,2026-02-01 00:41:28
d473f31f-68f2-4777-a364-ed127db04345,3,0,3,12,1,1769924442,2026-02-01 00:41:28
4753c1ba-a86e-431e-94fb-06403cdee4d7,16,6,10,10,1,1769924443,2026-02-01 00:41:28
59f0cb81-e31b-4ba9-9159-3437c52f7505,0,0,0,15,1,1769924444,2026-02-01 00:41:28
66dde079-0aca-11e7-82f6-3863bb44ef7c,3,2,1,40,1,1769924445,2026-02-01 00:41:28
2126621026154598618,9,2,7,3,1,1769924445,2026-02-01 00:41:28
c05cd2e2-74e8-4526-a62b-d631e005fdd8,15,2,13,13,1,1769924444,2026-02-01 00:41:28
b9970fb5-176c-4a66-8772-6d76c4b6245a,3,0,3,15,1,1769924443,2026-02-01 00:41:28
1786698815186893280,17,0,17,4,1,1769924455,2026-02-01 00:41:28
66dd4051-0aca-11e7-82f6-3863bb44ef7c,6,1,5,37,1,1769924455,2026-02-01 00:41:28
16280b32-7e5b-4a18-930b-212eac10faaa,1,0,1,18,1,1769924455,2026-02-01 00:41:28
66dc1545-0aca-11e7-82f6-3863bb44ef7c,3,2,1,23,1,1769924455,2026-02-01 00:41:28
66dcf394-0aca-11e7-82f6-3863bb44ef7c,4,2,2,24,1,1769924455,2026-02-01 00:41:28
2c366f4b-8319-41bf-ab8e-2fba3a952feb,4,1,3,37,1,1769924456,2026-02-01 00:41:28
1823008917260927616,14,2,12,8,1,1769924455,2026-02-01 00:41:28
66dc209c-0aca-11e7-82f6-3863bb44ef7c,30,9,22,25,1,1769924456,2026-02-01 00:41:28
7efcb97f-6c8f-4445-86a9-3f758a822f17,3,3,0,29,1,1769924457,2026-02-01 00:41:28
66ddb595-0aca-11e7-82f6-3863bb44ef7c,0,0,0,18,1,1769924457,2026-02-01 00:41:28
66dbce8a-0aca-11e7-82f6-3863bb44ef7c,44,27,16,7,1,1769924457,2026-02-01 00:41:28
09b00240-4c2a-4900-9d09-f13344461c02,6,1,5,11,1,1769924456,2026-02-01 00:41:28
66de1b5b-0aca-11e7-82f6-3863bb44ef7c,2,1,1,17,1,1769924458,2026-02-01 00:41:28
1c82b223-42ba-4d15-8e8a-bd8ae2a57cde,7,7,0,6,1,1769924458,2026-02-01 00:41:28
1989279523593928720,80,56,23,2,1,1769924458,2026-02-01 00:41:28
66ddb7bf-0aca-11e7-82f6-3863bb44ef7c,11,9,2,18,1,1769924458,2026-02-01 00:41:28
ab40ffde-f331-4194-adab-cb8c60b63f28,6,3,3,17,1,1769924459,2026-02-01 00:41:28
66de1a8a-0aca-11e7-82f6-3863bb44ef7c,2,1,1,14,1,1769924459,2026-02-01 00:41:28
66de871c-0aca-11e7-82f6-3863bb44ef7c,1,1,0,56,1,1769924458,2026-02-01 00:41:28
9dde927d-9984-4f97-bcd0-fbcb59e6ca66,10,0,10,5,1,1769924459,2026-02-01 00:41:28
24f431ca-c2a5-46be-966b-b8d4c3e4b346,1,1,0,12,1,1769924459,2026-02-01 00:41:28
66de1f17-0aca-11e7-82f6-3863bb44ef7c,14,11,3,4,1,1769924458,2026-02-01 00:41:28
531e6d94-5f4c-4ef0-9c83-47191be9d8f9,1,1,0,17,1,1769924459,2026-02-01 00:41:28
2122552934440059494,3,2,1,13,1,1769924459,2026-02-01 00:41:28
1835250080052323168,0,0,0,0,0,86400,2026-02-01 00:41:28
2171903032377767128,0,0,0,0,0,86400,2026-02-01 00:41:28
2171903970740122034,0,0,0,0,0,86400,2026-02-01 00:41:28
2177015115528916668,0,0,0,0,0,86400,2026-02-01 00:41:28
2177015776583073844,0,0,0,0,0,86400,2026-02-01 00:41:28
2177017159407891310,0,0,0,0,0,86400,2026-02-01 00:41:28
2177015450536365760,0,0,0,0,0,86400,2026-02-01 00:41:28
2177015274071900204,0,0,0,0,0,86400,2026-02-01 00:41:28
2177016197335217002,0,0,0,0,0,86400,2026-02-01 00:41:28
2171902607371571344,0,0,0,0,0,86400,2026-02-01 00:41:28
2171903385631266470,0,0,0,0,0,86400,2026-02-01 00:41:28
d7c56fef-1bf9-4315-85af-8638c534b402,0,0,0,5,0,1769825344,2026-02-01 00:41:28
fc774664-3c9b-4a8f-a79e-f6907db00a1d,0,0,0,22,0,1769797742,2026-02-01 00:41:28
1861681740276243358,0,0,0,2,0,1769805304,2026-02-01 00:41:28
2ec1235f-a043-4e3a-9ba1-56f7dd4624b7,0,0,0,11,0,1769923710,2026-02-01 00:41:28
1905394575114219798,0,0,0,11,0,1769868163,2026-02-01 00:41:28
8ec47777-852d-4059-a5ea-12eef71a9606,0,0,0,0,0,1769913343,2026-02-01 00:41:28
70634bc4-4d90-42d4-8f6a-3f29fa8f7f77,0,0,0,11,0,1769707198,2026-02-01 00:41:28
a68acb0c-4244-416a-bf59-ca55d3120cdd,0,0,0,1,0,1769844962,2026-02-01 00:41:28
3d6b7c84-7e5a-454d-aa9d-c66eb92383be,0,0,0,19,0,1769856530,2026-02-01 00:41:28
c6c10756-ef41-491a-8e6c-ee0aa27b8cbe,0,0,0,18,0,1769831123,2026-02-01 00:41:28
66db72f1-0aca-11e7-82f6-3863bb44ef7c,30,18,12,11,1,1769924203,2026-02-01 00:41:28
18b19467-28ac-4496-b3e4-f6028b1c5105,3,1,2,24,1,1769924423,2026-02-01 00:41:28
606c7384-75e9-4988-858a-07b88b3a9413,16,1,15,17,1,1769924423,2026-02-01 00:41:28
1891277309535701686,3,2,1,18,1,1769924424,2026-02-01 00:41:28
66db460d-0aca-11e7-82f6-3863bb44ef7c,0,0,0,0,0,1769924424,2026-02-01 00:41:28
66dbc745-0aca-11e7-82f6-3863bb44ef7c,5,4,1,32,1,1769924422,2026-02-01 00:41:28
5d101095-011e-4541-ae64-bed8b52807b3,1,0,1,20,1,1769924423,2026-02-01 00:41:28
c3b255d8-b690-4825-b1e9-a1d1680e5542,5,0,5,7,1,1769924423,2026-02-01 00:41:28
66dc7e75-0aca-11e7-82f6-3863bb44ef7c,1,1,0,65,1,1769924423,2026-02-01 00:41:28
c466f15e-715f-411e-904e-1a71fb574cdd,54,32,22,5,1,1769924425,2026-02-01 00:41:28
66dc11a7-0aca-11e7-82f6-3863bb44ef7c,37,12,25,36,1,1769924426,2026-02-01 00:41:28
61c82689-3f4c-495d-8f44-e71de8f04088,0,0,0,70,0,1769858367,2026-02-01 00:41:28
44a43ebf-cacf-4251-9ceb-e1c331ef1673,1,0,1,15,1,1769924426,2026-02-01 00:41:28
66dde7dc-0aca-11e7-82f6-3863bb44ef7c,2,2,0,16,1,1769924424,2026-02-01 00:41:28
11a8d465-b4eb-466b-a6ca-055f73994231,3,0,3,21,1,1769924424,2026-02-01 00:41:28
3d835eaa-a102-42c5-b6c0-2c693b1d0677,9,6,3,34,1,1769924425,2026-02-01 00:41:28
4aa6bb27-b76b-444e-a3ce-6fb25b822494,0,0,0,20,1,1769924427,2026-02-01 00:41:28
66dde271-0aca-11e7-82f6-3863bb44ef7c,2,0,2,31,1,1769924427,2026-02-01 00:41:28
3c73cc9f-3c09-4ac4-a4ea-22b4f027bf23,9,0,9,11,1,1769924427,2026-02-01 00:41:28
2ec2f95c-675c-4c59-856f-1fb38df59fa2,0,0,0,16,1,1769924427,2026-02-01 00:41:28
33af8810-cda5-4b61-9c38-0235f9d59aaa,19,0,19,8,1,1769924427,2026-02-01 00:41:28
9be6c750-85b6-4e81-bace-1a8ffe941d7b,11,9,2,7,1,1769924425,2026-02-01 00:41:28
46bdd925-fb6c-4654-85d8-e0db4da62abf,8,1,7,19,1,1769924423,2026-02-01 00:41:28
0e405c35-322f-4705-8ea7-769eb3fd028a,3,1,2,8,1,1769924423,2026-02-01 00:41:28
d7c12bf1-1ec8-496a-beca-90ba76c53241,1,0,1,16,1,1769924423,2026-02-01 00:41:28
06109e92-4363-445a-9743-0457f6799530,12,2,10,60,1,1769924360,2026-02-01 00:41:28
66dbf6d2-0aca-11e7-82f6-3863bb44ef7c,9,0,9,20,1,1769924360,2026-02-01 00:41:28
b7af52d2-fd23-4970-8513-be7c681480c4,41,24,17,2,1,1769924361,2026-02-01 00:41:28
28a2436d-a52b-4fa4-874c-e096012a926d,9,8,1,4,1,1769924357,2026-02-01 00:41:28
5fdf435f-6080-4b1d-966c-3b9d08450c4d,7,0,7,12,1,1769924357,2026-02-01 00:41:28
fcb1c3a3-04b6-45cf-bc9a-deb71198804e,1,1,0,16,1,1769924357,2026-02-01 00:41:28
ba7bf20d-b6bc-43dd-bf30-acb940eaeec8,0,0,0,15,1,1769924358,2026-02-01 00:41:28
1838999304404452058,12,0,12,2,1,1769924358,2026-02-01 00:41:28
08bf2fe0-219d-48cd-87c5-6163b3a2eafd,8,6,2,13,1,1769924358,2026-02-01 00:41:28
bdc116cd-4d63-4693-846c-ec5073314007,6,3,3,9,1,1769924359,2026-02-01 00:41:28
b16e9f3f-9b07-486f-a1ca-c76030f5ea64,11,4,7,9,1,1769924360,2026-02-01 00:41:28
1880644037244334512,11,5,6,9,1,1769924362,2026-02-01 00:41:28
99b7c9a5-9679-417f-b884-21c4b240aa99,6,1,5,12,1,1769924362,2026-02-01 00:41:28
66dd4356-0aca-11e7-82f6-3863bb44ef7c,7,4,3,25,1,1769924362,2026-02-01 00:41:28
d4c34830-972f-4cd1-81bb-071df209d065,1,0,1,19,1,1769924361,2026-02-01 00:41:28
66de4336-0aca-11e7-82f6-3863bb44ef7c,2,2,0,26,1,1769924362,2026-02-01 00:41:28
66dc8d1d-0aca-11e7-82f6-3863bb44ef7c,1,0,1,54,1,1769924359,2026-02-01 00:41:28
4956ad8b-06d6-4af4-bcc8-735c45439608,5,4,1,10,1,1769924366,2026-02-01 00:41:28
1856767361963389606,9,2,7,0,1,1769924366,2026-02-01 00:41:28
c7dbc7b5-240b-494d-8663-dbee4103a20c,0,0,0,18,1,1769924367,2026-02-01 00:41:28
1797078913880883846,2,2,0,15,1,1769924367,2026-02-01 00:41:28
66dc8025-0aca-11e7-82f6-3863bb44ef7c,18,13,5,48,1,1769924367,2026-02-01 00:41:28
66ddebce-0aca-11e7-82f6-3863bb44ef7c,23,16,7,2,1,1769924367,2026-02-01 00:41:28
1815968345907104578,11,1,10,11,1,1769924367,2026-02-01 00:41:28
b4ae292d-5e89-4c58-8154-0496893394b5,1,0,1,19,1,1769924368,2026-02-01 00:41:28
7e70b65e-00c1-40d5-984d-17232a4ee05e,8,5,3,29,1,1769924363,2026-02-01 00:41:28
66de1a1f-0aca-11e7-82f6-3863bb44ef7c,0,0,0,28,0,1769808479,2026-02-01 00:41:28
e63c8dac-ab44-48c8-83a0-92c53a00f12e,0,0,0,26,1,1769924365,2026-02-01 00:41:28
9eb98b3b-ea35-483f-91f6-d90c506152db,9,0,9,12,1,1769924365,2026-02-01 00:41:28
1849010295160437584,12,7,5,0,1,1769924366,2026-02-01 00:41:28
b53b5e8f-9503-48d1-b3e3-9347ecef38e2,11,2,9,13,1,1769924365,2026-02-01 00:41:28
1856767203049599002,5,0,5,7,1,1769924368,2026-02-01 00:41:28
324e55da-fec0-43a2-b622-27774381ab7f,1,1,0,16,1,1769924368,2026-02-01 00:41:28
66dc210e-0aca-11e7-82f6-3863bb44ef7c,2,2,0,28,1,1769924368,2026-02-01 00:41:28
1862787688044743624,0,0,0,8,0,1769919230,2026-02-01 00:41:28
1967778612889039234,4,4,0,24,1,1769924369,2026-02-01 00:41:28
66dcecfa-0aca-11e7-82f6-3863bb44ef7c,1,0,0,26,1,1769924369,2026-02-01 00:41:28
b471c112-1770-4dfe-9e13-fe7479dcb5a5,18,0,18,1,1,1769924363,2026-02-01 00:41:28
66dbbeda-0aca-11e7-82f6-3863bb44ef7c,20,12,8,53,1,1769924364,2026-02-01 00:41:28
454fe70c-1d53-4af2-a9ea-1d4bd9f59799,1,1,0,13,1,1769924367,2026-02-01 00:41:28
66dd1eb2-0aca-11e7-82f6-3863bb44ef7c,16,2,14,6,1,1769924372,2026-02-01 00:41:28
66dbc7d2-0aca-11e7-82f6-3863bb44ef7c,5,3,2,25,1,1769924373,2026-02-01 00:41:28
66dca5f3-0aca-11e7-82f6-3863bb44ef7c,3,0,3,41,1,1769924373,2026-02-01 00:41:28
971cddfa-695e-4b44-ba8b-26154ab4a83b,2,0,2,14,1,1769924369,2026-02-01 00:41:28
66de0c43-0aca-11e7-82f6-3863bb44ef7c,15,2,13,7,1,1769924369,2026-02-01 00:41:28
89d4a926-f1ae-4bf2-bf2d-59cff3881579,0,0,0,11,0,1769389491,2026-02-01 00:41:28
7c42f9fc-d280-4841-ad96-e3cc53ee3759,9,1,8,12,1,1769924369,2026-02-01 00:41:28
d5d2aebc-158c-43ec-9105-2a779d0245d8,0,0,0,18,1,1769924369,2026-02-01 00:41:28
89ff4db3-8a29-4565-a366-6fea4b3afc39,12,3,9,1,1,1769924370,2026-02-01 00:41:28
66ddeb67-0aca-11e7-82f6-3863bb44ef7c,10,0,10,6,1,1769924372,2026-02-01 00:41:28
66dc4334-0aca-11e7-82f6-3863bb44ef7c,9,5,4,14,1,1769924372,2026-02-01 00:41:28
067b53bd-33bf-4698-8103-3931a5f32a37,0,0,0,16,1,1769924372,2026-02-01 00:41:28
49703a2d-15e9-4af4-b80e-cca664d7ea18,5,1,4,14,1,1769924371,2026-02-01 00:41:28
66db281e-0aca-11e7-82f6-3863bb44ef7c,50,3,47,1,1,1769924371,2026-02-01 00:41:28
7155b0a6-2545-4b02-ae8c-9c0c4220f8c3,0,0,0,19,1,1769924450,2026-02-01 00:41:28
66dc7c31-0aca-11e7-82f6-3863bb44ef7c,24,19,5,11,1,1769924450,2026-02-01 00:41:28
2123938400844950144,3,0,3,13,1,1769924440,2026-02-01 00:41:28
1826348745879909352,13,2,11,2,1,1769924450,2026-02-01 00:41:28
1817803079955479336,8,0,8,10,1,1769924451,2026-02-01 00:41:28
627c77c0-0088-4ba8-ba66-73e0e3d3fe77,3,0,3,20,1,1769924451,2026-02-01 00:41:28
0e240143-2f86-4754-8345-4994750d99f1,11,1,10,4,1,1769924451,2026-02-01 00:41:28
1828966490867110420,3,0,3,11,1,1769924450,2026-02-01 00:41:28
c4377169-c19e-47e1-90a4-c4e14bb41601,7,1,6,15,1,1769924448,2026-02-01 00:41:28
1814907277023901890,17,1,16,0,1,1769924452,2026-02-01 00:41:28
e36b5913-8e46-4c2a-b9be-73bdf8ee548b,7,4,3,43,1,1769924452,2026-02-01 00:41:28
16c54bf4-194b-4f26-9c49-a42901b4748d,11,5,6,12,1,1769924451,2026-02-01 00:41:28
66dcc920-0aca-11e7-82f6-3863bb44ef7c,8,1,7,11,1,1769924452,2026-02-01 00:41:28
2126623405008140358,4,3,1,4,1,1769924449,2026-02-01 00:41:28
66dc89ae-0aca-11e7-82f6-3863bb44ef7c,4,2,2,29,1,1769924434,2026-02-01 00:41:28
66ddef2d-0aca-11e7-82f6-3863bb44ef7c,8,1,7,12,1,1769924448,2026-02-01 00:41:28
201edb67-d071-4b67-bafd-131e5c273e9f,14,1,13,3,1,1769924382,2026-02-01 00:41:28
ff1e98d3-ae7d-4c53-a531-1845bee1d346,2,2,0,33,1,1769924382,2026-02-01 00:41:28
1dba415a-2c46-419e-838d-7e068b8d7d6f,8,1,7,9,1,1769924382,2026-02-01 00:41:28
1848241879913802606,9,2,7,1,1,1769924382,2026-02-01 00:41:28
ee1d39c5-47c8-4527-9456-3719c50b7be5,8,0,8,5,1,1769924383,2026-02-01 00:41:28
f3eb962c-314a-4431-bac7-2eb2ffbe2fd2,2,0,2,14,1,1769924382,2026-02-01 00:41:28
66de0dfd-0aca-11e7-82f6-3863bb44ef7c,7,5,2,32,1,1769924380,2026-02-01 00:41:28
178bad16-1b02-4264-94c0-a8fd0faa60fe,0,0,0,25,1,1769924380,2026-02-01 00:41:28
0e8bfd72-c494-4d3e-85e2-4f98b801fe3b,1,0,1,17,1,1769924381,2026-02-01 00:41:28
57f144cb-375d-4eee-b458-e288116cb8f7,15,3,12,3,1,1769924383,2026-02-01 00:41:28
66de14af-0aca-11e7-82f6-3863bb44ef7c,10,1,9,15,1,1769924385,2026-02-01 00:41:28
941ea42c-47fe-4d63-a6f5-e0e200f01633,6,2,4,10,1,1769924385,2026-02-01 00:41:28
b5861c2d-d687-4308-bf2d-5f69fc28cc4a,17,1,16,3,1,1769924387,2026-02-01 00:41:28
3a51a25f-3e9b-4aea-84ee-39e9a3acc7fd,9,0,9,9,1,1769924388,2026-02-01 00:41:28
00284700-9d22-42ce-8485-113fed9879c1,3,2,1,14,1,1769924387,2026-02-01 00:41:28
a7a175ff-8ffb-477c-a40b-6d47ce92305d,5,1,4,11,1,1769924390,2026-02-01 00:41:28
f47e1ce9-ff3f-49e9-9a2f-aa5be45d70da,10,1,9,9,1,1769924390,2026-02-01 00:41:28
bda1fab4-5065-42df-a8ff-514e6064ab6e,18,2,16,1,1,1769924390,2026-02-01 00:41:28
66dcf922-0aca-11e7-82f6-3863bb44ef7c,10,0,10,10,1,1769924391,2026-02-01 00:41:28
1860189075388547142,1,1,0,17,1,1769924391,2026-02-01 00:41:28
7a8bf573-275f-41d5-ad8b-1ff9ee7c2dce,9,0,9,16,1,1769924391,2026-02-01 00:41:28
00d94dfc-3695-47e1-aba6-7f319dd2eb08,2,0,2,19,1,1769924391,2026-02-01 00:41:28
14391923-6727-4359-92e9-03e0b5094753,21,4,17,14,1,1769924389,2026-02-01 00:41:28
1792225684155730482,16,15,1,6,1,1769924388,2026-02-01 00:41:28
7af717b9-99ce-4cce-94b4-b445a40537a1,17,1,16,0,1,1769924389,2026-02-01 00:41:28
c9e76fa9-54e2-4161-9798-4787bf04217a,9,0,9,7,1,1769924386,2026-02-01 00:41:28
1ecc9936-ee0c-44b2-baa8-237564c8e4fd,28,2,26,4,1,1769924387,2026-02-01 00:41:28
e25f8dee-c110-489f-a978-464ac5c84ca2,12,0,12,8,1,1769924386,2026-02-01 00:41:28
66dde703-0aca-11e7-82f6-3863bb44ef7c,7,1,6,17,1,1769924431,2026-02-01 00:41:28
c1e24edf-7192-433f-8d38-be5b6b3647c5,6,4,2,16,1,1769924431,2026-02-01 00:41:28
2527619f-ef89-425c-bf3b-60cc0ec519bf,20,8,12,29,1,1769924432,2026-02-01 00:41:28
92ffa9d6-8cb1-44cf-8059-391b03d58071,0,0,0,25,1,1769924432,2026-02-01 00:41:28
981f1311-004f-41c3-ba5b-3679f78aeb70,15,1,14,1,1,1769924431,2026-02-01 00:41:28
66dc8382-0aca-11e7-82f6-3863bb44ef7c,10,4,6,65,1,1769924433,2026-02-01 00:41:28
1835246516012366338,0,0,0,20,1,1769924434,2026-02-01 00:41:28
66dcc3e5-0aca-11e7-82f6-3863bb44ef7c,2,1,1,19,1,1769924434,2026-02-01 00:41:28
66dcb9f7-0aca-11e7-82f6-3863bb44ef7c,1,0,1,22,1,1769924434,2026-02-01 00:41:28
66db9675-0aca-11e7-82f6-3863bb44ef7c,3,1,2,20,1,1769924434,2026-02-01 00:41:28
36aaebb9-ef10-41a5-b20b-753bf8a3fed8,1,1,0,16,1,1769924434,2026-02-01 00:41:28
3c5a8531-4eec-4695-b4f8-8a1158890e78,5,3,2,11,1,1769924434,2026-02-01 00:41:28
1861682182353914188,8,0,8,10,1,1769924434,2026-02-01 00:41:28
1828967208126648828,4,0,4,15,1,1769924435,2026-02-01 00:41:28
1913988158376585970,10,2,8,4,1,1769924432,2026-02-01 00:41:28
3893eeef-06a8-47b1-95f2-a85454f7d5c9,1,0,1,20,1,1769924432,2026-02-01 00:41:28
5a5a38d1-f28d-4e51-bf85-27bb384135c7,24,1,23,5,1,1769924432,2026-02-01 00:41:28
66dcc44a-0aca-11e7-82f6-3863bb44ef7c,5,2,3,12,1,1769924433,2026-02-01 00:41:28
a82599ce-99ca-4670-8053-baada198034a,50,6,44,2,1,1769924429,2026-02-01 00:41:28
3e4a2c26-7527-469c-b4f4-1ef8d40fd20d,3,0,3,11,1,1769924429,2026-02-01 00:41:28
822d96e8-fb6c-463a-b866-aec9e408ad5e,14,2,12,1,1,1769924428,2026-02-01 00:41:28
5ffde991-1125-443e-bc97-6827b2b9c97b,18,1,17,0,1,1769924428,2026-02-01 00:41:28
914e3e7c-87da-4f52-aa03-5449c6361fa2,3,1,2,11,1,1769924428,2026-02-01 00:41:28
dee5a590-7cda-465e-8351-b0622a5e2ad3,5,0,5,12,1,1769924428,2026-02-01 00:41:28
66dc7802-0aca-11e7-82f6-3863bb44ef7c,1,0,1,47,1,1769924437,2026-02-01 00:41:28
1960021056359127624,0,0,0,17,1,1769924438,2026-02-01 00:41:28
d9160982-2d9b-4f08-9469-a559a7b62809,9,3,6,72,1,1769924438,2026-02-01 00:41:28
66dd4423-0aca-11e7-82f6-3863bb44ef7c,25,21,3,1,1,1769924437,2026-02-01 00:41:28
f3525aa7-9d69-4ea2-9278-4df92db1afa1,8,2,6,9,1,1769924438,2026-02-01 00:41:28
6fefe1b3-5f0d-47aa-b1dd-cec211239950,0,0,0,21,1,1769924438,2026-02-01 00:41:28
3b530cff-dd26-4cfd-b570-a85fd53354fe,21,6,15,16,1,1769924435,2026-02-01 00:41:28
fe6f022b-7fdb-44fe-80bb-cbfc500959bf,3,1,2,17,1,1769924435,2026-02-01 00:41:28
66dc4fb5-0aca-11e7-82f6-3863bb44ef7c,21,7,14,12,1,1769924436,2026-02-01 00:41:28
1879828885264130640,7,0,7,6,1,1769924436,2026-02-01 00:41:28
2124425954553309758,7,4,3,1,1,1769924436,2026-02-01 00:41:28
2126224876714496782,3,0,3,2,1,1769924388,2026-02-01 00:41:28
676b7b4d-b1c0-4c97-8ac3-5fe665e51108,0,0,0,22,1,1769924436,2026-02-01 00:41:28
1963272613486484230,55,40,15,9,1,1769924436,2026-02-01 00:41:28
2126965369631090816,6,4,2,5,1,1769924439,2026-02-01 00:41:28
5b4a4b20-539b-47c1-9228-1f1f124b3ec9,15,0,15,6,1,1769924436,2026-02-01 00:41:28
fffb18be-14b3-412f-a808-107a98cd9e58,1,1,0,16,1,1769924437,2026-02-01 00:41:28
b1cdec34-d4f9-4313-be82-729bb9f7bb18,4,0,4,16,1,1769924437,2026-02-01 00:41:28
a6492ad5-d13e-48b0-a0d5-08e60ad93e53,48,5,43,5,1,1769924440,2026-02-01 00:41:28
cb4926e6-0a79-4902-80ee-d365fbf42aec,0,0,0,23,1,1769924440,2026-02-01 00:41:28
66de077f-0aca-11e7-82f6-3863bb44ef7c,7,4,3,40,1,1769924440,2026-02-01 00:41:28
2124037510131026812,9,4,5,7,1,1769924441,2026-02-01 00:41:28
3ac7b47b-2253-4a0b-bf7d-8a2eb6b78a38,15,3,12,18,1,1769924440,2026-02-01 00:41:28
266c8621-fdea-4a7e-9d35-18ca1684d526,4,0,4,14,1,1769924437,2026-02-01 00:41:28
ee70b21e-4a95-4bdf-802c-50f83a76971d,5,0,5,19,1,1769924437,2026-02-01 00:41:28
0e3dedfb-df10-4900-a67b-95349a81bc5c,13,2,11,3,1,1769924437,2026-02-01 00:41:28
0efa08a3-1c38-48fe-ab37-8c9b72b20126,14,3,11,2,1,1769924439,2026-02-01 00:41:28
de97a7d0-fbb3-4c13-ba6a-2bbd441751fe,5,0,5,13,1,1769924440,2026-02-01 00:41:28
1846086562569586930,7,1,6,8,1,1769924440,2026-02-01 00:41:28
c0f952d9-538e-4836-b936-fa97123cbf13,2,0,2,15,1,1769924438,2026-02-01 00:41:28
298d4e45-c6d2-45f1-a07a-11606026a6e4,6,2,4,17,1,1769924443,2026-02-01 00:41:28
ab29ce96-c2e8-4929-b27b-e0fe4aae17d5,5,0,5,11,1,1769924443,2026-02-01 00:41:28
1828966747840428256,5,0,5,7,1,1769924444,2026-02-01 00:41:28
1828968327357059242,8,0,8,11,1,1769924442,2026-02-01 00:41:28
5864d88d-a0fd-40ad-beee-896118d9360d,12,0,12,3,1,1769924442,2026-02-01 00:41:28
1846086263936934630,13,1,12,1,1,1769924442,2026-02-01 00:41:28
b79bb851-130f-473d-83fc-f602aa0a4ca9,0,0,0,20,1,1769924442,2026-02-01 00:41:28
c36cfa58-29fe-4c0c-a14f-41c3463487fd,1,1,0,19,1,1769924442,2026-02-01 00:41:28
1835246381185208614,2,1,1,19,1,1769924442,2026-02-01 00:41:28
0f6fd186-656a-41b3-ba4a-456d22da177c,16,6,10,8,1,1769924443,2026-02-01 00:41:28
66db3816-0aca-11e7-82f6-3863bb44ef7c,25,6,19,1,1,1769924444,2026-02-01 00:41:28
5a6218aa-c5b7-4436-93c1-dee7cb5322d9,10,7,3,8,1,1769924444,2026-02-01 00:41:28
1828967499459705054,10,0,10,7,1,1769924444,2026-02-01 00:41:28
e0a9ed84-55f9-40f5-90fa-87db17d2f933,13,0,13,3,1,1769924444,2026-02-01 00:41:28
3edec530-4791-4872-8912-2a2397a903a4,36,15,21,11,1,1769924445,2026-02-01 00:41:28
1846086027713733188,11,4,7,4,1,1769924445,2026-02-01 00:41:28
1861680383828308814,3,3,0,10,1,1769924441,2026-02-01 00:41:28
66db5d92-0aca-11e7-82f6-3863bb44ef7c,0,0,0,19,1,1769924441,2026-02-01 00:41:28
66dd9dba-0aca-11e7-82f6-3863bb44ef7c,14,14,0,21,1,1769924442,2026-02-01 00:41:28
66dce660-0aca-11e7-82f6-3863bb44ef7c,3,0,3,20,1,1769924443,2026-02-01 00:41:28
b976906e-81c4-44c5-a160-e17815c0d47b,10,1,9,18,1,1769924446,2026-02-01 00:41:28
8c2ed08f-1660-4db8-9168-4709427c23ed,1,0,1,14,1,1769924445,2026-02-01 00:41:28
dfb8b9c8-3006-4b76-963a-95f7471dc0a8,10,0,10,3,1,1769924446,2026-02-01 00:41:28
26599393-b967-44a6-a998-cb72ca53cd9e,8,1,7,10,1,1769924415,2026-02-01 00:41:28
c0ce2a38-04f5-4333-8818-2a3faa84f214,20,0,20,2,1,1769924415,2026-02-01 00:41:28
186092d1-a431-45db-8198-d5ba13334d79,12,0,12,5,1,1769924415,2026-02-01 00:41:28
bb58e953-4953-4fbe-9ef2-367488dfef9b,3,1,2,14,1,1769924416,2026-02-01 00:41:28
edc9b877-c311-46b4-a780-59ee7e692324,11,4,7,19,1,1769924417,2026-02-01 00:41:28
00d3e65e-b614-4408-aaa9-939ed96ce645,37,32,5,6,1,1769924417,2026-02-01 00:41:28
014a931b-8e1c-438a-8a22-f267ddd1e0d2,36,13,23,4,1,1769924416,2026-02-01 00:41:28
74f913d2-6eac-49ce-bd6d-53a06fa855a6,9,0,9,5,1,1769924416,2026-02-01 00:41:28
b43ecf62-4c9d-4b06-ac9a-5837084f769f,2,0,2,19,1,1769924416,2026-02-01 00:41:28
2ad41c1f-5636-4a63-ad52-761e2613061a,2,0,2,17,1,1769924417,2026-02-01 00:41:28
1794096824496960148,25,19,6,9,1,1769924419,2026-02-01 00:41:28
1786686999403592506,1,1,0,25,1,1769924419,2026-02-01 00:41:28
36d80620-9774-487e-8eb0-cf5f18a39321,0,0,0,21,0,1769866103,2026-02-01 00:41:28
90fca941-2212-43bf-b104-ce32c4270d4d,1,1,0,17,1,1769924420,2026-02-01 00:41:28
66dc462a-0aca-11e7-82f6-3863bb44ef7c,52,48,4,6,1,1769924420,2026-02-01 00:41:28
2126621627432855870,5,0,5,4,1,1769924420,2026-02-01 00:41:28
116dbc02-a3c1-4b65-9f73-2a09a2aa1379,51,23,28,10,1,1769924421,2026-02-01 00:41:28
0df3a035-5a38-4ec2-826a-0a5376e8d8a0,2,1,1,19,1,1769924418,2026-02-01 00:41:28
1848242143834868452,13,2,11,2,1,1769924418,2026-02-01 00:41:28
66dbcb2f-0aca-11e7-82f6-3863bb44ef7c,34,23,11,13,1,1769924421,2026-02-01 00:41:28
bcd3ee0f-21d7-4cc8-ac45-ccea48b6fc1b,10,8,2,9,1,1769924421,2026-02-01 00:41:28
05d03a63-b5f2-40d9-9a3d-d2fe666a307f,7,0,7,15,1,1769924422,2026-02-01 00:41:28
c229f0ca-bdd1-4aa0-8906-a3e809e12889,10,0,10,11,1,1769924418,2026-02-01 00:41:28
fc5ee04d-710b-45ba-aae0-303b8e95ea89,7,2,5,11,1,1769924419,2026-02-01 00:41:28
0575e356-72f4-4251-8e15-574cf60bd190,7,1,6,7,1,1769924419,2026-02-01 00:41:28
66db43b5-0aca-11e7-82f6-3863bb44ef7c,1,1,0,14,1,1769924418,2026-02-01 00:41:28
f0115d11-c678-4274-8bb7-d486dbb63361,10,0,10,2,1,1769924339,2026-02-01 00:41:28
f3f46097-54cf-4c30-805a-6b2a4851eed7,0,0,0,24,1,1769924341,2026-02-01 00:41:28
1882736243099681438,21,2,19,9,1,1769924341,2026-02-01 00:41:28
66dbecd0-0aca-11e7-82f6-3863bb44ef7c,3,1,2,42,1,1769924341,2026-02-01 00:41:28
8d8a381c-21df-4095-837e-65924d85a06d,0,0,0,18,1,1769924340,2026-02-01 00:41:28
9b0c2c99-214f-4e15-b476-1626c03a9e4e,30,15,15,26,1,1769924342,2026-02-01 00:41:28
2fe3e166-2d2f-41c8-b522-fdf8ee3ae16f,7,2,5,8,1,1769924353,2026-02-01 00:41:28
66dc7d58-0aca-11e7-82f6-3863bb44ef7c,29,9,20,39,1,1769924352,2026-02-01 00:41:28
66dd1bf3-0aca-11e7-82f6-3863bb44ef7c,42,11,31,3,1,1769924356,2026-02-01 00:41:28
82b97827-1801-4b7b-b3de-16447a8dd025,2,1,1,16,1,1769924356,2026-02-01 00:41:28
32d3adc3-c3dd-4a97-a4db-95d467f3c3aa,15,11,4,14,1,1769924357,2026-02-01 00:41:28
9d56294e-61fc-4176-bb9c-4692f45bb374,16,3,13,0,1,1769924357,2026-02-01 00:41:28
eab2749b-2f79-4797-a0a6-0579b27e6929,22,5,17,15,1,1769924353,2026-02-01 00:41:28
1835244925191295588,0,0,0,22,1,1769924353,2026-02-01 00:41:28
7c7cb750-6613-48a4-bfae-9240968f1fad,14,8,6,24,1,1769924356,2026-02-01 00:41:28
66db728c-0aca-11e7-82f6-3863bb44ef7c,25,9,16,26,1,1769924354,2026-02-01 00:41:28
60c5a043-1367-4a27-96ee-394ba60e2154,14,5,9,14,1,1769924404,2026-02-01 00:41:28
af72781c-fe0b-4b73-a7df-201f9780ea9c,31,13,17,5,1,1769924404,2026-02-01 00:41:28
66db5f40-0aca-11e7-82f6-3863bb44ef7c,27,27,0,4,1,1769924405,2026-02-01 00:41:28
023127f2-a6e0-4fae-ba34-178acccb993e,1,0,1,16,1,1769924405,2026-02-01 00:41:28
1857217349795049790,0,0,0,11,0,1769851506,2026-02-01 00:41:28
cda60c6d-80f3-41b7-8ece-fe997f6dafb5,4,0,4,13,1,1769924405,2026-02-01 00:41:28
66dcba5e-0aca-11e7-82f6-3863bb44ef7c,7,0,7,8,1,1769924405,2026-02-01 00:41:28
b9b58379-b29a-4fa8-ba72-c647728e1686,12,5,7,6,1,1769924402,2026-02-01 00:41:28
66db90f1-0aca-11e7-82f6-3863bb44ef7c,19,18,1,37,1,1769924402,2026-02-01 00:41:28
8066575c-f8e9-4e14-95ea-8d25ceeae2ca,7,3,5,21,1,1769924402,2026-02-01 00:41:28
66dbf140-0aca-11e7-82f6-3863bb44ef7c,58,32,26,2,1,1769924403,2026-02-01 00:41:28
398ebef6-dcc2-4305-b1d2-47efafdaa85c,1,0,1,17,1,1769924406,2026-02-01 00:41:28
66ddbdb1-0aca-11e7-82f6-3863bb44ef7c,4,3,1,16,1,1769924407,2026-02-01 00:41:28
1828966227118051662,11,1,10,3,1,1769924407,2026-02-01 00:41:28
039d4cc9-8560-4d22-88c3-20753c54a50f,0,0,0,16,0,1769856688,2026-02-01 00:41:28
1860188331547447938,1,0,1,16,1,1769924408,2026-02-01 00:41:28
f42b3158-3f78-4a62-964a-8cc554d69c35,11,0,11,1,1,1769924402,2026-02-01 00:41:28
e3470e29-934c-41f1-8fe7-82135ed2d620,16,3,13,41,1,1769924402,2026-02-01 00:41:28
66db3583-0aca-11e7-82f6-3863bb44ef7c,25,12,12,19,1,1769924407,2026-02-01 00:41:28
1fba77e2-66ab-4e9c-9f9a-4ec4f11fd80b,2,0,2,23,1,1769924411,2026-02-01 00:41:28
1861681959015615218,2,2,0,23,1,1769924412,2026-02-01 00:41:28
76c1ef9c-3984-4b4e-bff4-5c398e2395bd,2,2,0,18,1,1769924412,2026-02-01 00:41:28
66dbeb1b-0aca-11e7-82f6-3863bb44ef7c,7,3,4,30,1,1769924412,2026-02-01 00:41:28
7d41ac98-df88-497a-aef9-968660e6da0f,14,2,12,17,1,1769924412,2026-02-01 00:41:28
2025623258130320038,12,1,11,13,1,1769924411,2026-02-01 00:41:28
66de4b0b-0aca-11e7-82f6-3863bb44ef7c,11,0,11,11,1,1769924411,2026-02-01 00:41:28
66de602e-0aca-11e7-82f6-3863bb44ef7c,39,1,38,0,1,1769924411,2026-02-01 00:41:28
699d3378-6ea8-465f-888b-c49c60089ce8,0,0,0,16,1,1769924414,2026-02-01 00:41:28
6cb5fac5-f7e8-4ec9-94cf-816771d91ecd,14,1,13,9,1,1769924414,2026-02-01 00:41:28
1b962833-d769-418e-b1ef-5a183bb5eb1a,9,4,5,6,1,1769924414,2026-02-01 00:41:28
66dd4f9b-0aca-11e7-82f6-3863bb44ef7c,1,0,0,8,0,1769848869,2026-02-01 00:41:28
1838070940162509196,3,0,3,16,1,1769924408,2026-02-01 00:41:28
1817432346178415570,6,0,6,14,1,1769924408,2026-02-01 00:41:28
66dbf362-0aca-11e7-82f6-3863bb44ef7c,20,3,17,22,1,1769924409,2026-02-01 00:41:28
3d340fc5-8c86-4d5e-974d-ae28958e61e8,40,29,11,7,1,1769924410,2026-02-01 00:41:28
66ddd545-0aca-11e7-82f6-3863bb44ef7c,66,51,15,5,1,1769924410,2026-02-01 00:41:28
340036c3-2787-4998-9a77-fe54f352d619,2,0,2,16,1,1769924410,2026-02-01 00:41:28
034f7f3d-e632-475a-aa01-894480d153df,5,4,1,9,1,1769924412,2026-02-01 00:41:28
66db2f4c-0aca-11e7-82f6-3863bb44ef7c,0,0,0,74,1,1769924413,2026-02-01 00:41:28
d5cb6e67-addb-46d4-93e7-832371736d45,12,0,12,19,1,1769924413,2026-02-01 00:41:28
1857515306802639416,11,0,11,9,1,1769924409,2026-02-01 00:41:28
4e862dc1-0652-4f29-a26f-315d763df67d,26,9,17,27,1,1769924409,2026-02-01 00:41:28
1984510483573713186,3,1,2,56,1,1769924410,2026-02-01 00:41:28
66dc1702-0aca-11e7-82f6-3863bb44ef7c,21,15,6,39,1,1769924410,2026-02-01 00:41:28
5782a158-b596-4936-a451-32ccc131a57d,2,1,1,16,1,1769924410,2026-02-01 00:41:28
8b830188-101e-44bf-a755-5e6c611e3edc,19,0,19,3,1,1769924348,2026-02-01 00:41:28
0258da92-f770-4acc-b20b-91b78aff791e,17,0,17,3,1,1769924348,2026-02-01 00:41:28
1869754143518014264,18,1,17,14,1,1769924345,2026-02-01 00:41:28
1861683217585879154,21,3,18,11,1,1769924345,2026-02-01 00:41:28
1abd4668-ed6b-4930-8177-17239ae75a9e,2,0,2,17,1,1769924347,2026-02-01 00:41:28
1835249448692130546,5,0,5,12,1,1769924347,2026-02-01 00:41:28
ce700c09-6095-4b20-ab65-07defdd1a7d7,8,0,8,6,1,1769924347,2026-02-01 00:41:28
566935d6-4d66-4b42-9822-f2a816e357b9,5,4,1,21,1,1769924347,2026-02-01 00:41:28
1913990214925537808,16,6,10,5,1,1769924343,2026-02-01 00:41:28
1960021358478625244,19,11,8,45,1,1769924345,2026-02-01 00:41:28
1869439170989701358,18,1,17,0,1,1769924345,2026-02-01 00:41:28
8dfff4bd-0f3c-43af-bc55-a63850f66c6b,8,4,4,7,1,1769924346,2026-02-01 00:41:28
1845676917264180046,0,0,0,9,0,1769922134,2026-02-01 00:41:28
f6143531-4a16-4aac-9b55-573ef7ef162e,3,1,2,14,1,1769924343,2026-02-01 00:41:28
13b82a41-c25b-428f-a07b-5f5d8340c6f2,0,0,0,18,1,1769924350,2026-02-01 00:41:28
f365afa3-e8a5-439d-975d-6c2b064f30df,6,0,6,19,1,1769924350,2026-02-01 00:41:28
2088792249063596144,15,8,7,6,1,1769924379,2026-02-01 00:41:28
1835247598942507168,1,1,0,16,1,1769924380,2026-02-01 00:41:28
66dccc99-0aca-11e7-82f6-3863bb44ef7c,14,0,13,14,1,1769924378,2026-02-01 00:41:28
f47c7f15-1c30-4199-a09f-134f0f0f684b,6,0,6,16,1,1769924375,2026-02-01 00:41:28
d29ea280-8b64-4a35-b12b-245525ae2a3a,9,1,8,42,1,1769924376,2026-02-01 00:41:28
66dea8ff-0aca-11e7-82f6-3863bb44ef7c,0,0,0,36,0,1769921894,2026-02-01 00:41:28
a4c9faeb-2234-457d-ad56-1ab14104b538,7,3,4,10,1,1769924374,2026-02-01 00:41:28
a5bd1f58-7df8-4df6-9636-372f1bc194be,28,5,23,10,1,1769924375,2026-02-01 00:41:28
1849009794224623642,13,0,13,0,1,1769924377,2026-02-01 00:41:28
8ea3301f-6940-4e0f-80f0-7a3e54b2eaa5,6,6,0,10,1,1769924379,2026-02-01 00:41:28
1945126022626996350,8,3,5,18,1,1769924396,2026-02-01 00:41:28
1d440638-ec50-4ccb-9a82-0e3247a87c63,19,6,13,14,1,1769924396,2026-02-01 00:41:28
23539f3b-fb83-4f34-b8b8-9f1f37b5e646,19,0,19,9,1,1769924396,2026-02-01 00:41:28
7cd61426-ed98-434e-9235-56ed856fead6,2,0,2,16,1,1769924396,2026-02-01 00:41:28
174bf571-e597-463d-84bc-611c4a13d85e,0,0,0,24,1,1769924396,2026-02-01 00:41:28
1851947582840610924,4,1,3,16,1,1769924392,2026-02-01 00:41:28
66db3fc9-0aca-11e7-82f6-3863bb44ef7c,16,10,6,10,1,1769924392,2026-02-01 00:41:28
d7a7789b-a052-4a69-a4ec-59436b0f8d75,7,1,6,8,1,1769924392,2026-02-01 00:41:28
66dcf30d-0aca-11e7-82f6-3863bb44ef7c,5,1,4,16,1,1769924393,2026-02-01 00:41:28
4bc6f4d0-edd5-4eb0-a704-f7ce0d693aac,1,0,1,17,1,1769924393,2026-02-01 00:41:28
66dd2292-0aca-11e7-82f6-3863bb44ef7c,29,26,3,15,1,1769924393,2026-02-01 00:41:28
f6cf3ecc-b3ad-4291-8c24-277f28f64ba1,13,1,12,4,1,1769924393,2026-02-01 00:41:28
0b857ee5-3d10-4152-952e-95fbaf06677a,1,1,0,22,1,1769924394,2026-02-01 00:41:28
1864605926072998676,0,0,0,18,1,1769924394,2026-02-01 00:41:28
1817432709747753390,8,1,7,11,1,1769924394,2026-02-01 00:41:28
2126624118513887578,7,6,1,0,1,1769924394,2026-02-01 00:41:28
1834145204469569922,6,2,4,13,1,1769924396,2026-02-01 00:41:28
66db28b5-0aca-11e7-82f6-3863bb44ef7c,34,2,32,31,1,1769924395,2026-02-01 00:41:28
66dd3cb4-0aca-11e7-82f6-3863bb44ef7c,18,1,17,8,1,1769924396,2026-02-01 00:41:28
1a92d2d3-ddf1-4f34-b28c-ce7a064b9a3e,10,4,6,7,1,1769924395,2026-02-01 00:41:28
9206af28-03bf-43e3-a8b0-354792921466,6,1,5,12,1,1769924391,2026-02-01 00:41:28
66db930d-0aca-11e7-82f6-3863bb44ef7c,6,3,3,20,1,1769924391,2026-02-01 00:41:28
1791188268875152272,30,4,26,7,1,1769924392,2026-02-01 00:41:28
081d243e-d75e-4e2a-bdae-a990b2397532,3,1,2,20,1,1769924394,2026-02-01 00:41:28
ee1ba75f-baf5-4852-929c-8b7ad310f55a,18,9,9,3,1,1769924397,2026-02-01 00:41:28
66dc0f1b-0aca-11e7-82f6-3863bb44ef7c,51,38,13,2,1,1769924397,2026-02-01 00:41:28
72719900-dd61-40bd-9f4a-40d70c47590c,14,7,6,6,1,1769924397,2026-02-01 00:41:28
4cfd4097-0aee-4f11-9aea-55f99397bf33,10,4,6,8,1,1769924397,2026-02-01 00:41:28
1835249197527877718,2,1,1,15,1,1769924397,2026-02-01 00:41:28
2123939242997647892,7,3,4,6,1,1769924399,2026-02-01 00:41:28
66dc2606-0aca-11e7-82f6-3863bb44ef7c,10,4,6,63,1,1769924400,2026-02-01 00:41:28
1885440410432338078,0,0,0,20,1,1769924400,2026-02-01 00:41:28
66de4897-0aca-11e7-82f6-3863bb44ef7c,10,0,10,4,1,1769924400,2026-02-01 00:41:28
66ddf310-0aca-11e7-82f6-3863bb44ef7c,2,0,2,28,1,1769924400,2026-02-01 00:41:28
c829b6af-002b-4d04-af56-6924d4ad0aa2,7,1,6,19,1,1769924398,2026-02-01 00:41:28
7b56cbab-9d93-4043-bfa5-63eb6b3e5281,16,10,6,0,1,1769924398,2026-02-01 00:41:28
6dec8948-44c7-4085-9682-446a891feb42,8,0,8,6,1,1769924399,2026-02-01 00:41:28
b83b2a73-af8e-4b82-b61e-aeaaf075fbe2,1,1,0,22,1,1769924399,2026-02-01 00:41:28
8c6cba48-d803-4a90-99f7-e06edcdbbf92,4,3,1,16,1,1769924401,2026-02-01 00:41:28
8f3a6711-fd05-4ce1-acf8-9d72b4a1bf97,2,2,0,15,1,1769924398,2026-02-01 00:41:28
1808184356986544410,4,2,2,25,1,1769924452,2026-02-01 00:41:28
adb67652-c20d-4dd2-8e89-d6015b801c1a,0,0,0,17,1,1769924452,2026-02-01 00:41:28
7e36cd9b-b271-42e5-b344-b7a3771c795e,14,1,13,24,1,1769924452,2026-02-01 00:41:28
5b4a90b8-426d-4a40-a7ca-87e51d690883,8,7,1,23,1,1769924453,2026-02-01 00:41:28
16836c76-c412-4ec3-bac8-3c6a5a3d9745,5,4,1,15,1,1769924453,2026-02-01 00:41:28
1828968082192898522,0,0,0,20,1,1769924453,2026-02-01 00:41:28
93e2e1a5-49c5-41f8-a6bf-b399b6a5140d,26,5,21,39,1,1769924453,2026-02-01 00:41:28
c72970e7-7f1a-4671-bf55-fc34be7c9413,8,0,8,7,1,1769924454,2026-02-01 00:41:28
49f86083-851b-475d-b9ab-64e01b81f725,3,1,2,19,1,1769924453,2026-02-01 00:41:28
66db3e32-0aca-11e7-82f6-3863bb44ef7c,29,0,29,10,1,1769924453,2026-02-01 00:41:28
6ff2eec8-2b72-490a-b1c3-f9892ab3a724,0,0,0,45,1,1769924453,2026-02-01 00:41:28
4fb1ee23-4511-47c4-8698-0c46673dc86c,0,0,0,18,1,1769924454,2026-02-01 00:41:28
66dbf215-0aca-11e7-82f6-3863bb44ef7c,30,12,18,4,1,1769924454,2026-02-01 00:41:28
3575749f-123a-4a80-870d-7ca7c7f9c8a9,1,1,0,24,1,1769924454,2026-02-01 00:41:28
f8c1c90f-4ec0-44bd-b097-cfafc887744d,30,0,30,2,1,1769924454,2026-02-01 00:41:28
1846085836152179090,4,1,3,15,1,1769924454,2026-02-01 00:41:28
a7c09fde-76e8-4a56-b61d-8ca940432efd,5,1,4,13,1,1769924455,2026-02-01 00:41:28
66dd9b0f-0aca-11e7-82f6-3863bb44ef7c,11,9,2,23,1,1769924455,2026-02-01 00:41:28
66db4417-0aca-11e7-82f6-3863bb44ef7c,39,30,9,0,1,1769924455,2026-02-01 00:41:28
3fed8016-0be0-47f5-8663-2e850ec47288,16,0,16,1,1,1769924455,2026-02-01 00:41:28
06e5447e-35b8-45cb-b3bb-937791a6f8ae,10,2,8,7,1,1769924455,2026-02-01 00:41:28
66dbefee-0aca-11e7-82f6-3863bb44ef7c,2,1,1,11,1,1769924455,2026-02-01 00:41:28
0cb63737-64c9-42a9-9479-280d49ed015a,6,0,6,13,1,1769924455,2026-02-01 00:41:28
3ac37967-e174-421a-bfeb-d02249fb1266,6,5,1,16,1,1769924455,2026-02-01 00:41:28
1828968462257099768,1,1,0,18,1,1769924456,2026-02-01 00:41:28
66de0a0a-0aca-11e7-82f6-3863bb44ef7c,15,4,11,1,1,1769924456,2026-02-01 00:41:28
1828969634783171152,16,1,15,2,1,1769924456,2026-02-01 00:41:28
814dd1a9-100c-4b1b-8110-6319bbd464e9,1,0,1,19,1,1769924456,2026-02-01 00:41:28
272c0389-5e4a-41a9-ad6c-2dccdfa55af9,2,2,0,22,1,1769924456,2026-02-01 00:41:28
66dc42a0-0aca-11e7-82f6-3863bb44ef7c,11,7,4,12,1,1769924456,2026-02-01 00:41:28
c8197f4b-02b0-4cc3-96af-df5fec27a279,0,0,0,16,1,1769924457,2026-02-01 00:41:28
7b0227aa-bbf5-4731-a49a-765b4afac483,32,5,27,33,1,1769924456,2026-02-01 00:41:28
1890927910885612334,18,2,16,0,1,1769924457,2026-02-01 00:41:28
1856767555236917834,17,2,15,3,1,1769924457,2026-02-01 00:41:28
1875395639434791520,0,0,0,18,1,1769924457,2026-02-01 00:41:28
2163290511399492946,4,2,2,3,1,1769924457,2026-02-01 00:41:28
66dc176f-0aca-11e7-82f6-3863bb44ef7c,56,45,11,6,1,1769924457,2026-02-01 00:41:28
66de18d7-0aca-11e7-82f6-3863bb44ef7c,12,0,12,2,1,1769924458,2026-02-01 00:41:28
66db3898-0aca-11e7-82f6-3863bb44ef7c,12,11,1,9,1,1769924458,2026-02-01 00:41:28
1786696780996714874,1,0,1,16,1,1769924458,2026-02-01 00:41:28
1835250199411134468,5,0,5,17,1,1769924458,2026-02-01 00:41:28
e163ce54-4c39-43c5-9831-e10a2603527d,12,0,12,8,1,1769924380,2026-02-01 00:41:28
7478be11-37d8-49b1-a253-f0810045f6ff,11,6,5,8,1,1769924412,2026-02-01 00:41:28
2116635307734817684,5,4,1,9,1,1769924344,2026-02-01 00:41:28
f417d8da-0f15-49b0-9e3c-3c3e55c2691d,12,4,8,6,1,1769924415,2026-02-01 00:41:28
d09709d2-e119-48c4-aa22-29432a13a35a,4,4,0,1,1,1769924421,2026-02-01 00:41:28
66dd8479-0aca-11e7-82f6-3863bb44ef7c,11,7,4,11,1,1769924423,2026-02-01 00:41:28
681a8bdb-65ff-4078-a5de-74927502da4e,12,2,10,2,1,1769924355,2026-02-01 00:41:28
4a48175b-c239-4d5e-b1b8-03eda4239678,22,1,21,3,1,1769924368,2026-02-01 00:41:28
2116635993049651742,5,1,4,7,1,1769924395,2026-02-01 00:41:28
66dd5960-0aca-11e7-82f6-3863bb44ef7c,15,13,2,5,1,1769924432,2026-02-01 00:41:28
6107e75a-2493-4e3d-a3e0-d4886d3416e5,1,0,1,12,1,1769924434,2026-02-01 00:41:28
66ddda59-0aca-11e7-82f6-3863bb44ef7c,9,1,8,4,1,1769924344,2026-02-01 00:41:28
537a2f47-26a3-4776-ba9d-e2acd2ffbee1,5,2,3,0,1,1769924429,2026-02-01 00:41:28
66dd5e69-0aca-11e7-82f6-3863bb44ef7c,8,1,7,8,1,1769924439,2026-02-01 00:41:28
2108372562172578194,9,9,0,8,1,1769924442,2026-02-01 00:41:28
2116636101124803154,11,1,10,3,1,1769924447,2026-02-01 00:41:28
3d1db3fa-1df5-46c8-baf3-619b729f5bda,1,0,1,17,1,1769924449,2026-02-01 00:41:28
66dd6721-0aca-11e7-82f6-3863bb44ef7c,4,0,4,10,1,1769924443,2026-02-01 00:41:28
2de92329-48d0-4cf7-85df-172f91bbb320,9,8,1,17,1,1769924455,2026-02-01 00:41:28
1839334257267825432,2,1,1,9,1,1769924455,2026-02-01 00:41:28
66dddc98-0aca-11e7-82f6-3863bb44ef7c,0,0,0,1,0,1769849333,2026-02-01 00:41:28
66dd8043-0aca-11e7-82f6-3863bb44ef7c,0,0,0,11,0,1769868697,2026-02-01 00:41:28
66dddae7-0aca-11e7-82f6-3863bb44ef7c,7,0,7,7,1,1769924350,2026-02-01 00:41:28
ded4386f-9f69-43c6-a566-4511920c3e39,0,0,0,0,0,1769924371,2026-02-01 00:41:28
a59f4f11-5d52-43a2-8a32-ae71137a6af8,0,0,0,5,0,1769905143,2026-02-01 00:41:28
3742e2ab-6cd0-40cf-846a-72cbe637afe1,13,3,10,12,1,1769924414,2026-02-01 00:41:28
66ddde40-0aca-11e7-82f6-3863bb44ef7c,7,1,6,7,1,1769924417,2026-02-01 00:41:28
43318169-d1ae-4a1a-9578-23cfa3fdbac9,3,1,2,14,1,1769924440,2026-02-01 00:41:28
66dd650d-0aca-11e7-82f6-3863bb44ef7c,3,1,2,12,1,1769924440,2026-02-01 00:41:28
c32d6965-4fae-4f1f-a5f2-7f2ef5f439fc,0,0,0,17,1,1769924394,2026-02-01 00:41:28
66dd7cab-0aca-11e7-82f6-3863bb44ef7c,3,2,1,21,1,1769924401,2026-02-01 00:41:28
21c4a77d-b1ae-4262-b143-087fd14a07b8,7,0,7,7,1,1769924402,2026-02-01 00:41:28
0bb12c94-efdb-40ac-98fe-9521ba373b57,1,0,1,28,1,1769924410,2026-02-01 00:41:28
915057d4-edbc-4c73-8d81-dda33d600d58,5,0,5,10,1,1769924443,2026-02-01 00:41:28
e2c00264-9eea-446d-a1b7-27cef3aed403,1,1,0,10,1,1769924363,2026-02-01 00:41:28
66ddded0-0aca-11e7-82f6-3863bb44ef7c,5,2,3,5,1,1769924379,2026-02-01 00:41:28
66dd83fc-0aca-11e7-82f6-3863bb44ef7c,10,0,10,9,1,1769924377,2026-02-01 00:41:28
66dd836d-0aca-11e7-82f6-3863bb44ef7c,4,4,0,15,1,1769924420,2026-02-01 00:41:28
2036428272250118978,14,8,6,5,1,1769924425,2026-02-01 00:41:28
66dd9183-0aca-11e7-82f6-3863bb44ef7c,3,1,2,9,1,1769924434,2026-02-01 00:41:28
2108372790290481846,2,1,1,11,1,1769924413,2026-02-01 00:41:28
f841ae52-0bbb-49db-b6eb-f898fbce6108,6,4,2,11,1,1769924460,2026-02-01 00:41:28
823c0615-2832-4e76-85f0-7cf527151aba,0,0,0,0,0,86400,2026-02-01 00:41:28
5f798c51-5d8b-4add-9f81-341f54a82ffa,3,2,1,14,1,1769924342,2026-02-01 00:41:28
66dd7f10-0aca-11e7-82f6-3863bb44ef7c,24,23,1,1,1,1769924344,2026-02-01 00:41:28
66dd630c-0aca-11e7-82f6-3863bb44ef7c,12,8,4,4,1,1769924354,2026-02-01 00:41:28
655b0878-c22b-4f8c-8675-21bf30d1eebf,11,3,8,1,1,1769924351,2026-02-01 00:41:28
1ec24ce3-2b69-4f3a-a153-c73e583d11f3,1,1,0,15,1,1769924360,2026-02-01 00:41:28
2058728861810389252,5,1,4,15,1,1769924359,2026-02-01 00:41:28
2116635868495600156,4,3,1,6,1,1769924362,2026-02-01 00:41:28
66dd63de-0aca-11e7-82f6-3863bb44ef7c,8,5,3,8,1,1769924373,2026-02-01 00:41:28
ccfa1f8f-f930-45f2-9cda-375c01596ca2,1,1,0,17,1,1769924375,2026-02-01 00:41:28
8ae0bf30-9979-461e-a947-2dd89f293b40,6,0,6,4,1,1769924381,2026-02-01 00:41:28
dd8b2f53-8b94-4082-9576-994a4962f9d5,0,0,0,17,1,1769924406,2026-02-01 00:41:28
2290031f-e7d8-40a3-9ad6-566df493bbbc,28,4,24,11,1,1769924417,2026-02-01 00:41:28
fadf00cf-d84a-49e8-9607-c67154915412,0,0,0,9,0,1769467520,2026-02-01 00:41:28
66dd5f99-0aca-11e7-82f6-3863bb44ef7c,14,2,12,4,1,1769924421,2026-02-01 00:41:28
2108373096850688302,0,0,0,13,1,1769924435,2026-02-01 00:41:28
2108372139456801688,9,6,3,6,1,1769924444,2026-02-01 00:41:28
2116635185595800086,3,1,2,8,1,1769924313,2026-02-01 00:41:28
66ddd78e-0aca-11e7-82f6-3863bb44ef7c,7,0,7,3,1,1769924440,2026-02-01 00:41:28
2157737368545384190,0,0,0,15,1,1769924151,2026-02-01 00:41:28
66dd58f2-0aca-11e7-82f6-3863bb44ef7c,0,0,0,1,0,1769894980,2026-02-01 00:41:28
2116635417524034072,1,0,1,11,1,1769924431,2026-02-01 00:41:28
1849747691035224144,11,4,7,1,1,1769924448,2026-02-01 00:41:28
22cd02a2-228f-4eeb-b249-cbea51a0e219,8,1,7,9,1,1769924455,2026-02-01 00:41:28
33a797e8-6be2-4868-b9f6-1be157eaa0a5,2,1,1,17,1,1769924457,2026-02-01 00:41:28
2116885281736356212,4,0,4,8,1,1769924266,2026-02-01 00:41:28
2157736614125310040,6,5,1,7,1,1769924380,2026-02-01 00:41:28
4aecd6f2-8a84-4bed-a528-dc6870877292,1,1,0,13,1,1769924400,2026-02-01 00:41:28
66dd6441-0aca-11e7-82f6-3863bb44ef7c,3,1,2,8,1,1769924400,2026-02-01 00:41:28
1844599666569400604,13,7,6,7,1,1769924391,2026-02-01 00:41:28
2108373197827738014,8,2,6,11,1,1769924449,2026-02-01 00:41:28
66dddf5f-0aca-11e7-82f6-3863bb44ef7c,5,5,0,6,1,1769924454,2026-02-01 00:41:28
66dd7b37-0aca-11e7-82f6-3863bb44ef7c,10,1,9,15,1,1769924408,2026-02-01 00:41:28
66dd8b48-0aca-11e7-82f6-3863bb44ef7c,1,1,0,15,1,1769924420,2026-02-01 00:41:28
2158919319277979600,3,2,1,9,1,1769924427,2026-02-01 00:41:28
66dd7fe2-0aca-11e7-82f6-3863bb44ef7c,14,3,11,5,1,1769924428,2026-02-01 00:41:28
2108372029596633484,5,0,5,6,1,1769924427,2026-02-01 00:41:28
66dd80ac-0aca-11e7-82f6-3863bb44ef7c,5,2,3,14,1,1769924443,2026-02-01 00:41:28
3371df76-39db-43ab-b3d6-fac0be55311f,2,0,2,11,1,1769924447,2026-02-01 00:41:28
2165507807810224012,2,2,0,14,1,1769924447,2026-02-01 00:41:28
66ddd81a-0aca-11e7-82f6-3863bb44ef7c,2,1,1,8,1,1769924455,2026-02-01 00:41:28
66dd6000-0aca-11e7-82f6-3863bb44ef7c,12,0,12,5,1,1769924455,2026-02-01 00:41:28
2116635527663355916,0,0,0,12,1,1769924424,2026-02-01 00:41:28
581211b2-4e42-48f2-8a8f-5f968cb1c5df,2,1,1,22,1,1769924357,2026-02-01 00:41:28
2116634708854430228,10,2,8,4,1,1769924390,2026-02-01 00:41:28
b6a13f2b-deb4-4f4d-9d67-7d23bee27c88,5,4,1,8,1,1769924391,2026-02-01 00:41:28
2108373961268485100,4,0,4,10,1,1769924431,2026-02-01 00:41:28
66dddd28-0aca-11e7-82f6-3863bb44ef7c,8,4,4,3,1,1769924431,2026-02-01 00:41:28
2116636221383887448,15,0,15,3,1,1769924439,2026-02-01 00:41:28
bd6f422b-d7ae-4d7e-9261-653fdd8e6888,23,9,14,3,1,1769924417,2026-02-01 00:41:28
9d344652-976b-4c2d-bede-2ef19b0fbf13,6,4,2,11,1,1769924419,2026-02-01 00:41:28
5aa81a37-ea1d-4bf6-ab40-4751c6b4fb08,8,3,5,8,1,1769924421,2026-02-01 00:41:28
2088688422524183306,17,5,12,15,1,1769924341,2026-02-01 00:41:28
2108372356498784942,7,0,7,7,1,1769924336,2026-02-01 00:41:28
66dd5f24-0aca-11e7-82f6-3863bb44ef7c,11,0,11,8,1,1769924410,2026-02-01 00:41:28
66dd5a42-0aca-11e7-82f6-3863bb44ef7c,17,10,7,3,1,1769924414,2026-02-01 00:41:28
519824e4-69ba-4270-a395-17c204f328f8,7,4,3,12,1,1769924409,2026-02-01 00:41:28
46813ecf-8df4-4c8f-9579-0179e0b36ba6,3,1,2,12,1,1769924410,2026-02-01 00:41:28
cbc48689-7805-49dd-9669-5471f4b7b6fb,8,1,7,13,1,1769924350,2026-02-01 00:41:28
66ddddb4-0aca-11e7-82f6-3863bb44ef7c,10,2,8,4,1,1769924344,2026-02-01 00:41:28
5faf99b8-9046-450f-9d2a-d13279b3d016,19,14,5,10,1,1769924397,2026-02-01 00:41:28
66dddc08-0aca-11e7-82f6-3863bb44ef7c,10,2,8,2,1,1769924452,2026-02-01 00:41:28
66ddd93e-0aca-11e7-82f6-3863bb44ef7c,4,0,4,10,1,1769924455,2026-02-01 00:41:28
2108372903577159978,6,4,2,8,1,1769924456,2026-02-01 00:41:28
66ddd8a8-0aca-11e7-82f6-3863bb44ef7c,3,1,2,9,1,1769924456,2026-02-01 00:41:28
41495491-5d89-4e14-aab9-c3db04aad399,0,0,0,0,0,86400,2026-02-01 01:37:46
1905837242740508940,0,0,0,0,0,86400,2026-02-01 01:37:46
b9720921-8170-43ea-a5ae-b61b9161eb49,0,0,0,0,0,86400,2026-02-01 01:37:46
2171903488884523500,0,0,0,0,0,86400,2026-02-01 01:37:46
2171903608969565866,0,0,0,0,0,86400,2026-02-01 01:37:46
2171904223419888148,0,0,0,0,0,86400,2026-02-01 01:37:46
2177014969129222184,0,0,0,0,0,86400,2026-02-01 01:37:46
2177016530523622712,0,0,0,0,0,86400,2026-02-01 01:37:46
2177016940364559212,0,0,0,0,0,86400,2026-02-01 01:37:46
493e046c-5d62-4772-90c4-b6a9f4afcd39,0,0,0,9,0,1769903695,2026-02-01 01:37:46
1862002854876824190,0,0,0,13,0,1769819115,2026-02-01 01:37:46
29ced315-14b5-4edc-bef2-665316dfe3dd,0,0,0,2,0,1769924955,2026-02-01 01:37:46
2124036994734951288,5,0,5,2,1,1769927593,2026-02-01 01:37:46
66db3687-0aca-11e7-82f6-3863bb44ef7c,0,0,0,16,0,1769924869,2026-02-01 01:37:46
66dd01c5-0aca-11e7-82f6-3863bb44ef7c,0,0,0,4,0,1769830566,2026-02-01 01:37:46
7d5fa1f0-4069-4d5d-b735-5d500597394a,36,27,9,2,1,1769927636,2026-02-01 01:37:46
66dbec40-0aca-11e7-82f6-3863bb44ef7c,3,2,1,48,1,1769927637,2026-02-01 01:37:46
66dc81ce-0aca-11e7-82f6-3863bb44ef7c,0,0,0,60,0,1769878408,2026-02-01 01:37:46
ec42fb3a-af54-46aa-a8b3-b17d72ed4475,0,0,0,4,0,1769794561,2026-02-01 01:37:46
0dd71c6d-11ee-4ad4-ba99-36b9ad36112c,11,6,5,5,1,1769927638,2026-02-01 01:37:46
1834145589124844432,0,0,0,18,1,1769927643,2026-02-01 01:37:46
0bd9bd58-42e6-4680-9d19-83943372221f,1,1,0,12,1,1769927644,2026-02-01 01:37:46
bacfe3c2-7946-45ed-91f9-f5b91791de75,5,2,3,24,1,1769927644,2026-02-01 01:37:46
5526b855-dc09-4159-a20a-99651861a481,10,5,5,3,1,1769927641,2026-02-01 01:37:46
66dc0f8a-0aca-11e7-82f6-3863bb44ef7c,28,1,27,20,1,1769927641,2026-02-01 01:37:46
26b3a82b-3487-44c2-85f1-eddb5a8a3a9d,13,0,13,3,1,1769927643,2026-02-01 01:37:46
06439006-11b6-44f0-8545-c9d39035f32a,47,41,6,15,1,1769927640,2026-02-01 01:37:46
1795146692060860976,12,0,12,5,1,1769927649,2026-02-01 01:37:46
1814548067447122618,15,7,8,5,1,1769927649,2026-02-01 01:37:46
8caf71df-76c3-43fb-be98-d555d2291460,5,4,1,13,1,1769927650,2026-02-01 01:37:46
66de5005-0aca-11e7-82f6-3863bb44ef7c,9,0,9,13,1,1769927649,2026-02-01 01:37:46
4e9a1c3a-20e2-4fd5-b8de-fbf8d43e7bcc,10,0,10,7,1,1769927649,2026-02-01 01:37:46
66db3053-0aca-11e7-82f6-3863bb44ef7c,30,21,9,25,1,1769927650,2026-02-01 01:37:46
1814907423052790164,14,0,14,5,1,1769927647,2026-02-01 01:37:46
816e50eb-dc4b-47dc-b773-154e2020cb0d,2,0,2,17,1,1769927647,2026-02-01 01:37:46
7a6fc75f-a605-4dd6-b567-b2bbbfb862f3,0,0,0,0,0,1769747711,2026-02-01 01:37:46
1dacb0f6-29f5-4d1b-b910-92ffa5b4ca5d,0,0,0,34,1,1769927648,2026-02-01 01:37:46
1848241684520917882,8,3,5,1,1,1769927648,2026-02-01 01:37:46
81bec993-29a5-4e70-8f60-eecdf16c7be4,9,4,5,12,1,1769927650,2026-02-01 01:37:46
fbaffdbd-dab5-4127-9bd5-36bf58093ea8,10,7,3,11,1,1769927650,2026-02-01 01:37:46
9635affa-8b18-42d5-84c4-7f67ad5ef9d0,6,2,4,11,1,1769927650,2026-02-01 01:37:46
66de73fd-0aca-11e7-82f6-3863bb44ef7c,4,3,1,19,1,1769927650,2026-02-01 01:37:46
c4e9905f-457b-4be0-a878-2aa53fa0b09b,16,1,15,1,1,1769927646,2026-02-01 01:37:46
b79c8433-9dd1-4d68-9156-7f2c2162bafe,3,0,3,22,1,1769927646,2026-02-01 01:37:46
7f4753d7-8d58-48bd-a881-de5bff08b27d,2,0,2,24,1,1769927646,2026-02-01 01:37:46
ef6216aa-d3c8-46bb-8c6b-b62f8ba51b16,5,0,5,13,1,1769927646,2026-02-01 01:37:46
66de6346-0aca-11e7-82f6-3863bb44ef7c,20,4,16,7,1,1769927651,2026-02-01 01:37:46
33840944-aa92-4d91-9de8-d29e5cd0b2d9,7,0,7,21,1,1769927645,2026-02-01 01:37:46
abc1311e-e000-4211-af9e-0cf92242711e,0,0,0,20,1,1769927646,2026-02-01 01:37:46
1d3a8670-09b3-4127-b750-af5311e565f0,8,0,8,9,1,1769927646,2026-02-01 01:37:46
66db4549-0aca-11e7-82f6-3863bb44ef7c,4,4,0,17,1,1769927645,2026-02-01 01:37:46
f34ea09d-32f9-492c-9124-99059bc0b5dd,12,0,12,2,1,1769927652,2026-02-01 01:37:46
c3189056-8eda-4278-891f-e8e15c2d759a,9,0,9,9,1,1769927652,2026-02-01 01:37:46
4568f854-1268-45cf-bac8-82286ef40ae6,13,1,12,6,1,1769927652,2026-02-01 01:37:46
1888015107269225164,5,5,0,13,1,1769927654,2026-02-01 01:37:46
563389a0-d90f-4155-9c50-528459df26aa,11,7,4,12,1,1769927653,2026-02-01 01:37:46
82c85f05-4722-48ae-9f64-0522012eb3c8,3,0,3,17,1,1769927653,2026-02-01 01:37:46
2121032386733337206,10,2,8,1,1,1769927594,2026-02-01 01:37:46
83a5d761-57d0-4cd6-aa2b-7eb350120d99,1,0,1,16,1,1769927654,2026-02-01 01:37:46
66de25bd-0aca-11e7-82f6-3863bb44ef7c,56,0,56,3,1,1769927655,2026-02-01 01:37:46
66dd4ccc-0aca-11e7-82f6-3863bb44ef7c,1,0,1,45,1,1769927655,2026-02-01 01:37:46
f401cd5f-cb41-41f8-a857-4a4dfe778f94,10,3,7,6,1,1769927655,2026-02-01 01:37:46
66db2a71-0aca-11e7-82f6-3863bb44ef7c,30,7,23,3,1,1769927655,2026-02-01 01:37:46
2a66ed0a-5e6d-4893-a1d1-876bb2bac4be,4,1,3,23,1,1769927657,2026-02-01 01:37:46
66dbef15-0aca-11e7-82f6-3863bb44ef7c,11,2,9,37,1,1769927659,2026-02-01 01:37:46
66dd1c7f-0aca-11e7-82f6-3863bb44ef7c,14,3,11,29,1,1769927659,2026-02-01 01:37:46
0f98907a-d4cc-45e0-b174-7d9dfda74106,2,1,1,29,1,1769927659,2026-02-01 01:37:46
ff745407-c087-4c0d-a965-98baf078f292,17,15,2,3,1,1769927662,2026-02-01 01:37:46
1799624430022654108,4,0,4,14,1,1769927662,2026-02-01 01:37:46
7aa86431-bbc5-4d9c-8198-9630c9d32a22,8,1,7,10,1,1769927662,2026-02-01 01:37:46
77e31650-e86a-4b06-b2de-b92df2a7a7f5,24,2,22,2,1,1769927663,2026-02-01 01:37:46
2124037250266884686,8,2,6,1,1,1769927657,2026-02-01 01:37:46
44c23eaa-7ddf-40b3-8373-6f3880c5e1b1,2,0,2,15,1,1769927657,2026-02-01 01:37:46
24509e46-a0de-47e8-ba40-9441da68952a,0,0,0,18,1,1769927657,2026-02-01 01:37:46
66de2b2f-0aca-11e7-82f6-3863bb44ef7c,35,2,32,4,1,1769927663,2026-02-01 01:37:46
ca5cc034-a95d-446e-8314-6691589886b1,8,7,1,3,1,1769927663,2026-02-01 01:37:46
b896d83d-5524-4c9c-a2aa-c1b0edaadc22,0,0,0,18,1,1769927665,2026-02-01 01:37:46
595cf79f-7783-4373-b3d5-775bcf76033b,1,1,0,16,1,1769927666,2026-02-01 01:37:46
1862788202397235246,13,1,12,3,1,1769927666,2026-02-01 01:37:46
1786698974100683436,21,8,13,14,1,1769927664,2026-02-01 01:37:46
1835250442210857240,14,1,13,3,1,1769927665,2026-02-01 01:37:46
66dde76a-0aca-11e7-82f6-3863bb44ef7c,2,0,2,22,1,1769927664,2026-02-01 01:37:46
b4f990dd-36bb-46b3-9eea-4b980bd43c2d,1,1,0,19,1,1769927665,2026-02-01 01:37:46
1835246658344669972,1,1,0,17,1,1769927663,2026-02-01 01:37:46
a45a712c-1e3d-4fee-bef8-adafafd80670,4,1,3,10,1,1769927664,2026-02-01 01:37:46
18eccc71-66be-4e4c-8335-095a9bf0df94,4,3,1,25,1,1769927666,2026-02-01 01:37:46
576abdc1-986e-48b0-bde2-051a13d3ff59,10,5,5,7,1,1769927666,2026-02-01 01:37:46
66dd4c5f-0aca-11e7-82f6-3863bb44ef7c,1,0,1,51,1,1769927666,2026-02-01 01:37:46
66dc7f02-0aca-11e7-82f6-3863bb44ef7c,51,41,10,36,1,1769927672,2026-02-01 01:37:46
66dd45c7-0aca-11e7-82f6-3863bb44ef7c,0,0,0,1,0,1769893798,2026-02-01 01:37:46
44fa161f-eb62-459b-b53e-da83788cfa2a,5,4,1,23,1,1769927672,2026-02-01 01:37:46
754ac5df-f2b5-4636-8c58-ed84ea262bde,1,1,0,19,1,1769927672,2026-02-01 01:37:46
d979131e-0b9f-4aa2-88c5-46d4ff94abc8,2,1,1,7,1,1769927670,2026-02-01 01:37:46
1835246937517543544,10,0,10,7,1,1769927669,2026-02-01 01:37:46
66de677e-0aca-11e7-82f6-3863bb44ef7c,14,3,11,12,1,1769927669,2026-02-01 01:37:46
f5393bc2-36d4-4508-bf51-fa48d121f751,12,4,8,10,1,1769927670,2026-02-01 01:37:46
1986707977001495180,6,0,6,12,1,1769927670,2026-02-01 01:37:46
cd2d9dab-7708-4685-a56f-9412c738de7e,15,0,15,5,1,1769927671,2026-02-01 01:37:46
66dd26f9-0aca-11e7-82f6-3863bb44ef7c,27,10,17,6,1,1769927671,2026-02-01 01:37:46
6476c5fd-611e-436c-9736-e0f43bb7774e,11,1,10,2,1,1769927671,2026-02-01 01:37:46
81a98b0b-cfd6-48b4-90bd-806ebbc264a0,3,1,2,14,1,1769927669,2026-02-01 01:37:46
1840540852548303628,0,0,0,17,1,1769927671,2026-02-01 01:37:46
66dea7b5-0aca-11e7-82f6-3863bb44ef7c,6,4,2,29,1,1769927671,2026-02-01 01:37:46
0687075b-cf2d-4130-a859-fe841aafbd3f,9,1,8,4,1,1769927673,2026-02-01 01:37:46
12279d2b-29f6-4e02-a7f0-244970f7edd5,6,3,3,17,1,1769927668,2026-02-01 01:37:46
2171919049376995084,3,1,2,23,1,1769927669,2026-02-01 01:37:46
1838070843306263244,5,2,3,11,1,1769927669,2026-02-01 01:37:46
66dc17df-0aca-11e7-82f6-3863bb44ef7c,5,1,4,23,1,1769927670,2026-02-01 01:37:46
3134c2d4-b090-4eb8-ab44-6f9622098f72,0,0,0,21,1,1769927674,2026-02-01 01:37:46
cc5f0e68-dd5f-4db1-81c7-04a4d6674fba,13,0,13,2,1,1769927674,2026-02-01 01:37:46
b4a320d6-2611-4940-96ca-17fb297ec826,15,0,15,1,1,1769927674,2026-02-01 01:37:46
a2ef8ed2-6031-4049-b7dc-9838ef39889b,10,0,10,5,1,1769927675,2026-02-01 01:37:46
1786698321265653818,4,1,3,32,1,1769927675,2026-02-01 01:37:46
1862008701134683118,2,0,2,20,1,1769927675,2026-02-01 01:37:46
1869743938848725856,35,30,5,49,1,1769927675,2026-02-01 01:37:46
1828965172312150882,6,0,6,11,1,1769927675,2026-02-01 01:37:46
2100948436010992354,8,7,1,4,1,1769927677,2026-02-01 01:37:46
66dde4ef-0aca-11e7-82f6-3863bb44ef7c,3,0,3,16,1,1769927678,2026-02-01 01:37:46
d470e82e-d109-4e2e-b66a-f5e944cbfe97,12,1,11,2,1,1769927679,2026-02-01 01:37:46
1814901062206225038,7,2,5,9,1,1769927680,2026-02-01 01:37:46
66de43a5-0aca-11e7-82f6-3863bb44ef7c,19,9,10,3,1,1769927680,2026-02-01 01:37:46
66dd056e-0aca-11e7-82f6-3863bb44ef7c,4,2,2,7,1,1769927680,2026-02-01 01:37:46
1831178352265562334,11,2,9,13,1,1769927678,2026-02-01 01:37:46
6cd10426-b4e9-40e1-9b35-61f609190ac0,25,11,14,8,1,1769927679,2026-02-01 01:37:46
1860189650739626488,3,2,1,16,1,1769927684,2026-02-01 01:37:46
1975518133370609774,68,59,9,22,1,1769927684,2026-02-01 01:37:46
525535e3-dde3-47b4-9c2e-0174eaa4f2bb,12,3,9,0,1,1769927684,2026-02-01 01:37:46
ba33c334-e17d-4478-ae3c-9c2f4dbfbb51,0,0,0,15,1,1769927684,2026-02-01 01:37:46
66db6f2e-0aca-11e7-82f6-3863bb44ef7c,21,16,5,17,1,1769927684,2026-02-01 01:37:46
66dc3e89-0aca-11e7-82f6-3863bb44ef7c,6,1,5,56,1,1769927684,2026-02-01 01:37:46
0138452a-b9f4-4aee-80b0-7fae9a122ffe,3,1,2,34,1,1769927681,2026-02-01 01:37:46
9af90faf-0b9b-451b-9cb0-20ff421ca1d9,1,0,1,23,1,1769927681,2026-02-01 01:37:46
62b97c1e-9d06-4c5e-b9c3-d76099e37fe4,1,1,0,20,1,1769927681,2026-02-01 01:37:46
66dcc37f-0aca-11e7-82f6-3863bb44ef7c,3,1,2,13,1,1769927681,2026-02-01 01:37:46
1828965347681089818,15,1,14,2,1,1769927681,2026-02-01 01:37:46
22ab59a8-0af4-4101-9350-a7af88e37c2e,5,0,5,12,1,1769927687,2026-02-01 01:37:46
c638ec67-9ac0-416f-944f-619926144931,64,60,4,42,1,1769927687,2026-02-01 01:37:46
59df3823-0369-4a10-8132-05df34a170af,14,0,14,22,1,1769927684,2026-02-01 01:37:46
1859808514684217788,1,1,0,19,1,1769927685,2026-02-01 01:37:46
66dcc0b2-0aca-11e7-82f6-3863bb44ef7c,0,0,0,22,1,1769927685,2026-02-01 01:37:46
6b60bf55-3da4-439a-bde1-fc80be8623ba,6,5,1,15,1,1769927686,2026-02-01 01:37:46
66dc2995-0aca-11e7-82f6-3863bb44ef7c,12,2,10,33,1,1769927686,2026-02-01 01:37:46
dccaeeb5-c53a-4f48-80e6-05675b71a8c8,13,0,13,14,1,1769927687,2026-02-01 01:37:46
3d68a3fd-91da-49e8-9cd5-69b333863789,12,3,9,4,1,1769927687,2026-02-01 01:37:46
66ddb66e-0aca-11e7-82f6-3863bb44ef7c,4,2,2,20,1,1769927688,2026-02-01 01:37:46
1835618878584115330,10,4,6,13,1,1769927688,2026-02-01 01:37:46
64f0f28c-bedc-42d5-b107-ecdd48fc30cd,13,2,11,76,1,1769927688,2026-02-01 01:37:46
4e747443-d481-4aea-a6d1-cf20204af4ba,13,0,13,5,1,1769927688,2026-02-01 01:37:46
eb217a2c-1dd0-4690-a34e-ecc1a708f883,0,0,0,19,1,1769927690,2026-02-01 01:37:46
1917312704757770810,14,4,10,18,1,1769927690,2026-02-01 01:37:46
66de1fe7-0aca-11e7-82f6-3863bb44ef7c,11,2,9,4,1,1769927688,2026-02-01 01:37:46
66de205d-0aca-11e7-82f6-3863bb44ef7c,3,3,0,14,1,1769927686,2026-02-01 01:37:46
038b7369-9c6e-4eb2-8569-f7461443302f,8,1,7,3,1,1769927689,2026-02-01 01:37:46
66dde630-0aca-11e7-82f6-3863bb44ef7c,0,0,0,7,0,1769692324,2026-02-01 01:37:46
ed279ef2-52ee-4ff2-9a52-edd8137ea034,7,1,5,16,1,1769927723,2026-02-01 01:37:46
1bb1af93-b433-4da7-8054-009c85f7755a,1,0,1,17,1,1769927724,2026-02-01 01:37:46
ebae0b66-e463-4ded-9b7a-43c0aca9b37a,10,1,9,6,1,1769927721,2026-02-01 01:37:46
bcb08532-f0d5-4c0e-ad8a-4ddacc204791,0,0,0,15,1,1769927721,2026-02-01 01:37:46
1851674198082642572,14,0,14,3,1,1769927721,2026-02-01 01:37:46
2124381939991318658,1,0,1,8,1,1769927722,2026-02-01 01:37:46
6fab98b7-b06a-49d8-a4d1-087ffce0ebcf,1,1,0,16,1,1769927721,2026-02-01 01:37:46
1828968883163894358,14,3,11,6,1,1769927722,2026-02-01 01:37:46
66dd5407-0aca-11e7-82f6-3863bb44ef7c,6,0,6,66,1,1769927722,2026-02-01 01:37:46
324e93c8-4f3d-4a5f-becd-00e6f49fe4dd,13,1,12,4,1,1769927722,2026-02-01 01:37:46
66dc3ab9-0aca-11e7-82f6-3863bb44ef7c,25,25,0,28,1,1769927722,2026-02-01 01:37:46
66de63cd-0aca-11e7-82f6-3863bb44ef7c,11,4,7,1,1,1769927722,2026-02-01 01:37:46
655ad2f2-6bcc-4eee-95a9-4f528c0b81cd,5,0,5,8,1,1769927723,2026-02-01 01:37:46
6fb81fda-f0b5-4242-90f9-88d0214feb8d,2,0,2,13,1,1769927724,2026-02-01 01:37:46
66de4bbb-0aca-11e7-82f6-3863bb44ef7c,2,1,1,12,1,1769927724,2026-02-01 01:37:46
59b747c1-fbfb-4a3d-9394-8d06834d7c98,17,8,9,1,1,1769927724,2026-02-01 01:37:46
4efda436-cd19-4ec3-acc7-1a622f723264,0,0,0,16,1,1769927724,2026-02-01 01:37:46
69717638-5c4a-47a7-bccb-3b42c81eb09f,4,0,4,9,1,1769927724,2026-02-01 01:37:46
66dc7ba2-0aca-11e7-82f6-3863bb44ef7c,3,2,1,16,1,1769927725,2026-02-01 01:37:46
1875415144760576328,14,14,0,1,1,1769927726,2026-02-01 01:37:46
807e9f5a-49b6-4b7e-847b-4a60cff330ed,1,0,1,16,1,1769927726,2026-02-01 01:37:46
481624f3-9377-4dfd-a5dd-de05a7fef760,4,1,3,14,1,1769927726,2026-02-01 01:37:46
66dd217d-0aca-11e7-82f6-3863bb44ef7c,5,4,1,17,1,1769927727,2026-02-01 01:37:46
765ee572-6c7a-4ed3-a2d4-f1496ea53996,19,0,19,1,1,1769927726,2026-02-01 01:37:46
ca843847-923a-40b7-80ca-c1c3fff6e818,0,0,0,18,1,1769927727,2026-02-01 01:37:46
1859438049977968878,17,0,17,9,1,1769927727,2026-02-01 01:37:46
1804892772559499512,14,2,12,13,1,1769927727,2026-02-01 01:37:46
1828967979464708718,0,0,0,20,1,1769927727,2026-02-01 01:37:46
5f63411c-91ce-4788-a567-d388cc812a15,7,0,7,21,1,1769927727,2026-02-01 01:37:46
c602146e-d69d-43b6-9e8f-054c4df5377e,14,4,10,3,1,1769927755,2026-02-01 01:37:46
66dd1d9c-0aca-11e7-82f6-3863bb44ef7c,17,7,9,7,1,1769927755,2026-02-01 01:37:46
d73e26de-8534-4b46-a321-3cae295ef9b2,13,3,10,11,1,1769927754,2026-02-01 01:37:46
1860189327773878824,11,0,11,8,1,1769927755,2026-02-01 01:37:46
633fbc4c-7617-47ba-a393-aad7a8d26a3e,11,0,11,4,1,1769927755,2026-02-01 01:37:46
1871698348432996504,11,2,9,6,1,1769927755,2026-02-01 01:37:46
66dba303-0aca-11e7-82f6-3863bb44ef7c,9,2,7,3,1,1769927755,2026-02-01 01:37:46
a2cf5872-bd4c-4311-832e-d62fd779ecc3,8,0,8,9,1,1769927756,2026-02-01 01:37:46
92fc1ad7-0867-4655-b02f-ede65d336b14,2,1,1,14,1,1769927755,2026-02-01 01:37:46
cbf76774-1276-4cf8-9442-f00571f1451c,10,10,0,6,1,1769927756,2026-02-01 01:37:46
66dd515d-0aca-11e7-82f6-3863bb44ef7c,1,1,0,17,1,1769927755,2026-02-01 01:37:46
d18512f9-52c8-4175-92b9-b6258dc30748,1,1,0,19,1,1769927755,2026-02-01 01:37:46
640a9a95-194f-42f5-8d88-1df67129f388,5,0,5,15,1,1769927756,2026-02-01 01:37:46
99614ecb-2329-49fa-a13a-fa1ef2bb32d6,3,0,3,12,1,1769927756,2026-02-01 01:37:46
7f402242-dc1b-4a48-ba21-58c4fa7216b4,9,1,8,1,1,1769927756,2026-02-01 01:37:46
1929504694747056164,4,3,1,21,1,1769927756,2026-02-01 01:37:46
66dc10d1-0aca-11e7-82f6-3863bb44ef7c,15,2,13,23,1,1769927756,2026-02-01 01:37:46
ceb179f3-89c3-4c3e-8a0a-3415406a9463,4,4,0,18,1,1769927756,2026-02-01 01:37:46
55a4dc76-d839-4e06-9bf4-2f343391343c,3,2,1,16,1,1769927756,2026-02-01 01:37:46
66db9c2e-0aca-11e7-82f6-3863bb44ef7c,12,2,10,28,1,1769927757,2026-02-01 01:37:46
66dc8db1-0aca-11e7-82f6-3863bb44ef7c,44,5,39,2,1,1769927757,2026-02-01 01:37:46
66de1516-0aca-11e7-82f6-3863bb44ef7c,16,4,12,15,1,1769927754,2026-02-01 01:37:46
1861678548643203686,0,0,0,25,1,1769927752,2026-02-01 01:37:46
1934749166596673908,32,6,26,9,1,1769927752,2026-02-01 01:37:46
75352ab4-8a31-4926-8b59-048a9e506452,3,2,1,9,1,1769927752,2026-02-01 01:37:46
37a37e5b-f975-4f92-a897-dca8e4670631,0,0,0,15,1,1769927752,2026-02-01 01:37:46
9394fb49-583f-4426-8d2f-a2b0ffb584d2,15,5,10,28,1,1769927753,2026-02-01 01:37:46
1849009654626746672,7,0,7,3,1,1769927750,2026-02-01 01:37:46
1848241791125254746,11,2,9,0,1,1769927750,2026-02-01 01:37:46
90b141b9-c39f-4a26-a32d-08c7d1474d52,0,0,0,16,1,1769927751,2026-02-01 01:37:46
66de0861-0aca-11e7-82f6-3863bb44ef7c,5,5,0,1,1,1769927751,2026-02-01 01:37:46
a3d72b5b-9587-4f33-9722-c01e20a9b358,3,1,2,21,1,1769927751,2026-02-01 01:37:46
b4b5824b-3c23-44b7-92a3-cec6a54583a0,7,0,7,12,1,1769927754,2026-02-01 01:37:46
66dce9b5-0aca-11e7-82f6-3863bb44ef7c,3,0,3,26,1,1769927754,2026-02-01 01:37:46
7938263e-e5b8-4ca7-b8bf-1adbaae5fead,8,0,8,15,1,1769927754,2026-02-01 01:37:46
545a32d3-b74c-4dc2-b82c-a6d185dd4666,0,0,0,17,1,1769927754,2026-02-01 01:37:46
7a1ad7c0-4958-4354-91a1-11bf13348abd,14,3,11,3,1,1769927755,2026-02-01 01:37:46
56b3ca32-104a-4920-a879-a97a820858c4,15,0,15,8,1,1769927754,2026-02-01 01:37:46
eb07bdfc-3a6f-40eb-96d2-0b92ac371619,0,0,0,13,1,1769927755,2026-02-01 01:37:46
66db75cc-0aca-11e7-82f6-3863bb44ef7c,33,16,17,0,1,1769927754,2026-02-01 01:37:46
66de0a78-0aca-11e7-82f6-3863bb44ef7c,14,0,14,3,1,1769927757,2026-02-01 01:37:46
66dd4ec7-0aca-11e7-82f6-3863bb44ef7c,15,10,5,54,1,1769927695,2026-02-01 01:37:46
c606bae0-889c-47c3-8202-9463ef147655,11,0,11,8,1,1769927695,2026-02-01 01:37:46
1864605386632012480,2,1,1,14,1,1769927685,2026-02-01 01:37:46
42c3bb6e-0478-4e4a-af10-151f5f4dffb9,16,2,14,2,1,1769927685,2026-02-01 01:37:46
66de17f7-0aca-11e7-82f6-3863bb44ef7c,7,6,0,28,1,1769927685,2026-02-01 01:37:46
1869753057823626206,10,2,8,14,1,1769927686,2026-02-01 01:37:46
66dc2c78-0aca-11e7-82f6-3863bb44ef7c,1,1,0,79,1,1769927691,2026-02-01 01:37:46
d8778570-f7f2-458d-82f5-9ad39210a501,25,14,10,5,1,1769927691,2026-02-01 01:37:46
1b038e21-e199-4c47-bef0-f4bcdc06b73b,15,15,0,22,1,1769927691,2026-02-01 01:37:46
1840504138040045682,9,2,7,7,1,1769927696,2026-02-01 01:37:46
bbc3c1df-f7db-4f54-8d5c-b8f4269ecb48,13,9,4,0,1,1769927696,2026-02-01 01:37:46
f3140fb8-347b-4dca-96df-eeef2d1bfc50,8,2,5,7,1,1769927696,2026-02-01 01:37:46
f9ed9a6b-097e-48b9-a9d1-79d084dcd2d9,1,0,0,16,1,1769927697,2026-02-01 01:37:46
823ef531-40e6-4397-b973-86bf5b032076,0,0,0,20,1,1769927687,2026-02-01 01:37:46
2c8b263e-952c-4941-a671-ef0ebb062632,15,1,14,2,1,1769927686,2026-02-01 01:37:46
1822663031356509142,12,1,11,5,1,1769927687,2026-02-01 01:37:46
b96507c5-7c90-499d-9c45-58f25d6f636a,0,0,0,17,1,1769927687,2026-02-01 01:37:46
54df610f-0e47-4958-98ca-37bb1b1c4dca,0,0,0,22,1,1769927694,2026-02-01 01:37:46
66dbe571-0aca-11e7-82f6-3863bb44ef7c,37,11,26,9,1,1769927694,2026-02-01 01:37:46
69f84045-48f9-4c6c-90d3-0503e5ed39e9,1,0,1,16,1,1769927693,2026-02-01 01:37:46
f3782e27-c49a-4ee9-b188-0c13cad54688,8,0,8,7,1,1769927692,2026-02-01 01:37:46
e35c42c6-8b73-4528-b08d-c94b75624b40,10,1,9,8,1,1769927693,2026-02-01 01:37:46
66db93a1-0aca-11e7-82f6-3863bb44ef7c,2,1,1,30,1,1769927693,2026-02-01 01:37:46
6d766daf-9298-4059-a329-1818582d495f,11,11,0,2,1,1769927694,2026-02-01 01:37:46
66dde103-0aca-11e7-82f6-3863bb44ef7c,22,18,4,5,1,1769927732,2026-02-01 01:37:46
66dbcd6c-0aca-11e7-82f6-3863bb44ef7c,9,8,1,22,1,1769927732,2026-02-01 01:37:46
f681f980-185d-45b9-8490-bb2606624dd4,1,1,0,16,1,1769927732,2026-02-01 01:37:46
1860188747953293684,7,1,6,7,1,1769927732,2026-02-01 01:37:46
cb05443c-e68e-48f7-8d17-35353fa19d4d,17,6,11,27,1,1769927733,2026-02-01 01:37:46
f62526d4-9c6a-4c76-be76-c64b5be669d2,0,0,0,20,1,1769927734,2026-02-01 01:37:46
d2b23c87-b7c3-48c2-a634-db4b76ecbcf7,0,0,0,17,1,1769927735,2026-02-01 01:37:46
922763d6-d73c-4678-8bcd-f42ee3a236db,8,1,7,11,1,1769927734,2026-02-01 01:37:46
912813fc-fde4-4430-8443-a4fa21477e7f,0,0,0,20,1,1769927733,2026-02-01 01:37:46
1927314940904608224,8,4,4,16,1,1769927733,2026-02-01 01:37:46
b442a648-e9f4-4893-951a-64d258bc0e55,4,0,4,23,1,1769927729,2026-02-01 01:37:46
2124426307973079924,2,0,2,8,1,1769927733,2026-02-01 01:37:46
1815967442754883940,24,0,24,4,1,1769927733,2026-02-01 01:37:46
66dc80b4-0aca-11e7-82f6-3863bb44ef7c,6,1,5,47,1,1769927734,2026-02-01 01:37:46
2546c9b9-5b1a-4e9f-a9cc-f8b986b79748,10,3,7,9,1,1769927734,2026-02-01 01:37:46
09dfc0e3-a448-477c-bb3c-9467dc51ef8d,43,31,12,15,1,1769927734,2026-02-01 01:37:46
6542d952-ca19-410e-9290-ee6b7a6e14cf,1,0,0,20,1,1769927737,2026-02-01 01:37:46
66dcbac5-0aca-11e7-82f6-3863bb44ef7c,9,0,9,9,1,1769927737,2026-02-01 01:37:46
66dc1687-0aca-11e7-82f6-3863bb44ef7c,5,2,3,2,1,1769927735,2026-02-01 01:37:46
d80c274e-d17d-4a00-9b76-274c9fe4d0e1,0,0,0,29,1,1769927735,2026-02-01 01:37:46
66dbee85-0aca-11e7-82f6-3863bb44ef7c,4,0,4,68,1,1769927735,2026-02-01 01:37:46
1828966626550010820,9,0,9,1,1,1769927736,2026-02-01 01:37:46
1846085734612252774,3,0,3,18,1,1769927735,2026-02-01 01:37:46
2138075988152462096,10,0,10,3,1,1769927732,2026-02-01 01:37:46
1d32e684-602b-46b6-8c96-ab47b57a03f3,5,4,1,18,1,1769927733,2026-02-01 01:37:46
66dc6a86-0aca-11e7-82f6-3863bb44ef7c,13,1,12,61,1,1769927736,2026-02-01 01:37:46
66de4959-0aca-11e7-82f6-3863bb44ef7c,3,1,2,14,1,1769927736,2026-02-01 01:37:46
ad57266c-34da-43da-8b48-2ba856002fbf,5,1,4,21,1,1769927736,2026-02-01 01:37:46
1814906692908349788,10,0,10,10,1,1769927711,2026-02-01 01:37:46
29a41b09-698f-43e2-82ff-f94f73e74841,13,1,12,2,1,1769927711,2026-02-01 01:37:46
66dd3d7f-0aca-11e7-82f6-3863bb44ef7c,2,1,1,30,1,1769927712,2026-02-01 01:37:46
901ad0c4-383e-490a-8b54-0656ce2358d6,0,0,0,6,0,1769906302,2026-02-01 01:37:46
e85c3165-ad0a-44a3-9683-d8cf7575f465,13,1,12,13,1,1769927712,2026-02-01 01:37:46
1817432434869846072,11,1,10,7,1,1769927712,2026-02-01 01:37:46
c3062f44-c5b9-4650-a4ec-cc66cbf5b944,0,0,0,16,1,1769927710,2026-02-01 01:37:46
66dbe68e-0aca-11e7-82f6-3863bb44ef7c,39,28,11,6,1,1769927710,2026-02-01 01:37:46
1846085439406916338,2,0,2,20,1,1769927710,2026-02-01 01:37:46
d040a7b3-85b5-4c0d-9c92-3f4ad0082143,1,0,1,26,1,1769927713,2026-02-01 01:37:46
ca7ec509-cefc-4ac6-b729-08999d191051,14,2,12,2,1,1769927713,2026-02-01 01:37:46
26cae473-0e59-4af7-bad5-bb6fec85c8bc,7,4,3,12,1,1769927713,2026-02-01 01:37:46
1876800925490112950,3,1,2,10,1,1769927714,2026-02-01 01:37:46
32cc1603-a4b5-4099-b7bf-681de451b04a,6,1,5,34,1,1769927712,2026-02-01 01:37:46
1786697771181570266,29,0,29,3,1,1769927713,2026-02-01 01:37:46
98ebf9c6-1d94-4e21-9007-c623875fdb5e,0,0,0,5,0,1769818090,2026-02-01 01:37:46
1f088432-0460-421e-a1d9-36890fa5396d,6,3,3,7,1,1769927713,2026-02-01 01:37:46
4f814d78-5d8d-458b-877e-2ca449b865be,0,0,0,20,1,1769927709,2026-02-01 01:37:46
3a89411a-0bc6-4ba3-bc56-fab950c8eba1,21,4,17,0,1,1769927715,2026-02-01 01:37:46
1859088223746072684,13,0,13,1,1,1769927714,2026-02-01 01:37:46
1851254468343716806,13,1,12,1,1,1769927714,2026-02-01 01:37:46
fda18503-7488-4b91-b74c-949a90401e83,5,0,5,13,1,1769927715,2026-02-01 01:37:46
2124035976827702128,0,0,0,12,1,1769927715,2026-02-01 01:37:46
023cf549-bd85-4f9a-abd8-70ba29d7e86b,6,0,6,11,1,1769927715,2026-02-01 01:37:46
d11b9869-8964-4b79-aafc-4b60ad1b44c4,0,0,0,15,1,1769927715,2026-02-01 01:37:46
837b7db3-55c6-4595-a497-834972631752,2,1,1,13,1,1769927715,2026-02-01 01:37:46
66db277a-0aca-11e7-82f6-3863bb44ef7c,13,1,12,7,1,1769927715,2026-02-01 01:37:46
1960019951675478680,5,2,3,17,1,1769927688,2026-02-01 01:37:46
00967b8f-1a4d-4131-a65a-17fa8ca89e28,1,1,0,15,1,1769927688,2026-02-01 01:37:46
66de12ff-0aca-11e7-82f6-3863bb44ef7c,7,2,5,4,1,1769927689,2026-02-01 01:37:46
2637fed8-1e2a-460b-83eb-3eb32ace0f4e,8,2,5,31,1,1769927689,2026-02-01 01:37:46
1786700154621508184,7,1,6,18,1,1769927689,2026-02-01 01:37:46
d265dbc7-ef55-4f5b-8a2b-f2015dc71fb8,9,0,9,10,1,1769927689,2026-02-01 01:37:46
faf98f78-51ab-4248-b7e7-f402902385a6,2,1,1,16,1,1769927701,2026-02-01 01:37:46
1817822909864556798,4,0,4,15,1,1769927702,2026-02-01 01:37:46
66dd4d70-0aca-11e7-82f6-3863bb44ef7c,5,3,2,26,1,1769927699,2026-02-01 01:37:46
16e70b05-5b73-4930-9dcf-f79e5ce9eaf5,18,1,17,4,1,1769927699,2026-02-01 01:37:46
66de13dc-0aca-11e7-82f6-3863bb44ef7c,0,0,0,0,0,1769927699,2026-02-01 01:37:46
1854538962214948918,12,1,11,0,1,1769927699,2026-02-01 01:37:46
7dda8844-60ba-4449-b05c-54c1d14ab5fb,47,38,9,4,1,1769927699,2026-02-01 01:37:46
3eb10c63-ea4c-4161-b07d-a29034f7367a,2,0,2,10,1,1769927699,2026-02-01 01:37:46
1096fc76-794e-4343-8eb0-0dd6c9a48266,3,1,2,13,1,1769927700,2026-02-01 01:37:46
66dde69c-0aca-11e7-82f6-3863bb44ef7c,1,0,1,10,1,1769927698,2026-02-01 01:37:46
c00ef46d-fcde-48e2-afbd-0fb595fe3fa7,19,8,10,2,1,1769927698,2026-02-01 01:37:46
47da6ab2-c841-4f2d-97ef-dd8d441c96b1,0,0,0,17,1,1769927698,2026-02-01 01:37:46
c63a83a0-bda1-40a6-835b-f82c363543b9,0,0,0,19,1,1769927699,2026-02-01 01:37:46
1826348248869574940,7,0,7,20,1,1769927699,2026-02-01 01:37:46
053312f2-e77e-4674-b28b-ad357fbcb4ee,15,9,6,37,1,1769927700,2026-02-01 01:37:46
66dc0dab-0aca-11e7-82f6-3863bb44ef7c,5,3,2,103,1,1769927700,2026-02-01 01:37:46
498d7e8e-5164-4f26-9ce6-399947d73b1a,10,4,6,1,1,1769927700,2026-02-01 01:37:46
2124036103510616644,2,1,1,8,1,1769927654,2026-02-01 01:37:46
66db6963-0aca-11e7-82f6-3863bb44ef7c,52,12,40,16,1,1769927702,2026-02-01 01:37:46
ffae66ec-7c16-436f-bd0a-eedf81d580e7,4,0,4,12,1,1769927703,2026-02-01 01:37:46
66dbcbbc-0aca-11e7-82f6-3863bb44ef7c,39,6,33,25,1,1769927701,2026-02-01 01:37:46
2ebbe93b-a013-464a-b4a5-0eba96f89676,5,4,1,13,1,1769927701,2026-02-01 01:37:46
d89dc10f-9be3-45a5-9c3c-06c04c963436,13,0,13,2,1,1769927701,2026-02-01 01:37:46
bfe5e69d-89ff-48b3-bf20-80cbdfa443e0,7,5,2,39,1,1769927701,2026-02-01 01:37:46
581bc4fe-cf14-4767-8377-6fa156ff8a29,3,0,3,16,1,1769927701,2026-02-01 01:37:46
0ddb965d-95ef-4ce3-bde6-81a56ac1fbd2,0,0,0,29,1,1769927698,2026-02-01 01:37:46
d45b62b9-7d6b-43b2-bf1e-2c898c55dfd2,2,0,2,11,1,1769927698,2026-02-01 01:37:46
61f2ffd4-159a-42b3-a4d9-3fdfc3349074,1,0,1,19,1,1769927698,2026-02-01 01:37:46
8aad788d-c7eb-4fca-a426-c39f47741a6f,14,3,11,3,1,1769927730,2026-02-01 01:37:46
180b83a0-329c-4069-87be-df862cb1baed,9,5,4,1,1,1769927730,2026-02-01 01:37:46
499e10ad-c008-461e-8cf7-20757218a9cc,1,0,1,19,1,1769927730,2026-02-01 01:37:46
18a2cbb6-91f2-4393-82fb-b40a8ba90f20,2,1,1,17,1,1769927731,2026-02-01 01:37:46
66de2707-0aca-11e7-82f6-3863bb44ef7c,2,1,1,38,1,1769927729,2026-02-01 01:37:46
ff9581d3-3e1a-463a-bdab-d8150c468be2,3,1,2,29,1,1769927728,2026-02-01 01:37:46
d5cabb43-6c78-4022-964e-a8b02470509e,11,0,11,8,1,1769927731,2026-02-01 01:37:46
1871698223344654662,4,2,2,17,1,1769927731,2026-02-01 01:37:46
1846086362824884662,14,1,13,0,1,1769927728,2026-02-01 01:37:46
53ef19c6-eaa7-47f7-807e-f51b574b1be0,9,0,9,8,1,1769927728,2026-02-01 01:37:46
66dd24ca-0aca-11e7-82f6-3863bb44ef7c,25,14,11,18,1,1769927728,2026-02-01 01:37:46
66de19ab-0aca-11e7-82f6-3863bb44ef7c,1,0,1,29,1,1769927731,2026-02-01 01:37:46
b0bac4ef-bb57-4598-a433-75c281170d5b,7,2,5,16,1,1769927732,2026-02-01 01:37:46
66de2274-0aca-11e7-82f6-3863bb44ef7c,6,2,4,9,1,1769927729,2026-02-01 01:37:46
66dcc8b3-0aca-11e7-82f6-3863bb44ef7c,4,1,3,13,1,1769927704,2026-02-01 01:37:46
4c03fa2d-89da-4f0b-8f19-c7de5edbe256,14,0,14,6,1,1769927704,2026-02-01 01:37:46
8d650b03-920d-4d44-a48f-8d9a1a0ba264,13,3,10,4,1,1769927705,2026-02-01 01:37:46
0f45bcf6-7028-4584-a51e-4129847dbebc,31,10,21,3,1,1769927705,2026-02-01 01:37:46
bc9c9006-3d40-400d-8b5c-17f56e6dfcee,0,0,0,25,1,1769927705,2026-02-01 01:37:46
457ea5d7-d643-4028-87db-46dee0b81555,7,6,1,17,1,1769927705,2026-02-01 01:37:46
1814907590556515014,15,4,11,2,1,1769927691,2026-02-01 01:37:46
66880044-5411-4143-af39-eaa0a0fd0528,10,2,8,13,1,1769927691,2026-02-01 01:37:46
66ddec3e-0aca-11e7-82f6-3863bb44ef7c,1,1,0,12,1,1769927691,2026-02-01 01:37:46
7779e057-b33e-46a7-8a1e-8c28bcd9a558,10,0,10,10,1,1769927692,2026-02-01 01:37:46
528ed1e0-75aa-45be-8afe-c3f1c950782f,3,0,3,13,1,1769927692,2026-02-01 01:37:46
162d5859-b735-4ff7-9613-01b21f22c1cd,17,0,17,13,1,1769927692,2026-02-01 01:37:46
66de1ea2-0aca-11e7-82f6-3863bb44ef7c,6,4,2,9,1,1769927689,2026-02-01 01:37:46
66de71af-0aca-11e7-82f6-3863bb44ef7c,21,0,21,8,1,1769927689,2026-02-01 01:37:46
66dd9fa6-0aca-11e7-82f6-3863bb44ef7c,9,7,2,42,1,1769927689,2026-02-01 01:37:46
3db799ba-b574-4e5f-95e5-c767bec2acb6,8,2,6,19,1,1769927690,2026-02-01 01:37:46
e9575102-1081-4c30-8d15-ea95913579e2,0,0,0,16,1,1769927690,2026-02-01 01:37:46
1f8f6714-42a7-45d5-86cd-a093c940b2c9,1,1,0,21,1,1769927690,2026-02-01 01:37:46
6969d756-33a6-4a0b-83d0-3db38bc382d1,18,0,18,4,1,1769927690,2026-02-01 01:37:46
84a7baff-415b-4ab9-a859-74c2801483ce,7,1,6,8,1,1769927697,2026-02-01 01:37:46
1898751402035634700,12,3,9,7,1,1769927697,2026-02-01 01:37:46
dad39e68-53f5-47c2-87e2-b1cc0e34f90f,5,1,4,13,1,1769927697,2026-02-01 01:37:46
66de0d91-0aca-11e7-82f6-3863bb44ef7c,25,1,24,1,1,1769927697,2026-02-01 01:37:46
6fd61eee-d0ef-4580-9704-bd06b82bcb61,0,0,0,31,0,1769912304,2026-02-01 01:37:46
18415ea7-efce-408d-bcb9-4693fb088dda,18,11,7,2,1,1769927697,2026-02-01 01:37:46
549b5bc4-b949-4eeb-8ffb-2215e1e49892,27,5,22,17,1,1769927707,2026-02-01 01:37:46
20ff5447-eac3-43b7-820f-f6fa3a2e12a8,15,1,14,6,1,1769927707,2026-02-01 01:37:46
96e72113-3681-4d19-88bb-032e76720093,0,0,0,6,0,1769920362,2026-02-01 01:37:46
1950648049868542106,6,1,5,15,1,1769927707,2026-02-01 01:37:46
63a838a8-9acf-4ba1-91f5-c676f6ef2f7d,13,2,11,5,1,1769927707,2026-02-01 01:37:46
cb9840a3-4ae2-420d-865c-9ac45e2f5485,11,5,6,4,1,1769927706,2026-02-01 01:37:46
1849010133527040242,4,0,4,11,1,1769927707,2026-02-01 01:37:46
2137775326353803668,9,1,8,3,1,1769927650,2026-02-01 01:37:46
c2d549f8-f54c-4a0d-9ecd-6e6f79118279,6,0,6,14,1,1769927703,2026-02-01 01:37:46
cf1a96a7-f695-4ba2-bcf2-899552e21e47,5,1,4,9,1,1769927704,2026-02-01 01:37:46
66dc7773-0aca-11e7-82f6-3863bb44ef7c,23,5,18,18,1,1769927703,2026-02-01 01:37:46
66de2199-0aca-11e7-82f6-3863bb44ef7c,10,2,8,15,1,1769927703,2026-02-01 01:37:46
b371c432-b682-412f-9b85-8df84ce7a9f3,7,0,7,11,1,1769927707,2026-02-01 01:37:46
66dc8a3d-0aca-11e7-82f6-3863bb44ef7c,11,2,9,52,1,1769927749,2026-02-01 01:37:46
2124037125711300644,8,5,3,5,1,1769927750,2026-02-01 01:37:46
66db41bf-0aca-11e7-82f6-3863bb44ef7c,23,5,18,1,1,1769927749,2026-02-01 01:37:46
b35ba3c0-d3e8-4b1a-b63b-73a7bb518c9e,3,0,3,12,1,1769927750,2026-02-01 01:37:46
f8c242cd-da59-4f0e-afd6-832bbdd7d328,11,2,9,2,1,1769927750,2026-02-01 01:37:46
66dd46a2-0aca-11e7-82f6-3863bb44ef7c,27,14,13,11,1,1769927749,2026-02-01 01:37:46
c71cca54-17f6-42bc-ba94-3f5bd9c70197,32,0,32,2,1,1769927750,2026-02-01 01:37:46
66dced76-0aca-11e7-82f6-3863bb44ef7c,3,0,3,15,1,1769927750,2026-02-01 01:37:46
b713367c-3572-4225-b74a-9319ab537838,1,0,1,17,1,1769927750,2026-02-01 01:37:46
74723006-b32f-4590-8cc7-f15eec3808fe,3,1,2,26,1,1769927747,2026-02-01 01:37:46
1960020234227886806,4,2,2,37,1,1769927748,2026-02-01 01:37:46
191d5d54-de64-4312-99c7-eee141efa4ef,0,0,0,20,1,1769927748,2026-02-01 01:37:46
66dc686c-0aca-11e7-82f6-3863bb44ef7c,50,34,16,19,1,1769927748,2026-02-01 01:37:46
bc5235a5-7f10-4a27-806e-9c25fa700959,16,4,12,15,1,1769927748,2026-02-01 01:37:46
c8c39d85-4ce7-46c5-b709-998067200780,0,0,0,23,1,1769927748,2026-02-01 01:37:46
0de1f95f-8b1b-4e5e-9eff-73c63265b0ab,14,7,7,12,1,1769927748,2026-02-01 01:37:46
8a89684b-40a5-49fe-b75d-fdf32ffa8102,12,1,11,0,1,1769927745,2026-02-01 01:37:46
493850bd-125b-49f5-932b-bf999504fb06,2,1,1,14,1,1769927745,2026-02-01 01:37:46
c80c55c4-d623-42d7-8acf-6bfa68a84ecb,3,0,3,12,1,1769927745,2026-02-01 01:37:46
1854538387432581604,13,1,12,3,1,1769927745,2026-02-01 01:37:46
66dd2060-0aca-11e7-82f6-3863bb44ef7c,6,1,5,39,1,1769927746,2026-02-01 01:37:46
645e4365-653f-48ce-bc15-5fcc287be56f,6,0,6,58,1,1769927746,2026-02-01 01:37:46
66dc1d80-0aca-11e7-82f6-3863bb44ef7c,4,2,2,23,1,1769927748,2026-02-01 01:37:46
f523c481-ba41-44ba-96e1-0c431fbea558,4,3,1,16,1,1769927748,2026-02-01 01:37:46
372c592e-09d8-400c-9595-2aa3510f39b0,7,0,7,13,1,1769927749,2026-02-01 01:37:46
1869753654337059182,4,1,3,8,1,1769927746,2026-02-01 01:37:46
517409d3-a94a-4140-a6de-ff0de9221ed2,1,0,1,20,1,1769927747,2026-02-01 01:37:46
2126622241630343402,7,5,2,7,1,1769927747,2026-02-01 01:37:46
1794852638057746848,19,0,19,0,1,1769927747,2026-02-01 01:37:46
66ddea99-0aca-11e7-82f6-3863bb44ef7c,0,0,0,14,1,1769927746,2026-02-01 01:37:46
78aabb95-6195-4aa7-ab0d-5748eeb26bd1,13,2,11,13,1,1769927747,2026-02-01 01:37:46
0fde06c2-632c-46a9-8866-f4e855604f74,26,13,13,33,1,1769927708,2026-02-01 01:37:46
66dbe15d-0aca-11e7-82f6-3863bb44ef7c,5,2,3,21,1,1769927708,2026-02-01 01:37:46
62f8f806-bd04-4282-9c5d-ad4293644e3c,6,0,6,12,1,1769927718,2026-02-01 01:37:46
0630217a-3913-47d9-9540-cf85688296a5,0,0,0,16,1,1769927717,2026-02-01 01:37:46
66dce8db-0aca-11e7-82f6-3863bb44ef7c,17,5,12,18,1,1769927719,2026-02-01 01:37:46
f833d403-2cf5-424a-a3b3-0314a44b4a67,16,4,12,16,1,1769927719,2026-02-01 01:37:46
dd482585-3028-453f-a98d-55019db9b26c,32,1,31,1,1,1769927716,2026-02-01 01:37:46
93da4d1b-d574-45b0-85d7-5b82e2887267,15,0,15,4,1,1769927716,2026-02-01 01:37:46
e152a2e1-c510-404e-a100-24246bb6cc95,3,0,3,12,1,1769927716,2026-02-01 01:37:46
66db408f-0aca-11e7-82f6-3863bb44ef7c,14,2,12,11,1,1769927717,2026-02-01 01:37:46
1962547377975794462,6,1,5,17,1,1769927717,2026-02-01 01:37:46
66db76a1-0aca-11e7-82f6-3863bb44ef7c,14,5,9,74,1,1769927717,2026-02-01 01:37:46
2124425439157234232,3,1,2,9,1,1769927716,2026-02-01 01:37:46
66dbe96d-0aca-11e7-82f6-3863bb44ef7c,10,3,7,34,1,1769927716,2026-02-01 01:37:46
475c44e1-31e3-4c60-b071-af2ca3f7618c,5,4,1,11,1,1769927716,2026-02-01 01:37:46
1937777808143497236,1,1,0,24,1,1769927721,2026-02-01 01:37:46
2104286315955915532,1,1,0,61,1,1769927721,2026-02-01 01:37:46
3e1bdcec-e762-4e83-b447-007f05923cce,5,1,4,15,1,1769927720,2026-02-01 01:37:46
66dd1f44-0aca-11e7-82f6-3863bb44ef7c,7,5,2,8,1,1769927721,2026-02-01 01:37:46
66dd17a5-0aca-11e7-82f6-3863bb44ef7c,25,10,15,17,1,1769927721,2026-02-01 01:37:46
66ddeaff-0aca-11e7-82f6-3863bb44ef7c,10,6,4,14,1,1769927717,2026-02-01 01:37:46
66dbc37a-0aca-11e7-82f6-3863bb44ef7c,4,3,1,52,1,1769927718,2026-02-01 01:37:46
c190f78c-77ad-469e-aecc-e2af7bb6d92a,16,0,16,3,1,1769927720,2026-02-01 01:37:46
a4d041fd-c5fa-4f52-800c-25d7a661a875,1,1,0,18,1,1769927740,2026-02-01 01:37:46
943a1a27-1328-4823-8945-28d845280383,15,14,1,4,1,1769927739,2026-02-01 01:37:46
1b00fb53-da32-4b14-9a9a-84a391c8951c,0,0,0,20,1,1769927740,2026-02-01 01:37:46
292ad4f3-9fb0-44ec-9e61-613c711f73c1,2,1,1,13,1,1769927740,2026-02-01 01:37:46
2126224996973581072,5,3,2,0,1,1769927739,2026-02-01 01:37:46
1869753484503987044,0,0,0,19,1,1769927739,2026-02-01 01:37:46
59af018a-2ee9-489a-b445-bb6fba9c1119,2,0,2,11,1,1769927740,2026-02-01 01:37:46
579e583e-60ab-4f2a-83d0-fabebddfcd0f,5,3,2,6,1,1769927740,2026-02-01 01:37:46
c2bb1874-bcb7-47c5-aa7d-05423b9087e8,2,0,2,14,1,1769927741,2026-02-01 01:37:46
e9b3a725-6963-4151-8f7f-9beeb51fa20f,5,1,4,8,1,1769927741,2026-02-01 01:37:46
ab6aadd8-fa45-43aa-abea-c8e01ec5a0c8,20,5,15,0,1,1769927742,2026-02-01 01:37:46
26217b73-7bb5-46e6-8094-1db05becd617,0,0,0,24,1,1769927742,2026-02-01 01:37:46
66dd4a52-0aca-11e7-82f6-3863bb44ef7c,6,3,3,19,1,1769927742,2026-02-01 01:37:46
4d24ab76-2f4a-4004-9fc5-09c00c1d9aa4,25,3,22,3,1,1769927742,2026-02-01 01:37:46
566a6389-5c22-49ca-8c24-4d9eea135170,14,1,13,13,1,1769927742,2026-02-01 01:37:46
6e5a8cab-cf1a-4584-8133-01835b56ad71,5,1,4,18,1,1769927743,2026-02-01 01:37:46
5a24acbb-94ef-4cb5-9db8-f6073ac26a2b,1,1,0,17,1,1769927740,2026-02-01 01:37:46
0b613329-b8c8-4b8c-ad40-79952aa41157,8,3,5,16,1,1769927740,2026-02-01 01:37:46
0fa27bd7-b182-4e7a-b5bb-90f4249cb368,3,0,3,18,1,1769927741,2026-02-01 01:37:46
b4974d89-932c-4a9f-a264-2ea0cf70613e,7,6,1,8,1,1769927741,2026-02-01 01:37:46
1880643645302280466,6,5,1,14,1,1769927742,2026-02-01 01:37:46
5645b05e-85be-460d-8506-cacd20bff233,22,2,20,1,1,1769927737,2026-02-01 01:37:46
66db9e99-0aca-11e7-82f6-3863bb44ef7c,3,2,1,15,1,1769927737,2026-02-01 01:37:46
66dc840f-0aca-11e7-82f6-3863bb44ef7c,11,3,8,44,1,1769927738,2026-02-01 01:37:46
3f05490b-a3d8-4d15-bd25-0212555b5dff,15,1,14,0,1,1769927738,2026-02-01 01:37:46
1862008939006380034,5,0,5,10,1,1769927743,2026-02-01 01:37:46
19b61564-7629-41b4-80c8-1756135a5442,0,0,0,17,1,1769927743,2026-02-01 01:37:46
5145ad1c-241f-4448-a742-739bd5c518c2,2,0,2,12,1,1769927743,2026-02-01 01:37:46
1882824287789509296,5,1,4,34,1,1769927743,2026-02-01 01:37:46
66de85d2-0aca-11e7-82f6-3863bb44ef7c,13,10,3,27,1,1769927739,2026-02-01 01:37:46
19d17911-1e4a-41fa-b62b-719aa0a6182e,21,13,8,15,1,1769927739,2026-02-01 01:37:46
66dc3782-0aca-11e7-82f6-3863bb44ef7c,14,4,9,1,1,1769927739,2026-02-01 01:37:46
c7604869-5b55-40cf-812e-fc97901bdf14,14,3,11,12,1,1769927739,2026-02-01 01:37:46
1815968237323833702,10,2,8,2,1,1769927739,2026-02-01 01:37:46
af72ab76-c6cb-4994-af96-51fa8846ecdc,1,1,0,18,1,1769927744,2026-02-01 01:37:46
068b919c-f649-4091-8e12-ccf37191cad5,0,0,0,18,1,1769927745,2026-02-01 01:37:46
66dd1d0f-0aca-11e7-82f6-3863bb44ef7c,25,6,18,3,1,1769927744,2026-02-01 01:37:46
1838071008881986168,10,0,10,15,1,1769927745,2026-02-01 01:37:46
2126623765785393224,2,0,2,13,1,1769927744,2026-02-01 01:37:46
66dc120f-0aca-11e7-82f6-3863bb44ef7c,13,9,4,52,1,1769927744,2026-02-01 01:37:46
1965202298784063998,6,3,3,21,1,1769927744,2026-02-01 01:37:46
38af3d1a-9916-46cf-b22e-86fc8648bf30,10,0,10,8,1,1769927757,2026-02-01 01:37:46
bf880f45-422c-4e0b-b3b0-2b1f5ba94da4,1,0,1,14,1,1769927757,2026-02-01 01:37:46
2124426077519611940,1,1,0,13,1,1769927757,2026-02-01 01:37:46
66dc292c-0aca-11e7-82f6-3863bb44ef7c,20,13,5,23,1,1769927757,2026-02-01 01:37:46
66dbc420-0aca-11e7-82f6-3863bb44ef7c,7,2,5,40,1,1769927757,2026-02-01 01:37:46
2126623007192357636,7,0,7,1,1,1769927757,2026-02-01 01:37:46
66de0cab-0aca-11e7-82f6-3863bb44ef7c,15,2,13,18,1,1769927758,2026-02-01 01:37:46
66db447a-0aca-11e7-82f6-3863bb44ef7c,42,24,18,0,1,1769927758,2026-02-01 01:37:46
ab5c5ee6-9c4e-4aaa-a14e-d236d3e01d9a,0,0,0,0,0,86400,2026-02-01 01:37:46
a93cb1ec-fb37-4faf-a7e7-d1e5a9e9af95,0,0,0,0,0,86400,2026-02-01 01:37:46
32c60668-a192-4d06-aa7c-6d6f7aed6b45,0,0,0,0,0,86400,2026-02-01 01:37:46
fd0e86e3-079d-40aa-8231-ec2cbdbd9e7f,0,0,0,0,0,86400,2026-02-01 01:37:46
d67375ea-3f93-4996-b0dc-f542341f2e6a,0,0,0,0,0,86400,2026-02-01 01:37:46
2171903733697659376,0,0,0,0,0,86400,2026-02-01 01:37:46
2177015593774932282,0,0,0,0,0,86400,2026-02-01 01:37:46
2177016792070807878,0,0,0,0,0,86400,2026-02-01 01:37:46
d2024260-cc58-451b-9417-3a695f8a1b34,0,0,0,0,0,1767211364,2026-02-01 01:37:46
2171903845366809074,0,0,0,0,0,86400,2026-02-01 01:37:46
2171903221356328154,0,0,0,0,0,86400,2026-02-01 01:37:46
35b8b636-18d3-4860-b0a9-39c0bce96a10,0,0,0,24,0,1769915034,2026-02-01 01:37:46
1864606193814670106,0,0,0,19,0,1769909783,2026-02-01 01:37:46
199ea9dd-8f7e-4e05-a730-55edaacd8787,0,0,0,51,0,1769833360,2026-02-01 01:37:46
be435dfd-e859-487c-ae32-3d2b76d49a49,0,0,0,1,0,1769907816,2026-02-01 01:37:46
7f3aa940-18ef-4900-89dc-cdb05f693f31,0,0,0,15,0,1769898046,2026-02-01 01:37:46
1786697166576476490,0,0,0,4,0,1769808696,2026-02-01 01:37:46
1934770108420609000,1,0,1,14,1,1769927697,2026-02-01 01:37:46
1945125910957847430,8,1,7,4,1,1769927698,2026-02-01 01:37:46
c7ffe3fa-9cd6-4d35-9060-7d5822381442,8,6,2,64,1,1769927698,2026-02-01 01:37:46
66db3997-0aca-11e7-82f6-3863bb44ef7c,22,7,14,48,1,1769927698,2026-02-01 01:37:46
66dde208-0aca-11e7-82f6-3863bb44ef7c,17,16,1,8,1,1769927698,2026-02-01 01:37:46
66dd4ac1-0aca-11e7-82f6-3863bb44ef7c,7,2,5,23,1,1769927698,2026-02-01 01:37:46
ed5c92f1-3293-4385-9e2b-9b716a096a19,0,0,0,49,1,1769927699,2026-02-01 01:37:46
cc7b86cf-a2fb-4738-b967-de7b197dc930,2,2,0,27,1,1769927700,2026-02-01 01:37:46
c042a307-2d7d-4ee9-95b7-a7505a3428c2,7,6,1,26,1,1769927700,2026-02-01 01:37:46
66db6d40-0aca-11e7-82f6-3863bb44ef7c,40,37,3,5,1,1769927701,2026-02-01 01:37:46
aa0e6301-4162-428d-8943-7b684089b0d1,6,1,5,11,1,1769927701,2026-02-01 01:37:46
1198e739-787c-4ce4-aa63-ffaf98506e9c,3,2,1,58,1,1769927701,2026-02-01 01:37:46
16a4effc-282e-4053-b47b-31f734d50c08,8,2,6,15,1,1769927699,2026-02-01 01:37:46
1838070626762830158,3,1,2,16,1,1769927699,2026-02-01 01:37:46
1906951766876655628,2,2,0,27,1,1769927699,2026-02-01 01:37:46
66dc85bb-0aca-11e7-82f6-3863bb44ef7c,9,0,9,22,1,1769927701,2026-02-01 01:37:46
e6b6c6e2-5fcb-47cd-8f2d-4324b7c977c8,7,5,2,8,1,1769927702,2026-02-01 01:37:46
fec4aa1b-9fc1-4dd9-ab39-c1d7370a6e54,4,0,4,15,1,1769927703,2026-02-01 01:37:46
d11db4cd-f9bf-430b-ac19-104fef323b24,3,3,0,15,1,1769927703,2026-02-01 01:37:46
bf317efc-13f1-42be-8243-373a29354033,0,0,0,23,1,1769927703,2026-02-01 01:37:46
1a5eae13-8f27-4875-8330-a796c95f8ad6,0,0,0,17,1,1769927696,2026-02-01 01:37:46
66dbebad-0aca-11e7-82f6-3863bb44ef7c,20,16,4,12,1,1769927696,2026-02-01 01:37:46
66dc8bfd-0aca-11e7-82f6-3863bb44ef7c,10,2,8,39,1,1769927696,2026-02-01 01:37:46
02fb0f6a-b1dc-4e1c-97f8-fe70462670a3,25,1,24,0,1,1769927696,2026-02-01 01:37:46
b03adb87-2bd9-43a5-a822-7d06a9ee2d81,25,0,25,0,1,1769927697,2026-02-01 01:37:46
6ae35aa8-644e-4b2c-b6a4-6570192f78ab,14,1,13,12,1,1769927705,2026-02-01 01:37:46
eb8fcff2-6f58-4724-b564-ebc9a8d374d8,14,0,14,4,1,1769927705,2026-02-01 01:37:46
989fdf95-cfb9-475c-ba0c-3152fd3a16e0,9,8,1,1,1,1769927705,2026-02-01 01:37:46
1843486390605672640,6,0,6,15,1,1769927705,2026-02-01 01:37:46
1202a491-9f76-4609-9b5c-eb7723ab5b45,3,0,3,8,1,1769927705,2026-02-01 01:37:46
66dce4fc-0aca-11e7-82f6-3863bb44ef7c,10,0,10,15,1,1769927708,2026-02-01 01:37:46
66db6da2-0aca-11e7-82f6-3863bb44ef7c,40,22,18,5,1,1769927708,2026-02-01 01:37:46
2098359443836787630,5,2,3,65,1,1769927708,2026-02-01 01:37:46
6a52ceae-3b97-487a-9438-de844bfbf1c2,2,0,2,9,1,1769927708,2026-02-01 01:37:46
1814900898997467540,6,0,6,9,1,1769927708,2026-02-01 01:37:46
1835249317786962140,2,1,1,24,1,1769927709,2026-02-01 01:37:46
1975559886658995034,0,0,0,23,1,1769927704,2026-02-01 01:37:46
94624d6e-4150-4ab1-92ff-bf55cb58ab61,0,0,0,18,1,1769927704,2026-02-01 01:37:46
52e81f02-b1f9-45d6-9e5c-e15277de1268,3,0,3,19,1,1769927704,2026-02-01 01:37:46
6908ae75-b9a1-4f20-b192-95dc43e858a8,4,0,4,12,1,1769927704,2026-02-01 01:37:46
1880643915885220532,0,0,0,25,1,1769927704,2026-02-01 01:37:46
66db269c-0aca-11e7-82f6-3863bb44ef7c,15,12,3,13,1,1769927703,2026-02-01 01:37:46
66dc1d0c-0aca-11e7-82f6-3863bb44ef7c,3,2,1,20,1,1769927703,2026-02-01 01:37:46
753591ba-36f7-4ded-ab7d-40df9994a05f,2,0,2,21,1,1769927704,2026-02-01 01:37:46
66db89a3-0aca-11e7-82f6-3863bb44ef7c,57,0,57,1,1,1769927707,2026-02-01 01:37:46
5600446d-a00a-45e6-9dc3-550adfd63e39,1,1,0,15,1,1769927706,2026-02-01 01:37:46
66dc7de9-0aca-11e7-82f6-3863bb44ef7c,22,11,11,82,1,1769927706,2026-02-01 01:37:46
9b7e3b8b-97ef-4038-820c-7cd1c1a34fc7,10,2,8,13,1,1769927713,2026-02-01 01:37:46
e6c2a46e-431a-4101-af84-870f660ff4cb,16,1,15,47,1,1769927713,2026-02-01 01:37:46
2010065065442370322,2,1,1,22,1,1769927714,2026-02-01 01:37:46
7a771842-c090-4da1-8c13-72b7f4f50a87,16,4,12,12,1,1769927714,2026-02-01 01:37:46
2124426189188761638,6,5,1,1,1,1769927714,2026-02-01 01:37:46
66dc3f08-0aca-11e7-82f6-3863bb44ef7c,32,19,13,45,1,1769927711,2026-02-01 01:37:46
40914c6b-293d-49ac-b83a-d9d4af998aea,3,0,3,14,1,1769927711,2026-02-01 01:37:46
66dc7659-0aca-11e7-82f6-3863bb44ef7c,47,9,38,59,1,1769927711,2026-02-01 01:37:46
1817431953833509324,4,3,1,15,1,1769927711,2026-02-01 01:37:46
4d4a3e7b-1005-4bfd-8680-340a20cacbee,0,0,0,4,0,1769783234,2026-02-01 01:37:46
760ebaea-f7c7-45ad-aa3b-395d97adcf8f,7,1,6,13,1,1769927712,2026-02-01 01:37:46
4775fd25-2240-44d7-884a-d777d15a9b5e,3,2,1,16,1,1769927713,2026-02-01 01:37:46
66dc24b8-0aca-11e7-82f6-3863bb44ef7c,17,3,14,46,1,1769927713,2026-02-01 01:37:46
2868db5b-df51-4c36-8515-ef77a5b092c2,13,3,10,0,1,1769927711,2026-02-01 01:37:46
66dc9068-0aca-11e7-82f6-3863bb44ef7c,3,0,3,61,1,1769927710,2026-02-01 01:37:46
66dcbf69-0aca-11e7-82f6-3863bb44ef7c,1,0,1,17,1,1769927710,2026-02-01 01:37:46
8456b63c-37c6-49a6-8c02-bb6dcfc35041,9,5,4,6,1,1769927711,2026-02-01 01:37:46
c8060816-b4aa-4fd9-bc66-af28bf61dc87,0,0,0,20,1,1769927713,2026-02-01 01:37:46
9a37d8a1-990b-484c-9603-262dbd1165cc,3,2,1,15,1,1769927709,2026-02-01 01:37:46
1786696564295760054,5,3,2,18,1,1769927714,2026-02-01 01:37:46
3ff00115-e8da-4326-97d3-7bf4fe4df7a5,0,0,0,20,1,1769927714,2026-02-01 01:37:46
66de4f9c-0aca-11e7-82f6-3863bb44ef7c,11,2,9,6,1,1769927714,2026-02-01 01:37:46
b7df61c0-8ead-46cb-9d6e-a6a3011ffb71,6,5,1,19,1,1769927715,2026-02-01 01:37:46
9991b75b-a9ba-4abc-bf84-0108291be05a,7,2,5,15,1,1769927720,2026-02-01 01:37:46
1814906873296976512,0,0,0,18,1,1769927720,2026-02-01 01:37:46
85ba92ab-8d0a-4d17-9d07-0173e16d3b6d,4,0,4,14,1,1769927720,2026-02-01 01:37:46
1843486597735840252,16,1,15,4,1,1769927716,2026-02-01 01:37:46
1833865926273309136,14,10,4,42,1,1769927717,2026-02-01 01:37:46
66de3fde-0aca-11e7-82f6-3863bb44ef7c,2,2,0,20,1,1769927717,2026-02-01 01:37:46
514f3dda-4d08-464c-b2d4-5706d400065a,1,0,1,12,1,1769927716,2026-02-01 01:37:46
7f8cb36a-2bf4-4d57-afbd-331310f25355,7,0,7,23,1,1769927715,2026-02-01 01:37:46
b30815c0-99b6-451b-be15-902992cb8abb,35,18,17,4,1,1769927716,2026-02-01 01:37:46
1843486667668726558,15,0,15,1,1,1769927717,2026-02-01 01:37:46
3f031133-ec95-4a92-9d63-2ae28183f498,4,2,2,11,1,1769927717,2026-02-01 01:37:46
1856847127505992556,2,1,1,1,1,1769927717,2026-02-01 01:37:46
0927e331-866f-4d99-99b4-04edde99117a,0,0,0,35,1,1769927718,2026-02-01 01:37:46
4543214c-c9d4-4f20-9cd9-dd05cc365931,5,1,4,30,1,1769927718,2026-02-01 01:37:46
4f57360d-a4cb-4568-b74a-f3086ccaee2e,4,2,2,15,1,1769927719,2026-02-01 01:37:46
66dcf640-0aca-11e7-82f6-3863bb44ef7c,18,1,17,0,1,1769927719,2026-02-01 01:37:46
868586b3-ddc7-4b4b-9bed-a1e487033aaa,28,3,25,14,1,1769927718,2026-02-01 01:37:46
1815968422007427668,4,1,3,12,1,1769927719,2026-02-01 01:37:46
1880643497376459348,9,8,1,12,1,1769927719,2026-02-01 01:37:46
1786375597504305174,32,13,19,4,1,1769927718,2026-02-01 01:37:46
c9cd8c29-7f0b-4979-9a0e-bec4613d2600,1,0,0,20,1,1769927720,2026-02-01 01:37:46
5f7ac86c-1a98-4603-8749-4bb83ac84acd,20,15,5,26,1,1769927720,2026-02-01 01:37:46
189f573b-a2d0-40d2-af15-83c5015d93e2,2,2,0,19,1,1769927721,2026-02-01 01:37:46
81a34754-ae08-47a6-964d-4733849a8fab,0,0,0,28,1,1769927721,2026-02-01 01:37:46
9e014047-d675-418b-a03c-84d974a25134,1,0,1,29,1,1769927721,2026-02-01 01:37:46
514afe43-84d4-4941-8281-75a93c5cd365,3,0,3,13,1,1769927721,2026-02-01 01:37:46
c0a3b8fe-ba64-4cbb-b010-f760998d6c3a,3,2,1,14,1,1769927721,2026-02-01 01:37:46
1820420224296772166,12,9,3,6,1,1769927721,2026-02-01 01:37:46
66ddbd20-0aca-11e7-82f6-3863bb44ef7c,79,65,13,10,1,1769927722,2026-02-01 01:37:46
999865d2-0735-4e85-a9d4-00810231530e,6,2,4,14,1,1769927723,2026-02-01 01:37:46
9719498d-bd5c-4424-86ac-dfe0795c57d1,1,1,0,21,1,1769927723,2026-02-01 01:37:46
55ccb271-7035-422e-bee1-20e84caa0217,22,4,18,22,1,1769927723,2026-02-01 01:37:46
711ccb32-e1bc-4577-ac7b-50592cc9b8a0,14,0,14,6,1,1769927724,2026-02-01 01:37:46
66dd2786-0aca-11e7-82f6-3863bb44ef7c,19,0,19,3,1,1769927722,2026-02-01 01:37:46
1838618090943186984,14,0,14,2,1,1769927722,2026-02-01 01:37:46
1869753340438110380,2,0,2,12,1,1769927722,2026-02-01 01:37:46
1877653505745721834,2,1,1,17,1,1769927724,2026-02-01 01:37:46
1908785111291682996,10,3,7,6,1,1769927724,2026-02-01 01:37:46
66dbca0f-0aca-11e7-82f6-3863bb44ef7c,26,19,7,19,1,1769927724,2026-02-01 01:37:46
cd72b9da-b7c6-4785-92b5-0fb2130f0d7b,7,6,1,15,1,1769927725,2026-02-01 01:37:46
66dd23a9-0aca-11e7-82f6-3863bb44ef7c,6,2,4,19,1,1769927724,2026-02-01 01:37:46
145bbc0d-8976-45ae-9565-158ba564d3d1,19,1,18,2,1,1769927725,2026-02-01 01:37:46
efa2a82f-eb4a-4b82-a602-6c42cb984101,0,0,0,16,1,1769927725,2026-02-01 01:37:46
66dc0bbd-0aca-11e7-82f6-3863bb44ef7c,19,1,18,8,1,1769927725,2026-02-01 01:37:46
0eacb768-c7d5-4499-9182-9a1331d9280c,23,0,23,1,1,1769927725,2026-02-01 01:37:46
3299ff79-36aa-42ef-b7f1-c40e95c8f570,15,0,15,23,1,1769927726,2026-02-01 01:37:46
9ac5758f-0419-4e28-8387-6bcd28db17fa,7,0,7,8,1,1769927726,2026-02-01 01:37:46
bd30f2a1-38ec-474d-9e36-07f688e87427,10,0,10,6,1,1769927726,2026-02-01 01:37:46
66db3ba0-0aca-11e7-82f6-3863bb44ef7c,52,47,4,12,1,1769927731,2026-02-01 01:37:46
66dd3fc3-0aca-11e7-82f6-3863bb44ef7c,0,0,0,27,0,1769802647,2026-02-01 01:37:46
1813395029173762108,12,7,5,21,1,1769927732,2026-02-01 01:37:46
b47e5ffd-4215-4476-a89b-ebe52111f763,30,2,28,5,1,1769927732,2026-02-01 01:37:46
bb0ce308-e5d9-48c7-9f4b-cf0120f2c39a,0,0,0,21,1,1769927727,2026-02-01 01:37:46
4d674595-187c-417c-a691-676c4446c9fc,10,6,4,3,1,1769927728,2026-02-01 01:37:46
923a60f7-2a0e-4a31-8dd5-66c8518c929e,2,0,2,15,1,1769927728,2026-02-01 01:37:46
8ef6ec7d-e898-4edc-8f3f-af888f8c5ef4,4,1,3,16,1,1769927727,2026-02-01 01:37:46
7d9a1b9e-0123-4561-a111-b3735fada687,4,0,4,19,1,1769927728,2026-02-01 01:37:46
03872f6b-a522-4c41-a4f2-5d0c41779e7b,3,1,2,16,1,1769927729,2026-02-01 01:37:46
c530a1cb-7c60-4651-be8a-9bfa5eb43f8a,7,0,7,18,1,1769927730,2026-02-01 01:37:46
e6f3c665-0c87-4f34-a5e8-69baeed7b7bf,9,5,4,9,1,1769927730,2026-02-01 01:37:46
bde94a25-6089-4490-af3a-8cc5702230b8,66,52,14,5,1,1769927730,2026-02-01 01:37:46
66db46d7-0aca-11e7-82f6-3863bb44ef7c,3,2,1,24,1,1769927730,2026-02-01 01:37:46
94bcf812-5cff-460c-841f-54876ed1e7a4,0,0,0,18,1,1769927731,2026-02-01 01:37:46
1817432954560889524,4,0,4,12,1,1769927728,2026-02-01 01:37:46
1815967051912860522,22,1,21,2,1,1769927729,2026-02-01 01:37:46
81640d04-c36a-4fb1-98b0-85be10be516c,2,0,2,12,1,1769927733,2026-02-01 01:37:46
68827e5f-ed28-45de-99bf-66093a8c504f,2,1,1,17,1,1769927733,2026-02-01 01:37:46
9c2a741d-7f3e-4aa1-b58b-db5c3e6bcb20,1,0,1,26,1,1769927733,2026-02-01 01:37:46
2121032507515216178,6,1,5,0,1,1769927733,2026-02-01 01:37:46
65a1b09d-560d-46bf-8f5d-7f59471a587e,3,1,2,16,1,1769927733,2026-02-01 01:37:46
f54ad1f8-fe58-49ac-82ae-b742aec66829,54,46,8,15,1,1769927733,2026-02-01 01:37:46
a6a132f9-89bf-42a4-afe6-1ca449b7f570,9,6,3,4,1,1769927729,2026-02-01 01:37:46
e10a6e12-d98c-4625-940a-9f83d9b2f6c4,15,0,15,1,1,1769927729,2026-02-01 01:37:46
f752c376-3a6f-4cd3-b9fd-3c049d45a9a6,4,0,4,14,1,1769927729,2026-02-01 01:37:46
0c923abb-298a-4a47-b132-9fae73cc59e6,23,11,12,3,1,1769927732,2026-02-01 01:37:46
3f878b81-324e-4673-9221-43d34647e76f,9,0,9,5,1,1769927732,2026-02-01 01:37:46
1854537815365165328,0,0,0,18,1,1769927739,2026-02-01 01:37:46
8f1fdf4b-ecca-4f03-b04c-e10fe596e2c7,5,0,5,20,1,1769927739,2026-02-01 01:37:46
66dc22a7-0aca-11e7-82f6-3863bb44ef7c,13,8,5,23,1,1769927739,2026-02-01 01:37:46
66dd455e-0aca-11e7-82f6-3863bb44ef7c,18,18,0,4,1,1769927739,2026-02-01 01:37:46
2127386600787000162,0,0,0,25,1,1769927739,2026-02-01 01:37:46
1849009534951225816,2,0,2,13,1,1769927739,2026-02-01 01:37:46
7f1b4c40-d9fa-4182-be0e-a993655cfb6f,1,0,1,3,1,1769927739,2026-02-01 01:37:46
66dc9143-0aca-11e7-82f6-3863bb44ef7c,15,5,10,15,1,1769927739,2026-02-01 01:37:46
66dbcf18-0aca-11e7-82f6-3863bb44ef7c,49,2,47,11,1,1769927740,2026-02-01 01:37:46
a70b26b7-fbad-4787-bf15-29f7b13a19ab,3,1,2,11,1,1769927733,2026-02-01 01:37:46
1860188607062574024,1,1,0,17,1,1769927733,2026-02-01 01:37:46
8e631be4-1e0c-4627-a261-18f0003d0ba2,3,2,1,32,1,1769927734,2026-02-01 01:37:46
c56739c2-b310-4d73-ab0e-b6036abd9561,12,0,12,5,1,1769927734,2026-02-01 01:37:46
17aba164-9d41-4336-9767-2218b8994ded,4,0,4,14,1,1769927734,2026-02-01 01:37:46
66de542a-0aca-11e7-82f6-3863bb44ef7c,36,0,36,6,1,1769927734,2026-02-01 01:37:46
679dcf08-d88c-4d1b-b81d-fe9f4aabbff7,1,0,1,19,1,1769927736,2026-02-01 01:37:46
66db6889-0aca-11e7-82f6-3863bb44ef7c,15,5,10,14,1,1769927736,2026-02-01 01:37:46
66dccad8-0aca-11e7-82f6-3863bb44ef7c,0,0,0,18,1,1769927736,2026-02-01 01:37:46
52dd11f4-bbd0-49ab-912b-06fac40d275d,11,2,9,19,1,1769927736,2026-02-01 01:37:46
66dbcdfc-0aca-11e7-82f6-3863bb44ef7c,2,0,1,53,1,1769927737,2026-02-01 01:37:46
8d2eff37-be09-4b46-a95d-abff89e16d56,7,1,6,10,1,1769927738,2026-02-01 01:37:46
66dc8768-0aca-11e7-82f6-3863bb44ef7c,5,3,2,33,1,1769927738,2026-02-01 01:37:46
66ddef96-0aca-11e7-82f6-3863bb44ef7c,33,8,25,3,1,1769927738,2026-02-01 01:37:46
e982e1cb-7e7b-4769-85b8-565925200654,5,0,5,15,1,1769927739,2026-02-01 01:37:46
f3b359e2-7983-4aaf-b6b0-e3b7d30816a4,15,2,13,1,1,1769927737,2026-02-01 01:37:46
a76299eb-73f7-401c-aa8b-edff9ef003bd,4,2,2,25,1,1769927736,2026-02-01 01:37:46
66de1f7f-0aca-11e7-82f6-3863bb44ef7c,5,0,5,25,1,1769927735,2026-02-01 01:37:46
380394f7-64fa-4a65-a4d1-7bcaddd41fab,3,0,3,16,1,1769927735,2026-02-01 01:37:46
66db2e3a-0aca-11e7-82f6-3863bb44ef7c,27,20,7,24,1,1769927735,2026-02-01 01:37:46
66dc90d5-0aca-11e7-82f6-3863bb44ef7c,13,6,7,17,1,1769927735,2026-02-01 01:37:46
66de0bcb-0aca-11e7-82f6-3863bb44ef7c,6,1,5,43,1,1769927737,2026-02-01 01:37:46
d9bc0b3e-1af8-4cb6-a082-8ef1245ef329,8,3,5,20,1,1769927744,2026-02-01 01:37:46
c37931bb-8571-4671-a9a8-f3cf23897680,43,12,31,31,1,1769927744,2026-02-01 01:37:46
f72a253f-3cef-4da8-9591-0cbd3a692162,10,6,4,28,1,1769927744,2026-02-01 01:37:46
06f0d251-e1e3-435c-8c5f-9b991a14ca4a,1,1,0,23,1,1769927745,2026-02-01 01:37:46
66db65aa-0aca-11e7-82f6-3863bb44ef7c,47,28,19,18,1,1769927745,2026-02-01 01:37:46
9d23b0e9-a478-407c-a0e0-0aff1b0398fc,1,1,0,19,1,1769927744,2026-02-01 01:37:46
ffaa8f6a-a4ea-4d3a-a57c-f42f77cd4581,1,0,1,20,1,1769927743,2026-02-01 01:37:46
77463580-6421-403d-b170-f2660c216175,0,0,0,22,1,1769927744,2026-02-01 01:37:46
7cb65297-c880-459a-b054-4e059576c02a,0,0,0,13,0,1769835686,2026-02-01 01:37:46
64de0666-b9ab-404e-a16b-03e449bb5b4d,1,0,1,15,1,1769927743,2026-02-01 01:37:46
1851674088959433552,1,0,1,15,1,1769927744,2026-02-01 01:37:46
46dca5c6-7bd3-4a4f-aa1e-33aa66652294,18,3,15,8,1,1769927745,2026-02-01 01:37:46
fea72f55-d296-47af-9446-149688dcccbd,1,0,1,17,1,1769927746,2026-02-01 01:37:46
8f72fe26-98aa-4e87-a612-9ae0eb1d9a38,9,2,7,6,1,1769927745,2026-02-01 01:37:46
cf284d60-23e7-49ec-91dc-8bfedb59cb6a,15,0,15,2,1,1769927746,2026-02-01 01:37:46
4a4c7548-2466-48ef-8d7e-0aa4d6acb69e,1,0,1,13,1,1769927746,2026-02-01 01:37:46
1875023224873448258,10,1,9,5,1,1769927746,2026-02-01 01:37:46
1836581441921155232,3,1,2,11,1,1769927746,2026-02-01 01:37:46
66de110b-0aca-11e7-82f6-3863bb44ef7c,16,5,11,16,1,1769927746,2026-02-01 01:37:46
66db4282-0aca-11e7-82f6-3863bb44ef7c,51,25,26,13,1,1769927747,2026-02-01 01:37:46
fe65853e-b20a-4250-9677-2aa177283b72,8,0,8,10,1,1769927747,2026-02-01 01:37:46
66db5e6a-0aca-11e7-82f6-3863bb44ef7c,3,2,1,15,1,1769927747,2026-02-01 01:37:46
0ebdda6a-37e4-4ff4-94e8-3947f49d8e24,7,1,6,9,1,1769927747,2026-02-01 01:37:46
ecbfcdb7-fffc-4d45-bed2-1510fd45834d,7,1,6,10,1,1769927740,2026-02-01 01:37:46
1814907062275537820,13,0,13,11,1,1769927740,2026-02-01 01:37:46
1854255035042870020,11,0,11,4,1,1769927740,2026-02-01 01:37:46
01839a78-f228-4706-8f7f-147b857492f2,3,2,1,18,1,1769927740,2026-02-01 01:37:46
2124425670552673214,1,0,1,11,1,1769927740,2026-02-01 01:37:46
1846085533896197012,12,0,12,0,1,1769927740,2026-02-01 01:37:46
66dd243c-0aca-11e7-82f6-3863bb44ef7c,32,6,26,34,1,1769927740,2026-02-01 01:37:46
77b21502-a7a2-40b4-8f3e-f9c6c6ef0939,10,0,10,14,1,1769927741,2026-02-01 01:37:46
fb180cce-96ee-4e66-b3ce-000f3db6e670,0,0,0,26,1,1769927741,2026-02-01 01:37:46
3db2fa34-0b56-4644-9ae9-bbee1583e717,5,0,5,17,1,1769927742,2026-02-01 01:37:46
a37bd0e0-d1e9-4302-9ff7-286e415aff1c,14,2,12,1,1,1769927742,2026-02-01 01:37:46
2121032973750651666,2,0,2,8,1,1769927742,2026-02-01 01:37:46
66dd51e6-0aca-11e7-82f6-3863bb44ef7c,2,1,1,74,1,1769927742,2026-02-01 01:37:46
1815967674683118258,16,2,14,3,1,1769927742,2026-02-01 01:37:46
66de1bc3-0aca-11e7-82f6-3863bb44ef7c,0,0,0,49,1,1769927743,2026-02-01 01:37:46
92a51669-deec-45a9-8494-fafdf6356c51,4,0,4,26,1,1769927743,2026-02-01 01:37:46
852218fc-5e5b-4153-bc3f-03760b57e68a,1,0,1,20,1,1769927743,2026-02-01 01:37:46
1835247745828931742,1,1,0,19,1,1769927743,2026-02-01 01:37:46
1835247469495105628,0,0,0,20,1,1769927655,2026-02-01 01:37:46
2cd651e7-1e3a-4cd9-8fd1-a2416e032f6e,1,0,1,22,1,1769927655,2026-02-01 01:37:46
99142ec8-c0e7-47ca-916c-c1097d48e133,20,13,7,17,1,1769927656,2026-02-01 01:37:46
f882ccc8-45aa-426b-aef6-514fe1d3d9cc,19,1,18,6,1,1769927656,2026-02-01 01:37:46
66dcca0d-0aca-11e7-82f6-3863bb44ef7c,2,0,2,18,1,1769927656,2026-02-01 01:37:46
66dd18dd-0aca-11e7-82f6-3863bb44ef7c,20,3,17,4,1,1769927654,2026-02-01 01:37:46
66dc48ef-0aca-11e7-82f6-3863bb44ef7c,21,20,1,35,1,1769927653,2026-02-01 01:37:46
1820420022433309054,16,6,10,0,1,1769927654,2026-02-01 01:37:46
66dcccfe-0aca-11e7-82f6-3863bb44ef7c,0,0,0,17,1,1769927654,2026-02-01 01:37:46
c4d6b123-df5a-446d-b0ae-d3c4846565d5,2,1,1,20,1,1769927653,2026-02-01 01:37:46
bb07a569-cc74-439e-b424-916c0304f136,5,1,3,20,1,1769927658,2026-02-01 01:37:46
33c533cd-5f0e-4c15-a00a-6a2bf1e2d077,48,26,21,4,1,1769927657,2026-02-01 01:37:46
66de1368-0aca-11e7-82f6-3863bb44ef7c,23,4,19,3,1,1769927656,2026-02-01 01:37:46
2142879839954225698,2,1,1,12,1,1769927657,2026-02-01 01:37:46
66de59bd-0aca-11e7-82f6-3863bb44ef7c,15,0,15,2,1,1769927655,2026-02-01 01:37:46
a23a40c3-6da5-4b0f-bb6b-8bfc01ec2261,7,0,7,11,1,1769927655,2026-02-01 01:37:46
66dc79e6-0aca-11e7-82f6-3863bb44ef7c,1,0,0,13,0,1769878846,2026-02-01 01:37:46
17ba4945-b202-4667-965f-211d80622646,1,0,1,18,1,1769927645,2026-02-01 01:37:46
b1e496f1-43cf-48d0-be49-ab0d760c00bf,0,0,0,25,1,1769927642,2026-02-01 01:37:46
18326827-dcae-47e0-8518-c4bb9e21eef6,28,1,27,0,1,1769927641,2026-02-01 01:37:46
1828965887815635862,5,3,2,15,1,1769927641,2026-02-01 01:37:46
4168e5a4-c7ec-4045-bfc8-84ac5edbe845,27,18,8,2,1,1769927643,2026-02-01 01:37:46
e4980fd0-e540-40ca-acba-c2a74f3294fc,0,0,0,23,1,1769927643,2026-02-01 01:37:46
afd76a0e-ceb8-4d18-a427-b378c4d07a75,19,1,18,2,1,1769927646,2026-02-01 01:37:46
1945126257666675246,4,2,2,11,1,1769927647,2026-02-01 01:37:46
8f672aa7-08a1-4fe2-a471-06f219c0eb1b,4,1,3,10,1,1769927647,2026-02-01 01:37:46
1814900752968579218,13,0,13,7,1,1769927647,2026-02-01 01:37:46
1849009244468810224,13,2,11,1,1,1769927650,2026-02-01 01:37:46
0cde9bcd-0dcb-45dc-9c9a-3e5485b5452e,1,1,0,18,1,1769927650,2026-02-01 01:37:46
1845677022981917240,4,0,4,11,1,1769927651,2026-02-01 01:37:46
4753c893-e4bd-4d6a-bc4d-42209a19ebeb,0,0,0,15,1,1769927649,2026-02-01 01:37:46
1860187430946456420,0,0,0,18,1,1769927652,2026-02-01 01:37:46
66dea52b-0aca-11e7-82f6-3863bb44ef7c,7,2,5,7,1,1769927652,2026-02-01 01:37:46
66ddea2a-0aca-11e7-82f6-3863bb44ef7c,51,14,37,12,1,1769927652,2026-02-01 01:37:46
66de44ba-0aca-11e7-82f6-3863bb44ef7c,14,1,13,19,1,1769927653,2026-02-01 01:37:46
1893519215751496610,30,0,30,0,1,1769927652,2026-02-01 01:37:46
467e1de6-73a6-480f-9e83-fd1b03b71047,13,2,11,8,1,1769927647,2026-02-01 01:37:46
1786699974232881542,3,1,2,16,1,1769927652,2026-02-01 01:37:46
1885718199416500650,9,0,9,11,1,1769927652,2026-02-01 01:37:46
66dc1e55-0aca-11e7-82f6-3863bb44ef7c,5,2,3,55,1,1769927662,2026-02-01 01:37:46
9b721468-3b28-429d-9e13-580cdf00a6a4,16,1,15,2,1,1769927662,2026-02-01 01:37:46
330ee4e3-29cb-48e5-845f-a8ccf1aa2ce6,12,9,3,14,1,1769927658,2026-02-01 01:37:46
55146e49-9bc4-4f13-bdf7-25422342b638,0,0,0,15,1,1769927659,2026-02-01 01:37:46
101c813e-02a8-4b6b-bd5d-981c1ea62019,4,2,2,16,1,1769927658,2026-02-01 01:37:46
66db8ca4-0aca-11e7-82f6-3863bb44ef7c,30,7,23,25,1,1769927659,2026-02-01 01:37:46
1849008925260421550,14,3,11,1,1,1769927659,2026-02-01 01:37:46
66db3708-0aca-11e7-82f6-3863bb44ef7c,28,4,24,3,1,1769927659,2026-02-01 01:37:46
fac701fb-c433-496e-933b-ea137dbe7fe1,1,1,0,16,1,1769927660,2026-02-01 01:37:46
ebce9ecb-9678-4c42-89d7-08e54bc6fe90,0,0,0,17,1,1769927660,2026-02-01 01:37:46
1786697932047949952,6,4,2,12,1,1769927663,2026-02-01 01:37:46
6ca15d94-897a-4c81-ab47-366829afb7c4,5,0,5,17,1,1769927663,2026-02-01 01:37:46
66dd4f31-0aca-11e7-82f6-3863bb44ef7c,7,1,6,17,1,1769927661,2026-02-01 01:37:46
2018303498843153278,13,6,7,12,1,1769927661,2026-02-01 01:37:46
5e93b806-08e1-4ef9-98ae-d3dda20e0469,2,1,1,16,1,1769927663,2026-02-01 01:37:46
e72f0aec-2293-4636-988c-b9d30df092f8,24,7,16,9,1,1769927664,2026-02-01 01:37:46
b319c797-71ff-490c-b965-ba2ac0f50da0,1,0,1,18,1,1769927663,2026-02-01 01:37:46
e666a344-1afb-4512-b2e9-2fc5ed71be2b,9,5,4,10,1,1769927689,2026-02-01 01:37:46
d0b87aa7-7e19-40d2-8f7d-6a622e6ac391,12,4,8,9,1,1769927690,2026-02-01 01:37:46
1838071090619298218,10,6,4,11,1,1769927689,2026-02-01 01:37:46
db91c9e0-d80b-4cb4-9cc2-9453ec8fbeac,2,0,2,14,1,1769927690,2026-02-01 01:37:46
d8e02e7b-632b-4fbe-95b9-80efa47473e3,3,3,0,16,1,1769927687,2026-02-01 01:37:46
2111353842893366258,17,4,13,14,1,1769927687,2026-02-01 01:37:46
50575cba-95ac-4134-9da1-3eec8253afc4,2,1,1,30,1,1769927685,2026-02-01 01:37:46
39f756c2-3904-463e-95a8-8d8e3540e845,26,4,22,30,1,1769927686,2026-02-01 01:37:46
2104278402820534724,17,0,17,14,1,1769927686,2026-02-01 01:37:46
80969478-8dbc-42e1-8e16-ac0132a431c2,23,0,23,0,1,1769927689,2026-02-01 01:37:46
66dc82ef-0aca-11e7-82f6-3863bb44ef7c,18,4,14,39,1,1769927690,2026-02-01 01:37:46
5f2766b0-362e-49e5-ab09-05e2c4b6f626,0,0,0,17,1,1769927687,2026-02-01 01:37:46
1947001743402778700,2,1,1,21,1,1769927688,2026-02-01 01:37:46
1843486189591985058,3,0,3,16,1,1769927685,2026-02-01 01:37:46
1828964993433043090,11,1,10,4,1,1769927685,2026-02-01 01:37:46
bb6bba3f-19a0-4ebb-a454-4ac678d9d62d,5,1,4,13,1,1769927639,2026-02-01 01:37:46
01b7973e-c92e-4fbe-890e-2c24de33ce0e,4,0,4,12,1,1769927640,2026-02-01 01:37:46
ace80a8c-6196-484e-8dd0-061e3c90389b,0,0,0,28,1,1769927640,2026-02-01 01:37:46
66db79a3-0aca-11e7-82f6-3863bb44ef7c,30,17,13,5,1,1769927637,2026-02-01 01:37:46
2121032193446634360,4,0,4,4,1,1769927636,2026-02-01 01:37:46
54782566-697b-497e-a503-dc1f39963eb2,12,7,5,13,1,1769927638,2026-02-01 01:37:46
1848241963446241866,7,5,2,1,1,1769927665,2026-02-01 01:37:46
66db3f62-0aca-11e7-82f6-3863bb44ef7c,8,4,4,44,1,1769927668,2026-02-01 01:37:46
e73cf71b-db05-44f9-b57a-689d65320d68,2,0,2,27,1,1769927668,2026-02-01 01:37:46
a90e9ad3-4347-4fa4-b031-9bf1f69ce049,0,0,0,17,1,1769927667,2026-02-01 01:37:46
1851254360969534132,0,0,0,22,1,1769927667,2026-02-01 01:37:46
1786687245202023014,0,0,0,1,0,1769556416,2026-02-01 01:37:46
79399e32-a6c6-4732-8ad4-9f9140a86b21,9,2,7,8,1,1769927670,2026-02-01 01:37:46
1958457675193833900,7,5,2,16,1,1769927667,2026-02-01 01:37:46
785b3e6b-dab5-4d25-afab-e2a1ef918669,1,1,0,22,1,1769927669,2026-02-01 01:37:46
31f340f3-3201-449e-b017-a26813aa448f,1,1,0,17,1,1769927670,2026-02-01 01:37:46
dccab832-b4a2-4105-927d-b52ec0d92c92,10,2,8,3,1,1769927676,2026-02-01 01:37:46
14f928c6-9a51-40a2-b7e6-a74e8b351dbf,6,1,5,18,1,1769927676,2026-02-01 01:37:46
1834145868297717964,5,0,5,14,1,1769927677,2026-02-01 01:37:46
daefc84c-1b16-4220-8e1f-10ea4866fdc7,53,43,10,45,1,1769927674,2026-02-01 01:37:46
5f968a1b-ee60-43a0-ad25-05211e09e436,0,0,0,21,1,1769927673,2026-02-01 01:37:46
d946ce73-5487-4ab7-b429-cf873e9af5b5,14,1,13,3,1,1769927673,2026-02-01 01:37:46
22e38a04-e70d-4484-bbf3-f6e8c64fdbd4,7,1,6,13,1,1769927673,2026-02-01 01:37:46
66db7a0d-0aca-11e7-82f6-3863bb44ef7c,28,14,14,8,1,1769927672,2026-02-01 01:37:46
b9deb521-41b6-4f8a-ac78-0e58e3977f2c,4,0,4,20,1,1769927677,2026-02-01 01:37:46
66dcf023-0aca-11e7-82f6-3863bb44ef7c,3,1,2,16,1,1769927678,2026-02-01 01:37:46
66de103b-0aca-11e7-82f6-3863bb44ef7c,2,0,2,19,1,1769927677,2026-02-01 01:37:46
2142879485385917038,3,0,3,25,1,1769927674,2026-02-01 01:37:46
1828967346753327602,7,1,6,9,1,1769927675,2026-02-01 01:37:46
c29c9178-bcb1-4c0c-b789-f4a89512a4e4,3,1,2,14,1,1769927675,2026-02-01 01:37:46
398aa734-3893-4dba-a704-57ae8632c4f9,6,2,4,12,1,1769927671,2026-02-01 01:37:46
dadd2084-d844-46f5-b7a4-128d31eeba8e,0,0,0,16,1,1769927672,2026-02-01 01:37:46
7a15d81b-357e-42e0-b208-93ffd562fd63,4,4,0,22,1,1769927675,2026-02-01 01:37:46
1862759079900600428,2,2,0,15,1,1769927677,2026-02-01 01:37:46
1804894168423871442,14,1,13,8,1,1769927677,2026-02-01 01:37:46
0197e9da-ae03-40a7-8270-fe500bfc9e18,1,0,1,15,1,1769927677,2026-02-01 01:37:46
66db631c-0aca-11e7-82f6-3863bb44ef7c,27,20,7,20,1,1769927677,2026-02-01 01:37:46
1860189190334925058,2,0,2,17,1,1769927677,2026-02-01 01:37:46
2b33334b-243c-4a16-a6d2-32304c8884f1,1,1,0,15,1,1769927679,2026-02-01 01:37:46
c02864f0-2611-440b-98f4-45fddfd545fe,17,1,16,0,1,1769927679,2026-02-01 01:37:46
15e1568b-f502-47a2-9d3d-b5aaa1edc239,17,16,1,3,1,1769927679,2026-02-01 01:37:46
7380e377-936d-47d7-8abe-0f666d47465e,1,1,0,19,1,1769927679,2026-02-01 01:37:46
1871972060496771504,1,1,0,14,1,1769927679,2026-02-01 01:37:46
66db9cc4-0aca-11e7-82f6-3863bb44ef7c,9,1,8,26,1,1769927679,2026-02-01 01:37:46
ea9a19a6-acea-4286-a723-b5481c90a3c0,13,0,13,0,1,1769927680,2026-02-01 01:37:46
426862de-f8f2-4967-ba41-76680a4b460c,1,1,0,17,1,1769927681,2026-02-01 01:37:46
c45aa693-fedd-478f-ade9-bf176c4e32ff,7,1,6,10,1,1769927681,2026-02-01 01:37:46
2436e886-dc53-47cb-8733-d663f9dcd922,4,0,4,14,1,1769927682,2026-02-01 01:37:46
66dca682-0aca-11e7-82f6-3863bb44ef7c,20,9,11,37,1,1769927682,2026-02-01 01:37:46
66db33fc-0aca-11e7-82f6-3863bb44ef7c,43,37,6,11,1,1769927682,2026-02-01 01:37:46
b7d7543b-74ac-4a48-a3c4-412f9ffbc727,9,0,9,13,1,1769927682,2026-02-01 01:37:46
3bf69f3e-23f6-4abe-b5fe-dabe6b0ea066,4,2,2,17,1,1769927678,2026-02-01 01:37:46
d08be53f-9691-4d6f-81f3-7d052abb7dd6,2,2,0,16,1,1769927678,2026-02-01 01:37:46
66dc481a-0aca-11e7-82f6-3863bb44ef7c,48,27,21,6,1,1769927679,2026-02-01 01:37:46
48e7e465-f861-452a-9bf7-7eacd0b2bcac,19,2,17,0,1,1769927683,2026-02-01 01:37:46
d52d4171-fd60-4a28-b7e2-89f3693e0591,10,1,9,5,1,1769927683,2026-02-01 01:37:46
9b4a92ae-cefe-467a-8e35-5ce02d4f3a45,7,0,7,9,1,1769927683,2026-02-01 01:37:46
66dd266a-0aca-11e7-82f6-3863bb44ef7c,4,3,1,27,1,1769927684,2026-02-01 01:37:46
f06c01c3-fd7f-443c-a0c7-fc9233d77f6a,1,1,0,20,1,1769927684,2026-02-01 01:37:46
94771406-6712-4508-9392-11e9d90e1185,11,4,7,1,1,1769927684,2026-02-01 01:37:46
1817432233006383832,14,0,14,5,1,1769927682,2026-02-01 01:37:46
66dc9223-0aca-11e7-82f6-3863bb44ef7c,3,1,2,81,1,1769927682,2026-02-01 01:37:46
87091002-cc25-452a-b5d9-f8d0c3fce422,4,4,0,21,1,1769927680,2026-02-01 01:37:46
a82cc641-0926-4a63-b488-7060ab7dcd74,1,0,1,30,1,1769927680,2026-02-01 01:37:46
2121032035614514006,6,0,6,1,1,1769927681,2026-02-01 01:37:46
66dd4bf7-0aca-11e7-82f6-3863bb44ef7c,5,0,5,33,1,1769927681,2026-02-01 01:37:46
2121032708855884414,8,2,6,6,1,1769927693,2026-02-01 01:37:46
2e5cde21-f0a2-4396-899e-6df275e99212,0,0,0,18,1,1769927693,2026-02-01 01:37:46
66de269c-0aca-11e7-82f6-3863bb44ef7c,13,11,2,19,1,1769927693,2026-02-01 01:37:46
1864605659096685518,2,2,0,17,1,1769927694,2026-02-01 01:37:46
1887292564377354448,5,3,2,22,1,1769927693,2026-02-01 01:37:46
ccaadb70-6c87-4ccc-9914-a3167bd1bc0e,6,3,3,27,1,1769927691,2026-02-01 01:37:46
ffef95fa-600b-4f08-b2ce-e8eb034ebfd8,5,5,0,19,1,1769927691,2026-02-01 01:37:46
1859811213834095332,12,2,10,6,1,1769927695,2026-02-01 01:37:46
b7c6ce96-a24d-4c1e-93ee-6f49c1adf119,5,0,5,10,1,1769927695,2026-02-01 01:37:46
956de8aa-9e06-4efb-8eb0-35fe9b274a48,11,11,0,7,1,1769927695,2026-02-01 01:37:46
40eaa69a-d3ab-48fc-b395-b5bdc6a1aa85,7,1,6,13,1,1769927694,2026-02-01 01:37:46
1838685618105506490,0,0,0,18,1,1769927695,2026-02-01 01:37:46
1865017865553426604,9,1,8,5,1,1769927695,2026-02-01 01:37:46
66ddb6d9-0aca-11e7-82f6-3863bb44ef7c,46,10,36,15,1,1769927695,2026-02-01 01:37:46
5d994b32-b7a5-450d-9bbb-93bf3b03e6d5,1,1,0,15,1,1769927695,2026-02-01 01:37:46
a1112e04-bc50-4782-b3d6-bb5902c0e8db,4,3,1,16,1,1769927692,2026-02-01 01:37:46
324af152-33ea-48a7-8bb0-ad8b6f31571f,22,6,16,4,1,1769927692,2026-02-01 01:37:46
1834145468418707676,11,0,11,6,1,1769927692,2026-02-01 01:37:46
66dd20eb-0aca-11e7-82f6-3863bb44ef7c,5,3,2,26,1,1769927696,2026-02-01 01:37:46
a724eb92-55ca-4b9f-9a87-c2e87b3cbd40,1,0,1,19,1,1769927692,2026-02-01 01:37:46
d7f55e1b-12db-49d1-9cd8-4fb464745841,11,0,11,11,1,1769927692,2026-02-01 01:37:46
a958a8af-a0cc-4bca-9114-93c74ce3c693,3,0,3,19,1,1769927751,2026-02-01 01:37:46
c0a2d591-4eed-488b-b88b-0b23990e3756,15,0,15,3,1,1769927751,2026-02-01 01:37:46
1848241425697670086,23,2,21,2,1,1769927751,2026-02-01 01:37:46
1828969726487003714,5,2,3,11,1,1769927751,2026-02-01 01:37:46
bc512527-7863-48d5-aea8-3de470abc1ee,10,2,7,7,1,1769927752,2026-02-01 01:37:46
b930dd82-92d0-4d86-b896-7d8b827c2d5f,1,0,1,16,1,1769927751,2026-02-01 01:37:46
62e2b1dd-ca52-4e1c-a112-1d8846b9d9b5,11,2,9,3,1,1769927749,2026-02-01 01:37:46
1860188069348460678,15,1,14,2,1,1769927750,2026-02-01 01:37:46
0cc38ba1-4625-4821-9a6f-e490525cbce2,2,1,1,14,1,1769927750,2026-02-01 01:37:46
2009671276352543716,0,0,0,14,1,1769927750,2026-02-01 01:37:46
66dde3b1-0aca-11e7-82f6-3863bb44ef7c,0,0,0,10,0,1769485181,2026-02-01 01:37:46
5eac53d0-5510-441a-9dbb-76bd38acf4ef,2,0,2,14,1,1769927751,2026-02-01 01:37:46
bdcbd89b-9ae0-461b-aa1d-7db7ead07400,19,0,19,1,1,1769927752,2026-02-01 01:37:46
8a13182a-4823-4fe7-afcd-a4ef0b134ed9,3,1,2,16,1,1769927752,2026-02-01 01:37:46
2123939659270367896,6,2,4,9,1,1769927748,2026-02-01 01:37:46
1846086463217404850,12,3,9,6,1,1769927749,2026-02-01 01:37:46
7f6674c4-5568-4766-b172-0385348ae184,3,3,0,15,1,1769927748,2026-02-01 01:37:46
48b19cc8-bf45-4602-89ac-a8c0a0560c43,12,3,9,0,1,1769927750,2026-02-01 01:37:46
1786697528321024934,36,0,36,1,1,1769927750,2026-02-01 01:37:46
ddc8ca6c-dceb-4603-ab1e-4bd972ca2a3d,7,1,6,6,1,1769927750,2026-02-01 01:37:46
1819720453019329398,1,0,1,20,1,1769927750,2026-02-01 01:37:46
b9c209b2-6284-4f5a-a32a-680ef9da1c1f,1,1,0,17,1,1769927752,2026-02-01 01:37:46
2123939077451327830,8,4,4,3,1,1769927752,2026-02-01 01:37:46
2121033322026834516,10,0,10,3,1,1769927751,2026-02-01 01:37:46
66de88d7-0aca-11e7-82f6-3863bb44ef7c,3,0,3,37,1,1769927753,2026-02-01 01:37:46
1841926579628419438,0,0,0,17,1,1769927753,2026-02-01 01:37:46
d1c204d7-d575-417d-b134-6ebdf7e99f98,3,1,2,16,1,1769927753,2026-02-01 01:37:46
66de1c33-0aca-11e7-82f6-3863bb44ef7c,1,1,0,20,1,1769927753,2026-02-01 01:37:46
36025f2c-ee4d-4c1a-832d-733cf37f98ef,1,1,0,26,1,1769927753,2026-02-01 01:37:46
1861680889400379678,12,8,4,4,1,1769927753,2026-02-01 01:37:46
1898455214498195676,0,0,0,20,1,1769927754,2026-02-01 01:37:46
d837d1b0-8f80-4f6c-ae45-5dd0deec6977,10,3,7,8,1,1769927755,2026-02-01 01:37:46
e1a3f2f9-618f-4727-b2d6-676e02aadf17,8,2,6,10,1,1769927754,2026-02-01 01:37:46
2126579619522812246,8,5,3,1,1,1769927754,2026-02-01 01:37:46
6651fc84-09d1-4cdb-a8d5-7d6345fb3466,8,0,8,7,1,1769927754,2026-02-01 01:37:46
1861683747231494964,1,0,1,13,1,1769927754,2026-02-01 01:37:46
1882735457106787122,20,11,9,3,1,1769927754,2026-02-01 01:37:46
66dbf062-0aca-11e7-82f6-3863bb44ef7c,26,15,11,8,1,1769927755,2026-02-01 01:37:46
29223935-a682-411c-9f25-577bbb9804fc,13,0,13,0,1,1769927755,2026-02-01 01:37:46
1827839088308194240,62,56,6,30,1,1769927755,2026-02-01 01:37:46
1876864480506022446,12,0,12,6,1,1769927755,2026-02-01 01:37:46
2126623199408050430,4,0,4,9,1,1769927755,2026-02-01 01:37:46
1854538793462575652,10,6,4,4,1,1769927756,2026-02-01 01:37:46
b64eb0a5-d6d4-4f45-8c9a-e2d004819c99,4,4,0,14,1,1769927756,2026-02-01 01:37:46
66db479e-0aca-11e7-82f6-3863bb44ef7c,15,3,12,18,1,1769927756,2026-02-01 01:37:46
774c5443-d463-42b3-bfc5-b0ab3c56fe35,4,4,0,23,1,1769927756,2026-02-01 01:37:46
66dd43bd-0aca-11e7-82f6-3863bb44ef7c,9,3,6,29,1,1769927757,2026-02-01 01:37:46
0e5be726-2452-42a0-9be8-ea85c8408e4c,0,0,0,20,1,1769927756,2026-02-01 01:37:46
2124037656159914878,2,0,2,7,1,1769927679,2026-02-01 01:37:46
2bf9addc-038b-48fe-8794-dde085c5e5dc,0,0,0,34,0,1769842819,2026-02-01 01:37:46
66dc864c-0aca-11e7-82f6-3863bb44ef7c,15,4,11,9,1,1769927757,2026-02-01 01:37:46
66dc741f-0aca-11e7-82f6-3863bb44ef7c,33,31,2,21,1,1769927757,2026-02-01 01:37:46
1a083890-e22b-4f81-8d98-567784034916,19,4,15,2,1,1769927757,2026-02-01 01:37:46
9e0b3452-ef6d-4e94-8c05-7bef199cdb74,2,1,1,14,1,1769927757,2026-02-01 01:37:46
2007842506069575758,18,4,14,0,1,1769927758,2026-02-01 01:37:46
2132211694027383298,8,2,6,3,1,1769927758,2026-02-01 01:37:46
e2fc6d90-8deb-4e21-961d-9d5208c1f986,14,0,14,6,1,1769927758,2026-02-01 01:37:46
1877920686883352866,8,4,4,0,1,1769927759,2026-02-01 01:37:46
2171902875345687974,0,0,0,0,0,86400,2026-02-01 01:37:46
66db473c-0aca-11e7-82f6-3863bb44ef7c,0,0,0,3,0,1768246235,2026-02-01 01:37:46
dc8223ad-4108-40a8-9ff5-35e8490b4077,0,0,0,0,0,86400,2026-02-01 01:37:46
2004153375425087884,0,0,0,0,0,86400,2026-02-01 01:37:46
2171904090179944948,0,0,0,0,0,86400,2026-02-01 01:37:46
2177017749848514898,0,0,0,0,0,86400,2026-02-01 01:37:46
2177016064191230822,0,0,0,0,0,86400,2026-02-01 01:37:46
2177016343889563330,0,0,0,0,0,86400,2026-02-01 01:37:46
2177013822218302292,0,0,0,0,0,86400,2026-02-01 01:37:46
2177013981286744096,0,0,0,0,0,86400,2026-02-01 01:37:46
66dc7a7d-0aca-11e7-82f6-3863bb44ef7c,0,0,0,0,0,1760532172,2026-02-01 01:37:46
2171902770580328596,0,0,0,0,0,86400,2026-02-01 01:37:46
66dcfaf6-0aca-11e7-82f6-3863bb44ef7c,0,0,0,6,0,1769847747,2026-02-01 01:37:46
fe93b3ae-1d86-4ee9-9eb6-9e11808966aa,0,0,0,16,0,1769877782,2026-02-01 01:37:46
d7904cd0-4b1b-47d0-8103-937bcf5ff845,0,0,0,2,0,1769820127,2026-02-01 01:37:46
ad41e353-033e-484f-8d76-78014e11e9d7,0,0,0,15,0,1769848017,2026-02-01 01:37:46
1851674145014649512,7,2,5,15,1,1769927638,2026-02-01 01:37:46
1856766912456610780,1,1,0,19,1,1769927638,2026-02-01 01:37:46
1954806962718223342,24,12,12,2,1,1769927638,2026-02-01 01:37:46
1815968147129520346,0,0,0,20,1,1769927641,2026-02-01 01:37:46
1869851741257474316,22,0,22,2,1,1769927642,2026-02-01 01:37:46
1869439368558197224,1,0,1,17,1,1769927642,2026-02-01 01:37:46
66dde8ac-0aca-11e7-82f6-3863bb44ef7c,2,2,0,33,1,1769927639,2026-02-01 01:37:46
1860188194745712748,15,0,15,3,1,1769927640,2026-02-01 01:37:46
305c221f-4e0b-4a5a-902c-3d1043dfe606,3,2,1,13,1,1769927646,2026-02-01 01:37:46
a4bb6fac-b795-4aa7-a266-613419019290,2,1,1,15,1,1769927646,2026-02-01 01:37:46
66de867e-0aca-11e7-82f6-3863bb44ef7c,5,1,4,23,1,1769927646,2026-02-01 01:37:46
901cab1a-a77e-424e-b602-16883e792f93,4,0,4,14,1,1769927645,2026-02-01 01:37:46
344b52b0-73a9-4fe3-9132-23d0502dc0ae,3,1,2,13,1,1769927640,2026-02-01 01:37:46
e0b80983-c520-47e3-9c8d-a17fff5e5582,14,0,14,3,1,1769927641,2026-02-01 01:37:46
66de48f9-0aca-11e7-82f6-3863bb44ef7c,12,0,12,7,1,1769927641,2026-02-01 01:37:46
2576805f-9732-4c74-8f1d-57715e8cdfa2,0,0,0,28,1,1769927649,2026-02-01 01:37:46
632b140c-65de-4f50-9cc2-c001ae011aea,3,1,2,54,1,1769927649,2026-02-01 01:37:46
1786697003367719132,20,3,16,8,1,1769927651,2026-02-01 01:37:46
66db5c14-0aca-11e7-82f6-3863bb44ef7c,5,3,2,19,1,1769927647,2026-02-01 01:37:46
361dd964-db79-47dd-b044-eac88c735249,1,0,1,19,1,1769927647,2026-02-01 01:37:46
9a40cb60-6ede-4c9e-9d64-dc55cae57f31,1,0,1,26,1,1769927648,2026-02-01 01:37:46
66dcc30b-0aca-11e7-82f6-3863bb44ef7c,2,1,1,15,1,1769927648,2026-02-01 01:37:46
66dcbe7c-0aca-11e7-82f6-3863bb44ef7c,0,0,0,13,0,1769844461,2026-02-01 01:37:46
66dd039b-0aca-11e7-82f6-3863bb44ef7c,10,5,5,2,1,1769927650,2026-02-01 01:37:46
61bc2467-aa8c-4386-ba9e-3f01120bd6b8,8,3,5,8,1,1769927652,2026-02-01 01:37:46
647a2a80-9630-41b0-9b91-1f464b0bf3cc,47,40,7,16,1,1769927648,2026-02-01 01:37:46
1848242058183072050,6,0,6,8,1,1769927652,2026-02-01 01:37:46
66ddede1-0aca-11e7-82f6-3863bb44ef7c,12,7,5,7,1,1769927657,2026-02-01 01:37:46
1869753195262578852,2,1,1,14,1,1769927653,2026-02-01 01:37:46
44a80c48-c1a9-4ff1-92eb-6bf8be492f5e,4,1,3,11,1,1769927654,2026-02-01 01:37:46
94f77501-32e5-4539-90c6-82d4198f7991,2,0,2,14,1,1769927654,2026-02-01 01:37:46
43f3d3c7-46b0-4812-879d-15afe8804c5f,12,4,8,9,1,1769927658,2026-02-01 01:37:46
e780c290-0c52-4ab1-9719-a581be789df3,0,0,0,13,1,1769927658,2026-02-01 01:37:46
1064b4b0-e9c8-4139-ac48-f118305dbe69,2,1,1,21,1,1769927658,2026-02-01 01:37:46
1e3a16ff-65ba-4d34-b3c6-37aff44e085a,16,8,8,20,1,1769927658,2026-02-01 01:37:46
66dbb869-0aca-11e7-82f6-3863bb44ef7c,6,3,3,12,1,1769927658,2026-02-01 01:37:46
cad68b8c-6d68-4c5f-88fe-b1aa3e40727a,7,0,7,12,1,1769927658,2026-02-01 01:37:46
66db44e5-0aca-11e7-82f6-3863bb44ef7c,2,0,2,34,1,1769927656,2026-02-01 01:37:46
d7bdc3d7-6e6d-4899-9cc7-f4238a86c695,3,0,3,20,1,1769927659,2026-02-01 01:37:46
66db74a5-0aca-11e7-82f6-3863bb44ef7c,26,3,23,17,1,1769927659,2026-02-01 01:37:46
66db2d2b-0aca-11e7-82f6-3863bb44ef7c,19,8,11,12,1,1769927663,2026-02-01 01:37:46
2127386446510160022,0,0,0,18,0,1769917907,2026-02-01 01:37:46
c3d5f47f-cfc3-4c1f-86bb-bcf770d2949b,15,2,13,4,1,1769927663,2026-02-01 01:37:46
5780ae63-54e5-48e3-a00c-9c403cb75401,12,1,11,8,1,1769927664,2026-02-01 01:37:46
66de10a8-0aca-11e7-82f6-3863bb44ef7c,0,0,0,11,0,1769926089,2026-02-01 01:37:46
d1138533-504c-4d29-b71c-299e1d31f159,16,2,14,16,1,1769927661,2026-02-01 01:37:46
5c3c345d-1975-400d-a9d8-18815816886e,17,15,2,24,1,1769927661,2026-02-01 01:37:46
c63e9937-cadb-4813-aee3-5fd3fcc93767,2,0,2,17,1,1769927664,2026-02-01 01:37:46
387e2863-83ad-4589-8004-794a7b624801,2,1,1,16,1,1769927664,2026-02-01 01:37:46
53e30d38-a110-42b4-a8f9-ca801a847ac7,36,16,20,4,1,1769927665,2026-02-01 01:37:46
158e7752-27e2-4912-be0b-eb15405aa096,0,0,0,7,0,1769777946,2026-02-01 01:37:46
66db88f5-0aca-11e7-82f6-3863bb44ef7c,9,2,7,22,1,1769927662,2026-02-01 01:37:46
3c135a2e-eeea-4e81-9c0a-8d14a6049198,9,0,9,9,1,1769927662,2026-02-01 01:37:46
35a5b4d6-2d90-4b60-b68b-03bb60fb1afc,1,1,0,17,1,1769927662,2026-02-01 01:37:46
d33261e6-600e-4756-ad03-a9facbd8ace1,0,0,0,5,0,1769799678,2026-02-01 01:37:46
db29242d-6ff3-4e22-85fe-45fa3d03ec39,1,1,0,17,1,1769927662,2026-02-01 01:37:46
993fc83f-52c6-43f4-bb49-4abe4ad48150,0,0,0,18,1,1769927670,2026-02-01 01:37:46
2b54cb2c-31be-4620-a13c-0fa72b58c90a,0,0,0,26,1,1769927670,2026-02-01 01:37:46
1899178885660253096,14,10,4,1,1,1769927671,2026-02-01 01:37:46
1851999409149780880,11,0,11,8,1,1769927671,2026-02-01 01:37:46
cc758f1a-8b28-4ff5-bc75-fbe62c453378,2,2,0,19,1,1769927671,2026-02-01 01:37:46
88ee054e-bdeb-4305-8f3b-76eb964f2c84,2,0,2,11,1,1769927666,2026-02-01 01:37:46
1817432104157364846,11,0,11,1,1,1769927666,2026-02-01 01:37:46
e34bb92f-6911-449a-999b-5bc80e0322fe,5,0,5,12,1,1769927667,2026-02-01 01:37:46
1d130e43-0408-4423-bb52-77a08372cefa,2,2,0,24,1,1769927669,2026-02-01 01:37:46
668ef22c-4665-4f42-bf6a-ab9e8a2899b1,2,0,2,21,1,1769927669,2026-02-01 01:37:46
285ad3c2-3ffe-45bb-8765-9c20a69641a6,7,2,5,5,1,1769927675,2026-02-01 01:37:46
d3433b47-99a7-4b21-9fa7-d7052bb5c23b,2,0,2,13,1,1769927675,2026-02-01 01:37:46
8d097a6d-f17c-4195-9dd4-42527b371c71,33,29,4,25,1,1769927675,2026-02-01 01:37:46
c2800791-1911-4f2b-8fc7-bed280c557c0,38,33,5,5,1,1769927676,2026-02-01 01:37:46
1828966363527611286,13,0,13,2,1,1769927673,2026-02-01 01:37:46
1840540966407039246,0,0,0,1,0,1769788119,2026-02-01 01:37:46
550153a5-2ea1-4c76-b1cd-77667005f55d,0,0,0,11,0,1769774525,2026-02-01 01:37:46
1836581807397045112,0,0,0,23,1,1769927673,2026-02-01 01:37:46
e8df73bd-5d3d-47c9-b04d-bcec4db5540f,38,3,35,16,1,1769927673,2026-02-01 01:37:46
de6f4206-3aa9-4cb9-aae0-8547d2cd6854,18,1,17,1,1,1769927674,2026-02-01 01:37:46
a1acdab2-29c7-4956-8b2e-24b39dc2ff13,0,0,0,42,0,1769853848,2026-02-01 01:37:46
78b4aa30-e4e9-4447-9419-c89f8527892e,2,2,0,17,1,1769927677,2026-02-01 01:37:46
66dd1585-0aca-11e7-82f6-3863bb44ef7c,34,2,32,1,1,1769927677,2026-02-01 01:37:46
1947367330341251364,1,1,0,18,1,1769927677,2026-02-01 01:37:46
7bdd60e9-c0fd-40f6-aa9a-d5fa004d4fe3,14,0,14,3,1,1769927678,2026-02-01 01:37:46
a58ff2e3-a5ae-4070-a26d-ddfe8cc6fc58,0,0,0,2,0,1769837012,2026-02-01 01:37:46
66db7152-0aca-11e7-82f6-3863bb44ef7c,22,8,14,22,1,1769927672,2026-02-01 01:37:46
66db64d1-0aca-11e7-82f6-3863bb44ef7c,9,1,8,7,1,1769927673,2026-02-01 01:37:46
66db3606-0aca-11e7-82f6-3863bb44ef7c,12,0,12,41,1,1769927677,2026-02-01 01:37:46
66de2556-0aca-11e7-82f6-3863bb44ef7c,38,31,7,28,1,1769927674,2026-02-01 01:37:46
66dc21d4-0aca-11e7-82f6-3863bb44ef7c,3,2,1,29,1,1769927675,2026-02-01 01:37:46
66db3273-0aca-11e7-82f6-3863bb44ef7c,28,20,8,8,1,1769927682,2026-02-01 01:37:46
0109f17a-2378-4500-9648-88bdb31ec612,30,0,30,0,1,1769927682,2026-02-01 01:37:46
7a725e59-49be-4c1d-9c3d-3b3a8ed1232f,8,6,2,8,1,1769927681,2026-02-01 01:37:46
d7632897-a6eb-4f8f-9ab2-c66426620fbf,7,0,7,5,1,1769927681,2026-02-01 01:37:46
66dd546c-0aca-11e7-82f6-3863bb44ef7c,11,1,10,7,1,1769927679,2026-02-01 01:37:46
002e6e9f-ced2-47b0-bc7e-ccf38c3b4b0f,3,0,3,15,1,1769927678,2026-02-01 01:37:46
66de2a00-0aca-11e7-82f6-3863bb44ef7c,15,1,14,7,1,1769927679,2026-02-01 01:37:46
623c9658-5544-4254-847e-738763cf45a3,7,5,2,10,1,1769927679,2026-02-01 01:37:46
90c35466-db3c-4b0d-993e-6e92883773b4,52,39,13,11,1,1769927679,2026-02-01 01:37:46
1828969323789472168,12,5,7,0,1,1769927679,2026-02-01 01:37:46
66de482a-0aca-11e7-82f6-3863bb44ef7c,5,0,5,6,1,1769927680,2026-02-01 01:37:46
2743a950-3a1f-4a58-8fe0-f4105033e0e3,6,5,1,14,1,1769927682,2026-02-01 01:37:46
59e3766c-0629-4ff1-a1d9-bc0514a55487,5,2,3,17,1,1769927682,2026-02-01 01:37:46
8ea09819-cd88-4732-b047-c0549f0b370f,19,11,8,6,1,1769927679,2026-02-01 01:37:46
1f872052-38c4-4701-96c4-c363de51c2b5,1,0,1,54,1,1769927679,2026-02-01 01:37:46
d47c856e-8cda-4da0-b8eb-1ccf0e6ef7ab,1,1,0,27,1,1769927682,2026-02-01 01:37:46
cac843c2-8b21-47bb-a3b9-712f95d7f7aa,15,3,12,0,1,1769927683,2026-02-01 01:37:46
1862008413697896912,1,0,1,17,1,1769927683,2026-02-01 01:37:46
1d167807-0aa8-413a-b7a0-01c2ca8a6a60,3,0,3,9,1,1769927683,2026-02-01 01:37:46
c46a2889-258b-4fc5-a452-1d4e7dfe683a,2,0,2,15,1,1769927683,2026-02-01 01:37:46
8fa2fafb-fa07-48b2-b159-bffbea7176d4,1,0,1,18,1,1769927683,2026-02-01 01:37:46
66de5095-0aca-11e7-82f6-3863bb44ef7c,5,2,3,11,1,1769927686,2026-02-01 01:37:46
4bbf50a9-47c2-4a32-97c2-1f6bc4f9d401,22,3,19,7,1,1769927687,2026-02-01 01:37:46
1845676816555735590,10,2,8,10,1,1769927686,2026-02-01 01:37:46
ca4795a2-6ab3-4597-bf59-f0155ac1637c,21,5,16,42,1,1769927686,2026-02-01 01:37:46
1861681121800951962,14,3,11,4,1,1769927687,2026-02-01 01:37:46
66dc41bb-0aca-11e7-82f6-3863bb44ef7c,4,1,3,36,1,1769927687,2026-02-01 01:37:46
66dc2bc5-0aca-11e7-82f6-3863bb44ef7c,3,3,0,102,1,1769927687,2026-02-01 01:37:46
66dea894-0aca-11e7-82f6-3863bb44ef7c,28,18,10,7,1,1769927684,2026-02-01 01:37:46
648e09b6-95c2-40d3-9dac-a43f22eccf38,3,2,1,21,1,1769927684,2026-02-01 01:37:46
1b22c037-207d-454a-90aa-8f22d0a8a7e3,15,0,15,6,1,1769927685,2026-02-01 01:37:46
66de65a4-0aca-11e7-82f6-3863bb44ef7c,3,0,3,17,1,1769927685,2026-02-01 01:37:46
3d339282-d5c7-41ec-b634-6a988aefd440,4,2,2,11,1,1769927686,2026-02-01 01:37:46
e4645d0d-8b76-4c46-b2b9-be25592e0659,4,2,2,17,1,1769927686,2026-02-01 01:37:46
063e7e78-b810-4a2f-8045-a82a0d69d752,22,9,13,22,1,1769927684,2026-02-01 01:37:46
66db63f4-0aca-11e7-82f6-3863bb44ef7c,3,0,3,10,1,1769927688,2026-02-01 01:37:46
f001fac9-5f19-451e-a752-afde574a8c81,0,0,0,16,1,1769927692,2026-02-01 01:37:46
66dde914-0aca-11e7-82f6-3863bb44ef7c,12,5,7,13,1,1769927692,2026-02-01 01:37:46
b516fedb-3ced-4683-8c17-7e5f6dadf04d,17,2,15,13,1,1769927692,2026-02-01 01:37:46
61647ec6-dfd6-4d1c-8800-d488d390c627,21,14,7,9,1,1769927692,2026-02-01 01:37:46
4034789e-b70d-4aae-bf18-3ed37a4d751f,11,3,8,5,1,1769927688,2026-02-01 01:37:46
66dbc60f-0aca-11e7-82f6-3863bb44ef7c,0,0,0,0,0,1769871706,2026-02-01 01:37:46
66de5613-0aca-11e7-82f6-3863bb44ef7c,46,1,45,14,1,1769927691,2026-02-01 01:37:46
be8e6f1c-e8b5-40bd-896d-423052ba3bbc,2,0,2,12,1,1769927693,2026-02-01 01:37:46
55fda28d-56a8-4db2-b42a-072714f18471,12,0,12,1,1,1769927693,2026-02-01 01:37:46
04d557d6-6bc3-4244-b0f1-81ed1449ccd6,7,5,2,4,1,1769927693,2026-02-01 01:37:46
9b70cbe2-25fc-42f8-b6e6-ac21ef248e4b,2,0,2,16,1,1769927688,2026-02-01 01:37:46
eb41a103-0196-4f19-a440-256167191a7d,1,1,0,15,1,1769927689,2026-02-01 01:37:46
bc346753-b68a-4cb3-b93f-b0be68227eae,4,1,3,14,1,1769927697,2026-02-01 01:37:46
1828966104320053340,6,0,6,10,1,1769927697,2026-02-01 01:37:46
1861682444178541220,21,0,21,5,1,1769927694,2026-02-01 01:37:46
1903998756008763590,4,1,3,43,1,1769927695,2026-02-01 01:37:46
0e003543-3656-448f-8a93-029d265f2e26,12,1,11,12,1,1769927695,2026-02-01 01:37:46
66dde845-0aca-11e7-82f6-3863bb44ef7c,2,2,0,25,1,1769927695,2026-02-01 01:37:46
1893542109140147108,11,2,9,4,1,1769927694,2026-02-01 01:37:46
3863f086-ae35-4d0e-8c91-2b6e3e5827a1,23,10,13,7,1,1769927698,2026-02-01 01:37:46
1885442082749874736,2,1,1,17,1,1769927698,2026-02-01 01:37:46
62089e99-7f73-4f59-816d-57f9793484a1,11,0,11,1,1,1769927698,2026-02-01 01:37:46
f91170e6-a33c-4870-94da-9d51510515d2,2,1,1,14,1,1769927700,2026-02-01 01:37:46
1815967159287043052,10,1,9,13,1,1769927700,2026-02-01 01:37:46
5736cd70-be41-483e-8d82-721874f40e6e,5,0,5,13,1,1769927700,2026-02-01 01:37:46
1880644160834607498,10,2,8,11,1,1769927700,2026-02-01 01:37:46
66dbf518-0aca-11e7-82f6-3863bb44ef7c,9,1,8,13,1,1769927701,2026-02-01 01:37:46
c0c6a931-c1d3-4202-a433-c4127a4cd846,1,1,0,18,1,1769927700,2026-02-01 01:37:46
dd351a72-4241-4275-843d-0fffa8a1f414,3,2,1,18,1,1769927701,2026-02-01 01:37:46
45865207-8700-4ef2-99ed-b08889ef0250,5,0,5,15,1,1769927699,2026-02-01 01:37:46
7603028c-8b04-4918-8a25-a087ce57aea4,15,1,14,15,1,1769927699,2026-02-01 01:37:46
66dd4b2b-0aca-11e7-82f6-3863bb44ef7c,1,1,0,43,1,1769927699,2026-02-01 01:37:46
1836581534415880440,2,1,1,24,1,1769927700,2026-02-01 01:37:46
062ffe5a-aa91-412d-8210-23d562c7e7f8,2,2,0,17,1,1769927704,2026-02-01 01:37:46
66db7a71-0aca-11e7-82f6-3863bb44ef7c,1,1,0,35,1,1769927704,2026-02-01 01:37:46
a8560d28-9ee1-4af4-9180-7e9c4dd0d147,10,1,9,7,1,1769927704,2026-02-01 01:37:46
1841240663447542046,4,2,1,13,1,1769927702,2026-02-01 01:37:46
38bb1218-0a9e-41d9-b2ef-25c8626dac29,6,0,6,7,1,1769927702,2026-02-01 01:37:46
9c1c3499-1b11-471f-b59a-87d9e27e15c5,16,5,11,2,1,1769927702,2026-02-01 01:37:46
a0eec052-257a-4c79-8171-6e2ad9864ad0,11,1,10,16,1,1769927702,2026-02-01 01:37:46
66dcc5ca-0aca-11e7-82f6-3863bb44ef7c,0,0,0,0,0,1769927702,2026-02-01 01:37:46
1786696384892428996,4,2,2,16,1,1769927701,2026-02-01 01:37:46
66db7637-0aca-11e7-82f6-3863bb44ef7c,0,0,0,31,0,1769922556,2026-02-01 01:37:46
1838070776953752336,2,0,2,19,1,1769927699,2026-02-01 01:37:46
66dbbc4a-0aca-11e7-82f6-3863bb44ef7c,9,2,7,10,1,1769927707,2026-02-01 01:37:46
66db402c-0aca-11e7-82f6-3863bb44ef7c,44,16,28,34,1,1769927708,2026-02-01 01:37:46
66dc7cc3-0aca-11e7-82f6-3863bb44ef7c,2,1,1,36,1,1769927708,2026-02-01 01:37:46
1893622839585237496,14,10,4,49,1,1769927708,2026-02-01 01:37:46
f4f9a09c-010c-430c-a766-3390c44b4962,0,0,0,15,1,1769927708,2026-02-01 01:37:46
ce95fbdd-b7d2-46fc-910d-5c170e4b7610,0,0,0,18,1,1769927708,2026-02-01 01:37:46
66de186f-0aca-11e7-82f6-3863bb44ef7c,8,3,5,16,1,1769927708,2026-02-01 01:37:46
66dbe848-0aca-11e7-82f6-3863bb44ef7c,101,71,30,12,1,1769927708,2026-02-01 01:37:46
66dc192f-0aca-11e7-82f6-3863bb44ef7c,17,1,16,2,1,1769927708,2026-02-01 01:37:46
66de2b97-0aca-11e7-82f6-3863bb44ef7c,11,7,4,16,1,1769927708,2026-02-01 01:37:46
66dc4b4c-0aca-11e7-82f6-3863bb44ef7c,5,3,2,52,1,1769927709,2026-02-01 01:37:46
e58234a3-5b23-427e-948f-c1e4571b2bfa,20,2,18,38,1,1769927709,2026-02-01 01:37:46
1860189813948384088,9,3,6,8,1,1769927709,2026-02-01 01:37:46
1318e05a-2506-43c6-b49d-4c1f7f69a267,6,3,3,7,1,1769927710,2026-02-01 01:37:46
66dda55f-0aca-11e7-82f6-3863bb44ef7c,0,0,0,17,0,1769918437,2026-02-01 01:37:46
66dcc047-0aca-11e7-82f6-3863bb44ef7c,0,0,0,15,0,1769848779,2026-02-01 01:37:46
66dbe7b6-0aca-11e7-82f6-3863bb44ef7c,3,3,0,24,1,1769927706,2026-02-01 01:37:46
1843486464469891376,0,0,0,17,1,1769927706,2026-02-01 01:37:46
1846085626867634660,1,0,1,16,1,1769927706,2026-02-01 01:37:46
d8673258-9513-4ed2-86bf-bef62e7e4e30,0,0,0,8,0,1769776032,2026-02-01 01:37:46
1860188907884823208,3,0,3,16,1,1769927707,2026-02-01 01:37:46
1875672501601550456,6,0,6,11,1,1769927707,2026-02-01 01:37:46
1b985e4b-88de-42a8-95be-dce37dbbc5c5,7,0,7,15,1,1769927705,2026-02-01 01:37:46
f15ccc6e-5a7c-46e7-b505-0bfc9cae3d83,1,1,0,28,1,1769927710,2026-02-01 01:37:46
66dbeded-0aca-11e7-82f6-3863bb44ef7c,0,0,0,16,1,1769927710,2026-02-01 01:37:46
a2f71eea-05a2-4fe7-99ab-f74535c880ae,3,2,1,15,1,1769927711,2026-02-01 01:37:46
66ddeffd-0aca-11e7-82f6-3863bb44ef7c,3,0,3,12,1,1769927708,2026-02-01 01:37:46
1057229c-f8f8-4014-80cd-f40421c61cf0,9,8,1,8,1,1769927705,2026-02-01 01:37:46
dc34ba4c-d8e5-4674-a02e-210c950c05c1,0,0,0,24,1,1769927711,2026-02-01 01:37:46
e1886e7a-62b1-4359-9835-8ab5a16371ae,1,0,1,17,1,1769927712,2026-02-01 01:37:46
625711ba-3b5d-46a7-a8f9-7f4eb17ec1be,8,2,6,15,1,1769927712,2026-02-01 01:37:46
66db2afe-0aca-11e7-82f6-3863bb44ef7c,27,22,5,3,1,1769927712,2026-02-01 01:37:46
d5d589e6-457f-4cd4-bf78-59165dce28b2,16,8,8,1,1,1769927712,2026-02-01 01:37:46
141eb0e0-e78d-411a-a0be-202a6424cc93,17,1,16,4,1,1769927712,2026-02-01 01:37:46
18846fd4-877c-4971-9b6f-1bd8fbc10346,2,0,2,17,1,1769927713,2026-02-01 01:37:46
66de8a86-0aca-11e7-82f6-3863bb44ef7c,7,3,4,49,1,1769927713,2026-02-01 01:37:46
1932126716328112534,20,1,19,1,1,1769927713,2026-02-01 01:37:46
821b19c1-ab13-4482-9580-770288a377a7,4,2,2,32,1,1769927714,2026-02-01 01:37:46
66dd0808-0aca-11e7-82f6-3863bb44ef7c,0,0,0,23,1,1769927714,2026-02-01 01:37:46
66dd4b91-0aca-11e7-82f6-3863bb44ef7c,2,2,0,29,1,1769927714,2026-02-01 01:37:46
afc79a38-e26d-48f7-94e4-d0aca8fd1c49,2,1,1,14,1,1769927714,2026-02-01 01:37:46
1869439561831725810,3,0,3,19,1,1769927715,2026-02-01 01:37:46
594b4656-9d83-4301-8967-3b92c126531c,13,5,8,10,1,1769927716,2026-02-01 01:37:46
fda0c217-9504-4b26-8a25-e40b603ee5fa,1,1,0,14,1,1769927716,2026-02-01 01:37:46
1854538169357726138,1,1,0,16,1,1769927714,2026-02-01 01:37:46
96a0b676-e966-4d96-b04b-ceb8149cedcd,1,0,1,15,1,1769927715,2026-02-01 01:37:46
5db1fefa-0f10-4c58-a7ce-113f3164ced8,7,1,6,6,1,1769927715,2026-02-01 01:37:46
96878d29-481d-48dc-bcdc-a5f1ce88c76d,5,0,5,14,1,1769927715,2026-02-01 01:37:46
b94d0241-bce7-44a9-ab1c-ece0740a4134,2,2,0,12,1,1769927715,2026-02-01 01:37:46
bd1760ad-3af3-4ede-9bd7-c8fbf46d7192,3,2,1,14,1,1769927722,2026-02-01 01:37:46
122111c9-9a61-4372-a756-fb2495611cb6,2,1,1,9,1,1769927723,2026-02-01 01:37:46
b4063b76-1abd-465c-96a4-45f6ee016bc5,3,2,1,12,1,1769927723,2026-02-01 01:37:46
ad17bd9a-735b-4a11-8ad3-dc7800e342af,13,4,9,12,1,1769927721,2026-02-01 01:37:46
66db40ef-0aca-11e7-82f6-3863bb44ef7c,34,22,12,9,1,1769927721,2026-02-01 01:37:46
36b55a0f-e55d-4849-859a-09b3273fb782,8,0,8,8,1,1769927721,2026-02-01 01:37:46
bbb48e80-7d2f-4b3c-bb8c-591bc931945a,6,0,6,8,1,1769927717,2026-02-01 01:37:46
cc834d78-6eca-450a-ae00-a5ffc6f1a7a6,14,0,14,0,1,1769927718,2026-02-01 01:37:46
db41cc62-86ea-4421-bfaf-9b6511cfee10,1,0,1,29,1,1769927718,2026-02-01 01:37:46
0b94cc1e-2327-4679-99d9-3b21ddc02051,14,3,11,17,1,1769927718,2026-02-01 01:37:46
1938139112487078732,4,2,2,26,1,1769927718,2026-02-01 01:37:46
1835247196073118026,10,4,6,4,1,1769927720,2026-02-01 01:37:46
23bc4d9b-1ec2-45fb-9228-e41517346b24,11,5,6,0,1,1769927720,2026-02-01 01:37:46
d6834194-029d-4e2d-83b0-ee78ab5acda2,8,2,6,4,1,1769927717,2026-02-01 01:37:46
fd081854-3f37-420a-9785-ea63c09c12ad,1,1,0,18,1,1769927719,2026-02-01 01:37:46
2f656bc4-7743-4326-8330-a22bd41d9d17,4,1,3,20,1,1769927719,2026-02-01 01:37:46
e612122d-e0fd-4ebf-8d51-0f48f9d1b580,15,0,15,1,1,1769927719,2026-02-01 01:37:46
284b08f2-3d26-4f52-9463-25e4a07c16f7,7,4,3,19,1,1769927724,2026-02-01 01:37:46
1e6c5d0c-f406-4b60-88f6-6284a38d3930,3,1,2,13,1,1769927724,2026-02-01 01:37:46
1815968026870435892,7,5,2,11,1,1769927718,2026-02-01 01:37:46
3c6c0d12-80dd-4c49-b7c5-e3549588b8cf,12,3,9,9,1,1769927718,2026-02-01 01:37:46
a3e2b360-f050-48ea-b8c8-57d897b8f7fc,4,4,0,13,1,1769927717,2026-02-01 01:37:46
d9ea5210-50b3-4342-9801-f896bd21f4a1,2,2,0,20,1,1769927717,2026-02-01 01:37:46
66de099d-0aca-11e7-82f6-3863bb44ef7c,1,0,1,36,1,1769927723,2026-02-01 01:37:46
66dc0cc7-0aca-11e7-82f6-3863bb44ef7c,4,3,0,37,1,1769927723,2026-02-01 01:37:46
1828968794479100296,7,0,7,9,1,1769927723,2026-02-01 01:37:46
844c68cc-19f0-474a-86d3-4af170117aae,7,7,0,11,1,1769927724,2026-02-01 01:37:46
ca4e4962-2169-4559-8f60-b05ab7809750,11,2,9,10,1,1769927726,2026-02-01 01:37:46
66de08c9-0aca-11e7-82f6-3863bb44ef7c,7,0,7,12,1,1769927726,2026-02-01 01:37:46
f3c68cfb-52fd-48c8-b6e5-85c179fee0b3,9,4,5,12,1,1769927727,2026-02-01 01:37:46
1884688942632618210,5,5,0,18,1,1769927727,2026-02-01 01:37:46
66dd448f-0aca-11e7-82f6-3863bb44ef7c,18,16,2,18,1,1769927727,2026-02-01 01:37:46
26176e86-8362-4c91-a693-6aa3f9ce0b73,3,1,2,9,1,1769927727,2026-02-01 01:37:46
1828969112306680612,12,7,5,6,1,1769927728,2026-02-01 01:37:46
0c106e83-c47a-4233-b5e4-62bbb75d0bed,0,0,0,18,1,1769927728,2026-02-01 01:37:46
66dce567-0aca-11e7-82f6-3863bb44ef7c,4,0,4,13,1,1769927728,2026-02-01 01:37:46
7a8b474b-7577-4316-a192-d57576d194a3,5,3,2,10,1,1769927728,2026-02-01 01:37:46
6f21be51-6fde-4cde-b1db-b102a5f67300,14,0,14,2,1,1769927728,2026-02-01 01:37:46
2144768975813378884,1,1,0,16,1,1769927728,2026-02-01 01:37:46
1828967830172187422,1,0,1,25,1,1769927725,2026-02-01 01:37:46
203d7b9a-8666-4af1-81c7-f9fc36aa0952,0,0,0,16,1,1769927726,2026-02-01 01:37:46
2124037775602344266,3,0,3,10,1,1769927648,2026-02-01 01:37:46
66db8d89-0aca-11e7-82f6-3863bb44ef7c,27,22,5,13,1,1769927725,2026-02-01 01:37:46
b0239a13-649a-4d31-aa04-56b8aaeba4d4,1,0,1,15,1,1769927725,2026-02-01 01:37:46
d3f51f51-7e51-4c75-8600-d76916608707,4,2,2,24,1,1769927727,2026-02-01 01:37:46
82dd89f6-1e5a-4a8f-8660-13cb64349e94,6,0,6,11,1,1769927726,2026-02-01 01:37:46
1875433315773395778,6,3,3,24,1,1769927726,2026-02-01 01:37:46
dad3b7df-ec40-4d54-bfdb-5e82be84d742,4,3,1,16,1,1769927731,2026-02-01 01:37:46
2124382079594320876,6,3,3,5,1,1769927731,2026-02-01 01:37:46
74feba30-26a5-4949-b3a0-d6e13ba1a20c,4,2,2,14,1,1769927728,2026-02-01 01:37:46
66dce5c9-0aca-11e7-82f6-3863bb44ef7c,9,0,9,9,1,1769927729,2026-02-01 01:37:46
085da8d4-9465-46f0-82d1-10c9c9177d64,1,0,1,17,1,1769927730,2026-02-01 01:37:46
8b1222da-612f-4482-ab34-9467c4ed28e3,6,0,6,13,1,1769927730,2026-02-01 01:37:46
2366d8a4-7a49-42f3-9afe-efd2b200336b,8,3,5,12,1,1769927730,2026-02-01 01:37:46
1885439359712500016,0,0,0,23,1,1769927732,2026-02-01 01:37:46
787fe4b2-6029-4f71-917e-892479d8d64e,4,0,4,13,1,1769927732,2026-02-01 01:37:46
79c4a612-a5df-4814-9e6b-6305da61ebc4,15,0,15,1,1,1769927732,2026-02-01 01:37:46
1846086138339179502,11,7,4,8,1,1769927728,2026-02-01 01:37:46
ecc52c52-e2d9-4e73-8f9c-18ad8e9b0606,0,0,0,22,1,1769927731,2026-02-01 01:37:46
1861271680294357158,4,2,2,18,1,1769927738,2026-02-01 01:37:46
d34f2271-10ee-40c3-a93a-09df58860512,0,0,0,11,0,1769858396,2026-02-01 01:37:46
2137774972219769002,4,0,4,2,1,1769927738,2026-02-01 01:37:46
2098714441479661752,2,1,1,13,1,1769927734,2026-02-01 01:37:46
1828965671716082498,11,2,9,4,1,1769927734,2026-02-01 01:37:46
9ea2afff-a146-4824-89b6-39d5bdfac795,15,14,1,0,1,1769927734,2026-02-01 01:37:46
582cd775-0178-47f5-b707-6d5869f077ba,8,0,8,20,1,1769927734,2026-02-01 01:37:46
66db4671-0aca-11e7-82f6-3863bb44ef7c,14,11,3,17,1,1769927734,2026-02-01 01:37:46
4dcff9e7-7cb6-4d3d-ad67-c2e4c05933d3,6,0,6,15,1,1769927735,2026-02-01 01:37:46
6a9b19e3-cd69-4e0c-9b28-1889db936c7c,2,0,2,15,1,1769927735,2026-02-01 01:37:46
1834145330979754058,2,1,1,24,1,1769927739,2026-02-01 01:37:46
ba0a4ada-c9f6-48b4-a7b3-7220f6fb88c2,0,0,0,20,0,1769784952,2026-02-01 01:37:46
bb32aad7-8308-4ff8-b073-d5b518ffdd09,1,1,0,32,1,1769927739,2026-02-01 01:37:46
1828967027013302842,4,0,4,10,1,1769927736,2026-02-01 01:37:46
1869753812884512816,3,2,1,15,1,1769927736,2026-02-01 01:37:46
66dc4599-0aca-11e7-82f6-3863bb44ef7c,9,0,9,4,1,1769927736,2026-02-01 01:37:46
1846086665080867236,7,0,7,9,1,1769927737,2026-02-01 01:37:46
59ad8f95-32a4-43de-b1c3-79c667b2d2df,2,2,0,25,1,1769927735,2026-02-01 01:37:46
b0cc08dc-e7dd-48d1-8901-ba496f3ff2f5,1,1,0,38,1,1769927729,2026-02-01 01:37:46
2c321ea3-e1dd-4d32-be70-bd158fe1f568,6,5,1,63,1,1769927736,2026-02-01 01:37:46
3e9e50cc-f336-439f-bd0b-dec5499c038d,18,15,3,11,1,1769927735,2026-02-01 01:37:46
83d1ff16-ba56-4eae-aa6a-b37b6439db82,4,0,4,24,1,1769927737,2026-02-01 01:37:46
66dd2811-0aca-11e7-82f6-3863bb44ef7c,1,0,1,42,1,1769927737,2026-02-01 01:37:46
18fcd2c1-dc8b-4a52-9f18-e9b9003bbea5,17,8,9,16,1,1769927729,2026-02-01 01:37:46
66de0933-0aca-11e7-82f6-3863bb44ef7c,17,2,15,9,1,1769927737,2026-02-01 01:37:46
9d95a4a9-bcfe-4189-bb7d-abd9992ecbaf,5,3,2,7,1,1769927740,2026-02-01 01:37:46
df243d7f-e6ae-435c-9895-aecbcff9cada,20,13,7,7,1,1769927740,2026-02-01 01:37:46
66dea674-0aca-11e7-82f6-3863bb44ef7c,7,1,6,11,1,1769927740,2026-02-01 01:37:46
b9d3134b-697f-4a0f-b90f-d95f6c69ffda,1,0,1,17,1,1769927740,2026-02-01 01:37:46
956e9f8d-d23a-4a0e-bf28-84180e818af7,1,0,1,22,1,1769927736,2026-02-01 01:37:46
2026068766494475116,6,3,3,19,1,1769927737,2026-02-01 01:37:46
66dc1beb-0aca-11e7-82f6-3863bb44ef7c,11,1,10,85,1,1769927736,2026-02-01 01:37:46
66dc2172-0aca-11e7-82f6-3863bb44ef7c,2,2,0,80,1,1769927740,2026-02-01 01:37:46
328d778a-7e71-4240-acae-b84f0fdaa5c5,1,0,1,24,1,1769927743,2026-02-01 01:37:46
40fd82d6-c0e9-4876-adfb-816140ecfc39,8,3,5,9,1,1769927743,2026-02-01 01:37:46
66dbc551-0aca-11e7-82f6-3863bb44ef7c,10,6,4,35,1,1769927743,2026-02-01 01:37:46
66dea596-0aca-11e7-82f6-3863bb44ef7c,2,1,1,19,1,1769927743,2026-02-01 01:37:46
66ddee56-0aca-11e7-82f6-3863bb44ef7c,10,7,3,2,1,1769927743,2026-02-01 01:37:46
1838999521825487230,16,0,16,0,1,1769927733,2026-02-01 01:37:46
15cb007b-bfca-4ad7-bfc6-44bf3d36785a,17,1,16,2,1,1769927733,2026-02-01 01:37:46
1860187181307969634,15,0,15,3,1,1769927733,2026-02-01 01:37:46
66db69d0-0aca-11e7-82f6-3863bb44ef7c,7,0,7,20,1,1769927733,2026-02-01 01:37:46
1828969515711812276,6,0,6,2,1,1769927741,2026-02-01 01:37:46
e5b2a7ce-d867-465b-8446-743e00617068,3,1,2,16,1,1769927742,2026-02-01 01:37:46
2022386456542683974,21,0,21,9,1,1769927743,2026-02-01 01:37:46
1860190006584693708,2,0,2,13,1,1769927744,2026-02-01 01:37:46
66de5773-0aca-11e7-82f6-3863bb44ef7c,3,0,3,9,1,1769927744,2026-02-01 01:37:46
47bcbcc1-9241-4e65-99f1-07c15543be1b,5,1,4,20,1,1769927745,2026-02-01 01:37:46
2687f2e1-3529-464d-82eb-e4f61440c563,5,3,2,10,1,1769927744,2026-02-01 01:37:46
93c28953-7e65-436e-9c5a-9d7ca0e3729f,4,3,1,18,1,1769927741,2026-02-01 01:37:46
4eb6d6a8-ecc1-4e89-a586-4f96ed3d83e1,3,2,1,21,1,1769927741,2026-02-01 01:37:46
66dc259a-0aca-11e7-82f6-3863bb44ef7c,5,5,1,75,1,1769927740,2026-02-01 01:37:46
66dd1846-0aca-11e7-82f6-3863bb44ef7c,0,0,0,1,0,1769916621,2026-02-01 01:37:46
3eed817a-63e5-424b-8ed3-c809db5488f7,46,18,28,0,1,1769927747,2026-02-01 01:37:46
341730d7-a61d-499d-8c07-fa015f644e54,46,35,11,26,1,1769927747,2026-02-01 01:37:46
1814900632709495794,13,2,11,3,1,1769927747,2026-02-01 01:37:46
66dd41ef-0aca-11e7-82f6-3863bb44ef7c,10,9,1,29,1,1769927747,2026-02-01 01:37:46
5dc8ddac-979e-4ae5-b879-3670cca7482d,2,0,2,18,1,1769927747,2026-02-01 01:37:46
66dc252e-0aca-11e7-82f6-3863bb44ef7c,18,3,15,5,1,1769927747,2026-02-01 01:37:46
55f6b830-e43e-4227-bfc7-683465236d94,2,1,1,40,1,1769927748,2026-02-01 01:37:46
66dde197-0aca-11e7-82f6-3863bb44ef7c,1,1,0,38,1,1769927748,2026-02-01 01:37:46
85b77b8d-32b8-4049-a407-64319916e2c5,0,0,0,18,1,1769927746,2026-02-01 01:37:46
66de5e5b-0aca-11e7-82f6-3863bb44ef7c,3,2,1,32,1,1769927746,2026-02-01 01:37:46
1848242216849312578,7,1,6,9,1,1769927746,2026-02-01 01:37:46
1861682702044957494,3,2,1,12,1,1769927746,2026-02-01 01:37:46
28be450b-7878-4495-add2-61afd94f375a,9,3,6,5,1,1769927747,2026-02-01 01:37:46
66dd2208-0aca-11e7-82f6-3863bb44ef7c,2,1,1,37,1,1769927746,2026-02-01 01:37:46
eafa19ed-88c2-4efc-bd73-3961f85b6063,21,18,2,9,1,1769927747,2026-02-01 01:37:46
9c147c77-11da-4d0b-8a21-a8042ec8031b,1,1,0,18,1,1769927747,2026-02-01 01:37:46
66dea6e1-0aca-11e7-82f6-3863bb44ef7c,7,1,6,52,1,1769927747,2026-02-01 01:37:46
e8a6c13b-1f6e-4e6b-bdf8-9b0e597e4a62,16,1,15,6,1,1769927751,2026-02-01 01:37:46
4d79bdb9-7c35-4d35-9f6e-3c1b849c453a,7,4,3,36,1,1769927750,2026-02-01 01:37:46
9a52fbc1-d87a-4a65-941d-12fd55dbcdde,16,0,16,0,1,1769927751,2026-02-01 01:37:46
88e64257-298c-4b8d-8886-77b9b66dcec1,9,4,5,38,1,1769927751,2026-02-01 01:37:46
e3e6105e-eaa2-43c5-badb-fb8592ad7227,10,8,2,10,1,1769927751,2026-02-01 01:37:46
1964061627836181486,13,11,2,67,1,1769927749,2026-02-01 01:37:46
2126579471787670468,6,1,5,9,1,1769927750,2026-02-01 01:37:46
45e8c326-b12d-4be6-b040-bb6de9986d25,0,0,0,6,0,1769806128,2026-02-01 01:37:46
e2b28abd-07a4-4552-ad17-abf155aff28a,0,0,0,20,1,1769927749,2026-02-01 01:37:46
66dcac42-0aca-11e7-82f6-3863bb44ef7c,36,4,32,3,1,1769927749,2026-02-01 01:37:46
c0e0e578-8ce8-4c9d-be47-b902d8a41050,2,1,1,16,1,1769927745,2026-02-01 01:37:46
4c3b6e25-b0c2-4a3f-b07e-cd60cd1b0ac0,1,1,0,15,1,1769927745,2026-02-01 01:37:46
66dc8f1f-0aca-11e7-82f6-3863bb44ef7c,5,1,4,45,1,1769927746,2026-02-01 01:37:46
66ddd369-0aca-11e7-82f6-3863bb44ef7c,38,29,9,5,1,1769927745,2026-02-01 01:37:46
2126621966735272262,5,0,5,4,1,1769927748,2026-02-01 01:37:46
b55f9b55-7fa7-4f0f-9732-78cbe07452e1,2,0,2,20,1,1769927748,2026-02-01 01:37:46
fa14408f-6e88-4668-86ee-ce10ea707f36,43,10,33,17,1,1769927753,2026-02-01 01:37:46
be2bdee1-e3e9-45cc-94f0-2ba81a722ba3,8,4,4,9,1,1769927752,2026-02-01 01:37:46
4b67c6e0-d603-4fbc-afbe-0b8952f4f7af,15,0,15,13,1,1769927752,2026-02-01 01:37:46
0f536c08-dde3-40af-a66d-1fe1e7edecd2,1,0,1,16,1,1769927753,2026-02-01 01:37:46
cd118a8f-a7d1-4b7a-a6d3-d9e875cb29df,13,9,4,9,1,1769927753,2026-02-01 01:37:46
36edabac-a0c2-471b-abaf-73fdb53a4e5f,5,3,2,14,1,1769927753,2026-02-01 01:37:46
ccfa8b82-07a7-4a08-88fc-be261c30a4ca,0,0,0,19,0,1769860969,2026-02-01 01:37:46
66dc1c5c-0aca-11e7-82f6-3863bb44ef7c,7,6,1,64,1,1769927753,2026-02-01 01:37:46
b506be9e-45d3-43d1-a262-27d8fa91e974,12,3,9,12,1,1769927754,2026-02-01 01:37:46
1e83ffdc-8e72-45c0-8210-4f37e60505c9,8,3,5,23,1,1769927754,2026-02-01 01:37:46
66de4594-0aca-11e7-82f6-3863bb44ef7c,13,4,9,7,1,1769927755,2026-02-01 01:37:46
b608193c-46ae-4b61-9e7a-4671e7c3b96e,2,0,2,14,1,1769927755,2026-02-01 01:37:46
bbaae5d3-7e2b-46a8-872e-152404c664f7,18,0,18,6,1,1769927755,2026-02-01 01:37:46
66dcbbfe-0aca-11e7-82f6-3863bb44ef7c,2,0,2,9,1,1769927757,2026-02-01 01:37:46
66dded7a-0aca-11e7-82f6-3863bb44ef7c,2,0,2,26,1,1769927757,2026-02-01 01:37:46
2126274308236524392,3,1,2,8,1,1769927757,2026-02-01 01:37:46
1828967607558607844,1,0,1,15,1,1769927757,2026-02-01 01:37:46
67f60e7e-397a-4e47-b7f9-d10bd67133b3,2,0,2,46,1,1769927757,2026-02-01 01:37:46
66de5ace-0aca-11e7-82f6-3863bb44ef7c,11,5,6,7,1,1769927757,2026-02-01 01:37:46
9e5fd5b6-c5f2-4694-9406-a44b7d0146d9,12,8,4,20,1,1769927757,2026-02-01 01:37:46
bfbd1f09-afd2-49d2-8674-3a07b3c929a4,12,7,5,4,1,1769927757,2026-02-01 01:37:46
66dcf0b3-0aca-11e7-82f6-3863bb44ef7c,9,5,4,6,1,1769927758,2026-02-01 01:37:46
66dc8b6a-0aca-11e7-82f6-3863bb44ef7c,39,14,25,10,1,1769927758,2026-02-01 01:37:46
66dd491c-0aca-11e7-82f6-3863bb44ef7c,5,3,2,17,1,1769927758,2026-02-01 01:37:46
66dbe8d6-0aca-11e7-82f6-3863bb44ef7c,18,8,10,33,1,1769927753,2026-02-01 01:37:46
66de4078-0aca-11e7-82f6-3863bb44ef7c,6,3,3,9,1,1769927754,2026-02-01 01:37:46
a33a2d11-33a5-46ad-a086-5698ac17b7b4,25,7,18,1,1,1769927754,2026-02-01 01:37:46
6076e321-85d8-4e0e-ae18-86bb8cbbda1b,14,1,13,1,1,1769927754,2026-02-01 01:37:46
b62bcd96-c2db-447c-bdd5-d3c18f174858,8,0,8,9,1,1769927754,2026-02-01 01:37:46
2119506830683992262,39,26,13,2,1,1769927752,2026-02-01 01:37:46
66db2fd0-0aca-11e7-82f6-3863bb44ef7c,19,6,13,10,1,1769927752,2026-02-01 01:37:46
2104275164415193448,32,5,27,26,1,1769927752,2026-02-01 01:37:46
ebfafca3-5818-4e6f-8374-98f44a0ca0c6,0,0,0,25,1,1769927752,2026-02-01 01:37:46
1846085927885781554,6,1,5,11,1,1769927756,2026-02-01 01:37:46
66dc76cd-0aca-11e7-82f6-3863bb44ef7c,15,12,3,18,1,1769927756,2026-02-01 01:37:46
66dc2238-0aca-11e7-82f6-3863bb44ef7c,8,7,1,65,1,1769927757,2026-02-01 01:37:46
724aeecc-8c91-4afc-b97c-72a98de452c9,0,0,0,16,1,1769927757,2026-02-01 01:37:46
2f580cf9-14e2-4300-ba22-f6d88d0312a5,2,0,2,22,1,1769927756,2026-02-01 01:37:46
2143247416766638978,2,0,2,39,1,1769927756,2026-02-01 01:37:46
d9ec5589-c872-46f2-88cd-e54f9c596721,2,0,2,14,1,1769927756,2026-02-01 01:37:46
66db34fc-0aca-11e7-82f6-3863bb44ef7c,4,1,3,28,1,1769927756,2026-02-01 01:37:46
2123940148896639644,5,3,2,0,1,1769927756,2026-02-01 01:37:46
1796642668661690940,18,2,16,0,1,1769927756,2026-02-01 01:37:46
0dc63044-e19c-474d-9df1-c3e504d03b07,0,0,0,42,1,1769927751,2026-02-01 01:37:46
66db2db5-0aca-11e7-82f6-3863bb44ef7c,33,0,33,12,1,1769927751,2026-02-01 01:37:46
9092515e-eef6-478f-910f-1cd19d06bebb,13,0,13,17,1,1769927758,2026-02-01 01:37:46
c809158b-ca8f-4a77-a800-8ee9d287c056,1,0,1,17,1,1769927758,2026-02-01 01:37:46
3c8847a6-c12a-40fd-9b22-4582ac1a0d9d,16,15,1,6,1,1769927758,2026-02-01 01:37:46
547cdccc-7864-4898-97c9-8798d924ef54,37,29,8,10,1,1769927758,2026-02-01 01:37:46
42032bf9-4599-4035-bc01-c80bec1a7122,1,1,0,19,1,1769927759,2026-02-01 01:37:46
1786375069262703476,11,1,10,9,1,1769927750,2026-02-01 01:37:46
d7d297fd-36dc-42f2-8e3b-24b1003be874,13,5,8,1,1,1769927759,2026-02-01 01:37:46
66dbf4ac-0aca-11e7-82f6-3863bb44ef7c,4,2,2,33,1,1769927759,2026-02-01 01:37:46
dfad8e49-7e1b-4376-90b4-7a449319f294,1,1,0,19,1,1769927759,2026-02-01 01:37:46
c066c90a-efb1-4f8b-aa15-38ba4edd4ebc,1,1,0,15,1,1769927759,2026-02-01 01:37:46
2177015913867375458,0,0,0,0,0,86400,2026-02-01 01:37:46
1954778813955578360,0,0,0,0,0,86400,2026-02-01 01:37:46
067d5007-bda5-4697-b0a2-ccc2837f295c,0,0,0,0,0,86400,2026-02-01 01:37:46
1906248765431831024,0,0,0,0,0,86400,2026-02-01 01:37:46
aa8fc8b7-b66c-41d9-9885-30b8af599378,0,0,0,0,0,86400,2026-02-01 01:37:46
2171904301452603832,0,0,0,0,0,86400,2026-02-01 01:37:46
2124037384760320326,0,0,0,0,0,86400,2026-02-01 01:37:46
2176731427905421244,0,0,0,0,0,86400,2026-02-01 01:37:46
2177016650782707004,0,0,0,0,0,86400,2026-02-01 01:37:46
2177017636303913026,0,0,0,0,0,86400,2026-02-01 01:37:46
2177017052188360762,0,0,0,0,0,86400,2026-02-01 01:37:46
2177017859487560566,0,0,0,0,0,86400,2026-02-01 01:37:46
88c1303b-3349-4591-bf08-c7e40cf3537a,0,0,0,22,0,1769921048,2026-02-01 01:37:46
1d8e51b0-8131-4c1f-93fb-f04952c157c0,0,0,0,27,0,1769811266,2026-02-01 01:37:46
2b848257-dc2e-4dd0-b840-d5e046972789,0,0,0,10,0,1769830145,2026-02-01 01:37:46
160e21da-6dd2-47ff-8385-e13c8cdce4fa,0,0,0,3,0,1769905200,2026-02-01 01:37:46
fbb2d76c-1d47-4fb1-9c07-622fcace38a5,0,0,0,10,0,1769852698,2026-02-01 01:37:46
95a52ce4-3597-47d1-8d6f-427cb3b8ca6a,0,0,0,5,0,1769850423,2026-02-01 01:37:46
66dbea8d-0aca-11e7-82f6-3863bb44ef7c,6,0,6,9,1,1769927686,2026-02-01 01:37:46
59f0cb81-e31b-4ba9-9159-3437c52f7505,0,0,0,15,1,1769927686,2026-02-01 01:37:46
8a24490d-d5c5-4bac-9e36-56967834fc10,3,3,0,15,1,1769927687,2026-02-01 01:37:46
66dbe250-0aca-11e7-82f6-3863bb44ef7c,4,4,0,14,1,1769927687,2026-02-01 01:37:46
66dbce8a-0aca-11e7-82f6-3863bb44ef7c,47,29,17,4,1,1769927687,2026-02-01 01:37:46
2c2cdc55-52a3-4140-b4d3-8409a98f130f,11,1,10,4,1,1769927683,2026-02-01 01:37:46
1431ec5c-242d-401b-b672-dbf95155999b,1,0,1,15,1,1769927683,2026-02-01 01:37:46
9790606b-a00d-4d5e-b6ec-abd11c9d25b3,0,0,0,18,1,1769927683,2026-02-01 01:37:46
97bcf094-ad77-4743-9c94-832c7300c090,10,5,5,5,1,1769927685,2026-02-01 01:37:46
9157a3bc-43fa-4221-8bb8-17273fc09540,18,9,9,1,1,1769927685,2026-02-01 01:37:46
e15a5c77-70b0-4b9d-9eae-f10ddda7d994,1,1,0,17,1,1769927685,2026-02-01 01:37:46
10c13fe2-34cb-4aff-bea1-4f5ce877769b,10,1,9,7,1,1769927686,2026-02-01 01:37:46
66dbf442-0aca-11e7-82f6-3863bb44ef7c,6,1,5,66,1,1769927682,2026-02-01 01:37:46
2053884382031338034,2,2,0,40,1,1769927682,2026-02-01 01:37:46
66db6e49-0aca-11e7-82f6-3863bb44ef7c,8,2,6,31,1,1769927683,2026-02-01 01:37:46
6661108f-28eb-4671-ad0c-36a311d325aa,6,0,6,8,1,1769927683,2026-02-01 01:37:46
89171660-8cef-443f-8f75-67503532d1ce,6,0,6,7,1,1769927683,2026-02-01 01:37:46
09a0c507-7cda-4f3f-9988-78de0baa28e4,3,1,2,17,1,1769927685,2026-02-01 01:37:46
943be327-0320-4ae1-8eb0-8a56f86a4fb6,6,0,6,16,1,1769927685,2026-02-01 01:37:46
897e8739-ee1d-4b2e-b151-ad7e64e87697,11,1,10,11,1,1769927684,2026-02-01 01:37:46
a4368364-fa79-493c-8478-1d3471a6077f,52,32,20,19,1,1769927685,2026-02-01 01:37:46
3bf91ca1-14fd-4e51-858e-36a203f1af2a,2,2,0,15,1,1769927687,2026-02-01 01:37:46
1843486757863039016,12,0,12,1,1,1769927690,2026-02-01 01:37:46
1929513834381415014,8,1,7,12,1,1769927690,2026-02-01 01:37:46
1823008749757202820,11,1,10,10,1,1769927690,2026-02-01 01:37:46
1e590819-53fd-415c-bc28-aed605ad3bcb,2,0,2,14,1,1769927691,2026-02-01 01:37:46
21361381-fd4a-44a4-bfa7-61f075192ce9,0,0,0,20,0,1769841015,2026-02-01 01:37:46
66db3cab-0aca-11e7-82f6-3863bb44ef7c,4,1,2,21,1,1769927690,2026-02-01 01:37:46
cdb6e2aa-4da3-4ed7-9b13-ce626addf6b0,4,3,1,47,1,1769927689,2026-02-01 01:37:46
bd318c15-5c3d-4e72-9837-3b4bd37707e0,1,1,0,17,1,1769927689,2026-02-01 01:37:46
ff2869f0-4381-4cf3-863e-a0d776ec53b4,89,53,36,1,1,1769927689,2026-02-01 01:37:46
9bd28b11-cf11-4938-abb2-dfa5ec800e32,16,3,13,0,1,1769927689,2026-02-01 01:37:46
1846449740982645546,10,1,9,5,1,1769927689,2026-02-01 01:37:46
bf093f72-1d8d-44ae-91b5-e36958a27976,8,8,0,12,1,1769927692,2026-02-01 01:37:46
c83e1ef5-776e-417e-8ee2-d08ca121f884,1,0,1,16,1,1769927692,2026-02-01 01:37:46
8ce7325e-d5c7-46f9-9b73-95356e48c3eb,6,1,5,8,1,1769927692,2026-02-01 01:37:46
30d6520e-b612-4240-a9ff-eec12b02b263,7,2,5,14,1,1769927692,2026-02-01 01:37:46
01f01352-50d4-484e-a611-576b18ac373a,24,6,18,3,1,1769927693,2026-02-01 01:37:46
35915f48-31c5-499a-b845-2ca2fb541904,11,0,11,25,1,1769927689,2026-02-01 01:37:46
1836581714456697424,8,0,8,13,1,1769927690,2026-02-01 01:37:46
66db6aae-0aca-11e7-82f6-3863bb44ef7c,6,4,2,77,1,1769927694,2026-02-01 01:37:46
e35494b4-5811-4d2a-87de-4430e56bce2d,0,0,0,19,1,1769927637,2026-02-01 01:37:46
66db316a-0aca-11e7-82f6-3863bb44ef7c,8,2,6,5,1,1769927639,2026-02-01 01:37:46
60a061d5-d984-4573-af3c-2054f4f59e94,2,1,1,15,1,1769927639,2026-02-01 01:37:46
2a47ef14-1cbe-4ec6-841d-cc277627fe20,2,1,1,27,1,1769927639,2026-02-01 01:37:46
876683ce-9bce-4fad-8d1c-6b331fa07b5c,13,3,10,29,1,1769927639,2026-02-01 01:37:46
66dcbdc2-0aca-11e7-82f6-3863bb44ef7c,4,3,1,16,1,1769927638,2026-02-01 01:37:46
1945125793810207148,3,1,2,15,1,1769927638,2026-02-01 01:37:46
4223f276-a4d4-45e0-b914-67f5ef1e81ba,5,2,3,17,1,1769927638,2026-02-01 01:37:46
0096fecb-3a56-4585-9204-aa9554f7bc49,18,3,15,28,1,1769927638,2026-02-01 01:37:46
d55dd622-0ced-4e4d-9ea5-2ef2cb6481a9,5,1,4,30,1,1769927650,2026-02-01 01:37:46
66db3aa3-0aca-11e7-82f6-3863bb44ef7c,21,21,0,22,1,1769927651,2026-02-01 01:37:46
a04bf523-3c76-4fad-88bf-e99037f9b796,0,0,0,4,0,1769820753,2026-02-01 01:37:46
454b4a83-d0b1-42a2-8163-261e2a9d6ab9,4,2,2,72,1,1769927654,2026-02-01 01:37:46
eef98eb6-f550-49f9-a910-4d2863e6a591,1,1,0,18,1,1769927655,2026-02-01 01:37:46
66dc3a1a-0aca-11e7-82f6-3863bb44ef7c,6,2,4,46,1,1769927654,2026-02-01 01:37:46
1ec7ef9f-ab60-4a64-821d-883ba547273a,2,2,0,15,1,1769927655,2026-02-01 01:37:46
49d2cd03-f508-483f-a7c9-7fd450e5e6db,11,1,10,4,1,1769927655,2026-02-01 01:37:46
e51c8b72-460f-41c2-a5ca-de85d3f46a30,20,7,13,26,1,1769927652,2026-02-01 01:37:46
66dd470b-0aca-11e7-82f6-3863bb44ef7c,11,0,11,30,1,1769927653,2026-02-01 01:37:46
4cd5a87d-7618-4a15-892d-8cf29eec865c,16,4,12,0,1,1769927651,2026-02-01 01:37:46
a1cf7115-8e38-4300-aac8-3a2fddca0e23,18,1,17,7,1,1769927651,2026-02-01 01:37:46
66dbc982-0aca-11e7-82f6-3863bb44ef7c,13,6,7,92,1,1769927651,2026-02-01 01:37:46
91ca68bd-5ac1-470b-a26d-1ec98ea9cca4,4,1,3,17,1,1769927656,2026-02-01 01:37:46
6067af3d-f7ed-4149-a394-2fc2eb295872,35,15,20,8,1,1769927656,2026-02-01 01:37:46
412c1416-d15b-4e6a-9691-da4c3cc0d0d2,44,34,10,11,1,1769927653,2026-02-01 01:37:46
2126621026154598618,9,2,7,3,1,1769927653,2026-02-01 01:37:46
c5861c24-5ac1-41df-82f1-31748d03e868,44,35,9,13,1,1769927653,2026-02-01 01:37:46
9341ee1c-d456-4858-a451-70cbbd73d084,9,1,8,19,1,1769927654,2026-02-01 01:37:46
4780d9d1-b886-4e72-9d18-cb152f73e10a,2,1,1,17,1,1769927650,2026-02-01 01:37:46
66dbc6ae-0aca-11e7-82f6-3863bb44ef7c,10,1,9,45,1,1769927698,2026-02-01 01:37:46
27c71510-d515-4add-b660-6efd6f225cd1,13,5,8,4,1,1769927698,2026-02-01 01:37:46
42bf7170-61ab-44a0-aafe-1b89d7271718,0,0,0,21,1,1769927698,2026-02-01 01:37:46
533f25a0-514f-456f-9d87-5fdcb4ee42f4,13,10,3,1,1,1769927699,2026-02-01 01:37:46
c7be2714-14db-421f-a19e-f6a7bf6e8d26,1,0,1,19,1,1769927695,2026-02-01 01:37:46
66dde2d9-0aca-11e7-82f6-3863bb44ef7c,19,13,6,4,1,1769927695,2026-02-01 01:37:46
66dc91b5-0aca-11e7-82f6-3863bb44ef7c,34,18,16,5,1,1769927695,2026-02-01 01:37:46
acfeadeb-73bb-4ec3-b809-78675b01af74,0,0,0,16,1,1769927695,2026-02-01 01:37:46
66dc86d9-0aca-11e7-82f6-3863bb44ef7c,1,0,0,0,0,1769927697,2026-02-01 01:37:46
c702c094-b08f-449d-a41d-b3724f147491,9,0,9,11,1,1769927698,2026-02-01 01:37:46
66dc209c-0aca-11e7-82f6-3863bb44ef7c,30,8,22,26,1,1769927698,2026-02-01 01:37:46
46a1ff6c-6131-414a-9ef6-65a8db7d305f,0,0,0,21,1,1769927694,2026-02-01 01:37:46
b6a4770e-9077-4a0e-a0fb-b45b1d457559,37,20,17,6,1,1769927694,2026-02-01 01:37:46
1862787990429630662,2,1,1,16,1,1769927695,2026-02-01 01:37:46
66de2625-0aca-11e7-82f6-3863bb44ef7c,10,2,8,20,1,1769927696,2026-02-01 01:37:46
bfea6c5b-2e1a-42c5-8199-2ded6042d57b,6,1,5,18,1,1769927696,2026-02-01 01:37:46
8603535e-0d7a-4c5b-ae77-27b9f5770bfa,0,0,0,24,1,1769927696,2026-02-01 01:37:46
d473f31f-68f2-4777-a364-ed127db04345,3,0,3,12,1,1769927697,2026-02-01 01:37:46
3bfc859b-5c5f-43bc-b2e7-b64ed8ea9ede,0,0,0,12,0,1769790486,2026-02-01 01:37:46
1843486301383097150,1,0,1,24,1,1769927646,2026-02-01 01:37:46
d07790cd-1acd-4f74-b5f1-3d70f8a8a526,5,4,1,18,1,1769927646,2026-02-01 01:37:46
66dea4bf-0aca-11e7-82f6-3863bb44ef7c,30,6,24,4,1,1769927645,2026-02-01 01:37:46
3c21925c-d68e-497c-b501-982d3eb3e852,9,6,3,5,1,1769927646,2026-02-01 01:37:46
2af3ecc3-4f43-468a-a7cc-bb4804ee3e7a,15,13,2,33,1,1769927648,2026-02-01 01:37:46
66de1448-0aca-11e7-82f6-3863bb44ef7c,6,1,5,14,1,1769927648,2026-02-01 01:37:46
61be9a4a-737c-413a-9b72-d47b28a366d5,2,1,1,19,1,1769927660,2026-02-01 01:37:46
1884599469785421928,23,21,2,2,1,1769927660,2026-02-01 01:37:46
1835250318514342456,10,2,8,16,1,1769927661,2026-02-01 01:37:46
833bc8bc-3c32-4481-9c14-9a88aa7accec,25,19,6,13,1,1769927660,2026-02-01 01:37:46
66db95e5-0aca-11e7-82f6-3863bb44ef7c,26,5,21,10,1,1769927661,2026-02-01 01:37:46
66de56e5-0aca-11e7-82f6-3863bb44ef7c,15,1,14,5,1,1769927662,2026-02-01 01:37:46
1786698158713921798,1,0,0,5,0,1769914459,2026-02-01 01:37:46
66db4351-0aca-11e7-82f6-3863bb44ef7c,45,25,19,16,1,1769927658,2026-02-01 01:37:46
403c310e-26d5-4db5-9928-13c38b25053d,0,0,0,24,1,1769927658,2026-02-01 01:37:46
1828969417249358046,3,1,2,16,1,1769927672,2026-02-01 01:37:46
66dcc65c-0aca-11e7-82f6-3863bb44ef7c,0,0,0,14,1,1769927672,2026-02-01 01:37:46
18d980e5-ba08-4bc3-832e-03eb71865768,15,5,10,4,1,1769927673,2026-02-01 01:37:46
77a498ea-5693-46cc-a4b1-6e428f574797,16,0,16,3,1,1769927673,2026-02-01 01:37:46
cb04be8e-8edc-4c9d-bfc0-76f94e3a3d9b,23,3,20,13,1,1769927675,2026-02-01 01:37:46
3bdd81c8-3112-45e6-ae72-11a3f4fa5921,2,2,0,20,1,1769927675,2026-02-01 01:37:46
febf420f-bbec-4044-a3af-69959e018ccb,1,1,0,20,1,1769927675,2026-02-01 01:37:46
cd5e7c3e-c618-416a-ae99-b509bd56e1b2,19,8,11,7,1,1769927675,2026-02-01 01:37:46
1978170169761096104,16,3,13,13,1,1769927675,2026-02-01 01:37:46
78ec2f0d-c309-46d4-8808-7eb1a0674e38,11,6,5,11,1,1769927670,2026-02-01 01:37:46
66db9845-0aca-11e7-82f6-3863bb44ef7c,42,34,7,5,1,1769927670,2026-02-01 01:37:46
66db8fde-0aca-11e7-82f6-3863bb44ef7c,40,28,12,5,1,1769927674,2026-02-01 01:37:46
c1144380-c1ac-4315-9b1a-4b4e870ac688,10,2,8,8,1,1769927671,2026-02-01 01:37:46
1817432606668538118,7,7,0,11,1,1769927671,2026-02-01 01:37:46
5d049d4b-0736-4323-834a-1b2454bd6551,5,4,1,17,1,1769927676,2026-02-01 01:37:46
0579ff13-5d5b-4cbd-bc6e-3e9396591aef,4,0,4,14,1,1769927674,2026-02-01 01:37:46
cbcbd880-9662-4ab1-b530-781bb101ed1f,1,1,0,13,1,1769927675,2026-02-01 01:37:46
2133952475068346460,25,3,22,7,1,1769927672,2026-02-01 01:37:46
720c0d64-7828-4dba-bff9-4d99f4e3a9fc,10,2,8,8,1,1769927672,2026-02-01 01:37:46
7dcc5a03-5997-4250-9207-fa8b6f027c86,11,0,11,16,1,1769927676,2026-02-01 01:37:46
ab79da3d-f92a-42de-a76d-e05b5d7e724c,6,6,0,12,1,1769927676,2026-02-01 01:37:46
904930bd-2671-4695-9c1a-8a894b041129,38,30,7,17,1,1769927680,2026-02-01 01:37:46
66de5d57-0aca-11e7-82f6-3863bb44ef7c,2,0,2,17,1,1769927680,2026-02-01 01:37:46
66dc28bd-0aca-11e7-82f6-3863bb44ef7c,10,2,8,31,1,1769927681,2026-02-01 01:37:46
66de06ef-0aca-11e7-82f6-3863bb44ef7c,16,1,15,3,1,1769927679,2026-02-01 01:37:46
66dc36c3-0aca-11e7-82f6-3863bb44ef7c,52,24,28,10,1,1769927679,2026-02-01 01:37:46
05b9e7cd-f3a2-4d48-b7c4-f5fbe09d9de3,15,0,15,7,1,1769927679,2026-02-01 01:37:46
aa8270ec-4441-47d2-854b-5852e65fae66,0,0,0,18,1,1769927677,2026-02-01 01:37:46
66dde9af-0aca-11e7-82f6-3863bb44ef7c,3,0,3,17,1,1769927676,2026-02-01 01:37:46
c05cd2e2-74e8-4526-a62b-d631e005fdd8,15,2,13,13,1,1769927678,2026-02-01 01:37:46
66de20c8-0aca-11e7-82f6-3863bb44ef7c,1,0,1,24,1,1769927677,2026-02-01 01:37:46
308e055a-b8aa-447d-8803-8677c88af0ba,8,1,7,9,1,1769927677,2026-02-01 01:37:46
c2291f8e-3b07-4671-82af-2b947825de4a,30,13,17,19,1,1769927680,2026-02-01 01:37:46
1d977221-b2b5-4fa2-bba0-b00136834fb3,0,0,0,15,1,1769927730,2026-02-01 01:37:46
66de2201-0aca-11e7-82f6-3863bb44ef7c,19,8,11,2,1,1769927729,2026-02-01 01:37:46
1838070703178521596,0,0,0,18,1,1769927729,2026-02-01 01:37:46
84b30f68-5404-453a-ae86-a2baff03a2c9,1,0,1,17,1,1769927730,2026-02-01 01:37:46
17aeb1e3-fd18-4cf9-9473-17dfa5b0a312,1,1,0,16,1,1769927730,2026-02-01 01:37:46
a6287af0-9a9e-4708-b61f-8e758be4b914,1,0,1,15,1,1769927730,2026-02-01 01:37:46
1913995167022829826,15,1,14,3,1,1769927730,2026-02-01 01:37:46
16280b32-7e5b-4a18-930b-212eac10faaa,1,0,1,18,1,1769927732,2026-02-01 01:37:46
2122552934440059494,3,2,1,13,1,1769927730,2026-02-01 01:37:46
1823008917260927616,14,2,12,8,1,1769927733,2026-02-01 01:37:46
26568d39-db49-4354-a5c1-c81a3c856285,3,0,3,13,1,1769927733,2026-02-01 01:37:46
66dc1545-0aca-11e7-82f6-3863bb44ef7c,3,2,1,22,1,1769927733,2026-02-01 01:37:46
dba67615-a7e0-4c44-ab1b-b464033ec9b9,5,3,2,6,1,1769927727,2026-02-01 01:37:46
2a9e2320-083d-4044-aedf-0c15ecfefe61,1,0,1,22,1,1769927728,2026-02-01 01:37:46
2126225134412534550,11,8,3,1,1,1769927728,2026-02-01 01:37:46
01a1343d-9c7b-4a83-8a5a-a600187f19c4,9,1,8,16,1,1769927728,2026-02-01 01:37:46
74e104fb-1ddc-4f3e-a60b-220b6c4f300b,7,5,2,1,1,1769927730,2026-02-01 01:37:46
6a671276-d345-4a4c-a7df-98f5dbb19e4c,2,0,2,17,1,1769927731,2026-02-01 01:37:46
b3c8aaaf-6e1c-4f56-9391-b79e883b8009,4,0,4,18,1,1769927731,2026-02-01 01:37:46
1869754004195029842,2,2,0,18,1,1769927731,2026-02-01 01:37:46
66de4c32-0aca-11e7-82f6-3863bb44ef7c,13,2,11,9,1,1769927728,2026-02-01 01:37:46
66dd1b65-0aca-11e7-82f6-3863bb44ef7c,2,2,0,51,1,1769927728,2026-02-01 01:37:46
1836581628905160976,5,3,2,13,1,1769927728,2026-02-01 01:37:46
1597ea95-0b6b-425a-8d13-ed86ee0754b5,1,0,1,17,1,1769927729,2026-02-01 01:37:46
e7739b9e-7cc6-4cbb-98d3-669b8e2ae98b,6,0,6,13,1,1769927728,2026-02-01 01:37:46
1828968691399885056,8,0,8,6,1,1769927731,2026-02-01 01:37:46
bf5a9ad8-6725-4ade-967d-aba612d423bf,7,0,7,16,1,1769927732,2026-02-01 01:37:46
1838617691511229014,1,1,0,18,1,1769927732,2026-02-01 01:37:46
66dc51e9-0aca-11e7-82f6-3863bb44ef7c,8,5,3,35,1,1769927732,2026-02-01 01:37:46
56e18295-f760-4bf3-8aa3-5a1e4ebf606f,13,1,12,5,1,1769927726,2026-02-01 01:37:46
66dd25e0-0aca-11e7-82f6-3863bb44ef7c,13,10,3,10,1,1769927726,2026-02-01 01:37:46
058ee86d-ce2a-4597-99f7-f78f082b33e3,0,0,0,18,1,1769927726,2026-02-01 01:37:46
672d71ab-2c23-4bd2-9ed2-34e54aa4b5b5,1,0,1,13,1,1769927726,2026-02-01 01:37:46
66de1f17-0aca-11e7-82f6-3863bb44ef7c,14,11,3,4,1,1769927726,2026-02-01 01:37:46
079b5a90-1d2b-40b2-b1e9-71c075f16b89,3,0,3,15,1,1769927727,2026-02-01 01:37:46
918af7b2-e05c-477a-a8c0-7dcff984c566,7,0,7,24,1,1769927736,2026-02-01 01:37:46
5f0aa684-a1c5-4119-827f-7860f1cd4ccd,1,1,0,22,1,1769927736,2026-02-01 01:37:46
66de1b5b-0aca-11e7-82f6-3863bb44ef7c,2,1,1,17,1,1769927736,2026-02-01 01:37:46
66ddb7bf-0aca-11e7-82f6-3863bb44ef7c,11,9,2,18,1,1769927736,2026-02-01 01:37:46
66dd4051-0aca-11e7-82f6-3863bb44ef7c,6,1,5,37,1,1769927736,2026-02-01 01:37:46
ab40ffde-f331-4194-adab-cb8c60b63f28,6,3,3,17,1,1769927737,2026-02-01 01:37:46
66de871c-0aca-11e7-82f6-3863bb44ef7c,1,1,0,56,1,1769927736,2026-02-01 01:37:46
1989279523593928720,79,55,23,3,1,1769927736,2026-02-01 01:37:46
531e6d94-5f4c-4ef0-9c83-47191be9d8f9,1,1,0,17,1,1769927736,2026-02-01 01:37:46
6fd84197-56e2-47df-849f-701aca0e7cc3,1,0,1,15,1,1769927735,2026-02-01 01:37:46
43eac213-4603-4bc2-b6d6-b45013396282,21,9,12,8,1,1769927728,2026-02-01 01:37:46
4dde902d-512c-4e9e-8899-a68424ed87c0,15,2,13,16,1,1769927734,2026-02-01 01:37:46
74a1dc19-f894-4246-99f1-476a92452995,0,0,0,22,1,1769927735,2026-02-01 01:37:46
24f431ca-c2a5-46be-966b-b8d4c3e4b346,1,1,0,12,1,1769927735,2026-02-01 01:37:46
ab5585c8-c2cf-4bab-96cf-d02eced4f6e3,4,2,2,39,1,1769927729,2026-02-01 01:37:46
ab692d1f-5a4a-4fff-b929-013c3a7e8a98,0,0,0,19,1,1769927733,2026-02-01 01:37:46
09b00240-4c2a-4900-9d09-f13344461c02,6,1,5,11,1,1769927733,2026-02-01 01:37:46
66ddb595-0aca-11e7-82f6-3863bb44ef7c,1,0,1,17,1,1769927734,2026-02-01 01:37:46
1c82b223-42ba-4d15-8e8a-bd8ae2a57cde,7,7,0,6,1,1769927734,2026-02-01 01:37:46
66db6387-0aca-11e7-82f6-3863bb44ef7c,79,38,41,12,1,1769927734,2026-02-01 01:37:46
66dbf667-0aca-11e7-82f6-3863bb44ef7c,52,18,34,1,1,1769927738,2026-02-01 01:37:46
66dde559-0aca-11e7-82f6-3863bb44ef7c,5,5,0,10,1,1769927738,2026-02-01 01:37:46
dfe2c398-ff5c-4a8d-83c8-fa18801540d8,10,0,10,17,1,1769927738,2026-02-01 01:37:46
026fd07d-d810-45dc-9237-a3d84dce4fa9,14,4,10,5,1,1769927738,2026-02-01 01:37:46
1828969851041055492,15,12,3,5,1,1769927738,2026-02-01 01:37:46
eb6c2359-4825-4bf4-8f2d-8b6dd2bf4212,8,3,5,25,1,1769927739,2026-02-01 01:37:46
c9c09ed0-0a52-4d6a-a999-b0848874e51f,1,1,0,16,1,1769927737,2026-02-01 01:37:46
2053867202510006310,17,0,17,1,1,1769927737,2026-02-01 01:37:46
1820420129807491554,12,0,12,4,1,1769927737,2026-02-01 01:37:46
66dd4841-0aca-11e7-82f6-3863bb44ef7c,15,10,5,15,1,1769927737,2026-02-01 01:37:46
ad037fe2-4a28-4b55-863c-229aada0b43a,5,0,5,13,1,1769927738,2026-02-01 01:37:46
29b21bd8-2459-4727-b1f0-d73592db3321,5,1,4,18,1,1769927738,2026-02-01 01:37:46
8c700e85-cfdb-4eef-ba49-53bd69c004ed,8,5,3,10,1,1769927740,2026-02-01 01:37:46
66dd49eb-0aca-11e7-82f6-3863bb44ef7c,7,5,2,15,1,1769927739,2026-02-01 01:37:46
1e226f22-034f-4b99-8184-a8eaa591fbd8,9,3,6,36,1,1769927738,2026-02-01 01:37:46
e24cb64d-10c2-48db-9440-59e63c0f1c95,14,0,13,10,1,1769927740,2026-02-01 01:37:46
66dcec6b-0aca-11e7-82f6-3863bb44ef7c,5,3,2,25,1,1769927735,2026-02-01 01:37:46
2126622876727162948,5,0,5,5,1,1769927733,2026-02-01 01:37:46
66dcf394-0aca-11e7-82f6-3863bb44ef7c,3,1,2,24,1,1769927740,2026-02-01 01:37:46
66de1af4-0aca-11e7-82f6-3863bb44ef7c,4,2,1,23,1,1769927741,2026-02-01 01:37:46
66dd2556-0aca-11e7-82f6-3863bb44ef7c,8,7,1,31,1,1769927742,2026-02-01 01:37:46
66dcf897-0aca-11e7-82f6-3863bb44ef7c,11,4,7,14,1,1769927743,2026-02-01 01:37:46
1814900353536621062,11,5,6,11,1,1769927743,2026-02-01 01:37:46
66dc0c53-0aca-11e7-82f6-3863bb44ef7c,5,1,4,14,1,1769927743,2026-02-01 01:37:46
a35d03cf-bd72-4da4-a4ac-bd25b3f8dce3,8,3,5,8,1,1769927744,2026-02-01 01:37:46
968d40e0-2a5b-4f6c-a161-fad1631b609b,2,1,1,12,1,1769927743,2026-02-01 01:37:46
6853d09a-cbd8-4378-bc23-02e8bba0b4da,2,0,2,17,1,1769927743,2026-02-01 01:37:46
1835249964093653018,3,1,2,20,1,1769927744,2026-02-01 01:37:46
1786696251091417274,0,0,0,32,1,1769927744,2026-02-01 01:37:46
96cf4c1a-db2c-4d4b-af34-c31281b5904b,5,0,5,12,1,1769927744,2026-02-01 01:37:46
d873e463-2dc9-4bf8-86c7-fea8ddaa3a9f,3,0,3,11,1,1769927741,2026-02-01 01:37:46
dd8627c8-4190-4a30-8758-e77a7b010437,13,5,8,27,1,1769927741,2026-02-01 01:37:46
bdefa3e3-aa5a-40eb-b7f8-542de55063e9,5,0,5,11,1,1769927741,2026-02-01 01:37:46
8cb0375d-bcb2-4c90-9773-41c3c8fdf8d8,8,7,1,70,1,1769927741,2026-02-01 01:37:46
16e17ca1-b2dc-47d0-8c8b-199cb4736fe7,2,0,2,13,1,1769927741,2026-02-01 01:37:46
062f0ac2-b3b6-4c15-b470-92ce9b592635,12,0,12,4,1,1769927742,2026-02-01 01:37:46
7a701539-2c10-4abe-803f-525785ebb7fb,9,1,8,9,1,1769927745,2026-02-01 01:37:46
1877651952425321214,5,0,5,9,1,1769927742,2026-02-01 01:37:46
66db29e6-0aca-11e7-82f6-3863bb44ef7c,5,1,4,6,1,1769927742,2026-02-01 01:37:46
66de2131-0aca-11e7-82f6-3863bb44ef7c,3,0,3,22,1,1769927742,2026-02-01 01:37:46
66dbe4db-0aca-11e7-82f6-3863bb44ef7c,60,45,15,13,1,1769927740,2026-02-01 01:37:46
66de1295-0aca-11e7-82f6-3863bb44ef7c,13,4,9,6,1,1769927740,2026-02-01 01:37:46
17c45d34-0d8d-46ba-9078-e9a2a7c5867c,4,1,3,20,1,1769927743,2026-02-01 01:37:46
66dded11-0aca-11e7-82f6-3863bb44ef7c,29,7,22,2,1,1769927746,2026-02-01 01:37:46
1945126147213275898,5,0,5,16,1,1769927747,2026-02-01 01:37:46
66dcbefb-0aca-11e7-82f6-3863bb44ef7c,1,1,0,16,1,1769927747,2026-02-01 01:37:46
1828968611856235508,2,1,1,15,1,1769927747,2026-02-01 01:37:46
cd4b8e12-b2c7-479b-900d-59cf7d8c4276,9,0,9,0,1,1769927747,2026-02-01 01:37:46
1861680103893703034,2,2,0,17,1,1769927747,2026-02-01 01:37:46
6fcad2af-c3e2-47a4-8942-023ae4047e67,12,9,3,2,1,1769927751,2026-02-01 01:37:46
72196024-6f2b-45cb-9764-609911c7dc0b,0,0,0,0,0,1769927751,2026-02-01 01:37:46
490ca6cc-c2a2-4838-acf0-4704ed60dc51,0,0,0,41,0,1769894736,2026-02-01 01:37:46
66de1580-0aca-11e7-82f6-3863bb44ef7c,2,1,1,31,1,1769927747,2026-02-01 01:37:46
66db2953-0aca-11e7-82f6-3863bb44ef7c,45,2,43,2,1,1769927748,2026-02-01 01:37:46
66dd4de9-0aca-11e7-82f6-3863bb44ef7c,6,6,0,41,1,1769927748,2026-02-01 01:37:46
add829db-2feb-4e81-af61-056791a6e53b,1,1,0,24,1,1769927748,2026-02-01 01:37:46
653ba606-f397-41e6-adc4-f775bf2d0c9f,14,1,13,9,1,1769927750,2026-02-01 01:37:46
1817432787057164808,13,0,13,6,1,1769927750,2026-02-01 01:37:46
66db6cd4-0aca-11e7-82f6-3863bb44ef7c,4,1,3,46,1,1769927750,2026-02-01 01:37:46
5b0b689f-9bd2-4743-b4cc-d4629a9a709b,20,2,18,1,1,1769927750,2026-02-01 01:37:46
66dd52c8-0aca-11e7-82f6-3863bb44ef7c,2,2,0,37,1,1769927750,2026-02-01 01:37:46
66f68197-4897-4576-896a-48e0312104c5,11,0,11,13,1,1769927751,2026-02-01 01:37:46
1828966882896859944,4,1,3,12,1,1769927746,2026-02-01 01:37:46
0f51cb84-e386-44ac-947f-a969f7617d17,5,2,3,17,1,1769927746,2026-02-01 01:37:46
38975061-0d90-43a3-87c1-8905b374d5d9,11,0,11,8,1,1769927746,2026-02-01 01:37:46
1815967313905864892,7,0,7,8,1,1769927746,2026-02-01 01:37:46
ecb2eebe-67c0-43b8-baae-71abb1a0ec6a,0,0,0,27,1,1769927748,2026-02-01 01:37:46
1869754328201607270,1,0,1,13,1,1769927749,2026-02-01 01:37:46
2126624772423916318,4,0,4,5,1,1769927749,2026-02-01 01:37:46
66dd4981-0aca-11e7-82f6-3863bb44ef7c,13,2,11,6,1,1769927749,2026-02-01 01:37:46
2123940513700131194,11,6,5,2,1,1769927749,2026-02-01 01:37:46
66dd40dd-0aca-11e7-82f6-3863bb44ef7c,7,2,4,16,1,1769927749,2026-02-01 01:37:46
1828968994833044184,3,1,2,15,1,1769927749,2026-02-01 01:37:46
aa120a3a-9f2b-4dfc-a88b-384bbb66838a,10,1,9,9,1,1769927749,2026-02-01 01:37:46
9e3603ee-2b7d-4147-a7b5-48bbd778902c,36,32,3,20,1,1769927644,2026-02-01 01:37:46
a11a0000-19cf-4053-b3a1-3a5886d7446c,15,0,15,21,1,1769927645,2026-02-01 01:37:46
daaa3ac1-594c-48d2-9431-a8ced305ed5a,2,0,2,16,1,1769927645,2026-02-01 01:37:46
05969d95-8a64-4007-abf1-afb847f2d426,6,2,3,15,1,1769927643,2026-02-01 01:37:46
b636a06c-c10e-417a-ac22-14cadb8f8993,5,1,4,8,1,1769927644,2026-02-01 01:37:46
66dbc8f5-0aca-11e7-82f6-3863bb44ef7c,38,17,21,24,1,1769927642,2026-02-01 01:37:46
8dc8c0b3-4d70-40fe-a75a-86e30ecb676b,8,0,8,0,1,1769927643,2026-02-01 01:37:46
66db3a1e-0aca-11e7-82f6-3863bb44ef7c,7,5,1,6,1,1769927664,2026-02-01 01:37:46
66db8c10-0aca-11e7-82f6-3863bb44ef7c,0,0,0,23,0,1769860645,2026-02-01 01:37:46
1834145064843958330,10,0,10,10,1,1769927664,2026-02-01 01:37:46
66db4158-0aca-11e7-82f6-3863bb44ef7c,32,26,6,4,1,1769927664,2026-02-01 01:37:46
36ddce8f-bd83-4a05-b601-b526fb4d8628,1,0,1,17,1,1769927664,2026-02-01 01:37:46
c04cef84-3fcd-4fd9-9e40-8e07453dbe19,6,1,5,12,1,1769927664,2026-02-01 01:37:46
6c3b486e-603c-4158-91ac-adc06ac01535,14,9,5,9,1,1769927664,2026-02-01 01:37:46
66db30e0-0aca-11e7-82f6-3863bb44ef7c,14,12,2,68,1,1769927663,2026-02-01 01:37:46
1786698815186893280,17,0,17,4,1,1769927665,2026-02-01 01:37:46
50e05a9f-dce6-4315-a10d-1fa786fc18ee,9,2,7,30,1,1769927665,2026-02-01 01:37:46
98af0e1d-ea33-4c6e-95fe-97846e81081e,9,6,3,4,1,1769927665,2026-02-01 01:37:46
1848241332086049696,0,0,0,21,1,1769927668,2026-02-01 01:37:46
de0c1800-f7cc-41b4-ab7a-c9d219180d06,15,3,11,36,1,1769927669,2026-02-01 01:37:46
9e9acfaf-0bbf-4bc2-a825-b2befb6bee55,19,9,10,10,1,1769927666,2026-02-01 01:37:46
6f484a9d-c535-451e-a18f-f3afdc0a27af,29,15,14,8,1,1769927666,2026-02-01 01:37:46
1835249854657874848,1,0,1,15,1,1769927667,2026-02-01 01:37:46
66db3f01-0aca-11e7-82f6-3863bb44ef7c,2,1,1,44,1,1769927667,2026-02-01 01:37:46
20f3a578-4dfa-45ca-a917-b394d77ee08e,17,2,15,6,1,1769927670,2026-02-01 01:37:46
66de47bf-0aca-11e7-82f6-3863bb44ef7c,8,0,8,9,1,1769927670,2026-02-01 01:37:46
0f9423bd-98dd-4919-b6e3-28880ff7ecca,1,0,1,15,1,1769927670,2026-02-01 01:37:46
bca594e5-779f-4866-bd6b-818871f97d38,22,2,20,1,1,1769927707,2026-02-01 01:37:46
66de5a47-0aca-11e7-82f6-3863bb44ef7c,0,0,0,12,0,1769890105,2026-02-01 01:37:46
30985a9c-afe4-4b98-a72c-2c72bb35603e,6,5,1,7,1,1769927705,2026-02-01 01:37:46
66ddb41c-0aca-11e7-82f6-3863bb44ef7c,22,19,3,4,1,1769927705,2026-02-01 01:37:46
faf021ad-9de5-44bd-b7f5-48127e8d5fea,19,1,18,0,1,1769927705,2026-02-01 01:37:46
facb0195-8daa-46e3-95e1-6f22fb678e8a,1,1,0,18,1,1769927705,2026-02-01 01:37:46
b1f3eb8c-07f9-479f-a8ab-f04e094bc7d0,9,1,8,9,1,1769927705,2026-02-01 01:37:46
e71d152c-c2df-4d3e-a9af-139f2529bac6,10,1,9,6,1,1769927700,2026-02-01 01:37:46
1861682960046954694,14,11,3,1,1,1769927701,2026-02-01 01:37:46
0183d7d4-9e11-4429-94db-666a31239871,14,1,13,13,1,1769927701,2026-02-01 01:37:46
1875413335585534272,0,0,0,21,1,1769927703,2026-02-01 01:37:46
65e7908a-a73e-4f8e-9967-0d0677f62bc4,17,9,8,0,1,1769927703,2026-02-01 01:37:46
d5788cfa-817e-4b65-b43f-edda222a3c3c,5,3,2,17,1,1769927704,2026-02-01 01:37:46
5cb3a92d-f284-477c-bf63-ea72d24e8a7d,11,0,11,5,1,1769927704,2026-02-01 01:37:46
96a4da57-107a-43d1-8828-4749d5555461,3,0,3,25,1,1769927704,2026-02-01 01:37:46
a381b37a-a928-4834-87ee-da9922cb3b3d,23,18,5,5,1,1769927704,2026-02-01 01:37:46
88bf1344-354f-4699-bdbd-1c2584fc41ee,4,1,3,19,1,1769927699,2026-02-01 01:37:46
8df41833-c7bf-4171-bdab-58d64f6ade54,15,1,14,1,1,1769927699,2026-02-01 01:37:46
1960020540642077008,18,12,6,24,1,1769927699,2026-02-01 01:37:46
3134bce7-0bb9-4a45-9c87-60a8cb681d72,3,0,3,13,1,1769927699,2026-02-01 01:37:46
19002a4c-3229-450b-ad69-76948696e60d,1,1,0,17,1,1769927700,2026-02-01 01:37:46
d319629d-63cf-4765-9f69-5569f35d6469,2,1,1,15,1,1769927702,2026-02-01 01:37:46
72796825-88b1-43a0-bb6d-2b41d337b1fc,24,2,22,6,1,1769927702,2026-02-01 01:37:46
1822663143025657920,16,2,14,2,1,1769927702,2026-02-01 01:37:46
1835247352748090208,7,2,5,11,1,1769927702,2026-02-01 01:37:46
9459fca8-b044-4ed1-8f2c-c5db11ba868f,3,0,3,22,1,1769927704,2026-02-01 01:37:46
1900647078394106472,8,2,6,10,1,1769927709,2026-02-01 01:37:46
cae4f2f4-9642-474c-95cc-6cc07592f120,12,9,3,16,1,1769927709,2026-02-01 01:37:46
1ddadf67-ae08-4e86-bdda-236629b9eabd,1,1,0,22,1,1769927709,2026-02-01 01:37:46
1960020817312746312,45,23,22,64,1,1769927709,2026-02-01 01:37:46
1794096976946852066,35,19,16,14,1,1769927709,2026-02-01 01:37:46
311269f4-53dc-4f83-b26b-ecb6e8e160ed,2,0,2,17,1,1769927710,2026-02-01 01:37:46
66ddeca9-0aca-11e7-82f6-3863bb44ef7c,16,2,14,3,1,1769927710,2026-02-01 01:37:46
66dc7b10-0aca-11e7-82f6-3863bb44ef7c,4,1,3,70,1,1769927711,2026-02-01 01:37:46
39112ced-337f-4b71-9df6-291cd4265cc9,8,0,8,10,1,1769927711,2026-02-01 01:37:46
2170352212111402482,19,15,4,43,1,1769927712,2026-02-01 01:37:46
1860187692409078310,6,1,5,16,1,1769927713,2026-02-01 01:37:46
f6c33f22-d650-4935-a928-fb693a828b5f,1,1,0,19,1,1769927712,2026-02-01 01:37:46
16cbe771-8fca-4437-b9d2-374e00da6c3a,6,0,6,14,1,1769927707,2026-02-01 01:37:46
78e93937-53d1-4c9b-99ad-0460f908ed2d,4,2,2,7,1,1769927707,2026-02-01 01:37:46
2039088532741595744,34,7,27,8,1,1769927713,2026-02-01 01:37:46
66dbf73d-0aca-11e7-82f6-3863bb44ef7c,21,12,9,3,1,1769927714,2026-02-01 01:37:46
1862788101231526152,15,4,11,12,1,1769927714,2026-02-01 01:37:46
9789dc0f-1eb6-4830-bda9-1ce5f1413e19,2,0,2,16,1,1769927711,2026-02-01 01:37:46
1835246815877178358,4,0,4,12,1,1769927713,2026-02-01 01:37:46
1b28836b-29fd-47a7-9a98-44cd792918fb,35,13,22,4,1,1769927714,2026-02-01 01:37:46
66dca6f4-0aca-11e7-82f6-3863bb44ef7c,1,0,1,30,1,1769927708,2026-02-01 01:37:46
66dc73b0-0aca-11e7-82f6-3863bb44ef7c,9,5,4,27,1,1769927708,2026-02-01 01:37:46
66dd8bd9-0aca-11e7-82f6-3863bb44ef7c,14,6,8,6,1,1769927708,2026-02-01 01:37:46
dcdaa64b-4d2c-4017-bfb9-da25924f851d,5,3,2,11,1,1769927708,2026-02-01 01:37:46
30a75e12-5327-48f0-8155-3925aa934054,1,0,1,15,1,1769927712,2026-02-01 01:37:46
2e74ea1d-02a0-47bf-9665-dce2d65de8d7,22,6,16,11,1,1769927712,2026-02-01 01:37:46
1828968199249922252,1,0,1,18,1,1769927717,2026-02-01 01:37:46
8f9ce302-2a6d-443c-8fe0-625b20021ea2,2,1,0,21,1,1769927718,2026-02-01 01:37:46
0e82ab9f-8c93-4302-b9df-342f8135a05c,17,0,17,1,1,1769927718,2026-02-01 01:37:46
66dcbb2c-0aca-11e7-82f6-3863bb44ef7c,2,1,1,24,1,1769927718,2026-02-01 01:37:46
c38e2cfc-04e6-419c-8bf8-d8713ccf6ea7,0,0,0,5,0,1769858401,2026-02-01 01:37:46
aba6e644-3ac8-4cdc-9bc6-763e9d82dee9,11,2,9,9,1,1769927716,2026-02-01 01:37:46
d56a8542-048a-4aca-ac7f-f27a9e6c908b,4,1,3,18,1,1769927717,2026-02-01 01:37:46
2121033124458338894,8,0,8,5,1,1769927716,2026-02-01 01:37:46
1931758629658304788,5,1,4,17,1,1769927717,2026-02-01 01:37:46
66dccd65-0aca-11e7-82f6-3863bb44ef7c,14,0,14,7,1,1769927719,2026-02-01 01:37:46
1861681435029604706,5,1,4,14,1,1769927719,2026-02-01 01:37:46
1851955603137491568,13,0,13,17,1,1769927719,2026-02-01 01:37:46
66de27da-0aca-11e7-82f6-3863bb44ef7c,9,4,5,12,1,1769927719,2026-02-01 01:37:46
66dc78c4-0aca-11e7-82f6-3863bb44ef7c,26,19,7,24,1,1769927720,2026-02-01 01:37:46
c0df5c09-2c07-4689-9fe8-36ed81301d7d,0,0,0,22,1,1769927714,2026-02-01 01:37:46
66de6100-0aca-11e7-82f6-3863bb44ef7c,23,0,23,4,1,1769927714,2026-02-01 01:37:46
66db237e-0aca-11e7-82f6-3863bb44ef7c,3,1,2,49,1,1769927715,2026-02-01 01:37:46
1882736039096477712,18,8,10,12,1,1769927715,2026-02-01 01:37:46
66dc8c90-0aca-11e7-82f6-3863bb44ef7c,5,1,4,13,1,1769927715,2026-02-01 01:37:46
c01a9c97-6c04-4e3f-ad0b-958801d94ca1,13,0,13,0,1,1769927715,2026-02-01 01:37:46
b3a9057e-7ff6-4117-b96e-e71c173cf1e9,8,0,8,9,1,1769927716,2026-02-01 01:37:46
1947313784686131504,9,1,8,5,1,1769927720,2026-02-01 01:37:46
1828967717120678322,8,3,5,11,1,1769927720,2026-02-01 01:37:46
7e7d974c-a6ec-4d9a-b4ed-01a4d2056d8b,1,0,1,17,1,1769927720,2026-02-01 01:37:46
1882735162923150168,20,5,15,3,1,1769927720,2026-02-01 01:37:46
b9970fb5-176c-4a66-8772-6d76c4b6245a,3,0,3,15,1,1769927721,2026-02-01 01:37:46
5adcaaaf-5386-441d-827c-8d65c4f4405e,2,2,0,18,1,1769927720,2026-02-01 01:37:46
2126224759932600578,2,2,0,4,1,1769927692,2026-02-01 01:37:46
66dde079-0aca-11e7-82f6-3863bb44ef7c,3,2,1,40,1,1769927723,2026-02-01 01:37:46
ed1199e4-d9a6-4d9e-8c81-62bcd7510a11,9,1,8,14,1,1769927723,2026-02-01 01:37:46
1975518396279321266,46,35,10,22,1,1769927722,2026-02-01 01:37:46
66dba0ba-0aca-11e7-82f6-3863bb44ef7c,9,4,5,30,1,1769927722,2026-02-01 01:37:46
08b9c491-a589-4e75-996c-2455c26fb356,4,2,2,16,1,1769927722,2026-02-01 01:37:46
18267c09-1916-48d8-951c-caf88c89edd1,2,2,0,16,1,1769927722,2026-02-01 01:37:46
99d149f9-ad40-461e-beea-fcbf086f9b5a,7,4,3,52,1,1769927724,2026-02-01 01:37:46
fdf21800-6106-4739-b7d5-b379b19e5732,5,0,5,9,1,1769927724,2026-02-01 01:37:46
2126274178538511162,9,1,8,2,1,1769927445,2026-02-01 01:37:46
b200a8bf-2d79-4511-9a16-ac41e7245622,7,0,7,16,1,1769927725,2026-02-01 01:37:46
66db32fb-0aca-11e7-82f6-3863bb44ef7c,3,0,3,93,1,1769927726,2026-02-01 01:37:46
66dd1ad8-0aca-11e7-82f6-3863bb44ef7c,18,2,16,3,1,1769927725,2026-02-01 01:37:46
c0b541ae-9e66-4739-babb-483180747dc2,3,1,2,13,1,1769927726,2026-02-01 01:37:46
1857217122161783302,16,1,15,5,1,1769927726,2026-02-01 01:37:46
344064f8-e82f-40fb-b235-aff506b77ae5,3,0,3,24,1,1769927721,2026-02-01 01:37:46
4753c1ba-a86e-431e-94fb-06403cdee4d7,16,6,10,10,1,1769927721,2026-02-01 01:37:46
66de4408-0aca-11e7-82f6-3863bb44ef7c,4,2,2,17,1,1769927721,2026-02-01 01:37:46
b1f67e5c-7c26-4bf3-a90e-1500a3160d60,5,0,5,15,1,1769927724,2026-02-01 01:37:46
40042fb4-6ddd-4f74-bb52-5af3e4e08c8d,5,1,4,18,1,1769927725,2026-02-01 01:37:46
b94cc90e-9ca2-4471-8371-23be051e0157,0,0,0,73,1,1769927751,2026-02-01 01:37:46
1914337145288845316,16,2,14,6,1,1769927751,2026-02-01 01:37:46
1789e458-c466-4d77-aba6-365f5c3823ed,5,0,5,15,1,1769927752,2026-02-01 01:37:46
9e99abca-c679-4788-9a4e-39066660bd6a,3,1,2,12,1,1769927752,2026-02-01 01:37:46
66dc0d3a-0aca-11e7-82f6-3863bb44ef7c,2,1,1,12,1,1769927752,2026-02-01 01:37:46
22ac9559-d7f1-4dcd-ae3e-f6caf586a455,18,11,7,3,1,1769927752,2026-02-01 01:37:46
9505c2b7-0c3a-4791-8471-d2092a86291f,17,0,17,1,1,1769927752,2026-02-01 01:37:46
b90574d1-e9e7-45be-8adb-e38cb285fea5,0,0,0,16,1,1769927753,2026-02-01 01:37:46
9f702c67-b591-4492-ba90-eb3c7e793dad,9,1,8,4,1,1769927753,2026-02-01 01:37:46
348c5e65-cbc3-4da6-9856-fc253a0ba546,28,3,25,23,1,1769927753,2026-02-01 01:37:46
141ba25c-f4ea-4cec-ae7e-022401e23087,6,0,4,4,1,1769927753,2026-02-01 01:37:46
66dbef85-0aca-11e7-82f6-3863bb44ef7c,16,11,5,18,1,1769927753,2026-02-01 01:37:46
b5010362-af16-4357-8fb7-5958576954c0,12,1,11,12,1,1769927753,2026-02-01 01:37:46
138094a0-cd7d-4014-9b21-4fb2afd3980e,12,1,11,12,1,1769927753,2026-02-01 01:37:46
2126624466406238560,4,0,4,5,1,1769927753,2026-02-01 01:37:46
1879859065051787718,8,7,1,4,1,1769927753,2026-02-01 01:37:46
fbee1143-e93f-418d-b6bc-8fde4a9a8746,5,2,3,42,1,1769927753,2026-02-01 01:37:46
1817627670084542818,0,0,0,20,1,1769927753,2026-02-01 01:37:46
6bc5598a-9eb8-44d2-adc0-d93b93af1924,9,0,9,3,1,1769927753,2026-02-01 01:37:46
1817433126359581672,7,0,7,14,1,1769927754,2026-02-01 01:37:46
9dde927d-9984-4f97-bcd0-fbcb59e6ca66,10,0,10,5,1,1769927754,2026-02-01 01:37:46
e6a32ec8-fc8b-4ed6-93a2-3ace3921b89d,14,7,7,7,1,1769927754,2026-02-01 01:37:46
66dc4bd9-0aca-11e7-82f6-3863bb44ef7c,70,65,5,11,1,1769927754,2026-02-01 01:37:46
c1c33a35-751f-4dd6-baef-82db46f7ab46,5,2,3,26,1,1769927754,2026-02-01 01:37:46
581d8683-c217-4f96-89cb-b5a94d780b83,4,1,3,65,1,1769927754,2026-02-01 01:37:46
016ee47a-4871-4209-91cb-bf3ceeddc991,1,0,1,16,1,1769927754,2026-02-01 01:37:46
1860189426558126796,6,0,6,12,1,1769927754,2026-02-01 01:37:46
7d455e9a-20b4-4b03-8248-0d982fdfa21b,3,1,2,14,1,1769927755,2026-02-01 01:37:46
4e1a13af-1c3b-48f2-8586-5edceea97d61,0,0,0,17,1,1769927754,2026-02-01 01:37:46
66db3d2a-0aca-11e7-82f6-3863bb44ef7c,22,1,21,35,1,1769927755,2026-02-01 01:37:46
557f8d40-dec1-4c61-bd03-a0d1a6ea0e4b,17,1,16,5,1,1769927755,2026-02-01 01:37:46
db02e1ea-acc1-4f45-8e3c-d37468b0b5a6,8,0,8,10,1,1769927755,2026-02-01 01:37:46
de449a58-0edf-4d36-91b4-4b313576e945,8,1,7,6,1,1769927755,2026-02-01 01:37:46
66de07ec-0aca-11e7-82f6-3863bb44ef7c,18,1,17,0,1,1769927756,2026-02-01 01:37:46
1286480d-5d6d-4a47-9fac-e156dba2b6fc,38,23,15,1,1,1769927755,2026-02-01 01:37:46
66dd9213-0aca-11e7-82f6-3863bb44ef7c,3,3,0,31,1,1769927756,2026-02-01 01:37:46
1791472201147965920,16,10,6,42,1,1769927756,2026-02-01 01:37:46
66dc7957-0aca-11e7-82f6-3863bb44ef7c,8,7,1,65,1,1769927756,2026-02-01 01:37:46
1860187301567054286,4,1,3,13,1,1769927756,2026-02-01 01:37:46
1846086768160082632,8,4,4,13,1,1769927756,2026-02-01 01:37:46
66de1a8a-0aca-11e7-82f6-3863bb44ef7c,2,1,1,14,1,1769927757,2026-02-01 01:37:46
8fc95e31-b025-4d2b-b5aa-240465366480,5,1,4,9,1,1769927757,2026-02-01 01:37:46
66dd42eb-0aca-11e7-82f6-3863bb44ef7c,2,1,1,56,1,1769927757,2026-02-01 01:37:46
2c366f4b-8319-41bf-ab8e-2fba3a952feb,4,1,3,37,1,1769927757,2026-02-01 01:37:46
66dcca76-0aca-11e7-82f6-3863bb44ef7c,4,2,2,18,1,1769927757,2026-02-01 01:37:46
6db97fde-68ae-4d2b-b121-b7c17838bbe7,1,0,1,15,1,1769927758,2026-02-01 01:37:46
7efcb97f-6c8f-4445-86a9-3f758a822f17,3,3,0,29,1,1769927758,2026-02-01 01:37:46
af626e61-9f83-4602-a9b1-038b1c1430e6,13,0,13,6,1,1769927757,2026-02-01 01:37:46
d5ca6311-7471-480f-9c79-38baaafe34ba,2,1,1,26,1,1769927758,2026-02-01 01:37:46
05c5e17c-7aa9-49b7-9da3-9db4858ec1fc,16,12,4,5,1,1769927758,2026-02-01 01:37:46
1835250080052323168,0,0,0,0,0,86400,2026-02-01 01:37:46
2171903032377767128,0,0,0,0,0,86400,2026-02-01 01:37:46
2171903970740122034,0,0,0,0,0,86400,2026-02-01 01:37:46
2177015115528916668,0,0,0,0,0,86400,2026-02-01 01:37:46
2177015776583073844,0,0,0,0,0,86400,2026-02-01 01:37:46
2177017159407891310,0,0,0,0,0,86400,2026-02-01 01:37:46
2177015450536365760,0,0,0,0,0,86400,2026-02-01 01:37:46
2177015274071900204,0,0,0,0,0,86400,2026-02-01 01:37:46
2177016197335217002,0,0,0,0,0,86400,2026-02-01 01:37:46
2171902607371571344,0,0,0,0,0,86400,2026-02-01 01:37:46
2171903385631266470,0,0,0,0,0,86400,2026-02-01 01:37:46
1861681740276243358,0,0,0,2,0,1769805304,2026-02-01 01:37:46
1905394575114219798,0,0,0,11,0,1769868163,2026-02-01 01:37:46
8ec47777-852d-4059-a5ea-12eef71a9606,0,0,0,0,0,1769913343,2026-02-01 01:37:46
c6c10756-ef41-491a-8e6c-ee0aa27b8cbe,0,0,0,18,0,1769831123,2026-02-01 01:37:46
af72781c-fe0b-4b73-a7df-201f9780ea9c,31,13,17,5,1,1769927553,2026-02-01 01:37:46
70634bc4-4d90-42d4-8f6a-3f29fa8f7f77,0,0,0,11,0,1769707198,2026-02-01 01:37:46
a68acb0c-4244-416a-bf59-ca55d3120cdd,0,0,0,1,0,1769844962,2026-02-01 01:37:46
3d6b7c84-7e5a-454d-aa9d-c66eb92383be,0,0,0,19,0,1769856530,2026-02-01 01:37:46
1845676917264180046,0,0,0,9,0,1769922134,2026-02-01 01:37:46
1885440410432338078,0,0,0,20,1,1769927637,2026-02-01 01:37:46
b7af52d2-fd23-4970-8513-be7c681480c4,41,24,17,2,1,1769927639,2026-02-01 01:37:46
99b7c9a5-9679-417f-b884-21c4b240aa99,6,1,5,12,1,1769927640,2026-02-01 01:37:46
66dd4356-0aca-11e7-82f6-3863bb44ef7c,6,3,3,26,1,1769927640,2026-02-01 01:37:46
66db460d-0aca-11e7-82f6-3863bb44ef7c,0,0,0,0,0,1769927641,2026-02-01 01:37:46
66dd2292-0aca-11e7-82f6-3863bb44ef7c,30,27,3,14,1,1769927641,2026-02-01 01:37:46
7e70b65e-00c1-40d5-984d-17232a4ee05e,9,5,4,28,1,1769927641,2026-02-01 01:37:46
1880644037244334512,12,6,6,8,1,1769927638,2026-02-01 01:37:46
7a8bf573-275f-41d5-ad8b-1ff9ee7c2dce,9,0,9,16,1,1769927639,2026-02-01 01:37:46
4956ad8b-06d6-4af4-bcc8-735c45439608,5,4,1,10,1,1769927691,2026-02-01 01:37:46
1808184356986544410,4,2,2,25,1,1769927691,2026-02-01 01:37:46
1857217349795049790,0,0,0,11,0,1769851506,2026-02-01 01:37:46
1b962833-d769-418e-b1ef-5a183bb5eb1a,9,4,5,8,1,1769927691,2026-02-01 01:37:46
699d3378-6ea8-465f-888b-c49c60089ce8,0,0,0,16,1,1769927691,2026-02-01 01:37:46
66de4336-0aca-11e7-82f6-3863bb44ef7c,2,2,0,26,1,1769927692,2026-02-01 01:37:46
66de602e-0aca-11e7-82f6-3863bb44ef7c,39,1,38,0,1,1769927690,2026-02-01 01:37:46
3ac7b47b-2253-4a0b-bf7d-8a2eb6b78a38,15,3,12,18,1,1769927693,2026-02-01 01:37:46
66dd4f9b-0aca-11e7-82f6-3863bb44ef7c,1,0,0,8,0,1769848869,2026-02-01 01:37:46
1a92d2d3-ddf1-4f34-b28c-ce7a064b9a3e,10,4,6,7,1,1769927693,2026-02-01 01:37:46
5782a158-b596-4936-a451-32ccc131a57d,2,1,1,16,1,1769927688,2026-02-01 01:37:46
1984510483573713186,3,1,2,56,1,1769927688,2026-02-01 01:37:46
66de4b0b-0aca-11e7-82f6-3863bb44ef7c,11,0,11,11,1,1769927688,2026-02-01 01:37:46
66db2f4c-0aca-11e7-82f6-3863bb44ef7c,1,1,0,73,1,1769927692,2026-02-01 01:37:46
d5cb6e67-addb-46d4-93e7-832371736d45,12,0,12,19,1,1769927692,2026-02-01 01:37:46
039d4cc9-8560-4d22-88c3-20753c54a50f,0,0,0,16,0,1769856688,2026-02-01 01:37:46
66dbf6d2-0aca-11e7-82f6-3863bb44ef7c,9,0,9,20,1,1769927690,2026-02-01 01:37:46
66dbeb1b-0aca-11e7-82f6-3863bb44ef7c,7,3,4,30,1,1769927690,2026-02-01 01:37:46
66dbbeda-0aca-11e7-82f6-3863bb44ef7c,20,12,8,53,1,1769927694,2026-02-01 01:37:46
b43ecf62-4c9d-4b06-ac9a-5837084f769f,2,0,2,19,1,1769927694,2026-02-01 01:37:46
ff1e98d3-ae7d-4c53-a531-1845bee1d346,2,2,0,33,1,1769927694,2026-02-01 01:37:46
186092d1-a431-45db-8198-d5ba13334d79,12,0,12,8,1,1769927692,2026-02-01 01:37:46
1794096824496960148,28,22,6,8,1,1769927697,2026-02-01 01:37:46
00d3e65e-b614-4408-aaa9-939ed96ce645,37,32,5,6,1,1769927698,2026-02-01 01:37:46
081d243e-d75e-4e2a-bdae-a990b2397532,3,1,2,20,1,1769927698,2026-02-01 01:37:46
66dc462a-0aca-11e7-82f6-3863bb44ef7c,52,48,4,6,1,1769927698,2026-02-01 01:37:46
ab29ce96-c2e8-4929-b27b-e0fe4aae17d5,5,0,5,11,1,1769927698,2026-02-01 01:37:46
0575e356-72f4-4251-8e15-574cf60bd190,7,1,6,7,1,1769927698,2026-02-01 01:37:46
2ad41c1f-5636-4a63-ad52-761e2613061a,2,0,2,17,1,1769927694,2026-02-01 01:37:46
b9b58379-b29a-4fa8-ba72-c647728e1686,12,5,7,6,1,1769927694,2026-02-01 01:37:46
1848242143834868452,12,2,10,2,1,1769927695,2026-02-01 01:37:46
edc9b877-c311-46b4-a780-59ee7e692324,12,5,7,18,1,1769927695,2026-02-01 01:37:46
1849009794224623642,12,0,12,0,1,1769927695,2026-02-01 01:37:46
1851947582840610924,4,1,3,16,1,1769927695,2026-02-01 01:37:46
c9e76fa9-54e2-4161-9798-4787bf04217a,9,0,9,7,1,1769927696,2026-02-01 01:37:46
c229f0ca-bdd1-4aa0-8906-a3e809e12889,10,0,10,11,1,1769927696,2026-02-01 01:37:46
1861680383828308814,3,3,0,10,1,1769927699,2026-02-01 01:37:46
66ddd545-0aca-11e7-82f6-3863bb44ef7c,65,50,15,5,1,1769927695,2026-02-01 01:37:46
324e55da-fec0-43a2-b622-27774381ab7f,1,1,0,16,1,1769927648,2026-02-01 01:37:46
49703a2d-15e9-4af4-b80e-cca664d7ea18,5,1,4,14,1,1769927649,2026-02-01 01:37:46
a5bd1f58-7df8-4df6-9636-372f1bc194be,28,5,23,10,1,1769927653,2026-02-01 01:37:46
66dccc99-0aca-11e7-82f6-3863bb44ef7c,14,0,13,14,1,1769927654,2026-02-01 01:37:46
d4c34830-972f-4cd1-81bb-071df209d065,1,0,1,19,1,1769927654,2026-02-01 01:37:46
2124425954553309758,7,4,3,1,1,1769927654,2026-02-01 01:37:46
1862787688044743624,0,0,0,8,0,1769919230,2026-02-01 01:37:46
66dd1eb2-0aca-11e7-82f6-3863bb44ef7c,16,2,14,6,1,1769927651,2026-02-01 01:37:46
1861682182353914188,8,0,8,10,1,1769927651,2026-02-01 01:37:46
a4c9faeb-2234-457d-ad56-1ab14104b538,7,3,4,10,1,1769927651,2026-02-01 01:37:46
66de1a1f-0aca-11e7-82f6-3863bb44ef7c,0,0,0,28,0,1769808479,2026-02-01 01:37:46
3c5a8531-4eec-4695-b4f8-8a1158890e78,5,3,2,11,1,1769927652,2026-02-01 01:37:46
66dca5f3-0aca-11e7-82f6-3863bb44ef7c,3,0,3,41,1,1769927652,2026-02-01 01:37:46
66ddeb67-0aca-11e7-82f6-3863bb44ef7c,10,0,10,6,1,1769927649,2026-02-01 01:37:46
2ec2f95c-675c-4c59-856f-1fb38df59fa2,0,0,0,16,1,1769927649,2026-02-01 01:37:46
1828968327357059242,8,0,8,11,1,1769927650,2026-02-01 01:37:46
d29ea280-8b64-4a35-b12b-245525ae2a3a,9,1,8,42,1,1769927653,2026-02-01 01:37:46
66db3fc9-0aca-11e7-82f6-3863bb44ef7c,16,10,6,10,1,1769927670,2026-02-01 01:37:46
1791188268875152272,30,4,26,7,1,1769927670,2026-02-01 01:37:46
4bc6f4d0-edd5-4eb0-a704-f7ce0d693aac,1,0,1,17,1,1769927670,2026-02-01 01:37:46
5a5a38d1-f28d-4e51-bf85-27bb384135c7,24,1,23,5,1,1769927671,2026-02-01 01:37:46
1864605926072998676,0,0,0,18,1,1769927671,2026-02-01 01:37:46
c3b255d8-b690-4825-b1e9-a1d1680e5542,5,0,5,7,1,1769927673,2026-02-01 01:37:46
66dd3cb4-0aca-11e7-82f6-3863bb44ef7c,18,1,17,8,1,1769927674,2026-02-01 01:37:46
5b4a4b20-539b-47c1-9228-1f1f124b3ec9,15,0,15,6,1,1769927674,2026-02-01 01:37:46
23539f3b-fb83-4f34-b8b8-9f1f37b5e646,19,0,19,9,1,1769927674,2026-02-01 01:37:46
941ea42c-47fe-4d63-a6f5-e0e200f01633,7,3,4,9,1,1769927674,2026-02-01 01:37:46
9206af28-03bf-43e3-a8b0-354792921466,6,1,5,12,1,1769927668,2026-02-01 01:37:46
f47e1ce9-ff3f-49e9-9a2f-aa5be45d70da,10,1,9,9,1,1769927668,2026-02-01 01:37:46
1860189075388547142,1,1,0,17,1,1769927668,2026-02-01 01:37:46
66de0a0a-0aca-11e7-82f6-3863bb44ef7c,15,4,11,1,1,1769927668,2026-02-01 01:37:46
66ddebce-0aca-11e7-82f6-3863bb44ef7c,24,17,7,1,1,1769927669,2026-02-01 01:37:46
3edec530-4791-4872-8912-2a2397a903a4,36,15,21,11,1,1769927669,2026-02-01 01:37:46
66db930d-0aca-11e7-82f6-3863bb44ef7c,6,3,3,20,1,1769927673,2026-02-01 01:37:46
7cd61426-ed98-434e-9235-56ed856fead6,2,0,2,16,1,1769927673,2026-02-01 01:37:46
a7a175ff-8ffb-477c-a40b-6d47ce92305d,5,1,4,11,1,1769927668,2026-02-01 01:37:46
bda1fab4-5065-42df-a8ff-514e6064ab6e,18,2,16,1,1,1769927668,2026-02-01 01:37:46
66dcf922-0aca-11e7-82f6-3863bb44ef7c,9,0,9,11,1,1769927669,2026-02-01 01:37:46
d7a7789b-a052-4a69-a4ec-59436b0f8d75,7,1,6,8,1,1769927670,2026-02-01 01:37:46
14391923-6727-4359-92e9-03e0b5094753,18,1,17,18,1,1769927669,2026-02-01 01:37:46
66dde7dc-0aca-11e7-82f6-3863bb44ef7c,1,1,0,17,1,1769927710,2026-02-01 01:37:46
ee1d39c5-47c8-4527-9456-3719c50b7be5,8,0,8,5,1,1769927711,2026-02-01 01:37:46
61c82689-3f4c-495d-8f44-e71de8f04088,0,0,0,70,0,1769858367,2026-02-01 01:37:46
66dc8382-0aca-11e7-82f6-3863bb44ef7c,10,4,6,65,1,1769927711,2026-02-01 01:37:46
66db5f40-0aca-11e7-82f6-3863bb44ef7c,27,27,0,4,1,1769927707,2026-02-01 01:37:46
4e862dc1-0652-4f29-a26f-315d763df67d,26,9,17,27,1,1769927708,2026-02-01 01:37:46
5ffde991-1125-443e-bc97-6827b2b9c97b,18,1,17,0,1,1769927708,2026-02-01 01:37:46
1856767361963389606,9,2,7,0,1,1769927709,2026-02-01 01:37:46
36d80620-9774-487e-8eb0-cf5f18a39321,0,0,0,21,0,1769866103,2026-02-01 01:37:46
06e5447e-35b8-45cb-b3bb-937791a6f8ae,10,2,8,7,1,1769927706,2026-02-01 01:37:46
1834145204469569922,6,2,4,13,1,1769927706,2026-02-01 01:37:46
33af8810-cda5-4b61-9c38-0235f9d59aaa,20,1,19,7,1,1769927705,2026-02-01 01:37:46
dee5a590-7cda-465e-8351-b0622a5e2ad3,5,0,5,12,1,1769927706,2026-02-01 01:37:46
981f1311-004f-41c3-ba5b-3679f78aeb70,15,1,14,1,1,1769927710,2026-02-01 01:37:46
92ffa9d6-8cb1-44cf-8059-391b03d58071,0,0,0,25,1,1769927710,2026-02-01 01:37:46
1913988158376585970,10,2,8,4,1,1769927710,2026-02-01 01:37:46
16c54bf4-194b-4f26-9c49-a42901b4748d,11,5,6,12,1,1769927710,2026-02-01 01:37:46
6fefe1b3-5f0d-47aa-b1dd-cec211239950,0,0,0,21,1,1769927709,2026-02-01 01:37:46
0e240143-2f86-4754-8345-4994750d99f1,11,1,10,5,1,1769927710,2026-02-01 01:37:46
3893eeef-06a8-47b1-95f2-a85454f7d5c9,1,0,1,20,1,1769927710,2026-02-01 01:37:46
3e4a2c26-7527-469c-b4f4-1ef8d40fd20d,3,0,3,11,1,1769927706,2026-02-01 01:37:46
36aaebb9-ef10-41a5-b20b-753bf8a3fed8,1,1,0,16,1,1769927711,2026-02-01 01:37:46
1835247598942507168,1,1,0,16,1,1769927657,2026-02-01 01:37:46
2088792249063596144,15,8,7,6,1,1769927657,2026-02-01 01:37:46
89d4a926-f1ae-4bf2-bf2d-59cff3881579,0,0,0,11,0,1769389491,2026-02-01 01:37:46
05d03a63-b5f2-40d9-9a3d-d2fe666a307f,7,0,7,15,1,1769927656,2026-02-01 01:37:46
0efa08a3-1c38-48fe-ab37-8c9b72b20126,14,3,11,2,1,1769927656,2026-02-01 01:37:46
b53b5e8f-9503-48d1-b3e3-9347ecef38e2,10,1,9,14,1,1769927660,2026-02-01 01:37:46
201edb67-d071-4b67-bafd-131e5c273e9f,14,1,13,3,1,1769927661,2026-02-01 01:37:46
b976906e-81c4-44c5-a160-e17815c0d47b,10,1,9,18,1,1769927661,2026-02-01 01:37:46
57f144cb-375d-4eee-b458-e288116cb8f7,15,3,12,3,1,1769927661,2026-02-01 01:37:46
66db281e-0aca-11e7-82f6-3863bb44ef7c,49,2,47,2,1,1769927657,2026-02-01 01:37:46
7af717b9-99ce-4cce-94b4-b445a40537a1,17,1,16,0,1,1769927659,2026-02-01 01:37:46
8ea3301f-6940-4e0f-80f0-7a3e54b2eaa5,6,6,0,10,1,1769927660,2026-02-01 01:37:46
66db43b5-0aca-11e7-82f6-3863bb44ef7c,1,1,0,14,1,1769927660,2026-02-01 01:37:46
1ecc9936-ee0c-44b2-baa8-237564c8e4fd,27,1,26,5,1,1769927665,2026-02-01 01:37:46
b5861c2d-d687-4308-bf2d-5f69fc28cc4a,17,1,16,3,1,1769927665,2026-02-01 01:37:46
1792225684155730482,16,15,1,6,1,1769927665,2026-02-01 01:37:46
178bad16-1b02-4264-94c0-a8fd0faa60fe,0,0,0,25,1,1769927663,2026-02-01 01:37:46
66dea8ff-0aca-11e7-82f6-3863bb44ef7c,0,0,0,36,0,1769921894,2026-02-01 01:37:46
66de14af-0aca-11e7-82f6-3863bb44ef7c,10,1,9,15,1,1769927664,2026-02-01 01:37:46
c466f15e-715f-411e-904e-1a71fb574cdd,52,29,23,6,1,1769927703,2026-02-01 01:37:46
4aa6bb27-b76b-444e-a3ce-6fb25b822494,0,0,0,20,1,1769927704,2026-02-01 01:37:46
66dbcb2f-0aca-11e7-82f6-3863bb44ef7c,33,22,11,14,1,1769927699,2026-02-01 01:37:46
bcd3ee0f-21d7-4cc8-ac45-ccea48b6fc1b,10,8,2,9,1,1769927700,2026-02-01 01:37:46
66dbc745-0aca-11e7-82f6-3863bb44ef7c,5,4,1,32,1,1769927700,2026-02-01 01:37:46
c0f952d9-538e-4836-b936-fa97123cbf13,2,0,2,15,1,1769927700,2026-02-01 01:37:46
d7c12bf1-1ec8-496a-beca-90ba76c53241,1,0,1,16,1,1769927700,2026-02-01 01:37:46
034f7f3d-e632-475a-aa01-894480d153df,5,4,1,9,1,1769927702,2026-02-01 01:37:46
66dde703-0aca-11e7-82f6-3863bb44ef7c,7,1,6,17,1,1769927702,2026-02-01 01:37:46
00d94dfc-3695-47e1-aba6-7f319dd2eb08,2,0,2,19,1,1769927702,2026-02-01 01:37:46
66dbf140-0aca-11e7-82f6-3863bb44ef7c,59,33,26,2,1,1769927703,2026-02-01 01:37:46
3d835eaa-a102-42c5-b6c0-2c693b1d0677,9,6,3,34,1,1769927703,2026-02-01 01:37:46
1891277309535701686,3,2,1,18,1,1769927701,2026-02-01 01:37:46
46bdd925-fb6c-4654-85d8-e0db4da62abf,8,1,7,19,1,1769927701,2026-02-01 01:37:46
66dcb9f7-0aca-11e7-82f6-3863bb44ef7c,1,0,1,22,1,1769927701,2026-02-01 01:37:46
606c7384-75e9-4988-858a-07b88b3a9413,15,0,15,18,1,1769927701,2026-02-01 01:37:46
1dba415a-2c46-419e-838d-7e068b8d7d6f,8,1,7,9,1,1769927704,2026-02-01 01:37:46
3c73cc9f-3c09-4ac4-a4ea-22b4f027bf23,9,0,9,11,1,1769927704,2026-02-01 01:37:46
66dc4334-0aca-11e7-82f6-3863bb44ef7c,9,5,4,14,1,1769927705,2026-02-01 01:37:46
914e3e7c-87da-4f52-aa03-5449c6361fa2,3,1,2,11,1,1769927704,2026-02-01 01:37:46
c0ce2a38-04f5-4333-8818-2a3faa84f214,20,0,20,2,1,1769927704,2026-02-01 01:37:46
8f3a6711-fd05-4ce1-acf8-9d72b4a1bf97,2,2,0,15,1,1769927700,2026-02-01 01:37:46
5d101095-011e-4541-ae64-bed8b52807b3,1,0,1,20,1,1769927701,2026-02-01 01:37:46
49f86083-851b-475d-b9ab-64e01b81f725,3,1,2,19,1,1769927705,2026-02-01 01:37:46
822d96e8-fb6c-463a-b866-aec9e408ad5e,14,2,12,1,1,1769927705,2026-02-01 01:37:46
7c42f9fc-d280-4841-ad96-e3cc53ee3759,9,1,8,12,1,1769927705,2026-02-01 01:37:46
a6492ad5-d13e-48b0-a0d5-08e60ad93e53,48,5,43,5,1,1769927705,2026-02-01 01:37:46
0e405c35-322f-4705-8ea7-769eb3fd028a,3,1,2,8,1,1769927700,2026-02-01 01:37:46
1848241879913802606,9,2,7,1,1,1769927700,2026-02-01 01:37:46
116dbc02-a3c1-4b65-9f73-2a09a2aa1379,51,23,28,10,1,1769927700,2026-02-01 01:37:46
c1e24edf-7192-433f-8d38-be5b6b3647c5,5,3,2,17,1,1769927699,2026-02-01 01:37:46
1815968345907104578,11,1,10,11,1,1769927645,2026-02-01 01:37:46
66dc210e-0aca-11e7-82f6-3863bb44ef7c,2,2,0,28,1,1769927646,2026-02-01 01:37:46
971cddfa-695e-4b44-ba8b-26154ab4a83b,2,0,2,14,1,1769927646,2026-02-01 01:37:46
e63c8dac-ab44-48c8-83a0-92c53a00f12e,0,0,0,26,1,1769927643,2026-02-01 01:37:46
454fe70c-1d53-4af2-a9ea-1d4bd9f59799,1,1,0,13,1,1769927644,2026-02-01 01:37:46
fffb18be-14b3-412f-a808-107a98cd9e58,1,1,0,16,1,1769927647,2026-02-01 01:37:46
1967778612889039234,4,4,0,24,1,1769927647,2026-02-01 01:37:46
66dcecfa-0aca-11e7-82f6-3863bb44ef7c,0,0,0,27,1,1769927647,2026-02-01 01:37:46
89ff4db3-8a29-4565-a366-6fea4b3afc39,12,3,9,1,1,1769927648,2026-02-01 01:37:46
66de0c43-0aca-11e7-82f6-3863bb44ef7c,15,2,13,7,1,1769927647,2026-02-01 01:37:46
174bf571-e597-463d-84bc-611c4a13d85e,0,0,0,24,1,1769927674,2026-02-01 01:37:46
72719900-dd61-40bd-9f4a-40d70c47590c,14,7,6,6,1,1769927674,2026-02-01 01:37:46
f3eb962c-314a-4431-bac7-2eb2ffbe2fd2,2,0,2,14,1,1769927675,2026-02-01 01:37:46
1835249197527877718,2,1,1,15,1,1769927675,2026-02-01 01:37:46
7b56cbab-9d93-4043-bfa5-63eb6b3e5281,16,10,6,0,1,1769927675,2026-02-01 01:37:46
1835250199411134468,5,0,5,17,1,1769927677,2026-02-01 01:37:46
067b53bd-33bf-4698-8103-3931a5f32a37,0,0,0,16,1,1769927678,2026-02-01 01:37:46
fc5ee04d-710b-45ba-aae0-303b8e95ea89,7,2,5,11,1,1769927678,2026-02-01 01:37:46
6dec8948-44c7-4085-9682-446a891feb42,8,0,8,6,1,1769927677,2026-02-01 01:37:46
66de4897-0aca-11e7-82f6-3863bb44ef7c,10,0,10,4,1,1769927677,2026-02-01 01:37:46
66dc2606-0aca-11e7-82f6-3863bb44ef7c,11,4,7,62,1,1769927678,2026-02-01 01:37:46
4cfd4097-0aee-4f11-9aea-55f99397bf33,10,4,6,8,1,1769927677,2026-02-01 01:37:46
c829b6af-002b-4d04-af56-6924d4ad0aa2,7,1,6,19,1,1769927676,2026-02-01 01:37:46
1849010295160437584,11,7,4,0,1,1769927680,2026-02-01 01:37:46
11a8d465-b4eb-466b-a6ca-055f73994231,3,0,3,21,1,1769927680,2026-02-01 01:37:46
66db90f1-0aca-11e7-82f6-3863bb44ef7c,19,18,1,37,1,1769927681,2026-02-01 01:37:46
66dce660-0aca-11e7-82f6-3863bb44ef7c,3,0,3,20,1,1769927679,2026-02-01 01:37:46
ee1ba75f-baf5-4852-929c-8b7ad310f55a,18,9,9,3,1,1769927677,2026-02-01 01:37:46
60c5a043-1367-4a27-96ee-394ba60e2154,14,5,9,14,1,1769927682,2026-02-01 01:37:46
1835246516012366338,0,0,0,20,1,1769927682,2026-02-01 01:37:46
1945126022626996350,7,2,5,19,1,1769927682,2026-02-01 01:37:46
66dcba5e-0aca-11e7-82f6-3863bb44ef7c,7,0,7,8,1,1769927682,2026-02-01 01:37:46
e3470e29-934c-41f1-8fe7-82135ed2d620,16,3,13,41,1,1769927682,2026-02-01 01:37:46
2527619f-ef89-425c-bf3b-60cc0ec519bf,20,8,12,29,1,1769927683,2026-02-01 01:37:46
cda60c6d-80f3-41b7-8ece-fe997f6dafb5,4,0,4,13,1,1769927683,2026-02-01 01:37:46
74f913d2-6eac-49ce-bd6d-53a06fa855a6,9,0,9,5,1,1769927686,2026-02-01 01:37:46
d5d2aebc-158c-43ec-9105-2a779d0245d8,0,0,0,18,1,1769927686,2026-02-01 01:37:46
014a931b-8e1c-438a-8a22-f267ddd1e0d2,37,14,23,3,1,1769927687,2026-02-01 01:37:46
1786686999403592506,1,1,0,25,1,1769927684,2026-02-01 01:37:46
1860188331547447938,1,0,1,16,1,1769927685,2026-02-01 01:37:46
1846086027713733188,11,4,7,4,1,1769927683,2026-02-01 01:37:46
340036c3-2787-4998-9a77-fe54f352d619,2,0,2,16,1,1769927656,2026-02-01 01:37:46
66ddbdb1-0aca-11e7-82f6-3863bb44ef7c,4,3,1,16,1,1769927686,2026-02-01 01:37:46
c7dbc7b5-240b-494d-8663-dbee4103a20c,0,0,0,18,1,1769927686,2026-02-01 01:37:46
398ebef6-dcc2-4305-b1d2-47efafdaa85c,1,0,1,17,1,1769927684,2026-02-01 01:37:46
2126965369631090816,6,4,2,5,1,1769927684,2026-02-01 01:37:46
b471c112-1770-4dfe-9e13-fe7479dcb5a5,18,0,18,1,1,1769927684,2026-02-01 01:37:46
1817432346178415570,6,0,6,14,1,1769927686,2026-02-01 01:37:46
266c8621-fdea-4a7e-9d35-18ca1684d526,4,0,4,14,1,1769927715,2026-02-01 01:37:46
66dd4423-0aca-11e7-82f6-3863bb44ef7c,24,20,3,2,1,1769927716,2026-02-01 01:37:46
1879828885264130640,7,0,7,6,1,1769927714,2026-02-01 01:37:46
b1cdec34-d4f9-4313-be82-729bb9f7bb18,4,0,4,16,1,1769927714,2026-02-01 01:37:46
66dc4fb5-0aca-11e7-82f6-3863bb44ef7c,21,7,14,12,1,1769927715,2026-02-01 01:37:46
5864d88d-a0fd-40ad-beee-896118d9360d,12,0,12,3,1,1769927712,2026-02-01 01:37:46
44a43ebf-cacf-4251-9ceb-e1c331ef1673,1,0,1,15,1,1769927713,2026-02-01 01:37:46
023127f2-a6e0-4fae-ba34-178acccb993e,1,0,1,16,1,1769927713,2026-02-01 01:37:46
676b7b4d-b1c0-4c97-8ac3-5fe665e51108,0,0,0,22,1,1769927713,2026-02-01 01:37:46
66dcc3e5-0aca-11e7-82f6-3863bb44ef7c,2,1,1,19,1,1769927712,2026-02-01 01:37:46
fe6f022b-7fdb-44fe-80bb-cbfc500959bf,3,1,2,17,1,1769927712,2026-02-01 01:37:46
1828967208126648828,4,0,4,15,1,1769927712,2026-02-01 01:37:46
d9160982-2d9b-4f08-9469-a559a7b62809,6,3,3,75,1,1769927717,2026-02-01 01:37:46
ee70b21e-4a95-4bdf-802c-50f83a76971d,6,0,6,18,1,1769927717,2026-02-01 01:37:46
1817432709747753390,8,1,7,11,1,1769927718,2026-02-01 01:37:46
18b19467-28ac-4496-b3e4-f6028b1c5105,3,1,2,24,1,1769927716,2026-02-01 01:37:46
3b530cff-dd26-4cfd-b570-a85fd53354fe,23,8,15,14,1,1769927713,2026-02-01 01:37:46
298d4e45-c6d2-45f1-a07a-11606026a6e4,6,2,4,17,1,1769927720,2026-02-01 01:37:46
66dd9dba-0aca-11e7-82f6-3863bb44ef7c,14,14,0,21,1,1769927720,2026-02-01 01:37:46
0f6fd186-656a-41b3-ba4a-456d22da177c,16,6,10,8,1,1769927721,2026-02-01 01:37:46
66dcc44a-0aca-11e7-82f6-3863bb44ef7c,6,3,3,11,1,1769927719,2026-02-01 01:37:46
c36cfa58-29fe-4c0c-a14f-41c3463487fd,1,1,0,19,1,1769927720,2026-02-01 01:37:46
3a51a25f-3e9b-4aea-84ee-39e9a3acc7fd,9,0,9,9,1,1769927720,2026-02-01 01:37:46
de97a7d0-fbb3-4c13-ba6a-2bbd441751fe,5,0,5,13,1,1769927718,2026-02-01 01:37:46
f47c7f15-1c30-4199-a09f-134f0f0f684b,6,0,6,16,1,1769927718,2026-02-01 01:37:46
66ddf310-0aca-11e7-82f6-3863bb44ef7c,2,0,2,28,1,1769927719,2026-02-01 01:37:46
1846086263936934630,13,1,12,1,1,1769927719,2026-02-01 01:37:46
66dc7e75-0aca-11e7-82f6-3863bb44ef7c,1,0,1,65,1,1769927723,2026-02-01 01:37:46
dfb8b9c8-3006-4b76-963a-95f7471dc0a8,10,0,10,3,1,1769927723,2026-02-01 01:37:46
1828966747840428256,5,0,5,7,1,1769927721,2026-02-01 01:37:46
e0a9ed84-55f9-40f5-90fa-87db17d2f933,13,0,13,3,1,1769927722,2026-02-01 01:37:46
5a6218aa-c5b7-4436-93c1-dee7cb5322d9,10,7,3,8,1,1769927722,2026-02-01 01:37:46
8c2ed08f-1660-4db8-9168-4709427c23ed,1,0,1,14,1,1769927722,2026-02-01 01:37:46
1835246381185208614,2,1,1,19,1,1769927723,2026-02-01 01:37:46
66db3816-0aca-11e7-82f6-3863bb44ef7c,25,6,19,1,1,1769927725,2026-02-01 01:37:46
66dc7c31-0aca-11e7-82f6-3863bb44ef7c,21,17,4,14,1,1769927728,2026-02-01 01:37:46
627c77c0-0088-4ba8-ba66-73e0e3d3fe77,3,0,3,20,1,1769927728,2026-02-01 01:37:46
f8c1c90f-4ec0-44bd-b097-cfafc887744d,30,0,30,2,1,1769927728,2026-02-01 01:37:46
adb67652-c20d-4dd2-8e89-d6015b801c1a,0,0,0,17,1,1769927729,2026-02-01 01:37:46
66dc11a7-0aca-11e7-82f6-3863bb44ef7c,38,12,26,34,1,1769927729,2026-02-01 01:37:46
e36b5913-8e46-4c2a-b9be-73bdf8ee548b,7,4,3,43,1,1769927730,2026-02-01 01:37:46
cb4926e6-0a79-4902-80ee-d365fbf42aec,0,0,0,23,1,1769927718,2026-02-01 01:37:46
66db5d92-0aca-11e7-82f6-3863bb44ef7c,0,0,0,19,1,1769927719,2026-02-01 01:37:46
66db3e32-0aca-11e7-82f6-3863bb44ef7c,29,0,29,10,1,1769927730,2026-02-01 01:37:46
1814907277023901890,17,1,16,0,1,1769927731,2026-02-01 01:37:46
8c6cba48-d803-4a90-99f7-e06edcdbbf92,4,3,1,16,1,1769927727,2026-02-01 01:37:46
1828966490867110420,3,0,3,11,1,1769927727,2026-02-01 01:37:46
2126224876714496782,3,0,3,2,1,1769927663,2026-02-01 01:37:46
00284700-9d22-42ce-8485-113fed9879c1,3,2,1,14,1,1769927729,2026-02-01 01:37:46
66dc176f-0aca-11e7-82f6-3863bb44ef7c,56,46,10,6,1,1769927736,2026-02-01 01:37:46
66dbf362-0aca-11e7-82f6-3863bb44ef7c,20,3,17,22,1,1769927737,2026-02-01 01:37:46
1817803079955479336,8,0,8,10,1,1769927737,2026-02-01 01:37:46
f0115d11-c678-4274-8bb7-d486dbb63361,10,0,10,2,1,1769927737,2026-02-01 01:37:46
1826348745879909352,13,2,11,2,1,1769927725,2026-02-01 01:37:46
0df3a035-5a38-4ec2-826a-0a5376e8d8a0,2,1,1,19,1,1769927725,2026-02-01 01:37:46
bb58e953-4953-4fbe-9ef2-367488dfef9b,3,1,2,14,1,1769927725,2026-02-01 01:37:46
66ddef2d-0aca-11e7-82f6-3863bb44ef7c,8,1,7,12,1,1769927726,2026-02-01 01:37:46
1d440638-ec50-4ccb-9a82-0e3247a87c63,19,6,13,14,1,1769927739,2026-02-01 01:37:46
9b0c2c99-214f-4e15-b476-1626c03a9e4e,30,15,15,26,1,1769927739,2026-02-01 01:37:46
2ec1235f-a043-4e3a-9ba1-56f7dd4624b7,8,2,6,11,1,1769927739,2026-02-01 01:37:46
1846086562569586930,7,1,6,8,1,1769927739,2026-02-01 01:37:46
1838070940162509196,3,0,3,16,1,1769927740,2026-02-01 01:37:46
f6143531-4a16-4aac-9b55-573ef7ef162e,3,1,2,14,1,1769927741,2026-02-01 01:37:46
1882736243099681438,21,2,19,9,1,1769927741,2026-02-01 01:37:46
66dbecd0-0aca-11e7-82f6-3863bb44ef7c,3,1,2,42,1,1769927741,2026-02-01 01:37:46
a7c09fde-76e8-4a56-b61d-8ca940432efd,5,1,4,13,1,1769927741,2026-02-01 01:37:46
b83b2a73-af8e-4b82-b61e-aeaaf075fbe2,0,0,0,23,1,1769927742,2026-02-01 01:37:46
1828967499459705054,10,0,10,7,1,1769927742,2026-02-01 01:37:46
0b857ee5-3d10-4152-952e-95fbaf06677a,1,1,0,22,1,1769927738,2026-02-01 01:37:46
8d8a381c-21df-4095-837e-65924d85a06d,0,0,0,18,1,1769927738,2026-02-01 01:37:46
f3f46097-54cf-4c30-805a-6b2a4851eed7,1,1,0,23,1,1769927739,2026-02-01 01:37:46
66dc0f1b-0aca-11e7-82f6-3863bb44ef7c,51,38,13,2,1,1769927741,2026-02-01 01:37:46
66db72f1-0aca-11e7-82f6-3863bb44ef7c,30,18,12,15,1,1769927749,2026-02-01 01:37:46
d7c56fef-1bf9-4315-85af-8638c534b402,0,0,0,5,0,1769825344,2026-02-01 01:37:46
13b82a41-c25b-428f-a07b-5f5d8340c6f2,0,0,0,18,1,1769927749,2026-02-01 01:37:46
f365afa3-e8a5-439d-975d-6c2b064f30df,6,0,6,19,1,1769927749,2026-02-01 01:37:46
2124037510131026812,9,4,5,7,1,1769927749,2026-02-01 01:37:46
08bf2fe0-219d-48cd-87c5-6163b3a2eafd,8,6,2,13,1,1769927750,2026-02-01 01:37:46
66db3583-0aca-11e7-82f6-3863bb44ef7c,25,12,12,19,1,1769927750,2026-02-01 01:37:46
66db9675-0aca-11e7-82f6-3863bb44ef7c,2,1,1,21,1,1769927750,2026-02-01 01:37:46
2126623405008140358,4,3,1,4,1,1769927750,2026-02-01 01:37:46
a82599ce-99ca-4670-8053-baada198034a,49,5,44,3,1,1769927752,2026-02-01 01:37:46
66dc1702-0aca-11e7-82f6-3863bb44ef7c,21,14,7,39,1,1769927752,2026-02-01 01:37:46
eab2749b-2f79-4797-a0a6-0579b27e6929,22,5,17,15,1,1769927752,2026-02-01 01:37:46
1fba77e2-66ab-4e9c-9f9a-4ec4f11fd80b,2,0,2,23,1,1769927752,2026-02-01 01:37:46
b79bb851-130f-473d-83fc-f602aa0a4ca9,0,0,0,20,1,1769927753,2026-02-01 01:37:46
fc774664-3c9b-4a8f-a79e-f6907db00a1d,0,0,0,22,0,1769797742,2026-02-01 01:37:46
1835244925191295588,0,0,0,22,1,1769927751,2026-02-01 01:37:46
2126621627432855870,5,0,5,4,1,1769927752,2026-02-01 01:37:46
66dc7d58-0aca-11e7-82f6-3863bb44ef7c,28,8,20,39,1,1769927752,2026-02-01 01:37:46
f3525aa7-9d69-4ea2-9278-4df92db1afa1,8,2,6,9,1,1769927754,2026-02-01 01:37:46
06109e92-4363-445a-9743-0457f6799530,10,1,9,62,1,1769927753,2026-02-01 01:37:46
2123939242997647892,7,3,4,6,1,1769927754,2026-02-01 01:37:46
66de0dfd-0aca-11e7-82f6-3863bb44ef7c,7,5,2,32,1,1769927754,2026-02-01 01:37:46
66db728c-0aca-11e7-82f6-3863bb44ef7c,26,10,16,25,1,1769927754,2026-02-01 01:37:46
90fca941-2212-43bf-b104-ce32c4270d4d,1,1,0,17,1,1769927748,2026-02-01 01:37:46
1abd4668-ed6b-4930-8177-17239ae75a9e,2,0,2,17,1,1769927748,2026-02-01 01:37:46
76c1ef9c-3984-4b4e-bff4-5c398e2395bd,2,2,0,18,1,1769927753,2026-02-01 01:37:46
2025623258130320038,12,1,11,13,1,1769927753,2026-02-01 01:37:46
0e8bfd72-c494-4d3e-85e2-4f98b801fe3b,1,0,1,17,1,1769927753,2026-02-01 01:37:46
2fe3e166-2d2f-41c8-b522-fdf8ee3ae16f,7,2,5,8,1,1769927753,2026-02-01 01:37:46
e25f8dee-c110-489f-a978-464ac5c84ca2,12,0,12,8,1,1769927753,2026-02-01 01:37:46
66dc89ae-0aca-11e7-82f6-3863bb44ef7c,5,3,2,28,1,1769927725,2026-02-01 01:37:46
0cb63737-64c9-42a9-9479-280d49ed015a,6,0,6,13,1,1769927734,2026-02-01 01:37:46
3ac37967-e174-421a-bfeb-d02249fb1266,6,5,1,16,1,1769927734,2026-02-01 01:37:46
1890927910885612334,18,2,16,0,1,1769927734,2026-02-01 01:37:46
1828968082192898522,0,0,0,20,1,1769927731,2026-02-01 01:37:46
1960021056359127624,0,0,0,17,1,1769927732,2026-02-01 01:37:46
3575749f-123a-4a80-870d-7ca7c7f9c8a9,1,1,0,24,1,1769927732,2026-02-01 01:37:46
c8197f4b-02b0-4cc3-96af-df5fec27a279,0,0,0,16,1,1769927732,2026-02-01 01:37:46
6ff2eec8-2b72-490a-b1c3-f9892ab3a724,0,0,0,45,1,1769927731,2026-02-01 01:37:46
5b4a90b8-426d-4a40-a7ca-87e51d690883,8,7,1,23,1,1769927732,2026-02-01 01:37:46
c72970e7-7f1a-4671-bf55-fc34be7c9413,8,0,8,7,1,1769927732,2026-02-01 01:37:46
3fed8016-0be0-47f5-8663-2e850ec47288,16,0,16,1,1,1769927732,2026-02-01 01:37:46
66dbf215-0aca-11e7-82f6-3863bb44ef7c,27,8,19,7,1,1769927732,2026-02-01 01:37:46
66de18d7-0aca-11e7-82f6-3863bb44ef7c,12,0,12,2,1,1769927734,2026-02-01 01:37:46
1856767555236917834,17,2,15,3,1,1769927735,2026-02-01 01:37:46
66dc42a0-0aca-11e7-82f6-3863bb44ef7c,11,7,4,12,1,1769927735,2026-02-01 01:37:46
7b0227aa-bbf5-4731-a49a-765b4afac483,31,5,26,34,1,1769927735,2026-02-01 01:37:46
1875395639434791520,0,0,0,18,1,1769927736,2026-02-01 01:37:46
7155b0a6-2545-4b02-ae8c-9c0c4220f8c3,0,0,0,19,1,1769927728,2026-02-01 01:37:46
66dcc920-0aca-11e7-82f6-3863bb44ef7c,9,2,7,11,1,1769927728,2026-02-01 01:37:46
2126624118513887578,7,6,1,0,1,1769927728,2026-02-01 01:37:46
272c0389-5e4a-41a9-ad6c-2dccdfa55af9,2,2,0,22,1,1769927736,2026-02-01 01:37:46
1786696780996714874,1,0,1,16,1,1769927736,2026-02-01 01:37:46
1828969634783171152,15,1,14,2,1,1769927733,2026-02-01 01:37:46
66dd9b0f-0aca-11e7-82f6-3863bb44ef7c,11,9,2,23,1,1769927733,2026-02-01 01:37:46
66db4417-0aca-11e7-82f6-3863bb44ef7c,39,30,9,0,1,1769927733,2026-02-01 01:37:46
814dd1a9-100c-4b1b-8110-6319bbd464e9,1,0,1,19,1,1769927734,2026-02-01 01:37:46
0e3dedfb-df10-4900-a67b-95349a81bc5c,13,2,11,2,1,1769927729,2026-02-01 01:37:46
16836c76-c412-4ec3-bac8-3c6a5a3d9745,6,5,1,14,1,1769927733,2026-02-01 01:37:46
93e2e1a5-49c5-41f8-a6bf-b399b6a5140d,27,6,21,38,1,1769927732,2026-02-01 01:37:46
2123938400844950144,3,0,3,13,1,1769927730,2026-02-01 01:37:46
66db3898-0aca-11e7-82f6-3863bb44ef7c,11,10,1,10,1,1769927736,2026-02-01 01:37:46
2163290511399492946,4,2,2,3,1,1769927575,2026-02-01 01:37:46
1846085836152179090,4,1,3,15,1,1769927731,2026-02-01 01:37:46
c4377169-c19e-47e1-90a4-c4e14bb41601,7,1,6,15,1,1769927747,2026-02-01 01:37:46
f42b3158-3f78-4a62-964a-8cc554d69c35,11,0,11,1,1,1769927746,2026-02-01 01:37:46
1828966227118051662,11,1,10,3,1,1769927747,2026-02-01 01:37:46
7e36cd9b-b271-42e5-b344-b7a3771c795e,14,1,13,25,1,1769927747,2026-02-01 01:37:46
8b830188-101e-44bf-a755-5e6c611e3edc,19,0,19,3,1,1769927747,2026-02-01 01:37:46
1857515306802639416,11,0,11,9,1,1769927747,2026-02-01 01:37:46
0258da92-f770-4acc-b20b-91b78aff791e,17,0,17,3,1,1769927747,2026-02-01 01:37:46
566935d6-4d66-4b42-9822-f2a816e357b9,5,4,1,21,1,1769927747,2026-02-01 01:37:46
4fb1ee23-4511-47c4-8698-0c46673dc86c,0,0,0,18,1,1769927745,2026-02-01 01:37:46
b4ae292d-5e89-4c58-8154-0496893394b5,1,0,1,19,1,1769927745,2026-02-01 01:37:46
1963272613486484230,55,40,15,9,1,1769927745,2026-02-01 01:37:46
1869754143518014264,18,1,17,14,1,1769927745,2026-02-01 01:37:46
1960021358478625244,23,15,8,41,1,1769927745,2026-02-01 01:37:46
1835249448692130546,5,0,5,12,1,1769927746,2026-02-01 01:37:46
1797078913880883846,2,2,0,15,1,1769927746,2026-02-01 01:37:46
66de077f-0aca-11e7-82f6-3863bb44ef7c,7,4,3,40,1,1769927744,2026-02-01 01:37:46
9eb98b3b-ea35-483f-91f6-d90c506152db,9,0,9,12,1,1769927744,2026-02-01 01:37:46
1869439170989701358,18,1,17,0,1,1769927744,2026-02-01 01:37:46
1856767203049599002,5,0,5,7,1,1769927744,2026-02-01 01:37:46
66dbc7d2-0aca-11e7-82f6-3863bb44ef7c,6,4,2,24,1,1769927744,2026-02-01 01:37:46
ce700c09-6095-4b20-ab65-07defdd1a7d7,8,0,8,6,1,1769927746,2026-02-01 01:37:46
66dbefee-0aca-11e7-82f6-3863bb44ef7c,3,2,1,10,1,1769927746,2026-02-01 01:37:46
8066575c-f8e9-4e14-95ea-8d25ceeae2ca,8,3,5,21,1,1769927743,2026-02-01 01:37:46
1861683217585879154,21,3,18,11,1,1769927744,2026-02-01 01:37:46
8dfff4bd-0f3c-43af-bc55-a63850f66c6b,8,4,4,7,1,1769927745,2026-02-01 01:37:46
1828968462257099768,1,1,0,18,1,1769927743,2026-02-01 01:37:46
1913990214925537808,16,6,10,5,1,1769927743,2026-02-01 01:37:46
82b97827-1801-4b7b-b3de-16447a8dd025,2,1,1,16,1,1769927755,2026-02-01 01:37:46
f6cf3ecc-b3ad-4291-8c24-277f28f64ba1,10,0,10,5,1,1769927755,2026-02-01 01:37:46
9d56294e-61fc-4176-bb9c-4692f45bb374,16,3,13,0,1,1769927755,2026-02-01 01:37:46
66dc8025-0aca-11e7-82f6-3863bb44ef7c,17,12,5,49,1,1769927755,2026-02-01 01:37:46
28a2436d-a52b-4fa4-874c-e096012a926d,9,8,1,4,1,1769927755,2026-02-01 01:37:46
66dd1bf3-0aca-11e7-82f6-3863bb44ef7c,42,11,31,3,1,1769927756,2026-02-01 01:37:46
7c7cb750-6613-48a4-bfae-9240968f1fad,14,8,6,24,1,1769927756,2026-02-01 01:37:46
6cb5fac5-f7e8-4ec9-94cf-816771d91ecd,14,1,13,9,1,1769927756,2026-02-01 01:37:46
66dde271-0aca-11e7-82f6-3863bb44ef7c,2,0,2,31,1,1769927756,2026-02-01 01:37:46
32d3adc3-c3dd-4a97-a4db-95d467f3c3aa,15,11,4,14,1,1769927756,2026-02-01 01:37:46
3d340fc5-8c86-4d5e-974d-ae28958e61e8,39,28,11,8,1,1769927756,2026-02-01 01:37:46
1861681959015615218,2,2,0,23,1,1769927756,2026-02-01 01:37:46
ba7bf20d-b6bc-43dd-bf30-acb940eaeec8,0,0,0,15,1,1769927756,2026-02-01 01:37:46
fcb1c3a3-04b6-45cf-bc9a-deb71198804e,1,1,0,16,1,1769927756,2026-02-01 01:37:46
1838999304404452058,12,0,12,2,1,1769927757,2026-02-01 01:37:46
7d41ac98-df88-497a-aef9-968660e6da0f,14,2,12,17,1,1769927757,2026-02-01 01:37:46
66db28b5-0aca-11e7-82f6-3863bb44ef7c,34,2,32,31,1,1769927757,2026-02-01 01:37:46
26599393-b967-44a6-a998-cb72ca53cd9e,8,1,7,10,1,1769927757,2026-02-01 01:37:46
66dcf30d-0aca-11e7-82f6-3863bb44ef7c,5,1,4,16,1,1769927757,2026-02-01 01:37:46
5fdf435f-6080-4b1d-966c-3b9d08450c4d,7,0,7,12,1,1769927757,2026-02-01 01:37:46
bdc116cd-4d63-4693-846c-ec5073314007,6,3,3,9,1,1769927757,2026-02-01 01:37:46
66dc8d1d-0aca-11e7-82f6-3863bb44ef7c,2,0,2,53,1,1769927758,2026-02-01 01:37:46
9be6c750-85b6-4e81-bace-1a8ffe941d7b,11,9,2,7,1,1769927758,2026-02-01 01:37:46
b16e9f3f-9b07-486f-a1ca-c76030f5ea64,11,4,7,9,1,1769927758,2026-02-01 01:37:46
66dc7802-0aca-11e7-82f6-3863bb44ef7c,1,1,0,47,1,1769927758,2026-02-01 01:37:46
3d1db3fa-1df5-46c8-baf3-619b729f5bda,1,0,1,17,1,1769927641,2026-02-01 01:37:46
e163ce54-4c39-43c5-9831-e10a2603527d,12,0,12,8,1,1769927657,2026-02-01 01:37:46
d09709d2-e119-48c4-aa22-29432a13a35a,4,4,0,1,1,1769927675,2026-02-01 01:37:46
2116636101124803154,11,1,10,3,1,1769927656,2026-02-01 01:37:46
66dd8479-0aca-11e7-82f6-3863bb44ef7c,11,7,4,11,1,1769927678,2026-02-01 01:37:46
7478be11-37d8-49b1-a253-f0810045f6ff,11,6,5,8,1,1769927691,2026-02-01 01:37:46
f417d8da-0f15-49b0-9e3c-3c3e55c2691d,13,5,8,5,1,1769927696,2026-02-01 01:37:46
66dd5e69-0aca-11e7-82f6-3863bb44ef7c,8,1,7,8,1,1769927716,2026-02-01 01:37:46
537a2f47-26a3-4776-ba9d-e2acd2ffbee1,5,2,3,0,1,1769927719,2026-02-01 01:37:46
66dd6721-0aca-11e7-82f6-3863bb44ef7c,4,0,4,10,1,1769927720,2026-02-01 01:37:46
66dd5960-0aca-11e7-82f6-3863bb44ef7c,15,13,2,5,1,1769927709,2026-02-01 01:37:46
6107e75a-2493-4e3d-a3e0-d4886d3416e5,1,0,1,12,1,1769927711,2026-02-01 01:37:46
4a48175b-c239-4d5e-b1b8-03eda4239678,22,1,21,3,1,1769927712,2026-02-01 01:37:46
2116635307734817684,5,4,1,9,1,1769927738,2026-02-01 01:37:46
1839334257267825432,2,1,1,9,1,1769927732,2026-02-01 01:37:46
2de92329-48d0-4cf7-85df-172f91bbb320,9,8,1,17,1,1769927732,2026-02-01 01:37:46
66ddda59-0aca-11e7-82f6-3863bb44ef7c,9,1,8,4,1,1769927743,2026-02-01 01:37:46
2108372562172578194,9,9,0,8,1,1769927748,2026-02-01 01:37:46
681a8bdb-65ff-4078-a5de-74927502da4e,12,2,10,2,1,1769927756,2026-02-01 01:37:46
2116635993049651742,5,1,4,7,1,1769927641,2026-02-01 01:37:46
66dddc98-0aca-11e7-82f6-3863bb44ef7c,0,0,0,1,0,1769849333,2026-02-01 01:37:46
66dd8043-0aca-11e7-82f6-3863bb44ef7c,0,0,0,11,0,1769868697,2026-02-01 01:37:46
e2c00264-9eea-446d-a1b7-27cef3aed403,1,1,0,10,1,1769927639,2026-02-01 01:37:46
ded4386f-9f69-43c6-a566-4511920c3e39,0,0,0,0,0,1769927641,2026-02-01 01:37:46
66ddded0-0aca-11e7-82f6-3863bb44ef7c,5,2,3,5,1,1769927656,2026-02-01 01:37:46
66dd83fc-0aca-11e7-82f6-3863bb44ef7c,10,0,10,9,1,1769927655,2026-02-01 01:37:46
a59f4f11-5d52-43a2-8a32-ae71137a6af8,0,0,0,5,0,1769905143,2026-02-01 01:37:46
66ddde40-0aca-11e7-82f6-3863bb44ef7c,7,1,6,7,1,1769927658,2026-02-01 01:37:46
c32d6965-4fae-4f1f-a5f2-7f2ef5f439fc,0,0,0,17,1,1769927673,2026-02-01 01:37:46
66dd7cab-0aca-11e7-82f6-3863bb44ef7c,3,2,1,21,1,1769927678,2026-02-01 01:37:46
f841ae52-0bbb-49db-b6eb-f898fbce6108,6,4,2,11,1,1769927736,2026-02-01 01:37:46
66dd9183-0aca-11e7-82f6-3863bb44ef7c,3,1,2,9,1,1769927713,2026-02-01 01:37:46
0bb12c94-efdb-40ac-98fe-9521ba373b57,1,0,1,28,1,1769927690,2026-02-01 01:37:46
3742e2ab-6cd0-40cf-846a-72cbe637afe1,12,2,10,13,1,1769927717,2026-02-01 01:37:46
43318169-d1ae-4a1a-9578-23cfa3fdbac9,2,0,2,15,1,1769927717,2026-02-01 01:37:46
66dd650d-0aca-11e7-82f6-3863bb44ef7c,3,1,2,12,1,1769927718,2026-02-01 01:37:46
2036428272250118978,14,8,6,5,1,1769927703,2026-02-01 01:37:46
915057d4-edbc-4c73-8d81-dda33d600d58,5,0,5,10,1,1769927720,2026-02-01 01:37:46
66dd836d-0aca-11e7-82f6-3863bb44ef7c,4,4,0,15,1,1769927698,2026-02-01 01:37:46
21c4a77d-b1ae-4262-b143-087fd14a07b8,7,0,7,7,1,1769927744,2026-02-01 01:37:46
2108372790290481846,2,1,1,11,1,1769927704,2026-02-01 01:37:46
66dddae7-0aca-11e7-82f6-3863bb44ef7c,7,0,7,7,1,1769927749,2026-02-01 01:37:46
823c0615-2832-4e76-85f0-7cf527151aba,0,0,0,0,0,86400,2026-02-01 01:37:46
2058728861810389252,5,1,4,15,1,1769927639,2026-02-01 01:37:46
2108372139456801688,9,6,3,6,1,1769927692,2026-02-01 01:37:46
5f798c51-5d8b-4add-9f81-341f54a82ffa,4,2,2,13,1,1769927743,2026-02-01 01:37:46
66dd7f10-0aca-11e7-82f6-3863bb44ef7c,25,24,1,0,1,1769927743,2026-02-01 01:37:46
2108373096850688302,0,0,0,13,1,1769927735,2026-02-01 01:37:46
2290031f-e7d8-40a3-9ad6-566df493bbbc,28,4,24,11,1,1769927743,2026-02-01 01:37:46
ccfa1f8f-f930-45f2-9cda-375c01596ca2,1,1,0,17,1,1769927654,2026-02-01 01:37:46
66ddd78e-0aca-11e7-82f6-3863bb44ef7c,8,1,7,2,1,1769927717,2026-02-01 01:37:46
655b0878-c22b-4f8c-8675-21bf30d1eebf,11,3,8,1,1,1769927750,2026-02-01 01:37:46
66dd630c-0aca-11e7-82f6-3863bb44ef7c,12,8,4,4,1,1769927752,2026-02-01 01:37:46
8ae0bf30-9979-461e-a947-2dd89f293b40,6,0,6,4,1,1769927671,2026-02-01 01:37:46
fadf00cf-d84a-49e8-9607-c67154915412,0,0,0,9,0,1769467520,2026-02-01 01:37:46
dd8b2f53-8b94-4082-9576-994a4962f9d5,0,0,0,17,1,1769927684,2026-02-01 01:37:46
66dd63de-0aca-11e7-82f6-3863bb44ef7c,8,5,3,8,1,1769927685,2026-02-01 01:37:46
66dd5f99-0aca-11e7-82f6-3863bb44ef7c,14,2,12,4,1,1769927699,2026-02-01 01:37:46
1849747691035224144,11,4,7,1,1,1769927726,2026-02-01 01:37:46
2116635185595800086,3,1,2,8,1,1769927715,2026-02-01 01:37:46
66dd58f2-0aca-11e7-82f6-3863bb44ef7c,0,0,0,1,0,1769894980,2026-02-01 01:37:46
22cd02a2-228f-4eeb-b249-cbea51a0e219,8,1,7,9,1,1769927733,2026-02-01 01:37:46
2116635417524034072,1,0,1,11,1,1769927732,2026-02-01 01:37:46
33a797e8-6be2-4868-b9f6-1be157eaa0a5,2,1,1,17,1,1769927733,2026-02-01 01:37:46
2157737368545384190,0,0,0,15,1,1769927755,2026-02-01 01:37:46
2116635868495600156,4,3,1,6,1,1769927757,2026-02-01 01:37:46
1ec24ce3-2b69-4f3a-a153-c73e583d11f3,1,1,0,15,1,1769927758,2026-02-01 01:37:46
66dd7fe2-0aca-11e7-82f6-3863bb44ef7c,14,3,11,5,1,1769927704,2026-02-01 01:37:46
2158919319277979600,3,2,1,9,1,1769927637,2026-02-01 01:37:46
66dddf5f-0aca-11e7-82f6-3863bb44ef7c,5,5,0,6,1,1769927641,2026-02-01 01:37:46
2108372029596633484,5,0,5,6,1,1769927611,2026-02-01 01:37:46
2165507807810224012,2,2,0,14,1,1769927722,2026-02-01 01:37:46
66dd8b48-0aca-11e7-82f6-3863bb44ef7c,1,1,0,15,1,1769927650,2026-02-01 01:37:46
2157736614125310040,6,5,1,7,1,1769927708,2026-02-01 01:37:46
3371df76-39db-43ab-b3d6-fac0be55311f,2,0,2,11,1,1769927727,2026-02-01 01:37:46
66dd6000-0aca-11e7-82f6-3863bb44ef7c,12,0,12,5,1,1769927732,2026-02-01 01:37:46
66ddd81a-0aca-11e7-82f6-3863bb44ef7c,2,1,1,8,1,1769927732,2026-02-01 01:37:46
66dd80ac-0aca-11e7-82f6-3863bb44ef7c,5,2,3,14,1,1769927736,2026-02-01 01:37:46
1844599666569400604,13,7,6,7,1,1769927679,2026-02-01 01:37:46
66dd6441-0aca-11e7-82f6-3863bb44ef7c,3,1,2,8,1,1769927678,2026-02-01 01:37:46
4aecd6f2-8a84-4bed-a528-dc6870877292,1,1,0,13,1,1769927687,2026-02-01 01:37:46
2116885281736356212,4,0,4,8,1,1769927664,2026-02-01 01:37:46
2108373197827738014,8,2,6,11,1,1769927749,2026-02-01 01:37:46
66dd7b37-0aca-11e7-82f6-3863bb44ef7c,10,1,9,15,1,1769927757,2026-02-01 01:37:46
519824e4-69ba-4270-a395-17c204f328f8,7,4,3,12,1,1769927688,2026-02-01 01:37:46
2116634708854430228,10,2,8,4,1,1769927756,2026-02-01 01:37:46
66dd5a42-0aca-11e7-82f6-3863bb44ef7c,17,10,7,3,1,1769927756,2026-02-01 01:37:46
66dd5f24-0aca-11e7-82f6-3863bb44ef7c,11,0,11,8,1,1769927753,2026-02-01 01:37:46
46813ecf-8df4-4c8f-9579-0179e0b36ba6,3,1,2,12,1,1769927755,2026-02-01 01:37:46
5faf99b8-9046-450f-9d2a-d13279b3d016,19,14,5,10,1,1769927675,2026-02-01 01:37:46
bd6f422b-d7ae-4d7e-9261-653fdd8e6888,23,9,14,3,1,1769927710,2026-02-01 01:37:46
2116635527663355916,0,0,0,11,1,1769927746,2026-02-01 01:37:46
2088688422524183306,17,5,12,15,1,1769927740,2026-02-01 01:37:46
66ddddb4-0aca-11e7-82f6-3863bb44ef7c,10,2,8,4,1,1769927741,2026-02-01 01:37:46
cbc48689-7805-49dd-9669-5471f4b7b6fb,8,1,7,13,1,1769927752,2026-02-01 01:37:46
9d344652-976b-4c2d-bede-2ef19b0fbf13,6,4,2,11,1,1769927698,2026-02-01 01:37:46
5aa81a37-ea1d-4bf6-ab40-4751c6b4fb08,8,3,5,8,1,1769927699,2026-02-01 01:37:46
2108372356498784942,7,0,7,7,1,1769927731,2026-02-01 01:37:46
66ddd93e-0aca-11e7-82f6-3863bb44ef7c,4,0,4,10,1,1769927731,2026-02-01 01:37:46
66dddc08-0aca-11e7-82f6-3863bb44ef7c,10,2,8,2,1,1769927730,2026-02-01 01:37:46
66ddd8a8-0aca-11e7-82f6-3863bb44ef7c,3,1,2,9,1,1769927733,2026-02-01 01:37:46
b6a13f2b-deb4-4f4d-9d67-7d23bee27c88,5,4,1,8,1,1769927668,2026-02-01 01:37:46
66dddd28-0aca-11e7-82f6-3863bb44ef7c,8,4,4,3,1,1769927707,2026-02-01 01:37:46
2108372903577159978,6,4,2,8,1,1769927666,2026-02-01 01:37:46
2116636221383887448,15,0,15,3,1,1769927757,2026-02-01 01:37:46
581211b2-4e42-48f2-8a8f-5f968cb1c5df,2,1,1,22,1,1769927758,2026-02-01 01:37:46
2108373961268485100,4,0,4,10,1,1769927758,2026-02-01 01:37:46
1905837242740508940,0,0,0,0,0,86400,2026-02-01 02:31:31
41495491-5d89-4e14-aab9-c3db04aad399,0,0,0,0,0,86400,2026-02-01 02:31:31
b9720921-8170-43ea-a5ae-b61b9161eb49,0,0,0,0,0,86400,2026-02-01 02:31:31
2171903488884523500,0,0,0,0,0,86400,2026-02-01 02:31:31
2171903608969565866,0,0,0,0,0,86400,2026-02-01 02:31:31
2171904223419888148,0,0,0,0,0,86400,2026-02-01 02:31:31
2177014969129222184,0,0,0,0,0,86400,2026-02-01 02:31:31
2177016530523622712,0,0,0,0,0,86400,2026-02-01 02:31:31
2177016940364559212,0,0,0,0,0,86400,2026-02-01 02:31:31
901ad0c4-383e-490a-8b54-0656ce2358d6,0,0,0,6,0,1769906302,2026-02-01 02:31:31
98ebf9c6-1d94-4e21-9007-c623875fdb5e,0,0,0,5,0,1769818090,2026-02-01 02:31:31
66dde630-0aca-11e7-82f6-3863bb44ef7c,0,0,0,7,0,1769692324,2026-02-01 02:31:31
66db3687-0aca-11e7-82f6-3863bb44ef7c,0,0,0,16,0,1769924869,2026-02-01 02:31:31
66de205d-0aca-11e7-82f6-3863bb44ef7c,3,3,0,14,1,1769930734,2026-02-01 02:31:31
1862002854876824190,0,0,0,13,0,1769819115,2026-02-01 02:31:31
66dbcbbc-0aca-11e7-82f6-3863bb44ef7c,0,0,0,25,0,1769928488,2026-02-01 02:31:31
493e046c-5d62-4772-90c4-b6a9f4afcd39,0,0,0,9,0,1769903695,2026-02-01 02:31:31
29ced315-14b5-4edc-bef2-665316dfe3dd,0,0,0,2,0,1769924955,2026-02-01 02:31:31
765ee572-6c7a-4ed3-a2d4-f1496ea53996,19,0,19,1,1,1769930883,2026-02-01 02:31:31
66de12ff-0aca-11e7-82f6-3863bb44ef7c,7,2,5,4,1,1769930884,2026-02-01 02:31:31
ff9581d3-3e1a-463a-bdab-d8150c468be2,3,1,2,29,1,1769930885,2026-02-01 02:31:31
bcb08532-f0d5-4c0e-ad8a-4ddacc204791,0,0,0,15,1,1769930882,2026-02-01 02:31:31
1880643645302280466,6,5,1,14,1,1769930882,2026-02-01 02:31:31
6fb81fda-f0b5-4242-90f9-88d0214feb8d,2,0,2,13,1,1769930880,2026-02-01 02:31:31
0bd9bd58-42e6-4680-9d19-83943372221f,1,1,0,12,1,1769930881,2026-02-01 02:31:31
1799624430022654108,4,0,4,14,1,1769930881,2026-02-01 02:31:31
581bc4fe-cf14-4767-8377-6fa156ff8a29,3,0,3,16,1,1769930881,2026-02-01 02:31:31
481624f3-9377-4dfd-a5dd-de05a7fef760,4,1,3,14,1,1769930882,2026-02-01 02:31:31
d470e82e-d109-4e2e-b66a-f5e944cbfe97,12,1,11,2,1,1769930885,2026-02-01 02:31:31
8aad788d-c7eb-4fca-a426-c39f47741a6f,14,3,11,3,1,1769930886,2026-02-01 02:31:31
66de2707-0aca-11e7-82f6-3863bb44ef7c,4,2,1,37,1,1769930886,2026-02-01 02:31:31
1846086362824884662,14,1,13,0,1,1769930884,2026-02-01 02:31:31
5f63411c-91ce-4788-a567-d388cc812a15,7,0,7,21,1,1769930884,2026-02-01 02:31:31
4efda436-cd19-4ec3-acc7-1a622f723264,0,0,0,16,1,1769930881,2026-02-01 02:31:31
69717638-5c4a-47a7-bccb-3b42c81eb09f,4,0,4,9,1,1769930881,2026-02-01 02:31:31
dad39e68-53f5-47c2-87e2-b1cc0e34f90f,5,1,4,13,1,1769930881,2026-02-01 02:31:31
66dbec40-0aca-11e7-82f6-3863bb44ef7c,3,2,1,47,1,1769930882,2026-02-01 02:31:31
1869753057823626206,9,1,8,15,1,1769930881,2026-02-01 02:31:31
66de1ea2-0aca-11e7-82f6-3863bb44ef7c,6,4,2,9,1,1769930882,2026-02-01 02:31:31
19b61564-7629-41b4-80c8-1756135a5442,0,0,0,17,1,1769930899,2026-02-01 02:31:31
1794852638057746848,19,0,19,0,1,1769930903,2026-02-01 02:31:31
645e4365-653f-48ce-bc15-5fcc287be56f,6,0,6,58,1,1769930903,2026-02-01 02:31:31
78aabb95-6195-4aa7-ab0d-5748eeb26bd1,13,2,11,13,1,1769930904,2026-02-01 02:31:31
b4974d89-932c-4a9f-a264-2ea0cf70613e,7,6,1,8,1,1769930897,2026-02-01 02:31:31
26217b73-7bb5-46e6-8094-1db05becd617,0,0,0,24,1,1769930898,2026-02-01 02:31:31
af72ab76-c6cb-4994-af96-51fa8846ecdc,1,1,0,18,1,1769930901,2026-02-01 02:31:31
1882824287789509296,4,0,4,35,1,1769930900,2026-02-01 02:31:31
66dd4a52-0aca-11e7-82f6-3863bb44ef7c,6,3,3,19,1,1769930900,2026-02-01 02:31:31
180b83a0-329c-4069-87be-df862cb1baed,9,5,4,1,1,1769930900,2026-02-01 02:31:31
1965202298784063998,6,3,3,21,1,1769930900,2026-02-01 02:31:31
66dc120f-0aca-11e7-82f6-3863bb44ef7c,11,7,4,53,1,1769930902,2026-02-01 02:31:31
1854538387432581604,13,1,12,3,1,1769930902,2026-02-01 02:31:31
1838071008881986168,10,0,10,15,1,1769930902,2026-02-01 02:31:31
1828966626550010820,9,0,9,1,1,1769930892,2026-02-01 02:31:31
66dd17a5-0aca-11e7-82f6-3863bb44ef7c,25,10,15,17,1,1769930892,2026-02-01 02:31:31
5a24acbb-94ef-4cb5-9db8-f6073ac26a2b,1,1,0,17,1,1769930896,2026-02-01 02:31:31
1b00fb53-da32-4b14-9a9a-84a391c8951c,1,0,1,19,1,1769930896,2026-02-01 02:31:31
943a1a27-1328-4823-8945-28d845280383,15,14,1,4,1,1769930896,2026-02-01 02:31:31
579e583e-60ab-4f2a-83d0-fabebddfcd0f,5,3,2,6,1,1769930897,2026-02-01 02:31:31
0b613329-b8c8-4b8c-ad40-79952aa41157,8,3,5,16,1,1769930897,2026-02-01 02:31:31
0fa27bd7-b182-4e7a-b5bb-90f4249cb368,3,0,3,18,1,1769930897,2026-02-01 02:31:31
66ddea99-0aca-11e7-82f6-3863bb44ef7c,0,0,0,14,1,1769930897,2026-02-01 02:31:31
3f05490b-a3d8-4d15-bd25-0212555b5dff,15,1,14,0,1,1769930894,2026-02-01 02:31:31
5645b05e-85be-460d-8506-cacd20bff233,22,2,20,1,1,1769930894,2026-02-01 02:31:31
66dcbac5-0aca-11e7-82f6-3863bb44ef7c,9,0,9,9,1,1769930893,2026-02-01 02:31:31
66dc6a86-0aca-11e7-82f6-3863bb44ef7c,13,1,12,61,1,1769930893,2026-02-01 02:31:31
6542d952-ca19-410e-9290-ee6b7a6e14cf,1,0,0,20,1,1769930893,2026-02-01 02:31:31
c7604869-5b55-40cf-812e-fc97901bdf14,14,3,11,12,1,1769930895,2026-02-01 02:31:31
66dc840f-0aca-11e7-82f6-3863bb44ef7c,11,3,8,44,1,1769930895,2026-02-01 02:31:31
1869753484503987044,0,0,0,19,1,1769930896,2026-02-01 02:31:31
6e5a8cab-cf1a-4584-8133-01835b56ad71,5,1,4,18,1,1769930878,2026-02-01 02:31:31
66dd5407-0aca-11e7-82f6-3863bb44ef7c,6,0,6,66,1,1769930879,2026-02-01 02:31:31
b35ba3c0-d3e8-4b1a-b63b-73a7bb518c9e,3,0,3,12,1,1769930879,2026-02-01 02:31:31
59b747c1-fbfb-4a3d-9394-8d06834d7c98,17,8,9,1,1,1769930880,2026-02-01 02:31:31
655ad2f2-6bcc-4eee-95a9-4f528c0b81cd,10,5,5,2,1,1769930878,2026-02-01 02:31:31
66dd24ca-0aca-11e7-82f6-3863bb44ef7c,25,14,11,18,1,1769930878,2026-02-01 02:31:31
66de4bbb-0aca-11e7-82f6-3863bb44ef7c,2,1,1,12,1,1769930880,2026-02-01 02:31:31
ad57266c-34da-43da-8b48-2ba856002fbf,5,1,4,21,1,1769930879,2026-02-01 02:31:31
545a32d3-b74c-4dc2-b82c-a6d185dd4666,0,0,0,17,1,1769930880,2026-02-01 02:31:31
912813fc-fde4-4430-8443-a4fa21477e7f,0,0,0,20,1,1769930890,2026-02-01 02:31:31
2546c9b9-5b1a-4e9f-a9cc-f8b986b79748,9,2,7,10,1,1769930890,2026-02-01 02:31:31
d2b23c87-b7c3-48c2-a634-db4b76ecbcf7,0,0,0,17,1,1769930890,2026-02-01 02:31:31
2124426307973079924,2,0,2,8,1,1769930890,2026-02-01 02:31:31
18a2cbb6-91f2-4393-82fb-b40a8ba90f20,2,1,1,17,1,1769930887,2026-02-01 02:31:31
66dde103-0aca-11e7-82f6-3863bb44ef7c,22,18,4,5,1,1769930888,2026-02-01 02:31:31
1d32e684-602b-46b6-8c96-ab47b57a03f3,5,4,1,18,1,1769930886,2026-02-01 02:31:31
eb07bdfc-3a6f-40eb-96d2-0b92ac371619,0,0,0,13,1,1769930890,2026-02-01 02:31:31
e9b3a725-6963-4151-8f7f-9beeb51fa20f,5,1,4,8,1,1769930889,2026-02-01 02:31:31
66dc80b4-0aca-11e7-82f6-3863bb44ef7c,6,1,5,47,1,1769930892,2026-02-01 02:31:31
1869753654337059182,4,1,3,8,1,1769930891,2026-02-01 02:31:31
372c592e-09d8-400c-9595-2aa3510f39b0,7,0,7,13,1,1769930891,2026-02-01 02:31:31
66db6963-0aca-11e7-82f6-3863bb44ef7c,53,12,41,15,1,1769930821,2026-02-01 02:31:31
fbaffdbd-dab5-4127-9bd5-36bf58093ea8,10,7,3,11,1,1769930821,2026-02-01 02:31:31
1859438049977968878,17,0,17,9,1,1769930904,2026-02-01 02:31:31
66dd01c5-0aca-11e7-82f6-3863bb44ef7c,0,0,0,4,0,1769830566,2026-02-01 02:31:31
5145ad1c-241f-4448-a742-739bd5c518c2,2,0,2,12,1,1769930904,2026-02-01 02:31:31
0de1f95f-8b1b-4e5e-9eff-73c63265b0ab,14,7,7,12,1,1769930904,2026-02-01 02:31:31
bc5235a5-7f10-4a27-806e-9c25fa700959,15,3,12,16,1,1769930905,2026-02-01 02:31:31
2124037250266884686,8,2,6,1,1,1769930906,2026-02-01 02:31:31
74723006-b32f-4590-8cc7-f15eec3808fe,3,1,2,26,1,1769930906,2026-02-01 02:31:31
2126623765785393224,2,0,2,13,1,1769930906,2026-02-01 02:31:31
a3d72b5b-9587-4f33-9722-c01e20a9b358,4,2,2,21,1,1769930907,2026-02-01 02:31:31
b713367c-3572-4225-b74a-9319ab537838,1,0,1,17,1,1769930906,2026-02-01 02:31:31
66dd46a2-0aca-11e7-82f6-3863bb44ef7c,27,14,13,11,1,1769930907,2026-02-01 02:31:31
1848241791125254746,11,2,9,0,1,1769930906,2026-02-01 02:31:31
c71cca54-17f6-42bc-ba94-3f5bd9c70197,32,0,32,2,1,1769930907,2026-02-01 02:31:31
90b141b9-c39f-4a26-a32d-08c7d1474d52,0,0,0,16,1,1769930908,2026-02-01 02:31:31
2104286315955915532,1,1,0,61,1,1769930908,2026-02-01 02:31:31
1861678548643203686,0,0,0,25,1,1769930908,2026-02-01 02:31:31
f523c481-ba41-44ba-96e1-0c431fbea558,4,3,1,16,1,1769930905,2026-02-01 02:31:31
66dc686c-0aca-11e7-82f6-3863bb44ef7c,50,34,16,19,1,1769930905,2026-02-01 02:31:31
37a37e5b-f975-4f92-a897-dca8e4670631,0,0,0,15,1,1769930908,2026-02-01 02:31:31
1934749166596673908,32,6,26,10,1,1769930908,2026-02-01 02:31:31
ec42fb3a-af54-46aa-a8b3-b17d72ed4475,0,0,0,4,0,1769794561,2026-02-01 02:31:31
66dc1687-0aca-11e7-82f6-3863bb44ef7c,3,1,2,4,1,1769930911,2026-02-01 02:31:31
66db75cc-0aca-11e7-82f6-3863bb44ef7c,33,16,17,0,1,1769930911,2026-02-01 02:31:31
56b3ca32-104a-4920-a879-a97a820858c4,15,0,15,8,1,1769930911,2026-02-01 02:31:31
92fc1ad7-0867-4655-b02f-ede65d336b14,2,1,1,14,1,1769930911,2026-02-01 02:31:31
c602146e-d69d-43b6-9e8f-054c4df5377e,14,4,10,3,1,1769930911,2026-02-01 02:31:31
7938263e-e5b8-4ca7-b8bf-1adbaae5fead,8,0,8,15,1,1769930911,2026-02-01 02:31:31
633fbc4c-7617-47ba-a393-aad7a8d26a3e,11,0,11,4,1,1769930911,2026-02-01 02:31:31
66db9c2e-0aca-11e7-82f6-3863bb44ef7c,13,3,10,27,1,1769930912,2026-02-01 02:31:31
66dc10d1-0aca-11e7-82f6-3863bb44ef7c,14,1,13,24,1,1769930913,2026-02-01 02:31:31
1929504694747056164,4,3,1,21,1,1769930913,2026-02-01 02:31:31
b4b5824b-3c23-44b7-92a3-cec6a54583a0,7,0,7,12,1,1769930910,2026-02-01 02:31:31
922763d6-d73c-4678-8bcd-f42ee3a236db,8,1,7,11,1,1769930910,2026-02-01 02:31:31
d73e26de-8534-4b46-a321-3cae295ef9b2,13,3,10,11,1,1769930910,2026-02-01 02:31:31
55a4dc76-d839-4e06-9bf4-2f343391343c,3,2,1,16,1,1769930912,2026-02-01 02:31:31
d18512f9-52c8-4175-92b9-b6258dc30748,1,1,0,19,1,1769930912,2026-02-01 02:31:31
a2cf5872-bd4c-4311-832e-d62fd779ecc3,8,0,8,9,1,1769930912,2026-02-01 02:31:31
66dc81ce-0aca-11e7-82f6-3863bb44ef7c,0,0,0,60,0,1769878408,2026-02-01 02:31:31
66de0861-0aca-11e7-82f6-3863bb44ef7c,4,4,0,1,1,1769930917,2026-02-01 02:31:31
26b3a82b-3487-44c2-85f1-eddb5a8a3a9d,13,0,13,3,1,1769930921,2026-02-01 02:31:31
66dc8db1-0aca-11e7-82f6-3863bb44ef7c,44,5,39,2,1,1769930914,2026-02-01 02:31:31
1871698348432996504,11,2,9,6,1,1769930911,2026-02-01 02:31:31
7f402242-dc1b-4a48-ba21-58c4fa7216b4,9,1,8,1,1,1769930912,2026-02-01 02:31:31
66dd515d-0aca-11e7-82f6-3863bb44ef7c,1,1,0,17,1,1769930912,2026-02-01 02:31:31
66dce9b5-0aca-11e7-82f6-3863bb44ef7c,3,0,3,26,1,1769930910,2026-02-01 02:31:31
2124036994734951288,5,0,5,2,1,1769930957,2026-02-01 02:31:31
6cd10426-b4e9-40e1-9b35-61f609190ac0,25,11,14,8,1,1769930957,2026-02-01 02:31:31
66dc2995-0aca-11e7-82f6-3863bb44ef7c,12,2,10,33,1,1769930957,2026-02-01 02:31:31
2171919049376995084,4,1,3,22,1,1769930958,2026-02-01 02:31:31
66de43a5-0aca-11e7-82f6-3863bb44ef7c,19,9,10,3,1,1769930957,2026-02-01 02:31:31
b442a648-e9f4-4893-951a-64d258bc0e55,5,0,5,22,1,1769930954,2026-02-01 02:31:31
1869743938848725856,35,30,5,49,1,1769930953,2026-02-01 02:31:31
09dfc0e3-a448-477c-bb3c-9467dc51ef8d,42,31,11,16,1,1769930954,2026-02-01 02:31:31
038b7369-9c6e-4eb2-8569-f7461443302f,8,1,7,3,1,1769930954,2026-02-01 02:31:31
ed279ef2-52ee-4ff2-9a52-edd8137ea034,7,1,5,16,1,1769930955,2026-02-01 02:31:31
1786698321265653818,4,1,3,32,1,1769930954,2026-02-01 02:31:31
1960020234227886806,4,2,2,37,1,1769930955,2026-02-01 02:31:31
6b60bf55-3da4-439a-bde1-fc80be8623ba,6,5,1,15,1,1769930955,2026-02-01 02:31:31
ebae0b66-e463-4ded-9b7a-43c0aca9b37a,10,1,9,6,1,1769930952,2026-02-01 02:31:31
1851674198082642572,14,0,14,3,1,1769930953,2026-02-01 02:31:31
53ef19c6-eaa7-47f7-807e-f51b574b1be0,9,0,9,8,1,1769930958,2026-02-01 02:31:31
66dde4ef-0aca-11e7-82f6-3863bb44ef7c,3,0,3,16,1,1769930956,2026-02-01 02:31:31
1804892772559499512,14,2,12,13,1,1769930959,2026-02-01 02:31:31
66de19ab-0aca-11e7-82f6-3863bb44ef7c,2,1,1,28,1,1769930958,2026-02-01 02:31:31
83a5d761-57d0-4cd6-aa2b-7eb350120d99,1,0,1,16,1,1769930959,2026-02-01 02:31:31
1862008701134683118,1,0,1,20,1,1769930919,2026-02-01 02:31:31
66dc0f8a-0aca-11e7-82f6-3863bb44ef7c,25,0,25,22,1,1769930920,2026-02-01 02:31:31
66dc8a3d-0aca-11e7-82f6-3863bb44ef7c,11,2,9,52,1,1769930920,2026-02-01 02:31:31
33840944-aa92-4d91-9de8-d29e5cd0b2d9,7,0,7,21,1,1769930925,2026-02-01 02:31:31
7a6fc75f-a605-4dd6-b567-b2bbbfb862f3,0,0,0,0,0,1769747711,2026-02-01 02:31:31
f8c242cd-da59-4f0e-afd6-832bbdd7d328,11,2,9,2,1,1769930915,2026-02-01 02:31:31
f681f980-185d-45b9-8490-bb2606624dd4,1,1,0,16,1,1769930916,2026-02-01 02:31:31
ef6216aa-d3c8-46bb-8c6b-b62f8ba51b16,5,0,5,13,1,1769930925,2026-02-01 02:31:31
1848241684520917882,8,3,5,1,1,1769930925,2026-02-01 02:31:31
66de2b2f-0aca-11e7-82f6-3863bb44ef7c,35,2,32,4,1,1769930922,2026-02-01 02:31:31
66dbef15-0aca-11e7-82f6-3863bb44ef7c,11,2,9,37,1,1769930927,2026-02-01 02:31:31
c4e9905f-457b-4be0-a878-2aa53fa0b09b,16,1,15,1,1,1769930925,2026-02-01 02:31:31
1795146692060860976,12,0,12,5,1,1769930926,2026-02-01 02:31:31
1828965172312150882,6,0,6,11,1,1769930926,2026-02-01 02:31:31
1814907590556515014,15,4,11,2,1,1769930926,2026-02-01 02:31:31
4e9a1c3a-20e2-4fd5-b8de-fbf8d43e7bcc,9,0,9,8,1,1769930927,2026-02-01 02:31:31
bacfe3c2-7946-45ed-91f9-f5b91791de75,5,2,3,24,1,1769930922,2026-02-01 02:31:31
3e1bdcec-e762-4e83-b447-007f05923cce,5,1,4,15,1,1769930942,2026-02-01 02:31:31
9af90faf-0b9b-451b-9cb0-20ff421ca1d9,1,0,1,23,1,1769930943,2026-02-01 02:31:31
595cf79f-7783-4373-b3d5-775bcf76033b,1,1,0,16,1,1769930943,2026-02-01 02:31:31
66dde76a-0aca-11e7-82f6-3863bb44ef7c,2,0,2,22,1,1769930943,2026-02-01 02:31:31
1862788202397235246,13,1,12,3,1,1769930943,2026-02-01 02:31:31
66db6f2e-0aca-11e7-82f6-3863bb44ef7c,21,16,5,17,1,1769930943,2026-02-01 02:31:31
576abdc1-986e-48b0-bde2-051a13d3ff59,10,5,5,7,1,1769930944,2026-02-01 02:31:31
18eccc71-66be-4e4c-8335-095a9bf0df94,4,3,1,25,1,1769930944,2026-02-01 02:31:31
66dd4c5f-0aca-11e7-82f6-3863bb44ef7c,1,0,1,51,1,1769930944,2026-02-01 02:31:31
66dd056e-0aca-11e7-82f6-3863bb44ef7c,4,2,2,7,1,1769930911,2026-02-01 02:31:31
1854538962214948918,12,1,11,0,1,1769930942,2026-02-01 02:31:31
77e31650-e86a-4b06-b2de-b92df2a7a7f5,24,2,22,2,1,1769930941,2026-02-01 02:31:31
1927314940904608224,8,4,4,16,1,1769930941,2026-02-01 02:31:31
1786698974100683436,20,8,12,15,1,1769930942,2026-02-01 02:31:31
b4f990dd-36bb-46b3-9eea-4b980bd43c2d,1,1,0,19,1,1769930942,2026-02-01 02:31:31
29a41b09-698f-43e2-82ff-f94f73e74841,13,1,12,2,1,1769930940,2026-02-01 02:31:31
18415ea7-efce-408d-bcb9-4693fb088dda,19,12,7,1,1,1769930940,2026-02-01 02:31:31
d45b62b9-7d6b-43b2-bf1e-2c898c55dfd2,2,0,2,11,1,1769930940,2026-02-01 02:31:31
1835246658344669972,1,1,0,17,1,1769930941,2026-02-01 02:31:31
a45a712c-1e3d-4fee-bef8-adafafd80670,4,1,3,10,1,1769930941,2026-02-01 02:31:31
d80c274e-d17d-4a00-9b76-274c9fe4d0e1,0,0,0,29,1,1769930945,2026-02-01 02:31:31
1840540852548303628,0,0,0,17,1,1769930945,2026-02-01 02:31:31
66dc292c-0aca-11e7-82f6-3863bb44ef7c,20,13,5,23,1,1769930946,2026-02-01 02:31:31
66db408f-0aca-11e7-82f6-3863bb44ef7c,13,1,12,12,1,1769930946,2026-02-01 02:31:31
1838070843306263244,5,2,3,11,1,1769930946,2026-02-01 02:31:31
12279d2b-29f6-4e02-a7f0-244970f7edd5,6,3,3,17,1,1769930946,2026-02-01 02:31:31
81a98b0b-cfd6-48b4-90bd-806ebbc264a0,4,2,2,13,1,1769930946,2026-02-01 02:31:31
1835246937517543544,10,0,10,7,1,1769930947,2026-02-01 02:31:31
b896d83d-5524-4c9c-a2aa-c1b0edaadc22,0,0,0,18,1,1769930942,2026-02-01 02:31:31
ff745407-c087-4c0d-a965-98baf078f292,17,15,2,3,1,1769930942,2026-02-01 02:31:31
754ac5df-f2b5-4636-8c58-ed84ea262bde,1,1,0,19,1,1769930972,2026-02-01 02:31:31
2124425439157234232,3,1,2,9,1,1769930972,2026-02-01 02:31:31
66db93a1-0aca-11e7-82f6-3863bb44ef7c,2,1,1,30,1,1769930972,2026-02-01 02:31:31
66de63cd-0aca-11e7-82f6-3863bb44ef7c,11,4,7,1,1,1769930973,2026-02-01 02:31:31
f3140fb8-347b-4dca-96df-eeef2d1bfc50,8,2,5,7,1,1769930973,2026-02-01 02:31:31
66de0d91-0aca-11e7-82f6-3863bb44ef7c,25,1,24,1,1,1769930974,2026-02-01 02:31:31
1898751402035634700,12,3,9,7,1,1769930974,2026-02-01 02:31:31
ffae66ec-7c16-436f-bd0a-eedf81d580e7,4,0,4,12,1,1769930975,2026-02-01 02:31:31
54df610f-0e47-4958-98ca-37bb1b1c4dca,0,0,0,22,1,1769930971,2026-02-01 02:31:31
6d766daf-9298-4059-a329-1818582d495f,11,11,0,2,1,1769930971,2026-02-01 02:31:31
1917312704757770810,16,6,10,16,1,1769930972,2026-02-01 02:31:31
e35c42c6-8b73-4528-b08d-c94b75624b40,10,1,9,8,1,1769930972,2026-02-01 02:31:31
c606bae0-889c-47c3-8202-9463ef147655,12,0,12,7,1,1769930973,2026-02-01 02:31:31
b0bac4ef-bb57-4598-a433-75c281170d5b,6,2,4,16,1,1769930973,2026-02-01 02:31:31
1840504138040045682,9,2,7,7,1,1769930974,2026-02-01 02:31:31
84a7baff-415b-4ab9-a859-74c2801483ce,6,0,6,8,1,1769930974,2026-02-01 02:31:31
162d5859-b735-4ff7-9613-01b21f22c1cd,17,0,17,13,1,1769930970,2026-02-01 02:31:31
5526b855-dc09-4159-a20a-99651861a481,10,5,5,3,1,1769930971,2026-02-01 02:31:31
66dde69c-0aca-11e7-82f6-3863bb44ef7c,1,0,1,10,1,1769930976,2026-02-01 02:31:31
c00ef46d-fcde-48e2-afbd-0fb595fe3fa7,19,8,10,2,1,1769930976,2026-02-01 02:31:31
66dbe571-0aca-11e7-82f6-3863bb44ef7c,36,12,25,9,1,1769930975,2026-02-01 02:31:31
66dbc37a-0aca-11e7-82f6-3863bb44ef7c,4,3,1,53,1,1769930972,2026-02-01 02:31:31
0ddb965d-95ef-4ce3-bde6-81a56ac1fbd2,0,0,0,29,1,1769930976,2026-02-01 02:31:31
7a1ad7c0-4958-4354-91a1-11bf13348abd,14,3,11,3,1,1769930976,2026-02-01 02:31:31
16e70b05-5b73-4930-9dcf-f79e5ce9eaf5,17,0,17,4,1,1769930976,2026-02-01 02:31:31
3eb10c63-ea4c-4161-b07d-a29034f7367a,2,0,2,10,1,1769930976,2026-02-01 02:31:31
66db447a-0aca-11e7-82f6-3863bb44ef7c,42,24,18,0,1,1769930923,2026-02-01 02:31:31
1846085734612252774,3,0,3,18,1,1769930924,2026-02-01 02:31:31
7d5fa1f0-4069-4d5d-b735-5d500597394a,36,27,9,2,1,1769930924,2026-02-01 02:31:31
816e50eb-dc4b-47dc-b773-154e2020cb0d,2,0,2,17,1,1769930924,2026-02-01 02:31:31
b79c8433-9dd1-4d68-9156-7f2c2162bafe,3,0,3,22,1,1769930924,2026-02-01 02:31:31
7f4753d7-8d58-48bd-a881-de5bff08b27d,2,0,2,24,1,1769930924,2026-02-01 02:31:31
2124426077519611940,1,1,0,13,1,1769930924,2026-02-01 02:31:31
81bec993-29a5-4e70-8f60-eecdf16c7be4,9,4,5,12,1,1769930927,2026-02-01 02:31:31
1814548067447122618,15,7,8,5,1,1769930928,2026-02-01 02:31:31
66db3053-0aca-11e7-82f6-3863bb44ef7c,30,21,9,25,1,1769930928,2026-02-01 02:31:31
66dd2060-0aca-11e7-82f6-3863bb44ef7c,6,1,5,39,1,1769930929,2026-02-01 02:31:31
1dacb0f6-29f5-4d1b-b910-92ffa5b4ca5d,0,0,0,34,1,1769930930,2026-02-01 02:31:31
47da6ab2-c841-4f2d-97ef-dd8d441c96b1,0,0,0,17,1,1769930930,2026-02-01 02:31:31
ab6aadd8-fa45-43aa-abea-c8e01ec5a0c8,20,5,15,0,1,1769930918,2026-02-01 02:31:31
0dd71c6d-11ee-4ad4-ba99-36b9ad36112c,11,6,5,5,1,1769930918,2026-02-01 02:31:31
d5cabb43-6c78-4022-964e-a8b02470509e,11,0,11,8,1,1769930918,2026-02-01 02:31:31
06439006-11b6-44f0-8545-c9d39035f32a,48,42,6,14,1,1769930919,2026-02-01 02:31:31
66de4959-0aca-11e7-82f6-3863bb44ef7c,3,1,2,14,1,1769930919,2026-02-01 02:31:31
563389a0-d90f-4155-9c50-528459df26aa,11,7,4,12,1,1769930931,2026-02-01 02:31:31
59af018a-2ee9-489a-b445-bb6fba9c1119,2,0,2,11,1,1769930930,2026-02-01 02:31:31
82c85f05-4722-48ae-9f64-0522012eb3c8,3,0,3,17,1,1769930931,2026-02-01 02:31:31
66dc7f02-0aca-11e7-82f6-3863bb44ef7c,50,40,10,37,1,1769930931,2026-02-01 02:31:31
f401cd5f-cb41-41f8-a857-4a4dfe778f94,9,2,7,7,1,1769930932,2026-02-01 02:31:31
bbc3c1df-f7db-4f54-8d5c-b8f4269ecb48,13,9,4,0,1,1769930929,2026-02-01 02:31:31
8caf71df-76c3-43fb-be98-d555d2291460,5,4,1,13,1,1769930929,2026-02-01 02:31:31
66de5005-0aca-11e7-82f6-3863bb44ef7c,9,0,9,13,1,1769930927,2026-02-01 02:31:31
191d5d54-de64-4312-99c7-eee141efa4ef,0,0,0,20,1,1769930927,2026-02-01 02:31:31
66dc3782-0aca-11e7-82f6-3863bb44ef7c,14,4,9,1,1,1769930927,2026-02-01 02:31:31
66dbcd6c-0aca-11e7-82f6-3863bb44ef7c,9,8,1,22,1,1769930921,2026-02-01 02:31:31
1860188747953293684,8,2,6,7,1,1769930922,2026-02-01 02:31:31
1834145589124844432,0,0,0,18,1,1769930922,2026-02-01 02:31:31
93da4d1b-d574-45b0-85d7-5b82e2887267,15,0,15,4,1,1769930921,2026-02-01 02:31:31
66db4549-0aca-11e7-82f6-3863bb44ef7c,4,4,0,17,1,1769930922,2026-02-01 02:31:31
69f84045-48f9-4c6c-90d3-0503e5ed39e9,2,1,1,15,1,1769930922,2026-02-01 02:31:31
abc1311e-e000-4211-af9e-0cf92242711e,0,0,0,20,1,1769930922,2026-02-01 02:31:31
4d24ab76-2f4a-4004-9fc5-09c00c1d9aa4,25,3,22,3,1,1769930922,2026-02-01 02:31:31
1d3a8670-09b3-4127-b750-af5311e565f0,8,0,8,9,1,1769930923,2026-02-01 02:31:31
9635affa-8b18-42d5-84c4-7f67ad5ef9d0,6,2,4,11,1,1769930928,2026-02-01 02:31:31
bfe5e69d-89ff-48b3-bf20-80cbdfa443e0,7,5,2,39,1,1769930929,2026-02-01 02:31:31
1875415144760576328,15,15,0,1,1,1769930928,2026-02-01 02:31:31
66ddeaff-0aca-11e7-82f6-3863bb44ef7c,10,6,4,14,1,1769930929,2026-02-01 02:31:31
f34ea09d-32f9-492c-9124-99059bc0b5dd,12,0,12,2,1,1769930929,2026-02-01 02:31:31
c190f78c-77ad-469e-aecc-e2af7bb6d92a,16,0,16,3,1,1769930950,2026-02-01 02:31:31
66de17f7-0aca-11e7-82f6-3863bb44ef7c,7,6,0,28,1,1769930950,2026-02-01 02:31:31
f9ed9a6b-097e-48b9-a9d1-79d084dcd2d9,1,0,0,16,1,1769930950,2026-02-01 02:31:31
cc5f0e68-dd5f-4db1-81c7-04a4d6674fba,13,0,13,2,1,1769930951,2026-02-01 02:31:31
2124381939991318658,1,0,1,8,1,1769930947,2026-02-01 02:31:31
cd2d9dab-7708-4685-a56f-9412c738de7e,15,0,15,5,1,1769930947,2026-02-01 02:31:31
f62526d4-9c6a-4c76-be76-c64b5be669d2,0,0,0,20,1,1769930947,2026-02-01 02:31:31
0687075b-cf2d-4130-a859-fe841aafbd3f,9,1,8,5,1,1769930951,2026-02-01 02:31:31
66dd45c7-0aca-11e7-82f6-3863bb44ef7c,0,0,0,1,0,1769893798,2026-02-01 02:31:31
f5393bc2-36d4-4508-bf51-fa48d121f751,12,4,8,10,1,1769930948,2026-02-01 02:31:31
1835250442210857240,14,1,13,3,1,1769930949,2026-02-01 02:31:31
66dd26f9-0aca-11e7-82f6-3863bb44ef7c,27,10,17,6,1,1769930949,2026-02-01 02:31:31
7779e057-b33e-46a7-8a1e-8c28bcd9a558,11,1,10,9,1,1769930949,2026-02-01 02:31:31
44fa161f-eb62-459b-b53e-da83788cfa2a,5,4,1,23,1,1769930949,2026-02-01 02:31:31
a2ef8ed2-6031-4049-b7dc-9838ef39889b,10,0,10,5,1,1769930952,2026-02-01 02:31:31
4568f854-1268-45cf-bac8-82286ef40ae6,13,1,12,6,1,1769930948,2026-02-01 02:31:31
66db277a-0aca-11e7-82f6-3863bb44ef7c,13,1,12,7,1,1769930948,2026-02-01 02:31:31
1986707977001495180,6,0,6,12,1,1769930948,2026-02-01 02:31:31
807e9f5a-49b6-4b7e-847b-4a60cff330ed,1,0,1,16,1,1769930947,2026-02-01 02:31:31
66dc17df-0aca-11e7-82f6-3863bb44ef7c,5,1,4,23,1,1769930947,2026-02-01 02:31:31
1950648049868542106,6,1,5,15,1,1769930986,2026-02-01 02:31:31
499e10ad-c008-461e-8cf7-20757218a9cc,1,0,1,19,1,1769930986,2026-02-01 02:31:31
66dbe15d-0aca-11e7-82f6-3863bb44ef7c,5,2,3,21,1,1769930986,2026-02-01 02:31:31
63a838a8-9acf-4ba1-91f5-c676f6ef2f7d,14,3,11,4,1,1769930986,2026-02-01 02:31:31
4f814d78-5d8d-458b-877e-2ca449b865be,0,0,0,20,1,1769930986,2026-02-01 02:31:31
0fde06c2-632c-46a9-8866-f4e855604f74,25,12,13,34,1,1769930986,2026-02-01 02:31:31
549b5bc4-b949-4eeb-8ffb-2215e1e49892,27,5,22,17,1,1769930986,2026-02-01 02:31:31
cb9840a3-4ae2-420d-865c-9ac45e2f5485,11,5,6,4,1,1769930983,2026-02-01 02:31:31
62b97c1e-9d06-4c5e-b9c3-d76099e37fe4,1,1,0,20,1,1769930983,2026-02-01 02:31:31
457ea5d7-d643-4028-87db-46dee0b81555,7,6,1,17,1,1769930983,2026-02-01 02:31:31
6fd61eee-d0ef-4580-9704-bd06b82bcb61,0,0,0,31,0,1769912304,2026-02-01 02:31:31
f3782e27-c49a-4ee9-b188-0c13cad54688,8,0,8,7,1,1769930987,2026-02-01 02:31:31
66dc1d80-0aca-11e7-82f6-3863bb44ef7c,8,6,2,23,1,1769930987,2026-02-01 02:31:31
c3062f44-c5b9-4650-a4ec-cc66cbf5b944,0,0,0,16,1,1769930987,2026-02-01 02:31:31
2126622241630343402,7,5,2,7,1,1769930987,2026-02-01 02:31:31
66dbe68e-0aca-11e7-82f6-3863bb44ef7c,40,29,11,5,1,1769930988,2026-02-01 02:31:31
ca843847-923a-40b7-80ca-c1c3fff6e818,0,0,0,18,1,1769930984,2026-02-01 02:31:31
0f45bcf6-7028-4584-a51e-4129847dbebc,31,10,21,5,1,1769930985,2026-02-01 02:31:31
1b038e21-e199-4c47-bef0-f4bcdc06b73b,15,15,0,22,1,1769930979,2026-02-01 02:31:31
20ff5447-eac3-43b7-820f-f6fa3a2e12a8,15,1,14,6,1,1769930985,2026-02-01 02:31:31
b4a320d6-2611-4940-96ca-17fb297ec826,15,0,15,1,1,1769930985,2026-02-01 02:31:31
99614ecb-2329-49fa-a13a-fa1ef2bb32d6,3,0,3,12,1,1769930984,2026-02-01 02:31:31
b371c432-b682-412f-9b85-8df84ce7a9f3,7,0,7,11,1,1769930985,2026-02-01 02:31:31
66de2199-0aca-11e7-82f6-3863bb44ef7c,10,2,8,15,1,1769930982,2026-02-01 02:31:31
66dcc8b3-0aca-11e7-82f6-3863bb44ef7c,4,1,3,13,1,1769930982,2026-02-01 02:31:31
bc9c9006-3d40-400d-8b5c-17f56e6dfcee,0,0,0,25,1,1769930982,2026-02-01 02:31:31
2126623007192357636,7,0,7,1,1,1769930983,2026-02-01 02:31:31
6969d756-33a6-4a0b-83d0-3db38bc382d1,18,0,18,4,1,1769930979,2026-02-01 02:31:31
38af3d1a-9916-46cf-b22e-86fc8648bf30,10,0,10,8,1,1769930983,2026-02-01 02:31:31
62f8f806-bd04-4282-9c5d-ad4293644e3c,7,1,6,11,1,1769930988,2026-02-01 02:31:31
2124036103510616644,2,1,1,8,1,1769930889,2026-02-01 02:31:31
2100948436010992354,8,7,1,4,1,1769930988,2026-02-01 02:31:31
1937777808143497236,0,0,0,25,1,1769930984,2026-02-01 02:31:31
1846085439406916338,2,0,2,20,1,1769930988,2026-02-01 02:31:31
66dc7ba2-0aca-11e7-82f6-3863bb44ef7c,2,2,0,17,1,1769930989,2026-02-01 02:31:31
66dd217d-0aca-11e7-82f6-3863bb44ef7c,3,2,1,19,1,1769930989,2026-02-01 02:31:31
1817432434869846072,11,1,10,7,1,1769930989,2026-02-01 02:31:31
c80c55c4-d623-42d7-8acf-6bfa68a84ecb,3,0,3,12,1,1769930990,2026-02-01 02:31:31
dd482585-3028-453f-a98d-55019db9b26c,32,1,31,1,1,1769930994,2026-02-01 02:31:31
a4d041fd-c5fa-4f52-800c-25d7a661a875,1,1,0,18,1,1769930994,2026-02-01 02:31:31
96e72113-3681-4d19-88bb-032e76720093,0,0,0,6,0,1769920362,2026-02-01 02:31:31
66dbe96d-0aca-11e7-82f6-3863bb44ef7c,10,3,7,34,1,1769930994,2026-02-01 02:31:31
475c44e1-31e3-4c60-b071-af2ca3f7618c,4,3,1,12,1,1769930994,2026-02-01 02:31:31
66de1516-0aca-11e7-82f6-3863bb44ef7c,16,4,12,15,1,1769930995,2026-02-01 02:31:31
837b7db3-55c6-4595-a497-834972631752,2,1,1,13,1,1769930995,2026-02-01 02:31:31
0630217a-3913-47d9-9540-cf85688296a5,0,0,0,16,1,1769930995,2026-02-01 02:31:31
1814901062206225038,7,2,5,9,1,1769930993,2026-02-01 02:31:31
d11b9869-8964-4b79-aafc-4b60ad1b44c4,0,0,0,15,1,1769930993,2026-02-01 02:31:31
6476c5fd-611e-436c-9736-e0f43bb7774e,11,1,10,2,1,1769930993,2026-02-01 02:31:31
26cae473-0e59-4af7-bad5-bb6fec85c8bc,7,4,3,12,1,1769930993,2026-02-01 02:31:31
bf880f45-422c-4e0b-b3b0-2b1f5ba94da4,1,0,1,14,1,1769930993,2026-02-01 02:31:31
1815968237323833702,10,2,8,2,1,1769930994,2026-02-01 02:31:31
66dd3d7f-0aca-11e7-82f6-3863bb44ef7c,2,1,1,30,1,1769930991,2026-02-01 02:31:31
19d17911-1e4a-41fa-b62b-719aa0a6182e,21,13,8,15,1,1769930991,2026-02-01 02:31:31
1876800925490112950,3,1,2,10,1,1769930991,2026-02-01 02:31:31
2137775326353803668,9,1,8,3,1,1769930863,2026-02-01 02:31:31
ca7ec509-cefc-4ac6-b729-08999d191051,15,3,12,1,1,1769930991,2026-02-01 02:31:31
c3189056-8eda-4278-891f-e8e15c2d759a,9,0,9,9,1,1769930992,2026-02-01 02:31:31
66dbee85-0aca-11e7-82f6-3863bb44ef7c,4,0,4,68,1,1769930991,2026-02-01 02:31:31
c8c39d85-4ce7-46c5-b709-998067200780,0,0,0,23,1,1769930992,2026-02-01 02:31:31
1786697771181570266,29,0,29,3,1,1769930992,2026-02-01 02:31:31
e152a2e1-c510-404e-a100-24246bb6cc95,3,0,3,11,1,1769930992,2026-02-01 02:31:31
66de73fd-0aca-11e7-82f6-3863bb44ef7c,4,3,1,19,1,1769930990,2026-02-01 02:31:31
c2bb1874-bcb7-47c5-aa7d-05423b9087e8,2,0,2,14,1,1769930990,2026-02-01 02:31:31
e85c3165-ad0a-44a3-9683-d8cf7575f465,13,1,12,13,1,1769930991,2026-02-01 02:31:31
023cf549-bd85-4f9a-abd8-70ba29d7e86b,6,0,6,11,1,1769930992,2026-02-01 02:31:31
1828967979464708718,0,0,0,20,1,1769930992,2026-02-01 02:31:31
32cc1603-a4b5-4099-b7bf-681de451b04a,8,3,5,32,1,1769930993,2026-02-01 02:31:31
2121032386733337206,10,2,8,1,1,1769930993,2026-02-01 02:31:31
1851254468343716806,13,1,12,1,1,1769930993,2026-02-01 02:31:31
fda18503-7488-4b91-b74c-949a90401e83,6,1,5,12,1,1769930992,2026-02-01 02:31:31
7aa86431-bbc5-4d9c-8198-9630c9d32a22,8,1,7,10,1,1769930940,2026-02-01 02:31:31
1862008939006380034,5,0,5,10,1,1769930939,2026-02-01 02:31:31
1815967442754883940,24,0,24,4,1,1769930939,2026-02-01 02:31:31
66dc3ab9-0aca-11e7-82f6-3863bb44ef7c,23,23,0,30,1,1769930939,2026-02-01 02:31:31
ca5cc034-a95d-446e-8314-6691589886b1,8,7,1,3,1,1769930940,2026-02-01 02:31:31
66dd1d0f-0aca-11e7-82f6-3863bb44ef7c,25,6,18,3,1,1769930940,2026-02-01 02:31:31
1f088432-0460-421e-a1d9-36890fa5396d,6,3,3,7,1,1769930940,2026-02-01 02:31:31
66de25bd-0aca-11e7-82f6-3863bb44ef7c,56,0,56,3,1,1769930933,2026-02-01 02:31:31
1860189327773878824,11,0,11,8,1,1769930934,2026-02-01 02:31:31
66de6346-0aca-11e7-82f6-3863bb44ef7c,20,4,16,7,1,1769930934,2026-02-01 02:31:31
22ab59a8-0af4-4101-9350-a7af88e37c2e,5,0,5,12,1,1769930935,2026-02-01 02:31:31
44c23eaa-7ddf-40b3-8373-6f3880c5e1b1,2,0,2,15,1,1769930934,2026-02-01 02:31:31
66dd1c7f-0aca-11e7-82f6-3863bb44ef7c,13,2,11,30,1,1769930937,2026-02-01 02:31:31
0f98907a-d4cc-45e0-b174-7d9dfda74106,2,1,1,29,1,1769930937,2026-02-01 02:31:31
61f2ffd4-159a-42b3-a4d9-3fdfc3349074,1,0,1,19,1,1769930937,2026-02-01 02:31:31
66dd4ccc-0aca-11e7-82f6-3863bb44ef7c,1,0,1,45,1,1769930933,2026-02-01 02:31:31
24509e46-a0de-47e8-ba40-9441da68952a,0,0,0,18,1,1769930935,2026-02-01 02:31:31
2a66ed0a-5e6d-4893-a1d1-876bb2bac4be,4,1,3,23,1,1769930935,2026-02-01 02:31:31
66db2a71-0aca-11e7-82f6-3863bb44ef7c,30,7,23,3,1,1769930935,2026-02-01 02:31:31
cb05443c-e68e-48f7-8d17-35353fa19d4d,17,6,11,27,1,1769930936,2026-02-01 02:31:31
66dba303-0aca-11e7-82f6-3863bb44ef7c,9,2,7,3,1,1769930938,2026-02-01 02:31:31
66de2274-0aca-11e7-82f6-3863bb44ef7c,6,2,4,9,1,1769930938,2026-02-01 02:31:31
8a89684b-40a5-49fe-b75d-fdf32ffa8102,12,1,11,0,1,1769930936,2026-02-01 02:31:31
66de0cab-0aca-11e7-82f6-3863bb44ef7c,15,2,13,18,1,1769930936,2026-02-01 02:31:31
1849009654626746672,7,0,7,3,1,1769930933,2026-02-01 02:31:31
c2d549f8-f54c-4a0d-9ecd-6e6f79118279,6,0,6,14,1,1769930980,2026-02-01 02:31:31
1817822909864556798,4,0,4,15,1,1769930980,2026-02-01 02:31:31
1826348248869574940,7,0,7,20,1,1769930977,2026-02-01 02:31:31
1096fc76-794e-4343-8eb0-0dd6c9a48266,3,1,2,13,1,1769930977,2026-02-01 02:31:31
c63a83a0-bda1-40a6-835b-f82c363543b9,0,0,0,19,1,1769930977,2026-02-01 02:31:31
2ebbe93b-a013-464a-b4a5-0eba96f89676,5,4,1,13,1,1769930978,2026-02-01 02:31:31
66dd4d70-0aca-11e7-82f6-3863bb44ef7c,5,3,2,26,1,1769930977,2026-02-01 02:31:31
faf98f78-51ab-4248-b7e7-f402902385a6,2,1,1,16,1,1769930979,2026-02-01 02:31:31
498d7e8e-5164-4f26-9ce6-399947d73b1a,10,4,6,1,1,1769930979,2026-02-01 02:31:31
66de0a78-0aca-11e7-82f6-3863bb44ef7c,14,0,14,3,1,1769930978,2026-02-01 02:31:31
7dda8844-60ba-4449-b05c-54c1d14ab5fb,47,38,9,4,1,1769930978,2026-02-01 02:31:31
053312f2-e77e-4674-b28b-ad357fbcb4ee,14,8,6,38,1,1769930979,2026-02-01 02:31:31
d979131e-0b9f-4aa2-88c5-46d4ff94abc8,2,1,1,7,1,1769930978,2026-02-01 02:31:31
66dc7773-0aca-11e7-82f6-3863bb44ef7c,22,4,18,19,1,1769930981,2026-02-01 02:31:31
75352ab4-8a31-4926-8b59-048a9e506452,3,1,2,9,1,1769930981,2026-02-01 02:31:31
1814907423052790164,14,0,14,5,1,1769930982,2026-02-01 02:31:31
1849010133527040242,4,0,4,11,1,1769930982,2026-02-01 02:31:31
66dcc37f-0aca-11e7-82f6-3863bb44ef7c,3,1,2,13,1,1769930982,2026-02-01 02:31:31
8d650b03-920d-4d44-a48f-8d9a1a0ba264,13,3,10,4,1,1769930982,2026-02-01 02:31:31
d89dc10f-9be3-45a5-9c3c-06c04c963436,13,0,13,2,1,1769930980,2026-02-01 02:31:31
1814906692908349788,10,0,10,10,1,1769930980,2026-02-01 02:31:31
66dc0dab-0aca-11e7-82f6-3863bb44ef7c,5,3,2,103,1,1769930979,2026-02-01 02:31:31
9394fb49-583f-4426-8d2f-a2b0ffb584d2,15,5,10,28,1,1769930979,2026-02-01 02:31:31
4c03fa2d-89da-4f0b-8f19-c7de5edbe256,14,0,14,6,1,1769930981,2026-02-01 02:31:31
cf1a96a7-f695-4ba2-bcf2-899552e21e47,5,1,4,9,1,1769930981,2026-02-01 02:31:31
66dd4ec7-0aca-11e7-82f6-3863bb44ef7c,15,10,5,54,1,1769930979,2026-02-01 02:31:31
3a89411a-0bc6-4ba3-bc56-fab950c8eba1,21,4,17,0,1,1769930961,2026-02-01 02:31:31
525535e3-dde3-47b4-9c2e-0174eaa4f2bb,12,3,9,0,1,1769930962,2026-02-01 02:31:31
66dea7b5-0aca-11e7-82f6-3863bb44ef7c,5,4,1,30,1,1769930961,2026-02-01 02:31:31
ba33c334-e17d-4478-ae3c-9c2f4dbfbb51,0,0,0,15,1,1769930961,2026-02-01 02:31:31
66de677e-0aca-11e7-82f6-3863bb44ef7c,14,3,11,12,1,1769930962,2026-02-01 02:31:31
1975518133370609774,67,58,9,22,1,1769930962,2026-02-01 02:31:31
1831178352265562334,11,2,9,13,1,1769930955,2026-02-01 02:31:31
0138452a-b9f4-4aee-80b0-7fae9a122ffe,3,1,2,34,1,1769930958,2026-02-01 02:31:31
1828965347681089818,15,1,14,2,1,1769930959,2026-02-01 02:31:31
1bb1af93-b433-4da7-8054-009c85f7755a,1,0,1,17,1,1769930959,2026-02-01 02:31:31
66dc3e89-0aca-11e7-82f6-3863bb44ef7c,7,2,5,55,1,1769930963,2026-02-01 02:31:31
1859808514684217788,1,1,0,19,1,1769930963,2026-02-01 02:31:31
2c8b263e-952c-4941-a671-ef0ebb062632,15,1,14,2,1,1769930964,2026-02-01 02:31:31
66dced76-0aca-11e7-82f6-3863bb44ef7c,3,0,3,15,1,1769930964,2026-02-01 02:31:31
6fab98b7-b06a-49d8-a4d1-087ffce0ebcf,1,1,0,16,1,1769930964,2026-02-01 02:31:31
823ef531-40e6-4397-b973-86bf5b032076,0,0,0,20,1,1769930964,2026-02-01 02:31:31
2124035976827702128,0,0,0,12,1,1769930960,2026-02-01 02:31:31
d040a7b3-85b5-4c0d-9c92-3f4ad0082143,1,0,1,26,1,1769930960,2026-02-01 02:31:31
1860189650739626488,3,2,1,16,1,1769930961,2026-02-01 02:31:31
3134c2d4-b090-4eb8-ab44-6f9622098f72,0,0,0,22,1,1769930964,2026-02-01 02:31:31
b96507c5-7c90-499d-9c45-58f25d6f636a,0,0,0,17,1,1769930964,2026-02-01 02:31:31
1822663031356509142,12,1,11,5,1,1769930964,2026-02-01 02:31:31
4e747443-d481-4aea-a6d1-cf20204af4ba,13,0,13,5,1,1769930965,2026-02-01 02:31:31
00967b8f-1a4d-4131-a65a-17fa8ca89e28,1,1,0,15,1,1769930965,2026-02-01 02:31:31
1864605386632012480,1,0,1,15,1,1769930962,2026-02-01 02:31:31
66ddb66e-0aca-11e7-82f6-3863bb44ef7c,5,2,3,19,1,1769930965,2026-02-01 02:31:31
42c3bb6e-0478-4e4a-af10-151f5f4dffb9,16,2,14,2,1,1769930962,2026-02-01 02:31:31
1871698223344654662,5,3,2,16,1,1769930963,2026-02-01 02:31:31
1859088223746072684,13,0,13,1,1,1769930963,2026-02-01 02:31:31
59df3823-0369-4a10-8132-05df34a170af,14,0,14,22,1,1769930963,2026-02-01 02:31:31
292ad4f3-9fb0-44ec-9e61-613c711f73c1,2,1,1,13,1,1769930963,2026-02-01 02:31:31
517409d3-a94a-4140-a6de-ff0de9221ed2,1,0,1,20,1,1769930963,2026-02-01 02:31:31
640a9a95-194f-42f5-8d88-1df67129f388,5,0,5,15,1,1769930968,2026-02-01 02:31:31
1f8f6714-42a7-45d5-86cd-a093c940b2c9,0,0,0,22,1,1769930968,2026-02-01 02:31:31
d265dbc7-ef55-4f5b-8a2b-f2015dc71fb8,9,0,9,10,1,1769930968,2026-02-01 02:31:31
d8778570-f7f2-458d-82f5-9ad39210a501,25,14,10,5,1,1769930969,2026-02-01 02:31:31
66de13dc-0aca-11e7-82f6-3863bb44ef7c,0,0,0,0,0,1769930970,2026-02-01 02:31:31
66dc2c78-0aca-11e7-82f6-3863bb44ef7c,1,1,0,79,1,1769930969,2026-02-01 02:31:31
66ddec3e-0aca-11e7-82f6-3863bb44ef7c,1,1,0,12,1,1769930970,2026-02-01 02:31:31
66880044-5411-4143-af39-eaa0a0fd0528,10,2,8,13,1,1769930969,2026-02-01 02:31:31
1835618878584115330,10,4,6,13,1,1769930966,2026-02-01 02:31:31
64f0f28c-bedc-42d5-b107-ecdd48fc30cd,13,2,11,76,1,1769930967,2026-02-01 02:31:31
66de71af-0aca-11e7-82f6-3863bb44ef7c,21,0,21,8,1,1769930967,2026-02-01 02:31:31
66dd9fa6-0aca-11e7-82f6-3863bb44ef7c,9,7,2,42,1,1769930967,2026-02-01 02:31:31
3d68a3fd-91da-49e8-9cd5-69b333863789,12,3,9,4,1,1769930965,2026-02-01 02:31:31
1960019951675478680,5,2,3,17,1,1769930965,2026-02-01 02:31:31
dccaeeb5-c53a-4f48-80e6-05675b71a8c8,13,0,13,14,1,1769930965,2026-02-01 02:31:31
2138075988152462096,10,0,10,3,1,1769930966,2026-02-01 02:31:31
068b919c-f649-4091-8e12-ccf37191cad5,0,0,0,18,1,1769930965,2026-02-01 02:31:31
66de1fe7-0aca-11e7-82f6-3863bb44ef7c,12,2,10,3,1,1769930966,2026-02-01 02:31:31
3db799ba-b574-4e5f-95e5-c767bec2acb6,8,2,6,19,1,1769930967,2026-02-01 02:31:31
e9575102-1081-4c30-8d15-ea95913579e2,1,1,0,15,1,1769930967,2026-02-01 02:31:31
eb217a2c-1dd0-4690-a34e-ecc1a708f883,0,0,0,19,1,1769930967,2026-02-01 02:31:31
324e93c8-4f3d-4a5f-becd-00e6f49fe4dd,13,1,12,4,1,1769930969,2026-02-01 02:31:31
493850bd-125b-49f5-932b-bf999504fb06,2,1,1,14,1,1769930969,2026-02-01 02:31:31
2637fed8-1e2a-460b-83eb-3eb32ace0f4e,8,2,5,31,1,1769930968,2026-02-01 02:31:31
66db9e99-0aca-11e7-82f6-3863bb44ef7c,3,2,1,15,1,1769930967,2026-02-01 02:31:31
c638ec67-9ac0-416f-944f-619926144931,64,60,4,42,1,1769930966,2026-02-01 02:31:31
1786700154621508184,7,1,6,18,1,1769930966,2026-02-01 02:31:31
528ed1e0-75aa-45be-8afe-c3f1c950782f,3,0,3,13,1,1769930969,2026-02-01 02:31:31
1962547377975794462,6,1,5,17,1,1769930968,2026-02-01 02:31:31
2124037125711300644,8,5,3,5,1,1769930995,2026-02-01 02:31:31
66db76a1-0aca-11e7-82f6-3863bb44ef7c,14,5,9,74,1,1769930995,2026-02-01 02:31:31
cbf76774-1276-4cf8-9442-f00571f1451c,10,10,0,6,1,1769930996,2026-02-01 02:31:31
566a6389-5c22-49ca-8c24-4d9eea135170,14,1,13,13,1,1769930996,2026-02-01 02:31:31
66dd1d9c-0aca-11e7-82f6-3863bb44ef7c,18,8,9,6,1,1769930997,2026-02-01 02:31:31
ceb179f3-89c3-4c3e-8a0a-3415406a9463,4,4,0,18,1,1769930997,2026-02-01 02:31:31
1888015107269225164,4,4,0,14,1,1769930997,2026-02-01 02:31:31
66dbc420-0aca-11e7-82f6-3863bb44ef7c,7,2,5,40,1,1769930997,2026-02-01 02:31:31
66dcc0b2-0aca-11e7-82f6-3863bb44ef7c,0,0,0,22,1,1769930998,2026-02-01 02:31:31
1828968883163894358,14,3,11,6,1,1769930998,2026-02-01 02:31:31
66dd1f44-0aca-11e7-82f6-3863bb44ef7c,7,5,2,8,1,1769930998,2026-02-01 02:31:31
66db41bf-0aca-11e7-82f6-3863bb44ef7c,22,4,18,2,1,1769930997,2026-02-01 02:31:31
66dce8db-0aca-11e7-82f6-3863bb44ef7c,17,5,12,18,1,1769930998,2026-02-01 02:31:31
2126224996973581072,5,3,2,0,1,1769930998,2026-02-01 02:31:31
66de85d2-0aca-11e7-82f6-3863bb44ef7c,13,10,3,27,1,1769930998,2026-02-01 02:31:31
f833d403-2cf5-424a-a3b3-0314a44b4a67,16,4,12,16,1,1769930998,2026-02-01 02:31:31
2171903733697659376,0,0,0,0,0,86400,2026-02-01 02:31:31
d67375ea-3f93-4996-b0dc-f542341f2e6a,0,0,0,0,0,86400,2026-02-01 02:31:31
a93cb1ec-fb37-4faf-a7e7-d1e5a9e9af95,0,0,0,0,0,86400,2026-02-01 02:31:31
ab5c5ee6-9c4e-4aaa-a14e-d236d3e01d9a,0,0,0,0,0,86400,2026-02-01 02:31:31
32c60668-a192-4d06-aa7c-6d6f7aed6b45,0,0,0,0,0,86400,2026-02-01 02:31:31
fd0e86e3-079d-40aa-8231-ec2cbdbd9e7f,0,0,0,0,0,86400,2026-02-01 02:31:31
2177016792070807878,0,0,0,0,0,86400,2026-02-01 02:31:31
2177015593774932282,0,0,0,0,0,86400,2026-02-01 02:31:31
d2024260-cc58-451b-9417-3a695f8a1b34,0,0,0,0,0,1767211364,2026-02-01 02:31:31
2171903845366809074,0,0,0,0,0,86400,2026-02-01 02:31:31
2171903221356328154,0,0,0,0,0,86400,2026-02-01 02:31:31
4d4a3e7b-1005-4bfd-8680-340a20cacbee,0,0,0,4,0,1769783234,2026-02-01 02:31:31
1849009244468810224,13,2,11,1,1,1769930823,2026-02-01 02:31:31
66dc8bfd-0aca-11e7-82f6-3863bb44ef7c,10,2,8,39,1,1769930824,2026-02-01 02:31:31
66dea52b-0aca-11e7-82f6-3863bb44ef7c,6,2,4,8,1,1769930825,2026-02-01 02:31:31
b9c209b2-6284-4f5a-a32a-680ef9da1c1f,1,1,0,17,1,1769930825,2026-02-01 02:31:31
66dccad8-0aca-11e7-82f6-3863bb44ef7c,2,2,0,16,1,1769930826,2026-02-01 02:31:31
b930dd82-92d0-4d86-b896-7d8b827c2d5f,1,0,1,16,1,1769930830,2026-02-01 02:31:31
e6f3c665-0c87-4f34-a5e8-69baeed7b7bf,9,5,4,9,1,1769930886,2026-02-01 02:31:31
66db46d7-0aca-11e7-82f6-3863bb44ef7c,4,3,1,23,1,1769930887,2026-02-01 02:31:31
17aba164-9d41-4336-9767-2218b8994ded,4,0,4,14,1,1769930891,2026-02-01 02:31:31
66de1f7f-0aca-11e7-82f6-3863bb44ef7c,5,0,5,25,1,1769930891,2026-02-01 02:31:31
66dc90d5-0aca-11e7-82f6-3863bb44ef7c,13,6,7,17,1,1769930891,2026-02-01 02:31:31
8e631be4-1e0c-4627-a261-18f0003d0ba2,3,2,1,32,1,1769930891,2026-02-01 02:31:31
1860188607062574024,1,1,0,17,1,1769930889,2026-02-01 02:31:31
1813395029173762108,12,7,5,21,1,1769930889,2026-02-01 02:31:31
68827e5f-ed28-45de-99bf-66093a8c504f,2,1,1,17,1,1769930889,2026-02-01 02:31:31
65a1b09d-560d-46bf-8f5d-7f59471a587e,2,0,2,17,1,1769930889,2026-02-01 02:31:31
9c2a741d-7f3e-4aa1-b58b-db5c3e6bcb20,1,0,1,26,1,1769930890,2026-02-01 02:31:31
66dd3fc3-0aca-11e7-82f6-3863bb44ef7c,0,0,0,27,0,1769802647,2026-02-01 02:31:31
7cb65297-c880-459a-b054-4e059576c02a,0,0,0,13,0,1769835686,2026-02-01 02:31:31
1786697166576476490,0,0,0,4,0,1769808696,2026-02-01 02:31:31
66dde3b1-0aca-11e7-82f6-3863bb44ef7c,0,0,0,10,0,1769485181,2026-02-01 02:31:31
62e2b1dd-ca52-4e1c-a112-1d8846b9d9b5,11,2,9,3,1,1769930896,2026-02-01 02:31:31
66de88d7-0aca-11e7-82f6-3863bb44ef7c,3,0,3,37,1,1769930897,2026-02-01 02:31:31
52dd11f4-bbd0-49ab-912b-06fac40d275d,11,2,9,19,1,1769930894,2026-02-01 02:31:31
1786699974232881542,3,1,2,16,1,1769930892,2026-02-01 02:31:31
f3b359e2-7983-4aaf-b6b0-e3b7d30816a4,15,2,13,1,1,1769930892,2026-02-01 02:31:31
1877920686883352866,8,4,4,0,1,1769930892,2026-02-01 02:31:31
ecbfcdb7-fffc-4d45-bed2-1510fd45834d,7,1,6,10,1,1769930895,2026-02-01 02:31:31
d9bc0b3e-1af8-4cb6-a082-8ef1245ef329,8,3,5,20,1,1769930894,2026-02-01 02:31:31
66dbf062-0aca-11e7-82f6-3863bb44ef7c,25,14,11,9,1,1769930894,2026-02-01 02:31:31
189f573b-a2d0-40d2-af15-83c5015d93e2,2,2,0,19,1,1769930894,2026-02-01 02:31:31
1835247745828931742,1,1,0,19,1,1769930897,2026-02-01 02:31:31
8f1fdf4b-ecca-4f03-b04c-e10fe596e2c7,5,0,5,20,1,1769930895,2026-02-01 02:31:31
8a13182a-4823-4fe7-afcd-a4ef0b134ed9,3,1,2,16,1,1769930900,2026-02-01 02:31:31
ffaa8f6a-a4ea-4d3a-a57c-f42f77cd4581,1,0,1,20,1,1769930900,2026-02-01 02:31:31
64de0666-b9ab-404e-a16b-03e449bb5b4d,1,0,1,15,1,1769930899,2026-02-01 02:31:31
66dd243c-0aca-11e7-82f6-3863bb44ef7c,32,6,26,34,1,1769930897,2026-02-01 02:31:31
77b21502-a7a2-40b4-8f3e-f9c6c6ef0939,10,0,10,14,1,1769930897,2026-02-01 02:31:31
bc512527-7863-48d5-aea8-3de470abc1ee,10,2,7,7,1,1769930902,2026-02-01 02:31:31
66db5e6a-0aca-11e7-82f6-3863bb44ef7c,4,3,1,14,1,1769930902,2026-02-01 02:31:31
46dca5c6-7bd3-4a4f-aa1e-33aa66652294,18,3,15,8,1,1769930902,2026-02-01 02:31:31
5eac53d0-5510-441a-9dbb-76bd38acf4ef,2,0,2,14,1,1769930902,2026-02-01 02:31:31
06f0d251-e1e3-435c-8c5f-9b991a14ca4a,1,1,0,23,1,1769930901,2026-02-01 02:31:31
1864606193814670106,0,0,0,19,0,1769909783,2026-02-01 02:31:31
35b8b636-18d3-4860-b0a9-39c0bce96a10,0,0,0,24,0,1769915034,2026-02-01 02:31:31
7f3aa940-18ef-4900-89dc-cdb05f693f31,0,0,0,15,0,1769898046,2026-02-01 02:31:31
2bf9addc-038b-48fe-8794-dde085c5e5dc,0,0,0,34,0,1769842819,2026-02-01 02:31:31
199ea9dd-8f7e-4e05-a730-55edaacd8787,0,0,0,51,0,1769833360,2026-02-01 02:31:31
be435dfd-e859-487c-ae32-3d2b76d49a49,0,0,0,1,0,1769907816,2026-02-01 02:31:31
1869753340438110380,2,0,2,12,1,1769930878,2026-02-01 02:31:31
1877653505745721834,2,1,1,17,1,1769930878,2026-02-01 02:31:31
1838618090943186984,14,0,14,2,1,1769930878,2026-02-01 02:31:31
9719498d-bd5c-4424-86ac-dfe0795c57d1,1,1,0,21,1,1769930880,2026-02-01 02:31:31
66dd2786-0aca-11e7-82f6-3863bb44ef7c,19,0,19,3,1,1769930879,2026-02-01 02:31:31
66dd455e-0aca-11e7-82f6-3863bb44ef7c,18,18,0,4,1,1769930878,2026-02-01 02:31:31
514afe43-84d4-4941-8281-75a93c5cd365,3,0,3,13,1,1769930878,2026-02-01 02:31:31
1786697932047949952,7,4,3,11,1,1769930881,2026-02-01 02:31:31
999865d2-0735-4e85-a9d4-00810231530e,6,2,4,14,1,1769930881,2026-02-01 02:31:31
16a4effc-282e-4053-b47b-31f734d50c08,8,2,6,15,1,1769930881,2026-02-01 02:31:31
66dd23a9-0aca-11e7-82f6-3863bb44ef7c,6,2,4,19,1,1769930882,2026-02-01 02:31:31
0c923abb-298a-4a47-b132-9fae73cc59e6,23,10,13,3,1,1769930882,2026-02-01 02:31:31
6ae35aa8-644e-4b2c-b6a4-6570192f78ab,14,1,13,12,1,1769930883,2026-02-01 02:31:31
e6b6c6e2-5fcb-47cd-8f2d-4324b7c977c8,7,5,2,8,1,1769930884,2026-02-01 02:31:31
66dbca0f-0aca-11e7-82f6-3863bb44ef7c,25,18,7,20,1,1769930882,2026-02-01 02:31:31
c8060816-b4aa-4fd9-bc66-af28bf61dc87,0,0,0,20,1,1769930881,2026-02-01 02:31:31
66dc0bbd-0aca-11e7-82f6-3863bb44ef7c,19,1,18,8,1,1769930882,2026-02-01 02:31:31
8ef6ec7d-e898-4edc-8f3f-af888f8c5ef4,4,1,3,16,1,1769930884,2026-02-01 02:31:31
dccab832-b4a2-4105-927d-b52ec0d92c92,10,2,8,3,1,1769930884,2026-02-01 02:31:31
2121032507515216178,6,1,5,0,1,1769930882,2026-02-01 02:31:31
01839a78-f228-4706-8f7f-147b857492f2,3,2,1,18,1,1769930882,2026-02-01 02:31:31
efa2a82f-eb4a-4b82-a602-6c42cb984101,0,0,0,16,1,1769930885,2026-02-01 02:31:31
1815967051912860522,22,1,21,2,1,1769930885,2026-02-01 02:31:31
18326827-dcae-47e0-8518-c4bb9e21eef6,28,1,27,0,1,1769930919,2026-02-01 02:31:31
1854537815365165328,0,0,0,18,1,1769930919,2026-02-01 02:31:31
9d23b0e9-a478-407c-a0e0-0aff1b0398fc,1,1,0,19,1,1769930919,2026-02-01 02:31:31
ace80a8c-6196-484e-8dd0-061e3c90389b,0,0,0,28,1,1769930920,2026-02-01 02:31:31
66de1c33-0aca-11e7-82f6-3863bb44ef7c,1,1,0,20,1,1769930910,2026-02-01 02:31:31
1861680889400379678,12,8,4,4,1,1769930910,2026-02-01 02:31:31
bb6bba3f-19a0-4ebb-a454-4ac678d9d62d,5,1,4,13,1,1769930917,2026-02-01 02:31:31
01b7973e-c92e-4fbe-890e-2c24de33ce0e,4,0,4,12,1,1769930917,2026-02-01 02:31:31
ed5c92f1-3293-4385-9e2b-9b716a096a19,0,0,0,49,1,1769930921,2026-02-01 02:31:31
66db269c-0aca-11e7-82f6-3863bb44ef7c,15,12,3,13,1,1769930921,2026-02-01 02:31:31
66de44ba-0aca-11e7-82f6-3863bb44ef7c,14,1,13,19,1,1769930921,2026-02-01 02:31:31
66db3ba0-0aca-11e7-82f6-3863bb44ef7c,53,48,4,11,1,1769930922,2026-02-01 02:31:31
a70b26b7-fbad-4787-bf15-29f7b13a19ab,3,1,2,11,1,1769930922,2026-02-01 02:31:31
92a51669-deec-45a9-8494-fafdf6356c51,4,0,4,26,1,1769930918,2026-02-01 02:31:31
398aa734-3893-4dba-a704-57ae8632c4f9,6,2,4,12,1,1769930918,2026-02-01 02:31:31
66de110b-0aca-11e7-82f6-3863bb44ef7c,16,5,11,16,1,1769930918,2026-02-01 02:31:31
1828965887815635862,5,3,2,15,1,1769930919,2026-02-01 02:31:31
5f968a1b-ee60-43a0-ad25-05211e09e436,0,0,0,21,1,1769930919,2026-02-01 02:31:31
1856847127505992556,2,1,1,1,1,1769930921,2026-02-01 02:31:31
4753c893-e4bd-4d6a-bc4d-42209a19ebeb,0,0,0,15,1,1769930920,2026-02-01 02:31:31
e4980fd0-e540-40ca-acba-c2a74f3294fc,0,0,0,23,1,1769930921,2026-02-01 02:31:31
1827839088308194240,62,56,6,30,1,1769930922,2026-02-01 02:31:31
9991b75b-a9ba-4abc-bf84-0108291be05a,7,2,5,15,1,1769930934,2026-02-01 02:31:31
66db3f62-0aca-11e7-82f6-3863bb44ef7c,8,4,4,44,1,1769930934,2026-02-01 02:31:31
774c5443-d463-42b3-bfc5-b0ab3c56fe35,4,4,0,23,1,1769930934,2026-02-01 02:31:31
2142879839954225698,1,0,1,13,1,1769930934,2026-02-01 02:31:31
1871972060496771504,1,1,0,14,1,1769930934,2026-02-01 02:31:31
33c533cd-5f0e-4c15-a00a-6a2bf1e2d077,48,26,21,4,1,1769930934,2026-02-01 02:31:31
66de1368-0aca-11e7-82f6-3863bb44ef7c,23,4,19,3,1,1769930934,2026-02-01 02:31:31
c530a1cb-7c60-4651-be8a-9bfa5eb43f8a,7,0,7,18,1,1769930935,2026-02-01 02:31:31
99142ec8-c0e7-47ca-916c-c1097d48e133,20,13,7,17,1,1769930934,2026-02-01 02:31:31
77463580-6421-403d-b170-f2660c216175,0,0,0,22,1,1769930935,2026-02-01 02:31:31
bb0ce308-e5d9-48c7-9f4b-cf0120f2c39a,0,0,0,21,1,1769930935,2026-02-01 02:31:31
1893519215751496610,30,0,30,0,1,1769930930,2026-02-01 02:31:31
bde94a25-6089-4490-af3a-8cc5702230b8,66,52,14,5,1,1769930930,2026-02-01 02:31:31
7d9a1b9e-0123-4561-a111-b3735fada687,4,0,4,19,1,1769930933,2026-02-01 02:31:31
66dc79e6-0aca-11e7-82f6-3863bb44ef7c,1,0,0,13,0,1769878846,2026-02-01 02:31:31
66dc82ef-0aca-11e7-82f6-3863bb44ef7c,17,3,14,40,1,1769930934,2026-02-01 02:31:31
101c813e-02a8-4b6b-bd5d-981c1ea62019,4,2,2,16,1,1769930935,2026-02-01 02:31:31
66db2e3a-0aca-11e7-82f6-3863bb44ef7c,27,20,7,24,1,1769930935,2026-02-01 02:31:31
1815967674683118258,16,2,14,3,1,1769930935,2026-02-01 02:31:31
2124426189188761638,6,5,1,1,1,1769930936,2026-02-01 02:31:31
2121032035614514006,6,0,6,1,1,1769930932,2026-02-01 02:31:31
1835247469495105628,0,0,0,20,1,1769930932,2026-02-01 02:31:31
66de59bd-0aca-11e7-82f6-3863bb44ef7c,15,0,15,2,1,1769930932,2026-02-01 02:31:31
2cd651e7-1e3a-4cd9-8fd1-a2416e032f6e,1,0,1,22,1,1769930932,2026-02-01 02:31:31
66dd18dd-0aca-11e7-82f6-3863bb44ef7c,20,3,17,4,1,1769930933,2026-02-01 02:31:31
c4d6b123-df5a-446d-b0ae-d3c4846565d5,2,1,1,20,1,1769930931,2026-02-01 02:31:31
852218fc-5e5b-4153-bc3f-03760b57e68a,1,0,1,20,1,1769930931,2026-02-01 02:31:31
66dbcf18-0aca-11e7-82f6-3863bb44ef7c,48,2,46,11,1,1769930931,2026-02-01 02:31:31
f882ccc8-45aa-426b-aef6-514fe1d3d9cc,19,1,18,6,1,1769930933,2026-02-01 02:31:31
66dc48ef-0aca-11e7-82f6-3863bb44ef7c,21,20,1,35,1,1769930931,2026-02-01 02:31:31
66dcccfe-0aca-11e7-82f6-3863bb44ef7c,0,0,0,17,1,1769930931,2026-02-01 02:31:31
66de0bcb-0aca-11e7-82f6-3863bb44ef7c,6,1,5,43,1,1769930931,2026-02-01 02:31:31
bb07a569-cc74-439e-b424-916c0304f136,4,1,3,21,1,1769930935,2026-02-01 02:31:31
66db79a3-0aca-11e7-82f6-3863bb44ef7c,30,17,13,5,1,1769930935,2026-02-01 02:31:31
5f2766b0-362e-49e5-ab09-05e2c4b6f626,0,0,0,17,1,1769930941,2026-02-01 02:31:31
1848241963446241866,7,5,2,1,1,1769930941,2026-02-01 02:31:31
66db3708-0aca-11e7-82f6-3863bb44ef7c,28,4,24,3,1,1769930938,2026-02-01 02:31:31
1a083890-e22b-4f81-8d98-567784034916,19,4,15,2,1,1769930938,2026-02-01 02:31:31
66db631c-0aca-11e7-82f6-3863bb44ef7c,27,20,7,20,1,1769930939,2026-02-01 02:31:31
2018303498843153278,13,6,7,12,1,1769930939,2026-02-01 02:31:31
6ca15d94-897a-4c81-ab47-366829afb7c4,6,0,6,16,1,1769930942,2026-02-01 02:31:31
1898455214498195676,0,0,0,20,1,1769930942,2026-02-01 02:31:31
66dd4f31-0aca-11e7-82f6-3863bb44ef7c,7,1,6,17,1,1769930943,2026-02-01 02:31:31
fac701fb-c433-496e-933b-ea137dbe7fe1,1,1,0,16,1,1769930937,2026-02-01 02:31:31
2123939077451327830,8,4,4,3,1,1769930938,2026-02-01 02:31:31
d0b87aa7-7e19-40d2-8f7d-6a622e6ac391,12,4,8,9,1,1769930938,2026-02-01 02:31:31
15e1568b-f502-47a2-9d3d-b5aaa1edc239,17,16,1,3,1,1769930938,2026-02-01 02:31:31
330ee4e3-29cb-48e5-845f-a8ccf1aa2ce6,12,9,3,14,1,1769930940,2026-02-01 02:31:31
66ddea2a-0aca-11e7-82f6-3863bb44ef7c,52,15,37,11,1,1769930940,2026-02-01 02:31:31
9b721468-3b28-429d-9e13-580cdf00a6a4,14,0,14,4,1,1769930940,2026-02-01 02:31:31
1819720453019329398,1,0,1,20,1,1769930940,2026-02-01 02:31:31
0cde9bcd-0dcb-45dc-9c9a-3e5485b5452e,1,1,0,18,1,1769930942,2026-02-01 02:31:31
1860188069348460678,15,1,14,8,1,1769930937,2026-02-01 02:31:31
5e93b806-08e1-4ef9-98ae-d3dda20e0469,2,1,1,16,1,1769930941,2026-02-01 02:31:31
ddc8ca6c-dceb-4603-ab1e-4bd972ca2a3d,7,1,6,6,1,1769930943,2026-02-01 02:31:31
e666a344-1afb-4512-b2e9-2fc5ed71be2b,7,4,3,12,1,1769930943,2026-02-01 02:31:31
0cc38ba1-4625-4821-9a6f-e490525cbce2,2,1,1,14,1,1769930943,2026-02-01 02:31:31
b7df61c0-8ead-46cb-9d6e-a6a3011ffb71,6,5,1,19,1,1769930943,2026-02-01 02:31:31
66dc7659-0aca-11e7-82f6-3863bb44ef7c,48,10,38,58,1,1769930943,2026-02-01 02:31:31
3299ff79-36aa-42ef-b7f1-c40e95c8f570,15,0,15,23,1,1769930943,2026-02-01 02:31:31
14f928c6-9a51-40a2-b7e6-a74e8b351dbf,6,1,5,18,1,1769930946,2026-02-01 02:31:31
b7c6ce96-a24d-4c1e-93ee-6f49c1adf119,5,0,5,10,1,1769930945,2026-02-01 02:31:31
e73cf71b-db05-44f9-b57a-689d65320d68,2,0,2,27,1,1769930946,2026-02-01 02:31:31
a76299eb-73f7-401c-aa8b-edff9ef003bd,4,2,2,25,1,1769930946,2026-02-01 02:31:31
785b3e6b-dab5-4d25-afab-e2a1ef918669,1,1,0,22,1,1769930947,2026-02-01 02:31:31
66dc1e55-0aca-11e7-82f6-3863bb44ef7c,5,2,3,55,1,1769930946,2026-02-01 02:31:31
3f878b81-324e-4673-9221-43d34647e76f,9,0,9,5,1,1769930944,2026-02-01 02:31:31
f752c376-3a6f-4cd3-b9fd-3c049d45a9a6,4,0,4,14,1,1769930944,2026-02-01 02:31:31
dadd2084-d844-46f5-b7a4-128d31eeba8e,0,0,0,16,1,1769930944,2026-02-01 02:31:31
cf284d60-23e7-49ec-91dc-8bfedb59cb6a,15,0,15,2,1,1769930945,2026-02-01 02:31:31
d1c204d7-d575-417d-b134-6ebdf7e99f98,3,1,2,16,1,1769930947,2026-02-01 02:31:31
66dcca0d-0aca-11e7-82f6-3863bb44ef7c,2,0,2,18,1,1769930947,2026-02-01 02:31:31
a1112e04-bc50-4782-b3d6-bb5902c0e8db,4,3,1,16,1,1769930947,2026-02-01 02:31:31
81640d04-c36a-4fb1-98b0-85be10be516c,2,0,2,12,1,1769930947,2026-02-01 02:31:31
66dd43bd-0aca-11e7-82f6-3863bb44ef7c,9,3,6,29,1,1769930944,2026-02-01 02:31:31
ffef95fa-600b-4f08-b2ce-e8eb034ebfd8,5,5,0,19,1,1769930969,2026-02-01 02:31:31
1820420022433309054,16,6,10,0,1,1769930970,2026-02-01 02:31:31
66dcf023-0aca-11e7-82f6-3863bb44ef7c,4,2,2,15,1,1769930970,2026-02-01 02:31:31
a724eb92-55ca-4b9f-9a87-c2e87b3cbd40,1,0,1,19,1,1769930970,2026-02-01 02:31:31
d7f55e1b-12db-49d1-9cd8-4fb464745841,11,0,11,11,1,1769930970,2026-02-01 02:31:31
2010065065442370322,2,1,1,22,1,1769930970,2026-02-01 02:31:31
66dc7de9-0aca-11e7-82f6-3863bb44ef7c,23,12,11,81,1,1769930970,2026-02-01 02:31:31
679dcf08-d88c-4d1b-b81d-fe9f4aabbff7,2,1,1,18,1,1769930970,2026-02-01 02:31:31
1864605659096685518,2,2,0,17,1,1769930971,2026-02-01 02:31:31
66dc85bb-0aca-11e7-82f6-3863bb44ef7c,9,0,9,22,1,1769930971,2026-02-01 02:31:31
1887292564377354448,5,3,2,22,1,1769930971,2026-02-01 02:31:31
2e5cde21-f0a2-4396-899e-6df275e99212,0,0,0,18,1,1769930971,2026-02-01 02:31:31
7f8cb36a-2bf4-4d57-afbd-331310f25355,7,0,7,23,1,1769930971,2026-02-01 02:31:31
66de269c-0aca-11e7-82f6-3863bb44ef7c,13,11,2,19,1,1769930972,2026-02-01 02:31:31
1851254360969534132,0,0,0,22,1,1769930972,2026-02-01 02:31:31
c042a307-2d7d-4ee9-95b7-a7505a3428c2,7,6,1,26,1,1769930972,2026-02-01 02:31:31
a958a8af-a0cc-4bca-9114-93c74ce3c693,4,1,3,18,1,1769930971,2026-02-01 02:31:31
40eaa69a-d3ab-48fc-b395-b5bdc6a1aa85,7,1,6,13,1,1769930972,2026-02-01 02:31:31
5d994b32-b7a5-450d-9bbb-93bf3b03e6d5,1,1,0,15,1,1769930972,2026-02-01 02:31:31
2126579619522812246,8,5,3,1,1,1769930969,2026-02-01 02:31:31
4d674595-187c-417c-a691-676c4446c9fc,10,6,4,3,1,1769930969,2026-02-01 02:31:31
a37bd0e0-d1e9-4302-9ff7-286e415aff1c,14,2,12,1,1,1769930970,2026-02-01 02:31:31
66dc1d0c-0aca-11e7-82f6-3863bb44ef7c,3,2,1,20,1,1769930971,2026-02-01 02:31:31
2127386600787000162,0,0,0,25,1,1769930972,2026-02-01 02:31:31
fe65853e-b20a-4250-9677-2aa177283b72,8,0,8,10,1,1769930968,2026-02-01 02:31:31
db91c9e0-d80b-4cb4-9cc2-9453ec8fbeac,2,0,2,14,1,1769930968,2026-02-01 02:31:31
711ccb32-e1bc-4577-ac7b-50592cc9b8a0,14,0,14,6,1,1769930978,2026-02-01 02:31:31
cc7b86cf-a2fb-4738-b967-de7b197dc930,2,2,0,27,1,1769930979,2026-02-01 02:31:31
66db6d40-0aca-11e7-82f6-3863bb44ef7c,39,36,3,6,1,1769930979,2026-02-01 02:31:31
1934770108420609000,1,0,1,14,1,1769930975,2026-02-01 02:31:31
e982e1cb-7e7b-4769-85b8-565925200654,5,0,5,15,1,1769930975,2026-02-01 02:31:31
1882735457106787122,20,11,9,3,1,1769930976,2026-02-01 02:31:31
1947001743402778700,2,1,1,21,1,1769930976,2026-02-01 02:31:31
52e81f02-b1f9-45d6-9e5c-e15277de1268,3,0,3,19,1,1769930976,2026-02-01 02:31:31
66dd4ac1-0aca-11e7-82f6-3863bb44ef7c,7,2,5,23,1,1769930976,2026-02-01 02:31:31
aa0e6301-4162-428d-8943-7b684089b0d1,6,1,5,11,1,1769930977,2026-02-01 02:31:31
1838070626762830158,3,1,2,16,1,1769930977,2026-02-01 02:31:31
1906951766876655628,2,2,0,27,1,1769930977,2026-02-01 02:31:31
c7ffe3fa-9cd6-4d35-9060-7d5822381442,10,8,2,62,1,1769930977,2026-02-01 02:31:31
66dd20eb-0aca-11e7-82f6-3863bb44ef7c,5,3,2,26,1,1769930977,2026-02-01 02:31:31
1859811213834095332,12,2,10,6,1,1769930973,2026-02-01 02:31:31
9ac5758f-0419-4e28-8387-6bcd28db17fa,7,0,7,8,1,1769930973,2026-02-01 02:31:31
17ba4945-b202-4667-965f-211d80622646,1,0,1,18,1,1769930974,2026-02-01 02:31:31
1854538793462575652,10,6,4,4,1,1769930974,2026-02-01 02:31:31
1861683747231494964,1,0,1,13,1,1769930975,2026-02-01 02:31:31
b03adb87-2bd9-43a5-a822-7d06a9ee2d81,25,1,24,0,1,1769930975,2026-02-01 02:31:31
c56739c2-b310-4d73-ab0e-b6036abd9561,12,0,12,5,1,1769930975,2026-02-01 02:31:31
fb180cce-96ee-4e66-b3ce-000f3db6e670,0,0,0,26,1,1769930975,2026-02-01 02:31:31
a90e9ad3-4347-4fa4-b031-9bf1f69ce049,0,0,0,17,1,1769930975,2026-02-01 02:31:31
66db3997-0aca-11e7-82f6-3863bb44ef7c,22,7,14,48,1,1769930978,2026-02-01 02:31:31
02fb0f6a-b1dc-4e1c-97f8-fe70462670a3,25,1,24,0,1,1769930974,2026-02-01 02:31:31
66dbebad-0aca-11e7-82f6-3863bb44ef7c,20,16,4,12,1,1769930974,2026-02-01 02:31:31
66dde208-0aca-11e7-82f6-3863bb44ef7c,17,16,1,8,1,1769930976,2026-02-01 02:31:31
2132211694027383298,8,2,6,3,1,1769930976,2026-02-01 02:31:31
467e1de6-73a6-480f-9e83-fd1b03b71047,13,2,11,8,1,1769930976,2026-02-01 02:31:31
29223935-a682-411c-9f25-577bbb9804fc,13,0,13,0,1,1769930910,2026-02-01 02:31:31
e1a3f2f9-618f-4727-b2d6-676e02aadf17,8,2,6,10,1,1769930910,2026-02-01 02:31:31
d837d1b0-8f80-4f6c-ae45-5dd0deec6977,10,3,7,8,1,1769930911,2026-02-01 02:31:31
66dc741f-0aca-11e7-82f6-3863bb44ef7c,34,32,2,20,1,1769930913,2026-02-01 02:31:31
2007842506069575758,18,4,14,0,1,1769930913,2026-02-01 02:31:31
cd72b9da-b7c6-4785-92b5-0fb2130f0d7b,7,6,1,15,1,1769930915,2026-02-01 02:31:31
55146e49-9bc4-4f13-bdf7-25422342b638,0,0,0,15,1,1769930915,2026-02-01 02:31:31
81a34754-ae08-47a6-964d-4733849a8fab,0,0,0,28,1,1769930916,2026-02-01 02:31:31
1834145468418707676,11,0,11,6,1,1769930915,2026-02-01 02:31:31
54782566-697b-497e-a503-dc1f39963eb2,12,7,5,13,1,1769930915,2026-02-01 02:31:31
66de542a-0aca-11e7-82f6-3863bb44ef7c,36,0,36,6,1,1769930917,2026-02-01 02:31:31
b64eb0a5-d6d4-4f45-8c9a-e2d004819c99,4,4,0,14,1,1769930911,2026-02-01 02:31:31
48b19cc8-bf45-4602-89ac-a8c0a0560c43,12,3,9,0,1,1769930906,2026-02-01 02:31:31
1786697528321024934,37,0,37,0,1,1769930906,2026-02-01 02:31:31
1841926579628419438,0,0,0,17,1,1769930909,2026-02-01 02:31:31
1848241425697670086,23,2,21,2,1,1769930909,2026-02-01 02:31:31
1846086463217404850,12,3,9,6,1,1769930905,2026-02-01 02:31:31
0ebdda6a-37e4-4ff4-94e8-3947f49d8e24,7,1,6,9,1,1769930905,2026-02-01 02:31:31
1828969726487003714,5,2,3,11,1,1769930907,2026-02-01 02:31:31
a6a132f9-89bf-42a4-afe6-1ca449b7f570,8,5,3,4,1,1769930905,2026-02-01 02:31:31
7f6674c4-5568-4766-b172-0385348ae184,3,3,0,15,1,1769930904,2026-02-01 02:31:31
66db4282-0aca-11e7-82f6-3863bb44ef7c,51,25,26,13,1,1769930904,2026-02-01 02:31:31
55ccb271-7035-422e-bee1-20e84caa0217,22,4,18,22,1,1769930904,2026-02-01 02:31:31
4a4c7548-2466-48ef-8d7e-0aa4d6acb69e,1,0,1,13,1,1769930901,2026-02-01 02:31:31
afd76a0e-ceb8-4d18-a427-b378c4d07a75,19,1,18,2,1,1769930924,2026-02-01 02:31:31
f54ad1f8-fe58-49ac-82ae-b742aec66829,53,45,8,15,1,1769930924,2026-02-01 02:31:31
8f672aa7-08a1-4fe2-a471-06f219c0eb1b,4,1,3,10,1,1769930925,2026-02-01 02:31:31
b1e496f1-43cf-48d0-be49-ab0d760c00bf,0,0,0,25,1,1769930925,2026-02-01 02:31:31
1814900752968579218,13,0,13,7,1,1769930925,2026-02-01 02:31:31
1849008925260421550,14,3,11,1,1,1769930925,2026-02-01 02:31:31
4168e5a4-c7ec-4045-bfc8-84ac5edbe845,27,18,8,2,1,1769930925,2026-02-01 02:31:31
94bcf812-5cff-460c-841f-54876ed1e7a4,0,0,0,18,1,1769930926,2026-02-01 02:31:31
66de4f9c-0aca-11e7-82f6-3863bb44ef7c,12,3,9,5,1,1769930924,2026-02-01 02:31:31
1845677022981917240,4,0,4,11,1,1769930929,2026-02-01 02:31:31
66ddb6d9-0aca-11e7-82f6-3863bb44ef7c,46,10,36,15,1,1769930929,2026-02-01 02:31:31
1860187430946456420,0,0,0,18,1,1769930929,2026-02-01 02:31:31
1846085533896197012,11,0,11,0,1,1769930929,2026-02-01 02:31:31
7f1b4c40-d9fa-4182-be0e-a993655cfb6f,1,0,1,3,1,1769930926,2026-02-01 02:31:31
1817432954560889524,4,0,4,12,1,1769930926,2026-02-01 02:31:31
66de1bc3-0aca-11e7-82f6-3863bb44ef7c,0,0,0,49,1,1769930927,2026-02-01 02:31:31
0927e331-866f-4d99-99b4-04edde99117a,1,0,1,34,1,1769930928,2026-02-01 02:31:31
7a15d81b-357e-42e0-b208-93ffd562fd63,4,4,0,22,1,1769930953,2026-02-01 02:31:31
1860189190334925058,2,0,2,17,1,1769930954,2026-02-01 02:31:31
1834145868297717964,5,0,5,14,1,1769930954,2026-02-01 02:31:31
66de3fde-0aca-11e7-82f6-3863bb44ef7c,2,2,0,20,1,1769930954,2026-02-01 02:31:31
1804894168423871442,14,1,13,8,1,1769930955,2026-02-01 02:31:31
31f340f3-3201-449e-b017-a26813aa448f,1,1,0,17,1,1769930952,2026-02-01 02:31:31
2142879485385917038,3,0,3,25,1,1769930952,2026-02-01 02:31:31
1880643497376459348,8,7,1,13,1,1769930953,2026-02-01 02:31:31
0197e9da-ae03-40a7-8270-fe500bfc9e18,1,0,1,15,1,1769930953,2026-02-01 02:31:31
2104278402820534724,17,0,17,14,1,1769930951,2026-02-01 02:31:31
c29c9178-bcb1-4c0c-b789-f4a89512a4e4,3,1,2,14,1,1769930952,2026-02-01 02:31:31
66dc8768-0aca-11e7-82f6-3863bb44ef7c,5,3,2,33,1,1769930950,2026-02-01 02:31:31
22e38a04-e70d-4484-bbf3-f6e8c64fdbd4,7,1,6,13,1,1769930951,2026-02-01 02:31:31
0e5be726-2452-42a0-9be8-ea85c8408e4c,0,0,0,20,1,1769930950,2026-02-01 02:31:31
66dbcdfc-0aca-11e7-82f6-3863bb44ef7c,1,0,1,53,1,1769930951,2026-02-01 02:31:31
66dcbf69-0aca-11e7-82f6-3863bb44ef7c,1,0,1,17,1,1769930948,2026-02-01 02:31:31
1849009534951225816,2,0,2,13,1,1769930948,2026-02-01 02:31:31
79399e32-a6c6-4732-8ad4-9f9140a86b21,9,2,7,8,1,1769930948,2026-02-01 02:31:31
d946ce73-5487-4ab7-b429-cf873e9af5b5,14,1,13,3,1,1769930949,2026-02-01 02:31:31
66db7a0d-0aca-11e7-82f6-3863bb44ef7c,28,14,14,8,1,1769930950,2026-02-01 02:31:31
1786687245202023014,0,0,0,1,0,1769556416,2026-02-01 02:31:31
66dd51e6-0aca-11e7-82f6-3863bb44ef7c,3,2,1,73,1,1769930950,2026-02-01 02:31:31
1865017865553426604,9,1,8,5,1,1769930950,2026-02-01 02:31:31
daefc84c-1b16-4220-8e1f-10ea4866fdc7,52,42,10,46,1,1769930952,2026-02-01 02:31:31
36025f2c-ee4d-4c1a-832d-733cf37f98ef,1,1,0,26,1,1769930951,2026-02-01 02:31:31
66dca682-0aca-11e7-82f6-3863bb44ef7c,20,9,11,37,1,1769930960,2026-02-01 02:31:31
1817432233006383832,14,0,14,5,1,1769930960,2026-02-01 02:31:31
d52d4171-fd60-4a28-b7e2-89f3693e0591,9,0,9,6,1,1769930960,2026-02-01 02:31:31
9b4a92ae-cefe-467a-8e35-5ce02d4f3a45,7,0,7,9,1,1769930961,2026-02-01 02:31:31
66de103b-0aca-11e7-82f6-3863bb44ef7c,2,0,2,19,1,1769930955,2026-02-01 02:31:31
1876864480506022446,12,0,12,6,1,1769930955,2026-02-01 02:31:31
b9deb521-41b6-4f8a-ac78-0e58e3977f2c,4,0,4,21,1,1769930955,2026-02-01 02:31:31
7380e377-936d-47d7-8abe-0f666d47465e,1,1,0,19,1,1769930956,2026-02-01 02:31:31
ea9a19a6-acea-4286-a723-b5481c90a3c0,13,0,13,0,1,1769930957,2026-02-01 02:31:31
66db9cc4-0aca-11e7-82f6-3863bb44ef7c,9,1,8,26,1,1769930957,2026-02-01 02:31:31
c02864f0-2611-440b-98f4-45fddfd545fe,17,1,16,0,1,1769930957,2026-02-01 02:31:31
2436e886-dc53-47cb-8733-d663f9dcd922,4,0,4,14,1,1769930959,2026-02-01 02:31:31
66dd4bf7-0aca-11e7-82f6-3863bb44ef7c,5,0,5,33,1,1769930959,2026-02-01 02:31:31
3db2fa34-0b56-4644-9ae9-bbee1583e717,5,0,5,17,1,1769930959,2026-02-01 02:31:31
a82cc641-0926-4a63-b488-7060ab7dcd74,1,0,1,30,1,1769930959,2026-02-01 02:31:31
2123939659270367896,6,2,4,9,1,1769930957,2026-02-01 02:31:31
1854255035042870020,11,0,11,4,1,1769930958,2026-02-01 02:31:31
5f7ac86c-1a98-4603-8749-4bb83ac84acd,21,16,5,25,1,1769930958,2026-02-01 02:31:31
c45aa693-fedd-478f-ade9-bf176c4e32ff,7,1,6,10,1,1769930959,2026-02-01 02:31:31
426862de-f8f2-4967-ba41-76680a4b460c,1,1,0,17,1,1769930959,2026-02-01 02:31:31
87091002-cc25-452a-b5d9-f8d0c3fce422,4,4,0,21,1,1769930959,2026-02-01 02:31:31
b7d7543b-74ac-4a48-a3c4-412f9ffbc727,9,0,9,13,1,1769930959,2026-02-01 02:31:31
3bf69f3e-23f6-4abe-b5fe-dabe6b0ea066,4,2,2,17,1,1769930955,2026-02-01 02:31:31
2b33334b-243c-4a16-a6d2-32304c8884f1,1,1,0,15,1,1769930956,2026-02-01 02:31:31
66db33fc-0aca-11e7-82f6-3863bb44ef7c,43,37,6,11,1,1769930960,2026-02-01 02:31:31
66dc481a-0aca-11e7-82f6-3863bb44ef7c,48,27,21,6,1,1769930957,2026-02-01 02:31:31
1843486189591985058,3,0,3,16,1,1769930963,2026-02-01 02:31:31
39f756c2-3904-463e-95a8-8d8e3540e845,26,4,22,30,1,1769930964,2026-02-01 02:31:31
fea72f55-d296-47af-9446-149688dcccbd,1,0,1,17,1,1769930963,2026-02-01 02:31:31
2121032708855884414,8,2,6,6,1,1769930964,2026-02-01 02:31:31
50575cba-95ac-4134-9da1-3eec8253afc4,2,1,1,30,1,1769930964,2026-02-01 02:31:31
2111353842893366258,18,5,13,13,1,1769930965,2026-02-01 02:31:31
6651fc84-09d1-4cdb-a8d5-7d6345fb3466,8,0,8,7,1,1769930966,2026-02-01 02:31:31
94771406-6712-4508-9392-11e9d90e1185,11,4,7,1,1,1769930962,2026-02-01 02:31:31
956de8aa-9e06-4efb-8eb0-35fe9b274a48,11,11,0,7,1,1769930961,2026-02-01 02:31:31
b319c797-71ff-490c-b965-ba2ac0f50da0,1,0,1,18,1,1769930961,2026-02-01 02:31:31
c37931bb-8571-4671-a9a8-f3cf23897680,42,11,31,31,1,1769930958,2026-02-01 02:31:31
66dc9223-0aca-11e7-82f6-3863bb44ef7c,6,4,2,78,1,1769930962,2026-02-01 02:31:31
66dc22a7-0aca-11e7-82f6-3863bb44ef7c,14,9,5,22,1,1769930962,2026-02-01 02:31:31
bd30f2a1-38ec-474d-9e36-07f688e87427,10,0,10,6,1,1769930963,2026-02-01 02:31:31
66dd266a-0aca-11e7-82f6-3863bb44ef7c,3,2,1,28,1,1769930963,2026-02-01 02:31:31
d8e02e7b-632b-4fbe-95b9-80efa47473e3,3,3,0,16,1,1769930964,2026-02-01 02:31:31
8456b63c-37c6-49a6-8c02-bb6dcfc35041,9,5,4,6,1,1769930965,2026-02-01 02:31:31
1202a491-9f76-4609-9b5c-eb7723ab5b45,3,0,3,8,1,1769930965,2026-02-01 02:31:31
66dc24b8-0aca-11e7-82f6-3863bb44ef7c,18,4,14,45,1,1769930965,2026-02-01 02:31:31
1838071090619298218,9,5,4,11,1,1769930967,2026-02-01 02:31:31
9e0b3452-ef6d-4e94-8c05-7bef199cdb74,3,2,1,13,1,1769930967,2026-02-01 02:31:31
80969478-8dbc-42e1-8e16-ac0132a431c2,23,0,23,0,1,1769930967,2026-02-01 02:31:31
e10a6e12-d98c-4625-940a-9f83d9b2f6c4,15,0,15,1,1,1769930966,2026-02-01 02:31:31
1838685618105506490,0,0,0,18,1,1769930966,2026-02-01 02:31:31
8f72fe26-98aa-4e87-a612-9ae0eb1d9a38,9,2,7,6,1,1769930967,2026-02-01 02:31:31
1945126257666675246,4,2,2,11,1,1769930985,2026-02-01 02:31:31
7a771842-c090-4da1-8c13-72b7f4f50a87,16,4,12,12,1,1769930985,2026-02-01 02:31:31
66dce4fc-0aca-11e7-82f6-3863bb44ef7c,10,0,10,15,1,1769930985,2026-02-01 02:31:31
2124037656159914878,2,0,2,7,1,1769930985,2026-02-01 02:31:31
66db6889-0aca-11e7-82f6-3863bb44ef7c,15,5,10,14,1,1769930981,2026-02-01 02:31:31
eb8fcff2-6f58-4724-b564-ebc9a8d374d8,14,0,14,4,1,1769930982,2026-02-01 02:31:31
1880643915885220532,0,0,0,25,1,1769930982,2026-02-01 02:31:31
1975559886658995034,0,0,0,23,1,1769930982,2026-02-01 02:31:31
923a60f7-2a0e-4a31-8dd5-66c8518c929e,1,0,1,15,1,1769930982,2026-02-01 02:31:31
1198e739-787c-4ce4-aa63-ffaf98506e9c,4,3,1,57,1,1769930980,2026-02-01 02:31:31
bf317efc-13f1-42be-8243-373a29354033,0,0,0,23,1,1769930981,2026-02-01 02:31:31
753591ba-36f7-4ded-ab7d-40df9994a05f,3,0,3,20,1,1769930981,2026-02-01 02:31:31
fec4aa1b-9fc1-4dd9-ab39-c1d7370a6e54,5,1,4,14,1,1769930981,2026-02-01 02:31:31
6908ae75-b9a1-4f20-b192-95dc43e858a8,4,0,4,12,1,1769930981,2026-02-01 02:31:31
989fdf95-cfb9-475c-ba0c-3152fd3a16e0,9,8,1,1,1,1769930983,2026-02-01 02:31:31
1a5eae13-8f27-4875-8330-a796c95f8ad6,0,0,0,17,1,1769930983,2026-02-01 02:31:31
5600446d-a00a-45e6-9dc3-550adfd63e39,1,1,0,15,1,1769930983,2026-02-01 02:31:31
f06c01c3-fd7f-443c-a0c7-fc9233d77f6a,1,1,0,20,1,1769930980,2026-02-01 02:31:31
1828967346753327602,7,1,6,9,1,1769930983,2026-02-01 02:31:31
f72a253f-3cef-4da8-9591-0cbd3a692162,10,6,4,28,1,1769930984,2026-02-01 02:31:31
d11db4cd-f9bf-430b-ac19-104fef323b24,3,3,0,15,1,1769930980,2026-02-01 02:31:31
2126623199408050430,4,0,4,9,1,1769930980,2026-02-01 02:31:31
1862759079900600428,2,2,0,15,1,1769930981,2026-02-01 02:31:31
a23a40c3-6da5-4b0f-bb6b-8bfc01ec2261,7,0,7,11,1,1769930986,2026-02-01 02:31:31
6a52ceae-3b97-487a-9438-de844bfbf1c2,2,0,2,9,1,1769930986,2026-02-01 02:31:31
66db6da2-0aca-11e7-82f6-3863bb44ef7c,39,21,18,5,1,1769930986,2026-02-01 02:31:31
66db89a3-0aca-11e7-82f6-3863bb44ef7c,57,0,57,1,1,1769930986,2026-02-01 02:31:31
380394f7-64fa-4a65-a4d1-7bcaddd41fab,2,0,2,17,1,1769930986,2026-02-01 02:31:31
03872f6b-a522-4c41-a4f2-5d0c41779e7b,3,1,2,16,1,1769930987,2026-02-01 02:31:31
324af152-33ea-48a7-8bb0-ad8b6f31571f,22,6,16,4,1,1769930987,2026-02-01 02:31:31
66dc9143-0aca-11e7-82f6-3863bb44ef7c,15,5,10,15,1,1769930987,2026-02-01 02:31:31
2868db5b-df51-4c36-8515-ef77a5b092c2,12,2,10,1,1,1769930987,2026-02-01 02:31:31
c0a2d591-4eed-488b-b88b-0b23990e3756,15,0,15,3,1,1769930987,2026-02-01 02:31:31
66ddbd20-0aca-11e7-82f6-3863bb44ef7c,77,63,13,12,1,1769930988,2026-02-01 02:31:31
1843486667668726558,15,0,15,1,1,1769930988,2026-02-01 02:31:31
66ddef96-0aca-11e7-82f6-3863bb44ef7c,32,7,25,4,1,1769930989,2026-02-01 02:31:31
760ebaea-f7c7-45ad-aa3b-395d97adcf8f,7,1,6,13,1,1769930990,2026-02-01 02:31:31
4775fd25-2240-44d7-884a-d777d15a9b5e,3,2,1,16,1,1769930990,2026-02-01 02:31:31
1945125910957847430,8,1,7,4,1,1769930990,2026-02-01 02:31:31
48e7e465-f861-452a-9bf7-7eacd0b2bcac,19,2,17,0,1,1769930990,2026-02-01 02:31:31
94624d6e-4150-4ab1-92ff-bf55cb58ab61,0,0,0,18,1,1769930990,2026-02-01 02:31:31
1836581441921155232,3,1,2,11,1,1769930988,2026-02-01 02:31:31
66dc9068-0aca-11e7-82f6-3863bb44ef7c,3,0,3,61,1,1769930989,2026-02-01 02:31:31
2124425670552673214,1,0,1,11,1,1769930989,2026-02-01 02:31:31
66dc3f08-0aca-11e7-82f6-3863bb44ef7c,33,20,13,44,1,1769930989,2026-02-01 02:31:31
1835249317786962140,2,1,1,24,1,1769930986,2026-02-01 02:31:31
2098359443836787630,5,2,3,65,1,1769930987,2026-02-01 02:31:31
9a37d8a1-990b-484c-9603-262dbd1165cc,3,2,1,16,1,1769930987,2026-02-01 02:31:31
1814900898997467540,6,0,6,9,1,1769930987,2026-02-01 02:31:31
e6c2a46e-431a-4101-af84-870f660ff4cb,16,1,15,47,1,1769930991,2026-02-01 02:31:31
0eacb768-c7d5-4499-9182-9a1331d9280c,23,0,23,1,1,1769930992,2026-02-01 02:31:31
d08be53f-9691-4d6f-81f3-7d052abb7dd6,2,2,0,16,1,1769930992,2026-02-01 02:31:31
1786696564295760054,6,3,3,17,1,1769930992,2026-02-01 02:31:31
40914c6b-293d-49ac-b83a-d9d4af998aea,3,0,3,14,1,1769930992,2026-02-01 02:31:31
3ff00115-e8da-4326-97d3-7bf4fe4df7a5,0,0,0,20,1,1769930992,2026-02-01 02:31:31
9b7e3b8b-97ef-4038-820c-7cd1c1a34fc7,10,2,8,13,1,1769930991,2026-02-01 02:31:31
1833865926273309136,14,10,4,42,1,1769930993,2026-02-01 02:31:31
66db479e-0aca-11e7-82f6-3863bb44ef7c,15,3,12,18,1,1769930992,2026-02-01 02:31:31
1885718199416500650,9,0,9,11,1,1769930993,2026-02-01 02:31:31
1851674088959433552,2,1,1,14,1,1769930993,2026-02-01 02:31:31
66db8ca4-0aca-11e7-82f6-3863bb44ef7c,29,6,23,26,1,1769930993,2026-02-01 02:31:31
2121032973750651666,2,0,2,8,1,1769930993,2026-02-01 02:31:31
ccaadb70-6c87-4ccc-9914-a3167bd1bc0e,7,4,3,26,1,1769930993,2026-02-01 02:31:31
2121032193446634360,4,0,4,4,1,1769930994,2026-02-01 02:31:31
514f3dda-4d08-464c-b2d4-5706d400065a,1,0,1,12,1,1769930993,2026-02-01 02:31:31
bdcbd89b-9ae0-461b-aa1d-7db7ead07400,19,0,19,1,1,1769930994,2026-02-01 02:31:31
1843486597735840252,16,1,15,4,1,1769930994,2026-02-01 02:31:31
1908785111291682996,10,3,7,6,1,1769930994,2026-02-01 02:31:31
e2fc6d90-8deb-4e21-961d-9d5208c1f986,13,0,13,7,1,1769930994,2026-02-01 02:31:31
66db65aa-0aca-11e7-82f6-3863bb44ef7c,47,28,19,18,1,1769930995,2026-02-01 02:31:31
e72f0aec-2293-4636-988c-b9d30df092f8,24,7,16,9,1,1769930996,2026-02-01 02:31:31
b30815c0-99b6-451b-be15-902992cb8abb,36,19,17,3,1,1769930996,2026-02-01 02:31:31
b47e5ffd-4215-4476-a89b-ebe52111f763,30,2,28,6,1,1769930995,2026-02-01 02:31:31
3f031133-ec95-4a92-9d63-2ae28183f498,4,2,2,11,1,1769930995,2026-02-01 02:31:31
1817431953833509324,4,3,1,15,1,1769930995,2026-02-01 02:31:31
1814907062275537820,13,0,13,11,1,1769930995,2026-02-01 02:31:31
1815968422007427668,4,1,3,12,1,1769930996,2026-02-01 02:31:31
1828964993433043090,11,1,10,4,1,1769930996,2026-02-01 02:31:31
1843486390605672640,6,0,6,15,1,1769930996,2026-02-01 02:31:31
4543214c-c9d4-4f20-9cd9-dd05cc365931,5,1,4,30,1,1769930996,2026-02-01 02:31:31
4f57360d-a4cb-4568-b74a-f3086ccaee2e,4,2,2,15,1,1769930996,2026-02-01 02:31:31
66dcf640-0aca-11e7-82f6-3863bb44ef7c,18,1,17,0,1,1769930997,2026-02-01 02:31:31
ebce9ecb-9678-4c42-89d7-08e54bc6fe90,0,0,0,17,1,1769930996,2026-02-01 02:31:31
868586b3-ddc7-4b4b-9bed-a1e487033aaa,27,2,25,14,1,1769930997,2026-02-01 02:31:31
145bbc0d-8976-45ae-9565-158ba564d3d1,19,1,18,2,1,1769930997,2026-02-01 02:31:31
66dc864c-0aca-11e7-82f6-3863bb44ef7c,15,4,11,9,1,1769930997,2026-02-01 02:31:31
c9cd8c29-7f0b-4979-9a0e-bec4613d2600,1,0,0,20,1,1769930997,2026-02-01 02:31:31
c0a3b8fe-ba64-4cbb-b010-f760998d6c3a,4,3,1,13,1,1769930998,2026-02-01 02:31:31
2009671276352543716,0,0,0,14,1,1769930997,2026-02-01 02:31:31
1814906873296976512,0,0,0,18,1,1769930998,2026-02-01 02:31:31
85ba92ab-8d0a-4d17-9d07-0173e16d3b6d,4,0,4,14,1,1769930998,2026-02-01 02:31:31
9e014047-d675-418b-a03c-84d974a25134,1,0,1,29,1,1769930998,2026-02-01 02:31:31
1786375597504305174,32,13,19,4,1,1769930998,2026-02-01 02:31:31
2121033322026834516,10,0,10,3,1,1769930998,2026-02-01 02:31:31
1820420224296772166,12,9,3,6,1,1769930999,2026-02-01 02:31:31
1875023224873448258,10,1,9,5,1,1769930999,2026-02-01 02:31:31
8d2eff37-be09-4b46-a95d-abff89e16d56,7,1,6,10,1,1769930998,2026-02-01 02:31:31
1958457675193833900,6,4,2,16,1,1769930999,2026-02-01 02:31:31
66dc7a7d-0aca-11e7-82f6-3863bb44ef7c,0,0,0,0,0,1760532172,2026-02-01 02:31:31
66db473c-0aca-11e7-82f6-3863bb44ef7c,0,0,0,3,0,1768246235,2026-02-01 02:31:31
dc8223ad-4108-40a8-9ff5-35e8490b4077,0,0,0,0,0,86400,2026-02-01 02:31:31
2004153375425087884,0,0,0,0,0,86400,2026-02-01 02:31:31
2171904090179944948,0,0,0,0,0,86400,2026-02-01 02:31:31
2177013822218302292,0,0,0,0,0,86400,2026-02-01 02:31:31
2177013981286744096,0,0,0,0,0,86400,2026-02-01 02:31:31
2177017749848514898,0,0,0,0,0,86400,2026-02-01 02:31:31
2177016343889563330,0,0,0,0,0,86400,2026-02-01 02:31:31
2177016064191230822,0,0,0,0,0,86400,2026-02-01 02:31:31
2171902875345687974,0,0,0,0,0,86400,2026-02-01 02:31:31
2171902770580328596,0,0,0,0,0,86400,2026-02-01 02:31:31
66dd1846-0aca-11e7-82f6-3863bb44ef7c,0,0,0,1,0,1769916621,2026-02-01 02:31:31
45e8c326-b12d-4be6-b040-bb6de9986d25,0,0,0,6,0,1769806128,2026-02-01 02:31:31
d34f2271-10ee-40c3-a93a-09df58860512,0,0,0,11,0,1769858396,2026-02-01 02:31:31
ba0a4ada-c9f6-48b4-a7b3-7220f6fb88c2,0,0,0,20,0,1769784952,2026-02-01 02:31:31
ccfa8b82-07a7-4a08-88fc-be261c30a4ca,0,0,0,19,0,1769860969,2026-02-01 02:31:31
66dda55f-0aca-11e7-82f6-3863bb44ef7c,0,0,0,17,0,1769918437,2026-02-01 02:31:31
1846086665080867236,7,0,7,9,1,1769930643,2026-02-01 02:31:31
90c35466-db3c-4b0d-993e-6e92883773b4,52,39,13,11,1,1769930868,2026-02-01 02:31:31
ad17bd9a-735b-4a11-8ad3-dc7800e342af,13,4,9,12,1,1769930878,2026-02-01 02:31:31
1828968794479100296,7,0,7,9,1,1769930879,2026-02-01 02:31:31
b506be9e-45d3-43d1-a262-27d8fa91e974,11,2,9,12,1,1769930877,2026-02-01 02:31:31
82dd89f6-1e5a-4a8f-8660-13cb64349e94,6,0,6,11,1,1769930882,2026-02-01 02:31:31
203d7b9a-8666-4af1-81c7-f9fc36aa0952,0,0,0,16,1,1769930882,2026-02-01 02:31:31
66db8d89-0aca-11e7-82f6-3863bb44ef7c,27,22,5,13,1,1769930882,2026-02-01 02:31:31
66dc0cc7-0aca-11e7-82f6-3863bb44ef7c,4,3,0,37,1,1769930880,2026-02-01 02:31:31
284b08f2-3d26-4f52-9463-25e4a07c16f7,7,4,3,19,1,1769930880,2026-02-01 02:31:31
66ddd369-0aca-11e7-82f6-3863bb44ef7c,38,29,9,5,1,1769930881,2026-02-01 02:31:31
7a8b474b-7577-4316-a192-d57576d194a3,5,3,2,10,1,1769930881,2026-02-01 02:31:31
b0239a13-649a-4d31-aa04-56b8aaeba4d4,1,0,1,15,1,1769930881,2026-02-01 02:31:31
85b77b8d-32b8-4049-a407-64319916e2c5,0,0,0,18,1,1769930881,2026-02-01 02:31:31
8b1222da-612f-4482-ab34-9467c4ed28e3,6,0,6,13,1,1769930881,2026-02-01 02:31:31
648e09b6-95c2-40d3-9dac-a43f22eccf38,2,1,1,22,1,1769930883,2026-02-01 02:31:31
1875433315773395778,6,3,3,24,1,1769930882,2026-02-01 02:31:31
1828969112306680612,12,7,5,6,1,1769930884,2026-02-01 02:31:31
d3f51f51-7e51-4c75-8600-d76916608707,4,2,2,24,1,1769930883,2026-02-01 02:31:31
fe93b3ae-1d86-4ee9-9eb6-9e11808966aa,0,0,0,16,0,1769877782,2026-02-01 02:31:31
ad41e353-033e-484f-8d76-78014e11e9d7,0,0,0,15,0,1769848017,2026-02-01 02:31:31
d7904cd0-4b1b-47d0-8103-937bcf5ff845,0,0,0,2,0,1769820127,2026-02-01 02:31:31
66dcfaf6-0aca-11e7-82f6-3863bb44ef7c,0,0,0,6,0,1769847747,2026-02-01 02:31:31
66dd41ef-0aca-11e7-82f6-3863bb44ef7c,10,9,1,29,1,1769930824,2026-02-01 02:31:31
66db4671-0aca-11e7-82f6-3863bb44ef7c,12,9,3,18,1,1769930892,2026-02-01 02:31:31
1869753812884512816,3,2,1,15,1,1769930892,2026-02-01 02:31:31
2366d8a4-7a49-42f3-9afe-efd2b200336b,8,3,5,12,1,1769930892,2026-02-01 02:31:31
b9d3134b-697f-4a0f-b90f-d95f6c69ffda,1,0,1,17,1,1769930896,2026-02-01 02:31:31
6a9b19e3-cd69-4e0c-9b28-1889db936c7c,2,0,2,15,1,1769930891,2026-02-01 02:31:31
582cd775-0178-47f5-b707-6d5869f077ba,8,0,8,20,1,1769930891,2026-02-01 02:31:31
59ad8f95-32a4-43de-b1c3-79c667b2d2df,2,2,0,25,1,1769930891,2026-02-01 02:31:31
1885439359712500016,0,0,0,23,1,1769930894,2026-02-01 02:31:31
66dea674-0aca-11e7-82f6-3863bb44ef7c,7,1,6,11,1,1769930896,2026-02-01 02:31:31
93c28953-7e65-436e-9c5a-9d7ca0e3729f,4,3,1,18,1,1769930897,2026-02-01 02:31:31
df243d7f-e6ae-435c-9895-aecbcff9cada,20,13,7,7,1,1769930896,2026-02-01 02:31:31
2022386456542683974,21,0,21,9,1,1769930885,2026-02-01 02:31:31
66dd2208-0aca-11e7-82f6-3863bb44ef7c,2,1,1,37,1,1769930890,2026-02-01 02:31:31
66dea596-0aca-11e7-82f6-3863bb44ef7c,2,1,1,19,1,1769930890,2026-02-01 02:31:31
1860187181307969634,15,0,15,3,1,1769930888,2026-02-01 02:31:31
dad3b7df-ec40-4d54-bfdb-5e82be84d742,4,3,1,16,1,1769930887,2026-02-01 02:31:31
1861682702044957494,3,2,1,12,1,1769930890,2026-02-01 02:31:31
66dde197-0aca-11e7-82f6-3863bb44ef7c,0,0,0,38,1,1769930884,2026-02-01 02:31:31
1838999521825487230,16,0,16,0,1,1769930898,2026-02-01 02:31:31
40fd82d6-c0e9-4876-adfb-816140ecfc39,8,3,5,9,1,1769930898,2026-02-01 02:31:31
bd1760ad-3af3-4ede-9bd7-c8fbf46d7192,3,2,1,14,1,1769930899,2026-02-01 02:31:31
66ddee56-0aca-11e7-82f6-3863bb44ef7c,10,7,3,2,1,1769930899,2026-02-01 02:31:31
bb32aad7-8308-4ff8-b073-d5b518ffdd09,1,1,0,32,1,1769930899,2026-02-01 02:31:31
66dbc551-0aca-11e7-82f6-3863bb44ef7c,9,5,4,36,1,1769930897,2026-02-01 02:31:31
66dc259a-0aca-11e7-82f6-3863bb44ef7c,7,6,1,73,1,1769930898,2026-02-01 02:31:31
724aeecc-8c91-4afc-b97c-72a98de452c9,0,0,0,16,1,1769930899,2026-02-01 02:31:31
66de5773-0aca-11e7-82f6-3863bb44ef7c,3,0,3,9,1,1769930900,2026-02-01 02:31:31
2687f2e1-3529-464d-82eb-e4f61440c563,5,3,2,10,1,1769930900,2026-02-01 02:31:31
2124382079594320876,6,3,3,5,1,1769930901,2026-02-01 02:31:31
1848242216849312578,7,1,6,9,1,1769930902,2026-02-01 02:31:31
e5b2a7ce-d867-465b-8446-743e00617068,3,1,2,16,1,1769930897,2026-02-01 02:31:31
e8a6c13b-1f6e-4e6b-bdf8-9b0e597e4a62,16,1,15,6,1,1769930908,2026-02-01 02:31:31
1964061627836181486,13,11,2,67,1,1769930906,2026-02-01 02:31:31
9a52fbc1-d87a-4a65-941d-12fd55dbcdde,16,0,16,0,1,1769930907,2026-02-01 02:31:31
66dea6e1-0aca-11e7-82f6-3863bb44ef7c,7,1,6,52,1,1769930904,2026-02-01 02:31:31
ca4e4962-2169-4559-8f60-b05ab7809750,11,2,9,10,1,1769930904,2026-02-01 02:31:31
5dc8ddac-979e-4ae5-b879-3670cca7482d,2,0,2,18,1,1769930903,2026-02-01 02:31:31
55f6b830-e43e-4227-bfc7-683465236d94,2,1,1,40,1,1769930904,2026-02-01 02:31:31
e2b28abd-07a4-4552-ad17-abf155aff28a,0,0,0,20,1,1769930905,2026-02-01 02:31:31
4b67c6e0-d603-4fbc-afbe-0b8952f4f7af,15,0,15,13,1,1769930909,2026-02-01 02:31:31
0dc63044-e19c-474d-9df1-c3e504d03b07,0,0,0,42,1,1769930909,2026-02-01 02:31:31
66dc1c5c-0aca-11e7-82f6-3863bb44ef7c,8,7,1,63,1,1769930910,2026-02-01 02:31:31
a33a2d11-33a5-46ad-a086-5698ac17b7b4,25,7,18,1,1,1769930911,2026-02-01 02:31:31
36edabac-a0c2-471b-abaf-73fdb53a4e5f,5,3,2,14,1,1769930909,2026-02-01 02:31:31
66dded7a-0aca-11e7-82f6-3863bb44ef7c,2,0,2,26,1,1769930912,2026-02-01 02:31:31
bbaae5d3-7e2b-46a8-872e-152404c664f7,18,0,18,6,1,1769930912,2026-02-01 02:31:31
66de5ace-0aca-11e7-82f6-3863bb44ef7c,11,5,6,7,1,1769930913,2026-02-01 02:31:31
66dcbbfe-0aca-11e7-82f6-3863bb44ef7c,2,0,2,9,1,1769930913,2026-02-01 02:31:31
fa14408f-6e88-4668-86ee-ce10ea707f36,43,10,33,17,1,1769930910,2026-02-01 02:31:31
bfbd1f09-afd2-49d2-8674-3a07b3c929a4,12,7,5,4,1,1769930913,2026-02-01 02:31:31
0f536c08-dde3-40af-a66d-1fe1e7edecd2,1,0,1,16,1,1769930911,2026-02-01 02:31:31
c809158b-ca8f-4a77-a800-8ee9d287c056,1,0,1,17,1,1769930915,2026-02-01 02:31:31
9092515e-eef6-478f-910f-1cd19d06bebb,13,0,13,17,1,1769930914,2026-02-01 02:31:31
dfad8e49-7e1b-4376-90b4-7a449319f294,1,1,0,19,1,1769930915,2026-02-01 02:31:31
66dc76cd-0aca-11e7-82f6-3863bb44ef7c,16,12,4,17,1,1769930915,2026-02-01 02:31:31
344b52b0-73a9-4fe3-9132-23d0502dc0ae,3,1,2,13,1,1769930917,2026-02-01 02:31:31
1860188194745712748,15,0,15,3,1,1769930917,2026-02-01 02:31:31
66dde8ac-0aca-11e7-82f6-3863bb44ef7c,2,2,0,33,1,1769930918,2026-02-01 02:31:31
3c8847a6-c12a-40fd-9b22-4582ac1a0d9d,15,14,1,7,1,1769930914,2026-02-01 02:31:31
1828967607558607844,1,0,1,15,1,1769930914,2026-02-01 02:31:31
67f60e7e-397a-4e47-b7f9-d10bd67133b3,2,0,2,46,1,1769930914,2026-02-01 02:31:31
66dd448f-0aca-11e7-82f6-3863bb44ef7c,18,16,2,18,1,1769930914,2026-02-01 02:31:31
1815967159287043052,10,1,9,13,1,1769930918,2026-02-01 02:31:31
be2bdee1-e3e9-45cc-94f0-2ba81a722ba3,8,4,4,9,1,1769930919,2026-02-01 02:31:31
e0b80983-c520-47e3-9c8d-a17fff5e5582,14,0,14,3,1,1769930919,2026-02-01 02:31:31
547cdccc-7864-4898-97c9-8798d924ef54,36,28,8,11,1,1769930916,2026-02-01 02:31:31
1869439368558197224,1,0,1,17,1,1769930920,2026-02-01 02:31:31
3c135a2e-eeea-4e81-9c0a-8d14a6049198,9,0,9,9,1,1769930919,2026-02-01 02:31:31
1815968147129520346,0,0,0,20,1,1769930919,2026-02-01 02:31:31
305c221f-4e0b-4a5a-902c-3d1043dfe606,3,2,1,13,1,1769930923,2026-02-01 02:31:31
1d167807-0aa8-413a-b7a0-01c2ca8a6a60,3,0,3,9,1,1769930923,2026-02-01 02:31:31
66dc4599-0aca-11e7-82f6-3863bb44ef7c,7,0,7,6,1,1769930923,2026-02-01 02:31:31
1861681121800951962,14,3,11,4,1,1769930924,2026-02-01 02:31:31
35a5b4d6-2d90-4b60-b68b-03bb60fb1afc,1,1,0,17,1,1769930923,2026-02-01 02:31:31
1869851741257474316,22,0,22,2,1,1769930924,2026-02-01 02:31:31
901cab1a-a77e-424e-b602-16883e792f93,4,0,4,14,1,1769930923,2026-02-01 02:31:31
a4bb6fac-b795-4aa7-a266-613419019290,2,1,1,15,1,1769930924,2026-02-01 02:31:31
ebfafca3-5818-4e6f-8374-98f44a0ca0c6,0,0,0,25,1,1769930919,2026-02-01 02:31:31
0109f17a-2378-4500-9648-88bdb31ec612,30,0,30,0,1,1769930922,2026-02-01 02:31:31
66dbe7b6-0aca-11e7-82f6-3863bb44ef7c,3,3,0,24,1,1769930922,2026-02-01 02:31:31
18fcd2c1-dc8b-4a52-9f18-e9b9003bbea5,17,8,9,16,1,1769930922,2026-02-01 02:31:31
1828969515711812276,6,0,6,2,1,1769930923,2026-02-01 02:31:31
1836581534415880440,2,1,1,24,1,1769930923,2026-02-01 02:31:31
6f21be51-6fde-4cde-b1db-b102a5f67300,14,0,14,2,1,1769930922,2026-02-01 02:31:31
66de867e-0aca-11e7-82f6-3863bb44ef7c,5,1,4,23,1,1769930924,2026-02-01 02:31:31
9a40cb60-6ede-4c9e-9d64-dc55cae57f31,1,0,1,26,1,1769930925,2026-02-01 02:31:31
1851674145014649512,7,2,5,15,1,1769930925,2026-02-01 02:31:31
88e64257-298c-4b8d-8886-77b9b66dcec1,10,5,5,37,1,1769930928,2026-02-01 02:31:31
de6f4206-3aa9-4cb9-aae0-8547d2cd6854,18,1,17,1,1,1769930929,2026-02-01 02:31:31
1828967830172187422,1,0,1,25,1,1769930928,2026-02-01 02:31:31
2576805f-9732-4c74-8f1d-57715e8cdfa2,0,0,0,28,1,1769930929,2026-02-01 02:31:31
787fe4b2-6029-4f71-917e-892479d8d64e,4,0,4,13,1,1769930930,2026-02-01 02:31:31
1848242058183072050,6,0,6,8,1,1769930930,2026-02-01 02:31:31
1786697003367719132,19,2,16,8,1,1769930930,2026-02-01 02:31:31
1938139112487078732,4,2,2,26,1,1769930930,2026-02-01 02:31:31
632b140c-65de-4f50-9cc2-c001ae011aea,3,1,2,54,1,1769930930,2026-02-01 02:31:31
66dce567-0aca-11e7-82f6-3863bb44ef7c,4,0,4,13,1,1769930927,2026-02-01 02:31:31
361dd964-db79-47dd-b044-eac88c735249,1,0,1,19,1,1769930927,2026-02-01 02:31:31
66dd039b-0aca-11e7-82f6-3863bb44ef7c,9,5,4,3,1,1769930928,2026-02-01 02:31:31
1932126716328112534,20,1,19,1,1,1769930931,2026-02-01 02:31:31
66db44e5-0aca-11e7-82f6-3863bb44ef7c,2,0,2,34,1,1769930931,2026-02-01 02:31:31
66dcbe7c-0aca-11e7-82f6-3863bb44ef7c,0,0,0,13,0,1769844461,2026-02-01 02:31:31
1869753195262578852,2,1,1,14,1,1769930931,2026-02-01 02:31:31
66ddede1-0aca-11e7-82f6-3863bb44ef7c,10,6,4,8,1,1769930935,2026-02-01 02:31:31
cad68b8c-6d68-4c5f-88fe-b1aa3e40727a,7,0,7,12,1,1769930935,2026-02-01 02:31:31
1064b4b0-e9c8-4139-ac48-f118305dbe69,2,1,1,21,1,1769930936,2026-02-01 02:31:31
79c4a612-a5df-4814-9e6b-6305da61ebc4,15,0,15,1,1,1769930936,2026-02-01 02:31:31
1b22c037-207d-454a-90aa-8f22d0a8a7e3,15,0,15,6,1,1769930936,2026-02-01 02:31:31
2119506830683992262,39,26,13,2,1,1769930937,2026-02-01 02:31:31
94f77501-32e5-4539-90c6-82d4198f7991,2,0,2,14,1,1769930932,2026-02-01 02:31:31
c2800791-1911-4f2b-8fc7-bed280c557c0,38,33,5,5,1,1769930932,2026-02-01 02:31:31
1862008413697896912,2,1,1,16,1,1769930935,2026-02-01 02:31:31
66dbb869-0aca-11e7-82f6-3863bb44ef7c,6,3,3,12,1,1769930935,2026-02-01 02:31:31
43f3d3c7-46b0-4812-879d-15afe8804c5f,12,4,8,9,1,1769930935,2026-02-01 02:31:31
66dd4b91-0aca-11e7-82f6-3863bb44ef7c,1,1,0,30,1,1769930935,2026-02-01 02:31:31
66db2d2b-0aca-11e7-82f6-3863bb44ef7c,19,8,11,12,1,1769930934,2026-02-01 02:31:31
d7bdc3d7-6e6d-4899-9cc7-f4238a86c695,3,0,3,20,1,1769930936,2026-02-01 02:31:31
66db74a5-0aca-11e7-82f6-3863bb44ef7c,26,2,24,17,1,1769930941,2026-02-01 02:31:31
66db88f5-0aca-11e7-82f6-3863bb44ef7c,10,3,7,21,1,1769930940,2026-02-01 02:31:31
d33261e6-600e-4756-ad03-a9facbd8ace1,0,0,0,5,0,1769799678,2026-02-01 02:31:31
122111c9-9a61-4372-a756-fb2495611cb6,2,1,1,9,1,1769930941,2026-02-01 02:31:31
2127386446510160022,0,0,0,18,0,1769917907,2026-02-01 02:31:31
e4645d0d-8b76-4c46-b2b9-be25592e0659,4,2,2,17,1,1769930941,2026-02-01 02:31:31
db29242d-6ff3-4e22-85fe-45fa3d03ec39,1,1,0,17,1,1769930940,2026-02-01 02:31:31
2144768975813378884,1,1,0,16,1,1769930940,2026-02-01 02:31:31
b94d0241-bce7-44a9-ab1c-ece0740a4134,2,2,0,12,1,1769930941,2026-02-01 02:31:31
9ea2afff-a146-4824-89b6-39d5bdfac795,15,14,1,0,1,1769930941,2026-02-01 02:31:31
5c3c345d-1975-400d-a9d8-18815816886e,17,15,2,24,1,1769930941,2026-02-01 02:31:31
66db3273-0aca-11e7-82f6-3863bb44ef7c,28,20,8,8,1,1769930938,2026-02-01 02:31:31
42032bf9-4599-4035-bc01-c80bec1a7122,1,1,0,19,1,1769930938,2026-02-01 02:31:31
1845676816555735590,10,2,8,10,1,1769930938,2026-02-01 02:31:31
1903998756008763590,4,1,3,43,1,1769930937,2026-02-01 02:31:31
e780c290-0c52-4ab1-9719-a581be789df3,0,0,0,13,1,1769930937,2026-02-01 02:31:31
66de10a8-0aca-11e7-82f6-3863bb44ef7c,0,0,0,11,0,1769926089,2026-02-01 02:31:31
1b985e4b-88de-42a8-95be-dce37dbbc5c5,7,0,7,15,1,1769930942,2026-02-01 02:31:31
3d339282-d5c7-41ec-b634-6a988aefd440,4,2,2,11,1,1769930942,2026-02-01 02:31:31
2026068766494475116,7,4,3,18,1,1769930942,2026-02-01 02:31:31
158e7752-27e2-4912-be0b-eb15405aa096,0,0,0,7,0,1769777946,2026-02-01 02:31:31
b62bcd96-c2db-447c-bdd5-d3c18f174858,8,0,8,9,1,1769930938,2026-02-01 02:31:31
387e2863-83ad-4589-8004-794a7b624801,2,1,1,16,1,1769930942,2026-02-01 02:31:31
66de186f-0aca-11e7-82f6-3863bb44ef7c,8,3,5,16,1,1769930946,2026-02-01 02:31:31
e1886e7a-62b1-4359-9835-8ab5a16371ae,1,0,1,17,1,1769930947,2026-02-01 02:31:31
1d130e43-0408-4423-bb52-77a08372cefa,2,2,0,24,1,1769930947,2026-02-01 02:31:31
1860188907884823208,3,0,3,16,1,1769930947,2026-02-01 02:31:31
1846086138339179502,11,7,4,8,1,1769930943,2026-02-01 02:31:31
28be450b-7878-4495-add2-61afd94f375a,9,3,6,5,1,1769930943,2026-02-01 02:31:31
1817432104157364846,11,0,11,1,1,1769930943,2026-02-01 02:31:31
e34bb92f-6911-449a-999b-5bc80e0322fe,6,1,5,11,1,1769930943,2026-02-01 02:31:31
2104275164415193448,32,5,27,26,1,1769930943,2026-02-01 02:31:31
66dd2811-0aca-11e7-82f6-3863bb44ef7c,1,0,1,42,1,1769930943,2026-02-01 02:31:31
c0e0e578-8ce8-4c9d-be47-b902d8a41050,2,1,1,16,1,1769930943,2026-02-01 02:31:31
668ef22c-4665-4f42-bf6a-ab9e8a2899b1,2,0,2,21,1,1769930947,2026-02-01 02:31:31
1861682444178541220,21,0,21,5,1,1769930948,2026-02-01 02:31:31
0e003543-3656-448f-8a93-029d265f2e26,12,1,11,12,1,1769930948,2026-02-01 02:31:31
88ee054e-bdeb-4305-8f3b-76eb964f2c84,2,0,2,11,1,1769930946,2026-02-01 02:31:31
341730d7-a61d-499d-8c07-fa015f644e54,46,35,11,26,1,1769930946,2026-02-01 02:31:31
66ddeffd-0aca-11e7-82f6-3863bb44ef7c,4,1,3,11,1,1769930946,2026-02-01 02:31:31
74feba30-26a5-4949-b3a0-d6e13ba1a20c,4,2,2,14,1,1769930945,2026-02-01 02:31:31
c63e9937-cadb-4813-aee3-5fd3fcc93767,2,0,2,17,1,1769930944,2026-02-01 02:31:31
83d1ff16-ba56-4eae-aa6a-b37b6439db82,4,0,4,24,1,1769930945,2026-02-01 02:31:31
1f872052-38c4-4701-96c4-c363de51c2b5,1,0,1,54,1,1769930945,2026-02-01 02:31:31
f3c68cfb-52fd-48c8-b6e5-85c179fee0b3,9,4,5,12,1,1769930948,2026-02-01 02:31:31
eafa19ed-88c2-4efc-bd73-3961f85b6063,22,18,3,8,1,1769930944,2026-02-01 02:31:31
53e30d38-a110-42b4-a8f9-ca801a847ac7,36,16,20,4,1,1769930944,2026-02-01 02:31:31
a58ff2e3-a5ae-4070-a26d-ddfe8cc6fc58,0,0,0,2,0,1769837012,2026-02-01 02:31:31
7a725e59-49be-4c1d-9c3d-3b3a8ed1232f,8,6,2,8,1,1769930952,2026-02-01 02:31:31
e8df73bd-5d3d-47c9-b04d-bcec4db5540f,39,4,35,16,1,1769930952,2026-02-01 02:31:31
2f580cf9-14e2-4300-ba22-f6d88d0312a5,2,0,2,22,1,1769930953,2026-02-01 02:31:31
1851999409149780880,11,0,11,8,1,1769930948,2026-02-01 02:31:31
cc758f1a-8b28-4ff5-bc75-fbe62c453378,2,2,0,19,1,1769930949,2026-02-01 02:31:31
b516fedb-3ced-4683-8c17-7e5f6dadf04d,17,2,15,13,1,1769930949,2026-02-01 02:31:31
66db69d0-0aca-11e7-82f6-3863bb44ef7c,7,0,7,20,1,1769930949,2026-02-01 02:31:31
1828965671716082498,11,2,9,4,1,1769930949,2026-02-01 02:31:31
1899178885660253096,14,10,4,1,1,1769930949,2026-02-01 02:31:31
1840540966407039246,0,0,0,1,0,1769788119,2026-02-01 02:31:31
66dc21d4-0aca-11e7-82f6-3863bb44ef7c,3,2,1,29,1,1769930953,2026-02-01 02:31:31
8d097a6d-f17c-4195-9dd4-42527b371c71,34,30,4,24,1,1769930953,2026-02-01 02:31:31
66db7152-0aca-11e7-82f6-3863bb44ef7c,22,8,14,22,1,1769930950,2026-02-01 02:31:31
1836581807397045112,0,0,0,23,1,1769930951,2026-02-01 02:31:31
66de0933-0aca-11e7-82f6-3863bb44ef7c,17,2,15,9,1,1769930951,2026-02-01 02:31:31
d6834194-029d-4e2d-83b0-ee78ab5acda2,8,2,6,4,1,1769930954,2026-02-01 02:31:31
78b4aa30-e4e9-4447-9419-c89f8527892e,2,2,0,17,1,1769930954,2026-02-01 02:31:31
285ad3c2-3ffe-45bb-8765-9c20a69641a6,7,2,5,5,1,1769930950,2026-02-01 02:31:31
550153a5-2ea1-4c76-b1cd-77667005f55d,0,0,0,11,0,1769774525,2026-02-01 02:31:31
1828966363527611286,13,0,13,2,1,1769930950,2026-02-01 02:31:31
c46a2889-258b-4fc5-a452-1d4e7dfe683a,2,0,2,15,1,1769930959,2026-02-01 02:31:31
2126621966735272262,5,0,5,4,1,1769930959,2026-02-01 02:31:31
2743a950-3a1f-4a58-8fe0-f4105033e0e3,6,5,1,14,1,1769930959,2026-02-01 02:31:31
8fa2fafb-fa07-48b2-b159-bffbea7176d4,1,0,1,18,1,1769930960,2026-02-01 02:31:31
d47c856e-8cda-4da0-b8eb-1ccf0e6ef7ab,1,1,0,27,1,1769930960,2026-02-01 02:31:31
9b70cbe2-25fc-42f8-b6e6-ac21ef248e4b,2,0,2,16,1,1769930960,2026-02-01 02:31:31
d9ec5589-c872-46f2-88cd-e54f9c596721,2,0,2,13,1,1769930960,2026-02-01 02:31:31
66dc2172-0aca-11e7-82f6-3863bb44ef7c,2,2,0,80,1,1769930960,2026-02-01 02:31:31
1828969323789472168,12,5,7,0,1,1769930956,2026-02-01 02:31:31
647a2a80-9630-41b0-9b91-1f464b0bf3cc,48,41,7,15,1,1769930956,2026-02-01 02:31:31
66de2a00-0aca-11e7-82f6-3863bb44ef7c,15,1,14,7,1,1769930956,2026-02-01 02:31:31
8ea09819-cd88-4732-b047-c0549f0b370f,19,11,8,6,1,1769930957,2026-02-01 02:31:31
4dcff9e7-7cb6-4d3d-ad67-c2e4c05933d3,6,0,6,15,1,1769930957,2026-02-01 02:31:31
623c9658-5544-4254-847e-738763cf45a3,7,5,2,10,1,1769930957,2026-02-01 02:31:31
66dd546c-0aca-11e7-82f6-3863bb44ef7c,10,1,9,8,1,1769930957,2026-02-01 02:31:31
1860190006584693708,2,0,2,13,1,1769930957,2026-02-01 02:31:31
d7632897-a6eb-4f8f-9ab2-c66426620fbf,7,0,7,5,1,1769930957,2026-02-01 02:31:31
a1acdab2-29c7-4956-8b2e-24b39dc2ff13,0,0,0,42,0,1769853848,2026-02-01 02:31:31
66de2556-0aca-11e7-82f6-3863bb44ef7c,38,31,7,28,1,1769930955,2026-02-01 02:31:31
4eb6d6a8-ecc1-4e89-a586-4f96ed3d83e1,3,2,1,21,1,1769930955,2026-02-01 02:31:31
66db2db5-0aca-11e7-82f6-3863bb44ef7c,33,0,33,12,1,1769930955,2026-02-01 02:31:31
66dd1585-0aca-11e7-82f6-3863bb44ef7c,34,2,32,1,1,1769930955,2026-02-01 02:31:31
002e6e9f-ced2-47b0-bc7e-ccf38c3b4b0f,3,0,3,15,1,1769930958,2026-02-01 02:31:31
66db3606-0aca-11e7-82f6-3863bb44ef7c,12,0,12,41,1,1769930958,2026-02-01 02:31:31
1834145330979754058,2,1,1,24,1,1769930959,2026-02-01 02:31:31
4d79bdb9-7c35-4d35-9f6e-3c1b849c453a,6,3,3,37,1,1769930958,2026-02-01 02:31:31
7bdd60e9-c0fd-40f6-aa9a-d5fa004d4fe3,14,0,14,3,1,1769930956,2026-02-01 02:31:31
bc346753-b68a-4cb3-b93f-b0be68227eae,4,1,3,14,1,1769930966,2026-02-01 02:31:31
b0cc08dc-e7dd-48d1-8901-ba496f3ff2f5,1,1,0,38,1,1769930966,2026-02-01 02:31:31
1954806962718223342,24,12,12,2,1,1769930967,2026-02-01 02:31:31
66dc41bb-0aca-11e7-82f6-3863bb44ef7c,4,1,3,36,1,1769930966,2026-02-01 02:31:31
eb41a103-0196-4f19-a440-256167191a7d,1,1,0,15,1,1769930966,2026-02-01 02:31:31
66dcac42-0aca-11e7-82f6-3863bb44ef7c,36,4,32,3,1,1769930967,2026-02-01 02:31:31
dd351a72-4241-4275-843d-0fffa8a1f414,3,2,1,18,1,1769930967,2026-02-01 02:31:31
36b55a0f-e55d-4849-859a-09b3273fb782,8,0,8,8,1,1769930963,2026-02-01 02:31:31
66de65a4-0aca-11e7-82f6-3863bb44ef7c,3,0,3,17,1,1769930963,2026-02-01 02:31:31
66dea894-0aca-11e7-82f6-3863bb44ef7c,28,18,10,7,1,1769930963,2026-02-01 02:31:31
66de5095-0aca-11e7-82f6-3863bb44ef7c,5,2,3,11,1,1769930963,2026-02-01 02:31:31
063e7e78-b810-4a2f-8045-a82a0d69d752,20,8,12,24,1,1769930963,2026-02-01 02:31:31
66dc1beb-0aca-11e7-82f6-3863bb44ef7c,11,1,10,85,1,1769930963,2026-02-01 02:31:31
ca4795a2-6ab3-4597-bf59-f0155ac1637c,21,5,16,42,1,1769930965,2026-02-01 02:31:31
1856766912456610780,1,1,0,19,1,1769930965,2026-02-01 02:31:31
1869439561831725810,3,0,3,19,1,1769930965,2026-02-01 02:31:31
a0eec052-257a-4c79-8171-6e2ad9864ad0,11,1,10,16,1,1769930965,2026-02-01 02:31:31
44a80c48-c1a9-4ff1-92eb-6bf8be492f5e,4,1,3,11,1,1769930965,2026-02-01 02:31:31
b55f9b55-7fa7-4f0f-9732-78cbe07452e1,2,0,2,20,1,1769930965,2026-02-01 02:31:31
1885442082749874736,2,1,1,17,1,1769930961,2026-02-01 02:31:31
0b94cc1e-2327-4679-99d9-3b21ddc02051,15,4,11,16,1,1769930960,2026-02-01 02:31:31
2143247416766638978,2,0,2,39,1,1769930961,2026-02-01 02:31:31
1814900632709495794,14,3,11,2,1,1769930961,2026-02-01 02:31:31
be8e6f1c-e8b5-40bd-896d-423052ba3bbc,3,1,2,11,1,1769930961,2026-02-01 02:31:31
4c3b6e25-b0c2-4a3f-b07e-cd60cd1b0ac0,1,1,0,15,1,1769930961,2026-02-01 02:31:31
59e3766c-0629-4ff1-a1d9-bc0514a55487,5,2,3,17,1,1769930962,2026-02-01 02:31:31
66db2fd0-0aca-11e7-82f6-3863bb44ef7c,17,5,12,12,1,1769930961,2026-02-01 02:31:31
66db40ef-0aca-11e7-82f6-3863bb44ef7c,34,22,12,9,1,1769930962,2026-02-01 02:31:31
9c147c77-11da-4d0b-8a21-a8042ec8031b,1,1,0,18,1,1769930962,2026-02-01 02:31:31
61bc2467-aa8c-4386-ba9e-3f01120bd6b8,8,3,5,8,1,1769930962,2026-02-01 02:31:31
4034789e-b70d-4aae-bf18-3ed37a4d751f,11,3,8,5,1,1769930965,2026-02-01 02:31:31
1884688942632618210,5,5,0,18,1,1769930967,2026-02-01 02:31:31
66dc2bc5-0aca-11e7-82f6-3863bb44ef7c,2,2,0,103,1,1769930967,2026-02-01 02:31:31
66dc8f1f-0aca-11e7-82f6-3863bb44ef7c,6,1,5,44,1,1769930968,2026-02-01 02:31:31
5db1fefa-0f10-4c58-a7ce-113f3164ced8,7,1,6,6,1,1769930967,2026-02-01 02:31:31
55fda28d-56a8-4db2-b42a-072714f18471,12,0,12,1,1,1769930970,2026-02-01 02:31:31
2126579471787670468,6,1,5,9,1,1769930970,2026-02-01 02:31:31
62089e99-7f73-4f59-816d-57f9793484a1,11,0,11,1,1,1769930970,2026-02-01 02:31:31
f001fac9-5f19-451e-a752-afde574a8c81,0,0,0,16,1,1769930970,2026-02-01 02:31:31
04d557d6-6bc3-4244-b0f1-81ed1449ccd6,7,5,2,4,1,1769930970,2026-02-01 02:31:31
61647ec6-dfd6-4d1c-8800-d488d390c627,21,14,7,9,1,1769930971,2026-02-01 02:31:31
66dbf518-0aca-11e7-82f6-3863bb44ef7c,9,1,8,13,1,1769930978,2026-02-01 02:31:31
66de5613-0aca-11e7-82f6-3863bb44ef7c,46,1,45,14,1,1769930978,2026-02-01 02:31:31
1880644160834607498,10,2,8,11,1,1769930978,2026-02-01 02:31:31
e3e6105e-eaa2-43c5-badb-fb8592ad7227,10,8,2,10,1,1769930978,2026-02-01 02:31:31
2b54cb2c-31be-4620-a13c-0fa72b58c90a,0,0,0,26,1,1769930972,2026-02-01 02:31:31
66dce5c9-0aca-11e7-82f6-3863bb44ef7c,9,0,9,9,1,1769930968,2026-02-01 02:31:31
d3433b47-99a7-4b21-9fa7-d7052bb5c23b,2,0,2,13,1,1769930968,2026-02-01 02:31:31
66dde914-0aca-11e7-82f6-3863bb44ef7c,12,5,7,13,1,1769930969,2026-02-01 02:31:31
2c321ea3-e1dd-4d32-be70-bd158fe1f568,6,5,1,63,1,1769930969,2026-02-01 02:31:31
66db34fc-0aca-11e7-82f6-3863bb44ef7c,4,1,3,28,1,1769930969,2026-02-01 02:31:31
cac843c2-8b21-47bb-a3b9-712f95d7f7aa,15,3,12,0,1,1769930973,2026-02-01 02:31:31
66db5c14-0aca-11e7-82f6-3863bb44ef7c,4,2,2,20,1,1769930969,2026-02-01 02:31:31
1893542109140147108,11,2,9,4,1,1769930972,2026-02-01 02:31:31
2126274308236524392,3,1,2,8,1,1769930972,2026-02-01 02:31:31
66de48f9-0aca-11e7-82f6-3863bb44ef7c,12,0,12,7,1,1769930969,2026-02-01 02:31:31
956e9f8d-d23a-4a0e-bf28-84180e818af7,1,0,1,22,1,1769930970,2026-02-01 02:31:31
1786696384892428996,4,2,2,16,1,1769930979,2026-02-01 02:31:31
66dcc5ca-0aca-11e7-82f6-3863bb44ef7c,0,0,0,0,0,1769930979,2026-02-01 02:31:31
3863f086-ae35-4d0e-8c91-2b6e3e5827a1,23,9,14,7,1,1769930979,2026-02-01 02:31:31
d1138533-504c-4d29-b71c-299e1d31f159,16,2,14,16,1,1769930979,2026-02-01 02:31:31
9c1c3499-1b11-471f-b59a-87d9e27e15c5,16,5,11,2,1,1769930980,2026-02-01 02:31:31
66de099d-0aca-11e7-82f6-3863bb44ef7c,1,0,1,36,1,1769930980,2026-02-01 02:31:31
66dbeded-0aca-11e7-82f6-3863bb44ef7c,0,0,0,16,1,1769930980,2026-02-01 02:31:31
3eed817a-63e5-424b-8ed3-c809db5488f7,46,18,28,0,1,1769930981,2026-02-01 02:31:31
b608193c-46ae-4b61-9e7a-4671e7c3b96e,2,0,2,14,1,1769930974,2026-02-01 02:31:31
66dc192f-0aca-11e7-82f6-3863bb44ef7c,17,1,16,2,1,1769930974,2026-02-01 02:31:31
b4063b76-1abd-465c-96a4-45f6ee016bc5,3,2,1,12,1,1769930973,2026-02-01 02:31:31
9d95a4a9-bcfe-4189-bb7d-abd9992ecbaf,6,4,2,6,1,1769930974,2026-02-01 02:31:31
66db2afe-0aca-11e7-82f6-3863bb44ef7c,26,21,5,3,1,1769930990,2026-02-01 02:31:31
1e83ffdc-8e72-45c0-8210-4f37e60505c9,8,3,5,23,1,1769930990,2026-02-01 02:31:31
66db7637-0aca-11e7-82f6-3863bb44ef7c,0,0,0,31,0,1769922556,2026-02-01 02:31:31
4bbf50a9-47c2-4a32-97c2-1f6bc4f9d401,21,2,19,8,1,1769930990,2026-02-01 02:31:31
18846fd4-877c-4971-9b6f-1bd8fbc10346,2,0,2,17,1,1769930991,2026-02-01 02:31:31
625711ba-3b5d-46a7-a8f9-7f4eb17ec1be,8,2,6,15,1,1769930989,2026-02-01 02:31:31
1318e05a-2506-43c6-b49d-4c1f7f69a267,6,3,3,7,1,1769930989,2026-02-01 02:31:31
141eb0e0-e78d-411a-a0be-202a6424cc93,17,1,16,4,1,1769930990,2026-02-01 02:31:31
66db63f4-0aca-11e7-82f6-3863bb44ef7c,3,0,3,10,1,1769930988,2026-02-01 02:31:31
66dbbc4a-0aca-11e7-82f6-3863bb44ef7c,9,2,7,10,1,1769930988,2026-02-01 02:31:31
085da8d4-9465-46f0-82d1-10c9c9177d64,1,0,1,17,1,1769930988,2026-02-01 02:31:31
2098714441479661752,2,1,1,13,1,1769930988,2026-02-01 02:31:31
f15ccc6e-5a7c-46e7-b505-0bfc9cae3d83,1,1,0,28,1,1769930988,2026-02-01 02:31:31
1e6c5d0c-f406-4b60-88f6-6284a38d3930,3,1,2,13,1,1769930988,2026-02-01 02:31:31
1947367330341251364,1,1,0,18,1,1769930986,2026-02-01 02:31:31
66de4078-0aca-11e7-82f6-3863bb44ef7c,6,3,3,9,1,1769930986,2026-02-01 02:31:31
66dbe848-0aca-11e7-82f6-3863bb44ef7c,101,71,30,12,1,1769930986,2026-02-01 02:31:31
f4f9a09c-010c-430c-a766-3390c44b4962,0,0,0,15,1,1769930986,2026-02-01 02:31:31
1841240663447542046,4,2,1,13,1,1769930986,2026-02-01 02:31:31
66db64d1-0aca-11e7-82f6-3863bb44ef7c,9,1,8,7,1,1769930986,2026-02-01 02:31:31
dc34ba4c-d8e5-4674-a02e-210c950c05c1,0,0,0,24,1,1769930988,2026-02-01 02:31:31
a2f71eea-05a2-4fe7-99ab-f74535c880ae,3,2,1,15,1,1769930991,2026-02-01 02:31:31
66de8a86-0aca-11e7-82f6-3863bb44ef7c,7,3,4,49,1,1769930991,2026-02-01 02:31:31
66dde845-0aca-11e7-82f6-3863bb44ef7c,2,2,0,25,1,1769930974,2026-02-01 02:31:31
cd118a8f-a7d1-4b7a-a6d3-d9e875cb29df,12,8,4,9,1,1769930975,2026-02-01 02:31:31
66dbc60f-0aca-11e7-82f6-3863bb44ef7c,0,0,0,0,0,1769871706,2026-02-01 02:31:31
66de4594-0aca-11e7-82f6-3863bb44ef7c,13,4,9,7,1,1769930983,2026-02-01 02:31:31
1846085626867634660,1,0,1,16,1,1769930984,2026-02-01 02:31:31
1e3a16ff-65ba-4d34-b3c6-37aff44e085a,16,8,8,20,1,1769930984,2026-02-01 02:31:31
c066c90a-efb1-4f8b-aa15-38ba4edd4ebc,1,1,0,15,1,1769930977,2026-02-01 02:31:31
1828966104320053340,6,0,6,10,1,1769930977,2026-02-01 02:31:31
1838070776953752336,2,0,2,19,1,1769930977,2026-02-01 02:31:31
f91170e6-a33c-4870-94da-9d51510515d2,2,1,1,14,1,1769930977,2026-02-01 02:31:31
66dd4b2b-0aca-11e7-82f6-3863bb44ef7c,1,1,0,43,1,1769930977,2026-02-01 02:31:31
1861271680294357158,4,2,2,18,1,1769930978,2026-02-01 02:31:31
5736cd70-be41-483e-8d82-721874f40e6e,4,0,4,14,1,1769930977,2026-02-01 02:31:31
66db402c-0aca-11e7-82f6-3863bb44ef7c,44,16,28,34,1,1769930976,2026-02-01 02:31:31
26176e86-8362-4c91-a693-6aa3f9ce0b73,3,1,2,9,1,1769930976,2026-02-01 02:31:31
45865207-8700-4ef2-99ed-b08889ef0250,5,0,5,15,1,1769930976,2026-02-01 02:31:31
7603028c-8b04-4918-8a25-a087ce57aea4,16,1,15,14,1,1769930977,2026-02-01 02:31:31
c0c6a931-c1d3-4202-a433-c4127a4cd846,1,1,0,18,1,1769930982,2026-02-01 02:31:31
66dcc30b-0aca-11e7-82f6-3863bb44ef7c,2,1,1,15,1,1769930982,2026-02-01 02:31:31
328d778a-7e71-4240-acae-b84f0fdaa5c5,1,0,1,24,1,1769930979,2026-02-01 02:31:31
5780ae63-54e5-48e3-a00c-9c403cb75401,12,1,11,8,1,1769930979,2026-02-01 02:31:31
0c106e83-c47a-4233-b5e4-62bbb75d0bed,0,0,0,18,1,1769930983,2026-02-01 02:31:31
062ffe5a-aa91-412d-8210-23d562c7e7f8,2,2,0,17,1,1769930981,2026-02-01 02:31:31
66db7a71-0aca-11e7-82f6-3863bb44ef7c,1,1,0,35,1,1769930982,2026-02-01 02:31:31
993fc83f-52c6-43f4-bb49-4abe4ad48150,0,0,0,18,1,1769930979,2026-02-01 02:31:31
a8560d28-9ee1-4af4-9180-7e9c4dd0d147,10,1,9,7,1,1769930982,2026-02-01 02:31:31
2137774972219769002,4,0,4,2,1,1769930830,2026-02-01 02:31:31
1843486464469891376,0,0,0,17,1,1769930983,2026-02-01 02:31:31
47bcbcc1-9241-4e65-99f1-07c15543be1b,10,1,9,15,1,1769930983,2026-02-01 02:31:31
1875672501601550456,6,0,6,11,1,1769930984,2026-02-01 02:31:31
15cb007b-bfca-4ad7-bfc6-44bf3d36785a,17,1,16,2,1,1769930985,2026-02-01 02:31:31
66de5e5b-0aca-11e7-82f6-3863bb44ef7c,2,1,1,33,1,1769930985,2026-02-01 02:31:31
1796642668661690940,18,2,16,0,1,1769930985,2026-02-01 02:31:31
1057229c-f8f8-4014-80cd-f40421c61cf0,9,8,1,8,1,1769930985,2026-02-01 02:31:31
ce95fbdd-b7d2-46fc-910d-5c170e4b7610,0,0,0,18,1,1769930985,2026-02-01 02:31:31
66de08c9-0aca-11e7-82f6-3863bb44ef7c,7,0,7,12,1,1769930985,2026-02-01 02:31:31
23bc4d9b-1ec2-45fb-9228-e41517346b24,11,5,6,0,1,1769930985,2026-02-01 02:31:31
ecc52c52-e2d9-4e73-8f9c-18ad8e9b0606,0,0,0,22,1,1769930985,2026-02-01 02:31:31
afc79a38-e26d-48f7-94e4-d0aca8fd1c49,2,1,1,14,1,1769930993,2026-02-01 02:31:31
66dcc047-0aca-11e7-82f6-3863bb44ef7c,0,0,0,15,0,1769848779,2026-02-01 02:31:31
fda0c217-9504-4b26-8a25-e40b603ee5fa,1,1,0,14,1,1769930993,2026-02-01 02:31:31
594b4656-9d83-4301-8967-3b92c126531c,13,5,8,10,1,1769930994,2026-02-01 02:31:31
d8673258-9513-4ed2-86bf-bef62e7e4e30,0,0,0,8,0,1769776032,2026-02-01 02:31:31
1786375069262703476,11,1,10,9,1,1769930994,2026-02-01 02:31:31
821b19c1-ab13-4482-9580-770288a377a7,4,2,2,32,1,1769930994,2026-02-01 02:31:31
bbb48e80-7d2f-4b3c-bb8c-591bc931945a,6,0,6,8,1,1769930995,2026-02-01 02:31:31
66de482a-0aca-11e7-82f6-3863bb44ef7c,5,0,5,6,1,1769930995,2026-02-01 02:31:31
3e9e50cc-f336-439f-bd0b-dec5499c038d,18,15,3,11,1,1769930995,2026-02-01 02:31:31
1854538169357726138,1,1,0,16,1,1769930992,2026-02-01 02:31:31
1846085927885781554,6,1,5,11,1,1769930992,2026-02-01 02:31:31
96878d29-481d-48dc-bcdc-a5f1ce88c76d,5,0,5,14,1,1769930993,2026-02-01 02:31:31
96a0b676-e966-4d96-b04b-ceb8149cedcd,1,0,1,18,1,1769930995,2026-02-01 02:31:31
db41cc62-86ea-4421-bfaf-9b6511cfee10,1,0,1,29,1,1769930995,2026-02-01 02:31:31
fd081854-3f37-420a-9785-ea63c09c12ad,1,1,0,18,1,1769930995,2026-02-01 02:31:31
d7d297fd-36dc-42f2-8e3b-24b1003be874,13,5,8,1,1,1769930996,2026-02-01 02:31:31
2124037775602344266,3,0,3,10,1,1769930995,2026-02-01 02:31:31
66dc252e-0aca-11e7-82f6-3863bb44ef7c,18,3,15,5,1,1769930996,2026-02-01 02:31:31
1815968026870435892,7,5,2,11,1,1769930996,2026-02-01 02:31:31
cc834d78-6eca-450a-ae00-a5ffc6f1a7a6,14,0,14,0,1,1769930996,2026-02-01 02:31:31
1828967027013302842,4,0,4,10,1,1769930991,2026-02-01 02:31:31
d5d589e6-457f-4cd4-bf78-59165dce28b2,16,8,8,1,1,1769930992,2026-02-01 02:31:31
d9ea5210-50b3-4342-9801-f896bd21f4a1,2,2,0,20,1,1769930995,2026-02-01 02:31:31
3c6c0d12-80dd-4c49-b7c5-e3549588b8cf,12,3,9,9,1,1769930995,2026-02-01 02:31:31
2123940148896639644,5,3,2,0,1,1769930955,2026-02-01 02:31:31
66dd0808-0aca-11e7-82f6-3863bb44ef7c,0,0,0,23,1,1769930992,2026-02-01 02:31:31
38bb1218-0a9e-41d9-b2ef-25c8626dac29,6,0,6,7,1,1769930992,2026-02-01 02:31:31
66de2b97-0aca-11e7-82f6-3863bb44ef7c,11,7,4,16,1,1769930986,2026-02-01 02:31:31
66dc7cc3-0aca-11e7-82f6-3863bb44ef7c,3,2,1,35,1,1769930987,2026-02-01 02:31:31
844c68cc-19f0-474a-86d3-4af170117aae,7,7,0,11,1,1769930987,2026-02-01 02:31:31
66dbe8d6-0aca-11e7-82f6-3863bb44ef7c,18,8,10,33,1,1769930987,2026-02-01 02:31:31
1860189813948384088,9,3,6,8,1,1769930987,2026-02-01 02:31:31
e58234a3-5b23-427e-948f-c1e4571b2bfa,21,3,18,37,1,1769930987,2026-02-01 02:31:31
66dc4b4c-0aca-11e7-82f6-3863bb44ef7c,6,4,2,51,1,1769930987,2026-02-01 02:31:31
1893622839585237496,15,11,4,48,1,1769930987,2026-02-01 02:31:31
e612122d-e0fd-4ebf-8d51-0f48f9d1b580,15,0,15,1,1,1769930997,2026-02-01 02:31:31
1835247196073118026,10,4,6,4,1,1769930997,2026-02-01 02:31:31
66dbf4ac-0aca-11e7-82f6-3863bb44ef7c,5,3,2,32,1,1769930997,2026-02-01 02:31:31
a3e2b360-f050-48ea-b8c8-57d897b8f7fc,4,4,0,13,1,1769930997,2026-02-01 02:31:31
2f656bc4-7743-4326-8330-a22bd41d9d17,6,3,3,18,1,1769930997,2026-02-01 02:31:31
9e5fd5b6-c5f2-4694-9406-a44b7d0146d9,13,9,4,19,1,1769930997,2026-02-01 02:31:31
c3d5f47f-cfc3-4c1f-86bb-bcf770d2949b,15,2,13,5,1,1769930998,2026-02-01 02:31:31
6076e321-85d8-4e0e-ae18-86bb8cbbda1b,14,1,13,1,1,1769930998,2026-02-01 02:31:31
66dc2238-0aca-11e7-82f6-3863bb44ef7c,8,7,1,67,1,1769930998,2026-02-01 02:31:31
66dd491c-0aca-11e7-82f6-3863bb44ef7c,5,3,2,17,1,1769930998,2026-02-01 02:31:31
66dc8b6a-0aca-11e7-82f6-3863bb44ef7c,36,11,25,13,1,1769930998,2026-02-01 02:31:31
66dcf0b3-0aca-11e7-82f6-3863bb44ef7c,11,5,6,4,1,1769930998,2026-02-01 02:31:31
aa8fc8b7-b66c-41d9-9885-30b8af599378,0,0,0,0,0,86400,2026-02-01 02:31:31
1906248765431831024,0,0,0,0,0,86400,2026-02-01 02:31:31
067d5007-bda5-4697-b0a2-ccc2837f295c,0,0,0,0,0,86400,2026-02-01 02:31:31
1954778813955578360,0,0,0,0,0,86400,2026-02-01 02:31:31
2171904301452603832,0,0,0,0,0,86400,2026-02-01 02:31:31
2124037384760320326,0,0,0,0,0,86400,2026-02-01 02:31:31
2177017859487560566,0,0,0,0,0,86400,2026-02-01 02:31:31
2177015913867375458,0,0,0,0,0,86400,2026-02-01 02:31:31
2176731427905421244,0,0,0,0,0,86400,2026-02-01 02:31:31
2177016650782707004,0,0,0,0,0,86400,2026-02-01 02:31:31
2177017052188360762,0,0,0,0,0,86400,2026-02-01 02:31:31
2177017636303913026,0,0,0,0,0,86400,2026-02-01 02:31:31
95a52ce4-3597-47d1-8d6f-427cb3b8ca6a,0,0,0,5,0,1769850423,2026-02-01 02:31:31
88c1303b-3349-4591-bf08-c7e40cf3537a,0,0,0,22,0,1769921048,2026-02-01 02:31:31
2b848257-dc2e-4dd0-b840-d5e046972789,0,0,0,10,0,1769830145,2026-02-01 02:31:31
1d8e51b0-8131-4c1f-93fb-f04952c157c0,0,0,0,27,0,1769811266,2026-02-01 02:31:31
160e21da-6dd2-47ff-8385-e13c8cdce4fa,0,0,0,3,0,1769905200,2026-02-01 02:31:31
490ca6cc-c2a2-4838-acf0-4704ed60dc51,0,0,0,41,0,1769894736,2026-02-01 02:31:31
c38e2cfc-04e6-419c-8bf8-d8713ccf6ea7,0,0,0,5,0,1769858401,2026-02-01 02:31:31
fbb2d76c-1d47-4fb1-9c07-622fcace38a5,0,0,0,10,0,1769852698,2026-02-01 02:31:31
6f484a9d-c535-451e-a18f-f3afdc0a27af,29,15,14,8,1,1769930823,2026-02-01 02:31:31
ad037fe2-4a28-4b55-863c-229aada0b43a,5,0,5,13,1,1769930878,2026-02-01 02:31:31
66de4408-0aca-11e7-82f6-3863bb44ef7c,4,2,2,17,1,1769930878,2026-02-01 02:31:31
18267c09-1916-48d8-951c-caf88c89edd1,2,2,0,16,1,1769930879,2026-02-01 02:31:31
fdf21800-6106-4739-b7d5-b379b19e5732,5,0,5,9,1,1769930880,2026-02-01 02:31:31
918af7b2-e05c-477a-a8c0-7dcff984c566,7,0,7,24,1,1769930879,2026-02-01 02:31:31
66dd1b65-0aca-11e7-82f6-3863bb44ef7c,2,2,0,51,1,1769930886,2026-02-01 02:31:31
74e104fb-1ddc-4f3e-a60b-220b6c4f300b,7,5,2,1,1,1769930886,2026-02-01 02:31:31
84b30f68-5404-453a-ae86-a2baff03a2c9,1,0,1,17,1,1769930886,2026-02-01 02:31:31
66db30e0-0aca-11e7-82f6-3863bb44ef7c,14,12,2,68,1,1769930887,2026-02-01 02:31:31
66de2201-0aca-11e7-82f6-3863bb44ef7c,19,8,11,2,1,1769930886,2026-02-01 02:31:31
1823008917260927616,15,3,12,7,1,1769930889,2026-02-01 02:31:31
0f51cb84-e386-44ac-947f-a969f7617d17,5,2,3,17,1,1769930889,2026-02-01 02:31:31
24f431ca-c2a5-46be-966b-b8d4c3e4b346,1,1,0,12,1,1769930891,2026-02-01 02:31:31
e7739b9e-7cc6-4cbb-98d3-669b8e2ae98b,6,0,6,13,1,1769930891,2026-02-01 02:31:31
531e6d94-5f4c-4ef0-9c83-47191be9d8f9,1,1,0,17,1,1769930892,2026-02-01 02:31:31
66ddb595-0aca-11e7-82f6-3863bb44ef7c,1,0,1,17,1,1769930890,2026-02-01 02:31:31
c2291f8e-3b07-4671-82af-2b947825de4a,29,12,17,19,1,1769930888,2026-02-01 02:31:31
1828968691399885056,7,0,7,6,1,1769930888,2026-02-01 02:31:31
bf5a9ad8-6725-4ade-967d-aba612d423bf,7,0,7,16,1,1769930888,2026-02-01 02:31:31
1838617691511229014,0,0,0,19,1,1769930888,2026-02-01 02:31:31
16280b32-7e5b-4a18-930b-212eac10faaa,1,0,1,18,1,1769930888,2026-02-01 02:31:31
ed1199e4-d9a6-4d9e-8c81-62bcd7510a11,9,1,8,14,1,1769930889,2026-02-01 02:31:31
1978170169761096104,16,3,13,13,1,1769930954,2026-02-01 02:31:31
66dde9af-0aca-11e7-82f6-3863bb44ef7c,3,0,3,17,1,1769930954,2026-02-01 02:31:31
29b21bd8-2459-4727-b1f0-d73592db3321,5,1,4,18,1,1769930954,2026-02-01 02:31:31
66de1295-0aca-11e7-82f6-3863bb44ef7c,13,4,9,6,1,1769930954,2026-02-01 02:31:31
c04cef84-3fcd-4fd9-9e40-8e07453dbe19,5,1,4,12,1,1769930952,2026-02-01 02:31:31
3bdd81c8-3112-45e6-ae72-11a3f4fa5921,2,2,0,20,1,1769930952,2026-02-01 02:31:31
ab40ffde-f331-4194-adab-cb8c60b63f28,6,3,3,17,1,1769930953,2026-02-01 02:31:31
cd5e7c3e-c618-416a-ae99-b509bd56e1b2,19,8,11,7,1,1769930953,2026-02-01 02:31:31
66db8fde-0aca-11e7-82f6-3863bb44ef7c,40,28,12,5,1,1769930953,2026-02-01 02:31:31
ab5585c8-c2cf-4bab-96cf-d02eced4f6e3,5,3,2,38,1,1769930953,2026-02-01 02:31:31
7dcc5a03-5997-4250-9207-fa8b6f027c86,11,0,11,16,1,1769930953,2026-02-01 02:31:31
5d049d4b-0736-4323-834a-1b2454bd6551,5,4,1,17,1,1769930954,2026-02-01 02:31:31
66de4c32-0aca-11e7-82f6-3863bb44ef7c,13,2,11,9,1,1769930953,2026-02-01 02:31:31
66dd4841-0aca-11e7-82f6-3863bb44ef7c,14,10,4,16,1,1769930955,2026-02-01 02:31:31
96a4da57-107a-43d1-8828-4749d5555461,3,0,3,25,1,1769930955,2026-02-01 02:31:31
8603535e-0d7a-4c5b-ae77-27b9f5770bfa,0,0,0,24,1,1769930955,2026-02-01 02:31:31
66de20c8-0aca-11e7-82f6-3863bb44ef7c,1,0,1,24,1,1769930957,2026-02-01 02:31:31
c05cd2e2-74e8-4526-a62b-d631e005fdd8,15,2,13,13,1,1769930956,2026-02-01 02:31:31
9e3603ee-2b7d-4147-a7b5-48bbd778902c,30,28,1,26,1,1769930956,2026-02-01 02:31:31
cb04be8e-8edc-4c9d-bfc0-76f94e3a3d9b,23,3,20,13,1,1769930952,2026-02-01 02:31:31
2121033124458338894,8,0,8,5,1,1769930954,2026-02-01 02:31:31
9790606b-a00d-4d5e-b6ec-abd11c9d25b3,0,0,0,18,1,1769930839,2026-02-01 02:31:31
66db6aae-0aca-11e7-82f6-3863bb44ef7c,5,3,2,77,1,1769930917,2026-02-01 02:31:31
5adcaaaf-5386-441d-827c-8d65c4f4405e,2,2,0,18,1,1769930918,2026-02-01 02:31:31
26568d39-db49-4354-a5c1-c81a3c856285,3,0,3,13,1,1769930919,2026-02-01 02:31:31
c0df5c09-2c07-4689-9fe8-36ed81301d7d,0,0,0,22,1,1769930919,2026-02-01 02:31:31
66dcf394-0aca-11e7-82f6-3863bb44ef7c,3,1,2,24,1,1769930919,2026-02-01 02:31:31
66db6cd4-0aca-11e7-82f6-3863bb44ef7c,5,1,4,45,1,1769930919,2026-02-01 02:31:31
8dc8c0b3-4d70-40fe-a75a-86e30ecb676b,8,0,8,0,1,1769930920,2026-02-01 02:31:31
66dc3a1a-0aca-11e7-82f6-3863bb44ef7c,8,3,5,44,1,1769930920,2026-02-01 02:31:31
2a47ef14-1cbe-4ec6-841d-cc277627fe20,8,6,2,21,1,1769930917,2026-02-01 02:31:31
66dde2d9-0aca-11e7-82f6-3863bb44ef7c,19,13,6,4,1,1769930918,2026-02-01 02:31:31
876683ce-9bce-4fad-8d1c-6b331fa07b5c,13,3,10,29,1,1769930918,2026-02-01 02:31:31
66dbea8d-0aca-11e7-82f6-3863bb44ef7c,6,0,6,9,1,1769930921,2026-02-01 02:31:31
aa8270ec-4441-47d2-854b-5852e65fae66,0,0,0,18,1,1769930919,2026-02-01 02:31:31
b3c8aaaf-6e1c-4f56-9391-b79e883b8009,4,0,4,18,1,1769930921,2026-02-01 02:31:31
66dcc65c-0aca-11e7-82f6-3863bb44ef7c,0,0,0,14,1,1769930950,2026-02-01 02:31:31
2133952475068346460,24,2,22,7,1,1769930951,2026-02-01 02:31:31
a35d03cf-bd72-4da4-a4ac-bd25b3f8dce3,8,3,5,8,1,1769930950,2026-02-01 02:31:31
904930bd-2671-4695-9c1a-8a894b041129,38,30,7,17,1,1769930950,2026-02-01 02:31:31
18d980e5-ba08-4bc3-832e-03eb71865768,14,4,10,4,1,1769930951,2026-02-01 02:31:31
77a498ea-5693-46cc-a4b1-6e428f574797,17,1,16,2,1,1769930951,2026-02-01 02:31:31
66de06ef-0aca-11e7-82f6-3863bb44ef7c,16,1,15,3,1,1769930951,2026-02-01 02:31:31
65e7908a-a73e-4f8e-9967-0d0677f62bc4,17,9,8,0,1,1769930949,2026-02-01 02:31:31
66dc8c90-0aca-11e7-82f6-3863bb44ef7c,4,0,4,14,1,1769930949,2026-02-01 02:31:31
dfe2c398-ff5c-4a8d-83c8-fa18801540d8,10,0,10,17,1,1769930950,2026-02-01 02:31:31
1817432606668538118,7,7,0,11,1,1769930949,2026-02-01 02:31:31
66de27da-0aca-11e7-82f6-3863bb44ef7c,9,4,5,12,1,1769930950,2026-02-01 02:31:31
1828969417249358046,3,1,2,16,1,1769930950,2026-02-01 02:31:31
66de47bf-0aca-11e7-82f6-3863bb44ef7c,8,0,8,9,1,1769930947,2026-02-01 02:31:31
0e82ab9f-8c93-4302-b9df-342f8135a05c,17,0,17,1,1,1769930947,2026-02-01 02:31:31
de0c1800-f7cc-41b4-ab7a-c9d219180d06,15,3,11,36,1,1769930948,2026-02-01 02:31:31
78ec2f0d-c309-46d4-8808-7eb1a0674e38,11,6,5,11,1,1769930948,2026-02-01 02:31:31
ff2869f0-4381-4cf3-863e-a0d776ec53b4,89,53,36,1,1,1769930948,2026-02-01 02:31:31
c1144380-c1ac-4315-9b1a-4b4e870ac688,10,2,8,8,1,1769930949,2026-02-01 02:31:31
66dba0ba-0aca-11e7-82f6-3863bb44ef7c,9,4,5,30,1,1769930949,2026-02-01 02:31:31
20f3a578-4dfa-45ca-a917-b394d77ee08e,17,2,15,6,1,1769930949,2026-02-01 02:31:31
aa120a3a-9f2b-4dfc-a88b-384bbb66838a,9,0,9,10,1,1769930949,2026-02-01 02:31:31
2126624466406238560,4,0,4,5,1,1769930942,2026-02-01 02:31:31
720c0d64-7828-4dba-bff9-4d99f4e3a9fc,10,2,8,8,1,1769930946,2026-02-01 02:31:31
1900647078394106472,8,2,6,10,1,1769930947,2026-02-01 02:31:31
ab692d1f-5a4a-4fff-b929-013c3a7e8a98,0,0,0,19,1,1769930947,2026-02-01 02:31:31
016ee47a-4871-4209-91cb-bf3ceeddc991,1,0,1,16,1,1769930947,2026-02-01 02:31:31
141ba25c-f4ea-4cec-ae7e-022401e23087,6,0,4,4,1,1769930946,2026-02-01 02:31:31
1836581628905160976,5,3,2,13,1,1769930946,2026-02-01 02:31:31
6067af3d-f7ed-4149-a394-2fc2eb295872,35,15,20,8,1,1769930946,2026-02-01 02:31:31
66de1b5b-0aca-11e7-82f6-3863bb44ef7c,2,1,1,17,1,1769930893,2026-02-01 02:31:31
1835249964093653018,3,1,2,20,1,1769930893,2026-02-01 02:31:31
66de871c-0aca-11e7-82f6-3863bb44ef7c,1,1,0,56,1,1769930894,2026-02-01 02:31:31
66dd4051-0aca-11e7-82f6-3863bb44ef7c,6,1,5,37,1,1769930895,2026-02-01 02:31:31
1989279523593928720,79,55,23,3,1,1769930894,2026-02-01 02:31:31
1e226f22-034f-4b99-8184-a8eaa591fbd8,9,3,6,36,1,1769930894,2026-02-01 02:31:31
66dbf667-0aca-11e7-82f6-3863bb44ef7c,51,17,34,2,1,1769930895,2026-02-01 02:31:31
66dde559-0aca-11e7-82f6-3863bb44ef7c,5,5,0,10,1,1769930896,2026-02-01 02:31:31
a04bf523-3c76-4fad-88bf-e99037f9b796,0,0,0,4,0,1769820753,2026-02-01 02:31:31
2123940513700131194,11,6,5,2,1,1769930935,2026-02-01 02:31:31
e71d152c-c2df-4d3e-a9af-139f2529bac6,10,1,9,6,1,1769930935,2026-02-01 02:31:31
403c310e-26d5-4db5-9928-13c38b25053d,0,0,0,24,1,1769930935,2026-02-01 02:31:31
66dc4bd9-0aca-11e7-82f6-3863bb44ef7c,66,60,6,14,1,1769930936,2026-02-01 02:31:31
1786698815186893280,18,0,18,3,1,1769930936,2026-02-01 02:31:31
91ca68bd-5ac1-470b-a26d-1ec98ea9cca4,3,0,3,17,1,1769930934,2026-02-01 02:31:31
4223f276-a4d4-45e0-b914-67f5ef1e81ba,5,2,3,17,1,1769930933,2026-02-01 02:31:31
49d2cd03-f508-483f-a7c9-7fd450e5e6db,11,1,10,4,1,1769930933,2026-02-01 02:31:31
672d71ab-2c23-4bd2-9ed2-34e54aa4b5b5,1,0,1,13,1,1769930933,2026-02-01 02:31:31
1828968199249922252,1,0,1,18,1,1769930935,2026-02-01 02:31:31
6fd84197-56e2-47df-849f-701aca0e7cc3,1,0,1,15,1,1769930938,2026-02-01 02:31:31
5f0aa684-a1c5-4119-827f-7860f1cd4ccd,1,1,0,22,1,1769930990,2026-02-01 02:31:31
1860187692409078310,6,1,5,18,1,1769930990,2026-02-01 02:31:31
2e74ea1d-02a0-47bf-9665-dce2d65de8d7,22,6,16,11,1,1769930990,2026-02-01 02:31:31
653ba606-f397-41e6-adc4-f775bf2d0c9f,14,1,13,9,1,1769930991,2026-02-01 02:31:31
1835246815877178358,4,0,4,12,1,1769930990,2026-02-01 02:31:31
66dd1ad8-0aca-11e7-82f6-3863bb44ef7c,18,2,16,3,1,1769930991,2026-02-01 02:31:31
aba6e644-3ac8-4cdc-9bc6-763e9d82dee9,11,2,9,9,1,1769930994,2026-02-01 02:31:31
1913995167022829826,15,1,14,3,1,1769930994,2026-02-01 02:31:31
66de5a47-0aca-11e7-82f6-3863bb44ef7c,0,0,0,12,0,1769890105,2026-02-01 02:31:31
66db95e5-0aca-11e7-82f6-3863bb44ef7c,25,5,20,11,1,1769930994,2026-02-01 02:31:31
66db237e-0aca-11e7-82f6-3863bb44ef7c,3,1,2,49,1,1769930992,2026-02-01 02:31:31
c01a9c97-6c04-4e3f-ad0b-958801d94ca1,13,0,13,0,1,1769930992,2026-02-01 02:31:31
61be9a4a-737c-413a-9b72-d47b28a366d5,2,1,1,19,1,1769930993,2026-02-01 02:31:31
557f8d40-dec1-4c61-bd03-a0d1a6ea0e4b,17,1,16,5,1,1769930993,2026-02-01 02:31:31
b3a9057e-7ff6-4117-b96e-e71c173cf1e9,8,0,8,9,1,1769930993,2026-02-01 02:31:31
66de6100-0aca-11e7-82f6-3863bb44ef7c,23,0,23,4,1,1769930993,2026-02-01 02:31:31
1882736039096477712,18,8,10,12,1,1769930993,2026-02-01 02:31:31
2126225134412534550,11,8,3,1,1,1769930993,2026-02-01 02:31:31
2170352212111402482,19,15,4,43,1,1769930991,2026-02-01 02:31:31
308e055a-b8aa-447d-8803-8677c88af0ba,8,1,7,9,1,1769930991,2026-02-01 02:31:31
2a9e2320-083d-4044-aedf-0c15ecfefe61,1,0,1,22,1,1769930993,2026-02-01 02:31:31
1869754004195029842,2,2,0,18,1,1769930993,2026-02-01 02:31:31
d56a8542-048a-4aca-ac7f-f27a9e6c908b,4,1,3,18,1,1769930995,2026-02-01 02:31:31
42bf7170-61ab-44a0-aafe-1b89d7271718,0,0,0,21,1,1769930995,2026-02-01 02:31:31
1931758629658304788,5,1,4,17,1,1769930995,2026-02-01 02:31:31
8f9ce302-2a6d-443c-8fe0-625b20021ea2,2,1,0,21,1,1769930995,2026-02-01 02:31:31
eb6c2359-4825-4bf4-8f2d-8b6dd2bf4212,7,2,5,25,1,1769930996,2026-02-01 02:31:31
30985a9c-afe4-4b98-a72c-2c72bb35603e,6,5,1,7,1,1769930862,2026-02-01 02:31:31
dba67615-a7e0-4c44-ab1b-b464033ec9b9,5,3,2,6,1,1769930914,2026-02-01 02:31:31
2126622876727162948,5,0,5,5,1,1769930914,2026-02-01 02:31:31
6db97fde-68ae-4d2b-b121-b7c17838bbe7,1,0,1,15,1,1769930914,2026-02-01 02:31:31
6fcad2af-c3e2-47a4-8942-023ae4047e67,12,9,3,2,1,1769930915,2026-02-01 02:31:31
581d8683-c217-4f96-89cb-b5a94d780b83,4,1,3,65,1,1769930911,2026-02-01 02:31:31
1817627670084542818,0,0,0,20,1,1769930909,2026-02-01 02:31:31
1860187301567054286,4,1,3,13,1,1769930912,2026-02-01 02:31:31
66dd9213-0aca-11e7-82f6-3863bb44ef7c,3,3,0,31,1,1769930913,2026-02-01 02:31:31
1791472201147965920,16,10,6,42,1,1769930913,2026-02-01 02:31:31
b636a06c-c10e-417a-ac22-14cadb8f8993,5,1,4,8,1,1769930914,2026-02-01 02:31:31
9f702c67-b591-4492-ba90-eb3c7e793dad,9,1,8,4,1,1769930911,2026-02-01 02:31:31
7a701539-2c10-4abe-803f-525785ebb7fb,9,1,8,9,1,1769930911,2026-02-01 02:31:31
1817433126359581672,7,0,7,14,1,1769930910,2026-02-01 02:31:31
c1c33a35-751f-4dd6-baef-82db46f7ab46,5,2,3,26,1,1769930911,2026-02-01 02:31:31
cd4b8e12-b2c7-479b-900d-59cf7d8c4276,9,0,9,0,1,1769930911,2026-02-01 02:31:31
db02e1ea-acc1-4f45-8e3c-d37468b0b5a6,8,0,8,10,1,1769930911,2026-02-01 02:31:31
348c5e65-cbc3-4da6-9856-fc253a0ba546,29,4,25,22,1,1769930909,2026-02-01 02:31:31
e6a32ec8-fc8b-4ed6-93a2-3ace3921b89d,14,7,7,7,1,1769930910,2026-02-01 02:31:31
9dde927d-9984-4f97-bcd0-fbcb59e6ca66,10,0,10,5,1,1769930910,2026-02-01 02:31:31
1879859065051787718,8,7,1,4,1,1769930910,2026-02-01 02:31:31
4e1a13af-1c3b-48f2-8586-5edceea97d61,0,0,0,17,1,1769930910,2026-02-01 02:31:31
60a061d5-d984-4573-af3c-2054f4f59e94,2,1,1,15,1,1769930915,2026-02-01 02:31:31
1945125793810207148,3,1,2,15,1,1769930916,2026-02-01 02:31:31
e35494b4-5811-4d2a-87de-4430e56bce2d,0,0,0,19,1,1769930915,2026-02-01 02:31:31
66db3d2a-0aca-11e7-82f6-3863bb44ef7c,22,1,21,35,1,1769930912,2026-02-01 02:31:31
66db8c10-0aca-11e7-82f6-3863bb44ef7c,0,0,0,23,0,1769860645,2026-02-01 02:31:31
0f9423bd-98dd-4919-b6e3-28880ff7ecca,1,0,1,15,1,1769930942,2026-02-01 02:31:31
daaa3ac1-594c-48d2-9431-a8ced305ed5a,2,0,2,16,1,1769930942,2026-02-01 02:31:31
98af0e1d-ea33-4c6e-95fe-97846e81081e,8,5,3,4,1,1769930942,2026-02-01 02:31:31
8fc95e31-b025-4d2b-b5aa-240465366480,5,1,4,9,1,1769930942,2026-02-01 02:31:31
66db4158-0aca-11e7-82f6-3863bb44ef7c,31,25,6,5,1,1769930943,2026-02-01 02:31:31
66db3cab-0aca-11e7-82f6-3863bb44ef7c,4,1,2,21,1,1769930940,2026-02-01 02:31:31
1835247352748090208,7,2,5,11,1,1769930940,2026-02-01 02:31:31
19002a4c-3229-450b-ad69-76948696e60d,1,1,0,17,1,1769930941,2026-02-01 02:31:31
1834145064843958330,10,0,10,10,1,1769930941,2026-02-01 02:31:31
1828966882896859944,4,1,3,12,1,1769930941,2026-02-01 02:31:31
30d6520e-b612-4240-a9ff-eec12b02b263,7,2,5,14,1,1769930941,2026-02-01 02:31:31
66dbf73d-0aca-11e7-82f6-3863bb44ef7c,21,12,9,3,1,1769930941,2026-02-01 02:31:31
b90574d1-e9e7-45be-8adb-e38cb285fea5,0,0,0,16,1,1769930942,2026-02-01 02:31:31
1817432787057164808,13,0,13,6,1,1769930943,2026-02-01 02:31:31
1597ea95-0b6b-425a-8d13-ed86ee0754b5,1,0,1,17,1,1769930943,2026-02-01 02:31:31
66dbc982-0aca-11e7-82f6-3863bb44ef7c,14,7,7,91,1,1769930943,2026-02-01 02:31:31
0579ff13-5d5b-4cbd-bc6e-3e9396591aef,4,0,4,14,1,1769930943,2026-02-01 02:31:31
add829db-2feb-4e81-af61-056791a6e53b,1,1,0,24,1,1769930943,2026-02-01 02:31:31
50e05a9f-dce6-4315-a10d-1fa786fc18ee,9,2,7,30,1,1769930944,2026-02-01 02:31:31
66de56e5-0aca-11e7-82f6-3863bb44ef7c,15,1,14,5,1,1769930940,2026-02-01 02:31:31
66db4351-0aca-11e7-82f6-3863bb44ef7c,44,24,19,17,1,1769930938,2026-02-01 02:31:31
2126274178538511162,9,1,8,2,1,1769930938,2026-02-01 02:31:31
1884599469785421928,23,21,2,2,1,1769930939,2026-02-01 02:31:31
9e9acfaf-0bbf-4bc2-a825-b2befb6bee55,17,6,11,12,1,1769930945,2026-02-01 02:31:31
febf420f-bbec-4044-a3af-69959e018ccb,1,1,0,20,1,1769930945,2026-02-01 02:31:31
d5ca6311-7471-480f-9c79-38baaafe34ba,2,1,1,26,1,1769930939,2026-02-01 02:31:31
1835250318514342456,10,2,8,16,1,1769930939,2026-02-01 02:31:31
1786698158713921798,1,0,0,5,0,1769914459,2026-02-01 02:31:31
7e7d974c-a6ec-4d9a-b4ed-01a4d2056d8b,1,0,1,17,1,1769930940,2026-02-01 02:31:31
e24cb64d-10c2-48db-9440-59e63c0f1c95,14,0,13,10,1,1769930931,2026-02-01 02:31:31
e51c8b72-460f-41c2-a5ca-de85d3f46a30,20,7,13,25,1,1769930931,2026-02-01 02:31:31
66dd470b-0aca-11e7-82f6-3863bb44ef7c,12,1,11,29,1,1769930931,2026-02-01 02:31:31
412c1416-d15b-4e6a-9691-da4c3cc0d0d2,44,34,10,11,1,1769930931,2026-02-01 02:31:31
9157a3bc-43fa-4221-8bb8-17273fc09540,18,9,9,1,1,1769930931,2026-02-01 02:31:31
4780d9d1-b886-4e72-9d18-cb152f73e10a,2,1,1,17,1,1769930927,2026-02-01 02:31:31
7d455e9a-20b4-4b03-8248-0d982fdfa21b,3,1,2,14,1,1769930927,2026-02-01 02:31:31
66dd49eb-0aca-11e7-82f6-3863bb44ef7c,7,5,2,15,1,1769930928,2026-02-01 02:31:31
4cd5a87d-7618-4a15-892d-8cf29eec865c,16,4,12,0,1,1769930928,2026-02-01 02:31:31
d873e463-2dc9-4bf8-86c7-fea8ddaa3a9f,3,0,3,11,1,1769930928,2026-02-01 02:31:31
66db3aa3-0aca-11e7-82f6-3863bb44ef7c,21,21,0,22,1,1769930928,2026-02-01 02:31:31
1822663143025657920,16,2,14,2,1,1769930928,2026-02-01 02:31:31
d55dd622-0ced-4e4d-9ea5-2ef2cb6481a9,5,1,4,30,1,1769930929,2026-02-01 02:31:31
026fd07d-d810-45dc-9237-a3d84dce4fa9,15,5,10,4,1,1769930932,2026-02-01 02:31:31
eef98eb6-f550-49f9-a910-4d2863e6a591,1,1,0,18,1,1769930932,2026-02-01 02:31:31
1ec7ef9f-ab60-4a64-821d-883ba547273a,3,3,0,15,1,1769930932,2026-02-01 02:31:31
454b4a83-d0b1-42a2-8163-261e2a9d6ab9,4,2,2,72,1,1769930933,2026-02-01 02:31:31
c5861c24-5ac1-41df-82f1-31748d03e868,45,36,9,12,1,1769930932,2026-02-01 02:31:31
cbcbd880-9662-4ab1-b530-781bb101ed1f,1,1,0,13,1,1769930930,2026-02-01 02:31:31
a1cf7115-8e38-4300-aac8-3a2fddca0e23,18,1,17,7,1,1769930930,2026-02-01 02:31:31
66de5d57-0aca-11e7-82f6-3863bb44ef7c,2,0,2,17,1,1769930930,2026-02-01 02:31:31
f6c33f22-d650-4935-a928-fb693a828b5f,1,1,0,19,1,1769930929,2026-02-01 02:31:31
2c2cdc55-52a3-4140-b4d3-8409a98f130f,11,1,10,4,1,1769930960,2026-02-01 02:31:31
6661108f-28eb-4671-ad0c-36a311d325aa,6,0,6,8,1,1769930960,2026-02-01 02:31:31
66dbf442-0aca-11e7-82f6-3863bb44ef7c,6,1,5,66,1,1769930961,2026-02-01 02:31:31
2053884382031338034,3,3,0,39,1,1769930961,2026-02-01 02:31:31
89171660-8cef-443f-8f75-67503532d1ce,6,0,6,7,1,1769930960,2026-02-01 02:31:31
1960020817312746312,45,23,22,64,1,1769930961,2026-02-01 02:31:31
1431ec5c-242d-401b-b672-dbf95155999b,1,0,1,15,1,1769930961,2026-02-01 02:31:31
66dc28bd-0aca-11e7-82f6-3863bb44ef7c,10,2,8,31,1,1769930959,2026-02-01 02:31:31
9bd28b11-cf11-4938-abb2-dfa5ec800e32,16,3,13,0,1,1769930957,2026-02-01 02:31:31
66dbe4db-0aca-11e7-82f6-3863bb44ef7c,59,44,15,14,1,1769930958,2026-02-01 02:31:31
c702c094-b08f-449d-a41d-b3724f147491,9,0,9,11,1,1769930960,2026-02-01 02:31:31
08b9c491-a589-4e75-996c-2455c26fb356,4,2,2,16,1,1769930961,2026-02-01 02:31:31
66db6e49-0aca-11e7-82f6-3863bb44ef7c,9,3,6,31,1,1769930961,2026-02-01 02:31:31
66dc36c3-0aca-11e7-82f6-3863bb44ef7c,52,24,28,10,1,1769930959,2026-02-01 02:31:31
05b9e7cd-f3a2-4d48-b7c4-f5fbe09d9de3,15,0,15,7,1,1769930957,2026-02-01 02:31:31
897e8739-ee1d-4b2e-b151-ad7e64e87697,11,1,10,11,1,1769930962,2026-02-01 02:31:31
1862788101231526152,15,4,11,12,1,1769930962,2026-02-01 02:31:31
66dbce8a-0aca-11e7-82f6-3863bb44ef7c,47,29,17,3,1,1769930965,2026-02-01 02:31:31
5cb3a92d-f284-477c-bf63-ea72d24e8a7d,11,0,11,5,1,1769930966,2026-02-01 02:31:31
c83e1ef5-776e-417e-8ee2-d08ca121f884,1,0,1,16,1,1769930964,2026-02-01 02:31:31
1861680103893703034,2,2,0,17,1,1769930963,2026-02-01 02:31:31
1861681435029604706,5,1,4,14,1,1769930965,2026-02-01 02:31:31
72796825-88b1-43a0-bb6d-2b41d337b1fc,24,2,22,6,1,1769930964,2026-02-01 02:31:31
1851955603137491568,13,0,13,17,1,1769930965,2026-02-01 02:31:31
59f0cb81-e31b-4ba9-9159-3437c52f7505,0,0,0,15,1,1769930964,2026-02-01 02:31:31
43eac213-4603-4bc2-b6d6-b45013396282,21,9,12,8,1,1769930964,2026-02-01 02:31:31
66de1f17-0aca-11e7-82f6-3863bb44ef7c,14,11,3,4,1,1769930962,2026-02-01 02:31:31
c9c09ed0-0a52-4d6a-a999-b0848874e51f,1,1,0,16,1,1769930963,2026-02-01 02:31:31
1846449740982645546,10,1,9,5,1,1769930963,2026-02-01 02:31:31
66dcbdc2-0aca-11e7-82f6-3863bb44ef7c,3,1,2,17,1,1769930963,2026-02-01 02:31:31
a4368364-fa79-493c-8478-1d3471a6077f,52,32,20,19,1,1769930963,2026-02-01 02:31:31
e15a5c77-70b0-4b9d-9eae-f10ddda7d994,1,1,0,17,1,1769930963,2026-02-01 02:31:31
10c13fe2-34cb-4aff-bea1-4f5ce877769b,10,1,9,7,1,1769930963,2026-02-01 02:31:31
66db9845-0aca-11e7-82f6-3863bb44ef7c,42,34,7,5,1,1769930965,2026-02-01 02:31:31
8a24490d-d5c5-4bac-9e36-56967834fc10,3,3,0,15,1,1769930965,2026-02-01 02:31:31
a381b37a-a928-4834-87ee-da9922cb3b3d,23,18,5,5,1,1769930966,2026-02-01 02:31:31
bd318c15-5c3d-4e72-9837-3b4bd37707e0,1,1,0,17,1,1769930967,2026-02-01 02:31:31
1843486757863039016,12,0,12,1,1,1769930967,2026-02-01 02:31:31
cdb6e2aa-4da3-4ed7-9b13-ce626addf6b0,4,3,1,47,1,1769930968,2026-02-01 02:31:31
66dcf897-0aca-11e7-82f6-3863bb44ef7c,9,3,6,16,1,1769930968,2026-02-01 02:31:31
1836581714456697424,8,0,8,13,1,1769930968,2026-02-01 02:31:31
66dc91b5-0aca-11e7-82f6-3863bb44ef7c,33,17,16,6,1,1769930963,2026-02-01 02:31:31
46a1ff6c-6131-414a-9ef6-65a8db7d305f,0,0,0,21,1,1769930971,2026-02-01 02:31:31
01f01352-50d4-484e-a611-576b18ac373a,24,6,18,3,1,1769930971,2026-02-01 02:31:31
dd8627c8-4190-4a30-8758-e77a7b010437,13,5,8,27,1,1769930972,2026-02-01 02:31:31
acfeadeb-73bb-4ec3-b809-78675b01af74,0,0,0,16,1,1769930972,2026-02-01 02:31:31
c7be2714-14db-421f-a19e-f6a7bf6e8d26,1,0,1,19,1,1769930972,2026-02-01 02:31:31
1861682960046954694,14,11,3,1,1,1769930972,2026-02-01 02:31:31
344064f8-e82f-40fb-b235-aff506b77ae5,3,0,3,24,1,1769930972,2026-02-01 02:31:31
1823008749757202820,11,1,10,10,1,1769930968,2026-02-01 02:31:31
1960020540642077008,18,12,6,24,1,1769930968,2026-02-01 02:31:31
17c45d34-0d8d-46ba-9078-e9a2a7c5867c,4,1,3,20,1,1769930968,2026-02-01 02:31:31
66dc7957-0aca-11e7-82f6-3863bb44ef7c,10,7,3,63,1,1769930971,2026-02-01 02:31:31
8ce7325e-d5c7-46f9-9b73-95356e48c3eb,6,1,5,8,1,1769930970,2026-02-01 02:31:31
99d149f9-ad40-461e-beea-fcbf086f9b5a,8,5,3,51,1,1769930970,2026-02-01 02:31:31
533f25a0-514f-456f-9d87-5fdcb4ee42f4,13,10,3,1,1,1769930969,2026-02-01 02:31:31
35915f48-31c5-499a-b845-2ca2fb541904,11,0,11,25,1,1769930968,2026-02-01 02:31:31
bf093f72-1d8d-44ae-91b5-e36958a27976,8,8,0,12,1,1769930969,2026-02-01 02:31:31
1975518396279321266,46,35,10,22,1,1769930923,2026-02-01 02:31:31
d07790cd-1acd-4f74-b5f1-3d70f8a8a526,5,4,1,18,1,1769930923,2026-02-01 02:31:31
3bfc859b-5c5f-43bc-b2e7-b64ed8ea9ede,0,0,0,12,0,1769790486,2026-02-01 02:31:31
66dea4bf-0aca-11e7-82f6-3863bb44ef7c,29,6,23,5,1,1769930923,2026-02-01 02:31:31
3c21925c-d68e-497c-b501-982d3eb3e852,10,7,3,4,1,1769930923,2026-02-01 02:31:31
af626e61-9f83-4602-a9b1-038b1c1430e6,13,0,13,6,1,1769930921,2026-02-01 02:31:31
66dbc8f5-0aca-11e7-82f6-3863bb44ef7c,39,17,22,23,1,1769930921,2026-02-01 02:31:31
97bcf094-ad77-4743-9c94-832c7300c090,10,5,5,5,1,1769930926,2026-02-01 02:31:31
2af3ecc3-4f43-468a-a7cc-bb4804ee3e7a,14,13,1,34,1,1769930926,2026-02-01 02:31:31
74a1dc19-f894-4246-99f1-476a92452995,1,0,1,21,1,1769930927,2026-02-01 02:31:31
3bf91ca1-14fd-4e51-858e-36a203f1af2a,2,2,0,15,1,1769930924,2026-02-01 02:31:31
66de2625-0aca-11e7-82f6-3863bb44ef7c,10,2,8,20,1,1769930924,2026-02-01 02:31:31
66dc51e9-0aca-11e7-82f6-3863bb44ef7c,11,7,4,32,1,1769930924,2026-02-01 02:31:31
1843486301383097150,1,0,1,24,1,1769930924,2026-02-01 02:31:31
05969d95-8a64-4007-abf1-afb847f2d426,6,2,3,15,1,1769930924,2026-02-01 02:31:31
1835249854657874848,1,0,1,15,1,1769930925,2026-02-01 02:31:31
66f68197-4897-4576-896a-48e0312104c5,11,0,11,13,1,1769930925,2026-02-01 02:31:31
09b00240-4c2a-4900-9d09-f13344461c02,6,1,5,11,1,1769930924,2026-02-01 02:31:31
a11a0000-19cf-4053-b3a1-3a5886d7446c,15,0,15,21,1,1769930924,2026-02-01 02:31:31
6a671276-d345-4a4c-a7df-98f5dbb19e4c,2,0,2,17,1,1769930926,2026-02-01 02:31:31
66de2131-0aca-11e7-82f6-3863bb44ef7c,3,0,3,22,1,1769930899,2026-02-01 02:31:31
1d977221-b2b5-4fa2-bba0-b00136834fb3,0,0,0,15,1,1769930900,2026-02-01 02:31:31
96cf4c1a-db2c-4d4b-af34-c31281b5904b,5,0,5,12,1,1769930900,2026-02-01 02:31:31
1786696251091417274,0,0,0,31,1,1769930901,2026-02-01 02:31:31
1828968611856235508,2,1,1,15,1,1769930903,2026-02-01 02:31:31
1877651952425321214,5,0,5,9,1,1769930897,2026-02-01 02:31:31
66de1af4-0aca-11e7-82f6-3863bb44ef7c,4,2,1,23,1,1769930897,2026-02-01 02:31:31
8c700e85-cfdb-4eef-ba49-53bd69c004ed,8,5,3,10,1,1769930898,2026-02-01 02:31:31
66dc78c4-0aca-11e7-82f6-3863bb44ef7c,24,17,7,26,1,1769930903,2026-02-01 02:31:31
1815967313905864892,7,0,7,8,1,1769930902,2026-02-01 02:31:31
bdefa3e3-aa5a-40eb-b7f8-542de55063e9,5,0,5,11,1,1769930898,2026-02-01 02:31:31
66dd2556-0aca-11e7-82f6-3863bb44ef7c,8,7,1,31,1,1769930899,2026-02-01 02:31:31
062f0ac2-b3b6-4c15-b470-92ce9b592635,12,0,12,4,1,1769930898,2026-02-01 02:31:31
66dc0c53-0aca-11e7-82f6-3863bb44ef7c,5,1,4,14,1,1769930898,2026-02-01 02:31:31
1814900353536621062,11,5,6,11,1,1769930902,2026-02-01 02:31:31
66dc1545-0aca-11e7-82f6-3863bb44ef7c,3,2,1,22,1,1769930902,2026-02-01 02:31:31
1945126147213275898,5,0,5,16,1,1769930903,2026-02-01 02:31:31
66dcbefb-0aca-11e7-82f6-3863bb44ef7c,1,1,0,16,1,1769930903,2026-02-01 02:31:31
66dbef85-0aca-11e7-82f6-3863bb44ef7c,16,11,5,18,1,1769930882,2026-02-01 02:31:31
56e18295-f760-4bf3-8aa3-5a1e4ebf606f,13,1,12,5,1,1769930882,2026-02-01 02:31:31
09a0c507-7cda-4f3f-9988-78de0baa28e4,3,1,2,17,1,1769930882,2026-02-01 02:31:31
8cb0375d-bcb2-4c90-9773-41c3c8fdf8d8,8,7,1,70,1,1769930882,2026-02-01 02:31:31
1857217122161783302,16,1,15,5,1,1769930883,2026-02-01 02:31:31
6853d09a-cbd8-4378-bc23-02e8bba0b4da,2,0,2,17,1,1769930882,2026-02-01 02:31:31
1828969851041055492,15,12,3,5,1,1769930881,2026-02-01 02:31:31
b1f67e5c-7c26-4bf3-a90e-1500a3160d60,5,0,5,15,1,1769930881,2026-02-01 02:31:31
2039088532741595744,34,7,27,8,1,1769930881,2026-02-01 02:31:31
66dd25e0-0aca-11e7-82f6-3863bb44ef7c,13,10,3,10,1,1769930881,2026-02-01 02:31:31
01a1343d-9c7b-4a83-8a5a-a600187f19c4,9,1,8,16,1,1769930884,2026-02-01 02:31:31
1838070703178521596,0,0,0,18,1,1769930885,2026-02-01 02:31:31
b94cc90e-9ca2-4471-8371-23be051e0157,0,0,0,73,1,1769930885,2026-02-01 02:31:31
66db32fb-0aca-11e7-82f6-3863bb44ef7c,4,1,3,92,1,1769930886,2026-02-01 02:31:31
a6287af0-9a9e-4708-b61f-8e758be4b914,1,0,1,15,1,1769930886,2026-02-01 02:31:31
66ddb7bf-0aca-11e7-82f6-3863bb44ef7c,11,9,2,18,1,1769930883,2026-02-01 02:31:31
058ee86d-ce2a-4597-99f7-f78f082b33e3,0,0,0,18,1,1769930882,2026-02-01 02:31:31
9505c2b7-0c3a-4791-8471-d2092a86291f,17,0,17,1,1,1769930909,2026-02-01 02:31:31
9e99abca-c679-4788-9a4e-39066660bd6a,3,1,2,12,1,1769930908,2026-02-01 02:31:31
6bc5598a-9eb8-44d2-adc0-d93b93af1924,9,0,9,3,1,1769930909,2026-02-01 02:31:31
38975061-0d90-43a3-87c1-8905b374d5d9,11,0,11,8,1,1769930904,2026-02-01 02:31:31
66db2953-0aca-11e7-82f6-3863bb44ef7c,43,2,41,2,1,1769930904,2026-02-01 02:31:31
1869754328201607270,1,0,1,13,1,1769930905,2026-02-01 02:31:31
ecb2eebe-67c0-43b8-baae-71abb1a0ec6a,0,0,0,27,1,1769930904,2026-02-01 02:31:31
66dd4de9-0aca-11e7-82f6-3863bb44ef7c,6,6,0,41,1,1769930905,2026-02-01 02:31:31
1828968994833044184,3,1,2,15,1,1769930905,2026-02-01 02:31:31
1846086768160082632,8,4,4,13,1,1769930906,2026-02-01 02:31:31
1860189426558126796,0,0,0,12,0,1769928512,2026-02-01 02:31:31
66dd4981-0aca-11e7-82f6-3863bb44ef7c,13,2,11,6,1,1769930906,2026-02-01 02:31:31
66dc7b10-0aca-11e7-82f6-3863bb44ef7c,3,0,3,71,1,1769930908,2026-02-01 02:31:31
72196024-6f2b-45cb-9764-609911c7dc0b,0,0,0,0,0,1769930907,2026-02-01 02:31:31
1789e458-c466-4d77-aba6-365f5c3823ed,5,0,5,15,1,1769930908,2026-02-01 02:31:31
66dc0d3a-0aca-11e7-82f6-3863bb44ef7c,2,1,1,12,1,1769930908,2026-02-01 02:31:31
1914337145288845316,16,2,14,6,1,1769930907,2026-02-01 02:31:31
de449a58-0edf-4d36-91b4-4b313576e945,8,1,7,6,1,1769930906,2026-02-01 02:31:31
16e17ca1-b2dc-47d0-8c8b-199cb4736fe7,2,0,2,13,1,1769930907,2026-02-01 02:31:31
5b0b689f-9bd2-4743-b4cc-d4629a9a709b,20,2,18,1,1,1769930907,2026-02-01 02:31:31
66dd52c8-0aca-11e7-82f6-3863bb44ef7c,2,2,0,37,1,1769930907,2026-02-01 02:31:31
66dd40dd-0aca-11e7-82f6-3863bb44ef7c,6,2,4,17,1,1769930906,2026-02-01 02:31:31
b5010362-af16-4357-8fb7-5958576954c0,11,0,11,15,1,1769930909,2026-02-01 02:31:31
66dbc6ae-0aca-11e7-82f6-3863bb44ef7c,10,1,9,45,1,1769930976,2026-02-01 02:31:31
66dcca76-0aca-11e7-82f6-3863bb44ef7c,3,1,2,19,1,1769930976,2026-02-01 02:31:31
27c71510-d515-4add-b660-6efd6f225cd1,13,5,8,4,1,1769930976,2026-02-01 02:31:31
66de07ec-0aca-11e7-82f6-3863bb44ef7c,18,1,17,0,1,1769930977,2026-02-01 02:31:31
66dd42eb-0aca-11e7-82f6-3863bb44ef7c,2,2,1,55,1,1769930972,2026-02-01 02:31:31
17aeb1e3-fd18-4cf9-9473-17dfa5b0a312,1,1,0,16,1,1769930972,2026-02-01 02:31:31
1929513834381415014,8,1,7,12,1,1769930973,2026-02-01 02:31:31
66db316a-0aca-11e7-82f6-3863bb44ef7c,7,1,6,6,1,1769930973,2026-02-01 02:31:31
66dc86d9-0aca-11e7-82f6-3863bb44ef7c,1,0,0,0,0,1769930973,2026-02-01 02:31:31
c0b541ae-9e66-4739-babb-483180747dc2,3,1,2,13,1,1769930974,2026-02-01 02:31:31
bfea6c5b-2e1a-42c5-8199-2ded6042d57b,6,1,5,18,1,1769930974,2026-02-01 02:31:31
b6a4770e-9077-4a0e-a0fb-b45b1d457559,37,20,17,6,1,1769930974,2026-02-01 02:31:31
66dca6f4-0aca-11e7-82f6-3863bb44ef7c,1,0,1,30,1,1769930974,2026-02-01 02:31:31
66dcec6b-0aca-11e7-82f6-3863bb44ef7c,5,3,2,25,1,1769930977,2026-02-01 02:31:31
8df41833-c7bf-4171-bdab-58d64f6ade54,15,1,14,1,1,1769930977,2026-02-01 02:31:31
66dc209c-0aca-11e7-82f6-3863bb44ef7c,31,9,22,25,1,1769930976,2026-02-01 02:31:31
66db3f01-0aca-11e7-82f6-3863bb44ef7c,2,1,1,44,1,1769930976,2026-02-01 02:31:31
2126621026154598618,9,2,7,3,1,1769930976,2026-02-01 02:31:31
4753c1ba-a86e-431e-94fb-06403cdee4d7,16,6,10,10,1,1769930977,2026-02-01 02:31:31
21361381-fd4a-44a4-bfa7-61f075192ce9,0,0,0,20,0,1769841015,2026-02-01 02:31:31
0183d7d4-9e11-4429-94db-666a31239871,14,1,13,15,1,1769930978,2026-02-01 02:31:31
d319629d-63cf-4765-9f69-5569f35d6469,2,1,1,15,1,1769930979,2026-02-01 02:31:31
1862787990429630662,2,1,1,16,1,1769930972,2026-02-01 02:31:31
138094a0-cd7d-4014-9b21-4fb2afd3980e,12,1,11,12,1,1769930972,2026-02-01 02:31:31
0096fecb-3a56-4585-9204-aa9554f7bc49,15,0,15,30,1,1769930981,2026-02-01 02:31:31
66de1580-0aca-11e7-82f6-3863bb44ef7c,2,1,1,31,1,1769930981,2026-02-01 02:31:31
9459fca8-b044-4ed1-8f2c-c5db11ba868f,3,0,3,22,1,1769930982,2026-02-01 02:31:31
facb0195-8daa-46e3-95e1-6f22fb678e8a,1,1,0,18,1,1769930982,2026-02-01 02:31:31
66de1448-0aca-11e7-82f6-3863bb44ef7c,6,1,5,14,1,1769930983,2026-02-01 02:31:31
22ac9559-d7f1-4dcd-ae3e-f6caf586a455,18,11,7,3,1,1769930983,2026-02-01 02:31:31
4dde902d-512c-4e9e-8899-a68424ed87c0,15,2,13,16,1,1769930983,2026-02-01 02:31:31
b1f3eb8c-07f9-479f-a8ab-f04e094bc7d0,9,1,8,9,1,1769930983,2026-02-01 02:31:31
3134bce7-0bb9-4a45-9c87-60a8cb681d72,3,0,3,13,1,1769930979,2026-02-01 02:31:31
1875413335585534272,0,0,0,21,1,1769930980,2026-02-01 02:31:31
66db29e6-0aca-11e7-82f6-3863bb44ef7c,5,1,4,6,1,1769930979,2026-02-01 02:31:31
66dbe250-0aca-11e7-82f6-3863bb44ef7c,4,4,0,14,1,1769930980,2026-02-01 02:31:31
d473f31f-68f2-4777-a364-ed127db04345,3,0,3,12,1,1769930980,2026-02-01 02:31:31
b200a8bf-2d79-4511-9a16-ac41e7245622,7,0,7,16,1,1769930979,2026-02-01 02:31:31
16cbe771-8fca-4437-b9d2-374e00da6c3a,6,0,6,14,1,1769930984,2026-02-01 02:31:31
d5788cfa-817e-4b65-b43f-edda222a3c3c,5,3,2,17,1,1769930981,2026-02-01 02:31:31
2126224759932600578,2,2,0,4,1,1769930983,2026-02-01 02:31:31
66ddb41c-0aca-11e7-82f6-3863bb44ef7c,22,19,3,4,1,1769930983,2026-02-01 02:31:31
cae4f2f4-9642-474c-95cc-6cc07592f120,13,10,3,15,1,1769930988,2026-02-01 02:31:31
36ddce8f-bd83-4a05-b601-b526fb4d8628,1,0,1,17,1,1769930988,2026-02-01 02:31:31
1820420129807491554,12,0,12,4,1,1769930988,2026-02-01 02:31:31
1c82b223-42ba-4d15-8e8a-bd8ae2a57cde,8,8,0,6,1,1769930987,2026-02-01 02:31:31
66dde079-0aca-11e7-82f6-3863bb44ef7c,3,2,1,40,1,1769930987,2026-02-01 02:31:31
1ddadf67-ae08-4e86-bdda-236629b9eabd,9,9,0,14,1,1769930987,2026-02-01 02:31:31
311269f4-53dc-4f83-b26b-ecb6e8e160ed,2,0,2,17,1,1769930987,2026-02-01 02:31:31
1e590819-53fd-415c-bc28-aed605ad3bcb,2,0,2,14,1,1769930987,2026-02-01 02:31:31
fbee1143-e93f-418d-b6bc-8fde4a9a8746,4,1,3,43,1,1769930988,2026-02-01 02:31:31
943be327-0320-4ae1-8eb0-8a56f86a4fb6,7,1,6,15,1,1769930987,2026-02-01 02:31:31
bca594e5-779f-4866-bd6b-818871f97d38,22,2,20,1,1,1769930985,2026-02-01 02:31:31
1b28836b-29fd-47a7-9a98-44cd792918fb,35,13,22,4,1,1769930984,2026-02-01 02:31:31
833bc8bc-3c32-4481-9c14-9a88aa7accec,26,20,6,12,1,1769930984,2026-02-01 02:31:31
78e93937-53d1-4c9b-99ad-0460f908ed2d,4,2,2,7,1,1769930985,2026-02-01 02:31:31
faf021ad-9de5-44bd-b7f5-48127e8d5fea,19,1,18,0,1,1769930985,2026-02-01 02:31:31
968d40e0-2a5b-4f6c-a161-fad1631b609b,2,1,1,12,1,1769930985,2026-02-01 02:31:31
30a75e12-5327-48f0-8155-3925aa934054,1,0,1,15,1,1769930990,2026-02-01 02:31:31
1947313784686131504,9,1,8,5,1,1769930990,2026-02-01 02:31:31
9789dc0f-1eb6-4830-bda9-1ce5f1413e19,2,0,2,16,1,1769930988,2026-02-01 02:31:31
2053867202510006310,17,0,17,1,1,1769930988,2026-02-01 02:31:31
39112ced-337f-4b71-9df6-291cd4265cc9,8,0,8,10,1,1769930989,2026-02-01 02:31:31
88bf1344-354f-4699-bdbd-1c2584fc41ee,5,2,3,18,1,1769930986,2026-02-01 02:31:31
66dc73b0-0aca-11e7-82f6-3863bb44ef7c,10,5,5,26,1,1769930986,2026-02-01 02:31:31
66dd8bd9-0aca-11e7-82f6-3863bb44ef7c,14,6,8,6,1,1769930986,2026-02-01 02:31:31
66ddeca9-0aca-11e7-82f6-3863bb44ef7c,16,2,14,3,1,1769930989,2026-02-01 02:31:31
dcdaa64b-4d2c-4017-bfb9-da25924f851d,5,3,2,11,1,1769930986,2026-02-01 02:31:31
40042fb4-6ddd-4f74-bb52-5af3e4e08c8d,5,1,4,18,1,1769930996,2026-02-01 02:31:31
9341ee1c-d456-4858-a451-70cbbd73d084,9,1,8,19,1,1769930996,2026-02-01 02:31:31
ab79da3d-f92a-42de-a76d-e05b5d7e724c,6,6,0,12,1,1769930996,2026-02-01 02:31:31
66dccd65-0aca-11e7-82f6-3863bb44ef7c,15,0,15,6,1,1769930997,2026-02-01 02:31:31
6c3b486e-603c-4158-91ac-adc06ac01535,14,9,5,9,1,1769930997,2026-02-01 02:31:31
66dcbb2c-0aca-11e7-82f6-3863bb44ef7c,3,2,1,23,1,1769930997,2026-02-01 02:31:31
2c366f4b-8319-41bf-ab8e-2fba3a952feb,4,1,3,37,1,1769930997,2026-02-01 02:31:31
66db6387-0aca-11e7-82f6-3863bb44ef7c,78,38,40,13,1,1769930997,2026-02-01 02:31:31
66de1a8a-0aca-11e7-82f6-3863bb44ef7c,2,1,1,14,1,1769930997,2026-02-01 02:31:31
1794096976946852066,35,19,16,14,1,1769930997,2026-02-01 02:31:31
2122552934440059494,2,1,1,14,1,1769930997,2026-02-01 02:31:31
1882735162923150168,20,5,15,3,1,1769930998,2026-02-01 02:31:31
05c5e17c-7aa9-49b7-9da3-9db4858ec1fc,16,12,4,5,1,1769930998,2026-02-01 02:31:31
079b5a90-1d2b-40b2-b1e9-71c075f16b89,3,0,3,15,1,1769930998,2026-02-01 02:31:31
1286480d-5d6d-4a47-9fac-e156dba2b6fc,38,23,15,1,1,1769930998,2026-02-01 02:31:31
b9970fb5-176c-4a66-8772-6d76c4b6245a,3,0,3,15,1,1769930998,2026-02-01 02:31:31
1848241332086049696,0,0,0,21,1,1769930998,2026-02-01 02:31:31
1828967717120678322,8,3,5,11,1,1769930998,2026-02-01 02:31:31
2126624772423916318,4,0,4,5,1,1769930999,2026-02-01 02:31:31
66db3a1e-0aca-11e7-82f6-3863bb44ef7c,7,5,1,6,1,1769930999,2026-02-01 02:31:31
66dded11-0aca-11e7-82f6-3863bb44ef7c,29,7,22,2,1,1769930999,2026-02-01 02:31:31
7efcb97f-6c8f-4445-86a9-3f758a822f17,3,3,0,29,1,1769930999,2026-02-01 02:31:31
1835250080052323168,0,0,0,0,0,86400,2026-02-01 02:31:31
2171903032377767128,0,0,0,0,0,86400,2026-02-01 02:31:31
2171903970740122034,0,0,0,0,0,86400,2026-02-01 02:31:31
2177015115528916668,0,0,0,0,0,86400,2026-02-01 02:31:31
2177015776583073844,0,0,0,0,0,86400,2026-02-01 02:31:31
2177017159407891310,0,0,0,0,0,86400,2026-02-01 02:31:31
2177015450536365760,0,0,0,0,0,86400,2026-02-01 02:31:31
2177015274071900204,0,0,0,0,0,86400,2026-02-01 02:31:31
2177016197335217002,0,0,0,0,0,86400,2026-02-01 02:31:31
2171902607371571344,0,0,0,0,0,86400,2026-02-01 02:31:31
2171903385631266470,0,0,0,0,0,86400,2026-02-01 02:31:31
61c82689-3f4c-495d-8f44-e71de8f04088,0,0,0,70,0,1769858367,2026-02-01 02:31:31
1861681740276243358,0,0,0,2,0,1769805304,2026-02-01 02:31:31
c6c10756-ef41-491a-8e6c-ee0aa27b8cbe,0,0,0,18,0,1769831123,2026-02-01 02:31:31
3d6b7c84-7e5a-454d-aa9d-c66eb92383be,0,0,0,19,0,1769856530,2026-02-01 02:31:31
fc774664-3c9b-4a8f-a79e-f6907db00a1d,0,0,0,22,0,1769797742,2026-02-01 02:31:31
d7c56fef-1bf9-4315-85af-8638c534b402,0,0,0,5,0,1769825344,2026-02-01 02:31:31
8ec47777-852d-4059-a5ea-12eef71a9606,0,0,0,0,0,1769913343,2026-02-01 02:31:31
1905394575114219798,0,0,0,11,0,1769868163,2026-02-01 02:31:31
a68acb0c-4244-416a-bf59-ca55d3120cdd,0,0,0,1,0,1769844962,2026-02-01 02:31:31
70634bc4-4d90-42d4-8f6a-3f29fa8f7f77,0,0,0,11,0,1769707198,2026-02-01 02:31:31
0f6fd186-656a-41b3-ba4a-456d22da177c,16,6,10,8,1,1769930879,2026-02-01 02:31:31
66db3816-0aca-11e7-82f6-3863bb44ef7c,25,6,19,1,1,1769930880,2026-02-01 02:31:31
66dd9dba-0aca-11e7-82f6-3863bb44ef7c,14,14,0,21,1,1769930877,2026-02-01 02:31:31
66dbbeda-0aca-11e7-82f6-3863bb44ef7c,20,12,8,54,1,1769930878,2026-02-01 02:31:31
b79bb851-130f-473d-83fc-f602aa0a4ca9,0,0,0,20,1,1769930878,2026-02-01 02:31:31
66dd4423-0aca-11e7-82f6-3863bb44ef7c,24,20,3,2,1,1769930882,2026-02-01 02:31:31
adb67652-c20d-4dd2-8e89-d6015b801c1a,0,0,0,17,1,1769930884,2026-02-01 02:31:31
1826348745879909352,12,1,11,3,1,1769930881,2026-02-01 02:31:31
1817803079955479336,8,0,8,10,1,1769930885,2026-02-01 02:31:31
f8c1c90f-4ec0-44bd-b097-cfafc887744d,31,1,30,1,1,1769930886,2026-02-01 02:31:31
1817432709747753390,8,1,7,11,1,1769930883,2026-02-01 02:31:31
c4377169-c19e-47e1-90a4-c4e14bb41601,7,1,6,15,1,1769930883,2026-02-01 02:31:31
1856767361963389606,9,2,7,0,1,1769930887,2026-02-01 02:31:31
e36b5913-8e46-4c2a-b9be-73bdf8ee548b,8,5,3,42,1,1769930887,2026-02-01 02:31:31
3fed8016-0be0-47f5-8663-2e850ec47288,16,0,16,1,1,1769930888,2026-02-01 02:31:31
6ff2eec8-2b72-490a-b1c3-f9892ab3a724,0,0,0,45,1,1769930889,2026-02-01 02:31:31
1828969634783171152,14,1,13,2,1,1769930889,2026-02-01 02:31:31
66dbf215-0aca-11e7-82f6-3863bb44ef7c,27,8,19,7,1,1769930890,2026-02-01 02:31:31
dfb8b9c8-3006-4b76-963a-95f7471dc0a8,10,0,10,3,1,1769930892,2026-02-01 02:31:31
5b4a90b8-426d-4a40-a7ca-87e51d690883,8,7,1,23,1,1769930889,2026-02-01 02:31:31
66de18d7-0aca-11e7-82f6-3863bb44ef7c,12,0,12,2,1,1769930890,2026-02-01 02:31:31
66dd9b0f-0aca-11e7-82f6-3863bb44ef7c,11,9,2,25,1,1769930890,2026-02-01 02:31:31
1890927910885612334,18,2,16,0,1,1769930890,2026-02-01 02:31:31
16836c76-c412-4ec3-bac8-3c6a5a3d9745,6,5,1,14,1,1769930891,2026-02-01 02:31:31
1856767555236917834,17,2,15,3,1,1769930891,2026-02-01 02:31:31
66db3898-0aca-11e7-82f6-3863bb44ef7c,11,10,1,10,1,1769930893,2026-02-01 02:31:31
66dbecd0-0aca-11e7-82f6-3863bb44ef7c,2,1,1,43,1,1769930899,2026-02-01 02:31:31
f6143531-4a16-4aac-9b55-573ef7ef162e,3,1,2,14,1,1769930897,2026-02-01 02:31:31
8d8a381c-21df-4095-837e-65924d85a06d,0,0,0,18,1,1769930894,2026-02-01 02:31:31
272c0389-5e4a-41a9-ad6c-2dccdfa55af9,2,2,0,22,1,1769930894,2026-02-01 02:31:31
66dc176f-0aca-11e7-82f6-3863bb44ef7c,54,44,10,8,1,1769930894,2026-02-01 02:31:31
1846086562569586930,7,1,6,8,1,1769930894,2026-02-01 02:31:31
0b857ee5-3d10-4152-952e-95fbaf06677a,1,1,0,22,1,1769930894,2026-02-01 02:31:31
9b0c2c99-214f-4e15-b476-1626c03a9e4e,30,15,15,26,1,1769930895,2026-02-01 02:31:31
1fba77e2-66ab-4e9c-9f9a-4ec4f11fd80b,3,1,2,22,1,1769930894,2026-02-01 02:31:31
1913990214925537808,16,6,10,5,1,1769930899,2026-02-01 02:31:31
9eb98b3b-ea35-483f-91f6-d90c506152db,9,0,9,12,1,1769930900,2026-02-01 02:31:31
8dfff4bd-0f3c-43af-bc55-a63850f66c6b,8,4,4,7,1,1769930900,2026-02-01 02:31:31
3d340fc5-8c86-4d5e-974d-ae28958e61e8,39,28,11,8,1,1769930904,2026-02-01 02:31:31
1869439170989701358,18,1,17,0,1,1769930899,2026-02-01 02:31:31
a7c09fde-76e8-4a56-b61d-8ca940432efd,5,1,4,13,1,1769930900,2026-02-01 02:31:31
b4ae292d-5e89-4c58-8154-0496893394b5,1,0,1,19,1,1769930901,2026-02-01 02:31:31
0258da92-f770-4acc-b20b-91b78aff791e,17,0,17,3,1,1769930904,2026-02-01 02:31:31
566935d6-4d66-4b42-9822-f2a816e357b9,5,4,1,21,1,1769930904,2026-02-01 02:31:31
1835249448692130546,5,0,5,12,1,1769930902,2026-02-01 02:31:31
1797078913880883846,2,2,0,15,1,1769930902,2026-02-01 02:31:31
f42b3158-3f78-4a62-964a-8cc554d69c35,11,0,11,1,1,1769930902,2026-02-01 02:31:31
66db460d-0aca-11e7-82f6-3863bb44ef7c,0,0,0,0,0,1769930911,2026-02-01 02:31:31
9d56294e-61fc-4176-bb9c-4692f45bb374,16,3,13,0,1,1769930911,2026-02-01 02:31:31
1abd4668-ed6b-4930-8177-17239ae75a9e,2,0,2,17,1,1769930911,2026-02-01 02:31:31
28a2436d-a52b-4fa4-874c-e096012a926d,9,8,1,4,1,1769930912,2026-02-01 02:31:31
1861681959015615218,2,2,0,23,1,1769930905,2026-02-01 02:31:31
26599393-b967-44a6-a998-cb72ca53cd9e,8,1,7,10,1,1769930902,2026-02-01 02:31:31
06109e92-4363-445a-9743-0457f6799530,10,1,9,62,1,1769930903,2026-02-01 02:31:31
f3f46097-54cf-4c30-805a-6b2a4851eed7,0,0,0,24,1,1769930903,2026-02-01 02:31:31
8b830188-101e-44bf-a755-5e6c611e3edc,19,0,19,3,1,1769930903,2026-02-01 02:31:31
66db728c-0aca-11e7-82f6-3863bb44ef7c,25,9,16,26,1,1769930911,2026-02-01 02:31:31
a82599ce-99ca-4670-8053-baada198034a,49,5,44,3,1,1769930909,2026-02-01 02:31:31
c0f952d9-538e-4836-b936-fa97123cbf13,2,0,2,15,1,1769930934,2026-02-01 02:31:31
89d4a926-f1ae-4bf2-bf2d-59cff3881579,0,0,0,11,0,1769389491,2026-02-01 02:31:31
3c5a8531-4eec-4695-b4f8-8a1158890e78,5,3,2,11,1,1769930931,2026-02-01 02:31:31
66dccc99-0aca-11e7-82f6-3863bb44ef7c,14,0,13,14,1,1769930932,2026-02-01 02:31:31
1849009794224623642,12,0,12,0,1,1769930932,2026-02-01 02:31:31
66dc4334-0aca-11e7-82f6-3863bb44ef7c,8,4,4,14,1,1769930932,2026-02-01 02:31:31
1861682182353914188,8,0,8,10,1,1769930932,2026-02-01 02:31:31
1846085836152179090,4,1,3,15,1,1769930933,2026-02-01 02:31:31
1862787688044743624,0,0,0,8,0,1769919230,2026-02-01 02:31:31
8ea3301f-6940-4e0f-80f0-7a3e54b2eaa5,6,6,0,10,1,1769930933,2026-02-01 02:31:31
05d03a63-b5f2-40d9-9a3d-d2fe666a307f,7,0,7,15,1,1769930933,2026-02-01 02:31:31
f47c7f15-1c30-4199-a09f-134f0f0f684b,7,1,6,17,1,1769930930,2026-02-01 02:31:31
66dca5f3-0aca-11e7-82f6-3863bb44ef7c,3,0,3,41,1,1769930931,2026-02-01 02:31:31
2088792249063596144,15,8,7,6,1,1769930935,2026-02-01 02:31:31
1828968327357059242,8,0,8,11,1,1769930929,2026-02-01 02:31:31
66de1a1f-0aca-11e7-82f6-3863bb44ef7c,0,0,0,28,0,1769808479,2026-02-01 02:31:31
2025623258130320038,12,1,11,13,1,1769930930,2026-02-01 02:31:31
c72970e7-7f1a-4671-bf55-fc34be7c9413,8,0,8,7,1,1769930930,2026-02-01 02:31:31
1828967499459705054,10,0,10,7,1,1769930934,2026-02-01 02:31:31
0efa08a3-1c38-48fe-ab37-8c9b72b20126,14,3,11,2,1,1769930934,2026-02-01 02:31:31
1835247598942507168,1,1,0,16,1,1769930966,2026-02-01 02:31:31
4e862dc1-0652-4f29-a26f-315d763df67d,25,8,17,27,1,1769930966,2026-02-01 02:31:31
74f913d2-6eac-49ce-bd6d-53a06fa855a6,9,0,9,5,1,1769930966,2026-02-01 02:31:31
66de4b0b-0aca-11e7-82f6-3863bb44ef7c,11,0,11,11,1,1769930967,2026-02-01 02:31:31
1984510483573713186,3,1,2,56,1,1769930967,2026-02-01 02:31:31
66dbf362-0aca-11e7-82f6-3863bb44ef7c,20,3,17,22,1,1769930968,2026-02-01 02:31:31
66db4417-0aca-11e7-82f6-3863bb44ef7c,39,30,9,0,1,1769930965,2026-02-01 02:31:31
814dd1a9-100c-4b1b-8110-6319bbd464e9,2,0,2,18,1,1769930966,2026-02-01 02:31:31
398ebef6-dcc2-4305-b1d2-47efafdaa85c,1,0,1,17,1,1769930962,2026-02-01 02:31:31
b5861c2d-d687-4308-bf2d-5f69fc28cc4a,17,1,16,3,1,1769930961,2026-02-01 02:31:31
1838070940162509196,3,0,3,16,1,1769930962,2026-02-01 02:31:31
1786686999403592506,1,1,0,25,1,1769930962,2026-02-01 02:31:31
66db5f40-0aca-11e7-82f6-3863bb44ef7c,27,27,0,4,1,1769930962,2026-02-01 02:31:31
e3470e29-934c-41f1-8fe7-82135ed2d620,16,3,13,41,1,1769930962,2026-02-01 02:31:31
1817432346178415570,6,0,6,14,1,1769930963,2026-02-01 02:31:31
1857515306802639416,11,0,11,9,1,1769930964,2026-02-01 02:31:31
2527619f-ef89-425c-bf3b-60cc0ec519bf,19,7,12,30,1,1769930964,2026-02-01 02:31:31
76c1ef9c-3984-4b4e-bff4-5c398e2395bd,1,1,0,18,1,1769930965,2026-02-01 02:31:31
1808184356986544410,4,2,2,25,1,1769930968,2026-02-01 02:31:31
034f7f3d-e632-475a-aa01-894480d153df,5,4,1,9,1,1769930969,2026-02-01 02:31:31
699d3378-6ea8-465f-888b-c49c60089ce8,0,0,0,16,1,1769930969,2026-02-01 02:31:31
66ddf310-0aca-11e7-82f6-3863bb44ef7c,2,0,2,28,1,1769930969,2026-02-01 02:31:31
11a8d465-b4eb-466b-a6ca-055f73994231,3,0,3,21,1,1769930968,2026-02-01 02:31:31
1828966227118051662,11,1,10,3,1,1769930963,2026-02-01 02:31:31
3ac7b47b-2253-4a0b-bf7d-8a2eb6b78a38,15,3,12,18,1,1769930971,2026-02-01 02:31:31
5782a158-b596-4936-a451-32ccc131a57d,2,1,1,16,1,1769930971,2026-02-01 02:31:31
d5cb6e67-addb-46d4-93e7-832371736d45,12,0,12,19,1,1769930972,2026-02-01 02:31:31
66de602e-0aca-11e7-82f6-3863bb44ef7c,39,1,38,0,1,1769930969,2026-02-01 02:31:31
186092d1-a431-45db-8198-d5ba13334d79,12,0,12,8,1,1769930969,2026-02-01 02:31:31
2123939242997647892,7,3,4,6,1,1769930970,2026-02-01 02:31:31
2126623405008140358,4,3,1,4,1,1769930972,2026-02-01 02:31:31
2ad41c1f-5636-4a63-ad52-761e2613061a,2,0,2,17,1,1769930972,2026-02-01 02:31:31
1848242143834868452,10,2,8,2,1,1769930972,2026-02-01 02:31:31
7af717b9-99ce-4cce-94b4-b445a40537a1,15,0,15,1,1,1769930973,2026-02-01 02:31:31
1b962833-d769-418e-b1ef-5a183bb5eb1a,9,4,5,8,1,1769930973,2026-02-01 02:31:31
66dde703-0aca-11e7-82f6-3863bb44ef7c,7,1,6,17,1,1769930973,2026-02-01 02:31:31
c229f0ca-bdd1-4aa0-8906-a3e809e12889,10,0,10,12,1,1769930973,2026-02-01 02:31:31
0df3a035-5a38-4ec2-826a-0a5376e8d8a0,2,1,1,19,1,1769930974,2026-02-01 02:31:31
23539f3b-fb83-4f34-b8b8-9f1f37b5e646,19,0,19,9,1,1769930969,2026-02-01 02:31:31
66ddd545-0aca-11e7-82f6-3863bb44ef7c,63,49,14,6,1,1769930969,2026-02-01 02:31:31
c0ce2a38-04f5-4333-8818-2a3faa84f214,20,0,20,2,1,1769930971,2026-02-01 02:31:31
b43ecf62-4c9d-4b06-ac9a-5837084f769f,2,0,2,19,1,1769930971,2026-02-01 02:31:31
66dbc7d2-0aca-11e7-82f6-3863bb44ef7c,6,4,2,24,1,1769930970,2026-02-01 02:31:31
66dc7c31-0aca-11e7-82f6-3863bb44ef7c,21,17,4,14,1,1769930970,2026-02-01 02:31:31
2123938400844950144,3,0,3,13,1,1769930971,2026-02-01 02:31:31
a7a175ff-8ffb-477c-a40b-6d47ce92305d,5,1,4,11,1,1769930973,2026-02-01 02:31:31
3575749f-123a-4a80-870d-7ca7c7f9c8a9,1,1,0,24,1,1769930973,2026-02-01 02:31:31
2124037510131026812,9,4,5,7,1,1769930973,2026-02-01 02:31:31
edc9b877-c311-46b4-a780-59ee7e692324,13,6,7,17,1,1769930974,2026-02-01 02:31:31
bb58e953-4953-4fbe-9ef2-367488dfef9b,3,1,2,14,1,1769930971,2026-02-01 02:31:31
1861680383828308814,3,3,0,10,1,1769930977,2026-02-01 02:31:31
0e405c35-322f-4705-8ea7-769eb3fd028a,3,1,2,8,1,1769930976,2026-02-01 02:31:31
1794096824496960148,28,22,6,8,1,1769930976,2026-02-01 02:31:31
c1e24edf-7192-433f-8d38-be5b6b3647c5,5,3,2,17,1,1769930977,2026-02-01 02:31:31
66dd4356-0aca-11e7-82f6-3863bb44ef7c,7,4,3,25,1,1769930977,2026-02-01 02:31:31
66db3fc9-0aca-11e7-82f6-3863bb44ef7c,16,10,6,10,1,1769930977,2026-02-01 02:31:31
1885440410432338078,0,0,0,20,1,1769930977,2026-02-01 02:31:31
ba7bf20d-b6bc-43dd-bf30-acb940eaeec8,0,0,0,15,1,1769930978,2026-02-01 02:31:31
d7c12bf1-1ec8-496a-beca-90ba76c53241,1,0,1,16,1,1769930977,2026-02-01 02:31:31
bcd3ee0f-21d7-4cc8-ac45-ccea48b6fc1b,10,8,2,9,1,1769930978,2026-02-01 02:31:31
1828968462257099768,1,1,0,18,1,1769930978,2026-02-01 02:31:31
1857217349795049790,0,0,0,11,0,1769851506,2026-02-01 02:31:31
0575e356-72f4-4251-8e15-574cf60bd190,7,1,6,7,1,1769930978,2026-02-01 02:31:31
66dbcb2f-0aca-11e7-82f6-3863bb44ef7c,32,21,11,15,1,1769930978,2026-02-01 02:31:31
1891277309535701686,3,2,1,18,1,1769930978,2026-02-01 02:31:31
66dbc745-0aca-11e7-82f6-3863bb44ef7c,5,4,1,32,1,1769930978,2026-02-01 02:31:31
00d3e65e-b614-4408-aaa9-939ed96ce645,36,31,5,6,1,1769930979,2026-02-01 02:31:31
116dbc02-a3c1-4b65-9f73-2a09a2aa1379,50,22,28,11,1,1769930979,2026-02-01 02:31:31
5d101095-011e-4541-ae64-bed8b52807b3,1,0,1,20,1,1769930979,2026-02-01 02:31:31
66dcb9f7-0aca-11e7-82f6-3863bb44ef7c,1,0,1,22,1,1769930979,2026-02-01 02:31:31
66dde7dc-0aca-11e7-82f6-3863bb44ef7c,2,2,0,16,1,1769930979,2026-02-01 02:31:31
606c7384-75e9-4988-858a-07b88b3a9413,14,0,14,18,1,1769930979,2026-02-01 02:31:31
66dd1eb2-0aca-11e7-82f6-3863bb44ef7c,18,4,14,4,1,1769930979,2026-02-01 02:31:31
46bdd925-fb6c-4654-85d8-e0db4da62abf,8,1,7,19,1,1769930980,2026-02-01 02:31:31
7b0227aa-bbf5-4731-a49a-765b4afac483,30,5,25,35,1,1769930977,2026-02-01 02:31:31
6fefe1b3-5f0d-47aa-b1dd-cec211239950,1,1,0,20,1,1769930980,2026-02-01 02:31:31
eab2749b-2f79-4797-a0a6-0579b27e6929,22,5,17,15,1,1769930980,2026-02-01 02:31:31
66dd4f9b-0aca-11e7-82f6-3863bb44ef7c,1,0,0,8,0,1769848869,2026-02-01 02:31:31
66dc7e75-0aca-11e7-82f6-3863bb44ef7c,2,1,1,64,1,1769930981,2026-02-01 02:31:31
4aa6bb27-b76b-444e-a3ce-6fb25b822494,0,0,0,20,1,1769930981,2026-02-01 02:31:31
90fca941-2212-43bf-b104-ce32c4270d4d,1,1,0,17,1,1769930975,2026-02-01 02:31:31
1786696780996714874,1,0,1,16,1,1769930975,2026-02-01 02:31:31
ab29ce96-c2e8-4929-b27b-e0fe4aae17d5,5,0,5,11,1,1769930975,2026-02-01 02:31:31
3d835eaa-a102-42c5-b6c0-2c693b1d0677,9,6,3,34,1,1769930980,2026-02-01 02:31:31
914e3e7c-87da-4f52-aa03-5449c6361fa2,3,1,2,11,1,1769930981,2026-02-01 02:31:31
039d4cc9-8560-4d22-88c3-20753c54a50f,0,0,0,16,0,1769856688,2026-02-01 02:31:31
66ddbdb1-0aca-11e7-82f6-3863bb44ef7c,4,3,1,16,1,1769930980,2026-02-01 02:31:31
66dcf30d-0aca-11e7-82f6-3863bb44ef7c,6,2,4,15,1,1769930975,2026-02-01 02:31:31
1838999304404452058,12,0,12,2,1,1769930913,2026-02-01 02:31:31
bdc116cd-4d63-4693-846c-ec5073314007,6,3,3,9,1,1769930913,2026-02-01 02:31:31
66de0dfd-0aca-11e7-82f6-3863bb44ef7c,7,5,2,32,1,1769930913,2026-02-01 02:31:31
0e8bfd72-c494-4d3e-85e2-4f98b801fe3b,1,0,1,17,1,1769930910,2026-02-01 02:31:31
82b97827-1801-4b7b-b3de-16447a8dd025,2,1,1,16,1,1769930910,2026-02-01 02:31:31
66dc1702-0aca-11e7-82f6-3863bb44ef7c,21,14,7,39,1,1769930906,2026-02-01 02:31:31
08bf2fe0-219d-48cd-87c5-6163b3a2eafd,8,6,2,13,1,1769930907,2026-02-01 02:31:31
1835244925191295588,0,0,0,22,1,1769930907,2026-02-01 02:31:31
1869754143518014264,18,1,17,14,1,1769930908,2026-02-01 02:31:31
66dc7d58-0aca-11e7-82f6-3863bb44ef7c,29,8,21,38,1,1769930908,2026-02-01 02:31:31
1845676917264180046,0,0,0,9,0,1769922134,2026-02-01 02:31:31
e25f8dee-c110-489f-a978-464ac5c84ca2,12,0,12,8,1,1769930909,2026-02-01 02:31:31
8066575c-f8e9-4e14-95ea-8d25ceeae2ca,8,3,5,21,1,1769930915,2026-02-01 02:31:31
1875395639434791520,0,0,0,18,1,1769930915,2026-02-01 02:31:31
1880644037244334512,13,7,6,7,1,1769930916,2026-02-01 02:31:31
66dc42a0-0aca-11e7-82f6-3863bb44ef7c,13,9,4,10,1,1769930916,2026-02-01 02:31:31
66db72f1-0aca-11e7-82f6-3863bb44ef7c,30,18,12,15,1,1769930916,2026-02-01 02:31:31
af72781c-fe0b-4b73-a7df-201f9780ea9c,0,0,0,5,0,1769927553,2026-02-01 02:31:31
66dc8025-0aca-11e7-82f6-3863bb44ef7c,17,12,5,49,1,1769930912,2026-02-01 02:31:31
66dde271-0aca-11e7-82f6-3863bb44ef7c,3,1,2,30,1,1769930913,2026-02-01 02:31:31
7c7cb750-6613-48a4-bfae-9240968f1fad,13,7,6,24,1,1769930913,2026-02-01 02:31:31
66dc8d1d-0aca-11e7-82f6-3863bb44ef7c,2,0,2,53,1,1769930915,2026-02-01 02:31:31
1791188268875152272,30,4,26,7,1,1769930949,2026-02-01 02:31:31
1d440638-ec50-4ccb-9a82-0e3247a87c63,19,6,13,14,1,1769930949,2026-02-01 02:31:31
023127f2-a6e0-4fae-ba34-178acccb993e,1,0,1,16,1,1769930949,2026-02-01 02:31:31
174bf571-e597-463d-84bc-611c4a13d85e,0,0,0,24,1,1769930953,2026-02-01 02:31:31
7cd61426-ed98-434e-9235-56ed856fead6,2,0,2,16,1,1769930951,2026-02-01 02:31:31
66dd3cb4-0aca-11e7-82f6-3863bb44ef7c,18,1,17,8,1,1769930952,2026-02-01 02:31:31
72719900-dd61-40bd-9f4a-40d70c47590c,14,7,6,6,1,1769930952,2026-02-01 02:31:31
1882736243099681438,21,2,19,9,1,1769930952,2026-02-01 02:31:31
6dec8948-44c7-4085-9682-446a891feb42,8,0,8,6,1,1769930952,2026-02-01 02:31:31
1835249197527877718,2,1,1,15,1,1769930952,2026-02-01 02:31:31
2fe3e166-2d2f-41c8-b522-fdf8ee3ae16f,7,2,5,8,1,1769930953,2026-02-01 02:31:31
5b4a4b20-539b-47c1-9228-1f1f124b3ec9,15,0,15,6,1,1769930952,2026-02-01 02:31:31
32d3adc3-c3dd-4a97-a4db-95d467f3c3aa,15,11,4,14,1,1769930953,2026-02-01 02:31:31
1a92d2d3-ddf1-4f34-b28c-ce7a064b9a3e,10,4,6,7,1,1769930950,2026-02-01 02:31:31
1834145204469569922,6,2,4,13,1,1769930950,2026-02-01 02:31:31
1945126022626996350,7,2,5,19,1,1769930950,2026-02-01 02:31:31
f6cf3ecc-b3ad-4291-8c24-277f28f64ba1,10,0,10,6,1,1769930950,2026-02-01 02:31:31
4bc6f4d0-edd5-4eb0-a704-f7ce0d693aac,1,0,1,17,1,1769930948,2026-02-01 02:31:31
081d243e-d75e-4e2a-bdae-a990b2397532,3,1,2,20,1,1769930948,2026-02-01 02:31:31
14391923-6727-4359-92e9-03e0b5094753,20,2,18,16,1,1769930948,2026-02-01 02:31:31
1960021358478625244,24,16,8,40,1,1769930981,2026-02-01 02:31:31
3c73cc9f-3c09-4ac4-a4ea-22b4f027bf23,9,0,9,11,1,1769930981,2026-02-01 02:31:31
4cfd4097-0aee-4f11-9aea-55f99397bf33,10,4,6,8,1,1769930981,2026-02-01 02:31:31
13b82a41-c25b-428f-a07b-5f5d8340c6f2,0,0,0,18,1,1769930982,2026-02-01 02:31:31
44a43ebf-cacf-4251-9ceb-e1c331ef1673,1,0,1,15,1,1769930982,2026-02-01 02:31:31
7e36cd9b-b271-42e5-b344-b7a3771c795e,14,1,13,25,1,1769930984,2026-02-01 02:31:31
340036c3-2787-4998-9a77-fe54f352d619,2,0,2,16,1,1769930984,2026-02-01 02:31:31
7a8bf573-275f-41d5-ad8b-1ff9ee7c2dce,9,0,9,16,1,1769930985,2026-02-01 02:31:31
7155b0a6-2545-4b02-ae8c-9c0c4220f8c3,0,0,0,19,1,1769930985,2026-02-01 02:31:31
c8197f4b-02b0-4cc3-96af-df5fec27a279,0,0,0,16,1,1769930984,2026-02-01 02:31:31
66dc462a-0aca-11e7-82f6-3863bb44ef7c,51,48,3,7,1,1769930987,2026-02-01 02:31:31
c7dbc7b5-240b-494d-8663-dbee4103a20c,0,0,0,18,1,1769930987,2026-02-01 02:31:31
66dbeb1b-0aca-11e7-82f6-3863bb44ef7c,8,4,4,29,1,1769930987,2026-02-01 02:31:31
0e240143-2f86-4754-8345-4994750d99f1,11,1,10,5,1,1769930987,2026-02-01 02:31:31
66dcc44a-0aca-11e7-82f6-3863bb44ef7c,6,3,3,11,1,1769930987,2026-02-01 02:31:31
3893eeef-06a8-47b1-95f2-a85454f7d5c9,1,0,1,20,1,1769930987,2026-02-01 02:31:31
92ffa9d6-8cb1-44cf-8059-391b03d58071,0,0,0,25,1,1769930987,2026-02-01 02:31:31
5864d88d-a0fd-40ad-beee-896118d9360d,12,0,12,3,1,1769930983,2026-02-01 02:31:31
49f86083-851b-475d-b9ab-64e01b81f725,4,2,2,18,1,1769930982,2026-02-01 02:31:31
18b19467-28ac-4496-b3e4-f6028b1c5105,3,1,2,24,1,1769930983,2026-02-01 02:31:31
06e5447e-35b8-45cb-b3bb-937791a6f8ae,10,2,8,7,1,1769930983,2026-02-01 02:31:31
822d96e8-fb6c-463a-b866-aec9e408ad5e,14,2,12,1,1,1769930983,2026-02-01 02:31:31
33af8810-cda5-4b61-9c38-0235f9d59aaa,20,1,19,7,1,1769930983,2026-02-01 02:31:31
3e4a2c26-7527-469c-b4f4-1ef8d40fd20d,3,0,3,11,1,1769930984,2026-02-01 02:31:31
2ec1235f-a043-4e3a-9ba1-56f7dd4624b7,8,2,6,11,1,1769930984,2026-02-01 02:31:31
dee5a590-7cda-465e-8351-b0622a5e2ad3,5,0,5,12,1,1769930983,2026-02-01 02:31:31
66dcecfa-0aca-11e7-82f6-3863bb44ef7c,0,0,0,27,1,1769930983,2026-02-01 02:31:31
66dc11a7-0aca-11e7-82f6-3863bb44ef7c,37,11,26,35,1,1769930984,2026-02-01 02:31:31
7b56cbab-9d93-4043-bfa5-63eb6b3e5281,16,10,6,0,1,1769930984,2026-02-01 02:31:31
1856767203049599002,5,0,5,7,1,1769930985,2026-02-01 02:31:31
1860188331547447938,1,0,1,16,1,1769930985,2026-02-01 02:31:31
a6492ad5-d13e-48b0-a0d5-08e60ad93e53,49,6,43,4,1,1769930984,2026-02-01 02:31:31
9be6c750-85b6-4e81-bace-1a8ffe941d7b,11,9,2,7,1,1769930915,2026-02-01 02:31:31
b16e9f3f-9b07-486f-a1ca-c76030f5ea64,11,4,7,9,1,1769930914,2026-02-01 02:31:31
067b53bd-33bf-4698-8103-3931a5f32a37,0,0,0,16,1,1769930926,2026-02-01 02:31:31
1967778612889039234,4,4,0,24,1,1769930925,2026-02-01 02:31:31
b53b5e8f-9503-48d1-b3e3-9347ecef38e2,9,1,8,15,1,1769930922,2026-02-01 02:31:31
971cddfa-695e-4b44-ba8b-26154ab4a83b,2,0,2,14,1,1769930923,2026-02-01 02:31:31
1815968345907104578,11,1,10,11,1,1769930923,2026-02-01 02:31:31
6cb5fac5-f7e8-4ec9-94cf-816771d91ecd,14,1,13,9,1,1769930923,2026-02-01 02:31:31
b471c112-1770-4dfe-9e13-fe7479dcb5a5,18,0,18,1,1,1769930923,2026-02-01 02:31:31
2ec2f95c-675c-4c59-856f-1fb38df59fa2,0,0,0,16,1,1769930927,2026-02-01 02:31:31
89ff4db3-8a29-4565-a366-6fea4b3afc39,12,3,9,1,1,1769930928,2026-02-01 02:31:31
324e55da-fec0-43a2-b622-27774381ab7f,1,1,0,16,1,1769930928,2026-02-01 02:31:31
66db3e32-0aca-11e7-82f6-3863bb44ef7c,29,0,29,10,1,1769930928,2026-02-01 02:31:31
66db281e-0aca-11e7-82f6-3863bb44ef7c,49,2,47,2,1,1769930928,2026-02-01 02:31:31
b83b2a73-af8e-4b82-b61e-aeaaf075fbe2,0,0,0,23,1,1769930929,2026-02-01 02:31:31
a4c9faeb-2234-457d-ad56-1ab14104b538,6,2,4,11,1,1769930928,2026-02-01 02:31:31
66ddebce-0aca-11e7-82f6-3863bb44ef7c,24,17,7,1,1,1769930923,2026-02-01 02:31:31
66dc210e-0aca-11e7-82f6-3863bb44ef7c,2,2,0,28,1,1769930924,2026-02-01 02:31:31
d29ea280-8b64-4a35-b12b-245525ae2a3a,9,1,8,42,1,1769930924,2026-02-01 02:31:31
fffb18be-14b3-412f-a808-107a98cd9e58,1,1,0,16,1,1769930924,2026-02-01 02:31:31
1828968082192898522,0,0,0,20,1,1769930927,2026-02-01 02:31:31
7c42f9fc-d280-4841-ad96-e3cc53ee3759,9,1,8,12,1,1769930924,2026-02-01 02:31:31
d5d2aebc-158c-43ec-9105-2a779d0245d8,0,0,0,18,1,1769930924,2026-02-01 02:31:31
66ddef2d-0aca-11e7-82f6-3863bb44ef7c,8,1,7,12,1,1769930924,2026-02-01 02:31:31
2126621627432855870,5,0,5,4,1,1769930925,2026-02-01 02:31:31
49703a2d-15e9-4af4-b80e-cca664d7ea18,5,1,4,14,1,1769930926,2026-02-01 02:31:31
8f3a6711-fd05-4ce1-acf8-9d72b4a1bf97,2,2,0,15,1,1769930957,2026-02-01 02:31:31
66dce660-0aca-11e7-82f6-3863bb44ef7c,3,0,3,20,1,1769930957,2026-02-01 02:31:31
66de4897-0aca-11e7-82f6-3863bb44ef7c,10,0,10,4,1,1769930955,2026-02-01 02:31:31
fc5ee04d-710b-45ba-aae0-303b8e95ea89,8,2,6,10,1,1769930955,2026-02-01 02:31:31
c3b255d8-b690-4825-b1e9-a1d1680e5542,5,0,5,7,1,1769930956,2026-02-01 02:31:31
99b7c9a5-9679-417f-b884-21c4b240aa99,6,1,5,12,1,1769930955,2026-02-01 02:31:31
66dcba5e-0aca-11e7-82f6-3863bb44ef7c,7,0,7,8,1,1769930959,2026-02-01 02:31:31
1835246516012366338,0,0,0,20,1,1769930959,2026-02-01 02:31:31
60c5a043-1367-4a27-96ee-394ba60e2154,14,5,9,14,1,1769930959,2026-02-01 02:31:31
1846086027713733188,11,4,7,4,1,1769930960,2026-02-01 02:31:31
c829b6af-002b-4d04-af56-6924d4ad0aa2,7,1,6,19,1,1769930955,2026-02-01 02:31:31
5fdf435f-6080-4b1d-966c-3b9d08450c4d,7,0,7,12,1,1769930955,2026-02-01 02:31:31
66dc2606-0aca-11e7-82f6-3863bb44ef7c,10,3,7,63,1,1769930956,2026-02-01 02:31:31
ee1ba75f-baf5-4852-929c-8b7ad310f55a,18,9,9,2,1,1769930956,2026-02-01 02:31:31
201edb67-d071-4b67-bafd-131e5c273e9f,14,1,13,3,1,1769930957,2026-02-01 02:31:31
66db3583-0aca-11e7-82f6-3863bb44ef7c,25,12,12,19,1,1769930956,2026-02-01 02:31:31
8c6cba48-d803-4a90-99f7-e06edcdbbf92,4,3,1,16,1,1769930956,2026-02-01 02:31:31
1835250199411134468,5,0,5,17,1,1769930957,2026-02-01 02:31:31
66db90f1-0aca-11e7-82f6-3863bb44ef7c,18,17,1,38,1,1769930960,2026-02-01 02:31:31
cda60c6d-80f3-41b7-8ece-fe997f6dafb5,4,0,4,13,1,1769930960,2026-02-01 02:31:31
f365afa3-e8a5-439d-975d-6c2b064f30df,6,0,6,19,1,1769930960,2026-02-01 02:31:31
66dbf140-0aca-11e7-82f6-3863bb44ef7c,58,32,26,2,1,1769930960,2026-02-01 02:31:31
b9b58379-b29a-4fa8-ba72-c647728e1686,12,5,7,6,1,1769930956,2026-02-01 02:31:31
66de4336-0aca-11e7-82f6-3863bb44ef7c,2,2,0,26,1,1769930919,2026-02-01 02:31:31
66dbf6d2-0aca-11e7-82f6-3863bb44ef7c,9,0,9,20,1,1769930919,2026-02-01 02:31:31
454fe70c-1d53-4af2-a9ea-1d4bd9f59799,1,1,0,13,1,1769930921,2026-02-01 02:31:31
4956ad8b-06d6-4af4-bcc8-735c45439608,5,4,1,10,1,1769930921,2026-02-01 02:31:31
e63c8dac-ab44-48c8-83a0-92c53a00f12e,0,0,0,26,1,1769930921,2026-02-01 02:31:31
ce700c09-6095-4b20-ab65-07defdd1a7d7,8,0,8,6,1,1769930920,2026-02-01 02:31:31
7e70b65e-00c1-40d5-984d-17232a4ee05e,9,5,4,28,1,1769930920,2026-02-01 02:31:31
1849010295160437584,11,7,4,0,1,1769930920,2026-02-01 02:31:31
66dd2292-0aca-11e7-82f6-3863bb44ef7c,27,24,3,17,1,1769930920,2026-02-01 02:31:31
b7af52d2-fd23-4970-8513-be7c681480c4,41,24,17,2,1,1769930918,2026-02-01 02:31:31
3ac37967-e174-421a-bfeb-d02249fb1266,6,5,1,16,1,1769930919,2026-02-01 02:31:31
ee1d39c5-47c8-4527-9456-3719c50b7be5,8,0,8,5,1,1769930937,2026-02-01 02:31:31
66db43b5-0aca-11e7-82f6-3863bb44ef7c,1,1,0,14,1,1769930937,2026-02-01 02:31:31
941ea42c-47fe-4d63-a6f5-e0e200f01633,7,3,4,9,1,1769930939,2026-02-01 02:31:31
d4c34830-972f-4cd1-81bb-071df209d065,1,0,1,19,1,1769930938,2026-02-01 02:31:31
2126624118513887578,7,6,1,0,1,1769930938,2026-02-01 02:31:31
1dba415a-2c46-419e-838d-7e068b8d7d6f,8,1,7,9,1,1769930936,2026-02-01 02:31:31
f3eb962c-314a-4431-bac7-2eb2ffbe2fd2,2,0,2,14,1,1769930937,2026-02-01 02:31:31
178bad16-1b02-4264-94c0-a8fd0faa60fe,0,0,0,25,1,1769930936,2026-02-01 02:31:31
1848241879913802606,9,2,7,1,1,1769930937,2026-02-01 02:31:31
0cb63737-64c9-42a9-9479-280d49ed015a,6,0,6,13,1,1769930937,2026-02-01 02:31:31
66dc0f1b-0aca-11e7-82f6-3863bb44ef7c,51,38,13,2,1,1769930941,2026-02-01 02:31:31
627c77c0-0088-4ba8-ba66-73e0e3d3fe77,3,0,3,20,1,1769930936,2026-02-01 02:31:31
ff1e98d3-ae7d-4c53-a531-1845bee1d346,2,2,0,33,1,1769930939,2026-02-01 02:31:31
57f144cb-375d-4eee-b458-e288116cb8f7,15,3,12,3,1,1769930939,2026-02-01 02:31:31
66de0c43-0aca-11e7-82f6-3863bb44ef7c,15,2,13,7,1,1769930947,2026-02-01 02:31:31
1851947582840610924,4,1,3,16,1,1769930946,2026-02-01 02:31:31
66dbefee-0aca-11e7-82f6-3863bb44ef7c,3,2,1,10,1,1769930946,2026-02-01 02:31:31
66db930d-0aca-11e7-82f6-3863bb44ef7c,7,3,4,19,1,1769930946,2026-02-01 02:31:31
66dcf922-0aca-11e7-82f6-3863bb44ef7c,9,0,9,11,1,1769930947,2026-02-01 02:31:31
d7a7789b-a052-4a69-a4ec-59436b0f8d75,7,1,6,8,1,1769930947,2026-02-01 02:31:31
66dd1bf3-0aca-11e7-82f6-3863bb44ef7c,42,11,31,3,1,1769930947,2026-02-01 02:31:31
3edec530-4791-4872-8912-2a2397a903a4,37,16,21,10,1,1769930947,2026-02-01 02:31:31
1861683217585879154,21,3,18,11,1,1769930944,2026-02-01 02:31:31
1ecc9936-ee0c-44b2-baa8-237564c8e4fd,27,1,26,5,1,1769930944,2026-02-01 02:31:31
fcb1c3a3-04b6-45cf-bc9a-deb71198804e,1,1,0,16,1,1769930945,2026-02-01 02:31:31
bda1fab4-5065-42df-a8ff-514e6064ab6e,18,2,16,1,1,1769930945,2026-02-01 02:31:31
f47e1ce9-ff3f-49e9-9a2f-aa5be45d70da,10,1,9,9,1,1769930945,2026-02-01 02:31:31
1792225684155730482,16,15,1,6,1,1769930943,2026-02-01 02:31:31
66db28b5-0aca-11e7-82f6-3863bb44ef7c,34,2,32,31,1,1769930943,2026-02-01 02:31:31
00284700-9d22-42ce-8485-113fed9879c1,3,2,1,14,1,1769930942,2026-02-01 02:31:31
93e2e1a5-49c5-41f8-a6bf-b399b6a5140d,26,6,20,39,1,1769930943,2026-02-01 02:31:31
c9e76fa9-54e2-4161-9798-4787bf04217a,9,0,9,7,1,1769930943,2026-02-01 02:31:31
b976906e-81c4-44c5-a160-e17815c0d47b,10,1,9,18,1,1769930943,2026-02-01 02:31:31
1828966490867110420,3,0,3,11,1,1769930943,2026-02-01 02:31:31
5a5a38d1-f28d-4e51-bf85-27bb384135c7,24,1,23,5,1,1769930944,2026-02-01 02:31:31
66dea8ff-0aca-11e7-82f6-3863bb44ef7c,0,0,0,36,0,1769921894,2026-02-01 02:31:31
66de14af-0aca-11e7-82f6-3863bb44ef7c,9,0,9,16,1,1769930942,2026-02-01 02:31:31
2126224876714496782,3,0,3,2,1,1769930946,2026-02-01 02:31:31
1860189075388547142,1,0,1,17,1,1769930946,2026-02-01 02:31:31
00d94dfc-3695-47e1-aba6-7f319dd2eb08,2,0,2,19,1,1769930946,2026-02-01 02:31:31
7d41ac98-df88-497a-aef9-968660e6da0f,14,2,12,17,1,1769930946,2026-02-01 02:31:31
66dcc920-0aca-11e7-82f6-3863bb44ef7c,9,2,7,11,1,1769930946,2026-02-01 02:31:31
66de0a0a-0aca-11e7-82f6-3863bb44ef7c,15,4,11,1,1,1769930946,2026-02-01 02:31:31
66ddeb67-0aca-11e7-82f6-3863bb44ef7c,10,0,10,6,1,1769930946,2026-02-01 02:31:31
3a51a25f-3e9b-4aea-84ee-39e9a3acc7fd,9,0,9,9,1,1769930943,2026-02-01 02:31:31
2126965369631090816,6,4,2,5,1,1769930943,2026-02-01 02:31:31
f0115d11-c678-4274-8bb7-d486dbb63361,10,0,10,2,1,1769930992,2026-02-01 02:31:31
8c2ed08f-1660-4db8-9168-4709427c23ed,1,0,1,14,1,1769930992,2026-02-01 02:31:31
1828966747840428256,5,0,5,7,1,1769930992,2026-02-01 02:31:31
f3525aa7-9d69-4ea2-9278-4df92db1afa1,8,2,6,9,1,1769930992,2026-02-01 02:31:31
1879828885264130640,7,0,7,6,1,1769930992,2026-02-01 02:31:31
0e3dedfb-df10-4900-a67b-95349a81bc5c,13,2,11,2,1,1769930992,2026-02-01 02:31:31
1814907277023901890,17,1,16,0,1,1769930992,2026-02-01 02:31:31
36d80620-9774-487e-8eb0-cf5f18a39321,0,0,0,21,0,1769866103,2026-02-01 02:31:31
66db2f4c-0aca-11e7-82f6-3863bb44ef7c,4,3,1,70,1,1769930993,2026-02-01 02:31:31
266c8621-fdea-4a7e-9d35-18ca1684d526,4,0,4,14,1,1769930993,2026-02-01 02:31:31
1960021056359127624,1,1,0,16,1,1769930993,2026-02-01 02:31:31
4fb1ee23-4511-47c4-8698-0c46673dc86c,0,0,0,18,1,1769930993,2026-02-01 02:31:31
2163290511399492946,5,2,3,2,1,1769930993,2026-02-01 02:31:31
a5bd1f58-7df8-4df6-9636-372f1bc194be,28,5,23,10,1,1769930994,2026-02-01 02:31:31
1864605926072998676,0,0,0,18,1,1769930987,2026-02-01 02:31:31
16c54bf4-194b-4f26-9c49-a42901b4748d,11,5,6,12,1,1769930988,2026-02-01 02:31:31
5ffde991-1125-443e-bc97-6827b2b9c97b,17,0,17,1,1,1769930988,2026-02-01 02:31:31
1913988158376585970,10,2,8,4,1,1769930988,2026-02-01 02:31:31
981f1311-004f-41c3-ba5b-3679f78aeb70,15,1,14,1,1,1769930990,2026-02-01 02:31:31
66dc8382-0aca-11e7-82f6-3863bb44ef7c,10,4,6,65,1,1769930990,2026-02-01 02:31:31
66dcc3e5-0aca-11e7-82f6-3863bb44ef7c,2,1,1,19,1,1769930990,2026-02-01 02:31:31
66dc89ae-0aca-11e7-82f6-3863bb44ef7c,5,3,2,28,1,1769930989,2026-02-01 02:31:31
36aaebb9-ef10-41a5-b20b-753bf8a3fed8,1,1,0,16,1,1769930989,2026-02-01 02:31:31
fe6f022b-7fdb-44fe-80bb-cbfc500959bf,3,1,2,17,1,1769930989,2026-02-01 02:31:31
1828967208126648828,4,0,4,15,1,1769930989,2026-02-01 02:31:31
b1cdec34-d4f9-4313-be82-729bb9f7bb18,4,0,4,16,1,1769930991,2026-02-01 02:31:31
1963272613486484230,55,40,15,9,1,1769930994,2026-02-01 02:31:31
c466f15e-715f-411e-904e-1a71fb574cdd,54,30,24,5,1,1769930995,2026-02-01 02:31:31
66dc7802-0aca-11e7-82f6-3863bb44ef7c,1,1,0,47,1,1769930995,2026-02-01 02:31:31
676b7b4d-b1c0-4c97-8ac3-5fe665e51108,0,0,0,22,1,1769930990,2026-02-01 02:31:31
3b530cff-dd26-4cfd-b570-a85fd53354fe,22,7,15,14,1,1769930990,2026-02-01 02:31:31
66dc4fb5-0aca-11e7-82f6-3863bb44ef7c,21,7,14,12,1,1769930994,2026-02-01 02:31:31
2124425954553309758,7,4,3,1,1,1769930992,2026-02-01 02:31:31
014a931b-8e1c-438a-8a22-f267ddd1e0d2,37,14,23,3,1,1769930996,2026-02-01 02:31:31
1835246381185208614,2,1,1,19,1,1769930996,2026-02-01 02:31:31
d9160982-2d9b-4f08-9469-a559a7b62809,6,3,3,75,1,1769930995,2026-02-01 02:31:31
cb4926e6-0a79-4902-80ee-d365fbf42aec,0,0,0,23,1,1769930996,2026-02-01 02:31:31
5a6218aa-c5b7-4436-93c1-dee7cb5322d9,10,7,3,8,1,1769930996,2026-02-01 02:31:31
c36cfa58-29fe-4c0c-a14f-41c3463487fd,1,1,0,19,1,1769930997,2026-02-01 02:31:31
9206af28-03bf-43e3-a8b0-354792921466,6,1,5,12,1,1769930996,2026-02-01 02:31:31
66db5d92-0aca-11e7-82f6-3863bb44ef7c,0,0,0,19,1,1769930996,2026-02-01 02:31:31
66db9675-0aca-11e7-82f6-3863bb44ef7c,2,1,1,21,1,1769930996,2026-02-01 02:31:31
1846086263936934630,13,1,12,1,1,1769930996,2026-02-01 02:31:31
de97a7d0-fbb3-4c13-ba6a-2bbd441751fe,5,0,5,13,1,1769930997,2026-02-01 02:31:31
ee70b21e-4a95-4bdf-802c-50f83a76971d,6,0,6,18,1,1769930998,2026-02-01 02:31:31
66de077f-0aca-11e7-82f6-3863bb44ef7c,7,4,3,40,1,1769930997,2026-02-01 02:31:31
e0a9ed84-55f9-40f5-90fa-87db17d2f933,13,0,13,3,1,1769930998,2026-02-01 02:31:31
298d4e45-c6d2-45f1-a07a-11606026a6e4,6,2,4,17,1,1769930998,2026-02-01 02:31:31
1839334257267825432,2,1,1,9,1,1769930889,2026-02-01 02:31:31
681a8bdb-65ff-4078-a5de-74927502da4e,12,2,10,2,1,1769930915,2026-02-01 02:31:31
2116635993049651742,5,1,4,7,1,1769930916,2026-02-01 02:31:31
4a48175b-c239-4d5e-b1b8-03eda4239678,22,1,21,3,1,1769930919,2026-02-01 02:31:31
2116636101124803154,11,1,10,3,1,1769930948,2026-02-01 02:31:31
7478be11-37d8-49b1-a253-f0810045f6ff,11,6,5,8,1,1769930970,2026-02-01 02:31:31
f417d8da-0f15-49b0-9e3c-3c3e55c2691d,13,5,8,5,1,1769930975,2026-02-01 02:31:31
537a2f47-26a3-4776-ba9d-e2acd2ffbee1,4,1,3,1,1,1769930978,2026-02-01 02:31:31
66ddda59-0aca-11e7-82f6-3863bb44ef7c,9,1,8,4,1,1769930943,2026-02-01 02:31:31
2108372562172578194,9,9,0,8,1,1769930948,2026-02-01 02:31:31
d09709d2-e119-48c4-aa22-29432a13a35a,4,4,0,1,1,1769930954,2026-02-01 02:31:31
66dd8479-0aca-11e7-82f6-3863bb44ef7c,11,7,4,11,1,1769930955,2026-02-01 02:31:31
3d1db3fa-1df5-46c8-baf3-619b729f5bda,1,0,1,17,1,1769930983,2026-02-01 02:31:31
2116635307734817684,5,4,1,9,1,1769930947,2026-02-01 02:31:31
e163ce54-4c39-43c5-9831-e10a2603527d,12,0,12,8,1,1769930984,2026-02-01 02:31:31
66dd5960-0aca-11e7-82f6-3863bb44ef7c,15,13,2,5,1,1769930988,2026-02-01 02:31:31
6107e75a-2493-4e3d-a3e0-d4886d3416e5,1,0,1,12,1,1769930988,2026-02-01 02:31:31
66dd5e69-0aca-11e7-82f6-3863bb44ef7c,8,1,7,8,1,1769930993,2026-02-01 02:31:31
66dd6721-0aca-11e7-82f6-3863bb44ef7c,4,0,4,10,1,1769930998,2026-02-01 02:31:31
2de92329-48d0-4cf7-85df-172f91bbb320,9,8,1,17,1,1769930998,2026-02-01 02:31:31
66dd8043-0aca-11e7-82f6-3863bb44ef7c,0,0,0,11,0,1769868697,2026-02-01 02:31:31
66dddc98-0aca-11e7-82f6-3863bb44ef7c,0,0,0,1,0,1769849333,2026-02-01 02:31:31
f841ae52-0bbb-49db-b6eb-f898fbce6108,6,4,2,11,1,1769930923,2026-02-01 02:31:31
a59f4f11-5d52-43a2-8a32-ae71137a6af8,0,0,0,5,0,1769905143,2026-02-01 02:31:31
ded4386f-9f69-43c6-a566-4511920c3e39,0,0,0,0,0,1769930911,2026-02-01 02:31:31
66dddae7-0aca-11e7-82f6-3863bb44ef7c,7,0,7,7,1,1769930913,2026-02-01 02:31:31
21c4a77d-b1ae-4262-b143-087fd14a07b8,7,0,7,7,1,1769930946,2026-02-01 02:31:31
c32d6965-4fae-4f1f-a5f2-7f2ef5f439fc,0,0,0,17,1,1769930953,2026-02-01 02:31:31
66dd7cab-0aca-11e7-82f6-3863bb44ef7c,3,2,1,21,1,1769930956,2026-02-01 02:31:31
2108372790290481846,2,1,1,11,1,1769930962,2026-02-01 02:31:31
3742e2ab-6cd0-40cf-846a-72cbe637afe1,12,2,10,13,1,1769930969,2026-02-01 02:31:31
66dd836d-0aca-11e7-82f6-3863bb44ef7c,4,4,0,15,1,1769930974,2026-02-01 02:31:31
0bb12c94-efdb-40ac-98fe-9521ba373b57,1,0,1,28,1,1769930986,2026-02-01 02:31:31
e2c00264-9eea-446d-a1b7-27cef3aed403,1,1,0,10,1,1769930987,2026-02-01 02:31:31
2036428272250118978,14,8,6,5,1,1769930980,2026-02-01 02:31:31
66dd9183-0aca-11e7-82f6-3863bb44ef7c,3,1,2,9,1,1769930993,2026-02-01 02:31:31
66ddded0-0aca-11e7-82f6-3863bb44ef7c,5,2,3,5,1,1769930995,2026-02-01 02:31:31
66dd650d-0aca-11e7-82f6-3863bb44ef7c,3,1,2,12,1,1769930995,2026-02-01 02:31:31
43318169-d1ae-4a1a-9578-23cfa3fdbac9,2,0,2,15,1,1769930995,2026-02-01 02:31:31
915057d4-edbc-4c73-8d81-dda33d600d58,5,0,5,10,1,1769930997,2026-02-01 02:31:31
66dd83fc-0aca-11e7-82f6-3863bb44ef7c,10,0,10,9,1,1769930998,2026-02-01 02:31:31
66ddde40-0aca-11e7-82f6-3863bb44ef7c,7,1,6,7,1,1769930998,2026-02-01 02:31:31
823c0615-2832-4e76-85f0-7cf527151aba,0,0,0,0,0,86400,2026-02-01 02:31:31
66dd58f2-0aca-11e7-82f6-3863bb44ef7c,0,0,0,1,0,1769894980,2026-02-01 02:31:31
1849747691035224144,11,4,7,1,1,1769930881,2026-02-01 02:31:31
33a797e8-6be2-4868-b9f6-1be157eaa0a5,2,1,1,17,1,1769930891,2026-02-01 02:31:31
66dd7f10-0aca-11e7-82f6-3863bb44ef7c,25,24,1,0,1,1769930899,2026-02-01 02:31:31
1ec24ce3-2b69-4f3a-a153-c73e583d11f3,1,1,0,15,1,1769930914,2026-02-01 02:31:31
fadf00cf-d84a-49e8-9607-c67154915412,0,0,0,9,0,1769467520,2026-02-01 02:31:31
2290031f-e7d8-40a3-9ad6-566df493bbbc,27,3,24,12,1,1769930901,2026-02-01 02:31:31
5f798c51-5d8b-4add-9f81-341f54a82ffa,4,2,2,13,1,1769930901,2026-02-01 02:31:31
22cd02a2-228f-4eeb-b249-cbea51a0e219,8,1,7,9,1,1769930932,2026-02-01 02:31:31
ccfa1f8f-f930-45f2-9cda-375c01596ca2,1,1,0,17,1,1769930933,2026-02-01 02:31:31
2108373096850688302,0,0,0,13,1,1769930981,2026-02-01 02:31:31
2116635417524034072,1,0,1,10,1,1769930980,2026-02-01 02:31:31
2116635868495600156,4,3,1,6,1,1769930907,2026-02-01 02:31:31
2058728861810389252,5,1,4,15,1,1769930919,2026-02-01 02:31:31
8ae0bf30-9979-461e-a947-2dd89f293b40,6,0,6,4,1,1769930939,2026-02-01 02:31:31
dd8b2f53-8b94-4082-9576-994a4962f9d5,0,0,0,17,1,1769930961,2026-02-01 02:31:31
2116635185595800086,3,1,2,8,1,1769930924,2026-02-01 02:31:31
66dd63de-0aca-11e7-82f6-3863bb44ef7c,8,5,3,8,1,1769930927,2026-02-01 02:31:31
2108372139456801688,9,6,3,6,1,1769930947,2026-02-01 02:31:31
66dd5f99-0aca-11e7-82f6-3863bb44ef7c,14,2,12,4,1,1769930977,2026-02-01 02:31:31
66dd630c-0aca-11e7-82f6-3863bb44ef7c,12,8,4,4,1,1769930972,2026-02-01 02:31:31
655b0878-c22b-4f8c-8675-21bf30d1eebf,11,3,8,1,1,1769930990,2026-02-01 02:31:31
66ddd78e-0aca-11e7-82f6-3863bb44ef7c,8,1,7,2,1,1769930994,2026-02-01 02:31:31
2157737368545384190,0,0,0,15,1,1769930996,2026-02-01 02:31:31
66dd7b37-0aca-11e7-82f6-3863bb44ef7c,10,1,9,15,1,1769930913,2026-02-01 02:31:31
66dddf5f-0aca-11e7-82f6-3863bb44ef7c,5,5,0,6,1,1769930883,2026-02-01 02:31:31
2158919319277979600,3,2,1,9,1,1769930929,2026-02-01 02:31:31
66dd8b48-0aca-11e7-82f6-3863bb44ef7c,1,1,0,15,1,1769930927,2026-02-01 02:31:31
66ddd81a-0aca-11e7-82f6-3863bb44ef7c,2,1,1,8,1,1769930931,2026-02-01 02:31:31
2108372029596633484,5,0,5,6,1,1769930938,2026-02-01 02:31:31
3371df76-39db-43ab-b3d6-fac0be55311f,2,0,2,11,1,1769930934,2026-02-01 02:31:31
1844599666569400604,13,7,6,7,1,1769930949,2026-02-01 02:31:31
66dd6441-0aca-11e7-82f6-3863bb44ef7c,3,1,2,8,1,1769930957,2026-02-01 02:31:31
4aecd6f2-8a84-4bed-a528-dc6870877292,1,1,0,13,1,1769930954,2026-02-01 02:31:31
2165507807810224012,2,2,0,14,1,1769930978,2026-02-01 02:31:31
66dd7fe2-0aca-11e7-82f6-3863bb44ef7c,14,3,11,5,1,1769930985,2026-02-01 02:31:31
2108373197827738014,8,2,6,11,1,1769930981,2026-02-01 02:31:31
66dd6000-0aca-11e7-82f6-3863bb44ef7c,12,0,12,5,1,1769930991,2026-02-01 02:31:31
2157736614125310040,6,5,1,7,1,1769930994,2026-02-01 02:31:31
2116885281736356212,4,0,4,8,1,1769930993,2026-02-01 02:31:31
66dd80ac-0aca-11e7-82f6-3863bb44ef7c,4,1,3,15,1,1769930997,2026-02-01 02:31:31
581211b2-4e42-48f2-8a8f-5f968cb1c5df,2,1,1,22,1,1769930915,2026-02-01 02:31:31
2108372356498784942,7,0,7,7,1,1769930914,2026-02-01 02:31:31
66ddd8a8-0aca-11e7-82f6-3863bb44ef7c,3,1,2,9,1,1769930888,2026-02-01 02:31:31
66ddd93e-0aca-11e7-82f6-3863bb44ef7c,4,0,4,10,1,1769930886,2026-02-01 02:31:31
46813ecf-8df4-4c8f-9579-0179e0b36ba6,3,1,2,12,1,1769930920,2026-02-01 02:31:31
2116634708854430228,10,2,8,4,1,1769930927,2026-02-01 02:31:31
2108373961268485100,4,0,4,10,1,1769930876,2026-02-01 02:31:31
66ddddb4-0aca-11e7-82f6-3863bb44ef7c,10,2,8,4,1,1769930896,2026-02-01 02:31:31
2088688422524183306,17,5,12,15,1,1769930910,2026-02-01 02:31:31
2116635527663355916,0,0,0,11,1,1769930912,2026-02-01 02:31:31
cbc48689-7805-49dd-9669-5471f4b7b6fb,8,1,7,13,1,1769930951,2026-02-01 02:31:31
5faf99b8-9046-450f-9d2a-d13279b3d016,19,14,5,10,1,1769930953,2026-02-01 02:31:31
66dd5f24-0aca-11e7-82f6-3863bb44ef7c,12,1,11,7,1,1769930952,2026-02-01 02:31:31
2116636221383887448,15,0,15,3,1,1769930955,2026-02-01 02:31:31
bd6f422b-d7ae-4d7e-9261-653fdd8e6888,23,9,14,3,1,1769930959,2026-02-01 02:31:31
5aa81a37-ea1d-4bf6-ab40-4751c6b4fb08,8,3,5,8,1,1769930977,2026-02-01 02:31:31
66dddc08-0aca-11e7-82f6-3863bb44ef7c,10,2,8,2,1,1769930983,2026-02-01 02:31:31
66dd5a42-0aca-11e7-82f6-3863bb44ef7c,17,10,7,3,1,1769930968,2026-02-01 02:31:31
519824e4-69ba-4270-a395-17c204f328f8,7,4,3,12,1,1769930967,2026-02-01 02:31:31
2108372903577159978,6,4,2,8,1,1769930971,2026-02-01 02:31:31
9d344652-976b-4c2d-bede-2ef19b0fbf13,6,4,2,11,1,1769930976,2026-02-01 02:31:31
66dddd28-0aca-11e7-82f6-3863bb44ef7c,8,4,4,3,1,1769930985,2026-02-01 02:31:31
b6a13f2b-deb4-4f4d-9d67-7d23bee27c88,6,5,1,7,1,1769930983,2026-02-01 02:31:31
1905837242740508940,0,0,0,0,0,86400,2026-02-01 03:21:21
41495491-5d89-4e14-aab9-c3db04aad399,0,0,0,0,0,86400,2026-02-01 03:21:21
b9720921-8170-43ea-a5ae-b61b9161eb49,0,0,0,0,0,86400,2026-02-01 03:21:21
2171903488884523500,0,0,0,0,0,86400,2026-02-01 03:21:21
2171903608969565866,0,0,0,0,0,86400,2026-02-01 03:21:21
2171904223419888148,0,0,0,0,0,86400,2026-02-01 03:21:21
2177014969129222184,0,0,0,0,0,86400,2026-02-01 03:21:21
2177016530523622712,0,0,0,0,0,86400,2026-02-01 03:21:21
2177016940364559212,0,0,0,0,0,86400,2026-02-01 03:21:21
66db3687-0aca-11e7-82f6-3863bb44ef7c,0,0,0,16,0,1769924869,2026-02-01 03:21:21
1862002854876824190,0,0,0,13,0,1769819115,2026-02-01 03:21:21
493e046c-5d62-4772-90c4-b6a9f4afcd39,0,0,0,9,0,1769903695,2026-02-01 03:21:21
66dbcbbc-0aca-11e7-82f6-3863bb44ef7c,0,0,0,25,0,1769928488,2026-02-01 03:21:21
29ced315-14b5-4edc-bef2-665316dfe3dd,0,0,0,2,0,1769924955,2026-02-01 03:21:21
66de205d-0aca-11e7-82f6-3863bb44ef7c,3,3,0,14,1,1769933773,2026-02-01 03:21:21
66dd01c5-0aca-11e7-82f6-3863bb44ef7c,0,0,0,4,0,1769830566,2026-02-01 03:21:21
ec42fb3a-af54-46aa-a8b3-b17d72ed4475,0,0,0,4,0,1769794561,2026-02-01 03:21:21
66dc81ce-0aca-11e7-82f6-3863bb44ef7c,0,0,0,60,0,1769878408,2026-02-01 03:21:21
66de12ff-0aca-11e7-82f6-3863bb44ef7c,7,2,5,4,1,1769933878,2026-02-01 03:21:21
66dbe571-0aca-11e7-82f6-3863bb44ef7c,37,12,25,9,1,1769933879,2026-02-01 03:21:21
068b919c-f649-4091-8e12-ccf37191cad5,0,0,0,18,1,1769933879,2026-02-01 03:21:21
66ddb66e-0aca-11e7-82f6-3863bb44ef7c,5,2,3,19,1,1769933879,2026-02-01 03:21:21
d265dbc7-ef55-4f5b-8a2b-f2015dc71fb8,9,0,9,10,1,1769933879,2026-02-01 03:21:21
1960019951675478680,5,2,3,17,1,1769933879,2026-02-01 03:21:21
66de1ea2-0aca-11e7-82f6-3863bb44ef7c,6,4,2,9,1,1769933879,2026-02-01 03:21:21
d8778570-f7f2-458d-82f5-9ad39210a501,24,13,10,5,1,1769933884,2026-02-01 03:21:21
e9575102-1081-4c30-8d15-ea95913579e2,1,1,0,15,1,1769933880,2026-02-01 03:21:21
66de1fe7-0aca-11e7-82f6-3863bb44ef7c,12,2,10,3,1,1769933880,2026-02-01 03:21:21
3db799ba-b574-4e5f-95e5-c767bec2acb6,8,2,6,19,1,1769933881,2026-02-01 03:21:21
640a9a95-194f-42f5-8d88-1df67129f388,5,0,5,15,1,1769933881,2026-02-01 03:21:21
1f8f6714-42a7-45d5-86cd-a093c940b2c9,0,0,0,22,1,1769933881,2026-02-01 03:21:21
1962547377975794462,6,1,5,17,1,1769933881,2026-02-01 03:21:21
493850bd-125b-49f5-932b-bf999504fb06,2,1,1,14,1,1769933881,2026-02-01 03:21:21
6d766daf-9298-4059-a329-1818582d495f,11,11,0,2,1,1769933885,2026-02-01 03:21:21
66dd9fa6-0aca-11e7-82f6-3863bb44ef7c,9,7,2,42,1,1769933881,2026-02-01 03:21:21
7a6fc75f-a605-4dd6-b567-b2bbbfb862f3,0,0,0,0,0,1769747711,2026-02-01 03:21:21
528ed1e0-75aa-45be-8afe-c3f1c950782f,3,0,3,13,1,1769933882,2026-02-01 03:21:21
2637fed8-1e2a-460b-83eb-3eb32ace0f4e,8,2,5,31,1,1769933883,2026-02-01 03:21:21
1b038e21-e199-4c47-bef0-f4bcdc06b73b,16,16,0,21,1,1769933883,2026-02-01 03:21:21
f3140fb8-347b-4dca-96df-eeef2d1bfc50,8,2,5,7,1,1769933886,2026-02-01 03:21:21
3d68a3fd-91da-49e8-9cd5-69b333863789,12,3,9,4,1,1769933888,2026-02-01 03:21:21
0ddb965d-95ef-4ce3-bde6-81a56ac1fbd2,0,0,0,29,1,1769933889,2026-02-01 03:21:21
ffae66ec-7c16-436f-bd0a-eedf81d580e7,4,0,4,12,1,1769933889,2026-02-01 03:21:21
54df610f-0e47-4958-98ca-37bb1b1c4dca,0,0,0,22,1,1769933889,2026-02-01 03:21:21
16e70b05-5b73-4930-9dcf-f79e5ce9eaf5,17,0,17,4,1,1769933890,2026-02-01 03:21:21
162d5859-b735-4ff7-9613-01b21f22c1cd,17,0,17,13,1,1769933891,2026-02-01 03:21:21
66dbc37a-0aca-11e7-82f6-3863bb44ef7c,4,3,1,53,1,1769933886,2026-02-01 03:21:21
c00ef46d-fcde-48e2-afbd-0fb595fe3fa7,19,8,10,2,1,1769933889,2026-02-01 03:21:21
3eb10c63-ea4c-4161-b07d-a29034f7367a,2,0,2,10,1,1769933889,2026-02-01 03:21:21
1096fc76-794e-4343-8eb0-0dd6c9a48266,3,1,2,13,1,1769933889,2026-02-01 03:21:21
66dde69c-0aca-11e7-82f6-3863bb44ef7c,1,0,1,10,1,1769933889,2026-02-01 03:21:21
66dc0dab-0aca-11e7-82f6-3863bb44ef7c,5,3,2,103,1,1769933892,2026-02-01 03:21:21
c63a83a0-bda1-40a6-835b-f82c363543b9,0,0,0,19,1,1769933894,2026-02-01 03:21:21
1849010133527040242,4,0,4,11,1,1769933895,2026-02-01 03:21:21
8d650b03-920d-4d44-a48f-8d9a1a0ba264,13,3,10,4,1,1769933895,2026-02-01 03:21:21
38af3d1a-9916-46cf-b22e-86fc8648bf30,10,0,10,8,1,1769933895,2026-02-01 03:21:21
66dcc8b3-0aca-11e7-82f6-3863bb44ef7c,4,1,3,13,1,1769933896,2026-02-01 03:21:21
faf98f78-51ab-4248-b7e7-f402902385a6,2,1,1,16,1,1769933892,2026-02-01 03:21:21
7dda8844-60ba-4449-b05c-54c1d14ab5fb,47,38,9,4,1,1769933893,2026-02-01 03:21:21
c2d549f8-f54c-4a0d-9ecd-6e6f79118279,6,0,6,14,1,1769933893,2026-02-01 03:21:21
ca843847-923a-40b7-80ca-c1c3fff6e818,0,0,0,18,1,1769933897,2026-02-01 03:21:21
99614ecb-2329-49fa-a13a-fa1ef2bb32d6,3,0,3,12,1,1769933897,2026-02-01 03:21:21
1817822909864556798,4,0,4,15,1,1769933894,2026-02-01 03:21:21
1859808514684217788,1,1,0,19,1,1769933896,2026-02-01 03:21:21
66de2199-0aca-11e7-82f6-3863bb44ef7c,10,2,8,15,1,1769933896,2026-02-01 03:21:21
4f814d78-5d8d-458b-877e-2ca449b865be,0,0,0,21,1,1769933899,2026-02-01 03:21:21
0f45bcf6-7028-4584-a51e-4129847dbebc,31,10,21,5,1,1769933899,2026-02-01 03:21:21
0fde06c2-632c-46a9-8866-f4e855604f74,24,11,13,35,1,1769933899,2026-02-01 03:21:21
1950648049868542106,6,1,5,15,1,1769933899,2026-02-01 03:21:21
457ea5d7-d643-4028-87db-46dee0b81555,7,6,1,17,1,1769933897,2026-02-01 03:21:21
1937777808143497236,0,0,0,25,1,1769933898,2026-02-01 03:21:21
66dd4ec7-0aca-11e7-82f6-3863bb44ef7c,15,10,5,54,1,1769933898,2026-02-01 03:21:21
b371c432-b682-412f-9b85-8df84ce7a9f3,7,0,7,11,1,1769933898,2026-02-01 03:21:21
2124036994734951288,5,0,5,2,1,1769933900,2026-02-01 03:21:21
66dbe15d-0aca-11e7-82f6-3863bb44ef7c,5,2,3,21,1,1769933899,2026-02-01 03:21:21
cb9840a3-4ae2-420d-865c-9ac45e2f5485,11,5,6,4,1,1769933901,2026-02-01 03:21:21
63a838a8-9acf-4ba1-91f5-c676f6ef2f7d,14,3,11,4,1,1769933901,2026-02-01 03:21:21
1846085439406916338,2,0,2,20,1,1769933901,2026-02-01 03:21:21
c2bb1874-bcb7-47c5-aa7d-05423b9087e8,2,0,2,14,1,1769933907,2026-02-01 03:21:21
66dd24ca-0aca-11e7-82f6-3863bb44ef7c,25,14,11,18,1,1769933907,2026-02-01 03:21:21
bf880f45-422c-4e0b-b3b0-2b1f5ba94da4,1,0,1,14,1,1769933907,2026-02-01 03:21:21
1876800925490112950,3,1,2,10,1,1769933904,2026-02-01 03:21:21
e85c3165-ad0a-44a3-9683-d8cf7575f465,13,1,12,13,1,1769933905,2026-02-01 03:21:21
e152a2e1-c510-404e-a100-24246bb6cc95,3,0,3,11,1,1769933905,2026-02-01 03:21:21
66dd3d7f-0aca-11e7-82f6-3863bb44ef7c,1,0,1,31,1,1769933905,2026-02-01 03:21:21
66dbee85-0aca-11e7-82f6-3863bb44ef7c,5,0,5,67,1,1769933905,2026-02-01 03:21:21
66de85d2-0aca-11e7-82f6-3863bb44ef7c,13,10,3,27,1,1769933906,2026-02-01 03:21:21
023cf549-bd85-4f9a-abd8-70ba29d7e86b,6,0,6,11,1,1769933906,2026-02-01 03:21:21
1828967979464708718,0,0,0,20,1,1769933906,2026-02-01 03:21:21
1851254468343716806,13,1,12,1,1,1769933906,2026-02-01 03:21:21
fda18503-7488-4b91-b74c-949a90401e83,6,1,5,12,1,1769933906,2026-02-01 03:21:21
66dbe68e-0aca-11e7-82f6-3863bb44ef7c,40,29,11,5,1,1769933902,2026-02-01 03:21:21
dad39e68-53f5-47c2-87e2-b1cc0e34f90f,5,1,4,13,1,1769933902,2026-02-01 03:21:21
66dd217d-0aca-11e7-82f6-3863bb44ef7c,3,2,1,19,1,1769933903,2026-02-01 03:21:21
66dd45c7-0aca-11e7-82f6-3863bb44ef7c,0,0,0,1,0,1769893798,2026-02-01 03:21:21
a4d041fd-c5fa-4f52-800c-25d7a661a875,1,1,0,18,1,1769933908,2026-02-01 03:21:21
66db93a1-0aca-11e7-82f6-3863bb44ef7c,2,1,1,30,1,1769933903,2026-02-01 03:21:21
0630217a-3913-47d9-9540-cf85688296a5,0,0,0,16,1,1769933909,2026-02-01 03:21:21
dd482585-3028-453f-a98d-55019db9b26c,32,1,31,1,1,1769933908,2026-02-01 03:21:21
32cc1603-a4b5-4099-b7bf-681de451b04a,7,2,5,32,1,1769933908,2026-02-01 03:21:21
d11b9869-8964-4b79-aafc-4b60ad1b44c4,0,0,0,15,1,1769933909,2026-02-01 03:21:21
1822663031356509142,12,1,11,5,1,1769933912,2026-02-01 03:21:21
655ad2f2-6bcc-4eee-95a9-4f528c0b81cd,10,5,5,2,1,1769933913,2026-02-01 03:21:21
6e5a8cab-cf1a-4584-8133-01835b56ad71,5,1,4,18,1,1769933913,2026-02-01 03:21:21
66dce8db-0aca-11e7-82f6-3863bb44ef7c,17,5,12,18,1,1769933913,2026-02-01 03:21:21
c606bae0-889c-47c3-8202-9463ef147655,12,0,12,7,1,1769933914,2026-02-01 03:21:21
1898751402035634700,12,3,9,7,1,1769933914,2026-02-01 03:21:21
545a32d3-b74c-4dc2-b82c-a6d185dd4666,0,0,0,17,1,1769933914,2026-02-01 03:21:21
b96507c5-7c90-499d-9c45-58f25d6f636a,0,0,0,17,1,1769933914,2026-02-01 03:21:21
1786697771181570266,29,0,29,3,1,1769933912,2026-02-01 03:21:21
324e93c8-4f3d-4a5f-becd-00e6f49fe4dd,13,1,12,4,1,1769933912,2026-02-01 03:21:21
66dc7773-0aca-11e7-82f6-3863bb44ef7c,22,4,18,19,1,1769933912,2026-02-01 03:21:21
f833d403-2cf5-424a-a3b3-0314a44b4a67,17,5,12,15,1,1769933912,2026-02-01 03:21:21
1828968883163894358,14,3,11,6,1,1769933912,2026-02-01 03:21:21
4e747443-d481-4aea-a6d1-cf20204af4ba,13,0,13,5,1,1769933910,2026-02-01 03:21:21
837b7db3-55c6-4595-a497-834972631752,2,1,1,13,1,1769933911,2026-02-01 03:21:21
6fab98b7-b06a-49d8-a4d1-087ffce0ebcf,1,1,0,16,1,1769933911,2026-02-01 03:21:21
566a6389-5c22-49ca-8c24-4d9eea135170,14,1,13,13,1,1769933910,2026-02-01 03:21:21
ceb179f3-89c3-4c3e-8a0a-3415406a9463,4,4,0,18,1,1769933910,2026-02-01 03:21:21
b35ba3c0-d3e8-4b1a-b63b-73a7bb518c9e,3,0,3,12,1,1769933914,2026-02-01 03:21:21
66db9e99-0aca-11e7-82f6-3863bb44ef7c,3,2,1,15,1,1769933928,2026-02-01 03:21:21
66dcbac5-0aca-11e7-82f6-3863bb44ef7c,9,0,9,9,1,1769933927,2026-02-01 03:21:21
579e583e-60ab-4f2a-83d0-fabebddfcd0f,5,3,2,6,1,1769933930,2026-02-01 03:21:21
c7604869-5b55-40cf-812e-fc97901bdf14,14,3,11,12,1,1769933930,2026-02-01 03:21:21
1815968237323833702,10,2,8,2,1,1769933930,2026-02-01 03:21:21
59af018a-2ee9-489a-b445-bb6fba9c1119,2,0,2,11,1,1769933930,2026-02-01 03:21:21
1b00fb53-da32-4b14-9a9a-84a391c8951c,1,0,1,19,1,1769933931,2026-02-01 03:21:21
1869753484503987044,0,0,0,19,1,1769933931,2026-02-01 03:21:21
2ebbe93b-a013-464a-b4a5-0eba96f89676,4,3,1,14,1,1769933928,2026-02-01 03:21:21
6542d952-ca19-410e-9290-ee6b7a6e14cf,1,0,0,20,1,1769933928,2026-02-01 03:21:21
66dc6a86-0aca-11e7-82f6-3863bb44ef7c,13,1,12,61,1,1769933929,2026-02-01 03:21:21
3f05490b-a3d8-4d15-bd25-0212555b5dff,15,1,14,0,1,1769933929,2026-02-01 03:21:21
5645b05e-85be-460d-8506-cacd20bff233,22,2,20,1,1,1769933929,2026-02-01 03:21:21
912813fc-fde4-4430-8443-a4fa21477e7f,0,0,0,20,1,1769933929,2026-02-01 03:21:21
66dc840f-0aca-11e7-82f6-3863bb44ef7c,11,3,8,44,1,1769933931,2026-02-01 03:21:21
66dd17a5-0aca-11e7-82f6-3863bb44ef7c,25,10,15,17,1,1769933931,2026-02-01 03:21:21
943a1a27-1328-4823-8945-28d845280383,15,14,1,4,1,1769933931,2026-02-01 03:21:21
0b613329-b8c8-4b8c-ad40-79952aa41157,8,3,5,16,1,1769933931,2026-02-01 03:21:21
0fa27bd7-b182-4e7a-b5bb-90f4249cb368,3,0,3,18,1,1769933932,2026-02-01 03:21:21
66dc80b4-0aca-11e7-82f6-3863bb44ef7c,6,1,5,47,1,1769933928,2026-02-01 03:21:21
66ddec3e-0aca-11e7-82f6-3863bb44ef7c,1,1,0,12,1,1769933926,2026-02-01 03:21:21
1869753654337059182,4,1,3,8,1,1769933926,2026-02-01 03:21:21
1828966626550010820,9,0,9,1,1,1769933927,2026-02-01 03:21:21
372c592e-09d8-400c-9595-2aa3510f39b0,7,0,7,13,1,1769933926,2026-02-01 03:21:21
e35c42c6-8b73-4528-b08d-c94b75624b40,10,1,9,8,1,1769933926,2026-02-01 03:21:21
66ddea99-0aca-11e7-82f6-3863bb44ef7c,0,0,0,14,1,1769933931,2026-02-01 03:21:21
5a24acbb-94ef-4cb5-9db8-f6073ac26a2b,1,1,0,17,1,1769933931,2026-02-01 03:21:21
1846086362824884662,14,1,13,0,1,1769933919,2026-02-01 03:21:21
5f63411c-91ce-4788-a567-d388cc812a15,7,0,7,21,1,1769933919,2026-02-01 03:21:21
481624f3-9377-4dfd-a5dd-de05a7fef760,4,1,3,14,1,1769933916,2026-02-01 03:21:21
ad57266c-34da-43da-8b48-2ba856002fbf,5,1,4,21,1,1769933917,2026-02-01 03:21:21
66dd4a52-0aca-11e7-82f6-3863bb44ef7c,6,3,3,19,1,1769933934,2026-02-01 03:21:21
ca7ec509-cefc-4ac6-b729-08999d191051,15,3,12,1,1,1769933935,2026-02-01 03:21:21
1965202298784063998,6,3,3,21,1,1769933935,2026-02-01 03:21:21
19b61564-7629-41b4-80c8-1756135a5442,0,0,0,17,1,1769933934,2026-02-01 03:21:21
66de63cd-0aca-11e7-82f6-3863bb44ef7c,11,4,7,1,1,1769933934,2026-02-01 03:21:21
b4974d89-932c-4a9f-a264-2ea0cf70613e,7,6,1,8,1,1769933932,2026-02-01 03:21:21
26217b73-7bb5-46e6-8094-1db05becd617,0,0,0,24,1,1769933932,2026-02-01 03:21:21
1882824287789509296,4,0,4,35,1,1769933934,2026-02-01 03:21:21
af72ab76-c6cb-4994-af96-51fa8846ecdc,1,1,0,18,1,1769933935,2026-02-01 03:21:21
1854538387432581604,13,1,12,3,1,1769933936,2026-02-01 03:21:21
1838071008881986168,10,0,10,15,1,1769933937,2026-02-01 03:21:21
ab6aadd8-fa45-43aa-abea-c8e01ec5a0c8,20,5,15,0,1,1769933952,2026-02-01 03:21:21
5526b855-dc09-4159-a20a-99651861a481,10,5,5,3,1,1769933952,2026-02-01 03:21:21
66db447a-0aca-11e7-82f6-3863bb44ef7c,42,24,18,0,1,1769933952,2026-02-01 03:21:21
66dbef15-0aca-11e7-82f6-3863bb44ef7c,11,2,9,37,1,1769933953,2026-02-01 03:21:21
d5cabb43-6c78-4022-964e-a8b02470509e,11,0,11,8,1,1769933954,2026-02-01 03:21:21
0dd71c6d-11ee-4ad4-ba99-36b9ad36112c,11,6,5,5,1,1769933954,2026-02-01 03:21:21
1862008701134683118,1,0,1,20,1,1769933954,2026-02-01 03:21:21
1917312704757770810,18,7,11,14,1,1769933955,2026-02-01 03:21:21
2124381939991318658,1,0,1,8,1,1769933951,2026-02-01 03:21:21
96e72113-3681-4d19-88bb-032e76720093,0,0,0,6,0,1769920362,2026-02-01 03:21:21
66db76a1-0aca-11e7-82f6-3863bb44ef7c,15,6,9,73,1,1769933954,2026-02-01 03:21:21
66dc8db1-0aca-11e7-82f6-3863bb44ef7c,44,5,39,2,1,1769933949,2026-02-01 03:21:21
66dbe96d-0aca-11e7-82f6-3863bb44ef7c,10,3,7,34,1,1769933954,2026-02-01 03:21:21
66db4549-0aca-11e7-82f6-3863bb44ef7c,4,4,0,17,1,1769933957,2026-02-01 03:21:21
66dc3e89-0aca-11e7-82f6-3863bb44ef7c,7,2,5,55,1,1769933957,2026-02-01 03:21:21
901ad0c4-383e-490a-8b54-0656ce2358d6,0,0,0,6,0,1769906302,2026-02-01 03:21:21
66de2b2f-0aca-11e7-82f6-3863bb44ef7c,35,2,32,4,1,1769933957,2026-02-01 03:21:21
581bc4fe-cf14-4767-8377-6fa156ff8a29,3,0,3,16,1,1769933959,2026-02-01 03:21:21
1846085734612252774,3,0,3,18,1,1769933959,2026-02-01 03:21:21
f3782e27-c49a-4ee9-b188-0c13cad54688,8,0,8,7,1,1769933959,2026-02-01 03:21:21
816e50eb-dc4b-47dc-b773-154e2020cb0d,2,0,2,17,1,1769933959,2026-02-01 03:21:21
66de4959-0aca-11e7-82f6-3863bb44ef7c,3,1,2,14,1,1769933958,2026-02-01 03:21:21
98ebf9c6-1d94-4e21-9007-c623875fdb5e,0,0,0,5,0,1769818090,2026-02-01 03:21:21
69f84045-48f9-4c6c-90d3-0503e5ed39e9,2,1,1,15,1,1769933956,2026-02-01 03:21:21
1854538962214948918,12,1,11,0,1,1769933956,2026-02-01 03:21:21
1d3a8670-09b3-4127-b750-af5311e565f0,8,0,8,9,1,1769933957,2026-02-01 03:21:21
93da4d1b-d574-45b0-85d7-5b82e2887267,15,0,15,4,1,1769933955,2026-02-01 03:21:21
66dc8a3d-0aca-11e7-82f6-3863bb44ef7c,12,3,9,51,1,1769933955,2026-02-01 03:21:21
66dbcd6c-0aca-11e7-82f6-3863bb44ef7c,9,8,1,22,1,1769933956,2026-02-01 03:21:21
26b3a82b-3487-44c2-85f1-eddb5a8a3a9d,13,0,13,3,1,1769933956,2026-02-01 03:21:21
1834145589124844432,0,0,0,18,1,1769933956,2026-02-01 03:21:21
bacfe3c2-7946-45ed-91f9-f5b91791de75,5,2,3,24,1,1769933957,2026-02-01 03:21:21
0bd9bd58-42e6-4680-9d19-83943372221f,1,1,0,12,1,1769933957,2026-02-01 03:21:21
abc1311e-e000-4211-af9e-0cf92242711e,0,0,0,20,1,1769933957,2026-02-01 03:21:21
06439006-11b6-44f0-8545-c9d39035f32a,48,42,6,14,1,1769933957,2026-02-01 03:21:21
1888015107269225164,4,4,0,14,1,1769933955,2026-02-01 03:21:21
66dc0f8a-0aca-11e7-82f6-3863bb44ef7c,25,0,25,22,1,1769933956,2026-02-01 03:21:21
1848241684520917882,8,3,5,1,1,1769933960,2026-02-01 03:21:21
cd2d9dab-7708-4685-a56f-9412c738de7e,15,0,15,5,1,1769933982,2026-02-01 03:21:21
66db277a-0aca-11e7-82f6-3863bb44ef7c,13,1,12,7,1,1769933982,2026-02-01 03:21:21
66dc292c-0aca-11e7-82f6-3863bb44ef7c,20,13,5,23,1,1769933982,2026-02-01 03:21:21
6476c5fd-611e-436c-9736-e0f43bb7774e,11,1,10,2,1,1769933982,2026-02-01 03:21:21
00967b8f-1a4d-4131-a65a-17fa8ca89e28,1,1,0,15,1,1769933983,2026-02-01 03:21:21
475c44e1-31e3-4c60-b071-af2ca3f7618c,4,3,1,12,1,1769933983,2026-02-01 03:21:21
66de0cab-0aca-11e7-82f6-3863bb44ef7c,15,2,13,18,1,1769933976,2026-02-01 03:21:21
d470e82e-d109-4e2e-b66a-f5e944cbfe97,12,1,11,2,1,1769933976,2026-02-01 03:21:21
595cf79f-7783-4373-b3d5-775bcf76033b,1,1,0,16,1,1769933977,2026-02-01 03:21:21
b896d83d-5524-4c9c-a2aa-c1b0edaadc22,0,0,0,18,1,1769933977,2026-02-01 03:21:21
77e31650-e86a-4b06-b2de-b92df2a7a7f5,24,2,22,2,1,1769933977,2026-02-01 03:21:21
3e1bdcec-e762-4e83-b447-007f05923cce,5,1,4,15,1,1769933977,2026-02-01 03:21:21
1786698974100683436,20,8,12,15,1,1769933977,2026-02-01 03:21:21
1835246937517543544,10,0,10,7,1,1769933981,2026-02-01 03:21:21
66db408f-0aca-11e7-82f6-3863bb44ef7c,13,1,12,12,1,1769933981,2026-02-01 03:21:21
1838070843306263244,5,2,3,11,1,1769933981,2026-02-01 03:21:21
12279d2b-29f6-4e02-a7f0-244970f7edd5,6,3,3,17,1,1769933981,2026-02-01 03:21:21
1927314940904608224,8,4,4,16,1,1769933981,2026-02-01 03:21:21
f681f980-185d-45b9-8490-bb2606624dd4,1,1,0,16,1,1769933981,2026-02-01 03:21:21
9af90faf-0b9b-451b-9cb0-20ff421ca1d9,1,0,1,23,1,1769933978,2026-02-01 03:21:21
1862788202397235246,13,1,12,3,1,1769933978,2026-02-01 03:21:21
1862008939006380034,5,0,5,10,1,1769933978,2026-02-01 03:21:21
66dde76a-0aca-11e7-82f6-3863bb44ef7c,2,0,2,22,1,1769933978,2026-02-01 03:21:21
576abdc1-986e-48b0-bde2-051a13d3ff59,10,5,5,7,1,1769933978,2026-02-01 03:21:21
66dc17df-0aca-11e7-82f6-3863bb44ef7c,5,1,4,23,1,1769933982,2026-02-01 03:21:21
66dea7b5-0aca-11e7-82f6-3863bb44ef7c,5,4,1,30,1,1769933982,2026-02-01 03:21:21
2138075988152462096,10,0,10,3,1,1769933980,2026-02-01 03:21:21
1840540852548303628,0,0,0,17,1,1769933980,2026-02-01 03:21:21
d80c274e-d17d-4a00-9b76-274c9fe4d0e1,0,0,0,29,1,1769933980,2026-02-01 03:21:21
66dbec40-0aca-11e7-82f6-3863bb44ef7c,3,2,1,47,1,1769933980,2026-02-01 03:21:21
81a98b0b-cfd6-48b4-90bd-806ebbc264a0,4,2,2,13,1,1769933981,2026-02-01 03:21:21
18eccc71-66be-4e4c-8335-095a9bf0df94,5,4,1,24,1,1769933979,2026-02-01 03:21:21
1815967442754883940,24,0,24,4,1,1769933979,2026-02-01 03:21:21
66dd4c5f-0aca-11e7-82f6-3863bb44ef7c,1,0,1,51,1,1769933979,2026-02-01 03:21:21
f5393bc2-36d4-4508-bf51-fa48d121f751,12,4,8,10,1,1769933983,2026-02-01 03:21:21
1986707977001495180,6,0,6,12,1,1769933983,2026-02-01 03:21:21
66db6963-0aca-11e7-82f6-3863bb44ef7c,53,12,41,15,1,1769933983,2026-02-01 03:21:21
7779e057-b33e-46a7-8a1e-8c28bcd9a558,11,1,10,9,1,1769933983,2026-02-01 03:21:21
754ac5df-f2b5-4636-8c58-ed84ea262bde,1,1,0,19,1,1769933983,2026-02-01 03:21:21
66de677e-0aca-11e7-82f6-3863bb44ef7c,14,3,11,12,1,1769933983,2026-02-01 03:21:21
4568f854-1268-45cf-bac8-82286ef40ae6,13,1,12,6,1,1769933985,2026-02-01 03:21:21
f9ed9a6b-097e-48b9-a9d1-79d084dcd2d9,1,0,0,16,1,1769933986,2026-02-01 03:21:21
0687075b-cf2d-4130-a859-fe841aafbd3f,9,1,8,5,1,1769933985,2026-02-01 03:21:21
66dc2995-0aca-11e7-82f6-3863bb44ef7c,12,2,10,33,1,1769933986,2026-02-01 03:21:21
cc5f0e68-dd5f-4db1-81c7-04a4d6674fba,13,0,13,2,1,1769933986,2026-02-01 03:21:21
c190f78c-77ad-469e-aecc-e2af7bb6d92a,16,0,16,3,1,1769933986,2026-02-01 03:21:21
66880044-5411-4143-af39-eaa0a0fd0528,10,2,8,13,1,1769933986,2026-02-01 03:21:21
18415ea7-efce-408d-bcb9-4693fb088dda,19,12,7,1,1,1769933986,2026-02-01 03:21:21
a2ef8ed2-6031-4049-b7dc-9838ef39889b,10,0,10,5,1,1769933986,2026-02-01 03:21:21
66de17f7-0aca-11e7-82f6-3863bb44ef7c,7,6,0,28,1,1769933986,2026-02-01 03:21:21
66dd4d70-0aca-11e7-82f6-3863bb44ef7c,5,3,2,26,1,1769933987,2026-02-01 03:21:21
62f8f806-bd04-4282-9c5d-ad4293644e3c,8,2,6,10,1,1769933987,2026-02-01 03:21:21
66dd056e-0aca-11e7-82f6-3863bb44ef7c,4,2,2,7,1,1769933987,2026-02-01 03:21:21
038b7369-9c6e-4eb2-8569-f7461443302f,8,1,7,3,1,1769933989,2026-02-01 03:21:21
66dc1d80-0aca-11e7-82f6-3863bb44ef7c,8,6,2,23,1,1769933989,2026-02-01 03:21:21
f62526d4-9c6a-4c76-be76-c64b5be669d2,0,0,0,20,1,1769933989,2026-02-01 03:21:21
1869743938848725856,33,28,5,51,1,1769933989,2026-02-01 03:21:21
66dd1d0f-0aca-11e7-82f6-3863bb44ef7c,25,6,18,3,1,1769933989,2026-02-01 03:21:21
66dd26f9-0aca-11e7-82f6-3863bb44ef7c,27,10,17,6,1,1769933984,2026-02-01 03:21:21
44fa161f-eb62-459b-b53e-da83788cfa2a,5,4,1,23,1,1769933984,2026-02-01 03:21:21
807e9f5a-49b6-4b7e-847b-4a60cff330ed,1,0,1,16,1,1769933984,2026-02-01 03:21:21
499e10ad-c008-461e-8cf7-20757218a9cc,1,0,1,19,1,1769933985,2026-02-01 03:21:21
3134c2d4-b090-4eb8-ab44-6f9622098f72,0,0,0,22,1,1769933985,2026-02-01 03:21:21
2126224996973581072,5,3,2,0,1,1769933906,2026-02-01 03:21:21
b4a320d6-2611-4940-96ca-17fb297ec826,15,0,15,1,1,1769933986,2026-02-01 03:21:21
6fb81fda-f0b5-4242-90f9-88d0214feb8d,2,0,2,13,1,1769933915,2026-02-01 03:21:21
66de71af-0aca-11e7-82f6-3863bb44ef7c,21,0,21,8,1,1769933915,2026-02-01 03:21:21
66de4bbb-0aca-11e7-82f6-3863bb44ef7c,2,1,1,12,1,1769933915,2026-02-01 03:21:21
59b747c1-fbfb-4a3d-9394-8d06834d7c98,17,8,9,1,1,1769933915,2026-02-01 03:21:21
4efda436-cd19-4ec3-acc7-1a622f723264,0,0,0,16,1,1769933915,2026-02-01 03:21:21
66dd5407-0aca-11e7-82f6-3863bb44ef7c,6,0,6,66,1,1769933915,2026-02-01 03:21:21
69717638-5c4a-47a7-bccb-3b42c81eb09f,4,0,4,9,1,1769933915,2026-02-01 03:21:21
1840504138040045682,9,2,7,7,1,1769933916,2026-02-01 03:21:21
eb07bdfc-3a6f-40eb-96d2-0b92ac371619,0,0,0,13,1,1769933924,2026-02-01 03:21:21
765ee572-6c7a-4ed3-a2d4-f1496ea53996,19,0,19,1,1,1769933924,2026-02-01 03:21:21
8aad788d-c7eb-4fca-a426-c39f47741a6f,13,2,11,4,1,1769933920,2026-02-01 03:21:21
1d32e684-602b-46b6-8c96-ab47b57a03f3,5,4,1,18,1,1769933920,2026-02-01 03:21:21
ff9581d3-3e1a-463a-bdab-d8150c468be2,3,1,2,29,1,1769933921,2026-02-01 03:21:21
c3062f44-c5b9-4650-a4ec-cc66cbf5b944,0,0,0,16,1,1769933921,2026-02-01 03:21:21
2126622241630343402,7,5,2,7,1,1769933922,2026-02-01 03:21:21
18a2cbb6-91f2-4393-82fb-b40a8ba90f20,2,1,1,17,1,1769933921,2026-02-01 03:21:21
66de2707-0aca-11e7-82f6-3863bb44ef7c,4,2,1,37,1,1769933921,2026-02-01 03:21:21
1826348248869574940,7,0,7,20,1,1769933922,2026-02-01 03:21:21
1860188747953293684,8,2,6,7,1,1769933922,2026-02-01 03:21:21
66dde103-0aca-11e7-82f6-3863bb44ef7c,22,18,4,5,1,1769933923,2026-02-01 03:21:21
d2b23c87-b7c3-48c2-a634-db4b76ecbcf7,0,0,0,17,1,1769933925,2026-02-01 03:21:21
66dc7ba2-0aca-11e7-82f6-3863bb44ef7c,2,2,0,17,1,1769933925,2026-02-01 03:21:21
e9b3a725-6963-4151-8f7f-9beeb51fa20f,5,1,4,8,1,1769933925,2026-02-01 03:21:21
66dc2c78-0aca-11e7-82f6-3863bb44ef7c,1,1,0,79,1,1769933926,2026-02-01 03:21:21
66de0861-0aca-11e7-82f6-3863bb44ef7c,5,5,0,1,1,1769933924,2026-02-01 03:21:21
bcb08532-f0d5-4c0e-ad8a-4ddacc204791,0,0,0,15,1,1769933921,2026-02-01 03:21:21
2546c9b9-5b1a-4e9f-a9cc-f8b986b79748,9,2,7,10,1,1769933925,2026-02-01 03:21:21
a3d72b5b-9587-4f33-9722-c01e20a9b358,4,2,2,21,1,1769933942,2026-02-01 03:21:21
90b141b9-c39f-4a26-a32d-08c7d1474d52,0,0,0,16,1,1769933942,2026-02-01 03:21:21
37a37e5b-f975-4f92-a897-dca8e4670631,0,0,0,15,1,1769933942,2026-02-01 03:21:21
c71cca54-17f6-42bc-ba94-3f5bd9c70197,32,0,32,2,1,1769933943,2026-02-01 03:21:21
5145ad1c-241f-4448-a742-739bd5c518c2,2,0,2,12,1,1769933943,2026-02-01 03:21:21
66dc120f-0aca-11e7-82f6-3863bb44ef7c,10,6,4,54,1,1769933938,2026-02-01 03:21:21
1794852638057746848,19,0,19,0,1,1769933938,2026-02-01 03:21:21
78aabb95-6195-4aa7-ab0d-5748eeb26bd1,13,2,11,13,1,1769933939,2026-02-01 03:21:21
66dced76-0aca-11e7-82f6-3863bb44ef7c,3,0,3,15,1,1769933940,2026-02-01 03:21:21
b713367c-3572-4225-b74a-9319ab537838,1,0,1,17,1,1769933941,2026-02-01 03:21:21
bc9c9006-3d40-400d-8b5c-17f56e6dfcee,0,0,0,25,1,1769933941,2026-02-01 03:21:21
66dc686c-0aca-11e7-82f6-3863bb44ef7c,50,34,16,19,1,1769933941,2026-02-01 03:21:21
6fd61eee-d0ef-4580-9704-bd06b82bcb61,0,0,0,31,0,1769912304,2026-02-01 03:21:21
f523c481-ba41-44ba-96e1-0c431fbea558,4,3,1,16,1,1769933940,2026-02-01 03:21:21
bc5235a5-7f10-4a27-806e-9c25fa700959,15,3,12,16,1,1769933940,2026-02-01 03:21:21
180b83a0-329c-4069-87be-df862cb1baed,8,4,4,1,1,1769933938,2026-02-01 03:21:21
c8c39d85-4ce7-46c5-b709-998067200780,0,0,0,23,1,1769933939,2026-02-01 03:21:21
0de1f95f-8b1b-4e5e-9eff-73c63265b0ab,14,7,7,12,1,1769933939,2026-02-01 03:21:21
645e4365-653f-48ce-bc15-5fcc287be56f,6,0,6,58,1,1769933939,2026-02-01 03:21:21
66dd1f44-0aca-11e7-82f6-3863bb44ef7c,7,5,2,8,1,1769933939,2026-02-01 03:21:21
dccaeeb5-c53a-4f48-80e6-05675b71a8c8,13,0,13,14,1,1769933939,2026-02-01 03:21:21
4c03fa2d-89da-4f0b-8f19-c7de5edbe256,14,0,14,6,1,1769933940,2026-02-01 03:21:21
f8c242cd-da59-4f0e-afd6-832bbdd7d328,11,2,9,2,1,1769933940,2026-02-01 03:21:21
1848241791125254746,11,2,9,0,1,1769933941,2026-02-01 03:21:21
c638ec67-9ac0-416f-944f-619926144931,64,60,4,42,1,1769933942,2026-02-01 03:21:21
7a1ad7c0-4958-4354-91a1-11bf13348abd,14,3,11,3,1,1769933945,2026-02-01 03:21:21
d73e26de-8534-4b46-a321-3cae295ef9b2,13,3,10,11,1,1769933945,2026-02-01 03:21:21
66dce9b5-0aca-11e7-82f6-3863bb44ef7c,3,0,3,26,1,1769933945,2026-02-01 03:21:21
9394fb49-583f-4426-8d2f-a2b0ffb584d2,16,6,10,27,1,1769933945,2026-02-01 03:21:21
a2cf5872-bd4c-4311-832e-d62fd779ecc3,8,0,8,9,1,1769933946,2026-02-01 03:21:21
66db75cc-0aca-11e7-82f6-3863bb44ef7c,33,16,17,0,1,1769933946,2026-02-01 03:21:21
c602146e-d69d-43b6-9e8f-054c4df5377e,14,4,10,3,1,1769933946,2026-02-01 03:21:21
7938263e-e5b8-4ca7-b8bf-1adbaae5fead,8,0,8,15,1,1769933946,2026-02-01 03:21:21
633fbc4c-7617-47ba-a393-aad7a8d26a3e,11,0,11,4,1,1769933946,2026-02-01 03:21:21
75352ab4-8a31-4926-8b59-048a9e506452,4,2,2,8,1,1769933946,2026-02-01 03:21:21
7f402242-dc1b-4a48-ba21-58c4fa7216b4,9,1,8,1,1,1769933946,2026-02-01 03:21:21
1859438049977968878,17,0,17,9,1,1769933944,2026-02-01 03:21:21
eb217a2c-1dd0-4690-a34e-ecc1a708f883,0,0,0,19,1,1769933944,2026-02-01 03:21:21
66de0d91-0aca-11e7-82f6-3863bb44ef7c,25,1,24,1,1,1769933944,2026-02-01 03:21:21
b4b5824b-3c23-44b7-92a3-cec6a54583a0,7,0,7,12,1,1769933944,2026-02-01 03:21:21
20ff5447-eac3-43b7-820f-f6fa3a2e12a8,15,1,14,6,1,1769933945,2026-02-01 03:21:21
2121032386733337206,10,2,8,1,1,1769933948,2026-02-01 03:21:21
66dc10d1-0aca-11e7-82f6-3863bb44ef7c,14,1,13,24,1,1769933949,2026-02-01 03:21:21
2104286315955915532,1,1,0,61,1,1769933949,2026-02-01 03:21:21
922763d6-d73c-4678-8bcd-f42ee3a236db,8,1,7,11,1,1769933949,2026-02-01 03:21:21
1929504694747056164,4,3,1,21,1,1769933949,2026-02-01 03:21:21
74723006-b32f-4590-8cc7-f15eec3808fe,3,1,2,26,1,1769933943,2026-02-01 03:21:21
1861678548643203686,0,0,0,25,1,1769933943,2026-02-01 03:21:21
1934749166596673908,32,6,26,9,1,1769933943,2026-02-01 03:21:21
2137775326353803668,9,1,8,3,1,1769933919,2026-02-01 03:21:21
55a4dc76-d839-4e06-9bf4-2f343391343c,3,2,1,16,1,1769933947,2026-02-01 03:21:21
d18512f9-52c8-4175-92b9-b6258dc30748,1,1,0,19,1,1769933947,2026-02-01 03:21:21
66de0a78-0aca-11e7-82f6-3863bb44ef7c,14,0,14,3,1,1769933947,2026-02-01 03:21:21
56b3ca32-104a-4920-a879-a97a820858c4,15,0,15,8,1,1769933946,2026-02-01 03:21:21
1871698348432996504,11,2,9,6,1,1769933946,2026-02-01 03:21:21
92fc1ad7-0867-4655-b02f-ede65d336b14,2,1,1,14,1,1769933946,2026-02-01 03:21:21
66dd515d-0aca-11e7-82f6-3863bb44ef7c,1,1,0,17,1,1769933946,2026-02-01 03:21:21
66de1516-0aca-11e7-82f6-3863bb44ef7c,16,4,12,15,1,1769933947,2026-02-01 03:21:21
053312f2-e77e-4674-b28b-ad357fbcb4ee,17,10,6,38,1,1769933947,2026-02-01 03:21:21
66dd46a2-0aca-11e7-82f6-3863bb44ef7c,27,14,13,11,1,1769933943,2026-02-01 03:21:21
66db9c2e-0aca-11e7-82f6-3863bb44ef7c,13,3,10,27,1,1769933948,2026-02-01 03:21:21
563389a0-d90f-4155-9c50-528459df26aa,11,7,4,12,1,1769933966,2026-02-01 03:21:21
82c85f05-4722-48ae-9f64-0522012eb3c8,3,0,3,17,1,1769933965,2026-02-01 03:21:21
66dc3782-0aca-11e7-82f6-3863bb44ef7c,14,4,9,1,1,1769933966,2026-02-01 03:21:21
2124037250266884686,8,2,6,1,1,1769933966,2026-02-01 03:21:21
66dc7f02-0aca-11e7-82f6-3863bb44ef7c,50,40,10,37,1,1769933966,2026-02-01 03:21:21
2124426077519611940,1,1,0,13,1,1769933966,2026-02-01 03:21:21
ef6216aa-d3c8-46bb-8c6b-b62f8ba51b16,5,0,5,13,1,1769933962,2026-02-01 03:21:21
9635affa-8b18-42d5-84c4-7f67ad5ef9d0,6,2,4,11,1,1769933961,2026-02-01 03:21:21
4e9a1c3a-20e2-4fd5-b8de-fbf8d43e7bcc,9,0,9,8,1,1769933962,2026-02-01 03:21:21
4d24ab76-2f4a-4004-9fc5-09c00c1d9aa4,25,3,22,3,1,1769933961,2026-02-01 03:21:21
26cae473-0e59-4af7-bad5-bb6fec85c8bc,7,4,3,12,1,1769933962,2026-02-01 03:21:21
fbaffdbd-dab5-4127-9bd5-36bf58093ea8,10,7,3,11,1,1769933962,2026-02-01 03:21:21
66de5005-0aca-11e7-82f6-3863bb44ef7c,9,0,9,13,1,1769933962,2026-02-01 03:21:21
66de73fd-0aca-11e7-82f6-3863bb44ef7c,4,3,1,19,1,1769933962,2026-02-01 03:21:21
2124036103510616644,2,1,1,8,1,1769933962,2026-02-01 03:21:21
c4e9905f-457b-4be0-a878-2aa53fa0b09b,16,1,15,1,1,1769933962,2026-02-01 03:21:21
1814907423052790164,14,0,14,5,1,1769933960,2026-02-01 03:21:21
6969d756-33a6-4a0b-83d0-3db38bc382d1,18,0,18,4,1,1769933960,2026-02-01 03:21:21
1795146692060860976,12,0,12,5,1,1769933961,2026-02-01 03:21:21
1828965172312150882,6,0,6,11,1,1769933961,2026-02-01 03:21:21
1814907590556515014,15,4,11,2,1,1769933961,2026-02-01 03:21:21
c3189056-8eda-4278-891f-e8e15c2d759a,9,0,9,9,1,1769933965,2026-02-01 03:21:21
8caf71df-76c3-43fb-be98-d555d2291460,5,4,1,13,1,1769933964,2026-02-01 03:21:21
cf1a96a7-f695-4ba2-bcf2-899552e21e47,5,1,4,9,1,1769933964,2026-02-01 03:21:21
bfe5e69d-89ff-48b3-bf20-80cbdfa443e0,7,5,2,39,1,1769933964,2026-02-01 03:21:21
7d5fa1f0-4069-4d5d-b735-5d500597394a,36,27,9,2,1,1769933963,2026-02-01 03:21:21
8a89684b-40a5-49fe-b75d-fdf32ffa8102,12,1,11,0,1,1769933964,2026-02-01 03:21:21
b79c8433-9dd1-4d68-9156-7f2c2162bafe,3,0,3,22,1,1769933964,2026-02-01 03:21:21
1814548067447122618,15,7,8,5,1,1769933963,2026-02-01 03:21:21
66db3053-0aca-11e7-82f6-3863bb44ef7c,28,19,9,27,1,1769933963,2026-02-01 03:21:21
66dcc37f-0aca-11e7-82f6-3863bb44ef7c,3,1,2,13,1,1769933962,2026-02-01 03:21:21
81bec993-29a5-4e70-8f60-eecdf16c7be4,9,4,5,12,1,1769933962,2026-02-01 03:21:21
bbc3c1df-f7db-4f54-8d5c-b8f4269ecb48,13,9,4,0,1,1769933963,2026-02-01 03:21:21
f34ea09d-32f9-492c-9124-99059bc0b5dd,12,0,12,2,1,1769933964,2026-02-01 03:21:21
47da6ab2-c841-4f2d-97ef-dd8d441c96b1,0,0,0,17,1,1769933965,2026-02-01 03:21:21
66ddeaff-0aca-11e7-82f6-3863bb44ef7c,10,6,4,14,1,1769933965,2026-02-01 03:21:21
33840944-aa92-4d91-9de8-d29e5cd0b2d9,7,0,7,21,1,1769933965,2026-02-01 03:21:21
66dc1687-0aca-11e7-82f6-3863bb44ef7c,3,1,2,4,1,1769933962,2026-02-01 03:21:21
191d5d54-de64-4312-99c7-eee141efa4ef,0,0,0,20,1,1769933966,2026-02-01 03:21:21
2126623765785393224,2,0,2,13,1,1769933967,2026-02-01 03:21:21
1817432434869846072,11,1,10,7,1,1769933967,2026-02-01 03:21:21
7f4753d7-8d58-48bd-a881-de5bff08b27d,2,0,2,24,1,1769933968,2026-02-01 03:21:21
f401cd5f-cb41-41f8-a857-4a4dfe778f94,9,2,7,7,1,1769933967,2026-02-01 03:21:21
09dfc0e3-a448-477c-bb3c-9467dc51ef8d,41,30,11,17,1,1769933967,2026-02-01 03:21:21
1dacb0f6-29f5-4d1b-b910-92ffa5b4ca5d,0,0,0,34,1,1769933968,2026-02-01 03:21:21
2124035976827702128,0,0,0,12,1,1769933968,2026-02-01 03:21:21
2a66ed0a-5e6d-4893-a1d1-876bb2bac4be,4,1,3,23,1,1769933969,2026-02-01 03:21:21
24509e46-a0de-47e8-ba40-9441da68952a,0,0,0,18,1,1769933969,2026-02-01 03:21:21
66de25bd-0aca-11e7-82f6-3863bb44ef7c,56,0,56,3,1,1769933969,2026-02-01 03:21:21
66dd2060-0aca-11e7-82f6-3863bb44ef7c,6,1,5,39,1,1769933969,2026-02-01 03:21:21
1786700154621508184,7,1,6,18,1,1769933969,2026-02-01 03:21:21
22ab59a8-0af4-4101-9350-a7af88e37c2e,5,0,5,12,1,1769933969,2026-02-01 03:21:21
1835618878584115330,10,4,6,13,1,1769933970,2026-02-01 03:21:21
2124426307973079924,2,0,2,8,1,1769933941,2026-02-01 03:21:21
cb05443c-e68e-48f7-8d17-35353fa19d4d,17,6,11,27,1,1769933971,2026-02-01 03:21:21
66dde630-0aca-11e7-82f6-3863bb44ef7c,0,0,0,7,0,1769692324,2026-02-01 03:21:21
1849009654626746672,7,0,7,3,1,1769933971,2026-02-01 03:21:21
44c23eaa-7ddf-40b3-8373-6f3880c5e1b1,2,0,2,15,1,1769933969,2026-02-01 03:21:21
66dd4ccc-0aca-11e7-82f6-3863bb44ef7c,1,0,1,45,1,1769933969,2026-02-01 03:21:21
1860189327773878824,11,0,11,8,1,1769933972,2026-02-01 03:21:21
0f98907a-d4cc-45e0-b174-7d9dfda74106,2,1,1,29,1,1769933972,2026-02-01 03:21:21
1875415144760576328,15,15,0,1,1,1769933972,2026-02-01 03:21:21
292ad4f3-9fb0-44ec-9e61-613c711f73c1,2,1,1,13,1,1769933975,2026-02-01 03:21:21
1799624430022654108,4,0,4,14,1,1769933975,2026-02-01 03:21:21
1835246658344669972,1,1,0,17,1,1769933975,2026-02-01 03:21:21
66dc3ab9-0aca-11e7-82f6-3863bb44ef7c,23,23,0,30,1,1769933975,2026-02-01 03:21:21
d45b62b9-7d6b-43b2-bf1e-2c898c55dfd2,2,0,2,11,1,1769933975,2026-02-01 03:21:21
66dd1c7f-0aca-11e7-82f6-3863bb44ef7c,12,1,11,33,1,1769933973,2026-02-01 03:21:21
ca5cc034-a95d-446e-8314-6691589886b1,8,7,1,3,1,1769933974,2026-02-01 03:21:21
61f2ffd4-159a-42b3-a4d9-3fdfc3349074,2,1,1,18,1,1769933974,2026-02-01 03:21:21
1f088432-0460-421e-a1d9-36890fa5396d,6,3,3,7,1,1769933974,2026-02-01 03:21:21
7aa86431-bbc5-4d9c-8198-9630c9d32a22,8,1,7,10,1,1769933974,2026-02-01 03:21:21
29a41b09-698f-43e2-82ff-f94f73e74841,13,1,12,2,1,1769933974,2026-02-01 03:21:21
66db2a71-0aca-11e7-82f6-3863bb44ef7c,30,7,23,3,1,1769933972,2026-02-01 03:21:21
ff745407-c087-4c0d-a965-98baf078f292,17,15,2,3,1,1769933973,2026-02-01 03:21:21
2126623007192357636,7,0,7,1,1,1769933973,2026-02-01 03:21:21
66dba303-0aca-11e7-82f6-3863bb44ef7c,9,2,7,3,1,1769933972,2026-02-01 03:21:21
a45a712c-1e3d-4fee-bef8-adafafd80670,4,1,3,10,1,1769933976,2026-02-01 03:21:21
b4f990dd-36bb-46b3-9eea-4b980bd43c2d,1,1,0,19,1,1769933976,2026-02-01 03:21:21
d979131e-0b9f-4aa2-88c5-46d4ff94abc8,2,1,1,7,1,1769933974,2026-02-01 03:21:21
66de6346-0aca-11e7-82f6-3863bb44ef7c,20,4,16,7,1,1769933974,2026-02-01 03:21:21
64f0f28c-bedc-42d5-b107-ecdd48fc30cd,12,1,11,77,1,1769933975,2026-02-01 03:21:21
c80c55c4-d623-42d7-8acf-6bfa68a84ecb,3,0,3,12,1,1769933973,2026-02-01 03:21:21
549b5bc4-b949-4eeb-8ffb-2215e1e49892,27,5,22,17,1,1769933976,2026-02-01 03:21:21
66de2274-0aca-11e7-82f6-3863bb44ef7c,6,2,4,9,1,1769933976,2026-02-01 03:21:21
6b60bf55-3da4-439a-bde1-fc80be8623ba,6,5,1,15,1,1769933990,2026-02-01 03:21:21
2100948436010992354,8,7,1,4,1,1769933991,2026-02-01 03:21:21
1880643645302280466,6,5,1,14,1,1769933991,2026-02-01 03:21:21
ed279ef2-52ee-4ff2-9a52-edd8137ea034,7,1,5,16,1,1769933991,2026-02-01 03:21:21
1814901062206225038,7,2,5,9,1,1769933992,2026-02-01 03:21:21
b442a648-e9f4-4893-951a-64d258bc0e55,5,0,5,22,1,1769933993,2026-02-01 03:21:21
ebae0b66-e463-4ded-9b7a-43c0aca9b37a,10,1,9,6,1,1769933989,2026-02-01 03:21:21
2124037125711300644,8,5,3,5,1,1769933989,2026-02-01 03:21:21
1831178352265562334,11,2,9,13,1,1769933990,2026-02-01 03:21:21
1786698321265653818,4,1,3,32,1,1769933990,2026-02-01 03:21:21
66dde4ef-0aca-11e7-82f6-3863bb44ef7c,3,0,3,16,1,1769933991,2026-02-01 03:21:21
84a7baff-415b-4ab9-a859-74c2801483ce,7,1,6,7,1,1769933992,2026-02-01 03:21:21
6cd10426-b4e9-40e1-9b35-61f609190ac0,25,11,14,8,1,1769933992,2026-02-01 03:21:21
1851674198082642572,14,0,14,3,1,1769933992,2026-02-01 03:21:21
2124425439157234232,3,1,2,9,1,1769933993,2026-02-01 03:21:21
0138452a-b9f4-4aee-80b0-7fae9a122ffe,3,1,2,34,1,1769933994,2026-02-01 03:21:21
66db6f2e-0aca-11e7-82f6-3863bb44ef7c,22,17,5,16,1,1769933995,2026-02-01 03:21:21
66de19ab-0aca-11e7-82f6-3863bb44ef7c,1,0,1,29,1,1769933995,2026-02-01 03:21:21
1bb1af93-b433-4da7-8054-009c85f7755a,1,0,1,17,1,1769933996,2026-02-01 03:21:21
66de43a5-0aca-11e7-82f6-3863bb44ef7c,19,9,10,3,1,1769933993,2026-02-01 03:21:21
1814906692908349788,10,0,10,10,1,1769933993,2026-02-01 03:21:21
62b97c1e-9d06-4c5e-b9c3-d76099e37fe4,1,1,0,20,1,1769933993,2026-02-01 03:21:21
d89dc10f-9be3-45a5-9c3c-06c04c963436,13,0,13,2,1,1769933993,2026-02-01 03:21:21
d040a7b3-85b5-4c0d-9c92-3f4ad0082143,1,0,1,26,1,1769933995,2026-02-01 03:21:21
1804892772559499512,14,2,12,13,1,1769933995,2026-02-01 03:21:21
1828965347681089818,15,1,14,2,1,1769933996,2026-02-01 03:21:21
2171919049376995084,4,1,3,22,1,1769933996,2026-02-01 03:21:21
1864605386632012480,1,0,1,15,1,1769933996,2026-02-01 03:21:21
1960020234227886806,5,2,3,36,1,1769933953,2026-02-01 03:21:21
ba33c334-e17d-4478-ae3c-9c2f4dbfbb51,0,0,0,15,1,1769933996,2026-02-01 03:21:21
19d17911-1e4a-41fa-b62b-719aa0a6182e,22,13,9,14,1,1769933996,2026-02-01 03:21:21
1860189650739626488,3,2,1,16,1,1769933996,2026-02-01 03:21:21
3a89411a-0bc6-4ba3-bc56-fab950c8eba1,21,4,17,0,1,1769933997,2026-02-01 03:21:21
66db41bf-0aca-11e7-82f6-3863bb44ef7c,22,4,18,2,1,1769933997,2026-02-01 03:21:21
1835250442210857240,14,1,13,3,1,1769933997,2026-02-01 03:21:21
1975518133370609774,67,58,9,22,1,1769933997,2026-02-01 03:21:21
b0bac4ef-bb57-4598-a433-75c281170d5b,6,2,4,16,1,1769933998,2026-02-01 03:21:21
66dcc0b2-0aca-11e7-82f6-3863bb44ef7c,0,0,0,22,1,1769933997,2026-02-01 03:21:21
525535e3-dde3-47b4-9c2e-0174eaa4f2bb,12,3,9,0,1,1769933997,2026-02-01 03:21:21
42c3bb6e-0478-4e4a-af10-151f5f4dffb9,16,2,14,2,1,1769933997,2026-02-01 03:21:21
1869753057823626206,10,1,8,15,1,1769933997,2026-02-01 03:21:21
53ef19c6-eaa7-47f7-807e-f51b574b1be0,9,0,9,8,1,1769933998,2026-02-01 03:21:21
66de13dc-0aca-11e7-82f6-3863bb44ef7c,0,0,0,0,0,1769933998,2026-02-01 03:21:21
cbf76774-1276-4cf8-9442-f00571f1451c,10,10,0,6,1,1769933998,2026-02-01 03:21:21
66dd1d9c-0aca-11e7-82f6-3863bb44ef7c,18,8,9,6,1,1769933998,2026-02-01 03:21:21
1871698223344654662,5,3,2,16,1,1769933998,2026-02-01 03:21:21
1859088223746072684,13,0,13,1,1,1769933998,2026-02-01 03:21:21
823ef531-40e6-4397-b973-86bf5b032076,0,0,0,21,1,1769933998,2026-02-01 03:21:21
59df3823-0369-4a10-8132-05df34a170af,14,0,14,22,1,1769933999,2026-02-01 03:21:21
2c8b263e-952c-4941-a671-ef0ebb062632,15,1,14,2,1,1769933998,2026-02-01 03:21:21
517409d3-a94a-4140-a6de-ff0de9221ed2,1,0,1,20,1,1769933998,2026-02-01 03:21:21
66dbc420-0aca-11e7-82f6-3863bb44ef7c,7,2,5,40,1,1769933999,2026-02-01 03:21:21
498d7e8e-5164-4f26-9ce6-399947d73b1a,10,4,6,1,1,1769933999,2026-02-01 03:21:21
83a5d761-57d0-4cd6-aa2b-7eb350120d99,1,0,1,16,1,1769933999,2026-02-01 03:21:21
2171903733697659376,0,0,0,0,0,86400,2026-02-01 03:21:21
d67375ea-3f93-4996-b0dc-f542341f2e6a,0,0,0,0,0,86400,2026-02-01 03:21:21
a93cb1ec-fb37-4faf-a7e7-d1e5a9e9af95,0,0,0,0,0,86400,2026-02-01 03:21:21
ab5c5ee6-9c4e-4aaa-a14e-d236d3e01d9a,0,0,0,0,0,86400,2026-02-01 03:21:21
32c60668-a192-4d06-aa7c-6d6f7aed6b45,0,0,0,0,0,86400,2026-02-01 03:21:21
fd0e86e3-079d-40aa-8231-ec2cbdbd9e7f,0,0,0,0,0,86400,2026-02-01 03:21:21
2177016792070807878,0,0,0,0,0,86400,2026-02-01 03:21:21
2177015593774932282,0,0,0,0,0,86400,2026-02-01 03:21:21
d2024260-cc58-451b-9417-3a695f8a1b34,0,0,0,0,0,1767211364,2026-02-01 03:21:21
2171903845366809074,0,0,0,0,0,86400,2026-02-01 03:21:21
2171903221356328154,0,0,0,0,0,86400,2026-02-01 03:21:21
35b8b636-18d3-4860-b0a9-39c0bce96a10,0,0,0,24,0,1769915034,2026-02-01 03:21:21
2bf9addc-038b-48fe-8794-dde085c5e5dc,0,0,0,34,0,1769842819,2026-02-01 03:21:21
66dde3b1-0aca-11e7-82f6-3863bb44ef7c,0,0,0,10,0,1769485181,2026-02-01 03:21:21
1864606193814670106,0,0,0,19,0,1769909783,2026-02-01 03:21:21
be435dfd-e859-487c-ae32-3d2b76d49a49,0,0,0,1,0,1769907816,2026-02-01 03:21:21
199ea9dd-8f7e-4e05-a730-55edaacd8787,0,0,0,51,0,1769833360,2026-02-01 03:21:21
7f3aa940-18ef-4900-89dc-cdb05f693f31,0,0,0,15,0,1769898046,2026-02-01 03:21:21
1786697166576476490,0,0,0,4,0,1769808696,2026-02-01 03:21:21
aa0e6301-4162-428d-8943-7b684089b0d1,6,1,5,11,1,1769933890,2026-02-01 03:21:21
66dde208-0aca-11e7-82f6-3863bb44ef7c,17,16,1,8,1,1769933890,2026-02-01 03:21:21
66dd4ac1-0aca-11e7-82f6-3863bb44ef7c,7,2,5,23,1,1769933891,2026-02-01 03:21:21
1906951766876655628,2,2,0,27,1,1769933891,2026-02-01 03:21:21
c7ffe3fa-9cd6-4d35-9060-7d5822381442,11,9,2,61,1,1769933891,2026-02-01 03:21:21
66dc79e6-0aca-11e7-82f6-3863bb44ef7c,1,0,0,13,0,1769878846,2026-02-01 03:21:21
8456b63c-37c6-49a6-8c02-bb6dcfc35041,9,5,4,6,1,1769933878,2026-02-01 03:21:21
1202a491-9f76-4609-9b5c-eb7723ab5b45,3,0,3,8,1,1769933878,2026-02-01 03:21:21
7a771842-c090-4da1-8c13-72b7f4f50a87,16,4,12,12,1,1769933891,2026-02-01 03:21:21
1838071090619298218,9,5,4,11,1,1769933892,2026-02-01 03:21:21
1934770108420609000,1,0,1,14,1,1769933889,2026-02-01 03:21:21
1945125910957847430,8,1,7,4,1,1769933888,2026-02-01 03:21:21
02fb0f6a-b1dc-4e1c-97f8-fe70462670a3,25,1,24,0,1,1769933888,2026-02-01 03:21:21
1854538793462575652,10,6,4,4,1,1769933888,2026-02-01 03:21:21
16a4effc-282e-4053-b47b-31f734d50c08,8,2,6,15,1,1769933891,2026-02-01 03:21:21
52e81f02-b1f9-45d6-9e5c-e15277de1268,3,0,3,19,1,1769933890,2026-02-01 03:21:21
1815968422007427668,4,1,3,12,1,1769933910,2026-02-01 03:21:21
989fdf95-cfb9-475c-ba0c-3152fd3a16e0,9,8,1,1,1,1769933910,2026-02-01 03:21:21
4543214c-c9d4-4f20-9cd9-dd05cc365931,5,1,4,30,1,1769933910,2026-02-01 03:21:21
c9cd8c29-7f0b-4979-9a0e-bec4613d2600,1,0,0,20,1,1769933911,2026-02-01 03:21:21
4f57360d-a4cb-4568-b74a-f3086ccaee2e,4,2,2,15,1,1769933910,2026-02-01 03:21:21
9b7e3b8b-97ef-4038-820c-7cd1c1a34fc7,10,2,8,13,1,1769933905,2026-02-01 03:21:21
1786687245202023014,0,0,0,1,0,1769556416,2026-02-01 03:21:21
1851674088959433552,2,1,1,14,1,1769933906,2026-02-01 03:21:21
1908785111291682996,10,3,7,6,1,1769933906,2026-02-01 03:21:21
2132211694027383298,8,2,6,3,1,1769933906,2026-02-01 03:21:21
3ff00115-e8da-4326-97d3-7bf4fe4df7a5,0,0,0,20,1,1769933906,2026-02-01 03:21:21
1833865926273309136,14,10,4,42,1,1769933907,2026-02-01 03:21:21
514f3dda-4d08-464c-b2d4-5706d400065a,1,0,1,12,1,1769933907,2026-02-01 03:21:21
1843486597735840252,16,1,15,4,1,1769933907,2026-02-01 03:21:21
c0a3b8fe-ba64-4cbb-b010-f760998d6c3a,4,3,1,13,1,1769933911,2026-02-01 03:21:21
85ba92ab-8d0a-4d17-9d07-0173e16d3b6d,4,0,4,14,1,1769933912,2026-02-01 03:21:21
66dbca0f-0aca-11e7-82f6-3863bb44ef7c,27,20,7,18,1,1769933918,2026-02-01 03:21:21
189f573b-a2d0-40d2-af15-83c5015d93e2,2,2,0,19,1,1769933918,2026-02-01 03:21:21
3f031133-ec95-4a92-9d63-2ae28183f498,4,2,2,11,1,1769933918,2026-02-01 03:21:21
8ef6ec7d-e898-4edc-8f3f-af888f8c5ef4,4,1,3,16,1,1769933919,2026-02-01 03:21:21
03872f6b-a522-4c41-a4f2-5d0c41779e7b,3,1,2,16,1,1769933920,2026-02-01 03:21:21
e10a6e12-d98c-4625-940a-9f83d9b2f6c4,15,0,15,1,1,1769933920,2026-02-01 03:21:21
66db46d7-0aca-11e7-82f6-3863bb44ef7c,4,3,1,23,1,1769933922,2026-02-01 03:21:21
1815967051912860522,22,1,21,2,1,1769933921,2026-02-01 03:21:21
999865d2-0735-4e85-a9d4-00810231530e,6,2,4,14,1,1769933921,2026-02-01 03:21:21
66dc8bfd-0aca-11e7-82f6-3863bb44ef7c,10,2,8,39,1,1769933918,2026-02-01 03:21:21
55ccb271-7035-422e-bee1-20e84caa0217,23,5,18,21,1,1769933943,2026-02-01 03:21:21
2121032193446634360,4,0,4,4,1,1769933943,2026-02-01 03:21:21
b930dd82-92d0-4d86-b896-7d8b827c2d5f,1,0,1,16,1,1769933943,2026-02-01 03:21:21
1841926579628419438,0,0,0,17,1,1769933943,2026-02-01 03:21:21
2124425670552673214,1,0,1,11,1,1769933944,2026-02-01 03:21:21
a6a132f9-89bf-42a4-afe6-1ca449b7f570,8,5,3,4,1,1769933944,2026-02-01 03:21:21
b64eb0a5-d6d4-4f45-8c9a-e2d004819c99,4,4,0,14,1,1769933946,2026-02-01 03:21:21
1861680889400379678,12,8,4,4,1,1769933946,2026-02-01 03:21:21
d837d1b0-8f80-4f6c-ae45-5dd0deec6977,10,3,7,8,1,1769933946,2026-02-01 03:21:21
1882735457106787122,20,11,9,3,1,1769933947,2026-02-01 03:21:21
1827839088308194240,62,56,6,30,1,1769933948,2026-02-01 03:21:21
9e0b3452-ef6d-4e94-8c05-7bef199cdb74,3,2,1,13,1,1769933948,2026-02-01 03:21:21
e1a3f2f9-618f-4727-b2d6-676e02aadf17,8,2,6,10,1,1769933945,2026-02-01 03:21:21
1848241425697670086,23,2,21,2,1,1769933945,2026-02-01 03:21:21
1861683747231494964,1,0,1,13,1,1769933945,2026-02-01 03:21:21
66de1c33-0aca-11e7-82f6-3863bb44ef7c,1,1,0,20,1,1769933946,2026-02-01 03:21:21
fec4aa1b-9fc1-4dd9-ab39-c1d7370a6e54,5,1,4,14,1,1769933945,2026-02-01 03:21:21
29223935-a682-411c-9f25-577bbb9804fc,13,0,13,0,1,1769933945,2026-02-01 03:21:21
1877920686883352866,8,4,4,0,1,1769933949,2026-02-01 03:21:21
66dc9068-0aca-11e7-82f6-3863bb44ef7c,3,0,3,61,1,1769933949,2026-02-01 03:21:21
66dc741f-0aca-11e7-82f6-3863bb44ef7c,34,32,2,20,1,1769933949,2026-02-01 03:21:21
66db479e-0aca-11e7-82f6-3863bb44ef7c,14,3,11,19,1,1769933949,2026-02-01 03:21:21
2007842506069575758,18,4,14,0,1,1769933949,2026-02-01 03:21:21
55146e49-9bc4-4f13-bdf7-25422342b638,0,0,0,15,1,1769933949,2026-02-01 03:21:21
1834145468418707676,11,0,11,6,1,1769933949,2026-02-01 03:21:21
4753c893-e4bd-4d6a-bc4d-42209a19ebeb,0,0,0,15,1,1769933948,2026-02-01 03:21:21
94624d6e-4150-4ab1-92ff-bf55cb58ab61,0,0,0,18,1,1769933950,2026-02-01 03:21:21
d11db4cd-f9bf-430b-ac19-104fef323b24,3,3,0,15,1,1769933950,2026-02-01 03:21:21
1828965887815635862,5,3,2,15,1,1769933953,2026-02-01 03:21:21
01b7973e-c92e-4fbe-890e-2c24de33ce0e,4,0,4,12,1,1769933953,2026-02-01 03:21:21
398aa734-3893-4dba-a704-57ae8632c4f9,6,2,4,12,1,1769933953,2026-02-01 03:21:21
92a51669-deec-45a9-8494-fafdf6356c51,4,0,4,26,1,1769933953,2026-02-01 03:21:21
66db269c-0aca-11e7-82f6-3863bb44ef7c,15,12,3,13,1,1769933952,2026-02-01 03:21:21
b47e5ffd-4215-4476-a89b-ebe52111f763,30,2,28,5,1,1769933951,2026-02-01 03:21:21
bb6bba3f-19a0-4ebb-a454-4ac678d9d62d,5,1,4,13,1,1769933951,2026-02-01 03:21:21
18326827-dcae-47e0-8518-c4bb9e21eef6,28,1,27,0,1,1769933954,2026-02-01 03:21:21
54782566-697b-497e-a503-dc1f39963eb2,12,7,5,13,1,1769933951,2026-02-01 03:21:21
8f72fe26-98aa-4e87-a612-9ae0eb1d9a38,9,2,7,6,1,1769933880,2026-02-01 03:21:21
5f2766b0-362e-49e5-ab09-05e2c4b6f626,0,0,0,17,1,1769933881,2026-02-01 03:21:21
c042a307-2d7d-4ee9-95b7-a7505a3428c2,7,6,1,26,1,1769933879,2026-02-01 03:21:21
66dc24b8-0aca-11e7-82f6-3863bb44ef7c,19,5,14,44,1,1769933879,2026-02-01 03:21:21
fe65853e-b20a-4250-9677-2aa177283b72,8,0,8,10,1,1769933881,2026-02-01 03:21:21
ccaadb70-6c87-4ccc-9914-a3167bd1bc0e,7,4,3,26,1,1769933882,2026-02-01 03:21:21
1838685618105506490,0,0,0,18,1,1769933879,2026-02-01 03:21:21
db91c9e0-d80b-4cb4-9cc2-9453ec8fbeac,2,0,2,14,1,1769933880,2026-02-01 03:21:21
80969478-8dbc-42e1-8e16-ac0132a431c2,23,0,23,0,1,1769933881,2026-02-01 03:21:21
a37bd0e0-d1e9-4302-9ff7-286e415aff1c,14,2,12,1,1,1769933884,2026-02-01 03:21:21
a724eb92-55ca-4b9f-9a87-c2e87b3cbd40,1,0,1,19,1,1769933884,2026-02-01 03:21:21
d7f55e1b-12db-49d1-9cd8-4fb464745841,10,0,10,11,1,1769933884,2026-02-01 03:21:21
1887292564377354448,5,3,2,22,1,1769933884,2026-02-01 03:21:21
324af152-33ea-48a7-8bb0-ad8b6f31571f,22,6,16,4,1,1769933886,2026-02-01 03:21:21
66dc85bb-0aca-11e7-82f6-3863bb44ef7c,9,0,9,22,1,1769933886,2026-02-01 03:21:21
2127386600787000162,0,0,0,25,1,1769933886,2026-02-01 03:21:21
9ac5758f-0419-4e28-8387-6bcd28db17fa,7,0,7,8,1,1769933887,2026-02-01 03:21:21
b7c6ce96-a24d-4c1e-93ee-6f49c1adf119,5,0,5,10,1,1769933887,2026-02-01 03:21:21
66dc1d0c-0aca-11e7-82f6-3863bb44ef7c,3,2,1,20,1,1769933885,2026-02-01 03:21:21
40eaa69a-d3ab-48fc-b395-b5bdc6a1aa85,8,1,7,12,1,1769933885,2026-02-01 03:21:21
1864605659096685518,2,2,0,17,1,1769933885,2026-02-01 03:21:21
7f8cb36a-2bf4-4d57-afbd-331310f25355,7,0,7,23,1,1769933885,2026-02-01 03:21:21
66de269c-0aca-11e7-82f6-3863bb44ef7c,13,11,2,19,1,1769933885,2026-02-01 03:21:21
66dbebad-0aca-11e7-82f6-3863bb44ef7c,20,16,4,12,1,1769933883,2026-02-01 03:21:21
50575cba-95ac-4134-9da1-3eec8253afc4,2,1,1,30,1,1769933884,2026-02-01 03:21:21
2121032507515216178,6,1,5,0,1,1769933883,2026-02-01 03:21:21
a958a8af-a0cc-4bca-9114-93c74ce3c693,4,1,3,18,1,1769933884,2026-02-01 03:21:21
679dcf08-d88c-4d1b-b81d-fe9f4aabbff7,2,1,1,18,1,1769933884,2026-02-01 03:21:21
2e5cde21-f0a2-4396-899e-6df275e99212,0,0,0,18,1,1769933884,2026-02-01 03:21:21
1843486667668726558,15,0,15,1,1,1769933902,2026-02-01 03:21:21
2868db5b-df51-4c36-8515-ef77a5b092c2,12,2,10,1,1,1769933901,2026-02-01 03:21:21
66ddef96-0aca-11e7-82f6-3863bb44ef7c,32,7,25,4,1,1769933904,2026-02-01 03:21:21
1835249317786962140,2,1,1,24,1,1769933900,2026-02-01 03:21:21
66db89a3-0aca-11e7-82f6-3863bb44ef7c,57,0,57,1,1,1769933900,2026-02-01 03:21:21
9a37d8a1-990b-484c-9603-262dbd1165cc,3,2,1,16,1,1769933900,2026-02-01 03:21:21
e6c2a46e-431a-4101-af84-870f660ff4cb,15,0,15,48,1,1769933905,2026-02-01 03:21:21
40914c6b-293d-49ac-b83a-d9d4af998aea,3,0,3,14,1,1769933903,2026-02-01 03:21:21
c8060816-b4aa-4fd9-bc66-af28bf61dc87,0,0,0,20,1,1769933903,2026-02-01 03:21:21
760ebaea-f7c7-45ad-aa3b-395d97adcf8f,7,1,6,13,1,1769933903,2026-02-01 03:21:21
1817431953833509324,4,3,1,15,1,1769933902,2026-02-01 03:21:21
fb180cce-96ee-4e66-b3ce-000f3db6e670,0,0,0,25,1,1769933933,2026-02-01 03:21:21
66de88d7-0aca-11e7-82f6-3863bb44ef7c,3,0,3,37,1,1769933932,2026-02-01 03:21:21
77b21502-a7a2-40b4-8f3e-f9c6c6ef0939,10,0,10,14,1,1769933933,2026-02-01 03:21:21
66dd243c-0aca-11e7-82f6-3863bb44ef7c,32,6,26,34,1,1769933933,2026-02-01 03:21:21
1859811213834095332,12,2,10,6,1,1769933933,2026-02-01 03:21:21
eb8fcff2-6f58-4724-b564-ebc9a8d374d8,14,0,14,4,1,1769933928,2026-02-01 03:21:21
d9bc0b3e-1af8-4cb6-a082-8ef1245ef329,8,3,5,20,1,1769933930,2026-02-01 03:21:21
1814907062275537820,14,1,13,10,1,1769933930,2026-02-01 03:21:21
2098359443836787630,5,2,3,65,1,1769933930,2026-02-01 03:21:21
66dc9143-0aca-11e7-82f6-3863bb44ef7c,15,5,10,15,1,1769933931,2026-02-01 03:21:21
2111353842893366258,17,5,12,14,1,1769933931,2026-02-01 03:21:21
1835247745828931742,1,1,0,19,1,1769933931,2026-02-01 03:21:21
66dccad8-0aca-11e7-82f6-3863bb44ef7c,2,2,0,16,1,1769933932,2026-02-01 03:21:21
ffaa8f6a-a4ea-4d3a-a57c-f42f77cd4581,1,0,1,20,1,1769933935,2026-02-01 03:21:21
8e631be4-1e0c-4627-a261-18f0003d0ba2,2,2,0,33,1,1769933934,2026-02-01 03:21:21
8a13182a-4823-4fe7-afcd-a4ef0b134ed9,3,1,2,16,1,1769933935,2026-02-01 03:21:21
64de0666-b9ab-404e-a16b-03e449bb5b4d,1,0,1,15,1,1769933934,2026-02-01 03:21:21
62e2b1dd-ca52-4e1c-a112-1d8846b9d9b5,11,2,9,3,1,1769933931,2026-02-01 03:21:21
ecbfcdb7-fffc-4d45-bed2-1510fd45834d,7,1,6,10,1,1769933931,2026-02-01 03:21:21
06f0d251-e1e3-435c-8c5f-9b991a14ca4a,1,1,0,23,1,1769933936,2026-02-01 03:21:21
46dca5c6-7bd3-4a4f-aa1e-33aa66652294,18,3,15,8,1,1769933936,2026-02-01 03:21:21
f752c376-3a6f-4cd3-b9fd-3c049d45a9a6,4,0,4,14,1,1769933936,2026-02-01 03:21:21
4a4c7548-2466-48ef-8d7e-0aa4d6acb69e,1,0,1,13,1,1769933936,2026-02-01 03:21:21
1819720453019329398,1,0,1,20,1,1769933941,2026-02-01 03:21:21
0ebdda6a-37e4-4ff4-94e8-3947f49d8e24,7,1,6,9,1,1769933942,2026-02-01 03:21:21
4775fd25-2240-44d7-884a-d777d15a9b5e,3,2,1,16,1,1769933938,2026-02-01 03:21:21
7f6674c4-5568-4766-b172-0385348ae184,3,3,0,15,1,1769933938,2026-02-01 03:21:21
1846086463217404850,12,3,9,6,1,1769933940,2026-02-01 03:21:21
39f756c2-3904-463e-95a8-8d8e3540e845,26,4,22,30,1,1769933928,2026-02-01 03:21:21
48b19cc8-bf45-4602-89ac-a8c0a0560c43,12,3,9,0,1,1769933940,2026-02-01 03:21:21
5eac53d0-5510-441a-9dbb-76bd38acf4ef,2,0,2,14,1,1769933937,2026-02-01 03:21:21
1814900898997467540,6,0,6,9,1,1769933936,2026-02-01 03:21:21
66db5e6a-0aca-11e7-82f6-3863bb44ef7c,4,3,1,14,1,1769933936,2026-02-01 03:21:21
1836581441921155232,3,1,2,11,1,1769933937,2026-02-01 03:21:21
bc512527-7863-48d5-aea8-3de470abc1ee,10,2,7,7,1,1769933937,2026-02-01 03:21:21
1786697528321024934,37,0,37,0,1,1769933942,2026-02-01 03:21:21
1828969726487003714,5,2,3,11,1,1769933942,2026-02-01 03:21:21
66db4282-0aca-11e7-82f6-3863bb44ef7c,50,24,26,14,1,1769933940,2026-02-01 03:21:21
66dcf640-0aca-11e7-82f6-3863bb44ef7c,18,1,17,0,1,1769933939,2026-02-01 03:21:21
66db6da2-0aca-11e7-82f6-3863bb44ef7c,39,21,18,5,1,1769933940,2026-02-01 03:21:21
ddc8ca6c-dceb-4603-ab1e-4bd972ca2a3d,7,1,6,6,1,1769933940,2026-02-01 03:21:21
c0a2d591-4eed-488b-b88b-0b23990e3756,15,0,15,3,1,1769933943,2026-02-01 03:21:21
f72a253f-3cef-4da8-9591-0cbd3a692162,10,6,4,28,1,1769933900,2026-02-01 03:21:21
66db3997-0aca-11e7-82f6-3863bb44ef7c,22,7,14,48,1,1769933893,2026-02-01 03:21:21
6908ae75-b9a1-4f20-b192-95dc43e858a8,4,0,4,12,1,1769933894,2026-02-01 03:21:21
e6b6c6e2-5fcb-47cd-8f2d-4324b7c977c8,7,5,2,8,1,1769933894,2026-02-01 03:21:21
753591ba-36f7-4ded-ab7d-40df9994a05f,3,0,3,21,1,1769933894,2026-02-01 03:21:21
66db6d40-0aca-11e7-82f6-3863bb44ef7c,39,36,3,6,1,1769933893,2026-02-01 03:21:21
cc7b86cf-a2fb-4738-b967-de7b197dc930,0,0,0,29,1,1769933893,2026-02-01 03:21:21
5600446d-a00a-45e6-9dc3-550adfd63e39,1,1,0,15,1,1769933897,2026-02-01 03:21:21
1843486390605672640,6,0,6,15,1,1769933897,2026-02-01 03:21:21
6a52ceae-3b97-487a-9438-de844bfbf1c2,2,0,2,9,1,1769933898,2026-02-01 03:21:21
66dce4fc-0aca-11e7-82f6-3863bb44ef7c,11,1,10,14,1,1769933899,2026-02-01 03:21:21
1947001743402778700,2,1,1,21,1,1769933895,2026-02-01 03:21:21
1880643915885220532,0,0,0,25,1,1769933895,2026-02-01 03:21:21
923a60f7-2a0e-4a31-8dd5-66c8518c929e,1,0,1,15,1,1769933895,2026-02-01 03:21:21
6ae35aa8-644e-4b2c-b6a4-6570192f78ab,14,1,13,12,1,1769933895,2026-02-01 03:21:21
4d674595-187c-417c-a691-676c4446c9fc,10,6,4,3,1,1769933895,2026-02-01 03:21:21
bf317efc-13f1-42be-8243-373a29354033,0,0,0,23,1,1769933895,2026-02-01 03:21:21
1820420224296772166,12,9,3,6,1,1769933912,2026-02-01 03:21:21
8d2eff37-be09-4b46-a95d-abff89e16d56,7,1,6,10,1,1769933912,2026-02-01 03:21:21
868586b3-ddc7-4b4b-9bed-a1e487033aaa,27,2,25,14,1,1769933912,2026-02-01 03:21:21
2121032035614514006,6,0,6,1,1,1769933912,2026-02-01 03:21:21
9719498d-bd5c-4424-86ac-dfe0795c57d1,2,1,1,20,1,1769933914,2026-02-01 03:21:21
1869753340438110380,2,0,2,12,1,1769933913,2026-02-01 03:21:21
66dc0bbd-0aca-11e7-82f6-3863bb44ef7c,19,1,18,8,1,1769933917,2026-02-01 03:21:21
0eacb768-c7d5-4499-9182-9a1331d9280c,23,0,23,1,1,1769933917,2026-02-01 03:21:21
efa2a82f-eb4a-4b82-a602-6c42cb984101,0,0,0,16,1,1769933916,2026-02-01 03:21:21
9e014047-d675-418b-a03c-84d974a25134,1,0,1,29,1,1769933912,2026-02-01 03:21:21
1877653505745721834,2,1,1,17,1,1769933912,2026-02-01 03:21:21
cd72b9da-b7c6-4785-92b5-0fb2130f0d7b,7,6,1,15,1,1769933916,2026-02-01 03:21:21
711ccb32-e1bc-4577-ac7b-50592cc9b8a0,14,0,14,6,1,1769933916,2026-02-01 03:21:21
1838618090943186984,14,0,14,2,1,1769933913,2026-02-01 03:21:21
514afe43-84d4-4941-8281-75a93c5cd365,3,0,3,13,1,1769933913,2026-02-01 03:21:21
66dd455e-0aca-11e7-82f6-3863bb44ef7c,18,18,0,4,1,1769933913,2026-02-01 03:21:21
66dd2786-0aca-11e7-82f6-3863bb44ef7c,19,0,19,3,1,1769933915,2026-02-01 03:21:21
1875023224873448258,10,1,9,5,1,1769933924,2026-02-01 03:21:21
68827e5f-ed28-45de-99bf-66093a8c504f,2,1,1,17,1,1769933924,2026-02-01 03:21:21
65a1b09d-560d-46bf-8f5d-7f59471a587e,2,0,2,17,1,1769933924,2026-02-01 03:21:21
0c923abb-298a-4a47-b132-9fae73cc59e6,22,9,13,4,1,1769933924,2026-02-01 03:21:21
66de1f7f-0aca-11e7-82f6-3863bb44ef7c,5,0,5,25,1,1769933926,2026-02-01 03:21:21
66dc90d5-0aca-11e7-82f6-3863bb44ef7c,13,6,7,17,1,1769933927,2026-02-01 03:21:21
9c2a741d-7f3e-4aa1-b58b-db5c3e6bcb20,1,0,1,26,1,1769933925,2026-02-01 03:21:21
c56739c2-b310-4d73-ab0e-b6036abd9561,12,0,12,5,1,1769933925,2026-02-01 03:21:21
1860188607062574024,0,0,0,18,1,1769933925,2026-02-01 03:21:21
17aba164-9d41-4336-9767-2218b8994ded,4,0,4,14,1,1769933925,2026-02-01 03:21:21
1813395029173762108,12,7,5,21,1,1769933925,2026-02-01 03:21:21
e982e1cb-7e7b-4769-85b8-565925200654,5,0,5,15,1,1769933930,2026-02-01 03:21:21
66dbf062-0aca-11e7-82f6-3863bb44ef7c,22,12,10,12,1,1769933930,2026-02-01 03:21:21
01839a78-f228-4706-8f7f-147b857492f2,2,1,1,19,1,1769933930,2026-02-01 03:21:21
2124426189188761638,6,5,1,1,1,1769933929,2026-02-01 03:21:21
1838070626762830158,3,1,2,16,1,1769933928,2026-02-01 03:21:21
52dd11f4-bbd0-49ab-912b-06fac40d275d,11,2,9,19,1,1769933929,2026-02-01 03:21:21
8f1fdf4b-ecca-4f03-b04c-e10fe596e2c7,5,0,5,20,1,1769933929,2026-02-01 03:21:21
f3b359e2-7983-4aaf-b6b0-e3b7d30816a4,15,2,13,1,1,1769933927,2026-02-01 03:21:21
81a34754-ae08-47a6-964d-4733849a8fab,0,0,0,28,1,1769933957,2026-02-01 03:21:21
b1e496f1-43cf-48d0-be49-ab0d760c00bf,0,0,0,25,1,1769933957,2026-02-01 03:21:21
ed5c92f1-3293-4385-9e2b-9b716a096a19,0,0,0,49,1,1769933957,2026-02-01 03:21:21
9d23b0e9-a478-407c-a0e0-0aff1b0398fc,1,1,0,19,1,1769933957,2026-02-01 03:21:21
4d4a3e7b-1005-4bfd-8680-340a20cacbee,0,0,0,4,0,1769783234,2026-02-01 03:21:21
66de110b-0aca-11e7-82f6-3863bb44ef7c,16,5,11,16,1,1769933958,2026-02-01 03:21:21
1854537815365165328,0,0,0,18,1,1769933958,2026-02-01 03:21:21
66db3ba0-0aca-11e7-82f6-3863bb44ef7c,54,49,4,10,1,1769933958,2026-02-01 03:21:21
e4980fd0-e540-40ca-acba-c2a74f3294fc,0,0,0,23,1,1769933956,2026-02-01 03:21:21
66de542a-0aca-11e7-82f6-3863bb44ef7c,36,0,36,6,1,1769933956,2026-02-01 03:21:21
b9c209b2-6284-4f5a-a32a-680ef9da1c1f,1,1,0,17,1,1769933956,2026-02-01 03:21:21
bde94a25-6089-4490-af3a-8cc5702230b8,64,50,14,5,1,1769933955,2026-02-01 03:21:21
5f968a1b-ee60-43a0-ad25-05211e09e436,0,0,0,21,1,1769933956,2026-02-01 03:21:21
1856847127505992556,2,1,1,1,1,1769933956,2026-02-01 03:21:21
8f672aa7-08a1-4fe2-a471-06f219c0eb1b,4,1,3,10,1,1769933959,2026-02-01 03:21:21
afd76a0e-ceb8-4d18-a427-b378c4d07a75,19,1,18,2,1,1769933959,2026-02-01 03:21:21
a90e9ad3-4347-4fa4-b031-9bf1f69ce049,0,0,0,17,1,1769933959,2026-02-01 03:21:21
a70b26b7-fbad-4787-bf15-29f7b13a19ab,3,1,2,11,1,1769933960,2026-02-01 03:21:21
66de44ba-0aca-11e7-82f6-3863bb44ef7c,14,1,13,19,1,1769933957,2026-02-01 03:21:21
ace80a8c-6196-484e-8dd0-061e3c90389b,0,0,0,28,1,1769933956,2026-02-01 03:21:21
17ba4945-b202-4667-965f-211d80622646,1,0,1,18,1,1769933957,2026-02-01 03:21:21
ffef95fa-600b-4f08-b2ce-e8eb034ebfd8,5,5,0,19,1,1769933960,2026-02-01 03:21:21
7f1b4c40-d9fa-4182-be0e-a993655cfb6f,1,0,1,3,1,1769933960,2026-02-01 03:21:21
1814906873296976512,0,0,0,18,1,1769933961,2026-02-01 03:21:21
1885718199416500650,9,0,9,11,1,1769933960,2026-02-01 03:21:21
1849008925260421550,14,3,11,1,1,1769933961,2026-02-01 03:21:21
2123939659270367896,6,2,4,9,1,1769933961,2026-02-01 03:21:21
1814900752968579218,13,0,13,7,1,1769933961,2026-02-01 03:21:21
1817432954560889524,4,0,4,12,1,1769933961,2026-02-01 03:21:21
1849009244468810224,13,2,11,1,1,1769933962,2026-02-01 03:21:21
0927e331-866f-4d99-99b4-04edde99117a,1,0,1,34,1,1769933963,2026-02-01 03:21:21
1945126257666675246,3,1,2,12,1,1769933961,2026-02-01 03:21:21
66dea52b-0aca-11e7-82f6-3863bb44ef7c,6,2,4,8,1,1769933963,2026-02-01 03:21:21
467e1de6-73a6-480f-9e83-fd1b03b71047,13,2,11,8,1,1769933964,2026-02-01 03:21:21
1845677022981917240,4,0,4,11,1,1769933964,2026-02-01 03:21:21
1876864480506022446,12,0,12,6,1,1769933975,2026-02-01 03:21:21
380394f7-64fa-4a65-a4d1-7bcaddd41fab,2,0,2,17,1,1769933976,2026-02-01 03:21:21
1898455214498195676,0,0,0,20,1,1769933976,2026-02-01 03:21:21
101c813e-02a8-4b6b-bd5d-981c1ea62019,4,2,2,16,1,1769933969,2026-02-01 03:21:21
2142879839954225698,2,1,1,12,1,1769933969,2026-02-01 03:21:21
66dc22a7-0aca-11e7-82f6-3863bb44ef7c,13,8,5,23,1,1769933969,2026-02-01 03:21:21
9991b75b-a9ba-4abc-bf84-0108291be05a,7,2,5,15,1,1769933969,2026-02-01 03:21:21
66dc82ef-0aca-11e7-82f6-3863bb44ef7c,17,3,14,40,1,1769933969,2026-02-01 03:21:21
fac701fb-c433-496e-933b-ea137dbe7fe1,1,1,0,16,1,1769933971,2026-02-01 03:21:21
15e1568b-f502-47a2-9d3d-b5aaa1edc239,17,16,1,3,1,1769933971,2026-02-01 03:21:21
bb07a569-cc74-439e-b424-916c0304f136,4,1,3,21,1,1769933971,2026-02-01 03:21:21
99142ec8-c0e7-47ca-916c-c1097d48e133,19,12,7,18,1,1769933971,2026-02-01 03:21:21
ebce9ecb-9678-4c42-89d7-08e54bc6fe90,0,0,0,17,1,1769933972,2026-02-01 03:21:21
b319c797-71ff-490c-b965-ba2ac0f50da0,1,0,1,18,1,1769933974,2026-02-01 03:21:21
dccab832-b4a2-4105-927d-b52ec0d92c92,10,2,8,3,1,1769933974,2026-02-01 03:21:21
9b721468-3b28-429d-9e13-580cdf00a6a4,14,0,14,4,1,1769933975,2026-02-01 03:21:21
66db631c-0aca-11e7-82f6-3863bb44ef7c,28,21,7,19,1,1769933975,2026-02-01 03:21:21
66db2e3a-0aca-11e7-82f6-3863bb44ef7c,27,20,7,24,1,1769933975,2026-02-01 03:21:21
1860188069348460678,15,1,14,8,1,1769933975,2026-02-01 03:21:21
2018303498843153278,13,6,7,12,1,1769933975,2026-02-01 03:21:21
66db79a3-0aca-11e7-82f6-3863bb44ef7c,30,17,13,5,1,1769933975,2026-02-01 03:21:21
d0b87aa7-7e19-40d2-8f7d-6a622e6ac391,11,3,8,10,1,1769933972,2026-02-01 03:21:21
bb0ce308-e5d9-48c7-9f4b-cf0120f2c39a,0,0,0,21,1,1769933973,2026-02-01 03:21:21
66db3708-0aca-11e7-82f6-3863bb44ef7c,28,4,24,3,1,1769933973,2026-02-01 03:21:21
2123939077451327830,8,4,4,3,1,1769933973,2026-02-01 03:21:21
66dd43bd-0aca-11e7-82f6-3863bb44ef7c,9,3,6,29,1,1769933977,2026-02-01 03:21:21
6ca15d94-897a-4c81-ab47-366829afb7c4,6,0,6,16,1,1769933977,2026-02-01 03:21:21
774c5443-d463-42b3-bfc5-b0ab3c56fe35,4,4,0,23,1,1769933974,2026-02-01 03:21:21
1848241963446241866,7,5,2,1,1,1769933977,2026-02-01 03:21:21
66de4f9c-0aca-11e7-82f6-3863bb44ef7c,12,3,9,5,1,1769933977,2026-02-01 03:21:21
94bcf812-5cff-460c-841f-54876ed1e7a4,0,0,0,18,1,1769933974,2026-02-01 03:21:21
77463580-6421-403d-b170-f2660c216175,0,0,0,22,1,1769933974,2026-02-01 03:21:21
1815967674683118258,16,2,14,3,1,1769933974,2026-02-01 03:21:21
66de59bd-0aca-11e7-82f6-3863bb44ef7c,15,0,15,2,1,1769933967,2026-02-01 03:21:21
2cd651e7-1e3a-4cd9-8fd1-a2416e032f6e,2,1,1,21,1,1769933968,2026-02-01 03:21:21
1871972060496771504,1,1,0,14,1,1769933968,2026-02-01 03:21:21
b30815c0-99b6-451b-be15-902992cb8abb,36,19,17,3,1,1769933968,2026-02-01 03:21:21
f882ccc8-45aa-426b-aef6-514fe1d3d9cc,19,1,18,6,1,1769933969,2026-02-01 03:21:21
66ddb6d9-0aca-11e7-82f6-3863bb44ef7c,45,9,36,16,1,1769933964,2026-02-01 03:21:21
c4d6b123-df5a-446d-b0ae-d3c4846565d5,2,1,1,20,1,1769933965,2026-02-01 03:21:21
1893519215751496610,30,0,30,0,1,1769933965,2026-02-01 03:21:21
33c533cd-5f0e-4c15-a00a-6a2bf1e2d077,48,26,21,4,1,1769933969,2026-02-01 03:21:21
66de1368-0aca-11e7-82f6-3863bb44ef7c,23,4,19,3,1,1769933970,2026-02-01 03:21:21
b03adb87-2bd9-43a5-a822-7d06a9ee2d81,25,1,24,0,1,1769933970,2026-02-01 03:21:21
66db3f62-0aca-11e7-82f6-3863bb44ef7c,8,4,4,44,1,1769933970,2026-02-01 03:21:21
1843486189591985058,3,0,3,16,1,1769933970,2026-02-01 03:21:21
330ee4e3-29cb-48e5-845f-a8ccf1aa2ce6,12,9,3,14,1,1769933971,2026-02-01 03:21:21
2009671276352543716,0,0,0,14,1,1769933966,2026-02-01 03:21:21
66dcccfe-0aca-11e7-82f6-3863bb44ef7c,0,0,0,17,1,1769933966,2026-02-01 03:21:21
4168e5a4-c7ec-4045-bfc8-84ac5edbe845,27,18,8,2,1,1769933966,2026-02-01 03:21:21
852218fc-5e5b-4153-bc3f-03760b57e68a,1,0,1,20,1,1769933966,2026-02-01 03:21:21
66dbcf18-0aca-11e7-82f6-3863bb44ef7c,48,2,46,11,1,1769933966,2026-02-01 03:21:21
66de1bc3-0aca-11e7-82f6-3863bb44ef7c,0,0,0,49,1,1769933966,2026-02-01 03:21:21
c530a1cb-7c60-4651-be8a-9bfa5eb43f8a,7,0,7,18,1,1769933970,2026-02-01 03:21:21
1846085533896197012,11,0,11,0,1,1769933968,2026-02-01 03:21:21
2142879485385917038,3,0,3,25,1,1769933987,2026-02-01 03:21:21
1a083890-e22b-4f81-8d98-567784034916,19,4,15,2,1,1769933987,2026-02-01 03:21:21
daefc84c-1b16-4220-8e1f-10ea4866fdc7,53,43,10,45,1,1769933988,2026-02-01 03:21:21
7a15d81b-357e-42e0-b208-93ffd562fd63,4,4,0,22,1,1769933988,2026-02-01 03:21:21
2121032973750651666,2,0,2,8,1,1769933984,2026-02-01 03:21:21
cf284d60-23e7-49ec-91dc-8bfedb59cb6a,15,0,15,2,1,1769933985,2026-02-01 03:21:21
66dc7de9-0aca-11e7-82f6-3863bb44ef7c,29,18,11,80,1,1769933984,2026-02-01 03:21:21
2124037656159914878,2,0,2,7,1,1769933984,2026-02-01 03:21:21
1865017865553426604,9,1,8,5,1,1769933985,2026-02-01 03:21:21
1828967346753327602,7,1,6,9,1,1769933986,2026-02-01 03:21:21
d946ce73-5487-4ab7-b429-cf873e9af5b5,14,1,13,3,1,1769933986,2026-02-01 03:21:21
d1c204d7-d575-417d-b134-6ebdf7e99f98,3,1,2,16,1,1769933986,2026-02-01 03:21:21
66dc1e55-0aca-11e7-82f6-3863bb44ef7c,5,2,3,55,1,1769933987,2026-02-01 03:21:21
36025f2c-ee4d-4c1a-832d-733cf37f98ef,1,1,0,26,1,1769933986,2026-02-01 03:21:21
0197e9da-ae03-40a7-8270-fe500bfc9e18,1,0,1,15,1,1769933987,2026-02-01 03:21:21
22e38a04-e70d-4484-bbf3-f6e8c64fdbd4,8,2,6,12,1,1769933987,2026-02-01 03:21:21
1849009534951225816,2,0,2,13,1,1769933987,2026-02-01 03:21:21
c29c9178-bcb1-4c0c-b789-f4a89512a4e4,3,1,2,14,1,1769933987,2026-02-01 03:21:21
66dd51e6-0aca-11e7-82f6-3863bb44ef7c,3,2,1,73,1,1769933986,2026-02-01 03:21:21
66db7a0d-0aca-11e7-82f6-3863bb44ef7c,28,14,14,8,1,1769933985,2026-02-01 03:21:21
66dcca0d-0aca-11e7-82f6-3863bb44ef7c,2,0,2,18,1,1769933986,2026-02-01 03:21:21
66de3fde-0aca-11e7-82f6-3863bb44ef7c,2,2,0,20,1,1769933989,2026-02-01 03:21:21
5e93b806-08e1-4ef9-98ae-d3dda20e0469,2,1,1,16,1,1769933989,2026-02-01 03:21:21
66dd23a9-0aca-11e7-82f6-3863bb44ef7c,6,2,4,19,1,1769933989,2026-02-01 03:21:21
1198e739-787c-4ce4-aa63-ffaf98506e9c,4,3,1,57,1,1769933989,2026-02-01 03:21:21
1860189190334925058,2,0,2,17,1,1769933989,2026-02-01 03:21:21
1862759079900600428,2,2,0,15,1,1769933989,2026-02-01 03:21:21
1834145868297717964,5,0,5,14,1,1769933989,2026-02-01 03:21:21
7d9a1b9e-0123-4561-a111-b3735fada687,4,0,4,19,1,1769933967,2026-02-01 03:21:21
1835247469495105628,0,0,0,20,1,1769933967,2026-02-01 03:21:21
145bbc0d-8976-45ae-9565-158ba564d3d1,19,1,18,2,1,1769933967,2026-02-01 03:21:21
1820420022433309054,16,6,10,0,1,1769933967,2026-02-01 03:21:21
1860187430946456420,0,0,0,18,1,1769933967,2026-02-01 03:21:21
66dc48ef-0aca-11e7-82f6-3863bb44ef7c,21,20,1,35,1,1769933967,2026-02-01 03:21:21
66dd18dd-0aca-11e7-82f6-3863bb44ef7c,20,3,17,4,1,1769933968,2026-02-01 03:21:21
a23a40c3-6da5-4b0f-bb6b-8bfc01ec2261,7,0,7,11,1,1769933967,2026-02-01 03:21:21
66de0bcb-0aca-11e7-82f6-3863bb44ef7c,6,1,5,43,1,1769933967,2026-02-01 03:21:21
66dd3fc3-0aca-11e7-82f6-3863bb44ef7c,0,0,0,27,0,1769802647,2026-02-01 03:21:21
e73cf71b-db05-44f9-b57a-689d65320d68,2,0,2,27,1,1769933981,2026-02-01 03:21:21
0cde9bcd-0dcb-45dc-9c9a-3e5485b5452e,1,1,0,18,1,1769933981,2026-02-01 03:21:21
785b3e6b-dab5-4d25-afab-e2a1ef918669,1,1,0,22,1,1769933981,2026-02-01 03:21:21
1880643497376459348,8,7,1,13,1,1769933982,2026-02-01 03:21:21
81640d04-c36a-4fb1-98b0-85be10be516c,2,0,2,12,1,1769933981,2026-02-01 03:21:21
66dc3f08-0aca-11e7-82f6-3863bb44ef7c,33,20,13,44,1,1769933981,2026-02-01 03:21:21
b7df61c0-8ead-46cb-9d6e-a6a3011ffb71,6,5,1,19,1,1769933977,2026-02-01 03:21:21
66db8ca4-0aca-11e7-82f6-3863bb44ef7c,29,6,23,26,1,1769933978,2026-02-01 03:21:21
1958457675193833900,6,4,2,16,1,1769933978,2026-02-01 03:21:21
14f928c6-9a51-40a2-b7e6-a74e8b351dbf,6,1,5,18,1,1769933978,2026-02-01 03:21:21
e666a344-1afb-4512-b2e9-2fc5ed71be2b,7,4,3,12,1,1769933978,2026-02-01 03:21:21
5d994b32-b7a5-450d-9bbb-93bf3b03e6d5,1,1,0,15,1,1769933978,2026-02-01 03:21:21
a76299eb-73f7-401c-aa8b-edff9ef003bd,3,1,2,25,1,1769933982,2026-02-01 03:21:21
1786699974232881542,3,1,2,16,1,1769933981,2026-02-01 03:21:21
0cc38ba1-4625-4821-9a6f-e490525cbce2,2,1,1,14,1,1769933982,2026-02-01 03:21:21
31f340f3-3201-449e-b017-a26813aa448f,1,1,0,17,1,1769933982,2026-02-01 03:21:21
0e5be726-2452-42a0-9be8-ea85c8408e4c,0,0,0,20,1,1769933983,2026-02-01 03:21:21
e72f0aec-2293-4636-988c-b9d30df092f8,24,7,16,9,1,1769933982,2026-02-01 03:21:21
bd30f2a1-38ec-474d-9e36-07f688e87427,10,0,10,6,1,1769933979,2026-02-01 03:21:21
66dc7659-0aca-11e7-82f6-3863bb44ef7c,48,10,38,58,1,1769933980,2026-02-01 03:21:21
66ddea2a-0aca-11e7-82f6-3863bb44ef7c,52,15,37,11,1,1769933980,2026-02-01 03:21:21
66dd20eb-0aca-11e7-82f6-3863bb44ef7c,5,3,2,26,1,1769933980,2026-02-01 03:21:21
66dc8768-0aca-11e7-82f6-3863bb44ef7c,5,3,2,33,1,1769933980,2026-02-01 03:21:21
66dcbf69-0aca-11e7-82f6-3863bb44ef7c,1,0,1,17,1,1769933983,2026-02-01 03:21:21
79399e32-a6c6-4732-8ad4-9f9140a86b21,9,2,7,8,1,1769933984,2026-02-01 03:21:21
dadd2084-d844-46f5-b7a4-128d31eeba8e,0,0,0,16,1,1769933979,2026-02-01 03:21:21
66ddbd20-0aca-11e7-82f6-3863bb44ef7c,76,62,13,13,1,1769933979,2026-02-01 03:21:21
1851254360969534132,0,0,0,22,1,1769933979,2026-02-01 03:21:21
3f878b81-324e-4673-9221-43d34647e76f,9,0,9,5,1,1769933979,2026-02-01 03:21:21
2121033322026834516,10,0,10,3,1,1769933983,2026-02-01 03:21:21
a1112e04-bc50-4782-b3d6-bb5902c0e8db,4,3,1,16,1,1769933983,2026-02-01 03:21:21
3299ff79-36aa-42ef-b7f1-c40e95c8f570,15,0,15,23,1,1769933983,2026-02-01 03:21:21
2126623199408050430,4,0,4,9,1,1769933993,2026-02-01 03:21:21
b7d7543b-74ac-4a48-a3c4-412f9ffbc727,9,0,9,13,1,1769933994,2026-02-01 03:21:21
e2fc6d90-8deb-4e21-961d-9d5208c1f986,11,0,11,9,1,1769933994,2026-02-01 03:21:21
7cb65297-c880-459a-b054-4e059576c02a,0,0,0,13,0,1769835686,2026-02-01 03:21:21
1786375597504305174,32,13,19,4,1,1769933988,2026-02-01 03:21:21
2436e886-dc53-47cb-8733-d663f9dcd922,4,0,4,14,1,1769933994,2026-02-01 03:21:21
3db2fa34-0b56-4644-9ae9-bbee1583e717,5,0,5,17,1,1769933994,2026-02-01 03:21:21
5f7ac86c-1a98-4603-8749-4bb83ac84acd,21,16,5,25,1,1769933994,2026-02-01 03:21:21
c45aa693-fedd-478f-ade9-bf176c4e32ff,7,1,6,10,1,1769933994,2026-02-01 03:21:21
66de103b-0aca-11e7-82f6-3863bb44ef7c,2,0,2,19,1,1769933994,2026-02-01 03:21:21
1786696564295760054,6,3,3,17,1,1769933988,2026-02-01 03:21:21
1828964993433043090,11,1,10,4,1,1769933991,2026-02-01 03:21:21
c02864f0-2611-440b-98f4-45fddfd545fe,17,1,16,0,1,1769933992,2026-02-01 03:21:21
426862de-f8f2-4967-ba41-76680a4b460c,0,0,0,18,1,1769933992,2026-02-01 03:21:21
66db9cc4-0aca-11e7-82f6-3863bb44ef7c,9,1,8,26,1,1769933992,2026-02-01 03:21:21
66dcf023-0aca-11e7-82f6-3863bb44ef7c,4,2,2,15,1,1769933990,2026-02-01 03:21:21
6651fc84-09d1-4cdb-a8d5-7d6345fb3466,8,0,8,7,1,1769933988,2026-02-01 03:21:21
3bf69f3e-23f6-4abe-b5fe-dabe6b0ea066,4,2,2,17,1,1769933991,2026-02-01 03:21:21
e6f3c665-0c87-4f34-a5e8-69baeed7b7bf,9,5,4,9,1,1769933988,2026-02-01 03:21:21
b9deb521-41b6-4f8a-ac78-0e58e3977f2c,4,0,4,21,1,1769933991,2026-02-01 03:21:21
1804894168423871442,14,1,13,8,1,1769933990,2026-02-01 03:21:21
7380e377-936d-47d7-8abe-0f666d47465e,1,1,0,19,1,1769933990,2026-02-01 03:21:21
66dbcdfc-0aca-11e7-82f6-3863bb44ef7c,1,0,1,53,1,1769933990,2026-02-01 03:21:21
66dc9223-0aca-11e7-82f6-3863bb44ef7c,7,5,2,77,1,1769933992,2026-02-01 03:21:21
48e7e465-f861-452a-9bf7-7eacd0b2bcac,19,2,17,0,1,1769933993,2026-02-01 03:21:21
66dd4f31-0aca-11e7-82f6-3863bb44ef7c,7,1,6,17,1,1769933994,2026-02-01 03:21:21
66dc481a-0aca-11e7-82f6-3863bb44ef7c,48,27,21,6,1,1769933993,2026-02-01 03:21:21
a82cc641-0926-4a63-b488-7060ab7dcd74,1,0,1,30,1,1769933993,2026-02-01 03:21:21
66dd4bf7-0aca-11e7-82f6-3863bb44ef7c,5,0,5,33,1,1769933995,2026-02-01 03:21:21
1975559886658995034,0,0,0,23,1,1769933995,2026-02-01 03:21:21
9b4a92ae-cefe-467a-8e35-5ce02d4f3a45,7,0,7,9,1,1769933995,2026-02-01 03:21:21
1786697932047949952,7,4,3,11,1,1769933995,2026-02-01 03:21:21
66dca682-0aca-11e7-82f6-3863bb44ef7c,19,8,11,37,1,1769933995,2026-02-01 03:21:21
87091002-cc25-452a-b5d9-f8d0c3fce422,4,4,0,21,1,1769933996,2026-02-01 03:21:21
d52d4171-fd60-4a28-b7e2-89f3693e0591,9,0,9,6,1,1769933994,2026-02-01 03:21:21
c37931bb-8571-4671-a9a8-f3cf23897680,40,10,30,32,1,1769933994,2026-02-01 03:21:21
f54ad1f8-fe58-49ac-82ae-b742aec66829,53,45,8,15,1,1769933989,2026-02-01 03:21:21
66db65aa-0aca-11e7-82f6-3863bb44ef7c,46,27,19,19,1,1769933989,2026-02-01 03:21:21
d08be53f-9691-4d6f-81f3-7d052abb7dd6,2,2,0,16,1,1769933989,2026-02-01 03:21:21
2b33334b-243c-4a16-a6d2-32304c8884f1,1,1,0,15,1,1769933991,2026-02-01 03:21:21
ea9a19a6-acea-4286-a723-b5481c90a3c0,13,0,13,0,1,1769933991,2026-02-01 03:21:21
f06c01c3-fd7f-443c-a0c7-fc9233d77f6a,1,1,0,20,1,1769933996,2026-02-01 03:21:21
94771406-6712-4508-9392-11e9d90e1185,11,4,7,1,1,1769933996,2026-02-01 03:21:21
956de8aa-9e06-4efb-8eb0-35fe9b274a48,11,11,0,7,1,1769933996,2026-02-01 03:21:21
1854255035042870020,11,0,11,4,1,1769933996,2026-02-01 03:21:21
66db33fc-0aca-11e7-82f6-3863bb44ef7c,43,37,6,11,1,1769933996,2026-02-01 03:21:21
1817432233006383832,14,0,14,5,1,1769933996,2026-02-01 03:21:21
1a5eae13-8f27-4875-8330-a796c95f8ad6,0,0,0,17,1,1769933997,2026-02-01 03:21:21
2126579619522812246,8,5,3,1,1,1769933997,2026-02-01 03:21:21
2104278402820534724,17,0,17,14,1,1769933997,2026-02-01 03:21:21
2121032708855884414,8,2,6,6,1,1769933997,2026-02-01 03:21:21
fea72f55-d296-47af-9446-149688dcccbd,1,0,1,17,1,1769933998,2026-02-01 03:21:21
2010065065442370322,2,1,1,22,1,1769933998,2026-02-01 03:21:21
66dc864c-0aca-11e7-82f6-3863bb44ef7c,15,4,11,9,1,1769933998,2026-02-01 03:21:21
bdcbd89b-9ae0-461b-aa1d-7db7ead07400,19,0,19,1,1,1769933999,2026-02-01 03:21:21
66db6889-0aca-11e7-82f6-3863bb44ef7c,15,5,10,14,1,1769933998,2026-02-01 03:21:21
d8e02e7b-632b-4fbe-95b9-80efa47473e3,3,3,0,16,1,1769933998,2026-02-01 03:21:21
66dd266a-0aca-11e7-82f6-3863bb44ef7c,3,2,1,28,1,1769933999,2026-02-01 03:21:21
66dc7a7d-0aca-11e7-82f6-3863bb44ef7c,0,0,0,0,0,1760532172,2026-02-01 03:21:21
66db473c-0aca-11e7-82f6-3863bb44ef7c,0,0,0,3,0,1768246235,2026-02-01 03:21:21
dc8223ad-4108-40a8-9ff5-35e8490b4077,0,0,0,0,0,86400,2026-02-01 03:21:21
2004153375425087884,0,0,0,0,0,86400,2026-02-01 03:21:21
2171904090179944948,0,0,0,0,0,86400,2026-02-01 03:21:21
2177013822218302292,0,0,0,0,0,86400,2026-02-01 03:21:21
2177013981286744096,0,0,0,0,0,86400,2026-02-01 03:21:21
2177017749848514898,0,0,0,0,0,86400,2026-02-01 03:21:21
2177016343889563330,0,0,0,0,0,86400,2026-02-01 03:21:21
2177016064191230822,0,0,0,0,0,86400,2026-02-01 03:21:21
2171902875345687974,0,0,0,0,0,86400,2026-02-01 03:21:21
2171902770580328596,0,0,0,0,0,86400,2026-02-01 03:21:21
ccfa8b82-07a7-4a08-88fc-be261c30a4ca,0,0,0,19,0,1769860969,2026-02-01 03:21:21
66dcfaf6-0aca-11e7-82f6-3863bb44ef7c,0,0,0,6,0,1769847747,2026-02-01 03:21:21
d7904cd0-4b1b-47d0-8103-937bcf5ff845,0,0,0,2,0,1769820127,2026-02-01 03:21:21
ad41e353-033e-484f-8d76-78014e11e9d7,0,0,0,15,0,1769848017,2026-02-01 03:21:21
fe93b3ae-1d86-4ee9-9eb6-9e11808966aa,0,0,0,16,0,1769877782,2026-02-01 03:21:21
4bbf50a9-47c2-4a32-97c2-1f6bc4f9d401,21,2,19,8,1,1769933879,2026-02-01 03:21:21
4034789e-b70d-4aae-bf18-3ed37a4d751f,11,3,8,5,1,1769933879,2026-02-01 03:21:21
a0eec052-257a-4c79-8171-6e2ad9864ad0,11,1,10,16,1,1769933880,2026-02-01 03:21:21
063e7e78-b810-4a2f-8045-a82a0d69d752,21,8,13,23,1,1769933878,2026-02-01 03:21:21
66dc1beb-0aca-11e7-82f6-3863bb44ef7c,11,1,10,85,1,1769933878,2026-02-01 03:21:21
66dcbe7c-0aca-11e7-82f6-3863bb44ef7c,0,0,0,13,0,1769844461,2026-02-01 03:21:21
2144768975813378884,1,1,0,16,1,1769933882,2026-02-01 03:21:21
66dde914-0aca-11e7-82f6-3863bb44ef7c,12,5,7,13,1,1769933882,2026-02-01 03:21:21
1884688942632618210,5,5,0,18,1,1769933880,2026-02-01 03:21:21
5db1fefa-0f10-4c58-a7ce-113f3164ced8,7,1,6,6,1,1769933880,2026-02-01 03:21:21
66dcac42-0aca-11e7-82f6-3863bb44ef7c,36,4,32,3,1,1769933880,2026-02-01 03:21:21
be8e6f1c-e8b5-40bd-896d-423052ba3bbc,3,1,2,11,1,1769933878,2026-02-01 03:21:21
b55f9b55-7fa7-4f0f-9732-78cbe07452e1,2,0,2,20,1,1769933878,2026-02-01 03:21:21
66dc192f-0aca-11e7-82f6-3863bb44ef7c,17,1,16,2,1,1769933888,2026-02-01 03:21:21
66db402c-0aca-11e7-82f6-3863bb44ef7c,44,16,28,34,1,1769933890,2026-02-01 03:21:21
1838070776953752336,2,0,2,19,1,1769933890,2026-02-01 03:21:21
45865207-8700-4ef2-99ed-b08889ef0250,5,0,5,15,1,1769933890,2026-02-01 03:21:21
3863f086-ae35-4d0e-8c91-2b6e3e5827a1,23,9,14,9,1,1769933890,2026-02-01 03:21:21
26176e86-8362-4c91-a693-6aa3f9ce0b73,3,1,2,9,1,1769933888,2026-02-01 03:21:21
62089e99-7f73-4f59-816d-57f9793484a1,11,0,11,1,1,1769933883,2026-02-01 03:21:21
66de5613-0aca-11e7-82f6-3863bb44ef7c,46,1,45,14,1,1769933883,2026-02-01 03:21:21
b608193c-46ae-4b61-9e7a-4671e7c3b96e,2,0,2,14,1,1769933887,2026-02-01 03:21:21
b516fedb-3ced-4683-8c17-7e5f6dadf04d,17,2,15,13,1,1769933884,2026-02-01 03:21:21
66de5e5b-0aca-11e7-82f6-3863bb44ef7c,2,1,1,33,1,1769933891,2026-02-01 03:21:21
66dbf518-0aca-11e7-82f6-3863bb44ef7c,9,1,8,13,1,1769933891,2026-02-01 03:21:21
1880644160834607498,10,2,8,11,1,1769933891,2026-02-01 03:21:21
1841240663447542046,4,2,1,13,1,1769933892,2026-02-01 03:21:21
66dc2bc5-0aca-11e7-82f6-3863bb44ef7c,2,2,0,103,1,1769933895,2026-02-01 03:21:21
66de099d-0aca-11e7-82f6-3863bb44ef7c,1,0,1,36,1,1769933895,2026-02-01 03:21:21
38bb1218-0a9e-41d9-b2ef-25c8626dac29,6,0,6,7,1,1769933891,2026-02-01 03:21:21
5736cd70-be41-483e-8d82-721874f40e6e,4,0,4,14,1,1769933890,2026-02-01 03:21:21
66db7a71-0aca-11e7-82f6-3863bb44ef7c,1,1,0,35,1,1769933896,2026-02-01 03:21:21
062ffe5a-aa91-412d-8210-23d562c7e7f8,2,2,0,17,1,1769933895,2026-02-01 03:21:21
3eed817a-63e5-424b-8ed3-c809db5488f7,45,17,28,0,1,1769933895,2026-02-01 03:21:21
dd351a72-4241-4275-843d-0fffa8a1f414,3,2,1,18,1,1769933897,2026-02-01 03:21:21
1875672501601550456,6,0,6,11,1,1769933898,2026-02-01 03:21:21
2127386446510160022,0,0,0,18,0,1769917907,2026-02-01 03:21:21
d33261e6-600e-4756-ad03-a9facbd8ace1,0,0,0,5,0,1769799678,2026-02-01 03:21:21
1846085626867634660,1,0,1,16,1,1769933896,2026-02-01 03:21:21
47bcbcc1-9241-4e65-99f1-07c15543be1b,10,1,9,15,1,1769933897,2026-02-01 03:21:21
1e6c5d0c-f406-4b60-88f6-6284a38d3930,3,1,2,13,1,1769933902,2026-02-01 03:21:21
158e7752-27e2-4912-be0b-eb15405aa096,0,0,0,7,0,1769777946,2026-02-01 03:21:21
1893542109140147108,11,2,9,4,1,1769933899,2026-02-01 03:21:21
ce95fbdd-b7d2-46fc-910d-5c170e4b7610,0,0,0,18,1,1769933898,2026-02-01 03:21:21
66de10a8-0aca-11e7-82f6-3863bb44ef7c,0,0,0,11,0,1769926089,2026-02-01 03:21:21
15cb007b-bfca-4ad7-bfc6-44bf3d36785a,17,1,16,2,1,1769933899,2026-02-01 03:21:21
66dc7cc3-0aca-11e7-82f6-3863bb44ef7c,3,2,1,35,1,1769933901,2026-02-01 03:21:21
66dbe848-0aca-11e7-82f6-3863bb44ef7c,101,71,30,12,1,1769933900,2026-02-01 03:21:21
e58234a3-5b23-427e-948f-c1e4571b2bfa,21,3,18,37,1,1769933902,2026-02-01 03:21:21
dc34ba4c-d8e5-4674-a02e-210c950c05c1,0,0,0,24,1,1769933902,2026-02-01 03:21:21
625711ba-3b5d-46a7-a8f9-7f4eb17ec1be,8,2,6,15,1,1769933903,2026-02-01 03:21:21
1854538169357726138,1,1,0,16,1,1769933906,2026-02-01 03:21:21
66de8a86-0aca-11e7-82f6-3863bb44ef7c,7,3,4,49,1,1769933905,2026-02-01 03:21:21
594b4656-9d83-4301-8967-3b92c126531c,13,5,8,10,1,1769933906,2026-02-01 03:21:21
96878d29-481d-48dc-bcdc-a5f1ce88c76d,5,0,5,14,1,1769933906,2026-02-01 03:21:21
a58ff2e3-a5ae-4070-a26d-ddfe8cc6fc58,0,0,0,2,0,1769837012,2026-02-01 03:21:21
d5d589e6-457f-4cd4-bf78-59165dce28b2,15,7,8,1,1,1769933908,2026-02-01 03:21:21
66de482a-0aca-11e7-82f6-3863bb44ef7c,5,0,5,6,1,1769933908,2026-02-01 03:21:21
fd081854-3f37-420a-9785-ea63c09c12ad,0,0,0,19,1,1769933909,2026-02-01 03:21:21
04d557d6-6bc3-4244-b0f1-81ed1449ccd6,7,5,2,4,1,1769933904,2026-02-01 03:21:21
18846fd4-877c-4971-9b6f-1bd8fbc10346,2,0,2,17,1,1769933905,2026-02-01 03:21:21
afc79a38-e26d-48f7-94e4-d0aca8fd1c49,2,1,1,14,1,1769933905,2026-02-01 03:21:21
66dd0808-0aca-11e7-82f6-3863bb44ef7c,0,0,0,23,1,1769933905,2026-02-01 03:21:21
a2f71eea-05a2-4fe7-99ab-f74535c880ae,3,2,1,15,1,1769933907,2026-02-01 03:21:21
66db2afe-0aca-11e7-82f6-3863bb44ef7c,25,20,5,4,1,1769933904,2026-02-01 03:21:21
1318e05a-2506-43c6-b49d-4c1f7f69a267,6,3,3,7,1,1769933904,2026-02-01 03:21:21
db41cc62-86ea-4421-bfaf-9b6511cfee10,1,0,1,29,1,1769933908,2026-02-01 03:21:21
bbb48e80-7d2f-4b3c-bb8c-591bc931945a,6,0,6,8,1,1769933909,2026-02-01 03:21:21
1840540966407039246,0,0,0,1,0,1769788119,2026-02-01 03:21:21
3e9e50cc-f336-439f-bd0b-dec5499c038d,18,15,3,11,1,1769933909,2026-02-01 03:21:21
cc834d78-6eca-450a-ae00-a5ffc6f1a7a6,14,0,14,0,1,1769933909,2026-02-01 03:21:21
3c6c0d12-80dd-4c49-b7c5-e3549588b8cf,12,3,9,9,1,1769933909,2026-02-01 03:21:21
550153a5-2ea1-4c76-b1cd-77667005f55d,0,0,0,11,0,1769774525,2026-02-01 03:21:21
66db63f4-0aca-11e7-82f6-3863bb44ef7c,3,0,3,10,1,1769933910,2026-02-01 03:21:21
d9ea5210-50b3-4342-9801-f896bd21f4a1,2,2,0,20,1,1769933909,2026-02-01 03:21:21
b506be9e-45d3-43d1-a262-27d8fa91e974,11,2,9,12,1,1769933912,2026-02-01 03:21:21
96a0b676-e966-4d96-b04b-ceb8149cedcd,1,0,1,18,1,1769933911,2026-02-01 03:21:21
1835247196073118026,10,4,6,4,1,1769933910,2026-02-01 03:21:21
fda0c217-9504-4b26-8a25-e40b603ee5fa,1,1,0,14,1,1769933913,2026-02-01 03:21:21
ad17bd9a-735b-4a11-8ad3-dc7800e342af,13,4,9,12,1,1769933914,2026-02-01 03:21:21
a1acdab2-29c7-4956-8b2e-24b39dc2ff13,0,0,0,42,0,1769853848,2026-02-01 03:21:21
a3e2b360-f050-48ea-b8c8-57d897b8f7fc,3,3,0,14,1,1769933912,2026-02-01 03:21:21
1828968794479100296,7,0,7,9,1,1769933913,2026-02-01 03:21:21
844c68cc-19f0-474a-86d3-4af170117aae,7,7,0,11,1,1769933913,2026-02-01 03:21:21
d3f51f51-7e51-4c75-8600-d76916608707,4,2,2,24,1,1769933918,2026-02-01 03:21:21
1828969112306680612,12,7,5,6,1,1769933919,2026-02-01 03:21:21
284b08f2-3d26-4f52-9463-25e4a07c16f7,7,4,3,19,1,1769933915,2026-02-01 03:21:21
b0239a13-649a-4d31-aa04-56b8aaeba4d4,1,0,1,15,1,1769933916,2026-02-01 03:21:21
66ddd369-0aca-11e7-82f6-3863bb44ef7c,38,29,9,5,1,1769933916,2026-02-01 03:21:21
1875433315773395778,6,3,3,24,1,1769933916,2026-02-01 03:21:21
85b77b8d-32b8-4049-a407-64319916e2c5,1,1,0,17,1,1769933916,2026-02-01 03:21:21
82dd89f6-1e5a-4a8f-8660-13cb64349e94,6,0,6,11,1,1769933917,2026-02-01 03:21:21
36b55a0f-e55d-4849-859a-09b3273fb782,8,0,8,8,1,1769933917,2026-02-01 03:21:21
66db8d89-0aca-11e7-82f6-3863bb44ef7c,27,22,5,13,1,1769933917,2026-02-01 03:21:21
66de08c9-0aca-11e7-82f6-3863bb44ef7c,7,0,7,12,1,1769933918,2026-02-01 03:21:21
ca4795a2-6ab3-4597-bf59-f0155ac1637c,21,5,16,42,1,1769933920,2026-02-01 03:21:21
085da8d4-9465-46f0-82d1-10c9c9177d64,1,0,1,17,1,1769933921,2026-02-01 03:21:21
66dc0cc7-0aca-11e7-82f6-3863bb44ef7c,4,3,0,37,1,1769933916,2026-02-01 03:21:21
61647ec6-dfd6-4d1c-8800-d488d390c627,21,14,7,9,1,1769933925,2026-02-01 03:21:21
66dcc5ca-0aca-11e7-82f6-3863bb44ef7c,0,0,0,0,0,1769933925,2026-02-01 03:21:21
6a9b19e3-cd69-4e0c-9b28-1889db936c7c,2,0,2,15,1,1769933925,2026-02-01 03:21:21
ecc52c52-e2d9-4e73-8f9c-18ad8e9b0606,0,0,0,22,1,1769933923,2026-02-01 03:21:21
1860187181307969634,15,0,15,3,1,1769933923,2026-02-01 03:21:21
dad3b7df-ec40-4d54-bfdb-5e82be84d742,4,3,1,16,1,1769933921,2026-02-01 03:21:21
582cd775-0178-47f5-b707-6d5869f077ba,8,0,8,20,1,1769933925,2026-02-01 03:21:21
66dd2208-0aca-11e7-82f6-3863bb44ef7c,3,2,1,36,1,1769933925,2026-02-01 03:21:21
bd1760ad-3af3-4ede-9bd7-c8fbf46d7192,3,2,1,14,1,1769933940,2026-02-01 03:21:21
55f6b830-e43e-4227-bfc7-683465236d94,2,1,1,40,1,1769933940,2026-02-01 03:21:21
e2b28abd-07a4-4552-ad17-abf155aff28a,0,0,0,20,1,1769933940,2026-02-01 03:21:21
66dd41ef-0aca-11e7-82f6-3863bb44ef7c,10,9,1,29,1,1769933941,2026-02-01 03:21:21
66dde845-0aca-11e7-82f6-3863bb44ef7c,2,2,0,25,1,1769933944,2026-02-01 03:21:21
66de4078-0aca-11e7-82f6-3863bb44ef7c,6,3,3,9,1,1769933945,2026-02-01 03:21:21
cd118a8f-a7d1-4b7a-a6d3-d9e875cb29df,12,8,4,9,1,1769933945,2026-02-01 03:21:21
ca4e4962-2169-4559-8f60-b05ab7809750,11,2,9,10,1,1769933942,2026-02-01 03:21:21
1964061627836181486,13,11,2,67,1,1769933943,2026-02-01 03:21:21
ebfafca3-5818-4e6f-8374-98f44a0ca0c6,0,0,0,25,1,1769933943,2026-02-01 03:21:21
f001fac9-5f19-451e-a752-afde574a8c81,0,0,0,16,1,1769933941,2026-02-01 03:21:21
9a52fbc1-d87a-4a65-941d-12fd55dbcdde,16,0,16,0,1,1769933941,2026-02-01 03:21:21
e3e6105e-eaa2-43c5-badb-fb8592ad7227,10,8,2,10,1,1769933942,2026-02-01 03:21:21
36edabac-a0c2-471b-abaf-73fdb53a4e5f,5,3,2,14,1,1769933944,2026-02-01 03:21:21
4b67c6e0-d603-4fbc-afbe-0b8952f4f7af,15,0,15,13,1,1769933944,2026-02-01 03:21:21
66db2fd0-0aca-11e7-82f6-3863bb44ef7c,17,5,12,12,1,1769933943,2026-02-01 03:21:21
e8a6c13b-1f6e-4e6b-bdf8-9b0e597e4a62,15,1,14,6,1,1769933943,2026-02-01 03:21:21
66dc1c5c-0aca-11e7-82f6-3863bb44ef7c,8,7,1,63,1,1769933946,2026-02-01 03:21:21
0dc63044-e19c-474d-9df1-c3e504d03b07,2,0,2,40,1,1769933946,2026-02-01 03:21:21
fa14408f-6e88-4668-86ee-ce10ea707f36,43,10,33,17,1,1769933946,2026-02-01 03:21:21
9a40cb60-6ede-4c9e-9d64-dc55cae57f31,1,0,1,26,1,1769933960,2026-02-01 03:21:21
1932126716328112534,20,1,19,1,1,1769933959,2026-02-01 03:21:21
66db69d0-0aca-11e7-82f6-3863bb44ef7c,7,0,7,20,1,1769933959,2026-02-01 03:21:21
a4bb6fac-b795-4aa7-a266-613419019290,2,1,1,15,1,1769933959,2026-02-01 03:21:21
66de867e-0aca-11e7-82f6-3863bb44ef7c,5,1,4,23,1,1769933960,2026-02-01 03:21:21
66dcc30b-0aca-11e7-82f6-3863bb44ef7c,1,0,1,16,1,1769933960,2026-02-01 03:21:21
66db5c14-0aca-11e7-82f6-3863bb44ef7c,4,2,2,20,1,1769933960,2026-02-01 03:21:21
35a5b4d6-2d90-4b60-b68b-03bb60fb1afc,1,1,0,17,1,1769933958,2026-02-01 03:21:21
c0c6a931-c1d3-4202-a433-c4127a4cd846,1,1,0,18,1,1769933959,2026-02-01 03:21:21
361dd964-db79-47dd-b044-eac88c735249,1,0,1,19,1,1769933963,2026-02-01 03:21:21
1869851741257474316,22,0,22,2,1,1769933963,2026-02-01 03:21:21
f91170e6-a33c-4870-94da-9d51510515d2,1,0,1,15,1,1769933961,2026-02-01 03:21:21
66dc4599-0aca-11e7-82f6-3863bb44ef7c,9,2,7,4,1,1769933962,2026-02-01 03:21:21
1828967830172187422,1,0,1,25,1,1769933963,2026-02-01 03:21:21
4c3b6e25-b0c2-4a3f-b07e-cd60cd1b0ac0,1,1,0,15,1,1769933962,2026-02-01 03:21:21
1828969515711812276,6,0,6,2,1,1769933962,2026-02-01 03:21:21
eafa19ed-88c2-4efc-bd73-3961f85b6063,21,17,3,9,1,1769933933,2026-02-01 03:21:21
66dc259a-0aca-11e7-82f6-3863bb44ef7c,7,6,1,73,1,1769933933,2026-02-01 03:21:21
724aeecc-8c91-4afc-b97c-72a98de452c9,0,0,0,16,1,1769933934,2026-02-01 03:21:21
66de5773-0aca-11e7-82f6-3863bb44ef7c,3,0,3,9,1,1769933934,2026-02-01 03:21:21
2022386456542683974,21,0,21,9,1,1769933934,2026-02-01 03:21:21
66dea596-0aca-11e7-82f6-3863bb44ef7c,2,1,1,19,1,1769933935,2026-02-01 03:21:21
1786375069262703476,11,1,10,9,1,1769933935,2026-02-01 03:21:21
7603028c-8b04-4918-8a25-a087ce57aea4,16,1,15,14,1,1769933935,2026-02-01 03:21:21
9c147c77-11da-4d0b-8a21-a8042ec8031b,1,1,0,18,1,1769933937,2026-02-01 03:21:21
66dc8f1f-0aca-11e7-82f6-3863bb44ef7c,7,2,5,43,1,1769933938,2026-02-01 03:21:21
5dc8ddac-979e-4ae5-b879-3670cca7482d,2,0,2,18,1,1769933938,2026-02-01 03:21:21
66dea6e1-0aca-11e7-82f6-3863bb44ef7c,7,1,6,52,1,1769933939,2026-02-01 03:21:21
bb32aad7-8308-4ff8-b073-d5b518ffdd09,1,1,0,32,1,1769933936,2026-02-01 03:21:21
1848242216849312578,7,1,6,9,1,1769933936,2026-02-01 03:21:21
1814900632709495794,14,3,11,2,1,1769933939,2026-02-01 03:21:21
2687f2e1-3529-464d-82eb-e4f61440c563,5,3,2,10,1,1769933934,2026-02-01 03:21:21
bfbd1f09-afd2-49d2-8674-3a07b3c929a4,12,7,5,4,1,1769933949,2026-02-01 03:21:21
66dce5c9-0aca-11e7-82f6-3863bb44ef7c,9,0,9,9,1,1769933948,2026-02-01 03:21:21
3c8847a6-c12a-40fd-9b22-4582ac1a0d9d,15,14,1,7,1,1769933949,2026-02-01 03:21:21
9092515e-eef6-478f-910f-1cd19d06bebb,13,0,13,17,1,1769933949,2026-02-01 03:21:21
a33a2d11-33a5-46ad-a086-5698ac17b7b4,25,7,18,1,1,1769933947,2026-02-01 03:21:21
66dcbbfe-0aca-11e7-82f6-3863bb44ef7c,2,0,2,9,1,1769933947,2026-02-01 03:21:21
66db7637-0aca-11e7-82f6-3863bb44ef7c,0,0,0,31,0,1769922556,2026-02-01 03:21:21
1846085927885781554,6,1,5,11,1,1769933947,2026-02-01 03:21:21
0f536c08-dde3-40af-a66d-1fe1e7edecd2,1,0,1,16,1,1769933947,2026-02-01 03:21:21
66de4594-0aca-11e7-82f6-3863bb44ef7c,13,4,9,7,1,1769933947,2026-02-01 03:21:21
c0e0e578-8ce8-4c9d-be47-b902d8a41050,2,1,1,16,1,1769933947,2026-02-01 03:21:21
66db34fc-0aca-11e7-82f6-3863bb44ef7c,4,1,3,28,1,1769933948,2026-02-01 03:21:21
f15ccc6e-5a7c-46e7-b505-0bfc9cae3d83,1,1,0,28,1,1769933948,2026-02-01 03:21:21
bbaae5d3-7e2b-46a8-872e-152404c664f7,18,0,18,6,1,1769933948,2026-02-01 03:21:21
66de5ace-0aca-11e7-82f6-3863bb44ef7c,11,5,6,7,1,1769933948,2026-02-01 03:21:21
d7d297fd-36dc-42f2-8e3b-24b1003be874,13,5,8,1,1,1769933950,2026-02-01 03:21:21
dfad8e49-7e1b-4376-90b4-7a449319f294,1,1,0,19,1,1769933950,2026-02-01 03:21:21
c809158b-ca8f-4a77-a800-8ee9d287c056,1,0,1,17,1,1769933950,2026-02-01 03:21:21
1828967607558607844,1,0,1,15,1,1769933950,2026-02-01 03:21:21
67f60e7e-397a-4e47-b7f9-d10bd67133b3,2,0,2,46,1,1769933950,2026-02-01 03:21:21
66dcc047-0aca-11e7-82f6-3863bb44ef7c,0,0,0,15,0,1769848779,2026-02-01 03:21:21
1856766912456610780,1,1,0,19,1,1769933951,2026-02-01 03:21:21
547cdccc-7864-4898-97c9-8798d924ef54,37,29,8,10,1,1769933951,2026-02-01 03:21:21
b62bcd96-c2db-447c-bdd5-d3c18f174858,8,0,8,9,1,1769933952,2026-02-01 03:21:21
18fcd2c1-dc8b-4a52-9f18-e9b9003bbea5,17,8,9,16,1,1769933951,2026-02-01 03:21:21
d8673258-9513-4ed2-86bf-bef62e7e4e30,0,0,0,8,0,1769776032,2026-02-01 03:21:21
344b52b0-73a9-4fe3-9132-23d0502dc0ae,3,1,2,13,1,1769933951,2026-02-01 03:21:21
66dded7a-0aca-11e7-82f6-3863bb44ef7c,2,0,2,26,1,1769933947,2026-02-01 03:21:21
88e64257-298c-4b8d-8886-77b9b66dcec1,9,4,5,38,1,1769933963,2026-02-01 03:21:21
de6f4206-3aa9-4cb9-aae0-8547d2cd6854,18,1,17,1,1,1769933963,2026-02-01 03:21:21
1848242058183072050,6,0,6,8,1,1769933964,2026-02-01 03:21:21
c2800791-1911-4f2b-8fc7-bed280c557c0,38,33,5,5,1,1769933968,2026-02-01 03:21:21
d3433b47-99a7-4b21-9fa7-d7052bb5c23b,2,0,2,13,1,1769933968,2026-02-01 03:21:21
632b140c-65de-4f50-9cc2-c001ae011aea,3,1,2,54,1,1769933969,2026-02-01 03:21:21
1938139112487078732,4,2,2,26,1,1769933965,2026-02-01 03:21:21
66dc4b4c-0aca-11e7-82f6-3863bb44ef7c,6,4,2,51,1,1769933965,2026-02-01 03:21:21
1869753195262578852,2,1,1,14,1,1769933965,2026-02-01 03:21:21
66dce567-0aca-11e7-82f6-3863bb44ef7c,4,0,4,13,1,1769933966,2026-02-01 03:21:21
1851674145014649512,7,2,5,15,1,1769933965,2026-02-01 03:21:21
66db44e5-0aca-11e7-82f6-3863bb44ef7c,2,0,2,34,1,1769933966,2026-02-01 03:21:21
2576805f-9732-4c74-8f1d-57715e8cdfa2,0,0,0,28,1,1769933966,2026-02-01 03:21:21
b0cc08dc-e7dd-48d1-8901-ba496f3ff2f5,1,1,0,38,1,1769933966,2026-02-01 03:21:21
44a80c48-c1a9-4ff1-92eb-6bf8be492f5e,4,1,3,11,1,1769933967,2026-02-01 03:21:21
1843486464469891376,0,0,0,17,1,1769933967,2026-02-01 03:21:21
66dbb869-0aca-11e7-82f6-3863bb44ef7c,6,3,3,12,1,1769933969,2026-02-01 03:21:21
1862008413697896912,2,1,1,16,1,1769933969,2026-02-01 03:21:21
94f77501-32e5-4539-90c6-82d4198f7991,2,0,2,14,1,1769933966,2026-02-01 03:21:21
2137774972219769002,4,0,4,2,1,1769933969,2026-02-01 03:21:21
66dbc60f-0aca-11e7-82f6-3863bb44ef7c,0,0,0,0,0,1769871706,2026-02-01 03:21:21
2026068766494475116,7,4,3,18,1,1769933931,2026-02-01 03:21:21
b9d3134b-697f-4a0f-b90f-d95f6c69ffda,1,0,1,17,1,1769933931,2026-02-01 03:21:21
55fda28d-56a8-4db2-b42a-072714f18471,12,0,12,1,1,1769933928,2026-02-01 03:21:21
df243d7f-e6ae-435c-9895-aecbcff9cada,20,13,7,7,1,1769933931,2026-02-01 03:21:21
8b1222da-612f-4482-ab34-9467c4ed28e3,6,0,6,13,1,1769933921,2026-02-01 03:21:21
66db4671-0aca-11e7-82f6-3863bb44ef7c,13,9,4,17,1,1769933927,2026-02-01 03:21:21
1828967027013302842,4,0,4,10,1,1769933927,2026-02-01 03:21:21
1828966104320053340,6,0,6,10,1,1769933928,2026-02-01 03:21:21
2c321ea3-e1dd-4d32-be70-bd158fe1f568,6,5,1,63,1,1769933928,2026-02-01 03:21:21
956e9f8d-d23a-4a0e-bf28-84180e818af7,1,0,1,22,1,1769933928,2026-02-01 03:21:21
66de0933-0aca-11e7-82f6-3863bb44ef7c,17,2,15,9,1,1769933928,2026-02-01 03:21:21
93c28953-7e65-436e-9c5a-9d7ca0e3729f,4,3,1,18,1,1769933931,2026-02-01 03:21:21
e5b2a7ce-d867-465b-8446-743e00617068,3,1,2,16,1,1769933932,2026-02-01 03:21:21
9d95a4a9-bcfe-4189-bb7d-abd9992ecbaf,7,4,3,5,1,1769933931,2026-02-01 03:21:21
821b19c1-ab13-4482-9580-770288a377a7,4,2,2,32,1,1769933932,2026-02-01 03:21:21
1838999521825487230,16,0,16,0,1,1769933924,2026-02-01 03:21:21
1861682702044957494,3,2,1,12,1,1769933924,2026-02-01 03:21:21
66ddee56-0aca-11e7-82f6-3863bb44ef7c,10,7,3,2,1,1769933933,2026-02-01 03:21:21
66dbc551-0aca-11e7-82f6-3863bb44ef7c,9,5,4,36,1,1769933933,2026-02-01 03:21:21
1861271680294357158,3,1,2,19,1,1769933928,2026-02-01 03:21:21
1869753812884512816,3,2,1,15,1,1769933926,2026-02-01 03:21:21
1846086665080867236,7,0,7,9,1,1769933926,2026-02-01 03:21:21
a8560d28-9ee1-4af4-9180-7e9c4dd0d147,10,1,9,7,1,1769933926,2026-02-01 03:21:21
66dea674-0aca-11e7-82f6-3863bb44ef7c,7,1,6,11,1,1769933930,2026-02-01 03:21:21
59ad8f95-32a4-43de-b1c3-79c667b2d2df,2,2,0,25,1,1769933927,2026-02-01 03:21:21
1954806962718223342,24,12,12,2,1,1769933954,2026-02-01 03:21:21
66dd448f-0aca-11e7-82f6-3863bb44ef7c,18,16,2,18,1,1769933954,2026-02-01 03:21:21
1869439368558197224,1,0,1,17,1,1769933955,2026-02-01 03:21:21
66de2b97-0aca-11e7-82f6-3863bb44ef7c,11,7,4,16,1,1769933955,2026-02-01 03:21:21
be2bdee1-e3e9-45cc-94f0-2ba81a722ba3,8,4,4,9,1,1769933955,2026-02-01 03:21:21
66dda55f-0aca-11e7-82f6-3863bb44ef7c,0,0,0,17,0,1769918437,2026-02-01 03:21:21
141eb0e0-e78d-411a-a0be-202a6424cc93,17,1,16,4,1,1769933955,2026-02-01 03:21:21
0c106e83-c47a-4233-b5e4-62bbb75d0bed,0,0,0,18,1,1769933957,2026-02-01 03:21:21
1d167807-0aa8-413a-b7a0-01c2ca8a6a60,4,0,4,8,1,1769933958,2026-02-01 03:21:21
1861681121800951962,14,3,11,4,1,1769933958,2026-02-01 03:21:21
1846086138339179502,11,7,4,8,1,1769933958,2026-02-01 03:21:21
305c221f-4e0b-4a5a-902c-3d1043dfe606,3,2,1,13,1,1769933958,2026-02-01 03:21:21
6f21be51-6fde-4cde-b1db-b102a5f67300,14,0,14,2,1,1769933956,2026-02-01 03:21:21
66dde197-0aca-11e7-82f6-3863bb44ef7c,0,0,0,38,1,1769933952,2026-02-01 03:21:21
66dde8ac-0aca-11e7-82f6-3863bb44ef7c,2,2,0,33,1,1769933953,2026-02-01 03:21:21
66dc76cd-0aca-11e7-82f6-3863bb44ef7c,16,12,4,17,1,1769933953,2026-02-01 03:21:21
1815968147129520346,0,0,0,20,1,1769933954,2026-02-01 03:21:21
3c135a2e-eeea-4e81-9c0a-8d14a6049198,9,0,9,9,1,1769933953,2026-02-01 03:21:21
1057229c-f8f8-4014-80cd-f40421c61cf0,9,8,1,8,1,1769933953,2026-02-01 03:21:21
61bc2467-aa8c-4386-ba9e-3f01120bd6b8,8,3,5,8,1,1769933953,2026-02-01 03:21:21
e0b80983-c520-47e3-9c8d-a17fff5e5582,14,0,14,3,1,1769933953,2026-02-01 03:21:21
66de48f9-0aca-11e7-82f6-3863bb44ef7c,12,0,12,7,1,1769933953,2026-02-01 03:21:21
1836581534415880440,2,1,1,24,1,1769933957,2026-02-01 03:21:21
66dbe7b6-0aca-11e7-82f6-3863bb44ef7c,3,3,0,24,1,1769933957,2026-02-01 03:21:21
901cab1a-a77e-424e-b602-16883e792f93,4,0,4,14,1,1769933957,2026-02-01 03:21:21
23bc4d9b-1ec2-45fb-9228-e41517346b24,11,5,6,0,1,1769933952,2026-02-01 03:21:21
2123940148896639644,4,2,2,0,1,1769933914,2026-02-01 03:21:21
1860188194745712748,15,0,15,3,1,1769933952,2026-02-01 03:21:21
b94d0241-bce7-44a9-ab1c-ece0740a4134,2,2,0,12,1,1769933976,2026-02-01 03:21:21
66db88f5-0aca-11e7-82f6-3863bb44ef7c,10,3,7,21,1,1769933976,2026-02-01 03:21:21
5c3c345d-1975-400d-a9d8-18815816886e,17,15,2,24,1,1769933976,2026-02-01 03:21:21
5780ae63-54e5-48e3-a00c-9c403cb75401,11,0,11,9,1,1769933976,2026-02-01 03:21:21
d1138533-504c-4d29-b71c-299e1d31f159,16,2,14,16,1,1769933976,2026-02-01 03:21:21
c3d5f47f-cfc3-4c1f-86bb-bcf770d2949b,14,1,13,5,1,1769933976,2026-02-01 03:21:21
66dd4b91-0aca-11e7-82f6-3863bb44ef7c,1,1,0,30,1,1769933970,2026-02-01 03:21:21
66db2d2b-0aca-11e7-82f6-3863bb44ef7c,19,8,11,12,1,1769933970,2026-02-01 03:21:21
d7bdc3d7-6e6d-4899-9cc7-f4238a86c695,3,0,3,20,1,1769933971,2026-02-01 03:21:21
79c4a612-a5df-4814-9e6b-6305da61ebc4,15,0,15,1,1,1769933970,2026-02-01 03:21:21
1f872052-38c4-4701-96c4-c363de51c2b5,1,0,1,54,1,1769933971,2026-02-01 03:21:21
1b22c037-207d-454a-90aa-8f22d0a8a7e3,15,0,15,6,1,1769933971,2026-02-01 03:21:21
43f3d3c7-46b0-4812-879d-15afe8804c5f,12,4,8,9,1,1769933970,2026-02-01 03:21:21
c066c90a-efb1-4f8b-aa15-38ba4edd4ebc,1,1,0,15,1,1769933971,2026-02-01 03:21:21
387e2863-83ad-4589-8004-794a7b624801,2,1,1,16,1,1769933977,2026-02-01 03:21:21
122111c9-9a61-4372-a756-fb2495611cb6,2,1,1,9,1,1769933977,2026-02-01 03:21:21
2126621966735272262,5,0,5,4,1,1769933977,2026-02-01 03:21:21
2098714441479661752,2,1,1,13,1,1769933977,2026-02-01 03:21:21
9ea2afff-a146-4824-89b6-39d5bdfac795,15,14,1,0,1,1769933977,2026-02-01 03:21:21
9c1c3499-1b11-471f-b59a-87d9e27e15c5,16,5,11,2,1,1769933977,2026-02-01 03:21:21
66db3273-0aca-11e7-82f6-3863bb44ef7c,27,19,8,8,1,1769933974,2026-02-01 03:21:21
db29242d-6ff3-4e22-85fe-45fa3d03ec39,2,2,0,17,1,1769933974,2026-02-01 03:21:21
66ddede1-0aca-11e7-82f6-3863bb44ef7c,10,6,4,8,1,1769933971,2026-02-01 03:21:21
2124037775602344266,3,0,3,10,1,1769933956,2026-02-01 03:21:21
f4f9a09c-010c-430c-a766-3390c44b4962,0,0,0,15,1,1769933972,2026-02-01 03:21:21
328d778a-7e71-4240-acae-b84f0fdaa5c5,1,0,1,24,1,1769933972,2026-02-01 03:21:21
2119506830683992262,39,26,13,2,1,1769933973,2026-02-01 03:21:21
42032bf9-4599-4035-bc01-c80bec1a7122,1,1,0,19,1,1769933973,2026-02-01 03:21:21
1845676816555735590,10,2,8,10,1,1769933973,2026-02-01 03:21:21
1064b4b0-e9c8-4139-ac48-f118305dbe69,2,1,1,21,1,1769933973,2026-02-01 03:21:21
66dbe8d6-0aca-11e7-82f6-3863bb44ef7c,18,8,10,33,1,1769933974,2026-02-01 03:21:21
e780c290-0c52-4ab1-9719-a581be789df3,0,0,0,13,1,1769933974,2026-02-01 03:21:21
40fd82d6-c0e9-4876-adfb-816140ecfc39,8,3,5,9,1,1769933975,2026-02-01 03:21:21
1903998756008763590,4,1,3,43,1,1769933972,2026-02-01 03:21:21
1e3a16ff-65ba-4d34-b3c6-37aff44e085a,16,8,8,20,1,1769933972,2026-02-01 03:21:21
cad68b8c-6d68-4c5f-88fe-b1aa3e40727a,7,0,7,12,1,1769933970,2026-02-01 03:21:21
1861682444178541220,21,0,21,5,1,1769933983,2026-02-01 03:21:21
648e09b6-95c2-40d3-9dac-a43f22eccf38,2,1,1,22,1,1769933983,2026-02-01 03:21:21
1851999409149780880,11,0,11,8,1,1769933983,2026-02-01 03:21:21
1d130e43-0408-4423-bb52-77a08372cefa,1,1,0,25,1,1769933984,2026-02-01 03:21:21
285ad3c2-3ffe-45bb-8765-9c20a69641a6,7,2,5,5,1,1769933983,2026-02-01 03:21:21
0e003543-3656-448f-8a93-029d265f2e26,11,0,11,12,1,1769933984,2026-02-01 03:21:21
66dc252e-0aca-11e7-82f6-3863bb44ef7c,18,3,15,5,1,1769933970,2026-02-01 03:21:21
eb41a103-0196-4f19-a440-256167191a7d,1,1,0,15,1,1769933981,2026-02-01 03:21:21
341730d7-a61d-499d-8c07-fa015f644e54,45,34,11,26,1,1769933981,2026-02-01 03:21:21
88ee054e-bdeb-4305-8f3b-76eb964f2c84,2,0,2,11,1,1769933982,2026-02-01 03:21:21
203d7b9a-8666-4af1-81c7-f9fc36aa0952,0,0,0,16,1,1769933978,2026-02-01 03:21:21
66db74a5-0aca-11e7-82f6-3863bb44ef7c,26,2,24,17,1,1769933978,2026-02-01 03:21:21
993fc83f-52c6-43f4-bb49-4abe4ad48150,0,0,0,18,1,1769933982,2026-02-01 03:21:21
d9ec5589-c872-46f2-88cd-e54f9c596721,2,0,2,12,1,1769933983,2026-02-01 03:21:21
e1886e7a-62b1-4359-9835-8ab5a16371ae,1,0,1,17,1,1769933982,2026-02-01 03:21:21
1860188907884823208,3,0,3,16,1,1769933983,2026-02-01 03:21:21
668ef22c-4665-4f42-bf6a-ab9e8a2899b1,2,0,2,21,1,1769933983,2026-02-01 03:21:21
66ddeffd-0aca-11e7-82f6-3863bb44ef7c,4,1,3,11,1,1769933980,2026-02-01 03:21:21
66de186f-0aca-11e7-82f6-3863bb44ef7c,8,3,5,16,1,1769933981,2026-02-01 03:21:21
cc758f1a-8b28-4ff5-bc75-fbe62c453378,1,1,0,20,1,1769933983,2026-02-01 03:21:21
2b54cb2c-31be-4620-a13c-0fa72b58c90a,0,0,0,26,1,1769933983,2026-02-01 03:21:21
66dd2811-0aca-11e7-82f6-3863bb44ef7c,1,0,1,42,1,1769933983,2026-02-01 03:21:21
1817432104157364846,11,0,11,1,1,1769933977,2026-02-01 03:21:21
28be450b-7878-4495-add2-61afd94f375a,9,3,6,5,1,1769933988,2026-02-01 03:21:21
1860189813948384088,9,3,6,8,1,1769933988,2026-02-01 03:21:21
1815968026870435892,7,5,2,11,1,1769933989,2026-02-01 03:21:21
ba0a4ada-c9f6-48b4-a7b3-7220f6fb88c2,0,0,0,20,0,1769784952,2026-02-01 03:21:21
66db64d1-0aca-11e7-82f6-3863bb44ef7c,9,1,8,7,1,1769933988,2026-02-01 03:21:21
66dbbc4a-0aca-11e7-82f6-3863bb44ef7c,9,2,7,10,1,1769933989,2026-02-01 03:21:21
2126579471787670468,6,1,5,9,1,1769933989,2026-02-01 03:21:21
66dc2238-0aca-11e7-82f6-3863bb44ef7c,7,6,1,68,1,1769933989,2026-02-01 03:21:21
1836581807397045112,0,0,0,23,1,1769933986,2026-02-01 03:21:21
2126274308236524392,3,1,2,8,1,1769933986,2026-02-01 03:21:21
f3c68cfb-52fd-48c8-b6e5-85c179fee0b3,9,4,5,12,1,1769933986,2026-02-01 03:21:21
7a8b474b-7577-4316-a192-d57576d194a3,5,3,2,10,1,1769933987,2026-02-01 03:21:21
1796642668661690940,18,2,16,0,1,1769933987,2026-02-01 03:21:21
2104275164415193448,32,5,27,26,1,1769933988,2026-02-01 03:21:21
d34f2271-10ee-40c3-a93a-09df58860512,0,0,0,11,0,1769858396,2026-02-01 03:21:21
1828965671716082498,11,2,9,4,1,1769933988,2026-02-01 03:21:21
e8df73bd-5d3d-47c9-b04d-bcec4db5540f,39,4,35,16,1,1769933987,2026-02-01 03:21:21
78b4aa30-e4e9-4447-9419-c89f8527892e,2,2,0,17,1,1769933988,2026-02-01 03:21:21
66dc21d4-0aca-11e7-82f6-3863bb44ef7c,3,2,1,29,1,1769933988,2026-02-01 03:21:21
e34bb92f-6911-449a-999b-5bc80e0322fe,7,2,5,10,1,1769933978,2026-02-01 03:21:21
83d1ff16-ba56-4eae-aa6a-b37b6439db82,4,0,4,24,1,1769933980,2026-02-01 03:21:21
8d097a6d-f17c-4195-9dd4-42527b371c71,33,29,4,25,1,1769933989,2026-02-01 03:21:21
1947367330341251364,1,1,0,18,1,1769933990,2026-02-01 03:21:21
66dd1846-0aca-11e7-82f6-3863bb44ef7c,0,0,0,1,0,1769916621,2026-02-01 03:21:21
66db40ef-0aca-11e7-82f6-3863bb44ef7c,35,23,12,8,1,1769933990,2026-02-01 03:21:21
7bdd60e9-c0fd-40f6-aa9a-d5fa004d4fe3,14,0,14,3,1,1769933990,2026-02-01 03:21:21
1828966363527611286,13,0,13,2,1,1769933984,2026-02-01 03:21:21
2124382079594320876,6,3,3,5,1,1769933984,2026-02-01 03:21:21
1899178885660253096,14,10,4,1,1,1769933984,2026-02-01 03:21:21
787fe4b2-6029-4f71-917e-892479d8d64e,4,0,4,13,1,1769933984,2026-02-01 03:21:21
66dd039b-0aca-11e7-82f6-3863bb44ef7c,9,5,4,3,1,1769933985,2026-02-01 03:21:21
53e30d38-a110-42b4-a8f9-ca801a847ac7,36,16,20,4,1,1769933985,2026-02-01 03:21:21
66db7152-0aca-11e7-82f6-3863bb44ef7c,22,8,14,22,1,1769933985,2026-02-01 03:21:21
7a725e59-49be-4c1d-9c3d-3b3a8ed1232f,8,6,2,8,1,1769933986,2026-02-01 03:21:21
66dd1585-0aca-11e7-82f6-3863bb44ef7c,33,1,32,2,1,1769933990,2026-02-01 03:21:21
1b985e4b-88de-42a8-95be-dce37dbbc5c5,7,0,7,15,1,1769933988,2026-02-01 03:21:21
2f580cf9-14e2-4300-ba22-f6d88d0312a5,2,0,2,22,1,1769933992,2026-02-01 03:21:21
74feba30-26a5-4949-b3a0-d6e13ba1a20c,4,2,2,14,1,1769933992,2026-02-01 03:21:21
bc346753-b68a-4cb3-b93f-b0be68227eae,4,1,3,14,1,1769933992,2026-02-01 03:21:21
1815967159287043052,10,1,9,13,1,1769933992,2026-02-01 03:21:21
66de2a00-0aca-11e7-82f6-3863bb44ef7c,15,1,14,7,1,1769933992,2026-02-01 03:21:21
623c9658-5544-4254-847e-738763cf45a3,7,5,2,10,1,1769933992,2026-02-01 03:21:21
e4645d0d-8b76-4c46-b2b9-be25592e0659,4,2,2,17,1,1769933993,2026-02-01 03:21:21
d47c856e-8cda-4da0-b8eb-1ccf0e6ef7ab,1,1,0,27,1,1769933995,2026-02-01 03:21:21
0b94cc1e-2327-4679-99d9-3b21ddc02051,15,4,11,16,1,1769933995,2026-02-01 03:21:21
2143247416766638978,2,0,2,39,1,1769933996,2026-02-01 03:21:21
b4063b76-1abd-465c-96a4-45f6ee016bc5,3,2,1,12,1,1769933995,2026-02-01 03:21:21
66dd4b2b-0aca-11e7-82f6-3863bb44ef7c,1,1,0,43,1,1769933996,2026-02-01 03:21:21
002e6e9f-ced2-47b0-bc7e-ccf38c3b4b0f,3,0,3,15,1,1769933996,2026-02-01 03:21:21
1885442082749874736,2,1,1,17,1,1769933996,2026-02-01 03:21:21
1828969323789472168,12,5,7,0,1,1769933990,2026-02-01 03:21:21
d6834194-029d-4e2d-83b0-ee78ab5acda2,8,2,6,4,1,1769933991,2026-02-01 03:21:21
e612122d-e0fd-4ebf-8d51-0f48f9d1b580,15,0,15,1,1,1769933991,2026-02-01 03:21:21
90c35466-db3c-4b0d-993e-6e92883773b4,52,39,13,11,1,1769933994,2026-02-01 03:21:21
4eb6d6a8-ecc1-4e89-a586-4f96ed3d83e1,3,2,1,21,1,1769933993,2026-02-01 03:21:21
2743a950-3a1f-4a58-8fe0-f4105033e0e3,6,5,1,14,1,1769933994,2026-02-01 03:21:21
c46a2889-258b-4fc5-a452-1d4e7dfe683a,2,0,2,15,1,1769933994,2026-02-01 03:21:21
8fa2fafb-fa07-48b2-b159-bffbea7176d4,1,0,1,18,1,1769933994,2026-02-01 03:21:21
66dd546c-0aca-11e7-82f6-3863bb44ef7c,10,0,9,8,1,1769933993,2026-02-01 03:21:21
0109f17a-2378-4500-9648-88bdb31ec612,30,0,30,0,1,1769933988,2026-02-01 03:21:21
1e83ffdc-8e72-45c0-8210-4f37e60505c9,8,3,5,23,1,1769933993,2026-02-01 03:21:21
66dc41bb-0aca-11e7-82f6-3863bb44ef7c,4,1,3,36,1,1769933993,2026-02-01 03:21:21
1786697003367719132,19,2,16,8,1,1769933989,2026-02-01 03:21:21
66db3606-0aca-11e7-82f6-3863bb44ef7c,12,0,12,41,1,1769933994,2026-02-01 03:21:21
9b70cbe2-25fc-42f8-b6e6-ac21ef248e4b,2,0,2,16,1,1769933994,2026-02-01 03:21:21
1860190006584693708,2,0,2,13,1,1769933994,2026-02-01 03:21:21
66db2db5-0aca-11e7-82f6-3863bb44ef7c,33,0,33,12,1,1769933994,2026-02-01 03:21:21
1786696384892428996,2,0,2,18,1,1769933988,2026-02-01 03:21:21
66de2556-0aca-11e7-82f6-3863bb44ef7c,37,30,7,28,1,1769933991,2026-02-01 03:21:21
4dcff9e7-7cb6-4d3d-ad67-c2e4c05933d3,6,0,6,15,1,1769933991,2026-02-01 03:21:21
d7632897-a6eb-4f8f-9ab2-c66426620fbf,7,0,7,5,1,1769933991,2026-02-01 03:21:21
8ea09819-cd88-4732-b047-c0549f0b370f,19,11,8,6,1,1769933992,2026-02-01 03:21:21
66dbeded-0aca-11e7-82f6-3863bb44ef7c,0,0,0,16,1,1769933993,2026-02-01 03:21:21
c63e9937-cadb-4813-aee3-5fd3fcc93767,2,0,2,17,1,1769933993,2026-02-01 03:21:21
6076e321-85d8-4e0e-ae18-86bb8cbbda1b,14,1,13,1,1,1769933997,2026-02-01 03:21:21
647a2a80-9630-41b0-9b91-1f464b0bf3cc,49,42,7,14,1,1769933997,2026-02-01 03:21:21
2f656bc4-7743-4326-8330-a22bd41d9d17,7,4,3,17,1,1769933997,2026-02-01 03:21:21
66dbf4ac-0aca-11e7-82f6-3863bb44ef7c,6,4,2,31,1,1769933998,2026-02-01 03:21:21
66dcf0b3-0aca-11e7-82f6-3863bb44ef7c,11,5,6,4,1,1769933998,2026-02-01 03:21:21
66de5095-0aca-11e7-82f6-3863bb44ef7c,5,2,3,11,1,1769933997,2026-02-01 03:21:21
1893622839585237496,15,11,4,48,1,1769933997,2026-02-01 03:21:21
66dd491c-0aca-11e7-82f6-3863bb44ef7c,5,3,2,17,1,1769933998,2026-02-01 03:21:21
1869439561831725810,3,0,3,19,1,1769933998,2026-02-01 03:21:21
66de65a4-0aca-11e7-82f6-3863bb44ef7c,3,0,3,17,1,1769933998,2026-02-01 03:21:21
1885439359712500016,0,0,0,23,1,1769933998,2026-02-01 03:21:21
4d79bdb9-7c35-4d35-9f6e-3c1b849c453a,6,3,3,37,1,1769933998,2026-02-01 03:21:21
3d339282-d5c7-41ec-b634-6a988aefd440,4,2,2,11,1,1769933998,2026-02-01 03:21:21
1834145330979754058,2,1,1,24,1,1769933998,2026-02-01 03:21:21
cac843c2-8b21-47bb-a3b9-712f95d7f7aa,15,3,12,0,1,1769933998,2026-02-01 03:21:21
59e3766c-0629-4ff1-a1d9-bc0514a55487,5,2,3,17,1,1769933998,2026-02-01 03:21:21
66dc8b6a-0aca-11e7-82f6-3863bb44ef7c,37,12,25,12,1,1769933998,2026-02-01 03:21:21
45e8c326-b12d-4be6-b040-bb6de9986d25,0,0,0,6,0,1769806128,2026-02-01 03:21:21
2366d8a4-7a49-42f3-9afe-efd2b200336b,8,3,5,12,1,1769933999,2026-02-01 03:21:21
66dc2172-0aca-11e7-82f6-3863bb44ef7c,2,2,0,80,1,1769933999,2026-02-01 03:21:21
66dea894-0aca-11e7-82f6-3863bb44ef7c,28,18,10,7,1,1769933999,2026-02-01 03:21:21
9e5fd5b6-c5f2-4694-9406-a44b7d0146d9,12,8,4,20,1,1769933998,2026-02-01 03:21:21
aa8fc8b7-b66c-41d9-9885-30b8af599378,0,0,0,0,0,86400,2026-02-01 03:21:21
1906248765431831024,0,0,0,0,0,86400,2026-02-01 03:21:21
067d5007-bda5-4697-b0a2-ccc2837f295c,0,0,0,0,0,86400,2026-02-01 03:21:21
1954778813955578360,0,0,0,0,0,86400,2026-02-01 03:21:21
2171904301452603832,0,0,0,0,0,86400,2026-02-01 03:21:21
2124037384760320326,0,0,0,0,0,86400,2026-02-01 03:21:21
2177017859487560566,0,0,0,0,0,86400,2026-02-01 03:21:21
2177015913867375458,0,0,0,0,0,86400,2026-02-01 03:21:21
2176731427905421244,0,0,0,0,0,86400,2026-02-01 03:21:21
2177016650782707004,0,0,0,0,0,86400,2026-02-01 03:21:21
2177017052188360762,0,0,0,0,0,86400,2026-02-01 03:21:21
2177017636303913026,0,0,0,0,0,86400,2026-02-01 03:21:21
490ca6cc-c2a2-4838-acf0-4704ed60dc51,0,0,0,41,0,1769894736,2026-02-01 03:21:21
95a52ce4-3597-47d1-8d6f-427cb3b8ca6a,0,0,0,5,0,1769850423,2026-02-01 03:21:21
88c1303b-3349-4591-bf08-c7e40cf3537a,0,0,0,22,0,1769921048,2026-02-01 03:21:21
1d8e51b0-8131-4c1f-93fb-f04952c157c0,0,0,0,27,0,1769811266,2026-02-01 03:21:21
2b848257-dc2e-4dd0-b840-d5e046972789,0,0,0,10,0,1769830145,2026-02-01 03:21:21
160e21da-6dd2-47ff-8385-e13c8cdce4fa,0,0,0,3,0,1769905200,2026-02-01 03:21:21
fbb2d76c-1d47-4fb1-9c07-622fcace38a5,0,0,0,10,0,1769852698,2026-02-01 03:21:21
0183d7d4-9e11-4429-94db-666a31239871,14,1,13,15,1,1769933891,2026-02-01 03:21:21
9459fca8-b044-4ed1-8f2c-c5db11ba868f,3,0,3,22,1,1769933895,2026-02-01 03:21:21
3134bce7-0bb9-4a45-9c87-60a8cb681d72,3,0,3,13,1,1769933894,2026-02-01 03:21:21
66de1580-0aca-11e7-82f6-3863bb44ef7c,2,1,1,31,1,1769933896,2026-02-01 03:21:21
facb0195-8daa-46e3-95e1-6f22fb678e8a,1,1,0,18,1,1769933896,2026-02-01 03:21:21
1947313784686131504,9,1,8,5,1,1769933896,2026-02-01 03:21:21
42bf7170-61ab-44a0-aafe-1b89d7271718,0,0,0,21,1,1769933892,2026-02-01 03:21:21
b1f3eb8c-07f9-479f-a8ab-f04e094bc7d0,9,1,8,9,1,1769933896,2026-02-01 03:21:21
1786698158713921798,1,0,0,5,0,1769914459,2026-02-01 03:21:21
16cbe771-8fca-4437-b9d2-374e00da6c3a,6,0,6,14,1,1769933898,2026-02-01 03:21:21
66db8c10-0aca-11e7-82f6-3863bb44ef7c,0,0,0,23,0,1769860645,2026-02-01 03:21:21
30985a9c-afe4-4b98-a72c-2c72bb35603e,6,5,1,7,1,1769933899,2026-02-01 03:21:21
78e93937-53d1-4c9b-99ad-0460f908ed2d,4,2,2,7,1,1769933899,2026-02-01 03:21:21
bca594e5-779f-4866-bd6b-818871f97d38,22,2,20,1,1,1769933898,2026-02-01 03:21:21
faf021ad-9de5-44bd-b7f5-48127e8d5fea,19,1,18,0,1,1769933900,2026-02-01 03:21:21
1ddadf67-ae08-4e86-bdda-236629b9eabd,9,9,0,14,1,1769933901,2026-02-01 03:21:21
66dc73b0-0aca-11e7-82f6-3863bb44ef7c,10,5,5,26,1,1769933901,2026-02-01 03:21:21
66db9845-0aca-11e7-82f6-3863bb44ef7c,41,34,6,6,1,1769933899,2026-02-01 03:21:21
dcdaa64b-4d2c-4017-bfb9-da25924f851d,5,3,2,11,1,1769933900,2026-02-01 03:21:21
1861682960046954694,14,11,3,1,1,1769933904,2026-02-01 03:21:21
b3a9057e-7ff6-4117-b96e-e71c173cf1e9,8,0,8,9,1,1769933907,2026-02-01 03:21:21
c01a9c97-6c04-4e3f-ad0b-958801d94ca1,13,0,13,0,1,1769933905,2026-02-01 03:21:21
b90574d1-e9e7-45be-8adb-e38cb285fea5,0,0,0,16,1,1769933902,2026-02-01 03:21:21
fbee1143-e93f-418d-b6bc-8fde4a9a8746,3,0,3,44,1,1769933903,2026-02-01 03:21:21
cae4f2f4-9642-474c-95cc-6cc07592f120,13,10,3,15,1,1769933903,2026-02-01 03:21:21
1794096976946852066,35,19,16,14,1,1769933903,2026-02-01 03:21:21
2e74ea1d-02a0-47bf-9665-dce2d65de8d7,21,6,15,11,1,1769933905,2026-02-01 03:21:21
653ba606-f397-41e6-adc4-f775bf2d0c9f,14,1,13,9,1,1769933905,2026-02-01 03:21:21
1931758629658304788,5,1,4,17,1,1769933908,2026-02-01 03:21:21
8f9ce302-2a6d-443c-8fe0-625b20021ea2,2,1,0,21,1,1769933908,2026-02-01 03:21:21
d56a8542-048a-4aca-ac7f-f27a9e6c908b,4,1,3,18,1,1769933908,2026-02-01 03:21:21
ad037fe2-4a28-4b55-863c-229aada0b43a,5,0,5,13,1,1769933913,2026-02-01 03:21:21
66dc209c-0aca-11e7-82f6-3863bb44ef7c,31,9,22,25,1,1769933913,2026-02-01 03:21:21
66de4408-0aca-11e7-82f6-3863bb44ef7c,4,2,2,17,1,1769933913,2026-02-01 03:21:21
40042fb4-6ddd-4f74-bb52-5af3e4e08c8d,5,1,4,18,1,1769933909,2026-02-01 03:21:21
311269f4-53dc-4f83-b26b-ecb6e8e160ed,2,0,2,17,1,1769933909,2026-02-01 03:21:21
66dc86d9-0aca-11e7-82f6-3863bb44ef7c,1,0,0,0,0,1769933910,2026-02-01 03:21:21
079b5a90-1d2b-40b2-b1e9-71c075f16b89,4,1,3,14,1,1769933912,2026-02-01 03:21:21
66dccd65-0aca-11e7-82f6-3863bb44ef7c,15,0,15,6,1,1769933910,2026-02-01 03:21:21
66dcbb2c-0aca-11e7-82f6-3863bb44ef7c,2,1,1,24,1,1769933910,2026-02-01 03:21:21
66dded11-0aca-11e7-82f6-3863bb44ef7c,29,7,22,2,1,1769933912,2026-02-01 03:21:21
1851955603137491568,13,0,13,17,1,1769933878,2026-02-01 03:21:21
a381b37a-a928-4834-87ee-da9922cb3b3d,23,18,5,5,1,1769933879,2026-02-01 03:21:21
3bfc859b-5c5f-43bc-b2e7-b64ed8ea9ede,0,0,0,12,0,1769790486,2026-02-01 03:21:21
1861681435029604706,5,1,4,14,1,1769933877,2026-02-01 03:21:21
66dbe250-0aca-11e7-82f6-3863bb44ef7c,4,4,0,14,1,1769933877,2026-02-01 03:21:21
c83e1ef5-776e-417e-8ee2-d08ca121f884,1,0,1,16,1,1769933878,2026-02-01 03:21:21
72796825-88b1-43a0-bb6d-2b41d337b1fc,24,2,22,6,1,1769933878,2026-02-01 03:21:21
59f0cb81-e31b-4ba9-9159-3437c52f7505,0,0,0,15,1,1769933878,2026-02-01 03:21:21
8a24490d-d5c5-4bac-9e36-56967834fc10,3,3,0,15,1,1769933880,2026-02-01 03:21:21
5cb3a92d-f284-477c-bf63-ea72d24e8a7d,11,0,11,5,1,1769933878,2026-02-01 03:21:21
1860187692409078310,6,1,5,18,1,1769933922,2026-02-01 03:21:21
66de2201-0aca-11e7-82f6-3863bb44ef7c,19,8,11,2,1,1769933922,2026-02-01 03:21:21
74e104fb-1ddc-4f3e-a60b-220b6c4f300b,8,5,3,0,1,1769933921,2026-02-01 03:21:21
1882735162923150168,20,5,15,3,1,1769933924,2026-02-01 03:21:21
1c82b223-42ba-4d15-8e8a-bd8ae2a57cde,8,8,0,6,1,1769933924,2026-02-01 03:21:21
66ddb595-0aca-11e7-82f6-3863bb44ef7c,2,1,1,16,1,1769933925,2026-02-01 03:21:21
5f0aa684-a1c5-4119-827f-7860f1cd4ccd,1,1,0,22,1,1769933924,2026-02-01 03:21:21
09b00240-4c2a-4900-9d09-f13344461c02,6,1,5,11,1,1769933924,2026-02-01 03:21:21
b94cc90e-9ca2-4471-8371-23be051e0157,0,0,0,73,1,1769933920,2026-02-01 03:21:21
1838617691511229014,0,0,0,19,1,1769933923,2026-02-01 03:21:21
1823008917260927616,15,3,12,7,1,1769933923,2026-02-01 03:21:21
66dd1b65-0aca-11e7-82f6-3863bb44ef7c,2,2,0,51,1,1769933924,2026-02-01 03:21:21
84b30f68-5404-453a-ae86-a2baff03a2c9,1,0,1,17,1,1769933924,2026-02-01 03:21:21
16280b32-7e5b-4a18-930b-212eac10faaa,1,0,1,18,1,1769933923,2026-02-01 03:21:21
1828968691399885056,7,0,7,6,1,1769933923,2026-02-01 03:21:21
bf5a9ad8-6725-4ade-967d-aba612d423bf,7,0,7,16,1,1769933922,2026-02-01 03:21:21
1860189426558126796,0,0,0,12,0,1769928512,2026-02-01 03:21:21
1862787990429630662,2,1,1,16,1,1769933885,2026-02-01 03:21:21
acfeadeb-73bb-4ec3-b809-78675b01af74,0,0,0,16,1,1769933885,2026-02-01 03:21:21
cdb6e2aa-4da3-4ed7-9b13-ce626addf6b0,6,5,1,45,1,1769933883,2026-02-01 03:21:21
35915f48-31c5-499a-b845-2ca2fb541904,11,0,11,25,1,1769933883,2026-02-01 03:21:21
1960020540642077008,17,11,6,25,1,1769933882,2026-02-01 03:21:21
bf093f72-1d8d-44ae-91b5-e36958a27976,8,8,0,12,1,1769933882,2026-02-01 03:21:21
1929513834381415014,8,1,7,12,1,1769933881,2026-02-01 03:21:21
1823008749757202820,11,1,10,10,1,1769933881,2026-02-01 03:21:21
1e590819-53fd-415c-bc28-aed605ad3bcb,2,0,2,14,1,1769933881,2026-02-01 03:21:21
1843486757863039016,12,0,12,1,1,1769933881,2026-02-01 03:21:21
17aeb1e3-fd18-4cf9-9473-17dfa5b0a312,2,2,0,15,1,1769933886,2026-02-01 03:21:21
8ce7325e-d5c7-46f9-9b73-95356e48c3eb,6,1,5,8,1,1769933883,2026-02-01 03:21:21
27c71510-d515-4add-b660-6efd6f225cd1,13,5,8,4,1,1769933890,2026-02-01 03:21:21
c0b541ae-9e66-4739-babb-483180747dc2,3,1,2,13,1,1769933887,2026-02-01 03:21:21
66dbce8a-0aca-11e7-82f6-3863bb44ef7c,47,29,17,3,1,1769933886,2026-02-01 03:21:21
bfea6c5b-2e1a-42c5-8199-2ded6042d57b,6,1,5,18,1,1769933887,2026-02-01 03:21:21
344064f8-e82f-40fb-b235-aff506b77ae5,3,0,3,24,1,1769933888,2026-02-01 03:21:21
66dca6f4-0aca-11e7-82f6-3863bb44ef7c,1,0,1,30,1,1769933888,2026-02-01 03:21:21
a04bf523-3c76-4fad-88bf-e99037f9b796,0,0,0,4,0,1769820753,2026-02-01 03:21:21
88bf1344-354f-4699-bdbd-1c2584fc41ee,5,2,3,18,1,1769933891,2026-02-01 03:21:21
d473f31f-68f2-4777-a364-ed127db04345,3,0,3,12,1,1769933891,2026-02-01 03:21:21
1597ea95-0b6b-425a-8d13-ed86ee0754b5,1,0,1,17,1,1769933919,2026-02-01 03:21:21
66db32fb-0aca-11e7-82f6-3863bb44ef7c,4,1,3,92,1,1769933919,2026-02-01 03:21:21
1838070703178521596,0,0,0,18,1,1769933920,2026-02-01 03:21:21
66dd25e0-0aca-11e7-82f6-3863bb44ef7c,13,10,3,10,1,1769933916,2026-02-01 03:21:21
99d149f9-ad40-461e-beea-fcbf086f9b5a,7,4,3,52,1,1769933917,2026-02-01 03:21:21
0f51cb84-e386-44ac-947f-a969f7617d17,5,2,3,17,1,1769933917,2026-02-01 03:21:21
d5788cfa-817e-4b65-b43f-edda222a3c3c,5,3,2,17,1,1769933917,2026-02-01 03:21:21
56e18295-f760-4bf3-8aa3-5a1e4ebf606f,13,1,12,5,1,1769933917,2026-02-01 03:21:21
18267c09-1916-48d8-951c-caf88c89edd1,2,2,0,16,1,1769933913,2026-02-01 03:21:21
4753c1ba-a86e-431e-94fb-06403cdee4d7,16,6,10,10,1,1769933914,2026-02-01 03:21:21
66dd1ad8-0aca-11e7-82f6-3863bb44ef7c,18,2,16,3,1,1769933915,2026-02-01 03:21:21
058ee86d-ce2a-4597-99f7-f78f082b33e3,0,0,0,18,1,1769933916,2026-02-01 03:21:21
66dbef85-0aca-11e7-82f6-3863bb44ef7c,16,11,5,18,1,1769933916,2026-02-01 03:21:21
1828969851041055492,15,12,3,5,1,1769933915,2026-02-01 03:21:21
e7739b9e-7cc6-4cbb-98d3-669b8e2ae98b,6,0,6,13,1,1769933915,2026-02-01 03:21:21
b1f67e5c-7c26-4bf3-a90e-1500a3160d60,5,0,5,15,1,1769933915,2026-02-01 03:21:21
8cb0375d-bcb2-4c90-9773-41c3c8fdf8d8,8,7,1,70,1,1769933918,2026-02-01 03:21:21
01a1343d-9c7b-4a83-8a5a-a600187f19c4,9,1,8,16,1,1769933918,2026-02-01 03:21:21
b200a8bf-2d79-4511-9a16-ac41e7245622,7,0,7,16,1,1769933918,2026-02-01 03:21:21
1857217122161783302,16,1,15,5,1,1769933918,2026-02-01 03:21:21
66dde079-0aca-11e7-82f6-3863bb44ef7c,3,2,1,40,1,1769933915,2026-02-01 03:21:21
918af7b2-e05c-477a-a8c0-7dcff984c566,7,0,7,24,1,1769933915,2026-02-01 03:21:21
66dc1545-0aca-11e7-82f6-3863bb44ef7c,3,2,1,22,1,1769933927,2026-02-01 03:21:21
c9c09ed0-0a52-4d6a-a999-b0848874e51f,1,1,0,16,1,1769933928,2026-02-01 03:21:21
ed1199e4-d9a6-4d9e-8c81-62bcd7510a11,8,0,8,15,1,1769933928,2026-02-01 03:21:21
66de1b5b-0aca-11e7-82f6-3863bb44ef7c,2,1,1,17,1,1769933928,2026-02-01 03:21:21
24f431ca-c2a5-46be-966b-b8d4c3e4b346,1,1,0,12,1,1769933925,2026-02-01 03:21:21
531e6d94-5f4c-4ef0-9c83-47191be9d8f9,1,1,0,17,1,1769933926,2026-02-01 03:21:21
66dbc6ae-0aca-11e7-82f6-3863bb44ef7c,11,2,9,44,1,1769933925,2026-02-01 03:21:21
2053867202510006310,17,0,17,1,1,1769933926,2026-02-01 03:21:21
1989279523593928720,78,54,23,3,1,1769933929,2026-02-01 03:21:21
1e226f22-034f-4b99-8184-a8eaa591fbd8,9,3,6,36,1,1769933929,2026-02-01 03:21:21
39112ced-337f-4b71-9df6-291cd4265cc9,8,0,8,10,1,1769933929,2026-02-01 03:21:21
9789dc0f-1eb6-4830-bda9-1ce5f1413e19,2,0,2,16,1,1769933928,2026-02-01 03:21:21
66ddb7bf-0aca-11e7-82f6-3863bb44ef7c,11,9,2,18,1,1769933929,2026-02-01 03:21:21
1835249964093653018,3,1,2,20,1,1769933929,2026-02-01 03:21:21
66de871c-0aca-11e7-82f6-3863bb44ef7c,1,1,0,56,1,1769933929,2026-02-01 03:21:21
1846086768160082632,8,4,4,13,1,1769933934,2026-02-01 03:21:21
8c700e85-cfdb-4eef-ba49-53bd69c004ed,8,5,3,10,1,1769933934,2026-02-01 03:21:21
66dde559-0aca-11e7-82f6-3863bb44ef7c,5,5,0,10,1,1769933930,2026-02-01 03:21:21
66dbf667-0aca-11e7-82f6-3863bb44ef7c,51,17,34,2,1,1769933931,2026-02-01 03:21:21
66dd2556-0aca-11e7-82f6-3863bb44ef7c,8,7,1,31,1,1769933935,2026-02-01 03:21:21
66de2131-0aca-11e7-82f6-3863bb44ef7c,3,0,3,22,1,1769933935,2026-02-01 03:21:21
66de1af4-0aca-11e7-82f6-3863bb44ef7c,4,2,1,23,1,1769933933,2026-02-01 03:21:21
bdefa3e3-aa5a-40eb-b7f8-542de55063e9,5,0,5,11,1,1769933933,2026-02-01 03:21:21
21361381-fd4a-44a4-bfa7-61f075192ce9,0,0,0,20,0,1769841015,2026-02-01 03:21:21
968d40e0-2a5b-4f6c-a161-fad1631b609b,2,1,1,12,1,1769933932,2026-02-01 03:21:21
66dc0c53-0aca-11e7-82f6-3863bb44ef7c,5,1,4,14,1,1769933933,2026-02-01 03:21:21
66de07ec-0aca-11e7-82f6-3863bb44ef7c,18,1,17,0,1,1769933947,2026-02-01 03:21:21
9f702c67-b591-4492-ba90-eb3c7e793dad,9,1,8,4,1,1769933947,2026-02-01 03:21:21
2170352212111402482,19,15,4,43,1,1769933947,2026-02-01 03:21:21
581d8683-c217-4f96-89cb-b5a94d780b83,4,1,3,65,1,1769933948,2026-02-01 03:21:21
1860187301567054286,4,1,3,13,1,1769933947,2026-02-01 03:21:21
1869754328201607270,1,0,1,13,1,1769933940,2026-02-01 03:21:21
66dd4de9-0aca-11e7-82f6-3863bb44ef7c,5,5,0,41,1,1769933941,2026-02-01 03:21:21
6fcad2af-c3e2-47a4-8942-023ae4047e67,12,9,3,2,1,1769933940,2026-02-01 03:21:21
de449a58-0edf-4d36-91b4-4b313576e945,8,1,7,6,1,1769933940,2026-02-01 03:21:21
5b0b689f-9bd2-4743-b4cc-d4629a9a709b,20,2,18,1,1,1769933943,2026-02-01 03:21:21
66dd52c8-0aca-11e7-82f6-3863bb44ef7c,2,2,0,37,1,1769933943,2026-02-01 03:21:21
1789e458-c466-4d77-aba6-365f5c3823ed,5,0,5,15,1,1769933943,2026-02-01 03:21:21
9e99abca-c679-4788-9a4e-39066660bd6a,3,1,2,12,1,1769933943,2026-02-01 03:21:21
9505c2b7-0c3a-4791-8471-d2092a86291f,17,0,17,1,1,1769933943,2026-02-01 03:21:21
e6a32ec8-fc8b-4ed6-93a2-3ace3921b89d,14,7,7,7,1,1769933945,2026-02-01 03:21:21
1879859065051787718,8,7,1,4,1,1769933945,2026-02-01 03:21:21
348c5e65-cbc3-4da6-9856-fc253a0ba546,29,4,25,22,1,1769933945,2026-02-01 03:21:21
01f01352-50d4-484e-a611-576b18ac373a,24,6,18,3,1,1769933945,2026-02-01 03:21:21
66dc78c4-0aca-11e7-82f6-3863bb44ef7c,24,17,7,26,1,1769933945,2026-02-01 03:21:21
1817433126359581672,7,0,7,14,1,1769933946,2026-02-01 03:21:21
db02e1ea-acc1-4f45-8e3c-d37468b0b5a6,7,0,7,11,1,1769933946,2026-02-01 03:21:21
9dde927d-9984-4f97-bcd0-fbcb59e6ca66,10,0,10,5,1,1769933944,2026-02-01 03:21:21
1817627670084542818,0,0,0,20,1,1769933944,2026-02-01 03:21:21
4e1a13af-1c3b-48f2-8586-5edceea97d61,0,0,0,17,1,1769933944,2026-02-01 03:21:21
6bc5598a-9eb8-44d2-adc0-d93b93af1924,9,0,9,3,1,1769933943,2026-02-01 03:21:21
b5010362-af16-4357-8fb7-5958576954c0,11,0,11,15,1,1769933944,2026-02-01 03:21:21
c1c33a35-751f-4dd6-baef-82db46f7ab46,5,2,3,26,1,1769933946,2026-02-01 03:21:21
1843486301383097150,1,0,1,24,1,1769933958,2026-02-01 03:21:21
66de2625-0aca-11e7-82f6-3863bb44ef7c,10,2,8,20,1,1769933958,2026-02-01 03:21:21
3c21925c-d68e-497c-b501-982d3eb3e852,10,7,3,4,1,1769933958,2026-02-01 03:21:21
66dea4bf-0aca-11e7-82f6-3863bb44ef7c,29,6,23,5,1,1769933958,2026-02-01 03:21:21
cd4b8e12-b2c7-479b-900d-59cf7d8c4276,9,0,9,0,1,1769933954,2026-02-01 03:21:21
8dc8c0b3-4d70-40fe-a75a-86e30ecb676b,8,0,8,0,1,1769933955,2026-02-01 03:21:21
c0df5c09-2c07-4689-9fe8-36ed81301d7d,0,0,0,22,1,1769933954,2026-02-01 03:21:21
6db97fde-68ae-4d2b-b121-b7c17838bbe7,1,0,1,15,1,1769933955,2026-02-01 03:21:21
66dcf394-0aca-11e7-82f6-3863bb44ef7c,3,1,2,24,1,1769933955,2026-02-01 03:21:21
66de1f17-0aca-11e7-82f6-3863bb44ef7c,14,11,3,4,1,1769933955,2026-02-01 03:21:21
b6a4770e-9077-4a0e-a0fb-b45b1d457559,37,20,17,6,1,1769933955,2026-02-01 03:21:21
aba6e644-3ac8-4cdc-9bc6-763e9d82dee9,11,2,9,9,1,1769933955,2026-02-01 03:21:21
876683ce-9bce-4fad-8d1c-6b331fa07b5c,13,3,10,29,1,1769933955,2026-02-01 03:21:21
9341ee1c-d456-4858-a451-70cbbd73d084,9,1,8,19,1,1769933955,2026-02-01 03:21:21
66dbea8d-0aca-11e7-82f6-3863bb44ef7c,6,0,6,9,1,1769933955,2026-02-01 03:21:21
16e17ca1-b2dc-47d0-8c8b-199cb4736fe7,2,0,2,13,1,1769933956,2026-02-01 03:21:21
66dc3a1a-0aca-11e7-82f6-3863bb44ef7c,9,4,5,43,1,1769933955,2026-02-01 03:21:21
26568d39-db49-4354-a5c1-c81a3c856285,3,0,3,13,1,1769933955,2026-02-01 03:21:21
66dbc8f5-0aca-11e7-82f6-3863bb44ef7c,38,17,21,24,1,1769933957,2026-02-01 03:21:21
66de6100-0aca-11e7-82f6-3863bb44ef7c,22,0,22,5,1,1769933953,2026-02-01 03:21:21
aa8270ec-4441-47d2-854b-5852e65fae66,0,0,0,18,1,1769933954,2026-02-01 03:21:21
66ddb41c-0aca-11e7-82f6-3863bb44ef7c,21,18,3,5,1,1769933956,2026-02-01 03:21:21
3bf91ca1-14fd-4e51-858e-36a203f1af2a,2,2,0,15,1,1769933958,2026-02-01 03:21:21
66dd49eb-0aca-11e7-82f6-3863bb44ef7c,8,6,2,14,1,1769933960,2026-02-01 03:21:21
1869754004195029842,2,2,0,18,1,1769933956,2026-02-01 03:21:21
1877651952425321214,5,0,5,9,1,1769933932,2026-02-01 03:21:21
66db29e6-0aca-11e7-82f6-3863bb44ef7c,6,2,4,5,1,1769933932,2026-02-01 03:21:21
062f0ac2-b3b6-4c15-b470-92ce9b592635,12,0,12,4,1,1769933933,2026-02-01 03:21:21
1828968611856235508,2,1,1,15,1,1769933938,2026-02-01 03:21:21
1814900353536621062,11,5,6,11,1,1769933938,2026-02-01 03:21:21
1d977221-b2b5-4fa2-bba0-b00136834fb3,0,0,0,15,1,1769933939,2026-02-01 03:21:21
66dd4051-0aca-11e7-82f6-3863bb44ef7c,6,1,5,37,1,1769933936,2026-02-01 03:21:21
66dc7b10-0aca-11e7-82f6-3863bb44ef7c,3,0,3,71,1,1769933936,2026-02-01 03:21:21
7a701539-2c10-4abe-803f-525785ebb7fb,9,1,8,9,1,1769933937,2026-02-01 03:21:21
1815967313905864892,7,0,7,8,1,1769933936,2026-02-01 03:21:21
1817432787057164808,13,0,13,6,1,1769933941,2026-02-01 03:21:21
b636a06c-c10e-417a-ac22-14cadb8f8993,5,1,4,8,1,1769933941,2026-02-01 03:21:21
1914337145288845316,16,2,14,6,1,1769933941,2026-02-01 03:21:21
8df41833-c7bf-4171-bdab-58d64f6ade54,15,1,14,1,1,1769933942,2026-02-01 03:21:21
66dd40dd-0aca-11e7-82f6-3863bb44ef7c,6,2,4,17,1,1769933941,2026-02-01 03:21:21
38975061-0d90-43a3-87c1-8905b374d5d9,11,0,11,8,1,1769933941,2026-02-01 03:21:21
66dd4981-0aca-11e7-82f6-3863bb44ef7c,13,2,11,6,1,1769933942,2026-02-01 03:21:21
1945126147213275898,5,0,5,16,1,1769933937,2026-02-01 03:21:21
66dcbefb-0aca-11e7-82f6-3863bb44ef7c,1,1,0,16,1,1769933937,2026-02-01 03:21:21
66db2953-0aca-11e7-82f6-3863bb44ef7c,43,2,41,2,1,1769933940,2026-02-01 03:21:21
17c45d34-0d8d-46ba-9078-e9a2a7c5867c,4,1,3,20,1,1769933940,2026-02-01 03:21:21
d319629d-63cf-4765-9f69-5569f35d6469,3,2,1,14,1,1769933937,2026-02-01 03:21:21
ecb2eebe-67c0-43b8-baae-71abb1a0ec6a,0,0,0,27,1,1769933939,2026-02-01 03:21:21
fdf21800-6106-4739-b7d5-b379b19e5732,5,0,5,9,1,1769933939,2026-02-01 03:21:21
66dc0d3a-0aca-11e7-82f6-3863bb44ef7c,2,1,1,12,1,1769933942,2026-02-01 03:21:21
5adcaaaf-5386-441d-827c-8d65c4f4405e,2,2,0,18,1,1769933953,2026-02-01 03:21:21
66dde2d9-0aca-11e7-82f6-3863bb44ef7c,19,13,6,4,1,1769933953,2026-02-01 03:21:21
bd318c15-5c3d-4e72-9837-3b4bd37707e0,1,1,0,17,1,1769933951,2026-02-01 03:21:21
66de5a47-0aca-11e7-82f6-3863bb44ef7c,0,0,0,12,0,1769890105,2026-02-01 03:21:21
66db3d2a-0aca-11e7-82f6-3863bb44ef7c,22,1,21,35,1,1769933948,2026-02-01 03:21:21
af626e61-9f83-4602-a9b1-038b1c1430e6,13,0,13,6,1,1769933948,2026-02-01 03:21:21
1791472201147965920,15,9,6,43,1,1769933949,2026-02-01 03:21:21
2a47ef14-1cbe-4ec6-841d-cc277627fe20,8,6,2,21,1,1769933952,2026-02-01 03:21:21
1820420129807491554,12,0,12,4,1,1769933952,2026-02-01 03:21:21
138094a0-cd7d-4014-9b21-4fb2afd3980e,12,1,11,12,1,1769933952,2026-02-01 03:21:21
1828967717120678322,8,3,5,11,1,1769933950,2026-02-01 03:21:21
66dd9213-0aca-11e7-82f6-3863bb44ef7c,3,3,0,31,1,1769933950,2026-02-01 03:21:21
66db316a-0aca-11e7-82f6-3863bb44ef7c,7,1,6,6,1,1769933950,2026-02-01 03:21:21
0096fecb-3a56-4585-9204-aa9554f7bc49,14,0,14,31,1,1769933950,2026-02-01 03:21:21
66dd42eb-0aca-11e7-82f6-3863bb44ef7c,4,3,1,54,1,1769933950,2026-02-01 03:21:21
1882736039096477712,18,8,10,12,1,1769933950,2026-02-01 03:21:21
2126624772423916318,4,0,4,5,1,1769933944,2026-02-01 03:21:21
1945125793810207148,3,1,2,15,1,1769933950,2026-02-01 03:21:21
60a061d5-d984-4573-af3c-2054f4f59e94,2,1,1,15,1,1769933950,2026-02-01 03:21:21
66dc7957-0aca-11e7-82f6-3863bb44ef7c,10,7,3,63,1,1769933950,2026-02-01 03:21:21
e35494b4-5811-4d2a-87de-4430e56bce2d,0,0,0,19,1,1769933950,2026-02-01 03:21:21
dba67615-a7e0-4c44-ab1b-b464033ec9b9,5,3,2,6,1,1769933951,2026-02-01 03:21:21
66db6aae-0aca-11e7-82f6-3863bb44ef7c,4,2,2,77,1,1769933953,2026-02-01 03:21:21
b3c8aaaf-6e1c-4f56-9391-b79e883b8009,4,0,4,18,1,1769933960,2026-02-01 03:21:21
1835249854657874848,1,0,1,15,1,1769933960,2026-02-01 03:21:21
66de1448-0aca-11e7-82f6-3863bb44ef7c,6,1,5,14,1,1769933960,2026-02-01 03:21:21
a11a0000-19cf-4053-b3a1-3a5886d7446c,15,0,15,21,1,1769933960,2026-02-01 03:21:21
97bcf094-ad77-4743-9c94-832c7300c090,10,5,5,5,1,1769933960,2026-02-01 03:21:21
a6287af0-9a9e-4708-b61f-8e758be4b914,1,0,1,15,1,1769933961,2026-02-01 03:21:21
6a671276-d345-4a4c-a7df-98f5dbb19e4c,1,0,1,18,1,1769933961,2026-02-01 03:21:21
22ac9559-d7f1-4dcd-ae3e-f6caf586a455,18,11,7,3,1,1769933961,2026-02-01 03:21:21
2126621026154598618,9,2,7,3,1,1769933961,2026-02-01 03:21:21
f6c33f22-d650-4935-a928-fb693a828b5f,0,0,0,20,1,1769933961,2026-02-01 03:21:21
4780d9d1-b886-4e72-9d18-cb152f73e10a,2,1,1,17,1,1769933962,2026-02-01 03:21:21
66db6cd4-0aca-11e7-82f6-3863bb44ef7c,5,1,4,45,1,1769933962,2026-02-01 03:21:21
1828968994833044184,3,1,2,15,1,1769933964,2026-02-01 03:21:21
7d455e9a-20b4-4b03-8248-0d982fdfa21b,3,1,2,14,1,1769933964,2026-02-01 03:21:21
d55dd622-0ced-4e4d-9ea5-2ef2cb6481a9,5,1,4,30,1,1769933965,2026-02-01 03:21:21
1975518396279321266,45,34,10,23,1,1769933963,2026-02-01 03:21:21
2af3ecc3-4f43-468a-a7cc-bb4804ee3e7a,14,13,1,34,1,1769933963,2026-02-01 03:21:21
1822663143025657920,16,2,14,2,1,1769933963,2026-02-01 03:21:21
4cd5a87d-7618-4a15-892d-8cf29eec865c,16,4,12,0,1,1769933963,2026-02-01 03:21:21
66f68197-4897-4576-896a-48e0312104c5,11,0,11,13,1,1769933963,2026-02-01 03:21:21
1875413335585534272,0,0,0,21,1,1769933964,2026-02-01 03:21:21
c2291f8e-3b07-4671-82af-2b947825de4a,28,11,17,20,1,1769933964,2026-02-01 03:21:21
05969d95-8a64-4007-abf1-afb847f2d426,6,2,3,15,1,1769933962,2026-02-01 03:21:21
c38e2cfc-04e6-419c-8bf8-d8713ccf6ea7,0,0,0,5,0,1769858401,2026-02-01 03:21:21
74a1dc19-f894-4246-99f1-476a92452995,1,0,1,21,1,1769933963,2026-02-01 03:21:21
66db3aa3-0aca-11e7-82f6-3863bb44ef7c,21,21,0,22,1,1769933964,2026-02-01 03:21:21
9157a3bc-43fa-4221-8bb8-17273fc09540,18,9,9,1,1,1769933966,2026-02-01 03:21:21
a1cf7115-8e38-4300-aac8-3a2fddca0e23,18,1,17,7,1,1769933966,2026-02-01 03:21:21
454b4a83-d0b1-42a2-8163-261e2a9d6ab9,4,2,2,72,1,1769933969,2026-02-01 03:21:21
49d2cd03-f508-483f-a7c9-7fd450e5e6db,11,1,10,4,1,1769933968,2026-02-01 03:21:21
6853d09a-cbd8-4378-bc23-02e8bba0b4da,2,0,2,17,1,1769933968,2026-02-01 03:21:21
91ca68bd-5ac1-470b-a26d-1ec98ea9cca4,3,0,3,17,1,1769933968,2026-02-01 03:21:21
672d71ab-2c23-4bd2-9ed2-34e54aa4b5b5,1,0,1,13,1,1769933969,2026-02-01 03:21:21
1828968199249922252,1,0,1,18,1,1769933970,2026-02-01 03:21:21
1884599469785421928,22,20,2,3,1,1769933970,2026-02-01 03:21:21
66dd470b-0aca-11e7-82f6-3863bb44ef7c,16,5,11,29,1,1769933966,2026-02-01 03:21:21
1ec7ef9f-ab60-4a64-821d-883ba547273a,3,3,0,15,1,1769933966,2026-02-01 03:21:21
d07790cd-1acd-4f74-b5f1-3d70f8a8a526,5,4,1,18,1,1769933966,2026-02-01 03:21:21
66de5d57-0aca-11e7-82f6-3863bb44ef7c,3,1,2,16,1,1769933966,2026-02-01 03:21:21
dfe2c398-ff5c-4a8d-83c8-fa18801540d8,10,0,10,17,1,1769933966,2026-02-01 03:21:21
412c1416-d15b-4e6a-9691-da4c3cc0d0d2,44,34,10,11,1,1769933966,2026-02-01 03:21:21
e51c8b72-460f-41c2-a5ca-de85d3f46a30,20,7,13,26,1,1769933966,2026-02-01 03:21:21
eef98eb6-f550-49f9-a910-4d2863e6a591,1,1,0,18,1,1769933967,2026-02-01 03:21:21
2126224759932600578,2,2,0,4,1,1769933916,2026-02-01 03:21:21
2121033124458338894,8,0,8,5,1,1769933968,2026-02-01 03:21:21
e71d152c-c2df-4d3e-a9af-139f2529bac6,10,1,9,6,1,1769933970,2026-02-01 03:21:21
e24cb64d-10c2-48db-9440-59e63c0f1c95,15,1,13,9,1,1769933970,2026-02-01 03:21:21
403c310e-26d5-4db5-9928-13c38b25053d,0,0,0,24,1,1769933970,2026-02-01 03:21:21
026fd07d-d810-45dc-9237-a3d84dce4fa9,15,5,10,4,1,1769933970,2026-02-01 03:21:21
4223f276-a4d4-45e0-b914-67f5ef1e81ba,5,2,3,17,1,1769933972,2026-02-01 03:21:21
61be9a4a-737c-413a-9b72-d47b28a366d5,2,1,1,19,1,1769933972,2026-02-01 03:21:21
6fd84197-56e2-47df-849f-701aca0e7cc3,1,0,1,15,1,1769933972,2026-02-01 03:21:21
cbcbd880-9662-4ab1-b530-781bb101ed1f,1,1,0,13,1,1769933967,2026-02-01 03:21:21
c5861c24-5ac1-41df-82f1-31748d03e868,45,36,9,12,1,1769933967,2026-02-01 03:21:21
66db95e5-0aca-11e7-82f6-3863bb44ef7c,25,5,20,11,1,1769933975,2026-02-01 03:21:21
eb6c2359-4825-4bf4-8f2d-8b6dd2bf4212,8,3,5,24,1,1769933975,2026-02-01 03:21:21
66de56e5-0aca-11e7-82f6-3863bb44ef7c,15,1,14,5,1,1769933975,2026-02-01 03:21:21
36ddce8f-bd83-4a05-b601-b526fb4d8628,1,0,1,17,1,1769933975,2026-02-01 03:21:21
1835247352748090208,7,2,5,11,1,1769933975,2026-02-01 03:21:21
1786698815186893280,1,0,0,3,0,1769932956,2026-02-01 03:21:21
1836581628905160976,5,3,2,13,1,1769933975,2026-02-01 03:21:21
1834145064843958330,10,0,10,10,1,1769933975,2026-02-01 03:21:21
66db3cab-0aca-11e7-82f6-3863bb44ef7c,5,2,2,20,1,1769933976,2026-02-01 03:21:21
6c3b486e-603c-4158-91ac-adc06ac01535,14,9,5,9,1,1769933976,2026-02-01 03:21:21
43eac213-4603-4bc2-b6d6-b45013396282,21,9,12,8,1,1769933977,2026-02-01 03:21:21
1828966882896859944,4,1,3,12,1,1769933976,2026-02-01 03:21:21
30d6520e-b612-4240-a9ff-eec12b02b263,7,2,5,14,1,1769933976,2026-02-01 03:21:21
66db3a1e-0aca-11e7-82f6-3863bb44ef7c,6,5,0,7,1,1769933976,2026-02-01 03:21:21
2126225134412534550,11,8,3,1,1,1769933976,2026-02-01 03:21:21
98af0e1d-ea33-4c6e-95fe-97846e81081e,8,5,3,4,1,1769933976,2026-02-01 03:21:21
66db4351-0aca-11e7-82f6-3863bb44ef7c,44,24,19,17,1,1769933976,2026-02-01 03:21:21
2a9e2320-083d-4044-aedf-0c15ecfefe61,1,0,1,22,1,1769933974,2026-02-01 03:21:21
7e7d974c-a6ec-4d9a-b4ed-01a4d2056d8b,1,0,1,17,1,1769933974,2026-02-01 03:21:21
4dde902d-512c-4e9e-8899-a68424ed87c0,15,2,13,16,1,1769933974,2026-02-01 03:21:21
1835250318514342456,10,2,8,16,1,1769933974,2026-02-01 03:21:21
66dc51e9-0aca-11e7-82f6-3863bb44ef7c,11,7,4,32,1,1769933973,2026-02-01 03:21:21
833bc8bc-3c32-4481-9c14-9a88aa7accec,25,19,6,12,1,1769933973,2026-02-01 03:21:21
2126274178538511162,9,1,8,2,1,1769933752,2026-02-01 03:21:21
66dc4bd9-0aca-11e7-82f6-3863bb44ef7c,65,59,6,15,1,1769933972,2026-02-01 03:21:21
50e05a9f-dce6-4315-a10d-1fa786fc18ee,9,2,7,30,1,1769933979,2026-02-01 03:21:21
8fc95e31-b025-4d2b-b5aa-240465366480,5,1,4,9,1,1769933979,2026-02-01 03:21:21
febf420f-bbec-4044-a3af-69959e018ccb,1,1,0,20,1,1769933979,2026-02-01 03:21:21
a4368364-fa79-493c-8478-1d3471a6077f,52,32,20,19,1,1769933980,2026-02-01 03:21:21
add829db-2feb-4e81-af61-056791a6e53b,1,1,0,24,1,1769933978,2026-02-01 03:21:21
66db4158-0aca-11e7-82f6-3863bb44ef7c,31,25,6,5,1,1769933978,2026-02-01 03:21:21
904930bd-2671-4695-9c1a-8a894b041129,37,29,7,17,1,1769933979,2026-02-01 03:21:21
2039088532741595744,34,7,27,8,1,1769933980,2026-02-01 03:21:21
0579ff13-5d5b-4cbd-bc6e-3e9396591aef,5,1,4,13,1,1769933978,2026-02-01 03:21:21
c1144380-c1ac-4315-9b1a-4b4e870ac688,10,2,8,8,1,1769933983,2026-02-01 03:21:21
66dcbdc2-0aca-11e7-82f6-3863bb44ef7c,2,1,1,18,1,1769933983,2026-02-01 03:21:21
2123940513700131194,11,6,5,2,1,1769933983,2026-02-01 03:21:21
de0c1800-f7cc-41b4-ab7a-c9d219180d06,15,3,11,36,1,1769933983,2026-02-01 03:21:21
1817432606668538118,7,7,0,11,1,1769933984,2026-02-01 03:21:21
46a1ff6c-6131-414a-9ef6-65a8db7d305f,0,0,0,21,1,1769933983,2026-02-01 03:21:21
66dc8c90-0aca-11e7-82f6-3863bb44ef7c,5,0,5,13,1,1769933984,2026-02-01 03:21:21
66dba0ba-0aca-11e7-82f6-3863bb44ef7c,9,4,5,30,1,1769933984,2026-02-01 03:21:21
ff2869f0-4381-4cf3-863e-a0d776ec53b4,89,53,36,1,1,1769933984,2026-02-01 03:21:21
1828969417249358046,3,1,2,16,1,1769933985,2026-02-01 03:21:21
20f3a578-4dfa-45ca-a917-b394d77ee08e,17,2,15,6,1,1769933985,2026-02-01 03:21:21
66dcc65c-0aca-11e7-82f6-3863bb44ef7c,0,0,0,14,1,1769933985,2026-02-01 03:21:21
66de47bf-0aca-11e7-82f6-3863bb44ef7c,8,0,8,9,1,1769933982,2026-02-01 03:21:21
2122552934440059494,1,0,1,14,1,1769933968,2026-02-01 03:21:21
66db237e-0aca-11e7-82f6-3863bb44ef7c,4,2,2,48,1,1769933983,2026-02-01 03:21:21
78ec2f0d-c309-46d4-8808-7eb1a0674e38,11,6,5,11,1,1769933983,2026-02-01 03:21:21
66dbc982-0aca-11e7-82f6-3863bb44ef7c,14,7,7,91,1,1769933983,2026-02-01 03:21:21
720c0d64-7828-4dba-bff9-4d99f4e3a9fc,11,3,8,7,1,1769933983,2026-02-01 03:21:21
1900647078394106472,8,2,6,10,1,1769933981,2026-02-01 03:21:21
ab692d1f-5a4a-4fff-b929-013c3a7e8a98,0,0,0,19,1,1769933981,2026-02-01 03:21:21
19002a4c-3229-450b-ad69-76948696e60d,1,1,0,17,1,1769933982,2026-02-01 03:21:21
66db3f01-0aca-11e7-82f6-3863bb44ef7c,2,1,1,44,1,1769933982,2026-02-01 03:21:21
65e7908a-a73e-4f8e-9967-0d0677f62bc4,17,9,8,0,1,1769933985,2026-02-01 03:21:21
2133952475068346460,24,1,23,6,1,1769933986,2026-02-01 03:21:21
66de06ef-0aca-11e7-82f6-3863bb44ef7c,16,1,15,3,1,1769933985,2026-02-01 03:21:21
6067af3d-f7ed-4149-a394-2fc2eb295872,35,15,20,8,1,1769933986,2026-02-01 03:21:21
18d980e5-ba08-4bc3-832e-03eb71865768,14,4,10,4,1,1769933986,2026-02-01 03:21:21
1848241332086049696,0,0,0,21,1,1769933980,2026-02-01 03:21:21
d5ca6311-7471-480f-9c79-38baaafe34ba,2,1,1,26,1,1769933980,2026-02-01 03:21:21
016ee47a-4871-4209-91cb-bf3ceeddc991,1,0,1,16,1,1769933981,2026-02-01 03:21:21
9e9acfaf-0bbf-4bc2-a825-b2befb6bee55,16,5,11,13,1,1769933980,2026-02-01 03:21:21
cd5e7c3e-c618-416a-ae99-b509bd56e1b2,19,8,11,7,1,1769933985,2026-02-01 03:21:21
dd8627c8-4190-4a30-8758-e77a7b010437,13,5,8,27,1,1769933986,2026-02-01 03:21:21
77a498ea-5693-46cc-a4b1-6e428f574797,17,1,16,2,1,1769933986,2026-02-01 03:21:21
66dcca76-0aca-11e7-82f6-3863bb44ef7c,2,0,2,20,1,1769933985,2026-02-01 03:21:21
a35d03cf-bd72-4da4-a4ac-bd25b3f8dce3,8,3,5,8,1,1769933985,2026-02-01 03:21:21
0e82ab9f-8c93-4302-b9df-342f8135a05c,17,0,17,1,1,1769933983,2026-02-01 03:21:21
141ba25c-f4ea-4cec-ae7e-022401e23087,6,0,4,4,1,1769933983,2026-02-01 03:21:21
0f9423bd-98dd-4919-b6e3-28880ff7ecca,1,0,1,15,1,1769933983,2026-02-01 03:21:21
66db30e0-0aca-11e7-82f6-3863bb44ef7c,14,12,2,68,1,1769933986,2026-02-01 03:21:21
c7be2714-14db-421f-a19e-f6a7bf6e8d26,1,0,1,19,1,1769933987,2026-02-01 03:21:21
05c5e17c-7aa9-49b7-9da3-9db4858ec1fc,16,12,4,5,1,1769933986,2026-02-01 03:21:21
b9970fb5-176c-4a66-8772-6d76c4b6245a,3,0,3,15,1,1769933987,2026-02-01 03:21:21
ab79da3d-f92a-42de-a76d-e05b5d7e724c,6,6,0,12,1,1769933987,2026-02-01 03:21:21
3bdd81c8-3112-45e6-ae72-11a3f4fa5921,2,2,0,20,1,1769933987,2026-02-01 03:21:21
66ddeca9-0aca-11e7-82f6-3863bb44ef7c,16,2,14,3,1,1769933988,2026-02-01 03:21:21
ab5585c8-c2cf-4bab-96cf-d02eced4f6e3,5,3,2,38,1,1769933989,2026-02-01 03:21:21
66dd4841-0aca-11e7-82f6-3863bb44ef7c,14,10,4,16,1,1769933990,2026-02-01 03:21:21
7dcc5a03-5997-4250-9207-fa8b6f027c86,11,0,11,16,1,1769933990,2026-02-01 03:21:21
66dcec6b-0aca-11e7-82f6-3863bb44ef7c,5,3,2,25,1,1769933968,2026-02-01 03:21:21
66de27da-0aca-11e7-82f6-3863bb44ef7c,9,4,5,12,1,1769933990,2026-02-01 03:21:21
8603535e-0d7a-4c5b-ae77-27b9f5770bfa,0,0,0,24,1,1769933990,2026-02-01 03:21:21
1978170169761096104,16,3,13,13,1,1769933990,2026-02-01 03:21:21
c05cd2e2-74e8-4526-a62b-d631e005fdd8,15,2,13,13,1,1769933990,2026-02-01 03:21:21
96cf4c1a-db2c-4d4b-af34-c31281b5904b,5,0,5,12,1,1769933988,2026-02-01 03:21:21
c04cef84-3fcd-4fd9-9e40-8e07453dbe19,5,1,4,12,1,1769933991,2026-02-01 03:21:21
29b21bd8-2459-4727-b1f0-d73592db3321,5,1,4,18,1,1769933992,2026-02-01 03:21:21
1b28836b-29fd-47a7-9a98-44cd792918fb,33,12,21,6,1,1769933992,2026-02-01 03:21:21
05b9e7cd-f3a2-4d48-b7c4-f5fbe09d9de3,15,0,15,7,1,1769933993,2026-02-01 03:21:21
1786696251091417274,0,0,0,31,1,1769933988,2026-02-01 03:21:21
66db6387-0aca-11e7-82f6-3863bb44ef7c,76,36,40,15,1,1769933993,2026-02-01 03:21:21
1835246815877178358,4,0,4,12,1,1769933993,2026-02-01 03:21:21
aa120a3a-9f2b-4dfc-a88b-384bbb66838a,9,0,9,10,1,1769933988,2026-02-01 03:21:21
66dbf73d-0aca-11e7-82f6-3863bb44ef7c,21,12,9,3,1,1769933988,2026-02-01 03:21:21
66dd8bd9-0aca-11e7-82f6-3863bb44ef7c,14,6,8,6,1,1769933988,2026-02-01 03:21:21
5d049d4b-0736-4323-834a-1b2454bd6551,5,4,1,17,1,1769933989,2026-02-01 03:21:21
66de1295-0aca-11e7-82f6-3863bb44ef7c,13,4,9,6,1,1769933989,2026-02-01 03:21:21
66db8fde-0aca-11e7-82f6-3863bb44ef7c,40,28,12,5,1,1769933990,2026-02-01 03:21:21
2126622876727162948,5,0,5,5,1,1769933983,2026-02-01 03:21:21
9bd28b11-cf11-4938-abb2-dfa5ec800e32,16,3,13,0,1,1769933991,2026-02-01 03:21:21
ab40ffde-f331-4194-adab-cb8c60b63f28,5,2,3,17,1,1769933991,2026-02-01 03:21:21
daaa3ac1-594c-48d2-9431-a8ced305ed5a,2,0,2,16,1,1769933991,2026-02-01 03:21:21
96a4da57-107a-43d1-8828-4749d5555461,3,0,3,25,1,1769933991,2026-02-01 03:21:21
66dc91b5-0aca-11e7-82f6-3863bb44ef7c,33,17,16,6,1,1769933990,2026-02-01 03:21:21
30a75e12-5327-48f0-8155-3925aa934054,1,0,1,15,1,1769933988,2026-02-01 03:21:21
308e055a-b8aa-447d-8803-8677c88af0ba,7,0,7,9,1,1769933991,2026-02-01 03:21:21
cb04be8e-8edc-4c9d-bfc0-76f94e3a3d9b,23,3,20,13,1,1769933990,2026-02-01 03:21:21
66dde9af-0aca-11e7-82f6-3863bb44ef7c,3,0,3,17,1,1769933988,2026-02-01 03:21:21
1286480d-5d6d-4a47-9fac-e156dba2b6fc,38,23,15,1,1,1769933993,2026-02-01 03:21:21
66de4c32-0aca-11e7-82f6-3863bb44ef7c,13,2,11,9,1,1769933993,2026-02-01 03:21:21
c702c094-b08f-449d-a41d-b3724f147491,9,0,9,11,1,1769933994,2026-02-01 03:21:21
66dc28bd-0aca-11e7-82f6-3863bb44ef7c,10,2,8,31,1,1769933994,2026-02-01 03:21:21
66de20c8-0aca-11e7-82f6-3863bb44ef7c,1,0,1,24,1,1769933995,2026-02-01 03:21:21
9790606b-a00d-4d5e-b6ec-abd11c9d25b3,0,0,0,18,1,1769933995,2026-02-01 03:21:21
89171660-8cef-443f-8f75-67503532d1ce,6,0,6,7,1,1769933995,2026-02-01 03:21:21
1431ec5c-242d-401b-b672-dbf95155999b,1,0,1,15,1,1769933995,2026-02-01 03:21:21
6661108f-28eb-4671-ad0c-36a311d325aa,6,0,6,8,1,1769933995,2026-02-01 03:21:21
d873e463-2dc9-4bf8-86c7-fea8ddaa3a9f,3,0,3,11,1,1769933995,2026-02-01 03:21:21
2126624466406238560,5,0,4,5,1,1769933996,2026-02-01 03:21:21
2c366f4b-8319-41bf-ab8e-2fba3a952feb,4,1,3,37,1,1769933995,2026-02-01 03:21:21
66dbe4db-0aca-11e7-82f6-3863bb44ef7c,59,44,15,14,1,1769933995,2026-02-01 03:21:21
09a0c507-7cda-4f3f-9988-78de0baa28e4,3,1,2,17,1,1769933996,2026-02-01 03:21:21
9e3603ee-2b7d-4147-a7b5-48bbd778902c,30,28,1,26,1,1769933996,2026-02-01 03:21:21
1913995167022829826,15,1,14,3,1,1769933996,2026-02-01 03:21:21
2053884382031338034,3,3,0,39,1,1769933996,2026-02-01 03:21:21
943be327-0320-4ae1-8eb0-8a56f86a4fb6,7,1,6,15,1,1769933996,2026-02-01 03:21:21
08b9c491-a589-4e75-996c-2455c26fb356,4,2,2,16,1,1769933996,2026-02-01 03:21:21
533f25a0-514f-456f-9d87-5fdcb4ee42f4,13,10,3,1,1,1769933997,2026-02-01 03:21:21
66dc36c3-0aca-11e7-82f6-3863bb44ef7c,52,24,28,10,1,1769933996,2026-02-01 03:21:21
2c2cdc55-52a3-4140-b4d3-8409a98f130f,11,1,10,4,1,1769933997,2026-02-01 03:21:21
66dbf442-0aca-11e7-82f6-3863bb44ef7c,6,1,5,66,1,1769933997,2026-02-01 03:21:21
72196024-6f2b-45cb-9764-609911c7dc0b,0,0,0,0,0,1769933997,2026-02-01 03:21:21
1861680103893703034,2,2,0,17,1,1769933997,2026-02-01 03:21:21
66db6e49-0aca-11e7-82f6-3863bb44ef7c,9,3,6,31,1,1769933997,2026-02-01 03:21:21
10c13fe2-34cb-4aff-bea1-4f5ce877769b,10,1,9,7,1,1769933998,2026-02-01 03:21:21
6f484a9d-c535-451e-a18f-f3afdc0a27af,29,15,14,8,1,1769933997,2026-02-01 03:21:21
897e8739-ee1d-4b2e-b151-ad7e64e87697,11,1,10,11,1,1769933998,2026-02-01 03:21:21
66dcf897-0aca-11e7-82f6-3863bb44ef7c,12,5,7,13,1,1769933997,2026-02-01 03:21:21
1960020817312746312,45,23,22,64,1,1769933998,2026-02-01 03:21:21
1836581714456697424,8,0,8,13,1,1769933998,2026-02-01 03:21:21
1862788101231526152,15,4,11,12,1,1769933998,2026-02-01 03:21:21
1846449740982645546,10,1,9,5,1,1769933998,2026-02-01 03:21:21
557f8d40-dec1-4c61-bd03-a0d1a6ea0e4b,17,1,16,5,1,1769933998,2026-02-01 03:21:21
e15a5c77-70b0-4b9d-9eae-f10ddda7d994,1,1,0,17,1,1769933998,2026-02-01 03:21:21
7efcb97f-6c8f-4445-86a9-3f758a822f17,3,3,0,29,1,1769933998,2026-02-01 03:21:21
66de1a8a-0aca-11e7-82f6-3863bb44ef7c,2,1,1,14,1,1769933998,2026-02-01 03:21:21
4fb1ee23-4511-47c4-8698-0c46673dc86c,0,0,0,18,0,1769932664,2026-02-01 03:21:21
d7c56fef-1bf9-4315-85af-8638c534b402,0,0,0,5,0,1769825344,2026-02-01 03:21:21
1861681740276243358,0,0,0,2,0,1769805304,2026-02-01 03:21:21
fc774664-3c9b-4a8f-a79e-f6907db00a1d,0,0,0,22,0,1769797742,2026-02-01 03:21:21
70634bc4-4d90-42d4-8f6a-3f29fa8f7f77,0,0,0,11,0,1769707198,2026-02-01 03:21:21
1905394575114219798,0,0,0,11,0,1769868163,2026-02-01 03:21:21
3d6b7c84-7e5a-454d-aa9d-c66eb92383be,0,0,0,19,0,1769856530,2026-02-01 03:21:21
8ec47777-852d-4059-a5ea-12eef71a9606,0,0,0,0,0,1769913343,2026-02-01 03:21:21
c6c10756-ef41-491a-8e6c-ee0aa27b8cbe,0,0,0,18,0,1769831123,2026-02-01 03:21:21
a68acb0c-4244-416a-bf59-ca55d3120cdd,0,0,0,1,0,1769844962,2026-02-01 03:21:21
7af717b9-99ce-4cce-94b4-b445a40537a1,0,0,0,1,0,1769931579,2026-02-01 03:21:21
5864d88d-a0fd-40ad-beee-896118d9360d,0,0,0,3,0,1769931422,2026-02-01 03:21:21
1835250080052323168,0,0,0,0,0,86400,2026-02-01 03:21:21
2171903032377767128,0,0,0,0,0,86400,2026-02-01 03:21:21
2171903970740122034,0,0,0,0,0,86400,2026-02-01 03:21:21
2177015115528916668,0,0,0,0,0,86400,2026-02-01 03:21:21
2177015776583073844,0,0,0,0,0,86400,2026-02-01 03:21:21
2177017159407891310,0,0,0,0,0,86400,2026-02-01 03:21:21
2177015450536365760,0,0,0,0,0,86400,2026-02-01 03:21:21
2177015274071900204,0,0,0,0,0,86400,2026-02-01 03:21:21
2177016197335217002,0,0,0,0,0,86400,2026-02-01 03:21:21
2171902607371571344,0,0,0,0,0,86400,2026-02-01 03:21:21
2171903385631266470,0,0,0,0,0,86400,2026-02-01 03:21:21
1845676917264180046,0,0,0,9,0,1769922134,2026-02-01 03:21:21
1857515306802639416,11,0,11,9,1,1769933877,2026-02-01 03:21:21
5782a158-b596-4936-a451-32ccc131a57d,2,1,1,16,1,1769933878,2026-02-01 03:21:21
66dbf140-0aca-11e7-82f6-3863bb44ef7c,58,33,25,2,1,1769933879,2026-02-01 03:21:21
1808184356986544410,5,2,3,24,1,1769933882,2026-02-01 03:21:21
699d3378-6ea8-465f-888b-c49c60089ce8,0,0,0,16,1,1769933882,2026-02-01 03:21:21
66dde703-0aca-11e7-82f6-3863bb44ef7c,6,0,6,18,1,1769933880,2026-02-01 03:21:21
1b962833-d769-418e-b1ef-5a183bb5eb1a,9,4,5,8,1,1769933880,2026-02-01 03:21:21
74f913d2-6eac-49ce-bd6d-53a06fa855a6,9,0,9,5,1,1769933883,2026-02-01 03:21:21
66dbeb1b-0aca-11e7-82f6-3863bb44ef7c,8,4,4,29,1,1769933883,2026-02-01 03:21:21
3ac7b47b-2253-4a0b-bf7d-8a2eb6b78a38,15,3,12,18,1,1769933884,2026-02-01 03:21:21
0e405c35-322f-4705-8ea7-769eb3fd028a,3,1,2,8,1,1769933890,2026-02-01 03:21:21
d7c12bf1-1ec8-496a-beca-90ba76c53241,1,0,1,16,1,1769933890,2026-02-01 03:21:21
89d4a926-f1ae-4bf2-bf2d-59cff3881579,0,0,0,11,0,1769389491,2026-02-01 03:21:21
c1e24edf-7192-433f-8d38-be5b6b3647c5,4,2,2,18,1,1769933891,2026-02-01 03:21:21
66db2f4c-0aca-11e7-82f6-3863bb44ef7c,4,3,1,70,1,1769933886,2026-02-01 03:21:21
1848242143834868452,10,2,8,2,1,1769933886,2026-02-01 03:21:21
1862787688044743624,0,0,0,8,0,1769919230,2026-02-01 03:21:21
2527619f-ef89-425c-bf3b-60cc0ec519bf,19,7,12,30,1,1769933880,2026-02-01 03:21:21
d5cb6e67-addb-46d4-93e7-832371736d45,12,0,12,19,1,1769933887,2026-02-01 03:21:21
ab29ce96-c2e8-4929-b27b-e0fe4aae17d5,5,0,5,11,1,1769933888,2026-02-01 03:21:21
76c1ef9c-3984-4b4e-bff4-5c398e2395bd,1,1,0,18,1,1769933878,2026-02-01 03:21:21
c0ce2a38-04f5-4333-8818-2a3faa84f214,20,0,20,2,1,1769933885,2026-02-01 03:21:21
66de1a1f-0aca-11e7-82f6-3863bb44ef7c,0,0,0,28,0,1769808479,2026-02-01 03:21:21
0df3a035-5a38-4ec2-826a-0a5376e8d8a0,2,1,1,19,1,1769933888,2026-02-01 03:21:21
66dc462a-0aca-11e7-82f6-3863bb44ef7c,51,48,3,7,1,1769933891,2026-02-01 03:21:21
1891277309535701686,3,2,1,18,1,1769933892,2026-02-01 03:21:21
0575e356-72f4-4251-8e15-574cf60bd190,7,1,6,7,1,1769933893,2026-02-01 03:21:21
4aa6bb27-b76b-444e-a3ce-6fb25b822494,0,0,0,20,1,1769933894,2026-02-01 03:21:21
3d835eaa-a102-42c5-b6c0-2c693b1d0677,9,6,3,34,1,1769933894,2026-02-01 03:21:21
44a43ebf-cacf-4251-9ceb-e1c331ef1673,1,0,1,15,1,1769933895,2026-02-01 03:21:21
66dc7e75-0aca-11e7-82f6-3863bb44ef7c,2,1,1,64,1,1769933895,2026-02-01 03:21:21
00d3e65e-b614-4408-aaa9-939ed96ce645,36,31,5,6,1,1769933896,2026-02-01 03:21:21
66dcb9f7-0aca-11e7-82f6-3863bb44ef7c,1,0,1,22,1,1769933892,2026-02-01 03:21:21
606c7384-75e9-4988-858a-07b88b3a9413,15,1,14,17,1,1769933892,2026-02-01 03:21:21
66dde7dc-0aca-11e7-82f6-3863bb44ef7c,2,2,0,16,1,1769933892,2026-02-01 03:21:21
66ddbdb1-0aca-11e7-82f6-3863bb44ef7c,4,3,1,16,1,1769933877,2026-02-01 03:21:21
66dbcb2f-0aca-11e7-82f6-3863bb44ef7c,31,20,11,15,1,1769933892,2026-02-01 03:21:21
66dc11a7-0aca-11e7-82f6-3863bb44ef7c,38,12,26,34,1,1769933898,2026-02-01 03:21:21
66dea8ff-0aca-11e7-82f6-3863bb44ef7c,0,0,0,36,0,1769921894,2026-02-01 03:21:21
16c54bf4-194b-4f26-9c49-a42901b4748d,11,5,6,12,1,1769933901,2026-02-01 03:21:21
0e240143-2f86-4754-8345-4994750d99f1,11,1,10,5,1,1769933900,2026-02-01 03:21:21
66dcc44a-0aca-11e7-82f6-3863bb44ef7c,6,3,3,11,1,1769933900,2026-02-01 03:21:21
2ec1235f-a043-4e3a-9ba1-56f7dd4624b7,8,2,6,11,1,1769933897,2026-02-01 03:21:21
c466f15e-715f-411e-904e-1a71fb574cdd,55,30,25,4,1,1769933896,2026-02-01 03:21:21
49f86083-851b-475d-b9ab-64e01b81f725,4,2,2,18,1,1769933897,2026-02-01 03:21:21
06e5447e-35b8-45cb-b3bb-937791a6f8ae,10,2,8,7,1,1769933896,2026-02-01 03:21:21
822d96e8-fb6c-463a-b866-aec9e408ad5e,14,2,12,1,1,1769933895,2026-02-01 03:21:21
1828967208126648828,4,0,4,15,1,1769933902,2026-02-01 03:21:21
676b7b4d-b1c0-4c97-8ac3-5fe665e51108,0,0,0,22,1,1769933903,2026-02-01 03:21:21
3893eeef-06a8-47b1-95f2-a85454f7d5c9,1,0,1,20,1,1769933900,2026-02-01 03:21:21
3e4a2c26-7527-469c-b4f4-1ef8d40fd20d,3,0,3,11,1,1769933896,2026-02-01 03:21:21
36aaebb9-ef10-41a5-b20b-753bf8a3fed8,1,1,0,16,1,1769933904,2026-02-01 03:21:21
92ffa9d6-8cb1-44cf-8059-391b03d58071,0,0,0,25,1,1769933901,2026-02-01 03:21:21
1963272613486484230,55,40,15,9,1,1769933909,2026-02-01 03:21:21
d9160982-2d9b-4f08-9469-a559a7b62809,6,3,3,75,1,1769933909,2026-02-01 03:21:21
66dd4423-0aca-11e7-82f6-3863bb44ef7c,24,20,3,2,1,1769933909,2026-02-01 03:21:21
1846086263936934630,13,1,12,1,1,1769933909,2026-02-01 03:21:21
66dc7802-0aca-11e7-82f6-3863bb44ef7c,1,1,0,47,1,1769933909,2026-02-01 03:21:21
3b530cff-dd26-4cfd-b570-a85fd53354fe,22,7,15,14,1,1769933908,2026-02-01 03:21:21
266c8621-fdea-4a7e-9d35-18ca1684d526,4,0,4,14,1,1769933907,2026-02-01 03:21:21
0e3dedfb-df10-4900-a67b-95349a81bc5c,13,2,11,2,1,1769933906,2026-02-01 03:21:21
1960021056359127624,1,1,0,16,1,1769933907,2026-02-01 03:21:21
66db5d92-0aca-11e7-82f6-3863bb44ef7c,0,0,0,19,1,1769933910,2026-02-01 03:21:21
de97a7d0-fbb3-4c13-ba6a-2bbd441751fe,5,0,5,13,1,1769933911,2026-02-01 03:21:21
f3525aa7-9d69-4ea2-9278-4df92db1afa1,8,2,6,9,1,1769933905,2026-02-01 03:21:21
1984510483573713186,3,1,2,56,1,1769933881,2026-02-01 03:21:21
2126621627432855870,5,0,5,4,1,1769933907,2026-02-01 03:21:21
981f1311-004f-41c3-ba5b-3679f78aeb70,15,1,14,1,1,1769933905,2026-02-01 03:21:21
b1cdec34-d4f9-4313-be82-729bb9f7bb18,4,0,4,16,1,1769933909,2026-02-01 03:21:21
bcd3ee0f-21d7-4cc8-ac45-ccea48b6fc1b,10,8,2,9,1,1769933918,2026-02-01 03:21:21
7155b0a6-2545-4b02-ae8c-9c0c4220f8c3,0,0,0,19,1,1769933918,2026-02-01 03:21:21
66de4b0b-0aca-11e7-82f6-3863bb44ef7c,11,0,11,11,1,1769933918,2026-02-01 03:21:21
66dd9dba-0aca-11e7-82f6-3863bb44ef7c,13,13,0,21,1,1769933913,2026-02-01 03:21:21
ee70b21e-4a95-4bdf-802c-50f83a76971d,6,0,6,18,1,1769933913,2026-02-01 03:21:21
b79bb851-130f-473d-83fc-f602aa0a4ca9,0,0,0,20,1,1769933913,2026-02-01 03:21:21
66db72f1-0aca-11e7-82f6-3863bb44ef7c,31,19,12,14,1,1769933916,2026-02-01 03:21:21
298d4e45-c6d2-45f1-a07a-11606026a6e4,6,2,4,17,1,1769933912,2026-02-01 03:21:21
66de077f-0aca-11e7-82f6-3863bb44ef7c,7,4,3,40,1,1769933912,2026-02-01 03:21:21
8c2ed08f-1660-4db8-9168-4709427c23ed,1,0,1,14,1,1769933912,2026-02-01 03:21:21
1828966747840428256,5,0,5,7,1,1769933912,2026-02-01 03:21:21
5a6218aa-c5b7-4436-93c1-dee7cb5322d9,10,7,3,8,1,1769933915,2026-02-01 03:21:21
1861680383828308814,3,3,0,10,1,1769933890,2026-02-01 03:21:21
c229f0ca-bdd1-4aa0-8906-a3e809e12889,10,0,10,12,1,1769933886,2026-02-01 03:21:21
c4377169-c19e-47e1-90a4-c4e14bb41601,7,1,6,15,1,1769933916,2026-02-01 03:21:21
1826348745879909352,12,1,11,3,1,1769933916,2026-02-01 03:21:21
1828969634783171152,14,1,13,2,1,1769933923,2026-02-01 03:21:21
e36b5913-8e46-4c2a-b9be-73bdf8ee548b,9,7,2,43,1,1769933923,2026-02-01 03:21:21
3fed8016-0be0-47f5-8663-2e850ec47288,16,0,16,1,1,1769933923,2026-02-01 03:21:21
814dd1a9-100c-4b1b-8110-6319bbd464e9,2,0,2,18,1,1769933924,2026-02-01 03:21:21
3575749f-123a-4a80-870d-7ca7c7f9c8a9,1,1,0,24,1,1769933924,2026-02-01 03:21:21
6ff2eec8-2b72-490a-b1c3-f9892ab3a724,0,0,0,45,1,1769933924,2026-02-01 03:21:21
66dc7c31-0aca-11e7-82f6-3863bb44ef7c,22,18,4,13,1,1769933920,2026-02-01 03:21:21
0f6fd186-656a-41b3-ba4a-456d22da177c,16,6,10,8,1,1769933919,2026-02-01 03:21:21
116dbc02-a3c1-4b65-9f73-2a09a2aa1379,50,22,28,11,1,1769933893,2026-02-01 03:21:21
f8c1c90f-4ec0-44bd-b097-cfafc887744d,31,1,30,1,1,1769933921,2026-02-01 03:21:21
c8197f4b-02b0-4cc3-96af-df5fec27a279,0,0,0,16,1,1769933923,2026-02-01 03:21:21
66de18d7-0aca-11e7-82f6-3863bb44ef7c,12,0,12,2,1,1769933924,2026-02-01 03:21:21
e0a9ed84-55f9-40f5-90fa-87db17d2f933,13,0,13,3,1,1769933925,2026-02-01 03:21:21
3ac37967-e174-421a-bfeb-d02249fb1266,6,5,1,16,1,1769933925,2026-02-01 03:21:21
66dbf215-0aca-11e7-82f6-3863bb44ef7c,26,7,19,7,1,1769933925,2026-02-01 03:21:21
914e3e7c-87da-4f52-aa03-5449c6361fa2,3,1,2,11,1,1769933893,2026-02-01 03:21:21
b43ecf62-4c9d-4b06-ac9a-5837084f769f,2,0,2,19,1,1769933927,2026-02-01 03:21:21
66db3898-0aca-11e7-82f6-3863bb44ef7c,10,9,1,11,1,1769933929,2026-02-01 03:21:21
1875395639434791520,0,0,0,18,1,1769933929,2026-02-01 03:21:21
8d8a381c-21df-4095-837e-65924d85a06d,0,0,0,18,1,1769933929,2026-02-01 03:21:21
0b857ee5-3d10-4152-952e-95fbaf06677a,1,1,0,22,1,1769933929,2026-02-01 03:21:21
1fba77e2-66ab-4e9c-9f9a-4ec4f11fd80b,3,1,2,22,1,1769933929,2026-02-01 03:21:21
b83b2a73-af8e-4b82-b61e-aeaaf075fbe2,0,0,0,23,1,1769933929,2026-02-01 03:21:21
66dc176f-0aca-11e7-82f6-3863bb44ef7c,54,44,10,8,1,1769933929,2026-02-01 03:21:21
5b4a90b8-426d-4a40-a7ca-87e51d690883,8,7,1,23,1,1769933925,2026-02-01 03:21:21
66db4417-0aca-11e7-82f6-3863bb44ef7c,39,30,9,0,1,1769933926,2026-02-01 03:21:21
1856767555236917834,17,2,15,3,1,1769933926,2026-02-01 03:21:21
16836c76-c412-4ec3-bac8-3c6a5a3d9745,6,5,1,14,1,1769933928,2026-02-01 03:21:21
1846086562569586930,7,1,6,8,1,1769933928,2026-02-01 03:21:21
f0115d11-c678-4274-8bb7-d486dbb63361,10,0,10,2,1,1769933928,2026-02-01 03:21:21
93e2e1a5-49c5-41f8-a6bf-b399b6a5140d,25,5,20,40,1,1769933926,2026-02-01 03:21:21
1890927910885612334,18,2,16,0,1,1769933926,2026-02-01 03:21:21
66dd4f9b-0aca-11e7-82f6-3863bb44ef7c,1,0,0,8,0,1769848869,2026-02-01 03:21:21
039d4cc9-8560-4d22-88c3-20753c54a50f,0,0,0,16,0,1769856688,2026-02-01 03:21:21
f42b3158-3f78-4a62-964a-8cc554d69c35,11,0,11,1,1,1769933936,2026-02-01 03:21:21
9b0c2c99-214f-4e15-b476-1626c03a9e4e,30,15,15,26,1,1769933931,2026-02-01 03:21:21
272c0389-5e4a-41a9-ad6c-2dccdfa55af9,2,2,0,22,1,1769933931,2026-02-01 03:21:21
1857217349795049790,0,0,0,11,0,1769851506,2026-02-01 03:21:21
1828968462257099768,1,1,0,18,1,1769933934,2026-02-01 03:21:21
1817803079955479336,8,0,8,10,1,1769933934,2026-02-01 03:21:21
06109e92-4363-445a-9743-0457f6799530,10,1,9,62,1,1769933932,2026-02-01 03:21:21
f6143531-4a16-4aac-9b55-573ef7ef162e,3,1,2,14,1,1769933932,2026-02-01 03:21:21
1861683217585879154,21,3,18,11,1,1769933936,2026-02-01 03:21:21
1835249448692130546,5,0,5,12,1,1769933936,2026-02-01 03:21:21
66dbefee-0aca-11e7-82f6-3863bb44ef7c,3,2,1,10,1,1769933936,2026-02-01 03:21:21
8dfff4bd-0f3c-43af-bc55-a63850f66c6b,8,4,4,7,1,1769933936,2026-02-01 03:21:21
66dbc745-0aca-11e7-82f6-3863bb44ef7c,5,4,1,32,1,1769933934,2026-02-01 03:21:21
1913990214925537808,16,6,10,5,1,1769933934,2026-02-01 03:21:21
1869439170989701358,18,1,17,0,1,1769933934,2026-02-01 03:21:21
66dbecd0-0aca-11e7-82f6-3863bb44ef7c,2,1,1,43,1,1769933934,2026-02-01 03:21:21
66db460d-0aca-11e7-82f6-3863bb44ef7c,0,0,0,0,0,1769933939,2026-02-01 03:21:21
566935d6-4d66-4b42-9822-f2a816e357b9,5,4,1,21,1,1769933939,2026-02-01 03:21:21
f365afa3-e8a5-439d-975d-6c2b064f30df,6,0,6,19,1,1769933940,2026-02-01 03:21:21
26599393-b967-44a6-a998-cb72ca53cd9e,8,1,7,10,1,1769933938,2026-02-01 03:21:21
8b830188-101e-44bf-a755-5e6c611e3edc,19,0,19,3,1,1769933938,2026-02-01 03:21:21
0258da92-f770-4acc-b20b-91b78aff791e,17,0,17,3,1,1769933939,2026-02-01 03:21:21
13b82a41-c25b-428f-a07b-5f5d8340c6f2,0,0,0,18,1,1769933939,2026-02-01 03:21:21
1835244925191295588,0,0,0,22,1,1769933942,2026-02-01 03:21:21
a7c09fde-76e8-4a56-b61d-8ca940432efd,6,2,4,12,1,1769933942,2026-02-01 03:21:21
66dc1702-0aca-11e7-82f6-3863bb44ef7c,22,15,7,38,1,1769933942,2026-02-01 03:21:21
dfb8b9c8-3006-4b76-963a-95f7471dc0a8,10,0,10,3,1,1769933940,2026-02-01 03:21:21
3d340fc5-8c86-4d5e-974d-ae28958e61e8,39,28,11,8,1,1769933940,2026-02-01 03:21:21
1861681959015615218,2,2,0,23,1,1769933941,2026-02-01 03:21:21
08bf2fe0-219d-48cd-87c5-6163b3a2eafd,8,6,2,13,1,1769933941,2026-02-01 03:21:21
5ffde991-1125-443e-bc97-6827b2b9c97b,17,0,17,1,1,1769933943,2026-02-01 03:21:21
186092d1-a431-45db-8198-d5ba13334d79,12,0,12,8,1,1769933939,2026-02-01 03:21:21
66dc7d58-0aca-11e7-82f6-3863bb44ef7c,29,8,21,38,1,1769933944,2026-02-01 03:21:21
a82599ce-99ca-4670-8053-baada198034a,49,5,44,3,1,1769933945,2026-02-01 03:21:21
e25f8dee-c110-489f-a978-464ac5c84ca2,13,0,13,7,1,1769933945,2026-02-01 03:21:21
82b97827-1801-4b7b-b3de-16447a8dd025,2,1,1,16,1,1769933945,2026-02-01 03:21:21
eab2749b-2f79-4797-a0a6-0579b27e6929,22,5,17,15,1,1769933945,2026-02-01 03:21:21
ba7bf20d-b6bc-43dd-bf30-acb940eaeec8,0,0,0,15,1,1769933946,2026-02-01 03:21:21
0e8bfd72-c494-4d3e-85e2-4f98b801fe3b,1,0,1,17,1,1769933945,2026-02-01 03:21:21
28a2436d-a52b-4fa4-874c-e096012a926d,9,8,1,4,1,1769933946,2026-02-01 03:21:21
9d56294e-61fc-4176-bb9c-4692f45bb374,16,3,13,0,1,1769933946,2026-02-01 03:21:21
66de602e-0aca-11e7-82f6-3863bb44ef7c,39,1,38,0,1,1769933947,2026-02-01 03:21:21
b16e9f3f-9b07-486f-a1ca-c76030f5ea64,11,4,7,9,1,1769933949,2026-02-01 03:21:21
66dc8d1d-0aca-11e7-82f6-3863bb44ef7c,2,0,2,53,1,1769933949,2026-02-01 03:21:21
bdc116cd-4d63-4693-846c-ec5073314007,6,3,3,9,1,1769933947,2026-02-01 03:21:21
b4ae292d-5e89-4c58-8154-0496893394b5,1,0,1,19,1,1769933935,2026-02-01 03:21:21
66ddd545-0aca-11e7-82f6-3863bb44ef7c,64,49,15,5,1,1769933885,2026-02-01 03:21:21
1838999304404452058,12,0,12,2,1,1769933947,2026-02-01 03:21:21
dee5a590-7cda-465e-8351-b0622a5e2ad3,5,0,5,12,1,1769933944,2026-02-01 03:21:21
32d3adc3-c3dd-4a97-a4db-95d467f3c3aa,15,11,4,14,1,1769933948,2026-02-01 03:21:21
7c7cb750-6613-48a4-bfae-9240968f1fad,14,8,6,24,1,1769933948,2026-02-01 03:21:21
1797078913880883846,2,2,0,15,1,1769933936,2026-02-01 03:21:21
9be6c750-85b6-4e81-bace-1a8ffe941d7b,11,9,2,7,1,1769933949,2026-02-01 03:21:21
66dde271-0aca-11e7-82f6-3863bb44ef7c,3,1,2,30,1,1769933948,2026-02-01 03:21:21
66db728c-0aca-11e7-82f6-3863bb44ef7c,25,9,16,26,1,1769933947,2026-02-01 03:21:21
66de0dfd-0aca-11e7-82f6-3863bb44ef7c,7,5,2,32,1,1769933949,2026-02-01 03:21:21
36d80620-9774-487e-8eb0-cf5f18a39321,0,0,0,21,0,1769866103,2026-02-01 03:21:21
b7af52d2-fd23-4970-8513-be7c681480c4,40,24,17,2,1,1769933954,2026-02-01 03:21:21
8066575c-f8e9-4e14-95ea-8d25ceeae2ca,8,3,5,21,1,1769933954,2026-02-01 03:21:21
66dcc3e5-0aca-11e7-82f6-3863bb44ef7c,2,1,1,19,1,1769933951,2026-02-01 03:21:21
1abd4668-ed6b-4930-8177-17239ae75a9e,2,0,2,17,1,1769933951,2026-02-01 03:21:21
1885440410432338078,0,0,0,20,1,1769933951,2026-02-01 03:21:21
f3f46097-54cf-4c30-805a-6b2a4851eed7,0,0,0,24,1,1769933951,2026-02-01 03:21:21
66dc8025-0aca-11e7-82f6-3863bb44ef7c,17,12,5,49,1,1769933948,2026-02-01 03:21:21
d29ea280-8b64-4a35-b12b-245525ae2a3a,9,1,8,42,1,1769933953,2026-02-01 03:21:21
1856767361963389606,9,2,7,0,1,1769933953,2026-02-01 03:21:21
66de4336-0aca-11e7-82f6-3863bb44ef7c,2,2,0,26,1,1769933953,2026-02-01 03:21:21
66dd4356-0aca-11e7-82f6-3863bb44ef7c,6,3,3,26,1,1769933954,2026-02-01 03:21:21
1849010295160437584,11,7,4,0,1,1769933954,2026-02-01 03:21:21
c7dbc7b5-240b-494d-8663-dbee4103a20c,0,0,0,19,1,1769933955,2026-02-01 03:21:21
9eb98b3b-ea35-483f-91f6-d90c506152db,9,0,9,12,1,1769933934,2026-02-01 03:21:21
1880644037244334512,13,7,6,7,1,1769933950,2026-02-01 03:21:21
33af8810-cda5-4b61-9c38-0235f9d59aaa,20,1,19,7,1,1769933960,2026-02-01 03:21:21
2124425954553309758,7,4,3,1,1,1769933961,2026-02-01 03:21:21
1967778612889039234,4,4,0,24,1,1769933961,2026-02-01 03:21:21
66dcecfa-0aca-11e7-82f6-3863bb44ef7c,1,1,0,26,1,1769933961,2026-02-01 03:21:21
b53b5e8f-9503-48d1-b3e3-9347ecef38e2,9,1,8,15,1,1769933958,2026-02-01 03:21:21
d5d2aebc-158c-43ec-9105-2a779d0245d8,0,0,0,18,1,1769933959,2026-02-01 03:21:21
66ddebce-0aca-11e7-82f6-3863bb44ef7c,24,17,7,1,1,1769933958,2026-02-01 03:21:21
fffb18be-14b3-412f-a808-107a98cd9e58,1,1,0,16,1,1769933958,2026-02-01 03:21:21
6cb5fac5-f7e8-4ec9-94cf-816771d91ecd,14,1,13,9,1,1769933959,2026-02-01 03:21:21
66dc210e-0aca-11e7-82f6-3863bb44ef7c,2,2,0,28,1,1769933959,2026-02-01 03:21:21
b471c112-1770-4dfe-9e13-fe7479dcb5a5,18,0,18,1,1,1769933960,2026-02-01 03:21:21
ce700c09-6095-4b20-ab65-07defdd1a7d7,8,0,8,6,1,1769933960,2026-02-01 03:21:21
61c82689-3f4c-495d-8f44-e71de8f04088,0,0,0,70,0,1769858367,2026-02-01 03:21:21
1815968345907104578,11,1,10,11,1,1769933958,2026-02-01 03:21:21
e63c8dac-ab44-48c8-83a0-92c53a00f12e,0,0,0,26,1,1769933958,2026-02-01 03:21:21
1869754143518014264,18,1,17,14,1,1769933958,2026-02-01 03:21:21
66dc8382-0aca-11e7-82f6-3863bb44ef7c,9,3,6,66,1,1769933904,2026-02-01 03:21:21
66dd9b0f-0aca-11e7-82f6-3863bb44ef7c,11,9,2,25,1,1769933925,2026-02-01 03:21:21
66dbbeda-0aca-11e7-82f6-3863bb44ef7c,21,13,8,53,1,1769933957,2026-02-01 03:21:21
971cddfa-695e-4b44-ba8b-26154ab4a83b,2,0,2,14,1,1769933957,2026-02-01 03:21:21
e3470e29-934c-41f1-8fe7-82135ed2d620,16,3,13,41,1,1769933955,2026-02-01 03:21:21
454fe70c-1d53-4af2-a9ea-1d4bd9f59799,1,1,0,13,1,1769933955,2026-02-01 03:21:21
66dc42a0-0aca-11e7-82f6-3863bb44ef7c,12,8,4,11,1,1769933955,2026-02-01 03:21:21
66dd2292-0aca-11e7-82f6-3863bb44ef7c,26,23,3,17,1,1769933956,2026-02-01 03:21:21
7e70b65e-00c1-40d5-984d-17232a4ee05e,9,5,4,28,1,1769933956,2026-02-01 03:21:21
1960021358478625244,24,16,8,40,1,1769933960,2026-02-01 03:21:21
49703a2d-15e9-4af4-b80e-cca664d7ea18,5,1,4,14,1,1769933961,2026-02-01 03:21:21
4956ad8b-06d6-4af4-bcc8-735c45439608,5,4,1,10,1,1769933956,2026-02-01 03:21:21
66dbf6d2-0aca-11e7-82f6-3863bb44ef7c,9,0,9,20,1,1769933956,2026-02-01 03:21:21
1879828885264130640,7,0,7,6,1,1769933965,2026-02-01 03:21:21
f47c7f15-1c30-4199-a09f-134f0f0f684b,7,1,6,17,1,1769933965,2026-02-01 03:21:21
2025623258130320038,12,1,11,13,1,1769933965,2026-02-01 03:21:21
a4c9faeb-2234-457d-ad56-1ab14104b538,6,2,4,11,1,1769933963,2026-02-01 03:21:21
66ddef2d-0aca-11e7-82f6-3863bb44ef7c,8,1,7,12,1,1769933964,2026-02-01 03:21:21
90fca941-2212-43bf-b104-ce32c4270d4d,1,1,0,17,1,1769933966,2026-02-01 03:21:21
66dccc99-0aca-11e7-82f6-3863bb44ef7c,14,0,13,14,1,1769933967,2026-02-01 03:21:21
2ec2f95c-675c-4c59-856f-1fb38df59fa2,0,0,0,16,1,1769933962,2026-02-01 03:21:21
66dcf30d-0aca-11e7-82f6-3863bb44ef7c,6,2,4,15,1,1769933964,2026-02-01 03:21:21
66db281e-0aca-11e7-82f6-3863bb44ef7c,49,2,47,2,1,1769933964,2026-02-01 03:21:21
1828968082192898522,0,0,0,20,1,1769933964,2026-02-01 03:21:21
324e55da-fec0-43a2-b622-27774381ab7f,1,1,0,16,1,1769933964,2026-02-01 03:21:21
1828968327357059242,8,0,8,11,1,1769933964,2026-02-01 03:21:21
66dd1eb2-0aca-11e7-82f6-3863bb44ef7c,17,3,14,5,1,1769933965,2026-02-01 03:21:21
cb4926e6-0a79-4902-80ee-d365fbf42aec,0,0,0,23,1,1769933962,2026-02-01 03:21:21
bb58e953-4953-4fbe-9ef2-367488dfef9b,3,1,2,14,1,1769933963,2026-02-01 03:21:21
067b53bd-33bf-4698-8103-3931a5f32a37,0,0,0,16,1,1769933961,2026-02-01 03:21:21
fe6f022b-7fdb-44fe-80bb-cbfc500959bf,3,1,2,17,1,1769933971,2026-02-01 03:21:21
178bad16-1b02-4264-94c0-a8fd0faa60fe,0,0,0,25,1,1769933971,2026-02-01 03:21:21
1848241879913802606,9,2,7,1,1,1769933972,2026-02-01 03:21:21
2126224876714496782,3,0,3,2,1,1769933970,2026-02-01 03:21:21
1835247598942507168,1,1,0,16,1,1769933970,2026-02-01 03:21:21
adb67652-c20d-4dd2-8e89-d6015b801c1a,0,0,0,17,1,1769933970,2026-02-01 03:21:21
5d101095-011e-4541-ae64-bed8b52807b3,1,0,1,20,1,1769933970,2026-02-01 03:21:21
66dbc7d2-0aca-11e7-82f6-3863bb44ef7c,6,4,2,24,1,1769933935,2026-02-01 03:21:21
2088792249063596144,15,8,7,6,1,1769933971,2026-02-01 03:21:21
1dba415a-2c46-419e-838d-7e068b8d7d6f,8,1,7,9,1,1769933971,2026-02-01 03:21:21
ee1d39c5-47c8-4527-9456-3719c50b7be5,8,0,8,5,1,1769933971,2026-02-01 03:21:21
66dca5f3-0aca-11e7-82f6-3863bb44ef7c,3,0,3,41,1,1769933967,2026-02-01 03:21:21
1849009794224623642,12,0,12,0,1,1769933967,2026-02-01 03:21:21
66db3e32-0aca-11e7-82f6-3863bb44ef7c,29,0,29,10,1,1769933967,2026-02-01 03:21:21
05d03a63-b5f2-40d9-9a3d-d2fe666a307f,7,0,7,15,1,1769933968,2026-02-01 03:21:21
0efa08a3-1c38-48fe-ab37-8c9b72b20126,14,3,11,2,1,1769933968,2026-02-01 03:21:21
c0f952d9-538e-4836-b936-fa97123cbf13,2,0,2,15,1,1769933973,2026-02-01 03:21:21
af72781c-fe0b-4b73-a7df-201f9780ea9c,0,0,0,5,0,1769927553,2026-02-01 03:21:21
b976906e-81c4-44c5-a160-e17815c0d47b,10,1,9,18,1,1769933973,2026-02-01 03:21:21
941ea42c-47fe-4d63-a6f5-e0e200f01633,6,2,4,10,1,1769933974,2026-02-01 03:21:21
ff1e98d3-ae7d-4c53-a531-1845bee1d346,2,2,0,33,1,1769933974,2026-02-01 03:21:21
57f144cb-375d-4eee-b458-e288116cb8f7,15,3,12,3,1,1769933974,2026-02-01 03:21:21
6fefe1b3-5f0d-47aa-b1dd-cec211239950,1,1,0,20,1,1769933968,2026-02-01 03:21:21
1794096824496960148,28,22,6,8,1,1769933968,2026-02-01 03:21:21
3c5a8531-4eec-4695-b4f8-8a1158890e78,5,3,2,11,1,1769933968,2026-02-01 03:21:21
66dbf362-0aca-11e7-82f6-3863bb44ef7c,20,3,17,22,1,1769933968,2026-02-01 03:21:21
a5bd1f58-7df8-4df6-9636-372f1bc194be,28,5,23,10,1,1769933968,2026-02-01 03:21:21
1828967499459705054,10,0,10,7,1,1769933968,2026-02-01 03:21:21
7c42f9fc-d280-4841-ad96-e3cc53ee3759,9,1,8,12,1,1769933958,2026-02-01 03:21:21
340036c3-2787-4998-9a77-fe54f352d619,2,0,2,16,1,1769933969,2026-02-01 03:21:21
1861682182353914188,8,0,8,10,1,1769933970,2026-02-01 03:21:21
66db43b5-0aca-11e7-82f6-3863bb44ef7c,1,1,0,14,1,1769933972,2026-02-01 03:21:21
4e862dc1-0652-4f29-a26f-315d763df67d,25,8,17,28,1,1769933881,2026-02-01 03:21:21
1846085836152179090,4,1,3,15,1,1769933973,2026-02-01 03:21:21
edc9b877-c311-46b4-a780-59ee7e692324,13,6,7,17,1,1769933968,2026-02-01 03:21:21
66dc4334-0aca-11e7-82f6-3863bb44ef7c,8,4,4,14,1,1769933969,2026-02-01 03:21:21
8ea3301f-6940-4e0f-80f0-7a3e54b2eaa5,6,6,0,10,1,1769933978,2026-02-01 03:21:21
1835246381185208614,2,1,1,19,1,1769933909,2026-02-01 03:21:21
66db28b5-0aca-11e7-82f6-3863bb44ef7c,35,3,32,30,1,1769933979,2026-02-01 03:21:21
1913988158376585970,10,2,8,4,1,1769933978,2026-02-01 03:21:21
3a51a25f-3e9b-4aea-84ee-39e9a3acc7fd,9,0,9,9,1,1769933979,2026-02-01 03:21:21
66de14af-0aca-11e7-82f6-3863bb44ef7c,9,0,9,16,1,1769933977,2026-02-01 03:21:21
66dc0f1b-0aca-11e7-82f6-3863bb44ef7c,51,38,13,2,1,1769933976,2026-02-01 03:21:21
2124037510131026812,9,4,5,7,1,1769933975,2026-02-01 03:21:21
2ad41c1f-5636-4a63-ad52-761e2613061a,2,0,2,17,1,1769933975,2026-02-01 03:21:21
b5861c2d-d687-4308-bf2d-5f69fc28cc4a,17,1,16,3,1,1769933978,2026-02-01 03:21:21
2126624118513887578,7,6,1,0,1,1769933977,2026-02-01 03:21:21
034f7f3d-e632-475a-aa01-894480d153df,5,4,1,9,1,1769933974,2026-02-01 03:21:21
c72970e7-7f1a-4671-bf55-fc34be7c9413,8,0,8,7,1,1769933978,2026-02-01 03:21:21
c9e76fa9-54e2-4161-9798-4787bf04217a,8,0,8,7,1,1769933976,2026-02-01 03:21:21
2123938400844950144,3,0,3,13,1,1769933971,2026-02-01 03:21:21
72719900-dd61-40bd-9f4a-40d70c47590c,15,8,6,5,1,1769933986,2026-02-01 03:21:21
89ff4db3-8a29-4565-a366-6fea4b3afc39,12,3,9,1,1,1769933968,2026-02-01 03:21:21
0cb63737-64c9-42a9-9479-280d49ed015a,6,0,6,13,1,1769933986,2026-02-01 03:21:21
1860189075388547142,1,0,1,17,1,1769933980,2026-02-01 03:21:21
6dec8948-44c7-4085-9682-446a891feb42,8,0,8,6,1,1769933986,2026-02-01 03:21:21
d4c34830-972f-4cd1-81bb-071df209d065,1,0,1,19,1,1769933986,2026-02-01 03:21:21
5b4a4b20-539b-47c1-9228-1f1f124b3ec9,16,1,15,5,1,1769933987,2026-02-01 03:21:21
23539f3b-fb83-4f34-b8b8-9f1f37b5e646,19,0,19,9,1,1769933987,2026-02-01 03:21:21
1835249197527877718,2,1,1,15,1,1769933987,2026-02-01 03:21:21
7b56cbab-9d93-4043-bfa5-63eb6b3e5281,16,10,6,0,1,1769933987,2026-02-01 03:21:21
66dd3cb4-0aca-11e7-82f6-3863bb44ef7c,18,1,17,8,1,1769933987,2026-02-01 03:21:21
7cd61426-ed98-434e-9235-56ed856fead6,2,0,2,16,1,1769933988,2026-02-01 03:21:21
1856767203049599002,5,0,5,7,1,1769933935,2026-02-01 03:21:21
66dd1bf3-0aca-11e7-82f6-3863bb44ef7c,42,11,31,3,1,1769933987,2026-02-01 03:21:21
3c73cc9f-3c09-4ac4-a4ea-22b4f027bf23,9,0,9,11,1,1769933987,2026-02-01 03:21:21
1791188268875152272,29,3,26,8,1,1769933988,2026-02-01 03:21:21
1a92d2d3-ddf1-4f34-b28c-ce7a064b9a3e,10,4,6,7,1,1769933985,2026-02-01 03:21:21
1834145204469569922,6,2,4,13,1,1769933985,2026-02-01 03:21:21
2163290511399492946,5,2,3,2,1,1769933883,2026-02-01 03:21:21
f3eb962c-314a-4431-bac7-2eb2ffbe2fd2,2,0,2,14,1,1769933985,2026-02-01 03:21:21
627c77c0-0088-4ba8-ba66-73e0e3d3fe77,3,0,3,20,1,1769933985,2026-02-01 03:21:21
1817432709747753390,7,0,7,12,1,1769933985,2026-02-01 03:21:21
014a931b-8e1c-438a-8a22-f267ddd1e0d2,37,14,23,3,1,1769933985,2026-02-01 03:21:21
66de0c43-0aca-11e7-82f6-3863bb44ef7c,15,2,13,7,1,1769933986,2026-02-01 03:21:21
a7a175ff-8ffb-477c-a40b-6d47ce92305d,5,1,4,11,1,1769933980,2026-02-01 03:21:21
bda1fab4-5065-42df-a8ff-514e6064ab6e,18,2,16,1,1,1769933980,2026-02-01 03:21:21
9206af28-03bf-43e3-a8b0-354792921466,6,1,5,12,1,1769933980,2026-02-01 03:21:21
f47e1ce9-ff3f-49e9-9a2f-aa5be45d70da,10,1,9,9,1,1769933980,2026-02-01 03:21:21
1817432346178415570,6,0,6,14,1,1769933980,2026-02-01 03:21:21
00d94dfc-3695-47e1-aba6-7f319dd2eb08,2,0,2,19,1,1769933980,2026-02-01 03:21:21
1ecc9936-ee0c-44b2-baa8-237564c8e4fd,27,1,26,5,1,1769933980,2026-02-01 03:21:21
081d243e-d75e-4e2a-bdae-a990b2397532,3,1,2,20,1,1769933983,2026-02-01 03:21:21
46bdd925-fb6c-4654-85d8-e0db4da62abf,8,1,7,19,1,1769933983,2026-02-01 03:21:21
66ddeb67-0aca-11e7-82f6-3863bb44ef7c,10,0,10,6,1,1769933983,2026-02-01 03:21:21
5a5a38d1-f28d-4e51-bf85-27bb384135c7,24,1,23,5,1,1769933983,2026-02-01 03:21:21
1864605926072998676,0,0,0,18,1,1769933984,2026-02-01 03:21:21
7a8bf573-275f-41d5-ad8b-1ff9ee7c2dce,9,0,9,16,1,1769933983,2026-02-01 03:21:21
fcb1c3a3-04b6-45cf-bc9a-deb71198804e,1,1,0,16,1,1769933984,2026-02-01 03:21:21
1945126022626996350,7,2,5,19,1,1769933984,2026-02-01 03:21:21
1792225684155730482,16,15,1,6,1,1769933977,2026-02-01 03:21:21
00284700-9d22-42ce-8485-113fed9879c1,3,2,1,14,1,1769933977,2026-02-01 03:21:21
1d440638-ec50-4ccb-9a82-0e3247a87c63,19,6,13,14,1,1769933985,2026-02-01 03:21:21
66de0a0a-0aca-11e7-82f6-3863bb44ef7c,15,4,11,1,1,1769933980,2026-02-01 03:21:21
1851947582840610924,4,1,3,16,1,1769933981,2026-02-01 03:21:21
66db930d-0aca-11e7-82f6-3863bb44ef7c,7,3,4,19,1,1769933980,2026-02-01 03:21:21
a6492ad5-d13e-48b0-a0d5-08e60ad93e53,49,6,43,4,1,1769933899,2026-02-01 03:21:21
66dcf922-0aca-11e7-82f6-3863bb44ef7c,9,0,9,11,1,1769933981,2026-02-01 03:21:21
1828966490867110420,3,0,3,11,1,1769933982,2026-02-01 03:21:21
2126623405008140358,4,3,1,4,1,1769933982,2026-02-01 03:21:21
66dcc920-0aca-11e7-82f6-3863bb44ef7c,9,2,7,11,1,1769933982,2026-02-01 03:21:21
14391923-6727-4359-92e9-03e0b5094753,20,2,18,16,1,1769933984,2026-02-01 03:21:21
c36cfa58-29fe-4c0c-a14f-41c3463487fd,1,1,0,19,1,1769933993,2026-02-01 03:21:21
66dcba5e-0aca-11e7-82f6-3863bb44ef7c,7,0,7,8,1,1769933993,2026-02-01 03:21:21
1882736243099681438,21,3,18,9,1,1769933994,2026-02-01 03:21:21
ee1ba75f-baf5-4852-929c-8b7ad310f55a,18,9,9,2,1,1769933993,2026-02-01 03:21:21
66ddf310-0aca-11e7-82f6-3863bb44ef7c,2,0,2,28,1,1769933994,2026-02-01 03:21:21
66de4897-0aca-11e7-82f6-3863bb44ef7c,10,0,10,4,1,1769933994,2026-02-01 03:21:21
1835246516012366338,0,0,0,20,1,1769933994,2026-02-01 03:21:21
7d41ac98-df88-497a-aef9-968660e6da0f,14,2,12,17,1,1769933983,2026-02-01 03:21:21
1860188331547447938,1,0,1,16,1,1769933989,2026-02-01 03:21:21
c829b6af-002b-4d04-af56-6924d4ad0aa2,7,1,6,19,1,1769933989,2026-02-01 03:21:21
d7a7789b-a052-4a69-a4ec-59436b0f8d75,7,1,6,8,1,1769933982,2026-02-01 03:21:21
174bf571-e597-463d-84bc-611c4a13d85e,0,0,0,24,1,1769933988,2026-02-01 03:21:21
7e36cd9b-b271-42e5-b344-b7a3771c795e,15,2,13,23,1,1769933989,2026-02-01 03:21:21
f6cf3ecc-b3ad-4291-8c24-277f28f64ba1,10,0,10,6,1,1769933988,2026-02-01 03:21:21
3edec530-4791-4872-8912-2a2397a903a4,37,16,21,10,1,1769933982,2026-02-01 03:21:21
fc5ee04d-710b-45ba-aae0-303b8e95ea89,8,2,6,10,1,1769933990,2026-02-01 03:21:21
66dc89ae-0aca-11e7-82f6-3863bb44ef7c,5,3,2,28,1,1769933990,2026-02-01 03:21:21
8c6cba48-d803-4a90-99f7-e06edcdbbf92,4,3,1,16,1,1769933991,2026-02-01 03:21:21
4bc6f4d0-edd5-4eb0-a704-f7ce0d693aac,1,0,1,17,1,1769933982,2026-02-01 03:21:21
b9b58379-b29a-4fa8-ba72-c647728e1686,12,5,7,6,1,1769933990,2026-02-01 03:21:21
1835250199411134468,5,0,5,17,1,1769933992,2026-02-01 03:21:21
66db3583-0aca-11e7-82f6-3863bb44ef7c,25,12,12,19,1,1769933992,2026-02-01 03:21:21
2fe3e166-2d2f-41c8-b522-fdf8ee3ae16f,6,1,5,9,1,1769933992,2026-02-01 03:21:21
66db3fc9-0aca-11e7-82f6-3863bb44ef7c,16,10,6,10,1,1769933984,2026-02-01 03:21:21
1786696780996714874,2,1,1,15,1,1769933988,2026-02-01 03:21:21
66dce660-0aca-11e7-82f6-3863bb44ef7c,3,0,3,20,1,1769933993,2026-02-01 03:21:21
4cfd4097-0aee-4f11-9aea-55f99397bf33,9,3,6,9,1,1769933993,2026-02-01 03:21:21
66dc4fb5-0aca-11e7-82f6-3863bb44ef7c,22,8,14,11,1,1769933993,2026-02-01 03:21:21
c3b255d8-b690-4825-b1e9-a1d1680e5542,5,0,5,7,1,1769933991,2026-02-01 03:21:21
66dc2606-0aca-11e7-82f6-3863bb44ef7c,12,5,7,61,1,1769933991,2026-02-01 03:21:21
66db3816-0aca-11e7-82f6-3863bb44ef7c,25,6,19,1,1,1769933915,2026-02-01 03:21:21
2126965369631090816,6,4,2,5,1,1769933992,2026-02-01 03:21:21
cda60c6d-80f3-41b7-8ece-fe997f6dafb5,4,0,4,13,1,1769933994,2026-02-01 03:21:21
023127f2-a6e0-4fae-ba34-178acccb993e,1,0,1,16,1,1769933995,2026-02-01 03:21:21
8f3a6711-fd05-4ce1-acf8-9d72b4a1bf97,2,2,0,15,1,1769933995,2026-02-01 03:21:21
60c5a043-1367-4a27-96ee-394ba60e2154,14,5,9,14,1,1769933995,2026-02-01 03:21:21
5fdf435f-6080-4b1d-966c-3b9d08450c4d,7,0,7,12,1,1769933995,2026-02-01 03:21:21
99b7c9a5-9679-417f-b884-21c4b240aa99,6,1,5,12,1,1769933995,2026-02-01 03:21:21
1846086027713733188,11,4,7,4,1,1769933995,2026-02-01 03:21:21
66db9675-0aca-11e7-82f6-3863bb44ef7c,1,0,1,22,1,1769933995,2026-02-01 03:21:21
66db90f1-0aca-11e7-82f6-3863bb44ef7c,17,16,1,39,1,1769933996,2026-02-01 03:21:21
1814907277023901890,17,1,16,0,1,1769933997,2026-02-01 03:21:21
398ebef6-dcc2-4305-b1d2-47efafdaa85c,1,0,1,17,1,1769933996,2026-02-01 03:21:21
7b0227aa-bbf5-4731-a49a-765b4afac483,30,5,25,35,1,1769933996,2026-02-01 03:21:21
18b19467-28ac-4496-b3e4-f6028b1c5105,3,1,2,24,1,1769933997,2026-02-01 03:21:21
1828966227118051662,11,1,10,3,1,1769933997,2026-02-01 03:21:21
1838070940162509196,3,0,3,16,1,1769933997,2026-02-01 03:21:21
11a8d465-b4eb-466b-a6ca-055f73994231,3,0,3,21,1,1769933997,2026-02-01 03:21:21
201edb67-d071-4b67-bafd-131e5c273e9f,14,1,13,3,1,1769933997,2026-02-01 03:21:21
1786686999403592506,1,1,0,25,1,1769933997,2026-02-01 03:21:21
66db5f40-0aca-11e7-82f6-3863bb44ef7c,27,27,0,4,1,1769933998,2026-02-01 03:21:21
2123939242997647892,7,3,4,6,1,1769933997,2026-02-01 03:21:21
6107e75a-2493-4e3d-a3e0-d4886d3416e5,1,0,1,12,1,1769933901,2026-02-01 03:21:21
66dd5960-0aca-11e7-82f6-3863bb44ef7c,15,13,2,5,1,1769933902,2026-02-01 03:21:21
66dd5e69-0aca-11e7-82f6-3863bb44ef7c,8,1,7,8,1,1769933906,2026-02-01 03:21:21
66dd6721-0aca-11e7-82f6-3863bb44ef7c,4,0,4,10,1,1769933911,2026-02-01 03:21:21
1839334257267825432,2,1,1,9,1,1769933924,2026-02-01 03:21:21
537a2f47-26a3-4776-ba9d-e2acd2ffbee1,4,1,3,1,1,1769933917,2026-02-01 03:21:21
7478be11-37d8-49b1-a253-f0810045f6ff,11,6,5,8,1,1769933938,2026-02-01 03:21:21
f417d8da-0f15-49b0-9e3c-3c3e55c2691d,13,5,8,5,1,1769933932,2026-02-01 03:21:21
2de92329-48d0-4cf7-85df-172f91bbb320,9,8,1,17,1,1769933931,2026-02-01 03:21:21
2116635993049651742,5,1,4,7,1,1769933949,2026-02-01 03:21:21
4a48175b-c239-4d5e-b1b8-03eda4239678,21,1,20,4,1,1769933955,2026-02-01 03:21:21
681a8bdb-65ff-4078-a5de-74927502da4e,12,2,10,2,1,1769933951,2026-02-01 03:21:21
3d1db3fa-1df5-46c8-baf3-619b729f5bda,2,0,2,16,1,1769933953,2026-02-01 03:21:21
2116636101124803154,11,1,10,3,1,1769933963,2026-02-01 03:21:21
e163ce54-4c39-43c5-9831-e10a2603527d,12,0,12,8,1,1769933969,2026-02-01 03:21:21
2108372562172578194,9,9,0,8,1,1769933881,2026-02-01 03:21:21
66ddda59-0aca-11e7-82f6-3863bb44ef7c,9,1,8,4,1,1769933982,2026-02-01 03:21:21
d09709d2-e119-48c4-aa22-29432a13a35a,4,4,0,1,1,1769933990,2026-02-01 03:21:21
66dd8479-0aca-11e7-82f6-3863bb44ef7c,11,7,4,11,1,1769933990,2026-02-01 03:21:21
2116635307734817684,5,4,1,9,1,1769933994,2026-02-01 03:21:21
66dddc98-0aca-11e7-82f6-3863bb44ef7c,0,0,0,1,0,1769849333,2026-02-01 03:21:21
66dd8043-0aca-11e7-82f6-3863bb44ef7c,0,0,0,11,0,1769868697,2026-02-01 03:21:21
2108372790290481846,2,1,1,11,1,1769933948,2026-02-01 03:21:21
66dd7cab-0aca-11e7-82f6-3863bb44ef7c,3,2,1,21,1,1769933991,2026-02-01 03:21:21
a59f4f11-5d52-43a2-8a32-ae71137a6af8,0,0,0,5,0,1769905143,2026-02-01 03:21:21
e2c00264-9eea-446d-a1b7-27cef3aed403,1,1,0,10,1,1769933950,2026-02-01 03:21:21
66dddae7-0aca-11e7-82f6-3863bb44ef7c,7,0,7,7,1,1769933951,2026-02-01 03:21:21
3742e2ab-6cd0-40cf-846a-72cbe637afe1,12,2,10,13,1,1769933949,2026-02-01 03:21:21
66dd83fc-0aca-11e7-82f6-3863bb44ef7c,10,0,10,9,1,1769933959,2026-02-01 03:21:21
66dd9183-0aca-11e7-82f6-3863bb44ef7c,3,1,2,9,1,1769933907,2026-02-01 03:21:21
66dd650d-0aca-11e7-82f6-3863bb44ef7c,3,1,2,12,1,1769933908,2026-02-01 03:21:21
0bb12c94-efdb-40ac-98fe-9521ba373b57,1,0,1,28,1,1769933886,2026-02-01 03:21:21
915057d4-edbc-4c73-8d81-dda33d600d58,5,0,5,10,1,1769933910,2026-02-01 03:21:21
66ddded0-0aca-11e7-82f6-3863bb44ef7c,5,2,3,5,1,1769933967,2026-02-01 03:21:21
66ddde40-0aca-11e7-82f6-3863bb44ef7c,7,1,6,7,1,1769933970,2026-02-01 03:21:21
f841ae52-0bbb-49db-b6eb-f898fbce6108,6,4,2,11,1,1769933970,2026-02-01 03:21:21
43318169-d1ae-4a1a-9578-23cfa3fdbac9,2,0,2,15,1,1769933970,2026-02-01 03:21:21
21c4a77d-b1ae-4262-b143-087fd14a07b8,7,0,7,7,1,1769933980,2026-02-01 03:21:21
ded4386f-9f69-43c6-a566-4511920c3e39,0,0,0,0,0,1769933938,2026-02-01 03:21:21
2036428272250118978,15,9,6,4,1,1769933940,2026-02-01 03:21:21
66dd836d-0aca-11e7-82f6-3863bb44ef7c,4,4,0,15,1,1769933941,2026-02-01 03:21:21
c32d6965-4fae-4f1f-a5f2-7f2ef5f439fc,0,0,0,17,1,1769933989,2026-02-01 03:21:21
823c0615-2832-4e76-85f0-7cf527151aba,0,0,0,0,0,86400,2026-02-01 03:21:21
33a797e8-6be2-4868-b9f6-1be157eaa0a5,2,1,1,17,1,1769933927,2026-02-01 03:21:21
66dd7f10-0aca-11e7-82f6-3863bb44ef7c,25,24,1,0,1,1769933933,2026-02-01 03:21:21
2290031f-e7d8-40a3-9ad6-566df493bbbc,27,3,24,12,1,1769933937,2026-02-01 03:21:21
655b0878-c22b-4f8c-8675-21bf30d1eebf,11,3,8,1,1,1769933939,2026-02-01 03:21:21
5f798c51-5d8b-4add-9f81-341f54a82ffa,4,2,2,13,1,1769933937,2026-02-01 03:21:21
66dd630c-0aca-11e7-82f6-3863bb44ef7c,12,8,4,4,1,1769933941,2026-02-01 03:21:21
1ec24ce3-2b69-4f3a-a153-c73e583d11f3,1,1,0,15,1,1769933948,2026-02-01 03:21:21
fadf00cf-d84a-49e8-9607-c67154915412,0,0,0,9,0,1769467520,2026-02-01 03:21:21
66dd5f99-0aca-11e7-82f6-3863bb44ef7c,14,2,12,4,1,1769933899,2026-02-01 03:21:21
66ddd78e-0aca-11e7-82f6-3863bb44ef7c,8,1,7,2,1,1769933906,2026-02-01 03:21:21
1849747691035224144,11,4,7,1,1,1769933916,2026-02-01 03:21:21
2058728861810389252,5,1,4,15,1,1769933956,2026-02-01 03:21:21
66dd63de-0aca-11e7-82f6-3863bb44ef7c,8,5,3,8,1,1769933961,2026-02-01 03:21:21
22cd02a2-228f-4eeb-b249-cbea51a0e219,8,1,7,9,1,1769933966,2026-02-01 03:21:21
ccfa1f8f-f930-45f2-9cda-375c01596ca2,1,1,0,17,1,1769933968,2026-02-01 03:21:21
2157737368545384190,0,0,0,15,1,1769933982,2026-02-01 03:21:21
66dd58f2-0aca-11e7-82f6-3863bb44ef7c,0,0,0,1,0,1769894980,2026-02-01 03:21:21
2116635868495600156,4,3,1,6,1,1769933983,2026-02-01 03:21:21
2116635417524034072,1,0,1,10,1,1769933963,2026-02-01 03:21:21
8ae0bf30-9979-461e-a947-2dd89f293b40,6,0,6,4,1,1769933975,2026-02-01 03:21:21
2116635185595800086,3,1,2,8,1,1769933847,2026-02-01 03:21:21
dd8b2f53-8b94-4082-9576-994a4962f9d5,0,0,0,17,1,1769933995,2026-02-01 03:21:21
2108373096850688302,0,0,0,13,1,1769933823,2026-02-01 03:21:21
2108372139456801688,9,6,3,6,1,1769933998,2026-02-01 03:21:21
2165507807810224012,2,2,0,14,1,1769933815,2026-02-01 03:21:21
66dd7fe2-0aca-11e7-82f6-3863bb44ef7c,14,3,11,5,1,1769933893,2026-02-01 03:21:21
66dd80ac-0aca-11e7-82f6-3863bb44ef7c,4,1,3,15,1,1769933911,2026-02-01 03:21:21
66dd6000-0aca-11e7-82f6-3863bb44ef7c,12,0,12,5,1,1769933921,2026-02-01 03:21:21
2108372029596633484,5,0,5,6,1,1769933918,2026-02-01 03:21:21
2158919319277979600,3,2,1,9,1,1769933945,2026-02-01 03:21:21
66dd7b37-0aca-11e7-82f6-3863bb44ef7c,10,1,9,15,1,1769933948,2026-02-01 03:21:21
66dddf5f-0aca-11e7-82f6-3863bb44ef7c,5,5,0,6,1,1769933953,2026-02-01 03:21:21
66ddd81a-0aca-11e7-82f6-3863bb44ef7c,2,1,1,8,1,1769933964,2026-02-01 03:21:21
66dd8b48-0aca-11e7-82f6-3863bb44ef7c,1,1,0,15,1,1769933961,2026-02-01 03:21:21
2157736614125310040,6,5,1,7,1,1769933968,2026-02-01 03:21:21
4aecd6f2-8a84-4bed-a528-dc6870877292,1,1,0,13,1,1769933989,2026-02-01 03:21:21
66dd6441-0aca-11e7-82f6-3863bb44ef7c,3,1,2,8,1,1769933992,2026-02-01 03:21:21
2108373197827738014,8,2,6,11,1,1769933986,2026-02-01 03:21:21
1844599666569400604,13,7,6,7,1,1769933986,2026-02-01 03:21:21
3371df76-39db-43ab-b3d6-fac0be55311f,2,0,2,11,1,1769933996,2026-02-01 03:21:21
2116885281736356212,4,0,4,8,1,1769933971,2026-02-01 03:21:21
66dd5a42-0aca-11e7-82f6-3863bb44ef7c,17,10,7,3,1,1769933881,2026-02-01 03:21:21
9d344652-976b-4c2d-bede-2ef19b0fbf13,6,4,2,11,1,1769933889,2026-02-01 03:21:21
66dddd28-0aca-11e7-82f6-3863bb44ef7c,8,4,4,3,1,1769933897,2026-02-01 03:21:21
66dddc08-0aca-11e7-82f6-3863bb44ef7c,9,2,7,2,1,1769933920,2026-02-01 03:21:21
66ddd93e-0aca-11e7-82f6-3863bb44ef7c,4,0,4,10,1,1769933920,2026-02-01 03:21:21
581211b2-4e42-48f2-8a8f-5f968cb1c5df,2,1,1,22,1,1769933965,2026-02-01 03:21:21
2116634708854430228,10,2,8,4,1,1769933964,2026-02-01 03:21:21
2116636221383887448,15,0,15,3,1,1769933972,2026-02-01 03:21:21
5aa81a37-ea1d-4bf6-ab40-4751c6b4fb08,8,3,5,8,1,1769933970,2026-02-01 03:21:21
2116635527663355916,0,0,0,11,1,1769933973,2026-02-01 03:21:21
2108372903577159978,6,4,2,8,1,1769933973,2026-02-01 03:21:21
2108372356498784942,7,0,7,7,1,1769933932,2026-02-01 03:21:21
66ddddb4-0aca-11e7-82f6-3863bb44ef7c,10,2,8,4,1,1769933930,2026-02-01 03:21:21
b6a13f2b-deb4-4f4d-9d67-7d23bee27c88,6,5,1,7,1,1769933979,2026-02-01 03:21:21
66ddd8a8-0aca-11e7-82f6-3863bb44ef7c,3,1,2,9,1,1769933984,2026-02-01 03:21:21
cbc48689-7805-49dd-9669-5471f4b7b6fb,8,1,7,13,1,1769933946,2026-02-01 03:21:21
2088688422524183306,17,5,12,15,1,1769933947,2026-02-01 03:21:21
46813ecf-8df4-4c8f-9579-0179e0b36ba6,3,1,2,12,1,1769933957,2026-02-01 03:21:21
66dd5f24-0aca-11e7-82f6-3863bb44ef7c,12,1,11,7,1,1769933986,2026-02-01 03:21:21
5faf99b8-9046-450f-9d2a-d13279b3d016,19,14,5,10,1,1769933989,2026-02-01 03:21:21
2108373961268485100,4,0,4,10,1,1769933990,2026-02-01 03:21:21
bd6f422b-d7ae-4d7e-9261-653fdd8e6888,23,9,14,3,1,1769933994,2026-02-01 03:21:21
519824e4-69ba-4270-a395-17c204f328f8,7,4,3,12,1,1769933999,2026-02-01 03:21:21
